 0.00000000e+00  0.00000000e+00  0.00000000e+00  0.00000000e+00  0.00000000e+00  0.00000000e+00  0.00000000e+00  1.13606618e-10  0.00000000e+00  2.57454303e-04  0.00000000e+00  2.57454303e-04 
 2.66700000e-08  5.02717654e-05  2.66700000e-08  2.25043709e-06  2.66700000e-08 -5.20368922e-12  2.66700000e-08  1.13606618e-10  2.66700000e-08  2.57454303e-04  2.66700000e-08  2.57454303e-04 
 2.79773703e-08  5.27361003e-05  2.79773703e-08  2.36616165e-06  2.79773703e-08 -5.47192282e-12  2.79773703e-08  1.13606618e-10  2.79773703e-08  2.57454303e-04  2.79773703e-08  2.57454303e-04 
 3.05921109e-08  5.76647702e-05  3.05921109e-08  2.60842555e-06  3.05921109e-08 -6.03603098e-12  3.05921109e-08  1.13606618e-10  3.05921109e-08  2.57454303e-04  3.05921109e-08  2.57454303e-04 
 3.58215922e-08  6.75221100e-05  3.58215922e-08  3.15783825e-06  3.58215922e-08 -7.34768885e-12  3.58215922e-08  1.13606618e-10  3.58215922e-08  2.57454303e-04  3.58215922e-08  2.57454303e-04 
 4.62805547e-08  8.72367892e-05  4.62805547e-08  4.51616549e-06  4.62805547e-08 -1.09095691e-11  4.62805547e-08  1.13606618e-10  4.62805547e-08  2.57454303e-04  4.62805547e-08  2.57454303e-04 
 6.60777396e-08  1.24553601e-04  6.60777396e-08  8.03430634e-06  6.60777396e-08 -2.29407170e-11  6.60777396e-08  1.13606618e-10  6.60777396e-08  2.57454303e-04  6.60777396e-08  2.57454303e-04 
 8.83613117e-08  1.66557140e-04  8.83613117e-08  1.34763441e-05  8.83613117e-08 -4.96634206e-11  8.83613117e-08  1.13606618e-10  8.83613117e-08  2.57454303e-04  8.83613117e-08  2.57454303e-04 
 1.26151648e-07  2.37790229e-04  1.26151648e-07  2.62911592e-05  1.26151648e-07 -1.55857090e-10  1.26151648e-07  1.13606618e-10  1.26151648e-07  2.57454303e-04  1.26151648e-07  2.57454303e-04 
 1.92486503e-07  3.62828421e-04  1.92486503e-07  5.96844102e-05  1.92486503e-07 -7.30693229e-10  1.92486503e-07  1.13606618e-10  1.92486503e-07  2.57454303e-04  1.92486503e-07  2.57454303e-04 
 3.25156213e-07  6.12904595e-04  3.25156213e-07  1.68051981e-04  3.25156213e-07 -5.75152695e-09  3.25156213e-07  1.13606618e-10  3.25156213e-07  2.57454303e-04  3.25156213e-07  2.57454303e-04 
 5.90495633e-07  1.11305549e-03  5.90495633e-07  5.50498391e-04  5.90495633e-07 -6.33799118e-08  5.90495633e-07  1.13606618e-10  5.90495633e-07  2.57454303e-04  5.90495633e-07  2.57454303e-04 
 9.05469038e-07  1.70675972e-03  9.05469038e-07  1.28986757e-03  9.05469038e-07 -3.28686411e-07  9.05469038e-07  1.13606618e-10  9.05469038e-07  2.57454303e-04  9.05469038e-07  2.57454303e-04 
 1.37880927e-06  2.59896173e-03  1.37880927e-06  2.97880383e-03  1.37880927e-06 -1.72524953e-06  1.37880927e-06  1.13606618e-10  1.37880927e-06  2.57454303e-04  1.37880927e-06  2.57454303e-04 
 2.05951692e-06  3.88198960e-03  2.05951692e-06  6.61070331e-03  2.05951692e-06 -8.44508352e-06  2.05951692e-06  1.13606618e-10  2.05951692e-06  2.57454303e-04  2.05951692e-06  2.57454303e-04 
 2.83403285e-06  5.34174376e-03  2.83403285e-06  1.24453230e-02  2.83403285e-06 -2.94204600e-05  2.83403285e-06  1.13606618e-10  2.83403285e-06  2.57454303e-04  2.83403285e-06  2.57454303e-04 
 3.88851203e-06  7.32894330e-03  3.88851203e-06  2.32458150e-02  3.88851203e-06 -1.02551888e-04  3.88851203e-06  1.13606618e-10  3.88851203e-06  2.57454303e-04  3.88851203e-06  2.57454303e-04 
 5.26003926e-06  9.91313551e-03  5.26003926e-06  4.21055282e-02  5.26003926e-06 -3.38117582e-04  5.26003926e-06  1.13606618e-10  5.26003926e-06  2.57454303e-04  5.26003926e-06  2.57454303e-04 
 7.12292896e-06  1.34219231e-02  7.12292896e-06  7.61555219e-02  7.12292896e-06 -1.12093954e-03  7.12292896e-06  1.13606618e-10  7.12292896e-06  2.57454303e-04  7.12292896e-06  2.57454303e-04 
 9.62565653e-06  1.81328760e-02  9.62565653e-06  1.36542800e-01  9.62565653e-06 -3.67521842e-03  9.62565653e-06  1.13606618e-10  9.62565653e-06  2.57454303e-04  9.62565653e-06  2.57454303e-04 
 1.22926565e-05  2.31480804e-02  1.22926565e-05  2.18449229e-01  1.22926565e-05 -9.52689436e-03  1.22926565e-05  1.13606618e-10  1.22926565e-05  2.57454303e-04  1.22926565e-05  2.57454303e-04 
 1.49596565e-05  2.81567849e-02  1.49596565e-05  3.17431482e-01  1.49596565e-05 -2.03766392e-02  1.49596565e-05  1.13606618e-10  1.49596565e-05  2.57454303e-04  1.49596565e-05  2.57454303e-04 
 1.76266565e-05  3.31575830e-02  1.76266565e-05  4.32472986e-01  1.76266565e-05 -3.83961355e-02  1.76266565e-05  1.13606618e-10  1.76266565e-05  2.57454303e-04  1.76266565e-05  2.57454303e-04 
 2.02936565e-05  3.81490705e-02  2.02936565e-05  5.62609708e-01  2.02936565e-05 -6.60857381e-02  2.02936565e-05  1.13606618e-10  2.02936565e-05  2.57454303e-04  2.02936565e-05  2.57454303e-04 
 2.29606565e-05  4.31298458e-02  2.29606565e-05  7.06927134e-01  2.29606565e-05 -1.06246294e-01  2.29606565e-05  1.13606618e-10  2.29606565e-05  2.57454303e-04  2.29606565e-05  2.57454303e-04 
 2.56276565e-05  4.80985102e-02  2.56276565e-05  8.64557426e-01  2.56276565e-05 -1.61952599e-01  2.56276565e-05  1.13606618e-10  2.56276565e-05  2.57454303e-04  2.56276565e-05  2.57454303e-04 
 2.82946565e-05  5.30536687e-02  2.82946565e-05  1.03467674e+00  2.82946565e-05 -2.36528388e-01  2.82946565e-05  1.13606618e-10  2.82946565e-05  2.57454303e-04  2.82946565e-05  2.57454303e-04 
 3.09616565e-05  5.79939297e-02  3.09616565e-05  1.21650271e+00  3.09616565e-05 -3.33522792e-01  3.09616565e-05  1.13606618e-10  3.09616565e-05  2.57454303e-04  3.09616565e-05  2.57454303e-04 
 3.36286565e-05  6.29179060e-02  3.36286565e-05  1.40929207e+00  3.36286565e-05 -4.56688150e-01  3.36286565e-05  1.13606618e-10  3.36286565e-05  2.57454303e-04  3.36286565e-05  2.57454303e-04 
 3.62956565e-05  6.78242151e-02  3.62956565e-05  1.61233840e+00  3.62956565e-05 -6.09959118e-01  3.62956565e-05  1.13606618e-10  3.62956565e-05  2.57454303e-04  3.62956565e-05  2.57454303e-04 
 3.89626565e-05  7.27114792e-02  3.89626565e-05  1.82497005e+00  3.89626565e-05 -7.97433001e-01  3.89626565e-05  1.13606618e-10  3.89626565e-05  2.57454303e-04  3.89626565e-05  2.57454303e-04 
 4.16296565e-05  7.75783260e-02  4.16296565e-05  2.04654813e+00  4.16296565e-05 -1.02335122e+00  4.16296565e-05  1.13606618e-10  4.16296565e-05  2.57454303e-04  4.16296565e-05  2.57454303e-04 
 4.42966565e-05  8.24233889e-02  4.42966565e-05  2.27646466e+00  4.42966565e-05 -1.29208187e+00  4.42966565e-05  1.13606618e-10  4.42966565e-05  2.57454303e-04  4.42966565e-05  2.57454303e-04 
 4.69636565e-05  8.72453074e-02  4.69636565e-05  2.51414082e+00  4.69636565e-05 -1.60810330e+00  4.69636565e-05  1.13606618e-10  4.69636565e-05  2.57454303e-04  4.69636565e-05  2.57454303e-04 
 4.96306565e-05  9.20427275e-02  4.96306565e-05  2.75902527e+00  4.96306565e-05 -1.97598864e+00  4.96306565e-05  1.13606618e-10  4.96306565e-05  2.57454303e-04  4.96306565e-05  2.57454303e-04 
 5.22976565e-05  9.68143020e-02  5.22976565e-05  3.01059260e+00  5.22976565e-05 -2.40039127e+00  5.22976565e-05  1.13606618e-10  5.22976565e-05  2.57454303e-04  5.22976565e-05  2.57454303e-04 
 5.49646565e-05  1.01558691e-01  5.49646565e-05  3.26834188e+00  5.49646565e-05 -2.88603109e+00  5.49646565e-05  1.13606618e-10  5.49646565e-05  2.57454303e-04  5.49646565e-05  2.57454303e-04 
 5.76316565e-05  1.06274563e-01  5.76316565e-05  3.53179528e+00  5.76316565e-05 -3.43768165e+00  5.76316565e-05  1.13606618e-10  5.76316565e-05  2.57454303e-04  5.76316565e-05  2.57454303e-04 
 6.02986565e-05  1.10960593e-01  6.02986565e-05  3.80049674e+00  6.02986565e-05 -4.06015800e+00  6.02986565e-05  1.13606618e-10  6.02986565e-05  2.57454303e-04  6.02986565e-05  2.57454303e-04 
 6.29656565e-05  1.15615465e-01  6.29656565e-05  4.07401080e+00  6.29656565e-05 -4.75830533e+00  6.29656565e-05  1.13606618e-10  6.29656565e-05  2.57454303e-04  6.29656565e-05  2.57454303e-04 
 6.56326565e-05  1.20237872e-01  6.56326565e-05  4.35192139e+00  6.56326565e-05 -5.53698815e+00  6.56326565e-05  1.13606618e-10  6.56326565e-05  2.57454303e-04  6.56326565e-05  2.57454303e-04 
 6.82996565e-05  1.24826517e-01  6.82996565e-05  4.63383079e+00  6.82996565e-05 -6.40108027e+00  6.82996565e-05  1.13606617e-10  6.82996565e-05  2.57454304e-04  6.82996565e-05  2.57454304e-04 
 7.09666565e-05  1.29380111e-01  7.09666565e-05  4.91935863e+00  7.09666565e-05 -7.35545528e+00  7.09666565e-05  1.13606615e-10  7.09666565e-05  2.57454307e-04  7.09666565e-05  2.57454307e-04 
 7.36336565e-05  1.33897375e-01  7.36336565e-05  5.20814086e+00  7.36336565e-05 -8.40497762e+00  7.36336565e-05  1.13606607e-10  7.36336565e-05  2.57454316e-04  7.36336565e-05  2.57454316e-04 
 7.63006565e-05  1.38377040e-01  7.63006565e-05  5.49982892e+00  7.63006565e-05 -9.55449423e+00  7.63006565e-05  1.13606581e-10  7.63006565e-05  2.57454346e-04  7.63006565e-05  2.57454346e-04 
 7.89676565e-05  1.42817850e-01  7.89676565e-05  5.79408887e+00  7.89676565e-05 -1.08088266e+01  7.89676565e-05  1.13606499e-10  7.89676565e-05  2.57454439e-04  7.89676565e-05  2.57454439e-04 
 8.16346565e-05  1.47218556e-01  8.16346565e-05  6.09060057e+00  8.16346565e-05 -1.21727635e+01  8.16346565e-05  1.13606238e-10  8.16346565e-05  2.57454736e-04  8.16346565e-05  2.57454734e-04 
 8.43016565e-05  1.51577924e-01  8.43016565e-05  6.38905697e+00  8.43016565e-05 -1.36510539e+01  8.43016565e-05  1.13605405e-10  8.43016565e-05  2.57455674e-04  8.43016565e-05  2.57455668e-04 
 8.69686565e-05  1.55894728e-01  8.69686565e-05  6.68916338e+00  8.69686565e-05 -1.52484005e+01  8.69686565e-05  1.13602748e-10  8.69686565e-05  2.57458646e-04  8.69686565e-05  2.57458628e-04 
 8.96356565e-05  1.60167758e-01  8.96356565e-05  6.99063681e+00  8.96356565e-05 -1.69694537e+01  8.96356565e-05  1.13594284e-10  8.96356565e-05  2.57468057e-04  8.96356565e-05  2.57468002e-04 
 9.23026565e-05  1.64395812e-01  9.23026565e-05  7.29320536e+00  9.23026565e-05 -1.88188057e+01  9.23026565e-05  1.13567332e-10  9.23026565e-05  2.57497856e-04  9.23026565e-05  2.57497682e-04 
 9.49696565e-05  1.68577704e-01  9.49696565e-05  7.59660761e+00  9.49696565e-05 -2.08009854e+01  9.49696565e-05  1.13481553e-10  9.49696565e-05  2.57592189e-04  9.49696565e-05  2.57591641e-04 
 9.76366565e-05  1.72712260e-01  9.76366565e-05  7.90059211e+00  9.76366565e-05 -2.29204529e+01  9.76366565e-05  1.13208675e-10  9.76366565e-05  2.57890767e-04  9.76366565e-05  2.57889036e-04 
 1.00303657e-04  1.76798319e-01  1.00303657e-04  8.20491683e+00  1.00303657e-04 -2.51815953e+01  1.00303657e-04  1.12341008e-10  1.00303657e-04  2.58835670e-04  1.00303657e-04  2.58830198e-04 
 1.02970657e-04  1.80834732e-01  1.02970657e-04  8.50934868e+00  1.02970657e-04 -2.75887222e+01  1.02970657e-04  1.09583266e-10  1.02970657e-04  2.61825528e-04  1.02970657e-04  2.61808241e-04 
 1.05637657e-04  1.84820368e-01  1.05637657e-04  8.81366305e+00  1.05637657e-04 -3.01460611e+01  1.05637657e-04  1.00821773e-10  1.05637657e-04  2.71284680e-04  1.05637657e-04  2.71230068e-04 
 1.08304657e-04  1.88754106e-01  1.08304657e-04  9.11764341e+00  1.08304657e-04 -3.28577543e+01  1.08304657e-04  7.29966332e-11  1.08304657e-04  3.01206946e-04  1.08304657e-04  3.01034432e-04 
 1.10971657e-04  1.92634842e-01  1.10971657e-04  9.42108088e+00  1.10971657e-04 -3.57278548e+01  1.10971657e-04 -1.53399251e-11  1.10971657e-04  3.95848086e-04  1.10971657e-04  3.95303165e-04 
 1.13638657e-04  1.96461486e-01  1.13638657e-04  9.72377385e+00  1.13638657e-04 -3.87603230e+01  1.13638657e-04 -2.95687091e-10  1.13638657e-04  6.95151085e-04  1.13638657e-04  6.93429944e-04 
 1.16305657e-04  2.00232965e-01  1.16305657e-04  1.00255276e+01  1.16305657e-04 -4.19590239e+01  1.16305657e-04 -1.18511869e-09  1.16305657e-04  1.64158452e-03  1.16305657e-04  1.63614862e-03 
 1.18972657e-04  2.03948218e-01  1.18972657e-04  1.03261542e+01  1.18972657e-04 -4.53277238e+01  1.18972657e-04 -4.00608058e-09  1.18972657e-04  4.63398132e-03  1.18972657e-04  4.61681405e-03 
 1.21639657e-04  2.07606202e-01  1.21639657e-04  1.06254716e+01  1.21639657e-04 -4.88700880e+01  1.21639657e-04 -1.29506053e-08  1.21639657e-04  1.40941849e-02  1.21639657e-04  1.40399715e-02 
 1.24306657e-04  2.11205891e-01  1.24306657e-04  1.09233042e+01  1.24306657e-04 -5.25896780e+01  1.24306657e-04 -4.13036283e-08  1.24306657e-04  4.39986455e-02  1.24306657e-04  4.38274520e-02 
 1.26973657e-04  2.14746274e-01  1.26973657e-04  1.12194818e+01  1.26973657e-04 -5.64899495e+01  1.26973657e-04 -1.31156047e-07  1.26973657e-04  1.38519485e-01  1.26973657e-04  1.37978924e-01 
 1.29640657e-04  2.18226356e-01  1.29640657e-04  1.15138397e+01  1.29640657e-04 -6.05742500e+01  1.29640657e-04 -4.15834342e-07  1.29640657e-04  4.37248291e-01  1.29640657e-04  4.35541498e-01 
 1.32307657e-04  2.21645160e-01  1.32307657e-04  1.18062186e+01  1.32307657e-04 -6.48458170e+01  1.32307657e-04 -1.31756873e-06  1.32307657e-04  1.38127943e+00  1.32307657e-04  1.37589058e+00 
 1.34974657e-04  2.25001726e-01  1.34974657e-04  1.20964639e+01  1.34974657e-04 -6.93077763e+01  1.34974657e-04 -4.17323734e-06  1.34974657e-04  4.36430438e+00  1.34974657e-04  4.34729106e+00 
 1.37641657e-04  2.28295112e-01  1.37641657e-04  1.23844260e+01  1.37641657e-04 -7.39631400e+01  1.37641657e-04 -1.32148681e-05  1.37641657e-04  1.37895009e+01  1.37641657e-04  1.37357899e+01 
 1.40308657e-04  2.31524394e-01  1.40308657e-04  1.26699598e+01  1.40308657e-04 -7.88148054e+01  1.40308657e-04 -4.18368777e-05  1.40308657e-04  4.35670140e+01  1.40308657e-04  4.33974561e+01 
 1.42975657e-04  2.34688663e-01  1.42975657e-04  1.29529245e+01  1.42975657e-04 -8.38655535e+01  1.42975657e-04 -1.32425202e-04  1.42975657e-04  1.37637284e+02  1.42975657e-04  1.37102037e+02 
 1.45642657e-04  2.37787032e-01  1.45642657e-04  1.32331837e+01  1.45642657e-04 -8.91180476e+01  1.45642657e-04 -4.19085256e-04  1.45642657e-04  4.34792743e+02  1.45642657e-04  4.33103186e+02 
 1.48309657e-04  2.40818630e-01  1.48309657e-04  1.35106048e+01  1.48309657e-04 -9.45748326e+01  1.48309657e-04 -1.32604676e-03  1.48309657e-04  1.37339963e+03  1.48309657e-04  1.36806660e+03 
 1.50976657e-04  2.43782607e-01  1.50976657e-04  1.37850595e+01  1.50976657e-04 -1.00238333e+02  1.50976657e-04 -4.19511522e-03  1.50976657e-04  4.33791531e+03  1.50976657e-04  4.32108238e+03 
 1.53643657e-04  2.46678131e-01  1.53643657e-04  1.40564228e+01  1.53643657e-04 -1.06110855e+02  1.53643657e-04 -1.32697012e-02  1.53643657e-04  1.37004834e+04  1.53643657e-04  1.36473547e+04 
 1.56310657e-04  2.49504387e-01  1.56310657e-04  1.43245735e+01  1.56310657e-04 -1.12194580e+02  1.56310657e-04 -4.19675830e-02  1.56310657e-04  4.32675765e+04  1.56310657e-04  4.30998957e+04 
 1.58977657e-04  2.52260582e-01  1.58977657e-04  1.45893941e+01  1.58977657e-04 -1.18491570e+02  1.58977657e-04 -1.32710573e-01  1.58977657e-04  1.36635093e+05  1.58977657e-04  1.36105890e+05 
 1.61644657e-04  2.54945943e-01  1.61644657e-04  1.48507702e+01  1.61644657e-04 -1.25003764e+02  1.61644657e-04 -4.19603264e-01  1.61644657e-04  4.31455545e+05  1.61644657e-04  4.29785424e+05 
 1.64311657e-04  2.57559715e-01  1.64311657e-04  1.51085907e+01  1.64311657e-04 -1.31732978e+02  1.64311657e-04 -1.32652918e+00  1.64311657e-04  1.36233848e+06  1.64311657e-04  1.35706789e+06 
 1.66978657e-04  2.60101165e-01  1.66978657e-04  1.53627479e+01  1.66978657e-04 -1.38680904e+02  1.66978657e-04 -4.19316623e+00  1.66978657e-04  4.30140351e+06  1.66978657e-04  4.28477099e+06 
 1.69645657e-04  2.62569579e-01  1.69645657e-04  1.56131369e+01  1.69645657e-04 -1.45849110e+02  1.69645657e-04 -1.32530927e+01  1.69645657e-04  1.35803984e+07  1.69645657e-04  1.35279123e+07 
 1.72312657e-04  2.64964263e-01  1.72312657e-04  1.58596559e+01  1.72312657e-04 -1.53239042e+02  1.72312657e-04 -4.18836673e+01  1.72312657e-04  4.28738948e+07  1.72312657e-04  4.27082728e+07 
 1.74979657e-04  2.67284546e-01  1.74979657e-04  1.61022061e+01  1.74979657e-04 -1.60852020e+02  1.74979657e-04 -1.32350866e+02  1.74979657e-04  1.35348162e+08  1.74979657e-04  1.34825549e+08 
 1.77646657e-04  2.69529776e-01  1.77646657e-04  1.63406914e+01  1.77646657e-04 -1.68689241e+02  1.77646657e-04 -4.18182330e+02  1.77646657e-04  4.27259418e+08  1.77646657e-04  4.25610379e+08 
 1.80313657e-04  2.71699321e-01  1.80313657e-04  1.65750184e+01  1.80313657e-04 -1.76751777e+02  1.80313657e-04 -1.32118444e+03  1.80313657e-04  1.34868836e+09  1.80313657e-04  1.34348515e+09 
 1.82980657e-04  2.73792574e-01  1.82980657e-04  1.68050967e+01  1.82980657e-04 -1.85040577e+02  1.82980657e-04 -4.17370818e+03  1.82980657e-04  4.25709214e+09  1.82980657e-04  4.24067487e+09 
 1.85647657e-04  2.75808946e-01  1.85647657e-04  1.70308380e+01  1.85647657e-04 -1.93556465e+02  1.85647657e-04 -1.31838860e+04  1.85647657e-04  1.34368269e+10  1.85647657e-04  1.33850280e+10 
 1.88314657e-04  2.77747872e-01  1.88314657e-04  1.72521571e+01  1.88314657e-04 -2.02300142e+02  1.88314657e-04 -4.16417818e+04  1.88314657e-04  4.24095201e+10  1.88314657e-04  4.22460905e+10 
 1.90981657e-04  2.79608806e-01  1.90981657e-04  1.74689710e+01  1.90981657e-04 -2.11272184e+02  1.90981657e-04 -1.31516842e+05  1.90981657e-04  1.33848545e+11  1.90981657e-04  1.33332923e+11 
 1.93648657e-04  2.81391226e-01  1.93648657e-04  1.76811992e+01  1.93648657e-04 -2.20473047e+02  1.93648657e-04 -4.15337603e+05  1.93648657e-04  4.22423703e+11  1.93648657e-04  4.20796943e+11 
 1.96315657e-04  2.83094631e-01  1.96315657e-04  1.78887638e+01  1.96315657e-04 -2.29903060e+02  1.96315657e-04 -1.31156697e+06  1.96315657e-04  1.33311581e+12  1.96315657e-04  1.32798357e+12 
 1.98982657e-04  2.84718544e-01  1.98982657e-04  1.80915890e+01  1.98982657e-04 -2.39562434e+02  1.98982657e-04 -4.14143154e+06  1.98982657e-04  4.20700539e+12  1.98982657e-04  4.19081408e+12 
 2.01649657e-04  2.86262509e-01  2.01649657e-04  1.82896015e+01  2.01649657e-04 -2.49451256e+02  2.01649657e-04 -1.30762340e+07  2.01649657e-04  1.32759143e+13  2.01649657e-04  1.32248345e+13 
 2.04316657e-04  2.87726091e-01  2.04316657e-04  1.84827304e+01  2.04316657e-04 -2.59569490e+02  2.04316657e-04 -4.12846280e+07  2.04316657e-04  4.18931062e+13  2.04316657e-04  4.17319643e+13 
 2.06983657e-04  2.89108880e-01  2.06983657e-04  1.86709067e+01  2.06983657e-04 -2.69916982e+02  2.06983657e-04 -1.30337330e+08  2.06983657e-04  1.32192855e+14  2.06983657e-04  1.31684507e+14 
 2.09650657e-04  2.90410487e-01  2.09650657e-04  1.88540640e+01  2.09650657e-04 -2.80493456e+02  2.09650657e-04 -4.11457717e+08  2.09650657e-04  4.17120196e+14  2.09650657e-04  4.15516559e+14 
 2.12317657e-04  2.91630547e-01  2.12317657e-04  1.90321380e+01  2.12317657e-04 -2.91298519e+02  2.12317657e-04 -1.29884906e+09  2.12317657e-04  1.31614208e+15  2.12317657e-04  1.31108332e+15 
 2.14984657e-04  2.92768718e-01  2.14984657e-04  1.92050664e+01  2.14984657e-04 -3.02331655e+02  2.14984657e-04 -4.09987223e+09  2.14984657e-04  4.15272465e+15  2.14984657e-04  4.13676672e+15 
 2.17651657e-04  2.93824680e-01  2.17651657e-04  1.93727893e+01  2.17651657e-04 -3.13592234e+02  2.17651657e-04 -1.29408009e+10  2.17651657e-04  1.31024575e+16  2.17651657e-04  1.30521188e+16 
 2.20318657e-04  2.94798136e-01  2.20318657e-04  1.95352487e+01  2.20318657e-04 -3.25079507e+02  2.20318657e-04 -4.08443662e+10  2.20318657e-04  4.13392023e+16  2.20318657e-04  4.11804127e+16 
 2.22985657e-04  2.95688813e-01  2.22985657e-04  1.96923888e+01  2.22985657e-04 -3.36792609e+02  2.22985657e-04 -1.28909309e+11  2.22985657e-04  1.30425214e+17  2.22985657e-04  1.29924332e+17 
 2.25652657e-04  2.96496460e-01  2.25652657e-04  1.98441560e+01  2.25652657e-04 -3.48730558e+02  2.25652657e-04 -4.06835086e+11  2.25652657e-04  4.11482686e+17  2.25652657e-04  4.09902733e+17 
 2.28319657e-04  2.97220852e-01  2.28319657e-04  1.99904986e+01  2.28319657e-04 -3.60892259e+02  2.28319657e-04 -1.28391233e+12  2.28319657e-04  1.29817281e+18  2.28319657e-04  1.29318916e+18 
 2.30986657e-04  2.97861785e-01  2.30986657e-04  2.01313669e+01  2.30986657e-04 -3.73276504e+02  2.30986657e-04 -4.05168805e+12  2.30986657e-04  4.09547954e+18  2.30986657e-04  4.07975981e+18 
 2.33653657e-04  2.98419078e-01  2.33653657e-04  2.02667134e+01  2.33653657e-04 -3.85881971e+02  2.33653657e-04 -1.27855984e+13  2.33653657e-04  1.29201836e+19  2.33653657e-04  1.28706000e+19 
 2.36320657e-04  2.98892575e-01  2.36320657e-04  2.03964925e+01  2.36320657e-04 -3.98707225e+02  2.36320657e-04 -4.03451454e+13  2.36320657e-04  4.07591037e+19  2.36320657e-04  4.06027075e+19 
 2.38987657e-04  2.99282144e-01  2.38987657e-04  2.05206607e+01  2.38987657e-04 -4.11750723e+02  2.38987657e-04 -1.27305560e+14  2.38987657e-04  1.28579851e+20  2.38987657e-04  1.28086552e+20 
 2.41654657e-04  2.99587675e-01  2.41654657e-04  2.06391764e+01  2.41654657e-04 -4.25010811e+02  2.41654657e-04 -4.01689050e+14  2.41654657e-04  4.05614879e+20  2.41654657e-04  4.04058951e+20 
 2.44321657e-04  2.99809081e-01  2.44321657e-04  2.07519998e+01  2.44321657e-04 -4.38485727e+02  2.44321657e-04 -1.26741774e+15  2.44321657e-04  1.27952216e+21  2.44321657e-04  1.27461461e+21 
 2.46988657e-04  2.99946302e-01  2.46988657e-04  2.08590936e+01  2.46988657e-04 -4.52173600e+02  2.46988657e-04 -3.99887051e+15  2.46988657e-04  4.03622173e+21  2.46988657e-04  4.02074299e+21 
 2.49655657e-04  2.99999298e-01  2.49655657e-04  2.09604218e+01  2.49655657e-04 -4.66072456e+02  2.49655657e-04 -1.26166267e+16  2.49655657e-04  1.27319748e+22  2.49655657e-04  1.26831542e+22 
 2.52322657e-04  2.99968054e-01  2.52322657e-04  2.10559508e+01  2.52322657e-04 -4.80180213e+02  2.52322657e-04 -3.98050406e+16  2.52322657e-04  4.01615389e+22  2.52322657e-04  4.00075581e+22 
 2.54989657e-04  2.99852580e-01  2.54989657e-04  2.11456488e+01  2.54989657e-04 -4.94494687e+02  2.54989657e-04 -1.25580531e+17  2.54989657e-04  1.26683193e+23  2.54989657e-04  1.26197539e+23 
 2.57656657e-04  2.99652907e-01  2.57656657e-04  2.12294859e+01  2.57656657e-04 -5.09013590e+02  2.57656657e-04 -3.96183595e+17  2.57656657e-04  3.99596784e+23  2.57656657e-04  3.98065051e+23 
 2.60323657e-04  2.99369092e-01  2.60323657e-04  2.13074340e+01  2.60323657e-04 -5.23734535e+02  2.60323657e-04 -1.24985913e+18  2.60323657e-04  1.26043233e+24  2.60323657e-04  1.25560134e+24 
 2.62990657e-04  2.99001215e-01  2.62990657e-04  2.13794673e+01  2.62990657e-04 -5.38655032e+02  2.62990657e-04 -3.94290679e+18  2.62990657e-04  3.97568423e+24  2.62990657e-04  3.96044768e+24 
 2.65657657e-04  2.98549378e-01  2.65657657e-04  2.14455613e+01  2.65657657e-04 -5.53772495e+02  2.65657657e-04 -1.24383636e+19  2.65657657e-04  1.25400494e+25  2.65657657e-04  1.24919949e+25 
 2.68324657e-04  2.98013709e-01  2.68324657e-04  2.15056941e+01  2.68324657e-04 -5.69084239e+02  2.68324657e-04 -3.92375333e+19  2.68324657e-04  3.95532194e+25  2.68324657e-04  3.94016617e+25 
 2.70991657e-04  2.97394358e-01  2.70991657e-04  2.15598450e+01  2.70991657e-04 -5.84587484e+02  2.70991657e-04 -1.23774805e+20  2.70991657e-04  1.24755545e+26  2.70991657e-04  1.24277554e+26 
 2.73658657e-04  2.96691499e-01  2.73658657e-04  2.16079957e+01  2.73658657e-04 -6.00279355e+02  2.73658657e-04 -3.90440880e+20  2.73658657e-04  3.93489819e+26  2.73658657e-04  3.91982316e+26 
 2.76325657e-04  2.95905329e-01  2.76325657e-04  2.16501296e+01  2.76325657e-04 -6.16156884e+02  2.76325657e-04 -1.23160419e+21  2.76325657e-04  1.24108907e+27  2.76325657e-04  1.23633468e+27 
 2.78992657e-04  2.95036069e-01  2.78992657e-04  2.16862317e+01  2.78992657e-04 -6.32217012e+02  2.78992657e-04 -3.88490329e+21  2.78992657e-04  3.91442873e+27  2.78992657e-04  3.89943435e+27 
 2.81659657e-04  2.94083964e-01  2.81659657e-04  2.17162894e+01  2.81659657e-04 -6.48456588e+02  2.81659657e-04 -1.22541382e+22  2.81659657e-04  1.23461056e+28  2.81659657e-04  1.22988166e+28 
 2.84326657e-04  2.93049280e-01  2.84326657e-04  2.17402915e+01  2.84326657e-04 -6.64872373e+02  2.84326657e-04 -3.86526395e+22  2.84326657e-04  3.89392788e+28  2.84326657e-04  3.87901406e+28 
 2.86993657e-04  2.91932308e-01  2.86993657e-04  2.17582289e+01  2.86993657e-04 -6.81461042e+02  2.86993657e-04 -1.21918512e+23  2.86993657e-04  1.22812423e+29  2.86993657e-04  1.22342079e+29 
 2.89660657e-04  2.90733362e-01  2.89660657e-04  2.17700942e+01  2.89660657e-04 -6.98219183e+02  2.89660657e-04 -3.84551535e+23  2.89660657e-04  3.87340874e+29  2.89660657e-04  3.85857533e+29 
 2.92327657e-04  2.89452778e-01  2.92327657e-04  2.17758819e+01  2.92327657e-04 -7.15143299e+02  2.92327657e-04 -1.21292546e+24  2.92327657e-04  1.22163405e+30  2.92327657e-04  1.21695601e+30 
 2.94994657e-04  2.88090916e-01  2.94994657e-04  2.17755884e+01  2.94994657e-04 -7.32229812e+02  2.94994657e-04 -3.82567964e+24  2.94994657e-04  3.85288321e+30  2.94994657e-04  3.83813005e+30 
 2.97661657e-04  2.86648158e-01  2.97661657e-04  2.17692118e+01  2.97661657e-04 -7.49475061e+02  2.97661657e-04 -1.20664150e+25  2.97661657e-04  1.21514360e+31  2.97661657e-04  1.21049091e+31 
 3.00328657e-04  2.85124910e-01  3.00328657e-04  2.17567520e+01  3.00328657e-04 -7.66875307e+02  3.00328657e-04 -3.80577682e+25  3.00328657e-04  3.83236212e+31  3.00328657e-04  3.81768902e+31 
 3.02995657e-04  2.83521599e-01  3.02995657e-04  2.17382109e+01  3.02995657e-04 -7.84426734e+02  3.02995657e-04 -1.20033923e+26  3.02995657e-04  1.20865615e+32  3.02995657e-04  1.20402875e+32 
 3.05662657e-04  2.81838675e-01  3.05662657e-04  2.17135921e+01  3.05662657e-04 -8.02125445e+02  3.05662657e-04 -3.78582490e+26  3.05662657e-04  3.81185532e+32  3.05662657e-04  3.79726208e+32 
 3.08329657e-04  2.80076612e-01  3.08329657e-04  2.16829009e+01  3.08329657e-04 -8.19967474e+02  3.08329657e-04 -1.19402408e+27  3.08329657e-04  1.20217467e+33  3.08329657e-04  1.19757248e+33 
 3.10996657e-04  2.78235903e-01  3.10996657e-04  2.16461445e+01  3.10996657e-04 -8.37948779e+02  3.10996657e-04 -3.76584014e+27  3.10996657e-04  3.79137176e+33  3.10996657e-04  3.77685815e+33 
 3.13663657e-04  2.76317065e-01  3.13663657e-04  2.16033319e+01  3.13663657e-04 -8.56065245e+02  3.13663657e-04 -1.18770091e+28  3.13663657e-04  1.19570185e+34  3.13663657e-04  1.19112481e+34 
 3.16330657e-04  2.74320639e-01  3.16330657e-04  2.15544739e+01  3.16330657e-04 -8.74312692e+02  3.16330657e-04 -3.74583714e+28  3.16330657e-04  3.77091956e+34  3.16330657e-04  3.75648533e+34 
 3.18997657e-04  2.72247183e-01  3.18997657e-04  2.14995830e+01  3.18997657e-04 -8.92686867e+02  3.18997657e-04 -1.18137411e+29  3.18997657e-04  1.18924015e+35  3.18997657e-04  1.18468816e+35 
 3.21664657e-04  2.70097280e-01  3.21664657e-04  2.14386735e+01  3.21664657e-04 -9.11183453e+02  3.21664657e-04 -3.72582907e+29  3.21664657e-04  3.75050608e+35  3.21664657e-04  3.73615097e+35 
 3.24331657e-04  2.67871535e-01  3.24331657e-04  2.13717613e+01  3.24331657e-04 -9.29798069e+02  3.24331657e-04 -1.17504763e+30  3.24331657e-04  1.18279176e+36  3.24331657e-04  1.17826476e+36 
 3.26998657e-04  2.65570571e-01  3.26998657e-04  2.12988643e+01  3.26998657e-04 -9.48526269e+02  3.26998657e-04 -3.70582773e+30  3.26998657e-04  3.73013799e+36  3.26998657e-04  3.71586172e+36 
 3.29665657e-04  2.63195036e-01  3.29665657e-04  2.12200021e+01  3.29665657e-04 -9.67363548e+02  3.29665657e-04 -1.16872500e+31  3.29665657e-04  1.17635871e+37  3.29665657e-04  1.17185659e+37 
 3.32332657e-04  2.60745595e-01  3.32332657e-04  2.11351958e+01  3.32332657e-04 -9.86305340e+02  3.32332657e-04 -3.68584374e+31  3.32332657e-04  3.70982130e+37  3.32332657e-04  3.69562359e+37 
 3.34999657e-04  2.58222938e-01  3.34999657e-04  2.10444685e+01  3.34999657e-04 -1.00534702e+03  3.34999657e-04 -1.16240940e+32  3.34999657e-04  1.16994279e+38  3.34999657e-04  1.16546547e+38 
 3.37666657e-04  2.55627771e-01  3.37666657e-04  2.09478448e+01  3.37666657e-04 -1.02448391e+03  3.37666657e-04 -3.66588663e+32  3.37666657e-04  3.68956147e+38  3.37666657e-04  3.67544201e+38 
 3.40333657e-04  2.52960825e-01  3.40333657e-04  2.08453511e+01  3.40333657e-04 -1.04371128e+03  3.40333657e-04 -1.15610368e+33  3.40333657e-04  1.16354566e+39  3.40333657e-04  1.15909302e+39 
 3.43000657e-04  2.50222847e-01  3.43000657e-04  2.07370155e+01  3.43000657e-04 -1.06302434e+03  3.43000657e-04 -3.64596491e+33  3.43000657e-04  3.66936341e+39  3.43000657e-04  3.65532188e+39 
 3.45667657e-04  2.47414607e-01  3.45667657e-04  2.06228677e+01  3.45667657e-04 -1.08241826e+03  3.45667657e-04 -1.14981040e+34  3.45667657e-04  1.15716877e+40  3.45667657e-04  1.15274073e+40 
 3.48334657e-04  2.44536894e-01  3.48334657e-04  2.05029392e+01  3.48334657e-04 -1.10188815e+03  3.48334657e-04 -3.62608622e+34  3.48334657e-04  3.64923153e+40  3.48334657e-04  3.63526762e+40 
 3.51001657e-04  2.41590514e-01  3.51001657e-04  2.03772631e+01  3.51001657e-04 -1.12142907e+03  3.51001657e-04 -1.14353183e+35  3.51001657e-04  1.15081345e+41  3.51001657e-04  1.14640991e+41 
 3.53668657e-04  2.38576297e-01  3.53668657e-04  2.02458742e+01  3.53668657e-04 -1.14103606e+03  3.53668657e-04 -3.60625737e+35  3.53668657e-04  3.62916981e+41  3.53668657e-04  3.61528319e+41 
 3.56335657e-04  2.35495087e-01  3.56335657e-04  2.01088087e+01  3.56335657e-04 -1.16070408e+03  3.56335657e-04 -1.13727002e+36  3.56335657e-04  1.14448090e+42  3.56335657e-04  1.14010175e+42 
 3.59002657e-04  2.32347750e-01  3.59002657e-04  1.99661046e+01  3.59002657e-04 -1.18042809e+03  3.59002657e-04 -3.58648446e+36  3.59002657e-04  3.60918181e+42  3.59002657e-04  3.59537214e+42 
 3.61669657e-04  2.29135171e-01  3.61669657e-04  1.98178017e+01  3.61669657e-04 -1.20020297e+03  3.61669657e-04 -1.13102677e+37  3.61669657e-04  1.13817219e+43  3.61669657e-04  1.13381731e+43 
 3.64336657e-04  2.25858250e-01  3.64336657e-04  1.96639410e+01  3.64336657e-04 -1.22002359e+03  3.64336657e-04 -3.56677291e+37  3.64336657e-04  3.58927074e+43  3.64336657e-04  3.57553767e+43 
 3.67003657e-04  2.22517909e-01  3.67003657e-04  1.95045655e+01  3.67003657e-04 -1.23988476e+03  3.67003657e-04 -1.12480372e+38  3.67003657e-04  1.13188826e+44  3.67003657e-04  1.12755755e+44 
 3.69670657e-04  2.19115085e-01  3.69670657e-04  1.93397194e+01  3.69670657e-04 -1.25978129e+03  3.69670657e-04 -3.54712753e+38  3.69670657e-04  3.56943944e+44  3.69670657e-04  3.55578262e+44 
 3.72337657e-04  2.15650734e-01  3.72337657e-04  1.91694486e+01  3.72337657e-04 -1.27970793e+03  3.72337657e-04 -1.11860228e+39  3.72337657e-04  1.12562997e+45  3.72337657e-04  1.12132332e+45 
 3.75004657e-04  2.12125828e-01  3.75004657e-04  1.89938007e+01  3.75004657e-04 -1.29965941e+03  3.75004657e-04 -3.52755261e+39  3.75004657e-04  3.54969045e+45  3.75004657e-04  3.53610953e+45 
 3.77671657e-04  2.08541357e-01  3.77671657e-04  1.88128247e+01  3.77671657e-04 -1.31963042e+03  3.77671657e-04 -1.11242375e+40  3.77671657e-04  1.11939808e+46  3.77671657e-04  1.11511537e+46 
 3.80338657e-04  2.04898328e-01  3.80338657e-04  1.86265710e+01  3.80338657e-04 -1.33961564e+03  3.80338657e-04 -3.50805193e+40  3.80338657e-04  3.53002603e+46  3.80338657e-04  3.51652064e+46 
 3.83005657e-04  2.01197764e-01  3.83005657e-04  1.84350916e+01  3.83005657e-04 -1.35960971e+03  3.83005657e-04 -1.10626924e+41  3.83005657e-04  1.11319326e+47  3.83005657e-04  1.10893438e+47 
 3.85672657e-04  1.97440704e-01  3.85672657e-04  1.82384402e+01  3.85672657e-04 -1.37960727e+03  3.85672657e-04 -3.48862885e+41  3.85672657e-04  3.51044818e+47  3.85672657e-04  3.49701797e+47 
 3.88339657e-04  1.93628202e-01  3.88339657e-04  1.80366715e+01  3.88339657e-04 -1.39960290e+03  3.88339657e-04 -1.10013974e+42  3.88339657e-04  1.10701610e+48  3.88339657e-04  1.10278093e+48 
 3.91006657e-04  1.89761330e-01  3.91006657e-04  1.78298421e+01  3.91006657e-04 -1.41959121e+03  3.91006657e-04 -3.46928630e+42  3.91006657e-04  3.49095867e+48  3.91006657e-04  3.47760326e+48 
 3.93673657e-04  1.85841174e-01  3.93673657e-04  1.76180098e+01  3.93673657e-04 -1.43956674e+03  3.93673657e-04 -1.09403614e+43  3.93673657e-04  1.10086713e+49  3.93673657e-04  1.09665556e+49 
 3.96340657e-04  1.81868833e-01  3.96340657e-04  1.74012338e+01  3.96340657e-04 -1.45952406e+03  3.96340657e-04 -3.45002690e+43  3.96340657e-04  3.47155903e+49  3.96340657e-04  3.45827806e+49 
 3.99007657e-04  1.77845423e-01  3.99007657e-04  1.71795749e+01  3.99007657e-04 -1.47945770e+03  3.99007657e-04 -1.08795920e+44  3.99007657e-04  1.09474680e+50  3.99007657e-04  1.09055871e+50 
 4.01674657e-04  1.73772075e-01  4.01674657e-04  1.69530951e+01  4.01674657e-04 -1.49936219e+03  4.01674657e-04 -3.43085289e+44  4.01674657e-04  3.45225063e+50  4.01674657e-04  3.43904372e+50 
 4.04341657e-04  1.69649932e-01  4.04341657e-04  1.67218577e+01  4.04341657e-04 -1.51923204e+03  4.04341657e-04 -1.08190959e+45  4.04341657e-04  1.08865552e+51  4.04341657e-04  1.08449079e+51 
 4.07008657e-04  1.65480151e-01  4.07008657e-04  1.64859277e+01  4.07008657e-04 -1.53906176e+03  4.07008657e-04 -3.41176624e+45  4.07008657e-04  3.43303464e+51  4.07008657e-04  3.41990141e+51 
 4.09675657e-04  1.61263904e-01  4.09675657e-04  1.62453709e+01  4.09675657e-04 -1.55884585e+03  4.09675657e-04 -1.07588789e+46  4.09675657e-04  1.08259362e+52  4.09675657e-04  1.07845213e+52 
 4.12342657e-04  1.57002373e-01  4.12342657e-04  1.60002550e+01  4.12342657e-04 -1.57857880e+03  4.12342657e-04 -3.39276868e+46  4.12342657e-04  3.41391207e+52  4.12342657e-04  3.40085215e+52 
 4.15009657e-04  1.52696757e-01  4.15009657e-04  1.57506484e+01  4.15009657e-04 -1.59825512e+03  4.15009657e-04 -1.06989460e+47  4.15009657e-04  1.07656141e+53  4.15009657e-04  1.07244305e+53 
 4.17676657e-04  1.48348264e-01  4.17676657e-04  1.54966213e+01  4.17676657e-04 -1.61786930e+03  4.17676657e-04 -3.37386168e+47  4.17676657e-04  3.39488379e+53  4.17676657e-04  3.38189679e+53 
 4.20343657e-04  1.43958114e-01  4.20343657e-04  1.52382447e+01  4.20343657e-04 -1.63741582e+03  4.20343657e-04 -1.06393015e+48  4.20343657e-04  1.07055914e+54  4.20343657e-04  1.06646377e+54 
 4.23010657e-04  1.39527541e-01  4.23010657e-04  1.49755912e+01  4.23010657e-04 -1.65688920e+03  4.23010657e-04 -3.35504648e+48  4.23010657e-04  3.37595052e+54  4.23010657e-04  3.36303608e+54 
 4.25677657e-04  1.35057789e-01  4.25677657e-04  1.47087344e+01  4.25677657e-04 -1.67628392e+03  4.25677657e-04 -1.05799491e+49  4.25677657e-04  1.06458701e+55  4.25677657e-04  1.06051453e+55 
 4.28344657e-04  1.30550113e-01  4.28344657e-04  1.44377490e+01  4.28344657e-04 -1.69559451e+03  4.28344657e-04 -3.33632417e+49  4.28344657e-04  3.35711288e+55  4.28344657e-04  3.34427060e+55 
 4.31011657e-04  1.26005779e-01  4.31011657e-04  1.41627112e+01  4.31011657e-04 -1.71481547e+03  4.31011657e-04 -1.05208919e+50  4.31011657e-04  1.05864520e+56  4.31011657e-04  1.05459549e+56 
 4.33678657e-04  1.21426062e-01  4.33678657e-04  1.38836980e+01  4.33678657e-04 -1.73394134e+03  4.33678657e-04 -3.31769564e+50  4.33678657e-04  3.33837136e+56  4.33678657e-04  3.32560088e+56 
 4.36345657e-04  1.16812249e-01  4.36345657e-04  1.36007877e+01  4.36345657e-04 -1.75296666e+03  4.36345657e-04 -1.04621325e+51  4.36345657e-04  1.05273386e+57  4.36345657e-04  1.04870679e+57 
 4.39012657e-04  1.12165635e-01  4.39012657e-04  1.33140596e+01  4.39012657e-04 -1.77188598e+03  4.39012657e-04 -3.29916163e+51  4.39012657e-04  3.31972636e+57  4.39012657e-04  3.30702729e+57 
 4.41679657e-04  1.07487525e-01  4.41679657e-04  1.30235943e+01  4.41679657e-04 -1.79069387e+03  4.41679657e-04 -1.04036730e+52  4.41679657e-04  1.04685310e+58  4.41679657e-04  1.04284854e+58 
 4.44346657e-04  1.02779233e-01  4.44346657e-04  1.27294731e+01  4.44346657e-04 -1.80938492e+03  4.44346657e-04 -3.28072274e+52  4.44346657e-04  3.30117820e+58  4.44346657e-04  3.28855015e+58 
 4.47013657e-04  9.80420808e-02  4.47013657e-04  1.24317786e+01  4.47013657e-04 -1.82795373e+03  4.47013657e-04 -1.03455151e+53  4.47013657e-04  1.04100299e+59  4.47013657e-04  1.03702084e+59 
 4.49680657e-04  9.32773981e-02  4.49680657e-04  1.21305943e+01  4.49680657e-04 -1.84639493e+03  4.49680657e-04 -3.26237945e+53  4.49680657e-04  3.28272709e+59  4.49680657e-04  3.27016969e+59 
 4.52347657e-04  8.84865233e-02  4.52347657e-04  1.18260048e+01  4.52347657e-04 -1.86470318e+03  4.52347657e-04 -1.02876601e+54  4.52347657e-04  1.03518360e+60  4.52347657e-04  1.03122373e+60 
 4.55014657e-04  8.36708015e-02  4.55014657e-04  1.15180955e+01  4.55014657e-04 -1.88287315e+03  4.55014657e-04 -3.24413214e+54  4.55014657e-04  3.26437319e+60  4.55014657e-04  3.25188606e+60 
 4.57681657e-04  7.88315850e-02  4.57681657e-04  1.12069528e+01  4.57681657e-04 -1.90089953e+03  4.57681657e-04 -1.02301091e+55  4.57681657e-04  1.02939497e+61  4.57681657e-04  1.02545726e+61 
 4.60348657e-04  7.39702328e-02  4.60348657e-04  1.08926640e+01  4.60348657e-04 -1.91877706e+03  4.60348657e-04 -3.22598106e+55  4.60348657e-04  3.24611658e+61  4.60348657e-04  3.23369934e+61 
 4.63015657e-04  6.90881097e-02  4.63015657e-04  1.05753173e+01  4.63015657e-04 -1.93650051e+03  4.63015657e-04 -1.01728628e+56  4.63015657e-04  1.02363711e+62  4.63015657e-04  1.01972144e+62 
 4.65682657e-04  6.41865868e-02  4.65682657e-04  1.02550019e+01  4.65682657e-04 -1.95406464e+03  4.65682657e-04 -3.20792641e+56  4.65682657e-04  3.22795729e+62  4.65682657e-04  3.21560956e+62 
 4.68349657e-04  5.92670403e-02  4.68349657e-04  9.93180751e+00  4.68349657e-04 -1.97146430e+03  4.68349657e-04 -1.01159216e+57  4.68349657e-04  1.01791002e+63  4.68349657e-04  1.01401627e+63 
 4.71016657e-04  5.43308517e-02  4.71016657e-04  9.60582497e+00  4.71016657e-04 -1.98869434e+03  4.71016657e-04 -3.18996827e+57  4.71016657e-04  3.20989528e+63  4.71016657e-04  3.19761668e+63 
 4.73683657e-04  4.93794071e-02  4.73683657e-04  9.27714574e+00  4.73683657e-04 -2.00574966e+03  4.73683657e-04 -1.00592856e+58  4.73683657e-04  1.01221369e+64  4.73683657e-04  1.00834174e+64 
 4.76350657e-04  4.44140968e-02  4.76350657e-04  8.94586207e+00  4.76350657e-04 -2.02262517e+03  4.76350657e-04 -3.17210669e+58  4.76350657e-04  3.19193047e+64  4.76350657e-04  3.17972062e+64 
 4.79017657e-04  3.94363150e-02  4.79017657e-04  8.61206696e+00  4.79017657e-04 -2.03931587e+03  4.79017657e-04 -1.00029549e+59  4.79017657e-04  1.00654807e+65  4.79017657e-04  1.00269781e+65 
 4.81684657e-04  3.44474596e-02  4.81684657e-04  8.27585411e+00  4.81684657e-04 -2.05581676e+03  4.81684657e-04 -3.15434161e+59  4.81684657e-04  3.17406273e+65  4.81684657e-04  3.16192127e+65 
 4.84351657e-04  2.94489313e-02  4.84351657e-04  7.93731789e+00  4.84351657e-04 -2.07212290e+03  4.84351657e-04 -9.94692933e+59  4.84351657e-04  1.00091312e+66  4.84351657e-04  9.97084425e+65 
 4.87018657e-04  2.44421338e-02  4.87018657e-04  7.59655333e+00  4.87018657e-04 -2.08822939e+03  4.87018657e-04 -3.13667296e+60  4.87018657e-04  3.15629190e+66  4.87018657e-04  3.14421844e+66 
 4.89685657e-04  1.94284730e-02  4.89685657e-04  7.25365610e+00  4.89685657e-04 -2.10413138e+03  4.89685657e-04 -9.89120845e+60  4.89685657e-04  9.95308794e+66  4.89685657e-04  9.91501540e+66 
 4.92352657e-04  1.44093567e-02  4.92352657e-04  6.90872246e+00  4.92352657e-04 -2.11982406e+03  4.92352657e-04 -3.11910059e+61  4.92352657e-04  3.13861778e+67  4.92352657e-04  3.12661195e+67 
 4.95019657e-04  9.38619425e-03  4.95019657e-04  6.56184923e+00  4.95019657e-04 -2.13530267e+03  4.95019657e-04 -9.83579175e+61  4.95019657e-04  9.89735009e+67  4.95019657e-04  9.85949083e+67 
 4.97686657e-04  4.36039617e-03  4.97686657e-04  6.21313380e+00  4.97686657e-04 -2.15056251e+03  4.97686657e-04 -3.10162432e+62  4.97686657e-04  3.12104013e+68  4.97686657e-04  3.10910156e+68 
 5.00353657e-04 -6.66626301e-04  5.00353657e-04  5.86267407e+00  5.00353657e-04 -2.16559894e+03  5.00353657e-04 -9.78067861e+62  5.00353657e-04  9.84191690e+68  5.00353657e-04  9.80426975e+68 
 5.03020657e-04 -5.69346159e-03  5.03020657e-04  5.51056842e+00  5.03020657e-04 -2.18040733e+03  5.03020657e-04 -3.08424391e+63  5.03020657e-04  3.10355868e+69  5.03020657e-04  3.09168700e+69 
 5.05687657e-04 -1.07186982e-02  5.05687657e-04  5.15691571e+00  5.05687657e-04 -2.19498317e+03  5.05687657e-04 -9.72586823e+63  5.05687657e-04  9.78678748e+69  5.05687657e-04  9.74935127e+69 
 5.08354657e-04 -1.57409249e-02  5.08354657e-04  4.80181522e+00  5.08354657e-04 -2.20932195e+03  5.08354657e-04 -3.06695912e+64  5.08354657e-04  3.08617315e+70  5.08354657e-04  3.07436799e+70 
 5.11021657e-04 -2.07587316e-02  5.11021657e-04  4.44536665e+00  5.11021657e-04 -2.22341924e+03  5.11021657e-04 -9.67135976e+64  5.11021657e-04  9.73196090e+70  5.11021657e-04  9.69473445e+70 
 5.13688657e-04 -2.57707093e-02  5.13688657e-04  4.08767008e+00  5.13688657e-04 -2.23727068e+03  5.13688657e-04 -3.04976965e+65  5.13688657e-04  3.06888322e+71  5.13688657e-04  3.05714421e+71 
 5.16355657e-04 -3.07754507e-02  5.16355657e-04  3.72882593e+00  5.16355657e-04 -2.25087196e+03  5.16355657e-04 -9.61715223e+65  5.16355657e-04  9.67743611e+71  5.16355657e-04  9.64041827e+71 
 5.19022657e-04 -3.57715502e-02  5.19022657e-04  3.36893495e+00  5.19022657e-04 -2.26421883e+03  5.19022657e-04 -3.03267519e+66  5.19022657e-04  3.05168856e+72  5.19022657e-04  3.04001534e+72 
 5.21689657e-04 -4.07576052e-02  5.21689657e-04  3.00809819e+00  5.21689657e-04 -2.27730711e+03  5.21689657e-04 -9.56324459e+66  5.21689657e-04  9.62321204e+72  5.21689657e-04  9.58640165e+72 
 5.24356657e-04 -4.57322155e-02  5.24356657e-04  2.64641695e+00  5.24356657e-04 -2.29013267e+03  5.24356657e-04 -3.01567538e+67  5.24356657e-04  3.03458881e+73  5.24356657e-04  3.02298101e+73 
 5.27023657e-04 -5.06939842e-02  5.27023657e-04  2.28399278e+00  5.27023657e-04 -2.30269147e+03  5.27023657e-04 -9.50963573e+67  5.27023657e-04  9.56928753e+73  5.27023657e-04  9.53268345e+73 
 5.29690657e-04 -5.56415181e-02  5.29690657e-04  1.92092745e+00  5.29690657e-04 -2.31497952e+03  5.29690657e-04 -2.99876987e+68  5.29690657e-04  3.01758361e+74  5.29690657e-04  3.00604087e+74 
 5.32357657e-04 -6.05734279e-02  5.32357657e-04  1.55732288e+00  5.32357657e-04 -2.32699290e+03  5.32357657e-04 -9.45632448e+68  5.32357657e-04  9.51566140e+74  5.32357657e-04  9.47926248e+74 
 5.35024657e-04 -6.54883288e-02  5.35024657e-04  1.19328118e+00  5.35024657e-04 -2.33872777e+03  5.35024657e-04 -2.98195829e+69  5.35024657e-04  3.00067257e+75  5.35024657e-04  2.98919453e+75 
 5.37691657e-04 -7.03848406e-02  5.37691657e-04  8.28904540e-01  5.37691657e-04 -2.35018036e+03  5.37691657e-04 -9.40330960e+69  5.37691657e-04  9.46233242e+75  5.37691657e-04  9.42613751e+75 
 5.40358657e-04 -7.52615884e-02  5.40358657e-04  4.64295286e-01  5.40358657e-04 -2.36134696e+03  5.40358657e-04 -2.96524022e+70  5.40358657e-04  2.98385530e+76  5.40358657e-04  2.97244159e+76 
 5.43025657e-04 -8.01172028e-02  5.43025657e-04  9.95557863e-02  5.43025657e-04 -2.37222394e+03  5.43025657e-04 -9.35058982e+70  5.43025657e-04  9.40929930e+76  5.43025657e-04  9.37330727e+76 
 5.45692657e-04 -8.49503204e-02  5.45692657e-04 -2.65211548e-01  5.45692657e-04 -2.38280776e+03  5.45692657e-04 -2.94861526e+71  5.45692657e-04  2.96713138e+77  5.45692657e-04  2.95578165e+77 
 5.48359657e-04 -8.97595840e-02  5.48359657e-04 -6.29904298e-01  5.48359657e-04 -2.39309492e+03  5.48359657e-04 -9.29816382e+71  5.48359657e-04  9.35656075e+77  5.48359657e-04  9.32077047e+77 
 5.51026657e-04 -9.45436432e-02  5.51026657e-04 -9.94420065e-01  5.51026657e-04 -2.40308204e+03  5.51026657e-04 -2.93208300e+72  5.51026657e-04  2.95050041e+78  5.51026657e-04  2.93921429e+78 
 5.53693657e-04 -9.93011546e-02  5.53693657e-04 -1.35865650e+00  5.53693657e-04 -2.41276579e+03  5.53693657e-04 -9.24603023e+72  5.53693657e-04  9.30411543e+78  5.53693657e-04  9.26852577e+78 
 5.56360657e-04 -1.04030782e-01  5.56360657e-04 -1.72251133e+00  5.56360657e-04 -2.42214292e+03  5.56360657e-04 -2.91564298e+73  5.56360657e-04  2.93396194e+79  5.56360657e-04  2.92273909e+79 
 5.59027657e-04 -1.08731198e-01  5.59027657e-04 -2.08588239e+00  5.59027657e-04 -2.43121028e+03  5.59027657e-04 -9.19418769e+73  5.59027657e-04  9.25196197e+79  5.59027657e-04  9.21657182e+79 
 5.61694657e-04 -1.13401083e-01  5.61694657e-04 -2.44866766e+00  5.61694657e-04 -2.43996478e+03  5.61694657e-04 -2.89929478e+74  5.61694657e-04  2.91751555e+80  5.61694657e-04  2.90635562e+80 
 5.64361657e-04 -1.18039124e-01  5.64361657e-04 -2.81076526e+00  5.64361657e-04 -2.44840342e+03  5.64361657e-04 -9.14263478e+74  5.64361657e-04  9.20009899e+80  5.64361657e-04  9.16490723e+80 
 5.67028657e-04 -1.22644021e-01  5.67028657e-04 -3.17207353e+00  5.67028657e-04 -2.45652329e+03  5.67028657e-04 -2.88303795e+75  5.67028657e-04  2.90116080e+81  5.67028657e-04  2.89006343e+81 
 5.69695657e-04 -1.27214479e-01  5.69695657e-04 -3.53249102e+00  5.69695657e-04 -2.46432155e+03  5.69695657e-04 -9.09137007e+75  5.69695657e-04  9.14852509e+81  5.69695657e-04  9.11353062e+81 
 5.72362657e-04 -1.31749215e-01  5.72362657e-04 -3.89191652e+00  5.72362657e-04 -2.47179546e+03  5.72362657e-04 -2.86687202e+76  5.72362657e-04  2.88489724e+82  5.72362657e-04  2.87386208e+82 
 5.75029657e-04 -1.36246956e-01  5.75029657e-04 -4.25024911e+00  5.75029657e-04 -2.47894236e+03  5.75029657e-04 -9.04039211e+76  5.75029657e-04  9.09723885e+82  5.75029657e-04  9.06244056e+82 
 5.77696657e-04 -1.40706439e-01  5.77696657e-04 -4.60738818e+00  5.77696657e-04 -2.48575967e+03  5.77696657e-04 -2.85079654e+77  5.77696657e-04  2.86872442e+83  5.77696657e-04  2.85775113e+83 
 5.80363657e-04 -1.45126412e-01  5.80363657e-04 -4.96323344e+00  5.80363657e-04 -2.49224491e+03  5.80363657e-04 -8.98969943e+77  5.80363657e-04  9.04623883e+83  5.80363657e-04  9.01163563e+83 
 5.83030657e-04 -1.49505634e-01  5.83030657e-04 -5.31768499e+00  5.83030657e-04 -2.49839568e+03  5.83030657e-04 -2.83481104e+78  5.83030657e-04  2.85264189e+84  5.83030657e-04  2.84173011e+84 
 5.85697657e-04 -1.53842874e-01  5.85697657e-04 -5.67064328e+00  5.85697657e-04 -2.50420966e+03  5.85697657e-04 -8.93929057e+78  5.85697657e-04  8.99552360e+84  5.85697657e-04  8.96111440e+84 
 5.88364657e-04 -1.58136916e-01  5.88364657e-04 -6.02200922e+00  5.88364657e-04 -2.50968465e+03  5.88364657e-04 -2.81891505e+79  5.88364657e-04  2.83664918e+85  5.88364657e-04  2.82579858e+85 
 5.91031657e-04 -1.62386553e-01  5.91031657e-04 -6.37168415e+00  5.91031657e-04 -2.51481852e+03  5.91031657e-04 -8.88916403e+79  5.91031657e-04  8.94509169e+85  5.91031657e-04  8.91087540e+85 
 5.93698657e-04 -1.66590591e-01  5.93698657e-04 -6.71956987e+00  5.93698657e-04 -2.51960922e+03  5.93698657e-04 -2.80310811e+80  5.93698657e-04  2.82074583e+86  5.93698657e-04  2.80995607e+86 
 5.96365657e-04 -1.70747852e-01  5.96365657e-04 -7.06556870e+00  5.96365657e-04 -2.52405481e+03  5.96365657e-04 -8.83931832e+80  5.96365657e-04  8.89494165e+86  5.96365657e-04  8.86091720e+86 
 5.99032657e-04 -1.74857166e-01  5.99032657e-04 -7.40958350e+00  5.99032657e-04 -2.52815345e+03  5.99032657e-04 -2.78738974e+81  5.99032657e-04  2.80493139e+87  5.99032657e-04  2.79420212e+87 
 6.01699657e-04 -1.78917381e-01  6.01699657e-04 -7.75151766e+00  6.01699657e-04 -2.53190337e+03  6.01699657e-04 -8.78975195e+81  6.01699657e-04  8.84507201e+87  6.01699657e-04  8.81123832e+87 
 6.04366657e-04 -1.82927356e-01  6.04366657e-04 -8.09127517e+00  6.04366657e-04 -2.53530291e+03  6.04366657e-04 -2.77175947e+82  6.04366657e-04  2.78920539e+88  6.04366657e-04  2.77853627e+88 
 6.07033657e-04 -1.86885966e-01  6.07033657e-04 -8.42876063e+00  6.07033657e-04 -2.53835051e+03  6.07033657e-04 -8.74046342e+82  6.07033657e-04  8.79548130e+88  6.07033657e-04  8.76183730e+88 
 6.09700657e-04 -1.90792097e-01  6.09700657e-04 -8.76387927e+00  6.09700657e-04 -2.54104468e+03  6.09700657e-04 -2.75621682e+83  6.09700657e-04  2.77356735e+89  6.09700657e-04  2.76295805e+89 
 6.12367657e-04 -1.94644655e-01  6.12367657e-04 -9.09653700e+00  6.12367657e-04 -2.54338405e+03  6.12367657e-04 -8.69145121e+83  6.12367657e-04  8.74616804e+89  6.12367657e-04  8.71271266e+89 
 6.15034657e-04 -1.98442557e-01  6.15034657e-04 -9.42664041e+00  6.15034657e-04 -2.54536734e+03  6.15034657e-04 -2.74076131e+84  6.15034657e-04  2.75801682e+90  6.15034657e-04  2.74746701e+90 
 6.17701657e-04 -2.02184736e-01  6.17701657e-04 -9.75409680e+00  6.17701657e-04 -2.54699335e+03  6.17701657e-04 -8.64271383e+84  6.17701657e-04  8.69713075e+90  6.17701657e-04  8.66386295e+90 
 6.20368657e-04 -2.05870142e-01  6.20368657e-04 -1.00788142e+01  6.20368657e-04 -2.54826101e+03  6.20368657e-04 -2.72539247e+85  6.20368657e-04  2.74255333e+91  6.20368657e-04  2.73206267e+91 
 6.23035657e-04 -2.09497739e-01  6.23035657e-04 -1.04007015e+01  6.23035657e-04 -2.54916932e+03  6.23035657e-04 -8.59424977e+85  6.23035657e-04  8.64836796e+91  6.23035657e-04  8.61528669e+91 
 6.25702657e-04 -2.13066510e-01  6.25702657e-04 -1.07196683e+01  6.25702657e-04 -2.54971738e+03  6.25702657e-04 -2.71010983e+86  6.25702657e-04  2.72717641e+92  6.25702657e-04  2.71674456e+92 
 6.28369657e-04 -2.16575452e-01  6.28369657e-04 -1.10356250e+01  6.28369657e-04 -2.54990440e+03  6.28369657e-04 -8.54605753e+86  6.28369657e-04  8.59987819e+92  6.28369657e-04  8.56698240e+92 
 6.31036657e-04 -2.20023580e-01  6.31036657e-04 -1.13484828e+01  6.31036657e-04 -2.54972968e+03  6.31036657e-04 -2.69491290e+87  6.31036657e-04  2.71188559e+93  6.31036657e-04  2.70151224e+93 
 6.33703657e-04 -2.23409925e-01  6.33703657e-04 -1.16581541e+01  6.33703657e-04 -2.54919263e+03  6.33703657e-04 -8.49813561e+87  6.33703657e-04  8.55165997e+93  6.33703657e-04  8.51894862e+93 
 6.36370657e-04 -2.26733538e-01  6.36370657e-04 -1.19645517e+01  6.36370657e-04 -2.54829274e+03  6.36370657e-04 -2.67980123e+88  6.36370657e-04  2.69668041e+94  6.36370657e-04  2.68636522e+94 
 6.39037657e-04 -2.29993483e-01  6.39037657e-04 -1.22675896e+01  6.39037657e-04 -2.54702961e+03  6.39037657e-04 -8.45048251e+88  6.39037657e-04  8.50371182e+94  6.39037657e-04  8.47118388e+94 
 6.41704657e-04 -2.33188847e-01  6.41704657e-04 -1.25671828e+01  6.41704657e-04 -2.54540294e+03  6.41704657e-04 -2.66477432e+89  6.41704657e-04  2.68156040e+95  6.41704657e-04  2.67130304e+95 
 6.44371657e-04 -2.36318731e-01  6.44371657e-04 -1.28632472e+01  6.44371657e-04 -2.54341253e+03  6.44371657e-04 -8.40309675e+89  6.44371657e-04  8.45603226e+95  6.44371657e-04  8.42368670e+95 
 6.47038657e-04 -2.39382258e-01  6.47038657e-04 -1.31556995e+01  6.47038657e-04 -2.54105827e+03  6.47038657e-04 -2.64983172e+90  6.47038657e-04  2.66652510e+96  6.47038657e-04  2.65632525e+96 
 6.49705657e-04 -2.42378566e-01  6.49705657e-04 -1.34444578e+01  6.49705657e-04 -2.53834017e+03  6.49705657e-04 -8.35597682e+90  6.49705657e-04  8.40861984e+96  6.49705657e-04  8.37645563e+96 
 6.52372657e-04 -2.45306814e-01  6.52372657e-04 -1.37294408e+01  6.52372657e-04 -2.53525831e+03  6.52372657e-04 -2.63497295e+91  6.52372657e-04  2.65157404e+97  6.52372657e-04  2.64143138e+97 
 6.55039657e-04 -2.48166181e-01  6.55039657e-04 -1.40105686e+01  6.55039657e-04 -2.53181290e+03  6.55039657e-04 -8.30912126e+91  6.55039657e-04  8.36147307e+97  6.55039657e-04  8.32948921e+97 
 6.57706657e-04 -2.50955862e-01  6.57706657e-04 -1.42877623e+01  6.57706657e-04 -2.52800423e+03  6.57706657e-04 -2.62019754e+92  6.57706657e-04  2.63670675e+98  6.57706657e-04  2.62662096e+98 
 6.60373657e-04 -2.53675076e-01  6.60373657e-04 -1.45609439e+01  6.60373657e-04 -2.52383271e+03  6.60373657e-04 -8.26252858e+92  6.60373657e-04  8.31459051e+98  6.60373657e-04  8.28278598e+98 
 6.63040657e-04 -2.56323058e-01  6.63040657e-04 -1.48300369e+01  6.63040657e-04 -2.51929881e+03  6.63040657e-04 -2.60550503e+93  6.63040657e-04  2.62192279e+99  6.63040657e-04  2.61189355e+99 
 6.65707657e-04 -2.58899064e-01  6.65707657e-04 -1.50949655e+01  6.65707657e-04 -2.51440315e+03  6.65707657e-04 -8.21619731e+93  6.65707657e-04  8.26797070e+99  6.65707657e-04  8.23634450e+99 
 6.68374657e-04 -2.61402372e-01  6.68374657e-04 -1.53556556e+01  6.68374657e-04 -2.50914641e+03  6.68374657e-04 -2.59089496e+94  6.68374657e-04  2.60722168e+100  6.68374657e-04  2.59724867e+100 
 6.71041657e-04 -2.63832279e-01  6.71041657e-04 -1.56120337e+01  6.71041657e-04 -2.50352939e+03  6.71041657e-04 -8.17012599e+94  6.71041657e-04  8.22161218e+100  6.71041657e-04  8.19016330e+100 
 6.73708657e-04 -2.66188101e-01  6.73708657e-04 -1.58640280e+01  6.73708657e-04 -2.49755299e+03  6.73708657e-04 -2.57636686e+95  6.73708657e-04  2.59260297e+101  6.73708657e-04  2.58268588e+101 
 6.76375657e-04 -2.68469178e-01  6.76375657e-04 -1.61115677e+01  6.76375657e-04 -2.49121819e+03  6.76375657e-04 -8.12431316e+95  6.76375657e-04  8.17551351e+101  6.76375657e-04  8.14424097e+101 
 6.79042657e-04 -2.70674870e-01  6.79042657e-04 -1.63545833e+01  6.79042657e-04 -2.48452609e+03  6.79042657e-04 -2.56192027e+96  6.79042657e-04  2.57806621e+102  6.79042657e-04  2.56820472e+102 
 6.81709657e-04 -2.72804556e-01  6.81709657e-04 -1.65930066e+01  6.81709657e-04 -2.47747789e+03  6.81709657e-04 -8.07875737e+96  6.81709657e-04  8.12967325e+102  6.81709657e-04  8.09857605e+102 
 6.84376657e-04 -2.74857638e-01  6.84376657e-04 -1.68267705e+01  6.84376657e-04 -2.47007486e+03  6.84376657e-04 -2.54755473e+97  6.84376657e-04  2.56361093e+103  6.84376657e-04  2.55380474e+103 
 6.87043657e-04 -2.76833541e-01  6.87043657e-04 -1.70558095e+01  6.87043657e-04 -2.46231840e+03  6.87043657e-04 -8.03345716e+97  6.87043657e-04  8.08408996e+103  6.87043657e-04  8.05316712e+103 
 6.89710657e-04 -2.78731710e-01  6.89710657e-04 -1.72800592e+01  6.89710657e-04 -2.45420998e+03  6.89710657e-04 -2.53326979e+98  6.89710657e-04  2.54923669e+104  6.89710657e-04  2.53948548e+104 
 6.92377657e-04 -2.80551611e-01  6.92377657e-04 -1.74994567e+01  6.92377657e-04 -2.44575121e+03  6.92377657e-04 -7.98841112e+98  6.92377657e-04  8.03876221e+104  6.92377657e-04  8.00801276e+104 
 6.95044657e-04 -2.82292733e-01  6.95044657e-04 -1.77139404e+01  6.95044657e-04 -2.43694374e+03  6.95044657e-04 -2.51906499e+99  6.95044657e-04  2.53494303e+105  6.95044657e-04  2.52524650e+105 
 6.97711657e-04 -2.83954588e-01  6.97711657e-04 -1.79234500e+01  6.97711657e-04 -2.42778936e+03  6.97711657e-04 -7.94361780e+99  6.97711657e-04  7.99368859e+105  6.97711657e-04  7.96311155e+105 
 7.00378657e-04 -2.85536708e-01  7.00378657e-04 -1.81279267e+01  7.00378657e-04 -2.41828994e+03  7.00378657e-04 -2.50493989e+100  7.00378657e-04  2.52072951e+106  7.00378657e-04  2.51108735e+106 
 7.03045657e-04 -2.87038650e-01  7.03045657e-04 -1.83273131e+01  7.03045657e-04 -2.40844745e+03  7.03045657e-04 -7.89907578e+100  7.03045657e-04  7.94886767e+106  7.03045657e-04  7.91846207e+106 
 7.05712657e-04 -2.88459992e-01  7.05712657e-04 -1.85215533e+01  7.05712657e-04 -2.39826395e+03  7.05712657e-04 -2.49089404e+101  7.05712657e-04  2.50659568e+107  7.05712657e-04  2.49700758e+107 
 7.08379657e-04 -2.89800335e-01  7.08379657e-04 -1.87105925e+01  7.08379657e-04 -2.38774160e+03  7.08379657e-04 -7.85478365e+101  7.08379657e-04  7.90429805e+107  7.08379657e-04  7.87406294e+107 
 7.11046657e-04 -2.91059302e-01  7.11046657e-04 -1.88943779e+01  7.11046657e-04 -2.37688264e+03  7.11046657e-04 -2.47692698e+102  7.11046657e-04  2.49254110e+108  7.11046657e-04  2.48300676e+108 
 7.13713657e-04 -2.92236540e-01  7.13713657e-04 -1.90728578e+01  7.13713657e-04 -2.36568943e+03  7.13713657e-04 -7.81074001e+102  7.13713657e-04  7.85997832e+108  7.13713657e-04  7.82991274e+108 
 7.16380657e-04 -2.93331718e-01  7.16380657e-04 -1.92459820e+01  7.16380657e-04 -2.35416440e+03  7.16380657e-04 -2.46303828e+103  7.16380657e-04  2.47856532e+109  7.16380657e-04  2.46908444e+109 
 7.19047657e-04 -2.94344529e-01  7.19047657e-04 -1.94137019e+01  7.19047657e-04 -2.34231008e+03  7.19047657e-04 -7.76694345e+103  7.19047657e-04  7.81590709e+109  7.19047657e-04  7.78601009e+109 
 7.21714657e-04 -2.95274688e-01  7.21714657e-04 -1.95759705e+01  7.21714657e-04 -2.33012909e+03  7.21714657e-04 -2.44922749e+104  7.21714657e-04  2.46466790e+110  7.21714657e-04  2.45524018e+110 
 7.24381657e-04 -2.96121934e-01  7.24381657e-04 -1.97327422e+01  7.24381657e-04 -2.31762414e+03  7.24381657e-04 -7.72339258e+104  7.24381657e-04  7.77208297e+110  7.24381657e-04  7.74235360e+110 
 7.27048657e-04 -2.96886030e-01  7.27048657e-04 -1.98839729e+01  7.27048657e-04 -2.30479805e+03  7.27048657e-04 -2.43549418e+105  7.27048657e-04  2.45084840e+111  7.27048657e-04  2.44147354e+111 
 7.29715657e-04 -2.97566760e-01  7.29715657e-04 -2.00296203e+01  7.29715657e-04 -2.29165369e+03  7.29715657e-04 -7.68008601e+105  7.29715657e-04  7.72850458e+111  7.29715657e-04  7.69894190e+111 
 7.32382657e-04 -2.98163934e-01  7.32382657e-04 -2.01696433e+01  7.32382657e-04 -2.27819405e+03  7.32382657e-04 -2.42183791e+106  7.32382657e-04  2.43710639e+112  7.32382657e-04  2.42778410e+112 
 7.35049657e-04 -2.98677383e-01  7.35049657e-04 -2.03040028e+01  7.35049657e-04 -2.26442220e+03  7.35049657e-04 -7.63702238e+106  7.35049657e-04  7.68517054e+112  7.35049657e-04  7.65577362e+112 
 7.37716657e-04 -2.99106965e-01  7.37716657e-04 -2.04326609e+01  7.37716657e-04 -2.25034129e+03  7.37716657e-04 -2.40825824e+107  7.37716657e-04  2.42344144e+113  7.37716657e-04  2.41417142e+113 
 7.40383657e-04 -2.99452557e-01  7.40383657e-04 -2.05555815e+01  7.40383657e-04 -2.23595457e+03  7.40383657e-04 -7.59420031e+107  7.40383657e-04  7.64207949e+113  7.40383657e-04  7.61284739e+113 
 7.43050657e-04 -2.99714063e-01  7.43050657e-04 -2.06727301e+01  7.43050657e-04 -2.22126536e+03  7.43050657e-04 -2.39475475e+108  7.43050657e-04  2.40985311e+114  7.43050657e-04  2.40063506e+114 
 7.45717657e-04 -2.99891410e-01  7.45717657e-04 -2.07840739e+01  7.45717657e-04 -2.20627708e+03  7.45717657e-04 -7.55161845e+108  7.45717657e-04  7.59923006e+114  7.45717657e-04  7.57016187e+114 
 7.48384657e-04 -2.99984548e-01  7.48384657e-04 -2.08895815e+01  7.48384657e-04 -2.19099321e+03  7.48384657e-04 -2.38132700e+109  7.48384657e-04  2.39634097e+115  7.48384657e-04  2.38717461e+115 
 7.51051657e-04 -2.99993451e-01  7.51051657e-04 -2.09892233e+01  7.51051657e-04 -2.17541733e+03  7.51051657e-04 -7.50927544e+109  7.51051657e-04  7.55662090e+115  7.51051657e-04  7.52771570e+115 
 7.53718657e-04 -2.99918115e-01  7.53718657e-04 -2.10829714e+01  7.53718657e-04 -2.15955311e+03  7.53718657e-04 -2.36797457e+110  7.53718657e-04  2.38290461e+116  7.53718657e-04  2.37378964e+116 
 7.56385657e-04 -2.99758563e-01  7.56385657e-04 -2.11707994e+01  7.56385657e-04 -2.14340429e+03  7.56385657e-04 -7.46716993e+110  7.56385657e-04  7.51425067e+116  7.56385657e-04  7.48550753e+116 
 7.59052657e-04 -2.99514839e-01  7.59052657e-04 -2.12526826e+01  7.59052657e-04 -2.12697468e+03  7.59052657e-04 -2.35469703e+111  7.59052657e-04  2.36954358e+117  7.59052657e-04  2.36047972e+117 
 7.61719657e-04 -2.99187011e-01  7.61719657e-04 -2.13285981e+01  7.61719657e-04 -2.11026817e+03  7.61719657e-04 -7.42530059e+111  7.61719657e-04  7.47211802e+117  7.61719657e-04  7.44353605e+117 
 7.64386657e-04 -2.98775172e-01  7.64386657e-04 -2.13985246e+01  7.64386657e-04 -2.09328876e+03  7.64386657e-04 -2.34149397e+112  7.64386657e-04  2.35625747e+118  7.64386657e-04  2.34724444e+118 
 7.67053657e-04 -2.98279437e-01  7.67053657e-04 -2.14624424e+01  7.67053657e-04 -2.07604048e+03  7.67053657e-04 -7.38366609e+112  7.67053657e-04  7.43022162e+118  7.67053657e-04  7.40179992e+118 
 7.69720657e-04 -2.97699946e-01  7.69720657e-04 -2.15203336e+01  7.69720657e-04 -2.05852747e+03  7.69720657e-04 -2.32836496e+113  7.69720657e-04  2.34304587e+119  7.69720657e-04  2.33408337e+119 
 7.72387657e-04 -2.97036861e-01  7.72387657e-04 -2.15721818e+01  7.72387657e-04 -2.04075392e+03  7.72387657e-04 -7.34226511e+113  7.72387657e-04  7.38856016e+119  7.72387657e-04  7.36029781e+119 
 7.75054657e-04 -2.96290368e-01  7.75054657e-04 -2.16179726e+01  7.75054657e-04 -2.02272412e+03  7.75054657e-04 -2.31530959e+114  7.75054657e-04  2.32990835e+120  7.75054657e-04  2.32099610e+120 
 7.77721657e-04 -2.95460677e-01  7.77721657e-04 -2.16576932e+01  7.77721657e-04 -2.00444239e+03  7.77721657e-04 -7.30109634e+114  7.77721657e-04  7.34713231e+120  7.77721657e-04  7.31902843e+120 
 7.80388657e-04 -2.94548021e-01  7.80388657e-04 -2.16913322e+01  7.80388657e-04 -1.98591318e+03  7.80388657e-04 -2.30232744e+115  7.80388657e-04  2.31684449e+121  7.80388657e-04  2.30798222e+121 
 7.83055657e-04 -2.93552656e-01  7.83055657e-04 -2.17188804e+01  7.83055657e-04 -1.96714095e+03  7.83055657e-04 -7.26015846e+115  7.83055657e-04  7.30593677e+121  7.83055657e-04  7.27799046e+121 
 7.85722657e-04 -2.92474862e-01  7.85722657e-04 -2.17403299e+01  7.85722657e-04 -1.94813026e+03  7.85722657e-04 -2.28941809e+116  7.85722657e-04  2.30385389e+122  7.85722657e-04  2.29504131e+122 
 7.88389657e-04 -2.91314941e-01  7.88389657e-04 -2.17556747e+01  7.88389657e-04 -1.92888574e+03  7.88389657e-04 -7.21945017e+116  7.88389657e-04  7.26497222e+122  7.88389657e-04  7.23718261e+122 
 7.91056657e-04 -2.90073220e-01  7.91056657e-04 -2.17649106e+01  7.91056657e-04 -1.90941207e+03  7.91056657e-04 -2.27658116e+117  7.91056657e-04  2.29093614e+123  7.91056657e-04  2.28217296e+123 
 7.93723657e-04 -2.88750046e-01  7.93723657e-04 -2.17680349e+01  7.93723657e-04 -1.88971400e+03  7.93723657e-04 -7.17897020e+117  7.93723657e-04  7.22423738e+123  7.93723657e-04  7.19660359e+123 
 7.96390657e-04 -2.87345791e-01  7.96390657e-04 -2.17650468e+01  7.96390657e-04 -1.86979635e+03  7.96390657e-04 -2.26381621e+118  7.96390657e-04  2.27809082e+124  7.96390657e-04  2.26937678e+124 
 7.99057657e-04 -2.85860850e-01  7.99057657e-04 -2.17559471e+01  7.99057657e-04 -1.84966400e+03  7.99057657e-04 -7.13871725e+118  7.99057657e-04  7.18373095e+124  7.99057657e-04  7.15625210e+124 
 8.01724657e-04 -2.84295639e-01  8.01724657e-04 -2.17407383e+01  8.01724657e-04 -1.82932187e+03  8.01724657e-04 -2.25112285e+119  8.01724657e-04  2.26531752e+125  8.01724657e-04  2.25665234e+125 
 8.04391657e-04 -2.82650599e-01  8.04391657e-04 -2.17194247e+01  8.04391657e-04 -1.80877498e+03  8.04391657e-04 -7.09869004e+119  8.04391657e-04  7.14345166e+125  8.04391657e-04  7.11612689e+125 
 8.07058657e-04 -2.80926190e-01  8.07058657e-04 -2.16920124e+01  8.07058657e-04 -1.78802836e+03  8.07058657e-04 -2.23850068e+120  8.07058657e-04  2.25261585e+126  8.07058657e-04  2.24399926e+126 
 8.09725657e-04 -2.79122898e-01  8.09725657e-04 -2.16585089e+01  8.09725657e-04 -1.76708714e+03  8.09725657e-04 -7.05888731e+120  8.09725657e-04  7.10339823e+126  8.09725657e-04  7.07622667e+126 
 8.12392657e-04 -2.77241228e-01  8.12392657e-04 -2.16189238e+01  8.12392657e-04 -1.74595647e+03  8.12392657e-04 -2.22594930e+121  8.12392657e-04  2.23998541e+127  8.12392657e-04  2.23141713e+127 
 8.15059657e-04 -2.75281709e-01  8.15059657e-04 -2.15732681e+01  8.15059657e-04 -1.72464157e+03  8.15059657e-04 -7.01930780e+121  8.15059657e-04  7.06356940e+127  8.15059657e-04  7.03655018e+127 
 8.17726657e-04 -2.73244891e-01  8.17726657e-04 -2.15215546e+01  8.17726657e-04 -1.70314772e+03  8.17726657e-04 -2.21346830e+122  8.17726657e-04  2.22742579e+128  8.17726657e-04  2.21890555e+128 
 8.20393657e-04 -2.71131347e-01  8.20393657e-04 -2.14637979e+01  8.20393657e-04 -1.68148024e+03  8.20393657e-04 -6.97995025e+122  8.20393657e-04  7.02396390e+128  8.20393657e-04  6.99709618e+128 
 8.23060657e-04 -2.68941669e-01  8.23060657e-04 -2.14000142e+01  8.23060657e-04 -1.65964449e+03  8.23060657e-04 -2.20105730e+123  8.23060657e-04  2.21493659e+129  8.23060657e-04  2.20646413e+129 
 8.25727657e-04 -2.66676472e-01  8.25727657e-04 -2.13302214e+01  8.25727657e-04 -1.63764590e+03  8.25727657e-04 -6.94081341e+123  8.25727657e-04  6.98458048e+129  8.25727657e-04  6.95786341e+129 
 8.28394657e-04 -2.64336393e-01  8.28394657e-04 -2.12544391e+01  8.28394657e-04 -1.61548993e+03  8.28394657e-04 -2.18871589e+124  8.28394657e-04  2.20251743e+130  8.28394657e-04  2.19409247e+130 
 8.31061657e-04 -2.61922089e-01  8.31061657e-04 -2.11726886e+01  8.31061657e-04 -1.59318208e+03  8.31061657e-04 -6.90189604e+124  8.31061657e-04  6.94541789e+130  8.31061657e-04  6.91885062e+130 
 8.33728657e-04 -2.59434237e-01  8.33728657e-04 -2.10849928e+01  8.33728657e-04 -1.57072791e+03  8.33728657e-04 -2.17644370e+125  8.33728657e-04  2.19016790e+131  8.33728657e-04  2.18179018e+131 
 8.36395657e-04 -2.56873536e-01  8.36395657e-04 -2.09913763e+01  8.36395657e-04 -1.54813301e+03  8.36395657e-04 -6.86319692e+125  8.36395657e-04  6.90647490e+131  8.36395657e-04  6.88005660e+131 
 8.39062657e-04 -2.54240705e-01  8.39062657e-04 -2.08918655e+01  8.39062657e-04 -1.52540302e+03  8.39062657e-04 -2.16424032e+126  8.39062657e-04  2.17788762e+132  8.39062657e-04  2.16955687e+132 
 8.41729657e-04 -2.51536484e-01  8.41729657e-04 -2.07864883e+01  8.41729657e-04 -1.50254360e+03  8.41729657e-04 -6.82471480e+126  8.41729657e-04  6.86775028e+132  8.41729657e-04  6.84148010e+132 
 8.44396657e-04 -2.48761632e-01  8.44396657e-04 -2.06752742e+01  8.44396657e-04 -1.47956047e+03  8.44396657e-04 -2.15210537e+127  8.44396657e-04  2.16567620e+133  8.44396657e-04  2.15739216e+133 
 8.47063657e-04 -2.45916927e-01  8.47063657e-04 -2.05582546e+01  8.47063657e-04 -1.45645937e+03  8.47063657e-04 -6.78644849e+127  8.47063657e-04  6.82924280e+133  8.47063657e-04  6.80311992e+133 
 8.49730657e-04 -2.43003169e-01  8.49730657e-04 -2.04354622e+01  8.49730657e-04 -1.43324608e+03  8.49730657e-04 -2.14003848e+128  8.49730657e-04  2.15353325e+134  8.49730657e-04  2.14529567e+134 
 8.52397657e-04 -2.40021177e-01  8.52397657e-04 -2.03069316e+01  8.52397657e-04 -1.40992640e+03  8.52397657e-04 -6.74839675e+128  8.52397657e-04  6.79095124e+134  8.52397657e-04  6.76497483e+134 
 8.55064657e-04 -2.36971786e-01  8.55064657e-04 -2.01726988e+01  8.55064657e-04 -1.38650618e+03  8.55064657e-04 -2.12803925e+129  8.55064657e-04  2.14145840e+135  8.55064657e-04  2.13326700e+135 
 8.57731657e-04 -2.33855854e-01  8.57731657e-04 -2.00328015e+01  8.57731657e-04 -1.36299129e+03  8.57731657e-04 -6.71055840e+129  8.57731657e-04  6.75287438e+135  8.57731657e-04  6.72704362e+135 
 8.60398657e-04 -2.30674256e-01  8.60398657e-04 -1.98872790e+01  8.60398657e-04 -1.33938762e+03  8.60398657e-04 -2.11610731e+130  8.60398657e-04  2.12945124e+136  8.60398657e-04  2.12130577e+136 
 8.63065657e-04 -2.27427884e-01  8.63065657e-04 -1.97361722e+01  8.63065657e-04 -1.31570109e+03  8.63065657e-04 -6.67293222e+130  8.63065657e-04  6.71501104e+136  8.63065657e-04  6.68932511e+136 
 8.65732657e-04 -2.24117651e-01  8.65732657e-04 -1.95795235e+01  8.65732657e-04 -1.29193766e+03  8.65732657e-04 -2.10424227e+131  8.65732657e-04  2.11751142e+137  8.65732657e-04  2.10941162e+137 
 8.68399657e-04 -2.20744486e-01  8.68399657e-04 -1.94173769e+01  8.68399657e-04 -1.26810328e+03  8.68399657e-04 -6.63551703e+131  8.68399657e-04  6.67736000e+137  8.68399657e-04  6.65181809e+137 
 8.71066657e-04 -2.17309337e-01  8.71066657e-04 -1.92497779e+01  8.71066657e-04 -1.24420395e+03  8.71066657e-04 -2.09244377e+132  8.71066657e-04  2.10563854e+138  8.71066657e-04  2.09758416e+138 
 8.73733657e-04 -2.13813166e-01  8.73733657e-04 -1.90767736e+01  8.73733657e-04 -1.22024568e+03  8.73733657e-04 -6.59831165e+132  8.73733657e-04  6.63992008e+138  8.73733657e-04  6.61452139e+138 
 8.76400657e-04 -2.10256958e-01  8.76400657e-04 -1.88984126e+01  8.76400657e-04 -1.19623448e+03  8.76400657e-04 -2.08071143e+133  8.76400657e-04  2.09383224e+139  8.76400657e-04  2.08582302e+139 
 8.79067657e-04 -2.06641709e-01  8.79067657e-04 -1.87147449e+01  8.79067657e-04 -1.17217641e+03  8.79067657e-04 -6.56131489e+133  8.79067657e-04  6.60269009e+139  8.79067657e-04  6.57743381e+139 
 8.81734657e-04 -2.02968436e-01  8.81734657e-04 -1.85258221e+01  8.81734657e-04 -1.14807751e+03  8.81734657e-04 -2.06904487e+134  8.81734657e-04  2.08209214e+140  8.81734657e-04  2.07412782e+140 
 8.84401657e-04 -1.99238169e-01  8.84401657e-04 -1.83316973e+01  8.84401657e-04 -1.12394386e+03  8.84401657e-04 -6.52452558e+134  8.84401657e-04  6.56566886e+140  8.84401657e-04  6.54055419e+140 
 8.87068657e-04 -1.95451956e-01  8.87068657e-04 -1.81324250e+01  8.87068657e-04 -1.09978153e+03  8.87068657e-04 -2.05744374e+135  8.87068657e-04  2.07041787e+141  8.87068657e-04  2.06249820e+141 
 8.89735657e-04 -1.91610861e-01  8.89735657e-04 -1.79280611e+01  8.89735657e-04 -1.07559660e+03  8.89735657e-04 -6.48794257e+135  8.89735657e-04  6.52885521e+141  8.89735657e-04  6.50388136e+141 
 8.92402657e-04 -1.87715961e-01  8.92402657e-04 -1.77186630e+01  8.92402657e-04 -1.05139517e+03  8.92402657e-04 -2.04590765e+136  8.92402657e-04  2.05880905e+142  8.92402657e-04  2.05093380e+142 
 8.95069657e-04 -1.83768352e-01  8.95069657e-04 -1.75042895e+01  8.95069657e-04 -1.02718335e+03  8.95069657e-04 -6.45156469e+136  8.95069657e-04  6.49224799e+142  8.95069657e-04  6.46741416e+142 
 8.97736657e-04 -1.79769140e-01  8.97736657e-04 -1.72850009e+01  8.97736657e-04 -1.00296722e+03  8.97736657e-04 -2.03443625e+137  8.97736657e-04  2.04726533e+143  8.97736657e-04  2.03943423e+143 
 9.00403657e-04 -1.75719449e-01  9.00403657e-04 -1.70608586e+01  9.00403657e-04 -9.78752901e+02  9.00403657e-04 -6.41539079e+137  9.00403657e-04  6.45584602e+143  9.00403657e-04  6.43115144e+143 
 9.03070657e-04 -1.71620416e-01  9.03070657e-04 -1.68319257e+01  9.03070657e-04 -9.54546495e+02  9.03070657e-04 -2.02302918e+138  9.03070657e-04  2.03578634e+144  9.03070657e-04  2.02799915e+144 
 9.05737657e-04 -1.67473192e-01  9.05737657e-04 -1.65982663e+01  9.05737657e-04 -9.30354105e+02  9.05737657e-04 -6.37941973e+138  9.05737657e-04  6.41964816e+144  9.05737657e-04  6.39509204e+144 
 9.08404657e-04 -1.63278942e-01  9.08404657e-04 -1.63599462e+01  9.08404657e-04 -9.06181833e+02  9.08404657e-04 -2.01168607e+139  9.08404657e-04  2.02437171e+145  9.08404657e-04  2.01662818e+145 
 9.11071657e-04 -1.59038844e-01  9.11071657e-04 -1.61170323e+01  9.11071657e-04 -8.82035774e+02  9.11071657e-04 -6.34365037e+139  9.11071657e-04  6.38365328e+145  9.11071657e-04  6.35923484e+145 
 9.13738657e-04 -1.54754087e-01  9.13738657e-04 -1.58695927e+01  9.13738657e-04 -8.57922018e+02  9.13738657e-04 -2.00040656e+140  9.13738657e-04  2.01302108e+146  9.13738657e-04  2.00532097e+146 
 9.16405657e-04 -1.50425876e-01  9.16405657e-04 -1.56176969e+01  9.16405657e-04 -8.33846647e+02  9.16405657e-04 -6.30808157e+140  9.16405657e-04  6.34786021e+146  9.16405657e-04  6.32357869e+146 
 9.19072657e-04 -1.46055425e-01  9.19072657e-04 -1.53614157e+01  9.19072657e-04 -8.09815734e+02  9.19072657e-04 -1.98919030e+141  9.19072657e-04  2.00173410e+147  9.19072657e-04  1.99407716e+147 
 9.21739657e-04 -1.41643962e-01  9.21739657e-04 -1.51008210e+01  9.21739657e-04 -7.85835337e+02  9.21739657e-04 -6.27271222e+141  9.21739657e-04  6.31226785e+147  9.21739657e-04  6.28812247e+147 
 9.24406657e-04 -1.37192726e-01  9.24406657e-04 -1.48359861e+01  9.24406657e-04 -7.61911505e+02  9.24406657e-04 -1.97803693e+142  9.24406657e-04  1.99051040e+148  9.24406657e-04  1.98289640e+148 
 9.27073657e-04 -1.32702966e-01  9.27073657e-04 -1.45669852e+01  9.27073657e-04 -7.38050270e+02  9.27073657e-04 -6.23754119e+142  9.27073657e-04  6.27687505e+148  9.27073657e-04  6.25286506e+148 
 9.29740657e-04 -1.28175943e-01  9.29740657e-04 -1.42938939e+01  9.29740657e-04 -7.14257647e+02  9.29740657e-04 -1.96694609e+143  9.29740657e-04  1.97934964e+149  9.29740657e-04  1.97177833e+149 
 9.32407657e-04 -1.23612929e-01  9.32407657e-04 -1.40167889e+01  9.32407657e-04 -6.90539634e+02  9.32407657e-04 -6.20256736e+143  9.32407657e-04  6.24168071e+149  9.32407657e-04  6.21780534e+149 
 9.35074657e-04 -1.19015204e-01  9.35074657e-04 -1.37357480e+01  9.35074657e-04 -6.66902209e+02  9.35074657e-04 -1.95591745e+144  9.35074657e-04  1.96825146e+150  9.35074657e-04  1.96072260e+150 
 9.37741657e-04 -1.14384059e-01  9.37741657e-04 -1.34508501e+01  9.37741657e-04 -6.43351327e+02  9.37741657e-04 -6.16778965e+144  9.37741657e-04  6.20668370e+150  9.37741657e-04  6.18294220e+150 
 9.40408657e-04 -1.09720796e-01  9.40408657e-04 -1.31621752e+01  9.40408657e-04 -6.19892921e+02  9.40408657e-04 -1.94495065e+145  9.40408657e-04  1.95721550e+151  9.40408657e-04  1.94972886e+151 
 9.43075657e-04 -1.05026724e-01  9.43075657e-04 -1.28698044e+01  9.43075657e-04 -5.96532899e+02  9.43075657e-04 -6.13320693e+145  9.43075657e-04  6.17188292e+151  9.43075657e-04  6.14827454e+151 
 9.45742657e-04 -1.00303159e-01  9.45742657e-04 -1.25738198e+01  9.45742657e-04 -5.73277142e+02  9.45742657e-04 -1.93404534e+146  9.45742657e-04  1.94624142e+152  9.45742657e-04  1.93879676e+152 
 9.48409657e-04 -9.55514303e-02  9.48409657e-04 -1.22743044e+01  9.48409657e-04 -5.50131503e+02  9.48409657e-04 -6.09881813e+146  9.48409657e-04  6.13727728e+152  9.48409657e-04  6.11380127e+152 
 9.51076657e-04 -9.07728704e-02  9.51076657e-04 -1.19713425e+01  9.51076657e-04 -5.27101805e+02  9.51076657e-04 -1.92320117e+147  9.51076657e-04  1.93532888e+153  9.51076657e-04  1.92792596e+153 
 9.53743657e-04 -8.59688216e-02  9.53743657e-04 -1.16650190e+01  9.53743657e-04 -5.04193841e+02  9.53743657e-04 -6.06462214e+147  9.53743657e-04  6.10286567e+153  9.53743657e-04  6.07952129e+153 
 9.56410657e-04 -8.11406328e-02  9.56410657e-04 -1.13554199e+01  9.56410657e-04 -4.81413368e+02  9.56410657e-04 -1.91241781e+148  9.56410657e-04  1.92447753e+154  9.56410657e-04  1.91711611e+154 
 9.59077657e-04 -7.62896598e-02  9.59077657e-04 -1.10426323e+01  9.59077657e-04 -4.58766110e+02  9.59077657e-04 -6.03061790e+148  9.59077657e-04  6.06864700e+154  9.59077657e-04  6.04543351e+154 
 9.61744657e-04 -7.14172647e-02  9.61744657e-04 -1.07267440e+01  9.61744657e-04 -4.36257755e+02  9.61744657e-04 -1.90169492e+149  9.61744657e-04  1.91368701e+155  9.61744657e-04  1.90636687e+155 
 9.64411657e-04 -6.65248158e-02  9.64411657e-04 -1.04078435e+01  9.64411657e-04 -4.13893954e+02  9.64411657e-04 -5.99680433e+149  9.64411657e-04  6.03462021e+155  9.64411657e-04  6.01153688e+155 
 9.67078657e-04 -6.16136867e-02  9.67078657e-04 -1.00860206e+01  9.67078657e-04 -3.91680315e+02  9.67078657e-04 -1.89103214e+150  9.67078657e-04  1.90295700e+156  9.67078657e-04  1.89567791e+156 
 9.69745657e-04 -5.66852566e-02  9.69745657e-04 -9.76136550e+00  9.69745657e-04 -3.69622409e+02  9.69745657e-04 -5.96318034e+150  9.69745657e-04  6.00078420e+156  9.69745657e-04  5.97783030e+156 
 9.72412657e-04 -5.17409093e-02  9.72412657e-04 -9.43396943e+00  9.72412657e-04 -3.47725761e+02  9.72412657e-04 -1.88042916e+151  9.72412657e-04  1.89228716e+157  9.72412657e-04  1.88504888e+157 
 9.75079657e-04 -4.67820332e-02  9.75079657e-04 -9.10392431e+00  9.75079657e-04 -3.25995855e+02  9.75079657e-04 -5.92974489e+151  9.75079657e-04  5.96713792e+157  9.75079657e-04  5.94431271e+157 
 9.77746657e-04 -4.18100208e-02  9.77746657e-04 -8.77132282e+00  9.77746657e-04 -3.04438127e+02  9.77746657e-04 -1.86988563e+152  9.77746657e-04  1.88167714e+158  9.77746657e-04  1.87447944e+158 
 9.80413657e-04 -3.68262681e-02  9.80413657e-04 -8.43625834e+00  9.80413657e-04 -2.83057968e+02  9.80413657e-04 -5.89649692e+152  9.80413657e-04  5.93368029e+158  9.80413657e-04  5.91098306e+158 
 9.83080657e-04 -3.18321747e-02  9.83080657e-04 -8.09882498e+00  9.83080657e-04 -2.61860717e+02  9.83080657e-04 -1.85940121e+153  9.83080657e-04  1.87112661e+159  9.83080657e-04  1.86396927e+159 
 9.85747657e-04 -2.68291428e-02  9.85747657e-04 -7.75911748e+00  9.85747657e-04 -2.40851666e+02  9.85747657e-04 -5.86343537e+153  9.85747657e-04  5.90041025e+159  9.85747657e-04  5.87784029e+159 
 9.88414657e-04 -2.18185773e-02  9.88414657e-04 -7.41723122e+00  9.88414657e-04 -2.20036054e+02  9.88414657e-04 -1.84897558e+154  9.88414657e-04  1.86063524e+160  9.88414657e-04  1.85351803e+160 
 9.91081657e-04 -1.68018852e-02  9.91081657e-04 -7.07326221e+00  9.91081657e-04 -1.99419066e+02  9.91081657e-04 -5.83055920e+154  9.91081657e-04  5.86732677e+160  9.91081657e-04  5.84488336e+160 
 9.93748657e-04 -1.17804752e-02  9.93748657e-04 -6.72730704e+00  9.93748657e-04 -1.79005835e+02  9.93748657e-04 -1.83860841e+155  9.93748657e-04  1.85020270e+161  9.93748657e-04  1.84312539e+161 
 9.96415657e-04 -6.75575715e-03  9.96415657e-04 -6.37946284e+00  9.96415657e-04 -1.58801435e+02  9.96415657e-04 -5.79786736e+155  9.96415657e-04  5.83442878e+161  9.96415657e-04  5.81211121e+161 
 9.99082657e-04 -1.72914213e-03  9.99082657e-04 -6.02982730e+00  9.99082657e-04 -1.38810885e+02  9.99082657e-04 -1.82829937e+156  9.99082657e-04  1.83982865e+162  9.99082657e-04  1.83279102e+162 
 1.00174966e-03  3.29795843e-03  1.00174966e-03 -5.67849859e+00  1.00174966e-03 -1.19039144e+02  1.00174966e-03 -5.76535883e+156  1.00174966e-03  5.80171525e+162  1.00174966e-03  5.77952282e+162 
 1.00441666e-03  8.32413292e-03  1.00441666e-03 -5.32557536e+00  1.00441666e-03 -9.94911097e+01  1.00441666e-03 -1.81804813e+157  1.00441666e-03  1.82951276e+163  1.00441666e-03  1.82251460e+163 
 1.00708366e-03  1.33479700e-02  1.00708366e-03 -4.97115672e+00  1.00708366e-03 -8.01716205e+01  1.00708366e-03 -5.73303258e+157  1.00708366e-03  5.76918515e+163  1.00708366e-03  5.74711715e+163 
 1.00975066e-03  1.83680590e-02  1.00975066e-03 -4.61534218e+00  1.00975066e-03 -6.10854505e+01  1.00975066e-03 -1.80785437e+158  1.00975066e-03  1.81925472e+164  1.00975066e-03  1.81229580e+164 
 1.01241766e-03  2.33829903e-02  1.01241766e-03 -4.25823166e+00  1.01241766e-03 -4.22373096e+01  1.01241766e-03 -5.70088758e+158  1.01241766e-03  5.73683745e+164  1.01241766e-03  5.71489318e+164 
 1.01508466e-03  2.83913556e-02  1.01508466e-03 -3.89992543e+00  1.01508466e-03 -2.36318422e+01  1.01508466e-03 -1.79771777e+159  1.01508466e-03  1.80905420e+165  1.01508466e-03  1.80213429e+165 
 1.01775166e-03  3.33917487e-02  1.01775166e-03 -3.54052411e+00  1.01775166e-03 -5.27362597e+00  1.01775166e-03 -5.66892281e+159  1.01775166e-03  5.70467112e+165  1.01775166e-03  5.68284989e+165 
 1.02041866e-03  3.83827654e-02  1.02041866e-03 -3.18012861e+00  1.02041866e-03  1.28328298e+01  1.02041866e-03 -1.78763800e+160  1.02041866e-03  1.79891087e+166  1.02041866e-03  1.79202976e+166 
 1.02308566e-03  4.33630042e-02  1.02308566e-03 -2.81884013e+00  1.02308566e-03  3.06830853e+01  1.02308566e-03 -5.63713728e+160  1.02308566e-03  5.67268514e+166  1.02308566e-03  5.65098627e+166 
 1.02575266e-03  4.83310668e-02  1.02575266e-03 -2.45676013e+00  1.02575266e-03  4.82727713e+01  1.02575266e-03 -1.77761475e+161  1.02575266e-03  1.78882441e+167  1.02575266e-03  1.78198189e+167 
 1.02841966e-03  5.32855580e-02  1.02841966e-03 -2.09399027e+00  1.02841966e-03  6.55975905e+01  1.02841966e-03 -5.60552997e+161  1.02841966e-03  5.64087851e+167  1.02841966e-03  5.61930130e+167 
 1.03108666e-03  5.82250868e-02  1.03108666e-03 -1.73063242e+00  1.03108666e-03  8.26533187e+01  1.03108666e-03 -1.76764770e+162  1.03108666e-03  1.77879451e+168  1.03108666e-03  1.77199035e+168 
 1.03375366e-03  6.31482659e-02  1.03375366e-03 -1.36678861e+00  1.03375366e-03  9.94358062e+01  1.03375366e-03 -5.57409988e+162  1.03375366e-03  5.60925023e+168  1.03375366e-03  5.58779400e+168 
 1.03642066e-03  6.80537131e-02  1.03642066e-03 -1.00256101e+00  1.03642066e-03  1.15940978e+02  1.03642066e-03 -1.75773654e+163  1.03642066e-03  1.76882085e+169  1.03642066e-03  1.76205484e+169 
 1.03908766e-03  7.29400509e-02  1.03908766e-03 -6.38051888e-01  1.03908766e-03  1.32164838e+02  1.03908766e-03 -5.54284601e+163  1.03908766e-03  5.57779928e+169  1.03908766e-03  5.55646335e+169 
 1.04175466e-03  7.78059072e-02  1.04175466e-03 -2.73363605e-01  1.04175466e-03  1.48103464e+02  1.04175466e-03 -1.74788094e+164  1.04175466e-03  1.75890310e+170  1.04175466e-03  1.75217504e+170 
 1.04442166e-03  8.26499156e-02  1.04442166e-03  9.14014391e-02  1.04442166e-03  1.63753015e+02  1.04442166e-03 -5.51176739e+164  1.04442166e-03  5.54652468e+170  1.04442166e-03  5.52530838e+170 
 1.04708866e-03  8.74707161e-02  1.04708866e-03  4.56140817e-01  1.04708866e-03  1.79109731e+02  1.04708866e-03 -1.73808061e+165  1.04708866e-03  1.74904097e+171  1.04708866e-03  1.74235063e+171 
 1.04975566e-03  9.22669548e-02  1.04975566e-03  8.20752111e-01  1.04975566e-03  1.94169931e+02  1.04975566e-03 -5.48086303e+165  1.04975566e-03  5.51542543e+171  1.04975566e-03  5.49432809e+171 
 1.05242266e-03  9.70372851e-02  1.05242266e-03  1.18513294e+00  1.05242266e-03  2.08930017e+02  1.05242266e-03 -1.72833523e+166  1.05242266e-03  1.73923414e+172  1.05242266e-03  1.73258130e+172 
 1.05508966e-03  1.01780367e-01  1.05508966e-03  1.54918098e+00  1.05508966e-03  2.23386472e+02  1.05508966e-03 -5.45013195e+166  1.05508966e-03  5.48450056e+172  1.05508966e-03  5.46352151e+172 
 1.05775666e-03  1.06494870e-01  1.05775666e-03  1.91279401e+00  1.05775666e-03  2.37535866e+02  1.05775666e-03 -1.71864449e+167  1.05775666e-03  1.72948229e+173  1.05775666e-03  1.72286676e+173 
 1.06042366e-03  1.11179469e-01  1.06042366e-03  2.27586994e+00  1.06042366e-03  2.51374852e+02  1.06042366e-03 -5.41957318e+167  1.06042366e-03  5.45374908e+173  1.06042366e-03  5.43288767e+173 
 1.06309066e-03  1.15832848e-01  1.06309066e-03  2.63830680e+00  1.06309066e-03  2.64900169e+02  1.06309066e-03 -1.70900809e+168  1.06309066e-03  1.71978512e+174  1.06309066e-03  1.71320668e+174 
 1.06575766e-03  1.20453702e-01  1.06575766e-03  3.00000282e+00  1.06575766e-03  2.78108644e+02  1.06575766e-03 -5.38918575e+168  1.06575766e-03  5.42317003e+174  1.06575766e-03  5.40242558e+174 
 1.06842466e-03  1.25040733e-01  1.06842466e-03  3.36085645e+00  1.06842466e-03  2.90997189e+02  1.06842466e-03 -1.69942572e+169  1.06842466e-03  1.71014232e+175  1.06842466e-03  1.70360077e+175 
 1.07109166e-03  1.29592653e-01  1.07109166e-03  3.72076636e+00  1.07109166e-03  3.03562809e+02  1.07109166e-03 -5.35896870e+169  1.07109166e-03  5.39276243e+175  1.07109166e-03  5.37213430e+175 
 1.07375866e-03  1.34108182e-01  1.07375866e-03  4.07963147e+00  1.07375866e-03  3.15802593e+02  1.07375866e-03 -1.68989708e+170  1.07375866e-03  1.70055359e+176  1.07375866e-03  1.69404872e+176 
 1.07642566e-03  1.38586055e-01  1.07642566e-03  4.43735103e+00  1.07642566e-03  3.27713724e+02  1.07642566e-03 -5.32892108e+170  1.07642566e-03  5.36252533e+176  1.07642566e-03  5.34201286e+176 
 1.07909266e-03  1.43025012e-01  1.07909266e-03  4.79382458e+00  1.07909266e-03  3.39293476e+02  1.07909266e-03 -1.68042186e+171  1.07909266e-03  1.69101862e+177  1.07909266e-03  1.68455022e+177 
 1.08175966e-03  1.47423809e-01  1.08175966e-03  5.14895204e+00  1.08175966e-03  3.50539212e+02  1.08175966e-03 -5.29904193e+171  1.08175966e-03  5.33245776e+177  1.08175966e-03  5.31206031e+177 
 1.08442666e-03  1.51781209e-01  1.08442666e-03  5.50263367e+00  1.08442666e-03  3.61448389e+02  1.08442666e-03 -1.67099977e+172  1.08442666e-03  1.68153712e+178  1.08442666e-03  1.67510498e+178 
 1.08709366e-03  1.56095989e-01  1.08709366e-03  5.85477017e+00  1.08709366e-03  3.72018558e+02  1.08709366e-03 -5.26933032e+172  1.08709366e-03  5.30255879e+178  1.08709366e-03  5.28227570e+178 
 1.08976066e-03  1.60366937e-01  1.08976066e-03  6.20526265e+00  1.08976066e-03  3.82247363e+02  1.08976066e-03 -1.66163051e+173  1.08976066e-03  1.67210878e+179  1.08976066e-03  1.66571271e+179 
 1.09242766e-03  1.64592854e-01  1.09242766e-03  6.55401270e+00  1.09242766e-03  3.92132543e+02  1.09242766e-03 -5.23978530e+173  1.09242766e-03  5.27282746e+179  1.09242766e-03  5.25265810e+179 
 1.09509466e-03  1.68772554e-01  1.09509466e-03  6.90092239e+00  1.09509466e-03  4.01671932e+02  1.09509466e-03 -1.65231379e+174  1.09509466e-03  1.66273330e+180  1.09509466e-03  1.65637309e+180 
 1.09776166e-03  1.72904863e-01  1.09776166e-03  7.24589431e+00  1.09776166e-03  4.10863459e+02  1.09776166e-03 -5.21040594e+174  1.09776166e-03  5.24326283e+180  1.09776166e-03  5.22320656e+180 
 1.10042866e-03  1.76988620e-01  1.10042866e-03  7.58883159e+00  1.10042866e-03  4.19705149e+02  1.10042866e-03 -1.64304930e+175  1.10042866e-03  1.65341039e+181  1.10042866e-03  1.64708585e+181 
 1.10309566e-03  1.81022679e-01  1.10309566e-03  7.92963793e+00  1.10309566e-03  4.28195128e+02  1.10309566e-03 -5.18119131e+175  1.10309566e-03  5.21386397e+181  1.10309566e-03  5.19392015e+181 
 1.10576266e-03  1.85005907e-01  1.10576266e-03  8.26821764e+00  1.10576266e-03  4.36331613e+02  1.10576266e-03 -1.63383676e+176  1.10576266e-03  1.64413975e+182  1.10576266e-03  1.63785067e+182 
 1.10842966e-03  1.88937185e-01  1.10842966e-03  8.60447564e+00  1.10842966e-03  4.44112924e+02  1.10842966e-03 -5.15214048e+176  1.10842966e-03  5.18462995e+182  1.10842966e-03  5.16479796e+182 
 1.11109666e-03  1.92815410e-01  1.11109666e-03  8.93831751e+00  1.11109666e-03  4.51537478e+02  1.11109666e-03 -1.62467587e+177  1.11109666e-03  1.63492110e+183  1.11109666e-03  1.62866728e+183 
 1.11376366e-03  1.96639493e-01  1.11376366e-03  9.26964950e+00  1.11376366e-03  4.58603790e+02  1.11376366e-03 -5.12325255e+177  1.11376366e-03  5.15555984e+183  1.11376366e-03  5.13583905e+183 
 1.11643066e-03  2.00408359e-01  1.11643066e-03  9.59837860e+00  1.11643066e-03  4.65310475e+02  1.11643066e-03 -1.61556635e+178  1.11643066e-03  1.62575413e+184  1.11643066e-03  1.61953538e+184 
 1.11909766e-03  2.04120952e-01  1.11909766e-03  9.92441247e+00  1.11909766e-03  4.71656247e+02  1.11909766e-03 -5.09452658e+178  1.11909766e-03  5.12665273e+184  1.11909766e-03  5.10704251e+184 
 1.12176466e-03  2.07776227e-01  1.12176466e-03  1.02476596e+01  1.12176466e-03  4.77639921e+02  1.12176466e-03 -1.60650790e+179  1.12176466e-03  1.61663856e+185  1.12176466e-03  1.61045468e+185 
 1.12443166e-03  2.11373158e-01  1.12443166e-03  1.05680292e+01  1.12443166e-03  4.83260412e+02  1.12443166e-03 -5.06596169e+179  1.12443166e-03  5.09790771e+185  1.12443166e-03  5.07840744e+185 
 1.12709866e-03  2.14910737e-01  1.12709866e-03  1.08854312e+01  1.12709866e-03  4.88516735e+02  1.12709866e-03 -1.59750025e+180  1.12709866e-03  1.60757411e+186  1.12709866e-03  1.60142489e+186 
 1.12976566e-03  2.18387968e-01  1.12976566e-03  1.11997767e+01  1.12976566e-03  4.93408007e+02  1.12976566e-03 -5.03755695e+180  1.12976566e-03  5.06932385e+186  1.12976566e-03  5.04993292e+186 
 1.13243266e-03  2.21803877e-01  1.13243266e-03  1.15109773e+01  1.13243266e-03  4.97933445e+02  1.13243266e-03 -1.58854310e+181  1.13243266e-03  1.59856048e+187  1.13243266e-03  1.59244574e+187 
 1.13509966e-03  2.25157503e-01  1.13509966e-03  1.18189456e+01  1.13509966e-03  5.02092369e+02  1.13509966e-03 -5.00931148e+181  1.13509966e-03  5.04090026e+187  1.13509966e-03  5.02161806e+187 
 1.13776666e-03  2.28447905e-01  1.13776666e-03  1.21235951e+01  1.13776666e-03  5.05884198e+02  1.13776666e-03 -1.57963618e+182  1.13776666e-03  1.58959738e+188  1.13776666e-03  1.58351693e+188 
 1.14043366e-03  2.31674159e-01  1.14043366e-03  1.24248404e+01  1.14043366e-03  5.09308456e+02  1.14043366e-03 -4.98122438e+182  1.14043366e-03  5.01263605e+188  1.14043366e-03  4.99346196e+188 
 1.14310066e-03  2.34835360e-01  1.14310066e-03  1.27225968e+01  1.14310066e-03  5.12364766e+02  1.14310066e-03 -1.57077919e+183  1.14310066e-03  1.58068455e+189  1.14310066e-03  1.57463819e+189 
 1.14576766e-03  2.37930618e-01  1.14576766e-03  1.30167807e+01  1.14576766e-03  5.15052855e+02  1.14576766e-03 -4.95329477e+183  1.14576766e-03  4.98453031e+189  1.14576766e-03  4.96546373e+189 
 1.14843466e-03  2.40959067e-01  1.14843466e-03  1.33073095e+01  1.14843466e-03  5.17372551e+02  1.14843466e-03 -1.56197187e+184  1.14843466e-03  1.57182168e+190  1.14843466e-03  1.56580923e+190 
 1.15110166e-03  2.43919854e-01  1.15110166e-03  1.35941016e+01  1.15110166e-03  5.19323785e+02  1.15110166e-03 -4.92552176e+184  1.15110166e-03  4.95658216e+190  1.15110166e-03  4.93762248e+190 
 1.15376866e-03  2.46812148e-01  1.15376866e-03  1.38770765e+01  1.15376866e-03  5.20906589e+02  1.15376866e-03 -1.55321393e+185  1.15376866e-03  1.56300851e+191  1.15376866e-03  1.55702977e+191 
 1.15643566e-03  2.49635138e-01  1.15643566e-03  1.41561547e+01  1.15643566e-03  5.22121097e+02  1.15643566e-03 -4.89790447e+185  1.15643566e-03  4.92879071e+191  1.15643566e-03  4.90993735e+191 
 1.15910266e-03  2.52388031e-01  1.15910266e-03  1.44312579e+01  1.15910266e-03  5.22967547e+02  1.15910266e-03 -1.54450509e+186  1.15910266e-03  1.55424476e+192  1.15910266e-03  1.54829954e+192 
 1.16176966e-03  2.55070053e-01  1.16176966e-03  1.47023088e+01  1.16176966e-03  5.23446277e+02  1.16176966e-03 -4.87044203e+186  1.16176966e-03  4.90115509e+192  1.16176966e-03  4.88240744e+192 
 1.16443666e-03  2.57680452e-01  1.16443666e-03  1.49692313e+01  1.16443666e-03  5.23557729e+02  1.16443666e-03 -1.53584509e+187  1.16443666e-03  1.54553014e+193  1.16443666e-03  1.53961826e+193 
 1.16710366e-03  2.60218494e-01  1.16710366e-03  1.52319505e+01  1.16710366e-03  5.23302443e+02  1.16710366e-03 -4.84313357e+187  1.16710366e-03  4.87367443e+193  1.16710366e-03  4.85503189e+193 
 1.16977066e-03  2.62683468e-01  1.16977066e-03  1.54903926e+01  1.16977066e-03  5.22681066e+02  1.16977066e-03 -1.52723364e+188  1.16977066e-03  1.53686439e+194  1.16977066e-03  1.53098565e+194 
 1.17243766e-03  2.65074680e-01  1.17243766e-03  1.57444849e+01  1.17243766e-03  5.21694342e+02  1.17243766e-03 -4.81597823e+188  1.17243766e-03  4.84634784e+194  1.17243766e-03  4.82780983e+194 
 1.17510466e-03  2.67391459e-01  1.17510466e-03  1.59941562e+01  1.17510466e-03  5.20343118e+02  1.17510466e-03 -1.51867047e+189  1.17510466e-03  1.52824723e+195  1.17510466e-03  1.52240145e+195 
 1.17777166e-03  2.69633156e-01  1.17777166e-03  1.62393364e+01  1.17777166e-03  5.18628342e+02  1.17777166e-03 -4.78897514e+189  1.17777166e-03  4.81917448e+195  1.17777166e-03  4.80074041e+195 
 1.18043866e-03  2.71799139e-01  1.18043866e-03  1.64799566e+01  1.18043866e-03  5.16551063e+02  1.18043866e-03 -1.51015532e+190  1.18043866e-03  1.51967838e+196  1.18043866e-03  1.51386538e+196 
 1.18310566e-03  2.73888802e-01  1.18310566e-03  1.67159493e+01  1.18310566e-03  5.14112430e+02  1.18310566e-03 -4.76212347e+190  1.18310566e-03  4.79215348e+196  1.18310566e-03  4.77382277e+196 
 1.18577266e-03  2.75901556e-01  1.18577266e-03  1.69472481e+01  1.18577266e-03  5.11313692e+02  1.18577266e-03 -1.50168791e+191  1.18577266e-03  1.51115758e+197  1.18577266e-03  1.50537717e+197 
 1.18843966e-03  2.77836838e-01  1.18843966e-03  1.71737881e+01  1.18843966e-03  5.08156199e+02  1.18843966e-03 -4.73542235e+191  1.18843966e-03  4.76528398e+197  1.18843966e-03  4.74705605e+197 
 1.19110666e-03  2.79694104e-01  1.19110666e-03  1.73955058e+01  1.19110666e-03  5.04641398e+02  1.19110666e-03 -1.49326798e+192  1.19110666e-03  1.50268455e+198  1.19110666e-03  1.49693655e+198 
 1.19377366e-03  2.81472831e-01  1.19377366e-03  1.76123388e+01  1.19377366e-03  5.00770838e+02  1.19377366e-03 -4.70887094e+192  1.19377366e-03  4.73856514e+198  1.19377366e-03  4.72043941e+198 
 1.19644066e-03  2.83172522e-01  1.19644066e-03  1.78242263e+01  1.19644066e-03  4.96546165e+02  1.19644066e-03 -1.48489526e+193  1.19644066e-03  1.49425903e+199  1.19644066e-03  1.48854326e+199 
 1.19910766e-03  2.84792698e-01  1.19910766e-03  1.80311088e+01  1.19910766e-03  4.91969122e+02  1.19910766e-03 -4.68246841e+193  1.19910766e-03  4.71199611e+199  1.19910766e-03  4.69397201e+199 
 1.20177466e-03  2.86332904e-01  1.20177466e-03  1.82329281e+01  1.20177466e-03  4.87041551e+02  1.20177466e-03 -1.47656949e+194  1.20177466e-03  1.48588075e+200  1.20177466e-03  1.48019704e+200 
 1.20444166e-03  2.87792709e-01  1.20444166e-03  1.84296277e+01  1.20444166e-03  4.81765393e+02  1.20444166e-03 -4.65621391e+194  1.20444166e-03  4.68557605e+200  1.20444166e-03  4.66765302e+200 
 1.20710866e-03  2.89171701e-01  1.20710866e-03  1.86211522e+01  1.20710866e-03  4.76142681e+02  1.20710866e-03 -1.46829040e+195  1.20710866e-03  1.47754945e+201  1.20710866e-03  1.47189760e+201 
 1.20977566e-03  2.90469494e-01  1.20977566e-03  1.88074480e+01  1.20977566e-03  4.70175547e+02  1.20977566e-03 -4.63010663e+195  1.20977566e-03  4.65930413e+201  1.20977566e-03  4.64148159e+201 
 1.21244266e-03  2.91685724e-01  1.21244266e-03  1.89884626e+01  1.21244266e-03  4.63866219e+02  1.21244266e-03 -1.46005773e+196  1.21244266e-03  1.46926487e+202  1.21244266e-03  1.46364471e+202 
 1.21510966e-03  2.92820049e-01  1.21510966e-03  1.91641453e+01  1.21510966e-03  4.57217018e+02  1.21510966e-03 -4.60414572e+196  1.21510966e-03  4.63317952e+202  1.21510966e-03  4.61545691e+202 
 1.21777666e-03  2.93872150e-01  1.21777666e-03  1.93344467e+01  1.21777666e-03  4.50230360e+02  1.21777666e-03 -1.45187121e+197  1.21777666e-03  1.46102673e+203  1.21777666e-03  1.45543808e+203 
 1.22044366e-03  2.94841732e-01  1.22044366e-03  1.94993190e+01  1.22044366e-03  4.42908754e+02  1.22044366e-03 -4.57833038e+197  1.22044366e-03  4.60720139e+203  1.22044366e-03  4.58957814e+203 
 1.22311066e-03  2.95728523e-01  1.22311066e-03  1.96587159e+01  1.22311066e-03  4.35254801e+02  1.22311066e-03 -1.44373061e+198  1.22311066e-03  1.45283479e+204  1.22311066e-03  1.44727747e+204 
 1.22577766e-03  2.96532273e-01  1.22577766e-03  1.98125927e+01  1.22577766e-03  4.27271197e+02  1.22577766e-03 -4.55265979e+198  1.22577766e-03  4.58136891e+204  1.22577766e-03  4.56384448e+204 
 1.22844466e-03  2.97252758e-01  1.22844466e-03  1.99609061e+01  1.22844466e-03  4.18960726e+02  1.22844466e-03 -1.43563564e+199  1.22844466e-03  1.44468878e+205  1.22844466e-03  1.43916262e+205 
 1.23111166e-03  2.97889774e-01  1.23111166e-03  2.01036146e+01  1.23111166e-03  4.10326265e+02  1.23111166e-03 -4.52713312e+199  1.23111166e-03  4.55568128e+205  1.23111166e-03  4.53825511e+205 
 1.23377866e-03  2.98443143e-01  1.23377866e-03  2.02406779e+01  1.23377866e-03  4.01370777e+02  1.23377866e-03 -1.42758606e+200  1.23377866e-03  1.43658844e+206  1.23377866e-03  1.43109327e+206 
 1.23644566e-03  2.98912710e-01  1.23644566e-03  2.03720577e+01  1.23644566e-03  3.92097319e+02  1.23644566e-03 -4.50174959e+200  1.23644566e-03  4.53013767e+206  1.23644566e-03  4.51280921e+206 
 1.23911266e-03  2.99298342e-01  1.23911266e-03  2.04977170e+01  1.23911266e-03  3.82509031e+02  1.23911266e-03 -1.41958162e+201  1.23911266e-03  1.42853352e+207  1.23911266e-03  1.42306916e+207 
 1.24177966e-03  2.99599931e-01  1.24177966e-03  2.06176206e+01  1.24177966e-03  3.72609143e+02  1.24177966e-03 -4.47650838e+201  1.24177966e-03  4.50473729e+207  1.24177966e-03  4.48750599e+207 
 1.24444666e-03  2.99817394e-01  1.24444666e-03  2.07317348e+01  1.24444666e-03  3.62400971e+02  1.24444666e-03 -1.41162206e+202  1.24444666e-03  1.42052376e+208  1.24444666e-03  1.41509005e+208 
 1.24711366e-03  2.99950667e-01  1.24711366e-03  2.08400275e+01  1.24711366e-03  3.51887915e+02  1.24711366e-03 -4.45140870e+202  1.24711366e-03  4.47947933e+208  1.24711366e-03  4.46234465e+208 
 1.24978066e-03  2.99999715e-01  1.24978066e-03  2.09424684e+01  1.24978066e-03  3.41073462e+02  1.24978066e-03 -1.40370713e+203  1.24978066e-03  1.41255892e+209  1.24978066e-03  1.40715567e+209 
 1.25244766e-03  2.99964523e-01  1.25244766e-03  2.10390286e+01  1.25244766e-03  3.29961178e+02  1.25244766e-03 -4.42644975e+203  1.25244766e-03  4.45436299e+209  1.25244766e-03  4.43732438e+209 
 1.25511466e-03  2.99845102e-01  1.25511466e-03  2.11296811e+01  1.25511466e-03  3.18554714e+02  1.25511466e-03 -1.39583657e+204  1.25511466e-03  1.40463873e+210  1.25511466e-03  1.39926578e+210 
 1.25778166e-03  2.99641484e-01  1.25778166e-03  2.12144004e+01  1.25778166e-03  3.06857804e+02  1.25778166e-03 -4.40163075e+204  1.25778166e-03  4.42938748e+210  1.25778166e-03  4.41244440e+210 
 1.26044866e-03  2.99353727e-01  1.26044866e-03  2.12931627e+01  1.26044866e-03  2.94874259e+02  1.26044866e-03 -1.38801015e+205  1.26044866e-03  1.39676295e+211  1.26044866e-03  1.39142013e+211 
 1.26311566e-03  2.98981912e-01  1.26311566e-03  2.13659460e+01  1.26311566e-03  2.82607971e+02  1.26311566e-03 -4.37695090e+205  1.26311566e-03  4.40455200e+211  1.26311566e-03  4.38770393e+211 
 1.26578266e-03  2.98526143e-01  1.26578266e-03  2.14327297e+01  1.26578266e-03  2.70062909e+02  1.26578266e-03 -1.38022761e+206  1.26578266e-03  1.38893134e+212  1.26578266e-03  1.38361846e+212 
 1.26844966e-03  2.97986548e-01  1.26844966e-03  2.14934950e+01  1.26844966e-03  2.57243120e+02  1.26844966e-03 -4.35240944e+206  1.26844966e-03  4.37985578e+212  1.26844966e-03  4.36310217e+212 
 1.27111666e-03  2.97363279e-01  1.27111666e-03  2.15482251e+01  1.27111666e-03  2.44152727e+02  1.27111666e-03 -1.37248870e+207  1.27111666e-03  1.38114363e+213  1.27111666e-03  1.37586055e+213 
 1.27378366e-03  2.96656511e-01  1.27378366e-03  2.15969044e+01  1.27378366e-03  2.30795926e+02  1.27378366e-03 -4.32800558e+207  1.27378366e-03  4.35529803e+213  1.27378366e-03  4.33863836e+213 
 1.27645066e-03  2.95866442e-01  1.27645066e-03  2.16395194e+01  1.27645066e-03  2.17176989e+02  1.27645066e-03 -1.36479319e+208  1.27645066e-03  1.37339959e+214  1.27645066e-03  1.36814613e+214 
 1.27911766e-03  2.94993293e-01  1.27911766e-03  2.16760579e+01  1.27911766e-03  2.03300259e+02  1.27911766e-03 -4.30373855e+208  1.27911766e-03  4.33087797e+214  1.27911766e-03  4.31431171e+214 
 1.28178466e-03  2.94037311e-01  1.28178466e-03  2.17065099e+01  1.28178466e-03  1.89170149e+02  1.28178466e-03 -1.35714082e+209  1.28178466e-03  1.36569897e+215  1.28178466e-03  1.36047496e+215 
 1.28445166e-03  2.92998764e-01  1.28445166e-03  2.17308667e+01  1.28445166e-03  1.74791144e+02  1.28445166e-03 -4.27960758e+209  1.28445166e-03  4.30659483e+215  1.28445166e-03  4.29012146e+215 
 1.28711866e-03  2.91877943e-01  1.28711866e-03  2.17491215e+01  1.28711866e-03  1.60167796e+02  1.28711866e-03 -1.34953136e+210  1.28711866e-03  1.35804152e+216  1.28711866e-03  1.35284681e+216 
 1.28978566e-03  2.90675162e-01  1.28978566e-03  2.17612691e+01  1.28978566e-03  1.45304726e+02  1.28978566e-03 -4.25561192e+210  1.28978566e-03  4.28244785e+216  1.28978566e-03  4.26606684e+216 
 1.29245266e-03  2.89390761e-01  1.29245266e-03  2.17673063e+01  1.29245266e-03  1.30206619e+02  1.29245266e-03 -1.34196457e+211  1.29245266e-03  1.35042702e+217  1.29245266e-03  1.34526143e+217 
 1.29511966e-03  2.88025099e-01  1.29511966e-03  2.17672311e+01  1.29511966e-03  1.14878226e+02  1.29511966e-03 -4.23175080e+211  1.29511966e-03  4.25843626e+217  1.29511966e-03  4.24214710e+217 
 1.29778666e-03  2.86578559e-01  1.29778666e-03  2.17610438e+01  1.29778666e-03  9.93243620e+01  1.29778666e-03 -1.33444021e+212  1.29778666e-03  1.34285520e+218  1.29778666e-03  1.33771858e+218 
 1.30045366e-03  2.85051549e-01  1.30045366e-03  2.17487460e+01  1.30045366e-03  8.35499022e+01  1.30045366e-03 -4.20802347e+212  1.30045366e-03  4.23455931e+218  1.30045366e-03  4.21836148e+218 
 1.30312066e-03  2.83444496e-01  1.30312066e-03  2.17303411e+01  1.30312066e-03  6.75597839e+01  1.30312066e-03 -1.32695803e+213  1.30312066e-03  1.33532584e+219  1.30312066e-03  1.33021802e+219 
 1.30578766e-03  2.81757853e-01  1.30578766e-03  2.17058344e+01  1.30578766e-03  5.13590033e+01  1.30578766e-03 -4.18442917e+213  1.30578766e-03  4.21081623e+219  1.30578766e-03  4.19470922e+219 
 1.30845466e-03  2.79992092e-01  1.30845466e-03  2.16752327e+01  1.30845466e-03  3.49526144e+01  1.30845466e-03 -1.31951781e+214  1.30845466e-03  1.32783870e+220  1.30845466e-03  1.32275952e+220 
 1.31112166e-03  2.78147709e-01  1.31112166e-03  2.16385447e+01  1.31112166e-03  1.83457277e+01  1.31112166e-03 -4.16096717e+214  1.31112166e-03  4.18720628e+220  1.31112166e-03  4.17118958e+220 
 1.31378866e-03  2.76225223e-01  1.31378866e-03  2.15957805e+01  1.31378866e-03  1.54350897e+00  1.31378866e-03 -1.31211930e+215  1.31378866e-03  1.32039354e+221  1.31378866e-03  1.31534283e+221 
 1.31645566e-03  2.74225174e-01  1.31645566e-03  2.15469523e+01  1.31645566e-03 -1.54488227e+01  1.31645566e-03 -4.13763672e+215  1.31645566e-03  4.16372871e+221  1.31645566e-03  4.14780182e+221 
 1.31912266e-03  2.72148122e-01  1.31912266e-03  2.14920737e+01  1.31912266e-03 -3.26259960e+01  1.31912266e-03 -1.30476228e+216  1.31912266e-03  1.31299012e+222  1.31912266e-03  1.30796774e+222 
 1.32178966e-03  2.69994651e-01  1.32178966e-03  2.14311602e+01  1.32178966e-03 -4.99826888e+01  1.32178966e-03 -4.11443709e+216  1.32178966e-03  4.14038277e+222  1.32178966e-03  4.12454518e+222 
 1.32445666e-03  2.67765366e-01  1.32445666e-03  2.13642288e+01  1.32445666e-03 -6.75135302e+01  1.32445666e-03 -1.29744650e+217  1.32445666e-03  1.30562822e+223  1.32445666e-03  1.30063399e+223 
 1.32712366e-03  2.65460893e-01  1.32712366e-03  2.12912983e+01  1.32712366e-03 -8.52131011e+01  1.32712366e-03 -4.09136753e+217  1.32712366e-03  4.11716774e+223  1.32712366e-03  4.10141895e+223 
 1.32979066e-03  2.63081878e-01  1.32979066e-03  2.12123893e+01  1.32979066e-03 -1.03075937e+02  1.32979066e-03 -1.29017175e+218  1.32979066e-03  1.29830759e+224  1.32979066e-03  1.29334137e+224 
 1.33245766e-03  2.60628990e-01  1.33245766e-03  2.11275239e+01  1.33245766e-03 -1.21096528e+02  1.33245766e-03 -4.06842733e+218  1.33245766e-03  4.09408287e+224  1.33245766e-03  4.07842239e+224 
 1.33512466e-03  2.58102918e-01  1.33512466e-03  2.10367258e+01  1.33512466e-03 -1.39269321e+02  1.33512466e-03 -1.28293779e+219  1.33512466e-03  1.29102801e+225  1.33512466e-03  1.28608963e+225 
 1.33779166e-03  2.55504371e-01  1.33779166e-03  2.09400207e+01  1.33779166e-03 -1.57588723e+02  1.33779166e-03 -4.04561574e+219  1.33779166e-03  4.07112744e+225  1.33779166e-03  4.05555477e+225 
 1.34045866e-03  2.52834079e-01  1.34045866e-03  2.08374357e+01  1.34045866e-03 -1.76049099e+02  1.34045866e-03 -1.27574438e+220  1.34045866e-03  1.28378924e+226  1.34045866e-03  1.27887855e+226 
 1.34312566e-03  2.50092791e-01  1.34312566e-03  2.07289995e+01  1.34312566e-03 -1.94644778e+02  1.34312566e-03 -4.02293207e+220  1.34312566e-03  4.04830072e+226  1.34312566e-03  4.03281536e+226 
 1.34579266e-03  2.47281277e-01  1.34579266e-03  2.06147426e+01  1.34579266e-03 -2.13370049e+02  1.34579266e-03 -1.26859131e+221  1.34579266e-03  1.27659106e+227  1.34579266e-03  1.27170791e+227 
 1.34845966e-03  2.44400327e-01  1.34845966e-03  2.04946971e+01  1.34845966e-03 -2.32219169e+02  1.34845966e-03 -4.00037558e+221  1.34845966e-03  4.02560199e+227  1.34845966e-03  4.01020346e+227 
 1.35112666e-03  2.41450749e-01  1.35112666e-03  2.03688968e+01  1.35112666e-03 -2.51186360e+02  1.35112666e-03 -1.26147835e+222  1.35112666e-03  1.26943325e+228  1.35112666e-03  1.26457747e+228 
 1.35379366e-03  2.38433373e-01  1.35379366e-03  2.02373768e+01  1.35379366e-03 -2.70265811e+02  1.35379366e-03 -3.97794556e+222  1.35379366e-03  4.00303053e+228  1.35379366e-03  3.98771834e+228 
 1.35646066e-03  2.35349044e-01  1.35646066e-03  2.01001743e+01  1.35646066e-03 -2.89451684e+02  1.35646066e-03 -1.25440527e+223  1.35646066e-03  1.26231556e+229  1.35646066e-03  1.25748702e+229 
 1.35912766e-03  2.32198630e-01  1.35912766e-03  1.99573276e+01  1.35912766e-03 -3.08738108e+02  1.35912766e-03 -3.95564131e+223  1.35912766e-03  3.98058563e+229  1.35912766e-03  3.96535929e+229 
 1.36179466e-03  2.28983014e-01  1.36179466e-03  1.98088769e+01  1.36179466e-03 -3.28119189e+02  1.36179466e-03 -1.24737185e+224  1.36179466e-03  1.25523779e+230  1.36179466e-03  1.25043631e+230 
 1.36446166e-03  2.25703101e-01  1.36446166e-03  1.96548639e+01  1.36446166e-03 -3.47589005e+02  1.36446166e-03 -3.93346212e+224  1.36446166e-03  3.95826657e+230  1.36446166e-03  3.94312561e+230 
 1.36712866e-03  2.22359810e-01  1.36712866e-03  1.94953319e+01  1.36712866e-03 -3.67141611e+02  1.36712866e-03 -1.24037786e+225  1.36712866e-03  1.24819970e+231  1.36712866e-03  1.24342515e+231 
 1.36979566e-03  2.18954081e-01  1.36979566e-03  1.93303255e+01  1.36979566e-03 -3.86771041e+02  1.36979566e-03 -3.91140729e+225  1.36979566e-03  3.93607266e+231  1.36979566e-03  3.92101659e+231 
 1.37246266e-03  2.15486869e-01  1.37246266e-03  1.91598913e+01  1.37246266e-03 -4.06471306e+02  1.37246266e-03 -1.23342309e+226  1.37246266e-03  1.24120107e+232  1.37246266e-03  1.23645329e+232 
 1.37512966e-03  2.11959149e-01  1.37512966e-03  1.89840769e+01  1.37512966e-03 -4.26236403e+02  1.37512966e-03 -3.88947611e+226  1.37512966e-03  3.91400319e+232  1.37512966e-03  3.89903154e+232 
 1.37779666e-03  2.08371911e-01  1.37779666e-03  1.88029319e+01  1.37779666e-03 -4.46060306e+02  1.37779666e-03 -1.22650732e+227  1.37779666e-03  1.23424168e+233  1.37779666e-03  1.22952052e+233 
 1.38046366e-03  2.04726163e-01  1.38046366e-03  1.86165070e+01  1.38046366e-03 -4.65936979e+02  1.38046366e-03 -3.86766791e+227  1.38046366e-03  3.89205746e+233  1.38046366e-03  3.87716976e+233 
 1.38313066e-03  2.01022928e-01  1.38313066e-03  1.84248546e+01  1.38313066e-03 -4.85860368e+02  1.38313066e-03 -1.21963032e+228  1.38313066e-03  1.22732132e+234  1.38313066e-03  1.22262663e+234 
 1.38579766e-03  1.97263245e-01  1.38579766e-03  1.82280285e+01  1.38579766e-03 -5.05824411e+02  1.38579766e-03 -3.84598198e+228  1.38579766e-03  3.87023479e+234  1.38579766e-03  3.85543055e+234 
 1.38846466e-03  1.93448172e-01  1.38846466e-03  1.80260840e+01  1.38846466e-03 -5.25823034e+02  1.38846466e-03 -1.21279188e+229  1.38846466e-03  1.22043976e+235  1.38846466e-03  1.21577139e+235 
 1.39113166e-03  1.89578778e-01  1.39113166e-03  1.78190778e+01  1.39113166e-03 -5.45850154e+02  1.39113166e-03 -3.82441765e+229  1.39113166e-03  3.84853447e+235  1.39113166e-03  3.83381324e+235 
 1.39379866e-03  1.85656150e-01  1.39379866e-03  1.76070681e+01  1.39379866e-03 -5.65899681e+02  1.39379866e-03 -1.20599178e+230  1.39379866e-03  1.21359678e+236  1.39379866e-03  1.20895459e+236 
 1.39646566e-03  1.81681391e-01  1.39646566e-03  1.73901142e+01  1.39646566e-03 -5.85965521e+02  1.39646566e-03 -3.80297422e+230  1.39646566e-03  3.82695582e+236  1.39646566e-03  3.81231714e+236 
 1.39913266e-03  1.77655616e-01  1.39913266e-03  1.71682773e+01  1.39913266e-03 -6.06041576e+02  1.39913266e-03 -1.19922981e+231  1.39913266e-03  1.20679217e+237  1.39913266e-03  1.20217601e+237 
 1.40179966e-03  1.73579955e-01  1.40179966e-03  1.69416195e+01  1.40179966e-03 -6.26121748e+02  1.40179966e-03 -3.78165103e+231  1.40179966e-03  3.80549816e+237  1.40179966e-03  3.79094156e+237 
 1.40446666e-03  1.69455553e-01  1.40446666e-03  1.67102045e+01  1.40446666e-03 -6.46199935e+02  1.40446666e-03 -1.19250576e+232  1.40446666e-03  1.20002571e+238  1.40446666e-03  1.19543543e+238 
 1.40713366e-03  1.65283568e-01  1.40713366e-03  1.64740973e+01  1.40713366e-03 -6.66270041e+02  1.40713366e-03 -3.76044740e+232  1.40713366e-03  3.78416082e+238  1.40713366e-03  3.76968584e+238 
 1.40980066e-03  1.61065172e-01  1.40980066e-03  1.62333642e+01  1.40980066e-03 -6.86325972e+02  1.40980066e-03 -1.18581940e+233  1.40980066e-03  1.19329719e+239  1.40980066e-03  1.18873265e+239 
 1.41246766e-03  1.56801548e-01  1.41246766e-03  1.59880728e+01  1.41246766e-03 -7.06361637e+02  1.41246766e-03 -3.73936266e+233  1.41246766e-03  3.76294312e+239  1.41246766e-03  3.74854929e+239 
 1.41513466e-03  1.52493895e-01  1.41513466e-03  1.57382920e+01  1.41513466e-03 -7.26370955e+02  1.41513466e-03 -1.17917054e+234  1.41513466e-03  1.18660640e+240  1.41513466e-03  1.18206745e+240 
 1.41780166e-03  1.48143422e-01  1.41780166e-03  1.54840919e+01  1.41780166e-03 -7.46347852e+02  1.41780166e-03 -3.71839613e+234  1.41780166e-03  3.74184438e+240  1.41780166e-03  3.72753126e+240 
 1.42046866e-03  1.43751350e-01  1.42046866e-03  1.52255438e+01  1.42046866e-03 -7.66286265e+02  1.42046866e-03 -1.17255896e+235  1.42046866e-03  1.17995313e+241  1.42046866e-03  1.17543963e+241 
 1.42313566e-03  1.39318913e-01  1.42313566e-03  1.49627204e+01  1.42313566e-03 -7.86180141e+02  1.42313566e-03 -3.69754717e+235  1.42313566e-03  3.72086394e+241  1.42313566e-03  3.70663108e+241 
 1.42580266e-03  1.34847356e-01  1.42580266e-03  1.46956955e+01  1.42580266e-03 -8.06023444e+02  1.42580266e-03 -1.16598445e+236  1.42580266e-03  1.17333716e+242  1.42580266e-03  1.16884897e+242 
 1.42846966e-03  1.30337933e-01  1.42846966e-03  1.44245441e+01  1.42846966e-03 -8.25810151e+02  1.42846966e-03 -3.67681511e+236  1.42846966e-03  3.70000114e+242  1.42846966e-03  3.68584808e+242 
 1.43113666e-03  1.25791912e-01  1.43113666e-03  1.41493423e+01  1.43113666e-03 -8.45534256e+02  1.43113666e-03 -1.15944680e+237  1.43113666e-03  1.16675828e+243  1.43113666e-03  1.16229526e+243 
 1.43380366e-03  1.21210568e-01  1.43380366e-03  1.38701673e+01  1.43380366e-03 -8.65189772e+02  1.43380366e-03 -3.65619929e+237  1.43380366e-03  3.67925532e+243  1.43380366e-03  3.66518161e+243 
 1.43647066e-03  1.16595189e-01  1.43647066e-03  1.35870976e+01  1.43647066e-03 -8.84770734e+02  1.43647066e-03 -1.15294581e+238  1.43647066e-03  1.16021629e+244  1.43647066e-03  1.15577829e+244 
 1.43913766e-03  1.11947070e-01  1.43913766e-03  1.33002127e+01  1.43913766e-03 -9.04271198e+02  1.43913766e-03 -3.63569906e+238  1.43913766e-03  3.65862582e+244  1.43913766e-03  3.64463102e+244 
 1.44180466e-03  1.07267516e-01  1.44180466e-03  1.30095931e+01  1.44180466e-03 -9.23685241e+02  1.44180466e-03 -1.14648126e+239  1.44180466e-03  1.15371099e+245  1.44180466e-03  1.14929787e+245 
 1.44447166e-03  1.02557841e-01  1.44447166e-03  1.27153204e+01  1.44447166e-03 -9.43006971e+02  1.44447166e-03 -3.61531378e+239  1.44447166e-03  3.63811198e+245  1.44447166e-03  3.62419566e+245 
 1.44713866e-03  9.78193687e-02  1.44713866e-03  1.24174773e+01  1.44713866e-03 -9.62230518e+02  1.44713866e-03 -1.14005297e+240  1.44713866e-03  1.14724216e+246  1.44713866e-03  1.14285378e+246 
 1.44980566e-03  9.30534285e-02  1.44980566e-03  1.21161473e+01  1.44980566e-03 -9.81350044e+02  1.44980566e-03 -3.59504279e+240  1.44980566e-03  3.61771317e+246  1.44980566e-03  3.60387487e+246 
 1.45247266e-03  8.82613590e-02  1.45247266e-03  1.18114151e+01  1.45247266e-03 -1.00035974e+03  1.45247266e-03 -1.13366072e+241  1.45247266e-03  1.14080960e+247  1.45247266e-03  1.13644583e+247 
 1.45513966e-03  8.34445058e-02  1.45513966e-03  1.15033663e+01  1.45513966e-03 -1.01925383e+03  1.45513966e-03 -3.57488547e+241  1.45513966e-03  3.59742874e+247  1.45513966e-03  3.58366803e+247 
 1.45780666e-03  7.86042215e-02  1.45780666e-03  1.11920874e+01  1.45780666e-03 -1.03802657e+03  1.45780666e-03 -1.12730431e+242  1.45780666e-03  1.13441310e+248  1.45780666e-03  1.13007380e+248 
 1.46047366e-03  7.37418651e-02  1.46047366e-03  1.08776658e+01  1.46047366e-03 -1.05667224e+03  1.46047366e-03 -3.55484117e+242  1.46047366e-03  3.57725803e+248  1.46047366e-03  3.56357448e+248 
 1.46314066e-03  6.88588021e-02  1.46314066e-03  1.05601897e+01  1.46314066e-03 -1.07518519e+03  1.46314066e-03 -1.12098354e+243  1.46314066e-03  1.12805247e+249  1.46314066e-03  1.12373750e+249 
 1.46580766e-03  6.39564037e-02  1.46580766e-03  1.02397483e+01  1.46580766e-03 -1.09355978e+03  1.46580766e-03 -3.53490925e+243  1.46580766e-03  3.55720043e+249  1.46580766e-03  3.54359360e+249 
 1.46847466e-03  5.90360463e-02  1.46847466e-03  9.91643159e+00  1.46847466e-03 -1.11179041e+03  1.46847466e-03 -1.11469821e+244  1.46847466e-03  1.12172751e+250  1.46847466e-03  1.11743673e+250 
 1.47114166e-03  5.40991117e-02  1.47114166e-03  9.59033037e+00  1.47114166e-03 -1.12987153e+03  1.47114166e-03 -3.51508910e+244  1.47114166e-03  3.53725529e+250  1.47114166e-03  3.52372475e+250 
 1.47380866e-03  4.91469861e-02  1.47380866e-03  9.26153619e+00  1.47380866e-03 -1.14779763e+03  1.47380866e-03 -1.10844812e+245  1.47380866e-03  1.11543801e+251  1.47380866e-03  1.11117129e+251 
 1.47647566e-03  4.41810601e-02  1.47647566e-03  8.93014139e+00  1.47647566e-03 -1.16556326e+03  1.47647566e-03 -3.49538007e+245  1.47647566e-03  3.51742198e+251  1.47647566e-03  3.50396731e+251 
 1.47914266e-03  3.92027281e-02  1.47914266e-03  8.59623900e+00  1.47914266e-03 -1.18316299e+03  1.47914266e-03 -1.10223308e+246  1.47914266e-03  1.10918377e+252  1.47914266e-03  1.10494098e+252 
 1.48180966e-03  3.42133880e-02  1.48180966e-03  8.25992281e+00  1.48180966e-03 -1.20059145e+03  1.48180966e-03 -3.47578155e+246  1.48180966e-03  3.49769987e+252  1.48180966e-03  3.48432064e+252 
 1.48447666e-03  2.92144408e-02  1.48447666e-03  7.92128723e+00  1.48447666e-03 -1.21784333e+03  1.48447666e-03 -1.09605288e+247  1.48447666e-03  1.10296460e+253  1.48447666e-03  1.09874560e+253 
 1.48714366e-03  2.42072902e-02  1.48714366e-03  7.58042737e+00  1.48714366e-03 -1.23491335e+03  1.48714366e-03 -3.45629292e+247  1.48714366e-03  3.47808834e+253  1.48714366e-03  3.46478413e+253 
 1.48981066e-03  1.91933422e-02  1.48981066e-03  7.23743892e+00  1.48981066e-03 -1.25179629e+03  1.48981066e-03 -1.08990734e+248  1.48981066e-03  1.09678030e+254  1.48981066e-03  1.09258495e+254 
 1.49247766e-03  1.41740048e-02  1.49247766e-03  6.89241822e+00  1.49247766e-03 -1.26848699e+03  1.49247766e-03 -3.43691357e+248  1.49247766e-03  3.45858678e+254  1.49247766e-03  3.44535717e+254 
 1.49514466e-03  9.15068728e-03  1.49514466e-03  6.54546212e+00  1.49514466e-03 -1.28498035e+03  1.49514466e-03 -1.08379625e+249  1.49514466e-03  1.09063068e+255  1.49514466e-03  1.08645886e+255 
 1.49781166e-03  4.12480029e-03  1.49781166e-03  6.19666807e+00  1.49781166e-03 -1.30127130e+03  1.49781166e-03 -3.41764287e+249  1.49781166e-03  3.43919456e+255  1.49781166e-03  3.42603913e+255 
 1.50047866e-03 -9.02244938e-04  1.50047866e-03  5.84613400e+00  1.50047866e-03 -1.31735486e+03  1.50047866e-03 -1.07771943e+250  1.50047866e-03  1.08451554e+256  1.50047866e-03  1.08036711e+256 
 1.50314566e-03 -5.92903682e-03  1.50314566e-03  5.49395834e+00  1.50314566e-03 -1.33322609e+03  1.50314566e-03 -3.39848022e+250  1.50314566e-03  3.41991108e+256  1.50314566e-03  3.40682940e+256 
 1.50581266e-03 -1.09541638e-02  1.50581266e-03  5.14023998e+00  1.50581266e-03 -1.34888012e+03  1.50581266e-03 -1.07167668e+251  1.50581266e-03  1.07843469e+257  1.50581266e-03  1.07430951e+257 
 1.50847966e-03 -1.59762149e-02  1.50847966e-03  4.78507825e+00  1.50847966e-03 -1.36431212e+03  1.50847966e-03 -3.37942502e+251  1.50847966e-03  3.40073571e+257  1.50847966e-03  3.38772738e+257 
 1.51114666e-03 -2.09937799e-02  1.51114666e-03  4.42857288e+00  1.51114666e-03 -1.37951736e+03  1.51114666e-03 -1.06566781e+252  1.51114666e-03  1.07238793e+258  1.51114666e-03  1.06828588e+258 
 1.51381366e-03 -2.60054499e-02  1.51381366e-03  4.07082396e+00  1.51381366e-03 -1.39449115e+03  1.51381366e-03 -3.36047666e+252  1.51381366e-03  3.38166786e+258  1.51381366e-03  3.36873247e+258 
 1.51648066e-03 -3.10098175e-02  1.51648066e-03  3.71193196e+00  1.51648066e-03 -1.40922887e+03  1.51648066e-03 -1.05969264e+253  1.51648066e-03  1.06637507e+259  1.51648066e-03  1.06229603e+259 
 1.51914766e-03 -3.60054776e-02  1.51914766e-03  3.35199765e+00  1.51914766e-03 -1.42372597e+03  1.51914766e-03 -3.34163454e+253  1.51914766e-03  3.36270693e+259  1.51914766e-03  3.34984407e+259 
 1.52181466e-03 -4.09910275e-02  1.52181466e-03  2.99112211e+00  1.52181466e-03 -1.43797797e+03  1.52181466e-03 -1.05375097e+254  1.52181466e-03  1.06039593e+260  1.52181466e-03  1.05633976e+260 
 1.52448166e-03 -4.59650670e-02  1.52448166e-03  2.62940666e+00  1.52448166e-03 -1.45198045e+03  1.52448166e-03 -3.32289807e+254  1.52448166e-03  3.34385231e+260  1.52448166e-03  3.33106157e+260 
 1.52714866e-03 -5.09261997e-02  1.52714866e-03  2.26695288e+00  1.52714866e-03 -1.46572908e+03  1.52714866e-03 -1.04784261e+255  1.52714866e-03  1.05445032e+261  1.52714866e-03  1.05041688e+261 
 1.52981566e-03 -5.58730323e-02  1.52981566e-03  1.90386254e+00  1.52981566e-03 -1.47921958e+03  1.52981566e-03 -3.30426666e+255  1.52981566e-03  3.32510340e+261  1.52981566e-03  3.31238438e+261 
 1.53248266e-03 -6.08041758e-02  1.53248266e-03  1.54023759e+00  1.53248266e-03 -1.49244776e+03  1.53248266e-03 -1.04196738e+256  1.53248266e-03  1.04853804e+262  1.53248266e-03  1.04452722e+262 
 1.53514966e-03 -6.57182456e-02  1.53514966e-03  1.17618015e+00  1.53514966e-03 -1.50540950e+03  1.53514966e-03 -3.28573971e+256  1.53514966e-03  3.30645962e+262  1.53514966e-03  3.29381191e+262 
 1.53781666e-03 -7.06138617e-02  1.53781666e-03  8.11792441e-01  1.53781666e-03 -1.51810076e+03  1.53781666e-03 -1.03612509e+257  1.53781666e-03  1.04265891e+263  1.53781666e-03  1.03867058e+263 
 1.54048366e-03 -7.54896495e-02  1.54048366e-03  4.47176779e-01  1.54048366e-03 -1.53051756e+03  1.54048366e-03 -3.26731664e+257  1.54048366e-03  3.28792038e+263  1.54048366e-03  3.27534358e+263 
 1.54315066e-03 -8.03442399e-02  1.54315066e-03  8.24355500e-02  1.54315066e-03 -1.54265602e+03  1.54315066e-03 -1.03031556e+258  1.54315066e-03  1.03681274e+264  1.54315066e-03  1.03284678e+264 
 1.54581766e-03 -8.51762698e-02  1.54581766e-03 -2.82328827e-01  1.54581766e-03 -1.55451232e+03  1.54581766e-03 -3.24899687e+258  1.54581766e-03  3.26948508e+264  1.54581766e-03  3.25697881e+264 
 1.54848466e-03 -8.99843822e-02  1.54848466e-03 -6.47013926e-01  1.54848466e-03 -1.56608275e+03  1.54848466e-03 -1.02453860e+259  1.54848466e-03  1.03099936e+265  1.54848466e-03  1.02705563e+265 
 1.55115166e-03 -9.47672271e-02  1.55115166e-03 -1.01151734e+00  1.55115166e-03 -1.57736364e+03  1.55115166e-03 -3.23077982e+259  1.55115166e-03  3.25115315e+265  1.55115166e-03  3.23871700e+265 
 1.55381866e-03 -9.95234614e-02  1.55381866e-03 -1.37573673e+00  1.55381866e-03 -1.58835143e+03  1.55381866e-03 -1.01879404e+260  1.55381866e-03  1.02521857e+266  1.55381866e-03  1.02129695e+266 
 1.55648566e-03 -1.04251750e-01  1.55648566e-03 -1.73956981e+00  1.55648566e-03 -1.59904265e+03  1.55648566e-03 -3.21266491e+260  1.55648566e-03  3.23292401e+266  1.55648566e-03  3.22055759e+266 
 1.55915266e-03 -1.08950764e-01  1.55915266e-03 -2.10291442e+00  1.55915266e-03 -1.60943388e+03  1.55915266e-03 -1.01308168e+261  1.55915266e-03  1.01947019e+267  1.55915266e-03  1.01557056e+267 
 1.56181966e-03 -1.13619185e-01  1.56181966e-03 -2.46566853e+00  1.56181966e-03 -1.61952182e+03  1.56181966e-03 -3.19465157e+261  1.56181966e-03  3.21479708e+267  1.56181966e-03  3.20249999e+267 
 1.56448666e-03 -1.18255702e-01  1.56448666e-03 -2.82773029e+00  1.56448666e-03 -1.62930323e+03  1.56448666e-03 -1.00740136e+262  1.56448666e-03  1.01375404e+268  1.56448666e-03  1.00987628e+268 
 1.56715366e-03 -1.22859013e-01  1.56715366e-03 -3.18899802e+00  1.56715366e-03 -1.63877499e+03  1.56715366e-03 -3.17673923e+262  1.56715366e-03  3.19677178e+268  1.56715366e-03  3.18454365e+268 
 1.56982066e-03 -1.27427826e-01  1.56982066e-03 -3.54937029e+00  1.56982066e-03 -1.64793403e+03  1.56982066e-03 -1.00175288e+263  1.56982066e-03  1.00806995e+269  1.56982066e-03  1.00421393e+269 
 1.57248766e-03 -1.31960856e-01  1.57248766e-03 -3.90874589e+00  1.57248766e-03 -1.65677740e+03  1.57248766e-03 -3.15892732e+263  1.57248766e-03  3.17884755e+269  1.57248766e-03  3.16668798e+269 
 1.57515466e-03 -1.36456832e-01  1.57515466e-03 -4.26702393e+00  1.57515466e-03 -1.66530221e+03  1.57515466e-03 -9.96136076e+263  1.57515466e-03  1.00241772e+270  1.57515466e-03  9.98583321e+269 
 1.57782166e-03 -1.40914492e-01  1.57782166e-03 -4.62410378e+00  1.57782166e-03 -1.67350569e+03  1.57782166e-03 -3.14121529e+264  1.57782166e-03  3.16102383e+270  1.57782166e-03  3.14893243e+270 
 1.58048866e-03 -1.45332582e-01  1.58048866e-03 -4.97988520e+00  1.58048866e-03 -1.68138515e+03  1.58048866e-03 -9.90550763e+264  1.58048866e-03  9.96797187e+270  1.58048866e-03  9.92984287e+270 
 1.58315566e-03 -1.49709863e-01  1.58315566e-03 -5.33426826e+00  1.58315566e-03 -1.68893798e+03  1.58315566e-03 -3.12360257e+265  1.58315566e-03  3.14330004e+271  1.58315566e-03  3.13127644e+271 
 1.58582266e-03 -1.54045106e-01  1.58582266e-03 -5.68715347e+00  1.58582266e-03 -1.69616167e+03  1.58582266e-03 -9.84996767e+265  1.58582266e-03  9.91208167e+271  1.58582266e-03  9.87416647e+271 
 1.58848966e-03 -1.58337094e-01  1.58848966e-03 -6.03844173e+00  1.58848966e-03 -1.70305382e+03  1.58848966e-03 -3.10608860e+266  1.58848966e-03  3.12567563e+272  1.58848966e-03  3.11371944e+272 
 1.59115666e-03 -1.62584620e-01  1.59115666e-03 -6.38803441e+00  1.59115666e-03 -1.70961211e+03  1.59115666e-03 -9.79473912e+266  1.59115666e-03  9.85650486e+272  1.59115666e-03  9.81880224e+272 
 1.59382366e-03 -1.66786493e-01  1.59382366e-03 -6.73583333e+00  1.59382366e-03 -1.71583430e+03  1.59382366e-03 -3.08867283e+267  1.59382366e-03  3.10815003e+273  1.59382366e-03  3.09626089e+273 
 1.59649066e-03 -1.70941532e-01  1.59649066e-03 -7.08174083e+00  1.59649066e-03 -1.72171827e+03  1.59649066e-03 -9.73982024e+267  1.59649066e-03  9.80123965e+273  1.59649066e-03  9.76374843e+273 
 1.59915766e-03 -1.75048571e-01  1.59915766e-03 -7.42565979e+00  1.59915766e-03 -1.72726198e+03  1.59915766e-03 -3.07135471e+268  1.59915766e-03  3.09072271e+274  1.59915766e-03  3.07890022e+274 
 1.60182466e-03 -1.79106456e-01  1.60182466e-03 -7.76749363e+00  1.60182466e-03 -1.73246351e+03  1.60182466e-03 -9.68520929e+268  1.60182466e-03  9.74628432e+274  1.60182466e-03  9.70900332e+274 
 1.60449166e-03 -1.83114049e-01  1.60449166e-03 -8.10714636e+00  1.60449166e-03 -1.73732100e+03  1.60449166e-03 -3.05413369e+269  1.60449166e-03  3.07339309e+275  1.60449166e-03  3.06163690e+275 
 1.60715866e-03 -1.87070223e-01  1.60715866e-03 -8.44452262e+00  1.60715866e-03 -1.74183272e+03  1.60715866e-03 -9.63090454e+269  1.60715866e-03  9.69163713e+275  1.60715866e-03  9.65456515e+275 
 1.60982566e-03 -1.90973869e-01  1.60982566e-03 -8.77952766e+00  1.60982566e-03 -1.74599702e+03  1.60982566e-03 -3.03700923e+270  1.60982566e-03  3.05616065e+276  1.60982566e-03  3.04447037e+276 
 1.61249266e-03 -1.94823889e-01  1.61249266e-03 -9.11206742e+00  1.61249266e-03 -1.74981235e+03  1.61249266e-03 -9.57690427e+270  1.61249266e-03  9.63729634e+276  1.61249266e-03  9.60043222e+276 
 1.61515966e-03 -1.98619202e-01  1.61515966e-03 -9.44204852e+00  1.61515966e-03 -1.75327727e+03  1.61515966e-03 -3.01998079e+271  1.61515966e-03  3.03902482e+277  1.61515966e-03  3.02740009e+277 
 1.61782666e-03 -2.02358744e-01  1.61782666e-03 -9.76937830e+00  1.61782666e-03 -1.75639044e+03  1.61782666e-03 -9.52320679e+271  1.61782666e-03  9.58326023e+277  1.61782666e-03  9.54660281e+277 
 1.62049366e-03 -2.06041463e-01  1.62049366e-03 -1.00939649e+01  1.62049366e-03 -1.75915060e+03  1.62049366e-03 -3.00304783e+272  1.62049366e-03  3.02198508e+278  1.62049366e-03  3.01042553e+278 
 1.62316066e-03 -2.09666326e-01  1.62316066e-03 -1.04157170e+01  1.62316066e-03 -1.76155660e+03  1.62316066e-03 -9.46981038e+272  1.62316066e-03  9.52952711e+278  1.62316066e-03  9.49307523e+278 
 1.62582766e-03 -2.13232315e-01  1.62582766e-03 -1.07345445e+01  1.62582766e-03 -1.76360741e+03  1.62582766e-03 -2.98620981e+273  1.62582766e-03  3.00504088e+279  1.62582766e-03  2.99354614e+279 
 1.62849466e-03 -2.16738429e-01  1.62849466e-03 -1.10503577e+01  1.62849466e-03 -1.76530207e+03  1.62849466e-03 -9.41671337e+273  1.62849466e-03  9.47609526e+279  1.62849466e-03  9.43984777e+279 
 1.63116166e-03 -2.20183683e-01  1.63116166e-03 -1.13630680e+01  1.63116166e-03 -1.76663973e+03  1.63116166e-03 -2.96946619e+274  1.63116166e-03  2.98819168e+280  1.63116166e-03  2.97676140e+280 
 1.63382866e-03 -2.23567109e-01  1.63382866e-03 -1.16725875e+01  1.63382866e-03 -1.76761966e+03  1.63382866e-03 -9.36391407e+274  1.63382866e-03  9.42296301e+280  1.63382866e-03  9.38691875e+280 
 1.63649566e-03 -2.26887758e-01  1.63649566e-03 -1.19788294e+01  1.63649566e-03 -1.76824121e+03  1.63649566e-03 -2.95281646e+275  1.63649566e-03  2.97143696e+281  1.63649566e-03  2.96007076e+281 
 1.63916266e-03 -2.30144697e-01  1.63916266e-03 -1.22817076e+01  1.63916266e-03 -1.76850383e+03  1.63916266e-03 -9.31141081e+275  1.63916266e-03  9.37012867e+281  1.63916266e-03  9.33428651e+281 
 1.64182966e-03 -2.33337011e-01  1.64182966e-03 -1.25811372e+01  1.64182966e-03 -1.76840710e+03  1.64182966e-03 -2.93626009e+276  1.64182966e-03  2.95477618e+282  1.64182966e-03  2.94347371e+282 
 1.64449666e-03 -2.36463805e-01  1.64449666e-03 -1.28770339e+01  1.64449666e-03 -1.76795067e+03  1.64449666e-03 -9.25920194e+276  1.64449666e-03  9.31759057e+282  1.64449666e-03  9.28194938e+282 
 1.64716366e-03 -2.39524200e-01  1.64716366e-03 -1.31693148e+01  1.64716366e-03 -1.76713431e+03  1.64716366e-03 -2.91979654e+277  1.64716366e-03  2.93820881e+283  1.64716366e-03  2.92696972e+283 
 1.64983066e-03 -2.42517337e-01  1.64983066e-03 -1.34578978e+01  1.64983066e-03 -1.76595788e+03  1.64983066e-03 -9.20728580e+277  1.64983066e-03  9.26534705e+283  1.64983066e-03  9.22990570e+283 
 1.65249766e-03 -2.45442375e-01  1.65249766e-03 -1.37427019e+01  1.65249766e-03 -1.76442135e+03  1.65249766e-03 -2.90342531e+278  1.65249766e-03  2.92173434e+284  1.65249766e-03  2.91055827e+284 
 1.65516466e-03 -2.48298493e-01  1.65516466e-03 -1.40236469e+01  1.65516466e-03 -1.76252479e+03  1.65516466e-03 -9.15566076e+278  1.65516466e-03  9.21339645e+284  1.65516466e-03  9.17815382e+284 
 1.65783166e-03 -2.51084890e-01  1.65783166e-03 -1.43006542e+01  1.65783166e-03 -1.76026838e+03  1.65783166e-03 -2.88714587e+279  1.65783166e-03  2.90535224e+285  1.65783166e-03  2.89423883e+285 
 1.66049866e-03 -2.53800781e-01  1.66049866e-03 -1.45736458e+01  1.66049866e-03 -1.75765239e+03  1.66049866e-03 -9.10432517e+279  1.66049866e-03  9.16173715e+285  1.66049866e-03  9.12669212e+285 
 1.66316566e-03 -2.56445406e-01  1.66316566e-03 -1.48425452e+01  1.66316566e-03 -1.75467719e+03  1.66316566e-03 -2.87095771e+280  1.66316566e-03  2.88906200e+286  1.66316566e-03  2.87801090e+286 
 1.66583266e-03 -2.59018021e-01  1.66583266e-03 -1.51072768e+01  1.66583266e-03 -1.75134327e+03  1.66583266e-03 -9.05327743e+280  1.66583266e-03  9.11036749e+286  1.66583266e-03  9.07551896e+286 
 1.66849966e-03 -2.61517905e-01  1.66849966e-03 -1.53677663e+01  1.66849966e-03 -1.74765120e+03  1.66849966e-03 -2.85486031e+281  1.66849966e-03  2.87286309e+287  1.66849966e-03  2.86187396e+287 
 1.67116666e-03 -2.63944354e-01  1.67116666e-03 -1.56239406e+01  1.67116666e-03 -1.74360166e+03  1.67116666e-03 -9.00251591e+281  1.67116666e-03  9.05928587e+287  1.67116666e-03  9.02463273e+287 
 1.67383366e-03 -2.66296688e-01  1.67383366e-03 -1.58757276e+01  1.67383366e-03 -1.73919545e+03  1.67383366e-03 -2.83885318e+282  1.67383366e-03  2.85675501e+288  1.67383366e-03  2.84582749e+288 
 1.67650066e-03 -2.68574246e-01  1.67650066e-03 -1.61230568e+01  1.67650066e-03 -1.73443343e+03  1.67650066e-03 -8.95203900e+282  1.67650066e-03  9.00849066e+288  1.67650066e-03  8.97403182e+288 
 1.67916766e-03 -2.70776389e-01  1.67916766e-03 -1.63658586e+01  1.67916766e-03 -1.72931661e+03  1.67916766e-03 -2.82293579e+283  1.67916766e-03  2.84073725e+289  1.67916766e-03  2.82987100e+289 
 1.68183466e-03 -2.72902497e-01  1.68183466e-03 -1.66040650e+01  1.68183466e-03 -1.72384605e+03  1.68183466e-03 -8.90184512e+283  1.68183466e-03  8.95798025e+289  1.68183466e-03  8.92371462e+289 
 1.68450166e-03 -2.74951976e-01  1.68450166e-03 -1.68376089e+01  1.68450166e-03 -1.71802296e+03  1.68450166e-03 -2.80710765e+284  1.68450166e-03  2.82480930e+290  1.68450166e-03  2.81400398e+290 
 1.68716866e-03 -2.76924247e-01  1.68716866e-03 -1.70664248e+01  1.68716866e-03 -1.71184860e+03  1.68716866e-03 -8.85193267e+284  1.68716866e-03  8.90775306e+290  1.68716866e-03  8.87367956e+290 
 1.68983566e-03 -2.78818759e-01  1.68983566e-03 -1.72904485e+01  1.68983566e-03 -1.70532438e+03  1.68983566e-03 -2.79136826e+285  1.68983566e-03  2.80897066e+291  1.68983566e-03  2.79822592e+291 
 1.69250266e-03 -2.80634979e-01  1.69250266e-03 -1.75096170e+01  1.69250266e-03 -1.69845177e+03  1.69250266e-03 -8.80230009e+285  1.69250266e-03  8.85780749e+291  1.69250266e-03  8.82392504e+291 
 1.69516966e-03 -2.82372397e-01  1.69516966e-03 -1.77238689e+01  1.69516966e-03 -1.69123235e+03  1.69516966e-03 -2.77571712e+286  1.69516966e-03  2.79322083e+292  1.69516966e-03  2.78253633e+292 
 1.69783666e-03 -2.84030525e-01  1.69783666e-03 -1.79331439e+01  1.69783666e-03 -1.68366781e+03  1.69783666e-03 -8.75294579e+286  1.69783666e-03  8.80814196e+292  1.69783666e-03  8.77444949e+292 
 1.70050366e-03 -2.85608897e-01  1.70050366e-03 -1.81373833e+01  1.70050366e-03 -1.67575993e+03  1.70050366e-03 -2.76015374e+287  1.70050366e-03  2.77755930e+293  1.70050366e-03  2.76693472e+293 
 1.70317066e-03 -2.87107071e-01  1.70317066e-03 -1.83365298e+01  1.70317066e-03 -1.66751057e+03  1.70317066e-03 -8.70386822e+287  1.70317066e-03  8.75875491e+293  1.70317066e-03  8.72525135e+293 
 1.70583766e-03 -2.88524625e-01  1.70583766e-03 -1.85305274e+01  1.70583766e-03 -1.65892172e+03  1.70583766e-03 -2.74467762e+288  1.70583766e-03  2.76198559e+294  1.70583766e-03  2.75142057e+294 
 1.70850466e-03 -2.89861162e-01  1.70850466e-03 -1.87193216e+01  1.70850466e-03 -1.64999545e+03  1.70850466e-03 -8.65506582e+288  1.70850466e-03  8.70964476e+294  1.70850466e-03  8.67632906e+294 
 1.71117166e-03 -2.91116306e-01  1.71117166e-03 -1.89028594e+01  1.71117166e-03 -1.64073392e+03  1.71117166e-03 -2.72928827e+289  1.71117166e-03  2.74649920e+295  1.71117166e-03  2.73599342e+295 
 1.71383866e-03 -2.92289705e-01  1.71383866e-03 -1.90810894e+01  1.71383866e-03 -1.63113938e+03  1.71383866e-03 -8.60653707e+289  1.71383866e-03  8.66080998e+295  1.71383866e-03  8.62768108e+295 
 1.71650566e-03 -2.93381029e-01  1.71650566e-03 -1.92539614e+01  1.71650566e-03 -1.62121420e+03  1.71650566e-03 -2.71398522e+290  1.71650566e-03  2.73109964e+296  1.71650566e-03  2.72065277e+296 
 1.71917266e-03 -2.94389973e-01  1.71917266e-03 -1.94214269e+01  1.71917266e-03 -1.61096082e+03  1.71917266e-03 -8.55828041e+290  1.71917266e-03  8.61224901e+296  1.71917266e-03  8.57930586e+296 
 1.72183966e-03 -2.95316251e-01  1.72183966e-03 -1.95834388e+01  1.72183966e-03 -1.60038179e+03  1.72183966e-03 -2.69876796e+291  1.72183966e-03  2.71578642e+297  1.72183966e-03  2.70539813e+297 
 1.72450666e-03 -2.96159606e-01  1.72450666e-03 -1.97399518e+01  1.72450666e-03 -1.58947973e+03  1.72450666e-03 -8.51029432e+291  1.72450666e-03  8.56396033e+297  1.72450666e-03  8.53120189e+297 
 1.72717366e-03 -2.96919799e-01  1.72717366e-03 -1.98909218e+01  1.72717366e-03 -1.57825738e+03  1.72717366e-03 -2.68363603e+292  1.72717366e-03  2.70055907e+298  1.72717366e-03  2.69022902e+298 
 1.72984066e-03 -2.97596617e-01  1.72984066e-03 -2.00363065e+01  1.72984066e-03 -1.56671754e+03  1.72984066e-03 -8.46257729e+292  1.72984066e-03  8.51594239e+298  1.72984066e-03  8.48336763e+298 
 1.73250766e-03 -2.98189870e-01  1.73250766e-03 -2.01760650e+01  1.73250766e-03 -1.55486313e+03  1.73250766e-03 -2.66858894e+293  1.73250766e-03  2.68541709e+299  1.73250766e-03  2.67514497e+299 
 1.73517466e-03 -2.98699392e-01  1.73517466e-03 -2.03101580e+01  1.73517466e-03 -1.54269714e+03  1.73517466e-03 -8.41512781e+293  1.73517466e-03  8.46819370e+299  1.73517466e-03  8.43580158e+299 
 1.73784166e-03 -2.99125039e-01  1.73784166e-03 -2.04385480e+01  1.73784166e-03 -1.53022265e+03  1.73784166e-03 -2.65362623e+294  1.73784166e-03  2.67036002e+300  1.73784166e-03  2.66014549e+300 
