0	0
4.64175e-14	-0.000112519
9.2835e-14	-0.000112595
1.39252e-13	-0.000112671
1.8567e-13	-0.000112747
2.32087e-13	-0.000112823
2.78505e-13	-0.0001129
3.24922e-13	-0.000112976
3.7134e-13	-0.000113052
4.17757e-13	-0.000113128
4.64175e-13	-0.000113205
5.10592e-13	-0.000113281
5.5701e-13	-0.000113357
6.03427e-13	-0.000113434
6.49845e-13	-0.00011351
6.96262e-13	-0.000113587
7.4268e-13	-0.000113663
7.89097e-13	-0.00011374
8.35515e-13	-0.000113816
8.81932e-13	-0.000113893
9.2835e-13	-0.000113969
9.74767e-13	-0.000114046
1.02118e-12	-0.000114122
1.0676e-12	-0.000114199
1.11402e-12	-0.000114275
1.16044e-12	-0.000114352
1.20685e-12	-0.000114429
1.25327e-12	-0.000114505
1.29969e-12	-0.000114582
1.34611e-12	-0.000114659
1.39252e-12	-0.000114736
1.43894e-12	-0.000114812
1.48536e-12	-0.000114889
1.53178e-12	-0.000114966
1.57819e-12	-0.000115043
1.62461e-12	-0.00011512
1.67103e-12	-0.000115196
1.71745e-12	-0.000115273
1.76386e-12	-0.00011535
1.81028e-12	-0.000115427
1.8567e-12	-0.000115504
1.90312e-12	-0.000115581
1.94953e-12	-0.000115658
1.99595e-12	-0.000115735
2.04237e-12	-0.000115812
2.08879e-12	-0.000115889
2.1352e-12	-0.000115966
2.18162e-12	-0.000116043
2.22804e-12	-0.00011612
2.27446e-12	-0.000116197
2.32087e-12	-0.000116274
2.36729e-12	-0.000116351
2.41371e-12	-0.000116429
2.46013e-12	-0.000116506
2.50654e-12	-0.000116583
2.55296e-12	-0.00011666
2.59938e-12	-0.000116737
2.6458e-12	-0.000116815
2.69221e-12	-0.000116892
2.73863e-12	-0.000116969
2.78505e-12	-0.000117046
2.83147e-12	-0.000117124
2.87788e-12	-0.000117201
2.9243e-12	-0.000117278
2.97072e-12	-0.000117356
3.01714e-12	-0.000117433
3.06355e-12	-0.000117511
3.10997e-12	-0.000117588
3.15639e-12	-0.000117665
3.20281e-12	-0.000117743
3.24922e-12	-0.00011782
3.29564e-12	-0.000117898
3.34206e-12	-0.000117975
3.38848e-12	-0.000118053
3.43489e-12	-0.000118131
3.48131e-12	-0.000118208
3.52773e-12	-0.000118286
3.57415e-12	-0.000118363
3.62056e-12	-0.000118441
3.66698e-12	-0.000118519
3.7134e-12	-0.000118596
3.75982e-12	-0.000118674
3.80623e-12	-0.000118752
3.85265e-12	-0.000118829
3.89907e-12	-0.000118907
3.94549e-12	-0.000118985
3.9919e-12	-0.000119063
4.03832e-12	-0.00011914
4.08474e-12	-0.000119218
4.13116e-12	-0.000119296
4.17757e-12	-0.000119374
4.22399e-12	-0.000119452
4.27041e-12	-0.00011953
4.31683e-12	-0.000119607
4.36324e-12	-0.000119685
4.40966e-12	-0.000119763
4.45608e-12	-0.000119841
4.5025e-12	-0.000119919
4.54891e-12	-0.000119997
4.59533e-12	-0.000120075
4.64175e-12	-0.000120153
4.68817e-12	-0.000120231
4.73458e-12	-0.000120309
4.781e-12	-0.000120387
4.82742e-12	-0.000120465
4.87384e-12	-0.000120543
4.92025e-12	-0.000120622
4.96667e-12	-0.0001207
5.01309e-12	-0.000120778
5.05951e-12	-0.000120856
5.10592e-12	-0.000120934
5.15234e-12	-0.000121012
5.19876e-12	-0.000121091
5.24518e-12	-0.000121169
5.29159e-12	-0.000121247
5.33801e-12	-0.000121325
5.38443e-12	-0.000121403
5.43085e-12	-0.000121482
5.47726e-12	-0.00012156
5.52368e-12	-0.000121638
5.5701e-12	-0.000121717
5.61652e-12	-0.000121795
5.66293e-12	-0.000121873
5.70935e-12	-0.000121952
5.75577e-12	-0.00012203
5.80219e-12	-0.000122109
5.8486e-12	-0.000122187
5.89502e-12	-0.000122265
5.94144e-12	-0.000122344
5.98786e-12	-0.000122422
6.03427e-12	-0.000122501
6.08069e-12	-0.000122579
6.12711e-12	-0.000122658
6.17353e-12	-0.000122736
6.21994e-12	-0.000122815
6.26636e-12	-0.000122893
6.31278e-12	-0.000122972
6.3592e-12	-0.000123051
6.40561e-12	-0.000123129
6.45203e-12	-0.000123208
6.49845e-12	-0.000123287
6.54487e-12	-0.000123365
6.59128e-12	-0.000123444
6.6377e-12	-0.000123523
6.68412e-12	-0.000123601
6.73054e-12	-0.00012368
6.77695e-12	-0.000123759
6.82337e-12	-0.000123837
6.86979e-12	-0.000123916
6.91621e-12	-0.000123995
6.96262e-12	-0.000124074
7.00904e-12	-0.000124152
7.05546e-12	-0.000124231
7.10188e-12	-0.00012431
7.14829e-12	-0.000124389
7.19471e-12	-0.000124468
7.24113e-12	-0.000124547
7.28755e-12	-0.000124626
7.33396e-12	-0.000124704
7.38038e-12	-0.000124783
7.4268e-12	-0.000124862
7.47322e-12	-0.000124941
7.51963e-12	-0.00012502
7.56605e-12	-0.000125099
7.61247e-12	-0.000125178
7.65889e-12	-0.000125257
7.7053e-12	-0.000125336
7.75172e-12	-0.000125415
7.79814e-12	-0.000125494
7.84456e-12	-0.000125573
7.89097e-12	-0.000125652
7.93739e-12	-0.000125731
7.98381e-12	-0.00012581
8.03023e-12	-0.000125889
8.07664e-12	-0.000125969
8.12306e-12	-0.000126048
8.16948e-12	-0.000126127
8.2159e-12	-0.000126206
8.26231e-12	-0.000126285
8.30873e-12	-0.000126364
8.35515e-12	-0.000126443
8.40157e-12	-0.000126523
8.44798e-12	-0.000126602
8.4944e-12	-0.000126681
8.54082e-12	-0.00012676
8.58724e-12	-0.00012684
8.63365e-12	-0.000126919
8.68007e-12	-0.000126998
8.72649e-12	-0.000127077
8.77291e-12	-0.000127157
8.81932e-12	-0.000127236
8.86574e-12	-0.000127315
8.91216e-12	-0.000127395
8.95858e-12	-0.000127474
9.00499e-12	-0.000127553
9.05141e-12	-0.000127633
9.09783e-12	-0.000127712
9.14425e-12	-0.000127791
9.19066e-12	-0.000127871
9.23708e-12	-0.00012795
9.2835e-12	-0.00012803
9.32992e-12	-0.000128109
9.37633e-12	-0.000128189
9.42275e-12	-0.000128268
9.46917e-12	-0.000128348
9.51559e-12	-0.000128427
9.562e-12	-0.000128507
9.60842e-12	-0.000128586
9.65484e-12	-0.000128666
9.70126e-12	-0.000128745
9.74767e-12	-0.000128825
9.79409e-12	-0.000128904
9.84051e-12	-0.000128984
9.88693e-12	-0.000129063
9.93334e-12	-0.000129143
9.97976e-12	-0.000129223
1.00262e-11	-0.000129302
1.00726e-11	-0.000129382
1.0119e-11	-0.000129461
1.01654e-11	-0.000129541
1.02118e-11	-0.000129621
1.02583e-11	-0.0001297
1.03047e-11	-0.00012978
1.03511e-11	-0.00012986
1.03975e-11	-0.000129939
1.04439e-11	-0.000130019
1.04904e-11	-0.000130099
1.05368e-11	-0.000130178
1.05832e-11	-0.000130258
1.06296e-11	-0.000130338
1.0676e-11	-0.000130418
1.07224e-11	-0.000130497
1.07689e-11	-0.000130577
1.08153e-11	-0.000130657
1.08617e-11	-0.000130737
1.09081e-11	-0.000130817
1.09545e-11	-0.000130896
1.10009e-11	-0.000130976
1.10474e-11	-0.000131056
1.10938e-11	-0.000131136
1.11402e-11	-0.000131216
1.11866e-11	-0.000131296
1.1233e-11	-0.000131375
1.12795e-11	-0.000131455
1.13259e-11	-0.000131535
1.13723e-11	-0.000131615
1.14187e-11	-0.000131695
1.14651e-11	-0.000131775
1.15115e-11	-0.000131855
1.1558e-11	-0.000131935
1.16044e-11	-0.000132015
1.16508e-11	-0.000132095
1.16972e-11	-0.000132175
1.17436e-11	-0.000132255
1.179e-11	-0.000132335
1.18365e-11	-0.000132415
1.18829e-11	-0.000132495
1.19293e-11	-0.000132575
1.19757e-11	-0.000132655
1.20221e-11	-0.000132735
1.20685e-11	-0.000132815
1.2115e-11	-0.000132895
1.21614e-11	-0.000132975
1.22078e-11	-0.000133055
1.22542e-11	-0.000133135
1.23006e-11	-0.000133215
1.23471e-11	-0.000133295
1.23935e-11	-0.000133375
1.24399e-11	-0.000133455
1.24863e-11	-0.000133535
1.25327e-11	-0.000133615
1.25791e-11	-0.000133695
1.26256e-11	-0.000133775
1.2672e-11	-0.000133856
1.27184e-11	-0.000133936
1.27648e-11	-0.000134016
1.28112e-11	-0.000134096
1.28576e-11	-0.000134176
1.29041e-11	-0.000134256
1.29505e-11	-0.000134336
1.29969e-11	-0.000134417
1.30433e-11	-0.000134497
1.30897e-11	-0.000134577
1.31362e-11	-0.000134657
1.31826e-11	-0.000134737
1.3229e-11	-0.000134818
1.32754e-11	-0.000134898
1.33218e-11	-0.000134978
1.33682e-11	-0.000135058
1.34147e-11	-0.000135138
1.34611e-11	-0.000135219
1.35075e-11	-0.000135299
1.35539e-11	-0.000135379
1.36003e-11	-0.000135459
1.36467e-11	-0.00013554
1.36932e-11	-0.00013562
1.37396e-11	-0.0001357
1.3786e-11	-0.000135781
1.38324e-11	-0.000135861
1.38788e-11	-0.000135941
1.39252e-11	-0.000136021
1.39717e-11	-0.000136102
1.40181e-11	-0.000136182
1.40645e-11	-0.000136262
1.41109e-11	-0.000136343
1.41573e-11	-0.000136423
1.42038e-11	-0.000136503
1.42502e-11	-0.000136584
1.42966e-11	-0.000136664
1.4343e-11	-0.000136744
1.43894e-11	-0.000136825
1.44358e-11	-0.000136905
1.44823e-11	-0.000136985
1.45287e-11	-0.000137066
1.45751e-11	-0.000137146
1.46215e-11	-0.000137226
1.46679e-11	-0.000137307
1.47143e-11	-0.000137387
1.47608e-11	-0.000137468
1.48072e-11	-0.000137548
1.48536e-11	-0.000137628
1.49e-11	-0.000137709
1.49464e-11	-0.000137789
1.49929e-11	-0.00013787
1.50393e-11	-0.00013795
1.50857e-11	-0.00013803
1.51321e-11	-0.000138111
1.51785e-11	-0.000138191
1.52249e-11	-0.000138272
1.52714e-11	-0.000138352
1.53178e-11	-0.000138433
1.53642e-11	-0.000138513
1.54106e-11	-0.000138593
1.5457e-11	-0.000138674
1.55034e-11	-0.000138754
1.55499e-11	-0.000138835
1.55963e-11	-0.000138915
1.56427e-11	-0.000138996
1.56891e-11	-0.000139076
1.57355e-11	-0.000139157
1.57819e-11	-0.000139237
1.58284e-11	-0.000139317
1.58748e-11	-0.000139398
1.59212e-11	-0.000139478
1.59676e-11	-0.000139559
1.6014e-11	-0.000139639
1.60605e-11	-0.00013972
1.61069e-11	-0.0001398
1.61533e-11	-0.000139881
1.61997e-11	-0.000139961
1.62461e-11	-0.000140042
1.62925e-11	-0.000140122
1.6339e-11	-0.000140203
1.63854e-11	-0.000140283
1.64318e-11	-0.000140364
1.64782e-11	-0.000140444
1.65246e-11	-0.000140525
1.6571e-11	-0.000140605
1.66175e-11	-0.000140686
1.66639e-11	-0.000140766
1.67103e-11	-0.000140847
1.67567e-11	-0.000140927
1.68031e-11	-0.000141008
1.68496e-11	-0.000141088
1.6896e-11	-0.000141169
1.69424e-11	-0.000141249
1.69888e-11	-0.00014133
1.70352e-11	-0.00014141
1.70816e-11	-0.000141491
1.71281e-11	-0.000141571
1.71745e-11	-0.000141652
1.72209e-11	-0.000141732
1.72673e-11	-0.000141813
1.73137e-11	-0.000141893
1.73601e-11	-0.000141974
1.74066e-11	-0.000142055
1.7453e-11	-0.000142135
1.74994e-11	-0.000142216
1.75458e-11	-0.000142296
1.75922e-11	-0.000142377
1.76386e-11	-0.000142457
1.76851e-11	-0.000142538
1.77315e-11	-0.000142618
1.77779e-11	-0.000142699
1.78243e-11	-0.000142779
1.78707e-11	-0.00014286
1.79172e-11	-0.00014294
1.79636e-11	-0.000143021
1.801e-11	-0.000143101
1.80564e-11	-0.000143182
1.81028e-11	-0.000143262
1.81492e-11	-0.000143343
1.81957e-11	-0.000143423
1.82421e-11	-0.000143504
1.82885e-11	-0.000143584
1.83349e-11	-0.000143665
1.83813e-11	-0.000143745
1.84277e-11	-0.000143826
1.84742e-11	-0.000143906
1.85206e-11	-0.000143987
1.8567e-11	-0.000144067
1.86134e-11	-0.000144148
1.86598e-11	-0.000144228
1.87063e-11	-0.000144309
1.87527e-11	-0.000144389
1.87991e-11	-0.00014447
1.88455e-11	-0.00014455
1.88919e-11	-0.000144631
1.89383e-11	-0.000144711
1.89848e-11	-0.000144792
1.90312e-11	-0.000144872
1.90776e-11	-0.000144953
1.9124e-11	-0.000145033
1.91704e-11	-0.000145114
1.92168e-11	-0.000145194
1.92633e-11	-0.000145275
1.93097e-11	-0.000145355
1.93561e-11	-0.000145436
1.94025e-11	-0.000145516
1.94489e-11	-0.000145597
1.94953e-11	-0.000145677
1.95418e-11	-0.000145758
1.95882e-11	-0.000145838
1.96346e-11	-0.000145918
1.9681e-11	-0.000145999
1.97274e-11	-0.000146079
1.97739e-11	-0.00014616
1.98203e-11	-0.00014624
1.98667e-11	-0.000146321
1.99131e-11	-0.000146401
1.99595e-11	-0.000146481
2.00059e-11	-0.000146562
2.00524e-11	-0.000146642
2.00988e-11	-0.000146723
2.01452e-11	-0.000146803
2.01916e-11	-0.000146884
2.0238e-11	-0.000146964
2.02844e-11	-0.000147044
2.03309e-11	-0.000147125
2.03773e-11	-0.000147205
2.04237e-11	-0.000147285
2.04701e-11	-0.000147366
2.05165e-11	-0.000147446
2.0563e-11	-0.000147527
2.06094e-11	-0.000147607
2.06558e-11	-0.000147687
2.07022e-11	-0.000147768
2.07486e-11	-0.000147848
2.0795e-11	-0.000147928
2.08415e-11	-0.000148009
2.08879e-11	-0.000148089
2.09343e-11	-0.000148169
2.09807e-11	-0.00014825
2.10271e-11	-0.00014833
2.10735e-11	-0.00014841
2.112e-11	-0.000148491
2.11664e-11	-0.000148571
2.12128e-11	-0.000148651
2.12592e-11	-0.000148731
2.13056e-11	-0.000148812
2.1352e-11	-0.000148892
2.13985e-11	-0.000148972
2.14449e-11	-0.000149052
2.14913e-11	-0.000149133
2.15377e-11	-0.000149213
2.15841e-11	-0.000149293
2.16306e-11	-0.000149373
2.1677e-11	-0.000149454
2.17234e-11	-0.000149534
2.17698e-11	-0.000149614
2.18162e-11	-0.000149694
2.18626e-11	-0.000149774
2.19091e-11	-0.000149855
2.19555e-11	-0.000149935
2.20019e-11	-0.000150015
2.20483e-11	-0.000150095
2.20947e-11	-0.000150175
2.21411e-11	-0.000150255
2.21876e-11	-0.000150336
2.2234e-11	-0.000150416
2.22804e-11	-0.000150496
2.23268e-11	-0.000150576
2.23732e-11	-0.000150656
2.24196e-11	-0.000150736
2.24661e-11	-0.000150816
2.25125e-11	-0.000150896
2.25589e-11	-0.000150976
2.26053e-11	-0.000151056
2.26517e-11	-0.000151136
2.26982e-11	-0.000151217
2.27446e-11	-0.000151297
2.2791e-11	-0.000151377
2.28374e-11	-0.000151457
2.28838e-11	-0.000151537
2.29302e-11	-0.000151617
2.29767e-11	-0.000151697
2.30231e-11	-0.000151777
2.30695e-11	-0.000151857
2.31159e-11	-0.000151937
2.31623e-11	-0.000152016
2.32087e-11	-0.000152096
2.32552e-11	-0.000152176
2.33016e-11	-0.000152256
2.3348e-11	-0.000152336
2.33944e-11	-0.000152416
2.34408e-11	-0.000152496
2.34873e-11	-0.000152576
2.35337e-11	-0.000152656
2.35801e-11	-0.000152736
2.36265e-11	-0.000152815
2.36729e-11	-0.000152895
2.37193e-11	-0.000152975
2.37658e-11	-0.000153055
2.38122e-11	-0.000153135
2.38586e-11	-0.000153215
2.3905e-11	-0.000153294
2.39514e-11	-0.000153374
2.39978e-11	-0.000153454
2.40443e-11	-0.000153534
2.40907e-11	-0.000153613
2.41371e-11	-0.000153693
2.41835e-11	-0.000153773
2.42299e-11	-0.000153852
2.42763e-11	-0.000153932
2.43228e-11	-0.000154012
2.43692e-11	-0.000154092
2.44156e-11	-0.000154171
2.4462e-11	-0.000154251
2.45084e-11	-0.00015433
2.45549e-11	-0.00015441
2.46013e-11	-0.00015449
2.46477e-11	-0.000154569
2.46941e-11	-0.000154649
2.47405e-11	-0.000154728
2.47869e-11	-0.000154808
2.48334e-11	-0.000154888
2.48798e-11	-0.000154967
2.49262e-11	-0.000155047
2.49726e-11	-0.000155126
2.5019e-11	-0.000155206
2.50654e-11	-0.000155285
2.51119e-11	-0.000155364
2.51583e-11	-0.000155444
2.52047e-11	-0.000155523
2.52511e-11	-0.000155603
2.52975e-11	-0.000155682
2.5344e-11	-0.000155762
2.53904e-11	-0.000155841
2.54368e-11	-0.00015592
2.54832e-11	-0.000156
2.55296e-11	-0.000156079
2.5576e-11	-0.000156158
2.56225e-11	-0.000156238
2.56689e-11	-0.000156317
2.57153e-11	-0.000156396
2.57617e-11	-0.000156475
2.58081e-11	-0.000156555
2.58545e-11	-0.000156634
2.5901e-11	-0.000156713
2.59474e-11	-0.000156792
2.59938e-11	-0.000156871
2.60402e-11	-0.000156951
2.60866e-11	-0.00015703
2.6133e-11	-0.000157109
2.61795e-11	-0.000157188
2.62259e-11	-0.000157267
2.62723e-11	-0.000157346
2.63187e-11	-0.000157425
2.63651e-11	-0.000157504
2.64116e-11	-0.000157583
2.6458e-11	-0.000157662
2.65044e-11	-0.000157741
2.65508e-11	-0.00015782
2.65972e-11	-0.000157899
2.66436e-11	-0.000157978
2.66901e-11	-0.000158057
2.67365e-11	-0.000158136
2.67829e-11	-0.000158215
2.68293e-11	-0.000158294
2.68757e-11	-0.000158373
2.69221e-11	-0.000158452
2.69686e-11	-0.000158531
2.7015e-11	-0.000158609
2.70614e-11	-0.000158688
2.71078e-11	-0.000158767
2.71542e-11	-0.000158846
2.72007e-11	-0.000158924
2.72471e-11	-0.000159003
2.72935e-11	-0.000159082
2.73399e-11	-0.000159161
2.73863e-11	-0.000159239
2.74327e-11	-0.000159318
2.74792e-11	-0.000159397
2.75256e-11	-0.000159475
2.7572e-11	-0.000159554
2.76184e-11	-0.000159632
2.76648e-11	-0.000159711
2.77112e-11	-0.000159789
2.77577e-11	-0.000159868
2.78041e-11	-0.000159946
2.78505e-11	-0.000160025
2.78969e-11	-0.000160103
2.79433e-11	-0.000160182
2.79897e-11	-0.00016026
2.80362e-11	-0.000160339
2.80826e-11	-0.000160417
2.8129e-11	-0.000160495
2.81754e-11	-0.000160574
2.82218e-11	-0.000160652
2.82683e-11	-0.00016073
2.83147e-11	-0.000160809
2.83611e-11	-0.000160887
2.84075e-11	-0.000160965
2.84539e-11	-0.000161043
2.85003e-11	-0.000161122
2.85468e-11	-0.0001612
2.85932e-11	-0.000161278
2.86396e-11	-0.000161356
2.8686e-11	-0.000161434
2.87324e-11	-0.000161512
2.87788e-11	-0.00016159
2.88253e-11	-0.000161668
2.88717e-11	-0.000161746
2.89181e-11	-0.000161824
2.89645e-11	-0.000161902
2.90109e-11	-0.00016198
2.90574e-11	-0.000162058
2.91038e-11	-0.000162136
2.91502e-11	-0.000162214
2.91966e-11	-0.000162292
2.9243e-11	-0.00016237
2.92894e-11	-0.000162448
2.93359e-11	-0.000162525
2.93823e-11	-0.000162603
2.94287e-11	-0.000162681
2.94751e-11	-0.000162759
2.95215e-11	-0.000162836
2.95679e-11	-0.000162914
2.96144e-11	-0.000162992
2.96608e-11	-0.000163069
2.97072e-11	-0.000163147
2.97536e-11	-0.000163225
2.98e-11	-0.000163302
2.98464e-11	-0.00016338
2.98929e-11	-0.000163457
2.99393e-11	-0.000163535
2.99857e-11	-0.000163612
3.00321e-11	-0.00016369
3.00785e-11	-0.000163767
3.0125e-11	-0.000163845
3.01714e-11	-0.000163922
3.02178e-11	-0.000163999
3.02642e-11	-0.000164077
3.03106e-11	-0.000164154
3.0357e-11	-0.000164231
3.04035e-11	-0.000164308
3.04499e-11	-0.000164386
3.04963e-11	-0.000164463
3.05427e-11	-0.00016454
3.05891e-11	-0.000164617
3.06355e-11	-0.000164694
3.0682e-11	-0.000164771
3.07284e-11	-0.000164848
3.07748e-11	-0.000164925
3.08212e-11	-0.000165002
3.08676e-11	-0.000165079
3.09141e-11	-0.000165156
3.09605e-11	-0.000165233
3.10069e-11	-0.00016531
3.10533e-11	-0.000165387
3.10997e-11	-0.000165464
3.11461e-11	-0.000165541
3.11926e-11	-0.000165618
3.1239e-11	-0.000165694
3.12854e-11	-0.000165771
3.13318e-11	-0.000165848
3.13782e-11	-0.000165925
3.14246e-11	-0.000166001
3.14711e-11	-0.000166078
3.15175e-11	-0.000166154
3.15639e-11	-0.000166231
3.16103e-11	-0.000166308
3.16567e-11	-0.000166384
3.17031e-11	-0.000166461
3.17496e-11	-0.000166537
3.1796e-11	-0.000166613
3.18424e-11	-0.00016669
3.18888e-11	-0.000166766
3.19352e-11	-0.000166843
3.19817e-11	-0.000166919
3.20281e-11	-0.000166995
3.20745e-11	-0.000167071
3.21209e-11	-0.000167148
3.21673e-11	-0.000167224
3.22137e-11	-0.0001673
3.22602e-11	-0.000167376
3.23066e-11	-0.000167452
3.2353e-11	-0.000167528
3.23994e-11	-0.000167604
3.24458e-11	-0.00016768
3.24922e-11	-0.000167756
3.25387e-11	-0.000167832
3.25851e-11	-0.000167908
3.26315e-11	-0.000167984
3.26779e-11	-0.00016806
3.27243e-11	-0.000168136
3.27708e-11	-0.000168212
3.28172e-11	-0.000168288
3.28636e-11	-0.000168363
3.291e-11	-0.000168439
3.29564e-11	-0.000168515
3.30028e-11	-0.00016859
3.30493e-11	-0.000168666
3.30957e-11	-0.000168741
3.31421e-11	-0.000168817
3.31885e-11	-0.000168893
3.32349e-11	-0.000168968
3.32813e-11	-0.000169043
3.33278e-11	-0.000169119
3.33742e-11	-0.000169194
3.34206e-11	-0.00016927
3.3467e-11	-0.000169345
3.35134e-11	-0.00016942
3.35598e-11	-0.000169495
3.36063e-11	-0.000169571
3.36527e-11	-0.000169646
3.36991e-11	-0.000169721
3.37455e-11	-0.000169796
3.37919e-11	-0.000169871
3.38384e-11	-0.000169946
3.38848e-11	-0.000170021
3.39312e-11	-0.000170096
3.39776e-11	-0.000170171
3.4024e-11	-0.000170246
3.40704e-11	-0.000170321
3.41169e-11	-0.000170396
3.41633e-11	-0.000170471
3.42097e-11	-0.000170545
3.42561e-11	-0.00017062
3.43025e-11	-0.000170695
3.43489e-11	-0.00017077
3.43954e-11	-0.000170844
3.44418e-11	-0.000170919
3.44882e-11	-0.000170993
3.45346e-11	-0.000171068
3.4581e-11	-0.000171142
3.46275e-11	-0.000171217
3.46739e-11	-0.000171291
3.47203e-11	-0.000171366
3.47667e-11	-0.00017144
3.48131e-11	-0.000171514
3.48595e-11	-0.000171589
3.4906e-11	-0.000171663
3.49524e-11	-0.000171737
3.49988e-11	-0.000171811
3.50452e-11	-0.000171885
3.50916e-11	-0.000171959
3.5138e-11	-0.000172033
3.51845e-11	-0.000172107
3.52309e-11	-0.000172181
3.52773e-11	-0.000172255
3.53237e-11	-0.000172329
3.53701e-11	-0.000172403
3.54165e-11	-0.000172477
3.5463e-11	-0.000172551
3.55094e-11	-0.000172624
3.55558e-11	-0.000172698
3.56022e-11	-0.000172772
3.56486e-11	-0.000172845
3.56951e-11	-0.000172919
3.57415e-11	-0.000172993
3.57879e-11	-0.000173066
3.58343e-11	-0.00017314
3.58807e-11	-0.000173213
3.59271e-11	-0.000173286
3.59736e-11	-0.00017336
3.602e-11	-0.000173433
3.60664e-11	-0.000173506
3.61128e-11	-0.00017358
3.61592e-11	-0.000173653
3.62056e-11	-0.000173726
3.62521e-11	-0.000173799
3.62985e-11	-0.000173872
3.63449e-11	-0.000173945
3.63913e-11	-0.000174018
3.64377e-11	-0.000174091
3.64842e-11	-0.000174164
3.65306e-11	-0.000174237
3.6577e-11	-0.00017431
3.66234e-11	-0.000174382
3.66698e-11	-0.000174455
3.67162e-11	-0.000174528
3.67627e-11	-0.0001746
3.68091e-11	-0.000174673
3.68555e-11	-0.000174746
3.69019e-11	-0.000174818
3.69483e-11	-0.000174891
3.69947e-11	-0.000174963
3.70412e-11	-0.000175035
3.70876e-11	-0.000175108
3.7134e-11	-0.00017518
3.71804e-11	-0.000175252
3.72268e-11	-0.000175325
3.72732e-11	-0.000175397
3.73197e-11	-0.000175469
3.73661e-11	-0.000175541
3.74125e-11	-0.000175613
3.74589e-11	-0.000175685
3.75053e-11	-0.000175757
3.75518e-11	-0.000175829
3.75982e-11	-0.000175901
3.76446e-11	-0.000175973
3.7691e-11	-0.000176044
3.77374e-11	-0.000176116
3.77838e-11	-0.000176188
3.78303e-11	-0.00017626
3.78767e-11	-0.000176331
3.79231e-11	-0.000176403
3.79695e-11	-0.000176474
3.80159e-11	-0.000176546
3.80623e-11	-0.000176617
3.81088e-11	-0.000176688
3.81552e-11	-0.00017676
3.82016e-11	-0.000176831
3.8248e-11	-0.000176902
3.82944e-11	-0.000176974
3.83409e-11	-0.000177045
3.83873e-11	-0.000177116
3.84337e-11	-0.000177187
3.84801e-11	-0.000177258
3.85265e-11	-0.000177329
3.85729e-11	-0.0001774
3.86194e-11	-0.000177471
3.86658e-11	-0.000177541
3.87122e-11	-0.000177612
3.87586e-11	-0.000177683
3.8805e-11	-0.000177754
3.88514e-11	-0.000177824
3.88979e-11	-0.000177895
3.89443e-11	-0.000177965
3.89907e-11	-0.000178036
3.90371e-11	-0.000178106
3.90835e-11	-0.000178177
3.91299e-11	-0.000178247
3.91764e-11	-0.000178317
3.92228e-11	-0.000178387
3.92692e-11	-0.000178458
3.93156e-11	-0.000178528
3.9362e-11	-0.000178598
3.94085e-11	-0.000178668
3.94549e-11	-0.000178738
3.95013e-11	-0.000178808
3.95477e-11	-0.000178878
3.95941e-11	-0.000178947
3.96405e-11	-0.000179017
3.9687e-11	-0.000179087
3.97334e-11	-0.000179157
3.97798e-11	-0.000179226
3.98262e-11	-0.000179296
3.98726e-11	-0.000179365
3.9919e-11	-0.000179435
3.99655e-11	-0.000179504
4.00119e-11	-0.000179574
4.00583e-11	-0.000179643
4.01047e-11	-0.000179712
4.01511e-11	-0.000179781
4.01976e-11	-0.00017985
4.0244e-11	-0.00017992
4.02904e-11	-0.000179989
4.03368e-11	-0.000180058
4.03832e-11	-0.000180127
4.04296e-11	-0.000180195
4.04761e-11	-0.000180264
4.05225e-11	-0.000180333
4.05689e-11	-0.000180402
4.06153e-11	-0.000180471
4.06617e-11	-0.000180539
4.07081e-11	-0.000180608
4.07546e-11	-0.000180676
4.0801e-11	-0.000180745
4.08474e-11	-0.000180813
4.08938e-11	-0.000180881
4.09402e-11	-0.00018095
4.09866e-11	-0.000181018
4.10331e-11	-0.000181086
4.10795e-11	-0.000181154
4.11259e-11	-0.000181222
4.11723e-11	-0.00018129
4.12187e-11	-0.000181358
4.12652e-11	-0.000181426
4.13116e-11	-0.000181494
4.1358e-11	-0.000181562
4.14044e-11	-0.00018163
4.14508e-11	-0.000181697
4.14972e-11	-0.000181765
4.15437e-11	-0.000181833
4.15901e-11	-0.0001819
4.16365e-11	-0.000181968
4.16829e-11	-0.000182035
4.17293e-11	-0.000182102
4.17757e-11	-0.00018217
4.18222e-11	-0.000182237
4.18686e-11	-0.000182304
4.1915e-11	-0.000182371
4.19614e-11	-0.000182438
4.20078e-11	-0.000182505
4.20542e-11	-0.000182572
4.21007e-11	-0.000182639
4.21471e-11	-0.000182706
4.21935e-11	-0.000182773
4.22399e-11	-0.000182839
4.22863e-11	-0.000182906
4.23328e-11	-0.000182973
4.23792e-11	-0.000183039
4.24256e-11	-0.000183106
4.2472e-11	-0.000183172
4.25184e-11	-0.000183238
4.25648e-11	-0.000183305
4.26113e-11	-0.000183371
4.26577e-11	-0.000183437
4.27041e-11	-0.000183503
4.27505e-11	-0.000183569
4.27969e-11	-0.000183635
4.28433e-11	-0.000183701
4.28898e-11	-0.000183767
4.29362e-11	-0.000183833
4.29826e-11	-0.000183899
4.3029e-11	-0.000183964
4.30754e-11	-0.00018403
4.31219e-11	-0.000184095
4.31683e-11	-0.000184161
4.32147e-11	-0.000184226
4.32611e-11	-0.000184292
4.33075e-11	-0.000184357
4.33539e-11	-0.000184422
4.34004e-11	-0.000184488
4.34468e-11	-0.000184553
4.34932e-11	-0.000184618
4.35396e-11	-0.000184683
4.3586e-11	-0.000184748
4.36324e-11	-0.000184812
4.36789e-11	-0.000184877
4.37253e-11	-0.000184942
4.37717e-11	-0.000185007
4.38181e-11	-0.000185071
4.38645e-11	-0.000185136
4.39109e-11	-0.0001852
4.39574e-11	-0.000185265
4.40038e-11	-0.000185329
4.40502e-11	-0.000185393
4.40966e-11	-0.000185458
4.4143e-11	-0.000185522
4.41895e-11	-0.000185586
4.42359e-11	-0.00018565
4.42823e-11	-0.000185714
4.43287e-11	-0.000185778
4.43751e-11	-0.000185842
4.44215e-11	-0.000185905
4.4468e-11	-0.000185969
4.45144e-11	-0.000186033
4.45608e-11	-0.000186096
4.46072e-11	-0.00018616
4.46536e-11	-0.000186223
4.47e-11	-0.000186286
4.47465e-11	-0.00018635
4.47929e-11	-0.000186413
4.48393e-11	-0.000186476
4.48857e-11	-0.000186539
4.49321e-11	-0.000186602
4.49786e-11	-0.000186665
4.5025e-11	-0.000186728
4.50714e-11	-0.000186791
4.51178e-11	-0.000186854
4.51642e-11	-0.000186916
4.52106e-11	-0.000186979
4.52571e-11	-0.000187041
4.53035e-11	-0.000187104
4.53499e-11	-0.000187166
4.53963e-11	-0.000187229
4.54427e-11	-0.000187291
4.54891e-11	-0.000187353
4.55356e-11	-0.000187415
4.5582e-11	-0.000187477
4.56284e-11	-0.000187539
4.56748e-11	-0.000187601
4.57212e-11	-0.000187663
4.57676e-11	-0.000187725
4.58141e-11	-0.000187786
4.58605e-11	-0.000187848
4.59069e-11	-0.00018791
4.59533e-11	-0.000187971
4.59997e-11	-0.000188033
4.60462e-11	-0.000188094
4.60926e-11	-0.000188155
4.6139e-11	-0.000188216
4.61854e-11	-0.000188277
4.62318e-11	-0.000188338
4.62782e-11	-0.000188399
4.63247e-11	-0.00018846
4.63711e-11	-0.000188521
4.64175e-11	-0.000188582
4.64639e-11	-0.000188643
4.65103e-11	-0.000188703
4.65567e-11	-0.000188764
4.66032e-11	-0.000188824
4.66496e-11	-0.000188885
4.6696e-11	-0.000188945
4.67424e-11	-0.000189005
4.67888e-11	-0.000189065
4.68353e-11	-0.000189125
4.68817e-11	-0.000189185
4.69281e-11	-0.000189245
4.69745e-11	-0.000189305
4.70209e-11	-0.000189365
4.70673e-11	-0.000189425
4.71138e-11	-0.000189484
4.71602e-11	-0.000189544
4.72066e-11	-0.000189603
4.7253e-11	-0.000189663
4.72994e-11	-0.000189722
4.73458e-11	-0.000189781
4.73923e-11	-0.00018984
4.74387e-11	-0.000189899
4.74851e-11	-0.000189958
4.75315e-11	-0.000190017
4.75779e-11	-0.000190076
4.76243e-11	-0.000190135
4.76708e-11	-0.000190194
4.77172e-11	-0.000190252
4.77636e-11	-0.000190311
4.781e-11	-0.000190369
4.78564e-11	-0.000190428
4.79029e-11	-0.000190486
4.79493e-11	-0.000190544
4.79957e-11	-0.000190602
4.80421e-11	-0.000190661
4.80885e-11	-0.000190718
4.81349e-11	-0.000190776
4.81814e-11	-0.000190834
4.82278e-11	-0.000190892
4.82742e-11	-0.00019095
4.83206e-11	-0.000191007
4.8367e-11	-0.000191065
4.84134e-11	-0.000191122
4.84599e-11	-0.000191179
4.85063e-11	-0.000191237
4.85527e-11	-0.000191294
4.85991e-11	-0.000191351
4.86455e-11	-0.000191408
4.8692e-11	-0.000191465
4.87384e-11	-0.000191522
4.87848e-11	-0.000191579
4.88312e-11	-0.000191635
4.88776e-11	-0.000191692
4.8924e-11	-0.000191748
4.89705e-11	-0.000191805
4.90169e-11	-0.000191861
4.90633e-11	-0.000191917
4.91097e-11	-0.000191974
4.91561e-11	-0.00019203
4.92025e-11	-0.000192086
4.9249e-11	-0.000192142
4.92954e-11	-0.000192198
4.93418e-11	-0.000192253
4.93882e-11	-0.000192309
4.94346e-11	-0.000192365
4.9481e-11	-0.00019242
4.95275e-11	-0.000192476
4.95739e-11	-0.000192531
4.96203e-11	-0.000192586
4.96667e-11	-0.000192641
4.97131e-11	-0.000192696
4.97596e-11	-0.000192751
4.9806e-11	-0.000192806
4.98524e-11	-0.000192861
4.98988e-11	-0.000192916
4.99452e-11	-0.00019297
4.99916e-11	-0.000193025
5.00381e-11	-0.00019308
5.00845e-11	-0.000193134
5.01309e-11	-0.000193188
5.01773e-11	-0.000193242
5.02237e-11	-0.000193297
5.02701e-11	-0.000193351
5.03166e-11	-0.000193405
5.0363e-11	-0.000193458
5.04094e-11	-0.000193512
5.04558e-11	-0.000193566
5.05022e-11	-0.000193619
5.05487e-11	-0.000193673
5.05951e-11	-0.000193726
5.06415e-11	-0.00019378
5.06879e-11	-0.000193833
5.07343e-11	-0.000193886
5.07807e-11	-0.000193939
5.08272e-11	-0.000193992
5.08736e-11	-0.000194045
5.092e-11	-0.000194098
5.09664e-11	-0.00019415
5.10128e-11	-0.000194203
5.10592e-11	-0.000194255
5.11057e-11	-0.000194308
5.11521e-11	-0.00019436
5.11985e-11	-0.000194412
5.12449e-11	-0.000194465
5.12913e-11	-0.000194517
5.13377e-11	-0.000194568
5.13842e-11	-0.00019462
5.14306e-11	-0.000194672
5.1477e-11	-0.000194724
5.15234e-11	-0.000194775
5.15698e-11	-0.000194827
5.16163e-11	-0.000194878
5.16627e-11	-0.00019493
5.17091e-11	-0.000194981
5.17555e-11	-0.000195032
5.18019e-11	-0.000195083
5.18483e-11	-0.000195134
5.18948e-11	-0.000195185
5.19412e-11	-0.000195235
5.19876e-11	-0.000195286
5.2034e-11	-0.000195336
5.20804e-11	-0.000195387
5.21268e-11	-0.000195437
5.21733e-11	-0.000195487
5.22197e-11	-0.000195538
5.22661e-11	-0.000195588
5.23125e-11	-0.000195638
5.23589e-11	-0.000195687
5.24054e-11	-0.000195737
5.24518e-11	-0.000195787
5.24982e-11	-0.000195836
5.25446e-11	-0.000195886
5.2591e-11	-0.000195935
5.26374e-11	-0.000195985
5.26839e-11	-0.000196034
5.27303e-11	-0.000196083
5.27767e-11	-0.000196132
5.28231e-11	-0.000196181
5.28695e-11	-0.000196229
5.29159e-11	-0.000196278
5.29624e-11	-0.000196327
5.30088e-11	-0.000196375
5.30552e-11	-0.000196424
5.31016e-11	-0.000196472
5.3148e-11	-0.00019652
5.31944e-11	-0.000196568
5.32409e-11	-0.000196616
5.32873e-11	-0.000196664
5.33337e-11	-0.000196712
5.33801e-11	-0.000196759
5.34265e-11	-0.000196807
5.3473e-11	-0.000196854
5.35194e-11	-0.000196902
5.35658e-11	-0.000196949
5.36122e-11	-0.000196996
5.36586e-11	-0.000197043
5.3705e-11	-0.00019709
5.37515e-11	-0.000197137
5.37979e-11	-0.000197184
5.38443e-11	-0.000197231
5.38907e-11	-0.000197277
5.39371e-11	-0.000197324
5.39835e-11	-0.00019737
5.403e-11	-0.000197416
5.40764e-11	-0.000197462
5.41228e-11	-0.000197508
5.41692e-11	-0.000197554
5.42156e-11	-0.0001976
5.42621e-11	-0.000197646
5.43085e-11	-0.000197691
5.43549e-11	-0.000197737
5.44013e-11	-0.000197782
5.44477e-11	-0.000197827
5.44941e-11	-0.000197873
5.45406e-11	-0.000197918
5.4587e-11	-0.000197963
5.46334e-11	-0.000198008
5.46798e-11	-0.000198052
5.47262e-11	-0.000198097
5.47726e-11	-0.000198141
5.48191e-11	-0.000198186
5.48655e-11	-0.00019823
5.49119e-11	-0.000198274
5.49583e-11	-0.000198319
5.50047e-11	-0.000198363
5.50511e-11	-0.000198406
5.50976e-11	-0.00019845
5.5144e-11	-0.000198494
5.51904e-11	-0.000198537
5.52368e-11	-0.000198581
5.52832e-11	-0.000198624
5.53297e-11	-0.000198667
5.53761e-11	-0.000198711
5.54225e-11	-0.000198754
5.54689e-11	-0.000198796
5.55153e-11	-0.000198839
5.55617e-11	-0.000198882
5.56082e-11	-0.000198925
5.56546e-11	-0.000198967
5.5701e-11	-0.000199009
5.57474e-11	-0.000199052
5.57938e-11	-0.000199094
5.58402e-11	-0.000199136
5.58867e-11	-0.000199178
5.59331e-11	-0.000199219
5.59795e-11	-0.000199261
5.60259e-11	-0.000199303
5.60723e-11	-0.000199344
5.61188e-11	-0.000199385
5.61652e-11	-0.000199427
5.62116e-11	-0.000199468
5.6258e-11	-0.000199509
5.63044e-11	-0.000199549
5.63508e-11	-0.00019959
5.63973e-11	-0.000199631
5.64437e-11	-0.000199671
5.64901e-11	-0.000199712
5.65365e-11	-0.000199752
5.65829e-11	-0.000199792
5.66293e-11	-0.000199832
5.66758e-11	-0.000199872
5.67222e-11	-0.000199912
5.67686e-11	-0.000199952
5.6815e-11	-0.000199991
5.68614e-11	-0.000200031
5.69078e-11	-0.00020007
5.69543e-11	-0.00020011
5.70007e-11	-0.000200149
5.70471e-11	-0.000200188
5.70935e-11	-0.000200227
5.71399e-11	-0.000200265
5.71864e-11	-0.000200304
5.72328e-11	-0.000200343
5.72792e-11	-0.000200381
5.73256e-11	-0.000200419
5.7372e-11	-0.000200457
5.74184e-11	-0.000200495
5.74649e-11	-0.000200533
5.75113e-11	-0.000200571
5.75577e-11	-0.000200609
5.76041e-11	-0.000200646
5.76505e-11	-0.000200684
5.76969e-11	-0.000200721
5.77434e-11	-0.000200758
5.77898e-11	-0.000200796
5.78362e-11	-0.000200833
5.78826e-11	-0.000200869
5.7929e-11	-0.000200906
5.79755e-11	-0.000200943
5.80219e-11	-0.000200979
5.80683e-11	-0.000201016
5.81147e-11	-0.000201052
5.81611e-11	-0.000201088
5.82075e-11	-0.000201124
5.8254e-11	-0.00020116
5.83004e-11	-0.000201195
5.83468e-11	-0.000201231
5.83932e-11	-0.000201267
5.84396e-11	-0.000201302
5.8486e-11	-0.000201337
5.85325e-11	-0.000201372
5.85789e-11	-0.000201407
5.86253e-11	-0.000201442
5.86717e-11	-0.000201477
5.87181e-11	-0.000201511
5.87645e-11	-0.000201546
5.8811e-11	-0.00020158
5.88574e-11	-0.000201615
5.89038e-11	-0.000201649
5.89502e-11	-0.000201683
5.89966e-11	-0.000201716
5.90431e-11	-0.00020175
5.90895e-11	-0.000201784
5.91359e-11	-0.000201817
5.91823e-11	-0.000201851
5.92287e-11	-0.000201884
5.92751e-11	-0.000201917
5.93216e-11	-0.00020195
5.9368e-11	-0.000201983
5.94144e-11	-0.000202015
5.94608e-11	-0.000202048
5.95072e-11	-0.00020208
5.95536e-11	-0.000202113
5.96001e-11	-0.000202145
5.96465e-11	-0.000202177
5.96929e-11	-0.000202209
5.97393e-11	-0.000202241
5.97857e-11	-0.000202272
5.98322e-11	-0.000202304
5.98786e-11	-0.000202335
5.9925e-11	-0.000202366
5.99714e-11	-0.000202398
6.00178e-11	-0.000202429
6.00642e-11	-0.000202459
6.01107e-11	-0.00020249
6.01571e-11	-0.000202521
6.02035e-11	-0.000202551
6.02499e-11	-0.000202581
6.02963e-11	-0.000202612
6.03427e-11	-0.000202642
6.03892e-11	-0.000202672
6.04356e-11	-0.000202701
6.0482e-11	-0.000202731
6.05284e-11	-0.000202761
6.05748e-11	-0.00020279
6.06212e-11	-0.000202819
6.06677e-11	-0.000202848
6.07141e-11	-0.000202877
6.07605e-11	-0.000202906
6.08069e-11	-0.000202935
6.08533e-11	-0.000202963
6.08998e-11	-0.000202992
6.09462e-11	-0.00020302
6.09926e-11	-0.000203048
6.1039e-11	-0.000203076
6.10854e-11	-0.000203104
6.11318e-11	-0.000203132
6.11783e-11	-0.000203159
6.12247e-11	-0.000203187
6.12711e-11	-0.000203214
6.13175e-11	-0.000203241
6.13639e-11	-0.000203269
6.14103e-11	-0.000203295
6.14568e-11	-0.000203322
6.15032e-11	-0.000203349
6.15496e-11	-0.000203375
6.1596e-11	-0.000203402
6.16424e-11	-0.000203428
6.16889e-11	-0.000203454
6.17353e-11	-0.00020348
6.17817e-11	-0.000203506
6.18281e-11	-0.000203531
6.18745e-11	-0.000203557
6.19209e-11	-0.000203582
6.19674e-11	-0.000203607
6.20138e-11	-0.000203632
6.20602e-11	-0.000203657
6.21066e-11	-0.000203682
6.2153e-11	-0.000203707
6.21994e-11	-0.000203731
6.22459e-11	-0.000203756
6.22923e-11	-0.00020378
6.23387e-11	-0.000203804
6.23851e-11	-0.000203828
6.24315e-11	-0.000203851
6.24779e-11	-0.000203875
6.25244e-11	-0.000203899
6.25708e-11	-0.000203922
6.26172e-11	-0.000203945
6.26636e-11	-0.000203968
6.271e-11	-0.000203991
6.27565e-11	-0.000204014
6.28029e-11	-0.000204036
6.28493e-11	-0.000204059
6.28957e-11	-0.000204081
6.29421e-11	-0.000204103
6.29885e-11	-0.000204125
6.3035e-11	-0.000204147
6.30814e-11	-0.000204169
6.31278e-11	-0.00020419
6.31742e-11	-0.000204212
6.32206e-11	-0.000204233
6.3267e-11	-0.000204254
6.33135e-11	-0.000204275
6.33599e-11	-0.000204296
6.34063e-11	-0.000204317
6.34527e-11	-0.000204337
6.34991e-11	-0.000204358
6.35455e-11	-0.000204378
6.3592e-11	-0.000204398
6.36384e-11	-0.000204418
6.36848e-11	-0.000204438
6.37312e-11	-0.000204457
6.37776e-11	-0.000204477
6.38241e-11	-0.000204496
6.38705e-11	-0.000204515
6.39169e-11	-0.000204534
6.39633e-11	-0.000204553
6.40097e-11	-0.000204572
6.40561e-11	-0.00020459
6.41026e-11	-0.000204609
6.4149e-11	-0.000204627
6.41954e-11	-0.000204645
6.42418e-11	-0.000204663
6.42882e-11	-0.000204681
6.43346e-11	-0.000204698
6.43811e-11	-0.000204716
6.44275e-11	-0.000204733
6.44739e-11	-0.00020475
6.45203e-11	-0.000204767
6.45667e-11	-0.000204784
6.46132e-11	-0.000204801
6.46596e-11	-0.000204817
6.4706e-11	-0.000204833
6.47524e-11	-0.00020485
6.47988e-11	-0.000204866
6.48452e-11	-0.000204882
6.48917e-11	-0.000204897
6.49381e-11	-0.000204913
6.49845e-11	-0.000204928
6.50309e-11	-0.000204943
6.50773e-11	-0.000204959
6.51237e-11	-0.000204974
6.51702e-11	-0.000204988
6.52166e-11	-0.000205003
6.5263e-11	-0.000205017
6.53094e-11	-0.000205032
6.53558e-11	-0.000205046
6.54022e-11	-0.00020506
6.54487e-11	-0.000205074
6.54951e-11	-0.000205087
6.55415e-11	-0.000205101
6.55879e-11	-0.000205114
6.56343e-11	-0.000205127
6.56808e-11	-0.00020514
6.57272e-11	-0.000205153
6.57736e-11	-0.000205166
6.582e-11	-0.000205178
6.58664e-11	-0.00020519
6.59128e-11	-0.000205203
6.59593e-11	-0.000205215
6.60057e-11	-0.000205227
6.60521e-11	-0.000205238
6.60985e-11	-0.00020525
6.61449e-11	-0.000205261
6.61913e-11	-0.000205272
6.62378e-11	-0.000205283
6.62842e-11	-0.000205294
6.63306e-11	-0.000205305
6.6377e-11	-0.000205315
6.64234e-11	-0.000205326
6.64699e-11	-0.000205336
6.65163e-11	-0.000205346
6.65627e-11	-0.000205356
6.66091e-11	-0.000205365
6.66555e-11	-0.000205375
6.67019e-11	-0.000205384
6.67484e-11	-0.000205393
6.67948e-11	-0.000205402
6.68412e-11	-0.000205411
6.68876e-11	-0.00020542
6.6934e-11	-0.000205428
6.69804e-11	-0.000205437
6.70269e-11	-0.000205445
6.70733e-11	-0.000205453
6.71197e-11	-0.000205461
6.71661e-11	-0.000205468
6.72125e-11	-0.000205476
6.72589e-11	-0.000205483
6.73054e-11	-0.00020549
6.73518e-11	-0.000205497
6.73982e-11	-0.000205504
6.74446e-11	-0.000205511
6.7491e-11	-0.000205517
6.75375e-11	-0.000205523
6.75839e-11	-0.000205529
6.76303e-11	-0.000205535
6.76767e-11	-0.000205541
6.77231e-11	-0.000205547
6.77695e-11	-0.000205552
6.7816e-11	-0.000205557
6.78624e-11	-0.000205562
6.79088e-11	-0.000205567
6.79552e-11	-0.000205572
6.80016e-11	-0.000205576
6.8048e-11	-0.000205581
6.80945e-11	-0.000205585
6.81409e-11	-0.000205589
6.81873e-11	-0.000205593
6.82337e-11	-0.000205596
6.82801e-11	-0.0002056
6.83266e-11	-0.000205603
6.8373e-11	-0.000205606
6.84194e-11	-0.000205609
6.84658e-11	-0.000205612
6.85122e-11	-0.000205614
6.85586e-11	-0.000205617
6.86051e-11	-0.000205619
6.86515e-11	-0.000205621
6.86979e-11	-0.000205623
6.87443e-11	-0.000205624
6.87907e-11	-0.000205626
6.88371e-11	-0.000205627
6.88836e-11	-0.000205628
6.893e-11	-0.000205629
6.89764e-11	-0.00020563
6.90228e-11	-0.00020563
6.90692e-11	-0.000205631
6.91156e-11	-0.000205631
6.91621e-11	-0.000205631
6.92085e-11	-0.000205631
6.92549e-11	-0.00020563
6.93013e-11	-0.00020563
6.93477e-11	-0.000205629
6.93942e-11	-0.000205628
6.94406e-11	-0.000205627
6.9487e-11	-0.000205626
6.95334e-11	-0.000205624
6.95798e-11	-0.000205623
6.96262e-11	-0.000205621
6.96727e-11	-0.000205619
6.97191e-11	-0.000205617
6.97655e-11	-0.000205614
6.98119e-11	-0.000205612
6.98583e-11	-0.000205609
6.99047e-11	-0.000205606
6.99512e-11	-0.000205603
6.99976e-11	-0.000205599
7.0044e-11	-0.000205596
7.00904e-11	-0.000205592
7.01368e-11	-0.000205588
7.01833e-11	-0.000205584
7.02297e-11	-0.00020558
7.02761e-11	-0.000205575
7.03225e-11	-0.000205571
7.03689e-11	-0.000205566
7.04153e-11	-0.000205561
7.04618e-11	-0.000205555
7.05082e-11	-0.00020555
7.05546e-11	-0.000205544
7.0601e-11	-0.000205539
7.06474e-11	-0.000205533
7.06938e-11	-0.000205526
7.07403e-11	-0.00020552
7.07867e-11	-0.000205513
7.08331e-11	-0.000205507
7.08795e-11	-0.0002055
7.09259e-11	-0.000205492
7.09723e-11	-0.000205485
7.10188e-11	-0.000205478
7.10652e-11	-0.00020547
7.11116e-11	-0.000205462
7.1158e-11	-0.000205454
7.12044e-11	-0.000205445
7.12509e-11	-0.000205437
7.12973e-11	-0.000205428
7.13437e-11	-0.000205419
7.13901e-11	-0.00020541
7.14365e-11	-0.000205401
7.14829e-11	-0.000205391
7.15294e-11	-0.000205381
7.15758e-11	-0.000205371
7.16222e-11	-0.000205361
7.16686e-11	-0.000205351
7.1715e-11	-0.00020534
7.17614e-11	-0.00020533
7.18079e-11	-0.000205319
7.18543e-11	-0.000205308
7.19007e-11	-0.000205296
7.19471e-11	-0.000205285
7.19935e-11	-0.000205273
7.204e-11	-0.000205261
7.20864e-11	-0.000205249
7.21328e-11	-0.000205237
7.21792e-11	-0.000205224
7.22256e-11	-0.000205211
7.2272e-11	-0.000205199
7.23185e-11	-0.000205185
7.23649e-11	-0.000205172
7.24113e-11	-0.000205159
7.24577e-11	-0.000205145
7.25041e-11	-0.000205131
7.25505e-11	-0.000205117
7.2597e-11	-0.000205102
7.26434e-11	-0.000205088
7.26898e-11	-0.000205073
7.27362e-11	-0.000205058
7.27826e-11	-0.000205043
7.2829e-11	-0.000205027
7.28755e-11	-0.000205012
7.29219e-11	-0.000204996
7.29683e-11	-0.00020498
7.30147e-11	-0.000204964
7.30611e-11	-0.000204947
7.31076e-11	-0.000204931
7.3154e-11	-0.000204914
7.32004e-11	-0.000204897
7.32468e-11	-0.000204879
7.32932e-11	-0.000204862
7.33396e-11	-0.000204844
7.33861e-11	-0.000204826
7.34325e-11	-0.000204808
7.34789e-11	-0.00020479
7.35253e-11	-0.000204771
7.35717e-11	-0.000204753
7.36181e-11	-0.000204734
7.36646e-11	-0.000204714
7.3711e-11	-0.000204695
7.37574e-11	-0.000204675
7.38038e-11	-0.000204656
7.38502e-11	-0.000204636
7.38967e-11	-0.000204615
7.39431e-11	-0.000204595
7.39895e-11	-0.000204574
7.40359e-11	-0.000204553
7.40823e-11	-0.000204532
7.41287e-11	-0.000204511
7.41752e-11	-0.00020449
7.42216e-11	-0.000204468
7.4268e-11	-0.000204446
7.43144e-11	-0.000204424
7.43608e-11	-0.000204401
7.44072e-11	-0.000204379
7.44537e-11	-0.000204356
7.45001e-11	-0.000204333
7.45465e-11	-0.00020431
7.45929e-11	-0.000204286
7.46393e-11	-0.000204262
7.46857e-11	-0.000204238
7.47322e-11	-0.000204214
7.47786e-11	-0.00020419
7.4825e-11	-0.000204165
7.48714e-11	-0.000204141
7.49178e-11	-0.000204116
7.49643e-11	-0.00020409
7.50107e-11	-0.000204065
7.50571e-11	-0.000204039
7.51035e-11	-0.000204013
7.51499e-11	-0.000203987
7.51963e-11	-0.000203961
7.52428e-11	-0.000203934
7.52892e-11	-0.000203907
7.53356e-11	-0.00020388
7.5382e-11	-0.000203853
7.54284e-11	-0.000203826
7.54748e-11	-0.000203798
7.55213e-11	-0.00020377
7.55677e-11	-0.000203742
7.56141e-11	-0.000203714
7.56605e-11	-0.000203685
7.57069e-11	-0.000203656
7.57534e-11	-0.000203627
7.57998e-11	-0.000203598
7.58462e-11	-0.000203568
7.58926e-11	-0.000203539
7.5939e-11	-0.000203509
7.59854e-11	-0.000203478
7.60319e-11	-0.000203448
7.60783e-11	-0.000203417
7.61247e-11	-0.000203387
7.61711e-11	-0.000203355
7.62175e-11	-0.000203324
7.62639e-11	-0.000203293
7.63104e-11	-0.000203261
7.63568e-11	-0.000203229
7.64032e-11	-0.000203197
7.64496e-11	-0.000203164
7.6496e-11	-0.000203131
7.65424e-11	-0.000203098
7.65889e-11	-0.000203065
7.66353e-11	-0.000203032
7.66817e-11	-0.000202998
7.67281e-11	-0.000202964
7.67745e-11	-0.00020293
7.6821e-11	-0.000202896
7.68674e-11	-0.000202861
7.69138e-11	-0.000202826
7.69602e-11	-0.000202791
7.70066e-11	-0.000202756
7.7053e-11	-0.000202721
7.70995e-11	-0.000202685
7.71459e-11	-0.000202649
7.71923e-11	-0.000202613
7.72387e-11	-0.000202576
7.72851e-11	-0.00020254
7.73315e-11	-0.000202503
7.7378e-11	-0.000202465
7.74244e-11	-0.000202428
7.74708e-11	-0.00020239
7.75172e-11	-0.000202352
7.75636e-11	-0.000202314
7.76101e-11	-0.000202276
7.76565e-11	-0.000202237
7.77029e-11	-0.000202199
7.77493e-11	-0.000202159
7.77957e-11	-0.00020212
7.78421e-11	-0.000202081
7.78886e-11	-0.000202041
7.7935e-11	-0.000202001
7.79814e-11	-0.00020196
7.80278e-11	-0.00020192
7.80742e-11	-0.000201879
7.81206e-11	-0.000201838
7.81671e-11	-0.000201797
7.82135e-11	-0.000201755
7.82599e-11	-0.000201713
7.83063e-11	-0.000201671
7.83527e-11	-0.000201629
7.83991e-11	-0.000201587
7.84456e-11	-0.000201544
7.8492e-11	-0.000201501
7.85384e-11	-0.000201458
7.85848e-11	-0.000201414
7.86312e-11	-0.000201371
7.86777e-11	-0.000201327
7.87241e-11	-0.000201282
7.87705e-11	-0.000201238
7.88169e-11	-0.000201193
7.88633e-11	-0.000201148
7.89097e-11	-0.000201103
7.89562e-11	-0.000201058
7.90026e-11	-0.000201012
7.9049e-11	-0.000200966
7.90954e-11	-0.00020092
7.91418e-11	-0.000200873
7.91882e-11	-0.000200827
7.92347e-11	-0.00020078
7.92811e-11	-0.000200732
7.93275e-11	-0.000200685
7.93739e-11	-0.000200637
7.94203e-11	-0.000200589
7.94668e-11	-0.000200541
7.95132e-11	-0.000200492
7.95596e-11	-0.000200444
7.9606e-11	-0.000200395
7.96524e-11	-0.000200345
7.96988e-11	-0.000200296
7.97453e-11	-0.000200246
7.97917e-11	-0.000200196
7.98381e-11	-0.000200146
7.98845e-11	-0.000200095
7.99309e-11	-0.000200045
7.99773e-11	-0.000199994
8.00238e-11	-0.000199942
8.00702e-11	-0.000199891
8.01166e-11	-0.000199839
8.0163e-11	-0.000199787
8.02094e-11	-0.000199735
8.02558e-11	-0.000199682
8.03023e-11	-0.000199629
8.03487e-11	-0.000199576
8.03951e-11	-0.000199523
8.04415e-11	-0.000199469
8.04879e-11	-0.000199415
8.05344e-11	-0.000199361
8.05808e-11	-0.000199307
8.06272e-11	-0.000199252
8.06736e-11	-0.000199197
8.072e-11	-0.000199142
8.07664e-11	-0.000199086
8.08129e-11	-0.000199031
8.08593e-11	-0.000198975
8.09057e-11	-0.000198918
8.09521e-11	-0.000198862
8.09985e-11	-0.000198805
8.10449e-11	-0.000198748
8.10914e-11	-0.000198691
8.11378e-11	-0.000198633
8.11842e-11	-0.000198575
8.12306e-11	-0.000198517
8.1277e-11	-0.000198459
8.13235e-11	-0.0001984
8.13699e-11	-0.000198341
8.14163e-11	-0.000198282
8.14627e-11	-0.000198223
8.15091e-11	-0.000198163
8.15555e-11	-0.000198103
8.1602e-11	-0.000198043
8.16484e-11	-0.000197982
8.16948e-11	-0.000197921
8.17412e-11	-0.00019786
8.17876e-11	-0.000197799
8.1834e-11	-0.000197737
8.18805e-11	-0.000197676
8.19269e-11	-0.000197613
8.19733e-11	-0.000197551
8.20197e-11	-0.000197488
8.20661e-11	-0.000197425
8.21125e-11	-0.000197362
8.2159e-11	-0.000197299
8.22054e-11	-0.000197235
8.22518e-11	-0.000197171
8.22982e-11	-0.000197106
8.23446e-11	-0.000197042
8.23911e-11	-0.000196977
8.24375e-11	-0.000196912
8.24839e-11	-0.000196846
8.25303e-11	-0.000196781
8.25767e-11	-0.000196715
8.26231e-11	-0.000196648
8.26696e-11	-0.000196582
8.2716e-11	-0.000196515
8.27624e-11	-0.000196448
8.28088e-11	-0.00019638
8.28552e-11	-0.000196313
8.29016e-11	-0.000196245
8.29481e-11	-0.000196177
8.29945e-11	-0.000196108
8.30409e-11	-0.000196039
8.30873e-11	-0.00019597
8.31337e-11	-0.000195901
8.31801e-11	-0.000195831
8.32266e-11	-0.000195761
8.3273e-11	-0.000195691
8.33194e-11	-0.000195621
8.33658e-11	-0.00019555
8.34122e-11	-0.000195479
8.34587e-11	-0.000195407
8.35051e-11	-0.000195336
8.35515e-11	-0.000195264
8.35979e-11	-0.000195192
8.36443e-11	-0.000195119
8.36907e-11	-0.000195047
8.37372e-11	-0.000194974
8.37836e-11	-0.0001949
8.383e-11	-0.000194827
8.38764e-11	-0.000194753
8.39228e-11	-0.000194679
8.39692e-11	-0.000194604
8.40157e-11	-0.000194529
8.40621e-11	-0.000194454
8.41085e-11	-0.000194379
8.41549e-11	-0.000194303
8.42013e-11	-0.000194227
8.42478e-11	-0.000194151
8.42942e-11	-0.000194075
8.43406e-11	-0.000193998
8.4387e-11	-0.000193921
8.44334e-11	-0.000193843
8.44798e-11	-0.000193766
8.45263e-11	-0.000193688
8.45727e-11	-0.000193609
8.46191e-11	-0.000193531
8.46655e-11	-0.000193452
8.47119e-11	-0.000193373
8.47583e-11	-0.000193293
8.48048e-11	-0.000193214
8.48512e-11	-0.000193134
8.48976e-11	-0.000193053
8.4944e-11	-0.000192973
8.49904e-11	-0.000192892
8.50368e-11	-0.000192811
8.50833e-11	-0.000192729
8.51297e-11	-0.000192647
8.51761e-11	-0.000192565
8.52225e-11	-0.000192483
8.52689e-11	-0.0001924
8.53154e-11	-0.000192317
8.53618e-11	-0.000192234
8.54082e-11	-0.00019215
8.54546e-11	-0.000192066
8.5501e-11	-0.000191982
8.55474e-11	-0.000191898
8.55939e-11	-0.000191813
8.56403e-11	-0.000191728
8.56867e-11	-0.000191642
8.57331e-11	-0.000191557
8.57795e-11	-0.000191471
8.58259e-11	-0.000191384
8.58724e-11	-0.000191298
8.59188e-11	-0.000191211
8.59652e-11	-0.000191124
8.60116e-11	-0.000191036
8.6058e-11	-0.000190948
8.61045e-11	-0.00019086
8.61509e-11	-0.000190772
8.61973e-11	-0.000190683
8.62437e-11	-0.000190594
8.62901e-11	-0.000190504
8.63365e-11	-0.000190415
8.6383e-11	-0.000190325
8.64294e-11	-0.000190234
8.64758e-11	-0.000190144
8.65222e-11	-0.000190053
8.65686e-11	-0.000189962
8.6615e-11	-0.00018987
8.66615e-11	-0.000189778
8.67079e-11	-0.000189686
8.67543e-11	-0.000189594
8.68007e-11	-0.000189501
8.68471e-11	-0.000189408
8.68935e-11	-0.000189314
8.694e-11	-0.000189221
8.69864e-11	-0.000189127
8.70328e-11	-0.000189032
8.70792e-11	-0.000188938
8.71256e-11	-0.000188843
8.71721e-11	-0.000188747
8.72185e-11	-0.000188652
8.72649e-11	-0.000188556
8.73113e-11	-0.00018846
8.73577e-11	-0.000188363
8.74041e-11	-0.000188266
8.74506e-11	-0.000188169
8.7497e-11	-0.000188071
8.75434e-11	-0.000187974
8.75898e-11	-0.000187876
8.76362e-11	-0.000187777
8.76826e-11	-0.000187678
8.77291e-11	-0.000187579
8.77755e-11	-0.00018748
8.78219e-11	-0.00018738
8.78683e-11	-0.00018728
8.79147e-11	-0.00018718
8.79612e-11	-0.000187079
8.80076e-11	-0.000186978
8.8054e-11	-0.000186877
8.81004e-11	-0.000186775
8.81468e-11	-0.000186673
8.81932e-11	-0.000186571
8.82397e-11	-0.000186468
8.82861e-11	-0.000186365
8.83325e-11	-0.000186262
8.83789e-11	-0.000186158
8.84253e-11	-0.000186054
8.84717e-11	-0.00018595
8.85182e-11	-0.000185845
8.85646e-11	-0.00018574
8.8611e-11	-0.000185635
8.86574e-11	-0.00018553
8.87038e-11	-0.000185424
8.87502e-11	-0.000185317
8.87967e-11	-0.000185211
8.88431e-11	-0.000185104
8.88895e-11	-0.000184997
8.89359e-11	-0.000184889
8.89823e-11	-0.000184781
8.90288e-11	-0.000184673
8.90752e-11	-0.000184565
8.91216e-11	-0.000184456
8.9168e-11	-0.000184347
8.92144e-11	-0.000184237
8.92608e-11	-0.000184127
8.93073e-11	-0.000184017
8.93537e-11	-0.000183906
8.94001e-11	-0.000183796
8.94465e-11	-0.000183684
8.94929e-11	-0.000183573
8.95393e-11	-0.000183461
8.95858e-11	-0.000183349
8.96322e-11	-0.000183236
8.96786e-11	-0.000183123
8.9725e-11	-0.00018301
8.97714e-11	-0.000182896
8.98179e-11	-0.000182783
8.98643e-11	-0.000182668
8.99107e-11	-0.000182554
8.99571e-11	-0.000182439
9.00035e-11	-0.000182324
9.00499e-11	-0.000182208
9.00964e-11	-0.000182092
9.01428e-11	-0.000181976
9.01892e-11	-0.000181859
9.02356e-11	-0.000181742
9.0282e-11	-0.000181625
9.03284e-11	-0.000181507
9.03749e-11	-0.000181389
9.04213e-11	-0.000181271
9.04677e-11	-0.000181152
9.05141e-11	-0.000181033
9.05605e-11	-0.000180914
9.06069e-11	-0.000180794
9.06534e-11	-0.000180674
9.06998e-11	-0.000180554
9.07462e-11	-0.000180433
9.07926e-11	-0.000180312
9.0839e-11	-0.00018019
9.08855e-11	-0.000180069
9.09319e-11	-0.000179946
9.09783e-11	-0.000179824
9.10247e-11	-0.000179701
9.10711e-11	-0.000179578
9.11175e-11	-0.000179454
9.1164e-11	-0.000179331
9.12104e-11	-0.000179206
9.12568e-11	-0.000179082
9.13032e-11	-0.000178957
9.13496e-11	-0.000178831
9.1396e-11	-0.000178706
9.14425e-11	-0.00017858
9.14889e-11	-0.000178454
9.15353e-11	-0.000178327
9.15817e-11	-0.0001782
9.16281e-11	-0.000178072
9.16746e-11	-0.000177945
9.1721e-11	-0.000177816
9.17674e-11	-0.000177688
9.18138e-11	-0.000177559
9.18602e-11	-0.00017743
9.19066e-11	-0.0001773
9.19531e-11	-0.000177171
9.19995e-11	-0.00017704
9.20459e-11	-0.00017691
9.20923e-11	-0.000176779
9.21387e-11	-0.000176647
9.21851e-11	-0.000176516
9.22316e-11	-0.000176384
9.2278e-11	-0.000176251
9.23244e-11	-0.000176118
9.23708e-11	-0.000175985
9.24172e-11	-0.000175852
9.24636e-11	-0.000175718
9.25101e-11	-0.000175584
9.25565e-11	-0.000175449
9.26029e-11	-0.000175314
9.26493e-11	-0.000175179
9.26957e-11	-0.000175043
9.27422e-11	-0.000174907
9.27886e-11	-0.000174771
9.2835e-11	-0.000174634
9.28814e-11	-0.000174497
9.29278e-11	-0.000174359
9.29742e-11	-0.000174221
9.30207e-11	-0.000174083
9.30671e-11	-0.000173944
9.31135e-11	-0.000173806
9.31599e-11	-0.000173666
9.32063e-11	-0.000173526
9.32527e-11	-0.000173386
9.32992e-11	-0.000173246
9.33456e-11	-0.000173105
9.3392e-11	-0.000172964
9.34384e-11	-0.000172822
9.34848e-11	-0.00017268
9.35313e-11	-0.000172538
9.35777e-11	-0.000172395
9.36241e-11	-0.000172252
9.36705e-11	-0.000172109
9.37169e-11	-0.000171965
9.37633e-11	-0.000171821
9.38098e-11	-0.000171676
9.38562e-11	-0.000171531
9.39026e-11	-0.000171386
9.3949e-11	-0.00017124
9.39954e-11	-0.000171094
9.40418e-11	-0.000170948
9.40883e-11	-0.000170801
9.41347e-11	-0.000170654
9.41811e-11	-0.000170506
9.42275e-11	-0.000170358
9.42739e-11	-0.00017021
9.43203e-11	-0.000170061
9.43668e-11	-0.000169912
9.44132e-11	-0.000169763
9.44596e-11	-0.000169613
9.4506e-11	-0.000169463
9.45524e-11	-0.000169312
9.45989e-11	-0.000169161
9.46453e-11	-0.00016901
9.46917e-11	-0.000168858
9.47381e-11	-0.000168706
9.47845e-11	-0.000168553
9.48309e-11	-0.0001684
9.48774e-11	-0.000168247
9.49238e-11	-0.000168093
9.49702e-11	-0.000167939
9.50166e-11	-0.000167785
9.5063e-11	-0.00016763
9.51094e-11	-0.000167475
9.51559e-11	-0.000167319
9.52023e-11	-0.000167163
9.52487e-11	-0.000167007
9.52951e-11	-0.00016685
9.53415e-11	-0.000166693
9.5388e-11	-0.000166535
9.54344e-11	-0.000166377
9.54808e-11	-0.000166219
9.55272e-11	-0.00016606
9.55736e-11	-0.000165901
9.562e-11	-0.000165741
9.56665e-11	-0.000165581
9.57129e-11	-0.000165421
9.57593e-11	-0.00016526
9.58057e-11	-0.000165099
9.58521e-11	-0.000164938
9.58985e-11	-0.000164776
9.5945e-11	-0.000164613
9.59914e-11	-0.000164451
9.60378e-11	-0.000164288
9.60842e-11	-0.000164124
9.61306e-11	-0.00016396
9.6177e-11	-0.000163796
9.62235e-11	-0.000163631
9.62699e-11	-0.000163466
9.63163e-11	-0.000163301
9.63627e-11	-0.000163135
9.64091e-11	-0.000162969
9.64556e-11	-0.000162802
9.6502e-11	-0.000162635
9.65484e-11	-0.000162467
9.65948e-11	-0.000162299
9.66412e-11	-0.000162131
9.66876e-11	-0.000161962
9.67341e-11	-0.000161793
9.67805e-11	-0.000161624
9.68269e-11	-0.000161454
9.68733e-11	-0.000161284
9.69197e-11	-0.000161113
9.69661e-11	-0.000160942
9.70126e-11	-0.00016077
9.7059e-11	-0.000160598
9.71054e-11	-0.000160426
9.71518e-11	-0.000160253
9.71982e-11	-0.00016008
9.72447e-11	-0.000159907
9.72911e-11	-0.000159733
9.73375e-11	-0.000159558
9.73839e-11	-0.000159383
9.74303e-11	-0.000159208
9.74767e-11	-0.000159033
9.75232e-11	-0.000158857
9.75696e-11	-0.00015868
9.7616e-11	-0.000158503
9.76624e-11	-0.000158326
9.77088e-11	-0.000158148
9.77552e-11	-0.00015797
9.78017e-11	-0.000157792
9.78481e-11	-0.000157613
9.78945e-11	-0.000157433
9.79409e-11	-0.000157254
9.79873e-11	-0.000157074
9.80337e-11	-0.000156893
9.80802e-11	-0.000156712
9.81266e-11	-0.000156531
9.8173e-11	-0.000156349
9.82194e-11	-0.000156166
9.82658e-11	-0.000155984
9.83123e-11	-0.000155801
9.83587e-11	-0.000155617
9.84051e-11	-0.000155433
9.84515e-11	-0.000155249
9.84979e-11	-0.000155064
9.85443e-11	-0.000154879
9.85908e-11	-0.000154693
9.86372e-11	-0.000154507
9.86836e-11	-0.000154321
9.873e-11	-0.000154134
9.87764e-11	-0.000153947
9.88228e-11	-0.000153759
9.88693e-11	-0.000153571
9.89157e-11	-0.000153382
9.89621e-11	-0.000153193
9.90085e-11	-0.000153004
9.90549e-11	-0.000152814
9.91014e-11	-0.000152623
9.91478e-11	-0.000152433
9.91942e-11	-0.000152241
9.92406e-11	-0.00015205
9.9287e-11	-0.000151858
9.93334e-11	-0.000151665
9.93799e-11	-0.000151472
9.94263e-11	-0.000151279
9.94727e-11	-0.000151085
9.95191e-11	-0.000150891
9.95655e-11	-0.000150697
9.96119e-11	-0.000150502
9.96584e-11	-0.000150306
9.97048e-11	-0.00015011
9.97512e-11	-0.000149914
9.97976e-11	-0.000149717
9.9844e-11	-0.00014952
9.98904e-11	-0.000149322
9.99369e-11	-0.000149124
9.99833e-11	-0.000148926
1.0003e-10	-0.000148727
1.00076e-10	-0.000148527
1.00123e-10	-0.000148327
1.00169e-10	-0.000148127
1.00215e-10	-0.000147926
1.00262e-10	-0.000147725
1.00308e-10	-0.000147524
1.00355e-10	-0.000147322
1.00401e-10	-0.000147119
1.00447e-10	-0.000146916
1.00494e-10	-0.000146713
1.0054e-10	-0.000146509
1.00587e-10	-0.000146305
1.00633e-10	-0.0001461
1.0068e-10	-0.000145895
1.00726e-10	-0.000145689
1.00772e-10	-0.000145483
1.00819e-10	-0.000145277
1.00865e-10	-0.00014507
1.00912e-10	-0.000144862
1.00958e-10	-0.000144655
1.01004e-10	-0.000144446
1.01051e-10	-0.000144238
1.01097e-10	-0.000144029
1.01144e-10	-0.000143819
1.0119e-10	-0.000143609
1.01237e-10	-0.000143398
1.01283e-10	-0.000143187
1.01329e-10	-0.000142976
1.01376e-10	-0.000142764
1.01422e-10	-0.000142552
1.01469e-10	-0.000142339
1.01515e-10	-0.000142126
1.01561e-10	-0.000141912
1.01608e-10	-0.000141698
1.01654e-10	-0.000141483
1.01701e-10	-0.000141268
1.01747e-10	-0.000141053
1.01794e-10	-0.000140837
1.0184e-10	-0.00014062
1.01886e-10	-0.000140404
1.01933e-10	-0.000140186
1.01979e-10	-0.000139968
1.02026e-10	-0.00013975
1.02072e-10	-0.000139531
1.02118e-10	-0.000139312
1.02165e-10	-0.000139093
1.02211e-10	-0.000138873
1.02258e-10	-0.000138652
1.02304e-10	-0.000138431
1.02351e-10	-0.000138209
1.02397e-10	-0.000137988
1.02443e-10	-0.000137765
1.0249e-10	-0.000137542
1.02536e-10	-0.000137319
1.02583e-10	-0.000137095
1.02629e-10	-0.000136871
1.02675e-10	-0.000136646
1.02722e-10	-0.000136421
1.02768e-10	-0.000136195
1.02815e-10	-0.000135969
1.02861e-10	-0.000135743
1.02908e-10	-0.000135515
1.02954e-10	-0.000135288
1.03e-10	-0.00013506
1.03047e-10	-0.000134831
1.03093e-10	-0.000134603
1.0314e-10	-0.000134373
1.03186e-10	-0.000134143
1.03233e-10	-0.000133913
1.03279e-10	-0.000133682
1.03325e-10	-0.000133451
1.03372e-10	-0.000133219
1.03418e-10	-0.000132987
1.03465e-10	-0.000132754
1.03511e-10	-0.000132521
1.03557e-10	-0.000132287
1.03604e-10	-0.000132053
1.0365e-10	-0.000131818
1.03697e-10	-0.000131583
1.03743e-10	-0.000131348
1.0379e-10	-0.000131111
1.03836e-10	-0.000130875
1.03882e-10	-0.000130638
1.03929e-10	-0.0001304
1.03975e-10	-0.000130162
1.04022e-10	-0.000129924
1.04068e-10	-0.000129685
1.04114e-10	-0.000129446
1.04161e-10	-0.000129206
1.04207e-10	-0.000128965
1.04254e-10	-0.000128724
1.043e-10	-0.000128483
1.04347e-10	-0.000128241
1.04393e-10	-0.000127999
1.04439e-10	-0.000127756
1.04486e-10	-0.000127513
1.04532e-10	-0.000127269
1.04579e-10	-0.000127025
1.04625e-10	-0.00012678
1.04671e-10	-0.000126535
1.04718e-10	-0.000126289
1.04764e-10	-0.000126043
1.04811e-10	-0.000125796
1.04857e-10	-0.000125549
1.04904e-10	-0.000125301
1.0495e-10	-0.000125053
1.04996e-10	-0.000124804
1.05043e-10	-0.000124555
1.05089e-10	-0.000124305
1.05136e-10	-0.000124055
1.05182e-10	-0.000123804
1.05228e-10	-0.000123553
1.05275e-10	-0.000123301
1.05321e-10	-0.000123049
1.05368e-10	-0.000122797
1.05414e-10	-0.000122544
1.05461e-10	-0.00012229
1.05507e-10	-0.000122036
1.05553e-10	-0.000121781
1.056e-10	-0.000121526
1.05646e-10	-0.00012127
1.05693e-10	-0.000121014
1.05739e-10	-0.000120758
1.05785e-10	-0.0001205
1.05832e-10	-0.000120243
1.05878e-10	-0.000119985
1.05925e-10	-0.000119726
1.05971e-10	-0.000119467
1.06018e-10	-0.000119207
1.06064e-10	-0.000118947
1.0611e-10	-0.000118686
1.06157e-10	-0.000118425
1.06203e-10	-0.000118164
1.0625e-10	-0.000117901
1.06296e-10	-0.000117639
1.06342e-10	-0.000117375
1.06389e-10	-0.000117112
1.06435e-10	-0.000116848
1.06482e-10	-0.000116583
1.06528e-10	-0.000116318
1.06575e-10	-0.000116052
1.06621e-10	-0.000115786
1.06667e-10	-0.000115519
1.06714e-10	-0.000115252
1.0676e-10	-0.000114984
1.06807e-10	-0.000114715
1.06853e-10	-0.000114447
1.06899e-10	-0.000114177
1.06946e-10	-0.000113908
1.06992e-10	-0.000113637
1.07039e-10	-0.000113366
1.07085e-10	-0.000113095
1.07132e-10	-0.000112823
1.07178e-10	-0.000112551
1.07224e-10	-0.000112278
1.07271e-10	-0.000112004
1.07317e-10	-0.00011173
1.07364e-10	-0.000111456
1.0741e-10	-0.000111181
1.07456e-10	-0.000110905
1.07503e-10	-0.000110629
1.07549e-10	-0.000110352
1.07596e-10	-0.000110075
1.07642e-10	-0.000109798
1.07689e-10	-0.00010952
1.07735e-10	-0.000109241
1.07781e-10	-0.000108962
1.07828e-10	-0.000108682
1.07874e-10	-0.000108402
1.07921e-10	-0.000108121
1.07967e-10	-0.00010784
1.08014e-10	-0.000107558
1.0806e-10	-0.000107276
1.08106e-10	-0.000106993
1.08153e-10	-0.000106709
1.08199e-10	-0.000106425
1.08246e-10	-0.000106141
1.08292e-10	-0.000105856
1.08338e-10	-0.00010557
1.08385e-10	-0.000105284
1.08431e-10	-0.000104998
1.08478e-10	-0.00010471
1.08524e-10	-0.000104423
1.08571e-10	-0.000104135
1.08617e-10	-0.000103846
1.08663e-10	-0.000103557
1.0871e-10	-0.000103267
1.08756e-10	-0.000102976
1.08803e-10	-0.000102686
1.08849e-10	-0.000102394
1.08895e-10	-0.000102102
1.08942e-10	-0.00010181
1.08988e-10	-0.000101517
1.09035e-10	-0.000101223
1.09081e-10	-0.000100929
1.09128e-10	-0.000100634
1.09174e-10	-0.000100339
1.0922e-10	-0.000100043
1.09267e-10	-9.97472e-05
1.09313e-10	-9.94504e-05
1.0936e-10	-9.9153e-05
1.09406e-10	-9.88551e-05
1.09452e-10	-9.85567e-05
1.09499e-10	-9.82577e-05
1.09545e-10	-9.79582e-05
1.09592e-10	-9.76581e-05
1.09638e-10	-9.73574e-05
1.09685e-10	-9.70563e-05
1.09731e-10	-9.67545e-05
1.09777e-10	-9.64523e-05
1.09824e-10	-9.61495e-05
1.0987e-10	-9.58461e-05
1.09917e-10	-9.55422e-05
1.09963e-10	-9.52377e-05
1.10009e-10	-9.49327e-05
1.10056e-10	-9.46271e-05
1.10102e-10	-9.4321e-05
1.10149e-10	-9.40143e-05
1.10195e-10	-9.3707e-05
1.10242e-10	-9.33993e-05
1.10288e-10	-9.30909e-05
1.10334e-10	-9.2782e-05
1.10381e-10	-9.24726e-05
1.10427e-10	-9.21626e-05
1.10474e-10	-9.1852e-05
1.1052e-10	-9.15409e-05
1.10566e-10	-9.12292e-05
1.10613e-10	-9.09169e-05
1.10659e-10	-9.06041e-05
1.10706e-10	-9.02908e-05
1.10752e-10	-8.99769e-05
1.10799e-10	-8.96624e-05
1.10845e-10	-8.93473e-05
1.10891e-10	-8.90317e-05
1.10938e-10	-8.87156e-05
1.10984e-10	-8.83988e-05
1.11031e-10	-8.80815e-05
1.11077e-10	-8.77637e-05
1.11123e-10	-8.74453e-05
1.1117e-10	-8.71263e-05
1.11216e-10	-8.68067e-05
1.11263e-10	-8.64866e-05
1.11309e-10	-8.61659e-05
1.11356e-10	-8.58446e-05
1.11402e-10	-8.55228e-05
1.11448e-10	-8.52004e-05
1.11495e-10	-8.48775e-05
1.11541e-10	-8.45539e-05
1.11588e-10	-8.42298e-05
1.11634e-10	-8.39051e-05
1.1168e-10	-8.35799e-05
1.11727e-10	-8.32541e-05
1.11773e-10	-8.29277e-05
1.1182e-10	-8.26007e-05
1.11866e-10	-8.22732e-05
1.11913e-10	-8.19451e-05
1.11959e-10	-8.16164e-05
1.12005e-10	-8.12871e-05
1.12052e-10	-8.09572e-05
1.12098e-10	-8.06268e-05
1.12145e-10	-8.02958e-05
1.12191e-10	-7.99643e-05
1.12238e-10	-7.96321e-05
1.12284e-10	-7.92994e-05
1.1233e-10	-7.8966e-05
1.12377e-10	-7.86321e-05
1.12423e-10	-7.82977e-05
1.1247e-10	-7.79626e-05
1.12516e-10	-7.7627e-05
1.12562e-10	-7.72907e-05
1.12609e-10	-7.69539e-05
1.12655e-10	-7.66165e-05
1.12702e-10	-7.62786e-05
1.12748e-10	-7.594e-05
1.12795e-10	-7.56008e-05
1.12841e-10	-7.52611e-05
1.12887e-10	-7.49208e-05
1.12934e-10	-7.45799e-05
1.1298e-10	-7.42384e-05
1.13027e-10	-7.38963e-05
1.13073e-10	-7.35536e-05
1.13119e-10	-7.32104e-05
1.13166e-10	-7.28665e-05
1.13212e-10	-7.2522e-05
1.13259e-10	-7.2177e-05
1.13305e-10	-7.18314e-05
1.13352e-10	-7.14851e-05
1.13398e-10	-7.11383e-05
1.13444e-10	-7.07909e-05
1.13491e-10	-7.04429e-05
1.13537e-10	-7.00943e-05
1.13584e-10	-6.97451e-05
1.1363e-10	-6.93953e-05
1.13676e-10	-6.90449e-05
1.13723e-10	-6.86939e-05
1.13769e-10	-6.83423e-05
1.13816e-10	-6.79901e-05
1.13862e-10	-6.76373e-05
1.13909e-10	-6.7284e-05
1.13955e-10	-6.693e-05
1.14001e-10	-6.65754e-05
1.14048e-10	-6.62202e-05
1.14094e-10	-6.58644e-05
1.14141e-10	-6.5508e-05
1.14187e-10	-6.5151e-05
1.14233e-10	-6.47934e-05
1.1428e-10	-6.44352e-05
1.14326e-10	-6.40763e-05
1.14373e-10	-6.37169e-05
1.14419e-10	-6.33569e-05
1.14466e-10	-6.29963e-05
1.14512e-10	-6.2635e-05
1.14558e-10	-6.22732e-05
1.14605e-10	-6.19107e-05
1.14651e-10	-6.15476e-05
1.14698e-10	-6.11839e-05
1.14744e-10	-6.08196e-05
1.1479e-10	-6.04547e-05
1.14837e-10	-6.00892e-05
1.14883e-10	-5.97231e-05
1.1493e-10	-5.93563e-05
1.14976e-10	-5.8989e-05
1.15023e-10	-5.8621e-05
1.15069e-10	-5.82524e-05
1.15115e-10	-5.78832e-05
1.15162e-10	-5.75134e-05
1.15208e-10	-5.71429e-05
1.15255e-10	-5.67719e-05
1.15301e-10	-5.64002e-05
1.15347e-10	-5.60279e-05
1.15394e-10	-5.5655e-05
1.1544e-10	-5.52815e-05
1.15487e-10	-5.49073e-05
1.15533e-10	-5.45325e-05
1.1558e-10	-5.41571e-05
1.15626e-10	-5.37811e-05
1.15672e-10	-5.34045e-05
1.15719e-10	-5.30272e-05
1.15765e-10	-5.26493e-05
1.15812e-10	-5.22708e-05
1.15858e-10	-5.18917e-05
1.15904e-10	-5.15119e-05
1.15951e-10	-5.11315e-05
1.15997e-10	-5.07505e-05
1.16044e-10	-5.03688e-05
1.1609e-10	-4.99866e-05
1.16137e-10	-4.96036e-05
1.16183e-10	-4.92201e-05
1.16229e-10	-4.88359e-05
1.16276e-10	-4.84511e-05
1.16322e-10	-4.80657e-05
1.16369e-10	-4.76796e-05
1.16415e-10	-4.72929e-05
1.16461e-10	-4.69056e-05
1.16508e-10	-4.65176e-05
1.16554e-10	-4.6129e-05
1.16601e-10	-4.57398e-05
1.16647e-10	-4.53499e-05
1.16694e-10	-4.49594e-05
1.1674e-10	-4.45683e-05
1.16786e-10	-4.41765e-05
1.16833e-10	-4.37841e-05
1.16879e-10	-4.3391e-05
1.16926e-10	-4.29973e-05
1.16972e-10	-4.2603e-05
1.17019e-10	-4.2208e-05
1.17065e-10	-4.18124e-05
1.17111e-10	-4.14161e-05
1.17158e-10	-4.10192e-05
1.17204e-10	-4.06216e-05
1.17251e-10	-4.02234e-05
1.17297e-10	-3.98246e-05
1.17343e-10	-3.94251e-05
1.1739e-10	-3.9025e-05
1.17436e-10	-3.86242e-05
1.17483e-10	-3.82228e-05
1.17529e-10	-3.78207e-05
1.17576e-10	-3.7418e-05
1.17622e-10	-3.70146e-05
1.17668e-10	-3.66106e-05
1.17715e-10	-3.62059e-05
1.17761e-10	-3.58006e-05
1.17808e-10	-3.53946e-05
1.17854e-10	-3.49879e-05
1.179e-10	-3.45807e-05
1.17947e-10	-3.41727e-05
1.17993e-10	-3.37641e-05
1.1804e-10	-3.33549e-05
1.18086e-10	-3.2945e-05
1.18133e-10	-3.25344e-05
1.18179e-10	-3.21232e-05
1.18225e-10	-3.17113e-05
1.18272e-10	-3.12988e-05
1.18318e-10	-3.08856e-05
1.18365e-10	-3.04718e-05
1.18411e-10	-3.00573e-05
1.18457e-10	-2.96421e-05
1.18504e-10	-2.92263e-05
1.1855e-10	-2.88098e-05
1.18597e-10	-2.83926e-05
1.18643e-10	-2.79748e-05
1.1869e-10	-2.75563e-05
1.18736e-10	-2.71372e-05
1.18782e-10	-2.67174e-05
1.18829e-10	-2.62969e-05
1.18875e-10	-2.58758e-05
1.18922e-10	-2.54539e-05
1.18968e-10	-2.50315e-05
1.19014e-10	-2.46083e-05
1.19061e-10	-2.41845e-05
1.19107e-10	-2.376e-05
1.19154e-10	-2.33349e-05
1.192e-10	-2.2909e-05
1.19247e-10	-2.24826e-05
1.19293e-10	-2.20554e-05
1.19339e-10	-2.16275e-05
1.19386e-10	-2.1199e-05
1.19432e-10	-2.07698e-05
1.19479e-10	-2.034e-05
1.19525e-10	-1.99094e-05
1.19571e-10	-1.94782e-05
1.19618e-10	-1.90463e-05
1.19664e-10	-1.86138e-05
1.19711e-10	-1.81805e-05
1.19757e-10	-1.77466e-05
1.19804e-10	-1.7312e-05
1.1985e-10	-1.68767e-05
1.19896e-10	-1.64407e-05
1.19943e-10	-1.60041e-05
1.19989e-10	-1.55668e-05
1.20036e-10	-1.51288e-05
1.20082e-10	-1.46901e-05
1.20128e-10	-1.42507e-05
1.20175e-10	-1.38106e-05
1.20221e-10	-1.33699e-05
1.20268e-10	-1.29285e-05
1.20314e-10	-1.24863e-05
1.20361e-10	-1.20435e-05
1.20407e-10	-1.16e-05
1.20453e-10	-1.11559e-05
1.205e-10	-1.0711e-05
1.20546e-10	-1.02654e-05
1.20593e-10	-9.81919e-06
1.20639e-10	-9.37225e-06
1.20685e-10	-8.92462e-06
1.20732e-10	-8.4763e-06
1.20778e-10	-8.02728e-06
1.20825e-10	-7.57757e-06
1.20871e-10	-7.12717e-06
1.20918e-10	-6.67607e-06
1.20964e-10	-6.22428e-06
1.2101e-10	-5.77179e-06
1.21057e-10	-5.3186e-06
1.21103e-10	-4.86472e-06
1.2115e-10	-4.41014e-06
1.21196e-10	-3.95486e-06
1.21242e-10	-3.49888e-06
1.21289e-10	-3.0422e-06
1.21335e-10	-2.58482e-06
1.21382e-10	-2.12674e-06
1.21428e-10	-1.66795e-06
1.21475e-10	-1.20847e-06
1.21521e-10	-7.48279e-07
1.21567e-10	-2.87386e-07
1.21614e-10	1.74212e-07
1.2166e-10	6.36516e-07
1.21707e-10	1.09952e-06
1.21753e-10	1.56324e-06
1.218e-10	2.02766e-06
1.21846e-10	2.49279e-06
1.21892e-10	2.95863e-06
1.21939e-10	3.42518e-06
1.21985e-10	3.89244e-06
1.22032e-10	4.36041e-06
1.22078e-10	4.82909e-06
1.22124e-10	5.29848e-06
1.22171e-10	5.76859e-06
1.22217e-10	6.23941e-06
1.22264e-10	6.71094e-06
1.2231e-10	7.18319e-06
1.22357e-10	7.65615e-06
1.22403e-10	8.12983e-06
1.22449e-10	8.60422e-06
1.22496e-10	9.07933e-06
1.22542e-10	9.55516e-06
1.22589e-10	1.00317e-05
1.22635e-10	1.0509e-05
1.22681e-10	1.0987e-05
1.22728e-10	1.14657e-05
1.22774e-10	1.19451e-05
1.22821e-10	1.24253e-05
1.22867e-10	1.29061e-05
1.22914e-10	1.33877e-05
1.2296e-10	1.387e-05
1.23006e-10	1.43531e-05
1.23053e-10	1.48369e-05
1.23099e-10	1.53214e-05
1.23146e-10	1.58066e-05
1.23192e-10	1.62925e-05
1.23238e-10	1.67792e-05
1.23285e-10	1.72666e-05
1.23331e-10	1.77547e-05
1.23378e-10	1.82436e-05
1.23424e-10	1.87332e-05
1.23471e-10	1.92235e-05
1.23517e-10	1.97146e-05
1.23563e-10	2.02064e-05
1.2361e-10	2.06989e-05
1.23656e-10	2.11922e-05
1.23703e-10	2.16862e-05
1.23749e-10	2.21809e-05
1.23795e-10	2.26764e-05
1.23842e-10	2.31726e-05
1.23888e-10	2.36695e-05
1.23935e-10	2.41672e-05
1.23981e-10	2.46656e-05
1.24028e-10	2.51648e-05
1.24074e-10	2.56647e-05
1.2412e-10	2.61653e-05
1.24167e-10	2.66667e-05
1.24213e-10	2.71688e-05
1.2426e-10	2.76717e-05
1.24306e-10	2.81753e-05
1.24352e-10	2.86796e-05
1.24399e-10	2.91847e-05
1.24445e-10	2.96906e-05
1.24492e-10	3.01971e-05
1.24538e-10	3.07045e-05
1.24585e-10	3.12126e-05
1.24631e-10	3.17214e-05
1.24677e-10	3.2231e-05
1.24724e-10	3.27413e-05
1.2477e-10	3.32524e-05
1.24817e-10	3.37642e-05
1.24863e-10	3.42768e-05
1.24909e-10	3.47901e-05
1.24956e-10	3.53042e-05
1.25002e-10	3.58191e-05
1.25049e-10	3.63347e-05
1.25095e-10	3.6851e-05
1.25142e-10	3.73681e-05
1.25188e-10	3.7886e-05
1.25234e-10	3.84046e-05
1.25281e-10	3.8924e-05
1.25327e-10	3.94441e-05
1.25374e-10	3.9965e-05
1.2542e-10	4.04867e-05
1.25466e-10	4.10091e-05
1.25513e-10	4.15323e-05
1.25559e-10	4.20562e-05
1.25606e-10	4.25809e-05
1.25652e-10	4.31064e-05
1.25699e-10	4.36326e-05
1.25745e-10	4.41596e-05
1.25791e-10	4.46874e-05
1.25838e-10	4.52159e-05
1.25884e-10	4.57452e-05
1.25931e-10	4.62753e-05
1.25977e-10	4.68061e-05
1.26023e-10	4.73377e-05
1.2607e-10	4.78701e-05
1.26116e-10	4.84032e-05
1.26163e-10	4.89371e-05
1.26209e-10	4.94718e-05
1.26256e-10	5.00073e-05
1.26302e-10	5.05435e-05
1.26348e-10	5.10805e-05
1.26395e-10	5.16183e-05
1.26441e-10	5.21568e-05
1.26488e-10	5.26961e-05
1.26534e-10	5.32363e-05
1.26581e-10	5.37771e-05
1.26627e-10	5.43188e-05
1.26673e-10	5.48612e-05
1.2672e-10	5.54045e-05
1.26766e-10	5.59485e-05
1.26813e-10	5.64932e-05
1.26859e-10	5.70388e-05
1.26905e-10	5.75851e-05
1.26952e-10	5.81323e-05
1.26998e-10	5.86802e-05
1.27045e-10	5.92289e-05
1.27091e-10	5.97783e-05
1.27138e-10	6.03286e-05
1.27184e-10	6.08797e-05
1.2723e-10	6.14315e-05
1.27277e-10	6.19841e-05
1.27323e-10	6.25375e-05
1.2737e-10	6.30917e-05
1.27416e-10	6.36467e-05
1.27462e-10	6.42025e-05
1.27509e-10	6.47591e-05
1.27555e-10	6.53165e-05
1.27602e-10	6.58746e-05
1.27648e-10	6.64336e-05
1.27695e-10	6.69933e-05
1.27741e-10	6.75539e-05
1.27787e-10	6.81152e-05
1.27834e-10	6.86774e-05
1.2788e-10	6.92403e-05
1.27927e-10	6.9804e-05
1.27973e-10	7.03686e-05
1.28019e-10	7.09339e-05
1.28066e-10	7.15e-05
1.28112e-10	7.20669e-05
1.28159e-10	7.26347e-05
1.28205e-10	7.32032e-05
1.28252e-10	7.37725e-05
1.28298e-10	7.43427e-05
1.28344e-10	7.49136e-05
1.28391e-10	7.54854e-05
1.28437e-10	7.60579e-05
1.28484e-10	7.66313e-05
1.2853e-10	7.72055e-05
1.28576e-10	7.77804e-05
1.28623e-10	7.83562e-05
1.28669e-10	7.89328e-05
1.28716e-10	7.95102e-05
1.28762e-10	8.00884e-05
1.28809e-10	8.06675e-05
1.28855e-10	8.12473e-05
1.28901e-10	8.1828e-05
1.28948e-10	8.24094e-05
1.28994e-10	8.29917e-05
1.29041e-10	8.35748e-05
1.29087e-10	8.41587e-05
1.29133e-10	8.47434e-05
1.2918e-10	8.5329e-05
1.29226e-10	8.59153e-05
1.29273e-10	8.65025e-05
1.29319e-10	8.70905e-05
1.29366e-10	8.76793e-05
1.29412e-10	8.8269e-05
1.29458e-10	8.88594e-05
1.29505e-10	8.94507e-05
1.29551e-10	9.00428e-05
1.29598e-10	9.06357e-05
1.29644e-10	9.12295e-05
1.2969e-10	9.18241e-05
1.29737e-10	9.24195e-05
1.29783e-10	9.30157e-05
1.2983e-10	9.36128e-05
1.29876e-10	9.42106e-05
1.29923e-10	9.48094e-05
1.29969e-10	9.54089e-05
1.30015e-10	9.60093e-05
1.30062e-10	9.66105e-05
1.30108e-10	9.72125e-05
1.30155e-10	9.78154e-05
1.30201e-10	9.84191e-05
1.30247e-10	9.90236e-05
1.30294e-10	9.9629e-05
1.3034e-10	0.000100235
1.30387e-10	0.000100842
1.30433e-10	0.00010145
1.3048e-10	0.000102059
1.30526e-10	0.000102668
1.30572e-10	0.000103279
1.30619e-10	0.00010389
1.30665e-10	0.000104502
1.30712e-10	0.000105115
1.30758e-10	0.000105729
1.30804e-10	0.000106343
1.30851e-10	0.000106959
1.30897e-10	0.000107575
1.30944e-10	0.000108192
1.3099e-10	0.00010881
1.31037e-10	0.000109429
1.31083e-10	0.000110049
1.31129e-10	0.000110669
1.31176e-10	0.000111291
1.31222e-10	0.000111913
1.31269e-10	0.000112536
1.31315e-10	0.00011316
1.31362e-10	0.000113785
1.31408e-10	0.00011441
1.31454e-10	0.000115037
1.31501e-10	0.000115664
1.31547e-10	0.000116292
1.31594e-10	0.000116921
1.3164e-10	0.000117551
1.31686e-10	0.000118182
1.31733e-10	0.000118813
1.31779e-10	0.000119446
1.31826e-10	0.000120079
1.31872e-10	0.000120713
1.31919e-10	0.000121348
1.31965e-10	0.000121984
1.32011e-10	0.000122621
1.32058e-10	0.000123259
1.32104e-10	0.000123897
1.32151e-10	0.000124537
1.32197e-10	0.000125177
1.32243e-10	0.000125818
1.3229e-10	0.00012646
1.32336e-10	0.000127103
1.32383e-10	0.000127746
1.32429e-10	0.000128391
1.32476e-10	0.000129036
1.32522e-10	0.000129683
1.32568e-10	0.00013033
1.32615e-10	0.000130978
1.32661e-10	0.000131627
1.32708e-10	0.000132276
1.32754e-10	0.000132927
1.328e-10	0.000133579
1.32847e-10	0.000134231
1.32893e-10	0.000134884
1.3294e-10	0.000135538
1.32986e-10	0.000136193
1.33033e-10	0.000136849
1.33079e-10	0.000137506
1.33125e-10	0.000138164
1.33172e-10	0.000138822
1.33218e-10	0.000139482
1.33265e-10	0.000140142
1.33311e-10	0.000140803
1.33357e-10	0.000141465
1.33404e-10	0.000142128
1.3345e-10	0.000142792
1.33497e-10	0.000143457
1.33543e-10	0.000144123
1.3359e-10	0.000144789
1.33636e-10	0.000145456
1.33682e-10	0.000146125
1.33729e-10	0.000146794
1.33775e-10	0.000147464
1.33822e-10	0.000148135
1.33868e-10	0.000148807
1.33914e-10	0.00014948
1.33961e-10	0.000150153
1.34007e-10	0.000150828
1.34054e-10	0.000151503
1.341e-10	0.000152179
1.34147e-10	0.000152857
1.34193e-10	0.000153535
1.34239e-10	0.000154214
1.34286e-10	0.000154894
1.34332e-10	0.000155574
1.34379e-10	0.000156256
1.34425e-10	0.000156939
1.34471e-10	0.000157622
1.34518e-10	0.000158307
1.34564e-10	0.000158992
1.34611e-10	0.000159678
1.34657e-10	0.000160365
1.34704e-10	0.000161053
1.3475e-10	0.000161742
1.34796e-10	0.000162432
1.34843e-10	0.000163123
1.34889e-10	0.000163815
1.34936e-10	0.000164507
1.34982e-10	0.000165201
1.35028e-10	0.000165895
1.35075e-10	0.00016659
1.35121e-10	0.000167286
1.35168e-10	0.000167984
1.35214e-10	0.000168682
1.35261e-10	0.000169381
1.35307e-10	0.00017008
1.35353e-10	0.000170781
1.354e-10	0.000171483
1.35446e-10	0.000172186
1.35493e-10	0.000172889
1.35539e-10	0.000173594
1.35586e-10	0.000174299
1.35632e-10	0.000175005
1.35678e-10	0.000175712
1.35725e-10	0.000176421
1.35771e-10	0.00017713
1.35818e-10	0.00017784
1.35864e-10	0.000178551
1.3591e-10	0.000179262
1.35957e-10	0.000179975
1.36003e-10	0.000180689
1.3605e-10	0.000181403
1.36096e-10	0.000182119
1.36143e-10	0.000182835
1.36189e-10	0.000183553
1.36235e-10	0.000184271
1.36282e-10	0.00018499
1.36328e-10	0.000185711
1.36375e-10	0.000186432
1.36421e-10	0.000187154
1.36467e-10	0.000187877
1.36514e-10	0.000188601
1.3656e-10	0.000189326
1.36607e-10	0.000190052
1.36653e-10	0.000190778
1.367e-10	0.000191506
1.36746e-10	0.000192235
1.36792e-10	0.000192964
1.36839e-10	0.000193695
1.36885e-10	0.000194426
1.36932e-10	0.000195158
1.36978e-10	0.000195892
1.37024e-10	0.000196626
1.37071e-10	0.000197361
1.37117e-10	0.000198098
1.37164e-10	0.000198835
1.3721e-10	0.000199573
1.37257e-10	0.000200312
1.37303e-10	0.000201052
1.37349e-10	0.000201793
1.37396e-10	0.000202534
1.37442e-10	0.000203277
1.37489e-10	0.000204021
1.37535e-10	0.000204766
1.37581e-10	0.000205511
1.37628e-10	0.000206258
1.37674e-10	0.000207006
1.37721e-10	0.000207754
1.37767e-10	0.000208504
1.37814e-10	0.000209254
1.3786e-10	0.000210005
1.37906e-10	0.000210758
1.37953e-10	0.000211511
1.37999e-10	0.000212265
1.38046e-10	0.000213021
1.38092e-10	0.000213777
1.38138e-10	0.000214534
1.38185e-10	0.000215292
1.38231e-10	0.000216051
1.38278e-10	0.000216811
1.38324e-10	0.000217572
1.38371e-10	0.000218334
1.38417e-10	0.000219097
1.38463e-10	0.000219861
1.3851e-10	0.000220626
1.38556e-10	0.000221392
1.38603e-10	0.000222159
1.38649e-10	0.000222927
1.38695e-10	0.000223696
1.38742e-10	0.000224465
1.38788e-10	0.000225236
1.38835e-10	0.000226008
1.38881e-10	0.00022678
1.38928e-10	0.000227554
1.38974e-10	0.000228329
1.3902e-10	0.000229104
1.39067e-10	0.000229881
1.39113e-10	0.000230659
1.3916e-10	0.000231437
1.39206e-10	0.000232217
1.39252e-10	0.000232997
1.39299e-10	0.000233779
1.39345e-10	0.000234561
1.39392e-10	0.000235345
1.39438e-10	0.000236129
1.39485e-10	0.000236914
1.39531e-10	0.000237701
1.39577e-10	0.000238488
1.39624e-10	0.000239277
1.3967e-10	0.000240066
1.39717e-10	0.000240857
1.39763e-10	0.000241648
1.39809e-10	0.00024244
1.39856e-10	0.000243234
1.39902e-10	0.000244028
1.39949e-10	0.000244823
1.39995e-10	0.00024562
1.40042e-10	0.000246417
1.40088e-10	0.000247215
1.40134e-10	0.000248015
1.40181e-10	0.000248815
1.40227e-10	0.000249616
1.40274e-10	0.000250419
1.4032e-10	0.000251222
1.40367e-10	0.000252026
1.40413e-10	0.000252832
1.40459e-10	0.000253638
1.40506e-10	0.000254445
1.40552e-10	0.000255254
1.40599e-10	0.000256063
1.40645e-10	0.000256873
1.40691e-10	0.000257685
1.40738e-10	0.000258497
1.40784e-10	0.00025931
1.40831e-10	0.000260125
1.40877e-10	0.00026094
1.40924e-10	0.000261757
1.4097e-10	0.000262574
1.41016e-10	0.000263392
1.41063e-10	0.000264212
1.41109e-10	0.000265032
1.41156e-10	0.000265854
1.41202e-10	0.000266676
1.41248e-10	0.0002675
1.41295e-10	0.000268324
1.41341e-10	0.00026915
1.41388e-10	0.000269976
1.41434e-10	0.000270804
1.41481e-10	0.000271633
1.41527e-10	0.000272462
1.41573e-10	0.000273293
1.4162e-10	0.000274124
1.41666e-10	0.000274957
1.41713e-10	0.000275791
1.41759e-10	0.000276626
1.41805e-10	0.000277461
1.41852e-10	0.000278298
1.41898e-10	0.000279136
1.41945e-10	0.000279975
1.41991e-10	0.000280815
1.42038e-10	0.000281656
1.42084e-10	0.000282498
1.4213e-10	0.000283341
1.42177e-10	0.000284185
1.42223e-10	0.00028503
1.4227e-10	0.000285876
1.42316e-10	0.000286723
1.42362e-10	0.000287571
1.42409e-10	0.00028842
1.42455e-10	0.00028927
1.42502e-10	0.000290122
1.42548e-10	0.000290974
1.42595e-10	0.000291827
1.42641e-10	0.000292682
1.42687e-10	0.000293537
1.42734e-10	0.000294394
1.4278e-10	0.000295251
1.42827e-10	0.00029611
1.42873e-10	0.000296969
1.42919e-10	0.00029783
1.42966e-10	0.000298692
1.43012e-10	0.000299554
1.43059e-10	0.000300418
1.43105e-10	0.000301283
1.43152e-10	0.000302149
1.43198e-10	0.000303016
1.43244e-10	0.000303884
1.43291e-10	0.000304753
1.43337e-10	0.000305623
1.43384e-10	0.000306494
1.4343e-10	0.000307366
1.43476e-10	0.000308239
1.43523e-10	0.000309114
1.43569e-10	0.000309989
1.43616e-10	0.000310866
1.43662e-10	0.000311743
1.43709e-10	0.000312622
1.43755e-10	0.000313501
1.43801e-10	0.000314382
1.43848e-10	0.000315264
1.43894e-10	0.000316146
1.43941e-10	0.00031703
1.43987e-10	0.000317915
1.44033e-10	0.000318801
1.4408e-10	0.000319688
1.44126e-10	0.000320576
1.44173e-10	0.000321466
1.44219e-10	0.000322356
1.44266e-10	0.000323247
1.44312e-10	0.00032414
1.44358e-10	0.000325033
1.44405e-10	0.000325928
1.44451e-10	0.000326823
1.44498e-10	0.00032772
1.44544e-10	0.000328618
1.4459e-10	0.000329517
1.44637e-10	0.000330417
1.44683e-10	0.000331318
1.4473e-10	0.00033222
1.44776e-10	0.000333123
1.44823e-10	0.000334027
1.44869e-10	0.000334932
1.44915e-10	0.000335839
1.44962e-10	0.000336746
1.45008e-10	0.000337655
1.45055e-10	0.000338565
1.45101e-10	0.000339475
1.45148e-10	0.000340387
1.45194e-10	0.0003413
1.4524e-10	0.000342214
1.45287e-10	0.000343129
1.45333e-10	0.000344045
1.4538e-10	0.000344963
1.45426e-10	0.000345881
1.45472e-10	0.0003468
1.45519e-10	0.000347721
1.45565e-10	0.000348643
1.45612e-10	0.000349565
1.45658e-10	0.000350489
1.45705e-10	0.000351414
1.45751e-10	0.00035234
1.45797e-10	0.000353267
1.45844e-10	0.000354196
1.4589e-10	0.000355125
1.45937e-10	0.000356055
1.45983e-10	0.000356987
1.46029e-10	0.000357919
1.46076e-10	0.000358853
1.46122e-10	0.000359788
1.46169e-10	0.000360724
1.46215e-10	0.000361661
1.46262e-10	0.000362599
1.46308e-10	0.000363538
1.46354e-10	0.000364479
1.46401e-10	0.00036542
1.46447e-10	0.000366363
1.46494e-10	0.000367306
1.4654e-10	0.000368251
1.46586e-10	0.000369197
1.46633e-10	0.000370144
1.46679e-10	0.000371092
1.46726e-10	0.000372042
1.46772e-10	0.000372992
1.46819e-10	0.000373944
1.46865e-10	0.000374896
1.46911e-10	0.00037585
1.46958e-10	0.000376805
1.47004e-10	0.000377761
1.47051e-10	0.000378718
1.47097e-10	0.000379676
1.47143e-10	0.000380635
1.4719e-10	0.000381596
1.47236e-10	0.000382557
1.47283e-10	0.00038352
1.47329e-10	0.000384484
1.47376e-10	0.000385449
1.47422e-10	0.000386415
1.47468e-10	0.000387382
1.47515e-10	0.00038835
1.47561e-10	0.00038932
1.47608e-10	0.000390291
1.47654e-10	0.000391262
1.477e-10	0.000392235
1.47747e-10	0.000393209
1.47793e-10	0.000394184
1.4784e-10	0.000395161
1.47886e-10	0.000396138
1.47933e-10	0.000397116
1.47979e-10	0.000398096
1.48025e-10	0.000399077
1.48072e-10	0.000400059
1.48118e-10	0.000401042
1.48165e-10	0.000402026
1.48211e-10	0.000403012
1.48257e-10	0.000403998
1.48304e-10	0.000404986
1.4835e-10	0.000405975
1.48397e-10	0.000406965
1.48443e-10	0.000407956
1.4849e-10	0.000408948
1.48536e-10	0.000409941
1.48582e-10	0.000410936
1.48629e-10	0.000411932
1.48675e-10	0.000412929
1.48722e-10	0.000413927
1.48768e-10	0.000414926
1.48814e-10	0.000415926
1.48861e-10	0.000416928
1.48907e-10	0.00041793
1.48954e-10	0.000418934
1.49e-10	0.000419939
1.49047e-10	0.000420945
1.49093e-10	0.000421952
1.49139e-10	0.000422961
1.49186e-10	0.00042397
1.49232e-10	0.000424981
1.49279e-10	0.000425993
1.49325e-10	0.000427006
1.49371e-10	0.00042802
1.49418e-10	0.000429035
1.49464e-10	0.000430052
1.49511e-10	0.00043107
1.49557e-10	0.000432089
1.49604e-10	0.000433109
1.4965e-10	0.00043413
1.49696e-10	0.000435152
1.49743e-10	0.000436176
1.49789e-10	0.000437201
1.49836e-10	0.000438226
1.49882e-10	0.000439254
1.49929e-10	0.000440282
1.49975e-10	0.000441311
1.50021e-10	0.000442342
1.50068e-10	0.000443374
1.50114e-10	0.000444407
1.50161e-10	0.000445441
1.50207e-10	0.000446476
1.50253e-10	0.000447513
1.503e-10	0.00044855
1.50346e-10	0.000449589
1.50393e-10	0.000450629
1.50439e-10	0.00045167
1.50486e-10	0.000452713
1.50532e-10	0.000453756
1.50578e-10	0.000454801
1.50625e-10	0.000455847
1.50671e-10	0.000456894
1.50718e-10	0.000457943
1.50764e-10	0.000458992
1.5081e-10	0.000460043
1.50857e-10	0.000461095
1.50903e-10	0.000462148
1.5095e-10	0.000463202
1.50996e-10	0.000464258
1.51043e-10	0.000465315
1.51089e-10	0.000466372
1.51135e-10	0.000467432
1.51182e-10	0.000468492
1.51228e-10	0.000469553
1.51275e-10	0.000470616
1.51321e-10	0.00047168
1.51367e-10	0.000472745
1.51414e-10	0.000473811
1.5146e-10	0.000474879
1.51507e-10	0.000475948
1.51553e-10	0.000477017
1.516e-10	0.000478089
1.51646e-10	0.000479161
1.51692e-10	0.000480234
1.51739e-10	0.000481309
1.51785e-10	0.000482385
1.51832e-10	0.000483462
1.51878e-10	0.000484541
1.51924e-10	0.00048562
1.51971e-10	0.000486701
1.52017e-10	0.000487783
1.52064e-10	0.000488866
1.5211e-10	0.000489951
1.52157e-10	0.000491036
1.52203e-10	0.000492123
1.52249e-10	0.000493211
1.52296e-10	0.000494301
1.52342e-10	0.000495391
1.52389e-10	0.000496483
1.52435e-10	0.000497576
1.52481e-10	0.00049867
1.52528e-10	0.000499765
1.52574e-10	0.000500862
1.52621e-10	0.00050196
1.52667e-10	0.000503059
1.52714e-10	0.000504159
1.5276e-10	0.000505261
1.52806e-10	0.000506364
1.52853e-10	0.000507468
1.52899e-10	0.000508573
1.52946e-10	0.000509679
1.52992e-10	0.000510787
1.53038e-10	0.000511896
1.53085e-10	0.000513006
1.53131e-10	0.000514118
1.53178e-10	0.00051523
1.53224e-10	0.000516344
1.53271e-10	0.000517459
1.53317e-10	0.000518576
1.53363e-10	0.000519693
1.5341e-10	0.000520812
1.53456e-10	0.000521932
1.53503e-10	0.000523054
1.53549e-10	0.000524176
1.53595e-10	0.0005253
1.53642e-10	0.000526425
1.53688e-10	0.000527551
1.53735e-10	0.000528679
1.53781e-10	0.000529808
1.53828e-10	0.000530938
1.53874e-10	0.000532069
1.5392e-10	0.000533201
1.53967e-10	0.000534335
1.54013e-10	0.00053547
1.5406e-10	0.000536607
1.54106e-10	0.000537744
1.54152e-10	0.000538883
1.54199e-10	0.000540023
1.54245e-10	0.000541164
1.54292e-10	0.000542307
1.54338e-10	0.000543451
1.54385e-10	0.000544596
1.54431e-10	0.000545742
1.54477e-10	0.00054689
1.54524e-10	0.000548039
1.5457e-10	0.000549189
1.54617e-10	0.00055034
1.54663e-10	0.000551493
1.5471e-10	0.000552647
1.54756e-10	0.000553802
1.54802e-10	0.000554959
1.54849e-10	0.000556116
1.54895e-10	0.000557275
1.54942e-10	0.000558436
1.54988e-10	0.000559597
1.55034e-10	0.00056076
1.55081e-10	0.000561924
1.55127e-10	0.00056309
1.55174e-10	0.000564256
1.5522e-10	0.000565424
1.55267e-10	0.000566593
1.55313e-10	0.000567764
1.55359e-10	0.000568936
1.55406e-10	0.000570109
1.55452e-10	0.000571283
1.55499e-10	0.000572458
1.55545e-10	0.000573635
1.55591e-10	0.000574814
1.55638e-10	0.000575993
1.55684e-10	0.000577174
1.55731e-10	0.000578356
1.55777e-10	0.000579539
1.55824e-10	0.000580724
1.5587e-10	0.00058191
1.55916e-10	0.000583097
1.55963e-10	0.000584285
1.56009e-10	0.000585475
1.56056e-10	0.000586666
1.56102e-10	0.000587858
1.56148e-10	0.000589052
1.56195e-10	0.000590247
1.56241e-10	0.000591443
1.56288e-10	0.000592641
1.56334e-10	0.000593839
1.56381e-10	0.00059504
1.56427e-10	0.000596241
1.56473e-10	0.000597444
1.5652e-10	0.000598648
1.56566e-10	0.000599853
1.56613e-10	0.00060106
1.56659e-10	0.000602268
1.56705e-10	0.000603477
1.56752e-10	0.000604687
1.56798e-10	0.000605899
1.56845e-10	0.000607112
1.56891e-10	0.000608327
1.56938e-10	0.000609542
1.56984e-10	0.00061076
1.5703e-10	0.000611978
1.57077e-10	0.000613198
1.57123e-10	0.000614419
1.5717e-10	0.000615641
1.57216e-10	0.000616865
1.57262e-10	0.00061809
1.57309e-10	0.000619316
1.57355e-10	0.000620543
1.57402e-10	0.000621772
1.57448e-10	0.000623003
1.57495e-10	0.000624234
1.57541e-10	0.000625467
1.57587e-10	0.000626701
1.57634e-10	0.000627937
1.5768e-10	0.000629174
1.57727e-10	0.000630412
1.57773e-10	0.000631651
1.57819e-10	0.000632892
1.57866e-10	0.000634134
1.57912e-10	0.000635378
1.57959e-10	0.000636622
1.58005e-10	0.000637869
1.58052e-10	0.000639116
1.58098e-10	0.000640365
1.58144e-10	0.000641615
1.58191e-10	0.000642866
1.58237e-10	0.000644119
1.58284e-10	0.000645373
1.5833e-10	0.000646629
1.58376e-10	0.000647886
1.58423e-10	0.000649144
1.58469e-10	0.000650403
1.58516e-10	0.000651664
1.58562e-10	0.000652926
1.58609e-10	0.00065419
1.58655e-10	0.000655455
1.58701e-10	0.000656721
1.58748e-10	0.000657989
1.58794e-10	0.000659257
1.58841e-10	0.000660528
1.58887e-10	0.000661799
1.58934e-10	0.000663072
1.5898e-10	0.000664347
1.59026e-10	0.000665622
1.59073e-10	0.000666899
1.59119e-10	0.000668177
1.59166e-10	0.000669457
1.59212e-10	0.000670738
1.59258e-10	0.000672021
1.59305e-10	0.000673304
1.59351e-10	0.00067459
1.59398e-10	0.000675876
1.59444e-10	0.000677164
1.59491e-10	0.000678453
1.59537e-10	0.000679744
1.59583e-10	0.000681036
1.5963e-10	0.000682329
1.59676e-10	0.000683623
1.59723e-10	0.00068492
1.59769e-10	0.000686217
1.59815e-10	0.000687516
1.59862e-10	0.000688816
1.59908e-10	0.000690117
1.59955e-10	0.00069142
1.60001e-10	0.000692724
1.60048e-10	0.00069403
1.60094e-10	0.000695337
1.6014e-10	0.000696645
1.60187e-10	0.000697955
1.60233e-10	0.000699266
1.6028e-10	0.000700579
1.60326e-10	0.000701892
1.60372e-10	0.000703208
1.60419e-10	0.000704524
1.60465e-10	0.000705842
1.60512e-10	0.000707162
1.60558e-10	0.000708482
1.60605e-10	0.000709804
1.60651e-10	0.000711128
1.60697e-10	0.000712453
1.60744e-10	0.000713779
1.6079e-10	0.000715107
1.60837e-10	0.000716436
1.60883e-10	0.000717766
1.60929e-10	0.000719098
1.60976e-10	0.000720431
1.61022e-10	0.000721766
1.61069e-10	0.000723102
1.61115e-10	0.000724439
1.61162e-10	0.000725778
1.61208e-10	0.000727118
1.61254e-10	0.00072846
1.61301e-10	0.000729803
1.61347e-10	0.000731147
1.61394e-10	0.000732493
1.6144e-10	0.00073384
1.61486e-10	0.000735189
1.61533e-10	0.000736539
1.61579e-10	0.00073789
1.61626e-10	0.000739243
1.61672e-10	0.000740597
1.61719e-10	0.000741953
1.61765e-10	0.00074331
1.61811e-10	0.000744668
1.61858e-10	0.000746028
1.61904e-10	0.000747389
1.61951e-10	0.000748752
1.61997e-10	0.000750116
1.62043e-10	0.000751481
1.6209e-10	0.000752848
1.62136e-10	0.000754216
1.62183e-10	0.000755586
1.62229e-10	0.000756957
1.62276e-10	0.00075833
1.62322e-10	0.000759704
1.62368e-10	0.000761079
1.62415e-10	0.000762456
1.62461e-10	0.000763834
1.62508e-10	0.000765214
1.62554e-10	0.000766595
1.626e-10	0.000767977
1.62647e-10	0.000769361
1.62693e-10	0.000770746
1.6274e-10	0.000772133
1.62786e-10	0.000773521
1.62833e-10	0.000774911
1.62879e-10	0.000776302
1.62925e-10	0.000777694
1.62972e-10	0.000779088
1.63018e-10	0.000780483
1.63065e-10	0.00078188
1.63111e-10	0.000783278
1.63157e-10	0.000784678
1.63204e-10	0.000786079
1.6325e-10	0.000787481
1.63297e-10	0.000788885
1.63343e-10	0.000790291
1.6339e-10	0.000791698
1.63436e-10	0.000793106
1.63482e-10	0.000794515
1.63529e-10	0.000795927
1.63575e-10	0.000797339
1.63622e-10	0.000798753
1.63668e-10	0.000800169
1.63715e-10	0.000801585
1.63761e-10	0.000803004
1.63807e-10	0.000804424
1.63854e-10	0.000805845
1.639e-10	0.000807268
1.63947e-10	0.000808692
1.63993e-10	0.000810117
1.64039e-10	0.000811544
1.64086e-10	0.000812973
1.64132e-10	0.000814403
1.64179e-10	0.000815834
1.64225e-10	0.000817267
1.64272e-10	0.000818701
1.64318e-10	0.000820137
1.64364e-10	0.000821574
1.64411e-10	0.000823013
1.64457e-10	0.000824453
1.64504e-10	0.000825895
1.6455e-10	0.000827338
1.64596e-10	0.000828782
1.64643e-10	0.000830228
1.64689e-10	0.000831676
1.64736e-10	0.000833125
1.64782e-10	0.000834575
1.64829e-10	0.000836027
1.64875e-10	0.000837481
1.64921e-10	0.000838935
1.64968e-10	0.000840392
1.65014e-10	0.000841849
1.65061e-10	0.000843309
1.65107e-10	0.000844769
1.65153e-10	0.000846232
1.652e-10	0.000847695
1.65246e-10	0.00084916
1.65293e-10	0.000850627
1.65339e-10	0.000852095
1.65386e-10	0.000853565
1.65432e-10	0.000855036
1.65478e-10	0.000856508
1.65525e-10	0.000857982
1.65571e-10	0.000859458
1.65618e-10	0.000860935
1.65664e-10	0.000862413
1.6571e-10	0.000863893
1.65757e-10	0.000865375
1.65803e-10	0.000866858
1.6585e-10	0.000868342
1.65896e-10	0.000869828
1.65943e-10	0.000871315
1.65989e-10	0.000872804
1.66035e-10	0.000874295
1.66082e-10	0.000875787
1.66128e-10	0.00087728
1.66175e-10	0.000878775
1.66221e-10	0.000880271
1.66267e-10	0.000881769
1.66314e-10	0.000883268
1.6636e-10	0.000884769
1.66407e-10	0.000886272
1.66453e-10	0.000887776
1.665e-10	0.000889281
1.66546e-10	0.000890788
1.66592e-10	0.000892296
1.66639e-10	0.000893806
1.66685e-10	0.000895318
1.66732e-10	0.00089683
1.66778e-10	0.000898345
1.66824e-10	0.000899861
1.66871e-10	0.000901378
1.66917e-10	0.000902897
1.66964e-10	0.000904418
1.6701e-10	0.00090594
1.67057e-10	0.000907463
1.67103e-10	0.000908988
1.67149e-10	0.000910515
1.67196e-10	0.000912043
1.67242e-10	0.000913572
1.67289e-10	0.000915103
1.67335e-10	0.000916636
1.67381e-10	0.00091817
1.67428e-10	0.000919706
1.67474e-10	0.000921243
1.67521e-10	0.000922782
1.67567e-10	0.000924322
1.67614e-10	0.000925864
1.6766e-10	0.000927407
1.67706e-10	0.000928952
1.67753e-10	0.000930498
1.67799e-10	0.000932046
1.67846e-10	0.000933595
1.67892e-10	0.000935146
1.67938e-10	0.000936699
1.67985e-10	0.000938253
1.68031e-10	0.000939808
1.68078e-10	0.000941365
1.68124e-10	0.000942924
1.68171e-10	0.000944484
1.68217e-10	0.000946046
1.68263e-10	0.000947609
1.6831e-10	0.000949173
1.68356e-10	0.00095074
1.68403e-10	0.000952308
1.68449e-10	0.000953877
1.68496e-10	0.000955448
1.68542e-10	0.00095702
1.68588e-10	0.000958594
1.68635e-10	0.00096017
1.68681e-10	0.000961747
1.68728e-10	0.000963326
1.68774e-10	0.000964906
1.6882e-10	0.000966488
1.68867e-10	0.000968071
1.68913e-10	0.000969656
1.6896e-10	0.000971242
1.69006e-10	0.00097283
1.69053e-10	0.00097442
1.69099e-10	0.000976011
1.69145e-10	0.000977603
1.69192e-10	0.000979198
1.69238e-10	0.000980793
1.69285e-10	0.000982391
1.69331e-10	0.00098399
1.69377e-10	0.00098559
1.69424e-10	0.000987192
1.6947e-10	0.000988796
1.69517e-10	0.000990401
1.69563e-10	0.000992008
1.6961e-10	0.000993616
1.69656e-10	0.000995226
1.69702e-10	0.000996837
1.69749e-10	0.00099845
1.69795e-10	0.00100006
1.69842e-10	0.00100168
1.69888e-10	0.0010033
1.69934e-10	0.00100492
1.69981e-10	0.00100654
1.70027e-10	0.00100816
1.70074e-10	0.00100979
1.7012e-10	0.00101141
1.70167e-10	0.00101304
1.70213e-10	0.00101467
1.70259e-10	0.0010163
1.70306e-10	0.00101793
1.70352e-10	0.00101956
1.70399e-10	0.0010212
1.70445e-10	0.00102283
1.70491e-10	0.00102447
1.70538e-10	0.00102611
1.70584e-10	0.00102775
1.70631e-10	0.0010294
1.70677e-10	0.00103104
1.70724e-10	0.00103269
1.7077e-10	0.00103434
1.70816e-10	0.00103598
1.70863e-10	0.00103764
1.70909e-10	0.00103929
1.70956e-10	0.00104094
1.71002e-10	0.0010426
1.71048e-10	0.00104426
1.71095e-10	0.00104591
1.71141e-10	0.00104758
1.71188e-10	0.00104924
1.71234e-10	0.0010509
1.71281e-10	0.00105257
1.71327e-10	0.00105423
1.71373e-10	0.0010559
1.7142e-10	0.00105757
1.71466e-10	0.00105924
1.71513e-10	0.00106092
1.71559e-10	0.00106259
1.71605e-10	0.00106427
1.71652e-10	0.00106595
1.71698e-10	0.00106763
1.71745e-10	0.00106931
1.71791e-10	0.00107099
1.71838e-10	0.00107268
1.71884e-10	0.00107436
1.7193e-10	0.00107605
1.71977e-10	0.00107774
1.72023e-10	0.00107943
1.7207e-10	0.00108112
1.72116e-10	0.00108282
1.72162e-10	0.00108451
1.72209e-10	0.00108621
1.72255e-10	0.00108791
1.72302e-10	0.00108961
1.72348e-10	0.00109131
1.72395e-10	0.00109302
1.72441e-10	0.00109472
1.72487e-10	0.00109643
1.72534e-10	0.00109814
1.7258e-10	0.00109985
1.72627e-10	0.00110156
1.72673e-10	0.00110328
1.72719e-10	0.00110499
1.72766e-10	0.00110671
1.72812e-10	0.00110843
1.72859e-10	0.00111015
1.72905e-10	0.00111187
1.72952e-10	0.0011136
1.72998e-10	0.00111532
1.73044e-10	0.00111705
1.73091e-10	0.00111878
1.73137e-10	0.00112051
1.73184e-10	0.00112224
1.7323e-10	0.00112397
1.73277e-10	0.00112571
1.73323e-10	0.00112744
1.73369e-10	0.00112918
1.73416e-10	0.00113092
1.73462e-10	0.00113266
1.73509e-10	0.00113441
1.73555e-10	0.00113615
1.73601e-10	0.0011379
1.73648e-10	0.00113965
1.73694e-10	0.0011414
1.73741e-10	0.00114315
1.73787e-10	0.0011449
1.73834e-10	0.00114666
1.7388e-10	0.00114842
1.73926e-10	0.00115017
1.73973e-10	0.00115193
1.74019e-10	0.0011537
1.74066e-10	0.00115546
1.74112e-10	0.00115722
1.74158e-10	0.00115899
1.74205e-10	0.00116076
1.74251e-10	0.00116253
1.74298e-10	0.0011643
1.74344e-10	0.00116607
1.74391e-10	0.00116785
1.74437e-10	0.00116963
1.74483e-10	0.0011714
1.7453e-10	0.00117318
1.74576e-10	0.00117497
1.74623e-10	0.00117675
1.74669e-10	0.00117853
1.74715e-10	0.00118032
1.74762e-10	0.00118211
1.74808e-10	0.0011839
1.74855e-10	0.00118569
1.74901e-10	0.00118748
1.74948e-10	0.00118928
1.74994e-10	0.00119108
1.7504e-10	0.00119287
1.75087e-10	0.00119467
1.75133e-10	0.00119648
1.7518e-10	0.00119828
1.75226e-10	0.00120008
1.75272e-10	0.00120189
1.75319e-10	0.0012037
1.75365e-10	0.00120551
1.75412e-10	0.00120732
1.75458e-10	0.00120914
1.75505e-10	0.00121095
1.75551e-10	0.00121277
1.75597e-10	0.00121459
1.75644e-10	0.00121641
1.7569e-10	0.00121823
1.75737e-10	0.00122005
1.75783e-10	0.00122188
1.75829e-10	0.00122371
1.75876e-10	0.00122554
1.75922e-10	0.00122737
1.75969e-10	0.0012292
1.76015e-10	0.00123103
1.76062e-10	0.00123287
1.76108e-10	0.00123471
1.76154e-10	0.00123654
1.76201e-10	0.00123839
1.76247e-10	0.00124023
1.76294e-10	0.00124207
1.7634e-10	0.00124392
1.76386e-10	0.00124577
1.76433e-10	0.00124762
1.76479e-10	0.00124947
1.76526e-10	0.00125132
1.76572e-10	0.00125317
1.76619e-10	0.00125503
1.76665e-10	0.00125689
1.76711e-10	0.00125875
1.76758e-10	0.00126061
1.76804e-10	0.00126247
1.76851e-10	0.00126434
1.76897e-10	0.0012662
1.76943e-10	0.00126807
1.7699e-10	0.00126994
1.77036e-10	0.00127181
1.77083e-10	0.00127369
1.77129e-10	0.00127556
1.77176e-10	0.00127744
1.77222e-10	0.00127932
1.77268e-10	0.0012812
1.77315e-10	0.00128308
1.77361e-10	0.00128496
1.77408e-10	0.00128685
1.77454e-10	0.00128874
1.775e-10	0.00129063
1.77547e-10	0.00129252
1.77593e-10	0.00129441
1.7764e-10	0.0012963
1.77686e-10	0.0012982
1.77733e-10	0.0013001
1.77779e-10	0.001302
1.77825e-10	0.0013039
1.77872e-10	0.0013058
1.77918e-10	0.00130771
1.77965e-10	0.00130961
1.78011e-10	0.00131152
1.78058e-10	0.00131343
1.78104e-10	0.00131534
1.7815e-10	0.00131725
1.78197e-10	0.00131917
1.78243e-10	0.00132109
1.7829e-10	0.00132301
1.78336e-10	0.00132493
1.78382e-10	0.00132685
1.78429e-10	0.00132877
1.78475e-10	0.0013307
1.78522e-10	0.00133263
1.78568e-10	0.00133455
1.78615e-10	0.00133649
1.78661e-10	0.00133842
1.78707e-10	0.00134035
1.78754e-10	0.00134229
1.788e-10	0.00134423
1.78847e-10	0.00134617
1.78893e-10	0.00134811
1.78939e-10	0.00135005
1.78986e-10	0.001352
1.79032e-10	0.00135394
1.79079e-10	0.00135589
1.79125e-10	0.00135784
1.79172e-10	0.00135979
1.79218e-10	0.00136175
1.79264e-10	0.0013637
1.79311e-10	0.00136566
1.79357e-10	0.00136762
1.79404e-10	0.00136958
1.7945e-10	0.00137154
1.79496e-10	0.00137351
1.79543e-10	0.00137548
1.79589e-10	0.00137744
1.79636e-10	0.00137941
1.79682e-10	0.00138139
1.79729e-10	0.00138336
1.79775e-10	0.00138533
1.79821e-10	0.00138731
1.79868e-10	0.00138929
1.79914e-10	0.00139127
1.79961e-10	0.00139325
1.80007e-10	0.00139524
1.80053e-10	0.00139722
1.801e-10	0.00139921
1.80146e-10	0.0014012
1.80193e-10	0.00140319
1.80239e-10	0.00140518
1.80286e-10	0.00140718
1.80332e-10	0.00140918
1.80378e-10	0.00141117
1.80425e-10	0.00141317
1.80471e-10	0.00141518
1.80518e-10	0.00141718
1.80564e-10	0.00141919
1.8061e-10	0.00142119
1.80657e-10	0.0014232
1.80703e-10	0.00142521
1.8075e-10	0.00142723
1.80796e-10	0.00142924
1.80843e-10	0.00143126
1.80889e-10	0.00143328
1.80935e-10	0.0014353
1.80982e-10	0.00143732
1.81028e-10	0.00143934
1.81075e-10	0.00144137
1.81121e-10	0.0014434
1.81167e-10	0.00144542
1.81214e-10	0.00144746
1.8126e-10	0.00144949
1.81307e-10	0.00145152
1.81353e-10	0.00145356
1.814e-10	0.0014556
1.81446e-10	0.00145764
1.81492e-10	0.00145968
1.81539e-10	0.00146172
1.81585e-10	0.00146377
1.81632e-10	0.00146582
1.81678e-10	0.00146787
1.81724e-10	0.00146992
1.81771e-10	0.00147197
1.81817e-10	0.00147402
1.81864e-10	0.00147608
1.8191e-10	0.00147814
1.81957e-10	0.0014802
1.82003e-10	0.00148226
1.82049e-10	0.00148433
1.82096e-10	0.00148639
1.82142e-10	0.00148846
1.82189e-10	0.00149053
1.82235e-10	0.0014926
1.82282e-10	0.00149467
1.82328e-10	0.00149675
1.82374e-10	0.00149882
1.82421e-10	0.0015009
1.82467e-10	0.00150298
1.82514e-10	0.00150506
1.8256e-10	0.00150715
1.82606e-10	0.00150923
1.82653e-10	0.00151132
1.82699e-10	0.00151341
1.82746e-10	0.0015155
1.82792e-10	0.0015176
1.82839e-10	0.00151969
1.82885e-10	0.00152179
1.82931e-10	0.00152389
1.82978e-10	0.00152599
1.83024e-10	0.00152809
1.83071e-10	0.0015302
1.83117e-10	0.0015323
1.83163e-10	0.00153441
1.8321e-10	0.00153652
1.83256e-10	0.00153863
1.83303e-10	0.00154074
1.83349e-10	0.00154286
1.83396e-10	0.00154498
1.83442e-10	0.0015471
1.83488e-10	0.00154922
1.83535e-10	0.00155134
1.83581e-10	0.00155347
1.83628e-10	0.00155559
1.83674e-10	0.00155772
1.8372e-10	0.00155985
1.83767e-10	0.00156198
1.83813e-10	0.00156412
1.8386e-10	0.00156625
1.83906e-10	0.00156839
1.83953e-10	0.00157053
1.83999e-10	0.00157267
1.84045e-10	0.00157482
1.84092e-10	0.00157696
1.84138e-10	0.00157911
1.84185e-10	0.00158126
1.84231e-10	0.00158341
1.84277e-10	0.00158556
1.84324e-10	0.00158772
1.8437e-10	0.00158987
1.84417e-10	0.00159203
1.84463e-10	0.00159419
1.8451e-10	0.00159636
1.84556e-10	0.00159852
1.84602e-10	0.00160069
1.84649e-10	0.00160285
1.84695e-10	0.00160502
1.84742e-10	0.0016072
1.84788e-10	0.00160937
1.84834e-10	0.00161154
1.84881e-10	0.00161372
1.84927e-10	0.0016159
1.84974e-10	0.00161808
1.8502e-10	0.00162027
1.85067e-10	0.00162245
1.85113e-10	0.00162464
1.85159e-10	0.00162683
1.85206e-10	0.00162902
1.85252e-10	0.00163121
1.85299e-10	0.0016334
1.85345e-10	0.0016356
1.85391e-10	0.0016378
1.85438e-10	0.00164
1.85484e-10	0.0016422
1.85531e-10	0.00164441
1.85577e-10	0.00164661
1.85624e-10	0.00164882
1.8567e-10	0.00165103
1.85716e-10	0.00165324
1.85763e-10	0.00165545
1.85809e-10	0.00165767
1.85856e-10	0.00165989
1.85902e-10	0.00166211
1.85948e-10	0.00166433
1.85995e-10	0.00166655
1.86041e-10	0.00166878
1.86088e-10	0.001671
1.86134e-10	0.00167323
1.86181e-10	0.00167546
1.86227e-10	0.0016777
1.86273e-10	0.00167993
1.8632e-10	0.00168217
1.86366e-10	0.00168441
1.86413e-10	0.00168665
1.86459e-10	0.00168889
1.86505e-10	0.00169113
1.86552e-10	0.00169338
1.86598e-10	0.00169563
1.86645e-10	0.00169788
1.86691e-10	0.00170013
1.86738e-10	0.00170238
1.86784e-10	0.00170464
1.8683e-10	0.0017069
1.86877e-10	0.00170916
1.86923e-10	0.00171142
1.8697e-10	0.00171368
1.87016e-10	0.00171595
1.87063e-10	0.00171821
1.87109e-10	0.00172048
1.87155e-10	0.00172276
1.87202e-10	0.00172503
1.87248e-10	0.0017273
1.87295e-10	0.00172958
1.87341e-10	0.00173186
1.87387e-10	0.00173414
1.87434e-10	0.00173642
1.8748e-10	0.00173871
1.87527e-10	0.001741
1.87573e-10	0.00174329
1.8762e-10	0.00174558
1.87666e-10	0.00174787
1.87712e-10	0.00175016
1.87759e-10	0.00175246
1.87805e-10	0.00175476
1.87852e-10	0.00175706
1.87898e-10	0.00175936
1.87944e-10	0.00176167
1.87991e-10	0.00176397
1.88037e-10	0.00176628
1.88084e-10	0.00176859
1.8813e-10	0.0017709
1.88177e-10	0.00177322
1.88223e-10	0.00177553
1.88269e-10	0.00177785
1.88316e-10	0.00178017
1.88362e-10	0.0017825
1.88409e-10	0.00178482
1.88455e-10	0.00178715
1.88501e-10	0.00178947
1.88548e-10	0.0017918
1.88594e-10	0.00179414
1.88641e-10	0.00179647
1.88687e-10	0.00179881
1.88734e-10	0.00180114
1.8878e-10	0.00180348
1.88826e-10	0.00180583
1.88873e-10	0.00180817
1.88919e-10	0.00181052
1.88966e-10	0.00181286
1.89012e-10	0.00181521
1.89058e-10	0.00181756
1.89105e-10	0.00181992
1.89151e-10	0.00182227
1.89198e-10	0.00182463
1.89244e-10	0.00182699
1.89291e-10	0.00182935
1.89337e-10	0.00183172
1.89383e-10	0.00183408
1.8943e-10	0.00183645
1.89476e-10	0.00183882
1.89523e-10	0.00184119
1.89569e-10	0.00184356
1.89615e-10	0.00184594
1.89662e-10	0.00184832
1.89708e-10	0.0018507
1.89755e-10	0.00185308
1.89801e-10	0.00185546
1.89848e-10	0.00185785
1.89894e-10	0.00186024
1.8994e-10	0.00186263
1.89987e-10	0.00186502
1.90033e-10	0.00186741
1.9008e-10	0.00186981
1.90126e-10	0.0018722
1.90172e-10	0.0018746
1.90219e-10	0.00187701
1.90265e-10	0.00187941
1.90312e-10	0.00188181
1.90358e-10	0.00188422
1.90405e-10	0.00188663
1.90451e-10	0.00188904
1.90497e-10	0.00189146
1.90544e-10	0.00189387
1.9059e-10	0.00189629
1.90637e-10	0.00189871
1.90683e-10	0.00190113
1.90729e-10	0.00190356
1.90776e-10	0.00190598
1.90822e-10	0.00190841
1.90869e-10	0.00191084
1.90915e-10	0.00191327
1.90962e-10	0.0019157
1.91008e-10	0.00191814
1.91054e-10	0.00192058
1.91101e-10	0.00192302
1.91147e-10	0.00192546
1.91194e-10	0.0019279
1.9124e-10	0.00193035
1.91286e-10	0.0019328
1.91333e-10	0.00193525
1.91379e-10	0.0019377
1.91426e-10	0.00194015
1.91472e-10	0.00194261
1.91519e-10	0.00194507
1.91565e-10	0.00194753
1.91611e-10	0.00194999
1.91658e-10	0.00195246
1.91704e-10	0.00195492
1.91751e-10	0.00195739
1.91797e-10	0.00195986
1.91844e-10	0.00196233
1.9189e-10	0.00196481
1.91936e-10	0.00196728
1.91983e-10	0.00196976
1.92029e-10	0.00197224
1.92076e-10	0.00197473
1.92122e-10	0.00197721
1.92168e-10	0.0019797
1.92215e-10	0.00198219
1.92261e-10	0.00198468
1.92308e-10	0.00198717
1.92354e-10	0.00198966
1.92401e-10	0.00199216
1.92447e-10	0.00199466
1.92493e-10	0.00199716
1.9254e-10	0.00199966
1.92586e-10	0.00200217
1.92633e-10	0.00200468
1.92679e-10	0.00200719
1.92725e-10	0.0020097
1.92772e-10	0.00201221
1.92818e-10	0.00201473
1.92865e-10	0.00201724
1.92911e-10	0.00201976
1.92958e-10	0.00202229
1.93004e-10	0.00202481
1.9305e-10	0.00202733
1.93097e-10	0.00202986
1.93143e-10	0.00203239
1.9319e-10	0.00203492
1.93236e-10	0.00203746
1.93282e-10	0.00203999
1.93329e-10	0.00204253
1.93375e-10	0.00204507
1.93422e-10	0.00204762
1.93468e-10	0.00205016
1.93515e-10	0.00205271
1.93561e-10	0.00205525
1.93607e-10	0.00205781
1.93654e-10	0.00206036
1.937e-10	0.00206291
1.93747e-10	0.00206547
1.93793e-10	0.00206803
1.93839e-10	0.00207059
1.93886e-10	0.00207315
1.93932e-10	0.00207572
1.93979e-10	0.00207829
1.94025e-10	0.00208085
1.94072e-10	0.00208343
1.94118e-10	0.002086
1.94164e-10	0.00208858
1.94211e-10	0.00209115
1.94257e-10	0.00209373
1.94304e-10	0.00209631
1.9435e-10	0.0020989
1.94396e-10	0.00210148
1.94443e-10	0.00210407
1.94489e-10	0.00210666
1.94536e-10	0.00210926
1.94582e-10	0.00211185
1.94629e-10	0.00211445
1.94675e-10	0.00211705
1.94721e-10	0.00211965
1.94768e-10	0.00212225
1.94814e-10	0.00212485
1.94861e-10	0.00212746
1.94907e-10	0.00213007
1.94953e-10	0.00213268
1.95e-10	0.00213529
1.95046e-10	0.00213791
1.95093e-10	0.00214053
1.95139e-10	0.00214315
1.95186e-10	0.00214577
1.95232e-10	0.00214839
1.95278e-10	0.00215102
1.95325e-10	0.00215365
1.95371e-10	0.00215628
1.95418e-10	0.00215891
1.95464e-10	0.00216154
1.9551e-10	0.00216418
1.95557e-10	0.00216682
1.95603e-10	0.00216946
1.9565e-10	0.0021721
1.95696e-10	0.00217475
1.95743e-10	0.0021774
1.95789e-10	0.00218005
1.95835e-10	0.0021827
1.95882e-10	0.00218535
1.95928e-10	0.00218801
1.95975e-10	0.00219066
1.96021e-10	0.00219332
1.96067e-10	0.00219599
1.96114e-10	0.00219865
1.9616e-10	0.00220132
1.96207e-10	0.00220398
1.96253e-10	0.00220666
1.963e-10	0.00220933
1.96346e-10	0.002212
1.96392e-10	0.00221468
1.96439e-10	0.00221736
1.96485e-10	0.00222004
1.96532e-10	0.00222272
1.96578e-10	0.00222541
1.96625e-10	0.0022281
1.96671e-10	0.00223079
1.96717e-10	0.00223348
1.96764e-10	0.00223617
1.9681e-10	0.00223887
1.96857e-10	0.00224157
1.96903e-10	0.00224427
1.96949e-10	0.00224697
1.96996e-10	0.00224967
1.97042e-10	0.00225238
1.97089e-10	0.00225509
1.97135e-10	0.0022578
1.97182e-10	0.00226052
1.97228e-10	0.00226323
1.97274e-10	0.00226595
1.97321e-10	0.00226867
1.97367e-10	0.00227139
1.97414e-10	0.00227411
1.9746e-10	0.00227684
1.97506e-10	0.00227957
1.97553e-10	0.0022823
1.97599e-10	0.00228503
1.97646e-10	0.00228777
1.97692e-10	0.0022905
1.97739e-10	0.00229324
1.97785e-10	0.00229599
1.97831e-10	0.00229873
1.97878e-10	0.00230148
1.97924e-10	0.00230422
1.97971e-10	0.00230697
1.98017e-10	0.00230973
1.98063e-10	0.00231248
1.9811e-10	0.00231524
1.98156e-10	0.00231799
1.98203e-10	0.00232076
1.98249e-10	0.00232352
1.98296e-10	0.00232628
1.98342e-10	0.00232905
1.98388e-10	0.00233182
1.98435e-10	0.00233459
1.98481e-10	0.00233737
1.98528e-10	0.00234014
1.98574e-10	0.00234292
1.9862e-10	0.0023457
1.98667e-10	0.00234848
1.98713e-10	0.00235127
1.9876e-10	0.00235406
1.98806e-10	0.00235685
1.98853e-10	0.00235964
1.98899e-10	0.00236243
1.98945e-10	0.00236523
1.98992e-10	0.00236802
1.99038e-10	0.00237082
1.99085e-10	0.00237363
1.99131e-10	0.00237643
1.99177e-10	0.00237924
1.99224e-10	0.00238205
1.9927e-10	0.00238486
1.99317e-10	0.00238767
1.99363e-10	0.00239049
1.9941e-10	0.0023933
1.99456e-10	0.00239612
1.99502e-10	0.00239895
1.99549e-10	0.00240177
1.99595e-10	0.0024046
1.99642e-10	0.00240743
1.99688e-10	0.00241026
1.99734e-10	0.00241309
1.99781e-10	0.00241593
1.99827e-10	0.00241876
1.99874e-10	0.0024216
1.9992e-10	0.00242444
1.99967e-10	0.00242729
2.00013e-10	0.00243013
2.00059e-10	0.00243298
2.00106e-10	0.00243583
2.00152e-10	0.00243869
2.00199e-10	0.00244154
2.00245e-10	0.0024444
2.00291e-10	0.00244726
2.00338e-10	0.00245012
2.00384e-10	0.00245298
2.00431e-10	0.00245585
2.00477e-10	0.00245872
2.00524e-10	0.00246159
2.0057e-10	0.00246446
2.00616e-10	0.00246734
2.00663e-10	0.00247022
2.00709e-10	0.00247309
2.00756e-10	0.00247598
2.00802e-10	0.00247886
2.00848e-10	0.00248175
2.00895e-10	0.00248464
2.00941e-10	0.00248753
2.00988e-10	0.00249042
2.01034e-10	0.00249331
2.01081e-10	0.00249621
2.01127e-10	0.00249911
2.01173e-10	0.00250201
2.0122e-10	0.00250492
2.01266e-10	0.00250782
2.01313e-10	0.00251073
2.01359e-10	0.00251364
2.01406e-10	0.00251655
2.01452e-10	0.00251947
2.01498e-10	0.00252239
2.01545e-10	0.00252531
2.01591e-10	0.00252823
2.01638e-10	0.00253115
2.01684e-10	0.00253408
2.0173e-10	0.00253701
2.01777e-10	0.00253994
2.01823e-10	0.00254287
2.0187e-10	0.00254581
2.01916e-10	0.00254875
2.01963e-10	0.00255168
2.02009e-10	0.00255463
2.02055e-10	0.00255757
2.02102e-10	0.00256052
2.02148e-10	0.00256347
2.02195e-10	0.00256642
2.02241e-10	0.00256937
2.02287e-10	0.00257233
2.02334e-10	0.00257528
2.0238e-10	0.00257824
2.02427e-10	0.00258121
2.02473e-10	0.00258417
2.0252e-10	0.00258714
2.02566e-10	0.00259011
2.02612e-10	0.00259308
2.02659e-10	0.00259605
2.02705e-10	0.00259903
2.02752e-10	0.00260201
2.02798e-10	0.00260499
2.02844e-10	0.00260797
2.02891e-10	0.00261095
2.02937e-10	0.00261394
2.02984e-10	0.00261693
2.0303e-10	0.00261992
2.03077e-10	0.00262292
2.03123e-10	0.00262591
2.03169e-10	0.00262891
2.03216e-10	0.00263191
2.03262e-10	0.00263492
2.03309e-10	0.00263792
2.03355e-10	0.00264093
2.03401e-10	0.00264394
2.03448e-10	0.00264695
2.03494e-10	0.00264997
2.03541e-10	0.00265298
2.03587e-10	0.002656
2.03634e-10	0.00265902
2.0368e-10	0.00266205
2.03726e-10	0.00266507
2.03773e-10	0.0026681
2.03819e-10	0.00267113
2.03866e-10	0.00267416
2.03912e-10	0.0026772
2.03958e-10	0.00268024
2.04005e-10	0.00268327
2.04051e-10	0.00268632
2.04098e-10	0.00268936
2.04144e-10	0.00269241
2.04191e-10	0.00269546
2.04237e-10	0.00269851
2.04283e-10	0.00270156
2.0433e-10	0.00270462
2.04376e-10	0.00270767
2.04423e-10	0.00271073
2.04469e-10	0.0027138
2.04515e-10	0.00271686
2.04562e-10	0.00271993
2.04608e-10	0.002723
2.04655e-10	0.00272607
2.04701e-10	0.00272914
2.04748e-10	0.00273222
2.04794e-10	0.0027353
2.0484e-10	0.00273838
2.04887e-10	0.00274146
2.04933e-10	0.00274455
2.0498e-10	0.00274763
2.05026e-10	0.00275072
2.05072e-10	0.00275382
2.05119e-10	0.00275691
2.05165e-10	0.00276001
2.05212e-10	0.00276311
2.05258e-10	0.00276621
2.05305e-10	0.00276931
2.05351e-10	0.00277242
2.05397e-10	0.00277553
2.05444e-10	0.00277864
2.0549e-10	0.00278175
2.05537e-10	0.00278487
2.05583e-10	0.00278799
2.0563e-10	0.00279111
2.05676e-10	0.00279423
2.05722e-10	0.00279735
2.05769e-10	0.00280048
2.05815e-10	0.00280361
2.05862e-10	0.00280674
2.05908e-10	0.00280987
2.05954e-10	0.00281301
2.06001e-10	0.00281615
2.06047e-10	0.00281929
2.06094e-10	0.00282243
2.0614e-10	0.00282558
2.06187e-10	0.00282873
2.06233e-10	0.00283188
2.06279e-10	0.00283503
2.06326e-10	0.00283819
2.06372e-10	0.00284134
2.06419e-10	0.0028445
2.06465e-10	0.00284766
2.06511e-10	0.00285083
2.06558e-10	0.00285399
2.06604e-10	0.00285716
2.06651e-10	0.00286033
2.06697e-10	0.00286351
2.06744e-10	0.00286668
2.0679e-10	0.00286986
2.06836e-10	0.00287304
2.06883e-10	0.00287623
2.06929e-10	0.00287941
2.06976e-10	0.0028826
2.07022e-10	0.00288579
2.07068e-10	0.00288898
2.07115e-10	0.00289218
2.07161e-10	0.00289537
2.07208e-10	0.00289857
2.07254e-10	0.00290177
2.07301e-10	0.00290498
2.07347e-10	0.00290818
2.07393e-10	0.00291139
2.0744e-10	0.0029146
2.07486e-10	0.00291782
2.07533e-10	0.00292103
2.07579e-10	0.00292425
2.07625e-10	0.00292747
2.07672e-10	0.0029307
2.07718e-10	0.00293392
2.07765e-10	0.00293715
2.07811e-10	0.00294038
2.07858e-10	0.00294361
2.07904e-10	0.00294685
2.0795e-10	0.00295008
2.07997e-10	0.00295332
2.08043e-10	0.00295656
2.0809e-10	0.00295981
2.08136e-10	0.00296305
2.08182e-10	0.0029663
2.08229e-10	0.00296955
2.08275e-10	0.00297281
2.08322e-10	0.00297606
2.08368e-10	0.00297932
2.08415e-10	0.00298258
2.08461e-10	0.00298585
2.08507e-10	0.00298911
2.08554e-10	0.00299238
2.086e-10	0.00299565
2.08647e-10	0.00299892
2.08693e-10	0.0030022
2.08739e-10	0.00300547
2.08786e-10	0.00300875
2.08832e-10	0.00301204
2.08879e-10	0.00301532
2.08925e-10	0.00301861
2.08972e-10	0.0030219
2.09018e-10	0.00302519
2.09064e-10	0.00302848
2.09111e-10	0.00303178
2.09157e-10	0.00303508
2.09204e-10	0.00303838
2.0925e-10	0.00304168
2.09296e-10	0.00304499
2.09343e-10	0.00304829
2.09389e-10	0.00305161
2.09436e-10	0.00305492
2.09482e-10	0.00305823
2.09529e-10	0.00306155
2.09575e-10	0.00306487
2.09621e-10	0.00306819
2.09668e-10	0.00307152
2.09714e-10	0.00307485
2.09761e-10	0.00307818
2.09807e-10	0.00308151
2.09853e-10	0.00308484
2.099e-10	0.00308818
2.09946e-10	0.00309152
2.09993e-10	0.00309486
2.10039e-10	0.0030982
2.10086e-10	0.00310155
2.10132e-10	0.0031049
2.10178e-10	0.00310825
2.10225e-10	0.0031116
2.10271e-10	0.00311496
2.10318e-10	0.00311832
2.10364e-10	0.00312168
2.10411e-10	0.00312504
2.10457e-10	0.00312841
2.10503e-10	0.00313178
2.1055e-10	0.00313515
2.10596e-10	0.00313852
2.10643e-10	0.0031419
2.10689e-10	0.00314527
2.10735e-10	0.00314865
2.10782e-10	0.00315204
2.10828e-10	0.00315542
2.10875e-10	0.00315881
2.10921e-10	0.0031622
2.10968e-10	0.00316559
2.11014e-10	0.00316899
2.1106e-10	0.00317238
2.11107e-10	0.00317578
2.11153e-10	0.00317918
2.112e-10	0.00318259
2.11246e-10	0.00318599
2.11292e-10	0.0031894
2.11339e-10	0.00319282
2.11385e-10	0.00319623
2.11432e-10	0.00319965
2.11478e-10	0.00320306
2.11525e-10	0.00320649
2.11571e-10	0.00320991
2.11617e-10	0.00321334
2.11664e-10	0.00321676
2.1171e-10	0.00322019
2.11757e-10	0.00322363
2.11803e-10	0.00322706
2.11849e-10	0.0032305
2.11896e-10	0.00323394
2.11942e-10	0.00323739
2.11989e-10	0.00324083
2.12035e-10	0.00324428
2.12082e-10	0.00324773
2.12128e-10	0.00325118
2.12174e-10	0.00325464
2.12221e-10	0.0032581
2.12267e-10	0.00326156
2.12314e-10	0.00326502
2.1236e-10	0.00326848
2.12406e-10	0.00327195
2.12453e-10	0.00327542
2.12499e-10	0.00327889
2.12546e-10	0.00328237
2.12592e-10	0.00328585
2.12639e-10	0.00328932
2.12685e-10	0.00329281
2.12731e-10	0.00329629
2.12778e-10	0.00329978
2.12824e-10	0.00330327
2.12871e-10	0.00330676
2.12917e-10	0.00331025
2.12963e-10	0.00331375
2.1301e-10	0.00331725
2.13056e-10	0.00332075
2.13103e-10	0.00332426
2.13149e-10	0.00332776
2.13196e-10	0.00333127
2.13242e-10	0.00333478
2.13288e-10	0.0033383
2.13335e-10	0.00334181
2.13381e-10	0.00334533
2.13428e-10	0.00334885
2.13474e-10	0.00335238
2.1352e-10	0.0033559
2.13567e-10	0.00335943
2.13613e-10	0.00336296
2.1366e-10	0.0033665
2.13706e-10	0.00337003
2.13753e-10	0.00337357
2.13799e-10	0.00337711
2.13845e-10	0.00338066
2.13892e-10	0.0033842
2.13938e-10	0.00338775
2.13985e-10	0.0033913
2.14031e-10	0.00339485
2.14077e-10	0.00339841
2.14124e-10	0.00340197
2.1417e-10	0.00340553
2.14217e-10	0.00340909
2.14263e-10	0.00341266
2.1431e-10	0.00341623
2.14356e-10	0.0034198
2.14402e-10	0.00342337
2.14449e-10	0.00342695
2.14495e-10	0.00343052
2.14542e-10	0.0034341
2.14588e-10	0.00343769
2.14634e-10	0.00344127
2.14681e-10	0.00344486
2.14727e-10	0.00344845
2.14774e-10	0.00345204
2.1482e-10	0.00345564
2.14867e-10	0.00345924
2.14913e-10	0.00346284
2.14959e-10	0.00346644
2.15006e-10	0.00347005
2.15052e-10	0.00347365
2.15099e-10	0.00347726
2.15145e-10	0.00348088
2.15192e-10	0.00348449
2.15238e-10	0.00348811
2.15284e-10	0.00349173
2.15331e-10	0.00349535
2.15377e-10	0.00349898
2.15424e-10	0.0035026
2.1547e-10	0.00350623
2.15516e-10	0.00350987
2.15563e-10	0.0035135
2.15609e-10	0.00351714
2.15656e-10	0.00352078
2.15702e-10	0.00352442
2.15749e-10	0.00352807
2.15795e-10	0.00353172
2.15841e-10	0.00353537
2.15888e-10	0.00353902
2.15934e-10	0.00354267
2.15981e-10	0.00354633
2.16027e-10	0.00354999
2.16073e-10	0.00355365
2.1612e-10	0.00355732
2.16166e-10	0.00356099
2.16213e-10	0.00356466
2.16259e-10	0.00356833
2.16306e-10	0.003572
2.16352e-10	0.00357568
2.16398e-10	0.00357936
2.16445e-10	0.00358304
2.16491e-10	0.00358673
2.16538e-10	0.00359042
2.16584e-10	0.00359411
2.1663e-10	0.0035978
2.16677e-10	0.0036015
2.16723e-10	0.00360519
2.1677e-10	0.00360889
2.16816e-10	0.0036126
2.16863e-10	0.0036163
2.16909e-10	0.00362001
2.16955e-10	0.00362372
2.17002e-10	0.00362743
2.17048e-10	0.00363115
2.17095e-10	0.00363487
2.17141e-10	0.00363859
2.17187e-10	0.00364231
2.17234e-10	0.00364603
2.1728e-10	0.00364976
2.17327e-10	0.00365349
2.17373e-10	0.00365722
2.1742e-10	0.00366096
2.17466e-10	0.0036647
2.17512e-10	0.00366844
2.17559e-10	0.00367218
2.17605e-10	0.00367593
2.17652e-10	0.00367968
2.17698e-10	0.00368343
2.17744e-10	0.00368718
2.17791e-10	0.00369093
2.17837e-10	0.00369469
2.17884e-10	0.00369845
2.1793e-10	0.00370222
2.17977e-10	0.00370598
2.18023e-10	0.00370975
2.18069e-10	0.00371352
2.18116e-10	0.00371729
2.18162e-10	0.00372107
2.18209e-10	0.00372485
2.18255e-10	0.00372863
2.18301e-10	0.00373241
2.18348e-10	0.0037362
2.18394e-10	0.00373999
2.18441e-10	0.00374378
2.18487e-10	0.00374757
2.18534e-10	0.00375137
2.1858e-10	0.00375517
2.18626e-10	0.00375897
2.18673e-10	0.00376277
2.18719e-10	0.00376658
2.18766e-10	0.00377039
2.18812e-10	0.0037742
2.18858e-10	0.00377801
2.18905e-10	0.00378183
2.18951e-10	0.00378565
2.18998e-10	0.00378947
2.19044e-10	0.00379329
2.19091e-10	0.00379712
2.19137e-10	0.00380095
2.19183e-10	0.00380478
2.1923e-10	0.00380862
2.19276e-10	0.00381245
2.19323e-10	0.00381629
2.19369e-10	0.00382013
2.19415e-10	0.00382398
2.19462e-10	0.00382783
2.19508e-10	0.00383168
2.19555e-10	0.00383553
2.19601e-10	0.00383938
2.19648e-10	0.00384324
2.19694e-10	0.0038471
2.1974e-10	0.00385096
2.19787e-10	0.00385483
2.19833e-10	0.00385869
2.1988e-10	0.00386256
2.19926e-10	0.00386644
2.19973e-10	0.00387031
2.20019e-10	0.00387419
2.20065e-10	0.00387807
2.20112e-10	0.00388195
2.20158e-10	0.00388584
2.20205e-10	0.00388973
2.20251e-10	0.00389362
2.20297e-10	0.00389751
2.20344e-10	0.00390141
2.2039e-10	0.0039053
2.20437e-10	0.0039092
2.20483e-10	0.00391311
2.2053e-10	0.00391701
2.20576e-10	0.00392092
2.20622e-10	0.00392483
2.20669e-10	0.00392875
2.20715e-10	0.00393266
2.20762e-10	0.00393658
2.20808e-10	0.0039405
2.20854e-10	0.00394443
2.20901e-10	0.00394835
2.20947e-10	0.00395228
2.20994e-10	0.00395621
2.2104e-10	0.00396015
2.21087e-10	0.00396409
2.21133e-10	0.00396803
2.21179e-10	0.00397197
2.21226e-10	0.00397591
2.21272e-10	0.00397986
2.21319e-10	0.00398381
2.21365e-10	0.00398776
2.21411e-10	0.00399172
2.21458e-10	0.00399567
2.21504e-10	0.00399963
2.21551e-10	0.0040036
2.21597e-10	0.00400756
2.21644e-10	0.00401153
2.2169e-10	0.0040155
2.21736e-10	0.00401947
2.21783e-10	0.00402345
2.21829e-10	0.00402743
2.21876e-10	0.00403141
2.21922e-10	0.00403539
2.21968e-10	0.00403938
2.22015e-10	0.00404336
2.22061e-10	0.00404736
2.22108e-10	0.00405135
2.22154e-10	0.00405535
2.22201e-10	0.00405934
2.22247e-10	0.00406335
2.22293e-10	0.00406735
2.2234e-10	0.00407136
2.22386e-10	0.00407537
2.22433e-10	0.00407938
2.22479e-10	0.00408339
2.22525e-10	0.00408741
2.22572e-10	0.00409143
2.22618e-10	0.00409545
2.22665e-10	0.00409948
2.22711e-10	0.0041035
2.22758e-10	0.00410753
2.22804e-10	0.00411157
2.2285e-10	0.0041156
2.22897e-10	0.00411964
2.22943e-10	0.00412368
2.2299e-10	0.00412772
2.23036e-10	0.00413177
2.23082e-10	0.00413582
2.23129e-10	0.00413987
2.23175e-10	0.00414392
2.23222e-10	0.00414798
2.23268e-10	0.00415203
2.23315e-10	0.00415609
2.23361e-10	0.00416016
2.23407e-10	0.00416423
2.23454e-10	0.00416829
2.235e-10	0.00417237
2.23547e-10	0.00417644
2.23593e-10	0.00418052
2.23639e-10	0.0041846
2.23686e-10	0.00418868
2.23732e-10	0.00419276
2.23779e-10	0.00419685
2.23825e-10	0.00420094
2.23872e-10	0.00420503
2.23918e-10	0.00420913
2.23964e-10	0.00421323
2.24011e-10	0.00421733
2.24057e-10	0.00422143
2.24104e-10	0.00422554
2.2415e-10	0.00422964
2.24196e-10	0.00423375
2.24243e-10	0.00423787
2.24289e-10	0.00424198
2.24336e-10	0.0042461
2.24382e-10	0.00425022
2.24429e-10	0.00425435
2.24475e-10	0.00425847
2.24521e-10	0.0042626
2.24568e-10	0.00426674
2.24614e-10	0.00427087
2.24661e-10	0.00427501
2.24707e-10	0.00427915
2.24754e-10	0.00428329
2.248e-10	0.00428743
2.24846e-10	0.00429158
2.24893e-10	0.00429573
2.24939e-10	0.00429988
2.24986e-10	0.00430404
2.25032e-10	0.0043082
2.25078e-10	0.00431236
2.25125e-10	0.00431652
2.25171e-10	0.00432069
2.25218e-10	0.00432486
2.25264e-10	0.00432903
2.25311e-10	0.0043332
2.25357e-10	0.00433738
2.25403e-10	0.00434156
2.2545e-10	0.00434574
2.25496e-10	0.00434992
2.25543e-10	0.00435411
2.25589e-10	0.0043583
2.25635e-10	0.00436249
2.25682e-10	0.00436669
2.25728e-10	0.00437088
2.25775e-10	0.00437508
2.25821e-10	0.00437929
2.25868e-10	0.00438349
2.25914e-10	0.0043877
2.2596e-10	0.00439191
2.26007e-10	0.00439612
2.26053e-10	0.00440034
2.261e-10	0.00440456
2.26146e-10	0.00440878
2.26192e-10	0.004413
2.26239e-10	0.00441723
2.26285e-10	0.00442146
2.26332e-10	0.00442569
2.26378e-10	0.00442993
2.26425e-10	0.00443416
2.26471e-10	0.0044384
2.26517e-10	0.00444265
2.26564e-10	0.00444689
2.2661e-10	0.00445114
2.26657e-10	0.00445539
2.26703e-10	0.00445964
2.26749e-10	0.0044639
2.26796e-10	0.00446816
2.26842e-10	0.00447242
2.26889e-10	0.00447668
2.26935e-10	0.00448095
2.26982e-10	0.00448522
2.27028e-10	0.00448949
2.27074e-10	0.00449376
2.27121e-10	0.00449804
2.27167e-10	0.00450232
2.27214e-10	0.0045066
2.2726e-10	0.00451089
2.27306e-10	0.00451517
2.27353e-10	0.00451946
2.27399e-10	0.00452376
2.27446e-10	0.00452805
2.27492e-10	0.00453235
2.27539e-10	0.00453665
2.27585e-10	0.00454095
2.27631e-10	0.00454526
2.27678e-10	0.00454957
2.27724e-10	0.00455388
2.27771e-10	0.00455819
2.27817e-10	0.00456251
2.27863e-10	0.00456683
2.2791e-10	0.00457115
2.27956e-10	0.00457548
2.28003e-10	0.00457981
2.28049e-10	0.00458414
2.28096e-10	0.00458847
2.28142e-10	0.0045928
2.28188e-10	0.00459714
2.28235e-10	0.00460148
2.28281e-10	0.00460583
2.28328e-10	0.00461017
2.28374e-10	0.00461452
2.2842e-10	0.00461887
2.28467e-10	0.00462323
2.28513e-10	0.00462758
2.2856e-10	0.00463194
2.28606e-10	0.0046363
2.28653e-10	0.00464067
2.28699e-10	0.00464504
2.28745e-10	0.00464941
2.28792e-10	0.00465378
2.28838e-10	0.00465815
2.28885e-10	0.00466253
2.28931e-10	0.00466691
2.28977e-10	0.0046713
2.29024e-10	0.00467568
2.2907e-10	0.00468007
2.29117e-10	0.00468446
2.29163e-10	0.00468886
2.2921e-10	0.00469325
2.29256e-10	0.00469765
2.29302e-10	0.00470206
2.29349e-10	0.00470646
2.29395e-10	0.00471087
2.29442e-10	0.00471528
2.29488e-10	0.00471969
2.29535e-10	0.00472411
2.29581e-10	0.00472853
2.29627e-10	0.00473295
2.29674e-10	0.00473737
2.2972e-10	0.0047418
2.29767e-10	0.00474623
2.29813e-10	0.00475066
2.29859e-10	0.00475509
2.29906e-10	0.00475953
2.29952e-10	0.00476397
2.29999e-10	0.00476841
2.30045e-10	0.00477286
2.30092e-10	0.0047773
2.30138e-10	0.00478175
2.30184e-10	0.00478621
2.30231e-10	0.00479066
2.30277e-10	0.00479512
2.30324e-10	0.00479958
2.3037e-10	0.00480405
2.30416e-10	0.00480851
2.30463e-10	0.00481298
2.30509e-10	0.00481745
2.30556e-10	0.00482193
2.30602e-10	0.00482641
2.30649e-10	0.00483089
2.30695e-10	0.00483537
2.30741e-10	0.00483985
2.30788e-10	0.00484434
2.30834e-10	0.00484883
2.30881e-10	0.00485333
2.30927e-10	0.00485782
2.30973e-10	0.00486232
2.3102e-10	0.00486682
2.31066e-10	0.00487133
2.31113e-10	0.00487583
2.31159e-10	0.00488034
2.31206e-10	0.00488486
2.31252e-10	0.00488937
2.31298e-10	0.00489389
2.31345e-10	0.00489841
2.31391e-10	0.00490293
2.31438e-10	0.00490746
2.31484e-10	0.00491199
2.3153e-10	0.00491652
2.31577e-10	0.00492105
2.31623e-10	0.00492559
2.3167e-10	0.00493013
2.31716e-10	0.00493467
2.31763e-10	0.00493921
2.31809e-10	0.00494376
2.31855e-10	0.00494831
2.31902e-10	0.00495286
2.31948e-10	0.00495742
2.31995e-10	0.00496198
2.32041e-10	0.00496654
2.32087e-10	0.0049711
2.32134e-10	0.00497567
2.3218e-10	0.00498024
2.32227e-10	0.00498481
2.32273e-10	0.00498938
2.3232e-10	0.00499396
2.32366e-10	0.00499854
2.32412e-10	0.00500312
2.32459e-10	0.00500771
2.32505e-10	0.0050123
2.32552e-10	0.00501689
2.32598e-10	0.00502148
2.32644e-10	0.00502608
2.32691e-10	0.00503067
2.32737e-10	0.00503528
2.32784e-10	0.00503988
2.3283e-10	0.00504449
2.32877e-10	0.0050491
2.32923e-10	0.00505371
2.32969e-10	0.00505832
2.33016e-10	0.00506294
2.33062e-10	0.00506756
2.33109e-10	0.00507219
2.33155e-10	0.00507681
2.33201e-10	0.00508144
2.33248e-10	0.00508607
2.33294e-10	0.00509071
2.33341e-10	0.00509534
2.33387e-10	0.00509998
2.33434e-10	0.00510462
2.3348e-10	0.00510927
2.33526e-10	0.00511392
2.33573e-10	0.00511857
2.33619e-10	0.00512322
2.33666e-10	0.00512788
2.33712e-10	0.00513253
2.33759e-10	0.00513719
2.33805e-10	0.00514186
2.33851e-10	0.00514652
2.33898e-10	0.00515119
2.33944e-10	0.00515587
2.33991e-10	0.00516054
2.34037e-10	0.00516522
2.34083e-10	0.0051699
2.3413e-10	0.00517458
2.34176e-10	0.00517927
2.34223e-10	0.00518396
2.34269e-10	0.00518865
2.34316e-10	0.00519334
2.34362e-10	0.00519804
2.34408e-10	0.00520274
2.34455e-10	0.00520744
2.34501e-10	0.00521214
2.34548e-10	0.00521685
2.34594e-10	0.00522156
2.3464e-10	0.00522627
2.34687e-10	0.00523099
2.34733e-10	0.00523571
2.3478e-10	0.00524043
2.34826e-10	0.00524515
2.34873e-10	0.00524988
2.34919e-10	0.00525461
2.34965e-10	0.00525934
2.35012e-10	0.00526407
2.35058e-10	0.00526881
2.35105e-10	0.00527355
2.35151e-10	0.00527829
2.35197e-10	0.00528304
2.35244e-10	0.00528779
2.3529e-10	0.00529254
2.35337e-10	0.00529729
2.35383e-10	0.00530205
2.3543e-10	0.00530681
2.35476e-10	0.00531157
2.35522e-10	0.00531634
2.35569e-10	0.0053211
2.35615e-10	0.00532587
2.35662e-10	0.00533065
2.35708e-10	0.00533542
2.35754e-10	0.0053402
2.35801e-10	0.00534498
2.35847e-10	0.00534976
2.35894e-10	0.00535455
2.3594e-10	0.00535934
2.35987e-10	0.00536413
2.36033e-10	0.00536893
2.36079e-10	0.00537372
2.36126e-10	0.00537852
2.36172e-10	0.00538333
2.36219e-10	0.00538813
2.36265e-10	0.00539294
2.36311e-10	0.00539775
2.36358e-10	0.00540257
2.36404e-10	0.00540738
2.36451e-10	0.0054122
2.36497e-10	0.00541702
2.36544e-10	0.00542185
2.3659e-10	0.00542668
2.36636e-10	0.00543151
2.36683e-10	0.00543634
2.36729e-10	0.00544117
2.36776e-10	0.00544601
2.36822e-10	0.00545085
2.36868e-10	0.0054557
2.36915e-10	0.00546054
2.36961e-10	0.00546539
2.37008e-10	0.00547025
2.37054e-10	0.0054751
2.37101e-10	0.00547996
2.37147e-10	0.00548482
2.37193e-10	0.00548968
2.3724e-10	0.00549455
2.37286e-10	0.00549942
2.37333e-10	0.00550429
2.37379e-10	0.00550916
2.37425e-10	0.00551404
2.37472e-10	0.00551892
2.37518e-10	0.0055238
2.37565e-10	0.00552869
2.37611e-10	0.00553357
2.37658e-10	0.00553846
2.37704e-10	0.00554336
2.3775e-10	0.00554825
2.37797e-10	0.00555315
2.37843e-10	0.00555805
2.3789e-10	0.00556296
2.37936e-10	0.00556786
2.37982e-10	0.00557277
2.38029e-10	0.00557769
2.38075e-10	0.0055826
2.38122e-10	0.00558752
2.38168e-10	0.00559244
2.38215e-10	0.00559736
2.38261e-10	0.00560229
2.38307e-10	0.00560722
2.38354e-10	0.00561215
2.384e-10	0.00561709
2.38447e-10	0.00562202
2.38493e-10	0.00562696
2.3854e-10	0.00563191
2.38586e-10	0.00563685
2.38632e-10	0.0056418
2.38679e-10	0.00564675
2.38725e-10	0.0056517
2.38772e-10	0.00565666
2.38818e-10	0.00566162
2.38864e-10	0.00566658
2.38911e-10	0.00567154
2.38957e-10	0.00567651
2.39004e-10	0.00568148
2.3905e-10	0.00568646
2.39097e-10	0.00569143
2.39143e-10	0.00569641
2.39189e-10	0.00570139
2.39236e-10	0.00570637
2.39282e-10	0.00571136
2.39329e-10	0.00571635
2.39375e-10	0.00572134
2.39421e-10	0.00572634
2.39468e-10	0.00573133
2.39514e-10	0.00573634
2.39561e-10	0.00574134
2.39607e-10	0.00574634
2.39654e-10	0.00575135
2.397e-10	0.00575636
2.39746e-10	0.00576138
2.39793e-10	0.0057664
2.39839e-10	0.00577141
2.39886e-10	0.00577644
2.39932e-10	0.00578146
2.39978e-10	0.00578649
2.40025e-10	0.00579152
2.40071e-10	0.00579655
2.40118e-10	0.00580159
2.40164e-10	0.00580663
2.40211e-10	0.00581167
2.40257e-10	0.00581672
2.40303e-10	0.00582176
2.4035e-10	0.00582681
2.40396e-10	0.00583187
2.40443e-10	0.00583692
2.40489e-10	0.00584198
2.40535e-10	0.00584704
2.40582e-10	0.0058521
2.40628e-10	0.00585717
2.40675e-10	0.00586224
2.40721e-10	0.00586731
2.40768e-10	0.00587239
2.40814e-10	0.00587746
2.4086e-10	0.00588254
2.40907e-10	0.00588763
2.40953e-10	0.00589271
2.41e-10	0.0058978
2.41046e-10	0.00590289
2.41092e-10	0.00590799
2.41139e-10	0.00591308
2.41185e-10	0.00591818
2.41232e-10	0.00592328
2.41278e-10	0.00592839
2.41325e-10	0.0059335
2.41371e-10	0.00593861
2.41417e-10	0.00594372
2.41464e-10	0.00594884
2.4151e-10	0.00595396
2.41557e-10	0.00595908
2.41603e-10	0.0059642
2.41649e-10	0.00596933
2.41696e-10	0.00597446
2.41742e-10	0.00597959
2.41789e-10	0.00598473
2.41835e-10	0.00598986
2.41882e-10	0.005995
2.41928e-10	0.00600015
2.41974e-10	0.00600529
2.42021e-10	0.00601044
2.42067e-10	0.0060156
2.42114e-10	0.00602075
2.4216e-10	0.00602591
2.42206e-10	0.00603107
2.42253e-10	0.00603623
2.42299e-10	0.0060414
2.42346e-10	0.00604657
2.42392e-10	0.00605174
2.42439e-10	0.00605691
2.42485e-10	0.00606209
2.42531e-10	0.00606727
2.42578e-10	0.00607245
2.42624e-10	0.00607763
2.42671e-10	0.00608282
2.42717e-10	0.00608801
2.42763e-10	0.0060932
2.4281e-10	0.0060984
2.42856e-10	0.0061036
2.42903e-10	0.0061088
2.42949e-10	0.00611401
2.42996e-10	0.00611921
2.43042e-10	0.00612442
2.43088e-10	0.00612964
2.43135e-10	0.00613485
2.43181e-10	0.00614007
2.43228e-10	0.00614529
2.43274e-10	0.00615051
2.43321e-10	0.00615574
2.43367e-10	0.00616097
2.43413e-10	0.0061662
2.4346e-10	0.00617144
2.43506e-10	0.00617667
2.43553e-10	0.00618191
2.43599e-10	0.00618716
2.43645e-10	0.0061924
2.43692e-10	0.00619765
2.43738e-10	0.0062029
2.43785e-10	0.00620816
2.43831e-10	0.00621341
2.43878e-10	0.00621867
2.43924e-10	0.00622393
2.4397e-10	0.0062292
2.44017e-10	0.00623447
2.44063e-10	0.00623974
2.4411e-10	0.00624501
2.44156e-10	0.00625029
2.44202e-10	0.00625557
2.44249e-10	0.00626085
2.44295e-10	0.00626613
2.44342e-10	0.00627142
2.44388e-10	0.00627671
2.44435e-10	0.006282
2.44481e-10	0.0062873
2.44527e-10	0.00629259
2.44574e-10	0.0062979
2.4462e-10	0.0063032
2.44667e-10	0.00630851
2.44713e-10	0.00631381
2.44759e-10	0.00631913
2.44806e-10	0.00632444
2.44852e-10	0.00632976
2.44899e-10	0.00633508
2.44945e-10	0.0063404
2.44992e-10	0.00634573
2.45038e-10	0.00635106
2.45084e-10	0.00635639
2.45131e-10	0.00636172
2.45177e-10	0.00636706
2.45224e-10	0.0063724
2.4527e-10	0.00637774
2.45316e-10	0.00638309
2.45363e-10	0.00638843
2.45409e-10	0.00639378
2.45456e-10	0.00639914
2.45502e-10	0.00640449
2.45549e-10	0.00640985
2.45595e-10	0.00641521
2.45641e-10	0.00642058
2.45688e-10	0.00642595
2.45734e-10	0.00643132
2.45781e-10	0.00643669
2.45827e-10	0.00644206
2.45873e-10	0.00644744
2.4592e-10	0.00645282
2.45966e-10	0.00645821
2.46013e-10	0.00646359
2.46059e-10	0.00646898
2.46106e-10	0.00647437
2.46152e-10	0.00647977
2.46198e-10	0.00648517
2.46245e-10	0.00649057
2.46291e-10	0.00649597
2.46338e-10	0.00650138
2.46384e-10	0.00650678
2.4643e-10	0.0065122
2.46477e-10	0.00651761
2.46523e-10	0.00652303
2.4657e-10	0.00652845
2.46616e-10	0.00653387
2.46663e-10	0.00653929
2.46709e-10	0.00654472
2.46755e-10	0.00655015
2.46802e-10	0.00655559
2.46848e-10	0.00656102
2.46895e-10	0.00656646
2.46941e-10	0.0065719
2.46987e-10	0.00657735
2.47034e-10	0.00658279
2.4708e-10	0.00658824
2.47127e-10	0.0065937
2.47173e-10	0.00659915
2.4722e-10	0.00660461
2.47266e-10	0.00661007
2.47312e-10	0.00661554
2.47359e-10	0.006621
2.47405e-10	0.00662647
2.47452e-10	0.00663194
2.47498e-10	0.00663742
2.47544e-10	0.0066429
2.47591e-10	0.00664838
2.47637e-10	0.00665386
2.47684e-10	0.00665935
2.4773e-10	0.00666483
2.47777e-10	0.00667033
2.47823e-10	0.00667582
2.47869e-10	0.00668132
2.47916e-10	0.00668682
2.47962e-10	0.00669232
2.48009e-10	0.00669782
2.48055e-10	0.00670333
2.48102e-10	0.00670884
2.48148e-10	0.00671436
2.48194e-10	0.00671987
2.48241e-10	0.00672539
2.48287e-10	0.00673091
2.48334e-10	0.00673644
2.4838e-10	0.00674196
2.48426e-10	0.00674749
2.48473e-10	0.00675303
2.48519e-10	0.00675856
2.48566e-10	0.0067641
2.48612e-10	0.00676964
2.48659e-10	0.00677519
2.48705e-10	0.00678073
2.48751e-10	0.00678628
2.48798e-10	0.00679183
2.48844e-10	0.00679739
2.48891e-10	0.00680294
2.48937e-10	0.0068085
2.48983e-10	0.00681407
2.4903e-10	0.00681963
2.49076e-10	0.0068252
2.49123e-10	0.00683077
2.49169e-10	0.00683635
2.49216e-10	0.00684192
2.49262e-10	0.0068475
2.49308e-10	0.00685309
2.49355e-10	0.00685867
2.49401e-10	0.00686426
2.49448e-10	0.00686985
2.49494e-10	0.00687544
2.4954e-10	0.00688104
2.49587e-10	0.00688664
2.49633e-10	0.00689224
2.4968e-10	0.00689784
2.49726e-10	0.00690345
2.49773e-10	0.00690906
2.49819e-10	0.00691467
2.49865e-10	0.00692029
2.49912e-10	0.00692591
2.49958e-10	0.00693153
2.50005e-10	0.00693715
2.50051e-10	0.00694278
2.50097e-10	0.00694841
2.50144e-10	0.00695404
2.5019e-10	0.00695967
2.50237e-10	0.00696531
2.50283e-10	0.00697095
2.5033e-10	0.00697659
2.50376e-10	0.00698224
2.50422e-10	0.00698789
2.50469e-10	0.00699354
2.50515e-10	0.00699919
2.50562e-10	0.00700485
2.50608e-10	0.00701051
2.50654e-10	0.00701617
2.50701e-10	0.00702183
2.50747e-10	0.0070275
2.50794e-10	0.00703317
2.5084e-10	0.00703884
2.50887e-10	0.00704452
2.50933e-10	0.0070502
2.50979e-10	0.00705588
2.51026e-10	0.00706156
2.51072e-10	0.00706725
2.51119e-10	0.00707294
2.51165e-10	0.00707863
2.51211e-10	0.00708433
2.51258e-10	0.00709002
2.51304e-10	0.00709572
2.51351e-10	0.00710143
2.51397e-10	0.00710713
2.51444e-10	0.00711284
2.5149e-10	0.00711855
2.51536e-10	0.00712427
2.51583e-10	0.00712998
2.51629e-10	0.0071357
2.51676e-10	0.00714143
2.51722e-10	0.00714715
2.51768e-10	0.00715288
2.51815e-10	0.00715861
2.51861e-10	0.00716434
2.51908e-10	0.00717008
2.51954e-10	0.00717582
2.52001e-10	0.00718156
2.52047e-10	0.0071873
2.52093e-10	0.00719305
2.5214e-10	0.0071988
2.52186e-10	0.00720455
2.52233e-10	0.00721031
2.52279e-10	0.00721607
2.52325e-10	0.00722183
2.52372e-10	0.00722759
2.52418e-10	0.00723336
2.52465e-10	0.00723913
2.52511e-10	0.0072449
2.52558e-10	0.00725067
2.52604e-10	0.00725645
2.5265e-10	0.00726223
2.52697e-10	0.00726801
2.52743e-10	0.0072738
2.5279e-10	0.00727959
2.52836e-10	0.00728538
2.52883e-10	0.00729117
2.52929e-10	0.00729697
2.52975e-10	0.00730276
2.53022e-10	0.00730857
2.53068e-10	0.00731437
2.53115e-10	0.00732018
2.53161e-10	0.00732599
2.53207e-10	0.0073318
2.53254e-10	0.00733762
2.533e-10	0.00734343
2.53347e-10	0.00734926
2.53393e-10	0.00735508
2.5344e-10	0.0073609
2.53486e-10	0.00736673
2.53532e-10	0.00737257
2.53579e-10	0.0073784
2.53625e-10	0.00738424
2.53672e-10	0.00739008
2.53718e-10	0.00739592
2.53764e-10	0.00740177
2.53811e-10	0.00740761
2.53857e-10	0.00741346
2.53904e-10	0.00741932
2.5395e-10	0.00742517
2.53997e-10	0.00743103
2.54043e-10	0.0074369
2.54089e-10	0.00744276
2.54136e-10	0.00744863
2.54182e-10	0.0074545
2.54229e-10	0.00746037
2.54275e-10	0.00746624
2.54321e-10	0.00747212
2.54368e-10	0.007478
2.54414e-10	0.00748389
2.54461e-10	0.00748977
2.54507e-10	0.00749566
2.54554e-10	0.00750155
2.546e-10	0.00750745
2.54646e-10	0.00751335
2.54693e-10	0.00751925
2.54739e-10	0.00752515
2.54786e-10	0.00753105
2.54832e-10	0.00753696
2.54878e-10	0.00754287
2.54925e-10	0.00754879
2.54971e-10	0.0075547
2.55018e-10	0.00756062
2.55064e-10	0.00756654
2.55111e-10	0.00757247
2.55157e-10	0.00757839
2.55203e-10	0.00758432
2.5525e-10	0.00759026
2.55296e-10	0.00759619
2.55343e-10	0.00760213
2.55389e-10	0.00760807
2.55435e-10	0.00761401
2.55482e-10	0.00761996
2.55528e-10	0.00762591
2.55575e-10	0.00763186
2.55621e-10	0.00763781
2.55668e-10	0.00764377
2.55714e-10	0.00764973
2.5576e-10	0.00765569
2.55807e-10	0.00766166
2.55853e-10	0.00766762
2.559e-10	0.00767359
2.55946e-10	0.00767957
2.55992e-10	0.00768554
2.56039e-10	0.00769152
2.56085e-10	0.0076975
2.56132e-10	0.00770349
2.56178e-10	0.00770947
2.56225e-10	0.00771546
2.56271e-10	0.00772145
2.56317e-10	0.00772745
2.56364e-10	0.00773345
2.5641e-10	0.00773945
2.56457e-10	0.00774545
2.56503e-10	0.00775146
2.56549e-10	0.00775746
2.56596e-10	0.00776347
2.56642e-10	0.00776949
2.56689e-10	0.0077755
2.56735e-10	0.00778152
2.56782e-10	0.00778754
2.56828e-10	0.00779357
2.56874e-10	0.0077996
2.56921e-10	0.00780563
2.56967e-10	0.00781166
2.57014e-10	0.00781769
2.5706e-10	0.00782373
2.57107e-10	0.00782977
2.57153e-10	0.00783582
2.57199e-10	0.00784186
2.57246e-10	0.00784791
2.57292e-10	0.00785396
2.57339e-10	0.00786002
2.57385e-10	0.00786607
2.57431e-10	0.00787213
2.57478e-10	0.00787819
2.57524e-10	0.00788426
2.57571e-10	0.00789033
2.57617e-10	0.0078964
2.57664e-10	0.00790247
2.5771e-10	0.00790855
2.57756e-10	0.00791462
2.57803e-10	0.0079207
2.57849e-10	0.00792679
2.57896e-10	0.00793287
2.57942e-10	0.00793896
2.57988e-10	0.00794506
2.58035e-10	0.00795115
2.58081e-10	0.00795725
2.58128e-10	0.00796335
2.58174e-10	0.00796945
2.58221e-10	0.00797555
2.58267e-10	0.00798166
2.58313e-10	0.00798777
2.5836e-10	0.00799389
2.58406e-10	0.008
2.58453e-10	0.00800612
2.58499e-10	0.00801224
2.58545e-10	0.00801836
2.58592e-10	0.00802449
2.58638e-10	0.00803062
2.58685e-10	0.00803675
2.58731e-10	0.00804289
2.58778e-10	0.00804902
2.58824e-10	0.00805516
2.5887e-10	0.00806131
2.58917e-10	0.00806745
2.58963e-10	0.0080736
2.5901e-10	0.00807975
2.59056e-10	0.0080859
2.59102e-10	0.00809206
2.59149e-10	0.00809822
2.59195e-10	0.00810438
2.59242e-10	0.00811054
2.59288e-10	0.00811671
2.59335e-10	0.00812288
2.59381e-10	0.00812905
2.59427e-10	0.00813523
2.59474e-10	0.0081414
2.5952e-10	0.00814758
2.59567e-10	0.00815376
2.59613e-10	0.00815995
2.59659e-10	0.00816614
2.59706e-10	0.00817233
2.59752e-10	0.00817852
2.59799e-10	0.00818472
2.59845e-10	0.00819092
2.59892e-10	0.00819712
2.59938e-10	0.00820332
2.59984e-10	0.00820953
2.60031e-10	0.00821574
2.60077e-10	0.00822195
2.60124e-10	0.00822816
2.6017e-10	0.00823438
2.60216e-10	0.0082406
2.60263e-10	0.00824682
2.60309e-10	0.00825305
2.60356e-10	0.00825928
2.60402e-10	0.00826551
2.60449e-10	0.00827174
2.60495e-10	0.00827798
2.60541e-10	0.00828421
2.60588e-10	0.00829045
2.60634e-10	0.0082967
2.60681e-10	0.00830294
2.60727e-10	0.00830919
2.60773e-10	0.00831544
2.6082e-10	0.0083217
2.60866e-10	0.00832796
2.60913e-10	0.00833422
2.60959e-10	0.00834048
2.61006e-10	0.00834674
2.61052e-10	0.00835301
2.61098e-10	0.00835928
2.61145e-10	0.00836555
2.61191e-10	0.00837183
2.61238e-10	0.00837811
2.61284e-10	0.00838439
2.6133e-10	0.00839067
2.61377e-10	0.00839696
2.61423e-10	0.00840324
2.6147e-10	0.00840954
2.61516e-10	0.00841583
2.61563e-10	0.00842213
2.61609e-10	0.00842843
2.61655e-10	0.00843473
2.61702e-10	0.00844103
2.61748e-10	0.00844734
2.61795e-10	0.00845365
2.61841e-10	0.00845996
2.61888e-10	0.00846628
2.61934e-10	0.00847259
2.6198e-10	0.00847891
2.62027e-10	0.00848524
2.62073e-10	0.00849156
2.6212e-10	0.00849789
2.62166e-10	0.00850422
2.62212e-10	0.00851055
2.62259e-10	0.00851689
2.62305e-10	0.00852323
2.62352e-10	0.00852957
2.62398e-10	0.00853591
2.62445e-10	0.00854226
2.62491e-10	0.00854861
2.62537e-10	0.00855496
2.62584e-10	0.00856131
2.6263e-10	0.00856767
2.62677e-10	0.00857403
2.62723e-10	0.00858039
2.62769e-10	0.00858676
2.62816e-10	0.00859312
2.62862e-10	0.00859949
2.62909e-10	0.00860587
2.62955e-10	0.00861224
2.63002e-10	0.00861862
2.63048e-10	0.008625
2.63094e-10	0.00863138
2.63141e-10	0.00863777
2.63187e-10	0.00864416
2.63234e-10	0.00865055
2.6328e-10	0.00865694
2.63326e-10	0.00866334
2.63373e-10	0.00866973
2.63419e-10	0.00867613
2.63466e-10	0.00868254
2.63512e-10	0.00868895
2.63559e-10	0.00869535
2.63605e-10	0.00870177
2.63651e-10	0.00870818
2.63698e-10	0.0087146
2.63744e-10	0.00872102
2.63791e-10	0.00872744
2.63837e-10	0.00873386
2.63883e-10	0.00874029
2.6393e-10	0.00874672
2.63976e-10	0.00875315
2.64023e-10	0.00875959
2.64069e-10	0.00876602
2.64116e-10	0.00877246
2.64162e-10	0.00877891
2.64208e-10	0.00878535
2.64255e-10	0.0087918
2.64301e-10	0.00879825
2.64348e-10	0.0088047
2.64394e-10	0.00881116
2.6444e-10	0.00881762
2.64487e-10	0.00882408
2.64533e-10	0.00883054
2.6458e-10	0.00883701
2.64626e-10	0.00884348
2.64673e-10	0.00884995
2.64719e-10	0.00885642
2.64765e-10	0.0088629
2.64812e-10	0.00886938
2.64858e-10	0.00887586
2.64905e-10	0.00888234
2.64951e-10	0.00888883
2.64997e-10	0.00889532
2.65044e-10	0.00890181
2.6509e-10	0.0089083
2.65137e-10	0.0089148
2.65183e-10	0.0089213
2.6523e-10	0.0089278
2.65276e-10	0.00893431
2.65322e-10	0.00894081
2.65369e-10	0.00894732
2.65415e-10	0.00895383
2.65462e-10	0.00896035
2.65508e-10	0.00896687
2.65554e-10	0.00897339
2.65601e-10	0.00897991
2.65647e-10	0.00898643
2.65694e-10	0.00899296
2.6574e-10	0.00899949
2.65787e-10	0.00900602
2.65833e-10	0.00901256
2.65879e-10	0.0090191
2.65926e-10	0.00902564
2.65972e-10	0.00903218
2.66019e-10	0.00903873
2.66065e-10	0.00904527
2.66111e-10	0.00905182
2.66158e-10	0.00905838
2.66204e-10	0.00906493
2.66251e-10	0.00907149
2.66297e-10	0.00907805
2.66344e-10	0.00908461
2.6639e-10	0.00909118
2.66436e-10	0.00909775
2.66483e-10	0.00910432
2.66529e-10	0.00911089
2.66576e-10	0.00911747
2.66622e-10	0.00912405
2.66669e-10	0.00913063
2.66715e-10	0.00913721
2.66761e-10	0.0091438
2.66808e-10	0.00915039
2.66854e-10	0.00915698
2.66901e-10	0.00916357
2.66947e-10	0.00917017
2.66993e-10	0.00917677
2.6704e-10	0.00918337
2.67086e-10	0.00918997
2.67133e-10	0.00919658
2.67179e-10	0.00920319
2.67226e-10	0.0092098
2.67272e-10	0.00921641
2.67318e-10	0.00922303
2.67365e-10	0.00922965
2.67411e-10	0.00923627
2.67458e-10	0.00924289
2.67504e-10	0.00924952
2.6755e-10	0.00925615
2.67597e-10	0.00926278
2.67643e-10	0.00926941
2.6769e-10	0.00927605
2.67736e-10	0.00928269
2.67783e-10	0.00928933
2.67829e-10	0.00929597
2.67875e-10	0.00930262
2.67922e-10	0.00930927
2.67968e-10	0.00931592
2.68015e-10	0.00932258
2.68061e-10	0.00932923
2.68107e-10	0.00933589
2.68154e-10	0.00934255
2.682e-10	0.00934922
2.68247e-10	0.00935588
2.68293e-10	0.00936255
2.6834e-10	0.00936923
2.68386e-10	0.0093759
2.68432e-10	0.00938258
2.68479e-10	0.00938926
2.68525e-10	0.00939594
2.68572e-10	0.00940262
2.68618e-10	0.00940931
2.68664e-10	0.009416
2.68711e-10	0.00942269
2.68757e-10	0.00942938
2.68804e-10	0.00943608
2.6885e-10	0.00944278
2.68897e-10	0.00944948
2.68943e-10	0.00945618
2.68989e-10	0.00946289
2.69036e-10	0.0094696
2.69082e-10	0.00947631
2.69129e-10	0.00948302
2.69175e-10	0.00948974
2.69221e-10	0.00949646
2.69268e-10	0.00950318
2.69314e-10	0.0095099
2.69361e-10	0.00951663
2.69407e-10	0.00952336
2.69454e-10	0.00953009
2.695e-10	0.00953682
2.69546e-10	0.00954356
2.69593e-10	0.0095503
2.69639e-10	0.00955704
2.69686e-10	0.00956378
2.69732e-10	0.00957053
2.69778e-10	0.00957728
2.69825e-10	0.00958403
2.69871e-10	0.00959078
2.69918e-10	0.00959754
2.69964e-10	0.0096043
2.70011e-10	0.00961106
2.70057e-10	0.00961782
2.70103e-10	0.00962459
2.7015e-10	0.00963135
2.70196e-10	0.00963812
2.70243e-10	0.0096449
2.70289e-10	0.00965167
2.70335e-10	0.00965845
2.70382e-10	0.00966523
2.70428e-10	0.00967201
2.70475e-10	0.0096788
2.70521e-10	0.00968559
2.70568e-10	0.00969238
2.70614e-10	0.00969917
2.7066e-10	0.00970596
2.70707e-10	0.00971276
2.70753e-10	0.00971956
2.708e-10	0.00972636
2.70846e-10	0.00973317
2.70892e-10	0.00973998
2.70939e-10	0.00974679
2.70985e-10	0.0097536
2.71032e-10	0.00976041
2.71078e-10	0.00976723
2.71125e-10	0.00977405
2.71171e-10	0.00978087
2.71217e-10	0.00978769
2.71264e-10	0.00979452
2.7131e-10	0.00980135
2.71357e-10	0.00980818
2.71403e-10	0.00981501
2.7145e-10	0.00982185
2.71496e-10	0.00982869
2.71542e-10	0.00983553
2.71589e-10	0.00984237
2.71635e-10	0.00984922
2.71682e-10	0.00985607
2.71728e-10	0.00986292
2.71774e-10	0.00986977
2.71821e-10	0.00987663
2.71867e-10	0.00988348
2.71914e-10	0.00989035
2.7196e-10	0.00989721
2.72007e-10	0.00990407
2.72053e-10	0.00991094
2.72099e-10	0.00991781
2.72146e-10	0.00992468
2.72192e-10	0.00993156
2.72239e-10	0.00993843
2.72285e-10	0.00994531
2.72331e-10	0.0099522
2.72378e-10	0.00995908
2.72424e-10	0.00996597
2.72471e-10	0.00997286
2.72517e-10	0.00997975
2.72564e-10	0.00998664
2.7261e-10	0.00999354
2.72656e-10	0.0100004
2.72703e-10	0.0100073
2.72749e-10	0.0100142
2.72796e-10	0.0100211
2.72842e-10	0.0100281
2.72888e-10	0.010035
2.72935e-10	0.0100419
2.72981e-10	0.0100488
2.73028e-10	0.0100557
2.73074e-10	0.0100626
2.73121e-10	0.0100696
2.73167e-10	0.0100765
2.73213e-10	0.0100834
2.7326e-10	0.0100903
2.73306e-10	0.0100973
2.73353e-10	0.0101042
2.73399e-10	0.0101111
2.73445e-10	0.0101181
2.73492e-10	0.010125
2.73538e-10	0.010132
2.73585e-10	0.0101389
2.73631e-10	0.0101459
2.73678e-10	0.0101528
2.73724e-10	0.0101598
2.7377e-10	0.0101667
2.73817e-10	0.0101737
2.73863e-10	0.0101806
2.7391e-10	0.0101876
2.73956e-10	0.0101946
2.74002e-10	0.0102015
2.74049e-10	0.0102085
2.74095e-10	0.0102155
2.74142e-10	0.0102224
2.74188e-10	0.0102294
2.74235e-10	0.0102364
2.74281e-10	0.0102434
2.74327e-10	0.0102504
2.74374e-10	0.0102573
2.7442e-10	0.0102643
2.74467e-10	0.0102713
2.74513e-10	0.0102783
2.74559e-10	0.0102853
2.74606e-10	0.0102923
2.74652e-10	0.0102993
2.74699e-10	0.0103063
2.74745e-10	0.0103133
2.74792e-10	0.0103203
2.74838e-10	0.0103273
2.74884e-10	0.0103343
2.74931e-10	0.0103414
2.74977e-10	0.0103484
2.75024e-10	0.0103554
2.7507e-10	0.0103624
2.75116e-10	0.0103694
2.75163e-10	0.0103765
2.75209e-10	0.0103835
2.75256e-10	0.0103905
2.75302e-10	0.0103975
2.75349e-10	0.0104046
2.75395e-10	0.0104116
2.75441e-10	0.0104187
2.75488e-10	0.0104257
2.75534e-10	0.0104327
2.75581e-10	0.0104398
2.75627e-10	0.0104468
2.75673e-10	0.0104539
2.7572e-10	0.0104609
2.75766e-10	0.010468
2.75813e-10	0.010475
2.75859e-10	0.0104821
2.75906e-10	0.0104892
2.75952e-10	0.0104962
2.75998e-10	0.0105033
2.76045e-10	0.0105104
2.76091e-10	0.0105174
2.76138e-10	0.0105245
2.76184e-10	0.0105316
2.76231e-10	0.0105387
2.76277e-10	0.0105457
2.76323e-10	0.0105528
2.7637e-10	0.0105599
2.76416e-10	0.010567
2.76463e-10	0.0105741
2.76509e-10	0.0105812
2.76555e-10	0.0105883
2.76602e-10	0.0105954
2.76648e-10	0.0106025
2.76695e-10	0.0106096
2.76741e-10	0.0106167
2.76788e-10	0.0106238
2.76834e-10	0.0106309
2.7688e-10	0.010638
2.76927e-10	0.0106451
2.76973e-10	0.0106522
2.7702e-10	0.0106593
2.77066e-10	0.0106664
2.77112e-10	0.0106736
2.77159e-10	0.0106807
2.77205e-10	0.0106878
2.77252e-10	0.0106949
2.77298e-10	0.0107021
2.77345e-10	0.0107092
2.77391e-10	0.0107163
2.77437e-10	0.0107235
2.77484e-10	0.0107306
2.7753e-10	0.0107377
2.77577e-10	0.0107449
2.77623e-10	0.010752
2.77669e-10	0.0107592
2.77716e-10	0.0107663
2.77762e-10	0.0107735
2.77809e-10	0.0107806
2.77855e-10	0.0107878
2.77902e-10	0.0107949
2.77948e-10	0.0108021
2.77994e-10	0.0108093
2.78041e-10	0.0108164
2.78087e-10	0.0108236
2.78134e-10	0.0108308
2.7818e-10	0.0108379
2.78226e-10	0.0108451
2.78273e-10	0.0108523
2.78319e-10	0.0108595
2.78366e-10	0.0108666
2.78412e-10	0.0108738
2.78459e-10	0.010881
2.78505e-10	0.0108882
2.78551e-10	0.0108954
2.78598e-10	0.0109026
2.78644e-10	0.0109098
2.78691e-10	0.010917
2.78737e-10	0.0109242
2.78783e-10	0.0109314
2.7883e-10	0.0109386
2.78876e-10	0.0109458
2.78923e-10	0.010953
2.78969e-10	0.0109602
2.79016e-10	0.0109674
2.79062e-10	0.0109746
2.79108e-10	0.0109818
2.79155e-10	0.010989
2.79201e-10	0.0109963
2.79248e-10	0.0110035
2.79294e-10	0.0110107
2.7934e-10	0.0110179
2.79387e-10	0.0110251
2.79433e-10	0.0110324
2.7948e-10	0.0110396
2.79526e-10	0.0110468
2.79573e-10	0.0110541
2.79619e-10	0.0110613
2.79665e-10	0.0110686
2.79712e-10	0.0110758
2.79758e-10	0.011083
2.79805e-10	0.0110903
2.79851e-10	0.0110975
2.79897e-10	0.0111048
2.79944e-10	0.011112
2.7999e-10	0.0111193
2.80037e-10	0.0111266
2.80083e-10	0.0111338
2.8013e-10	0.0111411
2.80176e-10	0.0111483
2.80222e-10	0.0111556
2.80269e-10	0.0111629
2.80315e-10	0.0111701
2.80362e-10	0.0111774
2.80408e-10	0.0111847
2.80455e-10	0.011192
2.80501e-10	0.0111992
2.80547e-10	0.0112065
2.80594e-10	0.0112138
2.8064e-10	0.0112211
2.80687e-10	0.0112284
2.80733e-10	0.0112357
2.80779e-10	0.011243
2.80826e-10	0.0112503
2.80872e-10	0.0112576
2.80919e-10	0.0112648
2.80965e-10	0.0112721
2.81012e-10	0.0112795
2.81058e-10	0.0112868
2.81104e-10	0.0112941
2.81151e-10	0.0113014
2.81197e-10	0.0113087
2.81244e-10	0.011316
2.8129e-10	0.0113233
2.81336e-10	0.0113306
2.81383e-10	0.0113379
2.81429e-10	0.0113453
2.81476e-10	0.0113526
2.81522e-10	0.0113599
2.81569e-10	0.0113672
2.81615e-10	0.0113746
2.81661e-10	0.0113819
2.81708e-10	0.0113892
2.81754e-10	0.0113966
2.81801e-10	0.0114039
2.81847e-10	0.0114112
2.81893e-10	0.0114186
2.8194e-10	0.0114259
2.81986e-10	0.0114333
2.82033e-10	0.0114406
2.82079e-10	0.011448
2.82126e-10	0.0114553
2.82172e-10	0.0114627
2.82218e-10	0.01147
2.82265e-10	0.0114774
2.82311e-10	0.0114847
2.82358e-10	0.0114921
2.82404e-10	0.0114995
2.8245e-10	0.0115068
2.82497e-10	0.0115142
2.82543e-10	0.0115216
2.8259e-10	0.0115289
2.82636e-10	0.0115363
2.82683e-10	0.0115437
2.82729e-10	0.0115511
2.82775e-10	0.0115584
2.82822e-10	0.0115658
2.82868e-10	0.0115732
2.82915e-10	0.0115806
2.82961e-10	0.011588
2.83007e-10	0.0115954
2.83054e-10	0.0116027
2.831e-10	0.0116101
2.83147e-10	0.0116175
2.83193e-10	0.0116249
2.8324e-10	0.0116323
2.83286e-10	0.0116397
2.83332e-10	0.0116471
2.83379e-10	0.0116545
2.83425e-10	0.0116619
2.83472e-10	0.0116694
2.83518e-10	0.0116768
2.83564e-10	0.0116842
2.83611e-10	0.0116916
2.83657e-10	0.011699
2.83704e-10	0.0117064
2.8375e-10	0.0117139
2.83797e-10	0.0117213
2.83843e-10	0.0117287
2.83889e-10	0.0117361
2.83936e-10	0.0117436
2.83982e-10	0.011751
2.84029e-10	0.0117584
2.84075e-10	0.0117658
2.84121e-10	0.0117733
2.84168e-10	0.0117807
2.84214e-10	0.0117882
2.84261e-10	0.0117956
2.84307e-10	0.0118031
2.84354e-10	0.0118105
2.844e-10	0.0118179
2.84446e-10	0.0118254
2.84493e-10	0.0118328
2.84539e-10	0.0118403
2.84586e-10	0.0118478
2.84632e-10	0.0118552
2.84678e-10	0.0118627
2.84725e-10	0.0118701
2.84771e-10	0.0118776
2.84818e-10	0.0118851
2.84864e-10	0.0118925
2.84911e-10	0.0119
2.84957e-10	0.0119075
2.85003e-10	0.0119149
2.8505e-10	0.0119224
2.85096e-10	0.0119299
2.85143e-10	0.0119374
2.85189e-10	0.0119449
2.85236e-10	0.0119523
2.85282e-10	0.0119598
2.85328e-10	0.0119673
2.85375e-10	0.0119748
2.85421e-10	0.0119823
2.85468e-10	0.0119898
2.85514e-10	0.0119973
2.8556e-10	0.0120048
2.85607e-10	0.0120123
2.85653e-10	0.0120198
2.857e-10	0.0120273
2.85746e-10	0.0120348
2.85793e-10	0.0120423
2.85839e-10	0.0120498
2.85885e-10	0.0120573
2.85932e-10	0.0120648
2.85978e-10	0.0120723
2.86025e-10	0.0120798
2.86071e-10	0.0120873
2.86117e-10	0.0120949
2.86164e-10	0.0121024
2.8621e-10	0.0121099
2.86257e-10	0.0121174
2.86303e-10	0.0121249
2.8635e-10	0.0121325
2.86396e-10	0.01214
2.86442e-10	0.0121475
2.86489e-10	0.0121551
2.86535e-10	0.0121626
2.86582e-10	0.0121701
2.86628e-10	0.0121777
2.86674e-10	0.0121852
2.86721e-10	0.0121928
2.86767e-10	0.0122003
2.86814e-10	0.0122078
2.8686e-10	0.0122154
2.86907e-10	0.0122229
2.86953e-10	0.0122305
2.86999e-10	0.012238
2.87046e-10	0.0122456
2.87092e-10	0.0122532
2.87139e-10	0.0122607
2.87185e-10	0.0122683
2.87231e-10	0.0122758
2.87278e-10	0.0122834
2.87324e-10	0.012291
2.87371e-10	0.0122985
2.87417e-10	0.0123061
2.87464e-10	0.0123137
2.8751e-10	0.0123212
2.87556e-10	0.0123288
2.87603e-10	0.0123364
2.87649e-10	0.012344
2.87696e-10	0.0123515
2.87742e-10	0.0123591
2.87788e-10	0.0123667
2.87835e-10	0.0123743
2.87881e-10	0.0123819
2.87928e-10	0.0123895
2.87974e-10	0.0123971
2.88021e-10	0.0124046
2.88067e-10	0.0124122
2.88113e-10	0.0124198
2.8816e-10	0.0124274
2.88206e-10	0.012435
2.88253e-10	0.0124426
2.88299e-10	0.0124502
2.88345e-10	0.0124578
2.88392e-10	0.0124654
2.88438e-10	0.012473
2.88485e-10	0.0124807
2.88531e-10	0.0124883
2.88578e-10	0.0124959
2.88624e-10	0.0125035
2.8867e-10	0.0125111
2.88717e-10	0.0125187
2.88763e-10	0.0125263
2.8881e-10	0.012534
2.88856e-10	0.0125416
2.88902e-10	0.0125492
2.88949e-10	0.0125568
2.88995e-10	0.0125645
2.89042e-10	0.0125721
2.89088e-10	0.0125797
2.89135e-10	0.0125874
2.89181e-10	0.012595
2.89227e-10	0.0126026
2.89274e-10	0.0126103
2.8932e-10	0.0126179
2.89367e-10	0.0126255
2.89413e-10	0.0126332
2.89459e-10	0.0126408
2.89506e-10	0.0126485
2.89552e-10	0.0126561
2.89599e-10	0.0126638
2.89645e-10	0.0126714
2.89692e-10	0.0126791
2.89738e-10	0.0126867
2.89784e-10	0.0126944
2.89831e-10	0.012702
2.89877e-10	0.0127097
2.89924e-10	0.0127174
2.8997e-10	0.012725
2.90017e-10	0.0127327
2.90063e-10	0.0127404
2.90109e-10	0.012748
2.90156e-10	0.0127557
2.90202e-10	0.0127634
2.90249e-10	0.012771
2.90295e-10	0.0127787
2.90341e-10	0.0127864
2.90388e-10	0.0127941
2.90434e-10	0.0128017
2.90481e-10	0.0128094
2.90527e-10	0.0128171
2.90574e-10	0.0128248
2.9062e-10	0.0128325
2.90666e-10	0.0128402
2.90713e-10	0.0128478
2.90759e-10	0.0128555
2.90806e-10	0.0128632
2.90852e-10	0.0128709
2.90898e-10	0.0128786
2.90945e-10	0.0128863
2.90991e-10	0.012894
2.91038e-10	0.0129017
2.91084e-10	0.0129094
2.91131e-10	0.0129171
2.91177e-10	0.0129248
2.91223e-10	0.0129325
2.9127e-10	0.0129402
2.91316e-10	0.0129479
2.91363e-10	0.0129557
2.91409e-10	0.0129634
2.91455e-10	0.0129711
2.91502e-10	0.0129788
2.91548e-10	0.0129865
2.91595e-10	0.0129942
2.91641e-10	0.0130019
2.91688e-10	0.0130097
2.91734e-10	0.0130174
2.9178e-10	0.0130251
2.91827e-10	0.0130328
2.91873e-10	0.0130406
2.9192e-10	0.0130483
2.91966e-10	0.013056
2.92012e-10	0.0130638
2.92059e-10	0.0130715
2.92105e-10	0.0130792
2.92152e-10	0.013087
2.92198e-10	0.0130947
2.92245e-10	0.0131024
2.92291e-10	0.0131102
2.92337e-10	0.0131179
2.92384e-10	0.0131257
2.9243e-10	0.0131334
2.92477e-10	0.0131412
2.92523e-10	0.0131489
2.92569e-10	0.0131567
2.92616e-10	0.0131644
2.92662e-10	0.0131722
2.92709e-10	0.0131799
2.92755e-10	0.0131877
2.92802e-10	0.0131954
2.92848e-10	0.0132032
2.92894e-10	0.013211
2.92941e-10	0.0132187
2.92987e-10	0.0132265
2.93034e-10	0.0132342
2.9308e-10	0.013242
2.93126e-10	0.0132498
2.93173e-10	0.0132576
2.93219e-10	0.0132653
2.93266e-10	0.0132731
2.93312e-10	0.0132809
2.93359e-10	0.0132886
2.93405e-10	0.0132964
2.93451e-10	0.0133042
2.93498e-10	0.013312
2.93544e-10	0.0133198
2.93591e-10	0.0133275
2.93637e-10	0.0133353
2.93683e-10	0.0133431
2.9373e-10	0.0133509
2.93776e-10	0.0133587
2.93823e-10	0.0133665
2.93869e-10	0.0133743
2.93916e-10	0.0133821
2.93962e-10	0.0133898
2.94008e-10	0.0133976
2.94055e-10	0.0134054
2.94101e-10	0.0134132
2.94148e-10	0.013421
2.94194e-10	0.0134288
2.9424e-10	0.0134366
2.94287e-10	0.0134444
2.94333e-10	0.0134522
2.9438e-10	0.01346
2.94426e-10	0.0134679
2.94473e-10	0.0134757
2.94519e-10	0.0134835
2.94565e-10	0.0134913
2.94612e-10	0.0134991
2.94658e-10	0.0135069
2.94705e-10	0.0135147
2.94751e-10	0.0135225
2.94798e-10	0.0135304
2.94844e-10	0.0135382
2.9489e-10	0.013546
2.94937e-10	0.0135538
2.94983e-10	0.0135616
2.9503e-10	0.0135695
2.95076e-10	0.0135773
2.95122e-10	0.0135851
2.95169e-10	0.013593
2.95215e-10	0.0136008
2.95262e-10	0.0136086
2.95308e-10	0.0136164
2.95355e-10	0.0136243
2.95401e-10	0.0136321
2.95447e-10	0.01364
2.95494e-10	0.0136478
2.9554e-10	0.0136556
2.95587e-10	0.0136635
2.95633e-10	0.0136713
2.95679e-10	0.0136792
2.95726e-10	0.013687
2.95772e-10	0.0136948
2.95819e-10	0.0137027
2.95865e-10	0.0137105
2.95912e-10	0.0137184
2.95958e-10	0.0137262
2.96004e-10	0.0137341
2.96051e-10	0.0137419
2.96097e-10	0.0137498
2.96144e-10	0.0137577
2.9619e-10	0.0137655
2.96236e-10	0.0137734
2.96283e-10	0.0137812
2.96329e-10	0.0137891
2.96376e-10	0.013797
2.96422e-10	0.0138048
2.96469e-10	0.0138127
2.96515e-10	0.0138205
2.96561e-10	0.0138284
2.96608e-10	0.0138363
2.96654e-10	0.0138442
2.96701e-10	0.013852
2.96747e-10	0.0138599
2.96793e-10	0.0138678
2.9684e-10	0.0138756
2.96886e-10	0.0138835
2.96933e-10	0.0138914
2.96979e-10	0.0138993
2.97026e-10	0.0139072
2.97072e-10	0.013915
2.97118e-10	0.0139229
2.97165e-10	0.0139308
2.97211e-10	0.0139387
2.97258e-10	0.0139466
2.97304e-10	0.0139545
2.9735e-10	0.0139623
2.97397e-10	0.0139702
2.97443e-10	0.0139781
2.9749e-10	0.013986
2.97536e-10	0.0139939
2.97583e-10	0.0140018
2.97629e-10	0.0140097
2.97675e-10	0.0140176
2.97722e-10	0.0140255
2.97768e-10	0.0140334
2.97815e-10	0.0140413
2.97861e-10	0.0140492
2.97907e-10	0.0140571
2.97954e-10	0.014065
2.98e-10	0.0140729
2.98047e-10	0.0140808
2.98093e-10	0.0140887
2.9814e-10	0.0140966
2.98186e-10	0.0141045
2.98232e-10	0.0141124
2.98279e-10	0.0141203
2.98325e-10	0.0141282
2.98372e-10	0.0141361
2.98418e-10	0.0141441
2.98464e-10	0.014152
2.98511e-10	0.0141599
2.98557e-10	0.0141678
2.98604e-10	0.0141757
2.9865e-10	0.0141836
2.98697e-10	0.0141916
2.98743e-10	0.0141995
2.98789e-10	0.0142074
2.98836e-10	0.0142153
2.98882e-10	0.0142233
2.98929e-10	0.0142312
2.98975e-10	0.0142391
2.99021e-10	0.014247
2.99068e-10	0.014255
2.99114e-10	0.0142629
2.99161e-10	0.0142708
2.99207e-10	0.0142788
2.99254e-10	0.0142867
2.993e-10	0.0142946
2.99346e-10	0.0143026
2.99393e-10	0.0143105
2.99439e-10	0.0143184
2.99486e-10	0.0143264
2.99532e-10	0.0143343
2.99579e-10	0.0143422
2.99625e-10	0.0143502
2.99671e-10	0.0143581
2.99718e-10	0.0143661
2.99764e-10	0.014374
2.99811e-10	0.014382
2.99857e-10	0.0143899
2.99903e-10	0.0143979
2.9995e-10	0.0144058
2.99996e-10	0.0144137
3.00043e-10	0.0144217
3.00089e-10	0.0144296
3.00136e-10	0.0144376
3.00182e-10	0.0144456
3.00228e-10	0.0144535
3.00275e-10	0.0144615
3.00321e-10	0.0144694
3.00368e-10	0.0144774
3.00414e-10	0.0144853
3.0046e-10	0.0144933
3.00507e-10	0.0145012
3.00553e-10	0.0145092
3.006e-10	0.0145172
3.00646e-10	0.0145251
3.00693e-10	0.0145331
3.00739e-10	0.0145411
3.00785e-10	0.014549
3.00832e-10	0.014557
3.00878e-10	0.014565
3.00925e-10	0.0145729
3.00971e-10	0.0145809
3.01017e-10	0.0145889
3.01064e-10	0.0145968
3.0111e-10	0.0146048
3.01157e-10	0.0146128
3.01203e-10	0.0146207
3.0125e-10	0.0146287
3.01296e-10	0.0146367
3.01342e-10	0.0146447
3.01389e-10	0.0146527
3.01435e-10	0.0146606
3.01482e-10	0.0146686
3.01528e-10	0.0146766
3.01574e-10	0.0146846
3.01621e-10	0.0146925
3.01667e-10	0.0147005
3.01714e-10	0.0147085
3.0176e-10	0.0147165
3.01807e-10	0.0147245
3.01853e-10	0.0147325
3.01899e-10	0.0147404
3.01946e-10	0.0147484
3.01992e-10	0.0147564
3.02039e-10	0.0147644
3.02085e-10	0.0147724
3.02131e-10	0.0147804
3.02178e-10	0.0147884
3.02224e-10	0.0147964
3.02271e-10	0.0148044
3.02317e-10	0.0148124
3.02364e-10	0.0148204
3.0241e-10	0.0148283
3.02456e-10	0.0148363
3.02503e-10	0.0148443
3.02549e-10	0.0148523
3.02596e-10	0.0148603
3.02642e-10	0.0148683
3.02688e-10	0.0148763
3.02735e-10	0.0148843
3.02781e-10	0.0148923
3.02828e-10	0.0149003
3.02874e-10	0.0149083
3.02921e-10	0.0149163
3.02967e-10	0.0149243
3.03013e-10	0.0149324
3.0306e-10	0.0149404
3.03106e-10	0.0149484
3.03153e-10	0.0149564
3.03199e-10	0.0149644
3.03245e-10	0.0149724
3.03292e-10	0.0149804
3.03338e-10	0.0149884
3.03385e-10	0.0149964
3.03431e-10	0.0150044
3.03478e-10	0.0150124
3.03524e-10	0.0150205
3.0357e-10	0.0150285
3.03617e-10	0.0150365
3.03663e-10	0.0150445
3.0371e-10	0.0150525
3.03756e-10	0.0150605
3.03803e-10	0.0150685
3.03849e-10	0.0150766
3.03895e-10	0.0150846
3.03942e-10	0.0150926
3.03988e-10	0.0151006
3.04035e-10	0.0151086
3.04081e-10	0.0151167
3.04127e-10	0.0151247
3.04174e-10	0.0151327
3.0422e-10	0.0151407
3.04267e-10	0.0151488
3.04313e-10	0.0151568
3.0436e-10	0.0151648
3.04406e-10	0.0151728
3.04452e-10	0.0151809
3.04499e-10	0.0151889
3.04545e-10	0.0151969
3.04592e-10	0.0152049
3.04638e-10	0.015213
3.04684e-10	0.015221
3.04731e-10	0.015229
3.04777e-10	0.0152371
3.04824e-10	0.0152451
3.0487e-10	0.0152531
3.04917e-10	0.0152611
3.04963e-10	0.0152692
3.05009e-10	0.0152772
3.05056e-10	0.0152852
3.05102e-10	0.0152933
3.05149e-10	0.0153013
3.05195e-10	0.0153094
3.05241e-10	0.0153174
3.05288e-10	0.0153254
3.05334e-10	0.0153335
3.05381e-10	0.0153415
3.05427e-10	0.0153495
3.05474e-10	0.0153576
3.0552e-10	0.0153656
3.05566e-10	0.0153737
3.05613e-10	0.0153817
3.05659e-10	0.0153897
3.05706e-10	0.0153978
3.05752e-10	0.0154058
3.05798e-10	0.0154139
3.05845e-10	0.0154219
3.05891e-10	0.01543
3.05938e-10	0.015438
3.05984e-10	0.015446
3.06031e-10	0.0154541
3.06077e-10	0.0154621
3.06123e-10	0.0154702
3.0617e-10	0.0154782
3.06216e-10	0.0154863
3.06263e-10	0.0154943
3.06309e-10	0.0155024
3.06355e-10	0.0155104
3.06402e-10	0.0155185
3.06448e-10	0.0155265
3.06495e-10	0.0155346
3.06541e-10	0.0155426
3.06588e-10	0.0155507
3.06634e-10	0.0155587
3.0668e-10	0.0155668
3.06727e-10	0.0155748
3.06773e-10	0.0155829
3.0682e-10	0.0155909
3.06866e-10	0.015599
3.06912e-10	0.015607
3.06959e-10	0.0156151
3.07005e-10	0.0156231
3.07052e-10	0.0156312
3.07098e-10	0.0156393
3.07145e-10	0.0156473
3.07191e-10	0.0156554
3.07237e-10	0.0156634
3.07284e-10	0.0156715
3.0733e-10	0.0156795
3.07377e-10	0.0156876
3.07423e-10	0.0156957
3.07469e-10	0.0157037
3.07516e-10	0.0157118
3.07562e-10	0.0157198
3.07609e-10	0.0157279
3.07655e-10	0.0157359
3.07702e-10	0.015744
3.07748e-10	0.0157521
3.07794e-10	0.0157601
3.07841e-10	0.0157682
3.07887e-10	0.0157763
3.07934e-10	0.0157843
3.0798e-10	0.0157924
3.08026e-10	0.0158004
3.08073e-10	0.0158085
3.08119e-10	0.0158166
3.08166e-10	0.0158246
3.08212e-10	0.0158327
3.08259e-10	0.0158408
3.08305e-10	0.0158488
3.08351e-10	0.0158569
3.08398e-10	0.0158649
3.08444e-10	0.015873
3.08491e-10	0.0158811
3.08537e-10	0.0158891
3.08584e-10	0.0158972
3.0863e-10	0.0159053
3.08676e-10	0.0159133
3.08723e-10	0.0159214
3.08769e-10	0.0159295
3.08816e-10	0.0159375
3.08862e-10	0.0159456
3.08908e-10	0.0159537
3.08955e-10	0.0159617
3.09001e-10	0.0159698
3.09048e-10	0.0159779
3.09094e-10	0.015986
3.09141e-10	0.015994
3.09187e-10	0.0160021
3.09233e-10	0.0160102
3.0928e-10	0.0160182
3.09326e-10	0.0160263
3.09373e-10	0.0160344
3.09419e-10	0.0160424
3.09465e-10	0.0160505
3.09512e-10	0.0160586
3.09558e-10	0.0160666
3.09605e-10	0.0160747
3.09651e-10	0.0160828
3.09698e-10	0.0160909
3.09744e-10	0.0160989
3.0979e-10	0.016107
3.09837e-10	0.0161151
3.09883e-10	0.0161231
3.0993e-10	0.0161312
3.09976e-10	0.0161393
3.10022e-10	0.0161474
3.10069e-10	0.0161554
3.10115e-10	0.0161635
3.10162e-10	0.0161716
3.10208e-10	0.0161797
3.10255e-10	0.0161877
3.10301e-10	0.0161958
3.10347e-10	0.0162039
3.10394e-10	0.0162119
3.1044e-10	0.01622
3.10487e-10	0.0162281
3.10533e-10	0.0162362
3.10579e-10	0.0162442
3.10626e-10	0.0162523
3.10672e-10	0.0162604
3.10719e-10	0.0162685
3.10765e-10	0.0162765
3.10812e-10	0.0162846
3.10858e-10	0.0162927
3.10904e-10	0.0163007
3.10951e-10	0.0163088
3.10997e-10	0.0163169
3.11044e-10	0.016325
3.1109e-10	0.016333
3.11136e-10	0.0163411
3.11183e-10	0.0163492
3.11229e-10	0.0163573
3.11276e-10	0.0163653
3.11322e-10	0.0163734
3.11369e-10	0.0163815
3.11415e-10	0.0163896
3.11461e-10	0.0163976
3.11508e-10	0.0164057
3.11554e-10	0.0164138
3.11601e-10	0.0164219
3.11647e-10	0.0164299
3.11693e-10	0.016438
3.1174e-10	0.0164461
3.11786e-10	0.0164541
3.11833e-10	0.0164622
3.11879e-10	0.0164703
3.11926e-10	0.0164784
3.11972e-10	0.0164864
3.12018e-10	0.0164945
3.12065e-10	0.0165026
3.12111e-10	0.0165107
3.12158e-10	0.0165187
3.12204e-10	0.0165268
3.1225e-10	0.0165349
3.12297e-10	0.016543
3.12343e-10	0.016551
3.1239e-10	0.0165591
3.12436e-10	0.0165672
3.12483e-10	0.0165752
3.12529e-10	0.0165833
3.12575e-10	0.0165914
3.12622e-10	0.0165995
3.12668e-10	0.0166075
3.12715e-10	0.0166156
3.12761e-10	0.0166237
3.12807e-10	0.0166317
3.12854e-10	0.0166398
3.129e-10	0.0166479
3.12947e-10	0.016656
3.12993e-10	0.016664
3.1304e-10	0.0166721
3.13086e-10	0.0166802
3.13132e-10	0.0166882
3.13179e-10	0.0166963
3.13225e-10	0.0167044
3.13272e-10	0.0167125
3.13318e-10	0.0167205
3.13365e-10	0.0167286
3.13411e-10	0.0167367
3.13457e-10	0.0167447
3.13504e-10	0.0167528
3.1355e-10	0.0167609
3.13597e-10	0.0167689
3.13643e-10	0.016777
3.13689e-10	0.0167851
3.13736e-10	0.0167931
3.13782e-10	0.0168012
3.13829e-10	0.0168093
3.13875e-10	0.0168173
3.13922e-10	0.0168254
3.13968e-10	0.0168335
3.14014e-10	0.0168415
3.14061e-10	0.0168496
3.14107e-10	0.0168577
3.14154e-10	0.0168657
3.142e-10	0.0168738
3.14246e-10	0.0168819
3.14293e-10	0.0168899
3.14339e-10	0.016898
3.14386e-10	0.0169061
3.14432e-10	0.0169141
3.14479e-10	0.0169222
3.14525e-10	0.0169302
3.14571e-10	0.0169383
3.14618e-10	0.0169464
3.14664e-10	0.0169544
3.14711e-10	0.0169625
3.14757e-10	0.0169706
3.14803e-10	0.0169786
3.1485e-10	0.0169867
3.14896e-10	0.0169947
3.14943e-10	0.0170028
3.14989e-10	0.0170109
3.15036e-10	0.0170189
3.15082e-10	0.017027
3.15128e-10	0.017035
3.15175e-10	0.0170431
3.15221e-10	0.0170511
3.15268e-10	0.0170592
3.15314e-10	0.0170673
3.1536e-10	0.0170753
3.15407e-10	0.0170834
3.15453e-10	0.0170914
3.155e-10	0.0170995
3.15546e-10	0.0171075
3.15593e-10	0.0171156
3.15639e-10	0.0171236
3.15685e-10	0.0171317
3.15732e-10	0.0171397
3.15778e-10	0.0171478
3.15825e-10	0.0171558
3.15871e-10	0.0171639
3.15917e-10	0.0171719
3.15964e-10	0.01718
3.1601e-10	0.017188
3.16057e-10	0.0171961
3.16103e-10	0.0172041
3.1615e-10	0.0172122
3.16196e-10	0.0172202
3.16242e-10	0.0172283
3.16289e-10	0.0172363
3.16335e-10	0.0172444
3.16382e-10	0.0172524
3.16428e-10	0.0172605
3.16474e-10	0.0172685
3.16521e-10	0.0172766
3.16567e-10	0.0172846
3.16614e-10	0.0172927
3.1666e-10	0.0173007
3.16707e-10	0.0173087
3.16753e-10	0.0173168
3.16799e-10	0.0173248
3.16846e-10	0.0173329
3.16892e-10	0.0173409
3.16939e-10	0.0173489
3.16985e-10	0.017357
3.17031e-10	0.017365
3.17078e-10	0.017373
3.17124e-10	0.0173811
3.17171e-10	0.0173891
3.17217e-10	0.0173972
3.17264e-10	0.0174052
3.1731e-10	0.0174132
3.17356e-10	0.0174213
3.17403e-10	0.0174293
3.17449e-10	0.0174373
3.17496e-10	0.0174454
3.17542e-10	0.0174534
3.17588e-10	0.0174614
3.17635e-10	0.0174694
3.17681e-10	0.0174775
3.17728e-10	0.0174855
3.17774e-10	0.0174935
3.17821e-10	0.0175016
3.17867e-10	0.0175096
3.17913e-10	0.0175176
3.1796e-10	0.0175256
3.18006e-10	0.0175337
3.18053e-10	0.0175417
3.18099e-10	0.0175497
3.18146e-10	0.0175577
3.18192e-10	0.0175658
3.18238e-10	0.0175738
3.18285e-10	0.0175818
3.18331e-10	0.0175898
3.18378e-10	0.0175978
3.18424e-10	0.0176058
3.1847e-10	0.0176139
3.18517e-10	0.0176219
3.18563e-10	0.0176299
3.1861e-10	0.0176379
3.18656e-10	0.0176459
3.18703e-10	0.0176539
3.18749e-10	0.0176619
3.18795e-10	0.01767
3.18842e-10	0.017678
3.18888e-10	0.017686
3.18935e-10	0.017694
3.18981e-10	0.017702
3.19027e-10	0.01771
3.19074e-10	0.017718
3.1912e-10	0.017726
3.19167e-10	0.017734
3.19213e-10	0.017742
3.1926e-10	0.01775
3.19306e-10	0.017758
3.19352e-10	0.017766
3.19399e-10	0.017774
3.19445e-10	0.017782
3.19492e-10	0.01779
3.19538e-10	0.017798
3.19584e-10	0.017806
3.19631e-10	0.017814
3.19677e-10	0.017822
3.19724e-10	0.01783
3.1977e-10	0.017838
3.19817e-10	0.017846
3.19863e-10	0.017854
3.19909e-10	0.017862
3.19956e-10	0.01787
3.20002e-10	0.017878
3.20049e-10	0.017886
3.20095e-10	0.0178939
3.20141e-10	0.0179019
3.20188e-10	0.0179099
3.20234e-10	0.0179179
3.20281e-10	0.0179259
3.20327e-10	0.0179339
3.20374e-10	0.0179418
3.2042e-10	0.0179498
3.20466e-10	0.0179578
3.20513e-10	0.0179658
3.20559e-10	0.0179738
3.20606e-10	0.0179817
3.20652e-10	0.0179897
3.20698e-10	0.0179977
3.20745e-10	0.0180057
3.20791e-10	0.0180136
3.20838e-10	0.0180216
3.20884e-10	0.0180296
3.20931e-10	0.0180375
3.20977e-10	0.0180455
3.21023e-10	0.0180535
3.2107e-10	0.0180614
3.21116e-10	0.0180694
3.21163e-10	0.0180774
3.21209e-10	0.0180853
3.21255e-10	0.0180933
3.21302e-10	0.0181013
3.21348e-10	0.0181092
3.21395e-10	0.0181172
3.21441e-10	0.0181251
3.21488e-10	0.0181331
3.21534e-10	0.018141
3.2158e-10	0.018149
3.21627e-10	0.0181569
3.21673e-10	0.0181649
3.2172e-10	0.0181729
3.21766e-10	0.0181808
3.21812e-10	0.0181887
3.21859e-10	0.0181967
3.21905e-10	0.0182046
3.21952e-10	0.0182126
3.21998e-10	0.0182205
3.22045e-10	0.0182285
3.22091e-10	0.0182364
3.22137e-10	0.0182444
3.22184e-10	0.0182523
3.2223e-10	0.0182602
3.22277e-10	0.0182682
3.22323e-10	0.0182761
3.22369e-10	0.018284
3.22416e-10	0.018292
3.22462e-10	0.0182999
3.22509e-10	0.0183078
3.22555e-10	0.0183158
3.22602e-10	0.0183237
3.22648e-10	0.0183316
3.22694e-10	0.0183395
3.22741e-10	0.0183475
3.22787e-10	0.0183554
3.22834e-10	0.0183633
3.2288e-10	0.0183712
3.22927e-10	0.0183791
3.22973e-10	0.0183871
3.23019e-10	0.018395
3.23066e-10	0.0184029
3.23112e-10	0.0184108
3.23159e-10	0.0184187
3.23205e-10	0.0184266
3.23251e-10	0.0184345
3.23298e-10	0.0184425
3.23344e-10	0.0184504
3.23391e-10	0.0184583
3.23437e-10	0.0184662
3.23484e-10	0.0184741
3.2353e-10	0.018482
3.23576e-10	0.0184899
3.23623e-10	0.0184978
3.23669e-10	0.0185057
3.23716e-10	0.0185136
3.23762e-10	0.0185215
3.23808e-10	0.0185294
3.23855e-10	0.0185373
3.23901e-10	0.0185451
3.23948e-10	0.018553
3.23994e-10	0.0185609
3.24041e-10	0.0185688
3.24087e-10	0.0185767
3.24133e-10	0.0185846
3.2418e-10	0.0185925
3.24226e-10	0.0186003
3.24273e-10	0.0186082
3.24319e-10	0.0186161
3.24365e-10	0.018624
3.24412e-10	0.0186318
3.24458e-10	0.0186397
3.24505e-10	0.0186476
3.24551e-10	0.0186555
3.24598e-10	0.0186633
3.24644e-10	0.0186712
3.2469e-10	0.0186791
3.24737e-10	0.0186869
3.24783e-10	0.0186948
3.2483e-10	0.0187027
3.24876e-10	0.0187105
3.24922e-10	0.0187184
3.24969e-10	0.0187262
3.25015e-10	0.0187341
3.25062e-10	0.0187419
3.25108e-10	0.0187498
3.25155e-10	0.0187576
3.25201e-10	0.0187655
3.25247e-10	0.0187733
3.25294e-10	0.0187812
3.2534e-10	0.018789
3.25387e-10	0.0187969
3.25433e-10	0.0188047
3.25479e-10	0.0188125
3.25526e-10	0.0188204
3.25572e-10	0.0188282
3.25619e-10	0.0188361
3.25665e-10	0.0188439
3.25712e-10	0.0188517
3.25758e-10	0.0188595
3.25804e-10	0.0188674
3.25851e-10	0.0188752
3.25897e-10	0.018883
3.25944e-10	0.0188908
3.2599e-10	0.0188987
3.26036e-10	0.0189065
3.26083e-10	0.0189143
3.26129e-10	0.0189221
3.26176e-10	0.0189299
3.26222e-10	0.0189378
3.26269e-10	0.0189456
3.26315e-10	0.0189534
3.26361e-10	0.0189612
3.26408e-10	0.018969
3.26454e-10	0.0189768
3.26501e-10	0.0189846
3.26547e-10	0.0189924
3.26593e-10	0.0190002
3.2664e-10	0.019008
3.26686e-10	0.0190158
3.26733e-10	0.0190236
3.26779e-10	0.0190314
3.26826e-10	0.0190392
3.26872e-10	0.0190469
3.26918e-10	0.0190547
3.26965e-10	0.0190625
3.27011e-10	0.0190703
3.27058e-10	0.0190781
3.27104e-10	0.0190859
3.27151e-10	0.0190936
3.27197e-10	0.0191014
3.27243e-10	0.0191092
3.2729e-10	0.019117
3.27336e-10	0.0191247
3.27383e-10	0.0191325
3.27429e-10	0.0191403
3.27475e-10	0.019148
3.27522e-10	0.0191558
3.27568e-10	0.0191635
3.27615e-10	0.0191713
3.27661e-10	0.0191791
3.27708e-10	0.0191868
3.27754e-10	0.0191946
3.278e-10	0.0192023
3.27847e-10	0.0192101
3.27893e-10	0.0192178
3.2794e-10	0.0192256
3.27986e-10	0.0192333
3.28032e-10	0.019241
3.28079e-10	0.0192488
3.28125e-10	0.0192565
3.28172e-10	0.0192643
3.28218e-10	0.019272
3.28265e-10	0.0192797
3.28311e-10	0.0192875
3.28357e-10	0.0192952
3.28404e-10	0.0193029
3.2845e-10	0.0193106
3.28497e-10	0.0193184
3.28543e-10	0.0193261
3.28589e-10	0.0193338
3.28636e-10	0.0193415
3.28682e-10	0.0193492
3.28729e-10	0.0193569
3.28775e-10	0.0193646
3.28822e-10	0.0193723
3.28868e-10	0.0193801
3.28914e-10	0.0193878
3.28961e-10	0.0193955
3.29007e-10	0.0194032
3.29054e-10	0.0194109
3.291e-10	0.0194185
3.29146e-10	0.0194262
3.29193e-10	0.0194339
3.29239e-10	0.0194416
3.29286e-10	0.0194493
3.29332e-10	0.019457
3.29379e-10	0.0194647
3.29425e-10	0.0194723
3.29471e-10	0.01948
3.29518e-10	0.0194877
3.29564e-10	0.0194954
3.29611e-10	0.019503
3.29657e-10	0.0195107
3.29703e-10	0.0195184
3.2975e-10	0.019526
3.29796e-10	0.0195337
3.29843e-10	0.0195414
3.29889e-10	0.019549
3.29936e-10	0.0195567
3.29982e-10	0.0195643
3.30028e-10	0.019572
3.30075e-10	0.0195796
3.30121e-10	0.0195873
3.30168e-10	0.0195949
3.30214e-10	0.0196026
3.3026e-10	0.0196102
3.30307e-10	0.0196178
3.30353e-10	0.0196255
3.304e-10	0.0196331
3.30446e-10	0.0196408
3.30493e-10	0.0196484
3.30539e-10	0.019656
3.30585e-10	0.0196636
3.30632e-10	0.0196713
3.30678e-10	0.0196789
3.30725e-10	0.0196865
3.30771e-10	0.0196941
3.30817e-10	0.0197017
3.30864e-10	0.0197093
3.3091e-10	0.0197169
3.30957e-10	0.0197245
3.31003e-10	0.0197321
3.3105e-10	0.0197397
3.31096e-10	0.0197473
3.31142e-10	0.0197549
3.31189e-10	0.0197625
3.31235e-10	0.0197701
3.31282e-10	0.0197777
3.31328e-10	0.0197853
3.31374e-10	0.0197929
3.31421e-10	0.0198005
3.31467e-10	0.019808
3.31514e-10	0.0198156
3.3156e-10	0.0198232
3.31607e-10	0.0198308
3.31653e-10	0.0198383
3.31699e-10	0.0198459
3.31746e-10	0.0198535
3.31792e-10	0.019861
3.31839e-10	0.0198686
3.31885e-10	0.0198761
3.31932e-10	0.0198837
3.31978e-10	0.0198912
3.32024e-10	0.0198988
3.32071e-10	0.0199063
3.32117e-10	0.0199139
3.32164e-10	0.0199214
3.3221e-10	0.019929
3.32256e-10	0.0199365
3.32303e-10	0.019944
3.32349e-10	0.0199516
3.32396e-10	0.0199591
3.32442e-10	0.0199666
3.32489e-10	0.0199742
3.32535e-10	0.0199817
3.32581e-10	0.0199892
3.32628e-10	0.0199967
3.32674e-10	0.0200042
3.32721e-10	0.0200117
3.32767e-10	0.0200192
3.32813e-10	0.0200267
3.3286e-10	0.0200342
3.32906e-10	0.0200417
3.32953e-10	0.0200492
3.32999e-10	0.0200567
3.33046e-10	0.0200642
3.33092e-10	0.0200717
3.33138e-10	0.0200792
3.33185e-10	0.0200867
3.33231e-10	0.0200942
3.33278e-10	0.0201017
3.33324e-10	0.0201091
3.3337e-10	0.0201166
3.33417e-10	0.0201241
3.33463e-10	0.0201315
3.3351e-10	0.020139
3.33556e-10	0.0201465
3.33603e-10	0.0201539
3.33649e-10	0.0201614
3.33695e-10	0.0201688
3.33742e-10	0.0201763
3.33788e-10	0.0201837
3.33835e-10	0.0201912
3.33881e-10	0.0201986
3.33927e-10	0.0202061
3.33974e-10	0.0202135
3.3402e-10	0.0202209
3.34067e-10	0.0202284
3.34113e-10	0.0202358
3.3416e-10	0.0202432
3.34206e-10	0.0202507
3.34252e-10	0.0202581
3.34299e-10	0.0202655
3.34345e-10	0.0202729
3.34392e-10	0.0202803
3.34438e-10	0.0202877
3.34484e-10	0.0202951
3.34531e-10	0.0203025
3.34577e-10	0.0203099
3.34624e-10	0.0203173
3.3467e-10	0.0203247
3.34717e-10	0.0203321
3.34763e-10	0.0203395
3.34809e-10	0.0203469
3.34856e-10	0.0203543
3.34902e-10	0.0203617
3.34949e-10	0.020369
3.34995e-10	0.0203764
3.35041e-10	0.0203838
3.35088e-10	0.0203912
3.35134e-10	0.0203985
3.35181e-10	0.0204059
3.35227e-10	0.0204132
3.35274e-10	0.0204206
3.3532e-10	0.0204279
3.35366e-10	0.0204353
3.35413e-10	0.0204426
3.35459e-10	0.02045
3.35506e-10	0.0204573
3.35552e-10	0.0204647
3.35598e-10	0.020472
3.35645e-10	0.0204793
3.35691e-10	0.0204867
3.35738e-10	0.020494
3.35784e-10	0.0205013
3.35831e-10	0.0205086
3.35877e-10	0.0205159
3.35923e-10	0.0205233
3.3597e-10	0.0205306
3.36016e-10	0.0205379
3.36063e-10	0.0205452
3.36109e-10	0.0205525
3.36155e-10	0.0205598
3.36202e-10	0.0205671
3.36248e-10	0.0205744
3.36295e-10	0.0205817
3.36341e-10	0.0205889
3.36388e-10	0.0205962
3.36434e-10	0.0206035
3.3648e-10	0.0206108
3.36527e-10	0.0206181
3.36573e-10	0.0206253
3.3662e-10	0.0206326
3.36666e-10	0.0206398
3.36713e-10	0.0206471
3.36759e-10	0.0206544
3.36805e-10	0.0206616
3.36852e-10	0.0206689
3.36898e-10	0.0206761
3.36945e-10	0.0206834
3.36991e-10	0.0206906
3.37037e-10	0.0206978
3.37084e-10	0.0207051
3.3713e-10	0.0207123
3.37177e-10	0.0207195
3.37223e-10	0.0207267
3.3727e-10	0.020734
3.37316e-10	0.0207412
3.37362e-10	0.0207484
3.37409e-10	0.0207556
3.37455e-10	0.0207628
3.37502e-10	0.02077
3.37548e-10	0.0207772
3.37594e-10	0.0207844
3.37641e-10	0.0207916
3.37687e-10	0.0207988
3.37734e-10	0.020806
3.3778e-10	0.0208132
3.37827e-10	0.0208204
3.37873e-10	0.0208275
3.37919e-10	0.0208347
3.37966e-10	0.0208419
3.38012e-10	0.020849
3.38059e-10	0.0208562
3.38105e-10	0.0208634
3.38151e-10	0.0208705
3.38198e-10	0.0208777
3.38244e-10	0.0208848
3.38291e-10	0.020892
3.38337e-10	0.0208991
3.38384e-10	0.0209062
3.3843e-10	0.0209134
3.38476e-10	0.0209205
3.38523e-10	0.0209276
3.38569e-10	0.0209348
3.38616e-10	0.0209419
3.38662e-10	0.020949
3.38708e-10	0.0209561
3.38755e-10	0.0209632
3.38801e-10	0.0209703
3.38848e-10	0.0209774
3.38894e-10	0.0209845
3.38941e-10	0.0209916
3.38987e-10	0.0209987
3.39033e-10	0.0210058
3.3908e-10	0.0210129
3.39126e-10	0.02102
3.39173e-10	0.0210271
3.39219e-10	0.0210341
3.39265e-10	0.0210412
3.39312e-10	0.0210483
3.39358e-10	0.0210553
3.39405e-10	0.0210624
3.39451e-10	0.0210695
3.39498e-10	0.0210765
3.39544e-10	0.0210836
3.3959e-10	0.0210906
3.39637e-10	0.0210976
3.39683e-10	0.0211047
3.3973e-10	0.0211117
3.39776e-10	0.0211187
3.39822e-10	0.0211258
3.39869e-10	0.0211328
3.39915e-10	0.0211398
3.39962e-10	0.0211468
3.40008e-10	0.0211538
3.40055e-10	0.0211608
3.40101e-10	0.0211679
3.40147e-10	0.0211749
3.40194e-10	0.0211818
3.4024e-10	0.0211888
3.40287e-10	0.0211958
3.40333e-10	0.0212028
3.40379e-10	0.0212098
3.40426e-10	0.0212168
3.40472e-10	0.0212237
3.40519e-10	0.0212307
3.40565e-10	0.0212377
3.40612e-10	0.0212446
3.40658e-10	0.0212516
3.40704e-10	0.0212586
3.40751e-10	0.0212655
3.40797e-10	0.0212725
3.40844e-10	0.0212794
3.4089e-10	0.0212863
3.40936e-10	0.0212933
3.40983e-10	0.0213002
3.41029e-10	0.0213071
3.41076e-10	0.0213141
3.41122e-10	0.021321
3.41169e-10	0.0213279
3.41215e-10	0.0213348
3.41261e-10	0.0213417
3.41308e-10	0.0213486
3.41354e-10	0.0213555
3.41401e-10	0.0213624
3.41447e-10	0.0213693
3.41494e-10	0.0213762
3.4154e-10	0.0213831
3.41586e-10	0.0213899
3.41633e-10	0.0213968
3.41679e-10	0.0214037
3.41726e-10	0.0214106
3.41772e-10	0.0214174
3.41818e-10	0.0214243
3.41865e-10	0.0214311
3.41911e-10	0.021438
3.41958e-10	0.0214448
3.42004e-10	0.0214517
3.42051e-10	0.0214585
3.42097e-10	0.0214654
3.42143e-10	0.0214722
3.4219e-10	0.021479
3.42236e-10	0.0214858
3.42283e-10	0.0214927
3.42329e-10	0.0214995
3.42375e-10	0.0215063
3.42422e-10	0.0215131
3.42468e-10	0.0215199
3.42515e-10	0.0215267
3.42561e-10	0.0215335
3.42608e-10	0.0215403
3.42654e-10	0.021547
3.427e-10	0.0215538
3.42747e-10	0.0215606
3.42793e-10	0.0215674
3.4284e-10	0.0215741
3.42886e-10	0.0215809
3.42932e-10	0.0215877
3.42979e-10	0.0215944
3.43025e-10	0.0216012
3.43072e-10	0.0216079
3.43118e-10	0.0216147
3.43165e-10	0.0216214
3.43211e-10	0.0216281
3.43257e-10	0.0216349
3.43304e-10	0.0216416
3.4335e-10	0.0216483
3.43397e-10	0.021655
3.43443e-10	0.0216617
3.43489e-10	0.0216684
3.43536e-10	0.0216751
3.43582e-10	0.0216818
3.43629e-10	0.0216885
3.43675e-10	0.0216952
3.43722e-10	0.0217019
3.43768e-10	0.0217086
3.43814e-10	0.0217153
3.43861e-10	0.0217219
3.43907e-10	0.0217286
3.43954e-10	0.0217353
3.44e-10	0.0217419
3.44046e-10	0.0217486
3.44093e-10	0.0217552
3.44139e-10	0.0217619
3.44186e-10	0.0217685
3.44232e-10	0.0217752
3.44279e-10	0.0217818
3.44325e-10	0.0217884
3.44371e-10	0.0217951
3.44418e-10	0.0218017
3.44464e-10	0.0218083
3.44511e-10	0.0218149
3.44557e-10	0.0218215
3.44603e-10	0.0218281
3.4465e-10	0.0218347
3.44696e-10	0.0218413
3.44743e-10	0.0218479
3.44789e-10	0.0218545
3.44836e-10	0.021861
3.44882e-10	0.0218676
3.44928e-10	0.0218742
3.44975e-10	0.0218807
3.45021e-10	0.0218873
3.45068e-10	0.0218939
3.45114e-10	0.0219004
3.4516e-10	0.021907
3.45207e-10	0.0219135
3.45253e-10	0.02192
3.453e-10	0.0219266
3.45346e-10	0.0219331
3.45393e-10	0.0219396
3.45439e-10	0.0219461
3.45485e-10	0.0219526
3.45532e-10	0.0219592
3.45578e-10	0.0219657
3.45625e-10	0.0219722
3.45671e-10	0.0219786
3.45717e-10	0.0219851
3.45764e-10	0.0219916
3.4581e-10	0.0219981
3.45857e-10	0.0220046
3.45903e-10	0.022011
3.4595e-10	0.0220175
3.45996e-10	0.022024
3.46042e-10	0.0220304
3.46089e-10	0.0220369
3.46135e-10	0.0220433
3.46182e-10	0.0220498
3.46228e-10	0.0220562
3.46275e-10	0.0220626
3.46321e-10	0.0220691
3.46367e-10	0.0220755
3.46414e-10	0.0220819
3.4646e-10	0.0220883
3.46507e-10	0.0220947
3.46553e-10	0.0221011
3.46599e-10	0.0221075
3.46646e-10	0.0221139
3.46692e-10	0.0221203
3.46739e-10	0.0221267
3.46785e-10	0.0221331
3.46832e-10	0.0221394
3.46878e-10	0.0221458
3.46924e-10	0.0221522
3.46971e-10	0.0221585
3.47017e-10	0.0221649
3.47064e-10	0.0221712
3.4711e-10	0.0221776
3.47156e-10	0.0221839
3.47203e-10	0.0221902
3.47249e-10	0.0221966
3.47296e-10	0.0222029
3.47342e-10	0.0222092
3.47389e-10	0.0222155
3.47435e-10	0.0222218
3.47481e-10	0.0222281
3.47528e-10	0.0222344
3.47574e-10	0.0222407
3.47621e-10	0.022247
3.47667e-10	0.0222533
3.47713e-10	0.0222596
3.4776e-10	0.0222658
3.47806e-10	0.0222721
3.47853e-10	0.0222784
3.47899e-10	0.0222846
3.47946e-10	0.0222909
3.47992e-10	0.0222971
3.48038e-10	0.0223034
3.48085e-10	0.0223096
3.48131e-10	0.0223158
3.48178e-10	0.0223221
3.48224e-10	0.0223283
3.4827e-10	0.0223345
3.48317e-10	0.0223407
3.48363e-10	0.0223469
3.4841e-10	0.0223531
3.48456e-10	0.0223593
3.48503e-10	0.0223655
3.48549e-10	0.0223717
3.48595e-10	0.0223779
3.48642e-10	0.022384
3.48688e-10	0.0223902
3.48735e-10	0.0223964
3.48781e-10	0.0224025
3.48827e-10	0.0224087
3.48874e-10	0.0224148
3.4892e-10	0.022421
3.48967e-10	0.0224271
3.49013e-10	0.0224332
3.4906e-10	0.0224394
3.49106e-10	0.0224455
3.49152e-10	0.0224516
3.49199e-10	0.0224577
3.49245e-10	0.0224638
3.49292e-10	0.0224699
3.49338e-10	0.022476
3.49384e-10	0.0224821
3.49431e-10	0.0224882
3.49477e-10	0.0224942
3.49524e-10	0.0225003
3.4957e-10	0.0225064
3.49617e-10	0.0225124
3.49663e-10	0.0225185
3.49709e-10	0.0225246
3.49756e-10	0.0225306
3.49802e-10	0.0225366
3.49849e-10	0.0225427
3.49895e-10	0.0225487
3.49941e-10	0.0225547
3.49988e-10	0.0225607
3.50034e-10	0.0225667
3.50081e-10	0.0225728
3.50127e-10	0.0225788
3.50174e-10	0.0225847
3.5022e-10	0.0225907
3.50266e-10	0.0225967
3.50313e-10	0.0226027
3.50359e-10	0.0226087
3.50406e-10	0.0226146
3.50452e-10	0.0226206
3.50499e-10	0.0226265
3.50545e-10	0.0226325
3.50591e-10	0.0226384
3.50638e-10	0.0226444
3.50684e-10	0.0226503
3.50731e-10	0.0226562
3.50777e-10	0.0226622
3.50823e-10	0.0226681
3.5087e-10	0.022674
3.50916e-10	0.0226799
3.50963e-10	0.0226858
3.51009e-10	0.0226917
3.51056e-10	0.0226976
3.51102e-10	0.0227035
3.51148e-10	0.0227093
3.51195e-10	0.0227152
3.51241e-10	0.0227211
3.51288e-10	0.0227269
3.51334e-10	0.0227328
3.5138e-10	0.0227386
3.51427e-10	0.0227445
3.51473e-10	0.0227503
3.5152e-10	0.0227561
3.51566e-10	0.0227619
3.51613e-10	0.0227678
3.51659e-10	0.0227736
3.51705e-10	0.0227794
3.51752e-10	0.0227852
3.51798e-10	0.022791
3.51845e-10	0.0227968
3.51891e-10	0.0228025
3.51937e-10	0.0228083
3.51984e-10	0.0228141
3.5203e-10	0.0228199
3.52077e-10	0.0228256
3.52123e-10	0.0228314
3.5217e-10	0.0228371
3.52216e-10	0.0228429
3.52262e-10	0.0228486
3.52309e-10	0.0228543
3.52355e-10	0.02286
3.52402e-10	0.0228658
3.52448e-10	0.0228715
3.52494e-10	0.0228772
3.52541e-10	0.0228829
3.52587e-10	0.0228886
3.52634e-10	0.0228942
3.5268e-10	0.0228999
3.52727e-10	0.0229056
3.52773e-10	0.0229113
3.52819e-10	0.0229169
3.52866e-10	0.0229226
3.52912e-10	0.0229282
3.52959e-10	0.0229339
3.53005e-10	0.0229395
3.53051e-10	0.0229452
3.53098e-10	0.0229508
3.53144e-10	0.0229564
3.53191e-10	0.022962
3.53237e-10	0.0229676
3.53284e-10	0.0229732
3.5333e-10	0.0229788
3.53376e-10	0.0229844
3.53423e-10	0.02299
3.53469e-10	0.0229956
3.53516e-10	0.0230011
3.53562e-10	0.0230067
3.53608e-10	0.0230123
3.53655e-10	0.0230178
3.53701e-10	0.0230233
3.53748e-10	0.0230289
3.53794e-10	0.0230344
3.53841e-10	0.0230399
3.53887e-10	0.0230455
3.53933e-10	0.023051
3.5398e-10	0.0230565
3.54026e-10	0.023062
3.54073e-10	0.0230675
3.54119e-10	0.023073
3.54165e-10	0.0230784
3.54212e-10	0.0230839
3.54258e-10	0.0230894
3.54305e-10	0.0230949
3.54351e-10	0.0231003
3.54398e-10	0.0231058
3.54444e-10	0.0231112
3.5449e-10	0.0231166
3.54537e-10	0.0231221
3.54583e-10	0.0231275
3.5463e-10	0.0231329
3.54676e-10	0.0231383
3.54722e-10	0.0231437
3.54769e-10	0.0231491
3.54815e-10	0.0231545
3.54862e-10	0.0231599
3.54908e-10	0.0231653
3.54955e-10	0.0231707
3.55001e-10	0.023176
3.55047e-10	0.0231814
3.55094e-10	0.0231867
3.5514e-10	0.0231921
3.55187e-10	0.0231974
3.55233e-10	0.0232028
3.5528e-10	0.0232081
3.55326e-10	0.0232134
3.55372e-10	0.0232187
3.55419e-10	0.023224
3.55465e-10	0.0232293
3.55512e-10	0.0232346
3.55558e-10	0.0232399
3.55604e-10	0.0232452
3.55651e-10	0.0232505
3.55697e-10	0.0232557
3.55744e-10	0.023261
3.5579e-10	0.0232662
3.55837e-10	0.0232715
3.55883e-10	0.0232767
3.55929e-10	0.023282
3.55976e-10	0.0232872
3.56022e-10	0.0232924
3.56069e-10	0.0232976
3.56115e-10	0.0233028
3.56161e-10	0.023308
3.56208e-10	0.0233132
3.56254e-10	0.0233184
3.56301e-10	0.0233236
3.56347e-10	0.0233288
3.56394e-10	0.0233339
3.5644e-10	0.0233391
3.56486e-10	0.0233442
3.56533e-10	0.0233494
3.56579e-10	0.0233545
3.56626e-10	0.0233597
3.56672e-10	0.0233648
3.56718e-10	0.0233699
3.56765e-10	0.023375
3.56811e-10	0.0233801
3.56858e-10	0.0233852
3.56904e-10	0.0233903
3.56951e-10	0.0233954
3.56997e-10	0.0234005
3.57043e-10	0.0234055
3.5709e-10	0.0234106
3.57136e-10	0.0234156
3.57183e-10	0.0234207
3.57229e-10	0.0234257
3.57275e-10	0.0234308
3.57322e-10	0.0234358
3.57368e-10	0.0234408
3.57415e-10	0.0234458
3.57461e-10	0.0234508
3.57508e-10	0.0234558
3.57554e-10	0.0234608
3.576e-10	0.0234658
3.57647e-10	0.0234708
3.57693e-10	0.0234758
3.5774e-10	0.0234807
3.57786e-10	0.0234857
3.57832e-10	0.0234906
3.57879e-10	0.0234956
3.57925e-10	0.0235005
3.57972e-10	0.0235054
3.58018e-10	0.0235104
3.58065e-10	0.0235153
3.58111e-10	0.0235202
3.58157e-10	0.0235251
3.58204e-10	0.02353
3.5825e-10	0.0235349
3.58297e-10	0.0235398
3.58343e-10	0.0235446
3.58389e-10	0.0235495
3.58436e-10	0.0235543
3.58482e-10	0.0235592
3.58529e-10	0.023564
3.58575e-10	0.0235689
3.58622e-10	0.0235737
3.58668e-10	0.0235785
3.58714e-10	0.0235833
3.58761e-10	0.0235881
3.58807e-10	0.0235929
3.58854e-10	0.0235977
3.589e-10	0.0236025
3.58946e-10	0.0236073
3.58993e-10	0.0236121
3.59039e-10	0.0236168
3.59086e-10	0.0236216
3.59132e-10	0.0236263
3.59179e-10	0.0236311
3.59225e-10	0.0236358
3.59271e-10	0.0236405
3.59318e-10	0.0236452
3.59364e-10	0.02365
3.59411e-10	0.0236547
3.59457e-10	0.0236593
3.59503e-10	0.023664
3.5955e-10	0.0236687
3.59596e-10	0.0236734
3.59643e-10	0.0236781
3.59689e-10	0.0236827
3.59736e-10	0.0236874
3.59782e-10	0.023692
3.59828e-10	0.0236966
3.59875e-10	0.0237013
3.59921e-10	0.0237059
3.59968e-10	0.0237105
3.60014e-10	0.0237151
3.60061e-10	0.0237197
3.60107e-10	0.0237243
3.60153e-10	0.0237289
3.602e-10	0.0237335
3.60246e-10	0.023738
3.60293e-10	0.0237426
3.60339e-10	0.0237471
3.60385e-10	0.0237517
3.60432e-10	0.0237562
3.60478e-10	0.0237607
3.60525e-10	0.0237653
3.60571e-10	0.0237698
3.60618e-10	0.0237743
3.60664e-10	0.0237788
3.6071e-10	0.0237833
3.60757e-10	0.0237878
3.60803e-10	0.0237922
3.6085e-10	0.0237967
3.60896e-10	0.0238012
3.60942e-10	0.0238056
3.60989e-10	0.0238101
3.61035e-10	0.0238145
3.61082e-10	0.0238189
3.61128e-10	0.0238233
3.61175e-10	0.0238278
3.61221e-10	0.0238322
3.61267e-10	0.0238366
3.61314e-10	0.0238409
3.6136e-10	0.0238453
3.61407e-10	0.0238497
3.61453e-10	0.0238541
3.61499e-10	0.0238584
3.61546e-10	0.0238628
3.61592e-10	0.0238671
3.61639e-10	0.0238714
3.61685e-10	0.0238758
3.61732e-10	0.0238801
3.61778e-10	0.0238844
3.61824e-10	0.0238887
3.61871e-10	0.023893
3.61917e-10	0.0238973
3.61964e-10	0.0239016
3.6201e-10	0.0239058
3.62056e-10	0.0239101
3.62103e-10	0.0239144
3.62149e-10	0.0239186
3.62196e-10	0.0239228
3.62242e-10	0.0239271
3.62289e-10	0.0239313
3.62335e-10	0.0239355
3.62381e-10	0.0239397
3.62428e-10	0.0239439
3.62474e-10	0.0239481
3.62521e-10	0.0239523
3.62567e-10	0.0239565
3.62613e-10	0.0239606
3.6266e-10	0.0239648
3.62706e-10	0.0239689
3.62753e-10	0.0239731
3.62799e-10	0.0239772
3.62846e-10	0.0239813
3.62892e-10	0.0239854
3.62938e-10	0.0239895
3.62985e-10	0.0239936
3.63031e-10	0.0239977
3.63078e-10	0.0240018
3.63124e-10	0.0240059
3.6317e-10	0.02401
3.63217e-10	0.024014
3.63263e-10	0.0240181
3.6331e-10	0.0240221
3.63356e-10	0.0240262
3.63403e-10	0.0240302
3.63449e-10	0.0240342
3.63495e-10	0.0240382
3.63542e-10	0.0240422
3.63588e-10	0.0240462
3.63635e-10	0.0240502
3.63681e-10	0.0240542
3.63727e-10	0.0240581
3.63774e-10	0.0240621
3.6382e-10	0.024066
3.63867e-10	0.02407
3.63913e-10	0.0240739
3.6396e-10	0.0240778
3.64006e-10	0.0240817
3.64052e-10	0.0240857
3.64099e-10	0.0240896
3.64145e-10	0.0240934
3.64192e-10	0.0240973
3.64238e-10	0.0241012
3.64284e-10	0.0241051
3.64331e-10	0.0241089
3.64377e-10	0.0241128
3.64424e-10	0.0241166
3.6447e-10	0.0241204
3.64517e-10	0.0241243
3.64563e-10	0.0241281
3.64609e-10	0.0241319
3.64656e-10	0.0241357
3.64702e-10	0.0241395
3.64749e-10	0.0241433
3.64795e-10	0.024147
3.64842e-10	0.0241508
3.64888e-10	0.0241545
3.64934e-10	0.0241583
3.64981e-10	0.024162
3.65027e-10	0.0241658
3.65074e-10	0.0241695
3.6512e-10	0.0241732
3.65166e-10	0.0241769
3.65213e-10	0.0241806
3.65259e-10	0.0241843
3.65306e-10	0.0241879
3.65352e-10	0.0241916
3.65399e-10	0.0241953
3.65445e-10	0.0241989
3.65491e-10	0.0242026
3.65538e-10	0.0242062
3.65584e-10	0.0242098
3.65631e-10	0.0242134
3.65677e-10	0.024217
3.65723e-10	0.0242206
3.6577e-10	0.0242242
3.65816e-10	0.0242278
3.65863e-10	0.0242314
3.65909e-10	0.0242349
3.65956e-10	0.0242385
3.66002e-10	0.024242
3.66048e-10	0.0242456
3.66095e-10	0.0242491
3.66141e-10	0.0242526
3.66188e-10	0.0242561
3.66234e-10	0.0242596
3.6628e-10	0.0242631
3.66327e-10	0.0242666
3.66373e-10	0.0242701
3.6642e-10	0.0242735
3.66466e-10	0.024277
3.66513e-10	0.0242804
3.66559e-10	0.0242838
3.66605e-10	0.0242873
3.66652e-10	0.0242907
3.66698e-10	0.0242941
3.66745e-10	0.0242975
3.66791e-10	0.0243009
3.66837e-10	0.0243043
3.66884e-10	0.0243076
3.6693e-10	0.024311
3.66977e-10	0.0243144
3.67023e-10	0.0243177
3.6707e-10	0.024321
3.67116e-10	0.0243244
3.67162e-10	0.0243277
3.67209e-10	0.024331
3.67255e-10	0.0243343
3.67302e-10	0.0243376
3.67348e-10	0.0243409
3.67394e-10	0.0243441
3.67441e-10	0.0243474
3.67487e-10	0.0243507
3.67534e-10	0.0243539
3.6758e-10	0.0243571
3.67627e-10	0.0243604
3.67673e-10	0.0243636
3.67719e-10	0.0243668
3.67766e-10	0.02437
3.67812e-10	0.0243732
3.67859e-10	0.0243763
3.67905e-10	0.0243795
3.67951e-10	0.0243827
3.67998e-10	0.0243858
3.68044e-10	0.024389
3.68091e-10	0.0243921
3.68137e-10	0.0243952
3.68184e-10	0.0243983
3.6823e-10	0.0244014
3.68276e-10	0.0244045
3.68323e-10	0.0244076
3.68369e-10	0.0244107
3.68416e-10	0.0244138
3.68462e-10	0.0244168
3.68508e-10	0.0244199
3.68555e-10	0.0244229
3.68601e-10	0.0244259
3.68648e-10	0.0244289
3.68694e-10	0.024432
3.68741e-10	0.024435
3.68787e-10	0.0244379
3.68833e-10	0.0244409
3.6888e-10	0.0244439
3.68926e-10	0.0244469
3.68973e-10	0.0244498
3.69019e-10	0.0244527
3.69065e-10	0.0244557
3.69112e-10	0.0244586
3.69158e-10	0.0244615
3.69205e-10	0.0244644
3.69251e-10	0.0244673
3.69298e-10	0.0244702
3.69344e-10	0.0244731
3.6939e-10	0.0244759
3.69437e-10	0.0244788
3.69483e-10	0.0244816
3.6953e-10	0.0244845
3.69576e-10	0.0244873
3.69623e-10	0.0244901
3.69669e-10	0.0244929
3.69715e-10	0.0244957
3.69762e-10	0.0244985
3.69808e-10	0.0245013
3.69855e-10	0.024504
3.69901e-10	0.0245068
3.69947e-10	0.0245096
3.69994e-10	0.0245123
3.7004e-10	0.024515
3.70087e-10	0.0245177
3.70133e-10	0.0245204
3.7018e-10	0.0245231
3.70226e-10	0.0245258
3.70272e-10	0.0245285
3.70319e-10	0.0245312
3.70365e-10	0.0245338
3.70412e-10	0.0245365
3.70458e-10	0.0245391
3.70504e-10	0.0245418
3.70551e-10	0.0245444
3.70597e-10	0.024547
3.70644e-10	0.0245496
3.7069e-10	0.0245522
3.70737e-10	0.0245547
3.70783e-10	0.0245573
3.70829e-10	0.0245599
3.70876e-10	0.0245624
3.70922e-10	0.024565
3.70969e-10	0.0245675
3.71015e-10	0.02457
3.71061e-10	0.0245725
3.71108e-10	0.024575
3.71154e-10	0.0245775
3.71201e-10	0.02458
3.71247e-10	0.0245825
3.71294e-10	0.0245849
3.7134e-10	0.0245874
3.71386e-10	0.0245898
3.71433e-10	0.0245922
3.71479e-10	0.0245946
3.71526e-10	0.024597
3.71572e-10	0.0245994
3.71618e-10	0.0246018
3.71665e-10	0.0246042
3.71711e-10	0.0246066
3.71758e-10	0.0246089
3.71804e-10	0.0246113
3.71851e-10	0.0246136
3.71897e-10	0.0246159
3.71943e-10	0.0246182
3.7199e-10	0.0246206
3.72036e-10	0.0246228
3.72083e-10	0.0246251
3.72129e-10	0.0246274
3.72175e-10	0.0246297
3.72222e-10	0.0246319
3.72268e-10	0.0246342
3.72315e-10	0.0246364
3.72361e-10	0.0246386
3.72408e-10	0.0246408
3.72454e-10	0.024643
3.725e-10	0.0246452
3.72547e-10	0.0246474
3.72593e-10	0.0246496
3.7264e-10	0.0246517
3.72686e-10	0.0246539
3.72732e-10	0.024656
3.72779e-10	0.0246581
3.72825e-10	0.0246603
3.72872e-10	0.0246624
3.72918e-10	0.0246645
3.72965e-10	0.0246665
3.73011e-10	0.0246686
3.73057e-10	0.0246707
3.73104e-10	0.0246727
3.7315e-10	0.0246748
3.73197e-10	0.0246768
3.73243e-10	0.0246788
3.73289e-10	0.0246808
3.73336e-10	0.0246828
3.73382e-10	0.0246848
3.73429e-10	0.0246868
3.73475e-10	0.0246888
3.73522e-10	0.0246907
3.73568e-10	0.0246927
3.73614e-10	0.0246946
3.73661e-10	0.0246965
3.73707e-10	0.0246985
3.73754e-10	0.0247004
3.738e-10	0.0247023
3.73847e-10	0.0247041
3.73893e-10	0.024706
3.73939e-10	0.0247079
3.73986e-10	0.0247097
3.74032e-10	0.0247116
3.74079e-10	0.0247134
3.74125e-10	0.0247152
3.74171e-10	0.024717
3.74218e-10	0.0247188
3.74264e-10	0.0247206
3.74311e-10	0.0247224
3.74357e-10	0.0247241
3.74404e-10	0.0247259
3.7445e-10	0.0247276
3.74496e-10	0.0247294
3.74543e-10	0.0247311
3.74589e-10	0.0247328
3.74636e-10	0.0247345
3.74682e-10	0.0247362
3.74728e-10	0.0247378
3.74775e-10	0.0247395
3.74821e-10	0.0247412
3.74868e-10	0.0247428
3.74914e-10	0.0247444
3.74961e-10	0.0247461
3.75007e-10	0.0247477
3.75053e-10	0.0247493
3.751e-10	0.0247508
3.75146e-10	0.0247524
3.75193e-10	0.024754
3.75239e-10	0.0247555
3.75285e-10	0.0247571
3.75332e-10	0.0247586
3.75378e-10	0.0247601
3.75425e-10	0.0247616
3.75471e-10	0.0247631
3.75518e-10	0.0247646
3.75564e-10	0.0247661
3.7561e-10	0.0247676
3.75657e-10	0.024769
3.75703e-10	0.0247705
3.7575e-10	0.0247719
3.75796e-10	0.0247733
3.75842e-10	0.0247747
3.75889e-10	0.0247761
3.75935e-10	0.0247775
3.75982e-10	0.0247789
3.76028e-10	0.0247802
3.76075e-10	0.0247816
3.76121e-10	0.0247829
3.76167e-10	0.0247843
3.76214e-10	0.0247856
3.7626e-10	0.0247869
3.76307e-10	0.0247882
3.76353e-10	0.0247895
3.76399e-10	0.0247907
3.76446e-10	0.024792
3.76492e-10	0.0247933
3.76539e-10	0.0247945
3.76585e-10	0.0247957
3.76632e-10	0.0247969
3.76678e-10	0.0247981
3.76724e-10	0.0247993
3.76771e-10	0.0248005
3.76817e-10	0.0248017
3.76864e-10	0.0248028
3.7691e-10	0.024804
3.76956e-10	0.0248051
3.77003e-10	0.0248062
3.77049e-10	0.0248073
3.77096e-10	0.0248084
3.77142e-10	0.0248095
3.77189e-10	0.0248106
3.77235e-10	0.0248117
3.77281e-10	0.0248127
3.77328e-10	0.0248138
3.77374e-10	0.0248148
3.77421e-10	0.0248158
3.77467e-10	0.0248168
3.77513e-10	0.0248178
3.7756e-10	0.0248188
3.77606e-10	0.0248198
3.77653e-10	0.0248207
3.77699e-10	0.0248217
3.77746e-10	0.0248226
3.77792e-10	0.0248235
3.77838e-10	0.0248245
3.77885e-10	0.0248254
3.77931e-10	0.0248262
3.77978e-10	0.0248271
3.78024e-10	0.024828
3.7807e-10	0.0248288
3.78117e-10	0.0248297
3.78163e-10	0.0248305
3.7821e-10	0.0248313
3.78256e-10	0.0248321
3.78303e-10	0.0248329
3.78349e-10	0.0248337
3.78395e-10	0.0248345
3.78442e-10	0.0248352
3.78488e-10	0.024836
3.78535e-10	0.0248367
3.78581e-10	0.0248374
3.78628e-10	0.0248382
3.78674e-10	0.0248389
3.7872e-10	0.0248395
3.78767e-10	0.0248402
3.78813e-10	0.0248409
3.7886e-10	0.0248415
3.78906e-10	0.0248422
3.78952e-10	0.0248428
3.78999e-10	0.0248434
3.79045e-10	0.024844
3.79092e-10	0.0248446
3.79138e-10	0.0248452
3.79185e-10	0.0248457
3.79231e-10	0.0248463
3.79277e-10	0.0248468
3.79324e-10	0.0248474
3.7937e-10	0.0248479
3.79417e-10	0.0248484
3.79463e-10	0.0248489
3.79509e-10	0.0248494
3.79556e-10	0.0248498
3.79602e-10	0.0248503
3.79649e-10	0.0248507
3.79695e-10	0.0248512
3.79742e-10	0.0248516
3.79788e-10	0.024852
3.79834e-10	0.0248524
3.79881e-10	0.0248528
3.79927e-10	0.0248531
3.79974e-10	0.0248535
3.8002e-10	0.0248538
3.80066e-10	0.0248542
3.80113e-10	0.0248545
3.80159e-10	0.0248548
3.80206e-10	0.0248551
3.80252e-10	0.0248554
3.80299e-10	0.0248557
3.80345e-10	0.0248559
3.80391e-10	0.0248562
3.80438e-10	0.0248564
3.80484e-10	0.0248566
3.80531e-10	0.0248568
3.80577e-10	0.024857
3.80623e-10	0.0248572
3.8067e-10	0.0248574
3.80716e-10	0.0248575
3.80763e-10	0.0248577
3.80809e-10	0.0248578
3.80856e-10	0.0248579
3.80902e-10	0.0248581
3.80948e-10	0.0248581
3.80995e-10	0.0248582
3.81041e-10	0.0248583
3.81088e-10	0.0248584
3.81134e-10	0.0248584
3.8118e-10	0.0248584
3.81227e-10	0.0248585
3.81273e-10	0.0248585
3.8132e-10	0.0248585
3.81366e-10	0.0248584
3.81413e-10	0.0248584
3.81459e-10	0.0248584
3.81505e-10	0.0248583
3.81552e-10	0.0248582
3.81598e-10	0.0248582
3.81645e-10	0.0248581
3.81691e-10	0.024858
3.81737e-10	0.0248578
3.81784e-10	0.0248577
3.8183e-10	0.0248576
3.81877e-10	0.0248574
3.81923e-10	0.0248572
3.8197e-10	0.0248571
3.82016e-10	0.0248569
3.82062e-10	0.0248566
3.82109e-10	0.0248564
3.82155e-10	0.0248562
3.82202e-10	0.0248559
3.82248e-10	0.0248557
3.82294e-10	0.0248554
3.82341e-10	0.0248551
3.82387e-10	0.0248548
3.82434e-10	0.0248545
3.8248e-10	0.0248542
3.82527e-10	0.0248538
3.82573e-10	0.0248535
3.82619e-10	0.0248531
3.82666e-10	0.0248527
3.82712e-10	0.0248524
3.82759e-10	0.024852
3.82805e-10	0.0248515
3.82851e-10	0.0248511
3.82898e-10	0.0248507
3.82944e-10	0.0248502
3.82991e-10	0.0248497
3.83037e-10	0.0248493
3.83084e-10	0.0248488
3.8313e-10	0.0248483
3.83176e-10	0.0248477
3.83223e-10	0.0248472
3.83269e-10	0.0248466
3.83316e-10	0.0248461
3.83362e-10	0.0248455
3.83409e-10	0.0248449
3.83455e-10	0.0248443
3.83501e-10	0.0248437
3.83548e-10	0.0248431
3.83594e-10	0.0248424
3.83641e-10	0.0248418
3.83687e-10	0.0248411
3.83733e-10	0.0248404
3.8378e-10	0.0248397
3.83826e-10	0.024839
3.83873e-10	0.0248383
3.83919e-10	0.0248376
3.83966e-10	0.0248368
3.84012e-10	0.0248361
3.84058e-10	0.0248353
3.84105e-10	0.0248345
3.84151e-10	0.0248337
3.84198e-10	0.0248329
3.84244e-10	0.0248321
3.8429e-10	0.0248312
3.84337e-10	0.0248304
3.84383e-10	0.0248295
3.8443e-10	0.0248286
3.84476e-10	0.0248277
3.84523e-10	0.0248268
3.84569e-10	0.0248259
3.84615e-10	0.0248249
3.84662e-10	0.024824
3.84708e-10	0.024823
3.84755e-10	0.024822
3.84801e-10	0.0248211
3.84847e-10	0.0248201
3.84894e-10	0.024819
3.8494e-10	0.024818
3.84987e-10	0.024817
3.85033e-10	0.0248159
3.8508e-10	0.0248148
3.85126e-10	0.0248137
3.85172e-10	0.0248126
3.85219e-10	0.0248115
3.85265e-10	0.0248104
3.85312e-10	0.0248093
3.85358e-10	0.0248081
3.85404e-10	0.0248069
3.85451e-10	0.0248057
3.85497e-10	0.0248045
3.85544e-10	0.0248033
3.8559e-10	0.0248021
3.85637e-10	0.0248009
3.85683e-10	0.0247996
3.85729e-10	0.0247984
3.85776e-10	0.0247971
3.85822e-10	0.0247958
3.85869e-10	0.0247945
3.85915e-10	0.0247932
3.85961e-10	0.0247918
3.86008e-10	0.0247905
3.86054e-10	0.0247891
3.86101e-10	0.0247877
3.86147e-10	0.0247863
3.86194e-10	0.0247849
3.8624e-10	0.0247835
3.86286e-10	0.0247821
3.86333e-10	0.0247806
3.86379e-10	0.0247792
3.86426e-10	0.0247777
3.86472e-10	0.0247762
3.86518e-10	0.0247747
3.86565e-10	0.0247732
3.86611e-10	0.0247717
3.86658e-10	0.0247701
3.86704e-10	0.0247686
3.86751e-10	0.024767
3.86797e-10	0.0247654
3.86843e-10	0.0247638
3.8689e-10	0.0247622
3.86936e-10	0.0247605
3.86983e-10	0.0247589
3.87029e-10	0.0247572
3.87075e-10	0.0247556
3.87122e-10	0.0247539
3.87168e-10	0.0247522
3.87215e-10	0.0247505
3.87261e-10	0.0247487
3.87308e-10	0.024747
3.87354e-10	0.0247452
3.874e-10	0.0247434
3.87447e-10	0.0247417
3.87493e-10	0.0247399
3.8754e-10	0.024738
3.87586e-10	0.0247362
3.87632e-10	0.0247344
3.87679e-10	0.0247325
3.87725e-10	0.0247306
3.87772e-10	0.0247287
3.87818e-10	0.0247268
3.87865e-10	0.0247249
3.87911e-10	0.024723
3.87957e-10	0.024721
3.88004e-10	0.0247191
3.8805e-10	0.0247171
3.88097e-10	0.0247151
3.88143e-10	0.0247131
3.8819e-10	0.0247111
3.88236e-10	0.0247091
3.88282e-10	0.024707
3.88329e-10	0.024705
3.88375e-10	0.0247029
3.88422e-10	0.0247008
3.88468e-10	0.0246987
3.88514e-10	0.0246966
3.88561e-10	0.0246944
3.88607e-10	0.0246923
3.88654e-10	0.0246901
3.887e-10	0.0246879
3.88747e-10	0.0246857
3.88793e-10	0.0246835
3.88839e-10	0.0246813
3.88886e-10	0.0246791
3.88932e-10	0.0246768
3.88979e-10	0.0246745
3.89025e-10	0.0246723
3.89071e-10	0.02467
3.89118e-10	0.0246677
3.89164e-10	0.0246653
3.89211e-10	0.024663
3.89257e-10	0.0246606
3.89304e-10	0.0246583
3.8935e-10	0.0246559
3.89396e-10	0.0246535
3.89443e-10	0.0246511
3.89489e-10	0.0246486
3.89536e-10	0.0246462
3.89582e-10	0.0246437
3.89628e-10	0.0246412
3.89675e-10	0.0246388
3.89721e-10	0.0246362
3.89768e-10	0.0246337
3.89814e-10	0.0246312
3.89861e-10	0.0246286
3.89907e-10	0.0246261
3.89953e-10	0.0246235
3.9e-10	0.0246209
3.90046e-10	0.0246183
3.90093e-10	0.0246157
3.90139e-10	0.024613
3.90185e-10	0.0246104
3.90232e-10	0.0246077
3.90278e-10	0.024605
3.90325e-10	0.0246023
3.90371e-10	0.0245996
3.90418e-10	0.0245969
3.90464e-10	0.0245941
3.9051e-10	0.0245914
3.90557e-10	0.0245886
3.90603e-10	0.0245858
3.9065e-10	0.024583
3.90696e-10	0.0245802
3.90742e-10	0.0245773
3.90789e-10	0.0245745
3.90835e-10	0.0245716
3.90882e-10	0.0245687
3.90928e-10	0.0245658
3.90975e-10	0.0245629
3.91021e-10	0.02456
3.91067e-10	0.024557
3.91114e-10	0.0245541
3.9116e-10	0.0245511
3.91207e-10	0.0245481
3.91253e-10	0.0245451
3.91299e-10	0.0245421
3.91346e-10	0.024539
3.91392e-10	0.024536
3.91439e-10	0.0245329
3.91485e-10	0.0245298
3.91532e-10	0.0245267
3.91578e-10	0.0245236
3.91624e-10	0.0245205
3.91671e-10	0.0245173
3.91717e-10	0.0245142
3.91764e-10	0.024511
3.9181e-10	0.0245078
3.91856e-10	0.0245046
3.91903e-10	0.0245014
3.91949e-10	0.0244981
3.91996e-10	0.0244949
3.92042e-10	0.0244916
3.92089e-10	0.0244883
3.92135e-10	0.024485
3.92181e-10	0.0244817
3.92228e-10	0.0244784
3.92274e-10	0.024475
3.92321e-10	0.0244717
3.92367e-10	0.0244683
3.92413e-10	0.0244649
3.9246e-10	0.0244615
3.92506e-10	0.0244581
3.92553e-10	0.0244546
3.92599e-10	0.0244511
3.92646e-10	0.0244477
3.92692e-10	0.0244442
3.92738e-10	0.0244407
3.92785e-10	0.0244372
3.92831e-10	0.0244336
3.92878e-10	0.0244301
3.92924e-10	0.0244265
3.92971e-10	0.0244229
3.93017e-10	0.0244193
3.93063e-10	0.0244157
3.9311e-10	0.0244121
3.93156e-10	0.0244084
3.93203e-10	0.0244047
3.93249e-10	0.0244011
3.93295e-10	0.0243974
3.93342e-10	0.0243937
3.93388e-10	0.0243899
3.93435e-10	0.0243862
3.93481e-10	0.0243824
3.93528e-10	0.0243786
3.93574e-10	0.0243749
3.9362e-10	0.024371
3.93667e-10	0.0243672
3.93713e-10	0.0243634
3.9376e-10	0.0243595
3.93806e-10	0.0243557
3.93852e-10	0.0243518
3.93899e-10	0.0243479
3.93945e-10	0.0243439
3.93992e-10	0.02434
3.94038e-10	0.024336
3.94085e-10	0.0243321
3.94131e-10	0.0243281
3.94177e-10	0.0243241
3.94224e-10	0.0243201
3.9427e-10	0.024316
3.94317e-10	0.024312
3.94363e-10	0.0243079
3.94409e-10	0.0243038
3.94456e-10	0.0242997
3.94502e-10	0.0242956
3.94549e-10	0.0242915
3.94595e-10	0.0242873
3.94642e-10	0.0242832
3.94688e-10	0.024279
3.94734e-10	0.0242748
3.94781e-10	0.0242706
3.94827e-10	0.0242663
3.94874e-10	0.0242621
3.9492e-10	0.0242578
3.94966e-10	0.0242536
3.95013e-10	0.0242493
3.95059e-10	0.0242449
3.95106e-10	0.0242406
3.95152e-10	0.0242363
3.95199e-10	0.0242319
3.95245e-10	0.0242275
3.95291e-10	0.0242231
3.95338e-10	0.0242187
3.95384e-10	0.0242143
3.95431e-10	0.0242098
3.95477e-10	0.0242054
3.95523e-10	0.0242009
3.9557e-10	0.0241964
3.95616e-10	0.0241919
3.95663e-10	0.0241874
3.95709e-10	0.0241828
3.95756e-10	0.0241783
3.95802e-10	0.0241737
3.95848e-10	0.0241691
3.95895e-10	0.0241645
3.95941e-10	0.0241598
3.95988e-10	0.0241552
3.96034e-10	0.0241505
3.9608e-10	0.0241459
3.96127e-10	0.0241412
3.96173e-10	0.0241365
3.9622e-10	0.0241317
3.96266e-10	0.024127
3.96313e-10	0.0241222
3.96359e-10	0.0241174
3.96405e-10	0.0241126
3.96452e-10	0.0241078
3.96498e-10	0.024103
3.96545e-10	0.0240981
3.96591e-10	0.0240933
3.96637e-10	0.0240884
3.96684e-10	0.0240835
3.9673e-10	0.0240786
3.96777e-10	0.0240737
3.96823e-10	0.0240687
3.9687e-10	0.0240637
3.96916e-10	0.0240588
3.96962e-10	0.0240538
3.97009e-10	0.0240487
3.97055e-10	0.0240437
3.97102e-10	0.0240387
3.97148e-10	0.0240336
3.97194e-10	0.0240285
3.97241e-10	0.0240234
3.97287e-10	0.0240183
3.97334e-10	0.0240131
3.9738e-10	0.024008
3.97427e-10	0.0240028
3.97473e-10	0.0239976
3.97519e-10	0.0239924
3.97566e-10	0.0239872
3.97612e-10	0.023982
3.97659e-10	0.0239767
3.97705e-10	0.0239714
3.97752e-10	0.0239661
3.97798e-10	0.0239608
3.97844e-10	0.0239555
3.97891e-10	0.0239502
3.97937e-10	0.0239448
3.97984e-10	0.0239394
3.9803e-10	0.023934
3.98076e-10	0.0239286
3.98123e-10	0.0239232
3.98169e-10	0.0239177
3.98216e-10	0.0239123
3.98262e-10	0.0239068
3.98309e-10	0.0239013
3.98355e-10	0.0238958
3.98401e-10	0.0238902
3.98448e-10	0.0238847
3.98494e-10	0.0238791
3.98541e-10	0.0238735
3.98587e-10	0.0238679
3.98633e-10	0.0238623
3.9868e-10	0.0238567
3.98726e-10	0.023851
3.98773e-10	0.0238453
3.98819e-10	0.0238396
3.98866e-10	0.0238339
3.98912e-10	0.0238282
3.98958e-10	0.0238225
3.99005e-10	0.0238167
3.99051e-10	0.0238109
3.99098e-10	0.0238051
3.99144e-10	0.0237993
3.9919e-10	0.0237935
3.99237e-10	0.0237876
3.99283e-10	0.0237818
3.9933e-10	0.0237759
3.99376e-10	0.02377
3.99423e-10	0.023764
3.99469e-10	0.0237581
3.99515e-10	0.0237522
3.99562e-10	0.0237462
3.99608e-10	0.0237402
3.99655e-10	0.0237342
3.99701e-10	0.0237281
3.99747e-10	0.0237221
3.99794e-10	0.023716
3.9984e-10	0.02371
3.99887e-10	0.0237039
3.99933e-10	0.0236977
3.9998e-10	0.0236916
4.00026e-10	0.0236855
4.00072e-10	0.0236793
4.00119e-10	0.0236731
4.00165e-10	0.0236669
4.00212e-10	0.0236607
4.00258e-10	0.0236544
4.00304e-10	0.0236482
4.00351e-10	0.0236419
4.00397e-10	0.0236356
4.00444e-10	0.0236293
4.0049e-10	0.0236229
4.00537e-10	0.0236166
4.00583e-10	0.0236102
4.00629e-10	0.0236038
4.00676e-10	0.0235974
4.00722e-10	0.023591
4.00769e-10	0.0235846
4.00815e-10	0.0235781
4.00861e-10	0.0235716
4.00908e-10	0.0235651
4.00954e-10	0.0235586
4.01001e-10	0.0235521
4.01047e-10	0.0235455
4.01094e-10	0.023539
4.0114e-10	0.0235324
4.01186e-10	0.0235258
4.01233e-10	0.0235191
4.01279e-10	0.0235125
4.01326e-10	0.0235058
4.01372e-10	0.0234992
4.01418e-10	0.0234925
4.01465e-10	0.0234857
4.01511e-10	0.023479
4.01558e-10	0.0234723
4.01604e-10	0.0234655
4.01651e-10	0.0234587
4.01697e-10	0.0234519
4.01743e-10	0.0234451
4.0179e-10	0.0234382
4.01836e-10	0.0234314
4.01883e-10	0.0234245
4.01929e-10	0.0234176
4.01976e-10	0.0234107
4.02022e-10	0.0234037
4.02068e-10	0.0233968
4.02115e-10	0.0233898
4.02161e-10	0.0233828
4.02208e-10	0.0233758
4.02254e-10	0.0233688
4.023e-10	0.0233617
4.02347e-10	0.0233546
4.02393e-10	0.0233476
4.0244e-10	0.0233405
4.02486e-10	0.0233333
4.02533e-10	0.0233262
4.02579e-10	0.023319
4.02625e-10	0.0233119
4.02672e-10	0.0233047
4.02718e-10	0.0232974
4.02765e-10	0.0232902
4.02811e-10	0.023283
4.02857e-10	0.0232757
4.02904e-10	0.0232684
4.0295e-10	0.0232611
4.02997e-10	0.0232538
4.03043e-10	0.0232464
4.0309e-10	0.023239
4.03136e-10	0.0232317
4.03182e-10	0.0232243
4.03229e-10	0.0232168
4.03275e-10	0.0232094
4.03322e-10	0.0232019
4.03368e-10	0.0231945
4.03414e-10	0.023187
4.03461e-10	0.0231794
4.03507e-10	0.0231719
4.03554e-10	0.0231643
4.036e-10	0.0231568
4.03647e-10	0.0231492
4.03693e-10	0.0231416
4.03739e-10	0.0231339
4.03786e-10	0.0231263
4.03832e-10	0.0231186
4.03879e-10	0.0231109
4.03925e-10	0.0231032
4.03971e-10	0.0230955
4.04018e-10	0.0230877
4.04064e-10	0.02308
4.04111e-10	0.0230722
4.04157e-10	0.0230644
4.04204e-10	0.0230566
4.0425e-10	0.0230487
4.04296e-10	0.0230409
4.04343e-10	0.023033
4.04389e-10	0.0230251
4.04436e-10	0.0230172
4.04482e-10	0.0230092
4.04528e-10	0.0230013
4.04575e-10	0.0229933
4.04621e-10	0.0229853
4.04668e-10	0.0229773
4.04714e-10	0.0229693
4.04761e-10	0.0229612
4.04807e-10	0.0229531
4.04853e-10	0.0229451
4.049e-10	0.0229369
4.04946e-10	0.0229288
4.04993e-10	0.0229207
4.05039e-10	0.0229125
4.05085e-10	0.0229043
4.05132e-10	0.0228961
4.05178e-10	0.0228879
4.05225e-10	0.0228796
4.05271e-10	0.0228714
4.05318e-10	0.0228631
4.05364e-10	0.0228548
4.0541e-10	0.0228464
4.05457e-10	0.0228381
4.05503e-10	0.0228297
4.0555e-10	0.0228214
4.05596e-10	0.0228129
4.05642e-10	0.0228045
4.05689e-10	0.0227961
4.05735e-10	0.0227876
4.05782e-10	0.0227791
4.05828e-10	0.0227706
4.05875e-10	0.0227621
4.05921e-10	0.0227536
4.05967e-10	0.022745
4.06014e-10	0.0227364
4.0606e-10	0.0227278
4.06107e-10	0.0227192
4.06153e-10	0.0227106
4.06199e-10	0.0227019
4.06246e-10	0.0226932
4.06292e-10	0.0226845
4.06339e-10	0.0226758
4.06385e-10	0.0226671
4.06432e-10	0.0226583
4.06478e-10	0.0226496
4.06524e-10	0.0226408
4.06571e-10	0.0226319
4.06617e-10	0.0226231
4.06664e-10	0.0226142
4.0671e-10	0.0226054
4.06757e-10	0.0225965
4.06803e-10	0.0225876
4.06849e-10	0.0225786
4.06896e-10	0.0225697
4.06942e-10	0.0225607
4.06989e-10	0.0225517
4.07035e-10	0.0225427
4.07081e-10	0.0225336
4.07128e-10	0.0225246
4.07174e-10	0.0225155
4.07221e-10	0.0225064
4.07267e-10	0.0224973
4.07314e-10	0.0224882
4.0736e-10	0.022479
4.07406e-10	0.0224698
4.07453e-10	0.0224606
4.07499e-10	0.0224514
4.07546e-10	0.0224422
4.07592e-10	0.0224329
4.07638e-10	0.0224236
4.07685e-10	0.0224143
4.07731e-10	0.022405
4.07778e-10	0.0223957
4.07824e-10	0.0223863
4.07871e-10	0.0223769
4.07917e-10	0.0223675
4.07963e-10	0.0223581
4.0801e-10	0.0223487
4.08056e-10	0.0223392
4.08103e-10	0.0223297
4.08149e-10	0.0223202
4.08195e-10	0.0223107
4.08242e-10	0.0223012
4.08288e-10	0.0222916
4.08335e-10	0.022282
4.08381e-10	0.0222724
4.08428e-10	0.0222628
4.08474e-10	0.0222532
4.0852e-10	0.0222435
4.08567e-10	0.0222338
4.08613e-10	0.0222241
4.0866e-10	0.0222144
4.08706e-10	0.0222046
4.08752e-10	0.0221949
4.08799e-10	0.0221851
4.08845e-10	0.0221753
4.08892e-10	0.0221655
4.08938e-10	0.0221556
4.08985e-10	0.0221457
4.09031e-10	0.0221359
4.09077e-10	0.0221259
4.09124e-10	0.022116
4.0917e-10	0.0221061
4.09217e-10	0.0220961
4.09263e-10	0.0220861
4.09309e-10	0.0220761
4.09356e-10	0.022066
4.09402e-10	0.022056
4.09449e-10	0.0220459
4.09495e-10	0.0220358
4.09542e-10	0.0220257
4.09588e-10	0.0220156
4.09634e-10	0.0220054
4.09681e-10	0.0219952
4.09727e-10	0.021985
4.09774e-10	0.0219748
4.0982e-10	0.0219646
4.09866e-10	0.0219543
4.09913e-10	0.021944
4.09959e-10	0.0219337
4.10006e-10	0.0219234
4.10052e-10	0.021913
4.10099e-10	0.0219027
4.10145e-10	0.0218923
4.10191e-10	0.0218819
4.10238e-10	0.0218714
4.10284e-10	0.021861
4.10331e-10	0.0218505
4.10377e-10	0.02184
4.10423e-10	0.0218295
4.1047e-10	0.021819
4.10516e-10	0.0218084
4.10563e-10	0.0217978
4.10609e-10	0.0217872
4.10656e-10	0.0217766
4.10702e-10	0.021766
4.10748e-10	0.0217553
4.10795e-10	0.0217446
4.10841e-10	0.0217339
4.10888e-10	0.0217232
4.10934e-10	0.0217125
4.1098e-10	0.0217017
4.11027e-10	0.0216909
4.11073e-10	0.0216801
4.1112e-10	0.0216693
4.11166e-10	0.0216584
4.11213e-10	0.0216475
4.11259e-10	0.0216366
4.11305e-10	0.0216257
4.11352e-10	0.0216148
4.11398e-10	0.0216038
4.11445e-10	0.0215928
4.11491e-10	0.0215818
4.11538e-10	0.0215708
4.11584e-10	0.0215598
4.1163e-10	0.0215487
4.11677e-10	0.0215376
4.11723e-10	0.0215265
4.1177e-10	0.0215154
4.11816e-10	0.0215042
4.11862e-10	0.021493
4.11909e-10	0.0214819
4.11955e-10	0.0214706
4.12002e-10	0.0214594
4.12048e-10	0.0214481
4.12095e-10	0.0214369
4.12141e-10	0.0214256
4.12187e-10	0.0214142
4.12234e-10	0.0214029
4.1228e-10	0.0213915
4.12327e-10	0.0213801
4.12373e-10	0.0213687
4.12419e-10	0.0213573
4.12466e-10	0.0213458
4.12512e-10	0.0213344
4.12559e-10	0.0213229
4.12605e-10	0.0213113
4.12652e-10	0.0212998
4.12698e-10	0.0212882
4.12744e-10	0.0212767
4.12791e-10	0.0212651
4.12837e-10	0.0212534
4.12884e-10	0.0212418
4.1293e-10	0.0212301
4.12976e-10	0.0212184
4.13023e-10	0.0212067
4.13069e-10	0.021195
4.13116e-10	0.0211832
4.13162e-10	0.0211714
4.13209e-10	0.0211596
4.13255e-10	0.0211478
4.13301e-10	0.021136
4.13348e-10	0.0211241
4.13394e-10	0.0211122
4.13441e-10	0.0211003
4.13487e-10	0.0210883
4.13533e-10	0.0210764
4.1358e-10	0.0210644
4.13626e-10	0.0210524
4.13673e-10	0.0210404
4.13719e-10	0.0210284
4.13766e-10	0.0210163
4.13812e-10	0.0210042
4.13858e-10	0.0209921
4.13905e-10	0.02098
4.13951e-10	0.0209678
4.13998e-10	0.0209556
4.14044e-10	0.0209434
4.1409e-10	0.0209312
4.14137e-10	0.020919
4.14183e-10	0.0209067
4.1423e-10	0.0208944
4.14276e-10	0.0208821
4.14323e-10	0.0208698
4.14369e-10	0.0208574
4.14415e-10	0.020845
4.14462e-10	0.0208326
4.14508e-10	0.0208202
4.14555e-10	0.0208078
4.14601e-10	0.0207953
4.14647e-10	0.0207828
4.14694e-10	0.0207703
4.1474e-10	0.0207578
4.14787e-10	0.0207452
4.14833e-10	0.0207327
4.1488e-10	0.0207201
4.14926e-10	0.0207074
4.14972e-10	0.0206948
4.15019e-10	0.0206821
4.15065e-10	0.0206694
4.15112e-10	0.0206567
4.15158e-10	0.020644
4.15204e-10	0.0206312
4.15251e-10	0.0206185
4.15297e-10	0.0206057
4.15344e-10	0.0205928
4.1539e-10	0.02058
4.15437e-10	0.0205671
4.15483e-10	0.0205542
4.15529e-10	0.0205413
4.15576e-10	0.0205284
4.15622e-10	0.0205154
4.15669e-10	0.0205024
4.15715e-10	0.0204894
4.15761e-10	0.0204764
4.15808e-10	0.0204634
4.15854e-10	0.0204503
4.15901e-10	0.0204372
4.15947e-10	0.0204241
4.15994e-10	0.0204109
4.1604e-10	0.0203978
4.16086e-10	0.0203846
4.16133e-10	0.0203714
4.16179e-10	0.0203581
4.16226e-10	0.0203449
4.16272e-10	0.0203316
4.16319e-10	0.0203183
4.16365e-10	0.020305
4.16411e-10	0.0202916
4.16458e-10	0.0202783
4.16504e-10	0.0202649
4.16551e-10	0.0202515
4.16597e-10	0.020238
4.16643e-10	0.0202246
4.1669e-10	0.0202111
4.16736e-10	0.0201976
4.16783e-10	0.0201841
4.16829e-10	0.0201705
4.16876e-10	0.0201569
4.16922e-10	0.0201433
4.16968e-10	0.0201297
4.17015e-10	0.0201161
4.17061e-10	0.0201024
4.17108e-10	0.0200887
4.17154e-10	0.020075
4.172e-10	0.0200613
4.17247e-10	0.0200475
4.17293e-10	0.0200337
4.1734e-10	0.0200199
4.17386e-10	0.0200061
4.17433e-10	0.0199922
4.17479e-10	0.0199784
4.17525e-10	0.0199645
4.17572e-10	0.0199505
4.17618e-10	0.0199366
4.17665e-10	0.0199226
4.17711e-10	0.0199086
4.17757e-10	0.0198946
4.17804e-10	0.0198806
4.1785e-10	0.0198665
4.17897e-10	0.0198524
4.17943e-10	0.0198383
4.1799e-10	0.0198242
4.18036e-10	0.01981
4.18082e-10	0.0197959
4.18129e-10	0.0197817
4.18175e-10	0.0197674
4.18222e-10	0.0197532
4.18268e-10	0.0197389
4.18314e-10	0.0197246
4.18361e-10	0.0197103
4.18407e-10	0.019696
4.18454e-10	0.0196816
4.185e-10	0.0196672
4.18547e-10	0.0196528
4.18593e-10	0.0196384
4.18639e-10	0.0196239
4.18686e-10	0.0196094
4.18732e-10	0.0195949
4.18779e-10	0.0195804
4.18825e-10	0.0195658
4.18871e-10	0.0195513
4.18918e-10	0.0195367
4.18964e-10	0.019522
4.19011e-10	0.0195074
4.19057e-10	0.0194927
4.19104e-10	0.019478
4.1915e-10	0.0194633
4.19196e-10	0.0194486
4.19243e-10	0.0194338
4.19289e-10	0.019419
4.19336e-10	0.0194042
4.19382e-10	0.0193893
4.19428e-10	0.0193745
4.19475e-10	0.0193596
4.19521e-10	0.0193447
4.19568e-10	0.0193298
4.19614e-10	0.0193148
4.19661e-10	0.0192998
4.19707e-10	0.0192848
4.19753e-10	0.0192698
4.198e-10	0.0192547
4.19846e-10	0.0192397
4.19893e-10	0.0192246
4.19939e-10	0.0192094
4.19985e-10	0.0191943
4.20032e-10	0.0191791
4.20078e-10	0.0191639
4.20125e-10	0.0191487
4.20171e-10	0.0191335
4.20218e-10	0.0191182
4.20264e-10	0.0191029
4.2031e-10	0.0190876
4.20357e-10	0.0190722
4.20403e-10	0.0190569
4.2045e-10	0.0190415
4.20496e-10	0.0190261
4.20542e-10	0.0190106
4.20589e-10	0.0189952
4.20635e-10	0.0189797
4.20682e-10	0.0189642
4.20728e-10	0.0189486
4.20775e-10	0.0189331
4.20821e-10	0.0189175
4.20867e-10	0.0189019
4.20914e-10	0.0188863
4.2096e-10	0.0188706
4.21007e-10	0.0188549
4.21053e-10	0.0188392
4.211e-10	0.0188235
4.21146e-10	0.0188078
4.21192e-10	0.018792
4.21239e-10	0.0187762
4.21285e-10	0.0187604
4.21332e-10	0.0187445
4.21378e-10	0.0187286
4.21424e-10	0.0187127
4.21471e-10	0.0186968
4.21517e-10	0.0186809
4.21564e-10	0.0186649
4.2161e-10	0.0186489
4.21657e-10	0.0186329
4.21703e-10	0.0186168
4.21749e-10	0.0186008
4.21796e-10	0.0185847
4.21842e-10	0.0185686
4.21889e-10	0.0185524
4.21935e-10	0.0185363
4.21981e-10	0.0185201
4.22028e-10	0.0185038
4.22074e-10	0.0184876
4.22121e-10	0.0184713
4.22167e-10	0.0184551
4.22214e-10	0.0184387
4.2226e-10	0.0184224
4.22306e-10	0.018406
4.22353e-10	0.0183896
4.22399e-10	0.0183732
4.22446e-10	0.0183568
4.22492e-10	0.0183403
4.22538e-10	0.0183238
4.22585e-10	0.0183073
4.22631e-10	0.0182908
4.22678e-10	0.0182742
4.22724e-10	0.0182577
4.22771e-10	0.018241
4.22817e-10	0.0182244
4.22863e-10	0.0182077
4.2291e-10	0.0181911
4.22956e-10	0.0181744
4.23003e-10	0.0181576
4.23049e-10	0.0181409
4.23095e-10	0.0181241
4.23142e-10	0.0181073
4.23188e-10	0.0180904
4.23235e-10	0.0180736
4.23281e-10	0.0180567
4.23328e-10	0.0180398
4.23374e-10	0.0180228
4.2342e-10	0.0180059
4.23467e-10	0.0179889
4.23513e-10	0.0179719
4.2356e-10	0.0179548
4.23606e-10	0.0179378
4.23652e-10	0.0179207
4.23699e-10	0.0179036
4.23745e-10	0.0178865
4.23792e-10	0.0178693
4.23838e-10	0.0178521
4.23885e-10	0.0178349
4.23931e-10	0.0178177
4.23977e-10	0.0178004
4.24024e-10	0.0177831
4.2407e-10	0.0177658
4.24117e-10	0.0177485
4.24163e-10	0.0177311
4.24209e-10	0.0177137
4.24256e-10	0.0176963
4.24302e-10	0.0176789
4.24349e-10	0.0176614
4.24395e-10	0.0176439
4.24442e-10	0.0176264
4.24488e-10	0.0176089
4.24534e-10	0.0175913
4.24581e-10	0.0175737
4.24627e-10	0.0175561
4.24674e-10	0.0175385
4.2472e-10	0.0175208
4.24766e-10	0.0175031
4.24813e-10	0.0174854
4.24859e-10	0.0174677
4.24906e-10	0.0174499
4.24952e-10	0.0174321
4.24999e-10	0.0174143
4.25045e-10	0.0173964
4.25091e-10	0.0173786
4.25138e-10	0.0173607
4.25184e-10	0.0173428
4.25231e-10	0.0173248
4.25277e-10	0.0173068
4.25324e-10	0.0172888
4.2537e-10	0.0172708
4.25416e-10	0.0172528
4.25463e-10	0.0172347
4.25509e-10	0.0172166
4.25556e-10	0.0171985
4.25602e-10	0.0171803
4.25648e-10	0.0171621
4.25695e-10	0.0171439
4.25741e-10	0.0171257
4.25788e-10	0.0171075
4.25834e-10	0.0170892
4.25881e-10	0.0170709
4.25927e-10	0.0170525
4.25973e-10	0.0170342
4.2602e-10	0.0170158
4.26066e-10	0.0169974
4.26113e-10	0.016979
4.26159e-10	0.0169605
4.26205e-10	0.016942
4.26252e-10	0.0169235
4.26298e-10	0.016905
4.26345e-10	0.0168864
4.26391e-10	0.0168678
4.26438e-10	0.0168492
4.26484e-10	0.0168306
4.2653e-10	0.0168119
4.26577e-10	0.0167932
4.26623e-10	0.0167745
4.2667e-10	0.0167557
4.26716e-10	0.016737
4.26762e-10	0.0167182
4.26809e-10	0.0166994
4.26855e-10	0.0166805
4.26902e-10	0.0166616
4.26948e-10	0.0166427
4.26995e-10	0.0166238
4.27041e-10	0.0166049
4.27087e-10	0.0165859
4.27134e-10	0.0165669
4.2718e-10	0.0165478
4.27227e-10	0.0165288
4.27273e-10	0.0165097
4.27319e-10	0.0164906
4.27366e-10	0.0164714
4.27412e-10	0.0164523
4.27459e-10	0.0164331
4.27505e-10	0.0164139
4.27552e-10	0.0163946
4.27598e-10	0.0163754
4.27644e-10	0.0163561
4.27691e-10	0.0163368
4.27737e-10	0.0163174
4.27784e-10	0.016298
4.2783e-10	0.0162786
4.27876e-10	0.0162592
4.27923e-10	0.0162398
4.27969e-10	0.0162203
4.28016e-10	0.0162008
4.28062e-10	0.0161813
4.28109e-10	0.0161617
4.28155e-10	0.0161421
4.28201e-10	0.0161225
4.28248e-10	0.0161029
4.28294e-10	0.0160832
4.28341e-10	0.0160635
4.28387e-10	0.0160438
4.28433e-10	0.0160241
4.2848e-10	0.0160043
4.28526e-10	0.0159845
4.28573e-10	0.0159647
4.28619e-10	0.0159448
4.28666e-10	0.0159249
4.28712e-10	0.015905
4.28758e-10	0.0158851
4.28805e-10	0.0158652
4.28851e-10	0.0158452
4.28898e-10	0.0158252
4.28944e-10	0.0158051
4.2899e-10	0.0157851
4.29037e-10	0.015765
4.29083e-10	0.0157449
4.2913e-10	0.0157247
4.29176e-10	0.0157046
4.29223e-10	0.0156844
4.29269e-10	0.0156641
4.29315e-10	0.0156439
4.29362e-10	0.0156236
4.29408e-10	0.0156033
4.29455e-10	0.015583
4.29501e-10	0.0155626
4.29547e-10	0.0155422
4.29594e-10	0.0155218
4.2964e-10	0.0155014
4.29687e-10	0.0154809
4.29733e-10	0.0154604
4.2978e-10	0.0154399
4.29826e-10	0.0154194
4.29872e-10	0.0153988
4.29919e-10	0.0153782
4.29965e-10	0.0153576
4.30012e-10	0.0153369
4.30058e-10	0.0153162
4.30105e-10	0.0152955
4.30151e-10	0.0152748
4.30197e-10	0.015254
4.30244e-10	0.0152333
4.3029e-10	0.0152124
4.30337e-10	0.0151916
4.30383e-10	0.0151707
4.30429e-10	0.0151498
4.30476e-10	0.0151289
4.30522e-10	0.015108
4.30569e-10	0.015087
4.30615e-10	0.015066
4.30662e-10	0.0150449
4.30708e-10	0.0150239
4.30754e-10	0.0150028
4.30801e-10	0.0149817
4.30847e-10	0.0149605
4.30894e-10	0.0149394
4.3094e-10	0.0149182
4.30986e-10	0.014897
4.31033e-10	0.0148757
4.31079e-10	0.0148544
4.31126e-10	0.0148331
4.31172e-10	0.0148118
4.31219e-10	0.0147904
4.31265e-10	0.014769
4.31311e-10	0.0147476
4.31358e-10	0.0147262
4.31404e-10	0.0147047
4.31451e-10	0.0146832
4.31497e-10	0.0146617
4.31543e-10	0.0146401
4.3159e-10	0.0146186
4.31636e-10	0.014597
4.31683e-10	0.0145753
4.31729e-10	0.0145537
4.31776e-10	0.014532
4.31822e-10	0.0145103
4.31868e-10	0.0144885
4.31915e-10	0.0144667
4.31961e-10	0.0144449
4.32008e-10	0.0144231
4.32054e-10	0.0144013
4.321e-10	0.0143794
4.32147e-10	0.0143575
4.32193e-10	0.0143355
4.3224e-10	0.0143136
4.32286e-10	0.0142916
4.32333e-10	0.0142696
4.32379e-10	0.0142475
4.32425e-10	0.0142254
4.32472e-10	0.0142033
4.32518e-10	0.0141812
4.32565e-10	0.014159
4.32611e-10	0.0141368
4.32657e-10	0.0141146
4.32704e-10	0.0140924
4.3275e-10	0.0140701
4.32797e-10	0.0140478
4.32843e-10	0.0140255
4.3289e-10	0.0140031
4.32936e-10	0.0139808
4.32982e-10	0.0139583
4.33029e-10	0.0139359
4.33075e-10	0.0139134
4.33122e-10	0.013891
4.33168e-10	0.0138684
4.33214e-10	0.0138459
4.33261e-10	0.0138233
4.33307e-10	0.0138007
4.33354e-10	0.0137781
4.334e-10	0.0137554
4.33447e-10	0.0137327
4.33493e-10	0.01371
4.33539e-10	0.0136873
4.33586e-10	0.0136645
4.33632e-10	0.0136417
4.33679e-10	0.0136188
4.33725e-10	0.013596
4.33771e-10	0.0135731
4.33818e-10	0.0135502
4.33864e-10	0.0135272
4.33911e-10	0.0135043
4.33957e-10	0.0134813
4.34004e-10	0.0134582
4.3405e-10	0.0134352
4.34096e-10	0.0134121
4.34143e-10	0.013389
4.34189e-10	0.0133659
4.34236e-10	0.0133427
4.34282e-10	0.0133195
4.34328e-10	0.0132963
4.34375e-10	0.013273
4.34421e-10	0.0132497
4.34468e-10	0.0132264
4.34514e-10	0.0132031
4.34561e-10	0.0131797
4.34607e-10	0.0131563
4.34653e-10	0.0131329
4.347e-10	0.0131095
4.34746e-10	0.013086
4.34793e-10	0.0130625
4.34839e-10	0.0130389
4.34886e-10	0.0130154
4.34932e-10	0.0129918
4.34978e-10	0.0129681
4.35025e-10	0.0129445
4.35071e-10	0.0129208
4.35118e-10	0.0128971
4.35164e-10	0.0128734
4.3521e-10	0.0128496
4.35257e-10	0.0128258
4.35303e-10	0.012802
4.3535e-10	0.0127781
4.35396e-10	0.0127543
4.35443e-10	0.0127304
4.35489e-10	0.0127064
4.35535e-10	0.0126825
4.35582e-10	0.0126585
4.35628e-10	0.0126344
4.35675e-10	0.0126104
4.35721e-10	0.0125863
4.35767e-10	0.0125622
4.35814e-10	0.0125381
4.3586e-10	0.0125139
4.35907e-10	0.0124897
4.35953e-10	0.0124655
4.36e-10	0.0124412
4.36046e-10	0.0124169
4.36092e-10	0.0123926
4.36139e-10	0.0123683
4.36185e-10	0.0123439
4.36232e-10	0.0123195
4.36278e-10	0.0122951
4.36324e-10	0.0122707
4.36371e-10	0.0122462
4.36417e-10	0.0122217
4.36464e-10	0.0121971
4.3651e-10	0.0121725
4.36557e-10	0.0121479
4.36603e-10	0.0121233
4.36649e-10	0.0120987
4.36696e-10	0.012074
4.36742e-10	0.0120493
4.36789e-10	0.0120245
4.36835e-10	0.0119997
4.36881e-10	0.0119749
4.36928e-10	0.0119501
4.36974e-10	0.0119253
4.37021e-10	0.0119004
4.37067e-10	0.0118754
4.37114e-10	0.0118505
4.3716e-10	0.0118255
4.37206e-10	0.0118005
4.37253e-10	0.0117755
4.37299e-10	0.0117504
4.37346e-10	0.0117253
4.37392e-10	0.0117002
4.37438e-10	0.0116751
4.37485e-10	0.0116499
4.37531e-10	0.0116247
4.37578e-10	0.0115994
4.37624e-10	0.0115742
4.37671e-10	0.0115489
4.37717e-10	0.0115235
4.37763e-10	0.0114982
4.3781e-10	0.0114728
4.37856e-10	0.0114474
4.37903e-10	0.0114219
4.37949e-10	0.0113965
4.37995e-10	0.011371
4.38042e-10	0.0113454
4.38088e-10	0.0113199
4.38135e-10	0.0112943
4.38181e-10	0.0112686
4.38228e-10	0.011243
4.38274e-10	0.0112173
4.3832e-10	0.0111916
4.38367e-10	0.0111659
4.38413e-10	0.0111401
4.3846e-10	0.0111143
4.38506e-10	0.0110885
4.38552e-10	0.0110626
4.38599e-10	0.0110367
4.38645e-10	0.0110108
4.38692e-10	0.0109849
4.38738e-10	0.0109589
4.38785e-10	0.0109329
4.38831e-10	0.0109069
4.38877e-10	0.0108808
4.38924e-10	0.0108547
4.3897e-10	0.0108286
4.39017e-10	0.0108024
4.39063e-10	0.0107763
4.39109e-10	0.01075
4.39156e-10	0.0107238
4.39202e-10	0.0106975
4.39249e-10	0.0106712
4.39295e-10	0.0106449
4.39342e-10	0.0106185
4.39388e-10	0.0105921
4.39434e-10	0.0105657
4.39481e-10	0.0105393
4.39527e-10	0.0105128
4.39574e-10	0.0104863
4.3962e-10	0.0104597
4.39667e-10	0.0104332
4.39713e-10	0.0104066
4.39759e-10	0.0103799
4.39806e-10	0.0103533
4.39852e-10	0.0103266
4.39899e-10	0.0102999
4.39945e-10	0.0102731
4.39991e-10	0.0102464
4.40038e-10	0.0102195
4.40084e-10	0.0101927
4.40131e-10	0.0101658
4.40177e-10	0.0101389
4.40224e-10	0.010112
4.4027e-10	0.0100851
4.40316e-10	0.0100581
4.40363e-10	0.010031
4.40409e-10	0.010004
4.40456e-10	0.00997692
4.40502e-10	0.00994981
4.40548e-10	0.00992267
4.40595e-10	0.0098955
4.40641e-10	0.0098683
4.40688e-10	0.00984108
4.40734e-10	0.00981382
4.40781e-10	0.00978653
4.40827e-10	0.00975921
4.40873e-10	0.00973186
4.4092e-10	0.00970448
4.40966e-10	0.00967707
4.41013e-10	0.00964963
4.41059e-10	0.00962215
4.41105e-10	0.00959465
4.41152e-10	0.00956712
4.41198e-10	0.00953956
4.41245e-10	0.00951197
4.41291e-10	0.00948435
4.41338e-10	0.00945669
4.41384e-10	0.00942901
4.4143e-10	0.0094013
4.41477e-10	0.00937355
4.41523e-10	0.00934578
4.4157e-10	0.00931797
4.41616e-10	0.00929014
4.41662e-10	0.00926227
4.41709e-10	0.00923438
4.41755e-10	0.00920645
4.41802e-10	0.00917849
4.41848e-10	0.00915051
4.41895e-10	0.00912249
4.41941e-10	0.00909444
4.41987e-10	0.00906636
4.42034e-10	0.00903825
4.4208e-10	0.00901011
4.42127e-10	0.00898194
4.42173e-10	0.00895374
4.42219e-10	0.00892551
4.42266e-10	0.00889725
4.42312e-10	0.00886895
4.42359e-10	0.00884063
4.42405e-10	0.00881228
4.42452e-10	0.00878389
4.42498e-10	0.00875548
4.42544e-10	0.00872703
4.42591e-10	0.00869855
4.42637e-10	0.00867005
4.42684e-10	0.00864151
4.4273e-10	0.00861294
4.42776e-10	0.00858434
4.42823e-10	0.00855571
4.42869e-10	0.00852705
4.42916e-10	0.00849836
4.42962e-10	0.00846963
4.43009e-10	0.00844088
4.43055e-10	0.00841209
4.43101e-10	0.00838328
4.43148e-10	0.00835443
4.43194e-10	0.00832556
4.43241e-10	0.00829665
4.43287e-10	0.00826771
4.43333e-10	0.00823874
4.4338e-10	0.00820974
4.43426e-10	0.00818071
4.43473e-10	0.00815165
4.43519e-10	0.00812255
4.43566e-10	0.00809343
4.43612e-10	0.00806427
4.43658e-10	0.00803509
4.43705e-10	0.00800587
4.43751e-10	0.00797662
4.43798e-10	0.00794734
4.43844e-10	0.00791803
4.4389e-10	0.00788869
4.43937e-10	0.00785932
4.43983e-10	0.00782992
4.4403e-10	0.00780048
4.44076e-10	0.00777102
4.44123e-10	0.00774152
4.44169e-10	0.00771199
4.44215e-10	0.00768243
4.44262e-10	0.00765284
4.44308e-10	0.00762322
4.44355e-10	0.00759357
4.44401e-10	0.00756388
4.44448e-10	0.00753417
4.44494e-10	0.00750442
4.4454e-10	0.00747465
4.44587e-10	0.00744484
4.44633e-10	0.007415
4.4468e-10	0.00738513
4.44726e-10	0.00735522
4.44772e-10	0.00732529
4.44819e-10	0.00729532
4.44865e-10	0.00726533
4.44912e-10	0.0072353
4.44958e-10	0.00720524
4.45005e-10	0.00717515
4.45051e-10	0.00714503
4.45097e-10	0.00711488
4.45144e-10	0.00708469
4.4519e-10	0.00705447
4.45237e-10	0.00702423
4.45283e-10	0.00699395
4.45329e-10	0.00696364
4.45376e-10	0.0069333
4.45422e-10	0.00690292
4.45469e-10	0.00687252
4.45515e-10	0.00684208
4.45562e-10	0.00681161
4.45608e-10	0.00678111
4.45654e-10	0.00675058
4.45701e-10	0.00672002
4.45747e-10	0.00668943
4.45794e-10	0.0066588
4.4584e-10	0.00662814
4.45886e-10	0.00659746
4.45933e-10	0.00656673
4.45979e-10	0.00653598
4.46026e-10	0.0065052
4.46072e-10	0.00647438
4.46119e-10	0.00644354
4.46165e-10	0.00641266
4.46211e-10	0.00638175
4.46258e-10	0.0063508
4.46304e-10	0.00631983
4.46351e-10	0.00628883
4.46397e-10	0.00625779
4.46443e-10	0.00622672
4.4649e-10	0.00619562
4.46536e-10	0.00616449
4.46583e-10	0.00613332
4.46629e-10	0.00610212
4.46676e-10	0.0060709
4.46722e-10	0.00603964
4.46768e-10	0.00600834
4.46815e-10	0.00597702
4.46861e-10	0.00594567
4.46908e-10	0.00591428
4.46954e-10	0.00588286
4.47e-10	0.00585141
4.47047e-10	0.00581992
4.47093e-10	0.00578841
4.4714e-10	0.00575686
4.47186e-10	0.00572528
4.47233e-10	0.00569367
4.47279e-10	0.00566203
4.47325e-10	0.00563035
4.47372e-10	0.00559865
4.47418e-10	0.00556691
4.47465e-10	0.00553514
4.47511e-10	0.00550333
4.47557e-10	0.0054715
4.47604e-10	0.00543963
4.4765e-10	0.00540773
4.47697e-10	0.0053758
4.47743e-10	0.00534384
4.4779e-10	0.00531184
4.47836e-10	0.00527981
4.47882e-10	0.00524775
4.47929e-10	0.00521566
4.47975e-10	0.00518354
4.48022e-10	0.00515138
4.48068e-10	0.00511919
4.48114e-10	0.00508697
4.48161e-10	0.00505472
4.48207e-10	0.00502243
4.48254e-10	0.00499011
4.483e-10	0.00495776
4.48347e-10	0.00492538
4.48393e-10	0.00489297
4.48439e-10	0.00486052
4.48486e-10	0.00482804
4.48532e-10	0.00479553
4.48579e-10	0.00476299
4.48625e-10	0.00473041
4.48672e-10	0.0046978
4.48718e-10	0.00466516
4.48764e-10	0.00463249
4.48811e-10	0.00459978
4.48857e-10	0.00456705
4.48904e-10	0.00453427
4.4895e-10	0.00450147
4.48996e-10	0.00446864
4.49043e-10	0.00443577
4.49089e-10	0.00440287
4.49136e-10	0.00436994
4.49182e-10	0.00433697
4.49229e-10	0.00430397
4.49275e-10	0.00427094
4.49321e-10	0.00423788
4.49368e-10	0.00420478
4.49414e-10	0.00417166
4.49461e-10	0.0041385
4.49507e-10	0.0041053
4.49553e-10	0.00407208
4.496e-10	0.00403882
4.49646e-10	0.00400553
4.49693e-10	0.0039722
4.49739e-10	0.00393885
4.49786e-10	0.00390546
4.49832e-10	0.00387204
4.49878e-10	0.00383858
4.49925e-10	0.0038051
4.49971e-10	0.00377158
4.50018e-10	0.00373802
4.50064e-10	0.00370444
4.5011e-10	0.00367082
4.50157e-10	0.00363717
4.50203e-10	0.00360349
4.5025e-10	0.00356977
4.50296e-10	0.00353602
4.50343e-10	0.00350224
4.50389e-10	0.00346843
4.50435e-10	0.00343458
4.50482e-10	0.0034007
4.50528e-10	0.00336678
4.50575e-10	0.00333284
4.50621e-10	0.00329886
4.50667e-10	0.00326485
4.50714e-10	0.0032308
4.5076e-10	0.00319673
4.50807e-10	0.00316262
4.50853e-10	0.00312847
4.509e-10	0.0030943
4.50946e-10	0.00306009
4.50992e-10	0.00302584
4.51039e-10	0.00299157
4.51085e-10	0.00295726
4.51132e-10	0.00292292
4.51178e-10	0.00288854
4.51224e-10	0.00285414
4.51271e-10	0.0028197
4.51317e-10	0.00278522
4.51364e-10	0.00275072
4.5141e-10	0.00271618
4.51457e-10	0.0026816
4.51503e-10	0.002647
4.51549e-10	0.00261236
4.51596e-10	0.00257769
4.51642e-10	0.00254298
4.51689e-10	0.00250824
4.51735e-10	0.00247347
4.51781e-10	0.00243867
4.51828e-10	0.00240383
4.51874e-10	0.00236896
4.51921e-10	0.00233405
4.51967e-10	0.00229912
4.52014e-10	0.00226414
4.5206e-10	0.00222914
4.52106e-10	0.0021941
4.52153e-10	0.00215903
4.52199e-10	0.00212393
4.52246e-10	0.00208879
4.52292e-10	0.00205362
4.52338e-10	0.00201842
4.52385e-10	0.00198318
4.52431e-10	0.00194791
4.52478e-10	0.0019126
4.52524e-10	0.00187727
4.52571e-10	0.0018419
4.52617e-10	0.00180649
4.52663e-10	0.00177105
4.5271e-10	0.00173558
4.52756e-10	0.00170008
4.52803e-10	0.00166454
4.52849e-10	0.00162897
4.52895e-10	0.00159337
4.52942e-10	0.00155773
4.52988e-10	0.00152206
4.53035e-10	0.00148635
4.53081e-10	0.00145061
4.53128e-10	0.00141484
4.53174e-10	0.00137903
4.5322e-10	0.00134319
4.53267e-10	0.00130732
4.53313e-10	0.00127141
4.5336e-10	0.00123547
4.53406e-10	0.0011995
4.53453e-10	0.00116349
4.53499e-10	0.00112745
4.53545e-10	0.00109138
4.53592e-10	0.00105527
4.53638e-10	0.00101913
4.53685e-10	0.000982952
4.53731e-10	0.000946742
4.53777e-10	0.0009105
4.53824e-10	0.000874223
4.5387e-10	0.000837913
4.53917e-10	0.000801569
4.53963e-10	0.000765191
4.5401e-10	0.000728779
4.54056e-10	0.000692334
4.54102e-10	0.000655855
4.54149e-10	0.000619342
4.54195e-10	0.000582795
4.54242e-10	0.000546215
4.54288e-10	0.0005096
4.54334e-10	0.000472952
4.54381e-10	0.00043627
4.54427e-10	0.000399554
4.54474e-10	0.000362805
4.5452e-10	0.000326021
4.54567e-10	0.000289203
4.54613e-10	0.000252352
4.54659e-10	0.000215467
4.54706e-10	0.000178548
4.54752e-10	0.000141594
4.54799e-10	0.000104607
4.54845e-10	6.75862e-05
4.54891e-10	3.05311e-05
4.54938e-10	-6.55792e-06
4.54984e-10	-4.3681e-05
4.55031e-10	-8.0838e-05
4.55077e-10	-0.000118029
4.55124e-10	-0.000155254
4.5517e-10	-0.000192513
4.55216e-10	-0.000229806
4.55263e-10	-0.000267134
4.55309e-10	-0.000304495
4.55356e-10	-0.00034189
4.55402e-10	-0.00037932
4.55448e-10	-0.000416783
4.55495e-10	-0.000454281
4.55541e-10	-0.000491813
4.55588e-10	-0.000529379
4.55634e-10	-0.000566979
4.55681e-10	-0.000604614
4.55727e-10	-0.000642282
4.55773e-10	-0.000679985
4.5582e-10	-0.000717722
4.55866e-10	-0.000755493
4.55913e-10	-0.000793298
4.55959e-10	-0.000831138
4.56005e-10	-0.000869011
4.56052e-10	-0.00090692
4.56098e-10	-0.000944862
4.56145e-10	-0.000982838
4.56191e-10	-0.00102085
4.56238e-10	-0.00105889
4.56284e-10	-0.00109697
4.5633e-10	-0.00113509
4.56377e-10	-0.00117324
4.56423e-10	-0.00121142
4.5647e-10	-0.00124964
4.56516e-10	-0.00128789
4.56562e-10	-0.00132617
4.56609e-10	-0.00136449
4.56655e-10	-0.00140285
4.56702e-10	-0.00144124
4.56748e-10	-0.00147966
4.56795e-10	-0.00151812
4.56841e-10	-0.00155661
4.56887e-10	-0.00159514
4.56934e-10	-0.0016337
4.5698e-10	-0.00167229
4.57027e-10	-0.00171092
4.57073e-10	-0.00174959
4.57119e-10	-0.00178829
4.57166e-10	-0.00182702
4.57212e-10	-0.00186579
4.57259e-10	-0.00190459
4.57305e-10	-0.00194343
4.57352e-10	-0.0019823
4.57398e-10	-0.00202121
4.57444e-10	-0.00206015
4.57491e-10	-0.00209912
4.57537e-10	-0.00213813
4.57584e-10	-0.00217718
4.5763e-10	-0.00221626
4.57676e-10	-0.00225537
4.57723e-10	-0.00229452
4.57769e-10	-0.0023337
4.57816e-10	-0.00237292
4.57862e-10	-0.00241218
4.57909e-10	-0.00245146
4.57955e-10	-0.00249079
4.58001e-10	-0.00253014
4.58048e-10	-0.00256953
4.58094e-10	-0.00260896
4.58141e-10	-0.00264842
4.58187e-10	-0.00268792
4.58234e-10	-0.00272745
4.5828e-10	-0.00276701
4.58326e-10	-0.00280662
4.58373e-10	-0.00284625
4.58419e-10	-0.00288592
4.58466e-10	-0.00292563
4.58512e-10	-0.00296537
4.58558e-10	-0.00300514
4.58605e-10	-0.00304495
4.58651e-10	-0.00308479
4.58698e-10	-0.00312467
4.58744e-10	-0.00316459
4.58791e-10	-0.00320454
4.58837e-10	-0.00324452
4.58883e-10	-0.00328454
4.5893e-10	-0.00332459
4.58976e-10	-0.00336468
4.59023e-10	-0.00340481
4.59069e-10	-0.00344496
4.59115e-10	-0.00348516
4.59162e-10	-0.00352539
4.59208e-10	-0.00356565
4.59255e-10	-0.00360595
4.59301e-10	-0.00364628
4.59348e-10	-0.00368665
4.59394e-10	-0.00372706
4.5944e-10	-0.0037675
4.59487e-10	-0.00380797
4.59533e-10	-0.00384848
4.5958e-10	-0.00388902
4.59626e-10	-0.0039296
4.59672e-10	-0.00397022
4.59719e-10	-0.00401087
4.59765e-10	-0.00405155
4.59812e-10	-0.00409227
4.59858e-10	-0.00413303
4.59905e-10	-0.00417382
4.59951e-10	-0.00421464
4.59997e-10	-0.0042555
4.60044e-10	-0.0042964
4.6009e-10	-0.00433733
4.60137e-10	-0.0043783
4.60183e-10	-0.0044193
4.60229e-10	-0.00446033
4.60276e-10	-0.00450141
4.60322e-10	-0.00454251
4.60369e-10	-0.00458366
4.60415e-10	-0.00462483
4.60462e-10	-0.00466605
4.60508e-10	-0.0047073
4.60554e-10	-0.00474858
4.60601e-10	-0.0047899
4.60647e-10	-0.00483125
4.60694e-10	-0.00487264
4.6074e-10	-0.00491407
4.60786e-10	-0.00495553
4.60833e-10	-0.00499702
4.60879e-10	-0.00503856
4.60926e-10	-0.00508012
4.60972e-10	-0.00512173
4.61019e-10	-0.00516336
4.61065e-10	-0.00520504
4.61111e-10	-0.00524674
4.61158e-10	-0.00528849
4.61204e-10	-0.00533027
4.61251e-10	-0.00537208
4.61297e-10	-0.00541393
4.61343e-10	-0.00545582
4.6139e-10	-0.00549774
4.61436e-10	-0.0055397
4.61483e-10	-0.00558169
4.61529e-10	-0.00562372
4.61576e-10	-0.00566578
4.61622e-10	-0.00570788
4.61668e-10	-0.00575001
4.61715e-10	-0.00579218
4.61761e-10	-0.00583439
4.61808e-10	-0.00587663
4.61854e-10	-0.00591891
4.619e-10	-0.00596122
4.61947e-10	-0.00600357
4.61993e-10	-0.00604595
4.6204e-10	-0.00608837
4.62086e-10	-0.00613083
4.62133e-10	-0.00617332
4.62179e-10	-0.00621585
4.62225e-10	-0.00625841
4.62272e-10	-0.00630101
4.62318e-10	-0.00634364
4.62365e-10	-0.00638631
4.62411e-10	-0.00642901
4.62457e-10	-0.00647176
4.62504e-10	-0.00651453
4.6255e-10	-0.00655734
4.62597e-10	-0.00660019
4.62643e-10	-0.00664308
4.6269e-10	-0.006686
4.62736e-10	-0.00672895
4.62782e-10	-0.00677194
4.62829e-10	-0.00681497
4.62875e-10	-0.00685803
4.62922e-10	-0.00690113
4.62968e-10	-0.00694427
4.63015e-10	-0.00698744
4.63061e-10	-0.00703065
4.63107e-10	-0.00707389
4.63154e-10	-0.00711717
4.632e-10	-0.00716048
4.63247e-10	-0.00720383
4.63293e-10	-0.00724722
4.63339e-10	-0.00729064
4.63386e-10	-0.0073341
4.63432e-10	-0.00737759
4.63479e-10	-0.00742112
4.63525e-10	-0.00746469
4.63572e-10	-0.00750829
4.63618e-10	-0.00755193
4.63664e-10	-0.0075956
4.63711e-10	-0.00763931
4.63757e-10	-0.00768306
4.63804e-10	-0.00772684
4.6385e-10	-0.00777066
4.63896e-10	-0.00781451
4.63943e-10	-0.0078584
4.63989e-10	-0.00790233
4.64036e-10	-0.00794629
4.64082e-10	-0.00799029
4.64129e-10	-0.00803432
4.64175e-10	-0.00807839
4.64221e-10	-0.0081225
4.64268e-10	-0.00816664
4.64314e-10	-0.00821082
4.64361e-10	-0.00825504
4.64407e-10	-0.00829929
4.64453e-10	-0.00834357
4.645e-10	-0.0083879
4.64546e-10	-0.00843226
4.64593e-10	-0.00847665
4.64639e-10	-0.00852109
4.64686e-10	-0.00856556
4.64732e-10	-0.00861006
4.64778e-10	-0.0086546
4.64825e-10	-0.00869918
4.64871e-10	-0.00874379
4.64918e-10	-0.00878844
4.64964e-10	-0.00883313
4.6501e-10	-0.00887785
4.65057e-10	-0.00892261
4.65103e-10	-0.0089674
4.6515e-10	-0.00901223
4.65196e-10	-0.0090571
4.65243e-10	-0.00910201
4.65289e-10	-0.00914695
4.65335e-10	-0.00919192
4.65382e-10	-0.00923694
4.65428e-10	-0.00928199
4.65475e-10	-0.00932707
4.65521e-10	-0.00937219
4.65567e-10	-0.00941735
4.65614e-10	-0.00946255
4.6566e-10	-0.00950778
4.65707e-10	-0.00955305
4.65753e-10	-0.00959835
4.658e-10	-0.00964369
4.65846e-10	-0.00968907
4.65892e-10	-0.00973448
4.65939e-10	-0.00977993
4.65985e-10	-0.00982542
4.66032e-10	-0.00987094
4.66078e-10	-0.0099165
4.66124e-10	-0.0099621
4.66171e-10	-0.0100077
4.66217e-10	-0.0100534
4.66264e-10	-0.0100991
4.6631e-10	-0.0101448
4.66357e-10	-0.0101906
4.66403e-10	-0.0102364
4.66449e-10	-0.0102823
4.66496e-10	-0.0103282
4.66542e-10	-0.0103741
4.66589e-10	-0.0104201
4.66635e-10	-0.0104661
4.66681e-10	-0.0105121
4.66728e-10	-0.0105582
4.66774e-10	-0.0106043
4.66821e-10	-0.0106504
4.66867e-10	-0.0106966
4.66914e-10	-0.0107428
4.6696e-10	-0.0107891
4.67006e-10	-0.0108354
4.67053e-10	-0.0108817
4.67099e-10	-0.0109281
4.67146e-10	-0.0109745
4.67192e-10	-0.0110209
4.67238e-10	-0.0110674
4.67285e-10	-0.0111139
4.67331e-10	-0.0111605
4.67378e-10	-0.011207
4.67424e-10	-0.0112537
4.67471e-10	-0.0113003
4.67517e-10	-0.011347
4.67563e-10	-0.0113937
4.6761e-10	-0.0114405
4.67656e-10	-0.0114873
4.67703e-10	-0.0115342
4.67749e-10	-0.011581
4.67796e-10	-0.011628
4.67842e-10	-0.0116749
4.67888e-10	-0.0117219
4.67935e-10	-0.0117689
4.67981e-10	-0.011816
4.68028e-10	-0.0118631
4.68074e-10	-0.0119102
4.6812e-10	-0.0119574
4.68167e-10	-0.0120046
4.68213e-10	-0.0120519
4.6826e-10	-0.0120992
4.68306e-10	-0.0121465
4.68353e-10	-0.0121938
4.68399e-10	-0.0122412
4.68445e-10	-0.0122887
4.68492e-10	-0.0123362
4.68538e-10	-0.0123837
4.68585e-10	-0.0124312
4.68631e-10	-0.0124788
4.68677e-10	-0.0125264
4.68724e-10	-0.0125741
4.6877e-10	-0.0126218
4.68817e-10	-0.0126695
4.68863e-10	-0.0127173
4.6891e-10	-0.0127651
4.68956e-10	-0.0128129
4.69002e-10	-0.0128608
4.69049e-10	-0.0129087
4.69095e-10	-0.0129566
4.69142e-10	-0.0130046
4.69188e-10	-0.0130527
4.69234e-10	-0.0131007
4.69281e-10	-0.0131488
4.69327e-10	-0.013197
4.69374e-10	-0.0132451
4.6942e-10	-0.0132934
4.69467e-10	-0.0133416
4.69513e-10	-0.0133899
4.69559e-10	-0.0134382
4.69606e-10	-0.0134866
4.69652e-10	-0.013535
4.69699e-10	-0.0135834
4.69745e-10	-0.0136319
4.69791e-10	-0.0136804
4.69838e-10	-0.0137289
4.69884e-10	-0.0137775
4.69931e-10	-0.0138261
4.69977e-10	-0.0138748
4.70024e-10	-0.0139235
4.7007e-10	-0.0139722
4.70116e-10	-0.014021
4.70163e-10	-0.0140698
4.70209e-10	-0.0141187
4.70256e-10	-0.0141675
4.70302e-10	-0.0142165
4.70348e-10	-0.0142654
4.70395e-10	-0.0143144
4.70441e-10	-0.0143634
4.70488e-10	-0.0144125
4.70534e-10	-0.0144616
4.70581e-10	-0.0145108
4.70627e-10	-0.01456
4.70673e-10	-0.0146092
4.7072e-10	-0.0146584
4.70766e-10	-0.0147077
4.70813e-10	-0.0147571
4.70859e-10	-0.0148064
4.70905e-10	-0.0148558
4.70952e-10	-0.0149053
4.70998e-10	-0.0149548
4.71045e-10	-0.0150043
4.71091e-10	-0.0150538
4.71138e-10	-0.0151034
4.71184e-10	-0.0151531
4.7123e-10	-0.0152027
4.71277e-10	-0.0152524
4.71323e-10	-0.0153022
4.7137e-10	-0.015352
4.71416e-10	-0.0154018
4.71462e-10	-0.0154516
4.71509e-10	-0.0155015
4.71555e-10	-0.0155515
4.71602e-10	-0.0156014
4.71648e-10	-0.0156514
4.71695e-10	-0.0157015
4.71741e-10	-0.0157516
4.71787e-10	-0.0158017
4.71834e-10	-0.0158518
4.7188e-10	-0.015902
4.71927e-10	-0.0159523
4.71973e-10	-0.0160025
4.7202e-10	-0.0160528
4.72066e-10	-0.0161032
4.72112e-10	-0.0161536
4.72159e-10	-0.016204
4.72205e-10	-0.0162544
4.72252e-10	-0.0163049
4.72298e-10	-0.0163555
4.72344e-10	-0.016406
4.72391e-10	-0.0164566
4.72437e-10	-0.0165073
4.72484e-10	-0.016558
4.7253e-10	-0.0166087
4.72577e-10	-0.0166595
4.72623e-10	-0.0167103
4.72669e-10	-0.0167611
4.72716e-10	-0.016812
4.72762e-10	-0.0168629
4.72809e-10	-0.0169138
4.72855e-10	-0.0169648
4.72901e-10	-0.0170158
4.72948e-10	-0.0170669
4.72994e-10	-0.017118
4.73041e-10	-0.0171691
4.73087e-10	-0.0172203
4.73134e-10	-0.0172715
4.7318e-10	-0.0173228
4.73226e-10	-0.0173741
4.73273e-10	-0.0174254
4.73319e-10	-0.0174767
4.73366e-10	-0.0175281
4.73412e-10	-0.0175796
4.73458e-10	-0.0176311
4.73505e-10	-0.0176826
4.73551e-10	-0.0177341
4.73598e-10	-0.0177857
4.73644e-10	-0.0178373
4.73691e-10	-0.017889
4.73737e-10	-0.0179407
4.73783e-10	-0.0179925
4.7383e-10	-0.0180442
4.73876e-10	-0.0180961
4.73923e-10	-0.0181479
4.73969e-10	-0.0181998
4.74015e-10	-0.0182517
4.74062e-10	-0.0183037
4.74108e-10	-0.0183557
4.74155e-10	-0.0184078
4.74201e-10	-0.0184599
4.74248e-10	-0.018512
4.74294e-10	-0.0185641
4.7434e-10	-0.0186163
4.74387e-10	-0.0186686
4.74433e-10	-0.0187209
4.7448e-10	-0.0187732
4.74526e-10	-0.0188255
4.74572e-10	-0.0188779
4.74619e-10	-0.0189303
4.74665e-10	-0.0189828
4.74712e-10	-0.0190353
4.74758e-10	-0.0190878
4.74805e-10	-0.0191404
4.74851e-10	-0.019193
4.74897e-10	-0.0192457
4.74944e-10	-0.0192984
4.7499e-10	-0.0193511
4.75037e-10	-0.0194039
4.75083e-10	-0.0194567
4.75129e-10	-0.0195095
4.75176e-10	-0.0195624
4.75222e-10	-0.0196153
4.75269e-10	-0.0196683
4.75315e-10	-0.0197213
4.75362e-10	-0.0197743
4.75408e-10	-0.0198274
4.75454e-10	-0.0198805
4.75501e-10	-0.0199337
4.75547e-10	-0.0199869
4.75594e-10	-0.0200401
4.7564e-10	-0.0200934
4.75686e-10	-0.0201467
4.75733e-10	-0.0202
4.75779e-10	-0.0202534
4.75826e-10	-0.0203068
4.75872e-10	-0.0203603
4.75919e-10	-0.0204138
4.75965e-10	-0.0204673
4.76011e-10	-0.0205209
4.76058e-10	-0.0205745
4.76104e-10	-0.0206281
4.76151e-10	-0.0206818
4.76197e-10	-0.0207355
4.76243e-10	-0.0207893
4.7629e-10	-0.0208431
4.76336e-10	-0.0208969
4.76383e-10	-0.0209508
4.76429e-10	-0.0210047
4.76476e-10	-0.0210587
4.76522e-10	-0.0211127
4.76568e-10	-0.0211667
4.76615e-10	-0.0212208
4.76661e-10	-0.0212749
4.76708e-10	-0.021329
4.76754e-10	-0.0213832
4.76801e-10	-0.0214375
4.76847e-10	-0.0214917
4.76893e-10	-0.021546
4.7694e-10	-0.0216004
4.76986e-10	-0.0216547
4.77033e-10	-0.0217091
4.77079e-10	-0.0217636
4.77125e-10	-0.0218181
4.77172e-10	-0.0218726
4.77218e-10	-0.0219272
4.77265e-10	-0.0219818
4.77311e-10	-0.0220364
4.77358e-10	-0.0220911
4.77404e-10	-0.0221459
4.7745e-10	-0.0222006
4.77497e-10	-0.0222554
4.77543e-10	-0.0223103
4.7759e-10	-0.0223651
4.77636e-10	-0.0224201
4.77682e-10	-0.022475
4.77729e-10	-0.02253
4.77775e-10	-0.022585
4.77822e-10	-0.0226401
4.77868e-10	-0.0226952
4.77915e-10	-0.0227504
4.77961e-10	-0.0228055
4.78007e-10	-0.0228608
4.78054e-10	-0.022916
4.781e-10	-0.0229713
4.78147e-10	-0.0230267
4.78193e-10	-0.023082
4.78239e-10	-0.0231375
4.78286e-10	-0.0231929
4.78332e-10	-0.0232484
4.78379e-10	-0.0233039
4.78425e-10	-0.0233595
4.78472e-10	-0.0234151
4.78518e-10	-0.0234708
4.78564e-10	-0.0235265
4.78611e-10	-0.0235822
4.78657e-10	-0.023638
4.78704e-10	-0.0236938
4.7875e-10	-0.0237496
4.78796e-10	-0.0238055
4.78843e-10	-0.0238614
4.78889e-10	-0.0239174
4.78936e-10	-0.0239734
4.78982e-10	-0.0240294
4.79029e-10	-0.0240855
4.79075e-10	-0.0241416
4.79121e-10	-0.0241977
4.79168e-10	-0.0242539
4.79214e-10	-0.0243102
4.79261e-10	-0.0243664
4.79307e-10	-0.0244227
4.79353e-10	-0.0244791
4.794e-10	-0.0245355
4.79446e-10	-0.0245919
4.79493e-10	-0.0246483
4.79539e-10	-0.0247048
4.79586e-10	-0.0247614
4.79632e-10	-0.024818
4.79678e-10	-0.0248746
4.79725e-10	-0.0249312
4.79771e-10	-0.0249879
4.79818e-10	-0.0250447
4.79864e-10	-0.0251014
4.7991e-10	-0.0251582
4.79957e-10	-0.0252151
4.80003e-10	-0.025272
4.8005e-10	-0.0253289
4.80096e-10	-0.0253859
4.80143e-10	-0.0254429
4.80189e-10	-0.0254999
4.80235e-10	-0.025557
4.80282e-10	-0.0256141
4.80328e-10	-0.0256713
4.80375e-10	-0.0257285
4.80421e-10	-0.0257857
4.80467e-10	-0.025843
4.80514e-10	-0.0259003
4.8056e-10	-0.0259577
4.80607e-10	-0.0260151
4.80653e-10	-0.0260725
4.807e-10	-0.02613
4.80746e-10	-0.0261875
4.80792e-10	-0.026245
4.80839e-10	-0.0263026
4.80885e-10	-0.0263602
4.80932e-10	-0.0264179
4.80978e-10	-0.0264756
4.81024e-10	-0.0265333
4.81071e-10	-0.0265911
4.81117e-10	-0.0266489
4.81164e-10	-0.0267068
4.8121e-10	-0.0267647
4.81257e-10	-0.0268226
4.81303e-10	-0.0268806
4.81349e-10	-0.0269386
4.81396e-10	-0.0269967
4.81442e-10	-0.0270548
4.81489e-10	-0.0271129
4.81535e-10	-0.0271711
4.81582e-10	-0.0272293
4.81628e-10	-0.0272876
4.81674e-10	-0.0273459
4.81721e-10	-0.0274042
4.81767e-10	-0.0274625
4.81814e-10	-0.027521
4.8186e-10	-0.0275794
4.81906e-10	-0.0276379
4.81953e-10	-0.0276964
4.81999e-10	-0.027755
4.82046e-10	-0.0278136
4.82092e-10	-0.0278722
4.82139e-10	-0.0279309
4.82185e-10	-0.0279896
4.82231e-10	-0.0280484
4.82278e-10	-0.0281072
4.82324e-10	-0.028166
4.82371e-10	-0.0282249
4.82417e-10	-0.0282838
4.82463e-10	-0.0283427
4.8251e-10	-0.0284017
4.82556e-10	-0.0284608
4.82603e-10	-0.0285198
4.82649e-10	-0.028579
4.82696e-10	-0.0286381
4.82742e-10	-0.0286973
4.82788e-10	-0.0287565
4.82835e-10	-0.0288158
4.82881e-10	-0.0288751
4.82928e-10	-0.0289344
4.82974e-10	-0.0289938
4.8302e-10	-0.0290532
4.83067e-10	-0.0291127
4.83113e-10	-0.0291722
4.8316e-10	-0.0292318
4.83206e-10	-0.0292913
4.83253e-10	-0.029351
4.83299e-10	-0.0294106
4.83345e-10	-0.0294703
4.83392e-10	-0.02953
4.83438e-10	-0.0295898
4.83485e-10	-0.0296496
4.83531e-10	-0.0297095
4.83577e-10	-0.0297694
4.83624e-10	-0.0298293
4.8367e-10	-0.0298893
4.83717e-10	-0.0299493
4.83763e-10	-0.0300094
4.8381e-10	-0.0300694
4.83856e-10	-0.0301296
4.83902e-10	-0.0301897
4.83949e-10	-0.03025
4.83995e-10	-0.0303102
4.84042e-10	-0.0303705
4.84088e-10	-0.0304308
4.84134e-10	-0.0304912
4.84181e-10	-0.0305516
4.84227e-10	-0.030612
4.84274e-10	-0.0306725
4.8432e-10	-0.030733
4.84367e-10	-0.0307936
4.84413e-10	-0.0308542
4.84459e-10	-0.0309148
4.84506e-10	-0.0309755
4.84552e-10	-0.0310362
4.84599e-10	-0.031097
4.84645e-10	-0.0311578
4.84691e-10	-0.0312186
4.84738e-10	-0.0312795
4.84784e-10	-0.0313404
4.84831e-10	-0.0314014
4.84877e-10	-0.0314624
4.84924e-10	-0.0315234
4.8497e-10	-0.0315845
4.85016e-10	-0.0316456
4.85063e-10	-0.0317067
4.85109e-10	-0.0317679
4.85156e-10	-0.0318292
4.85202e-10	-0.0318904
4.85248e-10	-0.0319517
4.85295e-10	-0.0320131
4.85341e-10	-0.0320745
4.85388e-10	-0.0321359
4.85434e-10	-0.0321974
4.85481e-10	-0.0322589
4.85527e-10	-0.0323204
4.85573e-10	-0.032382
4.8562e-10	-0.0324436
4.85666e-10	-0.0325053
4.85713e-10	-0.032567
4.85759e-10	-0.0326287
4.85805e-10	-0.0326905
4.85852e-10	-0.0327523
4.85898e-10	-0.0328142
4.85945e-10	-0.0328761
4.85991e-10	-0.032938
4.86038e-10	-0.033
4.86084e-10	-0.033062
4.8613e-10	-0.0331241
4.86177e-10	-0.0331862
4.86223e-10	-0.0332483
4.8627e-10	-0.0333105
4.86316e-10	-0.0333727
4.86363e-10	-0.033435
4.86409e-10	-0.0334973
4.86455e-10	-0.0335596
4.86502e-10	-0.033622
4.86548e-10	-0.0336844
4.86595e-10	-0.0337469
4.86641e-10	-0.0338093
4.86687e-10	-0.0338719
4.86734e-10	-0.0339345
4.8678e-10	-0.0339971
4.86827e-10	-0.0340597
4.86873e-10	-0.0341224
4.8692e-10	-0.0341851
4.86966e-10	-0.0342479
4.87012e-10	-0.0343107
4.87059e-10	-0.0343736
4.87105e-10	-0.0344364
4.87152e-10	-0.0344994
4.87198e-10	-0.0345623
4.87244e-10	-0.0346254
4.87291e-10	-0.0346884
4.87337e-10	-0.0347515
4.87384e-10	-0.0348146
4.8743e-10	-0.0348778
4.87477e-10	-0.034941
4.87523e-10	-0.0350042
4.87569e-10	-0.0350675
4.87616e-10	-0.0351308
4.87662e-10	-0.0351942
4.87709e-10	-0.0352576
4.87755e-10	-0.035321
4.87801e-10	-0.0353845
4.87848e-10	-0.035448
4.87894e-10	-0.0355116
4.87941e-10	-0.0355752
4.87987e-10	-0.0356388
4.88034e-10	-0.0357025
4.8808e-10	-0.0357662
4.88126e-10	-0.03583
4.88173e-10	-0.0358938
4.88219e-10	-0.0359576
4.88266e-10	-0.0360215
4.88312e-10	-0.0360854
4.88358e-10	-0.0361494
4.88405e-10	-0.0362134
4.88451e-10	-0.0362774
4.88498e-10	-0.0363415
4.88544e-10	-0.0364056
4.88591e-10	-0.0364698
4.88637e-10	-0.036534
4.88683e-10	-0.0365982
4.8873e-10	-0.0366625
4.88776e-10	-0.0367268
4.88823e-10	-0.0367911
4.88869e-10	-0.0368555
4.88915e-10	-0.03692
4.88962e-10	-0.0369844
4.89008e-10	-0.037049
4.89055e-10	-0.0371135
4.89101e-10	-0.0371781
4.89148e-10	-0.0372427
4.89194e-10	-0.0373074
4.8924e-10	-0.0373721
4.89287e-10	-0.0374369
4.89333e-10	-0.0375016
4.8938e-10	-0.0375665
4.89426e-10	-0.0376313
4.89472e-10	-0.0376963
4.89519e-10	-0.0377612
4.89565e-10	-0.0378262
4.89612e-10	-0.0378912
4.89658e-10	-0.0379563
4.89705e-10	-0.0380214
4.89751e-10	-0.0380865
4.89797e-10	-0.0381517
4.89844e-10	-0.038217
4.8989e-10	-0.0382822
4.89937e-10	-0.0383475
4.89983e-10	-0.0384129
4.90029e-10	-0.0384783
4.90076e-10	-0.0385437
4.90122e-10	-0.0386092
4.90169e-10	-0.0386747
4.90215e-10	-0.0387402
4.90262e-10	-0.0388058
4.90308e-10	-0.0388714
4.90354e-10	-0.0389371
4.90401e-10	-0.0390028
4.90447e-10	-0.0390685
4.90494e-10	-0.0391343
4.9054e-10	-0.0392001
4.90586e-10	-0.039266
4.90633e-10	-0.0393319
4.90679e-10	-0.0393978
4.90726e-10	-0.0394638
4.90772e-10	-0.0395298
4.90819e-10	-0.0395959
4.90865e-10	-0.039662
4.90911e-10	-0.0397281
4.90958e-10	-0.0397943
4.91004e-10	-0.0398605
4.91051e-10	-0.0399268
4.91097e-10	-0.0399931
4.91144e-10	-0.0400594
4.9119e-10	-0.0401258
4.91236e-10	-0.0401923
4.91283e-10	-0.0402587
4.91329e-10	-0.0403252
4.91376e-10	-0.0403917
4.91422e-10	-0.0404583
4.91468e-10	-0.0405249
4.91515e-10	-0.0405916
4.91561e-10	-0.0406583
4.91608e-10	-0.040725
4.91654e-10	-0.0407918
4.91701e-10	-0.0408586
4.91747e-10	-0.0409255
4.91793e-10	-0.0409924
4.9184e-10	-0.0410593
4.91886e-10	-0.0411263
4.91933e-10	-0.0411933
4.91979e-10	-0.0412604
4.92025e-10	-0.0413275
4.92072e-10	-0.0413946
4.92118e-10	-0.0414618
4.92165e-10	-0.041529
4.92211e-10	-0.0415963
4.92258e-10	-0.0416636
4.92304e-10	-0.0417309
4.9235e-10	-0.0417983
4.92397e-10	-0.0418657
4.92443e-10	-0.0419331
4.9249e-10	-0.0420006
4.92536e-10	-0.0420682
4.92582e-10	-0.0421357
4.92629e-10	-0.0422034
4.92675e-10	-0.042271
4.92722e-10	-0.0423387
4.92768e-10	-0.0424064
4.92815e-10	-0.0424742
4.92861e-10	-0.042542
4.92907e-10	-0.0426099
4.92954e-10	-0.0426778
4.93e-10	-0.0427457
4.93047e-10	-0.0428137
4.93093e-10	-0.0428817
4.93139e-10	-0.0429497
4.93186e-10	-0.0430178
4.93232e-10	-0.043086
4.93279e-10	-0.0431541
4.93325e-10	-0.0432224
4.93372e-10	-0.0432906
4.93418e-10	-0.0433589
4.93464e-10	-0.0434272
4.93511e-10	-0.0434956
4.93557e-10	-0.043564
4.93604e-10	-0.0436325
4.9365e-10	-0.043701
4.93696e-10	-0.0437695
4.93743e-10	-0.0438381
4.93789e-10	-0.0439067
4.93836e-10	-0.0439753
4.93882e-10	-0.044044
4.93929e-10	-0.0441128
4.93975e-10	-0.0441815
4.94021e-10	-0.0442503
4.94068e-10	-0.0443192
4.94114e-10	-0.0443881
4.94161e-10	-0.044457
4.94207e-10	-0.044526
4.94253e-10	-0.044595
4.943e-10	-0.044664
4.94346e-10	-0.0447331
4.94393e-10	-0.0448023
4.94439e-10	-0.0448714
4.94486e-10	-0.0449406
4.94532e-10	-0.0450099
4.94578e-10	-0.0450792
4.94625e-10	-0.0451485
4.94671e-10	-0.0452179
4.94718e-10	-0.0452873
4.94764e-10	-0.0453567
4.9481e-10	-0.0454262
4.94857e-10	-0.0454957
4.94903e-10	-0.0455653
4.9495e-10	-0.0456349
4.94996e-10	-0.0457046
4.95043e-10	-0.0457743
4.95089e-10	-0.045844
4.95135e-10	-0.0459138
4.95182e-10	-0.0459836
4.95228e-10	-0.0460534
4.95275e-10	-0.0461233
4.95321e-10	-0.0461932
4.95368e-10	-0.0462632
4.95414e-10	-0.0463332
4.9546e-10	-0.0464033
4.95507e-10	-0.0464733
4.95553e-10	-0.0465435
4.956e-10	-0.0466136
4.95646e-10	-0.0466838
4.95692e-10	-0.0467541
4.95739e-10	-0.0468244
4.95785e-10	-0.0468947
4.95832e-10	-0.0469651
4.95878e-10	-0.0470355
4.95925e-10	-0.0471059
4.95971e-10	-0.0471764
4.96017e-10	-0.0472469
4.96064e-10	-0.0473175
4.9611e-10	-0.0473881
4.96157e-10	-0.0474588
4.96203e-10	-0.0475295
4.96249e-10	-0.0476002
4.96296e-10	-0.0476709
4.96342e-10	-0.0477418
4.96389e-10	-0.0478126
4.96435e-10	-0.0478835
4.96482e-10	-0.0479544
4.96528e-10	-0.0480254
4.96574e-10	-0.0480964
4.96621e-10	-0.0481674
4.96667e-10	-0.0482385
4.96714e-10	-0.0483096
4.9676e-10	-0.0483808
4.96806e-10	-0.048452
4.96853e-10	-0.0485233
4.96899e-10	-0.0485945
4.96946e-10	-0.0486659
4.96992e-10	-0.0487372
4.97039e-10	-0.0488086
4.97085e-10	-0.0488801
4.97131e-10	-0.0489516
4.97178e-10	-0.0490231
4.97224e-10	-0.0490947
4.97271e-10	-0.0491663
4.97317e-10	-0.0492379
4.97363e-10	-0.0493096
4.9741e-10	-0.0493813
4.97456e-10	-0.0494531
4.97503e-10	-0.0495249
4.97549e-10	-0.0495967
4.97596e-10	-0.0496686
4.97642e-10	-0.0497405
4.97688e-10	-0.0498125
4.97735e-10	-0.0498845
4.97781e-10	-0.0499566
4.97828e-10	-0.0500286
4.97874e-10	-0.0501008
4.9792e-10	-0.0501729
4.97967e-10	-0.0502451
4.98013e-10	-0.0503174
4.9806e-10	-0.0503897
4.98106e-10	-0.050462
4.98153e-10	-0.0505343
4.98199e-10	-0.0506067
4.98245e-10	-0.0506792
4.98292e-10	-0.0507517
4.98338e-10	-0.0508242
4.98385e-10	-0.0508968
4.98431e-10	-0.0509694
4.98477e-10	-0.051042
4.98524e-10	-0.0511147
4.9857e-10	-0.0511874
4.98617e-10	-0.0512602
4.98663e-10	-0.051333
4.9871e-10	-0.0514058
4.98756e-10	-0.0514787
4.98802e-10	-0.0515516
4.98849e-10	-0.0516246
4.98895e-10	-0.0516976
4.98942e-10	-0.0517706
4.98988e-10	-0.0518437
4.99034e-10	-0.0519168
4.99081e-10	-0.05199
4.99127e-10	-0.0520632
4.99174e-10	-0.0521364
4.9922e-10	-0.0522097
4.99267e-10	-0.052283
4.99313e-10	-0.0523564
4.99359e-10	-0.0524298
4.99406e-10	-0.0525032
4.99452e-10	-0.0525767
4.99499e-10	-0.0526502
4.99545e-10	-0.0527238
4.99591e-10	-0.0527974
4.99638e-10	-0.052871
4.99684e-10	-0.0529447
4.99731e-10	-0.0530184
4.99777e-10	-0.0530922
4.99824e-10	-0.053166
4.9987e-10	-0.0532398
4.99916e-10	-0.0533137
4.99963e-10	-0.0533876
5.00009e-10	-0.0534616
5.00056e-10	-0.0535356
5.00102e-10	-0.0536096
5.00149e-10	-0.0536837
5.00195e-10	-0.0537578
5.00241e-10	-0.053832
5.00288e-10	-0.0539062
5.00334e-10	-0.0539804
5.00381e-10	-0.0540547
5.00427e-10	-0.054129
5.00473e-10	-0.0542034
5.0052e-10	-0.0542778
5.00566e-10	-0.0543522
5.00613e-10	-0.0544267
5.00659e-10	-0.0545012
5.00706e-10	-0.0545758
5.00752e-10	-0.0546504
5.00798e-10	-0.054725
5.00845e-10	-0.0547997
5.00891e-10	-0.0548744
5.00938e-10	-0.0549492
5.00984e-10	-0.0550239
5.0103e-10	-0.0550988
5.01077e-10	-0.0551737
5.01123e-10	-0.0552486
5.0117e-10	-0.0553235
5.01216e-10	-0.0553985
5.01263e-10	-0.0554736
5.01309e-10	-0.0555486
5.01355e-10	-0.0556238
5.01402e-10	-0.0556989
5.01448e-10	-0.0557741
5.01495e-10	-0.0558493
5.01541e-10	-0.0559246
5.01587e-10	-0.0559999
5.01634e-10	-0.0560753
5.0168e-10	-0.0561507
5.01727e-10	-0.0562261
5.01773e-10	-0.0563016
5.0182e-10	-0.0563771
5.01866e-10	-0.0564527
5.01912e-10	-0.0565282
5.01959e-10	-0.0566039
5.02005e-10	-0.0566795
5.02052e-10	-0.0567553
5.02098e-10	-0.056831
5.02144e-10	-0.0569068
5.02191e-10	-0.0569826
5.02237e-10	-0.0570585
5.02284e-10	-0.0571344
5.0233e-10	-0.0572104
5.02377e-10	-0.0572864
5.02423e-10	-0.0573624
5.02469e-10	-0.0574385
5.02516e-10	-0.0575146
5.02562e-10	-0.0575907
5.02609e-10	-0.0576669
5.02655e-10	-0.0577431
5.02701e-10	-0.0578194
5.02748e-10	-0.0578957
5.02794e-10	-0.0579721
5.02841e-10	-0.0580485
5.02887e-10	-0.0581249
5.02934e-10	-0.0582014
5.0298e-10	-0.0582779
5.03026e-10	-0.0583544
5.03073e-10	-0.058431
5.03119e-10	-0.0585076
5.03166e-10	-0.0585843
5.03212e-10	-0.058661
5.03258e-10	-0.0587377
5.03305e-10	-0.0588145
5.03351e-10	-0.0588914
5.03398e-10	-0.0589682
5.03444e-10	-0.0590451
5.03491e-10	-0.0591221
5.03537e-10	-0.0591991
5.03583e-10	-0.0592761
5.0363e-10	-0.0593532
5.03676e-10	-0.0594303
5.03723e-10	-0.0595074
5.03769e-10	-0.0595846
5.03815e-10	-0.0596618
5.03862e-10	-0.0597391
5.03908e-10	-0.0598164
5.03955e-10	-0.0598937
5.04001e-10	-0.0599711
5.04048e-10	-0.0600485
5.04094e-10	-0.060126
5.0414e-10	-0.0602035
5.04187e-10	-0.060281
5.04233e-10	-0.0603586
5.0428e-10	-0.0604362
5.04326e-10	-0.0605139
5.04372e-10	-0.0605916
5.04419e-10	-0.0606693
5.04465e-10	-0.0607471
5.04512e-10	-0.0608249
5.04558e-10	-0.0609028
5.04605e-10	-0.0609807
5.04651e-10	-0.0610586
5.04697e-10	-0.0611366
5.04744e-10	-0.0612146
5.0479e-10	-0.0612927
5.04837e-10	-0.0613708
5.04883e-10	-0.0614489
5.0493e-10	-0.0615271
5.04976e-10	-0.0616053
5.05022e-10	-0.0616835
5.05069e-10	-0.0617618
5.05115e-10	-0.0618402
5.05162e-10	-0.0619185
5.05208e-10	-0.0619969
5.05254e-10	-0.0620754
5.05301e-10	-0.0621539
5.05347e-10	-0.0622324
5.05394e-10	-0.062311
5.0544e-10	-0.0623896
5.05487e-10	-0.0624683
5.05533e-10	-0.0625469
5.05579e-10	-0.0626257
5.05626e-10	-0.0627044
5.05672e-10	-0.0627833
5.05719e-10	-0.0628621
5.05765e-10	-0.062941
5.05811e-10	-0.0630199
5.05858e-10	-0.0630989
5.05904e-10	-0.0631779
5.05951e-10	-0.0632569
5.05997e-10	-0.063336
5.06044e-10	-0.0634152
5.0609e-10	-0.0634943
5.06136e-10	-0.0635735
5.06183e-10	-0.0636528
5.06229e-10	-0.0637321
5.06276e-10	-0.0638114
5.06322e-10	-0.0638907
5.06368e-10	-0.0639701
5.06415e-10	-0.0640496
5.06461e-10	-0.0641291
5.06508e-10	-0.0642086
5.06554e-10	-0.0642881
5.06601e-10	-0.0643677
5.06647e-10	-0.0644474
5.06693e-10	-0.0645271
5.0674e-10	-0.0646068
5.06786e-10	-0.0646865
5.06833e-10	-0.0647663
5.06879e-10	-0.0648462
5.06925e-10	-0.064926
5.06972e-10	-0.065006
5.07018e-10	-0.0650859
5.07065e-10	-0.0651659
5.07111e-10	-0.0652459
5.07158e-10	-0.065326
5.07204e-10	-0.0654061
5.0725e-10	-0.0654863
5.07297e-10	-0.0655665
5.07343e-10	-0.0656467
5.0739e-10	-0.065727
5.07436e-10	-0.0658073
5.07482e-10	-0.0658876
5.07529e-10	-0.065968
5.07575e-10	-0.0660485
5.07622e-10	-0.0661289
5.07668e-10	-0.0662094
5.07715e-10	-0.06629
5.07761e-10	-0.0663706
5.07807e-10	-0.0664512
5.07854e-10	-0.0665318
5.079e-10	-0.0666125
5.07947e-10	-0.0666933
5.07993e-10	-0.0667741
5.08039e-10	-0.0668549
5.08086e-10	-0.0669358
5.08132e-10	-0.0670167
5.08179e-10	-0.0670976
5.08225e-10	-0.0671786
5.08272e-10	-0.0672596
5.08318e-10	-0.0673407
5.08364e-10	-0.0674217
5.08411e-10	-0.0675029
5.08457e-10	-0.0675841
5.08504e-10	-0.0676653
5.0855e-10	-0.0677465
5.08596e-10	-0.0678278
5.08643e-10	-0.0679092
5.08689e-10	-0.0679905
5.08736e-10	-0.0680719
5.08782e-10	-0.0681534
5.08829e-10	-0.0682349
5.08875e-10	-0.0683164
5.08921e-10	-0.068398
5.08968e-10	-0.0684796
5.09014e-10	-0.0685612
5.09061e-10	-0.0686429
5.09107e-10	-0.0687247
5.09153e-10	-0.0688064
5.092e-10	-0.0688882
5.09246e-10	-0.0689701
5.09293e-10	-0.069052
5.09339e-10	-0.0691339
5.09386e-10	-0.0692158
5.09432e-10	-0.0692978
5.09478e-10	-0.0693799
5.09525e-10	-0.0694619
5.09571e-10	-0.0695441
5.09618e-10	-0.0696262
5.09664e-10	-0.0697084
5.09711e-10	-0.0697907
5.09757e-10	-0.0698729
5.09803e-10	-0.0699552
5.0985e-10	-0.0700376
5.09896e-10	-0.07012
5.09943e-10	-0.0702024
5.09989e-10	-0.0702849
5.10035e-10	-0.0703674
5.10082e-10	-0.07045
5.10128e-10	-0.0705325
5.10175e-10	-0.0706152
5.10221e-10	-0.0706978
5.10268e-10	-0.0707805
5.10314e-10	-0.0708633
5.1036e-10	-0.0709461
5.10407e-10	-0.0710289
5.10453e-10	-0.0711118
5.105e-10	-0.0711946
5.10546e-10	-0.0712776
5.10592e-10	-0.0713606
5.10639e-10	-0.0714436
5.10685e-10	-0.0715266
5.10732e-10	-0.0716097
5.10778e-10	-0.0716929
5.10825e-10	-0.071776
5.10871e-10	-0.0718593
5.10917e-10	-0.0719425
5.10964e-10	-0.0720258
5.1101e-10	-0.0721091
5.11057e-10	-0.0721925
5.11103e-10	-0.0722759
5.11149e-10	-0.0723594
5.11196e-10	-0.0724429
5.11242e-10	-0.0725264
5.11289e-10	-0.0726099
5.11335e-10	-0.0726935
5.11382e-10	-0.0727772
5.11428e-10	-0.0728609
5.11474e-10	-0.0729446
5.11521e-10	-0.0730283
5.11567e-10	-0.0731121
5.11614e-10	-0.073196
5.1166e-10	-0.0732799
5.11706e-10	-0.0733638
5.11753e-10	-0.0734477
5.11799e-10	-0.0735317
5.11846e-10	-0.0736157
5.11892e-10	-0.0736998
5.11939e-10	-0.0737839
5.11985e-10	-0.0738681
5.12031e-10	-0.0739523
5.12078e-10	-0.0740365
5.12124e-10	-0.0741208
5.12171e-10	-0.0742051
5.12217e-10	-0.0742894
5.12263e-10	-0.0743738
5.1231e-10	-0.0744582
5.12356e-10	-0.0745427
5.12403e-10	-0.0746272
5.12449e-10	-0.0747117
5.12496e-10	-0.0747963
5.12542e-10	-0.0748809
5.12588e-10	-0.0749655
5.12635e-10	-0.0750502
5.12681e-10	-0.075135
5.12728e-10	-0.0752197
5.12774e-10	-0.0753045
5.1282e-10	-0.0753894
5.12867e-10	-0.0754743
5.12913e-10	-0.0755592
5.1296e-10	-0.0756442
5.13006e-10	-0.0757292
5.13053e-10	-0.0758142
5.13099e-10	-0.0758993
5.13145e-10	-0.0759844
5.13192e-10	-0.0760695
5.13238e-10	-0.0761547
5.13285e-10	-0.07624
5.13331e-10	-0.0763252
5.13377e-10	-0.0764106
5.13424e-10	-0.0764959
5.1347e-10	-0.0765813
5.13517e-10	-0.0766667
5.13563e-10	-0.0767522
5.1361e-10	-0.0768377
5.13656e-10	-0.0769232
5.13702e-10	-0.0770088
5.13749e-10	-0.0770944
5.13795e-10	-0.0771801
5.13842e-10	-0.0772658
5.13888e-10	-0.0773515
5.13934e-10	-0.0774373
5.13981e-10	-0.0775231
5.14027e-10	-0.077609
5.14074e-10	-0.0776949
5.1412e-10	-0.0777808
5.14167e-10	-0.0778668
5.14213e-10	-0.0779528
5.14259e-10	-0.0780388
5.14306e-10	-0.0781249
5.14352e-10	-0.078211
5.14399e-10	-0.0782972
5.14445e-10	-0.0783834
5.14492e-10	-0.0784696
5.14538e-10	-0.0785559
5.14584e-10	-0.0786422
5.14631e-10	-0.0787285
5.14677e-10	-0.0788149
5.14724e-10	-0.0789014
5.1477e-10	-0.0789878
5.14816e-10	-0.0790743
5.14863e-10	-0.0791609
5.14909e-10	-0.0792475
5.14956e-10	-0.0793341
5.15002e-10	-0.0794208
5.15049e-10	-0.0795075
5.15095e-10	-0.0795942
5.15141e-10	-0.079681
5.15188e-10	-0.0797678
5.15234e-10	-0.0798546
5.15281e-10	-0.0799415
5.15327e-10	-0.0800284
5.15373e-10	-0.0801154
5.1542e-10	-0.0802024
5.15466e-10	-0.0802895
5.15513e-10	-0.0803765
5.15559e-10	-0.0804637
5.15606e-10	-0.0805508
5.15652e-10	-0.080638
5.15698e-10	-0.0807253
5.15745e-10	-0.0808125
5.15791e-10	-0.0808998
5.15838e-10	-0.0809872
5.15884e-10	-0.0810746
5.1593e-10	-0.081162
5.15977e-10	-0.0812495
5.16023e-10	-0.081337
5.1607e-10	-0.0814245
5.16116e-10	-0.0815121
5.16163e-10	-0.0815997
5.16209e-10	-0.0816874
5.16255e-10	-0.0817751
5.16302e-10	-0.0818628
5.16348e-10	-0.0819506
5.16395e-10	-0.0820384
5.16441e-10	-0.0821262
5.16487e-10	-0.0822141
5.16534e-10	-0.082302
5.1658e-10	-0.08239
5.16627e-10	-0.082478
5.16673e-10	-0.082566
5.1672e-10	-0.0826541
5.16766e-10	-0.0827422
5.16812e-10	-0.0828304
5.16859e-10	-0.0829185
5.16905e-10	-0.0830068
5.16952e-10	-0.083095
5.16998e-10	-0.0831833
5.17044e-10	-0.0832717
5.17091e-10	-0.0833601
5.17137e-10	-0.0834485
5.17184e-10	-0.0835369
5.1723e-10	-0.0836254
5.17277e-10	-0.083714
5.17323e-10	-0.0838025
5.17369e-10	-0.0838911
5.17416e-10	-0.0839798
5.17462e-10	-0.0840685
5.17509e-10	-0.0841572
5.17555e-10	-0.0842459
5.17601e-10	-0.0843347
5.17648e-10	-0.0844236
5.17694e-10	-0.0845124
5.17741e-10	-0.0846014
5.17787e-10	-0.0846903
5.17834e-10	-0.0847793
5.1788e-10	-0.0848683
5.17926e-10	-0.0849574
5.17973e-10	-0.0850465
5.18019e-10	-0.0851356
5.18066e-10	-0.0852248
5.18112e-10	-0.085314
5.18158e-10	-0.0854033
5.18205e-10	-0.0854926
5.18251e-10	-0.0855819
5.18298e-10	-0.0856712
5.18344e-10	-0.0857606
5.18391e-10	-0.0858501
5.18437e-10	-0.0859396
5.18483e-10	-0.0860291
5.1853e-10	-0.0861186
5.18576e-10	-0.0862082
5.18623e-10	-0.0862979
5.18669e-10	-0.0863875
5.18716e-10	-0.0864772
5.18762e-10	-0.086567
5.18808e-10	-0.0866567
5.18855e-10	-0.0867466
5.18901e-10	-0.0868364
5.18948e-10	-0.0869263
5.18994e-10	-0.0870162
5.1904e-10	-0.0871062
5.19087e-10	-0.0871962
5.19133e-10	-0.0872863
5.1918e-10	-0.0873763
5.19226e-10	-0.0874665
5.19273e-10	-0.0875566
5.19319e-10	-0.0876468
5.19365e-10	-0.087737
5.19412e-10	-0.0878273
5.19458e-10	-0.0879176
5.19505e-10	-0.088008
5.19551e-10	-0.0880983
5.19597e-10	-0.0881888
5.19644e-10	-0.0882792
5.1969e-10	-0.0883697
5.19737e-10	-0.0884602
5.19783e-10	-0.0885508
5.1983e-10	-0.0886414
5.19876e-10	-0.088732
5.19922e-10	-0.0888227
5.19969e-10	-0.0889134
5.20015e-10	-0.0890042
5.20062e-10	-0.089095
5.20108e-10	-0.0891858
5.20154e-10	-0.0892767
5.20201e-10	-0.0893676
5.20247e-10	-0.0894585
5.20294e-10	-0.0895495
5.2034e-10	-0.0896405
5.20387e-10	-0.0897316
5.20433e-10	-0.0898227
5.20479e-10	-0.0899138
5.20526e-10	-0.090005
5.20572e-10	-0.0900962
5.20619e-10	-0.0901874
5.20665e-10	-0.0902787
5.20711e-10	-0.09037
5.20758e-10	-0.0904614
5.20804e-10	-0.0905528
5.20851e-10	-0.0906442
5.20897e-10	-0.0907357
5.20944e-10	-0.0908272
5.2099e-10	-0.0909187
5.21036e-10	-0.0910103
5.21083e-10	-0.0911019
5.21129e-10	-0.0911935
5.21176e-10	-0.0912852
5.21222e-10	-0.0913769
5.21268e-10	-0.0914687
5.21315e-10	-0.0915605
5.21361e-10	-0.0916523
5.21408e-10	-0.0917442
5.21454e-10	-0.0918361
5.21501e-10	-0.0919281
5.21547e-10	-0.09202
5.21593e-10	-0.0921121
5.2164e-10	-0.0922041
5.21686e-10	-0.0922962
5.21733e-10	-0.0923884
5.21779e-10	-0.0924805
5.21825e-10	-0.0925727
5.21872e-10	-0.092665
5.21918e-10	-0.0927572
5.21965e-10	-0.0928496
5.22011e-10	-0.0929419
5.22058e-10	-0.0930343
5.22104e-10	-0.0931267
5.2215e-10	-0.0932192
5.22197e-10	-0.0933117
5.22243e-10	-0.0934042
5.2229e-10	-0.0934968
5.22336e-10	-0.0935894
5.22382e-10	-0.0936821
5.22429e-10	-0.0937748
5.22475e-10	-0.0938675
5.22522e-10	-0.0939602
5.22568e-10	-0.094053
5.22615e-10	-0.0941459
5.22661e-10	-0.0942387
5.22707e-10	-0.0943316
5.22754e-10	-0.0944246
5.228e-10	-0.0945176
5.22847e-10	-0.0946106
5.22893e-10	-0.0947036
5.22939e-10	-0.0947967
5.22986e-10	-0.0948899
5.23032e-10	-0.094983
5.23079e-10	-0.0950762
5.23125e-10	-0.0951695
5.23172e-10	-0.0952627
5.23218e-10	-0.095356
5.23264e-10	-0.0954494
5.23311e-10	-0.0955428
5.23357e-10	-0.0956362
5.23404e-10	-0.0957296
5.2345e-10	-0.0958231
5.23497e-10	-0.0959167
5.23543e-10	-0.0960102
5.23589e-10	-0.0961038
5.23636e-10	-0.0961975
5.23682e-10	-0.0962911
5.23729e-10	-0.0963849
5.23775e-10	-0.0964786
5.23821e-10	-0.0965724
5.23868e-10	-0.0966662
5.23914e-10	-0.0967601
5.23961e-10	-0.096854
5.24007e-10	-0.0969479
5.24054e-10	-0.0970419
5.241e-10	-0.0971359
5.24146e-10	-0.0972299
5.24193e-10	-0.097324
5.24239e-10	-0.0974181
5.24286e-10	-0.0975122
5.24332e-10	-0.0976064
5.24378e-10	-0.0977006
5.24425e-10	-0.0977949
5.24471e-10	-0.0978892
5.24518e-10	-0.0979835
5.24564e-10	-0.0980779
5.24611e-10	-0.0981723
5.24657e-10	-0.0982667
5.24703e-10	-0.0983612
5.2475e-10	-0.0984557
5.24796e-10	-0.0985503
5.24843e-10	-0.0986448
5.24889e-10	-0.0987395
5.24935e-10	-0.0988341
5.24982e-10	-0.0989288
5.25028e-10	-0.0990235
5.25075e-10	-0.0991183
5.25121e-10	-0.0992131
5.25168e-10	-0.0993079
5.25214e-10	-0.0994028
5.2526e-10	-0.0994977
5.25307e-10	-0.0995927
5.25353e-10	-0.0996876
5.254e-10	-0.0997827
5.25446e-10	-0.0998777
5.25492e-10	-0.0999728
5.25539e-10	-0.100068
5.25585e-10	-0.100163
5.25632e-10	-0.100258
5.25678e-10	-0.100354
5.25725e-10	-0.100449
5.25771e-10	-0.100544
5.25817e-10	-0.100639
5.25864e-10	-0.100735
5.2591e-10	-0.10083
5.25957e-10	-0.100926
5.26003e-10	-0.101021
5.26049e-10	-0.101117
5.26096e-10	-0.101212
5.26142e-10	-0.101308
5.26189e-10	-0.101403
5.26235e-10	-0.101499
5.26282e-10	-0.101595
5.26328e-10	-0.101691
5.26374e-10	-0.101786
5.26421e-10	-0.101882
5.26467e-10	-0.101978
5.26514e-10	-0.102074
5.2656e-10	-0.10217
5.26606e-10	-0.102266
5.26653e-10	-0.102362
5.26699e-10	-0.102458
5.26746e-10	-0.102554
5.26792e-10	-0.10265
5.26839e-10	-0.102746
5.26885e-10	-0.102842
5.26931e-10	-0.102938
5.26978e-10	-0.103035
5.27024e-10	-0.103131
5.27071e-10	-0.103227
5.27117e-10	-0.103323
5.27163e-10	-0.10342
5.2721e-10	-0.103516
5.27256e-10	-0.103613
5.27303e-10	-0.103709
5.27349e-10	-0.103806
5.27396e-10	-0.103902
5.27442e-10	-0.103999
5.27488e-10	-0.104095
5.27535e-10	-0.104192
5.27581e-10	-0.104289
5.27628e-10	-0.104386
5.27674e-10	-0.104482
5.2772e-10	-0.104579
5.27767e-10	-0.104676
5.27813e-10	-0.104773
5.2786e-10	-0.10487
5.27906e-10	-0.104967
5.27953e-10	-0.105064
5.27999e-10	-0.105161
5.28045e-10	-0.105258
5.28092e-10	-0.105355
5.28138e-10	-0.105452
5.28185e-10	-0.105549
5.28231e-10	-0.105646
5.28278e-10	-0.105743
5.28324e-10	-0.105841
5.2837e-10	-0.105938
5.28417e-10	-0.106035
5.28463e-10	-0.106133
5.2851e-10	-0.10623
5.28556e-10	-0.106328
5.28602e-10	-0.106425
5.28649e-10	-0.106523
5.28695e-10	-0.10662
5.28742e-10	-0.106718
5.28788e-10	-0.106815
5.28835e-10	-0.106913
5.28881e-10	-0.107011
5.28927e-10	-0.107108
5.28974e-10	-0.107206
5.2902e-10	-0.107304
5.29067e-10	-0.107402
5.29113e-10	-0.107499
5.29159e-10	-0.107597
5.29206e-10	-0.107695
5.29252e-10	-0.107793
5.29299e-10	-0.107891
5.29345e-10	-0.107989
5.29392e-10	-0.108087
5.29438e-10	-0.108185
5.29484e-10	-0.108284
5.29531e-10	-0.108382
5.29577e-10	-0.10848
5.29624e-10	-0.108578
5.2967e-10	-0.108676
5.29716e-10	-0.108775
5.29763e-10	-0.108873
5.29809e-10	-0.108971
5.29856e-10	-0.10907
5.29902e-10	-0.109168
5.29949e-10	-0.109267
5.29995e-10	-0.109365
5.30041e-10	-0.109464
5.30088e-10	-0.109562
5.30134e-10	-0.109661
5.30181e-10	-0.10976
5.30227e-10	-0.109858
5.30273e-10	-0.109957
5.3032e-10	-0.110056
5.30366e-10	-0.110155
5.30413e-10	-0.110253
5.30459e-10	-0.110352
5.30506e-10	-0.110451
5.30552e-10	-0.11055
5.30598e-10	-0.110649
5.30645e-10	-0.110748
5.30691e-10	-0.110847
5.30738e-10	-0.110946
5.30784e-10	-0.111045
5.3083e-10	-0.111144
5.30877e-10	-0.111244
5.30923e-10	-0.111343
5.3097e-10	-0.111442
5.31016e-10	-0.111541
5.31063e-10	-0.111641
5.31109e-10	-0.11174
5.31155e-10	-0.111839
5.31202e-10	-0.111939
5.31248e-10	-0.112038
5.31295e-10	-0.112138
5.31341e-10	-0.112237
5.31387e-10	-0.112337
5.31434e-10	-0.112436
5.3148e-10	-0.112536
5.31527e-10	-0.112635
5.31573e-10	-0.112735
5.3162e-10	-0.112835
5.31666e-10	-0.112935
5.31712e-10	-0.113034
5.31759e-10	-0.113134
5.31805e-10	-0.113234
5.31852e-10	-0.113334
5.31898e-10	-0.113434
5.31944e-10	-0.113534
5.31991e-10	-0.113634
5.32037e-10	-0.113734
5.32084e-10	-0.113834
5.3213e-10	-0.113934
5.32177e-10	-0.114034
5.32223e-10	-0.114134
5.32269e-10	-0.114234
5.32316e-10	-0.114335
5.32362e-10	-0.114435
5.32409e-10	-0.114535
5.32455e-10	-0.114635
5.32501e-10	-0.114736
5.32548e-10	-0.114836
5.32594e-10	-0.114937
5.32641e-10	-0.115037
5.32687e-10	-0.115138
5.32734e-10	-0.115238
5.3278e-10	-0.115339
5.32826e-10	-0.115439
5.32873e-10	-0.11554
5.32919e-10	-0.115641
5.32966e-10	-0.115741
5.33012e-10	-0.115842
5.33059e-10	-0.115943
5.33105e-10	-0.116044
5.33151e-10	-0.116144
5.33198e-10	-0.116245
5.33244e-10	-0.116346
5.33291e-10	-0.116447
5.33337e-10	-0.116548
5.33383e-10	-0.116649
5.3343e-10	-0.11675
5.33476e-10	-0.116851
5.33523e-10	-0.116952
5.33569e-10	-0.117053
5.33616e-10	-0.117154
5.33662e-10	-0.117256
5.33708e-10	-0.117357
5.33755e-10	-0.117458
5.33801e-10	-0.117559
5.33848e-10	-0.117661
5.33894e-10	-0.117762
5.3394e-10	-0.117863
5.33987e-10	-0.117965
5.34033e-10	-0.118066
5.3408e-10	-0.118168
5.34126e-10	-0.118269
5.34173e-10	-0.118371
5.34219e-10	-0.118473
5.34265e-10	-0.118574
5.34312e-10	-0.118676
5.34358e-10	-0.118777
5.34405e-10	-0.118879
5.34451e-10	-0.118981
5.34497e-10	-0.119083
5.34544e-10	-0.119185
5.3459e-10	-0.119286
5.34637e-10	-0.119388
5.34683e-10	-0.11949
5.3473e-10	-0.119592
5.34776e-10	-0.119694
5.34822e-10	-0.119796
5.34869e-10	-0.119898
5.34915e-10	-0.12
5.34962e-10	-0.120102
5.35008e-10	-0.120205
5.35054e-10	-0.120307
5.35101e-10	-0.120409
5.35147e-10	-0.120511
5.35194e-10	-0.120614
5.3524e-10	-0.120716
5.35287e-10	-0.120818
5.35333e-10	-0.120921
5.35379e-10	-0.121023
5.35426e-10	-0.121125
5.35472e-10	-0.121228
5.35519e-10	-0.12133
5.35565e-10	-0.121433
5.35611e-10	-0.121535
5.35658e-10	-0.121638
5.35704e-10	-0.121741
5.35751e-10	-0.121843
5.35797e-10	-0.121946
5.35844e-10	-0.122049
5.3589e-10	-0.122152
5.35936e-10	-0.122254
5.35983e-10	-0.122357
5.36029e-10	-0.12246
5.36076e-10	-0.122563
5.36122e-10	-0.122666
5.36168e-10	-0.122769
5.36215e-10	-0.122872
5.36261e-10	-0.122975
5.36308e-10	-0.123078
5.36354e-10	-0.123181
5.36401e-10	-0.123284
5.36447e-10	-0.123387
5.36493e-10	-0.12349
5.3654e-10	-0.123594
5.36586e-10	-0.123697
5.36633e-10	-0.1238
5.36679e-10	-0.123904
5.36725e-10	-0.124007
5.36772e-10	-0.12411
5.36818e-10	-0.124214
5.36865e-10	-0.124317
5.36911e-10	-0.124421
5.36958e-10	-0.124524
5.37004e-10	-0.124628
5.3705e-10	-0.124731
5.37097e-10	-0.124835
5.37143e-10	-0.124938
5.3719e-10	-0.125042
5.37236e-10	-0.125146
5.37282e-10	-0.12525
5.37329e-10	-0.125353
5.37375e-10	-0.125457
5.37422e-10	-0.125561
5.37468e-10	-0.125665
5.37515e-10	-0.125769
5.37561e-10	-0.125873
5.37607e-10	-0.125977
5.37654e-10	-0.126081
5.377e-10	-0.126185
5.37747e-10	-0.126289
5.37793e-10	-0.126393
5.3784e-10	-0.126497
5.37886e-10	-0.126601
5.37932e-10	-0.126705
5.37979e-10	-0.126809
5.38025e-10	-0.126914
5.38072e-10	-0.127018
5.38118e-10	-0.127122
5.38164e-10	-0.127226
5.38211e-10	-0.127331
5.38257e-10	-0.127435
5.38304e-10	-0.12754
5.3835e-10	-0.127644
5.38397e-10	-0.127749
5.38443e-10	-0.127853
5.38489e-10	-0.127958
5.38536e-10	-0.128062
5.38582e-10	-0.128167
5.38629e-10	-0.128271
5.38675e-10	-0.128376
5.38721e-10	-0.128481
5.38768e-10	-0.128586
5.38814e-10	-0.12869
5.38861e-10	-0.128795
5.38907e-10	-0.1289
5.38954e-10	-0.129005
5.39e-10	-0.12911
5.39046e-10	-0.129215
5.39093e-10	-0.12932
5.39139e-10	-0.129425
5.39186e-10	-0.12953
5.39232e-10	-0.129635
5.39278e-10	-0.12974
5.39325e-10	-0.129845
5.39371e-10	-0.12995
5.39418e-10	-0.130055
5.39464e-10	-0.13016
5.39511e-10	-0.130266
5.39557e-10	-0.130371
5.39603e-10	-0.130476
5.3965e-10	-0.130581
5.39696e-10	-0.130687
5.39743e-10	-0.130792
5.39789e-10	-0.130898
5.39835e-10	-0.131003
5.39882e-10	-0.131108
5.39928e-10	-0.131214
5.39975e-10	-0.131319
5.40021e-10	-0.131425
5.40068e-10	-0.131531
5.40114e-10	-0.131636
5.4016e-10	-0.131742
5.40207e-10	-0.131848
5.40253e-10	-0.131953
5.403e-10	-0.132059
5.40346e-10	-0.132165
5.40392e-10	-0.132271
5.40439e-10	-0.132377
5.40485e-10	-0.132482
5.40532e-10	-0.132588
5.40578e-10	-0.132694
5.40625e-10	-0.1328
5.40671e-10	-0.132906
5.40717e-10	-0.133012
5.40764e-10	-0.133118
5.4081e-10	-0.133224
5.40857e-10	-0.13333
5.40903e-10	-0.133437
5.40949e-10	-0.133543
5.40996e-10	-0.133649
5.41042e-10	-0.133755
5.41089e-10	-0.133861
5.41135e-10	-0.133968
5.41182e-10	-0.134074
5.41228e-10	-0.13418
5.41274e-10	-0.134287
5.41321e-10	-0.134393
5.41367e-10	-0.1345
5.41414e-10	-0.134606
5.4146e-10	-0.134713
5.41506e-10	-0.134819
5.41553e-10	-0.134926
5.41599e-10	-0.135032
5.41646e-10	-0.135139
5.41692e-10	-0.135246
5.41739e-10	-0.135352
5.41785e-10	-0.135459
5.41831e-10	-0.135566
5.41878e-10	-0.135673
5.41924e-10	-0.135779
5.41971e-10	-0.135886
5.42017e-10	-0.135993
5.42063e-10	-0.1361
5.4211e-10	-0.136207
5.42156e-10	-0.136314
5.42203e-10	-0.136421
5.42249e-10	-0.136528
5.42296e-10	-0.136635
5.42342e-10	-0.136742
5.42388e-10	-0.136849
5.42435e-10	-0.136956
5.42481e-10	-0.137063
5.42528e-10	-0.13717
5.42574e-10	-0.137278
5.42621e-10	-0.137385
5.42667e-10	-0.137492
5.42713e-10	-0.1376
5.4276e-10	-0.137707
5.42806e-10	-0.137814
5.42853e-10	-0.137922
5.42899e-10	-0.138029
5.42945e-10	-0.138136
5.42992e-10	-0.138244
5.43038e-10	-0.138351
5.43085e-10	-0.138459
5.43131e-10	-0.138567
5.43178e-10	-0.138674
5.43224e-10	-0.138782
5.4327e-10	-0.138889
5.43317e-10	-0.138997
5.43363e-10	-0.139105
5.4341e-10	-0.139213
5.43456e-10	-0.13932
5.43502e-10	-0.139428
5.43549e-10	-0.139536
5.43595e-10	-0.139644
5.43642e-10	-0.139752
5.43688e-10	-0.13986
5.43735e-10	-0.139968
5.43781e-10	-0.140076
5.43827e-10	-0.140184
5.43874e-10	-0.140292
5.4392e-10	-0.1404
5.43967e-10	-0.140508
5.44013e-10	-0.140616
5.44059e-10	-0.140724
5.44106e-10	-0.140832
5.44152e-10	-0.14094
5.44199e-10	-0.141049
5.44245e-10	-0.141157
5.44292e-10	-0.141265
5.44338e-10	-0.141373
5.44384e-10	-0.141482
5.44431e-10	-0.14159
5.44477e-10	-0.141698
5.44524e-10	-0.141807
5.4457e-10	-0.141915
5.44616e-10	-0.142024
5.44663e-10	-0.142132
5.44709e-10	-0.142241
5.44756e-10	-0.142349
5.44802e-10	-0.142458
5.44849e-10	-0.142567
5.44895e-10	-0.142675
5.44941e-10	-0.142784
5.44988e-10	-0.142893
5.45034e-10	-0.143001
5.45081e-10	-0.14311
5.45127e-10	-0.143219
5.45173e-10	-0.143328
5.4522e-10	-0.143437
5.45266e-10	-0.143546
5.45313e-10	-0.143654
5.45359e-10	-0.143763
5.45406e-10	-0.143872
5.45452e-10	-0.143981
5.45498e-10	-0.14409
5.45545e-10	-0.144199
5.45591e-10	-0.144308
5.45638e-10	-0.144418
5.45684e-10	-0.144527
5.4573e-10	-0.144636
5.45777e-10	-0.144745
5.45823e-10	-0.144854
5.4587e-10	-0.144963
5.45916e-10	-0.145073
5.45963e-10	-0.145182
5.46009e-10	-0.145291
5.46055e-10	-0.145401
5.46102e-10	-0.14551
5.46148e-10	-0.145619
5.46195e-10	-0.145729
5.46241e-10	-0.145838
5.46287e-10	-0.145948
5.46334e-10	-0.146057
5.4638e-10	-0.146167
5.46427e-10	-0.146276
5.46473e-10	-0.146386
5.4652e-10	-0.146496
5.46566e-10	-0.146605
5.46612e-10	-0.146715
5.46659e-10	-0.146825
5.46705e-10	-0.146934
5.46752e-10	-0.147044
5.46798e-10	-0.147154
5.46845e-10	-0.147264
5.46891e-10	-0.147374
5.46937e-10	-0.147484
5.46984e-10	-0.147593
5.4703e-10	-0.147703
5.47077e-10	-0.147813
5.47123e-10	-0.147923
5.47169e-10	-0.148033
5.47216e-10	-0.148143
5.47262e-10	-0.148253
5.47309e-10	-0.148363
5.47355e-10	-0.148474
5.47402e-10	-0.148584
5.47448e-10	-0.148694
5.47494e-10	-0.148804
5.47541e-10	-0.148914
5.47587e-10	-0.149025
5.47634e-10	-0.149135
5.4768e-10	-0.149245
5.47726e-10	-0.149355
5.47773e-10	-0.149466
5.47819e-10	-0.149576
5.47866e-10	-0.149687
5.47912e-10	-0.149797
5.47959e-10	-0.149907
5.48005e-10	-0.150018
5.48051e-10	-0.150128
5.48098e-10	-0.150239
5.48144e-10	-0.150349
5.48191e-10	-0.15046
5.48237e-10	-0.150571
5.48283e-10	-0.150681
5.4833e-10	-0.150792
5.48376e-10	-0.150903
5.48423e-10	-0.151013
5.48469e-10	-0.151124
5.48516e-10	-0.151235
5.48562e-10	-0.151346
5.48608e-10	-0.151457
5.48655e-10	-0.151567
5.48701e-10	-0.151678
5.48748e-10	-0.151789
5.48794e-10	-0.1519
5.4884e-10	-0.152011
5.48887e-10	-0.152122
5.48933e-10	-0.152233
5.4898e-10	-0.152344
5.49026e-10	-0.152455
5.49073e-10	-0.152566
5.49119e-10	-0.152677
5.49165e-10	-0.152788
5.49212e-10	-0.1529
5.49258e-10	-0.153011
5.49305e-10	-0.153122
5.49351e-10	-0.153233
5.49397e-10	-0.153345
5.49444e-10	-0.153456
5.4949e-10	-0.153567
5.49537e-10	-0.153678
5.49583e-10	-0.15379
5.4963e-10	-0.153901
5.49676e-10	-0.154013
5.49722e-10	-0.154124
5.49769e-10	-0.154236
5.49815e-10	-0.154347
5.49862e-10	-0.154459
5.49908e-10	-0.15457
5.49954e-10	-0.154682
5.50001e-10	-0.154793
5.50047e-10	-0.154905
5.50094e-10	-0.155017
5.5014e-10	-0.155128
5.50187e-10	-0.15524
5.50233e-10	-0.155352
5.50279e-10	-0.155463
5.50326e-10	-0.155575
5.50372e-10	-0.155687
5.50419e-10	-0.155799
5.50465e-10	-0.155911
5.50511e-10	-0.156023
5.50558e-10	-0.156134
5.50604e-10	-0.156246
5.50651e-10	-0.156358
5.50697e-10	-0.15647
5.50744e-10	-0.156582
5.5079e-10	-0.156694
5.50836e-10	-0.156806
5.50883e-10	-0.156918
5.50929e-10	-0.15703
5.50976e-10	-0.157143
5.51022e-10	-0.157255
5.51068e-10	-0.157367
5.51115e-10	-0.157479
5.51161e-10	-0.157591
5.51208e-10	-0.157704
5.51254e-10	-0.157816
5.51301e-10	-0.157928
5.51347e-10	-0.15804
5.51393e-10	-0.158153
5.5144e-10	-0.158265
5.51486e-10	-0.158378
5.51533e-10	-0.15849
5.51579e-10	-0.158602
5.51626e-10	-0.158715
5.51672e-10	-0.158827
5.51718e-10	-0.15894
5.51765e-10	-0.159052
5.51811e-10	-0.159165
5.51858e-10	-0.159278
5.51904e-10	-0.15939
5.5195e-10	-0.159503
5.51997e-10	-0.159615
5.52043e-10	-0.159728
5.5209e-10	-0.159841
5.52136e-10	-0.159954
5.52183e-10	-0.160066
5.52229e-10	-0.160179
5.52275e-10	-0.160292
5.52322e-10	-0.160405
5.52368e-10	-0.160518
5.52415e-10	-0.16063
5.52461e-10	-0.160743
5.52507e-10	-0.160856
5.52554e-10	-0.160969
5.526e-10	-0.161082
5.52647e-10	-0.161195
5.52693e-10	-0.161308
5.5274e-10	-0.161421
5.52786e-10	-0.161534
5.52832e-10	-0.161647
5.52879e-10	-0.161761
5.52925e-10	-0.161874
5.52972e-10	-0.161987
5.53018e-10	-0.1621
5.53064e-10	-0.162213
5.53111e-10	-0.162326
5.53157e-10	-0.16244
5.53204e-10	-0.162553
5.5325e-10	-0.162666
5.53297e-10	-0.16278
5.53343e-10	-0.162893
5.53389e-10	-0.163006
5.53436e-10	-0.16312
5.53482e-10	-0.163233
5.53529e-10	-0.163347
5.53575e-10	-0.16346
5.53621e-10	-0.163574
5.53668e-10	-0.163687
5.53714e-10	-0.163801
5.53761e-10	-0.163914
5.53807e-10	-0.164028
5.53854e-10	-0.164141
5.539e-10	-0.164255
5.53946e-10	-0.164369
5.53993e-10	-0.164482
5.54039e-10	-0.164596
5.54086e-10	-0.16471
5.54132e-10	-0.164823
5.54178e-10	-0.164937
5.54225e-10	-0.165051
5.54271e-10	-0.165165
5.54318e-10	-0.165279
5.54364e-10	-0.165392
5.54411e-10	-0.165506
5.54457e-10	-0.16562
5.54503e-10	-0.165734
5.5455e-10	-0.165848
5.54596e-10	-0.165962
5.54643e-10	-0.166076
5.54689e-10	-0.16619
5.54735e-10	-0.166304
5.54782e-10	-0.166418
5.54828e-10	-0.166532
5.54875e-10	-0.166646
5.54921e-10	-0.16676
5.54968e-10	-0.166874
5.55014e-10	-0.166989
5.5506e-10	-0.167103
5.55107e-10	-0.167217
5.55153e-10	-0.167331
5.552e-10	-0.167446
5.55246e-10	-0.16756
5.55292e-10	-0.167674
5.55339e-10	-0.167788
5.55385e-10	-0.167903
5.55432e-10	-0.168017
5.55478e-10	-0.168132
5.55525e-10	-0.168246
5.55571e-10	-0.16836
5.55617e-10	-0.168475
5.55664e-10	-0.168589
5.5571e-10	-0.168704
5.55757e-10	-0.168818
5.55803e-10	-0.168933
5.55849e-10	-0.169047
5.55896e-10	-0.169162
5.55942e-10	-0.169277
5.55989e-10	-0.169391
5.56035e-10	-0.169506
5.56082e-10	-0.16962
5.56128e-10	-0.169735
5.56174e-10	-0.16985
5.56221e-10	-0.169965
5.56267e-10	-0.170079
5.56314e-10	-0.170194
5.5636e-10	-0.170309
5.56407e-10	-0.170424
5.56453e-10	-0.170539
5.56499e-10	-0.170653
5.56546e-10	-0.170768
5.56592e-10	-0.170883
5.56639e-10	-0.170998
5.56685e-10	-0.171113
5.56731e-10	-0.171228
5.56778e-10	-0.171343
5.56824e-10	-0.171458
5.56871e-10	-0.171573
5.56917e-10	-0.171688
5.56964e-10	-0.171803
5.5701e-10	-0.171918
5.57056e-10	-0.172033
5.57103e-10	-0.172149
5.57149e-10	-0.172264
5.57196e-10	-0.172379
5.57242e-10	-0.172494
5.57288e-10	-0.172609
5.57335e-10	-0.172725
5.57381e-10	-0.17284
5.57428e-10	-0.172955
5.57474e-10	-0.17307
5.57521e-10	-0.173186
5.57567e-10	-0.173301
5.57613e-10	-0.173416
5.5766e-10	-0.173532
5.57706e-10	-0.173647
5.57753e-10	-0.173763
5.57799e-10	-0.173878
5.57845e-10	-0.173993
5.57892e-10	-0.174109
5.57938e-10	-0.174224
5.57985e-10	-0.17434
5.58031e-10	-0.174456
5.58078e-10	-0.174571
5.58124e-10	-0.174687
5.5817e-10	-0.174802
5.58217e-10	-0.174918
5.58263e-10	-0.175034
5.5831e-10	-0.175149
5.58356e-10	-0.175265
5.58402e-10	-0.175381
5.58449e-10	-0.175496
5.58495e-10	-0.175612
5.58542e-10	-0.175728
5.58588e-10	-0.175844
5.58635e-10	-0.175959
5.58681e-10	-0.176075
5.58727e-10	-0.176191
5.58774e-10	-0.176307
5.5882e-10	-0.176423
5.58867e-10	-0.176539
5.58913e-10	-0.176655
5.58959e-10	-0.176771
5.59006e-10	-0.176887
5.59052e-10	-0.177003
5.59099e-10	-0.177119
5.59145e-10	-0.177235
5.59192e-10	-0.177351
5.59238e-10	-0.177467
5.59284e-10	-0.177583
5.59331e-10	-0.177699
5.59377e-10	-0.177815
5.59424e-10	-0.177931
5.5947e-10	-0.178047
5.59516e-10	-0.178163
5.59563e-10	-0.17828
5.59609e-10	-0.178396
5.59656e-10	-0.178512
5.59702e-10	-0.178628
5.59749e-10	-0.178745
5.59795e-10	-0.178861
5.59841e-10	-0.178977
5.59888e-10	-0.179093
5.59934e-10	-0.17921
5.59981e-10	-0.179326
5.60027e-10	-0.179443
5.60073e-10	-0.179559
5.6012e-10	-0.179675
5.60166e-10	-0.179792
5.60213e-10	-0.179908
5.60259e-10	-0.180025
5.60306e-10	-0.180141
5.60352e-10	-0.180258
5.60398e-10	-0.180374
5.60445e-10	-0.180491
5.60491e-10	-0.180607
5.60538e-10	-0.180724
5.60584e-10	-0.180841
5.6063e-10	-0.180957
5.60677e-10	-0.181074
5.60723e-10	-0.18119
5.6077e-10	-0.181307
5.60816e-10	-0.181424
5.60863e-10	-0.181541
5.60909e-10	-0.181657
5.60955e-10	-0.181774
5.61002e-10	-0.181891
5.61048e-10	-0.182008
5.61095e-10	-0.182124
5.61141e-10	-0.182241
5.61188e-10	-0.182358
5.61234e-10	-0.182475
5.6128e-10	-0.182592
5.61327e-10	-0.182709
5.61373e-10	-0.182826
5.6142e-10	-0.182943
5.61466e-10	-0.183059
5.61512e-10	-0.183176
5.61559e-10	-0.183293
5.61605e-10	-0.18341
5.61652e-10	-0.183527
5.61698e-10	-0.183644
5.61745e-10	-0.183762
5.61791e-10	-0.183879
5.61837e-10	-0.183996
5.61884e-10	-0.184113
5.6193e-10	-0.18423
5.61977e-10	-0.184347
5.62023e-10	-0.184464
5.62069e-10	-0.184581
5.62116e-10	-0.184699
5.62162e-10	-0.184816
5.62209e-10	-0.184933
5.62255e-10	-0.18505
5.62302e-10	-0.185168
5.62348e-10	-0.185285
5.62394e-10	-0.185402
5.62441e-10	-0.185519
5.62487e-10	-0.185637
5.62534e-10	-0.185754
5.6258e-10	-0.185871
5.62626e-10	-0.185989
5.62673e-10	-0.186106
5.62719e-10	-0.186224
5.62766e-10	-0.186341
5.62812e-10	-0.186458
5.62859e-10	-0.186576
5.62905e-10	-0.186693
5.62951e-10	-0.186811
5.62998e-10	-0.186928
5.63044e-10	-0.187046
5.63091e-10	-0.187164
5.63137e-10	-0.187281
5.63183e-10	-0.187399
5.6323e-10	-0.187516
5.63276e-10	-0.187634
5.63323e-10	-0.187752
5.63369e-10	-0.187869
5.63416e-10	-0.187987
5.63462e-10	-0.188104
5.63508e-10	-0.188222
5.63555e-10	-0.18834
5.63601e-10	-0.188458
5.63648e-10	-0.188575
5.63694e-10	-0.188693
5.6374e-10	-0.188811
5.63787e-10	-0.188929
5.63833e-10	-0.189046
5.6388e-10	-0.189164
5.63926e-10	-0.189282
5.63973e-10	-0.1894
5.64019e-10	-0.189518
5.64065e-10	-0.189636
5.64112e-10	-0.189754
5.64158e-10	-0.189872
5.64205e-10	-0.189989
5.64251e-10	-0.190107
5.64297e-10	-0.190225
5.64344e-10	-0.190343
5.6439e-10	-0.190461
5.64437e-10	-0.190579
5.64483e-10	-0.190697
5.6453e-10	-0.190815
5.64576e-10	-0.190934
5.64622e-10	-0.191052
5.64669e-10	-0.19117
5.64715e-10	-0.191288
5.64762e-10	-0.191406
5.64808e-10	-0.191524
5.64854e-10	-0.191642
5.64901e-10	-0.19176
5.64947e-10	-0.191879
5.64994e-10	-0.191997
5.6504e-10	-0.192115
5.65087e-10	-0.192233
5.65133e-10	-0.192351
5.65179e-10	-0.19247
5.65226e-10	-0.192588
5.65272e-10	-0.192706
5.65319e-10	-0.192824
5.65365e-10	-0.192943
5.65411e-10	-0.193061
5.65458e-10	-0.193179
5.65504e-10	-0.193298
5.65551e-10	-0.193416
5.65597e-10	-0.193535
5.65644e-10	-0.193653
5.6569e-10	-0.193771
5.65736e-10	-0.19389
5.65783e-10	-0.194008
5.65829e-10	-0.194127
5.65876e-10	-0.194245
5.65922e-10	-0.194364
5.65969e-10	-0.194482
5.66015e-10	-0.194601
5.66061e-10	-0.194719
5.66108e-10	-0.194838
5.66154e-10	-0.194956
5.66201e-10	-0.195075
5.66247e-10	-0.195194
5.66293e-10	-0.195312
5.6634e-10	-0.195431
5.66386e-10	-0.195549
5.66433e-10	-0.195668
5.66479e-10	-0.195787
5.66526e-10	-0.195905
5.66572e-10	-0.196024
5.66618e-10	-0.196143
5.66665e-10	-0.196261
5.66711e-10	-0.19638
5.66758e-10	-0.196499
5.66804e-10	-0.196618
5.6685e-10	-0.196736
5.66897e-10	-0.196855
5.66943e-10	-0.196974
5.6699e-10	-0.197093
5.67036e-10	-0.197212
5.67083e-10	-0.19733
5.67129e-10	-0.197449
5.67175e-10	-0.197568
5.67222e-10	-0.197687
5.67268e-10	-0.197806
5.67315e-10	-0.197925
5.67361e-10	-0.198044
5.67407e-10	-0.198163
5.67454e-10	-0.198282
5.675e-10	-0.198401
5.67547e-10	-0.19852
5.67593e-10	-0.198638
5.6764e-10	-0.198757
5.67686e-10	-0.198877
5.67732e-10	-0.198996
5.67779e-10	-0.199115
5.67825e-10	-0.199234
5.67872e-10	-0.199353
5.67918e-10	-0.199472
5.67964e-10	-0.199591
5.68011e-10	-0.19971
5.68057e-10	-0.199829
5.68104e-10	-0.199948
5.6815e-10	-0.200067
5.68197e-10	-0.200186
5.68243e-10	-0.200306
5.68289e-10	-0.200425
5.68336e-10	-0.200544
5.68382e-10	-0.200663
5.68429e-10	-0.200782
5.68475e-10	-0.200902
5.68521e-10	-0.201021
5.68568e-10	-0.20114
5.68614e-10	-0.201259
5.68661e-10	-0.201379
5.68707e-10	-0.201498
5.68754e-10	-0.201617
5.688e-10	-0.201736
5.68846e-10	-0.201856
5.68893e-10	-0.201975
5.68939e-10	-0.202094
5.68986e-10	-0.202214
5.69032e-10	-0.202333
5.69078e-10	-0.202452
5.69125e-10	-0.202572
5.69171e-10	-0.202691
5.69218e-10	-0.202811
5.69264e-10	-0.20293
5.69311e-10	-0.20305
5.69357e-10	-0.203169
5.69403e-10	-0.203288
5.6945e-10	-0.203408
5.69496e-10	-0.203527
5.69543e-10	-0.203647
5.69589e-10	-0.203766
5.69635e-10	-0.203886
5.69682e-10	-0.204005
5.69728e-10	-0.204125
5.69775e-10	-0.204245
5.69821e-10	-0.204364
5.69868e-10	-0.204484
5.69914e-10	-0.204603
5.6996e-10	-0.204723
5.70007e-10	-0.204842
5.70053e-10	-0.204962
5.701e-10	-0.205082
5.70146e-10	-0.205201
5.70193e-10	-0.205321
5.70239e-10	-0.205441
5.70285e-10	-0.20556
5.70332e-10	-0.20568
5.70378e-10	-0.2058
5.70425e-10	-0.205919
5.70471e-10	-0.206039
5.70517e-10	-0.206159
5.70564e-10	-0.206279
5.7061e-10	-0.206398
5.70657e-10	-0.206518
5.70703e-10	-0.206638
5.7075e-10	-0.206758
5.70796e-10	-0.206877
5.70842e-10	-0.206997
5.70889e-10	-0.207117
5.70935e-10	-0.207237
5.70982e-10	-0.207357
5.71028e-10	-0.207476
5.71074e-10	-0.207596
5.71121e-10	-0.207716
5.71167e-10	-0.207836
5.71214e-10	-0.207956
5.7126e-10	-0.208076
5.71307e-10	-0.208196
5.71353e-10	-0.208316
5.71399e-10	-0.208435
5.71446e-10	-0.208555
5.71492e-10	-0.208675
5.71539e-10	-0.208795
5.71585e-10	-0.208915
5.71631e-10	-0.209035
5.71678e-10	-0.209155
5.71724e-10	-0.209275
5.71771e-10	-0.209395
5.71817e-10	-0.209515
5.71864e-10	-0.209635
5.7191e-10	-0.209755
5.71956e-10	-0.209875
5.72003e-10	-0.209995
5.72049e-10	-0.210115
5.72096e-10	-0.210235
5.72142e-10	-0.210355
5.72188e-10	-0.210475
5.72235e-10	-0.210596
5.72281e-10	-0.210716
5.72328e-10	-0.210836
5.72374e-10	-0.210956
5.72421e-10	-0.211076
5.72467e-10	-0.211196
5.72513e-10	-0.211316
5.7256e-10	-0.211436
5.72606e-10	-0.211557
5.72653e-10	-0.211677
5.72699e-10	-0.211797
5.72745e-10	-0.211917
5.72792e-10	-0.212037
5.72838e-10	-0.212157
5.72885e-10	-0.212278
5.72931e-10	-0.212398
5.72978e-10	-0.212518
5.73024e-10	-0.212638
5.7307e-10	-0.212759
5.73117e-10	-0.212879
5.73163e-10	-0.212999
5.7321e-10	-0.213119
5.73256e-10	-0.21324
5.73302e-10	-0.21336
5.73349e-10	-0.21348
5.73395e-10	-0.213601
5.73442e-10	-0.213721
5.73488e-10	-0.213841
5.73535e-10	-0.213961
5.73581e-10	-0.214082
5.73627e-10	-0.214202
5.73674e-10	-0.214323
5.7372e-10	-0.214443
5.73767e-10	-0.214563
5.73813e-10	-0.214684
5.73859e-10	-0.214804
5.73906e-10	-0.214924
5.73952e-10	-0.215045
5.73999e-10	-0.215165
5.74045e-10	-0.215286
5.74092e-10	-0.215406
5.74138e-10	-0.215526
5.74184e-10	-0.215647
5.74231e-10	-0.215767
5.74277e-10	-0.215888
5.74324e-10	-0.216008
5.7437e-10	-0.216129
5.74416e-10	-0.216249
5.74463e-10	-0.21637
5.74509e-10	-0.21649
5.74556e-10	-0.216611
5.74602e-10	-0.216731
5.74649e-10	-0.216852
5.74695e-10	-0.216972
5.74741e-10	-0.217093
5.74788e-10	-0.217213
5.74834e-10	-0.217334
5.74881e-10	-0.217454
5.74927e-10	-0.217575
5.74974e-10	-0.217695
5.7502e-10	-0.217816
5.75066e-10	-0.217936
5.75113e-10	-0.218057
5.75159e-10	-0.218178
5.75206e-10	-0.218298
5.75252e-10	-0.218419
5.75298e-10	-0.218539
5.75345e-10	-0.21866
5.75391e-10	-0.218781
5.75438e-10	-0.218901
5.75484e-10	-0.219022
5.75531e-10	-0.219142
5.75577e-10	-0.219263
5.75623e-10	-0.219384
5.7567e-10	-0.219504
5.75716e-10	-0.219625
5.75763e-10	-0.219746
5.75809e-10	-0.219866
5.75855e-10	-0.219987
5.75902e-10	-0.220108
5.75948e-10	-0.220228
5.75995e-10	-0.220349
5.76041e-10	-0.22047
5.76088e-10	-0.22059
5.76134e-10	-0.220711
5.7618e-10	-0.220832
5.76227e-10	-0.220952
5.76273e-10	-0.221073
5.7632e-10	-0.221194
5.76366e-10	-0.221315
5.76412e-10	-0.221435
5.76459e-10	-0.221556
5.76505e-10	-0.221677
5.76552e-10	-0.221798
5.76598e-10	-0.221918
5.76645e-10	-0.222039
5.76691e-10	-0.22216
5.76737e-10	-0.222281
5.76784e-10	-0.222401
5.7683e-10	-0.222522
5.76877e-10	-0.222643
5.76923e-10	-0.222764
5.76969e-10	-0.222885
5.77016e-10	-0.223005
5.77062e-10	-0.223126
5.77109e-10	-0.223247
5.77155e-10	-0.223368
5.77202e-10	-0.223489
5.77248e-10	-0.22361
5.77294e-10	-0.22373
5.77341e-10	-0.223851
5.77387e-10	-0.223972
5.77434e-10	-0.224093
5.7748e-10	-0.224214
5.77526e-10	-0.224335
5.77573e-10	-0.224455
5.77619e-10	-0.224576
5.77666e-10	-0.224697
5.77712e-10	-0.224818
5.77759e-10	-0.224939
5.77805e-10	-0.22506
5.77851e-10	-0.225181
5.77898e-10	-0.225302
5.77944e-10	-0.225422
5.77991e-10	-0.225543
5.78037e-10	-0.225664
5.78083e-10	-0.225785
5.7813e-10	-0.225906
5.78176e-10	-0.226027
5.78223e-10	-0.226148
5.78269e-10	-0.226269
5.78316e-10	-0.22639
5.78362e-10	-0.226511
5.78408e-10	-0.226631
5.78455e-10	-0.226752
5.78501e-10	-0.226873
5.78548e-10	-0.226994
5.78594e-10	-0.227115
5.7864e-10	-0.227236
5.78687e-10	-0.227357
5.78733e-10	-0.227478
5.7878e-10	-0.227599
5.78826e-10	-0.22772
5.78873e-10	-0.227841
5.78919e-10	-0.227962
5.78965e-10	-0.228083
5.79012e-10	-0.228204
5.79058e-10	-0.228325
5.79105e-10	-0.228446
5.79151e-10	-0.228567
5.79197e-10	-0.228688
5.79244e-10	-0.228809
5.7929e-10	-0.22893
5.79337e-10	-0.229051
5.79383e-10	-0.229172
5.7943e-10	-0.229293
5.79476e-10	-0.229414
5.79522e-10	-0.229535
5.79569e-10	-0.229656
5.79615e-10	-0.229777
5.79662e-10	-0.229898
5.79708e-10	-0.230019
5.79755e-10	-0.23014
5.79801e-10	-0.230261
5.79847e-10	-0.230382
5.79894e-10	-0.230503
5.7994e-10	-0.230624
5.79987e-10	-0.230745
5.80033e-10	-0.230866
5.80079e-10	-0.230987
5.80126e-10	-0.231108
5.80172e-10	-0.231229
5.80219e-10	-0.23135
5.80265e-10	-0.231471
5.80312e-10	-0.231592
5.80358e-10	-0.231713
5.80404e-10	-0.231834
5.80451e-10	-0.231955
5.80497e-10	-0.232076
5.80544e-10	-0.232197
5.8059e-10	-0.232318
5.80636e-10	-0.232439
5.80683e-10	-0.23256
5.80729e-10	-0.232681
5.80776e-10	-0.232802
5.80822e-10	-0.232923
5.80869e-10	-0.233044
5.80915e-10	-0.233165
5.80961e-10	-0.233286
5.81008e-10	-0.233408
5.81054e-10	-0.233529
5.81101e-10	-0.23365
5.81147e-10	-0.233771
5.81193e-10	-0.233892
5.8124e-10	-0.234013
5.81286e-10	-0.234134
5.81333e-10	-0.234255
5.81379e-10	-0.234376
5.81426e-10	-0.234497
5.81472e-10	-0.234618
5.81518e-10	-0.234739
5.81565e-10	-0.23486
5.81611e-10	-0.234981
5.81658e-10	-0.235102
5.81704e-10	-0.235223
5.8175e-10	-0.235344
5.81797e-10	-0.235466
5.81843e-10	-0.235587
5.8189e-10	-0.235708
5.81936e-10	-0.235829
5.81983e-10	-0.23595
5.82029e-10	-0.236071
5.82075e-10	-0.236192
5.82122e-10	-0.236313
5.82168e-10	-0.236434
5.82215e-10	-0.236555
5.82261e-10	-0.236676
5.82307e-10	-0.236797
5.82354e-10	-0.236918
5.824e-10	-0.237039
5.82447e-10	-0.23716
5.82493e-10	-0.237281
5.8254e-10	-0.237402
5.82586e-10	-0.237524
5.82632e-10	-0.237645
5.82679e-10	-0.237766
5.82725e-10	-0.237887
5.82772e-10	-0.238008
5.82818e-10	-0.238129
5.82864e-10	-0.23825
5.82911e-10	-0.238371
5.82957e-10	-0.238492
5.83004e-10	-0.238613
5.8305e-10	-0.238734
5.83097e-10	-0.238855
5.83143e-10	-0.238976
5.83189e-10	-0.239097
5.83236e-10	-0.239218
5.83282e-10	-0.239339
5.83329e-10	-0.23946
5.83375e-10	-0.239581
5.83421e-10	-0.239702
5.83468e-10	-0.239823
5.83514e-10	-0.239945
5.83561e-10	-0.240066
5.83607e-10	-0.240187
5.83654e-10	-0.240308
5.837e-10	-0.240429
5.83746e-10	-0.24055
5.83793e-10	-0.240671
5.83839e-10	-0.240792
5.83886e-10	-0.240913
5.83932e-10	-0.241034
5.83978e-10	-0.241155
5.84025e-10	-0.241276
5.84071e-10	-0.241397
5.84118e-10	-0.241518
5.84164e-10	-0.241639
5.84211e-10	-0.24176
5.84257e-10	-0.241881
5.84303e-10	-0.242002
5.8435e-10	-0.242123
5.84396e-10	-0.242244
5.84443e-10	-0.242365
5.84489e-10	-0.242486
5.84536e-10	-0.242607
5.84582e-10	-0.242728
5.84628e-10	-0.242849
5.84675e-10	-0.24297
5.84721e-10	-0.243091
5.84768e-10	-0.243212
5.84814e-10	-0.243333
5.8486e-10	-0.243454
5.84907e-10	-0.243575
5.84953e-10	-0.243696
5.85e-10	-0.243817
5.85046e-10	-0.243938
5.85093e-10	-0.244059
5.85139e-10	-0.244179
5.85185e-10	-0.2443
5.85232e-10	-0.244421
5.85278e-10	-0.244542
5.85325e-10	-0.244663
5.85371e-10	-0.244784
5.85417e-10	-0.244905
5.85464e-10	-0.245026
5.8551e-10	-0.245147
5.85557e-10	-0.245268
5.85603e-10	-0.245389
5.8565e-10	-0.24551
5.85696e-10	-0.245631
5.85742e-10	-0.245752
5.85789e-10	-0.245872
5.85835e-10	-0.245993
5.85882e-10	-0.246114
5.85928e-10	-0.246235
5.85974e-10	-0.246356
5.86021e-10	-0.246477
5.86067e-10	-0.246598
5.86114e-10	-0.246719
5.8616e-10	-0.24684
5.86207e-10	-0.24696
5.86253e-10	-0.247081
5.86299e-10	-0.247202
5.86346e-10	-0.247323
5.86392e-10	-0.247444
5.86439e-10	-0.247565
5.86485e-10	-0.247686
5.86531e-10	-0.247806
5.86578e-10	-0.247927
5.86624e-10	-0.248048
5.86671e-10	-0.248169
5.86717e-10	-0.24829
5.86764e-10	-0.248411
5.8681e-10	-0.248531
5.86856e-10	-0.248652
5.86903e-10	-0.248773
5.86949e-10	-0.248894
5.86996e-10	-0.249015
5.87042e-10	-0.249135
5.87088e-10	-0.249256
5.87135e-10	-0.249377
5.87181e-10	-0.249498
5.87228e-10	-0.249618
5.87274e-10	-0.249739
5.87321e-10	-0.24986
5.87367e-10	-0.249981
5.87413e-10	-0.250101
5.8746e-10	-0.250222
5.87506e-10	-0.250343
5.87553e-10	-0.250464
5.87599e-10	-0.250584
5.87645e-10	-0.250705
5.87692e-10	-0.250826
5.87738e-10	-0.250946
5.87785e-10	-0.251067
5.87831e-10	-0.251188
5.87878e-10	-0.251309
5.87924e-10	-0.251429
5.8797e-10	-0.25155
5.88017e-10	-0.251671
5.88063e-10	-0.251791
5.8811e-10	-0.251912
5.88156e-10	-0.252032
5.88202e-10	-0.252153
5.88249e-10	-0.252274
5.88295e-10	-0.252394
5.88342e-10	-0.252515
5.88388e-10	-0.252636
5.88435e-10	-0.252756
5.88481e-10	-0.252877
5.88527e-10	-0.252997
5.88574e-10	-0.253118
5.8862e-10	-0.253239
5.88667e-10	-0.253359
5.88713e-10	-0.25348
5.88759e-10	-0.2536
5.88806e-10	-0.253721
5.88852e-10	-0.253841
5.88899e-10	-0.253962
5.88945e-10	-0.254083
5.88992e-10	-0.254203
5.89038e-10	-0.254324
5.89084e-10	-0.254444
5.89131e-10	-0.254565
5.89177e-10	-0.254685
5.89224e-10	-0.254806
5.8927e-10	-0.254926
5.89317e-10	-0.255047
5.89363e-10	-0.255167
5.89409e-10	-0.255287
5.89456e-10	-0.255408
5.89502e-10	-0.255528
5.89549e-10	-0.255649
5.89595e-10	-0.255769
5.89641e-10	-0.25589
5.89688e-10	-0.25601
5.89734e-10	-0.25613
5.89781e-10	-0.256251
5.89827e-10	-0.256371
5.89874e-10	-0.256492
5.8992e-10	-0.256612
5.89966e-10	-0.256732
5.90013e-10	-0.256853
5.90059e-10	-0.256973
5.90106e-10	-0.257093
5.90152e-10	-0.257214
5.90198e-10	-0.257334
5.90245e-10	-0.257454
5.90291e-10	-0.257575
5.90338e-10	-0.257695
5.90384e-10	-0.257815
5.90431e-10	-0.257936
5.90477e-10	-0.258056
5.90523e-10	-0.258176
5.9057e-10	-0.258296
5.90616e-10	-0.258417
5.90663e-10	-0.258537
5.90709e-10	-0.258657
5.90755e-10	-0.258777
5.90802e-10	-0.258897
5.90848e-10	-0.259018
5.90895e-10	-0.259138
5.90941e-10	-0.259258
5.90988e-10	-0.259378
5.91034e-10	-0.259498
5.9108e-10	-0.259618
5.91127e-10	-0.259739
5.91173e-10	-0.259859
5.9122e-10	-0.259979
5.91266e-10	-0.260099
5.91312e-10	-0.260219
5.91359e-10	-0.260339
5.91405e-10	-0.260459
5.91452e-10	-0.260579
5.91498e-10	-0.260699
5.91545e-10	-0.260819
5.91591e-10	-0.26094
5.91637e-10	-0.26106
5.91684e-10	-0.26118
5.9173e-10	-0.2613
5.91777e-10	-0.26142
5.91823e-10	-0.26154
5.91869e-10	-0.26166
5.91916e-10	-0.26178
5.91962e-10	-0.2619
5.92009e-10	-0.262019
5.92055e-10	-0.262139
5.92102e-10	-0.262259
5.92148e-10	-0.262379
5.92194e-10	-0.262499
5.92241e-10	-0.262619
5.92287e-10	-0.262739
5.92334e-10	-0.262859
5.9238e-10	-0.262979
5.92426e-10	-0.263099
5.92473e-10	-0.263218
5.92519e-10	-0.263338
5.92566e-10	-0.263458
5.92612e-10	-0.263578
5.92659e-10	-0.263698
5.92705e-10	-0.263817
5.92751e-10	-0.263937
5.92798e-10	-0.264057
5.92844e-10	-0.264177
5.92891e-10	-0.264297
5.92937e-10	-0.264416
5.92983e-10	-0.264536
5.9303e-10	-0.264656
5.93076e-10	-0.264775
5.93123e-10	-0.264895
5.93169e-10	-0.265015
5.93216e-10	-0.265134
5.93262e-10	-0.265254
5.93308e-10	-0.265374
5.93355e-10	-0.265493
5.93401e-10	-0.265613
5.93448e-10	-0.265733
5.93494e-10	-0.265852
5.93541e-10	-0.265972
5.93587e-10	-0.266091
5.93633e-10	-0.266211
5.9368e-10	-0.26633
5.93726e-10	-0.26645
5.93773e-10	-0.266569
5.93819e-10	-0.266689
5.93865e-10	-0.266808
5.93912e-10	-0.266928
5.93958e-10	-0.267047
5.94005e-10	-0.267167
5.94051e-10	-0.267286
5.94098e-10	-0.267406
5.94144e-10	-0.267525
5.9419e-10	-0.267644
5.94237e-10	-0.267764
5.94283e-10	-0.267883
5.9433e-10	-0.268003
5.94376e-10	-0.268122
5.94422e-10	-0.268241
5.94469e-10	-0.268361
5.94515e-10	-0.26848
5.94562e-10	-0.268599
5.94608e-10	-0.268719
5.94655e-10	-0.268838
5.94701e-10	-0.268957
5.94747e-10	-0.269076
5.94794e-10	-0.269196
5.9484e-10	-0.269315
5.94887e-10	-0.269434
5.94933e-10	-0.269553
5.94979e-10	-0.269672
5.95026e-10	-0.269792
5.95072e-10	-0.269911
5.95119e-10	-0.27003
5.95165e-10	-0.270149
5.95212e-10	-0.270268
5.95258e-10	-0.270387
5.95304e-10	-0.270506
5.95351e-10	-0.270625
5.95397e-10	-0.270744
5.95444e-10	-0.270863
5.9549e-10	-0.270982
5.95536e-10	-0.271101
5.95583e-10	-0.27122
5.95629e-10	-0.271339
5.95676e-10	-0.271458
5.95722e-10	-0.271577
5.95769e-10	-0.271696
5.95815e-10	-0.271815
5.95861e-10	-0.271934
5.95908e-10	-0.272053
5.95954e-10	-0.272172
5.96001e-10	-0.272291
5.96047e-10	-0.27241
5.96093e-10	-0.272528
5.9614e-10	-0.272647
5.96186e-10	-0.272766
5.96233e-10	-0.272885
5.96279e-10	-0.273004
5.96326e-10	-0.273122
5.96372e-10	-0.273241
5.96418e-10	-0.27336
5.96465e-10	-0.273478
5.96511e-10	-0.273597
5.96558e-10	-0.273716
5.96604e-10	-0.273834
5.9665e-10	-0.273953
5.96697e-10	-0.274072
5.96743e-10	-0.27419
5.9679e-10	-0.274309
5.96836e-10	-0.274428
5.96883e-10	-0.274546
5.96929e-10	-0.274665
5.96975e-10	-0.274783
5.97022e-10	-0.274902
5.97068e-10	-0.27502
5.97115e-10	-0.275139
5.97161e-10	-0.275257
5.97207e-10	-0.275376
5.97254e-10	-0.275494
5.973e-10	-0.275613
5.97347e-10	-0.275731
5.97393e-10	-0.275849
5.9744e-10	-0.275968
5.97486e-10	-0.276086
5.97532e-10	-0.276204
5.97579e-10	-0.276323
5.97625e-10	-0.276441
5.97672e-10	-0.276559
5.97718e-10	-0.276678
5.97764e-10	-0.276796
5.97811e-10	-0.276914
5.97857e-10	-0.277032
5.97904e-10	-0.27715
5.9795e-10	-0.277269
5.97997e-10	-0.277387
5.98043e-10	-0.277505
5.98089e-10	-0.277623
5.98136e-10	-0.277741
5.98182e-10	-0.277859
5.98229e-10	-0.277977
5.98275e-10	-0.278095
5.98322e-10	-0.278214
5.98368e-10	-0.278332
5.98414e-10	-0.27845
5.98461e-10	-0.278568
5.98507e-10	-0.278686
5.98554e-10	-0.278804
5.986e-10	-0.278921
5.98646e-10	-0.279039
5.98693e-10	-0.279157
5.98739e-10	-0.279275
5.98786e-10	-0.279393
5.98832e-10	-0.279511
5.98879e-10	-0.279629
5.98925e-10	-0.279747
5.98971e-10	-0.279864
5.99018e-10	-0.279982
5.99064e-10	-0.2801
5.99111e-10	-0.280218
5.99157e-10	-0.280335
5.99203e-10	-0.280453
5.9925e-10	-0.280571
5.99296e-10	-0.280688
5.99343e-10	-0.280806
5.99389e-10	-0.280924
5.99436e-10	-0.281041
5.99482e-10	-0.281159
5.99528e-10	-0.281276
5.99575e-10	-0.281394
5.99621e-10	-0.281512
5.99668e-10	-0.281629
5.99714e-10	-0.281747
5.9976e-10	-0.281864
5.99807e-10	-0.281981
5.99853e-10	-0.282099
5.999e-10	-0.282216
5.99946e-10	-0.282334
5.99993e-10	-0.282451
6.00039e-10	-0.282568
6.00085e-10	-0.282686
6.00132e-10	-0.282803
6.00178e-10	-0.28292
6.00225e-10	-0.283038
6.00271e-10	-0.283155
6.00317e-10	-0.283272
6.00364e-10	-0.283389
6.0041e-10	-0.283507
6.00457e-10	-0.283624
6.00503e-10	-0.283741
6.0055e-10	-0.283858
6.00596e-10	-0.283975
6.00642e-10	-0.284092
6.00689e-10	-0.284209
6.00735e-10	-0.284326
6.00782e-10	-0.284443
6.00828e-10	-0.284561
6.00874e-10	-0.284677
6.00921e-10	-0.284794
6.00967e-10	-0.284911
6.01014e-10	-0.285028
6.0106e-10	-0.285145
6.01107e-10	-0.285262
6.01153e-10	-0.285379
6.01199e-10	-0.285496
6.01246e-10	-0.285613
6.01292e-10	-0.28573
6.01339e-10	-0.285846
6.01385e-10	-0.285963
6.01431e-10	-0.28608
6.01478e-10	-0.286197
6.01524e-10	-0.286313
6.01571e-10	-0.28643
6.01617e-10	-0.286547
6.01664e-10	-0.286663
6.0171e-10	-0.28678
6.01756e-10	-0.286896
6.01803e-10	-0.287013
6.01849e-10	-0.28713
6.01896e-10	-0.287246
6.01942e-10	-0.287363
6.01988e-10	-0.287479
6.02035e-10	-0.287596
6.02081e-10	-0.287712
6.02128e-10	-0.287828
6.02174e-10	-0.287945
6.02221e-10	-0.288061
6.02267e-10	-0.288178
6.02313e-10	-0.288294
6.0236e-10	-0.28841
6.02406e-10	-0.288526
6.02453e-10	-0.288643
6.02499e-10	-0.288759
6.02545e-10	-0.288875
6.02592e-10	-0.288991
6.02638e-10	-0.289108
6.02685e-10	-0.289224
6.02731e-10	-0.28934
6.02778e-10	-0.289456
6.02824e-10	-0.289572
6.0287e-10	-0.289688
6.02917e-10	-0.289804
6.02963e-10	-0.28992
6.0301e-10	-0.290036
6.03056e-10	-0.290152
6.03103e-10	-0.290268
6.03149e-10	-0.290384
6.03195e-10	-0.2905
6.03242e-10	-0.290616
6.03288e-10	-0.290732
6.03335e-10	-0.290847
6.03381e-10	-0.290963
6.03427e-10	-0.291079
6.03474e-10	-0.291195
6.0352e-10	-0.29131
6.03567e-10	-0.291426
6.03613e-10	-0.291542
6.0366e-10	-0.291657
6.03706e-10	-0.291773
6.03752e-10	-0.291889
6.03799e-10	-0.292004
6.03845e-10	-0.29212
6.03892e-10	-0.292235
6.03938e-10	-0.292351
6.03984e-10	-0.292466
6.04031e-10	-0.292582
6.04077e-10	-0.292697
6.04124e-10	-0.292813
6.0417e-10	-0.292928
6.04217e-10	-0.293044
6.04263e-10	-0.293159
6.04309e-10	-0.293274
6.04356e-10	-0.293389
6.04402e-10	-0.293505
6.04449e-10	-0.29362
6.04495e-10	-0.293735
6.04541e-10	-0.29385
6.04588e-10	-0.293966
6.04634e-10	-0.294081
6.04681e-10	-0.294196
6.04727e-10	-0.294311
6.04774e-10	-0.294426
6.0482e-10	-0.294541
6.04866e-10	-0.294656
6.04913e-10	-0.294771
6.04959e-10	-0.294886
6.05006e-10	-0.295001
6.05052e-10	-0.295116
6.05098e-10	-0.295231
6.05145e-10	-0.295346
6.05191e-10	-0.29546
6.05238e-10	-0.295575
6.05284e-10	-0.29569
6.05331e-10	-0.295805
6.05377e-10	-0.29592
6.05423e-10	-0.296034
6.0547e-10	-0.296149
6.05516e-10	-0.296264
6.05563e-10	-0.296378
6.05609e-10	-0.296493
6.05655e-10	-0.296607
6.05702e-10	-0.296722
6.05748e-10	-0.296836
6.05795e-10	-0.296951
6.05841e-10	-0.297065
6.05888e-10	-0.29718
6.05934e-10	-0.297294
6.0598e-10	-0.297409
6.06027e-10	-0.297523
6.06073e-10	-0.297637
6.0612e-10	-0.297752
6.06166e-10	-0.297866
6.06212e-10	-0.29798
6.06259e-10	-0.298094
6.06305e-10	-0.298209
6.06352e-10	-0.298323
6.06398e-10	-0.298437
6.06445e-10	-0.298551
6.06491e-10	-0.298665
6.06537e-10	-0.298779
6.06584e-10	-0.298893
6.0663e-10	-0.299007
6.06677e-10	-0.299121
6.06723e-10	-0.299235
6.06769e-10	-0.299349
6.06816e-10	-0.299463
6.06862e-10	-0.299577
6.06909e-10	-0.299691
6.06955e-10	-0.299805
6.07002e-10	-0.299918
6.07048e-10	-0.300032
6.07094e-10	-0.300146
6.07141e-10	-0.30026
6.07187e-10	-0.300373
6.07234e-10	-0.300487
6.0728e-10	-0.3006
6.07326e-10	-0.300714
6.07373e-10	-0.300828
6.07419e-10	-0.300941
6.07466e-10	-0.301055
6.07512e-10	-0.301168
6.07559e-10	-0.301282
6.07605e-10	-0.301395
6.07651e-10	-0.301508
6.07698e-10	-0.301622
6.07744e-10	-0.301735
6.07791e-10	-0.301848
6.07837e-10	-0.301962
6.07884e-10	-0.302075
6.0793e-10	-0.302188
6.07976e-10	-0.302301
6.08023e-10	-0.302414
6.08069e-10	-0.302528
6.08116e-10	-0.302641
6.08162e-10	-0.302754
6.08208e-10	-0.302867
6.08255e-10	-0.30298
6.08301e-10	-0.303093
6.08348e-10	-0.303206
6.08394e-10	-0.303319
6.08441e-10	-0.303432
6.08487e-10	-0.303544
6.08533e-10	-0.303657
6.0858e-10	-0.30377
6.08626e-10	-0.303883
6.08673e-10	-0.303996
6.08719e-10	-0.304108
6.08765e-10	-0.304221
6.08812e-10	-0.304334
6.08858e-10	-0.304446
6.08905e-10	-0.304559
6.08951e-10	-0.304671
6.08998e-10	-0.304784
6.09044e-10	-0.304896
6.0909e-10	-0.305009
6.09137e-10	-0.305121
6.09183e-10	-0.305234
6.0923e-10	-0.305346
6.09276e-10	-0.305458
6.09322e-10	-0.305571
6.09369e-10	-0.305683
6.09415e-10	-0.305795
6.09462e-10	-0.305907
6.09508e-10	-0.30602
6.09555e-10	-0.306132
6.09601e-10	-0.306244
6.09647e-10	-0.306356
6.09694e-10	-0.306468
6.0974e-10	-0.30658
6.09787e-10	-0.306692
6.09833e-10	-0.306804
6.09879e-10	-0.306916
6.09926e-10	-0.307028
6.09972e-10	-0.30714
6.10019e-10	-0.307252
6.10065e-10	-0.307363
6.10112e-10	-0.307475
6.10158e-10	-0.307587
6.10204e-10	-0.307699
6.10251e-10	-0.30781
6.10297e-10	-0.307922
6.10344e-10	-0.308034
6.1039e-10	-0.308145
6.10436e-10	-0.308257
6.10483e-10	-0.308368
6.10529e-10	-0.30848
6.10576e-10	-0.308591
6.10622e-10	-0.308703
6.10669e-10	-0.308814
6.10715e-10	-0.308925
6.10761e-10	-0.309037
6.10808e-10	-0.309148
6.10854e-10	-0.309259
6.10901e-10	-0.30937
6.10947e-10	-0.309482
6.10993e-10	-0.309593
6.1104e-10	-0.309704
6.11086e-10	-0.309815
6.11133e-10	-0.309926
6.11179e-10	-0.310037
6.11226e-10	-0.310148
6.11272e-10	-0.310259
6.11318e-10	-0.31037
6.11365e-10	-0.310481
6.11411e-10	-0.310592
6.11458e-10	-0.310703
6.11504e-10	-0.310813
6.1155e-10	-0.310924
6.11597e-10	-0.311035
6.11643e-10	-0.311145
6.1169e-10	-0.311256
6.11736e-10	-0.311367
6.11783e-10	-0.311477
6.11829e-10	-0.311588
6.11875e-10	-0.311698
6.11922e-10	-0.311809
6.11968e-10	-0.311919
6.12015e-10	-0.31203
6.12061e-10	-0.31214
6.12107e-10	-0.31225
6.12154e-10	-0.312361
6.122e-10	-0.312471
6.12247e-10	-0.312581
6.12293e-10	-0.312692
6.1234e-10	-0.312802
6.12386e-10	-0.312912
6.12432e-10	-0.313022
6.12479e-10	-0.313132
6.12525e-10	-0.313242
6.12572e-10	-0.313352
6.12618e-10	-0.313462
6.12665e-10	-0.313572
6.12711e-10	-0.313682
6.12757e-10	-0.313792
6.12804e-10	-0.313902
6.1285e-10	-0.314011
6.12897e-10	-0.314121
6.12943e-10	-0.314231
6.12989e-10	-0.31434
6.13036e-10	-0.31445
6.13082e-10	-0.31456
6.13129e-10	-0.314669
6.13175e-10	-0.314779
6.13222e-10	-0.314888
6.13268e-10	-0.314998
6.13314e-10	-0.315107
6.13361e-10	-0.315217
6.13407e-10	-0.315326
6.13454e-10	-0.315435
6.135e-10	-0.315545
6.13546e-10	-0.315654
6.13593e-10	-0.315763
6.13639e-10	-0.315872
6.13686e-10	-0.315981
6.13732e-10	-0.31609
6.13779e-10	-0.3162
6.13825e-10	-0.316309
6.13871e-10	-0.316418
6.13918e-10	-0.316527
6.13964e-10	-0.316635
6.14011e-10	-0.316744
6.14057e-10	-0.316853
6.14103e-10	-0.316962
6.1415e-10	-0.317071
6.14196e-10	-0.317179
6.14243e-10	-0.317288
6.14289e-10	-0.317397
6.14336e-10	-0.317505
6.14382e-10	-0.317614
6.14428e-10	-0.317723
6.14475e-10	-0.317831
6.14521e-10	-0.31794
6.14568e-10	-0.318048
6.14614e-10	-0.318156
6.1466e-10	-0.318265
6.14707e-10	-0.318373
6.14753e-10	-0.318481
6.148e-10	-0.31859
6.14846e-10	-0.318698
6.14893e-10	-0.318806
6.14939e-10	-0.318914
6.14985e-10	-0.319022
6.15032e-10	-0.31913
6.15078e-10	-0.319238
6.15125e-10	-0.319346
6.15171e-10	-0.319454
6.15217e-10	-0.319562
6.15264e-10	-0.31967
6.1531e-10	-0.319778
6.15357e-10	-0.319886
6.15403e-10	-0.319993
6.1545e-10	-0.320101
6.15496e-10	-0.320209
6.15542e-10	-0.320316
6.15589e-10	-0.320424
6.15635e-10	-0.320531
6.15682e-10	-0.320639
6.15728e-10	-0.320746
6.15774e-10	-0.320854
6.15821e-10	-0.320961
6.15867e-10	-0.321069
6.15914e-10	-0.321176
6.1596e-10	-0.321283
6.16007e-10	-0.32139
6.16053e-10	-0.321498
6.16099e-10	-0.321605
6.16146e-10	-0.321712
6.16192e-10	-0.321819
6.16239e-10	-0.321926
6.16285e-10	-0.322033
6.16331e-10	-0.32214
6.16378e-10	-0.322247
6.16424e-10	-0.322354
6.16471e-10	-0.322461
6.16517e-10	-0.322567
6.16564e-10	-0.322674
6.1661e-10	-0.322781
6.16656e-10	-0.322888
6.16703e-10	-0.322994
6.16749e-10	-0.323101
6.16796e-10	-0.323207
6.16842e-10	-0.323314
6.16889e-10	-0.32342
6.16935e-10	-0.323527
6.16981e-10	-0.323633
6.17028e-10	-0.32374
6.17074e-10	-0.323846
6.17121e-10	-0.323952
6.17167e-10	-0.324058
6.17213e-10	-0.324165
6.1726e-10	-0.324271
6.17306e-10	-0.324377
6.17353e-10	-0.324483
6.17399e-10	-0.324589
6.17446e-10	-0.324695
6.17492e-10	-0.324801
6.17538e-10	-0.324907
6.17585e-10	-0.325013
6.17631e-10	-0.325118
6.17678e-10	-0.325224
6.17724e-10	-0.32533
6.1777e-10	-0.325436
6.17817e-10	-0.325541
6.17863e-10	-0.325647
6.1791e-10	-0.325752
6.17956e-10	-0.325858
6.18003e-10	-0.325963
6.18049e-10	-0.326069
6.18095e-10	-0.326174
6.18142e-10	-0.32628
6.18188e-10	-0.326385
6.18235e-10	-0.32649
6.18281e-10	-0.326595
6.18327e-10	-0.326701
6.18374e-10	-0.326806
6.1842e-10	-0.326911
6.18467e-10	-0.327016
6.18513e-10	-0.327121
6.1856e-10	-0.327226
6.18606e-10	-0.327331
6.18652e-10	-0.327436
6.18699e-10	-0.32754
6.18745e-10	-0.327645
6.18792e-10	-0.32775
6.18838e-10	-0.327855
6.18884e-10	-0.327959
6.18931e-10	-0.328064
6.18977e-10	-0.328169
6.19024e-10	-0.328273
6.1907e-10	-0.328378
6.19117e-10	-0.328482
6.19163e-10	-0.328587
6.19209e-10	-0.328691
6.19256e-10	-0.328795
6.19302e-10	-0.328899
6.19349e-10	-0.329004
6.19395e-10	-0.329108
6.19441e-10	-0.329212
6.19488e-10	-0.329316
6.19534e-10	-0.32942
6.19581e-10	-0.329524
6.19627e-10	-0.329628
6.19674e-10	-0.329732
6.1972e-10	-0.329836
6.19766e-10	-0.32994
6.19813e-10	-0.330044
6.19859e-10	-0.330147
6.19906e-10	-0.330251
6.19952e-10	-0.330355
6.19998e-10	-0.330458
6.20045e-10	-0.330562
6.20091e-10	-0.330665
6.20138e-10	-0.330769
6.20184e-10	-0.330872
6.20231e-10	-0.330976
6.20277e-10	-0.331079
6.20323e-10	-0.331182
6.2037e-10	-0.331286
6.20416e-10	-0.331389
6.20463e-10	-0.331492
6.20509e-10	-0.331595
6.20555e-10	-0.331698
6.20602e-10	-0.331801
6.20648e-10	-0.331904
6.20695e-10	-0.332007
6.20741e-10	-0.33211
6.20788e-10	-0.332213
6.20834e-10	-0.332316
6.2088e-10	-0.332418
6.20927e-10	-0.332521
6.20973e-10	-0.332624
6.2102e-10	-0.332726
6.21066e-10	-0.332829
6.21112e-10	-0.332931
6.21159e-10	-0.333034
6.21205e-10	-0.333136
6.21252e-10	-0.333239
6.21298e-10	-0.333341
6.21345e-10	-0.333443
6.21391e-10	-0.333546
6.21437e-10	-0.333648
6.21484e-10	-0.33375
6.2153e-10	-0.333852
6.21577e-10	-0.333954
6.21623e-10	-0.334056
6.2167e-10	-0.334158
6.21716e-10	-0.33426
6.21762e-10	-0.334362
6.21809e-10	-0.334464
6.21855e-10	-0.334565
6.21902e-10	-0.334667
6.21948e-10	-0.334769
6.21994e-10	-0.33487
6.22041e-10	-0.334972
6.22087e-10	-0.335073
6.22134e-10	-0.335175
6.2218e-10	-0.335276
6.22227e-10	-0.335378
6.22273e-10	-0.335479
6.22319e-10	-0.33558
6.22366e-10	-0.335682
6.22412e-10	-0.335783
6.22459e-10	-0.335884
6.22505e-10	-0.335985
6.22551e-10	-0.336086
6.22598e-10	-0.336187
6.22644e-10	-0.336288
6.22691e-10	-0.336389
6.22737e-10	-0.33649
6.22784e-10	-0.336591
6.2283e-10	-0.336691
6.22876e-10	-0.336792
6.22923e-10	-0.336893
6.22969e-10	-0.336993
6.23016e-10	-0.337094
6.23062e-10	-0.337195
6.23108e-10	-0.337295
6.23155e-10	-0.337395
6.23201e-10	-0.337496
6.23248e-10	-0.337596
6.23294e-10	-0.337696
6.23341e-10	-0.337797
6.23387e-10	-0.337897
6.23433e-10	-0.337997
6.2348e-10	-0.338097
6.23526e-10	-0.338197
6.23573e-10	-0.338297
6.23619e-10	-0.338397
6.23665e-10	-0.338497
6.23712e-10	-0.338597
6.23758e-10	-0.338696
6.23805e-10	-0.338796
6.23851e-10	-0.338896
6.23898e-10	-0.338995
6.23944e-10	-0.339095
6.2399e-10	-0.339194
6.24037e-10	-0.339294
6.24083e-10	-0.339393
6.2413e-10	-0.339493
6.24176e-10	-0.339592
6.24222e-10	-0.339691
6.24269e-10	-0.339791
6.24315e-10	-0.33989
6.24362e-10	-0.339989
6.24408e-10	-0.340088
6.24455e-10	-0.340187
6.24501e-10	-0.340286
6.24547e-10	-0.340385
6.24594e-10	-0.340484
6.2464e-10	-0.340583
6.24687e-10	-0.340681
6.24733e-10	-0.34078
6.24779e-10	-0.340879
6.24826e-10	-0.340977
6.24872e-10	-0.341076
6.24919e-10	-0.341174
6.24965e-10	-0.341273
6.25012e-10	-0.341371
6.25058e-10	-0.34147
6.25104e-10	-0.341568
6.25151e-10	-0.341666
6.25197e-10	-0.341764
6.25244e-10	-0.341863
6.2529e-10	-0.341961
6.25336e-10	-0.342059
6.25383e-10	-0.342157
6.25429e-10	-0.342255
6.25476e-10	-0.342353
6.25522e-10	-0.34245
6.25569e-10	-0.342548
6.25615e-10	-0.342646
6.25661e-10	-0.342744
6.25708e-10	-0.342841
6.25754e-10	-0.342939
6.25801e-10	-0.343036
6.25847e-10	-0.343134
6.25893e-10	-0.343231
6.2594e-10	-0.343329
6.25986e-10	-0.343426
6.26033e-10	-0.343523
6.26079e-10	-0.34362
6.26126e-10	-0.343717
6.26172e-10	-0.343815
6.26218e-10	-0.343912
6.26265e-10	-0.344009
6.26311e-10	-0.344106
6.26358e-10	-0.344202
6.26404e-10	-0.344299
6.26451e-10	-0.344396
6.26497e-10	-0.344493
6.26543e-10	-0.344589
6.2659e-10	-0.344686
6.26636e-10	-0.344783
6.26683e-10	-0.344879
6.26729e-10	-0.344976
6.26775e-10	-0.345072
6.26822e-10	-0.345168
6.26868e-10	-0.345265
6.26915e-10	-0.345361
6.26961e-10	-0.345457
6.27008e-10	-0.345553
6.27054e-10	-0.345649
6.271e-10	-0.345745
6.27147e-10	-0.345841
6.27193e-10	-0.345937
6.2724e-10	-0.346033
6.27286e-10	-0.346129
6.27332e-10	-0.346225
6.27379e-10	-0.34632
6.27425e-10	-0.346416
6.27472e-10	-0.346512
6.27518e-10	-0.346607
6.27565e-10	-0.346703
6.27611e-10	-0.346798
6.27657e-10	-0.346893
6.27704e-10	-0.346989
6.2775e-10	-0.347084
6.27797e-10	-0.347179
6.27843e-10	-0.347274
6.27889e-10	-0.347369
6.27936e-10	-0.347464
6.27982e-10	-0.347559
6.28029e-10	-0.347654
6.28075e-10	-0.347749
6.28122e-10	-0.347844
6.28168e-10	-0.347939
6.28214e-10	-0.348034
6.28261e-10	-0.348128
6.28307e-10	-0.348223
6.28354e-10	-0.348317
6.284e-10	-0.348412
6.28446e-10	-0.348506
6.28493e-10	-0.348601
6.28539e-10	-0.348695
6.28586e-10	-0.348789
6.28632e-10	-0.348883
6.28679e-10	-0.348977
6.28725e-10	-0.349072
6.28771e-10	-0.349166
6.28818e-10	-0.34926
6.28864e-10	-0.349353
6.28911e-10	-0.349447
6.28957e-10	-0.349541
6.29003e-10	-0.349635
6.2905e-10	-0.349729
6.29096e-10	-0.349822
6.29143e-10	-0.349916
6.29189e-10	-0.350009
6.29236e-10	-0.350103
6.29282e-10	-0.350196
6.29328e-10	-0.350289
6.29375e-10	-0.350383
6.29421e-10	-0.350476
6.29468e-10	-0.350569
6.29514e-10	-0.350662
6.2956e-10	-0.350755
6.29607e-10	-0.350848
6.29653e-10	-0.350941
6.297e-10	-0.351034
6.29746e-10	-0.351127
6.29793e-10	-0.35122
6.29839e-10	-0.351312
6.29885e-10	-0.351405
6.29932e-10	-0.351498
6.29978e-10	-0.35159
6.30025e-10	-0.351683
6.30071e-10	-0.351775
6.30117e-10	-0.351867
6.30164e-10	-0.35196
6.3021e-10	-0.352052
6.30257e-10	-0.352144
6.30303e-10	-0.352236
6.3035e-10	-0.352328
6.30396e-10	-0.35242
6.30442e-10	-0.352512
6.30489e-10	-0.352604
6.30535e-10	-0.352696
6.30582e-10	-0.352788
6.30628e-10	-0.35288
6.30674e-10	-0.352971
6.30721e-10	-0.353063
6.30767e-10	-0.353154
6.30814e-10	-0.353246
6.3086e-10	-0.353337
6.30907e-10	-0.353429
6.30953e-10	-0.35352
6.30999e-10	-0.353611
6.31046e-10	-0.353702
6.31092e-10	-0.353793
6.31139e-10	-0.353884
6.31185e-10	-0.353975
6.31232e-10	-0.354066
6.31278e-10	-0.354157
6.31324e-10	-0.354248
6.31371e-10	-0.354339
6.31417e-10	-0.35443
6.31464e-10	-0.35452
6.3151e-10	-0.354611
6.31556e-10	-0.354701
6.31603e-10	-0.354792
6.31649e-10	-0.354882
6.31696e-10	-0.354972
6.31742e-10	-0.355063
6.31789e-10	-0.355153
6.31835e-10	-0.355243
6.31881e-10	-0.355333
6.31928e-10	-0.355423
6.31974e-10	-0.355513
6.32021e-10	-0.355603
6.32067e-10	-0.355693
6.32113e-10	-0.355783
6.3216e-10	-0.355872
6.32206e-10	-0.355962
6.32253e-10	-0.356052
6.32299e-10	-0.356141
6.32346e-10	-0.356231
6.32392e-10	-0.35632
6.32438e-10	-0.356409
6.32485e-10	-0.356499
6.32531e-10	-0.356588
6.32578e-10	-0.356677
6.32624e-10	-0.356766
6.3267e-10	-0.356855
6.32717e-10	-0.356944
6.32763e-10	-0.357033
6.3281e-10	-0.357122
6.32856e-10	-0.357211
6.32903e-10	-0.3573
6.32949e-10	-0.357388
6.32995e-10	-0.357477
6.33042e-10	-0.357565
6.33088e-10	-0.357654
6.33135e-10	-0.357742
6.33181e-10	-0.357831
6.33227e-10	-0.357919
6.33274e-10	-0.358007
6.3332e-10	-0.358095
6.33367e-10	-0.358184
6.33413e-10	-0.358272
6.3346e-10	-0.35836
6.33506e-10	-0.358447
6.33552e-10	-0.358535
6.33599e-10	-0.358623
6.33645e-10	-0.358711
6.33692e-10	-0.358799
6.33738e-10	-0.358886
6.33784e-10	-0.358974
6.33831e-10	-0.359061
6.33877e-10	-0.359149
6.33924e-10	-0.359236
6.3397e-10	-0.359323
6.34017e-10	-0.35941
6.34063e-10	-0.359498
6.34109e-10	-0.359585
6.34156e-10	-0.359672
6.34202e-10	-0.359759
6.34249e-10	-0.359846
6.34295e-10	-0.359932
6.34341e-10	-0.360019
6.34388e-10	-0.360106
6.34434e-10	-0.360193
6.34481e-10	-0.360279
6.34527e-10	-0.360366
6.34574e-10	-0.360452
6.3462e-10	-0.360538
6.34666e-10	-0.360625
6.34713e-10	-0.360711
6.34759e-10	-0.360797
6.34806e-10	-0.360883
6.34852e-10	-0.360969
6.34898e-10	-0.361055
6.34945e-10	-0.361141
6.34991e-10	-0.361227
6.35038e-10	-0.361313
6.35084e-10	-0.361399
6.35131e-10	-0.361484
6.35177e-10	-0.36157
6.35223e-10	-0.361656
6.3527e-10	-0.361741
6.35316e-10	-0.361826
6.35363e-10	-0.361912
6.35409e-10	-0.361997
6.35455e-10	-0.362082
6.35502e-10	-0.362167
6.35548e-10	-0.362253
6.35595e-10	-0.362337
6.35641e-10	-0.362422
6.35688e-10	-0.362507
6.35734e-10	-0.362592
6.3578e-10	-0.362677
6.35827e-10	-0.362762
6.35873e-10	-0.362846
6.3592e-10	-0.362931
6.35966e-10	-0.363015
6.36013e-10	-0.3631
6.36059e-10	-0.363184
6.36105e-10	-0.363268
6.36152e-10	-0.363353
6.36198e-10	-0.363437
6.36245e-10	-0.363521
6.36291e-10	-0.363605
6.36337e-10	-0.363689
6.36384e-10	-0.363773
6.3643e-10	-0.363856
6.36477e-10	-0.36394
6.36523e-10	-0.364024
6.3657e-10	-0.364107
6.36616e-10	-0.364191
6.36662e-10	-0.364274
6.36709e-10	-0.364358
6.36755e-10	-0.364441
6.36802e-10	-0.364524
6.36848e-10	-0.364608
6.36894e-10	-0.364691
6.36941e-10	-0.364774
6.36987e-10	-0.364857
6.37034e-10	-0.36494
6.3708e-10	-0.365023
6.37127e-10	-0.365106
6.37173e-10	-0.365188
6.37219e-10	-0.365271
6.37266e-10	-0.365354
6.37312e-10	-0.365436
6.37359e-10	-0.365519
6.37405e-10	-0.365601
6.37451e-10	-0.365683
6.37498e-10	-0.365765
6.37544e-10	-0.365848
6.37591e-10	-0.36593
6.37637e-10	-0.366012
6.37684e-10	-0.366094
6.3773e-10	-0.366176
6.37776e-10	-0.366258
6.37823e-10	-0.366339
6.37869e-10	-0.366421
6.37916e-10	-0.366503
6.37962e-10	-0.366584
6.38008e-10	-0.366666
6.38055e-10	-0.366747
6.38101e-10	-0.366829
6.38148e-10	-0.36691
6.38194e-10	-0.366991
6.38241e-10	-0.367072
6.38287e-10	-0.367153
6.38333e-10	-0.367234
6.3838e-10	-0.367315
6.38426e-10	-0.367396
6.38473e-10	-0.367477
6.38519e-10	-0.367558
6.38565e-10	-0.367638
6.38612e-10	-0.367719
6.38658e-10	-0.367799
6.38705e-10	-0.36788
6.38751e-10	-0.36796
6.38798e-10	-0.36804
6.38844e-10	-0.368121
6.3889e-10	-0.368201
6.38937e-10	-0.368281
6.38983e-10	-0.368361
6.3903e-10	-0.368441
6.39076e-10	-0.368521
6.39122e-10	-0.368601
6.39169e-10	-0.36868
6.39215e-10	-0.36876
6.39262e-10	-0.36884
6.39308e-10	-0.368919
6.39355e-10	-0.368999
6.39401e-10	-0.369078
6.39447e-10	-0.369157
6.39494e-10	-0.369237
6.3954e-10	-0.369316
6.39587e-10	-0.369395
6.39633e-10	-0.369474
6.39679e-10	-0.369553
6.39726e-10	-0.369632
6.39772e-10	-0.369711
6.39819e-10	-0.369789
6.39865e-10	-0.369868
6.39912e-10	-0.369947
6.39958e-10	-0.370025
6.40004e-10	-0.370103
6.40051e-10	-0.370182
6.40097e-10	-0.37026
6.40144e-10	-0.370338
6.4019e-10	-0.370417
6.40237e-10	-0.370495
6.40283e-10	-0.370573
6.40329e-10	-0.370651
6.40376e-10	-0.370729
6.40422e-10	-0.370806
6.40469e-10	-0.370884
6.40515e-10	-0.370962
6.40561e-10	-0.371039
6.40608e-10	-0.371117
6.40654e-10	-0.371194
6.40701e-10	-0.371272
6.40747e-10	-0.371349
6.40794e-10	-0.371426
6.4084e-10	-0.371503
6.40886e-10	-0.37158
6.40933e-10	-0.371657
6.40979e-10	-0.371734
6.41026e-10	-0.371811
6.41072e-10	-0.371888
6.41118e-10	-0.371965
6.41165e-10	-0.372041
6.41211e-10	-0.372118
6.41258e-10	-0.372194
6.41304e-10	-0.372271
6.41351e-10	-0.372347
6.41397e-10	-0.372423
6.41443e-10	-0.372499
6.4149e-10	-0.372576
6.41536e-10	-0.372652
6.41583e-10	-0.372728
6.41629e-10	-0.372803
6.41675e-10	-0.372879
6.41722e-10	-0.372955
6.41768e-10	-0.373031
6.41815e-10	-0.373106
6.41861e-10	-0.373182
6.41908e-10	-0.373257
6.41954e-10	-0.373333
6.42e-10	-0.373408
6.42047e-10	-0.373483
6.42093e-10	-0.373558
6.4214e-10	-0.373633
6.42186e-10	-0.373708
6.42232e-10	-0.373783
6.42279e-10	-0.373858
6.42325e-10	-0.373933
6.42372e-10	-0.374008
6.42418e-10	-0.374082
6.42465e-10	-0.374157
6.42511e-10	-0.374231
6.42557e-10	-0.374306
6.42604e-10	-0.37438
6.4265e-10	-0.374454
6.42697e-10	-0.374528
6.42743e-10	-0.374602
6.42789e-10	-0.374676
6.42836e-10	-0.37475
6.42882e-10	-0.374824
6.42929e-10	-0.374898
6.42975e-10	-0.374972
6.43022e-10	-0.375045
6.43068e-10	-0.375119
6.43114e-10	-0.375192
6.43161e-10	-0.375266
6.43207e-10	-0.375339
6.43254e-10	-0.375412
6.433e-10	-0.375485
6.43346e-10	-0.375559
6.43393e-10	-0.375632
6.43439e-10	-0.375705
6.43486e-10	-0.375777
6.43532e-10	-0.37585
6.43579e-10	-0.375923
6.43625e-10	-0.375996
6.43671e-10	-0.376068
6.43718e-10	-0.376141
6.43764e-10	-0.376213
6.43811e-10	-0.376285
6.43857e-10	-0.376358
6.43903e-10	-0.37643
6.4395e-10	-0.376502
6.43996e-10	-0.376574
6.44043e-10	-0.376646
6.44089e-10	-0.376718
6.44136e-10	-0.376789
6.44182e-10	-0.376861
6.44228e-10	-0.376933
6.44275e-10	-0.377004
6.44321e-10	-0.377076
6.44368e-10	-0.377147
6.44414e-10	-0.377218
6.4446e-10	-0.37729
6.44507e-10	-0.377361
6.44553e-10	-0.377432
6.446e-10	-0.377503
6.44646e-10	-0.377574
6.44693e-10	-0.377645
6.44739e-10	-0.377715
6.44785e-10	-0.377786
6.44832e-10	-0.377857
6.44878e-10	-0.377927
6.44925e-10	-0.377998
6.44971e-10	-0.378068
6.45018e-10	-0.378138
6.45064e-10	-0.378209
6.4511e-10	-0.378279
6.45157e-10	-0.378349
6.45203e-10	-0.378419
6.4525e-10	-0.378489
6.45296e-10	-0.378559
6.45342e-10	-0.378628
6.45389e-10	-0.378698
6.45435e-10	-0.378767
6.45482e-10	-0.378837
6.45528e-10	-0.378906
6.45575e-10	-0.378976
6.45621e-10	-0.379045
6.45667e-10	-0.379114
6.45714e-10	-0.379183
6.4576e-10	-0.379252
6.45807e-10	-0.379321
6.45853e-10	-0.37939
6.45899e-10	-0.379459
6.45946e-10	-0.379528
6.45992e-10	-0.379596
6.46039e-10	-0.379665
6.46085e-10	-0.379733
6.46132e-10	-0.379802
6.46178e-10	-0.37987
6.46224e-10	-0.379938
6.46271e-10	-0.380006
6.46317e-10	-0.380074
6.46364e-10	-0.380142
6.4641e-10	-0.38021
6.46456e-10	-0.380278
6.46503e-10	-0.380346
6.46549e-10	-0.380413
6.46596e-10	-0.380481
6.46642e-10	-0.380548
6.46689e-10	-0.380616
6.46735e-10	-0.380683
6.46781e-10	-0.38075
6.46828e-10	-0.380818
6.46874e-10	-0.380885
6.46921e-10	-0.380952
6.46967e-10	-0.381019
6.47013e-10	-0.381085
6.4706e-10	-0.381152
6.47106e-10	-0.381219
6.47153e-10	-0.381285
6.47199e-10	-0.381352
6.47246e-10	-0.381418
6.47292e-10	-0.381485
6.47338e-10	-0.381551
6.47385e-10	-0.381617
6.47431e-10	-0.381683
6.47478e-10	-0.381749
6.47524e-10	-0.381815
6.4757e-10	-0.381881
6.47617e-10	-0.381947
6.47663e-10	-0.382013
6.4771e-10	-0.382078
6.47756e-10	-0.382144
6.47803e-10	-0.382209
6.47849e-10	-0.382274
6.47895e-10	-0.38234
6.47942e-10	-0.382405
6.47988e-10	-0.38247
6.48035e-10	-0.382535
6.48081e-10	-0.3826
6.48127e-10	-0.382665
6.48174e-10	-0.38273
6.4822e-10	-0.382794
6.48267e-10	-0.382859
6.48313e-10	-0.382923
6.4836e-10	-0.382988
6.48406e-10	-0.383052
6.48452e-10	-0.383116
6.48499e-10	-0.383181
6.48545e-10	-0.383245
6.48592e-10	-0.383309
6.48638e-10	-0.383373
6.48684e-10	-0.383437
6.48731e-10	-0.3835
6.48777e-10	-0.383564
6.48824e-10	-0.383628
6.4887e-10	-0.383691
6.48917e-10	-0.383755
6.48963e-10	-0.383818
6.49009e-10	-0.383881
6.49056e-10	-0.383944
6.49102e-10	-0.384007
6.49149e-10	-0.38407
6.49195e-10	-0.384133
6.49241e-10	-0.384196
6.49288e-10	-0.384259
6.49334e-10	-0.384322
6.49381e-10	-0.384384
6.49427e-10	-0.384447
6.49474e-10	-0.384509
6.4952e-10	-0.384571
6.49566e-10	-0.384634
6.49613e-10	-0.384696
6.49659e-10	-0.384758
6.49706e-10	-0.38482
6.49752e-10	-0.384882
6.49799e-10	-0.384944
6.49845e-10	-0.385005
6.49891e-10	-0.385067
6.49938e-10	-0.385129
6.49984e-10	-0.38519
6.50031e-10	-0.385251
6.50077e-10	-0.385313
6.50123e-10	-0.385374
6.5017e-10	-0.385435
6.50216e-10	-0.385496
6.50263e-10	-0.385557
6.50309e-10	-0.385618
6.50356e-10	-0.385679
6.50402e-10	-0.385739
6.50448e-10	-0.3858
6.50495e-10	-0.385861
6.50541e-10	-0.385921
6.50588e-10	-0.385981
6.50634e-10	-0.386042
6.5068e-10	-0.386102
6.50727e-10	-0.386162
6.50773e-10	-0.386222
6.5082e-10	-0.386282
6.50866e-10	-0.386342
6.50913e-10	-0.386401
6.50959e-10	-0.386461
6.51005e-10	-0.386521
6.51052e-10	-0.38658
6.51098e-10	-0.38664
6.51145e-10	-0.386699
6.51191e-10	-0.386758
6.51237e-10	-0.386817
6.51284e-10	-0.386876
6.5133e-10	-0.386935
6.51377e-10	-0.386994
6.51423e-10	-0.387053
6.5147e-10	-0.387112
6.51516e-10	-0.38717
6.51562e-10	-0.387229
6.51609e-10	-0.387287
6.51655e-10	-0.387345
6.51702e-10	-0.387404
6.51748e-10	-0.387462
6.51794e-10	-0.38752
6.51841e-10	-0.387578
6.51887e-10	-0.387636
6.51934e-10	-0.387694
6.5198e-10	-0.387751
6.52027e-10	-0.387809
6.52073e-10	-0.387867
6.52119e-10	-0.387924
6.52166e-10	-0.387981
6.52212e-10	-0.388039
6.52259e-10	-0.388096
6.52305e-10	-0.388153
6.52351e-10	-0.38821
6.52398e-10	-0.388267
6.52444e-10	-0.388324
6.52491e-10	-0.388381
6.52537e-10	-0.388437
6.52584e-10	-0.388494
6.5263e-10	-0.38855
6.52676e-10	-0.388607
6.52723e-10	-0.388663
6.52769e-10	-0.388719
6.52816e-10	-0.388775
6.52862e-10	-0.388831
6.52908e-10	-0.388887
6.52955e-10	-0.388943
6.53001e-10	-0.388999
6.53048e-10	-0.389055
6.53094e-10	-0.38911
6.53141e-10	-0.389166
6.53187e-10	-0.389221
6.53233e-10	-0.389276
6.5328e-10	-0.389332
6.53326e-10	-0.389387
6.53373e-10	-0.389442
6.53419e-10	-0.389497
6.53465e-10	-0.389552
6.53512e-10	-0.389606
6.53558e-10	-0.389661
6.53605e-10	-0.389716
6.53651e-10	-0.38977
6.53698e-10	-0.389825
6.53744e-10	-0.389879
6.5379e-10	-0.389933
6.53837e-10	-0.389987
6.53883e-10	-0.390041
6.5393e-10	-0.390095
6.53976e-10	-0.390149
6.54022e-10	-0.390203
6.54069e-10	-0.390256
6.54115e-10	-0.39031
6.54162e-10	-0.390364
6.54208e-10	-0.390417
6.54255e-10	-0.39047
6.54301e-10	-0.390524
6.54347e-10	-0.390577
6.54394e-10	-0.39063
6.5444e-10	-0.390683
6.54487e-10	-0.390735
6.54533e-10	-0.390788
6.5458e-10	-0.390841
6.54626e-10	-0.390893
6.54672e-10	-0.390946
6.54719e-10	-0.390998
6.54765e-10	-0.391051
6.54812e-10	-0.391103
6.54858e-10	-0.391155
6.54904e-10	-0.391207
6.54951e-10	-0.391259
6.54997e-10	-0.391311
6.55044e-10	-0.391363
6.5509e-10	-0.391414
6.55137e-10	-0.391466
6.55183e-10	-0.391517
6.55229e-10	-0.391569
6.55276e-10	-0.39162
6.55322e-10	-0.391671
6.55369e-10	-0.391722
6.55415e-10	-0.391773
6.55461e-10	-0.391824
6.55508e-10	-0.391875
6.55554e-10	-0.391926
6.55601e-10	-0.391976
6.55647e-10	-0.392027
6.55694e-10	-0.392077
6.5574e-10	-0.392128
6.55786e-10	-0.392178
6.55833e-10	-0.392228
6.55879e-10	-0.392278
6.55926e-10	-0.392328
6.55972e-10	-0.392378
6.56018e-10	-0.392428
6.56065e-10	-0.392477
6.56111e-10	-0.392527
6.56158e-10	-0.392577
6.56204e-10	-0.392626
6.56251e-10	-0.392675
6.56297e-10	-0.392724
6.56343e-10	-0.392774
6.5639e-10	-0.392823
6.56436e-10	-0.392872
6.56483e-10	-0.39292
6.56529e-10	-0.392969
6.56575e-10	-0.393018
6.56622e-10	-0.393066
6.56668e-10	-0.393115
6.56715e-10	-0.393163
6.56761e-10	-0.393212
6.56808e-10	-0.39326
6.56854e-10	-0.393308
6.569e-10	-0.393356
6.56947e-10	-0.393404
6.56993e-10	-0.393451
6.5704e-10	-0.393499
6.57086e-10	-0.393547
6.57132e-10	-0.393594
6.57179e-10	-0.393642
6.57225e-10	-0.393689
6.57272e-10	-0.393736
6.57318e-10	-0.393783
6.57365e-10	-0.39383
6.57411e-10	-0.393877
6.57457e-10	-0.393924
6.57504e-10	-0.393971
6.5755e-10	-0.394018
6.57597e-10	-0.394064
6.57643e-10	-0.394111
6.57689e-10	-0.394157
6.57736e-10	-0.394203
6.57782e-10	-0.394249
6.57829e-10	-0.394296
6.57875e-10	-0.394342
6.57922e-10	-0.394387
6.57968e-10	-0.394433
6.58014e-10	-0.394479
6.58061e-10	-0.394524
6.58107e-10	-0.39457
6.58154e-10	-0.394615
6.582e-10	-0.394661
6.58246e-10	-0.394706
6.58293e-10	-0.394751
6.58339e-10	-0.394796
6.58386e-10	-0.394841
6.58432e-10	-0.394886
6.58479e-10	-0.39493
6.58525e-10	-0.394975
6.58571e-10	-0.39502
6.58618e-10	-0.395064
6.58664e-10	-0.395108
6.58711e-10	-0.395153
6.58757e-10	-0.395197
6.58803e-10	-0.395241
6.5885e-10	-0.395285
6.58896e-10	-0.395329
6.58943e-10	-0.395372
6.58989e-10	-0.395416
6.59036e-10	-0.39546
6.59082e-10	-0.395503
6.59128e-10	-0.395546
6.59175e-10	-0.39559
6.59221e-10	-0.395633
6.59268e-10	-0.395676
6.59314e-10	-0.395719
6.59361e-10	-0.395762
6.59407e-10	-0.395804
6.59453e-10	-0.395847
6.595e-10	-0.39589
6.59546e-10	-0.395932
6.59593e-10	-0.395974
6.59639e-10	-0.396017
6.59685e-10	-0.396059
6.59732e-10	-0.396101
6.59778e-10	-0.396143
6.59825e-10	-0.396185
6.59871e-10	-0.396227
6.59918e-10	-0.396268
6.59964e-10	-0.39631
6.6001e-10	-0.396351
6.60057e-10	-0.396393
6.60103e-10	-0.396434
6.6015e-10	-0.396475
6.60196e-10	-0.396516
6.60242e-10	-0.396557
6.60289e-10	-0.396598
6.60335e-10	-0.396639
6.60382e-10	-0.39668
6.60428e-10	-0.39672
6.60475e-10	-0.396761
6.60521e-10	-0.396801
6.60567e-10	-0.396841
6.60614e-10	-0.396882
6.6066e-10	-0.396922
6.60707e-10	-0.396962
6.60753e-10	-0.397002
6.60799e-10	-0.397041
6.60846e-10	-0.397081
6.60892e-10	-0.397121
6.60939e-10	-0.39716
6.60985e-10	-0.397199
6.61032e-10	-0.397239
6.61078e-10	-0.397278
6.61124e-10	-0.397317
6.61171e-10	-0.397356
6.61217e-10	-0.397395
6.61264e-10	-0.397434
6.6131e-10	-0.397472
6.61356e-10	-0.397511
6.61403e-10	-0.397549
6.61449e-10	-0.397588
6.61496e-10	-0.397626
6.61542e-10	-0.397664
6.61589e-10	-0.397702
6.61635e-10	-0.39774
6.61681e-10	-0.397778
6.61728e-10	-0.397816
6.61774e-10	-0.397854
6.61821e-10	-0.397891
6.61867e-10	-0.397929
6.61913e-10	-0.397966
6.6196e-10	-0.398003
6.62006e-10	-0.39804
6.62053e-10	-0.398077
6.62099e-10	-0.398114
6.62146e-10	-0.398151
6.62192e-10	-0.398188
6.62238e-10	-0.398225
6.62285e-10	-0.398261
6.62331e-10	-0.398298
6.62378e-10	-0.398334
6.62424e-10	-0.39837
6.6247e-10	-0.398406
6.62517e-10	-0.398442
6.62563e-10	-0.398478
6.6261e-10	-0.398514
6.62656e-10	-0.39855
6.62703e-10	-0.398585
6.62749e-10	-0.398621
6.62795e-10	-0.398656
6.62842e-10	-0.398692
6.62888e-10	-0.398727
6.62935e-10	-0.398762
6.62981e-10	-0.398797
6.63027e-10	-0.398832
6.63074e-10	-0.398867
6.6312e-10	-0.398901
6.63167e-10	-0.398936
6.63213e-10	-0.39897
6.6326e-10	-0.399005
6.63306e-10	-0.399039
6.63352e-10	-0.399073
6.63399e-10	-0.399107
6.63445e-10	-0.399141
6.63492e-10	-0.399175
6.63538e-10	-0.399209
6.63585e-10	-0.399243
6.63631e-10	-0.399276
6.63677e-10	-0.39931
6.63724e-10	-0.399343
6.6377e-10	-0.399376
6.63817e-10	-0.399409
6.63863e-10	-0.399442
6.63909e-10	-0.399475
6.63956e-10	-0.399508
6.64002e-10	-0.399541
6.64049e-10	-0.399574
6.64095e-10	-0.399606
6.64142e-10	-0.399638
6.64188e-10	-0.399671
6.64234e-10	-0.399703
6.64281e-10	-0.399735
6.64327e-10	-0.399767
6.64374e-10	-0.399799
6.6442e-10	-0.399831
6.64466e-10	-0.399862
6.64513e-10	-0.399894
6.64559e-10	-0.399925
6.64606e-10	-0.399957
6.64652e-10	-0.399988
6.64699e-10	-0.400019
6.64745e-10	-0.40005
6.64791e-10	-0.400081
6.64838e-10	-0.400112
6.64884e-10	-0.400143
6.64931e-10	-0.400173
6.64977e-10	-0.400204
6.65023e-10	-0.400234
6.6507e-10	-0.400265
6.65116e-10	-0.400295
6.65163e-10	-0.400325
6.65209e-10	-0.400355
6.65256e-10	-0.400385
6.65302e-10	-0.400415
6.65348e-10	-0.400444
6.65395e-10	-0.400474
6.65441e-10	-0.400503
6.65488e-10	-0.400533
6.65534e-10	-0.400562
6.6558e-10	-0.400591
6.65627e-10	-0.40062
6.65673e-10	-0.400649
6.6572e-10	-0.400678
6.65766e-10	-0.400706
6.65813e-10	-0.400735
6.65859e-10	-0.400764
6.65905e-10	-0.400792
6.65952e-10	-0.40082
6.65998e-10	-0.400848
6.66045e-10	-0.400877
6.66091e-10	-0.400904
6.66137e-10	-0.400932
6.66184e-10	-0.40096
6.6623e-10	-0.400988
6.66277e-10	-0.401015
6.66323e-10	-0.401043
6.6637e-10	-0.40107
6.66416e-10	-0.401097
6.66462e-10	-0.401124
6.66509e-10	-0.401151
6.66555e-10	-0.401178
6.66602e-10	-0.401205
6.66648e-10	-0.401232
6.66694e-10	-0.401258
6.66741e-10	-0.401285
6.66787e-10	-0.401311
6.66834e-10	-0.401337
6.6688e-10	-0.401363
6.66927e-10	-0.401389
6.66973e-10	-0.401415
6.67019e-10	-0.401441
6.67066e-10	-0.401467
6.67112e-10	-0.401493
6.67159e-10	-0.401518
6.67205e-10	-0.401543
6.67251e-10	-0.401569
6.67298e-10	-0.401594
6.67344e-10	-0.401619
6.67391e-10	-0.401644
6.67437e-10	-0.401669
6.67484e-10	-0.401693
6.6753e-10	-0.401718
6.67576e-10	-0.401743
6.67623e-10	-0.401767
6.67669e-10	-0.401791
6.67716e-10	-0.401815
6.67762e-10	-0.401839
6.67808e-10	-0.401863
6.67855e-10	-0.401887
6.67901e-10	-0.401911
6.67948e-10	-0.401935
6.67994e-10	-0.401958
6.68041e-10	-0.401982
6.68087e-10	-0.402005
6.68133e-10	-0.402028
6.6818e-10	-0.402051
6.68226e-10	-0.402074
6.68273e-10	-0.402097
6.68319e-10	-0.40212
6.68366e-10	-0.402142
6.68412e-10	-0.402165
6.68458e-10	-0.402187
6.68505e-10	-0.40221
6.68551e-10	-0.402232
6.68598e-10	-0.402254
6.68644e-10	-0.402276
6.6869e-10	-0.402298
6.68737e-10	-0.40232
6.68783e-10	-0.402341
6.6883e-10	-0.402363
6.68876e-10	-0.402384
6.68923e-10	-0.402406
6.68969e-10	-0.402427
6.69015e-10	-0.402448
6.69062e-10	-0.402469
6.69108e-10	-0.40249
6.69155e-10	-0.402511
6.69201e-10	-0.402531
6.69247e-10	-0.402552
6.69294e-10	-0.402572
6.6934e-10	-0.402593
6.69387e-10	-0.402613
6.69433e-10	-0.402633
6.6948e-10	-0.402653
6.69526e-10	-0.402673
6.69572e-10	-0.402693
6.69619e-10	-0.402712
6.69665e-10	-0.402732
6.69712e-10	-0.402751
6.69758e-10	-0.402771
6.69804e-10	-0.40279
6.69851e-10	-0.402809
6.69897e-10	-0.402828
6.69944e-10	-0.402847
6.6999e-10	-0.402866
6.70037e-10	-0.402884
6.70083e-10	-0.402903
6.70129e-10	-0.402921
6.70176e-10	-0.402939
6.70222e-10	-0.402958
6.70269e-10	-0.402976
6.70315e-10	-0.402994
6.70361e-10	-0.403012
6.70408e-10	-0.403029
6.70454e-10	-0.403047
6.70501e-10	-0.403065
6.70547e-10	-0.403082
6.70594e-10	-0.403099
6.7064e-10	-0.403117
6.70686e-10	-0.403134
6.70733e-10	-0.403151
6.70779e-10	-0.403167
6.70826e-10	-0.403184
6.70872e-10	-0.403201
6.70918e-10	-0.403217
6.70965e-10	-0.403234
6.71011e-10	-0.40325
6.71058e-10	-0.403266
6.71104e-10	-0.403282
6.71151e-10	-0.403298
6.71197e-10	-0.403314
6.71243e-10	-0.40333
6.7129e-10	-0.403345
6.71336e-10	-0.403361
6.71383e-10	-0.403376
6.71429e-10	-0.403392
6.71475e-10	-0.403407
6.71522e-10	-0.403422
6.71568e-10	-0.403437
6.71615e-10	-0.403452
6.71661e-10	-0.403466
6.71708e-10	-0.403481
6.71754e-10	-0.403495
6.718e-10	-0.40351
6.71847e-10	-0.403524
6.71893e-10	-0.403538
6.7194e-10	-0.403552
6.71986e-10	-0.403566
6.72032e-10	-0.40358
6.72079e-10	-0.403593
6.72125e-10	-0.403607
6.72172e-10	-0.40362
6.72218e-10	-0.403634
6.72265e-10	-0.403647
6.72311e-10	-0.40366
6.72357e-10	-0.403673
6.72404e-10	-0.403686
6.7245e-10	-0.403699
6.72497e-10	-0.403711
6.72543e-10	-0.403724
6.72589e-10	-0.403736
6.72636e-10	-0.403749
6.72682e-10	-0.403761
6.72729e-10	-0.403773
6.72775e-10	-0.403785
6.72822e-10	-0.403797
6.72868e-10	-0.403808
6.72914e-10	-0.40382
6.72961e-10	-0.403831
6.73007e-10	-0.403843
6.73054e-10	-0.403854
6.731e-10	-0.403865
6.73147e-10	-0.403876
6.73193e-10	-0.403887
6.73239e-10	-0.403898
6.73286e-10	-0.403909
6.73332e-10	-0.403919
6.73379e-10	-0.40393
6.73425e-10	-0.40394
6.73471e-10	-0.40395
6.73518e-10	-0.40396
6.73564e-10	-0.40397
6.73611e-10	-0.40398
6.73657e-10	-0.40399
6.73704e-10	-0.404
6.7375e-10	-0.404009
6.73796e-10	-0.404019
6.73843e-10	-0.404028
6.73889e-10	-0.404037
6.73936e-10	-0.404046
6.73982e-10	-0.404055
6.74028e-10	-0.404064
6.74075e-10	-0.404072
6.74121e-10	-0.404081
6.74168e-10	-0.40409
6.74214e-10	-0.404098
6.74261e-10	-0.404106
6.74307e-10	-0.404114
6.74353e-10	-0.404122
6.744e-10	-0.40413
6.74446e-10	-0.404138
6.74493e-10	-0.404146
6.74539e-10	-0.404153
6.74585e-10	-0.404161
6.74632e-10	-0.404168
6.74678e-10	-0.404175
6.74725e-10	-0.404182
6.74771e-10	-0.404189
6.74818e-10	-0.404196
6.74864e-10	-0.404203
6.7491e-10	-0.404209
6.74957e-10	-0.404216
6.75003e-10	-0.404222
6.7505e-10	-0.404228
6.75096e-10	-0.404234
6.75142e-10	-0.40424
6.75189e-10	-0.404246
6.75235e-10	-0.404252
6.75282e-10	-0.404258
6.75328e-10	-0.404263
6.75375e-10	-0.404269
6.75421e-10	-0.404274
6.75467e-10	-0.404279
6.75514e-10	-0.404284
6.7556e-10	-0.404289
6.75607e-10	-0.404294
6.75653e-10	-0.404299
6.75699e-10	-0.404303
6.75746e-10	-0.404308
6.75792e-10	-0.404312
6.75839e-10	-0.404316
6.75885e-10	-0.40432
6.75932e-10	-0.404324
6.75978e-10	-0.404328
6.76024e-10	-0.404332
6.76071e-10	-0.404336
6.76117e-10	-0.404339
6.76164e-10	-0.404342
6.7621e-10	-0.404346
6.76256e-10	-0.404349
6.76303e-10	-0.404352
6.76349e-10	-0.404355
6.76396e-10	-0.404358
6.76442e-10	-0.40436
6.76489e-10	-0.404363
6.76535e-10	-0.404365
6.76581e-10	-0.404368
6.76628e-10	-0.40437
6.76674e-10	-0.404372
6.76721e-10	-0.404374
6.76767e-10	-0.404376
6.76813e-10	-0.404377
6.7686e-10	-0.404379
6.76906e-10	-0.404381
6.76953e-10	-0.404382
6.76999e-10	-0.404383
6.77046e-10	-0.404384
6.77092e-10	-0.404385
6.77138e-10	-0.404386
6.77185e-10	-0.404387
6.77231e-10	-0.404388
6.77278e-10	-0.404388
6.77324e-10	-0.404388
6.7737e-10	-0.404389
6.77417e-10	-0.404389
6.77463e-10	-0.404389
6.7751e-10	-0.404389
6.77556e-10	-0.404389
6.77603e-10	-0.404388
6.77649e-10	-0.404388
6.77695e-10	-0.404387
6.77742e-10	-0.404387
6.77788e-10	-0.404386
6.77835e-10	-0.404385
6.77881e-10	-0.404384
6.77928e-10	-0.404383
6.77974e-10	-0.404381
6.7802e-10	-0.40438
6.78067e-10	-0.404378
6.78113e-10	-0.404377
6.7816e-10	-0.404375
6.78206e-10	-0.404373
6.78252e-10	-0.404371
6.78299e-10	-0.404369
6.78345e-10	-0.404367
6.78392e-10	-0.404364
6.78438e-10	-0.404362
6.78485e-10	-0.404359
6.78531e-10	-0.404356
6.78577e-10	-0.404353
6.78624e-10	-0.40435
6.7867e-10	-0.404347
6.78717e-10	-0.404344
6.78763e-10	-0.404341
6.78809e-10	-0.404337
6.78856e-10	-0.404334
6.78902e-10	-0.40433
6.78949e-10	-0.404326
6.78995e-10	-0.404322
6.79042e-10	-0.404318
6.79088e-10	-0.404314
6.79134e-10	-0.404309
6.79181e-10	-0.404305
6.79227e-10	-0.4043
6.79274e-10	-0.404296
6.7932e-10	-0.404291
6.79366e-10	-0.404286
6.79413e-10	-0.404281
6.79459e-10	-0.404275
6.79506e-10	-0.40427
6.79552e-10	-0.404265
6.79599e-10	-0.404259
6.79645e-10	-0.404253
6.79691e-10	-0.404248
6.79738e-10	-0.404242
6.79784e-10	-0.404236
6.79831e-10	-0.404229
6.79877e-10	-0.404223
6.79923e-10	-0.404217
6.7997e-10	-0.40421
6.80016e-10	-0.404203
6.80063e-10	-0.404197
6.80109e-10	-0.40419
6.80156e-10	-0.404183
6.80202e-10	-0.404175
6.80248e-10	-0.404168
6.80295e-10	-0.404161
6.80341e-10	-0.404153
6.80388e-10	-0.404145
6.80434e-10	-0.404138
6.8048e-10	-0.40413
6.80527e-10	-0.404122
6.80573e-10	-0.404114
6.8062e-10	-0.404105
6.80666e-10	-0.404097
6.80713e-10	-0.404088
6.80759e-10	-0.40408
6.80805e-10	-0.404071
6.80852e-10	-0.404062
6.80898e-10	-0.404053
6.80945e-10	-0.404044
6.80991e-10	-0.404034
6.81037e-10	-0.404025
6.81084e-10	-0.404015
6.8113e-10	-0.404006
6.81177e-10	-0.403996
6.81223e-10	-0.403986
6.8127e-10	-0.403976
6.81316e-10	-0.403966
6.81362e-10	-0.403956
6.81409e-10	-0.403945
6.81455e-10	-0.403935
6.81502e-10	-0.403924
6.81548e-10	-0.403913
6.81594e-10	-0.403902
6.81641e-10	-0.403891
6.81687e-10	-0.40388
6.81734e-10	-0.403869
6.8178e-10	-0.403857
6.81827e-10	-0.403846
6.81873e-10	-0.403834
6.81919e-10	-0.403822
6.81966e-10	-0.40381
6.82012e-10	-0.403798
6.82059e-10	-0.403786
6.82105e-10	-0.403774
6.82151e-10	-0.403762
6.82198e-10	-0.403749
6.82244e-10	-0.403736
6.82291e-10	-0.403723
6.82337e-10	-0.403711
6.82384e-10	-0.403697
6.8243e-10	-0.403684
6.82476e-10	-0.403671
6.82523e-10	-0.403658
6.82569e-10	-0.403644
6.82616e-10	-0.40363
6.82662e-10	-0.403617
6.82709e-10	-0.403603
6.82755e-10	-0.403589
6.82801e-10	-0.403574
6.82848e-10	-0.40356
6.82894e-10	-0.403546
6.82941e-10	-0.403531
6.82987e-10	-0.403516
6.83033e-10	-0.403502
6.8308e-10	-0.403487
6.83126e-10	-0.403471
6.83173e-10	-0.403456
6.83219e-10	-0.403441
6.83266e-10	-0.403426
6.83312e-10	-0.40341
6.83358e-10	-0.403394
6.83405e-10	-0.403378
6.83451e-10	-0.403362
6.83498e-10	-0.403346
6.83544e-10	-0.40333
6.8359e-10	-0.403314
6.83637e-10	-0.403297
6.83683e-10	-0.403281
6.8373e-10	-0.403264
6.83776e-10	-0.403247
6.83823e-10	-0.40323
6.83869e-10	-0.403213
6.83915e-10	-0.403196
6.83962e-10	-0.403178
6.84008e-10	-0.403161
6.84055e-10	-0.403143
6.84101e-10	-0.403125
6.84147e-10	-0.403108
6.84194e-10	-0.40309
6.8424e-10	-0.403071
6.84287e-10	-0.403053
6.84333e-10	-0.403035
6.8438e-10	-0.403016
6.84426e-10	-0.402998
6.84472e-10	-0.402979
6.84519e-10	-0.40296
6.84565e-10	-0.402941
6.84612e-10	-0.402922
6.84658e-10	-0.402902
6.84704e-10	-0.402883
6.84751e-10	-0.402864
6.84797e-10	-0.402844
6.84844e-10	-0.402824
6.8489e-10	-0.402804
6.84937e-10	-0.402784
6.84983e-10	-0.402764
6.85029e-10	-0.402744
6.85076e-10	-0.402723
6.85122e-10	-0.402703
6.85169e-10	-0.402682
6.85215e-10	-0.402661
6.85261e-10	-0.40264
6.85308e-10	-0.402619
6.85354e-10	-0.402598
6.85401e-10	-0.402576
6.85447e-10	-0.402555
6.85494e-10	-0.402533
6.8554e-10	-0.402511
6.85586e-10	-0.40249
6.85633e-10	-0.402468
6.85679e-10	-0.402445
6.85726e-10	-0.402423
6.85772e-10	-0.402401
6.85818e-10	-0.402378
6.85865e-10	-0.402356
6.85911e-10	-0.402333
6.85958e-10	-0.40231
6.86004e-10	-0.402287
6.86051e-10	-0.402264
6.86097e-10	-0.40224
6.86143e-10	-0.402217
6.8619e-10	-0.402194
6.86236e-10	-0.40217
6.86283e-10	-0.402146
6.86329e-10	-0.402122
6.86375e-10	-0.402098
6.86422e-10	-0.402074
6.86468e-10	-0.402049
6.86515e-10	-0.402025
6.86561e-10	-0.402
6.86608e-10	-0.401976
6.86654e-10	-0.401951
6.867e-10	-0.401926
6.86747e-10	-0.401901
6.86793e-10	-0.401875
6.8684e-10	-0.40185
6.86886e-10	-0.401825
6.86932e-10	-0.401799
6.86979e-10	-0.401773
6.87025e-10	-0.401747
6.87072e-10	-0.401721
6.87118e-10	-0.401695
6.87165e-10	-0.401669
6.87211e-10	-0.401642
6.87257e-10	-0.401616
6.87304e-10	-0.401589
6.8735e-10	-0.401562
6.87397e-10	-0.401535
6.87443e-10	-0.401508
6.8749e-10	-0.401481
6.87536e-10	-0.401454
6.87582e-10	-0.401426
6.87629e-10	-0.401398
6.87675e-10	-0.401371
6.87722e-10	-0.401343
6.87768e-10	-0.401315
6.87814e-10	-0.401287
6.87861e-10	-0.401258
6.87907e-10	-0.40123
6.87954e-10	-0.401202
6.88e-10	-0.401173
6.88047e-10	-0.401144
6.88093e-10	-0.401115
6.88139e-10	-0.401086
6.88186e-10	-0.401057
6.88232e-10	-0.401028
6.88279e-10	-0.400998
6.88325e-10	-0.400968
6.88371e-10	-0.400939
6.88418e-10	-0.400909
6.88464e-10	-0.400879
6.88511e-10	-0.400849
6.88557e-10	-0.400819
6.88604e-10	-0.400788
6.8865e-10	-0.400758
6.88696e-10	-0.400727
6.88743e-10	-0.400696
6.88789e-10	-0.400665
6.88836e-10	-0.400634
6.88882e-10	-0.400603
6.88928e-10	-0.400572
6.88975e-10	-0.40054
6.89021e-10	-0.400509
6.89068e-10	-0.400477
6.89114e-10	-0.400445
6.89161e-10	-0.400413
6.89207e-10	-0.400381
6.89253e-10	-0.400349
6.893e-10	-0.400317
6.89346e-10	-0.400284
6.89393e-10	-0.400251
6.89439e-10	-0.400219
6.89485e-10	-0.400186
6.89532e-10	-0.400153
6.89578e-10	-0.400119
6.89625e-10	-0.400086
6.89671e-10	-0.400053
6.89718e-10	-0.400019
6.89764e-10	-0.399985
6.8981e-10	-0.399952
6.89857e-10	-0.399918
6.89903e-10	-0.399884
6.8995e-10	-0.399849
6.89996e-10	-0.399815
6.90042e-10	-0.39978
6.90089e-10	-0.399746
6.90135e-10	-0.399711
6.90182e-10	-0.399676
6.90228e-10	-0.399641
6.90275e-10	-0.399606
6.90321e-10	-0.39957
6.90367e-10	-0.399535
6.90414e-10	-0.399499
6.9046e-10	-0.399464
6.90507e-10	-0.399428
6.90553e-10	-0.399392
6.90599e-10	-0.399356
6.90646e-10	-0.39932
6.90692e-10	-0.399283
6.90739e-10	-0.399247
6.90785e-10	-0.39921
6.90832e-10	-0.399173
6.90878e-10	-0.399136
6.90924e-10	-0.399099
6.90971e-10	-0.399062
6.91017e-10	-0.399025
6.91064e-10	-0.398987
6.9111e-10	-0.39895
6.91156e-10	-0.398912
6.91203e-10	-0.398874
6.91249e-10	-0.398836
6.91296e-10	-0.398798
6.91342e-10	-0.39876
6.91389e-10	-0.398721
6.91435e-10	-0.398683
6.91481e-10	-0.398644
6.91528e-10	-0.398605
6.91574e-10	-0.398566
6.91621e-10	-0.398527
6.91667e-10	-0.398488
6.91714e-10	-0.398448
6.9176e-10	-0.398409
6.91806e-10	-0.398369
6.91853e-10	-0.39833
6.91899e-10	-0.39829
6.91946e-10	-0.39825
6.91992e-10	-0.39821
6.92038e-10	-0.398169
6.92085e-10	-0.398129
6.92131e-10	-0.398088
6.92178e-10	-0.398047
6.92224e-10	-0.398007
6.92271e-10	-0.397966
6.92317e-10	-0.397925
6.92363e-10	-0.397883
6.9241e-10	-0.397842
6.92456e-10	-0.3978
6.92503e-10	-0.397759
6.92549e-10	-0.397717
6.92595e-10	-0.397675
6.92642e-10	-0.397633
6.92688e-10	-0.397591
6.92735e-10	-0.397548
6.92781e-10	-0.397506
6.92828e-10	-0.397463
6.92874e-10	-0.39742
6.9292e-10	-0.397378
6.92967e-10	-0.397335
6.93013e-10	-0.397291
6.9306e-10	-0.397248
6.93106e-10	-0.397205
6.93152e-10	-0.397161
6.93199e-10	-0.397117
6.93245e-10	-0.397074
6.93292e-10	-0.39703
6.93338e-10	-0.396985
6.93385e-10	-0.396941
6.93431e-10	-0.396897
6.93477e-10	-0.396852
6.93524e-10	-0.396808
6.9357e-10	-0.396763
6.93617e-10	-0.396718
6.93663e-10	-0.396673
6.93709e-10	-0.396628
6.93756e-10	-0.396582
6.93802e-10	-0.396537
6.93849e-10	-0.396491
6.93895e-10	-0.396445
6.93942e-10	-0.396399
6.93988e-10	-0.396353
6.94034e-10	-0.396307
6.94081e-10	-0.396261
6.94127e-10	-0.396214
6.94174e-10	-0.396168
6.9422e-10	-0.396121
6.94266e-10	-0.396074
6.94313e-10	-0.396027
6.94359e-10	-0.39598
6.94406e-10	-0.395933
6.94452e-10	-0.395885
6.94499e-10	-0.395838
6.94545e-10	-0.39579
6.94591e-10	-0.395742
6.94638e-10	-0.395694
6.94684e-10	-0.395646
6.94731e-10	-0.395598
6.94777e-10	-0.39555
6.94823e-10	-0.395501
6.9487e-10	-0.395452
6.94916e-10	-0.395404
6.94963e-10	-0.395355
6.95009e-10	-0.395306
6.95056e-10	-0.395256
6.95102e-10	-0.395207
6.95148e-10	-0.395158
6.95195e-10	-0.395108
6.95241e-10	-0.395058
6.95288e-10	-0.395008
6.95334e-10	-0.394958
6.9538e-10	-0.394908
6.95427e-10	-0.394858
6.95473e-10	-0.394807
6.9552e-10	-0.394757
6.95566e-10	-0.394706
6.95613e-10	-0.394655
6.95659e-10	-0.394604
6.95705e-10	-0.394553
6.95752e-10	-0.394502
6.95798e-10	-0.39445
6.95845e-10	-0.394399
6.95891e-10	-0.394347
6.95937e-10	-0.394295
6.95984e-10	-0.394243
6.9603e-10	-0.394191
6.96077e-10	-0.394139
6.96123e-10	-0.394086
6.9617e-10	-0.394034
6.96216e-10	-0.393981
6.96262e-10	-0.393928
6.96309e-10	-0.393875
6.96355e-10	-0.393822
6.96402e-10	-0.393769
6.96448e-10	-0.393716
6.96495e-10	-0.393662
6.96541e-10	-0.393608
6.96587e-10	-0.393555
6.96634e-10	-0.393501
6.9668e-10	-0.393447
6.96727e-10	-0.393392
6.96773e-10	-0.393338
6.96819e-10	-0.393284
6.96866e-10	-0.393229
6.96912e-10	-0.393174
6.96959e-10	-0.393119
6.97005e-10	-0.393064
6.97052e-10	-0.393009
6.97098e-10	-0.392954
6.97144e-10	-0.392898
6.97191e-10	-0.392843
6.97237e-10	-0.392787
6.97284e-10	-0.392731
6.9733e-10	-0.392675
6.97376e-10	-0.392619
6.97423e-10	-0.392562
6.97469e-10	-0.392506
6.97516e-10	-0.392449
6.97562e-10	-0.392393
6.97609e-10	-0.392336
6.97655e-10	-0.392279
6.97701e-10	-0.392222
6.97748e-10	-0.392164
6.97794e-10	-0.392107
6.97841e-10	-0.392049
6.97887e-10	-0.391992
6.97933e-10	-0.391934
6.9798e-10	-0.391876
6.98026e-10	-0.391818
6.98073e-10	-0.391759
6.98119e-10	-0.391701
6.98166e-10	-0.391642
6.98212e-10	-0.391584
6.98258e-10	-0.391525
6.98305e-10	-0.391466
6.98351e-10	-0.391407
6.98398e-10	-0.391347
6.98444e-10	-0.391288
6.9849e-10	-0.391228
6.98537e-10	-0.391169
6.98583e-10	-0.391109
6.9863e-10	-0.391049
6.98676e-10	-0.390989
6.98723e-10	-0.390929
6.98769e-10	-0.390868
6.98815e-10	-0.390808
6.98862e-10	-0.390747
6.98908e-10	-0.390686
6.98955e-10	-0.390625
6.99001e-10	-0.390564
6.99047e-10	-0.390503
6.99094e-10	-0.390441
6.9914e-10	-0.39038
6.99187e-10	-0.390318
6.99233e-10	-0.390256
6.9928e-10	-0.390194
6.99326e-10	-0.390132
6.99372e-10	-0.39007
6.99419e-10	-0.390008
6.99465e-10	-0.389945
6.99512e-10	-0.389883
6.99558e-10	-0.38982
6.99604e-10	-0.389757
6.99651e-10	-0.389694
6.99697e-10	-0.38963
6.99744e-10	-0.389567
6.9979e-10	-0.389504
6.99837e-10	-0.38944
6.99883e-10	-0.389376
6.99929e-10	-0.389312
6.99976e-10	-0.389248
7.00022e-10	-0.389184
7.00069e-10	-0.389119
7.00115e-10	-0.389055
7.00161e-10	-0.38899
7.00208e-10	-0.388925
7.00254e-10	-0.388861
7.00301e-10	-0.388795
7.00347e-10	-0.38873
7.00394e-10	-0.388665
7.0044e-10	-0.388599
7.00486e-10	-0.388534
7.00533e-10	-0.388468
7.00579e-10	-0.388402
7.00626e-10	-0.388336
7.00672e-10	-0.38827
7.00718e-10	-0.388203
7.00765e-10	-0.388137
7.00811e-10	-0.38807
7.00858e-10	-0.388003
7.00904e-10	-0.387936
7.00951e-10	-0.387869
7.00997e-10	-0.387802
7.01043e-10	-0.387735
7.0109e-10	-0.387667
7.01136e-10	-0.3876
7.01183e-10	-0.387532
7.01229e-10	-0.387464
7.01276e-10	-0.387396
7.01322e-10	-0.387328
7.01368e-10	-0.387259
7.01415e-10	-0.387191
7.01461e-10	-0.387122
7.01508e-10	-0.387053
7.01554e-10	-0.386984
7.016e-10	-0.386915
7.01647e-10	-0.386846
7.01693e-10	-0.386777
7.0174e-10	-0.386707
7.01786e-10	-0.386637
7.01833e-10	-0.386568
7.01879e-10	-0.386498
7.01925e-10	-0.386428
7.01972e-10	-0.386357
7.02018e-10	-0.386287
7.02065e-10	-0.386216
7.02111e-10	-0.386146
7.02157e-10	-0.386075
7.02204e-10	-0.386004
7.0225e-10	-0.385933
7.02297e-10	-0.385862
7.02343e-10	-0.38579
7.0239e-10	-0.385719
7.02436e-10	-0.385647
7.02482e-10	-0.385575
7.02529e-10	-0.385503
7.02575e-10	-0.385431
7.02622e-10	-0.385359
7.02668e-10	-0.385287
7.02714e-10	-0.385214
7.02761e-10	-0.385141
7.02807e-10	-0.385069
7.02854e-10	-0.384996
7.029e-10	-0.384923
7.02947e-10	-0.384849
7.02993e-10	-0.384776
7.03039e-10	-0.384702
7.03086e-10	-0.384629
7.03132e-10	-0.384555
7.03179e-10	-0.384481
7.03225e-10	-0.384407
7.03271e-10	-0.384332
7.03318e-10	-0.384258
7.03364e-10	-0.384183
7.03411e-10	-0.384109
7.03457e-10	-0.384034
7.03504e-10	-0.383959
7.0355e-10	-0.383884
7.03596e-10	-0.383808
7.03643e-10	-0.383733
7.03689e-10	-0.383657
7.03736e-10	-0.383582
7.03782e-10	-0.383506
7.03828e-10	-0.38343
7.03875e-10	-0.383354
7.03921e-10	-0.383277
7.03968e-10	-0.383201
7.04014e-10	-0.383124
7.04061e-10	-0.383048
7.04107e-10	-0.382971
7.04153e-10	-0.382894
7.042e-10	-0.382817
7.04246e-10	-0.382739
7.04293e-10	-0.382662
7.04339e-10	-0.382584
7.04385e-10	-0.382506
7.04432e-10	-0.382429
7.04478e-10	-0.382351
7.04525e-10	-0.382272
7.04571e-10	-0.382194
7.04618e-10	-0.382116
7.04664e-10	-0.382037
7.0471e-10	-0.381958
7.04757e-10	-0.381879
7.04803e-10	-0.3818
7.0485e-10	-0.381721
7.04896e-10	-0.381642
7.04942e-10	-0.381562
7.04989e-10	-0.381483
7.05035e-10	-0.381403
7.05082e-10	-0.381323
7.05128e-10	-0.381243
7.05175e-10	-0.381162
7.05221e-10	-0.381082
7.05267e-10	-0.381002
7.05314e-10	-0.380921
7.0536e-10	-0.38084
7.05407e-10	-0.380759
7.05453e-10	-0.380678
7.05499e-10	-0.380597
7.05546e-10	-0.380515
7.05592e-10	-0.380434
7.05639e-10	-0.380352
7.05685e-10	-0.38027
7.05732e-10	-0.380188
7.05778e-10	-0.380106
7.05824e-10	-0.380024
7.05871e-10	-0.379942
7.05917e-10	-0.379859
7.05964e-10	-0.379776
7.0601e-10	-0.379694
7.06057e-10	-0.379611
7.06103e-10	-0.379527
7.06149e-10	-0.379444
7.06196e-10	-0.379361
7.06242e-10	-0.379277
7.06289e-10	-0.379193
7.06335e-10	-0.379109
7.06381e-10	-0.379025
7.06428e-10	-0.378941
7.06474e-10	-0.378857
7.06521e-10	-0.378772
7.06567e-10	-0.378688
7.06614e-10	-0.378603
7.0666e-10	-0.378518
7.06706e-10	-0.378433
7.06753e-10	-0.378348
7.06799e-10	-0.378263
7.06846e-10	-0.378177
7.06892e-10	-0.378091
7.06938e-10	-0.378006
7.06985e-10	-0.37792
7.07031e-10	-0.377834
7.07078e-10	-0.377747
7.07124e-10	-0.377661
7.07171e-10	-0.377575
7.07217e-10	-0.377488
7.07263e-10	-0.377401
7.0731e-10	-0.377314
7.07356e-10	-0.377227
7.07403e-10	-0.37714
7.07449e-10	-0.377052
7.07495e-10	-0.376965
7.07542e-10	-0.376877
7.07588e-10	-0.376789
7.07635e-10	-0.376701
7.07681e-10	-0.376613
7.07728e-10	-0.376525
7.07774e-10	-0.376436
7.0782e-10	-0.376348
7.07867e-10	-0.376259
7.07913e-10	-0.37617
7.0796e-10	-0.376081
7.08006e-10	-0.375992
7.08052e-10	-0.375903
7.08099e-10	-0.375813
7.08145e-10	-0.375724
7.08192e-10	-0.375634
7.08238e-10	-0.375544
7.08285e-10	-0.375454
7.08331e-10	-0.375364
7.08377e-10	-0.375273
7.08424e-10	-0.375183
7.0847e-10	-0.375092
7.08517e-10	-0.375001
7.08563e-10	-0.37491
7.08609e-10	-0.374819
7.08656e-10	-0.374728
7.08702e-10	-0.374637
7.08749e-10	-0.374545
7.08795e-10	-0.374453
7.08842e-10	-0.374362
7.08888e-10	-0.37427
7.08934e-10	-0.374177
7.08981e-10	-0.374085
7.09027e-10	-0.373993
7.09074e-10	-0.3739
7.0912e-10	-0.373807
7.09166e-10	-0.373715
7.09213e-10	-0.373622
7.09259e-10	-0.373528
7.09306e-10	-0.373435
7.09352e-10	-0.373342
7.09399e-10	-0.373248
7.09445e-10	-0.373154
7.09491e-10	-0.37306
7.09538e-10	-0.372966
7.09584e-10	-0.372872
7.09631e-10	-0.372778
7.09677e-10	-0.372683
7.09723e-10	-0.372589
7.0977e-10	-0.372494
7.09816e-10	-0.372399
7.09863e-10	-0.372304
7.09909e-10	-0.372208
7.09956e-10	-0.372113
7.10002e-10	-0.372018
7.10048e-10	-0.371922
7.10095e-10	-0.371826
7.10141e-10	-0.37173
7.10188e-10	-0.371634
7.10234e-10	-0.371538
7.1028e-10	-0.371441
7.10327e-10	-0.371345
7.10373e-10	-0.371248
7.1042e-10	-0.371151
7.10466e-10	-0.371054
7.10513e-10	-0.370957
7.10559e-10	-0.370859
7.10605e-10	-0.370762
7.10652e-10	-0.370664
7.10698e-10	-0.370567
7.10745e-10	-0.370469
7.10791e-10	-0.370371
7.10838e-10	-0.370272
7.10884e-10	-0.370174
7.1093e-10	-0.370075
7.10977e-10	-0.369977
7.11023e-10	-0.369878
7.1107e-10	-0.369779
7.11116e-10	-0.36968
7.11162e-10	-0.369581
7.11209e-10	-0.369481
7.11255e-10	-0.369382
7.11302e-10	-0.369282
7.11348e-10	-0.369182
7.11395e-10	-0.369082
7.11441e-10	-0.368982
7.11487e-10	-0.368882
7.11534e-10	-0.368781
7.1158e-10	-0.36868
7.11627e-10	-0.36858
7.11673e-10	-0.368479
7.11719e-10	-0.368378
7.11766e-10	-0.368277
7.11812e-10	-0.368175
7.11859e-10	-0.368074
7.11905e-10	-0.367972
7.11952e-10	-0.36787
7.11998e-10	-0.367768
7.12044e-10	-0.367666
7.12091e-10	-0.367564
7.12137e-10	-0.367461
7.12184e-10	-0.367359
7.1223e-10	-0.367256
7.12276e-10	-0.367153
7.12323e-10	-0.36705
7.12369e-10	-0.366947
7.12416e-10	-0.366844
7.12462e-10	-0.36674
7.12509e-10	-0.366637
7.12555e-10	-0.366533
7.12601e-10	-0.366429
7.12648e-10	-0.366325
7.12694e-10	-0.366221
7.12741e-10	-0.366117
7.12787e-10	-0.366012
7.12833e-10	-0.365907
7.1288e-10	-0.365803
7.12926e-10	-0.365698
7.12973e-10	-0.365593
7.13019e-10	-0.365487
7.13066e-10	-0.365382
7.13112e-10	-0.365276
7.13158e-10	-0.365171
7.13205e-10	-0.365065
7.13251e-10	-0.364959
7.13298e-10	-0.364853
7.13344e-10	-0.364746
7.1339e-10	-0.36464
7.13437e-10	-0.364533
7.13483e-10	-0.364426
7.1353e-10	-0.36432
7.13576e-10	-0.364212
7.13623e-10	-0.364105
7.13669e-10	-0.363998
7.13715e-10	-0.36389
7.13762e-10	-0.363783
7.13808e-10	-0.363675
7.13855e-10	-0.363567
7.13901e-10	-0.363459
7.13947e-10	-0.363351
7.13994e-10	-0.363242
7.1404e-10	-0.363134
7.14087e-10	-0.363025
7.14133e-10	-0.362916
7.1418e-10	-0.362807
7.14226e-10	-0.362698
7.14272e-10	-0.362589
7.14319e-10	-0.362479
7.14365e-10	-0.362369
7.14412e-10	-0.36226
7.14458e-10	-0.36215
7.14504e-10	-0.36204
7.14551e-10	-0.36193
7.14597e-10	-0.361819
7.14644e-10	-0.361709
7.1469e-10	-0.361598
7.14737e-10	-0.361487
7.14783e-10	-0.361376
7.14829e-10	-0.361265
7.14876e-10	-0.361154
7.14922e-10	-0.361042
7.14969e-10	-0.360931
7.15015e-10	-0.360819
7.15062e-10	-0.360707
7.15108e-10	-0.360595
7.15154e-10	-0.360483
7.15201e-10	-0.360371
7.15247e-10	-0.360258
7.15294e-10	-0.360145
7.1534e-10	-0.360033
7.15386e-10	-0.35992
7.15433e-10	-0.359807
7.15479e-10	-0.359693
7.15526e-10	-0.35958
7.15572e-10	-0.359466
7.15619e-10	-0.359353
7.15665e-10	-0.359239
7.15711e-10	-0.359125
7.15758e-10	-0.359011
7.15804e-10	-0.358896
7.15851e-10	-0.358782
7.15897e-10	-0.358667
7.15943e-10	-0.358553
7.1599e-10	-0.358438
7.16036e-10	-0.358323
7.16083e-10	-0.358208
7.16129e-10	-0.358092
7.16176e-10	-0.357977
7.16222e-10	-0.357861
7.16268e-10	-0.357745
7.16315e-10	-0.357629
7.16361e-10	-0.357513
7.16408e-10	-0.357397
7.16454e-10	-0.35728
7.165e-10	-0.357164
7.16547e-10	-0.357047
7.16593e-10	-0.35693
7.1664e-10	-0.356813
7.16686e-10	-0.356696
7.16733e-10	-0.356579
7.16779e-10	-0.356461
7.16825e-10	-0.356344
7.16872e-10	-0.356226
7.16918e-10	-0.356108
7.16965e-10	-0.35599
7.17011e-10	-0.355872
7.17057e-10	-0.355753
7.17104e-10	-0.355635
7.1715e-10	-0.355516
7.17197e-10	-0.355397
7.17243e-10	-0.355278
7.1729e-10	-0.355159
7.17336e-10	-0.35504
7.17382e-10	-0.35492
7.17429e-10	-0.354801
7.17475e-10	-0.354681
7.17522e-10	-0.354561
7.17568e-10	-0.354441
7.17614e-10	-0.354321
7.17661e-10	-0.3542
7.17707e-10	-0.35408
7.17754e-10	-0.353959
7.178e-10	-0.353838
7.17847e-10	-0.353717
7.17893e-10	-0.353596
7.17939e-10	-0.353475
7.17986e-10	-0.353354
7.18032e-10	-0.353232
7.18079e-10	-0.35311
7.18125e-10	-0.352988
7.18171e-10	-0.352866
7.18218e-10	-0.352744
7.18264e-10	-0.352622
7.18311e-10	-0.352499
7.18357e-10	-0.352377
7.18404e-10	-0.352254
7.1845e-10	-0.352131
7.18496e-10	-0.352008
7.18543e-10	-0.351885
7.18589e-10	-0.351761
7.18636e-10	-0.351638
7.18682e-10	-0.351514
7.18728e-10	-0.35139
7.18775e-10	-0.351266
7.18821e-10	-0.351142
7.18868e-10	-0.351017
7.18914e-10	-0.350893
7.18961e-10	-0.350768
7.19007e-10	-0.350644
7.19053e-10	-0.350519
7.191e-10	-0.350394
7.19146e-10	-0.350268
7.19193e-10	-0.350143
7.19239e-10	-0.350017
7.19285e-10	-0.349892
7.19332e-10	-0.349766
7.19378e-10	-0.34964
7.19425e-10	-0.349514
7.19471e-10	-0.349387
7.19518e-10	-0.349261
7.19564e-10	-0.349134
7.1961e-10	-0.349008
7.19657e-10	-0.348881
7.19703e-10	-0.348754
7.1975e-10	-0.348626
7.19796e-10	-0.348499
7.19843e-10	-0.348372
7.19889e-10	-0.348244
7.19935e-10	-0.348116
7.19982e-10	-0.347988
7.20028e-10	-0.34786
7.20075e-10	-0.347732
7.20121e-10	-0.347603
7.20167e-10	-0.347475
7.20214e-10	-0.347346
7.2026e-10	-0.347217
7.20307e-10	-0.347088
7.20353e-10	-0.346959
7.204e-10	-0.346829
7.20446e-10	-0.3467
7.20492e-10	-0.34657
7.20539e-10	-0.34644
7.20585e-10	-0.34631
7.20632e-10	-0.34618
7.20678e-10	-0.34605
7.20724e-10	-0.34592
7.20771e-10	-0.345789
7.20817e-10	-0.345658
7.20864e-10	-0.345527
7.2091e-10	-0.345396
7.20957e-10	-0.345265
7.21003e-10	-0.345134
7.21049e-10	-0.345002
7.21096e-10	-0.344871
7.21142e-10	-0.344739
7.21189e-10	-0.344607
7.21235e-10	-0.344475
7.21281e-10	-0.344343
7.21328e-10	-0.34421
7.21374e-10	-0.344078
7.21421e-10	-0.343945
7.21467e-10	-0.343812
7.21514e-10	-0.343679
7.2156e-10	-0.343546
7.21606e-10	-0.343413
7.21653e-10	-0.343279
7.21699e-10	-0.343145
7.21746e-10	-0.343012
7.21792e-10	-0.342878
7.21838e-10	-0.342744
7.21885e-10	-0.342609
7.21931e-10	-0.342475
7.21978e-10	-0.34234
7.22024e-10	-0.342206
7.22071e-10	-0.342071
7.22117e-10	-0.341936
7.22163e-10	-0.341801
7.2221e-10	-0.341665
7.22256e-10	-0.34153
7.22303e-10	-0.341394
7.22349e-10	-0.341258
7.22395e-10	-0.341123
7.22442e-10	-0.340986
7.22488e-10	-0.34085
7.22535e-10	-0.340714
7.22581e-10	-0.340577
7.22628e-10	-0.340441
7.22674e-10	-0.340304
7.2272e-10	-0.340167
7.22767e-10	-0.34003
7.22813e-10	-0.339892
7.2286e-10	-0.339755
7.22906e-10	-0.339617
7.22952e-10	-0.339479
7.22999e-10	-0.339341
7.23045e-10	-0.339203
7.23092e-10	-0.339065
7.23138e-10	-0.338927
7.23185e-10	-0.338788
7.23231e-10	-0.33865
7.23277e-10	-0.338511
7.23324e-10	-0.338372
7.2337e-10	-0.338233
7.23417e-10	-0.338093
7.23463e-10	-0.337954
7.23509e-10	-0.337814
7.23556e-10	-0.337674
7.23602e-10	-0.337534
7.23649e-10	-0.337394
7.23695e-10	-0.337254
7.23742e-10	-0.337114
7.23788e-10	-0.336973
7.23834e-10	-0.336833
7.23881e-10	-0.336692
7.23927e-10	-0.336551
7.23974e-10	-0.33641
7.2402e-10	-0.336268
7.24066e-10	-0.336127
7.24113e-10	-0.335985
7.24159e-10	-0.335843
7.24206e-10	-0.335702
7.24252e-10	-0.335559
7.24299e-10	-0.335417
7.24345e-10	-0.335275
7.24391e-10	-0.335132
7.24438e-10	-0.33499
7.24484e-10	-0.334847
7.24531e-10	-0.334704
7.24577e-10	-0.334561
7.24624e-10	-0.334417
7.2467e-10	-0.334274
7.24716e-10	-0.33413
7.24763e-10	-0.333987
7.24809e-10	-0.333843
7.24856e-10	-0.333699
7.24902e-10	-0.333554
7.24948e-10	-0.33341
7.24995e-10	-0.333265
7.25041e-10	-0.333121
7.25088e-10	-0.332976
7.25134e-10	-0.332831
7.25181e-10	-0.332686
7.25227e-10	-0.332541
7.25273e-10	-0.332395
7.2532e-10	-0.332249
7.25366e-10	-0.332104
7.25413e-10	-0.331958
7.25459e-10	-0.331812
7.25505e-10	-0.331666
7.25552e-10	-0.331519
7.25598e-10	-0.331373
7.25645e-10	-0.331226
7.25691e-10	-0.331079
7.25738e-10	-0.330932
7.25784e-10	-0.330785
7.2583e-10	-0.330638
7.25877e-10	-0.33049
7.25923e-10	-0.330343
7.2597e-10	-0.330195
7.26016e-10	-0.330047
7.26062e-10	-0.329899
7.26109e-10	-0.329751
7.26155e-10	-0.329602
7.26202e-10	-0.329454
7.26248e-10	-0.329305
7.26295e-10	-0.329156
7.26341e-10	-0.329007
7.26387e-10	-0.328858
7.26434e-10	-0.328709
7.2648e-10	-0.328559
7.26527e-10	-0.32841
7.26573e-10	-0.32826
7.26619e-10	-0.32811
7.26666e-10	-0.32796
7.26712e-10	-0.32781
7.26759e-10	-0.32766
7.26805e-10	-0.327509
7.26852e-10	-0.327358
7.26898e-10	-0.327208
7.26944e-10	-0.327057
7.26991e-10	-0.326905
7.27037e-10	-0.326754
7.27084e-10	-0.326603
7.2713e-10	-0.326451
7.27176e-10	-0.326299
7.27223e-10	-0.326147
7.27269e-10	-0.325995
7.27316e-10	-0.325843
7.27362e-10	-0.325691
7.27409e-10	-0.325538
7.27455e-10	-0.325386
7.27501e-10	-0.325233
7.27548e-10	-0.32508
7.27594e-10	-0.324927
7.27641e-10	-0.324773
7.27687e-10	-0.32462
7.27733e-10	-0.324466
7.2778e-10	-0.324312
7.27826e-10	-0.324159
7.27873e-10	-0.324004
7.27919e-10	-0.32385
7.27966e-10	-0.323696
7.28012e-10	-0.323541
7.28058e-10	-0.323387
7.28105e-10	-0.323232
7.28151e-10	-0.323077
7.28198e-10	-0.322922
7.28244e-10	-0.322766
7.2829e-10	-0.322611
7.28337e-10	-0.322455
7.28383e-10	-0.3223
7.2843e-10	-0.322144
7.28476e-10	-0.321988
7.28523e-10	-0.321831
7.28569e-10	-0.321675
7.28615e-10	-0.321519
7.28662e-10	-0.321362
7.28708e-10	-0.321205
7.28755e-10	-0.321048
7.28801e-10	-0.320891
7.28847e-10	-0.320734
7.28894e-10	-0.320576
7.2894e-10	-0.320419
7.28987e-10	-0.320261
7.29033e-10	-0.320103
7.2908e-10	-0.319945
7.29126e-10	-0.319787
7.29172e-10	-0.319628
7.29219e-10	-0.31947
7.29265e-10	-0.319311
7.29312e-10	-0.319152
7.29358e-10	-0.318993
7.29405e-10	-0.318834
7.29451e-10	-0.318675
7.29497e-10	-0.318515
7.29544e-10	-0.318356
7.2959e-10	-0.318196
7.29637e-10	-0.318036
7.29683e-10	-0.317876
7.29729e-10	-0.317716
7.29776e-10	-0.317555
7.29822e-10	-0.317395
7.29869e-10	-0.317234
7.29915e-10	-0.317073
7.29962e-10	-0.316912
7.30008e-10	-0.316751
7.30054e-10	-0.31659
7.30101e-10	-0.316428
7.30147e-10	-0.316267
7.30194e-10	-0.316105
7.3024e-10	-0.315943
7.30286e-10	-0.315781
7.30333e-10	-0.315619
7.30379e-10	-0.315456
7.30426e-10	-0.315294
7.30472e-10	-0.315131
7.30519e-10	-0.314968
7.30565e-10	-0.314805
7.30611e-10	-0.314642
7.30658e-10	-0.314479
7.30704e-10	-0.314315
7.30751e-10	-0.314152
7.30797e-10	-0.313988
7.30843e-10	-0.313824
7.3089e-10	-0.31366
7.30936e-10	-0.313496
7.30983e-10	-0.313331
7.31029e-10	-0.313167
7.31076e-10	-0.313002
7.31122e-10	-0.312837
7.31168e-10	-0.312672
7.31215e-10	-0.312507
7.31261e-10	-0.312342
7.31308e-10	-0.312176
7.31354e-10	-0.312011
7.314e-10	-0.311845
7.31447e-10	-0.311679
7.31493e-10	-0.311513
7.3154e-10	-0.311347
7.31586e-10	-0.31118
7.31633e-10	-0.311014
7.31679e-10	-0.310847
7.31725e-10	-0.31068
7.31772e-10	-0.310513
7.31818e-10	-0.310346
7.31865e-10	-0.310179
7.31911e-10	-0.310011
7.31957e-10	-0.309844
7.32004e-10	-0.309676
7.3205e-10	-0.309508
7.32097e-10	-0.30934
7.32143e-10	-0.309172
7.3219e-10	-0.309003
7.32236e-10	-0.308835
7.32282e-10	-0.308666
7.32329e-10	-0.308497
7.32375e-10	-0.308328
7.32422e-10	-0.308159
7.32468e-10	-0.30799
7.32514e-10	-0.30782
7.32561e-10	-0.307651
7.32607e-10	-0.307481
7.32654e-10	-0.307311
7.327e-10	-0.307141
7.32747e-10	-0.306971
7.32793e-10	-0.3068
7.32839e-10	-0.30663
7.32886e-10	-0.306459
7.32932e-10	-0.306288
7.32979e-10	-0.306117
7.33025e-10	-0.305946
7.33071e-10	-0.305775
7.33118e-10	-0.305603
7.33164e-10	-0.305432
7.33211e-10	-0.30526
7.33257e-10	-0.305088
7.33304e-10	-0.304916
7.3335e-10	-0.304744
7.33396e-10	-0.304571
7.33443e-10	-0.304399
7.33489e-10	-0.304226
7.33536e-10	-0.304053
7.33582e-10	-0.30388
7.33628e-10	-0.303707
7.33675e-10	-0.303534
7.33721e-10	-0.30336
7.33768e-10	-0.303187
7.33814e-10	-0.303013
7.33861e-10	-0.302839
7.33907e-10	-0.302665
7.33953e-10	-0.302491
7.34e-10	-0.302316
7.34046e-10	-0.302142
7.34093e-10	-0.301967
7.34139e-10	-0.301792
7.34186e-10	-0.301617
7.34232e-10	-0.301442
7.34278e-10	-0.301267
7.34325e-10	-0.301091
7.34371e-10	-0.300916
7.34418e-10	-0.30074
7.34464e-10	-0.300564
7.3451e-10	-0.300388
7.34557e-10	-0.300212
7.34603e-10	-0.300036
7.3465e-10	-0.299859
7.34696e-10	-0.299682
7.34743e-10	-0.299505
7.34789e-10	-0.299328
7.34835e-10	-0.299151
7.34882e-10	-0.298974
7.34928e-10	-0.298797
7.34975e-10	-0.298619
7.35021e-10	-0.298441
7.35067e-10	-0.298263
7.35114e-10	-0.298085
7.3516e-10	-0.297907
7.35207e-10	-0.297729
7.35253e-10	-0.29755
7.353e-10	-0.297371
7.35346e-10	-0.297193
7.35392e-10	-0.297014
7.35439e-10	-0.296834
7.35485e-10	-0.296655
7.35532e-10	-0.296476
7.35578e-10	-0.296296
7.35624e-10	-0.296116
7.35671e-10	-0.295936
7.35717e-10	-0.295756
7.35764e-10	-0.295576
7.3581e-10	-0.295396
7.35857e-10	-0.295215
7.35903e-10	-0.295034
7.35949e-10	-0.294854
7.35996e-10	-0.294673
7.36042e-10	-0.294492
7.36089e-10	-0.29431
7.36135e-10	-0.294129
7.36181e-10	-0.293947
7.36228e-10	-0.293765
7.36274e-10	-0.293584
7.36321e-10	-0.293401
7.36367e-10	-0.293219
7.36414e-10	-0.293037
7.3646e-10	-0.292854
7.36506e-10	-0.292672
7.36553e-10	-0.292489
7.36599e-10	-0.292306
7.36646e-10	-0.292123
7.36692e-10	-0.291939
7.36738e-10	-0.291756
7.36785e-10	-0.291572
7.36831e-10	-0.291389
7.36878e-10	-0.291205
7.36924e-10	-0.291021
7.36971e-10	-0.290836
7.37017e-10	-0.290652
7.37063e-10	-0.290468
7.3711e-10	-0.290283
7.37156e-10	-0.290098
7.37203e-10	-0.289913
7.37249e-10	-0.289728
7.37295e-10	-0.289543
7.37342e-10	-0.289357
7.37388e-10	-0.289172
7.37435e-10	-0.288986
7.37481e-10	-0.2888
7.37528e-10	-0.288614
7.37574e-10	-0.288428
7.3762e-10	-0.288242
7.37667e-10	-0.288055
7.37713e-10	-0.287868
7.3776e-10	-0.287682
7.37806e-10	-0.287495
7.37852e-10	-0.287307
7.37899e-10	-0.28712
7.37945e-10	-0.286933
7.37992e-10	-0.286745
7.38038e-10	-0.286557
7.38085e-10	-0.28637
7.38131e-10	-0.286182
7.38177e-10	-0.285993
7.38224e-10	-0.285805
7.3827e-10	-0.285616
7.38317e-10	-0.285428
7.38363e-10	-0.285239
7.3841e-10	-0.28505
7.38456e-10	-0.284861
7.38502e-10	-0.284672
7.38549e-10	-0.284482
7.38595e-10	-0.284293
7.38642e-10	-0.284103
7.38688e-10	-0.283913
7.38734e-10	-0.283723
7.38781e-10	-0.283533
7.38827e-10	-0.283343
7.38874e-10	-0.283152
7.3892e-10	-0.282962
7.38967e-10	-0.282771
7.39013e-10	-0.28258
7.39059e-10	-0.282389
7.39106e-10	-0.282197
7.39152e-10	-0.282006
7.39199e-10	-0.281815
7.39245e-10	-0.281623
7.39291e-10	-0.281431
7.39338e-10	-0.281239
7.39384e-10	-0.281047
7.39431e-10	-0.280854
7.39477e-10	-0.280662
7.39524e-10	-0.280469
7.3957e-10	-0.280277
7.39616e-10	-0.280084
7.39663e-10	-0.279891
7.39709e-10	-0.279697
7.39756e-10	-0.279504
7.39802e-10	-0.27931
7.39848e-10	-0.279117
7.39895e-10	-0.278923
7.39941e-10	-0.278729
7.39988e-10	-0.278535
7.40034e-10	-0.27834
7.40081e-10	-0.278146
7.40127e-10	-0.277951
7.40173e-10	-0.277757
7.4022e-10	-0.277562
7.40266e-10	-0.277367
7.40313e-10	-0.277171
7.40359e-10	-0.276976
7.40405e-10	-0.276781
7.40452e-10	-0.276585
7.40498e-10	-0.276389
7.40545e-10	-0.276193
7.40591e-10	-0.275997
7.40638e-10	-0.275801
7.40684e-10	-0.275604
7.4073e-10	-0.275408
7.40777e-10	-0.275211
7.40823e-10	-0.275014
7.4087e-10	-0.274817
7.40916e-10	-0.27462
7.40962e-10	-0.274423
7.41009e-10	-0.274225
7.41055e-10	-0.274027
7.41102e-10	-0.27383
7.41148e-10	-0.273632
7.41195e-10	-0.273434
7.41241e-10	-0.273235
7.41287e-10	-0.273037
7.41334e-10	-0.272838
7.4138e-10	-0.27264
7.41427e-10	-0.272441
7.41473e-10	-0.272242
7.41519e-10	-0.272043
7.41566e-10	-0.271843
7.41612e-10	-0.271644
7.41659e-10	-0.271444
7.41705e-10	-0.271244
7.41752e-10	-0.271044
7.41798e-10	-0.270844
7.41844e-10	-0.270644
7.41891e-10	-0.270444
7.41937e-10	-0.270243
7.41984e-10	-0.270043
7.4203e-10	-0.269842
7.42076e-10	-0.269641
7.42123e-10	-0.26944
7.42169e-10	-0.269238
7.42216e-10	-0.269037
7.42262e-10	-0.268835
7.42309e-10	-0.268633
7.42355e-10	-0.268432
7.42401e-10	-0.26823
7.42448e-10	-0.268027
7.42494e-10	-0.267825
7.42541e-10	-0.267622
7.42587e-10	-0.26742
7.42633e-10	-0.267217
7.4268e-10	-0.267014
7.42726e-10	-0.266811
7.42773e-10	-0.266608
7.42819e-10	-0.266404
7.42866e-10	-0.266201
7.42912e-10	-0.265997
7.42958e-10	-0.265793
7.43005e-10	-0.265589
7.43051e-10	-0.265385
7.43098e-10	-0.265181
7.43144e-10	-0.264976
7.43191e-10	-0.264771
7.43237e-10	-0.264567
7.43283e-10	-0.264362
7.4333e-10	-0.264157
7.43376e-10	-0.263951
7.43423e-10	-0.263746
7.43469e-10	-0.263541
7.43515e-10	-0.263335
7.43562e-10	-0.263129
7.43608e-10	-0.262923
7.43655e-10	-0.262717
7.43701e-10	-0.262511
7.43748e-10	-0.262304
7.43794e-10	-0.262098
7.4384e-10	-0.261891
7.43887e-10	-0.261684
7.43933e-10	-0.261477
7.4398e-10	-0.26127
7.44026e-10	-0.261062
7.44072e-10	-0.260855
7.44119e-10	-0.260647
7.44165e-10	-0.260439
7.44212e-10	-0.260231
7.44258e-10	-0.260023
7.44305e-10	-0.259815
7.44351e-10	-0.259607
7.44397e-10	-0.259398
7.44444e-10	-0.259189
7.4449e-10	-0.258981
7.44537e-10	-0.258772
7.44583e-10	-0.258562
7.44629e-10	-0.258353
7.44676e-10	-0.258144
7.44722e-10	-0.257934
7.44769e-10	-0.257724
7.44815e-10	-0.257514
7.44862e-10	-0.257304
7.44908e-10	-0.257094
7.44954e-10	-0.256884
7.45001e-10	-0.256673
7.45047e-10	-0.256462
7.45094e-10	-0.256252
7.4514e-10	-0.256041
7.45186e-10	-0.25583
7.45233e-10	-0.255618
7.45279e-10	-0.255407
7.45326e-10	-0.255195
7.45372e-10	-0.254984
7.45419e-10	-0.254772
7.45465e-10	-0.25456
7.45511e-10	-0.254348
7.45558e-10	-0.254135
7.45604e-10	-0.253923
7.45651e-10	-0.25371
7.45697e-10	-0.253497
7.45743e-10	-0.253284
7.4579e-10	-0.253071
7.45836e-10	-0.252858
7.45883e-10	-0.252645
7.45929e-10	-0.252431
7.45976e-10	-0.252218
7.46022e-10	-0.252004
7.46068e-10	-0.25179
7.46115e-10	-0.251576
7.46161e-10	-0.251361
7.46208e-10	-0.251147
7.46254e-10	-0.250932
7.463e-10	-0.250718
7.46347e-10	-0.250503
7.46393e-10	-0.250288
7.4644e-10	-0.250073
7.46486e-10	-0.249857
7.46533e-10	-0.249642
7.46579e-10	-0.249426
7.46625e-10	-0.24921
7.46672e-10	-0.248995
7.46718e-10	-0.248778
7.46765e-10	-0.248562
7.46811e-10	-0.248346
7.46857e-10	-0.248129
7.46904e-10	-0.247913
7.4695e-10	-0.247696
7.46997e-10	-0.247479
7.47043e-10	-0.247262
7.4709e-10	-0.247044
7.47136e-10	-0.246827
7.47182e-10	-0.24661
7.47229e-10	-0.246392
7.47275e-10	-0.246174
7.47322e-10	-0.245956
7.47368e-10	-0.245738
7.47414e-10	-0.245519
7.47461e-10	-0.245301
7.47507e-10	-0.245082
7.47554e-10	-0.244864
7.476e-10	-0.244645
7.47647e-10	-0.244426
7.47693e-10	-0.244206
7.47739e-10	-0.243987
7.47786e-10	-0.243768
7.47832e-10	-0.243548
7.47879e-10	-0.243328
7.47925e-10	-0.243108
7.47972e-10	-0.242888
7.48018e-10	-0.242668
7.48064e-10	-0.242447
7.48111e-10	-0.242227
7.48157e-10	-0.242006
7.48204e-10	-0.241785
7.4825e-10	-0.241564
7.48296e-10	-0.241343
7.48343e-10	-0.241122
7.48389e-10	-0.2409
7.48436e-10	-0.240679
7.48482e-10	-0.240457
7.48529e-10	-0.240235
7.48575e-10	-0.240013
7.48621e-10	-0.239791
7.48668e-10	-0.239569
7.48714e-10	-0.239346
7.48761e-10	-0.239123
7.48807e-10	-0.238901
7.48853e-10	-0.238678
7.489e-10	-0.238455
7.48946e-10	-0.238231
7.48993e-10	-0.238008
7.49039e-10	-0.237785
7.49086e-10	-0.237561
7.49132e-10	-0.237337
7.49178e-10	-0.237113
7.49225e-10	-0.236889
7.49271e-10	-0.236665
7.49318e-10	-0.23644
7.49364e-10	-0.236216
7.4941e-10	-0.235991
7.49457e-10	-0.235766
7.49503e-10	-0.235541
7.4955e-10	-0.235316
7.49596e-10	-0.235091
7.49643e-10	-0.234865
7.49689e-10	-0.23464
7.49735e-10	-0.234414
7.49782e-10	-0.234188
7.49828e-10	-0.233962
7.49875e-10	-0.233736
7.49921e-10	-0.233509
7.49967e-10	-0.233283
7.50014e-10	-0.233056
7.5006e-10	-0.232829
7.50107e-10	-0.232603
7.50153e-10	-0.232375
7.502e-10	-0.232148
7.50246e-10	-0.231921
7.50292e-10	-0.231693
7.50339e-10	-0.231466
7.50385e-10	-0.231238
7.50432e-10	-0.23101
7.50478e-10	-0.230782
7.50524e-10	-0.230553
7.50571e-10	-0.230325
7.50617e-10	-0.230097
7.50664e-10	-0.229868
7.5071e-10	-0.229639
7.50757e-10	-0.22941
7.50803e-10	-0.229181
7.50849e-10	-0.228952
7.50896e-10	-0.228722
7.50942e-10	-0.228492
7.50989e-10	-0.228263
7.51035e-10	-0.228033
7.51081e-10	-0.227803
7.51128e-10	-0.227573
7.51174e-10	-0.227342
7.51221e-10	-0.227112
7.51267e-10	-0.226881
7.51314e-10	-0.22665
7.5136e-10	-0.22642
7.51406e-10	-0.226189
7.51453e-10	-0.225957
7.51499e-10	-0.225726
7.51546e-10	-0.225494
7.51592e-10	-0.225263
7.51638e-10	-0.225031
7.51685e-10	-0.224799
7.51731e-10	-0.224567
7.51778e-10	-0.224335
7.51824e-10	-0.224102
7.51871e-10	-0.22387
7.51917e-10	-0.223637
7.51963e-10	-0.223404
7.5201e-10	-0.223171
7.52056e-10	-0.222938
7.52103e-10	-0.222705
7.52149e-10	-0.222472
7.52195e-10	-0.222238
7.52242e-10	-0.222004
7.52288e-10	-0.22177
7.52335e-10	-0.221536
7.52381e-10	-0.221302
7.52428e-10	-0.221068
7.52474e-10	-0.220834
7.5252e-10	-0.220599
7.52567e-10	-0.220364
7.52613e-10	-0.220129
7.5266e-10	-0.219894
7.52706e-10	-0.219659
7.52753e-10	-0.219424
7.52799e-10	-0.219188
7.52845e-10	-0.218953
7.52892e-10	-0.218717
7.52938e-10	-0.218481
7.52985e-10	-0.218245
7.53031e-10	-0.218009
7.53077e-10	-0.217773
7.53124e-10	-0.217536
7.5317e-10	-0.2173
7.53217e-10	-0.217063
7.53263e-10	-0.216826
7.5331e-10	-0.216589
7.53356e-10	-0.216352
7.53402e-10	-0.216114
7.53449e-10	-0.215877
7.53495e-10	-0.215639
7.53542e-10	-0.215401
7.53588e-10	-0.215163
7.53634e-10	-0.214925
7.53681e-10	-0.214687
7.53727e-10	-0.214449
7.53774e-10	-0.21421
7.5382e-10	-0.213972
7.53867e-10	-0.213733
7.53913e-10	-0.213494
7.53959e-10	-0.213255
7.54006e-10	-0.213015
7.54052e-10	-0.212776
7.54099e-10	-0.212537
7.54145e-10	-0.212297
7.54191e-10	-0.212057
7.54238e-10	-0.211817
7.54284e-10	-0.211577
7.54331e-10	-0.211337
7.54377e-10	-0.211096
7.54424e-10	-0.210856
7.5447e-10	-0.210615
7.54516e-10	-0.210374
7.54563e-10	-0.210133
7.54609e-10	-0.209892
7.54656e-10	-0.209651
7.54702e-10	-0.209409
7.54748e-10	-0.209168
7.54795e-10	-0.208926
7.54841e-10	-0.208684
7.54888e-10	-0.208442
7.54934e-10	-0.2082
7.54981e-10	-0.207958
7.55027e-10	-0.207715
7.55073e-10	-0.207473
7.5512e-10	-0.20723
7.55166e-10	-0.206987
7.55213e-10	-0.206744
7.55259e-10	-0.206501
7.55305e-10	-0.206258
7.55352e-10	-0.206014
7.55398e-10	-0.205771
7.55445e-10	-0.205527
7.55491e-10	-0.205283
7.55538e-10	-0.205039
7.55584e-10	-0.204795
7.5563e-10	-0.204551
7.55677e-10	-0.204306
7.55723e-10	-0.204062
7.5577e-10	-0.203817
7.55816e-10	-0.203572
7.55862e-10	-0.203327
7.55909e-10	-0.203082
7.55955e-10	-0.202837
7.56002e-10	-0.202591
7.56048e-10	-0.202346
7.56095e-10	-0.2021
7.56141e-10	-0.201854
7.56187e-10	-0.201608
7.56234e-10	-0.201362
7.5628e-10	-0.201115
7.56327e-10	-0.200869
7.56373e-10	-0.200622
7.56419e-10	-0.200376
7.56466e-10	-0.200129
7.56512e-10	-0.199882
7.56559e-10	-0.199635
7.56605e-10	-0.199387
7.56652e-10	-0.19914
7.56698e-10	-0.198892
7.56744e-10	-0.198644
7.56791e-10	-0.198397
7.56837e-10	-0.198149
7.56884e-10	-0.1979
7.5693e-10	-0.197652
7.56976e-10	-0.197404
7.57023e-10	-0.197155
7.57069e-10	-0.196906
7.57116e-10	-0.196657
7.57162e-10	-0.196408
7.57209e-10	-0.196159
7.57255e-10	-0.19591
7.57301e-10	-0.19566
7.57348e-10	-0.195411
7.57394e-10	-0.195161
7.57441e-10	-0.194911
7.57487e-10	-0.194661
7.57534e-10	-0.194411
7.5758e-10	-0.194161
7.57626e-10	-0.19391
7.57673e-10	-0.19366
7.57719e-10	-0.193409
7.57766e-10	-0.193158
7.57812e-10	-0.192907
7.57858e-10	-0.192656
7.57905e-10	-0.192404
7.57951e-10	-0.192153
7.57998e-10	-0.191901
7.58044e-10	-0.19165
7.58091e-10	-0.191398
7.58137e-10	-0.191146
7.58183e-10	-0.190894
7.5823e-10	-0.190641
7.58276e-10	-0.190389
7.58323e-10	-0.190136
7.58369e-10	-0.189884
7.58415e-10	-0.189631
7.58462e-10	-0.189378
7.58508e-10	-0.189124
7.58555e-10	-0.188871
7.58601e-10	-0.188618
7.58648e-10	-0.188364
7.58694e-10	-0.18811
7.5874e-10	-0.187857
7.58787e-10	-0.187603
7.58833e-10	-0.187348
7.5888e-10	-0.187094
7.58926e-10	-0.18684
7.58972e-10	-0.186585
7.59019e-10	-0.18633
7.59065e-10	-0.186076
7.59112e-10	-0.185821
7.59158e-10	-0.185566
7.59205e-10	-0.18531
7.59251e-10	-0.185055
7.59297e-10	-0.184799
7.59344e-10	-0.184544
7.5939e-10	-0.184288
7.59437e-10	-0.184032
7.59483e-10	-0.183776
7.59529e-10	-0.183519
7.59576e-10	-0.183263
7.59622e-10	-0.183006
7.59669e-10	-0.18275
7.59715e-10	-0.182493
7.59762e-10	-0.182236
7.59808e-10	-0.181979
7.59854e-10	-0.181722
7.59901e-10	-0.181464
7.59947e-10	-0.181207
7.59994e-10	-0.180949
7.6004e-10	-0.180691
7.60086e-10	-0.180433
7.60133e-10	-0.180175
7.60179e-10	-0.179917
7.60226e-10	-0.179659
7.60272e-10	-0.1794
7.60319e-10	-0.179142
7.60365e-10	-0.178883
7.60411e-10	-0.178624
7.60458e-10	-0.178365
7.60504e-10	-0.178106
7.60551e-10	-0.177846
7.60597e-10	-0.177587
7.60643e-10	-0.177327
7.6069e-10	-0.177067
7.60736e-10	-0.176808
7.60783e-10	-0.176547
7.60829e-10	-0.176287
7.60876e-10	-0.176027
7.60922e-10	-0.175767
7.60968e-10	-0.175506
7.61015e-10	-0.175245
7.61061e-10	-0.174984
7.61108e-10	-0.174723
7.61154e-10	-0.174462
7.612e-10	-0.174201
7.61247e-10	-0.173939
7.61293e-10	-0.173678
7.6134e-10	-0.173416
7.61386e-10	-0.173154
7.61433e-10	-0.172892
7.61479e-10	-0.17263
7.61525e-10	-0.172368
7.61572e-10	-0.172106
7.61618e-10	-0.171843
7.61665e-10	-0.17158
7.61711e-10	-0.171318
7.61758e-10	-0.171055
7.61804e-10	-0.170791
7.6185e-10	-0.170528
7.61897e-10	-0.170265
7.61943e-10	-0.170001
7.6199e-10	-0.169738
7.62036e-10	-0.169474
7.62082e-10	-0.16921
7.62129e-10	-0.168946
7.62175e-10	-0.168682
7.62222e-10	-0.168417
7.62268e-10	-0.168153
7.62315e-10	-0.167888
7.62361e-10	-0.167624
7.62407e-10	-0.167359
7.62454e-10	-0.167094
7.625e-10	-0.166828
7.62547e-10	-0.166563
7.62593e-10	-0.166298
7.62639e-10	-0.166032
7.62686e-10	-0.165766
7.62732e-10	-0.165501
7.62779e-10	-0.165235
7.62825e-10	-0.164968
7.62872e-10	-0.164702
7.62918e-10	-0.164436
7.62964e-10	-0.164169
7.63011e-10	-0.163903
7.63057e-10	-0.163636
7.63104e-10	-0.163369
7.6315e-10	-0.163102
7.63196e-10	-0.162834
7.63243e-10	-0.162567
7.63289e-10	-0.1623
7.63336e-10	-0.162032
7.63382e-10	-0.161764
7.63429e-10	-0.161496
7.63475e-10	-0.161228
7.63521e-10	-0.16096
7.63568e-10	-0.160692
7.63614e-10	-0.160423
7.63661e-10	-0.160155
7.63707e-10	-0.159886
7.63753e-10	-0.159617
7.638e-10	-0.159348
7.63846e-10	-0.159079
7.63893e-10	-0.15881
7.63939e-10	-0.15854
7.63986e-10	-0.158271
7.64032e-10	-0.158001
7.64078e-10	-0.157731
7.64125e-10	-0.157461
7.64171e-10	-0.157191
7.64218e-10	-0.156921
7.64264e-10	-0.156651
7.6431e-10	-0.15638
7.64357e-10	-0.156109
7.64403e-10	-0.155839
7.6445e-10	-0.155568
7.64496e-10	-0.155297
7.64543e-10	-0.155025
7.64589e-10	-0.154754
7.64635e-10	-0.154483
7.64682e-10	-0.154211
7.64728e-10	-0.153939
7.64775e-10	-0.153668
7.64821e-10	-0.153396
7.64867e-10	-0.153123
7.64914e-10	-0.152851
7.6496e-10	-0.152579
7.65007e-10	-0.152306
7.65053e-10	-0.152034
7.651e-10	-0.151761
7.65146e-10	-0.151488
7.65192e-10	-0.151215
7.65239e-10	-0.150942
7.65285e-10	-0.150668
7.65332e-10	-0.150395
7.65378e-10	-0.150121
7.65424e-10	-0.149847
7.65471e-10	-0.149573
7.65517e-10	-0.149299
7.65564e-10	-0.149025
7.6561e-10	-0.148751
7.65657e-10	-0.148477
7.65703e-10	-0.148202
7.65749e-10	-0.147927
7.65796e-10	-0.147653
7.65842e-10	-0.147378
7.65889e-10	-0.147102
7.65935e-10	-0.146827
7.65981e-10	-0.146552
7.66028e-10	-0.146276
7.66074e-10	-0.146001
7.66121e-10	-0.145725
7.66167e-10	-0.145449
7.66214e-10	-0.145173
7.6626e-10	-0.144897
7.66306e-10	-0.144621
7.66353e-10	-0.144344
7.66399e-10	-0.144068
7.66446e-10	-0.143791
7.66492e-10	-0.143514
7.66539e-10	-0.143237
7.66585e-10	-0.14296
7.66631e-10	-0.142683
7.66678e-10	-0.142405
7.66724e-10	-0.142128
7.66771e-10	-0.14185
7.66817e-10	-0.141572
7.66863e-10	-0.141295
7.6691e-10	-0.141017
7.66956e-10	-0.140738
7.67003e-10	-0.14046
7.67049e-10	-0.140182
7.67096e-10	-0.139903
7.67142e-10	-0.139624
7.67188e-10	-0.139346
7.67235e-10	-0.139067
7.67281e-10	-0.138788
7.67328e-10	-0.138508
7.67374e-10	-0.138229
7.6742e-10	-0.137949
7.67467e-10	-0.13767
7.67513e-10	-0.13739
7.6756e-10	-0.13711
7.67606e-10	-0.13683
7.67653e-10	-0.13655
7.67699e-10	-0.13627
7.67745e-10	-0.135989
7.67792e-10	-0.135709
7.67838e-10	-0.135428
7.67885e-10	-0.135147
7.67931e-10	-0.134866
7.67977e-10	-0.134585
7.68024e-10	-0.134304
7.6807e-10	-0.134023
7.68117e-10	-0.133741
7.68163e-10	-0.13346
7.6821e-10	-0.133178
7.68256e-10	-0.132896
7.68302e-10	-0.132614
7.68349e-10	-0.132332
7.68395e-10	-0.13205
7.68442e-10	-0.131767
7.68488e-10	-0.131485
7.68534e-10	-0.131202
7.68581e-10	-0.130919
7.68627e-10	-0.130636
7.68674e-10	-0.130353
7.6872e-10	-0.13007
7.68767e-10	-0.129787
7.68813e-10	-0.129503
7.68859e-10	-0.12922
7.68906e-10	-0.128936
7.68952e-10	-0.128652
7.68999e-10	-0.128368
7.69045e-10	-0.128084
7.69091e-10	-0.1278
7.69138e-10	-0.127516
7.69184e-10	-0.127231
7.69231e-10	-0.126946
7.69277e-10	-0.126662
7.69324e-10	-0.126377
7.6937e-10	-0.126092
7.69416e-10	-0.125807
7.69463e-10	-0.125521
7.69509e-10	-0.125236
7.69556e-10	-0.124951
7.69602e-10	-0.124665
7.69648e-10	-0.124379
7.69695e-10	-0.124093
7.69741e-10	-0.123807
7.69788e-10	-0.123521
7.69834e-10	-0.123235
7.69881e-10	-0.122948
7.69927e-10	-0.122662
7.69973e-10	-0.122375
7.7002e-10	-0.122088
7.70066e-10	-0.121801
7.70113e-10	-0.121514
7.70159e-10	-0.121227
7.70205e-10	-0.12094
7.70252e-10	-0.120652
7.70298e-10	-0.120365
7.70345e-10	-0.120077
7.70391e-10	-0.119789
7.70438e-10	-0.119501
7.70484e-10	-0.119213
7.7053e-10	-0.118925
7.70577e-10	-0.118636
7.70623e-10	-0.118348
7.7067e-10	-0.118059
7.70716e-10	-0.11777
7.70762e-10	-0.117481
7.70809e-10	-0.117192
7.70855e-10	-0.116903
7.70902e-10	-0.116614
7.70948e-10	-0.116325
7.70995e-10	-0.116035
7.71041e-10	-0.115745
7.71087e-10	-0.115456
7.71134e-10	-0.115166
7.7118e-10	-0.114876
7.71227e-10	-0.114586
7.71273e-10	-0.114295
7.7132e-10	-0.114005
7.71366e-10	-0.113714
7.71412e-10	-0.113424
7.71459e-10	-0.113133
7.71505e-10	-0.112842
7.71552e-10	-0.112551
7.71598e-10	-0.11226
7.71644e-10	-0.111968
7.71691e-10	-0.111677
7.71737e-10	-0.111385
7.71784e-10	-0.111094
7.7183e-10	-0.110802
7.71877e-10	-0.11051
7.71923e-10	-0.110218
7.71969e-10	-0.109926
7.72016e-10	-0.109633
7.72062e-10	-0.109341
7.72109e-10	-0.109048
7.72155e-10	-0.108756
7.72201e-10	-0.108463
7.72248e-10	-0.10817
7.72294e-10	-0.107877
7.72341e-10	-0.107583
7.72387e-10	-0.10729
7.72434e-10	-0.106997
7.7248e-10	-0.106703
7.72526e-10	-0.106409
7.72573e-10	-0.106115
7.72619e-10	-0.105822
7.72666e-10	-0.105527
7.72712e-10	-0.105233
7.72758e-10	-0.104939
7.72805e-10	-0.104644
7.72851e-10	-0.10435
7.72898e-10	-0.104055
7.72944e-10	-0.10376
7.72991e-10	-0.103465
7.73037e-10	-0.10317
7.73083e-10	-0.102875
7.7313e-10	-0.10258
7.73176e-10	-0.102284
7.73223e-10	-0.101988
7.73269e-10	-0.101693
7.73315e-10	-0.101397
7.73362e-10	-0.101101
7.73408e-10	-0.100805
7.73455e-10	-0.100509
7.73501e-10	-0.100212
7.73548e-10	-0.0999158
7.73594e-10	-0.0996192
7.7364e-10	-0.0993224
7.73687e-10	-0.0990256
7.73733e-10	-0.0987286
7.7378e-10	-0.0984315
7.73826e-10	-0.0981343
7.73872e-10	-0.0978369
7.73919e-10	-0.0975394
7.73965e-10	-0.0972418
7.74012e-10	-0.0969441
7.74058e-10	-0.0966463
7.74105e-10	-0.0963483
7.74151e-10	-0.0960502
7.74197e-10	-0.095752
7.74244e-10	-0.0954537
7.7429e-10	-0.0951552
7.74337e-10	-0.0948566
7.74383e-10	-0.0945579
7.74429e-10	-0.0942591
7.74476e-10	-0.0939601
7.74522e-10	-0.093661
7.74569e-10	-0.0933618
7.74615e-10	-0.0930625
7.74662e-10	-0.092763
7.74708e-10	-0.0924635
7.74754e-10	-0.0921638
7.74801e-10	-0.0918639
7.74847e-10	-0.091564
7.74894e-10	-0.0912639
7.7494e-10	-0.0909637
7.74986e-10	-0.0906634
7.75033e-10	-0.090363
7.75079e-10	-0.0900624
7.75126e-10	-0.0897617
7.75172e-10	-0.0894609
7.75219e-10	-0.08916
7.75265e-10	-0.088859
7.75311e-10	-0.0885578
7.75358e-10	-0.0882565
7.75404e-10	-0.0879551
7.75451e-10	-0.0876535
7.75497e-10	-0.0873519
7.75543e-10	-0.0870501
7.7559e-10	-0.0867482
7.75636e-10	-0.0864462
7.75683e-10	-0.086144
7.75729e-10	-0.0858418
7.75776e-10	-0.0855394
7.75822e-10	-0.0852369
7.75868e-10	-0.0849342
7.75915e-10	-0.0846315
7.75961e-10	-0.0843286
7.76008e-10	-0.0840256
7.76054e-10	-0.0837225
7.76101e-10	-0.0834192
7.76147e-10	-0.0831159
7.76193e-10	-0.0828124
7.7624e-10	-0.0825088
7.76286e-10	-0.0822051
7.76333e-10	-0.0819012
7.76379e-10	-0.0815972
7.76425e-10	-0.0812932
7.76472e-10	-0.080989
7.76518e-10	-0.0806846
7.76565e-10	-0.0803802
7.76611e-10	-0.0800756
7.76658e-10	-0.0797709
7.76704e-10	-0.0794661
7.7675e-10	-0.0791612
7.76797e-10	-0.0788561
7.76843e-10	-0.0785509
7.7689e-10	-0.0782457
7.76936e-10	-0.0779402
7.76982e-10	-0.0776347
7.77029e-10	-0.0773291
7.77075e-10	-0.0770233
7.77122e-10	-0.0767174
7.77168e-10	-0.0764114
7.77215e-10	-0.0761053
7.77261e-10	-0.075799
7.77307e-10	-0.0754927
7.77354e-10	-0.0751862
7.774e-10	-0.0748795
7.77447e-10	-0.0745728
7.77493e-10	-0.074266
7.77539e-10	-0.073959
7.77586e-10	-0.0736519
7.77632e-10	-0.0733447
7.77679e-10	-0.0730374
7.77725e-10	-0.07273
7.77772e-10	-0.0724224
7.77818e-10	-0.0721147
7.77864e-10	-0.0718069
7.77911e-10	-0.071499
7.77957e-10	-0.071191
7.78004e-10	-0.0708828
7.7805e-10	-0.0705746
7.78096e-10	-0.0702662
7.78143e-10	-0.0699577
7.78189e-10	-0.069649
7.78236e-10	-0.0693403
7.78282e-10	-0.0690314
7.78329e-10	-0.0687224
7.78375e-10	-0.0684134
7.78421e-10	-0.0681041
7.78468e-10	-0.0677948
7.78514e-10	-0.0674854
7.78561e-10	-0.0671758
7.78607e-10	-0.0668661
7.78653e-10	-0.0665563
7.787e-10	-0.0662464
7.78746e-10	-0.0659363
7.78793e-10	-0.0656262
7.78839e-10	-0.0653159
7.78886e-10	-0.0650055
7.78932e-10	-0.064695
7.78978e-10	-0.0643844
7.79025e-10	-0.0640737
7.79071e-10	-0.0637628
7.79118e-10	-0.0634518
7.79164e-10	-0.0631407
7.7921e-10	-0.0628295
7.79257e-10	-0.0625182
7.79303e-10	-0.0622068
7.7935e-10	-0.0618952
7.79396e-10	-0.0615835
7.79443e-10	-0.0612717
7.79489e-10	-0.0609598
7.79535e-10	-0.0606478
7.79582e-10	-0.0603357
7.79628e-10	-0.0600234
7.79675e-10	-0.059711
7.79721e-10	-0.0593986
7.79767e-10	-0.059086
7.79814e-10	-0.0587732
7.7986e-10	-0.0584604
7.79907e-10	-0.0581475
7.79953e-10	-0.0578344
7.8e-10	-0.0575212
7.80046e-10	-0.0572079
7.80092e-10	-0.0568945
7.80139e-10	-0.056581
7.80185e-10	-0.0562674
7.80232e-10	-0.0559536
7.80278e-10	-0.0556397
7.80324e-10	-0.0553257
7.80371e-10	-0.0550116
7.80417e-10	-0.0546974
7.80464e-10	-0.0543831
7.8051e-10	-0.0540687
7.80557e-10	-0.0537541
7.80603e-10	-0.0534394
7.80649e-10	-0.0531246
7.80696e-10	-0.0528097
7.80742e-10	-0.0524947
7.80789e-10	-0.0521796
7.80835e-10	-0.0518643
7.80882e-10	-0.051549
7.80928e-10	-0.0512335
7.80974e-10	-0.0509179
7.81021e-10	-0.0506022
7.81067e-10	-0.0502864
7.81114e-10	-0.0499705
7.8116e-10	-0.0496544
7.81206e-10	-0.0493383
7.81253e-10	-0.049022
7.81299e-10	-0.0487056
7.81346e-10	-0.0483891
7.81392e-10	-0.0480725
7.81439e-10	-0.0477558
7.81485e-10	-0.047439
7.81531e-10	-0.047122
7.81578e-10	-0.046805
7.81624e-10	-0.0464878
7.81671e-10	-0.0461705
7.81717e-10	-0.0458531
7.81763e-10	-0.0455356
7.8181e-10	-0.045218
7.81856e-10	-0.0449002
7.81903e-10	-0.0445824
7.81949e-10	-0.0442644
7.81996e-10	-0.0439464
7.82042e-10	-0.0436282
7.82088e-10	-0.0433099
7.82135e-10	-0.0429915
7.82181e-10	-0.0426729
7.82228e-10	-0.0423543
7.82274e-10	-0.0420356
7.8232e-10	-0.0417167
7.82367e-10	-0.0413977
7.82413e-10	-0.0410787
7.8246e-10	-0.0407595
7.82506e-10	-0.0404402
7.82553e-10	-0.0401208
7.82599e-10	-0.0398012
7.82645e-10	-0.0394816
7.82692e-10	-0.0391618
7.82738e-10	-0.038842
7.82785e-10	-0.038522
7.82831e-10	-0.0382019
7.82877e-10	-0.0378817
7.82924e-10	-0.0375614
7.8297e-10	-0.037241
7.83017e-10	-0.0369205
7.83063e-10	-0.0365999
7.8311e-10	-0.0362791
7.83156e-10	-0.0359583
7.83202e-10	-0.0356373
7.83249e-10	-0.0353162
7.83295e-10	-0.034995
7.83342e-10	-0.0346737
7.83388e-10	-0.0343523
7.83434e-10	-0.0340308
7.83481e-10	-0.0337092
7.83527e-10	-0.0333874
7.83574e-10	-0.0330656
7.8362e-10	-0.0327436
7.83667e-10	-0.0324216
7.83713e-10	-0.0320994
7.83759e-10	-0.0317771
7.83806e-10	-0.0314547
7.83852e-10	-0.0311322
7.83899e-10	-0.0308096
7.83945e-10	-0.0304869
7.83991e-10	-0.0301641
7.84038e-10	-0.0298411
7.84084e-10	-0.0295181
7.84131e-10	-0.0291949
7.84177e-10	-0.0288717
7.84224e-10	-0.0285483
7.8427e-10	-0.0282248
7.84316e-10	-0.0279012
7.84363e-10	-0.0275775
7.84409e-10	-0.0272537
7.84456e-10	-0.0269298
7.84502e-10	-0.0266058
7.84548e-10	-0.0262816
7.84595e-10	-0.0259574
7.84641e-10	-0.025633
7.84688e-10	-0.0253086
7.84734e-10	-0.024984
7.84781e-10	-0.0246594
7.84827e-10	-0.0243346
7.84873e-10	-0.0240097
7.8492e-10	-0.0236847
7.84966e-10	-0.0233596
7.85013e-10	-0.0230344
7.85059e-10	-0.0227091
7.85106e-10	-0.0223836
7.85152e-10	-0.0220581
7.85198e-10	-0.0217325
7.85245e-10	-0.0214067
7.85291e-10	-0.0210809
7.85338e-10	-0.0207549
7.85384e-10	-0.0204289
7.8543e-10	-0.0201027
7.85477e-10	-0.0197764
7.85523e-10	-0.01945
7.8557e-10	-0.0191235
7.85616e-10	-0.0187969
7.85663e-10	-0.0184702
7.85709e-10	-0.0181434
7.85755e-10	-0.0178165
7.85802e-10	-0.0174895
7.85848e-10	-0.0171624
7.85895e-10	-0.0168351
7.85941e-10	-0.0165078
7.85987e-10	-0.0161804
7.86034e-10	-0.0158528
7.8608e-10	-0.0155252
7.86127e-10	-0.0151974
7.86173e-10	-0.0148695
7.8622e-10	-0.0145416
7.86266e-10	-0.0142135
7.86312e-10	-0.0138853
7.86359e-10	-0.013557
7.86405e-10	-0.0132286
7.86452e-10	-0.0129001
7.86498e-10	-0.0125715
7.86544e-10	-0.0122428
7.86591e-10	-0.011914
7.86637e-10	-0.0115851
7.86684e-10	-0.0112561
7.8673e-10	-0.010927
7.86777e-10	-0.0105977
7.86823e-10	-0.0102684
7.86869e-10	-0.00993897
7.86916e-10	-0.00960943
7.86962e-10	-0.00927978
7.87009e-10	-0.00895004
7.87055e-10	-0.00862018
7.87101e-10	-0.00829023
7.87148e-10	-0.00796017
7.87194e-10	-0.00763001
7.87241e-10	-0.00729974
7.87287e-10	-0.00696938
7.87334e-10	-0.0066389
7.8738e-10	-0.00630833
7.87426e-10	-0.00597765
7.87473e-10	-0.00564687
7.87519e-10	-0.00531598
7.87566e-10	-0.004985
7.87612e-10	-0.00465391
7.87658e-10	-0.00432271
7.87705e-10	-0.00399142
7.87751e-10	-0.00366002
7.87798e-10	-0.00332852
7.87844e-10	-0.00299692
7.87891e-10	-0.00266521
7.87937e-10	-0.0023334
7.87983e-10	-0.00200149
7.8803e-10	-0.00166948
7.88076e-10	-0.00133737
7.88123e-10	-0.00100515
7.88169e-10	-0.000672833
7.88215e-10	-0.000340414
7.88262e-10	-7.89321e-06
7.88308e-10	0.000324729
7.88355e-10	0.000657453
7.88401e-10	0.000990279
7.88448e-10	0.00132321
7.88494e-10	0.00165623
7.8854e-10	0.00198936
7.88587e-10	0.00232259
7.88633e-10	0.00265592
7.8868e-10	0.00298936
7.88726e-10	0.00332289
7.88772e-10	0.00365652
7.88819e-10	0.00399026
7.88865e-10	0.00432409
7.88912e-10	0.00465803
7.88958e-10	0.00499206
7.89005e-10	0.0053262
7.89051e-10	0.00566044
7.89097e-10	0.00599477
7.89144e-10	0.00632921
7.8919e-10	0.00666375
7.89237e-10	0.00699838
7.89283e-10	0.00733312
7.89329e-10	0.00766796
7.89376e-10	0.00800289
7.89422e-10	0.00833793
7.89469e-10	0.00867306
7.89515e-10	0.0090083
7.89562e-10	0.00934363
7.89608e-10	0.00967906
7.89654e-10	0.0100146
7.89701e-10	0.0103502
7.89747e-10	0.010686
7.89794e-10	0.0110218
7.8984e-10	0.0113577
7.89887e-10	0.0116937
7.89933e-10	0.0120299
7.89979e-10	0.0123661
7.90026e-10	0.0127024
7.90072e-10	0.0130388
7.90119e-10	0.0133753
7.90165e-10	0.013712
7.90211e-10	0.0140487
7.90258e-10	0.0143855
7.90304e-10	0.0147224
7.90351e-10	0.0150594
7.90397e-10	0.0153965
7.90444e-10	0.0157337
7.9049e-10	0.016071
7.90536e-10	0.0164084
7.90583e-10	0.0167459
7.90629e-10	0.0170835
7.90676e-10	0.0174212
7.90722e-10	0.017759
7.90768e-10	0.0180969
7.90815e-10	0.0184349
7.90861e-10	0.0187729
7.90908e-10	0.0191111
7.90954e-10	0.0194494
7.91001e-10	0.0197878
7.91047e-10	0.0201262
7.91093e-10	0.0204648
7.9114e-10	0.0208035
7.91186e-10	0.0211422
7.91233e-10	0.0214811
7.91279e-10	0.02182
7.91325e-10	0.0221591
7.91372e-10	0.0224982
7.91418e-10	0.0228374
7.91465e-10	0.0231768
7.91511e-10	0.0235162
7.91558e-10	0.0238557
7.91604e-10	0.0241953
7.9165e-10	0.0245351
7.91697e-10	0.0248749
7.91743e-10	0.0252148
7.9179e-10	0.0255548
7.91836e-10	0.0258949
7.91882e-10	0.0262351
7.91929e-10	0.0265753
7.91975e-10	0.0269157
7.92022e-10	0.0272562
7.92068e-10	0.0275968
7.92115e-10	0.0279374
7.92161e-10	0.0282782
7.92207e-10	0.028619
7.92254e-10	0.02896
7.923e-10	0.029301
7.92347e-10	0.0296422
7.92393e-10	0.0299834
7.92439e-10	0.0303247
7.92486e-10	0.0306661
7.92532e-10	0.0310076
7.92579e-10	0.0313493
7.92625e-10	0.031691
7.92672e-10	0.0320327
7.92718e-10	0.0323746
7.92764e-10	0.0327166
7.92811e-10	0.0330587
7.92857e-10	0.0334008
7.92904e-10	0.0337431
7.9295e-10	0.0340855
7.92996e-10	0.0344279
7.93043e-10	0.0347704
7.93089e-10	0.0351131
7.93136e-10	0.0354558
7.93182e-10	0.0357986
7.93229e-10	0.0361415
7.93275e-10	0.0364845
7.93321e-10	0.0368276
7.93368e-10	0.0371708
7.93414e-10	0.0375141
7.93461e-10	0.0378574
7.93507e-10	0.0382009
7.93553e-10	0.0385445
7.936e-10	0.0388881
7.93646e-10	0.0392318
7.93693e-10	0.0395757
7.93739e-10	0.0399196
7.93786e-10	0.0402636
7.93832e-10	0.0406077
7.93878e-10	0.0409519
7.93925e-10	0.0412962
7.93971e-10	0.0416405
7.94018e-10	0.041985
7.94064e-10	0.0423296
7.9411e-10	0.0426742
7.94157e-10	0.043019
7.94203e-10	0.0433638
7.9425e-10	0.0437087
7.94296e-10	0.0440537
7.94343e-10	0.0443988
7.94389e-10	0.044744
7.94435e-10	0.0450893
7.94482e-10	0.0454347
7.94528e-10	0.0457801
7.94575e-10	0.0461257
7.94621e-10	0.0464713
7.94668e-10	0.046817
7.94714e-10	0.0471629
7.9476e-10	0.0475088
7.94807e-10	0.0478548
7.94853e-10	0.0482009
7.949e-10	0.048547
7.94946e-10	0.0488933
7.94992e-10	0.0492397
7.95039e-10	0.0495861
7.95085e-10	0.0499326
7.95132e-10	0.0502792
7.95178e-10	0.050626
7.95225e-10	0.0509728
7.95271e-10	0.0513196
7.95317e-10	0.0516666
7.95364e-10	0.0520137
7.9541e-10	0.0523608
7.95457e-10	0.0527081
7.95503e-10	0.0530554
7.95549e-10	0.0534028
7.95596e-10	0.0537503
7.95642e-10	0.0540979
7.95689e-10	0.0544456
7.95735e-10	0.0547934
7.95782e-10	0.0551412
7.95828e-10	0.0554892
7.95874e-10	0.0558372
7.95921e-10	0.0561853
7.95967e-10	0.0565335
7.96014e-10	0.0568818
7.9606e-10	0.0572302
7.96106e-10	0.0575786
7.96153e-10	0.0579272
7.96199e-10	0.0582758
7.96246e-10	0.0586246
7.96292e-10	0.0589734
7.96339e-10	0.0593223
7.96385e-10	0.0596712
7.96431e-10	0.0600203
7.96478e-10	0.0603695
7.96524e-10	0.0607187
7.96571e-10	0.061068
7.96617e-10	0.0614175
7.96663e-10	0.061767
7.9671e-10	0.0621165
7.96756e-10	0.0624662
7.96803e-10	0.062816
7.96849e-10	0.0631658
7.96896e-10	0.0635157
7.96942e-10	0.0638658
7.96988e-10	0.0642158
7.97035e-10	0.064566
7.97081e-10	0.0649163
7.97128e-10	0.0652666
7.97174e-10	0.0656171
7.9722e-10	0.0659676
7.97267e-10	0.0663182
7.97313e-10	0.0666689
7.9736e-10	0.0670197
7.97406e-10	0.0673705
7.97453e-10	0.0677215
7.97499e-10	0.0680725
7.97545e-10	0.0684236
7.97592e-10	0.0687748
7.97638e-10	0.0691261
7.97685e-10	0.0694774
7.97731e-10	0.0698289
7.97777e-10	0.0701804
7.97824e-10	0.070532
7.9787e-10	0.0708837
7.97917e-10	0.0712355
7.97963e-10	0.0715874
7.9801e-10	0.0719393
7.98056e-10	0.0722913
7.98102e-10	0.0726434
7.98149e-10	0.0729956
7.98195e-10	0.0733479
7.98242e-10	0.0737003
7.98288e-10	0.0740527
7.98334e-10	0.0744052
7.98381e-10	0.0747578
7.98427e-10	0.0751105
7.98474e-10	0.0754633
7.9852e-10	0.0758161
7.98567e-10	0.0761691
7.98613e-10	0.0765221
7.98659e-10	0.0768752
7.98706e-10	0.0772284
7.98752e-10	0.0775816
7.98799e-10	0.077935
7.98845e-10	0.0782884
7.98891e-10	0.0786419
7.98938e-10	0.0789955
7.98984e-10	0.0793491
7.99031e-10	0.0797029
7.99077e-10	0.0800567
7.99124e-10	0.0804106
7.9917e-10	0.0807646
7.99216e-10	0.0811187
7.99263e-10	0.0814728
7.99309e-10	0.0818271
7.99356e-10	0.0821814
7.99402e-10	0.0825358
7.99449e-10	0.0828902
7.99495e-10	0.0832448
7.99541e-10	0.0835994
7.99588e-10	0.0839541
7.99634e-10	0.0843089
7.99681e-10	0.0846638
7.99727e-10	0.0850187
7.99773e-10	0.0853738
7.9982e-10	0.0857289
7.99866e-10	0.086084
7.99913e-10	0.0864393
7.99959e-10	0.0867947
8.00006e-10	0.0871501
8.00052e-10	0.0875056
8.00098e-10	0.0878612
8.00145e-10	0.0882168
8.00191e-10	0.0885726
8.00238e-10	0.0889284
8.00284e-10	0.0892843
8.0033e-10	0.0896402
8.00377e-10	0.0899963
8.00423e-10	0.0903524
8.0047e-10	0.0907086
8.00516e-10	0.0910649
8.00563e-10	0.0914213
8.00609e-10	0.0917777
8.00655e-10	0.0921342
8.00702e-10	0.0924908
8.00748e-10	0.0928475
8.00795e-10	0.0932042
8.00841e-10	0.0935611
8.00887e-10	0.093918
8.00934e-10	0.0942749
8.0098e-10	0.094632
8.01027e-10	0.0949891
8.01073e-10	0.0953463
8.0112e-10	0.0957036
8.01166e-10	0.096061
8.01212e-10	0.0964184
8.01259e-10	0.0967759
8.01305e-10	0.0971335
8.01352e-10	0.0974912
8.01398e-10	0.097849
8.01444e-10	0.0982068
8.01491e-10	0.0985647
8.01537e-10	0.0989226
8.01584e-10	0.0992807
8.0163e-10	0.0996388
8.01677e-10	0.099997
8.01723e-10	0.100355
8.01769e-10	0.100714
8.01816e-10	0.101072
8.01862e-10	0.101431
8.01909e-10	0.101789
8.01955e-10	0.102148
8.02001e-10	0.102506
8.02048e-10	0.102865
8.02094e-10	0.103224
8.02141e-10	0.103583
8.02187e-10	0.103942
8.02234e-10	0.104301
8.0228e-10	0.10466
8.02326e-10	0.10502
8.02373e-10	0.105379
8.02419e-10	0.105738
8.02466e-10	0.106098
8.02512e-10	0.106457
8.02558e-10	0.106817
8.02605e-10	0.107177
8.02651e-10	0.107536
8.02698e-10	0.107896
8.02744e-10	0.108256
8.02791e-10	0.108616
8.02837e-10	0.108976
8.02883e-10	0.109336
8.0293e-10	0.109696
8.02976e-10	0.110057
8.03023e-10	0.110417
8.03069e-10	0.110777
8.03115e-10	0.111138
8.03162e-10	0.111498
8.03208e-10	0.111859
8.03255e-10	0.11222
8.03301e-10	0.112581
8.03348e-10	0.112941
8.03394e-10	0.113302
8.0344e-10	0.113663
8.03487e-10	0.114024
8.03533e-10	0.114386
8.0358e-10	0.114747
8.03626e-10	0.115108
8.03672e-10	0.115469
8.03719e-10	0.115831
8.03765e-10	0.116192
8.03812e-10	0.116554
8.03858e-10	0.116915
8.03905e-10	0.117277
8.03951e-10	0.117639
8.03997e-10	0.118001
8.04044e-10	0.118363
8.0409e-10	0.118725
8.04137e-10	0.119087
8.04183e-10	0.119449
8.0423e-10	0.119811
8.04276e-10	0.120173
8.04322e-10	0.120536
8.04369e-10	0.120898
8.04415e-10	0.12126
8.04462e-10	0.121623
8.04508e-10	0.121986
8.04554e-10	0.122348
8.04601e-10	0.122711
8.04647e-10	0.123074
8.04694e-10	0.123437
8.0474e-10	0.1238
8.04787e-10	0.124163
8.04833e-10	0.124526
8.04879e-10	0.124889
8.04926e-10	0.125252
8.04972e-10	0.125615
8.05019e-10	0.125979
8.05065e-10	0.126342
8.05111e-10	0.126706
8.05158e-10	0.127069
8.05204e-10	0.127433
8.05251e-10	0.127797
8.05297e-10	0.12816
8.05344e-10	0.128524
8.0539e-10	0.128888
8.05436e-10	0.129252
8.05483e-10	0.129616
8.05529e-10	0.12998
8.05576e-10	0.130344
8.05622e-10	0.130709
8.05668e-10	0.131073
8.05715e-10	0.131437
8.05761e-10	0.131802
8.05808e-10	0.132166
8.05854e-10	0.132531
8.05901e-10	0.132895
8.05947e-10	0.13326
8.05993e-10	0.133625
8.0604e-10	0.13399
8.06086e-10	0.134355
8.06133e-10	0.134719
8.06179e-10	0.135084
8.06225e-10	0.13545
8.06272e-10	0.135815
8.06318e-10	0.13618
8.06365e-10	0.136545
8.06411e-10	0.136911
8.06458e-10	0.137276
8.06504e-10	0.137642
8.0655e-10	0.138007
8.06597e-10	0.138373
8.06643e-10	0.138738
8.0669e-10	0.139104
8.06736e-10	0.13947
8.06782e-10	0.139836
8.06829e-10	0.140202
8.06875e-10	0.140568
8.06922e-10	0.140934
8.06968e-10	0.1413
8.07015e-10	0.141666
8.07061e-10	0.142032
8.07107e-10	0.142399
8.07154e-10	0.142765
8.072e-10	0.143131
8.07247e-10	0.143498
8.07293e-10	0.143865
8.07339e-10	0.144231
8.07386e-10	0.144598
8.07432e-10	0.144965
8.07479e-10	0.145331
8.07525e-10	0.145698
8.07572e-10	0.146065
8.07618e-10	0.146432
8.07664e-10	0.146799
8.07711e-10	0.147166
8.07757e-10	0.147534
8.07804e-10	0.147901
8.0785e-10	0.148268
8.07896e-10	0.148636
8.07943e-10	0.149003
8.07989e-10	0.149371
8.08036e-10	0.149738
8.08082e-10	0.150106
8.08129e-10	0.150473
8.08175e-10	0.150841
8.08221e-10	0.151209
8.08268e-10	0.151577
8.08314e-10	0.151945
8.08361e-10	0.152313
8.08407e-10	0.152681
8.08454e-10	0.153049
8.085e-10	0.153417
8.08546e-10	0.153785
8.08593e-10	0.154154
8.08639e-10	0.154522
8.08686e-10	0.15489
8.08732e-10	0.155259
8.08778e-10	0.155627
8.08825e-10	0.155996
8.08871e-10	0.156365
8.08918e-10	0.156733
8.08964e-10	0.157102
8.09011e-10	0.157471
8.09057e-10	0.15784
8.09103e-10	0.158209
8.0915e-10	0.158578
8.09196e-10	0.158947
8.09243e-10	0.159316
8.09289e-10	0.159685
8.09335e-10	0.160054
8.09382e-10	0.160424
8.09428e-10	0.160793
8.09475e-10	0.161162
8.09521e-10	0.161532
8.09568e-10	0.161901
8.09614e-10	0.162271
8.0966e-10	0.162641
8.09707e-10	0.16301
8.09753e-10	0.16338
8.098e-10	0.16375
8.09846e-10	0.16412
8.09892e-10	0.16449
8.09939e-10	0.16486
8.09985e-10	0.16523
8.10032e-10	0.1656
8.10078e-10	0.16597
8.10125e-10	0.16634
8.10171e-10	0.16671
8.10217e-10	0.167081
8.10264e-10	0.167451
8.1031e-10	0.167822
8.10357e-10	0.168192
8.10403e-10	0.168563
8.10449e-10	0.168933
8.10496e-10	0.169304
8.10542e-10	0.169675
8.10589e-10	0.170045
8.10635e-10	0.170416
8.10682e-10	0.170787
8.10728e-10	0.171158
8.10774e-10	0.171529
8.10821e-10	0.1719
8.10867e-10	0.172271
8.10914e-10	0.172642
8.1096e-10	0.173013
8.11006e-10	0.173385
8.11053e-10	0.173756
8.11099e-10	0.174127
8.11146e-10	0.174499
8.11192e-10	0.17487
8.11239e-10	0.175242
8.11285e-10	0.175613
8.11331e-10	0.175985
8.11378e-10	0.176357
8.11424e-10	0.176729
8.11471e-10	0.1771
8.11517e-10	0.177472
8.11563e-10	0.177844
8.1161e-10	0.178216
8.11656e-10	0.178588
8.11703e-10	0.17896
8.11749e-10	0.179332
8.11796e-10	0.179704
8.11842e-10	0.180077
8.11888e-10	0.180449
8.11935e-10	0.180821
8.11981e-10	0.181194
8.12028e-10	0.181566
8.12074e-10	0.181939
8.1212e-10	0.182311
8.12167e-10	0.182684
8.12213e-10	0.183056
8.1226e-10	0.183429
8.12306e-10	0.183802
8.12353e-10	0.184175
8.12399e-10	0.184547
8.12445e-10	0.18492
8.12492e-10	0.185293
8.12538e-10	0.185666
8.12585e-10	0.186039
8.12631e-10	0.186412
8.12677e-10	0.186786
8.12724e-10	0.187159
8.1277e-10	0.187532
8.12817e-10	0.187905
8.12863e-10	0.188279
8.1291e-10	0.188652
8.12956e-10	0.189026
8.13002e-10	0.189399
8.13049e-10	0.189773
8.13095e-10	0.190146
8.13142e-10	0.19052
8.13188e-10	0.190894
8.13235e-10	0.191267
8.13281e-10	0.191641
8.13327e-10	0.192015
8.13374e-10	0.192389
8.1342e-10	0.192763
8.13467e-10	0.193137
8.13513e-10	0.193511
8.13559e-10	0.193885
8.13606e-10	0.194259
8.13652e-10	0.194633
8.13699e-10	0.195007
8.13745e-10	0.195382
8.13792e-10	0.195756
8.13838e-10	0.19613
8.13884e-10	0.196505
8.13931e-10	0.196879
8.13977e-10	0.197254
8.14024e-10	0.197628
8.1407e-10	0.198003
8.14116e-10	0.198378
8.14163e-10	0.198752
8.14209e-10	0.199127
8.14256e-10	0.199502
8.14302e-10	0.199877
8.14349e-10	0.200252
8.14395e-10	0.200627
8.14441e-10	0.201002
8.14488e-10	0.201377
8.14534e-10	0.201752
8.14581e-10	0.202127
8.14627e-10	0.202502
8.14673e-10	0.202877
8.1472e-10	0.203253
8.14766e-10	0.203628
8.14813e-10	0.204003
8.14859e-10	0.204379
8.14906e-10	0.204754
8.14952e-10	0.20513
8.14998e-10	0.205505
8.15045e-10	0.205881
8.15091e-10	0.206256
8.15138e-10	0.206632
8.15184e-10	0.207008
8.1523e-10	0.207383
8.15277e-10	0.207759
8.15323e-10	0.208135
8.1537e-10	0.208511
8.15416e-10	0.208887
8.15463e-10	0.209263
8.15509e-10	0.209639
8.15555e-10	0.210015
8.15602e-10	0.210391
8.15648e-10	0.210767
8.15695e-10	0.211143
8.15741e-10	0.21152
8.15787e-10	0.211896
8.15834e-10	0.212272
8.1588e-10	0.212649
8.15927e-10	0.213025
8.15973e-10	0.213402
8.1602e-10	0.213778
8.16066e-10	0.214155
8.16112e-10	0.214531
8.16159e-10	0.214908
8.16205e-10	0.215284
8.16252e-10	0.215661
8.16298e-10	0.216038
8.16344e-10	0.216415
8.16391e-10	0.216792
8.16437e-10	0.217168
8.16484e-10	0.217545
8.1653e-10	0.217922
8.16577e-10	0.218299
8.16623e-10	0.218676
8.16669e-10	0.219053
8.16716e-10	0.219431
8.16762e-10	0.219808
8.16809e-10	0.220185
8.16855e-10	0.220562
8.16901e-10	0.220939
8.16948e-10	0.221317
8.16994e-10	0.221694
8.17041e-10	0.222072
8.17087e-10	0.222449
8.17134e-10	0.222826
8.1718e-10	0.223204
8.17226e-10	0.223582
8.17273e-10	0.223959
8.17319e-10	0.224337
8.17366e-10	0.224714
8.17412e-10	0.225092
8.17458e-10	0.22547
8.17505e-10	0.225848
8.17551e-10	0.226226
8.17598e-10	0.226603
8.17644e-10	0.226981
8.17691e-10	0.227359
8.17737e-10	0.227737
8.17783e-10	0.228115
8.1783e-10	0.228493
8.17876e-10	0.228872
8.17923e-10	0.22925
8.17969e-10	0.229628
8.18016e-10	0.230006
8.18062e-10	0.230384
8.18108e-10	0.230763
8.18155e-10	0.231141
8.18201e-10	0.231519
8.18248e-10	0.231898
8.18294e-10	0.232276
8.1834e-10	0.232655
8.18387e-10	0.233033
8.18433e-10	0.233412
8.1848e-10	0.23379
8.18526e-10	0.234169
8.18573e-10	0.234548
8.18619e-10	0.234926
8.18665e-10	0.235305
8.18712e-10	0.235684
8.18758e-10	0.236063
8.18805e-10	0.236441
8.18851e-10	0.23682
8.18897e-10	0.237199
8.18944e-10	0.237578
8.1899e-10	0.237957
8.19037e-10	0.238336
8.19083e-10	0.238715
8.1913e-10	0.239094
8.19176e-10	0.239473
8.19222e-10	0.239853
8.19269e-10	0.240232
8.19315e-10	0.240611
8.19362e-10	0.24099
8.19408e-10	0.241369
8.19454e-10	0.241749
8.19501e-10	0.242128
8.19547e-10	0.242508
8.19594e-10	0.242887
8.1964e-10	0.243266
8.19687e-10	0.243646
8.19733e-10	0.244025
8.19779e-10	0.244405
8.19826e-10	0.244785
8.19872e-10	0.245164
8.19919e-10	0.245544
8.19965e-10	0.245924
8.20011e-10	0.246303
8.20058e-10	0.246683
8.20104e-10	0.247063
8.20151e-10	0.247443
8.20197e-10	0.247823
8.20244e-10	0.248202
8.2029e-10	0.248582
8.20336e-10	0.248962
8.20383e-10	0.249342
8.20429e-10	0.249722
8.20476e-10	0.250102
8.20522e-10	0.250482
8.20568e-10	0.250863
8.20615e-10	0.251243
8.20661e-10	0.251623
8.20708e-10	0.252003
8.20754e-10	0.252383
8.20801e-10	0.252764
8.20847e-10	0.253144
8.20893e-10	0.253524
8.2094e-10	0.253904
8.20986e-10	0.254285
8.21033e-10	0.254665
8.21079e-10	0.255046
8.21125e-10	0.255426
8.21172e-10	0.255807
8.21218e-10	0.256187
8.21265e-10	0.256568
8.21311e-10	0.256948
8.21358e-10	0.257329
8.21404e-10	0.25771
8.2145e-10	0.25809
8.21497e-10	0.258471
8.21543e-10	0.258852
8.2159e-10	0.259233
8.21636e-10	0.259613
8.21682e-10	0.259994
8.21729e-10	0.260375
8.21775e-10	0.260756
8.21822e-10	0.261137
8.21868e-10	0.261518
8.21915e-10	0.261899
8.21961e-10	0.26228
8.22007e-10	0.262661
8.22054e-10	0.263042
8.221e-10	0.263423
8.22147e-10	0.263804
8.22193e-10	0.264185
8.22239e-10	0.264566
8.22286e-10	0.264947
8.22332e-10	0.265329
8.22379e-10	0.26571
8.22425e-10	0.266091
8.22472e-10	0.266472
8.22518e-10	0.266854
8.22564e-10	0.267235
8.22611e-10	0.267616
8.22657e-10	0.267998
8.22704e-10	0.268379
8.2275e-10	0.268761
8.22797e-10	0.269142
8.22843e-10	0.269524
8.22889e-10	0.269905
8.22936e-10	0.270287
8.22982e-10	0.270668
8.23029e-10	0.27105
8.23075e-10	0.271431
8.23121e-10	0.271813
8.23168e-10	0.272195
8.23214e-10	0.272576
8.23261e-10	0.272958
8.23307e-10	0.27334
8.23354e-10	0.273722
8.234e-10	0.274103
8.23446e-10	0.274485
8.23493e-10	0.274867
8.23539e-10	0.275249
8.23586e-10	0.275631
8.23632e-10	0.276013
8.23678e-10	0.276395
8.23725e-10	0.276777
8.23771e-10	0.277159
8.23818e-10	0.277541
8.23864e-10	0.277923
8.23911e-10	0.278305
8.23957e-10	0.278687
8.24003e-10	0.279069
8.2405e-10	0.279451
8.24096e-10	0.279833
8.24143e-10	0.280215
8.24189e-10	0.280597
8.24235e-10	0.28098
8.24282e-10	0.281362
8.24328e-10	0.281744
8.24375e-10	0.282126
8.24421e-10	0.282509
8.24468e-10	0.282891
8.24514e-10	0.283273
8.2456e-10	0.283656
8.24607e-10	0.284038
8.24653e-10	0.28442
8.247e-10	0.284803
8.24746e-10	0.285185
8.24792e-10	0.285568
8.24839e-10	0.28595
8.24885e-10	0.286333
8.24932e-10	0.286715
8.24978e-10	0.287098
8.25025e-10	0.28748
8.25071e-10	0.287863
8.25117e-10	0.288245
8.25164e-10	0.288628
8.2521e-10	0.289011
8.25257e-10	0.289393
8.25303e-10	0.289776
8.25349e-10	0.290159
8.25396e-10	0.290541
8.25442e-10	0.290924
8.25489e-10	0.291307
8.25535e-10	0.29169
8.25582e-10	0.292072
8.25628e-10	0.292455
8.25674e-10	0.292838
8.25721e-10	0.293221
8.25767e-10	0.293604
8.25814e-10	0.293987
8.2586e-10	0.29437
8.25906e-10	0.294752
8.25953e-10	0.295135
8.25999e-10	0.295518
8.26046e-10	0.295901
8.26092e-10	0.296284
8.26139e-10	0.296667
8.26185e-10	0.29705
8.26231e-10	0.297433
8.26278e-10	0.297816
8.26324e-10	0.298199
8.26371e-10	0.298583
8.26417e-10	0.298966
8.26463e-10	0.299349
8.2651e-10	0.299732
8.26556e-10	0.300115
8.26603e-10	0.300498
8.26649e-10	0.300881
8.26696e-10	0.301265
8.26742e-10	0.301648
8.26788e-10	0.302031
8.26835e-10	0.302414
8.26881e-10	0.302797
8.26928e-10	0.303181
8.26974e-10	0.303564
8.2702e-10	0.303947
8.27067e-10	0.304331
8.27113e-10	0.304714
8.2716e-10	0.305097
8.27206e-10	0.305481
8.27253e-10	0.305864
8.27299e-10	0.306247
8.27345e-10	0.306631
8.27392e-10	0.307014
8.27438e-10	0.307398
8.27485e-10	0.307781
8.27531e-10	0.308165
8.27578e-10	0.308548
8.27624e-10	0.308931
8.2767e-10	0.309315
8.27717e-10	0.309698
8.27763e-10	0.310082
8.2781e-10	0.310465
8.27856e-10	0.310849
8.27902e-10	0.311233
8.27949e-10	0.311616
8.27995e-10	0.312
8.28042e-10	0.312383
8.28088e-10	0.312767
8.28135e-10	0.313151
8.28181e-10	0.313534
8.28227e-10	0.313918
8.28274e-10	0.314301
8.2832e-10	0.314685
8.28367e-10	0.315069
8.28413e-10	0.315452
8.28459e-10	0.315836
8.28506e-10	0.31622
8.28552e-10	0.316604
8.28599e-10	0.316987
8.28645e-10	0.317371
8.28692e-10	0.317755
8.28738e-10	0.318139
8.28784e-10	0.318522
8.28831e-10	0.318906
8.28877e-10	0.31929
8.28924e-10	0.319674
8.2897e-10	0.320057
8.29016e-10	0.320441
8.29063e-10	0.320825
8.29109e-10	0.321209
8.29156e-10	0.321593
8.29202e-10	0.321977
8.29249e-10	0.32236
8.29295e-10	0.322744
8.29341e-10	0.323128
8.29388e-10	0.323512
8.29434e-10	0.323896
8.29481e-10	0.32428
8.29527e-10	0.324664
8.29573e-10	0.325048
8.2962e-10	0.325432
8.29666e-10	0.325816
8.29713e-10	0.3262
8.29759e-10	0.326583
8.29806e-10	0.326967
8.29852e-10	0.327351
8.29898e-10	0.327735
8.29945e-10	0.328119
8.29991e-10	0.328503
8.30038e-10	0.328887
8.30084e-10	0.329271
8.3013e-10	0.329655
8.30177e-10	0.330039
8.30223e-10	0.330423
8.3027e-10	0.330807
8.30316e-10	0.331191
8.30363e-10	0.331575
8.30409e-10	0.331959
8.30455e-10	0.332344
8.30502e-10	0.332728
8.30548e-10	0.333112
8.30595e-10	0.333496
8.30641e-10	0.33388
8.30687e-10	0.334264
8.30734e-10	0.334648
8.3078e-10	0.335032
8.30827e-10	0.335416
8.30873e-10	0.3358
8.3092e-10	0.336184
8.30966e-10	0.336568
8.31012e-10	0.336952
8.31059e-10	0.337337
8.31105e-10	0.337721
8.31152e-10	0.338105
8.31198e-10	0.338489
8.31244e-10	0.338873
8.31291e-10	0.339257
8.31337e-10	0.339641
8.31384e-10	0.340025
8.3143e-10	0.34041
8.31477e-10	0.340794
8.31523e-10	0.341178
8.31569e-10	0.341562
8.31616e-10	0.341946
8.31662e-10	0.34233
8.31709e-10	0.342714
8.31755e-10	0.343099
8.31801e-10	0.343483
8.31848e-10	0.343867
8.31894e-10	0.344251
8.31941e-10	0.344635
8.31987e-10	0.345019
8.32034e-10	0.345404
8.3208e-10	0.345788
8.32126e-10	0.346172
8.32173e-10	0.346556
8.32219e-10	0.34694
8.32266e-10	0.347324
8.32312e-10	0.347709
8.32359e-10	0.348093
8.32405e-10	0.348477
8.32451e-10	0.348861
8.32498e-10	0.349245
8.32544e-10	0.349629
8.32591e-10	0.350014
8.32637e-10	0.350398
8.32683e-10	0.350782
8.3273e-10	0.351166
8.32776e-10	0.35155
8.32823e-10	0.351934
8.32869e-10	0.352319
8.32916e-10	0.352703
8.32962e-10	0.353087
8.33008e-10	0.353471
8.33055e-10	0.353855
8.33101e-10	0.354239
8.33148e-10	0.354624
8.33194e-10	0.355008
8.3324e-10	0.355392
8.33287e-10	0.355776
8.33333e-10	0.35616
8.3338e-10	0.356544
8.33426e-10	0.356929
8.33473e-10	0.357313
8.33519e-10	0.357697
8.33565e-10	0.358081
8.33612e-10	0.358465
8.33658e-10	0.358849
8.33705e-10	0.359233
8.33751e-10	0.359618
8.33797e-10	0.360002
8.33844e-10	0.360386
8.3389e-10	0.36077
8.33937e-10	0.361154
8.33983e-10	0.361538
8.3403e-10	0.361922
8.34076e-10	0.362306
8.34122e-10	0.362691
8.34169e-10	0.363075
8.34215e-10	0.363459
8.34262e-10	0.363843
8.34308e-10	0.364227
8.34354e-10	0.364611
8.34401e-10	0.364995
8.34447e-10	0.365379
8.34494e-10	0.365763
8.3454e-10	0.366147
8.34587e-10	0.366531
8.34633e-10	0.366915
8.34679e-10	0.367299
8.34726e-10	0.367683
8.34772e-10	0.368067
8.34819e-10	0.368452
8.34865e-10	0.368836
8.34911e-10	0.36922
8.34958e-10	0.369604
8.35004e-10	0.369988
8.35051e-10	0.370372
8.35097e-10	0.370756
8.35144e-10	0.371139
8.3519e-10	0.371523
8.35236e-10	0.371907
8.35283e-10	0.372291
8.35329e-10	0.372675
8.35376e-10	0.373059
8.35422e-10	0.373443
8.35468e-10	0.373827
8.35515e-10	0.374211
8.35561e-10	0.374595
8.35608e-10	0.374979
8.35654e-10	0.375363
8.35701e-10	0.375747
8.35747e-10	0.376131
8.35793e-10	0.376514
8.3584e-10	0.376898
8.35886e-10	0.377282
8.35933e-10	0.377666
8.35979e-10	0.37805
8.36025e-10	0.378434
8.36072e-10	0.378817
8.36118e-10	0.379201
8.36165e-10	0.379585
8.36211e-10	0.379969
8.36258e-10	0.380353
8.36304e-10	0.380736
8.3635e-10	0.38112
8.36397e-10	0.381504
8.36443e-10	0.381888
8.3649e-10	0.382271
8.36536e-10	0.382655
8.36583e-10	0.383039
8.36629e-10	0.383422
8.36675e-10	0.383806
8.36722e-10	0.38419
8.36768e-10	0.384574
8.36815e-10	0.384957
8.36861e-10	0.385341
8.36907e-10	0.385724
8.36954e-10	0.386108
8.37e-10	0.386492
8.37047e-10	0.386875
8.37093e-10	0.387259
8.3714e-10	0.387642
8.37186e-10	0.388026
8.37232e-10	0.388409
8.37279e-10	0.388793
8.37325e-10	0.389177
8.37372e-10	0.38956
8.37418e-10	0.389944
8.37464e-10	0.390327
8.37511e-10	0.39071
8.37557e-10	0.391094
8.37604e-10	0.391477
8.3765e-10	0.391861
8.37697e-10	0.392244
8.37743e-10	0.392628
8.37789e-10	0.393011
8.37836e-10	0.393394
8.37882e-10	0.393778
8.37929e-10	0.394161
8.37975e-10	0.394544
8.38021e-10	0.394928
8.38068e-10	0.395311
8.38114e-10	0.395694
8.38161e-10	0.396077
8.38207e-10	0.396461
8.38254e-10	0.396844
8.383e-10	0.397227
8.38346e-10	0.39761
8.38393e-10	0.397994
8.38439e-10	0.398377
8.38486e-10	0.39876
8.38532e-10	0.399143
8.38578e-10	0.399526
8.38625e-10	0.399909
8.38671e-10	0.400292
8.38718e-10	0.400675
8.38764e-10	0.401058
8.38811e-10	0.401442
8.38857e-10	0.401825
8.38903e-10	0.402208
8.3895e-10	0.402591
8.38996e-10	0.402974
8.39043e-10	0.403356
8.39089e-10	0.403739
8.39135e-10	0.404122
8.39182e-10	0.404505
8.39228e-10	0.404888
8.39275e-10	0.405271
8.39321e-10	0.405654
8.39368e-10	0.406037
8.39414e-10	0.406419
8.3946e-10	0.406802
8.39507e-10	0.407185
8.39553e-10	0.407568
8.396e-10	0.407951
8.39646e-10	0.408333
8.39692e-10	0.408716
8.39739e-10	0.409099
8.39785e-10	0.409481
8.39832e-10	0.409864
8.39878e-10	0.410247
8.39925e-10	0.410629
8.39971e-10	0.411012
8.40017e-10	0.411394
8.40064e-10	0.411777
8.4011e-10	0.412159
8.40157e-10	0.412542
8.40203e-10	0.412924
8.40249e-10	0.413307
8.40296e-10	0.413689
8.40342e-10	0.414072
8.40389e-10	0.414454
8.40435e-10	0.414836
8.40482e-10	0.415219
8.40528e-10	0.415601
8.40574e-10	0.415983
8.40621e-10	0.416366
8.40667e-10	0.416748
8.40714e-10	0.41713
8.4076e-10	0.417512
8.40806e-10	0.417895
8.40853e-10	0.418277
8.40899e-10	0.418659
8.40946e-10	0.419041
8.40992e-10	0.419423
8.41039e-10	0.419805
8.41085e-10	0.420187
8.41131e-10	0.420569
8.41178e-10	0.420951
8.41224e-10	0.421333
8.41271e-10	0.421715
8.41317e-10	0.422097
8.41364e-10	0.422479
8.4141e-10	0.422861
8.41456e-10	0.423243
8.41503e-10	0.423625
8.41549e-10	0.424007
8.41596e-10	0.424388
8.41642e-10	0.42477
8.41688e-10	0.425152
8.41735e-10	0.425534
8.41781e-10	0.425915
8.41828e-10	0.426297
8.41874e-10	0.426679
8.41921e-10	0.42706
8.41967e-10	0.427442
8.42013e-10	0.427824
8.4206e-10	0.428205
8.42106e-10	0.428587
8.42153e-10	0.428968
8.42199e-10	0.42935
8.42245e-10	0.429731
8.42292e-10	0.430112
8.42338e-10	0.430494
8.42385e-10	0.430875
8.42431e-10	0.431257
8.42478e-10	0.431638
8.42524e-10	0.432019
8.4257e-10	0.4324
8.42617e-10	0.432782
8.42663e-10	0.433163
8.4271e-10	0.433544
8.42756e-10	0.433925
8.42802e-10	0.434306
8.42849e-10	0.434687
8.42895e-10	0.435068
8.42942e-10	0.435449
8.42988e-10	0.43583
8.43035e-10	0.436211
8.43081e-10	0.436592
8.43127e-10	0.436973
8.43174e-10	0.437354
8.4322e-10	0.437735
8.43267e-10	0.438116
8.43313e-10	0.438497
8.43359e-10	0.438877
8.43406e-10	0.439258
8.43452e-10	0.439639
8.43499e-10	0.44002
8.43545e-10	0.4404
8.43592e-10	0.440781
8.43638e-10	0.441161
8.43684e-10	0.441542
8.43731e-10	0.441923
8.43777e-10	0.442303
8.43824e-10	0.442684
8.4387e-10	0.443064
8.43916e-10	0.443444
8.43963e-10	0.443825
8.44009e-10	0.444205
8.44056e-10	0.444586
8.44102e-10	0.444966
8.44149e-10	0.445346
8.44195e-10	0.445726
8.44241e-10	0.446106
8.44288e-10	0.446487
8.44334e-10	0.446867
8.44381e-10	0.447247
8.44427e-10	0.447627
8.44473e-10	0.448007
8.4452e-10	0.448387
8.44566e-10	0.448767
8.44613e-10	0.449147
8.44659e-10	0.449527
8.44706e-10	0.449907
8.44752e-10	0.450287
8.44798e-10	0.450666
8.44845e-10	0.451046
8.44891e-10	0.451426
8.44938e-10	0.451806
8.44984e-10	0.452185
8.4503e-10	0.452565
8.45077e-10	0.452944
8.45123e-10	0.453324
8.4517e-10	0.453704
8.45216e-10	0.454083
8.45263e-10	0.454463
8.45309e-10	0.454842
8.45355e-10	0.455221
8.45402e-10	0.455601
8.45448e-10	0.45598
8.45495e-10	0.456359
8.45541e-10	0.456739
8.45587e-10	0.457118
8.45634e-10	0.457497
8.4568e-10	0.457876
8.45727e-10	0.458255
8.45773e-10	0.458634
8.4582e-10	0.459013
8.45866e-10	0.459392
8.45912e-10	0.459771
8.45959e-10	0.46015
8.46005e-10	0.460529
8.46052e-10	0.460908
8.46098e-10	0.461287
8.46145e-10	0.461666
8.46191e-10	0.462044
8.46237e-10	0.462423
8.46284e-10	0.462802
8.4633e-10	0.46318
8.46377e-10	0.463559
8.46423e-10	0.463938
8.46469e-10	0.464316
8.46516e-10	0.464695
8.46562e-10	0.465073
8.46609e-10	0.465451
8.46655e-10	0.46583
8.46702e-10	0.466208
8.46748e-10	0.466587
8.46794e-10	0.466965
8.46841e-10	0.467343
8.46887e-10	0.467721
8.46934e-10	0.468099
8.4698e-10	0.468477
8.47026e-10	0.468855
8.47073e-10	0.469233
8.47119e-10	0.469611
8.47166e-10	0.469989
8.47212e-10	0.470367
8.47259e-10	0.470745
8.47305e-10	0.471123
8.47351e-10	0.471501
8.47398e-10	0.471878
8.47444e-10	0.472256
8.47491e-10	0.472634
8.47537e-10	0.473011
8.47583e-10	0.473389
8.4763e-10	0.473767
8.47676e-10	0.474144
8.47723e-10	0.474522
8.47769e-10	0.474899
8.47816e-10	0.475276
8.47862e-10	0.475654
8.47908e-10	0.476031
8.47955e-10	0.476408
8.48001e-10	0.476785
8.48048e-10	0.477163
8.48094e-10	0.47754
8.4814e-10	0.477917
8.48187e-10	0.478294
8.48233e-10	0.478671
8.4828e-10	0.479048
8.48326e-10	0.479425
8.48373e-10	0.479802
8.48419e-10	0.480178
8.48465e-10	0.480555
8.48512e-10	0.480932
8.48558e-10	0.481309
8.48605e-10	0.481685
8.48651e-10	0.482062
8.48697e-10	0.482438
8.48744e-10	0.482815
8.4879e-10	0.483191
8.48837e-10	0.483568
8.48883e-10	0.483944
8.4893e-10	0.48432
8.48976e-10	0.484697
8.49022e-10	0.485073
8.49069e-10	0.485449
8.49115e-10	0.485825
8.49162e-10	0.486201
8.49208e-10	0.486578
8.49254e-10	0.486954
8.49301e-10	0.48733
8.49347e-10	0.487705
8.49394e-10	0.488081
8.4944e-10	0.488457
8.49487e-10	0.488833
8.49533e-10	0.489209
8.49579e-10	0.489584
8.49626e-10	0.48996
8.49672e-10	0.490336
8.49719e-10	0.490711
8.49765e-10	0.491087
8.49811e-10	0.491462
8.49858e-10	0.491838
8.49904e-10	0.492213
8.49951e-10	0.492588
8.49997e-10	0.492964
8.50044e-10	0.493339
8.5009e-10	0.493714
8.50136e-10	0.494089
8.50183e-10	0.494464
8.50229e-10	0.494839
8.50276e-10	0.495214
8.50322e-10	0.495589
8.50368e-10	0.495964
8.50415e-10	0.496339
8.50461e-10	0.496714
8.50508e-10	0.497088
8.50554e-10	0.497463
8.50601e-10	0.497838
8.50647e-10	0.498212
8.50693e-10	0.498587
8.5074e-10	0.498961
8.50786e-10	0.499336
8.50833e-10	0.49971
8.50879e-10	0.500085
8.50926e-10	0.500459
8.50972e-10	0.500833
8.51018e-10	0.501207
8.51065e-10	0.501581
8.51111e-10	0.501956
8.51158e-10	0.50233
8.51204e-10	0.502704
8.5125e-10	0.503078
8.51297e-10	0.503451
8.51343e-10	0.503825
8.5139e-10	0.504199
8.51436e-10	0.504573
8.51483e-10	0.504946
8.51529e-10	0.50532
8.51575e-10	0.505694
8.51622e-10	0.506067
8.51668e-10	0.506441
8.51715e-10	0.506814
8.51761e-10	0.507187
8.51807e-10	0.507561
8.51854e-10	0.507934
8.519e-10	0.508307
8.51947e-10	0.50868
8.51993e-10	0.509054
8.5204e-10	0.509427
8.52086e-10	0.5098
8.52132e-10	0.510172
8.52179e-10	0.510545
8.52225e-10	0.510918
8.52272e-10	0.511291
8.52318e-10	0.511664
8.52364e-10	0.512036
8.52411e-10	0.512409
8.52457e-10	0.512782
8.52504e-10	0.513154
8.5255e-10	0.513527
8.52597e-10	0.513899
8.52643e-10	0.514271
8.52689e-10	0.514644
8.52736e-10	0.515016
8.52782e-10	0.515388
8.52829e-10	0.51576
8.52875e-10	0.516132
8.52921e-10	0.516504
8.52968e-10	0.516876
8.53014e-10	0.517248
8.53061e-10	0.51762
8.53107e-10	0.517992
8.53154e-10	0.518364
8.532e-10	0.518735
8.53246e-10	0.519107
8.53293e-10	0.519478
8.53339e-10	0.51985
8.53386e-10	0.520221
8.53432e-10	0.520593
8.53478e-10	0.520964
8.53525e-10	0.521335
8.53571e-10	0.521707
8.53618e-10	0.522078
8.53664e-10	0.522449
8.53711e-10	0.52282
8.53757e-10	0.523191
8.53803e-10	0.523562
8.5385e-10	0.523933
8.53896e-10	0.524304
8.53943e-10	0.524674
8.53989e-10	0.525045
8.54035e-10	0.525416
8.54082e-10	0.525786
8.54128e-10	0.526157
8.54175e-10	0.526527
8.54221e-10	0.526898
8.54268e-10	0.527268
8.54314e-10	0.527638
8.5436e-10	0.528009
8.54407e-10	0.528379
8.54453e-10	0.528749
8.545e-10	0.529119
8.54546e-10	0.529489
8.54592e-10	0.529859
8.54639e-10	0.530229
8.54685e-10	0.530598
8.54732e-10	0.530968
8.54778e-10	0.531338
8.54825e-10	0.531708
8.54871e-10	0.532077
8.54917e-10	0.532447
8.54964e-10	0.532816
8.5501e-10	0.533185
8.55057e-10	0.533555
8.55103e-10	0.533924
8.55149e-10	0.534293
8.55196e-10	0.534662
8.55242e-10	0.535031
8.55289e-10	0.5354
8.55335e-10	0.535769
8.55382e-10	0.536138
8.55428e-10	0.536507
8.55474e-10	0.536876
8.55521e-10	0.537244
8.55567e-10	0.537613
8.55614e-10	0.537982
8.5566e-10	0.53835
8.55707e-10	0.538719
8.55753e-10	0.539087
8.55799e-10	0.539455
8.55846e-10	0.539824
8.55892e-10	0.540192
8.55939e-10	0.54056
8.55985e-10	0.540928
8.56031e-10	0.541296
8.56078e-10	0.541664
8.56124e-10	0.542032
8.56171e-10	0.5424
8.56217e-10	0.542767
8.56264e-10	0.543135
8.5631e-10	0.543503
8.56356e-10	0.54387
8.56403e-10	0.544238
8.56449e-10	0.544605
8.56496e-10	0.544972
8.56542e-10	0.54534
8.56588e-10	0.545707
8.56635e-10	0.546074
8.56681e-10	0.546441
8.56728e-10	0.546808
8.56774e-10	0.547175
8.56821e-10	0.547542
8.56867e-10	0.547909
8.56913e-10	0.548276
8.5696e-10	0.548642
8.57006e-10	0.549009
8.57053e-10	0.549375
8.57099e-10	0.549742
8.57145e-10	0.550108
8.57192e-10	0.550475
8.57238e-10	0.550841
8.57285e-10	0.551207
8.57331e-10	0.551573
8.57378e-10	0.551939
8.57424e-10	0.552305
8.5747e-10	0.552671
8.57517e-10	0.553037
8.57563e-10	0.553403
8.5761e-10	0.553769
8.57656e-10	0.554134
8.57702e-10	0.5545
8.57749e-10	0.554865
8.57795e-10	0.555231
8.57842e-10	0.555596
8.57888e-10	0.555962
8.57935e-10	0.556327
8.57981e-10	0.556692
8.58027e-10	0.557057
8.58074e-10	0.557422
8.5812e-10	0.557787
8.58167e-10	0.558152
8.58213e-10	0.558517
8.58259e-10	0.558882
8.58306e-10	0.559246
8.58352e-10	0.559611
8.58399e-10	0.559976
8.58445e-10	0.56034
8.58492e-10	0.560704
8.58538e-10	0.561069
8.58584e-10	0.561433
8.58631e-10	0.561797
8.58677e-10	0.562161
8.58724e-10	0.562525
8.5877e-10	0.562889
8.58816e-10	0.563253
8.58863e-10	0.563617
8.58909e-10	0.563981
8.58956e-10	0.564345
8.59002e-10	0.564708
8.59049e-10	0.565072
8.59095e-10	0.565435
8.59141e-10	0.565799
8.59188e-10	0.566162
8.59234e-10	0.566525
8.59281e-10	0.566888
8.59327e-10	0.567252
8.59373e-10	0.567615
8.5942e-10	0.567977
8.59466e-10	0.56834
8.59513e-10	0.568703
8.59559e-10	0.569066
8.59606e-10	0.569429
8.59652e-10	0.569791
8.59698e-10	0.570154
8.59745e-10	0.570516
8.59791e-10	0.570879
8.59838e-10	0.571241
8.59884e-10	0.571603
8.59931e-10	0.571965
8.59977e-10	0.572327
8.60023e-10	0.572689
8.6007e-10	0.573051
8.60116e-10	0.573413
8.60163e-10	0.573775
8.60209e-10	0.574136
8.60255e-10	0.574498
8.60302e-10	0.57486
8.60348e-10	0.575221
8.60395e-10	0.575583
8.60441e-10	0.575944
8.60488e-10	0.576305
8.60534e-10	0.576666
8.6058e-10	0.577027
8.60627e-10	0.577388
8.60673e-10	0.577749
8.6072e-10	0.57811
8.60766e-10	0.578471
8.60812e-10	0.578831
8.60859e-10	0.579192
8.60905e-10	0.579553
8.60952e-10	0.579913
8.60998e-10	0.580274
8.61045e-10	0.580634
8.61091e-10	0.580994
8.61137e-10	0.581354
8.61184e-10	0.581714
8.6123e-10	0.582074
8.61277e-10	0.582434
8.61323e-10	0.582794
8.61369e-10	0.583154
8.61416e-10	0.583513
8.61462e-10	0.583873
8.61509e-10	0.584233
8.61555e-10	0.584592
8.61602e-10	0.584951
8.61648e-10	0.585311
8.61694e-10	0.58567
8.61741e-10	0.586029
8.61787e-10	0.586388
8.61834e-10	0.586747
8.6188e-10	0.587106
8.61926e-10	0.587465
8.61973e-10	0.587823
8.62019e-10	0.588182
8.62066e-10	0.588541
8.62112e-10	0.588899
8.62159e-10	0.589257
8.62205e-10	0.589616
8.62251e-10	0.589974
8.62298e-10	0.590332
8.62344e-10	0.59069
8.62391e-10	0.591048
8.62437e-10	0.591406
8.62483e-10	0.591764
8.6253e-10	0.592122
8.62576e-10	0.592479
8.62623e-10	0.592837
8.62669e-10	0.593194
8.62716e-10	0.593552
8.62762e-10	0.593909
8.62808e-10	0.594266
8.62855e-10	0.594624
8.62901e-10	0.594981
8.62948e-10	0.595338
8.62994e-10	0.595695
8.6304e-10	0.596051
8.63087e-10	0.596408
8.63133e-10	0.596765
8.6318e-10	0.597121
8.63226e-10	0.597478
8.63273e-10	0.597834
8.63319e-10	0.598191
8.63365e-10	0.598547
8.63412e-10	0.598903
8.63458e-10	0.599259
8.63505e-10	0.599615
8.63551e-10	0.599971
8.63597e-10	0.600327
8.63644e-10	0.600683
8.6369e-10	0.601038
8.63737e-10	0.601394
8.63783e-10	0.601749
8.6383e-10	0.602105
8.63876e-10	0.60246
8.63922e-10	0.602815
8.63969e-10	0.60317
8.64015e-10	0.603525
8.64062e-10	0.60388
8.64108e-10	0.604235
8.64154e-10	0.60459
8.64201e-10	0.604945
8.64247e-10	0.605299
8.64294e-10	0.605654
8.6434e-10	0.606008
8.64387e-10	0.606363
8.64433e-10	0.606717
8.64479e-10	0.607071
8.64526e-10	0.607425
8.64572e-10	0.607779
8.64619e-10	0.608133
8.64665e-10	0.608487
8.64712e-10	0.608841
8.64758e-10	0.609194
8.64804e-10	0.609548
8.64851e-10	0.609901
8.64897e-10	0.610255
8.64944e-10	0.610608
8.6499e-10	0.610961
8.65036e-10	0.611314
8.65083e-10	0.611668
8.65129e-10	0.61202
8.65176e-10	0.612373
8.65222e-10	0.612726
8.65269e-10	0.613079
8.65315e-10	0.613431
8.65361e-10	0.613784
8.65408e-10	0.614136
8.65454e-10	0.614489
8.65501e-10	0.614841
8.65547e-10	0.615193
8.65593e-10	0.615545
8.6564e-10	0.615897
8.65686e-10	0.616249
8.65733e-10	0.616601
8.65779e-10	0.616952
8.65826e-10	0.617304
8.65872e-10	0.617655
8.65918e-10	0.618007
8.65965e-10	0.618358
8.66011e-10	0.618709
8.66058e-10	0.619061
8.66104e-10	0.619412
8.6615e-10	0.619762
8.66197e-10	0.620113
8.66243e-10	0.620464
8.6629e-10	0.620815
8.66336e-10	0.621165
8.66383e-10	0.621516
8.66429e-10	0.621866
8.66475e-10	0.622217
8.66522e-10	0.622567
8.66568e-10	0.622917
8.66615e-10	0.623267
8.66661e-10	0.623617
8.66707e-10	0.623967
8.66754e-10	0.624317
8.668e-10	0.624666
8.66847e-10	0.625016
8.66893e-10	0.625365
8.6694e-10	0.625715
8.66986e-10	0.626064
8.67032e-10	0.626413
8.67079e-10	0.626762
8.67125e-10	0.627111
8.67172e-10	0.62746
8.67218e-10	0.627809
8.67264e-10	0.628158
8.67311e-10	0.628506
8.67357e-10	0.628855
8.67404e-10	0.629203
8.6745e-10	0.629551
8.67497e-10	0.6299
8.67543e-10	0.630248
8.67589e-10	0.630596
8.67636e-10	0.630944
8.67682e-10	0.631292
8.67729e-10	0.631639
8.67775e-10	0.631987
8.67821e-10	0.632335
8.67868e-10	0.632682
8.67914e-10	0.63303
8.67961e-10	0.633377
8.68007e-10	0.633724
8.68054e-10	0.634071
8.681e-10	0.634418
8.68146e-10	0.634765
8.68193e-10	0.635112
8.68239e-10	0.635458
8.68286e-10	0.635805
8.68332e-10	0.636151
8.68378e-10	0.636498
8.68425e-10	0.636844
8.68471e-10	0.63719
8.68518e-10	0.637536
8.68564e-10	0.637882
8.68611e-10	0.638228
8.68657e-10	0.638574
8.68703e-10	0.63892
8.6875e-10	0.639266
8.68796e-10	0.639611
8.68843e-10	0.639956
8.68889e-10	0.640302
8.68935e-10	0.640647
8.68982e-10	0.640992
8.69028e-10	0.641337
8.69075e-10	0.641682
8.69121e-10	0.642027
8.69168e-10	0.642372
8.69214e-10	0.642716
8.6926e-10	0.643061
8.69307e-10	0.643405
8.69353e-10	0.643749
8.694e-10	0.644094
8.69446e-10	0.644438
8.69493e-10	0.644782
8.69539e-10	0.645126
8.69585e-10	0.64547
8.69632e-10	0.645813
8.69678e-10	0.646157
8.69725e-10	0.6465
8.69771e-10	0.646844
8.69817e-10	0.647187
8.69864e-10	0.64753
8.6991e-10	0.647873
8.69957e-10	0.648216
8.70003e-10	0.648559
8.7005e-10	0.648902
8.70096e-10	0.649245
8.70142e-10	0.649587
8.70189e-10	0.64993
8.70235e-10	0.650272
8.70282e-10	0.650615
8.70328e-10	0.650957
8.70374e-10	0.651299
8.70421e-10	0.651641
8.70467e-10	0.651983
8.70514e-10	0.652324
8.7056e-10	0.652666
8.70607e-10	0.653008
8.70653e-10	0.653349
8.70699e-10	0.65369
8.70746e-10	0.654032
8.70792e-10	0.654373
8.70839e-10	0.654714
8.70885e-10	0.655055
8.70931e-10	0.655396
8.70978e-10	0.655736
8.71024e-10	0.656077
8.71071e-10	0.656417
8.71117e-10	0.656758
8.71164e-10	0.657098
8.7121e-10	0.657438
8.71256e-10	0.657778
8.71303e-10	0.658118
8.71349e-10	0.658458
8.71396e-10	0.658798
8.71442e-10	0.659138
8.71488e-10	0.659477
8.71535e-10	0.659817
8.71581e-10	0.660156
8.71628e-10	0.660495
8.71674e-10	0.660834
8.71721e-10	0.661174
8.71767e-10	0.661512
8.71813e-10	0.661851
8.7186e-10	0.66219
8.71906e-10	0.662529
8.71953e-10	0.662867
8.71999e-10	0.663205
8.72045e-10	0.663544
8.72092e-10	0.663882
8.72138e-10	0.66422
8.72185e-10	0.664558
8.72231e-10	0.664896
8.72278e-10	0.665234
8.72324e-10	0.665571
8.7237e-10	0.665909
8.72417e-10	0.666246
8.72463e-10	0.666583
8.7251e-10	0.666921
8.72556e-10	0.667258
8.72602e-10	0.667595
8.72649e-10	0.667932
8.72695e-10	0.668268
8.72742e-10	0.668605
8.72788e-10	0.668941
8.72835e-10	0.669278
8.72881e-10	0.669614
8.72927e-10	0.66995
8.72974e-10	0.670287
8.7302e-10	0.670623
8.73067e-10	0.670958
8.73113e-10	0.671294
8.73159e-10	0.67163
8.73206e-10	0.671965
8.73252e-10	0.672301
8.73299e-10	0.672636
8.73345e-10	0.672971
8.73392e-10	0.673307
8.73438e-10	0.673642
8.73484e-10	0.673976
8.73531e-10	0.674311
8.73577e-10	0.674646
8.73624e-10	0.67498
8.7367e-10	0.675315
8.73716e-10	0.675649
8.73763e-10	0.675983
8.73809e-10	0.676318
8.73856e-10	0.676652
8.73902e-10	0.676985
8.73949e-10	0.677319
8.73995e-10	0.677653
8.74041e-10	0.677986
8.74088e-10	0.67832
8.74134e-10	0.678653
8.74181e-10	0.678986
8.74227e-10	0.679319
8.74274e-10	0.679652
8.7432e-10	0.679985
8.74366e-10	0.680318
8.74413e-10	0.680651
8.74459e-10	0.680983
8.74506e-10	0.681316
8.74552e-10	0.681648
8.74598e-10	0.68198
8.74645e-10	0.682312
8.74691e-10	0.682644
8.74738e-10	0.682976
8.74784e-10	0.683308
8.74831e-10	0.683639
8.74877e-10	0.683971
8.74923e-10	0.684302
8.7497e-10	0.684633
8.75016e-10	0.684964
8.75063e-10	0.685296
8.75109e-10	0.685626
8.75155e-10	0.685957
8.75202e-10	0.686288
8.75248e-10	0.686619
8.75295e-10	0.686949
8.75341e-10	0.687279
8.75388e-10	0.687609
8.75434e-10	0.68794
8.7548e-10	0.68827
8.75527e-10	0.688599
8.75573e-10	0.688929
8.7562e-10	0.689259
8.75666e-10	0.689588
8.75712e-10	0.689918
8.75759e-10	0.690247
8.75805e-10	0.690576
8.75852e-10	0.690905
8.75898e-10	0.691234
8.75945e-10	0.691563
8.75991e-10	0.691892
8.76037e-10	0.69222
8.76084e-10	0.692549
8.7613e-10	0.692877
8.76177e-10	0.693205
8.76223e-10	0.693533
8.76269e-10	0.693861
8.76316e-10	0.694189
8.76362e-10	0.694517
8.76409e-10	0.694845
8.76455e-10	0.695172
8.76502e-10	0.6955
8.76548e-10	0.695827
8.76594e-10	0.696154
8.76641e-10	0.696481
8.76687e-10	0.696808
8.76734e-10	0.697135
8.7678e-10	0.697461
8.76826e-10	0.697788
8.76873e-10	0.698114
8.76919e-10	0.698441
8.76966e-10	0.698767
8.77012e-10	0.699093
8.77059e-10	0.699419
8.77105e-10	0.699745
8.77151e-10	0.700071
8.77198e-10	0.700396
8.77244e-10	0.700722
8.77291e-10	0.701047
8.77337e-10	0.701372
8.77383e-10	0.701697
8.7743e-10	0.702022
8.77476e-10	0.702347
8.77523e-10	0.702672
8.77569e-10	0.702996
8.77616e-10	0.703321
8.77662e-10	0.703645
8.77708e-10	0.70397
8.77755e-10	0.704294
8.77801e-10	0.704618
8.77848e-10	0.704942
8.77894e-10	0.705265
8.7794e-10	0.705589
8.77987e-10	0.705913
8.78033e-10	0.706236
8.7808e-10	0.706559
8.78126e-10	0.706882
8.78173e-10	0.707205
8.78219e-10	0.707528
8.78265e-10	0.707851
8.78312e-10	0.708174
8.78358e-10	0.708496
8.78405e-10	0.708819
8.78451e-10	0.709141
8.78497e-10	0.709463
8.78544e-10	0.709785
8.7859e-10	0.710107
8.78637e-10	0.710429
8.78683e-10	0.710751
8.7873e-10	0.711072
8.78776e-10	0.711393
8.78822e-10	0.711715
8.78869e-10	0.712036
8.78915e-10	0.712357
8.78962e-10	0.712678
8.79008e-10	0.712999
8.79055e-10	0.713319
8.79101e-10	0.71364
8.79147e-10	0.71396
8.79194e-10	0.71428
8.7924e-10	0.714601
8.79287e-10	0.714921
8.79333e-10	0.715241
8.79379e-10	0.71556
8.79426e-10	0.71588
8.79472e-10	0.7162
8.79519e-10	0.716519
8.79565e-10	0.716838
8.79612e-10	0.717157
8.79658e-10	0.717476
8.79704e-10	0.717795
8.79751e-10	0.718114
8.79797e-10	0.718433
8.79844e-10	0.718751
8.7989e-10	0.71907
8.79936e-10	0.719388
8.79983e-10	0.719706
8.80029e-10	0.720024
8.80076e-10	0.720342
8.80122e-10	0.720659
8.80169e-10	0.720977
8.80215e-10	0.721295
8.80261e-10	0.721612
8.80308e-10	0.721929
8.80354e-10	0.722246
8.80401e-10	0.722563
8.80447e-10	0.72288
8.80493e-10	0.723197
8.8054e-10	0.723513
8.80586e-10	0.72383
8.80633e-10	0.724146
8.80679e-10	0.724462
8.80726e-10	0.724778
8.80772e-10	0.725094
8.80818e-10	0.72541
8.80865e-10	0.725726
8.80911e-10	0.726041
8.80958e-10	0.726357
8.81004e-10	0.726672
8.8105e-10	0.726987
8.81097e-10	0.727302
8.81143e-10	0.727617
8.8119e-10	0.727932
8.81236e-10	0.728246
8.81283e-10	0.728561
8.81329e-10	0.728875
8.81375e-10	0.72919
8.81422e-10	0.729504
8.81468e-10	0.729818
8.81515e-10	0.730131
8.81561e-10	0.730445
8.81607e-10	0.730759
8.81654e-10	0.731072
8.817e-10	0.731385
8.81747e-10	0.731699
8.81793e-10	0.732012
8.8184e-10	0.732325
8.81886e-10	0.732637
8.81932e-10	0.73295
8.81979e-10	0.733263
8.82025e-10	0.733575
8.82072e-10	0.733887
8.82118e-10	0.734199
8.82164e-10	0.734511
8.82211e-10	0.734823
8.82257e-10	0.735135
8.82304e-10	0.735446
8.8235e-10	0.735758
8.82397e-10	0.736069
8.82443e-10	0.73638
8.82489e-10	0.736691
8.82536e-10	0.737002
8.82582e-10	0.737313
8.82629e-10	0.737624
8.82675e-10	0.737934
8.82721e-10	0.738245
8.82768e-10	0.738555
8.82814e-10	0.738865
8.82861e-10	0.739175
8.82907e-10	0.739485
8.82954e-10	0.739794
8.83e-10	0.740104
8.83046e-10	0.740413
8.83093e-10	0.740723
8.83139e-10	0.741032
8.83186e-10	0.741341
8.83232e-10	0.74165
8.83279e-10	0.741958
8.83325e-10	0.742267
8.83371e-10	0.742576
8.83418e-10	0.742884
8.83464e-10	0.743192
8.83511e-10	0.7435
8.83557e-10	0.743808
8.83603e-10	0.744116
8.8365e-10	0.744423
8.83696e-10	0.744731
8.83743e-10	0.745038
8.83789e-10	0.745346
8.83836e-10	0.745653
8.83882e-10	0.74596
8.83928e-10	0.746266
8.83975e-10	0.746573
8.84021e-10	0.74688
8.84068e-10	0.747186
8.84114e-10	0.747492
8.8416e-10	0.747799
8.84207e-10	0.748105
8.84253e-10	0.74841
8.843e-10	0.748716
8.84346e-10	0.749022
8.84393e-10	0.749327
8.84439e-10	0.749632
8.84485e-10	0.749938
8.84532e-10	0.750243
8.84578e-10	0.750548
8.84625e-10	0.750852
8.84671e-10	0.751157
8.84717e-10	0.751461
8.84764e-10	0.751766
8.8481e-10	0.75207
8.84857e-10	0.752374
8.84903e-10	0.752678
8.8495e-10	0.752982
8.84996e-10	0.753285
8.85042e-10	0.753589
8.85089e-10	0.753892
8.85135e-10	0.754195
8.85182e-10	0.754498
8.85228e-10	0.754801
8.85274e-10	0.755104
8.85321e-10	0.755407
8.85367e-10	0.755709
8.85414e-10	0.756012
8.8546e-10	0.756314
8.85507e-10	0.756616
8.85553e-10	0.756918
8.85599e-10	0.75722
8.85646e-10	0.757521
8.85692e-10	0.757823
8.85739e-10	0.758124
8.85785e-10	0.758425
8.85831e-10	0.758726
8.85878e-10	0.759027
8.85924e-10	0.759328
8.85971e-10	0.759629
8.86017e-10	0.759929
8.86064e-10	0.76023
8.8611e-10	0.76053
8.86156e-10	0.76083
8.86203e-10	0.76113
8.86249e-10	0.76143
8.86296e-10	0.761729
8.86342e-10	0.762029
8.86388e-10	0.762328
8.86435e-10	0.762628
8.86481e-10	0.762927
8.86528e-10	0.763226
8.86574e-10	0.763524
8.86621e-10	0.763823
8.86667e-10	0.764121
8.86713e-10	0.76442
8.8676e-10	0.764718
8.86806e-10	0.765016
8.86853e-10	0.765314
8.86899e-10	0.765612
8.86945e-10	0.765909
8.86992e-10	0.766207
8.87038e-10	0.766504
8.87085e-10	0.766801
8.87131e-10	0.767099
8.87178e-10	0.767395
8.87224e-10	0.767692
8.8727e-10	0.767989
8.87317e-10	0.768285
8.87363e-10	0.768582
8.8741e-10	0.768878
8.87456e-10	0.769174
8.87502e-10	0.76947
8.87549e-10	0.769765
8.87595e-10	0.770061
8.87642e-10	0.770357
8.87688e-10	0.770652
8.87735e-10	0.770947
8.87781e-10	0.771242
8.87827e-10	0.771537
8.87874e-10	0.771832
8.8792e-10	0.772126
8.87967e-10	0.772421
8.88013e-10	0.772715
8.8806e-10	0.773009
8.88106e-10	0.773303
8.88152e-10	0.773597
8.88199e-10	0.77389
8.88245e-10	0.774184
8.88292e-10	0.774477
8.88338e-10	0.774771
8.88384e-10	0.775064
8.88431e-10	0.775357
8.88477e-10	0.775649
8.88524e-10	0.775942
8.8857e-10	0.776235
8.88617e-10	0.776527
8.88663e-10	0.776819
8.88709e-10	0.777111
8.88756e-10	0.777403
8.88802e-10	0.777695
8.88849e-10	0.777986
8.88895e-10	0.778278
8.88941e-10	0.778569
8.88988e-10	0.77886
8.89034e-10	0.779151
8.89081e-10	0.779442
8.89127e-10	0.779733
8.89174e-10	0.780023
8.8922e-10	0.780314
8.89266e-10	0.780604
8.89313e-10	0.780894
8.89359e-10	0.781184
8.89406e-10	0.781474
8.89452e-10	0.781763
8.89498e-10	0.782053
8.89545e-10	0.782342
8.89591e-10	0.782632
8.89638e-10	0.782921
8.89684e-10	0.78321
8.89731e-10	0.783498
8.89777e-10	0.783787
8.89823e-10	0.784075
8.8987e-10	0.784364
8.89916e-10	0.784652
8.89963e-10	0.78494
8.90009e-10	0.785227
8.90055e-10	0.785515
8.90102e-10	0.785803
8.90148e-10	0.78609
8.90195e-10	0.786377
8.90241e-10	0.786664
8.90288e-10	0.786951
8.90334e-10	0.787238
8.9038e-10	0.787525
8.90427e-10	0.787811
8.90473e-10	0.788097
8.9052e-10	0.788383
8.90566e-10	0.788669
8.90612e-10	0.788955
8.90659e-10	0.789241
8.90705e-10	0.789527
8.90752e-10	0.789812
8.90798e-10	0.790097
8.90845e-10	0.790382
8.90891e-10	0.790667
8.90937e-10	0.790952
8.90984e-10	0.791237
8.9103e-10	0.791521
8.91077e-10	0.791805
8.91123e-10	0.792089
8.91169e-10	0.792373
8.91216e-10	0.792657
8.91262e-10	0.792941
8.91309e-10	0.793224
8.91355e-10	0.793508
8.91402e-10	0.793791
8.91448e-10	0.794074
8.91494e-10	0.794357
8.91541e-10	0.79464
8.91587e-10	0.794922
8.91634e-10	0.795205
8.9168e-10	0.795487
8.91726e-10	0.795769
8.91773e-10	0.796051
8.91819e-10	0.796333
8.91866e-10	0.796615
8.91912e-10	0.796896
8.91959e-10	0.797177
8.92005e-10	0.797459
8.92051e-10	0.79774
8.92098e-10	0.798021
8.92144e-10	0.798301
8.92191e-10	0.798582
8.92237e-10	0.798862
8.92283e-10	0.799142
8.9233e-10	0.799423
8.92376e-10	0.799702
8.92423e-10	0.799982
8.92469e-10	0.800262
8.92516e-10	0.800541
8.92562e-10	0.800821
8.92608e-10	0.8011
8.92655e-10	0.801379
8.92701e-10	0.801658
8.92748e-10	0.801936
8.92794e-10	0.802215
8.92841e-10	0.802493
8.92887e-10	0.802771
8.92933e-10	0.803049
8.9298e-10	0.803327
8.93026e-10	0.803605
8.93073e-10	0.803882
8.93119e-10	0.80416
8.93165e-10	0.804437
8.93212e-10	0.804714
8.93258e-10	0.804991
8.93305e-10	0.805268
8.93351e-10	0.805544
8.93398e-10	0.805821
8.93444e-10	0.806097
8.9349e-10	0.806373
8.93537e-10	0.806649
8.93583e-10	0.806925
8.9363e-10	0.807201
8.93676e-10	0.807476
8.93722e-10	0.807751
8.93769e-10	0.808027
8.93815e-10	0.808302
8.93862e-10	0.808576
8.93908e-10	0.808851
8.93955e-10	0.809126
8.94001e-10	0.8094
8.94047e-10	0.809674
8.94094e-10	0.809948
8.9414e-10	0.810222
8.94187e-10	0.810496
8.94233e-10	0.810769
8.94279e-10	0.811043
8.94326e-10	0.811316
8.94372e-10	0.811589
8.94419e-10	0.811862
8.94465e-10	0.812135
8.94512e-10	0.812407
8.94558e-10	0.81268
8.94604e-10	0.812952
8.94651e-10	0.813224
8.94697e-10	0.813496
8.94744e-10	0.813768
8.9479e-10	0.814039
8.94836e-10	0.814311
8.94883e-10	0.814582
8.94929e-10	0.814853
8.94976e-10	0.815124
8.95022e-10	0.815395
8.95069e-10	0.815665
8.95115e-10	0.815936
8.95161e-10	0.816206
8.95208e-10	0.816476
8.95254e-10	0.816746
8.95301e-10	0.817016
8.95347e-10	0.817286
8.95393e-10	0.817555
8.9544e-10	0.817824
8.95486e-10	0.818094
8.95533e-10	0.818363
8.95579e-10	0.818631
8.95626e-10	0.8189
8.95672e-10	0.819168
8.95718e-10	0.819437
8.95765e-10	0.819705
8.95811e-10	0.819973
8.95858e-10	0.820241
8.95904e-10	0.820508
8.9595e-10	0.820776
8.95997e-10	0.821043
8.96043e-10	0.82131
8.9609e-10	0.821577
8.96136e-10	0.821844
8.96183e-10	0.822111
8.96229e-10	0.822377
8.96275e-10	0.822644
8.96322e-10	0.82291
8.96368e-10	0.823176
8.96415e-10	0.823442
8.96461e-10	0.823707
8.96507e-10	0.823973
8.96554e-10	0.824238
8.966e-10	0.824503
8.96647e-10	0.824768
8.96693e-10	0.825033
8.9674e-10	0.825298
8.96786e-10	0.825562
8.96832e-10	0.825827
8.96879e-10	0.826091
8.96925e-10	0.826355
8.96972e-10	0.826619
8.97018e-10	0.826882
8.97064e-10	0.827146
8.97111e-10	0.827409
8.97157e-10	0.827672
8.97204e-10	0.827935
8.9725e-10	0.828198
8.97297e-10	0.828461
8.97343e-10	0.828723
8.97389e-10	0.828986
8.97436e-10	0.829248
8.97482e-10	0.82951
8.97529e-10	0.829772
8.97575e-10	0.830033
8.97622e-10	0.830295
8.97668e-10	0.830556
8.97714e-10	0.830817
8.97761e-10	0.831078
8.97807e-10	0.831339
8.97854e-10	0.831599
8.979e-10	0.83186
8.97946e-10	0.83212
8.97993e-10	0.83238
8.98039e-10	0.83264
8.98086e-10	0.8329
8.98132e-10	0.83316
8.98179e-10	0.833419
8.98225e-10	0.833678
8.98271e-10	0.833937
8.98318e-10	0.834196
8.98364e-10	0.834455
8.98411e-10	0.834714
8.98457e-10	0.834972
8.98503e-10	0.83523
8.9855e-10	0.835488
8.98596e-10	0.835746
8.98643e-10	0.836004
8.98689e-10	0.836262
8.98736e-10	0.836519
8.98782e-10	0.836776
8.98828e-10	0.837033
8.98875e-10	0.83729
8.98921e-10	0.837547
8.98968e-10	0.837803
8.99014e-10	0.83806
8.9906e-10	0.838316
8.99107e-10	0.838572
8.99153e-10	0.838828
8.992e-10	0.839083
8.99246e-10	0.839339
8.99293e-10	0.839594
8.99339e-10	0.839849
8.99385e-10	0.840104
8.99432e-10	0.840359
8.99478e-10	0.840614
8.99525e-10	0.840868
8.99571e-10	0.841123
8.99617e-10	0.841377
8.99664e-10	0.841631
8.9971e-10	0.841884
8.99757e-10	0.842138
8.99803e-10	0.842391
8.9985e-10	0.842645
8.99896e-10	0.842898
8.99942e-10	0.843151
8.99989e-10	0.843403
9.00035e-10	0.843656
9.00082e-10	0.843908
9.00128e-10	0.84416
9.00174e-10	0.844413
9.00221e-10	0.844664
9.00267e-10	0.844916
9.00314e-10	0.845168
9.0036e-10	0.845419
9.00407e-10	0.84567
9.00453e-10	0.845921
9.00499e-10	0.846172
9.00546e-10	0.846422
9.00592e-10	0.846673
9.00639e-10	0.846923
9.00685e-10	0.847173
9.00731e-10	0.847423
9.00778e-10	0.847673
9.00824e-10	0.847923
9.00871e-10	0.848172
9.00917e-10	0.848421
9.00964e-10	0.84867
9.0101e-10	0.848919
9.01056e-10	0.849168
9.01103e-10	0.849416
9.01149e-10	0.849665
9.01196e-10	0.849913
9.01242e-10	0.850161
9.01288e-10	0.850409
9.01335e-10	0.850656
9.01381e-10	0.850904
9.01428e-10	0.851151
9.01474e-10	0.851398
9.01521e-10	0.851645
9.01567e-10	0.851892
9.01613e-10	0.852139
9.0166e-10	0.852385
9.01706e-10	0.852631
9.01753e-10	0.852877
9.01799e-10	0.853123
9.01845e-10	0.853369
9.01892e-10	0.853614
9.01938e-10	0.85386
9.01985e-10	0.854105
9.02031e-10	0.85435
9.02078e-10	0.854595
9.02124e-10	0.854839
9.0217e-10	0.855084
9.02217e-10	0.855328
9.02263e-10	0.855572
9.0231e-10	0.855816
9.02356e-10	0.85606
9.02403e-10	0.856303
9.02449e-10	0.856547
9.02495e-10	0.85679
9.02542e-10	0.857033
9.02588e-10	0.857276
9.02635e-10	0.857518
9.02681e-10	0.857761
9.02727e-10	0.858003
9.02774e-10	0.858245
9.0282e-10	0.858487
9.02867e-10	0.858729
9.02913e-10	0.85897
9.0296e-10	0.859212
9.03006e-10	0.859453
9.03052e-10	0.859694
9.03099e-10	0.859935
9.03145e-10	0.860176
9.03192e-10	0.860416
9.03238e-10	0.860656
9.03284e-10	0.860897
9.03331e-10	0.861137
9.03377e-10	0.861376
9.03424e-10	0.861616
9.0347e-10	0.861855
9.03517e-10	0.862095
9.03563e-10	0.862334
9.03609e-10	0.862573
9.03656e-10	0.862811
9.03702e-10	0.86305
9.03749e-10	0.863288
9.03795e-10	0.863526
9.03841e-10	0.863764
9.03888e-10	0.864002
9.03934e-10	0.86424
9.03981e-10	0.864477
9.04027e-10	0.864714
9.04074e-10	0.864951
9.0412e-10	0.865188
9.04166e-10	0.865425
9.04213e-10	0.865661
9.04259e-10	0.865898
9.04306e-10	0.866134
9.04352e-10	0.86637
9.04398e-10	0.866606
9.04445e-10	0.866841
9.04491e-10	0.867077
9.04538e-10	0.867312
9.04584e-10	0.867547
9.04631e-10	0.867782
9.04677e-10	0.868016
9.04723e-10	0.868251
9.0477e-10	0.868485
9.04816e-10	0.868719
9.04863e-10	0.868953
9.04909e-10	0.869187
9.04955e-10	0.869421
9.05002e-10	0.869654
9.05048e-10	0.869887
9.05095e-10	0.87012
9.05141e-10	0.870353
9.05188e-10	0.870586
9.05234e-10	0.870818
9.0528e-10	0.871051
9.05327e-10	0.871283
9.05373e-10	0.871515
9.0542e-10	0.871746
9.05466e-10	0.871978
9.05512e-10	0.872209
9.05559e-10	0.872441
9.05605e-10	0.872672
9.05652e-10	0.872902
9.05698e-10	0.873133
9.05745e-10	0.873363
9.05791e-10	0.873594
9.05837e-10	0.873824
9.05884e-10	0.874054
9.0593e-10	0.874283
9.05977e-10	0.874513
9.06023e-10	0.874742
9.06069e-10	0.874971
9.06116e-10	0.8752
9.06162e-10	0.875429
9.06209e-10	0.875658
9.06255e-10	0.875886
9.06302e-10	0.876114
9.06348e-10	0.876342
9.06394e-10	0.87657
9.06441e-10	0.876798
9.06487e-10	0.877025
9.06534e-10	0.877253
9.0658e-10	0.87748
9.06627e-10	0.877707
9.06673e-10	0.877933
9.06719e-10	0.87816
9.06766e-10	0.878386
9.06812e-10	0.878612
9.06859e-10	0.878838
9.06905e-10	0.879064
9.06951e-10	0.87929
9.06998e-10	0.879515
9.07044e-10	0.87974
9.07091e-10	0.879965
9.07137e-10	0.88019
9.07184e-10	0.880415
9.0723e-10	0.880639
9.07276e-10	0.880864
9.07323e-10	0.881088
9.07369e-10	0.881312
9.07416e-10	0.881535
9.07462e-10	0.881759
9.07508e-10	0.881982
9.07555e-10	0.882205
9.07601e-10	0.882428
9.07648e-10	0.882651
9.07694e-10	0.882874
9.07741e-10	0.883096
9.07787e-10	0.883318
9.07833e-10	0.88354
9.0788e-10	0.883762
9.07926e-10	0.883984
9.07973e-10	0.884205
9.08019e-10	0.884427
9.08065e-10	0.884648
9.08112e-10	0.884869
9.08158e-10	0.885089
9.08205e-10	0.88531
9.08251e-10	0.88553
9.08298e-10	0.88575
9.08344e-10	0.88597
9.0839e-10	0.88619
9.08437e-10	0.886409
9.08483e-10	0.886629
9.0853e-10	0.886848
9.08576e-10	0.887067
9.08622e-10	0.887286
9.08669e-10	0.887504
9.08715e-10	0.887723
9.08762e-10	0.887941
9.08808e-10	0.888159
9.08855e-10	0.888377
9.08901e-10	0.888595
9.08947e-10	0.888812
9.08994e-10	0.889029
9.0904e-10	0.889246
9.09087e-10	0.889463
9.09133e-10	0.88968
9.09179e-10	0.889896
9.09226e-10	0.890113
9.09272e-10	0.890329
9.09319e-10	0.890545
9.09365e-10	0.89076
9.09412e-10	0.890976
9.09458e-10	0.891191
9.09504e-10	0.891407
9.09551e-10	0.891621
9.09597e-10	0.891836
9.09644e-10	0.892051
9.0969e-10	0.892265
9.09736e-10	0.892479
9.09783e-10	0.892693
9.09829e-10	0.892907
9.09876e-10	0.893121
9.09922e-10	0.893334
9.09969e-10	0.893548
9.10015e-10	0.893761
9.10061e-10	0.893973
9.10108e-10	0.894186
9.10154e-10	0.894399
9.10201e-10	0.894611
9.10247e-10	0.894823
9.10293e-10	0.895035
9.1034e-10	0.895246
9.10386e-10	0.895458
9.10433e-10	0.895669
9.10479e-10	0.89588
9.10526e-10	0.896091
9.10572e-10	0.896302
9.10618e-10	0.896513
9.10665e-10	0.896723
9.10711e-10	0.896933
9.10758e-10	0.897143
9.10804e-10	0.897353
9.1085e-10	0.897562
9.10897e-10	0.897772
9.10943e-10	0.897981
9.1099e-10	0.89819
9.11036e-10	0.898399
9.11083e-10	0.898607
9.11129e-10	0.898815
9.11175e-10	0.899024
9.11222e-10	0.899232
9.11268e-10	0.899439
9.11315e-10	0.899647
9.11361e-10	0.899854
9.11408e-10	0.900062
9.11454e-10	0.900269
9.115e-10	0.900476
9.11547e-10	0.900682
9.11593e-10	0.900889
9.1164e-10	0.901095
9.11686e-10	0.901301
9.11732e-10	0.901507
9.11779e-10	0.901712
9.11825e-10	0.901918
9.11872e-10	0.902123
9.11918e-10	0.902328
9.11965e-10	0.902533
9.12011e-10	0.902738
9.12057e-10	0.902942
9.12104e-10	0.903146
9.1215e-10	0.90335
9.12197e-10	0.903554
9.12243e-10	0.903758
9.12289e-10	0.903962
9.12336e-10	0.904165
9.12382e-10	0.904368
9.12429e-10	0.904571
9.12475e-10	0.904774
9.12522e-10	0.904976
9.12568e-10	0.905178
9.12614e-10	0.90538
9.12661e-10	0.905582
9.12707e-10	0.905784
9.12754e-10	0.905986
9.128e-10	0.906187
9.12846e-10	0.906388
9.12893e-10	0.906589
9.12939e-10	0.90679
9.12986e-10	0.90699
9.13032e-10	0.907191
9.13079e-10	0.907391
9.13125e-10	0.907591
9.13171e-10	0.90779
9.13218e-10	0.90799
9.13264e-10	0.908189
9.13311e-10	0.908388
9.13357e-10	0.908587
9.13403e-10	0.908786
9.1345e-10	0.908985
9.13496e-10	0.909183
9.13543e-10	0.909381
9.13589e-10	0.909579
9.13636e-10	0.909777
9.13682e-10	0.909974
9.13728e-10	0.910172
9.13775e-10	0.910369
9.13821e-10	0.910566
9.13868e-10	0.910762
9.13914e-10	0.910959
9.1396e-10	0.911155
9.14007e-10	0.911352
9.14053e-10	0.911547
9.141e-10	0.911743
9.14146e-10	0.911939
9.14193e-10	0.912134
9.14239e-10	0.912329
9.14285e-10	0.912524
9.14332e-10	0.912719
9.14378e-10	0.912914
9.14425e-10	0.913108
9.14471e-10	0.913302
9.14517e-10	0.913496
9.14564e-10	0.91369
9.1461e-10	0.913883
9.14657e-10	0.914077
9.14703e-10	0.91427
9.1475e-10	0.914463
9.14796e-10	0.914655
9.14842e-10	0.914848
9.14889e-10	0.91504
9.14935e-10	0.915232
9.14982e-10	0.915424
9.15028e-10	0.915616
9.15074e-10	0.915808
9.15121e-10	0.915999
9.15167e-10	0.91619
9.15214e-10	0.916381
9.1526e-10	0.916572
9.15307e-10	0.916762
9.15353e-10	0.916953
9.15399e-10	0.917143
9.15446e-10	0.917333
9.15492e-10	0.917522
9.15539e-10	0.917712
9.15585e-10	0.917901
9.15631e-10	0.91809
9.15678e-10	0.918279
9.15724e-10	0.918468
9.15771e-10	0.918656
9.15817e-10	0.918845
9.15864e-10	0.919033
9.1591e-10	0.919221
9.15956e-10	0.919409
9.16003e-10	0.919596
9.16049e-10	0.919783
9.16096e-10	0.91997
9.16142e-10	0.920157
9.16189e-10	0.920344
9.16235e-10	0.92053
9.16281e-10	0.920717
9.16328e-10	0.920903
9.16374e-10	0.921089
9.16421e-10	0.921274
9.16467e-10	0.92146
9.16513e-10	0.921645
9.1656e-10	0.92183
9.16606e-10	0.922015
9.16653e-10	0.9222
9.16699e-10	0.922384
9.16746e-10	0.922568
9.16792e-10	0.922752
9.16838e-10	0.922936
9.16885e-10	0.92312
9.16931e-10	0.923303
9.16978e-10	0.923486
9.17024e-10	0.923669
9.1707e-10	0.923852
9.17117e-10	0.924035
9.17163e-10	0.924217
9.1721e-10	0.924399
9.17256e-10	0.924581
9.17303e-10	0.924763
9.17349e-10	0.924945
9.17395e-10	0.925126
9.17442e-10	0.925307
9.17488e-10	0.925488
9.17535e-10	0.925669
9.17581e-10	0.92585
9.17627e-10	0.92603
9.17674e-10	0.92621
9.1772e-10	0.92639
9.17767e-10	0.92657
9.17813e-10	0.926749
9.1786e-10	0.926929
9.17906e-10	0.927108
9.17952e-10	0.927287
9.17999e-10	0.927465
9.18045e-10	0.927644
9.18092e-10	0.927822
9.18138e-10	0.928
9.18184e-10	0.928178
9.18231e-10	0.928356
9.18277e-10	0.928533
9.18324e-10	0.92871
9.1837e-10	0.928888
9.18417e-10	0.929064
9.18463e-10	0.929241
9.18509e-10	0.929417
9.18556e-10	0.929594
9.18602e-10	0.92977
9.18649e-10	0.929946
9.18695e-10	0.930121
9.18741e-10	0.930297
9.18788e-10	0.930472
9.18834e-10	0.930647
9.18881e-10	0.930821
9.18927e-10	0.930996
9.18974e-10	0.93117
9.1902e-10	0.931345
9.19066e-10	0.931519
9.19113e-10	0.931692
9.19159e-10	0.931866
9.19206e-10	0.932039
9.19252e-10	0.932212
9.19298e-10	0.932385
9.19345e-10	0.932558
9.19391e-10	0.93273
9.19438e-10	0.932903
9.19484e-10	0.933075
9.19531e-10	0.933247
9.19577e-10	0.933418
9.19623e-10	0.93359
9.1967e-10	0.933761
9.19716e-10	0.933932
9.19763e-10	0.934103
9.19809e-10	0.934274
9.19855e-10	0.934444
9.19902e-10	0.934614
9.19948e-10	0.934784
9.19995e-10	0.934954
9.20041e-10	0.935124
9.20088e-10	0.935293
9.20134e-10	0.935462
9.2018e-10	0.935631
9.20227e-10	0.9358
9.20273e-10	0.935968
9.2032e-10	0.936137
9.20366e-10	0.936305
9.20412e-10	0.936473
9.20459e-10	0.93664
9.20505e-10	0.936808
9.20552e-10	0.936975
9.20598e-10	0.937142
9.20645e-10	0.937309
9.20691e-10	0.937476
9.20737e-10	0.937642
9.20784e-10	0.937808
9.2083e-10	0.937974
9.20877e-10	0.93814
9.20923e-10	0.938306
9.2097e-10	0.938471
9.21016e-10	0.938636
9.21062e-10	0.938801
9.21109e-10	0.938966
9.21155e-10	0.939131
9.21202e-10	0.939295
9.21248e-10	0.939459
9.21294e-10	0.939623
9.21341e-10	0.939787
9.21387e-10	0.93995
9.21434e-10	0.940113
9.2148e-10	0.940277
9.21527e-10	0.940439
9.21573e-10	0.940602
9.21619e-10	0.940765
9.21666e-10	0.940927
9.21712e-10	0.941089
9.21759e-10	0.941251
9.21805e-10	0.941412
9.21851e-10	0.941574
9.21898e-10	0.941735
9.21944e-10	0.941896
9.21991e-10	0.942056
9.22037e-10	0.942217
9.22084e-10	0.942377
9.2213e-10	0.942537
9.22176e-10	0.942697
9.22223e-10	0.942857
9.22269e-10	0.943017
9.22316e-10	0.943176
9.22362e-10	0.943335
9.22408e-10	0.943494
9.22455e-10	0.943652
9.22501e-10	0.943811
9.22548e-10	0.943969
9.22594e-10	0.944127
9.22641e-10	0.944285
9.22687e-10	0.944442
9.22733e-10	0.9446
9.2278e-10	0.944757
9.22826e-10	0.944914
9.22873e-10	0.945071
9.22919e-10	0.945227
9.22965e-10	0.945383
9.23012e-10	0.945539
9.23058e-10	0.945695
9.23105e-10	0.945851
9.23151e-10	0.946006
9.23198e-10	0.946162
9.23244e-10	0.946317
9.2329e-10	0.946472
9.23337e-10	0.946626
9.23383e-10	0.94678
9.2343e-10	0.946935
9.23476e-10	0.947089
9.23522e-10	0.947242
9.23569e-10	0.947396
9.23615e-10	0.947549
9.23662e-10	0.947702
9.23708e-10	0.947855
9.23755e-10	0.948008
9.23801e-10	0.94816
9.23847e-10	0.948313
9.23894e-10	0.948465
9.2394e-10	0.948616
9.23987e-10	0.948768
9.24033e-10	0.948919
9.24079e-10	0.949071
9.24126e-10	0.949221
9.24172e-10	0.949372
9.24219e-10	0.949523
9.24265e-10	0.949673
9.24312e-10	0.949823
9.24358e-10	0.949973
9.24404e-10	0.950123
9.24451e-10	0.950272
9.24497e-10	0.950421
9.24544e-10	0.950571
9.2459e-10	0.950719
9.24636e-10	0.950868
9.24683e-10	0.951016
9.24729e-10	0.951164
9.24776e-10	0.951312
9.24822e-10	0.95146
9.24869e-10	0.951608
9.24915e-10	0.951755
9.24961e-10	0.951902
9.25008e-10	0.952049
9.25054e-10	0.952196
9.25101e-10	0.952342
9.25147e-10	0.952488
9.25193e-10	0.952634
9.2524e-10	0.95278
9.25286e-10	0.952926
9.25333e-10	0.953071
9.25379e-10	0.953216
9.25426e-10	0.953361
9.25472e-10	0.953506
9.25518e-10	0.95365
9.25565e-10	0.953795
9.25611e-10	0.953939
9.25658e-10	0.954083
9.25704e-10	0.954226
9.25751e-10	0.95437
9.25797e-10	0.954513
9.25843e-10	0.954656
9.2589e-10	0.954799
9.25936e-10	0.954941
9.25983e-10	0.955084
9.26029e-10	0.955226
9.26075e-10	0.955368
9.26122e-10	0.955509
9.26168e-10	0.955651
9.26215e-10	0.955792
9.26261e-10	0.955933
9.26308e-10	0.956074
9.26354e-10	0.956215
9.264e-10	0.956355
9.26447e-10	0.956495
9.26493e-10	0.956635
9.2654e-10	0.956775
9.26586e-10	0.956914
9.26632e-10	0.957054
9.26679e-10	0.957193
9.26725e-10	0.957332
9.26772e-10	0.95747
9.26818e-10	0.957609
9.26865e-10	0.957747
9.26911e-10	0.957885
9.26957e-10	0.958023
9.27004e-10	0.95816
9.2705e-10	0.958298
9.27097e-10	0.958435
9.27143e-10	0.958572
9.27189e-10	0.958708
9.27236e-10	0.958845
9.27282e-10	0.958981
9.27329e-10	0.959117
9.27375e-10	0.959253
9.27422e-10	0.959389
9.27468e-10	0.959524
9.27514e-10	0.959659
9.27561e-10	0.959794
9.27607e-10	0.959929
9.27654e-10	0.960063
9.277e-10	0.960198
9.27746e-10	0.960332
9.27793e-10	0.960466
9.27839e-10	0.960599
9.27886e-10	0.960733
9.27932e-10	0.960866
9.27979e-10	0.960999
9.28025e-10	0.961132
9.28071e-10	0.961264
9.28118e-10	0.961397
9.28164e-10	0.961529
9.28211e-10	0.961661
9.28257e-10	0.961792
9.28303e-10	0.961924
9.2835e-10	0.962055
9.28396e-10	0.962186
9.28443e-10	0.962317
9.28489e-10	0.962447
9.28536e-10	0.962578
9.28582e-10	0.962708
9.28628e-10	0.962838
9.28675e-10	0.962967
9.28721e-10	0.963097
9.28768e-10	0.963226
9.28814e-10	0.963355
9.2886e-10	0.963484
9.28907e-10	0.963613
9.28953e-10	0.963741
9.29e-10	0.963869
9.29046e-10	0.963997
9.29093e-10	0.964125
9.29139e-10	0.964252
9.29185e-10	0.96438
9.29232e-10	0.964507
9.29278e-10	0.964634
9.29325e-10	0.96476
9.29371e-10	0.964887
9.29417e-10	0.965013
9.29464e-10	0.965139
9.2951e-10	0.965264
9.29557e-10	0.96539
9.29603e-10	0.965515
9.2965e-10	0.96564
9.29696e-10	0.965765
9.29742e-10	0.96589
9.29789e-10	0.966014
9.29835e-10	0.966138
9.29882e-10	0.966262
9.29928e-10	0.966386
9.29975e-10	0.96651
9.30021e-10	0.966633
9.30067e-10	0.966756
9.30114e-10	0.966879
9.3016e-10	0.967002
9.30207e-10	0.967124
9.30253e-10	0.967246
9.30299e-10	0.967368
9.30346e-10	0.96749
9.30392e-10	0.967611
9.30439e-10	0.967733
9.30485e-10	0.967854
9.30532e-10	0.967975
9.30578e-10	0.968095
9.30624e-10	0.968216
9.30671e-10	0.968336
9.30717e-10	0.968456
9.30764e-10	0.968576
9.3081e-10	0.968695
9.30856e-10	0.968815
9.30903e-10	0.968934
9.30949e-10	0.969053
9.30996e-10	0.969171
9.31042e-10	0.96929
9.31089e-10	0.969408
9.31135e-10	0.969526
9.31181e-10	0.969644
9.31228e-10	0.969761
9.31274e-10	0.969879
9.31321e-10	0.969996
9.31367e-10	0.970113
9.31413e-10	0.970229
9.3146e-10	0.970346
9.31506e-10	0.970462
9.31553e-10	0.970578
9.31599e-10	0.970694
9.31646e-10	0.970809
9.31692e-10	0.970925
9.31738e-10	0.97104
9.31785e-10	0.971155
9.31831e-10	0.971269
9.31878e-10	0.971384
9.31924e-10	0.971498
9.3197e-10	0.971612
9.32017e-10	0.971726
9.32063e-10	0.971839
9.3211e-10	0.971952
9.32156e-10	0.972066
9.32203e-10	0.972178
9.32249e-10	0.972291
9.32295e-10	0.972404
9.32342e-10	0.972516
9.32388e-10	0.972628
9.32435e-10	0.97274
9.32481e-10	0.972851
9.32527e-10	0.972962
9.32574e-10	0.973073
9.3262e-10	0.973184
9.32667e-10	0.973295
9.32713e-10	0.973405
9.3276e-10	0.973516
9.32806e-10	0.973626
9.32852e-10	0.973735
9.32899e-10	0.973845
9.32945e-10	0.973954
9.32992e-10	0.974063
9.33038e-10	0.974172
9.33084e-10	0.974281
9.33131e-10	0.974389
9.33177e-10	0.974497
9.33224e-10	0.974605
9.3327e-10	0.974713
9.33317e-10	0.97482
9.33363e-10	0.974928
9.33409e-10	0.975035
9.33456e-10	0.975142
9.33502e-10	0.975248
9.33549e-10	0.975355
9.33595e-10	0.975461
9.33641e-10	0.975567
9.33688e-10	0.975672
9.33734e-10	0.975778
9.33781e-10	0.975883
9.33827e-10	0.975988
9.33874e-10	0.976093
9.3392e-10	0.976198
9.33966e-10	0.976302
9.34013e-10	0.976406
9.34059e-10	0.97651
9.34106e-10	0.976614
9.34152e-10	0.976717
9.34198e-10	0.97682
9.34245e-10	0.976923
9.34291e-10	0.977026
9.34338e-10	0.977129
9.34384e-10	0.977231
9.34431e-10	0.977333
9.34477e-10	0.977435
9.34523e-10	0.977537
9.3457e-10	0.977638
9.34616e-10	0.977739
9.34663e-10	0.97784
9.34709e-10	0.977941
9.34756e-10	0.978042
9.34802e-10	0.978142
9.34848e-10	0.978242
9.34895e-10	0.978342
9.34941e-10	0.978442
9.34988e-10	0.978541
9.35034e-10	0.97864
9.3508e-10	0.978739
9.35127e-10	0.978838
9.35173e-10	0.978936
9.3522e-10	0.979035
9.35266e-10	0.979133
9.35313e-10	0.979231
9.35359e-10	0.979328
9.35405e-10	0.979426
9.35452e-10	0.979523
9.35498e-10	0.97962
9.35545e-10	0.979716
9.35591e-10	0.979813
9.35637e-10	0.979909
9.35684e-10	0.980005
9.3573e-10	0.980101
9.35777e-10	0.980197
9.35823e-10	0.980292
9.3587e-10	0.980387
9.35916e-10	0.980482
9.35962e-10	0.980577
9.36009e-10	0.980671
9.36055e-10	0.980765
9.36102e-10	0.980859
9.36148e-10	0.980953
9.36194e-10	0.981046
9.36241e-10	0.98114
9.36287e-10	0.981233
9.36334e-10	0.981326
9.3638e-10	0.981418
9.36427e-10	0.981511
9.36473e-10	0.981603
9.36519e-10	0.981695
9.36566e-10	0.981787
9.36612e-10	0.981878
9.36659e-10	0.981969
9.36705e-10	0.98206
9.36751e-10	0.982151
9.36798e-10	0.982242
9.36844e-10	0.982332
9.36891e-10	0.982422
9.36937e-10	0.982512
9.36984e-10	0.982602
9.3703e-10	0.982691
9.37076e-10	0.982781
9.37123e-10	0.98287
9.37169e-10	0.982958
9.37216e-10	0.983047
9.37262e-10	0.983135
9.37308e-10	0.983223
9.37355e-10	0.983311
9.37401e-10	0.983399
9.37448e-10	0.983486
9.37494e-10	0.983573
9.37541e-10	0.98366
9.37587e-10	0.983747
9.37633e-10	0.983834
9.3768e-10	0.98392
9.37726e-10	0.984006
9.37773e-10	0.984092
9.37819e-10	0.984177
9.37865e-10	0.984263
9.37912e-10	0.984348
9.37958e-10	0.984433
9.38005e-10	0.984517
9.38051e-10	0.984602
9.38098e-10	0.984686
9.38144e-10	0.98477
9.3819e-10	0.984854
9.38237e-10	0.984937
9.38283e-10	0.985021
9.3833e-10	0.985104
9.38376e-10	0.985186
9.38422e-10	0.985269
9.38469e-10	0.985352
9.38515e-10	0.985434
9.38562e-10	0.985516
9.38608e-10	0.985597
9.38655e-10	0.985679
9.38701e-10	0.98576
9.38747e-10	0.985841
9.38794e-10	0.985922
9.3884e-10	0.986002
9.38887e-10	0.986083
9.38933e-10	0.986163
9.38979e-10	0.986243
9.39026e-10	0.986322
9.39072e-10	0.986402
9.39119e-10	0.986481
9.39165e-10	0.98656
9.39212e-10	0.986639
9.39258e-10	0.986717
9.39304e-10	0.986795
9.39351e-10	0.986874
9.39397e-10	0.986951
9.39444e-10	0.987029
9.3949e-10	0.987106
9.39537e-10	0.987183
9.39583e-10	0.98726
9.39629e-10	0.987337
9.39676e-10	0.987413
9.39722e-10	0.98749
9.39769e-10	0.987566
9.39815e-10	0.987641
9.39861e-10	0.987717
9.39908e-10	0.987792
9.39954e-10	0.987867
9.40001e-10	0.987942
9.40047e-10	0.988017
9.40094e-10	0.988091
9.4014e-10	0.988165
9.40186e-10	0.988239
9.40233e-10	0.988313
9.40279e-10	0.988386
9.40326e-10	0.98846
9.40372e-10	0.988533
9.40418e-10	0.988605
9.40465e-10	0.988678
9.40511e-10	0.98875
9.40558e-10	0.988822
9.40604e-10	0.988894
9.40651e-10	0.988966
9.40697e-10	0.989037
9.40743e-10	0.989109
9.4079e-10	0.989179
9.40836e-10	0.98925
9.40883e-10	0.989321
9.40929e-10	0.989391
9.40975e-10	0.989461
9.41022e-10	0.989531
9.41068e-10	0.9896
9.41115e-10	0.98967
9.41161e-10	0.989739
9.41208e-10	0.989808
9.41254e-10	0.989876
9.413e-10	0.989945
9.41347e-10	0.990013
9.41393e-10	0.990081
9.4144e-10	0.990149
9.41486e-10	0.990216
9.41532e-10	0.990283
9.41579e-10	0.99035
9.41625e-10	0.990417
9.41672e-10	0.990484
9.41718e-10	0.99055
9.41765e-10	0.990616
9.41811e-10	0.990682
9.41857e-10	0.990748
9.41904e-10	0.990813
9.4195e-10	0.990878
9.41997e-10	0.990943
9.42043e-10	0.991008
9.42089e-10	0.991073
9.42136e-10	0.991137
9.42182e-10	0.991201
9.42229e-10	0.991265
9.42275e-10	0.991328
9.42322e-10	0.991392
9.42368e-10	0.991455
9.42414e-10	0.991518
9.42461e-10	0.99158
9.42507e-10	0.991643
9.42554e-10	0.991705
9.426e-10	0.991767
9.42646e-10	0.991829
9.42693e-10	0.99189
9.42739e-10	0.991951
9.42786e-10	0.992012
9.42832e-10	0.992073
9.42879e-10	0.992134
9.42925e-10	0.992194
9.42971e-10	0.992254
9.43018e-10	0.992314
9.43064e-10	0.992374
9.43111e-10	0.992433
9.43157e-10	0.992492
9.43203e-10	0.992551
9.4325e-10	0.99261
9.43296e-10	0.992669
9.43343e-10	0.992727
9.43389e-10	0.992785
9.43436e-10	0.992843
9.43482e-10	0.9929
9.43528e-10	0.992958
9.43575e-10	0.993015
9.43621e-10	0.993072
9.43668e-10	0.993128
9.43714e-10	0.993185
9.4376e-10	0.993241
9.43807e-10	0.993297
9.43853e-10	0.993353
9.439e-10	0.993408
9.43946e-10	0.993463
9.43993e-10	0.993518
9.44039e-10	0.993573
9.44085e-10	0.993628
9.44132e-10	0.993682
9.44178e-10	0.993736
9.44225e-10	0.99379
9.44271e-10	0.993844
9.44318e-10	0.993897
9.44364e-10	0.99395
9.4441e-10	0.994003
9.44457e-10	0.994056
9.44503e-10	0.994108
9.4455e-10	0.994161
9.44596e-10	0.994213
9.44642e-10	0.994265
9.44689e-10	0.994316
9.44735e-10	0.994367
9.44782e-10	0.994419
9.44828e-10	0.994469
9.44875e-10	0.99452
9.44921e-10	0.99457
9.44967e-10	0.994621
9.45014e-10	0.994671
9.4506e-10	0.99472
9.45107e-10	0.99477
9.45153e-10	0.994819
9.45199e-10	0.994868
9.45246e-10	0.994917
9.45292e-10	0.994965
9.45339e-10	0.995014
9.45385e-10	0.995062
9.45432e-10	0.99511
9.45478e-10	0.995157
9.45524e-10	0.995205
9.45571e-10	0.995252
9.45617e-10	0.995299
9.45664e-10	0.995345
9.4571e-10	0.995392
9.45756e-10	0.995438
9.45803e-10	0.995484
9.45849e-10	0.99553
9.45896e-10	0.995575
9.45942e-10	0.995621
9.45989e-10	0.995666
9.46035e-10	0.99571
9.46081e-10	0.995755
9.46128e-10	0.995799
9.46174e-10	0.995844
9.46221e-10	0.995887
9.46267e-10	0.995931
9.46313e-10	0.995975
9.4636e-10	0.996018
9.46406e-10	0.996061
9.46453e-10	0.996104
9.46499e-10	0.996146
9.46546e-10	0.996188
9.46592e-10	0.99623
9.46638e-10	0.996272
9.46685e-10	0.996314
9.46731e-10	0.996355
9.46778e-10	0.996396
9.46824e-10	0.996437
9.4687e-10	0.996478
9.46917e-10	0.996518
9.46963e-10	0.996558
9.4701e-10	0.996598
9.47056e-10	0.996638
9.47103e-10	0.996678
9.47149e-10	0.996717
9.47195e-10	0.996756
9.47242e-10	0.996795
9.47288e-10	0.996833
9.47335e-10	0.996871
9.47381e-10	0.99691
9.47427e-10	0.996947
9.47474e-10	0.996985
9.4752e-10	0.997022
9.47567e-10	0.99706
9.47613e-10	0.997096
9.4766e-10	0.997133
9.47706e-10	0.99717
9.47752e-10	0.997206
9.47799e-10	0.997242
9.47845e-10	0.997278
9.47892e-10	0.997313
9.47938e-10	0.997348
9.47984e-10	0.997384
9.48031e-10	0.997418
9.48077e-10	0.997453
9.48124e-10	0.997487
9.4817e-10	0.997521
9.48217e-10	0.997555
9.48263e-10	0.997589
9.48309e-10	0.997622
9.48356e-10	0.997656
9.48402e-10	0.997689
9.48449e-10	0.997721
9.48495e-10	0.997754
9.48541e-10	0.997786
9.48588e-10	0.997818
9.48634e-10	0.99785
9.48681e-10	0.997882
9.48727e-10	0.997913
9.48774e-10	0.997944
9.4882e-10	0.997975
9.48866e-10	0.998006
9.48913e-10	0.998036
9.48959e-10	0.998066
9.49006e-10	0.998096
9.49052e-10	0.998126
9.49099e-10	0.998155
9.49145e-10	0.998184
9.49191e-10	0.998213
9.49238e-10	0.998242
9.49284e-10	0.998271
9.49331e-10	0.998299
9.49377e-10	0.998327
9.49423e-10	0.998355
9.4947e-10	0.998383
9.49516e-10	0.99841
9.49563e-10	0.998437
9.49609e-10	0.998464
9.49656e-10	0.998491
9.49702e-10	0.998517
9.49748e-10	0.998543
9.49795e-10	0.998569
9.49841e-10	0.998595
9.49888e-10	0.998621
9.49934e-10	0.998646
9.4998e-10	0.998671
9.50027e-10	0.998696
9.50073e-10	0.99872
9.5012e-10	0.998745
9.50166e-10	0.998769
9.50213e-10	0.998793
9.50259e-10	0.998816
9.50305e-10	0.99884
9.50352e-10	0.998863
9.50398e-10	0.998886
9.50445e-10	0.998908
9.50491e-10	0.998931
9.50537e-10	0.998953
9.50584e-10	0.998975
9.5063e-10	0.998997
9.50677e-10	0.999018
9.50723e-10	0.99904
9.5077e-10	0.999061
9.50816e-10	0.999082
9.50862e-10	0.999102
9.50909e-10	0.999123
9.50955e-10	0.999143
9.51002e-10	0.999163
9.51048e-10	0.999182
9.51094e-10	0.999202
9.51141e-10	0.999221
9.51187e-10	0.99924
9.51234e-10	0.999259
9.5128e-10	0.999277
9.51327e-10	0.999295
9.51373e-10	0.999313
9.51419e-10	0.999331
9.51466e-10	0.999349
9.51512e-10	0.999366
9.51559e-10	0.999383
9.51605e-10	0.9994
9.51651e-10	0.999417
9.51698e-10	0.999433
9.51744e-10	0.999449
9.51791e-10	0.999465
9.51837e-10	0.999481
9.51884e-10	0.999496
9.5193e-10	0.999512
9.51976e-10	0.999527
9.52023e-10	0.999541
9.52069e-10	0.999556
9.52116e-10	0.99957
9.52162e-10	0.999584
9.52208e-10	0.999598
9.52255e-10	0.999612
9.52301e-10	0.999625
9.52348e-10	0.999638
9.52394e-10	0.999651
9.52441e-10	0.999664
9.52487e-10	0.999676
9.52533e-10	0.999688
9.5258e-10	0.9997
9.52626e-10	0.999712
9.52673e-10	0.999723
9.52719e-10	0.999735
9.52765e-10	0.999746
9.52812e-10	0.999757
9.52858e-10	0.999767
9.52905e-10	0.999777
9.52951e-10	0.999788
9.52998e-10	0.999797
9.53044e-10	0.999807
9.5309e-10	0.999816
9.53137e-10	0.999826
9.53183e-10	0.999834
9.5323e-10	0.999843
9.53276e-10	0.999852
9.53323e-10	0.99986
9.53369e-10	0.999868
9.53415e-10	0.999876
9.53462e-10	0.999883
9.53508e-10	0.99989
9.53555e-10	0.999897
9.53601e-10	0.999904
9.53647e-10	0.999911
9.53694e-10	0.999917
9.5374e-10	0.999923
9.53787e-10	0.999929
9.53833e-10	0.999935
9.5388e-10	0.99994
9.53926e-10	0.999945
9.53972e-10	0.99995
9.54019e-10	0.999955
9.54065e-10	0.999959
9.54112e-10	0.999964
9.54158e-10	0.999968
9.54204e-10	0.999971
9.54251e-10	0.999975
9.54297e-10	0.999978
9.54344e-10	0.999981
9.5439e-10	0.999984
9.54437e-10	0.999987
9.54483e-10	0.999989
9.54529e-10	0.999991
9.54576e-10	0.999993
9.54622e-10	0.999995
9.54669e-10	0.999996
9.54715e-10	0.999997
9.54761e-10	0.999998
9.54808e-10	0.999999
9.54854e-10	1
9.54901e-10	1
9.54947e-10	1
9.54994e-10	1
9.5504e-10	0.999999
9.55086e-10	0.999999
9.55133e-10	0.999998
9.55179e-10	0.999997
9.55226e-10	0.999995
9.55272e-10	0.999994
9.55318e-10	0.999992
9.55365e-10	0.99999
9.55411e-10	0.999987
9.55458e-10	0.999985
9.55504e-10	0.999982
9.55551e-10	0.999979
9.55597e-10	0.999976
9.55643e-10	0.999972
9.5569e-10	0.999969
9.55736e-10	0.999965
9.55783e-10	0.99996
9.55829e-10	0.999956
9.55875e-10	0.999951
9.55922e-10	0.999947
9.55968e-10	0.999941
9.56015e-10	0.999936
9.56061e-10	0.999931
9.56108e-10	0.999925
9.56154e-10	0.999919
9.562e-10	0.999912
9.56247e-10	0.999906
9.56293e-10	0.999899
9.5634e-10	0.999892
9.56386e-10	0.999885
9.56432e-10	0.999877
9.56479e-10	0.99987
9.56525e-10	0.999862
9.56572e-10	0.999854
9.56618e-10	0.999845
9.56665e-10	0.999837
9.56711e-10	0.999828
9.56757e-10	0.999819
9.56804e-10	0.999809
9.5685e-10	0.9998
9.56897e-10	0.99979
9.56943e-10	0.99978
9.56989e-10	0.99977
9.57036e-10	0.999759
9.57082e-10	0.999748
9.57129e-10	0.999738
9.57175e-10	0.999726
9.57222e-10	0.999715
9.57268e-10	0.999703
9.57314e-10	0.999691
9.57361e-10	0.999679
9.57407e-10	0.999667
9.57454e-10	0.999654
9.575e-10	0.999641
9.57546e-10	0.999628
9.57593e-10	0.999615
9.57639e-10	0.999601
9.57686e-10	0.999588
9.57732e-10	0.999574
9.57779e-10	0.999559
9.57825e-10	0.999545
9.57871e-10	0.99953
9.57918e-10	0.999515
9.57964e-10	0.9995
9.58011e-10	0.999485
9.58057e-10	0.999469
9.58104e-10	0.999453
9.5815e-10	0.999437
9.58196e-10	0.999421
9.58243e-10	0.999404
9.58289e-10	0.999387
9.58336e-10	0.99937
9.58382e-10	0.999353
9.58428e-10	0.999336
9.58475e-10	0.999318
9.58521e-10	0.9993
9.58568e-10	0.999282
9.58614e-10	0.999263
9.58661e-10	0.999245
9.58707e-10	0.999226
9.58753e-10	0.999207
9.588e-10	0.999187
9.58846e-10	0.999168
9.58893e-10	0.999148
9.58939e-10	0.999128
9.58985e-10	0.999107
9.59032e-10	0.999087
9.59078e-10	0.999066
9.59125e-10	0.999045
9.59171e-10	0.999024
9.59218e-10	0.999002
9.59264e-10	0.998981
9.5931e-10	0.998959
9.59357e-10	0.998936
9.59403e-10	0.998914
9.5945e-10	0.998891
9.59496e-10	0.998868
9.59542e-10	0.998845
9.59589e-10	0.998822
9.59635e-10	0.998798
9.59682e-10	0.998775
9.59728e-10	0.998751
9.59775e-10	0.998726
9.59821e-10	0.998702
9.59867e-10	0.998677
9.59914e-10	0.998652
9.5996e-10	0.998627
9.60007e-10	0.998601
9.60053e-10	0.998576
9.60099e-10	0.99855
9.60146e-10	0.998524
9.60192e-10	0.998497
9.60239e-10	0.998471
9.60285e-10	0.998444
9.60332e-10	0.998417
9.60378e-10	0.998389
9.60424e-10	0.998362
9.60471e-10	0.998334
9.60517e-10	0.998306
9.60564e-10	0.998278
9.6061e-10	0.998249
9.60656e-10	0.998221
9.60703e-10	0.998192
9.60749e-10	0.998162
9.60796e-10	0.998133
9.60842e-10	0.998103
9.60889e-10	0.998074
9.60935e-10	0.998043
9.60981e-10	0.998013
9.61028e-10	0.997983
9.61074e-10	0.997952
9.61121e-10	0.997921
9.61167e-10	0.997889
9.61213e-10	0.997858
9.6126e-10	0.997826
9.61306e-10	0.997794
9.61353e-10	0.997762
9.61399e-10	0.997729
9.61446e-10	0.997697
9.61492e-10	0.997664
9.61538e-10	0.997631
9.61585e-10	0.997597
9.61631e-10	0.997564
9.61678e-10	0.99753
9.61724e-10	0.997496
9.6177e-10	0.997461
9.61817e-10	0.997427
9.61863e-10	0.997392
9.6191e-10	0.997357
9.61956e-10	0.997322
9.62003e-10	0.997286
9.62049e-10	0.997251
9.62095e-10	0.997215
9.62142e-10	0.997179
9.62188e-10	0.997142
9.62235e-10	0.997106
9.62281e-10	0.997069
9.62327e-10	0.997032
9.62374e-10	0.996994
9.6242e-10	0.996957
9.62467e-10	0.996919
9.62513e-10	0.996881
9.6256e-10	0.996843
9.62606e-10	0.996804
9.62652e-10	0.996765
9.62699e-10	0.996726
9.62745e-10	0.996687
9.62792e-10	0.996648
9.62838e-10	0.996608
9.62885e-10	0.996568
9.62931e-10	0.996528
9.62977e-10	0.996488
9.63024e-10	0.996447
9.6307e-10	0.996406
9.63117e-10	0.996365
9.63163e-10	0.996324
9.63209e-10	0.996283
9.63256e-10	0.996241
9.63302e-10	0.996199
9.63349e-10	0.996157
9.63395e-10	0.996114
9.63442e-10	0.996071
9.63488e-10	0.996028
9.63534e-10	0.995985
9.63581e-10	0.995942
9.63627e-10	0.995898
9.63674e-10	0.995854
9.6372e-10	0.99581
9.63766e-10	0.995766
9.63813e-10	0.995722
9.63859e-10	0.995677
9.63906e-10	0.995632
9.63952e-10	0.995587
9.63999e-10	0.995541
9.64045e-10	0.995495
9.64091e-10	0.995449
9.64138e-10	0.995403
9.64184e-10	0.995357
9.64231e-10	0.99531
9.64277e-10	0.995263
9.64323e-10	0.995216
9.6437e-10	0.995169
9.64416e-10	0.995121
9.64463e-10	0.995074
9.64509e-10	0.995026
9.64556e-10	0.994977
9.64602e-10	0.994929
9.64648e-10	0.99488
9.64695e-10	0.994831
9.64741e-10	0.994782
9.64788e-10	0.994732
9.64834e-10	0.994683
9.6488e-10	0.994633
9.64927e-10	0.994583
9.64973e-10	0.994533
9.6502e-10	0.994482
9.65066e-10	0.994431
9.65113e-10	0.99438
9.65159e-10	0.994329
9.65205e-10	0.994277
9.65252e-10	0.994226
9.65298e-10	0.994174
9.65345e-10	0.994121
9.65391e-10	0.994069
9.65437e-10	0.994016
9.65484e-10	0.993963
9.6553e-10	0.99391
9.65577e-10	0.993857
9.65623e-10	0.993803
9.6567e-10	0.99375
9.65716e-10	0.993695
9.65762e-10	0.993641
9.65809e-10	0.993587
9.65855e-10	0.993532
9.65902e-10	0.993477
9.65948e-10	0.993422
9.65994e-10	0.993366
9.66041e-10	0.993311
9.66087e-10	0.993255
9.66134e-10	0.993199
9.6618e-10	0.993142
9.66227e-10	0.993086
9.66273e-10	0.993029
9.66319e-10	0.992972
9.66366e-10	0.992914
9.66412e-10	0.992857
9.66459e-10	0.992799
9.66505e-10	0.992741
9.66551e-10	0.992683
9.66598e-10	0.992625
9.66644e-10	0.992566
9.66691e-10	0.992507
9.66737e-10	0.992448
9.66784e-10	0.992389
9.6683e-10	0.992329
9.66876e-10	0.992269
9.66923e-10	0.992209
9.66969e-10	0.992149
9.67016e-10	0.992088
9.67062e-10	0.992027
9.67108e-10	0.991966
9.67155e-10	0.991905
9.67201e-10	0.991844
9.67248e-10	0.991782
9.67294e-10	0.99172
9.67341e-10	0.991658
9.67387e-10	0.991596
9.67433e-10	0.991533
9.6748e-10	0.99147
9.67526e-10	0.991407
9.67573e-10	0.991344
9.67619e-10	0.99128
9.67666e-10	0.991217
9.67712e-10	0.991153
9.67758e-10	0.991088
9.67805e-10	0.991024
9.67851e-10	0.990959
9.67898e-10	0.990894
9.67944e-10	0.990829
9.6799e-10	0.990764
9.68037e-10	0.990698
9.68083e-10	0.990633
9.6813e-10	0.990566
9.68176e-10	0.9905
9.68223e-10	0.990434
9.68269e-10	0.990367
9.68315e-10	0.9903
9.68362e-10	0.990233
9.68408e-10	0.990165
9.68455e-10	0.990098
9.68501e-10	0.99003
9.68547e-10	0.989962
9.68594e-10	0.989893
9.6864e-10	0.989825
9.68687e-10	0.989756
9.68733e-10	0.989687
9.6878e-10	0.989618
9.68826e-10	0.989548
9.68872e-10	0.989478
9.68919e-10	0.989408
9.68965e-10	0.989338
9.69012e-10	0.989268
9.69058e-10	0.989197
9.69104e-10	0.989126
9.69151e-10	0.989055
9.69197e-10	0.988984
9.69244e-10	0.988912
9.6929e-10	0.98884
9.69337e-10	0.988768
9.69383e-10	0.988696
9.69429e-10	0.988623
9.69476e-10	0.988551
9.69522e-10	0.988478
9.69569e-10	0.988405
9.69615e-10	0.988331
9.69661e-10	0.988258
9.69708e-10	0.988184
9.69754e-10	0.98811
9.69801e-10	0.988035
9.69847e-10	0.987961
9.69894e-10	0.987886
9.6994e-10	0.987811
9.69986e-10	0.987736
9.70033e-10	0.98766
9.70079e-10	0.987584
9.70126e-10	0.987509
9.70172e-10	0.987432
9.70218e-10	0.987356
9.70265e-10	0.987279
9.70311e-10	0.987203
9.70358e-10	0.987125
9.70404e-10	0.987048
9.70451e-10	0.986971
9.70497e-10	0.986893
9.70543e-10	0.986815
9.7059e-10	0.986737
9.70636e-10	0.986658
9.70683e-10	0.986579
9.70729e-10	0.986501
9.70775e-10	0.986421
9.70822e-10	0.986342
9.70868e-10	0.986263
9.70915e-10	0.986183
9.70961e-10	0.986103
9.71008e-10	0.986022
9.71054e-10	0.985942
9.711e-10	0.985861
9.71147e-10	0.98578
9.71193e-10	0.985699
9.7124e-10	0.985618
9.71286e-10	0.985536
9.71332e-10	0.985454
9.71379e-10	0.985372
9.71425e-10	0.98529
9.71472e-10	0.985207
9.71518e-10	0.985124
9.71565e-10	0.985041
9.71611e-10	0.984958
9.71657e-10	0.984874
9.71704e-10	0.984791
9.7175e-10	0.984707
9.71797e-10	0.984623
9.71843e-10	0.984538
9.71889e-10	0.984454
9.71936e-10	0.984369
9.71982e-10	0.984284
9.72029e-10	0.984198
9.72075e-10	0.984113
9.72122e-10	0.984027
9.72168e-10	0.983941
9.72214e-10	0.983855
9.72261e-10	0.983769
9.72307e-10	0.983682
9.72354e-10	0.983595
9.724e-10	0.983508
9.72447e-10	0.98342
9.72493e-10	0.983333
9.72539e-10	0.983245
9.72586e-10	0.983157
9.72632e-10	0.983069
9.72679e-10	0.98298
9.72725e-10	0.982892
9.72771e-10	0.982803
9.72818e-10	0.982714
9.72864e-10	0.982624
9.72911e-10	0.982534
9.72957e-10	0.982445
9.73004e-10	0.982355
9.7305e-10	0.982264
9.73096e-10	0.982174
9.73143e-10	0.982083
9.73189e-10	0.981992
9.73236e-10	0.981901
9.73282e-10	0.981809
9.73328e-10	0.981718
9.73375e-10	0.981626
9.73421e-10	0.981534
9.73468e-10	0.981441
9.73514e-10	0.981349
9.73561e-10	0.981256
9.73607e-10	0.981163
9.73653e-10	0.98107
9.737e-10	0.980976
9.73746e-10	0.980882
9.73793e-10	0.980789
9.73839e-10	0.980694
9.73885e-10	0.9806
9.73932e-10	0.980505
9.73978e-10	0.980411
9.74025e-10	0.980316
9.74071e-10	0.98022
9.74118e-10	0.980125
9.74164e-10	0.980029
9.7421e-10	0.979933
9.74257e-10	0.979837
9.74303e-10	0.97974
9.7435e-10	0.979644
9.74396e-10	0.979547
9.74442e-10	0.97945
9.74489e-10	0.979352
9.74535e-10	0.979255
9.74582e-10	0.979157
9.74628e-10	0.979059
9.74675e-10	0.978961
9.74721e-10	0.978862
9.74767e-10	0.978764
9.74814e-10	0.978665
9.7486e-10	0.978566
9.74907e-10	0.978466
9.74953e-10	0.978367
9.74999e-10	0.978267
9.75046e-10	0.978167
9.75092e-10	0.978067
9.75139e-10	0.977966
9.75185e-10	0.977865
9.75232e-10	0.977765
9.75278e-10	0.977663
9.75324e-10	0.977562
9.75371e-10	0.97746
9.75417e-10	0.977359
9.75464e-10	0.977256
9.7551e-10	0.977154
9.75556e-10	0.977052
9.75603e-10	0.976949
9.75649e-10	0.976846
9.75696e-10	0.976743
9.75742e-10	0.976639
9.75789e-10	0.976536
9.75835e-10	0.976432
9.75881e-10	0.976328
9.75928e-10	0.976224
9.75974e-10	0.976119
9.76021e-10	0.976014
9.76067e-10	0.975909
9.76113e-10	0.975804
9.7616e-10	0.975699
9.76206e-10	0.975593
9.76253e-10	0.975487
9.76299e-10	0.975381
9.76346e-10	0.975275
9.76392e-10	0.975168
9.76438e-10	0.975061
9.76485e-10	0.974954
9.76531e-10	0.974847
9.76578e-10	0.97474
9.76624e-10	0.974632
9.76671e-10	0.974524
9.76717e-10	0.974416
9.76763e-10	0.974308
9.7681e-10	0.974199
9.76856e-10	0.97409
9.76903e-10	0.973981
9.76949e-10	0.973872
9.76995e-10	0.973762
9.77042e-10	0.973653
9.77088e-10	0.973543
9.77135e-10	0.973433
9.77181e-10	0.973322
9.77228e-10	0.973212
9.77274e-10	0.973101
9.7732e-10	0.97299
9.77367e-10	0.972879
9.77413e-10	0.972767
9.7746e-10	0.972655
9.77506e-10	0.972544
9.77552e-10	0.972431
9.77599e-10	0.972319
9.77645e-10	0.972206
9.77692e-10	0.972094
9.77738e-10	0.971981
9.77785e-10	0.971867
9.77831e-10	0.971754
9.77877e-10	0.97164
9.77924e-10	0.971526
9.7797e-10	0.971412
9.78017e-10	0.971298
9.78063e-10	0.971183
9.78109e-10	0.971068
9.78156e-10	0.970953
9.78202e-10	0.970838
9.78249e-10	0.970722
9.78295e-10	0.970607
9.78342e-10	0.970491
9.78388e-10	0.970375
9.78434e-10	0.970258
9.78481e-10	0.970142
9.78527e-10	0.970025
9.78574e-10	0.969908
9.7862e-10	0.96979
9.78666e-10	0.969673
9.78713e-10	0.969555
9.78759e-10	0.969437
9.78806e-10	0.969319
9.78852e-10	0.969201
9.78899e-10	0.969082
9.78945e-10	0.968963
9.78991e-10	0.968844
9.79038e-10	0.968725
9.79084e-10	0.968606
9.79131e-10	0.968486
9.79177e-10	0.968366
9.79223e-10	0.968246
9.7927e-10	0.968125
9.79316e-10	0.968005
9.79363e-10	0.967884
9.79409e-10	0.967763
9.79456e-10	0.967642
9.79502e-10	0.96752
9.79548e-10	0.967398
9.79595e-10	0.967276
9.79641e-10	0.967154
9.79688e-10	0.967032
9.79734e-10	0.966909
9.7978e-10	0.966787
9.79827e-10	0.966663
9.79873e-10	0.96654
9.7992e-10	0.966417
9.79966e-10	0.966293
9.80013e-10	0.966169
9.80059e-10	0.966045
9.80105e-10	0.965921
9.80152e-10	0.965796
9.80198e-10	0.965671
9.80245e-10	0.965546
9.80291e-10	0.965421
9.80337e-10	0.965296
9.80384e-10	0.96517
9.8043e-10	0.965044
9.80477e-10	0.964918
9.80523e-10	0.964791
9.8057e-10	0.964665
9.80616e-10	0.964538
9.80662e-10	0.964411
9.80709e-10	0.964284
9.80755e-10	0.964156
9.80802e-10	0.964029
9.80848e-10	0.963901
9.80894e-10	0.963773
9.80941e-10	0.963644
9.80987e-10	0.963516
9.81034e-10	0.963387
9.8108e-10	0.963258
9.81127e-10	0.963129
9.81173e-10	0.963
9.81219e-10	0.96287
9.81266e-10	0.96274
9.81312e-10	0.96261
9.81359e-10	0.96248
9.81405e-10	0.962349
9.81452e-10	0.962218
9.81498e-10	0.962087
9.81544e-10	0.961956
9.81591e-10	0.961825
9.81637e-10	0.961693
9.81684e-10	0.961561
9.8173e-10	0.961429
9.81776e-10	0.961297
9.81823e-10	0.961165
9.81869e-10	0.961032
9.81916e-10	0.960899
9.81962e-10	0.960766
9.82009e-10	0.960632
9.82055e-10	0.960499
9.82101e-10	0.960365
9.82148e-10	0.960231
9.82194e-10	0.960097
9.82241e-10	0.959962
9.82287e-10	0.959828
9.82333e-10	0.959693
9.8238e-10	0.959558
9.82426e-10	0.959422
9.82473e-10	0.959287
9.82519e-10	0.959151
9.82566e-10	0.959015
9.82612e-10	0.958879
9.82658e-10	0.958742
9.82705e-10	0.958606
9.82751e-10	0.958469
9.82798e-10	0.958332
9.82844e-10	0.958194
9.8289e-10	0.958057
9.82937e-10	0.957919
9.82983e-10	0.957781
9.8303e-10	0.957643
9.83076e-10	0.957505
9.83123e-10	0.957366
9.83169e-10	0.957227
9.83215e-10	0.957088
9.83262e-10	0.956949
9.83308e-10	0.956809
9.83355e-10	0.95667
9.83401e-10	0.95653
9.83447e-10	0.95639
9.83494e-10	0.956249
9.8354e-10	0.956109
9.83587e-10	0.955968
9.83633e-10	0.955827
9.8368e-10	0.955686
9.83726e-10	0.955544
9.83772e-10	0.955403
9.83819e-10	0.955261
9.83865e-10	0.955119
9.83912e-10	0.954977
9.83958e-10	0.954834
9.84004e-10	0.954691
9.84051e-10	0.954548
9.84097e-10	0.954405
9.84144e-10	0.954262
9.8419e-10	0.954118
9.84237e-10	0.953974
9.84283e-10	0.95383
9.84329e-10	0.953686
9.84376e-10	0.953542
9.84422e-10	0.953397
9.84469e-10	0.953252
9.84515e-10	0.953107
9.84561e-10	0.952962
9.84608e-10	0.952816
9.84654e-10	0.952671
9.84701e-10	0.952525
9.84747e-10	0.952378
9.84794e-10	0.952232
9.8484e-10	0.952085
9.84886e-10	0.951939
9.84933e-10	0.951792
9.84979e-10	0.951644
9.85026e-10	0.951497
9.85072e-10	0.951349
9.85118e-10	0.951201
9.85165e-10	0.951053
9.85211e-10	0.950905
9.85258e-10	0.950756
9.85304e-10	0.950607
9.85351e-10	0.950458
9.85397e-10	0.950309
9.85443e-10	0.95016
9.8549e-10	0.95001
9.85536e-10	0.94986
9.85583e-10	0.94971
9.85629e-10	0.94956
9.85675e-10	0.94941
9.85722e-10	0.949259
9.85768e-10	0.949108
9.85815e-10	0.948957
9.85861e-10	0.948806
9.85908e-10	0.948654
9.85954e-10	0.948502
9.86e-10	0.94835
9.86047e-10	0.948198
9.86093e-10	0.948046
9.8614e-10	0.947893
9.86186e-10	0.94774
9.86233e-10	0.947587
9.86279e-10	0.947434
9.86325e-10	0.94728
9.86372e-10	0.947127
9.86418e-10	0.946973
9.86465e-10	0.946819
9.86511e-10	0.946664
9.86557e-10	0.94651
9.86604e-10	0.946355
9.8665e-10	0.9462
9.86697e-10	0.946045
9.86743e-10	0.94589
9.8679e-10	0.945734
9.86836e-10	0.945578
9.86882e-10	0.945422
9.86929e-10	0.945266
9.86975e-10	0.945109
9.87022e-10	0.944953
9.87068e-10	0.944796
9.87114e-10	0.944639
9.87161e-10	0.944481
9.87207e-10	0.944324
9.87254e-10	0.944166
9.873e-10	0.944008
9.87347e-10	0.94385
9.87393e-10	0.943692
9.87439e-10	0.943533
9.87486e-10	0.943374
9.87532e-10	0.943215
9.87579e-10	0.943056
9.87625e-10	0.942897
9.87671e-10	0.942737
9.87718e-10	0.942577
9.87764e-10	0.942417
9.87811e-10	0.942257
9.87857e-10	0.942096
9.87904e-10	0.941936
9.8795e-10	0.941775
9.87996e-10	0.941614
9.88043e-10	0.941452
9.88089e-10	0.941291
9.88136e-10	0.941129
9.88182e-10	0.940967
9.88228e-10	0.940805
9.88275e-10	0.940642
9.88321e-10	0.94048
9.88368e-10	0.940317
9.88414e-10	0.940154
9.88461e-10	0.939991
9.88507e-10	0.939827
9.88553e-10	0.939664
9.886e-10	0.9395
9.88646e-10	0.939336
9.88693e-10	0.939171
9.88739e-10	0.939007
9.88785e-10	0.938842
9.88832e-10	0.938677
9.88878e-10	0.938512
9.88925e-10	0.938347
9.88971e-10	0.938181
9.89018e-10	0.938016
9.89064e-10	0.93785
9.8911e-10	0.937683
9.89157e-10	0.937517
9.89203e-10	0.93735
9.8925e-10	0.937184
9.89296e-10	0.937017
9.89342e-10	0.936849
9.89389e-10	0.936682
9.89435e-10	0.936514
9.89482e-10	0.936346
9.89528e-10	0.936178
9.89575e-10	0.93601
9.89621e-10	0.935842
9.89667e-10	0.935673
9.89714e-10	0.935504
9.8976e-10	0.935335
9.89807e-10	0.935166
9.89853e-10	0.934996
9.89899e-10	0.934826
9.89946e-10	0.934656
9.89992e-10	0.934486
9.90039e-10	0.934316
9.90085e-10	0.934145
9.90132e-10	0.933974
9.90178e-10	0.933803
9.90224e-10	0.933632
9.90271e-10	0.933461
9.90317e-10	0.933289
9.90364e-10	0.933117
9.9041e-10	0.932945
9.90456e-10	0.932773
9.90503e-10	0.932601
9.90549e-10	0.932428
9.90596e-10	0.932255
9.90642e-10	0.932082
9.90689e-10	0.931909
9.90735e-10	0.931735
9.90781e-10	0.931562
9.90828e-10	0.931388
9.90874e-10	0.931214
9.90921e-10	0.931039
9.90967e-10	0.930865
9.91014e-10	0.93069
9.9106e-10	0.930515
9.91106e-10	0.93034
9.91153e-10	0.930165
9.91199e-10	0.929989
9.91246e-10	0.929813
9.91292e-10	0.929637
9.91338e-10	0.929461
9.91385e-10	0.929285
9.91431e-10	0.929108
9.91478e-10	0.928931
9.91524e-10	0.928754
9.91571e-10	0.928577
9.91617e-10	0.9284
9.91663e-10	0.928222
9.9171e-10	0.928044
9.91756e-10	0.927866
9.91803e-10	0.927688
9.91849e-10	0.92751
9.91895e-10	0.927331
9.91942e-10	0.927152
9.91988e-10	0.926973
9.92035e-10	0.926794
9.92081e-10	0.926614
9.92128e-10	0.926435
9.92174e-10	0.926255
9.9222e-10	0.926075
9.92267e-10	0.925894
9.92313e-10	0.925714
9.9236e-10	0.925533
9.92406e-10	0.925352
9.92452e-10	0.925171
9.92499e-10	0.92499
9.92545e-10	0.924808
9.92592e-10	0.924626
9.92638e-10	0.924444
9.92685e-10	0.924262
9.92731e-10	0.92408
9.92777e-10	0.923898
9.92824e-10	0.923715
9.9287e-10	0.923532
9.92917e-10	0.923349
9.92963e-10	0.923165
9.93009e-10	0.922982
9.93056e-10	0.922798
9.93102e-10	0.922614
9.93149e-10	0.92243
9.93195e-10	0.922245
9.93242e-10	0.922061
9.93288e-10	0.921876
9.93334e-10	0.921691
9.93381e-10	0.921506
9.93427e-10	0.92132
9.93474e-10	0.921135
9.9352e-10	0.920949
9.93566e-10	0.920763
9.93613e-10	0.920577
9.93659e-10	0.92039
9.93706e-10	0.920204
9.93752e-10	0.920017
9.93799e-10	0.91983
9.93845e-10	0.919642
9.93891e-10	0.919455
9.93938e-10	0.919267
9.93984e-10	0.919079
9.94031e-10	0.918891
9.94077e-10	0.918703
9.94123e-10	0.918515
9.9417e-10	0.918326
9.94216e-10	0.918137
9.94263e-10	0.917948
9.94309e-10	0.917759
9.94356e-10	0.917569
9.94402e-10	0.91738
9.94448e-10	0.91719
9.94495e-10	0.917
9.94541e-10	0.916809
9.94588e-10	0.916619
9.94634e-10	0.916428
9.9468e-10	0.916237
9.94727e-10	0.916046
9.94773e-10	0.915855
9.9482e-10	0.915664
9.94866e-10	0.915472
9.94913e-10	0.91528
9.94959e-10	0.915088
9.95005e-10	0.914896
9.95052e-10	0.914703
9.95098e-10	0.91451
9.95145e-10	0.914318
9.95191e-10	0.914124
9.95237e-10	0.913931
9.95284e-10	0.913738
9.9533e-10	0.913544
9.95377e-10	0.91335
9.95423e-10	0.913156
9.9547e-10	0.912962
9.95516e-10	0.912767
9.95562e-10	0.912573
9.95609e-10	0.912378
9.95655e-10	0.912183
9.95702e-10	0.911987
9.95748e-10	0.911792
9.95795e-10	0.911596
9.95841e-10	0.9114
9.95887e-10	0.911204
9.95934e-10	0.911008
9.9598e-10	0.910811
9.96027e-10	0.910614
9.96073e-10	0.910418
9.96119e-10	0.910221
9.96166e-10	0.910023
9.96212e-10	0.909826
9.96259e-10	0.909628
9.96305e-10	0.90943
9.96352e-10	0.909232
9.96398e-10	0.909034
9.96444e-10	0.908835
9.96491e-10	0.908637
9.96537e-10	0.908438
9.96584e-10	0.908239
9.9663e-10	0.908039
9.96676e-10	0.90784
9.96723e-10	0.90764
9.96769e-10	0.90744
9.96816e-10	0.90724
9.96862e-10	0.90704
9.96909e-10	0.906839
9.96955e-10	0.906639
9.97001e-10	0.906438
9.97048e-10	0.906237
9.97094e-10	0.906035
9.97141e-10	0.905834
9.97187e-10	0.905632
9.97233e-10	0.90543
9.9728e-10	0.905228
9.97326e-10	0.905026
9.97373e-10	0.904824
9.97419e-10	0.904621
9.97466e-10	0.904418
9.97512e-10	0.904215
9.97558e-10	0.904012
9.97605e-10	0.903809
9.97651e-10	0.903605
9.97698e-10	0.903401
9.97744e-10	0.903197
9.9779e-10	0.902993
9.97837e-10	0.902788
9.97883e-10	0.902584
9.9793e-10	0.902379
9.97976e-10	0.902174
9.98023e-10	0.901969
9.98069e-10	0.901763
9.98115e-10	0.901558
9.98162e-10	0.901352
9.98208e-10	0.901146
9.98255e-10	0.90094
9.98301e-10	0.900733
9.98347e-10	0.900527
9.98394e-10	0.90032
9.9844e-10	0.900113
9.98487e-10	0.899906
9.98533e-10	0.899698
9.9858e-10	0.899491
9.98626e-10	0.899283
9.98672e-10	0.899075
9.98719e-10	0.898867
9.98765e-10	0.898659
9.98812e-10	0.89845
9.98858e-10	0.898242
9.98904e-10	0.898033
9.98951e-10	0.897823
9.98997e-10	0.897614
9.99044e-10	0.897405
9.9909e-10	0.897195
9.99137e-10	0.896985
9.99183e-10	0.896775
9.99229e-10	0.896565
9.99276e-10	0.896354
9.99322e-10	0.896144
9.99369e-10	0.895933
9.99415e-10	0.895722
9.99461e-10	0.89551
9.99508e-10	0.895299
9.99554e-10	0.895087
9.99601e-10	0.894875
9.99647e-10	0.894663
9.99694e-10	0.894451
9.9974e-10	0.894239
9.99786e-10	0.894026
9.99833e-10	0.893813
9.99879e-10	0.8936
9.99926e-10	0.893387
9.99972e-10	0.893174
1.00002e-09	0.89296
1.00006e-09	0.892746
1.00011e-09	0.892533
1.00016e-09	0.892318
1.0002e-09	0.892104
1.00025e-09	0.89189
1.0003e-09	0.891675
1.00034e-09	0.89146
1.00039e-09	0.891245
1.00044e-09	0.891029
1.00048e-09	0.890814
1.00053e-09	0.890598
1.00058e-09	0.890382
1.00062e-09	0.890166
1.00067e-09	0.88995
1.00071e-09	0.889734
1.00076e-09	0.889517
1.00081e-09	0.8893
1.00085e-09	0.889083
1.0009e-09	0.888866
1.00095e-09	0.888648
1.00099e-09	0.888431
1.00104e-09	0.888213
1.00109e-09	0.887995
1.00113e-09	0.887777
1.00118e-09	0.887559
1.00123e-09	0.88734
1.00127e-09	0.887121
1.00132e-09	0.886902
1.00136e-09	0.886683
1.00141e-09	0.886464
1.00146e-09	0.886244
1.0015e-09	0.886025
1.00155e-09	0.885805
1.0016e-09	0.885585
1.00164e-09	0.885364
1.00169e-09	0.885144
1.00174e-09	0.884923
1.00178e-09	0.884702
1.00183e-09	0.884481
1.00188e-09	0.88426
1.00192e-09	0.884039
1.00197e-09	0.883817
1.00201e-09	0.883595
1.00206e-09	0.883373
1.00211e-09	0.883151
1.00215e-09	0.882929
1.0022e-09	0.882706
1.00225e-09	0.882484
1.00229e-09	0.882261
1.00234e-09	0.882038
1.00239e-09	0.881814
1.00243e-09	0.881591
1.00248e-09	0.881367
1.00253e-09	0.881143
1.00257e-09	0.880919
1.00262e-09	0.880695
1.00266e-09	0.880471
1.00271e-09	0.880246
1.00276e-09	0.880021
1.0028e-09	0.879796
1.00285e-09	0.879571
1.0029e-09	0.879346
1.00294e-09	0.87912
1.00299e-09	0.878894
1.00304e-09	0.878668
1.00308e-09	0.878442
1.00313e-09	0.878216
1.00317e-09	0.877989
1.00322e-09	0.877763
1.00327e-09	0.877536
1.00331e-09	0.877309
1.00336e-09	0.877082
1.00341e-09	0.876854
1.00345e-09	0.876627
1.0035e-09	0.876399
1.00355e-09	0.876171
1.00359e-09	0.875943
1.00364e-09	0.875714
1.00369e-09	0.875486
1.00373e-09	0.875257
1.00378e-09	0.875028
1.00382e-09	0.874799
1.00387e-09	0.87457
1.00392e-09	0.87434
1.00396e-09	0.874111
1.00401e-09	0.873881
1.00406e-09	0.873651
1.0041e-09	0.873421
1.00415e-09	0.87319
1.0042e-09	0.87296
1.00424e-09	0.872729
1.00429e-09	0.872498
1.00434e-09	0.872267
1.00438e-09	0.872035
1.00443e-09	0.871804
1.00447e-09	0.871572
1.00452e-09	0.87134
1.00457e-09	0.871108
1.00461e-09	0.870876
1.00466e-09	0.870643
1.00471e-09	0.870411
1.00475e-09	0.870178
1.0048e-09	0.869945
1.00485e-09	0.869712
1.00489e-09	0.869479
1.00494e-09	0.869245
1.00499e-09	0.869011
1.00503e-09	0.868777
1.00508e-09	0.868543
1.00512e-09	0.868309
1.00517e-09	0.868075
1.00522e-09	0.86784
1.00526e-09	0.867605
1.00531e-09	0.86737
1.00536e-09	0.867135
1.0054e-09	0.8669
1.00545e-09	0.866664
1.0055e-09	0.866428
1.00554e-09	0.866192
1.00559e-09	0.865956
1.00564e-09	0.86572
1.00568e-09	0.865484
1.00573e-09	0.865247
1.00577e-09	0.86501
1.00582e-09	0.864773
1.00587e-09	0.864536
1.00591e-09	0.864298
1.00596e-09	0.864061
1.00601e-09	0.863823
1.00605e-09	0.863585
1.0061e-09	0.863347
1.00615e-09	0.863109
1.00619e-09	0.86287
1.00624e-09	0.862632
1.00628e-09	0.862393
1.00633e-09	0.862154
1.00638e-09	0.861915
1.00642e-09	0.861675
1.00647e-09	0.861436
1.00652e-09	0.861196
1.00656e-09	0.860956
1.00661e-09	0.860716
1.00666e-09	0.860476
1.0067e-09	0.860235
1.00675e-09	0.859995
1.0068e-09	0.859754
1.00684e-09	0.859513
1.00689e-09	0.859272
1.00693e-09	0.85903
1.00698e-09	0.858789
1.00703e-09	0.858547
1.00707e-09	0.858305
1.00712e-09	0.858063
1.00717e-09	0.857821
1.00721e-09	0.857578
1.00726e-09	0.857336
1.00731e-09	0.857093
1.00735e-09	0.85685
1.0074e-09	0.856607
1.00745e-09	0.856364
1.00749e-09	0.85612
1.00754e-09	0.855876
1.00758e-09	0.855632
1.00763e-09	0.855388
1.00768e-09	0.855144
1.00772e-09	0.8549
1.00777e-09	0.854655
1.00782e-09	0.85441
1.00786e-09	0.854165
1.00791e-09	0.85392
1.00796e-09	0.853675
1.008e-09	0.85343
1.00805e-09	0.853184
1.0081e-09	0.852938
1.00814e-09	0.852692
1.00819e-09	0.852446
1.00823e-09	0.8522
1.00828e-09	0.851953
1.00833e-09	0.851706
1.00837e-09	0.85146
1.00842e-09	0.851212
1.00847e-09	0.850965
1.00851e-09	0.850718
1.00856e-09	0.85047
1.00861e-09	0.850222
1.00865e-09	0.849974
1.0087e-09	0.849726
1.00874e-09	0.849478
1.00879e-09	0.84923
1.00884e-09	0.848981
1.00888e-09	0.848732
1.00893e-09	0.848483
1.00898e-09	0.848234
1.00902e-09	0.847984
1.00907e-09	0.847735
1.00912e-09	0.847485
1.00916e-09	0.847235
1.00921e-09	0.846985
1.00926e-09	0.846735
1.0093e-09	0.846485
1.00935e-09	0.846234
1.00939e-09	0.845983
1.00944e-09	0.845732
1.00949e-09	0.845481
1.00953e-09	0.84523
1.00958e-09	0.844978
1.00963e-09	0.844727
1.00967e-09	0.844475
1.00972e-09	0.844223
1.00977e-09	0.843971
1.00981e-09	0.843719
1.00986e-09	0.843466
1.00991e-09	0.843213
1.00995e-09	0.84296
1.01e-09	0.842707
1.01004e-09	0.842454
1.01009e-09	0.842201
1.01014e-09	0.841947
1.01018e-09	0.841694
1.01023e-09	0.84144
1.01028e-09	0.841186
1.01032e-09	0.840931
1.01037e-09	0.840677
1.01042e-09	0.840422
1.01046e-09	0.840168
1.01051e-09	0.839913
1.01056e-09	0.839658
1.0106e-09	0.839402
1.01065e-09	0.839147
1.01069e-09	0.838891
1.01074e-09	0.838635
1.01079e-09	0.838379
1.01083e-09	0.838123
1.01088e-09	0.837867
1.01093e-09	0.83761
1.01097e-09	0.837354
1.01102e-09	0.837097
1.01107e-09	0.83684
1.01111e-09	0.836583
1.01116e-09	0.836325
1.01121e-09	0.836068
1.01125e-09	0.83581
1.0113e-09	0.835552
1.01134e-09	0.835294
1.01139e-09	0.835036
1.01144e-09	0.834778
1.01148e-09	0.834519
1.01153e-09	0.834261
1.01158e-09	0.834002
1.01162e-09	0.833743
1.01167e-09	0.833483
1.01172e-09	0.833224
1.01176e-09	0.832964
1.01181e-09	0.832705
1.01185e-09	0.832445
1.0119e-09	0.832185
1.01195e-09	0.831924
1.01199e-09	0.831664
1.01204e-09	0.831403
1.01209e-09	0.831143
1.01213e-09	0.830882
1.01218e-09	0.830621
1.01223e-09	0.830359
1.01227e-09	0.830098
1.01232e-09	0.829836
1.01237e-09	0.829575
1.01241e-09	0.829313
1.01246e-09	0.829051
1.0125e-09	0.828788
1.01255e-09	0.828526
1.0126e-09	0.828263
1.01264e-09	0.828
1.01269e-09	0.827738
1.01274e-09	0.827474
1.01278e-09	0.827211
1.01283e-09	0.826948
1.01288e-09	0.826684
1.01292e-09	0.82642
1.01297e-09	0.826156
1.01302e-09	0.825892
1.01306e-09	0.825628
1.01311e-09	0.825363
1.01315e-09	0.825099
1.0132e-09	0.824834
1.01325e-09	0.824569
1.01329e-09	0.824304
1.01334e-09	0.824039
1.01339e-09	0.823773
1.01343e-09	0.823508
1.01348e-09	0.823242
1.01353e-09	0.822976
1.01357e-09	0.82271
1.01362e-09	0.822443
1.01367e-09	0.822177
1.01371e-09	0.82191
1.01376e-09	0.821644
1.0138e-09	0.821377
1.01385e-09	0.821109
1.0139e-09	0.820842
1.01394e-09	0.820575
1.01399e-09	0.820307
1.01404e-09	0.820039
1.01408e-09	0.819771
1.01413e-09	0.819503
1.01418e-09	0.819235
1.01422e-09	0.818967
1.01427e-09	0.818698
1.01432e-09	0.818429
1.01436e-09	0.81816
1.01441e-09	0.817891
1.01445e-09	0.817622
1.0145e-09	0.817352
1.01455e-09	0.817083
1.01459e-09	0.816813
1.01464e-09	0.816543
1.01469e-09	0.816273
1.01473e-09	0.816003
1.01478e-09	0.815732
1.01483e-09	0.815462
1.01487e-09	0.815191
1.01492e-09	0.81492
1.01496e-09	0.814649
1.01501e-09	0.814378
1.01506e-09	0.814107
1.0151e-09	0.813835
1.01515e-09	0.813563
1.0152e-09	0.813291
1.01524e-09	0.813019
1.01529e-09	0.812747
1.01534e-09	0.812475
1.01538e-09	0.812202
1.01543e-09	0.81193
1.01548e-09	0.811657
1.01552e-09	0.811384
1.01557e-09	0.81111
1.01561e-09	0.810837
1.01566e-09	0.810564
1.01571e-09	0.81029
1.01575e-09	0.810016
1.0158e-09	0.809742
1.01585e-09	0.809468
1.01589e-09	0.809194
1.01594e-09	0.808919
1.01599e-09	0.808645
1.01603e-09	0.80837
1.01608e-09	0.808095
1.01613e-09	0.80782
1.01617e-09	0.807544
1.01622e-09	0.807269
1.01626e-09	0.806993
1.01631e-09	0.806718
1.01636e-09	0.806442
1.0164e-09	0.806166
1.01645e-09	0.805889
1.0165e-09	0.805613
1.01654e-09	0.805336
1.01659e-09	0.80506
1.01664e-09	0.804783
1.01668e-09	0.804506
1.01673e-09	0.804229
1.01678e-09	0.803951
1.01682e-09	0.803674
1.01687e-09	0.803396
1.01691e-09	0.803118
1.01696e-09	0.80284
1.01701e-09	0.802562
1.01705e-09	0.802284
1.0171e-09	0.802005
1.01715e-09	0.801727
1.01719e-09	0.801448
1.01724e-09	0.801169
1.01729e-09	0.80089
1.01733e-09	0.800611
1.01738e-09	0.800331
1.01743e-09	0.800052
1.01747e-09	0.799772
1.01752e-09	0.799492
1.01756e-09	0.799212
1.01761e-09	0.798932
1.01766e-09	0.798651
1.0177e-09	0.798371
1.01775e-09	0.79809
1.0178e-09	0.797809
1.01784e-09	0.797528
1.01789e-09	0.797247
1.01794e-09	0.796966
1.01798e-09	0.796684
1.01803e-09	0.796403
1.01807e-09	0.796121
1.01812e-09	0.795839
1.01817e-09	0.795557
1.01821e-09	0.795275
1.01826e-09	0.794992
1.01831e-09	0.79471
1.01835e-09	0.794427
1.0184e-09	0.794144
1.01845e-09	0.793861
1.01849e-09	0.793578
1.01854e-09	0.793295
1.01859e-09	0.793011
1.01863e-09	0.792728
1.01868e-09	0.792444
1.01872e-09	0.79216
1.01877e-09	0.791876
1.01882e-09	0.791591
1.01886e-09	0.791307
1.01891e-09	0.791022
1.01896e-09	0.790738
1.019e-09	0.790453
1.01905e-09	0.790168
1.0191e-09	0.789883
1.01914e-09	0.789597
1.01919e-09	0.789312
1.01924e-09	0.789026
1.01928e-09	0.78874
1.01933e-09	0.788454
1.01937e-09	0.788168
1.01942e-09	0.787882
1.01947e-09	0.787596
1.01951e-09	0.787309
1.01956e-09	0.787022
1.01961e-09	0.786735
1.01965e-09	0.786448
1.0197e-09	0.786161
1.01975e-09	0.785874
1.01979e-09	0.785586
1.01984e-09	0.785299
1.01989e-09	0.785011
1.01993e-09	0.784723
1.01998e-09	0.784435
1.02002e-09	0.784147
1.02007e-09	0.783858
1.02012e-09	0.78357
1.02016e-09	0.783281
1.02021e-09	0.782992
1.02026e-09	0.782703
1.0203e-09	0.782414
1.02035e-09	0.782125
1.0204e-09	0.781835
1.02044e-09	0.781546
1.02049e-09	0.781256
1.02054e-09	0.780966
1.02058e-09	0.780676
1.02063e-09	0.780386
1.02067e-09	0.780095
1.02072e-09	0.779805
1.02077e-09	0.779514
1.02081e-09	0.779223
1.02086e-09	0.778932
1.02091e-09	0.778641
1.02095e-09	0.77835
1.021e-09	0.778059
1.02105e-09	0.777767
1.02109e-09	0.777475
1.02114e-09	0.777184
1.02118e-09	0.776892
1.02123e-09	0.776599
1.02128e-09	0.776307
1.02132e-09	0.776015
1.02137e-09	0.775722
1.02142e-09	0.775429
1.02146e-09	0.775136
1.02151e-09	0.774843
1.02156e-09	0.77455
1.0216e-09	0.774257
1.02165e-09	0.773963
1.0217e-09	0.77367
1.02174e-09	0.773376
1.02179e-09	0.773082
1.02183e-09	0.772788
1.02188e-09	0.772494
1.02193e-09	0.772199
1.02197e-09	0.771905
1.02202e-09	0.77161
1.02207e-09	0.771315
1.02211e-09	0.77102
1.02216e-09	0.770725
1.02221e-09	0.77043
1.02225e-09	0.770134
1.0223e-09	0.769839
1.02235e-09	0.769543
1.02239e-09	0.769247
1.02244e-09	0.768951
1.02248e-09	0.768655
1.02253e-09	0.768359
1.02258e-09	0.768062
1.02262e-09	0.767766
1.02267e-09	0.767469
1.02272e-09	0.767172
1.02276e-09	0.766875
1.02281e-09	0.766578
1.02286e-09	0.766281
1.0229e-09	0.765983
1.02295e-09	0.765686
1.023e-09	0.765388
1.02304e-09	0.76509
1.02309e-09	0.764792
1.02313e-09	0.764494
1.02318e-09	0.764195
1.02323e-09	0.763897
1.02327e-09	0.763598
1.02332e-09	0.7633
1.02337e-09	0.763001
1.02341e-09	0.762702
1.02346e-09	0.762402
1.02351e-09	0.762103
1.02355e-09	0.761804
1.0236e-09	0.761504
1.02365e-09	0.761204
1.02369e-09	0.760904
1.02374e-09	0.760604
1.02378e-09	0.760304
1.02383e-09	0.760004
1.02388e-09	0.759703
1.02392e-09	0.759403
1.02397e-09	0.759102
1.02402e-09	0.758801
1.02406e-09	0.7585
1.02411e-09	0.758199
1.02416e-09	0.757897
1.0242e-09	0.757596
1.02425e-09	0.757294
1.02429e-09	0.756993
1.02434e-09	0.756691
1.02439e-09	0.756389
1.02443e-09	0.756086
1.02448e-09	0.755784
1.02453e-09	0.755482
1.02457e-09	0.755179
1.02462e-09	0.754876
1.02467e-09	0.754573
1.02471e-09	0.75427
1.02476e-09	0.753967
1.02481e-09	0.753664
1.02485e-09	0.753361
1.0249e-09	0.753057
1.02494e-09	0.752753
1.02499e-09	0.752449
1.02504e-09	0.752145
1.02508e-09	0.751841
1.02513e-09	0.751537
1.02518e-09	0.751232
1.02522e-09	0.750928
1.02527e-09	0.750623
1.02532e-09	0.750318
1.02536e-09	0.750013
1.02541e-09	0.749708
1.02546e-09	0.749403
1.0255e-09	0.749097
1.02555e-09	0.748792
1.02559e-09	0.748486
1.02564e-09	0.74818
1.02569e-09	0.747874
1.02573e-09	0.747568
1.02578e-09	0.747262
1.02583e-09	0.746956
1.02587e-09	0.746649
1.02592e-09	0.746343
1.02597e-09	0.746036
1.02601e-09	0.745729
1.02606e-09	0.745422
1.02611e-09	0.745115
1.02615e-09	0.744807
1.0262e-09	0.7445
1.02624e-09	0.744192
1.02629e-09	0.743884
1.02634e-09	0.743576
1.02638e-09	0.743268
1.02643e-09	0.74296
1.02648e-09	0.742652
1.02652e-09	0.742344
1.02657e-09	0.742035
1.02662e-09	0.741726
1.02666e-09	0.741417
1.02671e-09	0.741108
1.02675e-09	0.740799
1.0268e-09	0.74049
1.02685e-09	0.740181
1.02689e-09	0.739871
1.02694e-09	0.739561
1.02699e-09	0.739252
1.02703e-09	0.738942
1.02708e-09	0.738632
1.02713e-09	0.738321
1.02717e-09	0.738011
1.02722e-09	0.737701
1.02727e-09	0.73739
1.02731e-09	0.737079
1.02736e-09	0.736768
1.0274e-09	0.736457
1.02745e-09	0.736146
1.0275e-09	0.735835
1.02754e-09	0.735524
1.02759e-09	0.735212
1.02764e-09	0.7349
1.02768e-09	0.734589
1.02773e-09	0.734277
1.02778e-09	0.733965
1.02782e-09	0.733652
1.02787e-09	0.73334
1.02792e-09	0.733028
1.02796e-09	0.732715
1.02801e-09	0.732402
1.02805e-09	0.732089
1.0281e-09	0.731776
1.02815e-09	0.731463
1.02819e-09	0.73115
1.02824e-09	0.730836
1.02829e-09	0.730523
1.02833e-09	0.730209
1.02838e-09	0.729895
1.02843e-09	0.729581
1.02847e-09	0.729267
1.02852e-09	0.728953
1.02857e-09	0.728639
1.02861e-09	0.728324
1.02866e-09	0.72801
1.0287e-09	0.727695
1.02875e-09	0.72738
1.0288e-09	0.727065
1.02884e-09	0.72675
1.02889e-09	0.726435
1.02894e-09	0.72612
1.02898e-09	0.725804
1.02903e-09	0.725488
1.02908e-09	0.725173
1.02912e-09	0.724857
1.02917e-09	0.724541
1.02922e-09	0.724225
1.02926e-09	0.723908
1.02931e-09	0.723592
1.02935e-09	0.723275
1.0294e-09	0.722959
1.02945e-09	0.722642
1.02949e-09	0.722325
1.02954e-09	0.722008
1.02959e-09	0.721691
1.02963e-09	0.721373
1.02968e-09	0.721056
1.02973e-09	0.720738
1.02977e-09	0.720421
1.02982e-09	0.720103
1.02986e-09	0.719785
1.02991e-09	0.719467
1.02996e-09	0.719148
1.03e-09	0.71883
1.03005e-09	0.718512
1.0301e-09	0.718193
1.03014e-09	0.717874
1.03019e-09	0.717555
1.03024e-09	0.717236
1.03028e-09	0.716917
1.03033e-09	0.716598
1.03038e-09	0.716279
1.03042e-09	0.715959
1.03047e-09	0.71564
1.03051e-09	0.71532
1.03056e-09	0.715
1.03061e-09	0.71468
1.03065e-09	0.71436
1.0307e-09	0.71404
1.03075e-09	0.713719
1.03079e-09	0.713399
1.03084e-09	0.713078
1.03089e-09	0.712757
1.03093e-09	0.712436
1.03098e-09	0.712116
1.03103e-09	0.711794
1.03107e-09	0.711473
1.03112e-09	0.711152
1.03116e-09	0.71083
1.03121e-09	0.710509
1.03126e-09	0.710187
1.0313e-09	0.709865
1.03135e-09	0.709543
1.0314e-09	0.709221
1.03144e-09	0.708899
1.03149e-09	0.708576
1.03154e-09	0.708254
1.03158e-09	0.707931
1.03163e-09	0.707608
1.03168e-09	0.707285
1.03172e-09	0.706962
1.03177e-09	0.706639
1.03181e-09	0.706316
1.03186e-09	0.705993
1.03191e-09	0.705669
1.03195e-09	0.705346
1.032e-09	0.705022
1.03205e-09	0.704698
1.03209e-09	0.704374
1.03214e-09	0.70405
1.03219e-09	0.703726
1.03223e-09	0.703401
1.03228e-09	0.703077
1.03233e-09	0.702752
1.03237e-09	0.702428
1.03242e-09	0.702103
1.03246e-09	0.701778
1.03251e-09	0.701453
1.03256e-09	0.701128
1.0326e-09	0.700802
1.03265e-09	0.700477
1.0327e-09	0.700151
1.03274e-09	0.699826
1.03279e-09	0.6995
1.03284e-09	0.699174
1.03288e-09	0.698848
1.03293e-09	0.698522
1.03297e-09	0.698195
1.03302e-09	0.697869
1.03307e-09	0.697542
1.03311e-09	0.697216
1.03316e-09	0.696889
1.03321e-09	0.696562
1.03325e-09	0.696235
1.0333e-09	0.695908
1.03335e-09	0.695581
1.03339e-09	0.695253
1.03344e-09	0.694926
1.03349e-09	0.694598
1.03353e-09	0.694271
1.03358e-09	0.693943
1.03362e-09	0.693615
1.03367e-09	0.693287
1.03372e-09	0.692958
1.03376e-09	0.69263
1.03381e-09	0.692302
1.03386e-09	0.691973
1.0339e-09	0.691644
1.03395e-09	0.691316
1.034e-09	0.690987
1.03404e-09	0.690658
1.03409e-09	0.690329
1.03414e-09	0.689999
1.03418e-09	0.68967
1.03423e-09	0.689341
1.03427e-09	0.689011
1.03432e-09	0.688681
1.03437e-09	0.688351
1.03441e-09	0.688021
1.03446e-09	0.687691
1.03451e-09	0.687361
1.03455e-09	0.687031
1.0346e-09	0.6867
1.03465e-09	0.68637
1.03469e-09	0.686039
1.03474e-09	0.685708
1.03479e-09	0.685378
1.03483e-09	0.685047
1.03488e-09	0.684715
1.03492e-09	0.684384
1.03497e-09	0.684053
1.03502e-09	0.683721
1.03506e-09	0.68339
1.03511e-09	0.683058
1.03516e-09	0.682726
1.0352e-09	0.682394
1.03525e-09	0.682062
1.0353e-09	0.68173
1.03534e-09	0.681398
1.03539e-09	0.681066
1.03544e-09	0.680733
1.03548e-09	0.6804
1.03553e-09	0.680068
1.03557e-09	0.679735
1.03562e-09	0.679402
1.03567e-09	0.679069
1.03571e-09	0.678736
1.03576e-09	0.678402
1.03581e-09	0.678069
1.03585e-09	0.677736
1.0359e-09	0.677402
1.03595e-09	0.677068
1.03599e-09	0.676734
1.03604e-09	0.6764
1.03608e-09	0.676066
1.03613e-09	0.675732
1.03618e-09	0.675398
1.03622e-09	0.675063
1.03627e-09	0.674729
1.03632e-09	0.674394
1.03636e-09	0.674059
1.03641e-09	0.673725
1.03646e-09	0.67339
1.0365e-09	0.673055
1.03655e-09	0.672719
1.0366e-09	0.672384
1.03664e-09	0.672049
1.03669e-09	0.671713
1.03673e-09	0.671377
1.03678e-09	0.671042
1.03683e-09	0.670706
1.03687e-09	0.67037
1.03692e-09	0.670034
1.03697e-09	0.669698
1.03701e-09	0.669361
1.03706e-09	0.669025
1.03711e-09	0.668688
1.03715e-09	0.668352
1.0372e-09	0.668015
1.03725e-09	0.667678
1.03729e-09	0.667341
1.03734e-09	0.667004
1.03738e-09	0.666667
1.03743e-09	0.66633
1.03748e-09	0.665992
1.03752e-09	0.665655
1.03757e-09	0.665317
1.03762e-09	0.66498
1.03766e-09	0.664642
1.03771e-09	0.664304
1.03776e-09	0.663966
1.0378e-09	0.663628
1.03785e-09	0.663289
1.0379e-09	0.662951
1.03794e-09	0.662612
1.03799e-09	0.662274
1.03803e-09	0.661935
1.03808e-09	0.661596
1.03813e-09	0.661258
1.03817e-09	0.660919
1.03822e-09	0.660579
1.03827e-09	0.66024
1.03831e-09	0.659901
1.03836e-09	0.659561
1.03841e-09	0.659222
1.03845e-09	0.658882
1.0385e-09	0.658543
1.03855e-09	0.658203
1.03859e-09	0.657863
1.03864e-09	0.657523
1.03868e-09	0.657183
1.03873e-09	0.656842
1.03878e-09	0.656502
1.03882e-09	0.656161
1.03887e-09	0.655821
1.03892e-09	0.65548
1.03896e-09	0.655139
1.03901e-09	0.654798
1.03906e-09	0.654457
1.0391e-09	0.654116
1.03915e-09	0.653775
1.03919e-09	0.653434
1.03924e-09	0.653092
1.03929e-09	0.652751
1.03933e-09	0.652409
1.03938e-09	0.652067
1.03943e-09	0.651725
1.03947e-09	0.651384
1.03952e-09	0.651042
1.03957e-09	0.650699
1.03961e-09	0.650357
1.03966e-09	0.650015
1.03971e-09	0.649672
1.03975e-09	0.64933
1.0398e-09	0.648987
1.03984e-09	0.648644
1.03989e-09	0.648301
1.03994e-09	0.647958
1.03998e-09	0.647615
1.04003e-09	0.647272
1.04008e-09	0.646929
1.04012e-09	0.646586
1.04017e-09	0.646242
1.04022e-09	0.645898
1.04026e-09	0.645555
1.04031e-09	0.645211
1.04036e-09	0.644867
1.0404e-09	0.644523
1.04045e-09	0.644179
1.04049e-09	0.643835
1.04054e-09	0.64349
1.04059e-09	0.643146
1.04063e-09	0.642802
1.04068e-09	0.642457
1.04073e-09	0.642112
1.04077e-09	0.641768
1.04082e-09	0.641423
1.04087e-09	0.641078
1.04091e-09	0.640733
1.04096e-09	0.640387
1.04101e-09	0.640042
1.04105e-09	0.639697
1.0411e-09	0.639351
1.04114e-09	0.639006
1.04119e-09	0.63866
1.04124e-09	0.638314
1.04128e-09	0.637968
1.04133e-09	0.637622
1.04138e-09	0.637276
1.04142e-09	0.63693
1.04147e-09	0.636584
1.04152e-09	0.636237
1.04156e-09	0.635891
1.04161e-09	0.635544
1.04165e-09	0.635198
1.0417e-09	0.634851
1.04175e-09	0.634504
1.04179e-09	0.634157
1.04184e-09	0.63381
1.04189e-09	0.633463
1.04193e-09	0.633116
1.04198e-09	0.632768
1.04203e-09	0.632421
1.04207e-09	0.632073
1.04212e-09	0.631726
1.04217e-09	0.631378
1.04221e-09	0.63103
1.04226e-09	0.630682
1.0423e-09	0.630334
1.04235e-09	0.629986
1.0424e-09	0.629638
1.04244e-09	0.62929
1.04249e-09	0.628941
1.04254e-09	0.628593
1.04258e-09	0.628244
1.04263e-09	0.627895
1.04268e-09	0.627546
1.04272e-09	0.627198
1.04277e-09	0.626849
1.04282e-09	0.6265
1.04286e-09	0.62615
1.04291e-09	0.625801
1.04295e-09	0.625452
1.043e-09	0.625102
1.04305e-09	0.624753
1.04309e-09	0.624403
1.04314e-09	0.624053
1.04319e-09	0.623704
1.04323e-09	0.623354
1.04328e-09	0.623004
1.04333e-09	0.622654
1.04337e-09	0.622303
1.04342e-09	0.621953
1.04347e-09	0.621603
1.04351e-09	0.621252
1.04356e-09	0.620902
1.0436e-09	0.620551
1.04365e-09	0.6202
1.0437e-09	0.61985
1.04374e-09	0.619499
1.04379e-09	0.619148
1.04384e-09	0.618796
1.04388e-09	0.618445
1.04393e-09	0.618094
1.04398e-09	0.617743
1.04402e-09	0.617391
1.04407e-09	0.61704
1.04412e-09	0.616688
1.04416e-09	0.616336
1.04421e-09	0.615984
1.04425e-09	0.615632
1.0443e-09	0.61528
1.04435e-09	0.614928
1.04439e-09	0.614576
1.04444e-09	0.614224
1.04449e-09	0.613871
1.04453e-09	0.613519
1.04458e-09	0.613166
1.04463e-09	0.612814
1.04467e-09	0.612461
1.04472e-09	0.612108
1.04476e-09	0.611755
1.04481e-09	0.611402
1.04486e-09	0.611049
1.0449e-09	0.610696
1.04495e-09	0.610342
1.045e-09	0.609989
1.04504e-09	0.609636
1.04509e-09	0.609282
1.04514e-09	0.608928
1.04518e-09	0.608575
1.04523e-09	0.608221
1.04528e-09	0.607867
1.04532e-09	0.607513
1.04537e-09	0.607159
1.04541e-09	0.606805
1.04546e-09	0.606451
1.04551e-09	0.606096
1.04555e-09	0.605742
1.0456e-09	0.605387
1.04565e-09	0.605033
1.04569e-09	0.604678
1.04574e-09	0.604323
1.04579e-09	0.603968
1.04583e-09	0.603613
1.04588e-09	0.603258
1.04593e-09	0.602903
1.04597e-09	0.602548
1.04602e-09	0.602193
1.04606e-09	0.601837
1.04611e-09	0.601482
1.04616e-09	0.601126
1.0462e-09	0.600771
1.04625e-09	0.600415
1.0463e-09	0.600059
1.04634e-09	0.599703
1.04639e-09	0.599347
1.04644e-09	0.598991
1.04648e-09	0.598635
1.04653e-09	0.598279
1.04658e-09	0.597923
1.04662e-09	0.597566
1.04667e-09	0.59721
1.04671e-09	0.596853
1.04676e-09	0.596497
1.04681e-09	0.59614
1.04685e-09	0.595783
1.0469e-09	0.595426
1.04695e-09	0.595069
1.04699e-09	0.594712
1.04704e-09	0.594355
1.04709e-09	0.593998
1.04713e-09	0.59364
1.04718e-09	0.593283
1.04723e-09	0.592926
1.04727e-09	0.592568
1.04732e-09	0.59221
1.04736e-09	0.591853
1.04741e-09	0.591495
1.04746e-09	0.591137
1.0475e-09	0.590779
1.04755e-09	0.590421
1.0476e-09	0.590063
1.04764e-09	0.589705
1.04769e-09	0.589346
1.04774e-09	0.588988
1.04778e-09	0.588629
1.04783e-09	0.588271
1.04787e-09	0.587912
1.04792e-09	0.587554
1.04797e-09	0.587195
1.04801e-09	0.586836
1.04806e-09	0.586477
1.04811e-09	0.586118
1.04815e-09	0.585759
1.0482e-09	0.5854
1.04825e-09	0.58504
1.04829e-09	0.584681
1.04834e-09	0.584322
1.04839e-09	0.583962
1.04843e-09	0.583603
1.04848e-09	0.583243
1.04852e-09	0.582883
1.04857e-09	0.582523
1.04862e-09	0.582164
1.04866e-09	0.581804
1.04871e-09	0.581443
1.04876e-09	0.581083
1.0488e-09	0.580723
1.04885e-09	0.580363
1.0489e-09	0.580002
1.04894e-09	0.579642
1.04899e-09	0.579282
1.04904e-09	0.578921
1.04908e-09	0.57856
1.04913e-09	0.5782
1.04917e-09	0.577839
1.04922e-09	0.577478
1.04927e-09	0.577117
1.04931e-09	0.576756
1.04936e-09	0.576395
1.04941e-09	0.576033
1.04945e-09	0.575672
1.0495e-09	0.575311
1.04955e-09	0.574949
1.04959e-09	0.574588
1.04964e-09	0.574226
1.04969e-09	0.573864
1.04973e-09	0.573503
1.04978e-09	0.573141
1.04982e-09	0.572779
1.04987e-09	0.572417
1.04992e-09	0.572055
1.04996e-09	0.571693
1.05001e-09	0.571331
1.05006e-09	0.570968
1.0501e-09	0.570606
1.05015e-09	0.570244
1.0502e-09	0.569881
1.05024e-09	0.569519
1.05029e-09	0.569156
1.05034e-09	0.568793
1.05038e-09	0.56843
1.05043e-09	0.568067
1.05047e-09	0.567705
1.05052e-09	0.567342
1.05057e-09	0.566978
1.05061e-09	0.566615
1.05066e-09	0.566252
1.05071e-09	0.565889
1.05075e-09	0.565525
1.0508e-09	0.565162
1.05085e-09	0.564798
1.05089e-09	0.564435
1.05094e-09	0.564071
1.05098e-09	0.563707
1.05103e-09	0.563344
1.05108e-09	0.56298
1.05112e-09	0.562616
1.05117e-09	0.562252
1.05122e-09	0.561888
1.05126e-09	0.561523
1.05131e-09	0.561159
1.05136e-09	0.560795
1.0514e-09	0.56043
1.05145e-09	0.560066
1.0515e-09	0.559701
1.05154e-09	0.559337
1.05159e-09	0.558972
1.05163e-09	0.558607
1.05168e-09	0.558243
1.05173e-09	0.557878
1.05177e-09	0.557513
1.05182e-09	0.557148
1.05187e-09	0.556783
1.05191e-09	0.556417
1.05196e-09	0.556052
1.05201e-09	0.555687
1.05205e-09	0.555322
1.0521e-09	0.554956
1.05215e-09	0.554591
1.05219e-09	0.554225
1.05224e-09	0.553859
1.05228e-09	0.553494
1.05233e-09	0.553128
1.05238e-09	0.552762
1.05242e-09	0.552396
1.05247e-09	0.55203
1.05252e-09	0.551664
1.05256e-09	0.551298
1.05261e-09	0.550932
1.05266e-09	0.550565
1.0527e-09	0.550199
1.05275e-09	0.549833
1.0528e-09	0.549466
1.05284e-09	0.5491
1.05289e-09	0.548733
1.05293e-09	0.548366
1.05298e-09	0.548
1.05303e-09	0.547633
1.05307e-09	0.547266
1.05312e-09	0.546899
1.05317e-09	0.546532
1.05321e-09	0.546165
1.05326e-09	0.545798
1.05331e-09	0.545431
1.05335e-09	0.545063
1.0534e-09	0.544696
1.05345e-09	0.544329
1.05349e-09	0.543961
1.05354e-09	0.543594
1.05358e-09	0.543226
1.05363e-09	0.542858
1.05368e-09	0.542491
1.05372e-09	0.542123
1.05377e-09	0.541755
1.05382e-09	0.541387
1.05386e-09	0.541019
1.05391e-09	0.540651
1.05396e-09	0.540283
1.054e-09	0.539915
1.05405e-09	0.539547
1.05409e-09	0.539178
1.05414e-09	0.53881
1.05419e-09	0.538442
1.05423e-09	0.538073
1.05428e-09	0.537705
1.05433e-09	0.537336
1.05437e-09	0.536967
1.05442e-09	0.536598
1.05447e-09	0.53623
1.05451e-09	0.535861
1.05456e-09	0.535492
1.05461e-09	0.535123
1.05465e-09	0.534754
1.0547e-09	0.534385
1.05474e-09	0.534016
1.05479e-09	0.533646
1.05484e-09	0.533277
1.05488e-09	0.532908
1.05493e-09	0.532538
1.05498e-09	0.532169
1.05502e-09	0.531799
1.05507e-09	0.53143
1.05512e-09	0.53106
1.05516e-09	0.53069
1.05521e-09	0.53032
1.05526e-09	0.52995
1.0553e-09	0.529581
1.05535e-09	0.529211
1.05539e-09	0.528841
1.05544e-09	0.52847
1.05549e-09	0.5281
1.05553e-09	0.52773
1.05558e-09	0.52736
1.05563e-09	0.52699
1.05567e-09	0.526619
1.05572e-09	0.526249
1.05577e-09	0.525878
1.05581e-09	0.525508
1.05586e-09	0.525137
1.05591e-09	0.524766
1.05595e-09	0.524396
1.056e-09	0.524025
1.05604e-09	0.523654
1.05609e-09	0.523283
1.05614e-09	0.522912
1.05618e-09	0.522541
1.05623e-09	0.52217
1.05628e-09	0.521799
1.05632e-09	0.521427
1.05637e-09	0.521056
1.05642e-09	0.520685
1.05646e-09	0.520314
1.05651e-09	0.519942
1.05656e-09	0.519571
1.0566e-09	0.519199
1.05665e-09	0.518827
1.05669e-09	0.518456
1.05674e-09	0.518084
1.05679e-09	0.517712
1.05683e-09	0.51734
1.05688e-09	0.516968
1.05693e-09	0.516597
1.05697e-09	0.516225
1.05702e-09	0.515852
1.05707e-09	0.51548
1.05711e-09	0.515108
1.05716e-09	0.514736
1.0572e-09	0.514364
1.05725e-09	0.513991
1.0573e-09	0.513619
1.05734e-09	0.513246
1.05739e-09	0.512874
1.05744e-09	0.512501
1.05748e-09	0.512129
1.05753e-09	0.511756
1.05758e-09	0.511383
1.05762e-09	0.511011
1.05767e-09	0.510638
1.05772e-09	0.510265
1.05776e-09	0.509892
1.05781e-09	0.509519
1.05785e-09	0.509146
1.0579e-09	0.508773
1.05795e-09	0.5084
1.05799e-09	0.508027
1.05804e-09	0.507653
1.05809e-09	0.50728
1.05813e-09	0.506907
1.05818e-09	0.506533
1.05823e-09	0.50616
1.05827e-09	0.505786
1.05832e-09	0.505413
1.05837e-09	0.505039
1.05841e-09	0.504665
1.05846e-09	0.504292
1.0585e-09	0.503918
1.05855e-09	0.503544
1.0586e-09	0.50317
1.05864e-09	0.502796
1.05869e-09	0.502422
1.05874e-09	0.502048
1.05878e-09	0.501674
1.05883e-09	0.5013
1.05888e-09	0.500926
1.05892e-09	0.500552
1.05897e-09	0.500177
1.05902e-09	0.499803
1.05906e-09	0.499429
1.05911e-09	0.499054
1.05915e-09	0.49868
1.0592e-09	0.498305
1.05925e-09	0.497931
1.05929e-09	0.497556
1.05934e-09	0.497181
1.05939e-09	0.496807
1.05943e-09	0.496432
1.05948e-09	0.496057
1.05953e-09	0.495682
1.05957e-09	0.495307
1.05962e-09	0.494932
1.05966e-09	0.494557
1.05971e-09	0.494182
1.05976e-09	0.493807
1.0598e-09	0.493432
1.05985e-09	0.493057
1.0599e-09	0.492681
1.05994e-09	0.492306
1.05999e-09	0.491931
1.06004e-09	0.491555
1.06008e-09	0.49118
1.06013e-09	0.490804
1.06018e-09	0.490429
1.06022e-09	0.490053
1.06027e-09	0.489678
1.06031e-09	0.489302
1.06036e-09	0.488926
1.06041e-09	0.48855
1.06045e-09	0.488175
1.0605e-09	0.487799
1.06055e-09	0.487423
1.06059e-09	0.487047
1.06064e-09	0.486671
1.06069e-09	0.486295
1.06073e-09	0.485919
1.06078e-09	0.485542
1.06083e-09	0.485166
1.06087e-09	0.48479
1.06092e-09	0.484414
1.06096e-09	0.484037
1.06101e-09	0.483661
1.06106e-09	0.483285
1.0611e-09	0.482908
1.06115e-09	0.482532
1.0612e-09	0.482155
1.06124e-09	0.481779
1.06129e-09	0.481402
1.06134e-09	0.481025
1.06138e-09	0.480649
1.06143e-09	0.480272
1.06148e-09	0.479895
1.06152e-09	0.479518
1.06157e-09	0.479141
1.06161e-09	0.478764
1.06166e-09	0.478387
1.06171e-09	0.47801
1.06175e-09	0.477633
1.0618e-09	0.477256
1.06185e-09	0.476879
1.06189e-09	0.476502
1.06194e-09	0.476124
1.06199e-09	0.475747
1.06203e-09	0.47537
1.06208e-09	0.474993
1.06213e-09	0.474615
1.06217e-09	0.474238
1.06222e-09	0.47386
1.06226e-09	0.473483
1.06231e-09	0.473105
1.06236e-09	0.472728
1.0624e-09	0.47235
1.06245e-09	0.471972
1.0625e-09	0.471594
1.06254e-09	0.471217
1.06259e-09	0.470839
1.06264e-09	0.470461
1.06268e-09	0.470083
1.06273e-09	0.469705
1.06277e-09	0.469327
1.06282e-09	0.468949
1.06287e-09	0.468571
1.06291e-09	0.468193
1.06296e-09	0.467815
1.06301e-09	0.467437
1.06305e-09	0.467059
1.0631e-09	0.46668
1.06315e-09	0.466302
1.06319e-09	0.465924
1.06324e-09	0.465545
1.06329e-09	0.465167
1.06333e-09	0.464788
1.06338e-09	0.46441
1.06342e-09	0.464031
1.06347e-09	0.463653
1.06352e-09	0.463274
1.06356e-09	0.462896
1.06361e-09	0.462517
1.06366e-09	0.462138
1.0637e-09	0.46176
1.06375e-09	0.461381
1.0638e-09	0.461002
1.06384e-09	0.460623
1.06389e-09	0.460244
1.06394e-09	0.459865
1.06398e-09	0.459486
1.06403e-09	0.459107
1.06407e-09	0.458728
1.06412e-09	0.458349
1.06417e-09	0.45797
1.06421e-09	0.457591
1.06426e-09	0.457212
1.06431e-09	0.456833
1.06435e-09	0.456453
1.0644e-09	0.456074
1.06445e-09	0.455695
1.06449e-09	0.455315
1.06454e-09	0.454936
1.06459e-09	0.454557
1.06463e-09	0.454177
1.06468e-09	0.453798
1.06472e-09	0.453418
1.06477e-09	0.453039
1.06482e-09	0.452659
1.06486e-09	0.452279
1.06491e-09	0.4519
1.06496e-09	0.45152
1.065e-09	0.45114
1.06505e-09	0.45076
1.0651e-09	0.450381
1.06514e-09	0.450001
1.06519e-09	0.449621
1.06524e-09	0.449241
1.06528e-09	0.448861
1.06533e-09	0.448481
1.06537e-09	0.448101
1.06542e-09	0.447721
1.06547e-09	0.447341
1.06551e-09	0.446961
1.06556e-09	0.446581
1.06561e-09	0.446201
1.06565e-09	0.445821
1.0657e-09	0.44544
1.06575e-09	0.44506
1.06579e-09	0.44468
1.06584e-09	0.444299
1.06588e-09	0.443919
1.06593e-09	0.443539
1.06598e-09	0.443158
1.06602e-09	0.442778
1.06607e-09	0.442397
1.06612e-09	0.442017
1.06616e-09	0.441636
1.06621e-09	0.441256
1.06626e-09	0.440875
1.0663e-09	0.440495
1.06635e-09	0.440114
1.0664e-09	0.439733
1.06644e-09	0.439353
1.06649e-09	0.438972
1.06653e-09	0.438591
1.06658e-09	0.43821
1.06663e-09	0.437829
1.06667e-09	0.437449
1.06672e-09	0.437068
1.06677e-09	0.436687
1.06681e-09	0.436306
1.06686e-09	0.435925
1.06691e-09	0.435544
1.06695e-09	0.435163
1.067e-09	0.434782
1.06705e-09	0.434401
1.06709e-09	0.43402
1.06714e-09	0.433638
1.06718e-09	0.433257
1.06723e-09	0.432876
1.06728e-09	0.432495
1.06732e-09	0.432114
1.06737e-09	0.431732
1.06742e-09	0.431351
1.06746e-09	0.43097
1.06751e-09	0.430588
1.06756e-09	0.430207
1.0676e-09	0.429826
1.06765e-09	0.429444
1.0677e-09	0.429063
1.06774e-09	0.428681
1.06779e-09	0.4283
1.06783e-09	0.427918
1.06788e-09	0.427537
1.06793e-09	0.427155
1.06797e-09	0.426773
1.06802e-09	0.426392
1.06807e-09	0.42601
1.06811e-09	0.425628
1.06816e-09	0.425247
1.06821e-09	0.424865
1.06825e-09	0.424483
1.0683e-09	0.424101
1.06835e-09	0.423719
1.06839e-09	0.423338
1.06844e-09	0.422956
1.06848e-09	0.422574
1.06853e-09	0.422192
1.06858e-09	0.42181
1.06862e-09	0.421428
1.06867e-09	0.421046
1.06872e-09	0.420664
1.06876e-09	0.420282
1.06881e-09	0.4199
1.06886e-09	0.419518
1.0689e-09	0.419136
1.06895e-09	0.418754
1.06899e-09	0.418372
1.06904e-09	0.417989
1.06909e-09	0.417607
1.06913e-09	0.417225
1.06918e-09	0.416843
1.06923e-09	0.41646
1.06927e-09	0.416078
1.06932e-09	0.415696
1.06937e-09	0.415314
1.06941e-09	0.414931
1.06946e-09	0.414549
1.06951e-09	0.414166
1.06955e-09	0.413784
1.0696e-09	0.413402
1.06964e-09	0.413019
1.06969e-09	0.412637
1.06974e-09	0.412254
1.06978e-09	0.411872
1.06983e-09	0.411489
1.06988e-09	0.411107
1.06992e-09	0.410724
1.06997e-09	0.410341
1.07002e-09	0.409959
1.07006e-09	0.409576
1.07011e-09	0.409194
1.07016e-09	0.408811
1.0702e-09	0.408428
1.07025e-09	0.408045
1.07029e-09	0.407663
1.07034e-09	0.40728
1.07039e-09	0.406897
1.07043e-09	0.406514
1.07048e-09	0.406132
1.07053e-09	0.405749
1.07057e-09	0.405366
1.07062e-09	0.404983
1.07067e-09	0.4046
1.07071e-09	0.404217
1.07076e-09	0.403834
1.07081e-09	0.403451
1.07085e-09	0.403068
1.0709e-09	0.402686
1.07094e-09	0.402303
1.07099e-09	0.40192
1.07104e-09	0.401537
1.07108e-09	0.401153
1.07113e-09	0.40077
1.07118e-09	0.400387
1.07122e-09	0.400004
1.07127e-09	0.399621
1.07132e-09	0.399238
1.07136e-09	0.398855
1.07141e-09	0.398472
1.07146e-09	0.398089
1.0715e-09	0.397705
1.07155e-09	0.397322
1.07159e-09	0.396939
1.07164e-09	0.396556
1.07169e-09	0.396173
1.07173e-09	0.395789
1.07178e-09	0.395406
1.07183e-09	0.395023
1.07187e-09	0.394639
1.07192e-09	0.394256
1.07197e-09	0.393873
1.07201e-09	0.393489
1.07206e-09	0.393106
1.0721e-09	0.392723
1.07215e-09	0.392339
1.0722e-09	0.391956
1.07224e-09	0.391572
1.07229e-09	0.391189
1.07234e-09	0.390806
1.07238e-09	0.390422
1.07243e-09	0.390039
1.07248e-09	0.389655
1.07252e-09	0.389272
1.07257e-09	0.388888
1.07262e-09	0.388505
1.07266e-09	0.388121
1.07271e-09	0.387737
1.07275e-09	0.387354
1.0728e-09	0.38697
1.07285e-09	0.386587
1.07289e-09	0.386203
1.07294e-09	0.38582
1.07299e-09	0.385436
1.07303e-09	0.385052
1.07308e-09	0.384669
1.07313e-09	0.384285
1.07317e-09	0.383901
1.07322e-09	0.383518
1.07327e-09	0.383134
1.07331e-09	0.38275
1.07336e-09	0.382367
1.0734e-09	0.381983
1.07345e-09	0.381599
1.0735e-09	0.381215
1.07354e-09	0.380832
1.07359e-09	0.380448
1.07364e-09	0.380064
1.07368e-09	0.37968
1.07373e-09	0.379296
1.07378e-09	0.378913
1.07382e-09	0.378529
1.07387e-09	0.378145
1.07392e-09	0.377761
1.07396e-09	0.377377
1.07401e-09	0.376993
1.07405e-09	0.37661
1.0741e-09	0.376226
1.07415e-09	0.375842
1.07419e-09	0.375458
1.07424e-09	0.375074
1.07429e-09	0.37469
1.07433e-09	0.374306
1.07438e-09	0.373922
1.07443e-09	0.373538
1.07447e-09	0.373154
1.07452e-09	0.372771
1.07456e-09	0.372387
1.07461e-09	0.372003
1.07466e-09	0.371619
1.0747e-09	0.371235
1.07475e-09	0.370851
1.0748e-09	0.370467
1.07484e-09	0.370083
1.07489e-09	0.369699
1.07494e-09	0.369315
1.07498e-09	0.368931
1.07503e-09	0.368547
1.07508e-09	0.368163
1.07512e-09	0.367779
1.07517e-09	0.367395
1.07521e-09	0.367011
1.07526e-09	0.366627
1.07531e-09	0.366242
1.07535e-09	0.365858
1.0754e-09	0.365474
1.07545e-09	0.36509
1.07549e-09	0.364706
1.07554e-09	0.364322
1.07559e-09	0.363938
1.07563e-09	0.363554
1.07568e-09	0.36317
1.07573e-09	0.362786
1.07577e-09	0.362402
1.07582e-09	0.362018
1.07586e-09	0.361633
1.07591e-09	0.361249
1.07596e-09	0.360865
1.076e-09	0.360481
1.07605e-09	0.360097
1.0761e-09	0.359713
1.07614e-09	0.359329
1.07619e-09	0.358945
1.07624e-09	0.35856
1.07628e-09	0.358176
1.07633e-09	0.357792
1.07638e-09	0.357408
1.07642e-09	0.357024
1.07647e-09	0.35664
1.07651e-09	0.356256
1.07656e-09	0.355871
1.07661e-09	0.355487
1.07665e-09	0.355103
1.0767e-09	0.354719
1.07675e-09	0.354335
1.07679e-09	0.353951
1.07684e-09	0.353566
1.07689e-09	0.353182
1.07693e-09	0.352798
1.07698e-09	0.352414
1.07703e-09	0.35203
1.07707e-09	0.351646
1.07712e-09	0.351261
1.07716e-09	0.350877
1.07721e-09	0.350493
1.07726e-09	0.350109
1.0773e-09	0.349725
1.07735e-09	0.349341
1.0774e-09	0.348956
1.07744e-09	0.348572
1.07749e-09	0.348188
1.07754e-09	0.347804
1.07758e-09	0.34742
1.07763e-09	0.347035
1.07767e-09	0.346651
1.07772e-09	0.346267
1.07777e-09	0.345883
1.07781e-09	0.345499
1.07786e-09	0.345115
1.07791e-09	0.34473
1.07795e-09	0.344346
1.078e-09	0.343962
1.07805e-09	0.343578
1.07809e-09	0.343194
1.07814e-09	0.34281
1.07819e-09	0.342426
1.07823e-09	0.342041
1.07828e-09	0.341657
1.07832e-09	0.341273
1.07837e-09	0.340889
1.07842e-09	0.340505
1.07846e-09	0.340121
1.07851e-09	0.339737
1.07856e-09	0.339352
1.0786e-09	0.338968
1.07865e-09	0.338584
1.0787e-09	0.3382
1.07874e-09	0.337816
1.07879e-09	0.337432
1.07884e-09	0.337048
1.07888e-09	0.336664
1.07893e-09	0.336279
1.07897e-09	0.335895
1.07902e-09	0.335511
1.07907e-09	0.335127
1.07911e-09	0.334743
1.07916e-09	0.334359
1.07921e-09	0.333975
1.07925e-09	0.333591
1.0793e-09	0.333207
1.07935e-09	0.332823
1.07939e-09	0.332439
1.07944e-09	0.332055
1.07949e-09	0.331671
1.07953e-09	0.331287
1.07958e-09	0.330903
1.07962e-09	0.330519
1.07967e-09	0.330135
1.07972e-09	0.329751
1.07976e-09	0.329367
1.07981e-09	0.328983
1.07986e-09	0.328599
1.0799e-09	0.328215
1.07995e-09	0.327831
1.08e-09	0.327447
1.08004e-09	0.327063
1.08009e-09	0.326679
1.08014e-09	0.326295
1.08018e-09	0.325911
1.08023e-09	0.325527
1.08027e-09	0.325143
1.08032e-09	0.324759
1.08037e-09	0.324375
1.08041e-09	0.323991
1.08046e-09	0.323607
1.08051e-09	0.323223
1.08055e-09	0.322839
1.0806e-09	0.322456
1.08065e-09	0.322072
1.08069e-09	0.321688
1.08074e-09	0.321304
1.08078e-09	0.32092
1.08083e-09	0.320536
1.08088e-09	0.320153
1.08092e-09	0.319769
1.08097e-09	0.319385
1.08102e-09	0.319001
1.08106e-09	0.318617
1.08111e-09	0.318234
1.08116e-09	0.31785
1.0812e-09	0.317466
1.08125e-09	0.317082
1.0813e-09	0.316699
1.08134e-09	0.316315
1.08139e-09	0.315931
1.08143e-09	0.315548
1.08148e-09	0.315164
1.08153e-09	0.31478
1.08157e-09	0.314397
1.08162e-09	0.314013
1.08167e-09	0.313629
1.08171e-09	0.313246
1.08176e-09	0.312862
1.08181e-09	0.312478
1.08185e-09	0.312095
1.0819e-09	0.311711
1.08195e-09	0.311328
1.08199e-09	0.310944
1.08204e-09	0.310561
1.08208e-09	0.310177
1.08213e-09	0.309794
1.08218e-09	0.30941
1.08222e-09	0.309027
1.08227e-09	0.308643
1.08232e-09	0.30826
1.08236e-09	0.307876
1.08241e-09	0.307493
1.08246e-09	0.307109
1.0825e-09	0.306726
1.08255e-09	0.306342
1.0826e-09	0.305959
1.08264e-09	0.305576
1.08269e-09	0.305192
1.08273e-09	0.304809
1.08278e-09	0.304426
1.08283e-09	0.304042
1.08287e-09	0.303659
1.08292e-09	0.303276
1.08297e-09	0.302892
1.08301e-09	0.302509
1.08306e-09	0.302126
1.08311e-09	0.301743
1.08315e-09	0.30136
1.0832e-09	0.300976
1.08325e-09	0.300593
1.08329e-09	0.30021
1.08334e-09	0.299827
1.08338e-09	0.299444
1.08343e-09	0.299061
1.08348e-09	0.298678
1.08352e-09	0.298294
1.08357e-09	0.297911
1.08362e-09	0.297528
1.08366e-09	0.297145
1.08371e-09	0.296762
1.08376e-09	0.296379
1.0838e-09	0.295996
1.08385e-09	0.295613
1.08389e-09	0.29523
1.08394e-09	0.294847
1.08399e-09	0.294464
1.08403e-09	0.294082
1.08408e-09	0.293699
1.08413e-09	0.293316
1.08417e-09	0.292933
1.08422e-09	0.29255
1.08427e-09	0.292167
1.08431e-09	0.291785
1.08436e-09	0.291402
1.08441e-09	0.291019
1.08445e-09	0.290636
1.0845e-09	0.290254
1.08454e-09	0.289871
1.08459e-09	0.289488
1.08464e-09	0.289106
1.08468e-09	0.288723
1.08473e-09	0.28834
1.08478e-09	0.287958
1.08482e-09	0.287575
1.08487e-09	0.287193
1.08492e-09	0.28681
1.08496e-09	0.286428
1.08501e-09	0.286045
1.08506e-09	0.285663
1.0851e-09	0.28528
1.08515e-09	0.284898
1.08519e-09	0.284515
1.08524e-09	0.284133
1.08529e-09	0.28375
1.08533e-09	0.283368
1.08538e-09	0.282986
1.08543e-09	0.282603
1.08547e-09	0.282221
1.08552e-09	0.281839
1.08557e-09	0.281457
1.08561e-09	0.281074
1.08566e-09	0.280692
1.08571e-09	0.28031
1.08575e-09	0.279928
1.0858e-09	0.279546
1.08584e-09	0.279164
1.08589e-09	0.278781
1.08594e-09	0.278399
1.08598e-09	0.278017
1.08603e-09	0.277635
1.08608e-09	0.277253
1.08612e-09	0.276871
1.08617e-09	0.276489
1.08622e-09	0.276107
1.08626e-09	0.275726
1.08631e-09	0.275344
1.08636e-09	0.274962
1.0864e-09	0.27458
1.08645e-09	0.274198
1.08649e-09	0.273816
1.08654e-09	0.273435
1.08659e-09	0.273053
1.08663e-09	0.272671
1.08668e-09	0.272289
1.08673e-09	0.271908
1.08677e-09	0.271526
1.08682e-09	0.271144
1.08687e-09	0.270763
1.08691e-09	0.270381
1.08696e-09	0.27
1.087e-09	0.269618
1.08705e-09	0.269237
1.0871e-09	0.268855
1.08714e-09	0.268474
1.08719e-09	0.268092
1.08724e-09	0.267711
1.08728e-09	0.26733
1.08733e-09	0.266948
1.08738e-09	0.266567
1.08742e-09	0.266186
1.08747e-09	0.265804
1.08752e-09	0.265423
1.08756e-09	0.265042
1.08761e-09	0.264661
1.08765e-09	0.26428
1.0877e-09	0.263898
1.08775e-09	0.263517
1.08779e-09	0.263136
1.08784e-09	0.262755
1.08789e-09	0.262374
1.08793e-09	0.261993
1.08798e-09	0.261612
1.08803e-09	0.261231
1.08807e-09	0.26085
1.08812e-09	0.260469
1.08817e-09	0.260089
1.08821e-09	0.259708
1.08826e-09	0.259327
1.0883e-09	0.258946
1.08835e-09	0.258565
1.0884e-09	0.258185
1.08844e-09	0.257804
1.08849e-09	0.257423
1.08854e-09	0.257043
1.08858e-09	0.256662
1.08863e-09	0.256282
1.08868e-09	0.255901
1.08872e-09	0.255521
1.08877e-09	0.25514
1.08882e-09	0.25476
1.08886e-09	0.254379
1.08891e-09	0.253999
1.08895e-09	0.253618
1.089e-09	0.253238
1.08905e-09	0.252858
1.08909e-09	0.252478
1.08914e-09	0.252097
1.08919e-09	0.251717
1.08923e-09	0.251337
1.08928e-09	0.250957
1.08933e-09	0.250577
1.08937e-09	0.250197
1.08942e-09	0.249817
1.08947e-09	0.249436
1.08951e-09	0.249057
1.08956e-09	0.248677
1.0896e-09	0.248297
1.08965e-09	0.247917
1.0897e-09	0.247537
1.08974e-09	0.247157
1.08979e-09	0.246777
1.08984e-09	0.246397
1.08988e-09	0.246018
1.08993e-09	0.245638
1.08998e-09	0.245258
1.09002e-09	0.244879
1.09007e-09	0.244499
1.09011e-09	0.24412
1.09016e-09	0.24374
1.09021e-09	0.243361
1.09025e-09	0.242981
1.0903e-09	0.242602
1.09035e-09	0.242222
1.09039e-09	0.241843
1.09044e-09	0.241464
1.09049e-09	0.241084
1.09053e-09	0.240705
1.09058e-09	0.240326
1.09063e-09	0.239947
1.09067e-09	0.239567
1.09072e-09	0.239188
1.09076e-09	0.238809
1.09081e-09	0.23843
1.09086e-09	0.238051
1.0909e-09	0.237672
1.09095e-09	0.237293
1.091e-09	0.236914
1.09104e-09	0.236535
1.09109e-09	0.236156
1.09114e-09	0.235778
1.09118e-09	0.235399
1.09123e-09	0.23502
1.09128e-09	0.234641
1.09132e-09	0.234263
1.09137e-09	0.233884
1.09141e-09	0.233506
1.09146e-09	0.233127
1.09151e-09	0.232748
1.09155e-09	0.23237
1.0916e-09	0.231992
1.09165e-09	0.231613
1.09169e-09	0.231235
1.09174e-09	0.230856
1.09179e-09	0.230478
1.09183e-09	0.2301
1.09188e-09	0.229722
1.09193e-09	0.229343
1.09197e-09	0.228965
1.09202e-09	0.228587
1.09206e-09	0.228209
1.09211e-09	0.227831
1.09216e-09	0.227453
1.0922e-09	0.227075
1.09225e-09	0.226697
1.0923e-09	0.226319
1.09234e-09	0.225941
1.09239e-09	0.225564
1.09244e-09	0.225186
1.09248e-09	0.224808
1.09253e-09	0.22443
1.09257e-09	0.224053
1.09262e-09	0.223675
1.09267e-09	0.223298
1.09271e-09	0.22292
1.09276e-09	0.222543
1.09281e-09	0.222165
1.09285e-09	0.221788
1.0929e-09	0.22141
1.09295e-09	0.221033
1.09299e-09	0.220656
1.09304e-09	0.220278
1.09309e-09	0.219901
1.09313e-09	0.219524
1.09318e-09	0.219147
1.09322e-09	0.21877
1.09327e-09	0.218393
1.09332e-09	0.218016
1.09336e-09	0.217639
1.09341e-09	0.217262
1.09346e-09	0.216885
1.0935e-09	0.216508
1.09355e-09	0.216131
1.0936e-09	0.215755
1.09364e-09	0.215378
1.09369e-09	0.215001
1.09374e-09	0.214625
1.09378e-09	0.214248
1.09383e-09	0.213871
1.09387e-09	0.213495
1.09392e-09	0.213118
1.09397e-09	0.212742
1.09401e-09	0.212366
1.09406e-09	0.211989
1.09411e-09	0.211613
1.09415e-09	0.211237
1.0942e-09	0.210861
1.09425e-09	0.210484
1.09429e-09	0.210108
1.09434e-09	0.209732
1.09439e-09	0.209356
1.09443e-09	0.20898
1.09448e-09	0.208604
1.09452e-09	0.208228
1.09457e-09	0.207852
1.09462e-09	0.207477
1.09466e-09	0.207101
1.09471e-09	0.206725
1.09476e-09	0.206349
1.0948e-09	0.205974
1.09485e-09	0.205598
1.0949e-09	0.205223
1.09494e-09	0.204847
1.09499e-09	0.204472
1.09504e-09	0.204096
1.09508e-09	0.203721
1.09513e-09	0.203346
1.09517e-09	0.20297
1.09522e-09	0.202595
1.09527e-09	0.20222
1.09531e-09	0.201845
1.09536e-09	0.20147
1.09541e-09	0.201095
1.09545e-09	0.20072
1.0955e-09	0.200345
1.09555e-09	0.19997
1.09559e-09	0.199595
1.09564e-09	0.19922
1.09568e-09	0.198845
1.09573e-09	0.198471
1.09578e-09	0.198096
1.09582e-09	0.197721
1.09587e-09	0.197347
1.09592e-09	0.196972
1.09596e-09	0.196598
1.09601e-09	0.196223
1.09606e-09	0.195849
1.0961e-09	0.195475
1.09615e-09	0.1951
1.0962e-09	0.194726
1.09624e-09	0.194352
1.09629e-09	0.193978
1.09633e-09	0.193604
1.09638e-09	0.193229
1.09643e-09	0.192855
1.09647e-09	0.192482
1.09652e-09	0.192108
1.09657e-09	0.191734
1.09661e-09	0.19136
1.09666e-09	0.190986
1.09671e-09	0.190612
1.09675e-09	0.190239
1.0968e-09	0.189865
1.09685e-09	0.189492
1.09689e-09	0.189118
1.09694e-09	0.188745
1.09698e-09	0.188371
1.09703e-09	0.187998
1.09708e-09	0.187625
1.09712e-09	0.187251
1.09717e-09	0.186878
1.09722e-09	0.186505
1.09726e-09	0.186132
1.09731e-09	0.185759
1.09736e-09	0.185386
1.0974e-09	0.185013
1.09745e-09	0.18464
1.0975e-09	0.184267
1.09754e-09	0.183894
1.09759e-09	0.183521
1.09763e-09	0.183149
1.09768e-09	0.182776
1.09773e-09	0.182403
1.09777e-09	0.182031
1.09782e-09	0.181658
1.09787e-09	0.181286
1.09791e-09	0.180914
1.09796e-09	0.180541
1.09801e-09	0.180169
1.09805e-09	0.179797
1.0981e-09	0.179425
1.09815e-09	0.179052
1.09819e-09	0.17868
1.09824e-09	0.178308
1.09828e-09	0.177936
1.09833e-09	0.177564
1.09838e-09	0.177193
1.09842e-09	0.176821
1.09847e-09	0.176449
1.09852e-09	0.176077
1.09856e-09	0.175706
1.09861e-09	0.175334
1.09866e-09	0.174962
1.0987e-09	0.174591
1.09875e-09	0.174219
1.09879e-09	0.173848
1.09884e-09	0.173477
1.09889e-09	0.173105
1.09893e-09	0.172734
1.09898e-09	0.172363
1.09903e-09	0.171992
1.09907e-09	0.171621
1.09912e-09	0.17125
1.09917e-09	0.170879
1.09921e-09	0.170508
1.09926e-09	0.170137
1.09931e-09	0.169766
1.09935e-09	0.169396
1.0994e-09	0.169025
1.09944e-09	0.168654
1.09949e-09	0.168284
1.09954e-09	0.167913
1.09958e-09	0.167543
1.09963e-09	0.167173
1.09968e-09	0.166802
1.09972e-09	0.166432
1.09977e-09	0.166062
1.09982e-09	0.165692
1.09986e-09	0.165321
1.09991e-09	0.164951
1.09996e-09	0.164581
1.1e-09	0.164211
1.10005e-09	0.163842
1.10009e-09	0.163472
1.10014e-09	0.163102
1.10019e-09	0.162732
1.10023e-09	0.162363
1.10028e-09	0.161993
1.10033e-09	0.161623
1.10037e-09	0.161254
1.10042e-09	0.160885
1.10047e-09	0.160515
1.10051e-09	0.160146
1.10056e-09	0.159777
1.10061e-09	0.159407
1.10065e-09	0.159038
1.1007e-09	0.158669
1.10074e-09	0.1583
1.10079e-09	0.157931
1.10084e-09	0.157562
1.10088e-09	0.157193
1.10093e-09	0.156825
1.10098e-09	0.156456
1.10102e-09	0.156087
1.10107e-09	0.155719
1.10112e-09	0.15535
1.10116e-09	0.154982
1.10121e-09	0.154613
1.10126e-09	0.154245
1.1013e-09	0.153877
1.10135e-09	0.153508
1.10139e-09	0.15314
1.10144e-09	0.152772
1.10149e-09	0.152404
1.10153e-09	0.152036
1.10158e-09	0.151668
1.10163e-09	0.1513
1.10167e-09	0.150932
1.10172e-09	0.150565
1.10177e-09	0.150197
1.10181e-09	0.149829
1.10186e-09	0.149462
1.1019e-09	0.149094
1.10195e-09	0.148727
1.102e-09	0.148359
1.10204e-09	0.147992
1.10209e-09	0.147625
1.10214e-09	0.147257
1.10218e-09	0.14689
1.10223e-09	0.146523
1.10228e-09	0.146156
1.10232e-09	0.145789
1.10237e-09	0.145422
1.10242e-09	0.145056
1.10246e-09	0.144689
1.10251e-09	0.144322
1.10255e-09	0.143955
1.1026e-09	0.143589
1.10265e-09	0.143222
1.10269e-09	0.142856
1.10274e-09	0.142489
1.10279e-09	0.142123
1.10283e-09	0.141757
1.10288e-09	0.141391
1.10293e-09	0.141025
1.10297e-09	0.140658
1.10302e-09	0.140292
1.10307e-09	0.139926
1.10311e-09	0.139561
1.10316e-09	0.139195
1.1032e-09	0.138829
1.10325e-09	0.138463
1.1033e-09	0.138098
1.10334e-09	0.137732
1.10339e-09	0.137367
1.10344e-09	0.137001
1.10348e-09	0.136636
1.10353e-09	0.136271
1.10358e-09	0.135905
1.10362e-09	0.13554
1.10367e-09	0.135175
1.10372e-09	0.13481
1.10376e-09	0.134445
1.10381e-09	0.13408
1.10385e-09	0.133715
1.1039e-09	0.13335
1.10395e-09	0.132986
1.10399e-09	0.132621
1.10404e-09	0.132257
1.10409e-09	0.131892
1.10413e-09	0.131528
1.10418e-09	0.131163
1.10423e-09	0.130799
1.10427e-09	0.130435
1.10432e-09	0.13007
1.10437e-09	0.129706
1.10441e-09	0.129342
1.10446e-09	0.128978
1.1045e-09	0.128614
1.10455e-09	0.12825
1.1046e-09	0.127887
1.10464e-09	0.127523
1.10469e-09	0.127159
1.10474e-09	0.126796
1.10478e-09	0.126432
1.10483e-09	0.126069
1.10488e-09	0.125705
1.10492e-09	0.125342
1.10497e-09	0.124979
1.10501e-09	0.124616
1.10506e-09	0.124253
1.10511e-09	0.12389
1.10515e-09	0.123527
1.1052e-09	0.123164
1.10525e-09	0.122801
1.10529e-09	0.122438
1.10534e-09	0.122075
1.10539e-09	0.121713
1.10543e-09	0.12135
1.10548e-09	0.120988
1.10553e-09	0.120625
1.10557e-09	0.120263
1.10562e-09	0.119901
1.10566e-09	0.119539
1.10571e-09	0.119176
1.10576e-09	0.118814
1.1058e-09	0.118452
1.10585e-09	0.11809
1.1059e-09	0.117729
1.10594e-09	0.117367
1.10599e-09	0.117005
1.10604e-09	0.116643
1.10608e-09	0.116282
1.10613e-09	0.11592
1.10618e-09	0.115559
1.10622e-09	0.115198
1.10627e-09	0.114836
1.10631e-09	0.114475
1.10636e-09	0.114114
1.10641e-09	0.113753
1.10645e-09	0.113392
1.1065e-09	0.113031
1.10655e-09	0.11267
1.10659e-09	0.112309
1.10664e-09	0.111949
1.10669e-09	0.111588
1.10673e-09	0.111227
1.10678e-09	0.110867
1.10683e-09	0.110506
1.10687e-09	0.110146
1.10692e-09	0.109786
1.10696e-09	0.109426
1.10701e-09	0.109065
1.10706e-09	0.108705
1.1071e-09	0.108345
1.10715e-09	0.107985
1.1072e-09	0.107626
1.10724e-09	0.107266
1.10729e-09	0.106906
1.10734e-09	0.106546
1.10738e-09	0.106187
1.10743e-09	0.105827
1.10747e-09	0.105468
1.10752e-09	0.105109
1.10757e-09	0.104749
1.10761e-09	0.10439
1.10766e-09	0.104031
1.10771e-09	0.103672
1.10775e-09	0.103313
1.1078e-09	0.102954
1.10785e-09	0.102595
1.10789e-09	0.102237
1.10794e-09	0.101878
1.10799e-09	0.101519
1.10803e-09	0.101161
1.10808e-09	0.100802
1.10812e-09	0.100444
1.10817e-09	0.100086
1.10822e-09	0.0997276
1.10826e-09	0.0993695
1.10831e-09	0.0990114
1.10836e-09	0.0986534
1.1084e-09	0.0982955
1.10845e-09	0.0979377
1.1085e-09	0.0975799
1.10854e-09	0.0972222
1.10859e-09	0.0968646
1.10864e-09	0.0965071
1.10868e-09	0.0961496
1.10873e-09	0.0957922
1.10877e-09	0.0954349
1.10882e-09	0.0950777
1.10887e-09	0.0947205
1.10891e-09	0.0943635
1.10896e-09	0.0940065
1.10901e-09	0.0936495
1.10905e-09	0.0932927
1.1091e-09	0.0929359
1.10915e-09	0.0925792
1.10919e-09	0.0922226
1.10924e-09	0.0918661
1.10929e-09	0.0915096
1.10933e-09	0.0911533
1.10938e-09	0.090797
1.10942e-09	0.0904407
1.10947e-09	0.0900846
1.10952e-09	0.0897285
1.10956e-09	0.0893725
1.10961e-09	0.0890166
1.10966e-09	0.0886608
1.1097e-09	0.088305
1.10975e-09	0.0879493
1.1098e-09	0.0875937
1.10984e-09	0.0872382
1.10989e-09	0.0868828
1.10994e-09	0.0865274
1.10998e-09	0.0861721
1.11003e-09	0.0858169
1.11007e-09	0.0854618
1.11012e-09	0.0851067
1.11017e-09	0.0847518
1.11021e-09	0.0843969
1.11026e-09	0.0840421
1.11031e-09	0.0836874
1.11035e-09	0.0833327
1.1104e-09	0.0829781
1.11045e-09	0.0826236
1.11049e-09	0.0822692
1.11054e-09	0.0819149
1.11058e-09	0.0815606
1.11063e-09	0.0812065
1.11068e-09	0.0808524
1.11072e-09	0.0804984
1.11077e-09	0.0801445
1.11082e-09	0.0797906
1.11086e-09	0.0794368
1.11091e-09	0.0790832
1.11096e-09	0.0787296
1.111e-09	0.078376
1.11105e-09	0.0780226
1.1111e-09	0.0776692
1.11114e-09	0.0773159
1.11119e-09	0.0769627
1.11123e-09	0.0766096
1.11128e-09	0.0762566
1.11133e-09	0.0759036
1.11137e-09	0.0755508
1.11142e-09	0.075198
1.11147e-09	0.0748453
1.11151e-09	0.0744926
1.11156e-09	0.0741401
1.11161e-09	0.0737876
1.11165e-09	0.0734353
1.1117e-09	0.073083
1.11175e-09	0.0727308
1.11179e-09	0.0723786
1.11184e-09	0.0720266
1.11188e-09	0.0716746
1.11193e-09	0.0713227
1.11198e-09	0.0709709
1.11202e-09	0.0706192
1.11207e-09	0.0702676
1.11212e-09	0.069916
1.11216e-09	0.0695646
1.11221e-09	0.0692132
1.11226e-09	0.0688619
1.1123e-09	0.0685107
1.11235e-09	0.0681595
1.1124e-09	0.0678085
1.11244e-09	0.0674575
1.11249e-09	0.0671067
1.11253e-09	0.0667559
1.11258e-09	0.0664052
1.11263e-09	0.0660545
1.11267e-09	0.065704
1.11272e-09	0.0653535
1.11277e-09	0.0650032
1.11281e-09	0.0646529
1.11286e-09	0.0643027
1.11291e-09	0.0639525
1.11295e-09	0.0636025
1.113e-09	0.0632526
1.11305e-09	0.0629027
1.11309e-09	0.0625529
1.11314e-09	0.0622032
1.11318e-09	0.0618536
1.11323e-09	0.0615041
1.11328e-09	0.0611547
1.11332e-09	0.0608053
1.11337e-09	0.0604561
1.11342e-09	0.0601069
1.11346e-09	0.0597578
1.11351e-09	0.0594088
1.11356e-09	0.0590599
1.1136e-09	0.058711
1.11365e-09	0.0583623
1.11369e-09	0.0580136
1.11374e-09	0.0576651
1.11379e-09	0.0573166
1.11383e-09	0.0569682
1.11388e-09	0.0566199
1.11393e-09	0.0562716
1.11397e-09	0.0559235
1.11402e-09	0.0555754
1.11407e-09	0.0552275
1.11411e-09	0.0548796
1.11416e-09	0.0545318
1.11421e-09	0.0541841
1.11425e-09	0.0538365
1.1143e-09	0.053489
1.11434e-09	0.0531415
1.11439e-09	0.0527942
1.11444e-09	0.0524469
1.11448e-09	0.0520998
1.11453e-09	0.0517527
1.11458e-09	0.0514057
1.11462e-09	0.0510588
1.11467e-09	0.0507119
1.11472e-09	0.0503652
1.11476e-09	0.0500186
1.11481e-09	0.049672
1.11486e-09	0.0493255
1.1149e-09	0.0489792
1.11495e-09	0.0486329
1.11499e-09	0.0482867
1.11504e-09	0.0479406
1.11509e-09	0.0475945
1.11513e-09	0.0472486
1.11518e-09	0.0469028
1.11523e-09	0.046557
1.11527e-09	0.0462114
1.11532e-09	0.0458658
1.11537e-09	0.0455203
1.11541e-09	0.0451749
1.11546e-09	0.0448296
1.11551e-09	0.0444844
1.11555e-09	0.0441393
1.1156e-09	0.0437942
1.11564e-09	0.0434493
1.11569e-09	0.0431044
1.11574e-09	0.0427597
1.11578e-09	0.042415
1.11583e-09	0.0420704
1.11588e-09	0.0417259
1.11592e-09	0.0413816
1.11597e-09	0.0410372
1.11602e-09	0.040693
1.11606e-09	0.0403489
1.11611e-09	0.0400049
1.11616e-09	0.0396609
1.1162e-09	0.0393171
1.11625e-09	0.0389733
1.11629e-09	0.0386297
1.11634e-09	0.0382861
1.11639e-09	0.0379426
1.11643e-09	0.0375992
1.11648e-09	0.0372559
1.11653e-09	0.0369127
1.11657e-09	0.0365696
1.11662e-09	0.0362266
1.11667e-09	0.0358836
1.11671e-09	0.0355408
1.11676e-09	0.035198
1.1168e-09	0.0348554
1.11685e-09	0.0345128
1.1169e-09	0.0341704
1.11694e-09	0.033828
1.11699e-09	0.0334857
1.11704e-09	0.0331435
1.11708e-09	0.0328014
1.11713e-09	0.0324594
1.11718e-09	0.0321175
1.11722e-09	0.0317757
1.11727e-09	0.031434
1.11732e-09	0.0310923
1.11736e-09	0.0307508
1.11741e-09	0.0304094
1.11745e-09	0.030068
1.1175e-09	0.0297268
1.11755e-09	0.0293856
1.11759e-09	0.0290445
1.11764e-09	0.0287036
1.11769e-09	0.0283627
1.11773e-09	0.0280219
1.11778e-09	0.0276812
1.11783e-09	0.0273406
1.11787e-09	0.0270001
1.11792e-09	0.0266597
1.11797e-09	0.0263194
1.11801e-09	0.0259792
1.11806e-09	0.0256391
1.1181e-09	0.0252991
1.11815e-09	0.0249591
1.1182e-09	0.0246193
1.11824e-09	0.0242796
1.11829e-09	0.0239399
1.11834e-09	0.0236004
1.11838e-09	0.0232609
1.11843e-09	0.0229216
1.11848e-09	0.0225823
1.11852e-09	0.0222431
1.11857e-09	0.0219041
1.11862e-09	0.0215651
1.11866e-09	0.0212262
1.11871e-09	0.0208874
1.11875e-09	0.0205488
1.1188e-09	0.0202102
1.11885e-09	0.0198717
1.11889e-09	0.0195333
1.11894e-09	0.019195
1.11899e-09	0.0188568
1.11903e-09	0.0185187
1.11908e-09	0.0181807
1.11913e-09	0.0178428
1.11917e-09	0.017505
1.11922e-09	0.0171672
1.11927e-09	0.0168296
1.11931e-09	0.0164921
1.11936e-09	0.0161547
1.1194e-09	0.0158173
1.11945e-09	0.0154801
1.1195e-09	0.015143
1.11954e-09	0.014806
1.11959e-09	0.014469
1.11964e-09	0.0141322
1.11968e-09	0.0137954
1.11973e-09	0.0134588
1.11978e-09	0.0131223
1.11982e-09	0.0127858
1.11987e-09	0.0124495
1.11991e-09	0.0121132
1.11996e-09	0.0117771
1.12001e-09	0.011441
1.12005e-09	0.0111051
1.1201e-09	0.0107692
1.12015e-09	0.0104335
1.12019e-09	0.0100978
1.12024e-09	0.00976225
1.12029e-09	0.00942679
1.12033e-09	0.00909143
1.12038e-09	0.00875617
1.12043e-09	0.00842101
1.12047e-09	0.00808595
1.12052e-09	0.00775099
1.12056e-09	0.00741613
1.12061e-09	0.00708137
1.12066e-09	0.00674671
1.1207e-09	0.00641215
1.12075e-09	0.00607769
1.1208e-09	0.00574333
1.12084e-09	0.00540906
1.12089e-09	0.0050749
1.12094e-09	0.00474084
1.12098e-09	0.00440688
1.12103e-09	0.00407302
1.12108e-09	0.00373926
1.12112e-09	0.0034056
1.12117e-09	0.00307205
1.12121e-09	0.00273859
1.12126e-09	0.00240523
1.12131e-09	0.00207198
1.12135e-09	0.00173882
1.1214e-09	0.00140577
1.12145e-09	0.00107282
1.12149e-09	0.000739968
1.12154e-09	0.000407219
1.12159e-09	7.45712e-05
1.12163e-09	-0.000257975
1.12168e-09	-0.000590419
1.12173e-09	-0.000922762
1.12177e-09	-0.001255
1.12182e-09	-0.00158714
1.12186e-09	-0.00191918
1.12191e-09	-0.00225111
1.12196e-09	-0.00258295
1.122e-09	-0.00291468
1.12205e-09	-0.00324631
1.1221e-09	-0.00357783
1.12214e-09	-0.00390926
1.12219e-09	-0.00424058
1.12224e-09	-0.0045718
1.12228e-09	-0.00490291
1.12233e-09	-0.00523392
1.12238e-09	-0.00556483
1.12242e-09	-0.00589564
1.12247e-09	-0.00622635
1.12251e-09	-0.00655695
1.12256e-09	-0.00688744
1.12261e-09	-0.00721784
1.12265e-09	-0.00754813
1.1227e-09	-0.00787832
1.12275e-09	-0.0082084
1.12279e-09	-0.00853838
1.12284e-09	-0.00886826
1.12289e-09	-0.00919803
1.12293e-09	-0.0095277
1.12298e-09	-0.00985727
1.12302e-09	-0.0101867
1.12307e-09	-0.0105161
1.12312e-09	-0.0108453
1.12316e-09	-0.0111745
1.12321e-09	-0.0115035
1.12326e-09	-0.0118325
1.1233e-09	-0.0121613
1.12335e-09	-0.01249
1.1234e-09	-0.0128187
1.12344e-09	-0.0131472
1.12349e-09	-0.0134756
1.12354e-09	-0.0138039
1.12358e-09	-0.0141321
1.12363e-09	-0.0144602
1.12367e-09	-0.0147882
1.12372e-09	-0.0151161
1.12377e-09	-0.0154439
1.12381e-09	-0.0157716
1.12386e-09	-0.0160992
1.12391e-09	-0.0164266
1.12395e-09	-0.016754
1.124e-09	-0.0170812
1.12405e-09	-0.0174084
1.12409e-09	-0.0177354
1.12414e-09	-0.0180624
1.12419e-09	-0.0183892
1.12423e-09	-0.0187159
1.12428e-09	-0.0190426
1.12432e-09	-0.0193691
1.12437e-09	-0.0196955
1.12442e-09	-0.0200218
1.12446e-09	-0.020348
1.12451e-09	-0.0206741
1.12456e-09	-0.0210001
1.1246e-09	-0.0213259
1.12465e-09	-0.0216517
1.1247e-09	-0.0219774
1.12474e-09	-0.0223029
1.12479e-09	-0.0226284
1.12484e-09	-0.0229537
1.12488e-09	-0.023279
1.12493e-09	-0.0236041
1.12497e-09	-0.0239291
1.12502e-09	-0.024254
1.12507e-09	-0.0245788
1.12511e-09	-0.0249035
1.12516e-09	-0.0252281
1.12521e-09	-0.0255526
1.12525e-09	-0.025877
1.1253e-09	-0.0262012
1.12535e-09	-0.0265254
1.12539e-09	-0.0268495
1.12544e-09	-0.0271734
1.12548e-09	-0.0274972
1.12553e-09	-0.027821
1.12558e-09	-0.0281446
1.12562e-09	-0.0284681
1.12567e-09	-0.0287915
1.12572e-09	-0.0291148
1.12576e-09	-0.029438
1.12581e-09	-0.029761
1.12586e-09	-0.030084
1.1259e-09	-0.0304069
1.12595e-09	-0.0307296
1.126e-09	-0.0310522
1.12604e-09	-0.0313748
1.12609e-09	-0.0316972
1.12613e-09	-0.0320195
1.12618e-09	-0.0323417
1.12623e-09	-0.0326638
1.12627e-09	-0.0329858
1.12632e-09	-0.0333077
1.12637e-09	-0.0336294
1.12641e-09	-0.0339511
1.12646e-09	-0.0342726
1.12651e-09	-0.034594
1.12655e-09	-0.0349154
1.1266e-09	-0.0352366
1.12665e-09	-0.0355577
1.12669e-09	-0.0358787
1.12674e-09	-0.0361996
1.12678e-09	-0.0365203
1.12683e-09	-0.036841
1.12688e-09	-0.0371616
1.12692e-09	-0.037482
1.12697e-09	-0.0378023
1.12702e-09	-0.0381225
1.12706e-09	-0.0384427
1.12711e-09	-0.0387627
1.12716e-09	-0.0390825
1.1272e-09	-0.0394023
1.12725e-09	-0.039722
1.1273e-09	-0.0400415
1.12734e-09	-0.040361
1.12739e-09	-0.0406803
1.12743e-09	-0.0409995
1.12748e-09	-0.0413186
1.12753e-09	-0.0416376
1.12757e-09	-0.0419565
1.12762e-09	-0.0422753
1.12767e-09	-0.0425939
1.12771e-09	-0.0429125
1.12776e-09	-0.0432309
1.12781e-09	-0.0435493
1.12785e-09	-0.0438675
1.1279e-09	-0.0441856
1.12795e-09	-0.0445036
1.12799e-09	-0.0448214
1.12804e-09	-0.0451392
1.12808e-09	-0.0454569
1.12813e-09	-0.0457744
1.12818e-09	-0.0460918
1.12822e-09	-0.0464091
1.12827e-09	-0.0467263
1.12832e-09	-0.0470434
1.12836e-09	-0.0473604
1.12841e-09	-0.0476773
1.12846e-09	-0.047994
1.1285e-09	-0.0483106
1.12855e-09	-0.0486272
1.12859e-09	-0.0489436
1.12864e-09	-0.0492599
1.12869e-09	-0.0495761
1.12873e-09	-0.0498921
1.12878e-09	-0.0502081
1.12883e-09	-0.0505239
1.12887e-09	-0.0508397
1.12892e-09	-0.0511553
1.12897e-09	-0.0514708
1.12901e-09	-0.0517862
1.12906e-09	-0.0521014
1.12911e-09	-0.0524166
1.12915e-09	-0.0527316
1.1292e-09	-0.0530466
1.12924e-09	-0.0533614
1.12929e-09	-0.0536761
1.12934e-09	-0.0539907
1.12938e-09	-0.0543051
1.12943e-09	-0.0546195
1.12948e-09	-0.0549337
1.12952e-09	-0.0552479
1.12957e-09	-0.0555619
1.12962e-09	-0.0558758
1.12966e-09	-0.0561896
1.12971e-09	-0.0565032
1.12976e-09	-0.0568168
1.1298e-09	-0.0571302
1.12985e-09	-0.0574435
1.12989e-09	-0.0577568
1.12994e-09	-0.0580699
1.12999e-09	-0.0583828
1.13003e-09	-0.0586957
1.13008e-09	-0.0590084
1.13013e-09	-0.0593211
1.13017e-09	-0.0596336
1.13022e-09	-0.059946
1.13027e-09	-0.0602583
1.13031e-09	-0.0605704
1.13036e-09	-0.0608825
1.13041e-09	-0.0611944
1.13045e-09	-0.0615062
1.1305e-09	-0.0618179
1.13054e-09	-0.0621295
1.13059e-09	-0.062441
1.13064e-09	-0.0627523
1.13068e-09	-0.0630636
1.13073e-09	-0.0633747
1.13078e-09	-0.0636857
1.13082e-09	-0.0639966
1.13087e-09	-0.0643074
1.13092e-09	-0.064618
1.13096e-09	-0.0649285
1.13101e-09	-0.065239
1.13106e-09	-0.0655493
1.1311e-09	-0.0658594
1.13115e-09	-0.0661695
1.13119e-09	-0.0664795
1.13124e-09	-0.0667893
1.13129e-09	-0.067099
1.13133e-09	-0.0674086
1.13138e-09	-0.0677181
1.13143e-09	-0.0680275
1.13147e-09	-0.0683367
1.13152e-09	-0.0686458
1.13157e-09	-0.0689548
1.13161e-09	-0.0692637
1.13166e-09	-0.0695725
1.1317e-09	-0.0698811
1.13175e-09	-0.0701897
1.1318e-09	-0.0704981
1.13184e-09	-0.0708064
1.13189e-09	-0.0711146
1.13194e-09	-0.0714227
1.13198e-09	-0.0717306
1.13203e-09	-0.0720384
1.13208e-09	-0.0723461
1.13212e-09	-0.0726537
1.13217e-09	-0.0729612
1.13222e-09	-0.0732685
1.13226e-09	-0.0735758
1.13231e-09	-0.0738829
1.13235e-09	-0.0741899
1.1324e-09	-0.0744968
1.13245e-09	-0.0748035
1.13249e-09	-0.0751101
1.13254e-09	-0.0754167
1.13259e-09	-0.0757231
1.13263e-09	-0.0760293
1.13268e-09	-0.0763355
1.13273e-09	-0.0766415
1.13277e-09	-0.0769475
1.13282e-09	-0.0772533
1.13287e-09	-0.0775589
1.13291e-09	-0.0778645
1.13296e-09	-0.0781699
1.133e-09	-0.0784753
1.13305e-09	-0.0787805
1.1331e-09	-0.0790855
1.13314e-09	-0.0793905
1.13319e-09	-0.0796953
1.13324e-09	-0.0800001
1.13328e-09	-0.0803047
1.13333e-09	-0.0806091
1.13338e-09	-0.0809135
1.13342e-09	-0.0812177
1.13347e-09	-0.0815219
1.13352e-09	-0.0818259
1.13356e-09	-0.0821297
1.13361e-09	-0.0824335
1.13365e-09	-0.0827371
1.1337e-09	-0.0830406
1.13375e-09	-0.083344
1.13379e-09	-0.0836473
1.13384e-09	-0.0839504
1.13389e-09	-0.0842535
1.13393e-09	-0.0845564
1.13398e-09	-0.0848592
1.13403e-09	-0.0851618
1.13407e-09	-0.0854644
1.13412e-09	-0.0857668
1.13417e-09	-0.0860691
1.13421e-09	-0.0863713
1.13426e-09	-0.0866733
1.1343e-09	-0.0869753
1.13435e-09	-0.0872771
1.1344e-09	-0.0875788
1.13444e-09	-0.0878803
1.13449e-09	-0.0881818
1.13454e-09	-0.0884831
1.13458e-09	-0.0887843
1.13463e-09	-0.0890854
1.13468e-09	-0.0893863
1.13472e-09	-0.0896872
1.13477e-09	-0.0899879
1.13481e-09	-0.0902885
1.13486e-09	-0.0905889
1.13491e-09	-0.0908893
1.13495e-09	-0.0911895
1.135e-09	-0.0914896
1.13505e-09	-0.0917896
1.13509e-09	-0.0920894
1.13514e-09	-0.0923892
1.13519e-09	-0.0926888
1.13523e-09	-0.0929882
1.13528e-09	-0.0932876
1.13533e-09	-0.0935868
1.13537e-09	-0.093886
1.13542e-09	-0.0941849
1.13546e-09	-0.0944838
1.13551e-09	-0.0947826
1.13556e-09	-0.0950812
1.1356e-09	-0.0953797
1.13565e-09	-0.095678
1.1357e-09	-0.0959763
1.13574e-09	-0.0962744
1.13579e-09	-0.0965724
1.13584e-09	-0.0968703
1.13588e-09	-0.097168
1.13593e-09	-0.0974657
1.13598e-09	-0.0977632
1.13602e-09	-0.0980606
1.13607e-09	-0.0983578
1.13611e-09	-0.0986549
1.13616e-09	-0.0989519
1.13621e-09	-0.0992488
1.13625e-09	-0.0995456
1.1363e-09	-0.0998422
1.13635e-09	-0.100139
1.13639e-09	-0.100435
1.13644e-09	-0.100731
1.13649e-09	-0.101028
1.13653e-09	-0.101324
1.13658e-09	-0.101619
1.13663e-09	-0.101915
1.13667e-09	-0.102211
1.13672e-09	-0.102506
1.13676e-09	-0.102802
1.13681e-09	-0.103097
1.13686e-09	-0.103392
1.1369e-09	-0.103687
1.13695e-09	-0.103982
1.137e-09	-0.104277
1.13704e-09	-0.104571
1.13709e-09	-0.104866
1.13714e-09	-0.10516
1.13718e-09	-0.105454
1.13723e-09	-0.105749
1.13728e-09	-0.106043
1.13732e-09	-0.106336
1.13737e-09	-0.10663
1.13741e-09	-0.106924
1.13746e-09	-0.107217
1.13751e-09	-0.107511
1.13755e-09	-0.107804
1.1376e-09	-0.108097
1.13765e-09	-0.10839
1.13769e-09	-0.108683
1.13774e-09	-0.108976
1.13779e-09	-0.109268
1.13783e-09	-0.109561
1.13788e-09	-0.109853
1.13792e-09	-0.110145
1.13797e-09	-0.110437
1.13802e-09	-0.110729
1.13806e-09	-0.111021
1.13811e-09	-0.111313
1.13816e-09	-0.111605
1.1382e-09	-0.111896
1.13825e-09	-0.112187
1.1383e-09	-0.112479
1.13834e-09	-0.11277
1.13839e-09	-0.113061
1.13844e-09	-0.113352
1.13848e-09	-0.113642
1.13853e-09	-0.113933
1.13857e-09	-0.114223
1.13862e-09	-0.114514
1.13867e-09	-0.114804
1.13871e-09	-0.115094
1.13876e-09	-0.115384
1.13881e-09	-0.115674
1.13885e-09	-0.115963
1.1389e-09	-0.116253
1.13895e-09	-0.116542
1.13899e-09	-0.116832
1.13904e-09	-0.117121
1.13909e-09	-0.11741
1.13913e-09	-0.117699
1.13918e-09	-0.117988
1.13922e-09	-0.118276
1.13927e-09	-0.118565
1.13932e-09	-0.118853
1.13936e-09	-0.119141
1.13941e-09	-0.11943
1.13946e-09	-0.119718
1.1395e-09	-0.120005
1.13955e-09	-0.120293
1.1396e-09	-0.120581
1.13964e-09	-0.120868
1.13969e-09	-0.121156
1.13974e-09	-0.121443
1.13978e-09	-0.12173
1.13983e-09	-0.122017
1.13987e-09	-0.122304
1.13992e-09	-0.122591
1.13997e-09	-0.122877
1.14001e-09	-0.123164
1.14006e-09	-0.12345
1.14011e-09	-0.123736
1.14015e-09	-0.124022
1.1402e-09	-0.124308
1.14025e-09	-0.124594
1.14029e-09	-0.12488
1.14034e-09	-0.125165
1.14039e-09	-0.125451
1.14043e-09	-0.125736
1.14048e-09	-0.126021
1.14052e-09	-0.126306
1.14057e-09	-0.126591
1.14062e-09	-0.126876
1.14066e-09	-0.127161
1.14071e-09	-0.127445
1.14076e-09	-0.127729
1.1408e-09	-0.128014
1.14085e-09	-0.128298
1.1409e-09	-0.128582
1.14094e-09	-0.128866
1.14099e-09	-0.129149
1.14103e-09	-0.129433
1.14108e-09	-0.129717
1.14113e-09	-0.13
1.14117e-09	-0.130283
1.14122e-09	-0.130566
1.14127e-09	-0.130849
1.14131e-09	-0.131132
1.14136e-09	-0.131415
1.14141e-09	-0.131697
1.14145e-09	-0.13198
1.1415e-09	-0.132262
1.14155e-09	-0.132544
1.14159e-09	-0.132826
1.14164e-09	-0.133108
1.14168e-09	-0.13339
1.14173e-09	-0.133671
1.14178e-09	-0.133953
1.14182e-09	-0.134234
1.14187e-09	-0.134515
1.14192e-09	-0.134797
1.14196e-09	-0.135078
1.14201e-09	-0.135358
1.14206e-09	-0.135639
1.1421e-09	-0.13592
1.14215e-09	-0.1362
1.1422e-09	-0.13648
1.14224e-09	-0.136761
1.14229e-09	-0.137041
1.14233e-09	-0.137321
1.14238e-09	-0.1376
1.14243e-09	-0.13788
1.14247e-09	-0.13816
1.14252e-09	-0.138439
1.14257e-09	-0.138718
1.14261e-09	-0.138997
1.14266e-09	-0.139276
1.14271e-09	-0.139555
1.14275e-09	-0.139834
1.1428e-09	-0.140113
1.14285e-09	-0.140391
1.14289e-09	-0.140669
1.14294e-09	-0.140948
1.14298e-09	-0.141226
1.14303e-09	-0.141504
1.14308e-09	-0.141781
1.14312e-09	-0.142059
1.14317e-09	-0.142337
1.14322e-09	-0.142614
1.14326e-09	-0.142891
1.14331e-09	-0.143168
1.14336e-09	-0.143445
1.1434e-09	-0.143722
1.14345e-09	-0.143999
1.14349e-09	-0.144276
1.14354e-09	-0.144552
1.14359e-09	-0.144828
1.14363e-09	-0.145105
1.14368e-09	-0.145381
1.14373e-09	-0.145657
1.14377e-09	-0.145932
1.14382e-09	-0.146208
1.14387e-09	-0.146484
1.14391e-09	-0.146759
1.14396e-09	-0.147034
1.14401e-09	-0.147309
1.14405e-09	-0.147584
1.1441e-09	-0.147859
1.14414e-09	-0.148134
1.14419e-09	-0.148409
1.14424e-09	-0.148683
1.14428e-09	-0.148957
1.14433e-09	-0.149231
1.14438e-09	-0.149506
1.14442e-09	-0.149779
1.14447e-09	-0.150053
1.14452e-09	-0.150327
1.14456e-09	-0.1506
1.14461e-09	-0.150874
1.14466e-09	-0.151147
1.1447e-09	-0.15142
1.14475e-09	-0.151693
1.14479e-09	-0.151966
1.14484e-09	-0.152239
1.14489e-09	-0.152511
1.14493e-09	-0.152784
1.14498e-09	-0.153056
1.14503e-09	-0.153328
1.14507e-09	-0.1536
1.14512e-09	-0.153872
1.14517e-09	-0.154144
1.14521e-09	-0.154415
1.14526e-09	-0.154687
1.14531e-09	-0.154958
1.14535e-09	-0.155229
1.1454e-09	-0.155501
1.14544e-09	-0.155771
1.14549e-09	-0.156042
1.14554e-09	-0.156313
1.14558e-09	-0.156583
1.14563e-09	-0.156854
1.14568e-09	-0.157124
1.14572e-09	-0.157394
1.14577e-09	-0.157664
1.14582e-09	-0.157934
1.14586e-09	-0.158204
1.14591e-09	-0.158473
1.14596e-09	-0.158743
1.146e-09	-0.159012
1.14605e-09	-0.159281
1.14609e-09	-0.15955
1.14614e-09	-0.159819
1.14619e-09	-0.160088
1.14623e-09	-0.160357
1.14628e-09	-0.160625
1.14633e-09	-0.160894
1.14637e-09	-0.161162
1.14642e-09	-0.16143
1.14647e-09	-0.161698
1.14651e-09	-0.161966
1.14656e-09	-0.162233
1.1466e-09	-0.162501
1.14665e-09	-0.162768
1.1467e-09	-0.163035
1.14674e-09	-0.163303
1.14679e-09	-0.16357
1.14684e-09	-0.163836
1.14688e-09	-0.164103
1.14693e-09	-0.16437
1.14698e-09	-0.164636
1.14702e-09	-0.164902
1.14707e-09	-0.165169
1.14712e-09	-0.165435
1.14716e-09	-0.165701
1.14721e-09	-0.165966
1.14725e-09	-0.166232
1.1473e-09	-0.166497
1.14735e-09	-0.166763
1.14739e-09	-0.167028
1.14744e-09	-0.167293
1.14749e-09	-0.167558
1.14753e-09	-0.167823
1.14758e-09	-0.168087
1.14763e-09	-0.168352
1.14767e-09	-0.168616
1.14772e-09	-0.16888
1.14777e-09	-0.169145
1.14781e-09	-0.169409
1.14786e-09	-0.169672
1.1479e-09	-0.169936
1.14795e-09	-0.1702
1.148e-09	-0.170463
1.14804e-09	-0.170726
1.14809e-09	-0.170989
1.14814e-09	-0.171252
1.14818e-09	-0.171515
1.14823e-09	-0.171778
1.14828e-09	-0.17204
1.14832e-09	-0.172303
1.14837e-09	-0.172565
1.14842e-09	-0.172827
1.14846e-09	-0.173089
1.14851e-09	-0.173351
1.14855e-09	-0.173613
1.1486e-09	-0.173875
1.14865e-09	-0.174136
1.14869e-09	-0.174397
1.14874e-09	-0.174659
1.14879e-09	-0.17492
1.14883e-09	-0.175181
1.14888e-09	-0.175441
1.14893e-09	-0.175702
1.14897e-09	-0.175962
1.14902e-09	-0.176223
1.14907e-09	-0.176483
1.14911e-09	-0.176743
1.14916e-09	-0.177003
1.1492e-09	-0.177263
1.14925e-09	-0.177522
1.1493e-09	-0.177782
1.14934e-09	-0.178041
1.14939e-09	-0.178301
1.14944e-09	-0.17856
1.14948e-09	-0.178819
1.14953e-09	-0.179077
1.14958e-09	-0.179336
1.14962e-09	-0.179595
1.14967e-09	-0.179853
1.14971e-09	-0.180111
1.14976e-09	-0.180369
1.14981e-09	-0.180627
1.14985e-09	-0.180885
1.1499e-09	-0.181143
1.14995e-09	-0.1814
1.14999e-09	-0.181658
1.15004e-09	-0.181915
1.15009e-09	-0.182172
1.15013e-09	-0.182429
1.15018e-09	-0.182686
1.15023e-09	-0.182943
1.15027e-09	-0.183199
1.15032e-09	-0.183456
1.15036e-09	-0.183712
1.15041e-09	-0.183968
1.15046e-09	-0.184224
1.1505e-09	-0.18448
1.15055e-09	-0.184736
1.1506e-09	-0.184991
1.15064e-09	-0.185247
1.15069e-09	-0.185502
1.15074e-09	-0.185757
1.15078e-09	-0.186012
1.15083e-09	-0.186267
1.15088e-09	-0.186522
1.15092e-09	-0.186777
1.15097e-09	-0.187031
1.15101e-09	-0.187285
1.15106e-09	-0.18754
1.15111e-09	-0.187794
1.15115e-09	-0.188048
1.1512e-09	-0.188301
1.15125e-09	-0.188555
1.15129e-09	-0.188808
1.15134e-09	-0.189062
1.15139e-09	-0.189315
1.15143e-09	-0.189568
1.15148e-09	-0.189821
1.15153e-09	-0.190074
1.15157e-09	-0.190326
1.15162e-09	-0.190579
1.15166e-09	-0.190831
1.15171e-09	-0.191083
1.15176e-09	-0.191335
1.1518e-09	-0.191587
1.15185e-09	-0.191839
1.1519e-09	-0.192091
1.15194e-09	-0.192342
1.15199e-09	-0.192593
1.15204e-09	-0.192845
1.15208e-09	-0.193096
1.15213e-09	-0.193347
1.15218e-09	-0.193597
1.15222e-09	-0.193848
1.15227e-09	-0.194099
1.15231e-09	-0.194349
1.15236e-09	-0.194599
1.15241e-09	-0.194849
1.15245e-09	-0.195099
1.1525e-09	-0.195349
1.15255e-09	-0.195598
1.15259e-09	-0.195848
1.15264e-09	-0.196097
1.15269e-09	-0.196347
1.15273e-09	-0.196596
1.15278e-09	-0.196845
1.15282e-09	-0.197093
1.15287e-09	-0.197342
1.15292e-09	-0.19759
1.15296e-09	-0.197839
1.15301e-09	-0.198087
1.15306e-09	-0.198335
1.1531e-09	-0.198583
1.15315e-09	-0.198831
1.1532e-09	-0.199078
1.15324e-09	-0.199326
1.15329e-09	-0.199573
1.15334e-09	-0.19982
1.15338e-09	-0.200068
1.15343e-09	-0.200314
1.15347e-09	-0.200561
1.15352e-09	-0.200808
1.15357e-09	-0.201054
1.15361e-09	-0.201301
1.15366e-09	-0.201547
1.15371e-09	-0.201793
1.15375e-09	-0.202039
1.1538e-09	-0.202285
1.15385e-09	-0.20253
1.15389e-09	-0.202776
1.15394e-09	-0.203021
1.15399e-09	-0.203266
1.15403e-09	-0.203511
1.15408e-09	-0.203756
1.15412e-09	-0.204001
1.15417e-09	-0.204246
1.15422e-09	-0.20449
1.15426e-09	-0.204735
1.15431e-09	-0.204979
1.15436e-09	-0.205223
1.1544e-09	-0.205467
1.15445e-09	-0.20571
1.1545e-09	-0.205954
1.15454e-09	-0.206198
1.15459e-09	-0.206441
1.15464e-09	-0.206684
1.15468e-09	-0.206927
1.15473e-09	-0.20717
1.15477e-09	-0.207413
1.15482e-09	-0.207655
1.15487e-09	-0.207898
1.15491e-09	-0.20814
1.15496e-09	-0.208382
1.15501e-09	-0.208624
1.15505e-09	-0.208866
1.1551e-09	-0.209108
1.15515e-09	-0.20935
1.15519e-09	-0.209591
1.15524e-09	-0.209832
1.15529e-09	-0.210073
1.15533e-09	-0.210314
1.15538e-09	-0.210555
1.15542e-09	-0.210796
1.15547e-09	-0.211037
1.15552e-09	-0.211277
1.15556e-09	-0.211517
1.15561e-09	-0.211758
1.15566e-09	-0.211998
1.1557e-09	-0.212237
1.15575e-09	-0.212477
1.1558e-09	-0.212717
1.15584e-09	-0.212956
1.15589e-09	-0.213195
1.15593e-09	-0.213435
1.15598e-09	-0.213674
1.15603e-09	-0.213912
1.15607e-09	-0.214151
1.15612e-09	-0.21439
1.15617e-09	-0.214628
1.15621e-09	-0.214866
1.15626e-09	-0.215104
1.15631e-09	-0.215342
1.15635e-09	-0.21558
1.1564e-09	-0.215818
1.15645e-09	-0.216055
1.15649e-09	-0.216293
1.15654e-09	-0.21653
1.15658e-09	-0.216767
1.15663e-09	-0.217004
1.15668e-09	-0.217241
1.15672e-09	-0.217478
1.15677e-09	-0.217714
1.15682e-09	-0.21795
1.15686e-09	-0.218187
1.15691e-09	-0.218423
1.15696e-09	-0.218659
1.157e-09	-0.218894
1.15705e-09	-0.21913
1.1571e-09	-0.219366
1.15714e-09	-0.219601
1.15719e-09	-0.219836
1.15723e-09	-0.220071
1.15728e-09	-0.220306
1.15733e-09	-0.220541
1.15737e-09	-0.220775
1.15742e-09	-0.22101
1.15747e-09	-0.221244
1.15751e-09	-0.221478
1.15756e-09	-0.221712
1.15761e-09	-0.221946
1.15765e-09	-0.22218
1.1577e-09	-0.222414
1.15775e-09	-0.222647
1.15779e-09	-0.22288
1.15784e-09	-0.223114
1.15788e-09	-0.223347
1.15793e-09	-0.223579
1.15798e-09	-0.223812
1.15802e-09	-0.224045
1.15807e-09	-0.224277
1.15812e-09	-0.224509
1.15816e-09	-0.224742
1.15821e-09	-0.224974
1.15826e-09	-0.225205
1.1583e-09	-0.225437
1.15835e-09	-0.225669
1.15839e-09	-0.2259
1.15844e-09	-0.226131
1.15849e-09	-0.226362
1.15853e-09	-0.226593
1.15858e-09	-0.226824
1.15863e-09	-0.227055
1.15867e-09	-0.227285
1.15872e-09	-0.227516
1.15877e-09	-0.227746
1.15881e-09	-0.227976
1.15886e-09	-0.228206
1.15891e-09	-0.228436
1.15895e-09	-0.228665
1.159e-09	-0.228895
1.15904e-09	-0.229124
1.15909e-09	-0.229353
1.15914e-09	-0.229582
1.15918e-09	-0.229811
1.15923e-09	-0.23004
1.15928e-09	-0.230268
1.15932e-09	-0.230497
1.15937e-09	-0.230725
1.15942e-09	-0.230953
1.15946e-09	-0.231181
1.15951e-09	-0.231409
1.15956e-09	-0.231637
1.1596e-09	-0.231864
1.15965e-09	-0.232092
1.15969e-09	-0.232319
1.15974e-09	-0.232546
1.15979e-09	-0.232773
1.15983e-09	-0.233
1.15988e-09	-0.233227
1.15993e-09	-0.233453
1.15997e-09	-0.23368
1.16002e-09	-0.233906
1.16007e-09	-0.234132
1.16011e-09	-0.234358
1.16016e-09	-0.234584
1.16021e-09	-0.234809
1.16025e-09	-0.235035
1.1603e-09	-0.23526
1.16034e-09	-0.235485
1.16039e-09	-0.23571
1.16044e-09	-0.235935
1.16048e-09	-0.23616
1.16053e-09	-0.236385
1.16058e-09	-0.236609
1.16062e-09	-0.236833
1.16067e-09	-0.237058
1.16072e-09	-0.237282
1.16076e-09	-0.237505
1.16081e-09	-0.237729
1.16086e-09	-0.237953
1.1609e-09	-0.238176
1.16095e-09	-0.238399
1.16099e-09	-0.238622
1.16104e-09	-0.238845
1.16109e-09	-0.239068
1.16113e-09	-0.239291
1.16118e-09	-0.239513
1.16123e-09	-0.239736
1.16127e-09	-0.239958
1.16132e-09	-0.24018
1.16137e-09	-0.240402
1.16141e-09	-0.240624
1.16146e-09	-0.240845
1.1615e-09	-0.241067
1.16155e-09	-0.241288
1.1616e-09	-0.241509
1.16164e-09	-0.24173
1.16169e-09	-0.241951
1.16174e-09	-0.242172
1.16178e-09	-0.242393
1.16183e-09	-0.242613
1.16188e-09	-0.242833
1.16192e-09	-0.243054
1.16197e-09	-0.243274
1.16202e-09	-0.243493
1.16206e-09	-0.243713
1.16211e-09	-0.243933
1.16215e-09	-0.244152
1.1622e-09	-0.244371
1.16225e-09	-0.24459
1.16229e-09	-0.244809
1.16234e-09	-0.245028
1.16239e-09	-0.245247
1.16243e-09	-0.245465
1.16248e-09	-0.245684
1.16253e-09	-0.245902
1.16257e-09	-0.24612
1.16262e-09	-0.246338
1.16267e-09	-0.246556
1.16271e-09	-0.246773
1.16276e-09	-0.246991
1.1628e-09	-0.247208
1.16285e-09	-0.247425
1.1629e-09	-0.247642
1.16294e-09	-0.247859
1.16299e-09	-0.248076
1.16304e-09	-0.248292
1.16308e-09	-0.248509
1.16313e-09	-0.248725
1.16318e-09	-0.248941
1.16322e-09	-0.249157
1.16327e-09	-0.249373
1.16332e-09	-0.249588
1.16336e-09	-0.249804
1.16341e-09	-0.250019
1.16345e-09	-0.250234
1.1635e-09	-0.25045
1.16355e-09	-0.250664
1.16359e-09	-0.250879
1.16364e-09	-0.251094
1.16369e-09	-0.251308
1.16373e-09	-0.251523
1.16378e-09	-0.251737
1.16383e-09	-0.251951
1.16387e-09	-0.252165
1.16392e-09	-0.252378
1.16397e-09	-0.252592
1.16401e-09	-0.252805
1.16406e-09	-0.253019
1.1641e-09	-0.253232
1.16415e-09	-0.253445
1.1642e-09	-0.253657
1.16424e-09	-0.25387
1.16429e-09	-0.254083
1.16434e-09	-0.254295
1.16438e-09	-0.254507
1.16443e-09	-0.254719
1.16448e-09	-0.254931
1.16452e-09	-0.255143
1.16457e-09	-0.255354
1.16461e-09	-0.255566
1.16466e-09	-0.255777
1.16471e-09	-0.255988
1.16475e-09	-0.256199
1.1648e-09	-0.25641
1.16485e-09	-0.256621
1.16489e-09	-0.256831
1.16494e-09	-0.257042
1.16499e-09	-0.257252
1.16503e-09	-0.257462
1.16508e-09	-0.257672
1.16513e-09	-0.257882
1.16517e-09	-0.258092
1.16522e-09	-0.258301
1.16526e-09	-0.25851
1.16531e-09	-0.25872
1.16536e-09	-0.258929
1.1654e-09	-0.259138
1.16545e-09	-0.259346
1.1655e-09	-0.259555
1.16554e-09	-0.259763
1.16559e-09	-0.259972
1.16564e-09	-0.26018
1.16568e-09	-0.260388
1.16573e-09	-0.260596
1.16578e-09	-0.260803
1.16582e-09	-0.261011
1.16587e-09	-0.261218
1.16591e-09	-0.261425
1.16596e-09	-0.261633
1.16601e-09	-0.26184
1.16605e-09	-0.262046
1.1661e-09	-0.262253
1.16615e-09	-0.262459
1.16619e-09	-0.262666
1.16624e-09	-0.262872
1.16629e-09	-0.263078
1.16633e-09	-0.263284
1.16638e-09	-0.26349
1.16643e-09	-0.263695
1.16647e-09	-0.263901
1.16652e-09	-0.264106
1.16656e-09	-0.264311
1.16661e-09	-0.264516
1.16666e-09	-0.264721
1.1667e-09	-0.264925
1.16675e-09	-0.26513
1.1668e-09	-0.265334
1.16684e-09	-0.265538
1.16689e-09	-0.265743
1.16694e-09	-0.265946
1.16698e-09	-0.26615
1.16703e-09	-0.266354
1.16708e-09	-0.266557
1.16712e-09	-0.266761
1.16717e-09	-0.266964
1.16721e-09	-0.267167
1.16726e-09	-0.26737
1.16731e-09	-0.267572
1.16735e-09	-0.267775
1.1674e-09	-0.267977
1.16745e-09	-0.268179
1.16749e-09	-0.268382
1.16754e-09	-0.268583
1.16759e-09	-0.268785
1.16763e-09	-0.268987
1.16768e-09	-0.269188
1.16772e-09	-0.26939
1.16777e-09	-0.269591
1.16782e-09	-0.269792
1.16786e-09	-0.269993
1.16791e-09	-0.270193
1.16796e-09	-0.270394
1.168e-09	-0.270594
1.16805e-09	-0.270795
1.1681e-09	-0.270995
1.16814e-09	-0.271195
1.16819e-09	-0.271395
1.16824e-09	-0.271594
1.16828e-09	-0.271794
1.16833e-09	-0.271993
1.16837e-09	-0.272192
1.16842e-09	-0.272391
1.16847e-09	-0.27259
1.16851e-09	-0.272789
1.16856e-09	-0.272988
1.16861e-09	-0.273186
1.16865e-09	-0.273384
1.1687e-09	-0.273583
1.16875e-09	-0.273781
1.16879e-09	-0.273978
1.16884e-09	-0.274176
1.16889e-09	-0.274374
1.16893e-09	-0.274571
1.16898e-09	-0.274768
1.16902e-09	-0.274965
1.16907e-09	-0.275162
1.16912e-09	-0.275359
1.16916e-09	-0.275556
1.16921e-09	-0.275752
1.16926e-09	-0.275948
1.1693e-09	-0.276145
1.16935e-09	-0.276341
1.1694e-09	-0.276536
1.16944e-09	-0.276732
1.16949e-09	-0.276928
1.16954e-09	-0.277123
1.16958e-09	-0.277318
1.16963e-09	-0.277513
1.16967e-09	-0.277708
1.16972e-09	-0.277903
1.16977e-09	-0.278098
1.16981e-09	-0.278292
1.16986e-09	-0.278487
1.16991e-09	-0.278681
1.16995e-09	-0.278875
1.17e-09	-0.279069
1.17005e-09	-0.279262
1.17009e-09	-0.279456
1.17014e-09	-0.279649
1.17019e-09	-0.279843
1.17023e-09	-0.280036
1.17028e-09	-0.280229
1.17032e-09	-0.280422
1.17037e-09	-0.280614
1.17042e-09	-0.280807
1.17046e-09	-0.280999
1.17051e-09	-0.281191
1.17056e-09	-0.281383
1.1706e-09	-0.281575
1.17065e-09	-0.281767
1.1707e-09	-0.281959
1.17074e-09	-0.28215
1.17079e-09	-0.282341
1.17083e-09	-0.282532
1.17088e-09	-0.282723
1.17093e-09	-0.282914
1.17097e-09	-0.283105
1.17102e-09	-0.283295
1.17107e-09	-0.283486
1.17111e-09	-0.283676
1.17116e-09	-0.283866
1.17121e-09	-0.284056
1.17125e-09	-0.284246
1.1713e-09	-0.284435
1.17135e-09	-0.284625
1.17139e-09	-0.284814
1.17144e-09	-0.285003
1.17148e-09	-0.285192
1.17153e-09	-0.285381
1.17158e-09	-0.28557
1.17162e-09	-0.285758
1.17167e-09	-0.285947
1.17172e-09	-0.286135
1.17176e-09	-0.286323
1.17181e-09	-0.286511
1.17186e-09	-0.286699
1.1719e-09	-0.286886
1.17195e-09	-0.287074
1.172e-09	-0.287261
1.17204e-09	-0.287448
1.17209e-09	-0.287635
1.17213e-09	-0.287822
1.17218e-09	-0.288009
1.17223e-09	-0.288195
1.17227e-09	-0.288382
1.17232e-09	-0.288568
1.17237e-09	-0.288754
1.17241e-09	-0.28894
1.17246e-09	-0.289126
1.17251e-09	-0.289311
1.17255e-09	-0.289497
1.1726e-09	-0.289682
1.17265e-09	-0.289867
1.17269e-09	-0.290052
1.17274e-09	-0.290237
1.17278e-09	-0.290422
1.17283e-09	-0.290606
1.17288e-09	-0.290791
1.17292e-09	-0.290975
1.17297e-09	-0.291159
1.17302e-09	-0.291343
1.17306e-09	-0.291527
1.17311e-09	-0.29171
1.17316e-09	-0.291894
1.1732e-09	-0.292077
1.17325e-09	-0.29226
1.1733e-09	-0.292443
1.17334e-09	-0.292626
1.17339e-09	-0.292809
1.17343e-09	-0.292992
1.17348e-09	-0.293174
1.17353e-09	-0.293356
1.17357e-09	-0.293538
1.17362e-09	-0.29372
1.17367e-09	-0.293902
1.17371e-09	-0.294084
1.17376e-09	-0.294265
1.17381e-09	-0.294447
1.17385e-09	-0.294628
1.1739e-09	-0.294809
1.17394e-09	-0.29499
1.17399e-09	-0.29517
1.17404e-09	-0.295351
1.17408e-09	-0.295531
1.17413e-09	-0.295712
1.17418e-09	-0.295892
1.17422e-09	-0.296072
1.17427e-09	-0.296251
1.17432e-09	-0.296431
1.17436e-09	-0.296611
1.17441e-09	-0.29679
1.17446e-09	-0.296969
1.1745e-09	-0.297148
1.17455e-09	-0.297327
1.17459e-09	-0.297506
1.17464e-09	-0.297684
1.17469e-09	-0.297863
1.17473e-09	-0.298041
1.17478e-09	-0.298219
1.17483e-09	-0.298397
1.17487e-09	-0.298575
1.17492e-09	-0.298753
1.17497e-09	-0.29893
1.17501e-09	-0.299107
1.17506e-09	-0.299285
1.17511e-09	-0.299462
1.17515e-09	-0.299638
1.1752e-09	-0.299815
1.17524e-09	-0.299992
1.17529e-09	-0.300168
1.17534e-09	-0.300344
1.17538e-09	-0.300521
1.17543e-09	-0.300697
1.17548e-09	-0.300872
1.17552e-09	-0.301048
1.17557e-09	-0.301223
1.17562e-09	-0.301399
1.17566e-09	-0.301574
1.17571e-09	-0.301749
1.17576e-09	-0.301924
1.1758e-09	-0.302099
1.17585e-09	-0.302273
1.17589e-09	-0.302448
1.17594e-09	-0.302622
1.17599e-09	-0.302796
1.17603e-09	-0.30297
1.17608e-09	-0.303144
1.17613e-09	-0.303317
1.17617e-09	-0.303491
1.17622e-09	-0.303664
1.17627e-09	-0.303837
1.17631e-09	-0.304011
1.17636e-09	-0.304183
1.1764e-09	-0.304356
1.17645e-09	-0.304529
1.1765e-09	-0.304701
1.17654e-09	-0.304873
1.17659e-09	-0.305046
1.17664e-09	-0.305217
1.17668e-09	-0.305389
1.17673e-09	-0.305561
1.17678e-09	-0.305732
1.17682e-09	-0.305904
1.17687e-09	-0.306075
1.17692e-09	-0.306246
1.17696e-09	-0.306417
1.17701e-09	-0.306588
1.17705e-09	-0.306758
1.1771e-09	-0.306929
1.17715e-09	-0.307099
1.17719e-09	-0.307269
1.17724e-09	-0.307439
1.17729e-09	-0.307609
1.17733e-09	-0.307778
1.17738e-09	-0.307948
1.17743e-09	-0.308117
1.17747e-09	-0.308286
1.17752e-09	-0.308455
1.17757e-09	-0.308624
1.17761e-09	-0.308793
1.17766e-09	-0.308962
1.1777e-09	-0.30913
1.17775e-09	-0.309298
1.1778e-09	-0.309466
1.17784e-09	-0.309634
1.17789e-09	-0.309802
1.17794e-09	-0.30997
1.17798e-09	-0.310137
1.17803e-09	-0.310305
1.17808e-09	-0.310472
1.17812e-09	-0.310639
1.17817e-09	-0.310806
1.17822e-09	-0.310973
1.17826e-09	-0.311139
1.17831e-09	-0.311306
1.17835e-09	-0.311472
1.1784e-09	-0.311638
1.17845e-09	-0.311804
1.17849e-09	-0.31197
1.17854e-09	-0.312135
1.17859e-09	-0.312301
1.17863e-09	-0.312466
1.17868e-09	-0.312631
1.17873e-09	-0.312796
1.17877e-09	-0.312961
1.17882e-09	-0.313126
1.17887e-09	-0.313291
1.17891e-09	-0.313455
1.17896e-09	-0.313619
1.179e-09	-0.313783
1.17905e-09	-0.313947
1.1791e-09	-0.314111
1.17914e-09	-0.314275
1.17919e-09	-0.314438
1.17924e-09	-0.314602
1.17928e-09	-0.314765
1.17933e-09	-0.314928
1.17938e-09	-0.315091
1.17942e-09	-0.315253
1.17947e-09	-0.315416
1.17951e-09	-0.315578
1.17956e-09	-0.315741
1.17961e-09	-0.315903
1.17965e-09	-0.316065
1.1797e-09	-0.316227
1.17975e-09	-0.316388
1.17979e-09	-0.31655
1.17984e-09	-0.316711
1.17989e-09	-0.316872
1.17993e-09	-0.317033
1.17998e-09	-0.317194
1.18003e-09	-0.317355
1.18007e-09	-0.317515
1.18012e-09	-0.317676
1.18016e-09	-0.317836
1.18021e-09	-0.317996
1.18026e-09	-0.318156
1.1803e-09	-0.318316
1.18035e-09	-0.318476
1.1804e-09	-0.318635
1.18044e-09	-0.318794
1.18049e-09	-0.318954
1.18054e-09	-0.319113
1.18058e-09	-0.319272
1.18063e-09	-0.31943
1.18068e-09	-0.319589
1.18072e-09	-0.319747
1.18077e-09	-0.319906
1.18081e-09	-0.320064
1.18086e-09	-0.320222
1.18091e-09	-0.320379
1.18095e-09	-0.320537
1.181e-09	-0.320695
1.18105e-09	-0.320852
1.18109e-09	-0.321009
1.18114e-09	-0.321166
1.18119e-09	-0.321323
1.18123e-09	-0.32148
1.18128e-09	-0.321636
1.18133e-09	-0.321793
1.18137e-09	-0.321949
1.18142e-09	-0.322105
1.18146e-09	-0.322261
1.18151e-09	-0.322417
1.18156e-09	-0.322572
1.1816e-09	-0.322728
1.18165e-09	-0.322883
1.1817e-09	-0.323038
1.18174e-09	-0.323193
1.18179e-09	-0.323348
1.18184e-09	-0.323503
1.18188e-09	-0.323658
1.18193e-09	-0.323812
1.18198e-09	-0.323966
1.18202e-09	-0.32412
1.18207e-09	-0.324274
1.18211e-09	-0.324428
1.18216e-09	-0.324582
1.18221e-09	-0.324735
1.18225e-09	-0.324889
1.1823e-09	-0.325042
1.18235e-09	-0.325195
1.18239e-09	-0.325348
1.18244e-09	-0.3255
1.18249e-09	-0.325653
1.18253e-09	-0.325805
1.18258e-09	-0.325958
1.18262e-09	-0.32611
1.18267e-09	-0.326262
1.18272e-09	-0.326413
1.18276e-09	-0.326565
1.18281e-09	-0.326717
1.18286e-09	-0.326868
1.1829e-09	-0.327019
1.18295e-09	-0.32717
1.183e-09	-0.327321
1.18304e-09	-0.327472
1.18309e-09	-0.327622
1.18314e-09	-0.327773
1.18318e-09	-0.327923
1.18323e-09	-0.328073
1.18327e-09	-0.328223
1.18332e-09	-0.328373
1.18337e-09	-0.328522
1.18341e-09	-0.328672
1.18346e-09	-0.328821
1.18351e-09	-0.32897
1.18355e-09	-0.329119
1.1836e-09	-0.329268
1.18365e-09	-0.329417
1.18369e-09	-0.329566
1.18374e-09	-0.329714
1.18379e-09	-0.329862
1.18383e-09	-0.33001
1.18388e-09	-0.330158
1.18392e-09	-0.330306
1.18397e-09	-0.330454
1.18402e-09	-0.330601
1.18406e-09	-0.330748
1.18411e-09	-0.330896
1.18416e-09	-0.331043
1.1842e-09	-0.33119
1.18425e-09	-0.331336
1.1843e-09	-0.331483
1.18434e-09	-0.331629
1.18439e-09	-0.331776
1.18444e-09	-0.331922
1.18448e-09	-0.332068
1.18453e-09	-0.332213
1.18457e-09	-0.332359
1.18462e-09	-0.332504
1.18467e-09	-0.33265
1.18471e-09	-0.332795
1.18476e-09	-0.33294
1.18481e-09	-0.333085
1.18485e-09	-0.33323
1.1849e-09	-0.333374
1.18495e-09	-0.333519
1.18499e-09	-0.333663
1.18504e-09	-0.333807
1.18509e-09	-0.333951
1.18513e-09	-0.334095
1.18518e-09	-0.334238
1.18522e-09	-0.334382
1.18527e-09	-0.334525
1.18532e-09	-0.334668
1.18536e-09	-0.334811
1.18541e-09	-0.334954
1.18546e-09	-0.335097
1.1855e-09	-0.33524
1.18555e-09	-0.335382
1.1856e-09	-0.335524
1.18564e-09	-0.335666
1.18569e-09	-0.335808
1.18573e-09	-0.33595
1.18578e-09	-0.336092
1.18583e-09	-0.336233
1.18587e-09	-0.336375
1.18592e-09	-0.336516
1.18597e-09	-0.336657
1.18601e-09	-0.336798
1.18606e-09	-0.336938
1.18611e-09	-0.337079
1.18615e-09	-0.337219
1.1862e-09	-0.33736
1.18625e-09	-0.3375
1.18629e-09	-0.33764
1.18634e-09	-0.33778
1.18638e-09	-0.337919
1.18643e-09	-0.338059
1.18648e-09	-0.338198
1.18652e-09	-0.338337
1.18657e-09	-0.338476
1.18662e-09	-0.338615
1.18666e-09	-0.338754
1.18671e-09	-0.338892
1.18676e-09	-0.339031
1.1868e-09	-0.339169
1.18685e-09	-0.339307
1.1869e-09	-0.339445
1.18694e-09	-0.339583
1.18699e-09	-0.339721
1.18703e-09	-0.339858
1.18708e-09	-0.339996
1.18713e-09	-0.340133
1.18717e-09	-0.34027
1.18722e-09	-0.340407
1.18727e-09	-0.340543
1.18731e-09	-0.34068
1.18736e-09	-0.340816
1.18741e-09	-0.340953
1.18745e-09	-0.341089
1.1875e-09	-0.341225
1.18755e-09	-0.341361
1.18759e-09	-0.341496
1.18764e-09	-0.341632
1.18768e-09	-0.341767
1.18773e-09	-0.341902
1.18778e-09	-0.342037
1.18782e-09	-0.342172
1.18787e-09	-0.342307
1.18792e-09	-0.342442
1.18796e-09	-0.342576
1.18801e-09	-0.34271
1.18806e-09	-0.342844
1.1881e-09	-0.342978
1.18815e-09	-0.343112
1.1882e-09	-0.343246
1.18824e-09	-0.343379
1.18829e-09	-0.343513
1.18833e-09	-0.343646
1.18838e-09	-0.343779
1.18843e-09	-0.343912
1.18847e-09	-0.344045
1.18852e-09	-0.344177
1.18857e-09	-0.34431
1.18861e-09	-0.344442
1.18866e-09	-0.344574
1.18871e-09	-0.344706
1.18875e-09	-0.344838
1.1888e-09	-0.34497
1.18884e-09	-0.345101
1.18889e-09	-0.345233
1.18894e-09	-0.345364
1.18898e-09	-0.345495
1.18903e-09	-0.345626
1.18908e-09	-0.345757
1.18912e-09	-0.345887
1.18917e-09	-0.346018
1.18922e-09	-0.346148
1.18926e-09	-0.346278
1.18931e-09	-0.346408
1.18936e-09	-0.346538
1.1894e-09	-0.346668
1.18945e-09	-0.346797
1.18949e-09	-0.346927
1.18954e-09	-0.347056
1.18959e-09	-0.347185
1.18963e-09	-0.347314
1.18968e-09	-0.347443
1.18973e-09	-0.347571
1.18977e-09	-0.3477
1.18982e-09	-0.347828
1.18987e-09	-0.347956
1.18991e-09	-0.348084
1.18996e-09	-0.348212
1.19001e-09	-0.34834
1.19005e-09	-0.348467
1.1901e-09	-0.348595
1.19014e-09	-0.348722
1.19019e-09	-0.348849
1.19024e-09	-0.348976
1.19028e-09	-0.349103
1.19033e-09	-0.34923
1.19038e-09	-0.349356
1.19042e-09	-0.349482
1.19047e-09	-0.349609
1.19052e-09	-0.349735
1.19056e-09	-0.349861
1.19061e-09	-0.349986
1.19066e-09	-0.350112
1.1907e-09	-0.350237
1.19075e-09	-0.350363
1.19079e-09	-0.350488
1.19084e-09	-0.350613
1.19089e-09	-0.350737
1.19093e-09	-0.350862
1.19098e-09	-0.350987
1.19103e-09	-0.351111
1.19107e-09	-0.351235
1.19112e-09	-0.351359
1.19117e-09	-0.351483
1.19121e-09	-0.351607
1.19126e-09	-0.35173
1.1913e-09	-0.351854
1.19135e-09	-0.351977
1.1914e-09	-0.3521
1.19144e-09	-0.352223
1.19149e-09	-0.352346
1.19154e-09	-0.352469
1.19158e-09	-0.352591
1.19163e-09	-0.352714
1.19168e-09	-0.352836
1.19172e-09	-0.352958
1.19177e-09	-0.35308
1.19182e-09	-0.353202
1.19186e-09	-0.353323
1.19191e-09	-0.353445
1.19195e-09	-0.353566
1.192e-09	-0.353687
1.19205e-09	-0.353808
1.19209e-09	-0.353929
1.19214e-09	-0.35405
1.19219e-09	-0.35417
1.19223e-09	-0.354291
1.19228e-09	-0.354411
1.19233e-09	-0.354531
1.19237e-09	-0.354651
1.19242e-09	-0.354771
1.19247e-09	-0.354891
1.19251e-09	-0.35501
1.19256e-09	-0.355129
1.1926e-09	-0.355249
1.19265e-09	-0.355368
1.1927e-09	-0.355486
1.19274e-09	-0.355605
1.19279e-09	-0.355724
1.19284e-09	-0.355842
1.19288e-09	-0.355961
1.19293e-09	-0.356079
1.19298e-09	-0.356197
1.19302e-09	-0.356314
1.19307e-09	-0.356432
1.19312e-09	-0.35655
1.19316e-09	-0.356667
1.19321e-09	-0.356784
1.19325e-09	-0.356901
1.1933e-09	-0.357018
1.19335e-09	-0.357135
1.19339e-09	-0.357252
1.19344e-09	-0.357368
1.19349e-09	-0.357484
1.19353e-09	-0.3576
1.19358e-09	-0.357716
1.19363e-09	-0.357832
1.19367e-09	-0.357948
1.19372e-09	-0.358064
1.19377e-09	-0.358179
1.19381e-09	-0.358294
1.19386e-09	-0.358409
1.1939e-09	-0.358524
1.19395e-09	-0.358639
1.194e-09	-0.358754
1.19404e-09	-0.358868
1.19409e-09	-0.358982
1.19414e-09	-0.359097
1.19418e-09	-0.359211
1.19423e-09	-0.359325
1.19428e-09	-0.359438
1.19432e-09	-0.359552
1.19437e-09	-0.359665
1.19441e-09	-0.359779
1.19446e-09	-0.359892
1.19451e-09	-0.360005
1.19455e-09	-0.360117
1.1946e-09	-0.36023
1.19465e-09	-0.360343
1.19469e-09	-0.360455
1.19474e-09	-0.360567
1.19479e-09	-0.360679
1.19483e-09	-0.360791
1.19488e-09	-0.360903
1.19493e-09	-0.361015
1.19497e-09	-0.361126
1.19502e-09	-0.361237
1.19506e-09	-0.361349
1.19511e-09	-0.36146
1.19516e-09	-0.36157
1.1952e-09	-0.361681
1.19525e-09	-0.361792
1.1953e-09	-0.361902
1.19534e-09	-0.362012
1.19539e-09	-0.362123
1.19544e-09	-0.362232
1.19548e-09	-0.362342
1.19553e-09	-0.362452
1.19558e-09	-0.362561
1.19562e-09	-0.362671
1.19567e-09	-0.36278
1.19571e-09	-0.362889
1.19576e-09	-0.362998
1.19581e-09	-0.363107
1.19585e-09	-0.363215
1.1959e-09	-0.363324
1.19595e-09	-0.363432
1.19599e-09	-0.36354
1.19604e-09	-0.363648
1.19609e-09	-0.363756
1.19613e-09	-0.363864
1.19618e-09	-0.363971
1.19623e-09	-0.364079
1.19627e-09	-0.364186
1.19632e-09	-0.364293
1.19636e-09	-0.3644
1.19641e-09	-0.364507
1.19646e-09	-0.364613
1.1965e-09	-0.36472
1.19655e-09	-0.364826
1.1966e-09	-0.364932
1.19664e-09	-0.365038
1.19669e-09	-0.365144
1.19674e-09	-0.36525
1.19678e-09	-0.365356
1.19683e-09	-0.365461
1.19688e-09	-0.365566
1.19692e-09	-0.365672
1.19697e-09	-0.365777
1.19701e-09	-0.365881
1.19706e-09	-0.365986
1.19711e-09	-0.366091
1.19715e-09	-0.366195
1.1972e-09	-0.366299
1.19725e-09	-0.366403
1.19729e-09	-0.366507
1.19734e-09	-0.366611
1.19739e-09	-0.366715
1.19743e-09	-0.366818
1.19748e-09	-0.366922
1.19752e-09	-0.367025
1.19757e-09	-0.367128
1.19762e-09	-0.367231
1.19766e-09	-0.367333
1.19771e-09	-0.367436
1.19776e-09	-0.367538
1.1978e-09	-0.367641
1.19785e-09	-0.367743
1.1979e-09	-0.367845
1.19794e-09	-0.367947
1.19799e-09	-0.368048
1.19804e-09	-0.36815
1.19808e-09	-0.368251
1.19813e-09	-0.368353
1.19817e-09	-0.368454
1.19822e-09	-0.368555
1.19827e-09	-0.368655
1.19831e-09	-0.368756
1.19836e-09	-0.368857
1.19841e-09	-0.368957
1.19845e-09	-0.369057
1.1985e-09	-0.369157
1.19855e-09	-0.369257
1.19859e-09	-0.369357
1.19864e-09	-0.369456
1.19869e-09	-0.369556
1.19873e-09	-0.369655
1.19878e-09	-0.369754
1.19882e-09	-0.369853
1.19887e-09	-0.369952
1.19892e-09	-0.370051
1.19896e-09	-0.37015
1.19901e-09	-0.370248
1.19906e-09	-0.370346
1.1991e-09	-0.370444
1.19915e-09	-0.370542
1.1992e-09	-0.37064
1.19924e-09	-0.370738
1.19929e-09	-0.370835
1.19934e-09	-0.370933
1.19938e-09	-0.37103
1.19943e-09	-0.371127
1.19947e-09	-0.371224
1.19952e-09	-0.371321
1.19957e-09	-0.371417
1.19961e-09	-0.371514
1.19966e-09	-0.37161
1.19971e-09	-0.371706
1.19975e-09	-0.371802
1.1998e-09	-0.371898
1.19985e-09	-0.371994
1.19989e-09	-0.372089
1.19994e-09	-0.372185
1.19999e-09	-0.37228
1.20003e-09	-0.372375
1.20008e-09	-0.37247
1.20012e-09	-0.372565
1.20017e-09	-0.37266
1.20022e-09	-0.372754
1.20026e-09	-0.372849
1.20031e-09	-0.372943
1.20036e-09	-0.373037
1.2004e-09	-0.373131
1.20045e-09	-0.373225
1.2005e-09	-0.373318
1.20054e-09	-0.373412
1.20059e-09	-0.373505
1.20063e-09	-0.373598
1.20068e-09	-0.373692
1.20073e-09	-0.373784
1.20077e-09	-0.373877
1.20082e-09	-0.37397
1.20087e-09	-0.374062
1.20091e-09	-0.374155
1.20096e-09	-0.374247
1.20101e-09	-0.374339
1.20105e-09	-0.374431
1.2011e-09	-0.374522
1.20115e-09	-0.374614
1.20119e-09	-0.374705
1.20124e-09	-0.374797
1.20128e-09	-0.374888
1.20133e-09	-0.374979
1.20138e-09	-0.37507
1.20142e-09	-0.37516
1.20147e-09	-0.375251
1.20152e-09	-0.375341
1.20156e-09	-0.375431
1.20161e-09	-0.375522
1.20166e-09	-0.375611
1.2017e-09	-0.375701
1.20175e-09	-0.375791
1.2018e-09	-0.37588
1.20184e-09	-0.37597
1.20189e-09	-0.376059
1.20193e-09	-0.376148
1.20198e-09	-0.376237
1.20203e-09	-0.376326
1.20207e-09	-0.376414
1.20212e-09	-0.376503
1.20217e-09	-0.376591
1.20221e-09	-0.376679
1.20226e-09	-0.376767
1.20231e-09	-0.376855
1.20235e-09	-0.376943
1.2024e-09	-0.377031
1.20245e-09	-0.377118
1.20249e-09	-0.377205
1.20254e-09	-0.377292
1.20258e-09	-0.377379
1.20263e-09	-0.377466
1.20268e-09	-0.377553
1.20272e-09	-0.37764
1.20277e-09	-0.377726
1.20282e-09	-0.377812
1.20286e-09	-0.377898
1.20291e-09	-0.377984
1.20296e-09	-0.37807
1.203e-09	-0.378156
1.20305e-09	-0.378241
1.2031e-09	-0.378327
1.20314e-09	-0.378412
1.20319e-09	-0.378497
1.20323e-09	-0.378582
1.20328e-09	-0.378667
1.20333e-09	-0.378751
1.20337e-09	-0.378836
1.20342e-09	-0.37892
1.20347e-09	-0.379005
1.20351e-09	-0.379089
1.20356e-09	-0.379173
1.20361e-09	-0.379256
1.20365e-09	-0.37934
1.2037e-09	-0.379423
1.20374e-09	-0.379507
1.20379e-09	-0.37959
1.20384e-09	-0.379673
1.20388e-09	-0.379756
1.20393e-09	-0.379839
1.20398e-09	-0.379921
1.20402e-09	-0.380004
1.20407e-09	-0.380086
1.20412e-09	-0.380168
1.20416e-09	-0.38025
1.20421e-09	-0.380332
1.20426e-09	-0.380414
1.2043e-09	-0.380495
1.20435e-09	-0.380577
1.20439e-09	-0.380658
1.20444e-09	-0.380739
1.20449e-09	-0.38082
1.20453e-09	-0.380901
1.20458e-09	-0.380982
1.20463e-09	-0.381062
1.20467e-09	-0.381143
1.20472e-09	-0.381223
1.20477e-09	-0.381303
1.20481e-09	-0.381383
1.20486e-09	-0.381463
1.20491e-09	-0.381542
1.20495e-09	-0.381622
1.205e-09	-0.381701
1.20504e-09	-0.381781
1.20509e-09	-0.38186
1.20514e-09	-0.381939
1.20518e-09	-0.382017
1.20523e-09	-0.382096
1.20528e-09	-0.382175
1.20532e-09	-0.382253
1.20537e-09	-0.382331
1.20542e-09	-0.382409
1.20546e-09	-0.382487
1.20551e-09	-0.382565
1.20556e-09	-0.382643
1.2056e-09	-0.38272
1.20565e-09	-0.382797
1.20569e-09	-0.382875
1.20574e-09	-0.382952
1.20579e-09	-0.383029
1.20583e-09	-0.383105
1.20588e-09	-0.383182
1.20593e-09	-0.383258
1.20597e-09	-0.383335
1.20602e-09	-0.383411
1.20607e-09	-0.383487
1.20611e-09	-0.383563
1.20616e-09	-0.383639
1.20621e-09	-0.383714
1.20625e-09	-0.38379
1.2063e-09	-0.383865
1.20634e-09	-0.38394
1.20639e-09	-0.384015
1.20644e-09	-0.38409
1.20648e-09	-0.384165
1.20653e-09	-0.38424
1.20658e-09	-0.384314
1.20662e-09	-0.384388
1.20667e-09	-0.384462
1.20672e-09	-0.384536
1.20676e-09	-0.38461
1.20681e-09	-0.384684
1.20685e-09	-0.384758
1.2069e-09	-0.384831
1.20695e-09	-0.384904
1.20699e-09	-0.384978
1.20704e-09	-0.385051
1.20709e-09	-0.385123
1.20713e-09	-0.385196
1.20718e-09	-0.385269
1.20723e-09	-0.385341
1.20727e-09	-0.385413
1.20732e-09	-0.385486
1.20737e-09	-0.385558
1.20741e-09	-0.385629
1.20746e-09	-0.385701
1.2075e-09	-0.385773
1.20755e-09	-0.385844
1.2076e-09	-0.385915
1.20764e-09	-0.385986
1.20769e-09	-0.386057
1.20774e-09	-0.386128
1.20778e-09	-0.386199
1.20783e-09	-0.38627
1.20788e-09	-0.38634
1.20792e-09	-0.38641
1.20797e-09	-0.38648
1.20802e-09	-0.38655
1.20806e-09	-0.38662
1.20811e-09	-0.38669
1.20815e-09	-0.386759
1.2082e-09	-0.386829
1.20825e-09	-0.386898
1.20829e-09	-0.386967
1.20834e-09	-0.387036
1.20839e-09	-0.387105
1.20843e-09	-0.387174
1.20848e-09	-0.387242
1.20853e-09	-0.387311
1.20857e-09	-0.387379
1.20862e-09	-0.387447
1.20867e-09	-0.387515
1.20871e-09	-0.387583
1.20876e-09	-0.387651
1.2088e-09	-0.387718
1.20885e-09	-0.387785
1.2089e-09	-0.387853
1.20894e-09	-0.38792
1.20899e-09	-0.387987
1.20904e-09	-0.388054
1.20908e-09	-0.38812
1.20913e-09	-0.388187
1.20918e-09	-0.388253
1.20922e-09	-0.38832
1.20927e-09	-0.388386
1.20931e-09	-0.388452
1.20936e-09	-0.388517
1.20941e-09	-0.388583
1.20945e-09	-0.388649
1.2095e-09	-0.388714
1.20955e-09	-0.388779
1.20959e-09	-0.388844
1.20964e-09	-0.388909
1.20969e-09	-0.388974
1.20973e-09	-0.389039
1.20978e-09	-0.389103
1.20983e-09	-0.389168
1.20987e-09	-0.389232
1.20992e-09	-0.389296
1.20996e-09	-0.38936
1.21001e-09	-0.389424
1.21006e-09	-0.389488
1.2101e-09	-0.389551
1.21015e-09	-0.389615
1.2102e-09	-0.389678
1.21024e-09	-0.389741
1.21029e-09	-0.389804
1.21034e-09	-0.389867
1.21038e-09	-0.38993
1.21043e-09	-0.389992
1.21048e-09	-0.390055
1.21052e-09	-0.390117
1.21057e-09	-0.390179
1.21061e-09	-0.390241
1.21066e-09	-0.390303
1.21071e-09	-0.390365
1.21075e-09	-0.390426
1.2108e-09	-0.390488
1.21085e-09	-0.390549
1.21089e-09	-0.39061
1.21094e-09	-0.390671
1.21099e-09	-0.390732
1.21103e-09	-0.390793
1.21108e-09	-0.390853
1.21113e-09	-0.390914
1.21117e-09	-0.390974
1.21122e-09	-0.391034
1.21126e-09	-0.391094
1.21131e-09	-0.391154
1.21136e-09	-0.391214
1.2114e-09	-0.391273
1.21145e-09	-0.391333
1.2115e-09	-0.391392
1.21154e-09	-0.391451
1.21159e-09	-0.39151
1.21164e-09	-0.391569
1.21168e-09	-0.391628
1.21173e-09	-0.391686
1.21178e-09	-0.391745
1.21182e-09	-0.391803
1.21187e-09	-0.391861
1.21191e-09	-0.391919
1.21196e-09	-0.391977
1.21201e-09	-0.392035
1.21205e-09	-0.392093
1.2121e-09	-0.39215
1.21215e-09	-0.392207
1.21219e-09	-0.392265
1.21224e-09	-0.392322
1.21229e-09	-0.392379
1.21233e-09	-0.392435
1.21238e-09	-0.392492
1.21242e-09	-0.392548
1.21247e-09	-0.392605
1.21252e-09	-0.392661
1.21256e-09	-0.392717
1.21261e-09	-0.392773
1.21266e-09	-0.392829
1.2127e-09	-0.392884
1.21275e-09	-0.39294
1.2128e-09	-0.392995
1.21284e-09	-0.393051
1.21289e-09	-0.393106
1.21294e-09	-0.393161
1.21298e-09	-0.393215
1.21303e-09	-0.39327
1.21307e-09	-0.393325
1.21312e-09	-0.393379
1.21317e-09	-0.393433
1.21321e-09	-0.393487
1.21326e-09	-0.393541
1.21331e-09	-0.393595
1.21335e-09	-0.393649
1.2134e-09	-0.393702
1.21345e-09	-0.393756
1.21349e-09	-0.393809
1.21354e-09	-0.393862
1.21359e-09	-0.393915
1.21363e-09	-0.393968
1.21368e-09	-0.394021
1.21372e-09	-0.394073
1.21377e-09	-0.394126
1.21382e-09	-0.394178
1.21386e-09	-0.39423
1.21391e-09	-0.394282
1.21396e-09	-0.394334
1.214e-09	-0.394386
1.21405e-09	-0.394437
1.2141e-09	-0.394489
1.21414e-09	-0.39454
1.21419e-09	-0.394591
1.21424e-09	-0.394642
1.21428e-09	-0.394693
1.21433e-09	-0.394744
1.21437e-09	-0.394795
1.21442e-09	-0.394845
1.21447e-09	-0.394896
1.21451e-09	-0.394946
1.21456e-09	-0.394996
1.21461e-09	-0.395046
1.21465e-09	-0.395096
1.2147e-09	-0.395145
1.21475e-09	-0.395195
1.21479e-09	-0.395244
1.21484e-09	-0.395293
1.21489e-09	-0.395343
1.21493e-09	-0.395392
1.21498e-09	-0.39544
1.21502e-09	-0.395489
1.21507e-09	-0.395538
1.21512e-09	-0.395586
1.21516e-09	-0.395634
1.21521e-09	-0.395682
1.21526e-09	-0.39573
1.2153e-09	-0.395778
1.21535e-09	-0.395826
1.2154e-09	-0.395874
1.21544e-09	-0.395921
1.21549e-09	-0.395968
1.21553e-09	-0.396016
1.21558e-09	-0.396063
1.21563e-09	-0.396109
1.21567e-09	-0.396156
1.21572e-09	-0.396203
1.21577e-09	-0.396249
1.21581e-09	-0.396296
1.21586e-09	-0.396342
1.21591e-09	-0.396388
1.21595e-09	-0.396434
1.216e-09	-0.39648
1.21605e-09	-0.396525
1.21609e-09	-0.396571
1.21614e-09	-0.396616
1.21618e-09	-0.396662
1.21623e-09	-0.396707
1.21628e-09	-0.396752
1.21632e-09	-0.396796
1.21637e-09	-0.396841
1.21642e-09	-0.396886
1.21646e-09	-0.39693
1.21651e-09	-0.396974
1.21656e-09	-0.397019
1.2166e-09	-0.397063
1.21665e-09	-0.397107
1.2167e-09	-0.39715
1.21674e-09	-0.397194
1.21679e-09	-0.397237
1.21683e-09	-0.397281
1.21688e-09	-0.397324
1.21693e-09	-0.397367
1.21697e-09	-0.39741
1.21702e-09	-0.397453
1.21707e-09	-0.397495
1.21711e-09	-0.397538
1.21716e-09	-0.39758
1.21721e-09	-0.397622
1.21725e-09	-0.397665
1.2173e-09	-0.397707
1.21735e-09	-0.397748
1.21739e-09	-0.39779
1.21744e-09	-0.397832
1.21748e-09	-0.397873
1.21753e-09	-0.397914
1.21758e-09	-0.397955
1.21762e-09	-0.397996
1.21767e-09	-0.398037
1.21772e-09	-0.398078
1.21776e-09	-0.398119
1.21781e-09	-0.398159
1.21786e-09	-0.3982
1.2179e-09	-0.39824
1.21795e-09	-0.39828
1.218e-09	-0.39832
1.21804e-09	-0.39836
1.21809e-09	-0.398399
1.21813e-09	-0.398439
1.21818e-09	-0.398478
1.21823e-09	-0.398517
1.21827e-09	-0.398556
1.21832e-09	-0.398595
1.21837e-09	-0.398634
1.21841e-09	-0.398673
1.21846e-09	-0.398712
1.21851e-09	-0.39875
1.21855e-09	-0.398788
1.2186e-09	-0.398827
1.21864e-09	-0.398865
1.21869e-09	-0.398902
1.21874e-09	-0.39894
1.21878e-09	-0.398978
1.21883e-09	-0.399015
1.21888e-09	-0.399053
1.21892e-09	-0.39909
1.21897e-09	-0.399127
1.21902e-09	-0.399164
1.21906e-09	-0.399201
1.21911e-09	-0.399238
1.21916e-09	-0.399274
1.2192e-09	-0.399311
1.21925e-09	-0.399347
1.21929e-09	-0.399383
1.21934e-09	-0.399419
1.21939e-09	-0.399455
1.21943e-09	-0.399491
1.21948e-09	-0.399526
1.21953e-09	-0.399562
1.21957e-09	-0.399597
1.21962e-09	-0.399632
1.21967e-09	-0.399667
1.21971e-09	-0.399702
1.21976e-09	-0.399737
1.21981e-09	-0.399772
1.21985e-09	-0.399806
1.2199e-09	-0.399841
1.21994e-09	-0.399875
1.21999e-09	-0.399909
1.22004e-09	-0.399943
1.22008e-09	-0.399977
1.22013e-09	-0.400011
1.22018e-09	-0.400044
1.22022e-09	-0.400078
1.22027e-09	-0.400111
1.22032e-09	-0.400144
1.22036e-09	-0.400177
1.22041e-09	-0.40021
1.22046e-09	-0.400243
1.2205e-09	-0.400276
1.22055e-09	-0.400308
1.22059e-09	-0.400341
1.22064e-09	-0.400373
1.22069e-09	-0.400405
1.22073e-09	-0.400437
1.22078e-09	-0.400469
1.22083e-09	-0.400501
1.22087e-09	-0.400533
1.22092e-09	-0.400564
1.22097e-09	-0.400595
1.22101e-09	-0.400627
1.22106e-09	-0.400658
1.22111e-09	-0.400689
1.22115e-09	-0.400719
1.2212e-09	-0.40075
1.22124e-09	-0.400781
1.22129e-09	-0.400811
1.22134e-09	-0.400841
1.22138e-09	-0.400871
1.22143e-09	-0.400901
1.22148e-09	-0.400931
1.22152e-09	-0.400961
1.22157e-09	-0.400991
1.22162e-09	-0.40102
1.22166e-09	-0.40105
1.22171e-09	-0.401079
1.22175e-09	-0.401108
1.2218e-09	-0.401137
1.22185e-09	-0.401166
1.22189e-09	-0.401194
1.22194e-09	-0.401223
1.22199e-09	-0.401251
1.22203e-09	-0.40128
1.22208e-09	-0.401308
1.22213e-09	-0.401336
1.22217e-09	-0.401364
1.22222e-09	-0.401392
1.22227e-09	-0.401419
1.22231e-09	-0.401447
1.22236e-09	-0.401474
1.2224e-09	-0.401501
1.22245e-09	-0.401529
1.2225e-09	-0.401556
1.22254e-09	-0.401582
1.22259e-09	-0.401609
1.22264e-09	-0.401636
1.22268e-09	-0.401662
1.22273e-09	-0.401688
1.22278e-09	-0.401715
1.22282e-09	-0.401741
1.22287e-09	-0.401767
1.22292e-09	-0.401792
1.22296e-09	-0.401818
1.22301e-09	-0.401844
1.22305e-09	-0.401869
1.2231e-09	-0.401894
1.22315e-09	-0.40192
1.22319e-09	-0.401945
1.22324e-09	-0.401969
1.22329e-09	-0.401994
1.22333e-09	-0.402019
1.22338e-09	-0.402043
1.22343e-09	-0.402068
1.22347e-09	-0.402092
1.22352e-09	-0.402116
1.22357e-09	-0.40214
1.22361e-09	-0.402164
1.22366e-09	-0.402188
1.2237e-09	-0.402211
1.22375e-09	-0.402235
1.2238e-09	-0.402258
1.22384e-09	-0.402281
1.22389e-09	-0.402304
1.22394e-09	-0.402327
1.22398e-09	-0.40235
1.22403e-09	-0.402373
1.22408e-09	-0.402395
1.22412e-09	-0.402418
1.22417e-09	-0.40244
1.22421e-09	-0.402462
1.22426e-09	-0.402484
1.22431e-09	-0.402506
1.22435e-09	-0.402528
1.2244e-09	-0.40255
1.22445e-09	-0.402571
1.22449e-09	-0.402592
1.22454e-09	-0.402614
1.22459e-09	-0.402635
1.22463e-09	-0.402656
1.22468e-09	-0.402677
1.22473e-09	-0.402697
1.22477e-09	-0.402718
1.22482e-09	-0.402738
1.22486e-09	-0.402759
1.22491e-09	-0.402779
1.22496e-09	-0.402799
1.225e-09	-0.402819
1.22505e-09	-0.402839
1.2251e-09	-0.402859
1.22514e-09	-0.402878
1.22519e-09	-0.402898
1.22524e-09	-0.402917
1.22528e-09	-0.402936
1.22533e-09	-0.402955
1.22538e-09	-0.402974
1.22542e-09	-0.402993
1.22547e-09	-0.403012
1.22551e-09	-0.40303
1.22556e-09	-0.403049
1.22561e-09	-0.403067
1.22565e-09	-0.403085
1.2257e-09	-0.403103
1.22575e-09	-0.403121
1.22579e-09	-0.403139
1.22584e-09	-0.403157
1.22589e-09	-0.403174
1.22593e-09	-0.403191
1.22598e-09	-0.403209
1.22603e-09	-0.403226
1.22607e-09	-0.403243
1.22612e-09	-0.40326
1.22616e-09	-0.403277
1.22621e-09	-0.403293
1.22626e-09	-0.40331
1.2263e-09	-0.403326
1.22635e-09	-0.403342
1.2264e-09	-0.403358
1.22644e-09	-0.403374
1.22649e-09	-0.40339
1.22654e-09	-0.403406
1.22658e-09	-0.403422
1.22663e-09	-0.403437
1.22668e-09	-0.403452
1.22672e-09	-0.403468
1.22677e-09	-0.403483
1.22681e-09	-0.403498
1.22686e-09	-0.403513
1.22691e-09	-0.403527
1.22695e-09	-0.403542
1.227e-09	-0.403556
1.22705e-09	-0.403571
1.22709e-09	-0.403585
1.22714e-09	-0.403599
1.22719e-09	-0.403613
1.22723e-09	-0.403627
1.22728e-09	-0.403641
1.22732e-09	-0.403654
1.22737e-09	-0.403668
1.22742e-09	-0.403681
1.22746e-09	-0.403694
1.22751e-09	-0.403707
1.22756e-09	-0.40372
1.2276e-09	-0.403733
1.22765e-09	-0.403746
1.2277e-09	-0.403758
1.22774e-09	-0.403771
1.22779e-09	-0.403783
1.22784e-09	-0.403795
1.22788e-09	-0.403807
1.22793e-09	-0.403819
1.22797e-09	-0.403831
1.22802e-09	-0.403843
1.22807e-09	-0.403854
1.22811e-09	-0.403866
1.22816e-09	-0.403877
1.22821e-09	-0.403888
1.22825e-09	-0.4039
1.2283e-09	-0.40391
1.22835e-09	-0.403921
1.22839e-09	-0.403932
1.22844e-09	-0.403943
1.22849e-09	-0.403953
1.22853e-09	-0.403963
1.22858e-09	-0.403974
1.22862e-09	-0.403984
1.22867e-09	-0.403994
1.22872e-09	-0.404003
1.22876e-09	-0.404013
1.22881e-09	-0.404023
1.22886e-09	-0.404032
1.2289e-09	-0.404041
1.22895e-09	-0.404051
1.229e-09	-0.40406
1.22904e-09	-0.404069
1.22909e-09	-0.404077
1.22914e-09	-0.404086
1.22918e-09	-0.404095
1.22923e-09	-0.404103
1.22927e-09	-0.404111
1.22932e-09	-0.40412
1.22937e-09	-0.404128
1.22941e-09	-0.404136
1.22946e-09	-0.404144
1.22951e-09	-0.404151
1.22955e-09	-0.404159
1.2296e-09	-0.404166
1.22965e-09	-0.404174
1.22969e-09	-0.404181
1.22974e-09	-0.404188
1.22979e-09	-0.404195
1.22983e-09	-0.404202
1.22988e-09	-0.404208
1.22992e-09	-0.404215
1.22997e-09	-0.404221
1.23002e-09	-0.404228
1.23006e-09	-0.404234
1.23011e-09	-0.40424
1.23016e-09	-0.404246
1.2302e-09	-0.404252
1.23025e-09	-0.404258
1.2303e-09	-0.404263
1.23034e-09	-0.404269
1.23039e-09	-0.404274
1.23043e-09	-0.404279
1.23048e-09	-0.404284
1.23053e-09	-0.404289
1.23057e-09	-0.404294
1.23062e-09	-0.404299
1.23067e-09	-0.404304
1.23071e-09	-0.404308
1.23076e-09	-0.404313
1.23081e-09	-0.404317
1.23085e-09	-0.404321
1.2309e-09	-0.404325
1.23095e-09	-0.404329
1.23099e-09	-0.404333
1.23104e-09	-0.404336
1.23108e-09	-0.40434
1.23113e-09	-0.404343
1.23118e-09	-0.404346
1.23122e-09	-0.40435
1.23127e-09	-0.404353
1.23132e-09	-0.404356
1.23136e-09	-0.404358
1.23141e-09	-0.404361
1.23146e-09	-0.404364
1.2315e-09	-0.404366
1.23155e-09	-0.404368
1.2316e-09	-0.40437
1.23164e-09	-0.404372
1.23169e-09	-0.404374
1.23173e-09	-0.404376
1.23178e-09	-0.404378
1.23183e-09	-0.404379
1.23187e-09	-0.404381
1.23192e-09	-0.404382
1.23197e-09	-0.404383
1.23201e-09	-0.404385
1.23206e-09	-0.404386
1.23211e-09	-0.404386
1.23215e-09	-0.404387
1.2322e-09	-0.404388
1.23225e-09	-0.404388
1.23229e-09	-0.404389
1.23234e-09	-0.404389
1.23238e-09	-0.404389
1.23243e-09	-0.404389
1.23248e-09	-0.404389
1.23252e-09	-0.404388
1.23257e-09	-0.404388
1.23262e-09	-0.404388
1.23266e-09	-0.404387
1.23271e-09	-0.404386
1.23276e-09	-0.404385
1.2328e-09	-0.404384
1.23285e-09	-0.404383
1.2329e-09	-0.404382
1.23294e-09	-0.404381
1.23299e-09	-0.404379
1.23303e-09	-0.404378
1.23308e-09	-0.404376
1.23313e-09	-0.404374
1.23317e-09	-0.404372
1.23322e-09	-0.40437
1.23327e-09	-0.404368
1.23331e-09	-0.404366
1.23336e-09	-0.404363
1.23341e-09	-0.404361
1.23345e-09	-0.404358
1.2335e-09	-0.404356
1.23354e-09	-0.404353
1.23359e-09	-0.40435
1.23364e-09	-0.404347
1.23368e-09	-0.404343
1.23373e-09	-0.40434
1.23378e-09	-0.404336
1.23382e-09	-0.404333
1.23387e-09	-0.404329
1.23392e-09	-0.404325
1.23396e-09	-0.404321
1.23401e-09	-0.404317
1.23406e-09	-0.404313
1.2341e-09	-0.404309
1.23415e-09	-0.404304
1.23419e-09	-0.4043
1.23424e-09	-0.404295
1.23429e-09	-0.40429
1.23433e-09	-0.404285
1.23438e-09	-0.40428
1.23443e-09	-0.404275
1.23447e-09	-0.40427
1.23452e-09	-0.404265
1.23457e-09	-0.404259
1.23461e-09	-0.404253
1.23466e-09	-0.404248
1.23471e-09	-0.404242
1.23475e-09	-0.404236
1.2348e-09	-0.40423
1.23484e-09	-0.404224
1.23489e-09	-0.404217
1.23494e-09	-0.404211
1.23498e-09	-0.404204
1.23503e-09	-0.404198
1.23508e-09	-0.404191
1.23512e-09	-0.404184
1.23517e-09	-0.404177
1.23522e-09	-0.40417
1.23526e-09	-0.404162
1.23531e-09	-0.404155
1.23536e-09	-0.404147
1.2354e-09	-0.40414
1.23545e-09	-0.404132
1.23549e-09	-0.404124
1.23554e-09	-0.404116
1.23559e-09	-0.404108
1.23563e-09	-0.4041
1.23568e-09	-0.404092
1.23573e-09	-0.404083
1.23577e-09	-0.404075
1.23582e-09	-0.404066
1.23587e-09	-0.404057
1.23591e-09	-0.404048
1.23596e-09	-0.404039
1.23601e-09	-0.40403
1.23605e-09	-0.404021
1.2361e-09	-0.404011
1.23614e-09	-0.404002
1.23619e-09	-0.403992
1.23624e-09	-0.403983
1.23628e-09	-0.403973
1.23633e-09	-0.403963
1.23638e-09	-0.403953
1.23642e-09	-0.403943
1.23647e-09	-0.403932
1.23652e-09	-0.403922
1.23656e-09	-0.403911
1.23661e-09	-0.403901
1.23665e-09	-0.40389
1.2367e-09	-0.403879
1.23675e-09	-0.403868
1.23679e-09	-0.403857
1.23684e-09	-0.403846
1.23689e-09	-0.403834
1.23693e-09	-0.403823
1.23698e-09	-0.403811
1.23703e-09	-0.4038
1.23707e-09	-0.403788
1.23712e-09	-0.403776
1.23717e-09	-0.403764
1.23721e-09	-0.403752
1.23726e-09	-0.403739
1.2373e-09	-0.403727
1.23735e-09	-0.403714
1.2374e-09	-0.403702
1.23744e-09	-0.403689
1.23749e-09	-0.403676
1.23754e-09	-0.403663
1.23758e-09	-0.40365
1.23763e-09	-0.403637
1.23768e-09	-0.403624
1.23772e-09	-0.40361
1.23777e-09	-0.403597
1.23782e-09	-0.403583
1.23786e-09	-0.403569
1.23791e-09	-0.403556
1.23795e-09	-0.403542
1.238e-09	-0.403527
1.23805e-09	-0.403513
1.23809e-09	-0.403499
1.23814e-09	-0.403484
1.23819e-09	-0.40347
1.23823e-09	-0.403455
1.23828e-09	-0.40344
1.23833e-09	-0.403425
1.23837e-09	-0.40341
1.23842e-09	-0.403395
1.23847e-09	-0.40338
1.23851e-09	-0.403365
1.23856e-09	-0.403349
1.2386e-09	-0.403334
1.23865e-09	-0.403318
1.2387e-09	-0.403302
1.23874e-09	-0.403286
1.23879e-09	-0.40327
1.23884e-09	-0.403254
1.23888e-09	-0.403238
1.23893e-09	-0.403221
1.23898e-09	-0.403205
1.23902e-09	-0.403188
1.23907e-09	-0.403172
1.23912e-09	-0.403155
1.23916e-09	-0.403138
1.23921e-09	-0.403121
1.23925e-09	-0.403104
1.2393e-09	-0.403086
1.23935e-09	-0.403069
1.23939e-09	-0.403051
1.23944e-09	-0.403034
1.23949e-09	-0.403016
1.23953e-09	-0.402998
1.23958e-09	-0.40298
1.23963e-09	-0.402962
1.23967e-09	-0.402944
1.23972e-09	-0.402926
1.23976e-09	-0.402907
1.23981e-09	-0.402889
1.23986e-09	-0.40287
1.2399e-09	-0.402851
1.23995e-09	-0.402833
1.24e-09	-0.402814
1.24004e-09	-0.402795
1.24009e-09	-0.402775
1.24014e-09	-0.402756
1.24018e-09	-0.402737
1.24023e-09	-0.402717
1.24028e-09	-0.402698
1.24032e-09	-0.402678
1.24037e-09	-0.402658
1.24041e-09	-0.402638
1.24046e-09	-0.402618
1.24051e-09	-0.402598
1.24055e-09	-0.402577
1.2406e-09	-0.402557
1.24065e-09	-0.402536
1.24069e-09	-0.402516
1.24074e-09	-0.402495
1.24079e-09	-0.402474
1.24083e-09	-0.402453
1.24088e-09	-0.402432
1.24093e-09	-0.402411
1.24097e-09	-0.40239
1.24102e-09	-0.402368
1.24106e-09	-0.402347
1.24111e-09	-0.402325
1.24116e-09	-0.402303
1.2412e-09	-0.402281
1.24125e-09	-0.40226
1.2413e-09	-0.402237
1.24134e-09	-0.402215
1.24139e-09	-0.402193
1.24144e-09	-0.402171
1.24148e-09	-0.402148
1.24153e-09	-0.402125
1.24158e-09	-0.402103
1.24162e-09	-0.40208
1.24167e-09	-0.402057
1.24171e-09	-0.402034
1.24176e-09	-0.402011
1.24181e-09	-0.401987
1.24185e-09	-0.401964
1.2419e-09	-0.401941
1.24195e-09	-0.401917
1.24199e-09	-0.401893
1.24204e-09	-0.401869
1.24209e-09	-0.401845
1.24213e-09	-0.401821
1.24218e-09	-0.401797
1.24222e-09	-0.401773
1.24227e-09	-0.401749
1.24232e-09	-0.401724
1.24236e-09	-0.4017
1.24241e-09	-0.401675
1.24246e-09	-0.40165
1.2425e-09	-0.401625
1.24255e-09	-0.4016
1.2426e-09	-0.401575
1.24264e-09	-0.40155
1.24269e-09	-0.401524
1.24274e-09	-0.401499
1.24278e-09	-0.401473
1.24283e-09	-0.401448
1.24287e-09	-0.401422
1.24292e-09	-0.401396
1.24297e-09	-0.40137
1.24301e-09	-0.401344
1.24306e-09	-0.401318
1.24311e-09	-0.401291
1.24315e-09	-0.401265
1.2432e-09	-0.401238
1.24325e-09	-0.401212
1.24329e-09	-0.401185
1.24334e-09	-0.401158
1.24339e-09	-0.401131
1.24343e-09	-0.401104
1.24348e-09	-0.401077
1.24352e-09	-0.401049
1.24357e-09	-0.401022
1.24362e-09	-0.400995
1.24366e-09	-0.400967
1.24371e-09	-0.400939
1.24376e-09	-0.400911
1.2438e-09	-0.400883
1.24385e-09	-0.400855
1.2439e-09	-0.400827
1.24394e-09	-0.400799
1.24399e-09	-0.400771
1.24404e-09	-0.400742
1.24408e-09	-0.400714
1.24413e-09	-0.400685
1.24417e-09	-0.400656
1.24422e-09	-0.400627
1.24427e-09	-0.400598
1.24431e-09	-0.400569
1.24436e-09	-0.40054
1.24441e-09	-0.400511
1.24445e-09	-0.400481
1.2445e-09	-0.400452
1.24455e-09	-0.400422
1.24459e-09	-0.400392
1.24464e-09	-0.400362
1.24469e-09	-0.400332
1.24473e-09	-0.400302
1.24478e-09	-0.400272
1.24482e-09	-0.400242
1.24487e-09	-0.400211
1.24492e-09	-0.400181
1.24496e-09	-0.40015
1.24501e-09	-0.40012
1.24506e-09	-0.400089
1.2451e-09	-0.400058
1.24515e-09	-0.400027
1.2452e-09	-0.399996
1.24524e-09	-0.399965
1.24529e-09	-0.399933
1.24533e-09	-0.399902
1.24538e-09	-0.39987
1.24543e-09	-0.399839
1.24547e-09	-0.399807
1.24552e-09	-0.399775
1.24557e-09	-0.399743
1.24561e-09	-0.399711
1.24566e-09	-0.399679
1.24571e-09	-0.399646
1.24575e-09	-0.399614
1.2458e-09	-0.399582
1.24585e-09	-0.399549
1.24589e-09	-0.399516
1.24594e-09	-0.399484
1.24598e-09	-0.399451
1.24603e-09	-0.399418
1.24608e-09	-0.399384
1.24612e-09	-0.399351
1.24617e-09	-0.399318
1.24622e-09	-0.399285
1.24626e-09	-0.399251
1.24631e-09	-0.399217
1.24636e-09	-0.399184
1.2464e-09	-0.39915
1.24645e-09	-0.399116
1.2465e-09	-0.399082
1.24654e-09	-0.399048
1.24659e-09	-0.399013
1.24663e-09	-0.398979
1.24668e-09	-0.398945
1.24673e-09	-0.39891
1.24677e-09	-0.398875
1.24682e-09	-0.398841
1.24687e-09	-0.398806
1.24691e-09	-0.398771
1.24696e-09	-0.398736
1.24701e-09	-0.3987
1.24705e-09	-0.398665
1.2471e-09	-0.39863
1.24715e-09	-0.398594
1.24719e-09	-0.398559
1.24724e-09	-0.398523
1.24728e-09	-0.398487
1.24733e-09	-0.398451
1.24738e-09	-0.398415
1.24742e-09	-0.398379
1.24747e-09	-0.398343
1.24752e-09	-0.398307
1.24756e-09	-0.39827
1.24761e-09	-0.398234
1.24766e-09	-0.398197
1.2477e-09	-0.39816
1.24775e-09	-0.398123
1.2478e-09	-0.398087
1.24784e-09	-0.39805
1.24789e-09	-0.398012
1.24793e-09	-0.397975
1.24798e-09	-0.397938
1.24803e-09	-0.3979
1.24807e-09	-0.397863
1.24812e-09	-0.397825
1.24817e-09	-0.397787
1.24821e-09	-0.39775
1.24826e-09	-0.397712
1.24831e-09	-0.397674
1.24835e-09	-0.397635
1.2484e-09	-0.397597
1.24844e-09	-0.397559
1.24849e-09	-0.39752
1.24854e-09	-0.397482
1.24858e-09	-0.397443
1.24863e-09	-0.397404
1.24868e-09	-0.397366
1.24872e-09	-0.397327
1.24877e-09	-0.397288
1.24882e-09	-0.397248
1.24886e-09	-0.397209
1.24891e-09	-0.39717
1.24896e-09	-0.39713
1.249e-09	-0.397091
1.24905e-09	-0.397051
1.24909e-09	-0.397011
1.24914e-09	-0.396972
1.24919e-09	-0.396932
1.24923e-09	-0.396892
1.24928e-09	-0.396851
1.24933e-09	-0.396811
1.24937e-09	-0.396771
1.24942e-09	-0.39673
1.24947e-09	-0.39669
1.24951e-09	-0.396649
1.24956e-09	-0.396608
1.24961e-09	-0.396567
1.24965e-09	-0.396526
1.2497e-09	-0.396485
1.24974e-09	-0.396444
1.24979e-09	-0.396403
1.24984e-09	-0.396362
1.24988e-09	-0.39632
1.24993e-09	-0.396279
1.24998e-09	-0.396237
1.25002e-09	-0.396195
1.25007e-09	-0.396153
1.25012e-09	-0.396111
1.25016e-09	-0.396069
1.25021e-09	-0.396027
1.25026e-09	-0.395985
1.2503e-09	-0.395943
1.25035e-09	-0.3959
1.25039e-09	-0.395858
1.25044e-09	-0.395815
1.25049e-09	-0.395772
1.25053e-09	-0.395729
1.25058e-09	-0.395686
1.25063e-09	-0.395643
1.25067e-09	-0.3956
1.25072e-09	-0.395557
1.25077e-09	-0.395514
1.25081e-09	-0.39547
1.25086e-09	-0.395427
1.25091e-09	-0.395383
1.25095e-09	-0.395339
1.251e-09	-0.395296
1.25104e-09	-0.395252
1.25109e-09	-0.395208
1.25114e-09	-0.395164
1.25118e-09	-0.395119
1.25123e-09	-0.395075
1.25128e-09	-0.395031
1.25132e-09	-0.394986
1.25137e-09	-0.394942
1.25142e-09	-0.394897
1.25146e-09	-0.394852
1.25151e-09	-0.394807
1.25155e-09	-0.394762
1.2516e-09	-0.394717
1.25165e-09	-0.394672
1.25169e-09	-0.394627
1.25174e-09	-0.394581
1.25179e-09	-0.394536
1.25183e-09	-0.39449
1.25188e-09	-0.394445
1.25193e-09	-0.394399
1.25197e-09	-0.394353
1.25202e-09	-0.394307
1.25207e-09	-0.394261
1.25211e-09	-0.394215
1.25216e-09	-0.394168
1.2522e-09	-0.394122
1.25225e-09	-0.394076
1.2523e-09	-0.394029
1.25234e-09	-0.393983
1.25239e-09	-0.393936
1.25244e-09	-0.393889
1.25248e-09	-0.393842
1.25253e-09	-0.393795
1.25258e-09	-0.393748
1.25262e-09	-0.393701
1.25267e-09	-0.393653
1.25272e-09	-0.393606
1.25276e-09	-0.393559
1.25281e-09	-0.393511
1.25285e-09	-0.393463
1.2529e-09	-0.393416
1.25295e-09	-0.393368
1.25299e-09	-0.39332
1.25304e-09	-0.393272
1.25309e-09	-0.393223
1.25313e-09	-0.393175
1.25318e-09	-0.393127
1.25323e-09	-0.393078
1.25327e-09	-0.39303
1.25332e-09	-0.392981
1.25337e-09	-0.392933
1.25341e-09	-0.392884
1.25346e-09	-0.392835
1.2535e-09	-0.392786
1.25355e-09	-0.392737
1.2536e-09	-0.392687
1.25364e-09	-0.392638
1.25369e-09	-0.392589
1.25374e-09	-0.392539
1.25378e-09	-0.39249
1.25383e-09	-0.39244
1.25388e-09	-0.39239
1.25392e-09	-0.39234
1.25397e-09	-0.392291
1.25402e-09	-0.39224
1.25406e-09	-0.39219
1.25411e-09	-0.39214
1.25415e-09	-0.39209
1.2542e-09	-0.392039
1.25425e-09	-0.391989
1.25429e-09	-0.391938
1.25434e-09	-0.391888
1.25439e-09	-0.391837
1.25443e-09	-0.391786
1.25448e-09	-0.391735
1.25453e-09	-0.391684
1.25457e-09	-0.391633
1.25462e-09	-0.391581
1.25466e-09	-0.39153
1.25471e-09	-0.391479
1.25476e-09	-0.391427
1.2548e-09	-0.391375
1.25485e-09	-0.391324
1.2549e-09	-0.391272
1.25494e-09	-0.39122
1.25499e-09	-0.391168
1.25504e-09	-0.391116
1.25508e-09	-0.391064
1.25513e-09	-0.391011
1.25518e-09	-0.390959
1.25522e-09	-0.390907
1.25527e-09	-0.390854
1.25531e-09	-0.390801
1.25536e-09	-0.390749
1.25541e-09	-0.390696
1.25545e-09	-0.390643
1.2555e-09	-0.39059
1.25555e-09	-0.390537
1.25559e-09	-0.390483
1.25564e-09	-0.39043
1.25569e-09	-0.390377
1.25573e-09	-0.390323
1.25578e-09	-0.39027
1.25583e-09	-0.390216
1.25587e-09	-0.390162
1.25592e-09	-0.390109
1.25596e-09	-0.390055
1.25601e-09	-0.390001
1.25606e-09	-0.389946
1.2561e-09	-0.389892
1.25615e-09	-0.389838
1.2562e-09	-0.389784
1.25624e-09	-0.389729
1.25629e-09	-0.389675
1.25634e-09	-0.38962
1.25638e-09	-0.389565
1.25643e-09	-0.38951
1.25648e-09	-0.389455
1.25652e-09	-0.3894
1.25657e-09	-0.389345
1.25661e-09	-0.38929
1.25666e-09	-0.389235
1.25671e-09	-0.389179
1.25675e-09	-0.389124
1.2568e-09	-0.389068
1.25685e-09	-0.389013
1.25689e-09	-0.388957
1.25694e-09	-0.388901
1.25699e-09	-0.388845
1.25703e-09	-0.388789
1.25708e-09	-0.388733
1.25713e-09	-0.388677
1.25717e-09	-0.388621
1.25722e-09	-0.388564
1.25726e-09	-0.388508
1.25731e-09	-0.388451
1.25736e-09	-0.388395
1.2574e-09	-0.388338
1.25745e-09	-0.388281
1.2575e-09	-0.388224
1.25754e-09	-0.388167
1.25759e-09	-0.38811
1.25764e-09	-0.388053
1.25768e-09	-0.387996
1.25773e-09	-0.387938
1.25777e-09	-0.387881
1.25782e-09	-0.387823
1.25787e-09	-0.387766
1.25791e-09	-0.387708
1.25796e-09	-0.38765
1.25801e-09	-0.387592
1.25805e-09	-0.387534
1.2581e-09	-0.387476
1.25815e-09	-0.387418
1.25819e-09	-0.38736
1.25824e-09	-0.387302
1.25829e-09	-0.387243
1.25833e-09	-0.387185
1.25838e-09	-0.387126
1.25842e-09	-0.387067
1.25847e-09	-0.387009
1.25852e-09	-0.38695
1.25856e-09	-0.386891
1.25861e-09	-0.386832
1.25866e-09	-0.386773
1.2587e-09	-0.386714
1.25875e-09	-0.386654
1.2588e-09	-0.386595
1.25884e-09	-0.386535
1.25889e-09	-0.386476
1.25894e-09	-0.386416
1.25898e-09	-0.386357
1.25903e-09	-0.386297
1.25907e-09	-0.386237
1.25912e-09	-0.386177
1.25917e-09	-0.386117
1.25921e-09	-0.386057
1.25926e-09	-0.385996
1.25931e-09	-0.385936
1.25935e-09	-0.385876
1.2594e-09	-0.385815
1.25945e-09	-0.385754
1.25949e-09	-0.385694
1.25954e-09	-0.385633
1.25959e-09	-0.385572
1.25963e-09	-0.385511
1.25968e-09	-0.38545
1.25972e-09	-0.385389
1.25977e-09	-0.385328
1.25982e-09	-0.385267
1.25986e-09	-0.385205
1.25991e-09	-0.385144
1.25996e-09	-0.385082
1.26e-09	-0.385021
1.26005e-09	-0.384959
1.2601e-09	-0.384897
1.26014e-09	-0.384835
1.26019e-09	-0.384773
1.26023e-09	-0.384711
1.26028e-09	-0.384649
1.26033e-09	-0.384587
1.26037e-09	-0.384525
1.26042e-09	-0.384462
1.26047e-09	-0.3844
1.26051e-09	-0.384337
1.26056e-09	-0.384275
1.26061e-09	-0.384212
1.26065e-09	-0.384149
1.2607e-09	-0.384086
1.26075e-09	-0.384023
1.26079e-09	-0.38396
1.26084e-09	-0.383897
1.26088e-09	-0.383834
1.26093e-09	-0.38377
1.26098e-09	-0.383707
1.26102e-09	-0.383643
1.26107e-09	-0.38358
1.26112e-09	-0.383516
1.26116e-09	-0.383452
1.26121e-09	-0.383389
1.26126e-09	-0.383325
1.2613e-09	-0.383261
1.26135e-09	-0.383197
1.2614e-09	-0.383132
1.26144e-09	-0.383068
1.26149e-09	-0.383004
1.26153e-09	-0.382939
1.26158e-09	-0.382875
1.26163e-09	-0.38281
1.26167e-09	-0.382746
1.26172e-09	-0.382681
1.26177e-09	-0.382616
1.26181e-09	-0.382551
1.26186e-09	-0.382486
1.26191e-09	-0.382421
1.26195e-09	-0.382356
1.262e-09	-0.382291
1.26205e-09	-0.382225
1.26209e-09	-0.38216
1.26214e-09	-0.382094
1.26218e-09	-0.382029
1.26223e-09	-0.381963
1.26228e-09	-0.381897
1.26232e-09	-0.381832
1.26237e-09	-0.381766
1.26242e-09	-0.3817
1.26246e-09	-0.381634
1.26251e-09	-0.381567
1.26256e-09	-0.381501
1.2626e-09	-0.381435
1.26265e-09	-0.381368
1.2627e-09	-0.381302
1.26274e-09	-0.381235
1.26279e-09	-0.381169
1.26283e-09	-0.381102
1.26288e-09	-0.381035
1.26293e-09	-0.380968
1.26297e-09	-0.380901
1.26302e-09	-0.380834
1.26307e-09	-0.380767
1.26311e-09	-0.3807
1.26316e-09	-0.380633
1.26321e-09	-0.380565
1.26325e-09	-0.380498
1.2633e-09	-0.38043
1.26334e-09	-0.380363
1.26339e-09	-0.380295
1.26344e-09	-0.380227
1.26348e-09	-0.380159
1.26353e-09	-0.380091
1.26358e-09	-0.380023
1.26362e-09	-0.379955
1.26367e-09	-0.379887
1.26372e-09	-0.379819
1.26376e-09	-0.37975
1.26381e-09	-0.379682
1.26386e-09	-0.379613
1.2639e-09	-0.379545
1.26395e-09	-0.379476
1.26399e-09	-0.379407
1.26404e-09	-0.379338
1.26409e-09	-0.379269
1.26413e-09	-0.3792
1.26418e-09	-0.379131
1.26423e-09	-0.379062
1.26427e-09	-0.378993
1.26432e-09	-0.378924
1.26437e-09	-0.378854
1.26441e-09	-0.378785
1.26446e-09	-0.378715
1.26451e-09	-0.378646
1.26455e-09	-0.378576
1.2646e-09	-0.378506
1.26464e-09	-0.378436
1.26469e-09	-0.378366
1.26474e-09	-0.378296
1.26478e-09	-0.378226
1.26483e-09	-0.378156
1.26488e-09	-0.378086
1.26492e-09	-0.378015
1.26497e-09	-0.377945
1.26502e-09	-0.377874
1.26506e-09	-0.377804
1.26511e-09	-0.377733
1.26516e-09	-0.377662
1.2652e-09	-0.377591
1.26525e-09	-0.377521
1.26529e-09	-0.37745
1.26534e-09	-0.377378
1.26539e-09	-0.377307
1.26543e-09	-0.377236
1.26548e-09	-0.377165
1.26553e-09	-0.377093
1.26557e-09	-0.377022
1.26562e-09	-0.376951
1.26567e-09	-0.376879
1.26571e-09	-0.376807
1.26576e-09	-0.376735
1.26581e-09	-0.376664
1.26585e-09	-0.376592
1.2659e-09	-0.37652
1.26594e-09	-0.376448
1.26599e-09	-0.376375
1.26604e-09	-0.376303
1.26608e-09	-0.376231
1.26613e-09	-0.376159
1.26618e-09	-0.376086
1.26622e-09	-0.376014
1.26627e-09	-0.375941
1.26632e-09	-0.375868
1.26636e-09	-0.375795
1.26641e-09	-0.375723
1.26645e-09	-0.37565
1.2665e-09	-0.375577
1.26655e-09	-0.375504
1.26659e-09	-0.37543
1.26664e-09	-0.375357
1.26669e-09	-0.375284
1.26673e-09	-0.375211
1.26678e-09	-0.375137
1.26683e-09	-0.375064
1.26687e-09	-0.37499
1.26692e-09	-0.374916
1.26697e-09	-0.374842
1.26701e-09	-0.374769
1.26706e-09	-0.374695
1.2671e-09	-0.374621
1.26715e-09	-0.374547
1.2672e-09	-0.374473
1.26724e-09	-0.374398
1.26729e-09	-0.374324
1.26734e-09	-0.37425
1.26738e-09	-0.374175
1.26743e-09	-0.374101
1.26748e-09	-0.374026
1.26752e-09	-0.373951
1.26757e-09	-0.373877
1.26762e-09	-0.373802
1.26766e-09	-0.373727
1.26771e-09	-0.373652
1.26775e-09	-0.373577
1.2678e-09	-0.373502
1.26785e-09	-0.373427
1.26789e-09	-0.373351
1.26794e-09	-0.373276
1.26799e-09	-0.373201
1.26803e-09	-0.373125
1.26808e-09	-0.373049
1.26813e-09	-0.372974
1.26817e-09	-0.372898
1.26822e-09	-0.372822
1.26827e-09	-0.372746
1.26831e-09	-0.37267
1.26836e-09	-0.372594
1.2684e-09	-0.372518
1.26845e-09	-0.372442
1.2685e-09	-0.372366
1.26854e-09	-0.37229
1.26859e-09	-0.372213
1.26864e-09	-0.372137
1.26868e-09	-0.37206
1.26873e-09	-0.371984
1.26878e-09	-0.371907
1.26882e-09	-0.37183
1.26887e-09	-0.371753
1.26892e-09	-0.371676
1.26896e-09	-0.371599
1.26901e-09	-0.371522
1.26905e-09	-0.371445
1.2691e-09	-0.371368
1.26915e-09	-0.371291
1.26919e-09	-0.371213
1.26924e-09	-0.371136
1.26929e-09	-0.371059
1.26933e-09	-0.370981
1.26938e-09	-0.370903
1.26943e-09	-0.370826
1.26947e-09	-0.370748
1.26952e-09	-0.37067
1.26956e-09	-0.370592
1.26961e-09	-0.370514
1.26966e-09	-0.370436
1.2697e-09	-0.370358
1.26975e-09	-0.37028
1.2698e-09	-0.370201
1.26984e-09	-0.370123
1.26989e-09	-0.370044
1.26994e-09	-0.369966
1.26998e-09	-0.369887
1.27003e-09	-0.369809
1.27008e-09	-0.36973
1.27012e-09	-0.369651
1.27017e-09	-0.369572
1.27021e-09	-0.369493
1.27026e-09	-0.369414
1.27031e-09	-0.369335
1.27035e-09	-0.369256
1.2704e-09	-0.369177
1.27045e-09	-0.369098
1.27049e-09	-0.369018
1.27054e-09	-0.368939
1.27059e-09	-0.368859
1.27063e-09	-0.36878
1.27068e-09	-0.3687
1.27073e-09	-0.36862
1.27077e-09	-0.368541
1.27082e-09	-0.368461
1.27086e-09	-0.368381
1.27091e-09	-0.368301
1.27096e-09	-0.368221
1.271e-09	-0.368141
1.27105e-09	-0.36806
1.2711e-09	-0.36798
1.27114e-09	-0.3679
1.27119e-09	-0.367819
1.27124e-09	-0.367739
1.27128e-09	-0.367658
1.27133e-09	-0.367578
1.27138e-09	-0.367497
1.27142e-09	-0.367416
1.27147e-09	-0.367335
1.27151e-09	-0.367254
1.27156e-09	-0.367173
1.27161e-09	-0.367092
1.27165e-09	-0.367011
1.2717e-09	-0.36693
1.27175e-09	-0.366849
1.27179e-09	-0.366767
1.27184e-09	-0.366686
1.27189e-09	-0.366604
1.27193e-09	-0.366523
1.27198e-09	-0.366441
1.27203e-09	-0.36636
1.27207e-09	-0.366278
1.27212e-09	-0.366196
1.27216e-09	-0.366114
1.27221e-09	-0.366032
1.27226e-09	-0.36595
1.2723e-09	-0.365868
1.27235e-09	-0.365786
1.2724e-09	-0.365704
1.27244e-09	-0.365621
1.27249e-09	-0.365539
1.27254e-09	-0.365456
1.27258e-09	-0.365374
1.27263e-09	-0.365291
1.27267e-09	-0.365209
1.27272e-09	-0.365126
1.27277e-09	-0.365043
1.27281e-09	-0.36496
1.27286e-09	-0.364877
1.27291e-09	-0.364794
1.27295e-09	-0.364711
1.273e-09	-0.364628
1.27305e-09	-0.364545
1.27309e-09	-0.364462
1.27314e-09	-0.364379
1.27319e-09	-0.364295
1.27323e-09	-0.364212
1.27328e-09	-0.364128
1.27332e-09	-0.364045
1.27337e-09	-0.363961
1.27342e-09	-0.363877
1.27346e-09	-0.363793
1.27351e-09	-0.36371
1.27356e-09	-0.363626
1.2736e-09	-0.363542
1.27365e-09	-0.363458
1.2737e-09	-0.363373
1.27374e-09	-0.363289
1.27379e-09	-0.363205
1.27384e-09	-0.363121
1.27388e-09	-0.363036
1.27393e-09	-0.362952
1.27397e-09	-0.362867
1.27402e-09	-0.362783
1.27407e-09	-0.362698
1.27411e-09	-0.362613
1.27416e-09	-0.362528
1.27421e-09	-0.362444
1.27425e-09	-0.362359
1.2743e-09	-0.362274
1.27435e-09	-0.362189
1.27439e-09	-0.362103
1.27444e-09	-0.362018
1.27449e-09	-0.361933
1.27453e-09	-0.361848
1.27458e-09	-0.361762
1.27462e-09	-0.361677
1.27467e-09	-0.361591
1.27472e-09	-0.361506
1.27476e-09	-0.36142
1.27481e-09	-0.361334
1.27486e-09	-0.361248
1.2749e-09	-0.361163
1.27495e-09	-0.361077
1.275e-09	-0.360991
1.27504e-09	-0.360905
1.27509e-09	-0.360819
1.27513e-09	-0.360732
1.27518e-09	-0.360646
1.27523e-09	-0.36056
1.27527e-09	-0.360473
1.27532e-09	-0.360387
1.27537e-09	-0.360301
1.27541e-09	-0.360214
1.27546e-09	-0.360127
1.27551e-09	-0.360041
1.27555e-09	-0.359954
1.2756e-09	-0.359867
1.27565e-09	-0.35978
1.27569e-09	-0.359693
1.27574e-09	-0.359606
1.27578e-09	-0.359519
1.27583e-09	-0.359432
1.27588e-09	-0.359345
1.27592e-09	-0.359258
1.27597e-09	-0.35917
1.27602e-09	-0.359083
1.27606e-09	-0.358995
1.27611e-09	-0.358908
1.27616e-09	-0.35882
1.2762e-09	-0.358733
1.27625e-09	-0.358645
1.2763e-09	-0.358557
1.27634e-09	-0.358469
1.27639e-09	-0.358381
1.27643e-09	-0.358293
1.27648e-09	-0.358205
1.27653e-09	-0.358117
1.27657e-09	-0.358029
1.27662e-09	-0.357941
1.27667e-09	-0.357853
1.27671e-09	-0.357764
1.27676e-09	-0.357676
1.27681e-09	-0.357587
1.27685e-09	-0.357499
1.2769e-09	-0.35741
1.27695e-09	-0.357322
1.27699e-09	-0.357233
1.27704e-09	-0.357144
1.27708e-09	-0.357055
1.27713e-09	-0.356966
1.27718e-09	-0.356877
1.27722e-09	-0.356788
1.27727e-09	-0.356699
1.27732e-09	-0.35661
1.27736e-09	-0.356521
1.27741e-09	-0.356432
1.27746e-09	-0.356342
1.2775e-09	-0.356253
1.27755e-09	-0.356163
1.2776e-09	-0.356074
1.27764e-09	-0.355984
1.27769e-09	-0.355895
1.27773e-09	-0.355805
1.27778e-09	-0.355715
1.27783e-09	-0.355625
1.27787e-09	-0.355535
1.27792e-09	-0.355446
1.27797e-09	-0.355355
1.27801e-09	-0.355265
1.27806e-09	-0.355175
1.27811e-09	-0.355085
1.27815e-09	-0.354995
1.2782e-09	-0.354905
1.27824e-09	-0.354814
1.27829e-09	-0.354724
1.27834e-09	-0.354633
1.27838e-09	-0.354543
1.27843e-09	-0.354452
1.27848e-09	-0.354361
1.27852e-09	-0.354271
1.27857e-09	-0.35418
1.27862e-09	-0.354089
1.27866e-09	-0.353998
1.27871e-09	-0.353907
1.27876e-09	-0.353816
1.2788e-09	-0.353725
1.27885e-09	-0.353634
1.27889e-09	-0.353542
1.27894e-09	-0.353451
1.27899e-09	-0.35336
1.27903e-09	-0.353268
1.27908e-09	-0.353177
1.27913e-09	-0.353085
1.27917e-09	-0.352994
1.27922e-09	-0.352902
1.27927e-09	-0.352811
1.27931e-09	-0.352719
1.27936e-09	-0.352627
1.27941e-09	-0.352535
1.27945e-09	-0.352443
1.2795e-09	-0.352351
1.27954e-09	-0.352259
1.27959e-09	-0.352167
1.27964e-09	-0.352075
1.27968e-09	-0.351983
1.27973e-09	-0.35189
1.27978e-09	-0.351798
1.27982e-09	-0.351706
1.27987e-09	-0.351613
1.27992e-09	-0.351521
1.27996e-09	-0.351428
1.28001e-09	-0.351335
1.28006e-09	-0.351243
1.2801e-09	-0.35115
1.28015e-09	-0.351057
1.28019e-09	-0.350964
1.28024e-09	-0.350871
1.28029e-09	-0.350778
1.28033e-09	-0.350685
1.28038e-09	-0.350592
1.28043e-09	-0.350499
1.28047e-09	-0.350406
1.28052e-09	-0.350313
1.28057e-09	-0.350219
1.28061e-09	-0.350126
1.28066e-09	-0.350032
1.28071e-09	-0.349939
1.28075e-09	-0.349845
1.2808e-09	-0.349752
1.28084e-09	-0.349658
1.28089e-09	-0.349564
1.28094e-09	-0.349471
1.28098e-09	-0.349377
1.28103e-09	-0.349283
1.28108e-09	-0.349189
1.28112e-09	-0.349095
1.28117e-09	-0.349001
1.28122e-09	-0.348907
1.28126e-09	-0.348812
1.28131e-09	-0.348718
1.28135e-09	-0.348624
1.2814e-09	-0.34853
1.28145e-09	-0.348435
1.28149e-09	-0.348341
1.28154e-09	-0.348246
1.28159e-09	-0.348152
1.28163e-09	-0.348057
1.28168e-09	-0.347962
1.28173e-09	-0.347868
1.28177e-09	-0.347773
1.28182e-09	-0.347678
1.28187e-09	-0.347583
1.28191e-09	-0.347488
1.28196e-09	-0.347393
1.282e-09	-0.347298
1.28205e-09	-0.347203
1.2821e-09	-0.347108
1.28214e-09	-0.347012
1.28219e-09	-0.346917
1.28224e-09	-0.346822
1.28228e-09	-0.346726
1.28233e-09	-0.346631
1.28238e-09	-0.346535
1.28242e-09	-0.34644
1.28247e-09	-0.346344
1.28252e-09	-0.346248
1.28256e-09	-0.346153
1.28261e-09	-0.346057
1.28265e-09	-0.345961
1.2827e-09	-0.345865
1.28275e-09	-0.345769
1.28279e-09	-0.345673
1.28284e-09	-0.345577
1.28289e-09	-0.345481
1.28293e-09	-0.345385
1.28298e-09	-0.345289
1.28303e-09	-0.345192
1.28307e-09	-0.345096
1.28312e-09	-0.345
1.28317e-09	-0.344903
1.28321e-09	-0.344807
1.28326e-09	-0.34471
1.2833e-09	-0.344613
1.28335e-09	-0.344517
1.2834e-09	-0.34442
1.28344e-09	-0.344323
1.28349e-09	-0.344226
1.28354e-09	-0.34413
1.28358e-09	-0.344033
1.28363e-09	-0.343936
1.28368e-09	-0.343839
1.28372e-09	-0.343742
1.28377e-09	-0.343644
1.28382e-09	-0.343547
1.28386e-09	-0.34345
1.28391e-09	-0.343353
1.28395e-09	-0.343255
1.284e-09	-0.343158
1.28405e-09	-0.34306
1.28409e-09	-0.342963
1.28414e-09	-0.342865
1.28419e-09	-0.342768
1.28423e-09	-0.34267
1.28428e-09	-0.342572
1.28433e-09	-0.342475
1.28437e-09	-0.342377
1.28442e-09	-0.342279
1.28446e-09	-0.342181
1.28451e-09	-0.342083
1.28456e-09	-0.341985
1.2846e-09	-0.341887
1.28465e-09	-0.341789
1.2847e-09	-0.341691
1.28474e-09	-0.341592
1.28479e-09	-0.341494
1.28484e-09	-0.341396
1.28488e-09	-0.341297
1.28493e-09	-0.341199
1.28498e-09	-0.3411
1.28502e-09	-0.341002
1.28507e-09	-0.340903
1.28511e-09	-0.340805
1.28516e-09	-0.340706
1.28521e-09	-0.340607
1.28525e-09	-0.340508
1.2853e-09	-0.340409
1.28535e-09	-0.34031
1.28539e-09	-0.340212
1.28544e-09	-0.340113
1.28549e-09	-0.340013
1.28553e-09	-0.339914
1.28558e-09	-0.339815
1.28563e-09	-0.339716
1.28567e-09	-0.339617
1.28572e-09	-0.339517
1.28576e-09	-0.339418
1.28581e-09	-0.339319
1.28586e-09	-0.339219
1.2859e-09	-0.33912
1.28595e-09	-0.33902
1.286e-09	-0.33892
1.28604e-09	-0.338821
1.28609e-09	-0.338721
1.28614e-09	-0.338621
1.28618e-09	-0.338522
1.28623e-09	-0.338422
1.28628e-09	-0.338322
1.28632e-09	-0.338222
1.28637e-09	-0.338122
1.28641e-09	-0.338022
1.28646e-09	-0.337922
1.28651e-09	-0.337821
1.28655e-09	-0.337721
1.2866e-09	-0.337621
1.28665e-09	-0.337521
1.28669e-09	-0.33742
1.28674e-09	-0.33732
1.28679e-09	-0.337219
1.28683e-09	-0.337119
1.28688e-09	-0.337018
1.28693e-09	-0.336918
1.28697e-09	-0.336817
1.28702e-09	-0.336716
1.28706e-09	-0.336616
1.28711e-09	-0.336515
1.28716e-09	-0.336414
1.2872e-09	-0.336313
1.28725e-09	-0.336212
1.2873e-09	-0.336111
1.28734e-09	-0.33601
1.28739e-09	-0.335909
1.28744e-09	-0.335808
1.28748e-09	-0.335707
1.28753e-09	-0.335605
1.28757e-09	-0.335504
1.28762e-09	-0.335403
1.28767e-09	-0.335301
1.28771e-09	-0.3352
1.28776e-09	-0.335099
1.28781e-09	-0.334997
1.28785e-09	-0.334896
1.2879e-09	-0.334794
1.28795e-09	-0.334692
1.28799e-09	-0.334591
1.28804e-09	-0.334489
1.28809e-09	-0.334387
1.28813e-09	-0.334285
1.28818e-09	-0.334183
1.28822e-09	-0.334081
1.28827e-09	-0.333979
1.28832e-09	-0.333877
1.28836e-09	-0.333775
1.28841e-09	-0.333673
1.28846e-09	-0.333571
1.2885e-09	-0.333469
1.28855e-09	-0.333366
1.2886e-09	-0.333264
1.28864e-09	-0.333162
1.28869e-09	-0.333059
1.28874e-09	-0.332957
1.28878e-09	-0.332854
1.28883e-09	-0.332752
1.28887e-09	-0.332649
1.28892e-09	-0.332546
1.28897e-09	-0.332444
1.28901e-09	-0.332341
1.28906e-09	-0.332238
1.28911e-09	-0.332135
1.28915e-09	-0.332033
1.2892e-09	-0.33193
1.28925e-09	-0.331827
1.28929e-09	-0.331724
1.28934e-09	-0.331621
1.28939e-09	-0.331518
1.28943e-09	-0.331414
1.28948e-09	-0.331311
1.28952e-09	-0.331208
1.28957e-09	-0.331105
1.28962e-09	-0.331001
1.28966e-09	-0.330898
1.28971e-09	-0.330795
1.28976e-09	-0.330691
1.2898e-09	-0.330588
1.28985e-09	-0.330484
1.2899e-09	-0.33038
1.28994e-09	-0.330277
1.28999e-09	-0.330173
1.29004e-09	-0.330069
1.29008e-09	-0.329966
1.29013e-09	-0.329862
1.29017e-09	-0.329758
1.29022e-09	-0.329654
1.29027e-09	-0.32955
1.29031e-09	-0.329446
1.29036e-09	-0.329342
1.29041e-09	-0.329238
1.29045e-09	-0.329134
1.2905e-09	-0.32903
1.29055e-09	-0.328925
1.29059e-09	-0.328821
1.29064e-09	-0.328717
1.29068e-09	-0.328612
1.29073e-09	-0.328508
1.29078e-09	-0.328404
1.29082e-09	-0.328299
1.29087e-09	-0.328195
1.29092e-09	-0.32809
1.29096e-09	-0.327985
1.29101e-09	-0.327881
1.29106e-09	-0.327776
1.2911e-09	-0.327671
1.29115e-09	-0.327566
1.2912e-09	-0.327462
1.29124e-09	-0.327357
1.29129e-09	-0.327252
1.29133e-09	-0.327147
1.29138e-09	-0.327042
1.29143e-09	-0.326937
1.29147e-09	-0.326832
1.29152e-09	-0.326727
1.29157e-09	-0.326621
1.29161e-09	-0.326516
1.29166e-09	-0.326411
1.29171e-09	-0.326306
1.29175e-09	-0.3262
1.2918e-09	-0.326095
1.29185e-09	-0.32599
1.29189e-09	-0.325884
1.29194e-09	-0.325779
1.29198e-09	-0.325673
1.29203e-09	-0.325567
1.29208e-09	-0.325462
1.29212e-09	-0.325356
1.29217e-09	-0.32525
1.29222e-09	-0.325145
1.29226e-09	-0.325039
1.29231e-09	-0.324933
1.29236e-09	-0.324827
1.2924e-09	-0.324721
1.29245e-09	-0.324615
1.2925e-09	-0.324509
1.29254e-09	-0.324403
1.29259e-09	-0.324297
1.29263e-09	-0.324191
1.29268e-09	-0.324085
1.29273e-09	-0.323978
1.29277e-09	-0.323872
1.29282e-09	-0.323766
1.29287e-09	-0.32366
1.29291e-09	-0.323553
1.29296e-09	-0.323447
1.29301e-09	-0.32334
1.29305e-09	-0.323234
1.2931e-09	-0.323127
1.29314e-09	-0.323021
1.29319e-09	-0.322914
1.29324e-09	-0.322807
1.29328e-09	-0.322701
1.29333e-09	-0.322594
1.29338e-09	-0.322487
1.29342e-09	-0.32238
1.29347e-09	-0.322273
1.29352e-09	-0.322167
1.29356e-09	-0.32206
1.29361e-09	-0.321953
1.29366e-09	-0.321846
1.2937e-09	-0.321738
1.29375e-09	-0.321631
1.29379e-09	-0.321524
1.29384e-09	-0.321417
1.29389e-09	-0.32131
1.29393e-09	-0.321203
1.29398e-09	-0.321095
1.29403e-09	-0.320988
1.29407e-09	-0.320881
1.29412e-09	-0.320773
1.29417e-09	-0.320666
1.29421e-09	-0.320558
1.29426e-09	-0.320451
1.29431e-09	-0.320343
1.29435e-09	-0.320235
1.2944e-09	-0.320128
1.29444e-09	-0.32002
1.29449e-09	-0.319912
1.29454e-09	-0.319804
1.29458e-09	-0.319697
1.29463e-09	-0.319589
1.29468e-09	-0.319481
1.29472e-09	-0.319373
1.29477e-09	-0.319265
1.29482e-09	-0.319157
1.29486e-09	-0.319049
1.29491e-09	-0.318941
1.29496e-09	-0.318833
1.295e-09	-0.318725
1.29505e-09	-0.318616
1.29509e-09	-0.318508
1.29514e-09	-0.3184
1.29519e-09	-0.318292
1.29523e-09	-0.318183
1.29528e-09	-0.318075
1.29533e-09	-0.317966
1.29537e-09	-0.317858
1.29542e-09	-0.317749
1.29547e-09	-0.317641
1.29551e-09	-0.317532
1.29556e-09	-0.317424
1.29561e-09	-0.317315
1.29565e-09	-0.317206
1.2957e-09	-0.317098
1.29574e-09	-0.316989
1.29579e-09	-0.31688
1.29584e-09	-0.316771
1.29588e-09	-0.316662
1.29593e-09	-0.316554
1.29598e-09	-0.316445
1.29602e-09	-0.316336
1.29607e-09	-0.316227
1.29612e-09	-0.316117
1.29616e-09	-0.316008
1.29621e-09	-0.315899
1.29625e-09	-0.31579
1.2963e-09	-0.315681
1.29635e-09	-0.315572
1.29639e-09	-0.315462
1.29644e-09	-0.315353
1.29649e-09	-0.315244
1.29653e-09	-0.315134
1.29658e-09	-0.315025
1.29663e-09	-0.314915
1.29667e-09	-0.314806
1.29672e-09	-0.314696
1.29677e-09	-0.314587
1.29681e-09	-0.314477
1.29686e-09	-0.314368
1.2969e-09	-0.314258
1.29695e-09	-0.314148
1.297e-09	-0.314039
1.29704e-09	-0.313929
1.29709e-09	-0.313819
1.29714e-09	-0.313709
1.29718e-09	-0.313599
1.29723e-09	-0.313489
1.29728e-09	-0.313379
1.29732e-09	-0.313269
1.29737e-09	-0.313159
1.29742e-09	-0.313049
1.29746e-09	-0.312939
1.29751e-09	-0.312829
1.29755e-09	-0.312719
1.2976e-09	-0.312609
1.29765e-09	-0.312498
1.29769e-09	-0.312388
1.29774e-09	-0.312278
1.29779e-09	-0.312168
1.29783e-09	-0.312057
1.29788e-09	-0.311947
1.29793e-09	-0.311836
1.29797e-09	-0.311726
1.29802e-09	-0.311615
1.29807e-09	-0.311505
1.29811e-09	-0.311394
1.29816e-09	-0.311284
1.2982e-09	-0.311173
1.29825e-09	-0.311062
1.2983e-09	-0.310952
1.29834e-09	-0.310841
1.29839e-09	-0.31073
1.29844e-09	-0.310619
1.29848e-09	-0.310508
1.29853e-09	-0.310397
1.29858e-09	-0.310287
1.29862e-09	-0.310176
1.29867e-09	-0.310065
1.29872e-09	-0.309954
1.29876e-09	-0.309843
1.29881e-09	-0.309731
1.29885e-09	-0.30962
1.2989e-09	-0.309509
1.29895e-09	-0.309398
1.29899e-09	-0.309287
1.29904e-09	-0.309176
1.29909e-09	-0.309064
1.29913e-09	-0.308953
1.29918e-09	-0.308842
1.29923e-09	-0.30873
1.29927e-09	-0.308619
1.29932e-09	-0.308507
1.29936e-09	-0.308396
1.29941e-09	-0.308284
1.29946e-09	-0.308173
1.2995e-09	-0.308061
1.29955e-09	-0.30795
1.2996e-09	-0.307838
1.29964e-09	-0.307726
1.29969e-09	-0.307615
1.29974e-09	-0.307503
1.29978e-09	-0.307391
1.29983e-09	-0.307279
1.29988e-09	-0.307168
1.29992e-09	-0.307056
1.29997e-09	-0.306944
1.30001e-09	-0.306832
1.30006e-09	-0.30672
1.30011e-09	-0.306608
1.30015e-09	-0.306496
1.3002e-09	-0.306384
1.30025e-09	-0.306272
1.30029e-09	-0.30616
1.30034e-09	-0.306047
1.30039e-09	-0.305935
1.30043e-09	-0.305823
1.30048e-09	-0.305711
1.30053e-09	-0.305599
1.30057e-09	-0.305486
1.30062e-09	-0.305374
1.30066e-09	-0.305262
1.30071e-09	-0.305149
1.30076e-09	-0.305037
1.3008e-09	-0.304924
1.30085e-09	-0.304812
1.3009e-09	-0.304699
1.30094e-09	-0.304587
1.30099e-09	-0.304474
1.30104e-09	-0.304361
1.30108e-09	-0.304249
1.30113e-09	-0.304136
1.30118e-09	-0.304023
1.30122e-09	-0.303911
1.30127e-09	-0.303798
1.30131e-09	-0.303685
1.30136e-09	-0.303572
1.30141e-09	-0.30346
1.30145e-09	-0.303347
1.3015e-09	-0.303234
1.30155e-09	-0.303121
1.30159e-09	-0.303008
1.30164e-09	-0.302895
1.30169e-09	-0.302782
1.30173e-09	-0.302669
1.30178e-09	-0.302556
1.30183e-09	-0.302443
1.30187e-09	-0.302329
1.30192e-09	-0.302216
1.30196e-09	-0.302103
1.30201e-09	-0.30199
1.30206e-09	-0.301876
1.3021e-09	-0.301763
1.30215e-09	-0.30165
1.3022e-09	-0.301537
1.30224e-09	-0.301423
1.30229e-09	-0.30131
1.30234e-09	-0.301196
1.30238e-09	-0.301083
1.30243e-09	-0.300969
1.30247e-09	-0.300856
1.30252e-09	-0.300742
1.30257e-09	-0.300629
1.30261e-09	-0.300515
1.30266e-09	-0.300401
1.30271e-09	-0.300288
1.30275e-09	-0.300174
1.3028e-09	-0.30006
1.30285e-09	-0.299947
1.30289e-09	-0.299833
1.30294e-09	-0.299719
1.30299e-09	-0.299605
1.30303e-09	-0.299491
1.30308e-09	-0.299377
1.30312e-09	-0.299263
1.30317e-09	-0.29915
1.30322e-09	-0.299036
1.30326e-09	-0.298922
1.30331e-09	-0.298808
1.30336e-09	-0.298693
1.3034e-09	-0.298579
1.30345e-09	-0.298465
1.3035e-09	-0.298351
1.30354e-09	-0.298237
1.30359e-09	-0.298123
1.30364e-09	-0.298009
1.30368e-09	-0.297894
1.30373e-09	-0.29778
1.30377e-09	-0.297666
1.30382e-09	-0.297551
1.30387e-09	-0.297437
1.30391e-09	-0.297323
1.30396e-09	-0.297208
1.30401e-09	-0.297094
1.30405e-09	-0.296979
1.3041e-09	-0.296865
1.30415e-09	-0.29675
1.30419e-09	-0.296636
1.30424e-09	-0.296521
1.30429e-09	-0.296407
1.30433e-09	-0.296292
1.30438e-09	-0.296177
1.30442e-09	-0.296063
1.30447e-09	-0.295948
1.30452e-09	-0.295833
1.30456e-09	-0.295718
1.30461e-09	-0.295604
1.30466e-09	-0.295489
1.3047e-09	-0.295374
1.30475e-09	-0.295259
1.3048e-09	-0.295144
1.30484e-09	-0.295029
1.30489e-09	-0.294915
1.30494e-09	-0.2948
1.30498e-09	-0.294685
1.30503e-09	-0.29457
1.30507e-09	-0.294455
1.30512e-09	-0.294339
1.30517e-09	-0.294224
1.30521e-09	-0.294109
1.30526e-09	-0.293994
1.30531e-09	-0.293879
1.30535e-09	-0.293764
1.3054e-09	-0.293649
1.30545e-09	-0.293533
1.30549e-09	-0.293418
1.30554e-09	-0.293303
1.30558e-09	-0.293187
1.30563e-09	-0.293072
1.30568e-09	-0.292957
1.30572e-09	-0.292841
1.30577e-09	-0.292726
1.30582e-09	-0.292611
1.30586e-09	-0.292495
1.30591e-09	-0.29238
1.30596e-09	-0.292264
1.306e-09	-0.292149
1.30605e-09	-0.292033
1.3061e-09	-0.291917
1.30614e-09	-0.291802
1.30619e-09	-0.291686
1.30623e-09	-0.291571
1.30628e-09	-0.291455
1.30633e-09	-0.291339
1.30637e-09	-0.291223
1.30642e-09	-0.291108
1.30647e-09	-0.290992
1.30651e-09	-0.290876
1.30656e-09	-0.29076
1.30661e-09	-0.290644
1.30665e-09	-0.290529
1.3067e-09	-0.290413
1.30675e-09	-0.290297
1.30679e-09	-0.290181
1.30684e-09	-0.290065
1.30688e-09	-0.289949
1.30693e-09	-0.289833
1.30698e-09	-0.289717
1.30702e-09	-0.289601
1.30707e-09	-0.289485
1.30712e-09	-0.289369
1.30716e-09	-0.289252
1.30721e-09	-0.289136
1.30726e-09	-0.28902
1.3073e-09	-0.288904
1.30735e-09	-0.288788
1.3074e-09	-0.288672
1.30744e-09	-0.288555
1.30749e-09	-0.288439
1.30753e-09	-0.288323
1.30758e-09	-0.288206
1.30763e-09	-0.28809
1.30767e-09	-0.287974
1.30772e-09	-0.287857
1.30777e-09	-0.287741
1.30781e-09	-0.287624
1.30786e-09	-0.287508
1.30791e-09	-0.287391
1.30795e-09	-0.287275
1.308e-09	-0.287158
1.30804e-09	-0.287042
1.30809e-09	-0.286925
1.30814e-09	-0.286809
1.30818e-09	-0.286692
1.30823e-09	-0.286575
1.30828e-09	-0.286459
1.30832e-09	-0.286342
1.30837e-09	-0.286225
1.30842e-09	-0.286109
1.30846e-09	-0.285992
1.30851e-09	-0.285875
1.30856e-09	-0.285758
1.3086e-09	-0.285642
1.30865e-09	-0.285525
1.30869e-09	-0.285408
1.30874e-09	-0.285291
1.30879e-09	-0.285174
1.30883e-09	-0.285057
1.30888e-09	-0.28494
1.30893e-09	-0.284823
1.30897e-09	-0.284707
1.30902e-09	-0.284589
1.30907e-09	-0.284472
1.30911e-09	-0.284355
1.30916e-09	-0.284238
1.30921e-09	-0.284121
1.30925e-09	-0.284004
1.3093e-09	-0.283887
1.30934e-09	-0.28377
1.30939e-09	-0.283653
1.30944e-09	-0.283536
1.30948e-09	-0.283418
1.30953e-09	-0.283301
1.30958e-09	-0.283184
1.30962e-09	-0.283067
1.30967e-09	-0.282949
1.30972e-09	-0.282832
1.30976e-09	-0.282715
1.30981e-09	-0.282598
1.30986e-09	-0.28248
1.3099e-09	-0.282363
1.30995e-09	-0.282245
1.30999e-09	-0.282128
1.31004e-09	-0.282011
1.31009e-09	-0.281893
1.31013e-09	-0.281776
1.31018e-09	-0.281658
1.31023e-09	-0.281541
1.31027e-09	-0.281423
1.31032e-09	-0.281306
1.31037e-09	-0.281188
1.31041e-09	-0.28107
1.31046e-09	-0.280953
1.31051e-09	-0.280835
1.31055e-09	-0.280718
1.3106e-09	-0.2806
1.31064e-09	-0.280482
1.31069e-09	-0.280365
1.31074e-09	-0.280247
1.31078e-09	-0.280129
1.31083e-09	-0.280011
1.31088e-09	-0.279894
1.31092e-09	-0.279776
1.31097e-09	-0.279658
1.31102e-09	-0.27954
1.31106e-09	-0.279422
1.31111e-09	-0.279304
1.31115e-09	-0.279187
1.3112e-09	-0.279069
1.31125e-09	-0.278951
1.31129e-09	-0.278833
1.31134e-09	-0.278715
1.31139e-09	-0.278597
1.31143e-09	-0.278479
1.31148e-09	-0.278361
1.31153e-09	-0.278243
1.31157e-09	-0.278125
1.31162e-09	-0.278007
1.31167e-09	-0.277889
1.31171e-09	-0.277771
1.31176e-09	-0.277652
1.3118e-09	-0.277534
1.31185e-09	-0.277416
1.3119e-09	-0.277298
1.31194e-09	-0.27718
1.31199e-09	-0.277062
1.31204e-09	-0.276943
1.31208e-09	-0.276825
1.31213e-09	-0.276707
1.31218e-09	-0.276589
1.31222e-09	-0.27647
1.31227e-09	-0.276352
1.31232e-09	-0.276234
1.31236e-09	-0.276115
1.31241e-09	-0.275997
1.31245e-09	-0.275879
1.3125e-09	-0.27576
1.31255e-09	-0.275642
1.31259e-09	-0.275523
1.31264e-09	-0.275405
1.31269e-09	-0.275287
1.31273e-09	-0.275168
1.31278e-09	-0.27505
1.31283e-09	-0.274931
1.31287e-09	-0.274813
1.31292e-09	-0.274694
1.31297e-09	-0.274576
1.31301e-09	-0.274457
1.31306e-09	-0.274338
1.3131e-09	-0.27422
1.31315e-09	-0.274101
1.3132e-09	-0.273983
1.31324e-09	-0.273864
1.31329e-09	-0.273745
1.31334e-09	-0.273627
1.31338e-09	-0.273508
1.31343e-09	-0.273389
1.31348e-09	-0.27327
1.31352e-09	-0.273152
1.31357e-09	-0.273033
1.31362e-09	-0.272914
1.31366e-09	-0.272795
1.31371e-09	-0.272677
1.31375e-09	-0.272558
1.3138e-09	-0.272439
1.31385e-09	-0.27232
1.31389e-09	-0.272201
1.31394e-09	-0.272082
1.31399e-09	-0.271964
1.31403e-09	-0.271845
1.31408e-09	-0.271726
1.31413e-09	-0.271607
1.31417e-09	-0.271488
1.31422e-09	-0.271369
1.31426e-09	-0.27125
1.31431e-09	-0.271131
1.31436e-09	-0.271012
1.3144e-09	-0.270893
1.31445e-09	-0.270774
1.3145e-09	-0.270655
1.31454e-09	-0.270536
1.31459e-09	-0.270417
1.31464e-09	-0.270298
1.31468e-09	-0.270178
1.31473e-09	-0.270059
1.31478e-09	-0.26994
1.31482e-09	-0.269821
1.31487e-09	-0.269702
1.31491e-09	-0.269583
1.31496e-09	-0.269464
1.31501e-09	-0.269344
1.31505e-09	-0.269225
1.3151e-09	-0.269106
1.31515e-09	-0.268987
1.31519e-09	-0.268867
1.31524e-09	-0.268748
1.31529e-09	-0.268629
1.31533e-09	-0.26851
1.31538e-09	-0.26839
1.31543e-09	-0.268271
1.31547e-09	-0.268152
1.31552e-09	-0.268032
1.31556e-09	-0.267913
1.31561e-09	-0.267794
1.31566e-09	-0.267674
1.3157e-09	-0.267555
1.31575e-09	-0.267435
1.3158e-09	-0.267316
1.31584e-09	-0.267196
1.31589e-09	-0.267077
1.31594e-09	-0.266958
1.31598e-09	-0.266838
1.31603e-09	-0.266719
1.31608e-09	-0.266599
1.31612e-09	-0.26648
1.31617e-09	-0.26636
1.31621e-09	-0.26624
1.31626e-09	-0.266121
1.31631e-09	-0.266001
1.31635e-09	-0.265882
1.3164e-09	-0.265762
1.31645e-09	-0.265643
1.31649e-09	-0.265523
1.31654e-09	-0.265403
1.31659e-09	-0.265284
1.31663e-09	-0.265164
1.31668e-09	-0.265044
1.31673e-09	-0.264925
1.31677e-09	-0.264805
1.31682e-09	-0.264685
1.31686e-09	-0.264566
1.31691e-09	-0.264446
1.31696e-09	-0.264326
1.317e-09	-0.264206
1.31705e-09	-0.264087
1.3171e-09	-0.263967
1.31714e-09	-0.263847
1.31719e-09	-0.263727
1.31724e-09	-0.263608
1.31728e-09	-0.263488
1.31733e-09	-0.263368
1.31737e-09	-0.263248
1.31742e-09	-0.263128
1.31747e-09	-0.263008
1.31751e-09	-0.262889
1.31756e-09	-0.262769
1.31761e-09	-0.262649
1.31765e-09	-0.262529
1.3177e-09	-0.262409
1.31775e-09	-0.262289
1.31779e-09	-0.262169
1.31784e-09	-0.262049
1.31789e-09	-0.261929
1.31793e-09	-0.261809
1.31798e-09	-0.261689
1.31802e-09	-0.261569
1.31807e-09	-0.261449
1.31812e-09	-0.261329
1.31816e-09	-0.261209
1.31821e-09	-0.261089
1.31826e-09	-0.260969
1.3183e-09	-0.260849
1.31835e-09	-0.260729
1.3184e-09	-0.260609
1.31844e-09	-0.260489
1.31849e-09	-0.260369
1.31854e-09	-0.260249
1.31858e-09	-0.260129
1.31863e-09	-0.260009
1.31867e-09	-0.259889
1.31872e-09	-0.259768
1.31877e-09	-0.259648
1.31881e-09	-0.259528
1.31886e-09	-0.259408
1.31891e-09	-0.259288
1.31895e-09	-0.259168
1.319e-09	-0.259047
1.31905e-09	-0.258927
1.31909e-09	-0.258807
1.31914e-09	-0.258687
1.31919e-09	-0.258567
1.31923e-09	-0.258446
1.31928e-09	-0.258326
1.31932e-09	-0.258206
1.31937e-09	-0.258086
1.31942e-09	-0.257965
1.31946e-09	-0.257845
1.31951e-09	-0.257725
1.31956e-09	-0.257604
1.3196e-09	-0.257484
1.31965e-09	-0.257364
1.3197e-09	-0.257244
1.31974e-09	-0.257123
1.31979e-09	-0.257003
1.31984e-09	-0.256883
1.31988e-09	-0.256762
1.31993e-09	-0.256642
1.31997e-09	-0.256521
1.32002e-09	-0.256401
1.32007e-09	-0.256281
1.32011e-09	-0.25616
1.32016e-09	-0.25604
1.32021e-09	-0.255919
1.32025e-09	-0.255799
1.3203e-09	-0.255679
1.32035e-09	-0.255558
1.32039e-09	-0.255438
1.32044e-09	-0.255317
1.32048e-09	-0.255197
1.32053e-09	-0.255076
1.32058e-09	-0.254956
1.32062e-09	-0.254835
1.32067e-09	-0.254715
1.32072e-09	-0.254594
1.32076e-09	-0.254474
1.32081e-09	-0.254353
1.32086e-09	-0.254233
1.3209e-09	-0.254112
1.32095e-09	-0.253992
1.321e-09	-0.253871
1.32104e-09	-0.253751
1.32109e-09	-0.25363
1.32113e-09	-0.25351
1.32118e-09	-0.253389
1.32123e-09	-0.253269
1.32127e-09	-0.253148
1.32132e-09	-0.253027
1.32137e-09	-0.252907
1.32141e-09	-0.252786
1.32146e-09	-0.252666
1.32151e-09	-0.252545
1.32155e-09	-0.252424
1.3216e-09	-0.252304
1.32165e-09	-0.252183
1.32169e-09	-0.252062
1.32174e-09	-0.251942
1.32178e-09	-0.251821
1.32183e-09	-0.2517
1.32188e-09	-0.25158
1.32192e-09	-0.251459
1.32197e-09	-0.251338
1.32202e-09	-0.251218
1.32206e-09	-0.251097
1.32211e-09	-0.250976
1.32216e-09	-0.250856
1.3222e-09	-0.250735
1.32225e-09	-0.250614
1.3223e-09	-0.250494
1.32234e-09	-0.250373
1.32239e-09	-0.250252
1.32243e-09	-0.250131
1.32248e-09	-0.250011
1.32253e-09	-0.24989
1.32257e-09	-0.249769
1.32262e-09	-0.249648
1.32267e-09	-0.249528
1.32271e-09	-0.249407
1.32276e-09	-0.249286
1.32281e-09	-0.249165
1.32285e-09	-0.249044
1.3229e-09	-0.248924
1.32295e-09	-0.248803
1.32299e-09	-0.248682
1.32304e-09	-0.248561
1.32308e-09	-0.24844
1.32313e-09	-0.24832
1.32318e-09	-0.248199
1.32322e-09	-0.248078
1.32327e-09	-0.247957
1.32332e-09	-0.247836
1.32336e-09	-0.247716
1.32341e-09	-0.247595
1.32346e-09	-0.247474
1.3235e-09	-0.247353
1.32355e-09	-0.247232
1.32359e-09	-0.247111
1.32364e-09	-0.24699
1.32369e-09	-0.24687
1.32373e-09	-0.246749
1.32378e-09	-0.246628
1.32383e-09	-0.246507
1.32387e-09	-0.246386
1.32392e-09	-0.246265
1.32397e-09	-0.246144
1.32401e-09	-0.246023
1.32406e-09	-0.245902
1.32411e-09	-0.245782
1.32415e-09	-0.245661
1.3242e-09	-0.24554
1.32424e-09	-0.245419
1.32429e-09	-0.245298
1.32434e-09	-0.245177
1.32438e-09	-0.245056
1.32443e-09	-0.244935
1.32448e-09	-0.244814
1.32452e-09	-0.244693
1.32457e-09	-0.244572
1.32462e-09	-0.244451
1.32466e-09	-0.24433
1.32471e-09	-0.244209
1.32476e-09	-0.244089
1.3248e-09	-0.243968
1.32485e-09	-0.243847
1.32489e-09	-0.243726
1.32494e-09	-0.243605
1.32499e-09	-0.243484
1.32503e-09	-0.243363
1.32508e-09	-0.243242
1.32513e-09	-0.243121
1.32517e-09	-0.243
1.32522e-09	-0.242879
1.32527e-09	-0.242758
1.32531e-09	-0.242637
1.32536e-09	-0.242516
1.32541e-09	-0.242395
1.32545e-09	-0.242274
1.3255e-09	-0.242153
1.32554e-09	-0.242032
1.32559e-09	-0.241911
1.32564e-09	-0.24179
1.32568e-09	-0.241669
1.32573e-09	-0.241548
1.32578e-09	-0.241427
1.32582e-09	-0.241306
1.32587e-09	-0.241185
1.32592e-09	-0.241064
1.32596e-09	-0.240943
1.32601e-09	-0.240822
1.32605e-09	-0.240701
1.3261e-09	-0.24058
1.32615e-09	-0.240459
1.32619e-09	-0.240338
1.32624e-09	-0.240217
1.32629e-09	-0.240096
1.32633e-09	-0.239975
1.32638e-09	-0.239853
1.32643e-09	-0.239732
1.32647e-09	-0.239611
1.32652e-09	-0.23949
1.32657e-09	-0.239369
1.32661e-09	-0.239248
1.32666e-09	-0.239127
1.3267e-09	-0.239006
1.32675e-09	-0.238885
1.3268e-09	-0.238764
1.32684e-09	-0.238643
1.32689e-09	-0.238522
1.32694e-09	-0.238401
1.32698e-09	-0.23828
1.32703e-09	-0.238159
1.32708e-09	-0.238038
1.32712e-09	-0.237917
1.32717e-09	-0.237796
1.32722e-09	-0.237675
1.32726e-09	-0.237554
1.32731e-09	-0.237432
1.32735e-09	-0.237311
1.3274e-09	-0.23719
1.32745e-09	-0.237069
1.32749e-09	-0.236948
1.32754e-09	-0.236827
1.32759e-09	-0.236706
1.32763e-09	-0.236585
1.32768e-09	-0.236464
1.32773e-09	-0.236343
1.32777e-09	-0.236222
1.32782e-09	-0.236101
1.32787e-09	-0.23598
1.32791e-09	-0.235859
1.32796e-09	-0.235738
1.328e-09	-0.235617
1.32805e-09	-0.235496
1.3281e-09	-0.235374
1.32814e-09	-0.235253
1.32819e-09	-0.235132
1.32824e-09	-0.235011
1.32828e-09	-0.23489
1.32833e-09	-0.234769
1.32838e-09	-0.234648
1.32842e-09	-0.234527
1.32847e-09	-0.234406
1.32852e-09	-0.234285
1.32856e-09	-0.234164
1.32861e-09	-0.234043
1.32865e-09	-0.233922
1.3287e-09	-0.233801
1.32875e-09	-0.23368
1.32879e-09	-0.233559
1.32884e-09	-0.233438
1.32889e-09	-0.233317
1.32893e-09	-0.233195
1.32898e-09	-0.233074
1.32903e-09	-0.232953
1.32907e-09	-0.232832
1.32912e-09	-0.232711
1.32916e-09	-0.23259
1.32921e-09	-0.232469
1.32926e-09	-0.232348
1.3293e-09	-0.232227
1.32935e-09	-0.232106
1.3294e-09	-0.231985
1.32944e-09	-0.231864
1.32949e-09	-0.231743
1.32954e-09	-0.231622
1.32958e-09	-0.231501
1.32963e-09	-0.23138
1.32968e-09	-0.231259
1.32972e-09	-0.231138
1.32977e-09	-0.231017
1.32981e-09	-0.230896
1.32986e-09	-0.230775
1.32991e-09	-0.230654
1.32995e-09	-0.230533
1.33e-09	-0.230412
1.33005e-09	-0.230291
1.33009e-09	-0.23017
1.33014e-09	-0.230049
1.33019e-09	-0.229928
1.33023e-09	-0.229807
1.33028e-09	-0.229686
1.33033e-09	-0.229565
1.33037e-09	-0.229444
1.33042e-09	-0.229323
1.33046e-09	-0.229202
1.33051e-09	-0.229081
1.33056e-09	-0.22896
1.3306e-09	-0.228839
1.33065e-09	-0.228718
1.3307e-09	-0.228597
1.33074e-09	-0.228476
1.33079e-09	-0.228355
1.33084e-09	-0.228234
1.33088e-09	-0.228113
1.33093e-09	-0.227992
1.33098e-09	-0.227871
1.33102e-09	-0.22775
1.33107e-09	-0.227629
1.33111e-09	-0.227508
1.33116e-09	-0.227387
1.33121e-09	-0.227266
1.33125e-09	-0.227145
1.3313e-09	-0.227024
1.33135e-09	-0.226903
1.33139e-09	-0.226782
1.33144e-09	-0.226661
1.33149e-09	-0.226541
1.33153e-09	-0.22642
1.33158e-09	-0.226299
1.33163e-09	-0.226178
1.33167e-09	-0.226057
1.33172e-09	-0.225936
1.33176e-09	-0.225815
1.33181e-09	-0.225694
1.33186e-09	-0.225573
1.3319e-09	-0.225452
1.33195e-09	-0.225331
1.332e-09	-0.225211
1.33204e-09	-0.22509
1.33209e-09	-0.224969
1.33214e-09	-0.224848
1.33218e-09	-0.224727
1.33223e-09	-0.224606
1.33227e-09	-0.224485
1.33232e-09	-0.224365
1.33237e-09	-0.224244
1.33241e-09	-0.224123
1.33246e-09	-0.224002
1.33251e-09	-0.223881
1.33255e-09	-0.22376
1.3326e-09	-0.223639
1.33265e-09	-0.223519
1.33269e-09	-0.223398
1.33274e-09	-0.223277
1.33279e-09	-0.223156
1.33283e-09	-0.223035
1.33288e-09	-0.222915
1.33292e-09	-0.222794
1.33297e-09	-0.222673
1.33302e-09	-0.222552
1.33306e-09	-0.222431
1.33311e-09	-0.222311
1.33316e-09	-0.22219
1.3332e-09	-0.222069
1.33325e-09	-0.221948
1.3333e-09	-0.221828
1.33334e-09	-0.221707
1.33339e-09	-0.221586
1.33344e-09	-0.221465
1.33348e-09	-0.221345
1.33353e-09	-0.221224
1.33357e-09	-0.221103
1.33362e-09	-0.220982
1.33367e-09	-0.220862
1.33371e-09	-0.220741
1.33376e-09	-0.22062
1.33381e-09	-0.2205
1.33385e-09	-0.220379
1.3339e-09	-0.220258
1.33395e-09	-0.220138
1.33399e-09	-0.220017
1.33404e-09	-0.219896
1.33409e-09	-0.219775
1.33413e-09	-0.219655
1.33418e-09	-0.219534
1.33422e-09	-0.219414
1.33427e-09	-0.219293
1.33432e-09	-0.219172
1.33436e-09	-0.219052
1.33441e-09	-0.218931
1.33446e-09	-0.21881
1.3345e-09	-0.21869
1.33455e-09	-0.218569
1.3346e-09	-0.218449
1.33464e-09	-0.218328
1.33469e-09	-0.218207
1.33474e-09	-0.218087
1.33478e-09	-0.217966
1.33483e-09	-0.217846
1.33487e-09	-0.217725
1.33492e-09	-0.217605
1.33497e-09	-0.217484
1.33501e-09	-0.217364
1.33506e-09	-0.217243
1.33511e-09	-0.217122
1.33515e-09	-0.217002
1.3352e-09	-0.216881
1.33525e-09	-0.216761
1.33529e-09	-0.21664
1.33534e-09	-0.21652
1.33538e-09	-0.216399
1.33543e-09	-0.216279
1.33548e-09	-0.216158
1.33552e-09	-0.216038
1.33557e-09	-0.215918
1.33562e-09	-0.215797
1.33566e-09	-0.215677
1.33571e-09	-0.215556
1.33576e-09	-0.215436
1.3358e-09	-0.215315
1.33585e-09	-0.215195
1.3359e-09	-0.215075
1.33594e-09	-0.214954
1.33599e-09	-0.214834
1.33603e-09	-0.214713
1.33608e-09	-0.214593
1.33613e-09	-0.214473
1.33617e-09	-0.214352
1.33622e-09	-0.214232
1.33627e-09	-0.214112
1.33631e-09	-0.213991
1.33636e-09	-0.213871
1.33641e-09	-0.213751
1.33645e-09	-0.21363
1.3365e-09	-0.21351
1.33655e-09	-0.21339
1.33659e-09	-0.213269
1.33664e-09	-0.213149
1.33668e-09	-0.213029
1.33673e-09	-0.212909
1.33678e-09	-0.212788
1.33682e-09	-0.212668
1.33687e-09	-0.212548
1.33692e-09	-0.212428
1.33696e-09	-0.212307
1.33701e-09	-0.212187
1.33706e-09	-0.212067
1.3371e-09	-0.211947
1.33715e-09	-0.211827
1.3372e-09	-0.211707
1.33724e-09	-0.211586
1.33729e-09	-0.211466
1.33733e-09	-0.211346
1.33738e-09	-0.211226
1.33743e-09	-0.211106
1.33747e-09	-0.210986
1.33752e-09	-0.210866
1.33757e-09	-0.210745
1.33761e-09	-0.210625
1.33766e-09	-0.210505
1.33771e-09	-0.210385
1.33775e-09	-0.210265
1.3378e-09	-0.210145
1.33785e-09	-0.210025
1.33789e-09	-0.209905
1.33794e-09	-0.209785
1.33798e-09	-0.209665
1.33803e-09	-0.209545
1.33808e-09	-0.209425
1.33812e-09	-0.209305
1.33817e-09	-0.209185
1.33822e-09	-0.209065
1.33826e-09	-0.208945
1.33831e-09	-0.208825
1.33836e-09	-0.208705
1.3384e-09	-0.208585
1.33845e-09	-0.208465
1.33849e-09	-0.208345
1.33854e-09	-0.208225
1.33859e-09	-0.208105
1.33863e-09	-0.207986
1.33868e-09	-0.207866
1.33873e-09	-0.207746
1.33877e-09	-0.207626
1.33882e-09	-0.207506
1.33887e-09	-0.207386
1.33891e-09	-0.207266
1.33896e-09	-0.207147
1.33901e-09	-0.207027
1.33905e-09	-0.206907
1.3391e-09	-0.206787
1.33914e-09	-0.206667
1.33919e-09	-0.206548
1.33924e-09	-0.206428
1.33928e-09	-0.206308
1.33933e-09	-0.206188
1.33938e-09	-0.206069
1.33942e-09	-0.205949
1.33947e-09	-0.205829
1.33952e-09	-0.20571
1.33956e-09	-0.20559
1.33961e-09	-0.20547
1.33966e-09	-0.205351
1.3397e-09	-0.205231
1.33975e-09	-0.205111
1.33979e-09	-0.204992
1.33984e-09	-0.204872
1.33989e-09	-0.204752
1.33993e-09	-0.204633
1.33998e-09	-0.204513
1.34003e-09	-0.204394
1.34007e-09	-0.204274
1.34012e-09	-0.204155
1.34017e-09	-0.204035
1.34021e-09	-0.203916
1.34026e-09	-0.203796
1.34031e-09	-0.203677
1.34035e-09	-0.203557
1.3404e-09	-0.203438
1.34044e-09	-0.203318
1.34049e-09	-0.203199
1.34054e-09	-0.203079
1.34058e-09	-0.20296
1.34063e-09	-0.20284
1.34068e-09	-0.202721
1.34072e-09	-0.202601
1.34077e-09	-0.202482
1.34082e-09	-0.202363
1.34086e-09	-0.202243
1.34091e-09	-0.202124
1.34095e-09	-0.202005
1.341e-09	-0.201885
1.34105e-09	-0.201766
1.34109e-09	-0.201647
1.34114e-09	-0.201527
1.34119e-09	-0.201408
1.34123e-09	-0.201289
1.34128e-09	-0.20117
1.34133e-09	-0.20105
1.34137e-09	-0.200931
1.34142e-09	-0.200812
1.34147e-09	-0.200693
1.34151e-09	-0.200573
1.34156e-09	-0.200454
1.3416e-09	-0.200335
1.34165e-09	-0.200216
1.3417e-09	-0.200097
1.34174e-09	-0.199978
1.34179e-09	-0.199859
1.34184e-09	-0.199739
1.34188e-09	-0.19962
1.34193e-09	-0.199501
1.34198e-09	-0.199382
1.34202e-09	-0.199263
1.34207e-09	-0.199144
1.34212e-09	-0.199025
1.34216e-09	-0.198906
1.34221e-09	-0.198787
1.34225e-09	-0.198668
1.3423e-09	-0.198549
1.34235e-09	-0.19843
1.34239e-09	-0.198311
1.34244e-09	-0.198192
1.34249e-09	-0.198073
1.34253e-09	-0.197954
1.34258e-09	-0.197835
1.34263e-09	-0.197717
1.34267e-09	-0.197598
1.34272e-09	-0.197479
1.34277e-09	-0.19736
1.34281e-09	-0.197241
1.34286e-09	-0.197122
1.3429e-09	-0.197003
1.34295e-09	-0.196885
1.343e-09	-0.196766
1.34304e-09	-0.196647
1.34309e-09	-0.196528
1.34314e-09	-0.19641
1.34318e-09	-0.196291
1.34323e-09	-0.196172
1.34328e-09	-0.196053
1.34332e-09	-0.195935
1.34337e-09	-0.195816
1.34342e-09	-0.195697
1.34346e-09	-0.195579
1.34351e-09	-0.19546
1.34355e-09	-0.195342
1.3436e-09	-0.195223
1.34365e-09	-0.195104
1.34369e-09	-0.194986
1.34374e-09	-0.194867
1.34379e-09	-0.194749
1.34383e-09	-0.19463
1.34388e-09	-0.194512
1.34393e-09	-0.194393
1.34397e-09	-0.194275
1.34402e-09	-0.194156
1.34406e-09	-0.194038
1.34411e-09	-0.193919
1.34416e-09	-0.193801
1.3442e-09	-0.193682
1.34425e-09	-0.193564
1.3443e-09	-0.193446
1.34434e-09	-0.193327
1.34439e-09	-0.193209
1.34444e-09	-0.19309
1.34448e-09	-0.192972
1.34453e-09	-0.192854
1.34458e-09	-0.192736
1.34462e-09	-0.192617
1.34467e-09	-0.192499
1.34471e-09	-0.192381
1.34476e-09	-0.192262
1.34481e-09	-0.192144
1.34485e-09	-0.192026
1.3449e-09	-0.191908
1.34495e-09	-0.19179
1.34499e-09	-0.191671
1.34504e-09	-0.191553
1.34509e-09	-0.191435
1.34513e-09	-0.191317
1.34518e-09	-0.191199
1.34523e-09	-0.191081
1.34527e-09	-0.190963
1.34532e-09	-0.190845
1.34536e-09	-0.190727
1.34541e-09	-0.190609
1.34546e-09	-0.190491
1.3455e-09	-0.190373
1.34555e-09	-0.190255
1.3456e-09	-0.190137
1.34564e-09	-0.190019
1.34569e-09	-0.189901
1.34574e-09	-0.189783
1.34578e-09	-0.189665
1.34583e-09	-0.189547
1.34588e-09	-0.189429
1.34592e-09	-0.189311
1.34597e-09	-0.189194
1.34601e-09	-0.189076
1.34606e-09	-0.188958
1.34611e-09	-0.18884
1.34615e-09	-0.188722
1.3462e-09	-0.188605
1.34625e-09	-0.188487
1.34629e-09	-0.188369
1.34634e-09	-0.188251
1.34639e-09	-0.188134
1.34643e-09	-0.188016
1.34648e-09	-0.187898
1.34653e-09	-0.187781
1.34657e-09	-0.187663
1.34662e-09	-0.187545
1.34666e-09	-0.187428
1.34671e-09	-0.18731
1.34676e-09	-0.187193
1.3468e-09	-0.187075
1.34685e-09	-0.186958
1.3469e-09	-0.18684
1.34694e-09	-0.186723
1.34699e-09	-0.186605
1.34704e-09	-0.186488
1.34708e-09	-0.18637
1.34713e-09	-0.186253
1.34717e-09	-0.186135
1.34722e-09	-0.186018
1.34727e-09	-0.185901
1.34731e-09	-0.185783
1.34736e-09	-0.185666
1.34741e-09	-0.185548
1.34745e-09	-0.185431
1.3475e-09	-0.185314
1.34755e-09	-0.185197
1.34759e-09	-0.185079
1.34764e-09	-0.184962
1.34769e-09	-0.184845
1.34773e-09	-0.184728
1.34778e-09	-0.18461
1.34782e-09	-0.184493
1.34787e-09	-0.184376
1.34792e-09	-0.184259
1.34796e-09	-0.184142
1.34801e-09	-0.184025
1.34806e-09	-0.183908
1.3481e-09	-0.183791
1.34815e-09	-0.183673
1.3482e-09	-0.183556
1.34824e-09	-0.183439
1.34829e-09	-0.183322
1.34834e-09	-0.183205
1.34838e-09	-0.183088
1.34843e-09	-0.182972
1.34847e-09	-0.182855
1.34852e-09	-0.182738
1.34857e-09	-0.182621
1.34861e-09	-0.182504
1.34866e-09	-0.182387
1.34871e-09	-0.18227
1.34875e-09	-0.182153
1.3488e-09	-0.182037
1.34885e-09	-0.18192
1.34889e-09	-0.181803
1.34894e-09	-0.181686
1.34899e-09	-0.18157
1.34903e-09	-0.181453
1.34908e-09	-0.181336
1.34912e-09	-0.181219
1.34917e-09	-0.181103
1.34922e-09	-0.180986
1.34926e-09	-0.180869
1.34931e-09	-0.180753
1.34936e-09	-0.180636
1.3494e-09	-0.18052
1.34945e-09	-0.180403
1.3495e-09	-0.180287
1.34954e-09	-0.18017
1.34959e-09	-0.180054
1.34964e-09	-0.179937
1.34968e-09	-0.179821
1.34973e-09	-0.179704
1.34977e-09	-0.179588
1.34982e-09	-0.179471
1.34987e-09	-0.179355
1.34991e-09	-0.179239
1.34996e-09	-0.179122
1.35001e-09	-0.179006
1.35005e-09	-0.17889
1.3501e-09	-0.178773
1.35015e-09	-0.178657
1.35019e-09	-0.178541
1.35024e-09	-0.178425
1.35028e-09	-0.178308
1.35033e-09	-0.178192
1.35038e-09	-0.178076
1.35042e-09	-0.17796
1.35047e-09	-0.177844
1.35052e-09	-0.177728
1.35056e-09	-0.177612
1.35061e-09	-0.177495
1.35066e-09	-0.177379
1.3507e-09	-0.177263
1.35075e-09	-0.177147
1.3508e-09	-0.177031
1.35084e-09	-0.176915
1.35089e-09	-0.176799
1.35093e-09	-0.176683
1.35098e-09	-0.176567
1.35103e-09	-0.176452
1.35107e-09	-0.176336
1.35112e-09	-0.17622
1.35117e-09	-0.176104
1.35121e-09	-0.175988
1.35126e-09	-0.175872
1.35131e-09	-0.175757
1.35135e-09	-0.175641
1.3514e-09	-0.175525
1.35145e-09	-0.175409
1.35149e-09	-0.175294
1.35154e-09	-0.175178
1.35158e-09	-0.175062
1.35163e-09	-0.174947
1.35168e-09	-0.174831
1.35172e-09	-0.174715
1.35177e-09	-0.1746
1.35182e-09	-0.174484
1.35186e-09	-0.174369
1.35191e-09	-0.174253
1.35196e-09	-0.174138
1.352e-09	-0.174022
1.35205e-09	-0.173907
1.3521e-09	-0.173791
1.35214e-09	-0.173676
1.35219e-09	-0.17356
1.35223e-09	-0.173445
1.35228e-09	-0.17333
1.35233e-09	-0.173214
1.35237e-09	-0.173099
1.35242e-09	-0.172984
1.35247e-09	-0.172868
1.35251e-09	-0.172753
1.35256e-09	-0.172638
1.35261e-09	-0.172523
1.35265e-09	-0.172407
1.3527e-09	-0.172292
1.35275e-09	-0.172177
1.35279e-09	-0.172062
1.35284e-09	-0.171947
1.35288e-09	-0.171832
1.35293e-09	-0.171717
1.35298e-09	-0.171602
1.35302e-09	-0.171487
1.35307e-09	-0.171372
1.35312e-09	-0.171257
1.35316e-09	-0.171142
1.35321e-09	-0.171027
1.35326e-09	-0.170912
1.3533e-09	-0.170797
1.35335e-09	-0.170682
1.35339e-09	-0.170567
1.35344e-09	-0.170452
1.35349e-09	-0.170337
1.35353e-09	-0.170223
1.35358e-09	-0.170108
1.35363e-09	-0.169993
1.35367e-09	-0.169878
1.35372e-09	-0.169764
1.35377e-09	-0.169649
1.35381e-09	-0.169534
1.35386e-09	-0.16942
1.35391e-09	-0.169305
1.35395e-09	-0.16919
1.354e-09	-0.169076
1.35404e-09	-0.168961
1.35409e-09	-0.168847
1.35414e-09	-0.168732
1.35418e-09	-0.168618
1.35423e-09	-0.168503
1.35428e-09	-0.168389
1.35432e-09	-0.168274
1.35437e-09	-0.16816
1.35442e-09	-0.168045
1.35446e-09	-0.167931
1.35451e-09	-0.167817
1.35456e-09	-0.167702
1.3546e-09	-0.167588
1.35465e-09	-0.167474
1.35469e-09	-0.16736
1.35474e-09	-0.167245
1.35479e-09	-0.167131
1.35483e-09	-0.167017
1.35488e-09	-0.166903
1.35493e-09	-0.166789
1.35497e-09	-0.166675
1.35502e-09	-0.16656
1.35507e-09	-0.166446
1.35511e-09	-0.166332
1.35516e-09	-0.166218
1.35521e-09	-0.166104
1.35525e-09	-0.16599
1.3553e-09	-0.165876
1.35534e-09	-0.165762
1.35539e-09	-0.165648
1.35544e-09	-0.165534
1.35548e-09	-0.165421
1.35553e-09	-0.165307
1.35558e-09	-0.165193
1.35562e-09	-0.165079
1.35567e-09	-0.164965
1.35572e-09	-0.164852
1.35576e-09	-0.164738
1.35581e-09	-0.164624
1.35586e-09	-0.16451
1.3559e-09	-0.164397
1.35595e-09	-0.164283
1.35599e-09	-0.164169
1.35604e-09	-0.164056
1.35609e-09	-0.163942
1.35613e-09	-0.163829
1.35618e-09	-0.163715
1.35623e-09	-0.163602
1.35627e-09	-0.163488
1.35632e-09	-0.163375
1.35637e-09	-0.163261
1.35641e-09	-0.163148
1.35646e-09	-0.163034
1.3565e-09	-0.162921
1.35655e-09	-0.162808
1.3566e-09	-0.162694
1.35664e-09	-0.162581
1.35669e-09	-0.162468
1.35674e-09	-0.162355
1.35678e-09	-0.162241
1.35683e-09	-0.162128
1.35688e-09	-0.162015
1.35692e-09	-0.161902
1.35697e-09	-0.161789
1.35702e-09	-0.161675
1.35706e-09	-0.161562
1.35711e-09	-0.161449
1.35715e-09	-0.161336
1.3572e-09	-0.161223
1.35725e-09	-0.16111
1.35729e-09	-0.160997
1.35734e-09	-0.160884
1.35739e-09	-0.160771
1.35743e-09	-0.160658
1.35748e-09	-0.160546
1.35753e-09	-0.160433
1.35757e-09	-0.16032
1.35762e-09	-0.160207
1.35767e-09	-0.160094
1.35771e-09	-0.159982
1.35776e-09	-0.159869
1.3578e-09	-0.159756
1.35785e-09	-0.159643
1.3579e-09	-0.159531
1.35794e-09	-0.159418
1.35799e-09	-0.159305
1.35804e-09	-0.159193
1.35808e-09	-0.15908
1.35813e-09	-0.158968
1.35818e-09	-0.158855
1.35822e-09	-0.158743
1.35827e-09	-0.15863
1.35832e-09	-0.158518
1.35836e-09	-0.158405
1.35841e-09	-0.158293
1.35845e-09	-0.158181
1.3585e-09	-0.158068
1.35855e-09	-0.157956
1.35859e-09	-0.157844
1.35864e-09	-0.157731
1.35869e-09	-0.157619
1.35873e-09	-0.157507
1.35878e-09	-0.157395
1.35883e-09	-0.157283
1.35887e-09	-0.15717
1.35892e-09	-0.157058
1.35896e-09	-0.156946
1.35901e-09	-0.156834
1.35906e-09	-0.156722
1.3591e-09	-0.15661
1.35915e-09	-0.156498
1.3592e-09	-0.156386
1.35924e-09	-0.156274
1.35929e-09	-0.156162
1.35934e-09	-0.15605
1.35938e-09	-0.155938
1.35943e-09	-0.155827
1.35948e-09	-0.155715
1.35952e-09	-0.155603
1.35957e-09	-0.155491
1.35961e-09	-0.155379
1.35966e-09	-0.155268
1.35971e-09	-0.155156
1.35975e-09	-0.155044
1.3598e-09	-0.154933
1.35985e-09	-0.154821
1.35989e-09	-0.154709
1.35994e-09	-0.154598
1.35999e-09	-0.154486
1.36003e-09	-0.154375
1.36008e-09	-0.154263
1.36013e-09	-0.154152
1.36017e-09	-0.15404
1.36022e-09	-0.153929
1.36026e-09	-0.153817
1.36031e-09	-0.153706
1.36036e-09	-0.153595
1.3604e-09	-0.153483
1.36045e-09	-0.153372
1.3605e-09	-0.153261
1.36054e-09	-0.15315
1.36059e-09	-0.153038
1.36064e-09	-0.152927
1.36068e-09	-0.152816
1.36073e-09	-0.152705
1.36078e-09	-0.152594
1.36082e-09	-0.152483
1.36087e-09	-0.152372
1.36091e-09	-0.152261
1.36096e-09	-0.15215
1.36101e-09	-0.152039
1.36105e-09	-0.151928
1.3611e-09	-0.151817
1.36115e-09	-0.151706
1.36119e-09	-0.151595
1.36124e-09	-0.151484
1.36129e-09	-0.151373
1.36133e-09	-0.151262
1.36138e-09	-0.151152
1.36143e-09	-0.151041
1.36147e-09	-0.15093
1.36152e-09	-0.150819
1.36156e-09	-0.150709
1.36161e-09	-0.150598
1.36166e-09	-0.150487
1.3617e-09	-0.150377
1.36175e-09	-0.150266
1.3618e-09	-0.150156
1.36184e-09	-0.150045
1.36189e-09	-0.149935
1.36194e-09	-0.149824
1.36198e-09	-0.149714
1.36203e-09	-0.149603
1.36207e-09	-0.149493
1.36212e-09	-0.149383
1.36217e-09	-0.149272
1.36221e-09	-0.149162
1.36226e-09	-0.149052
1.36231e-09	-0.148942
1.36235e-09	-0.148831
1.3624e-09	-0.148721
1.36245e-09	-0.148611
1.36249e-09	-0.148501
1.36254e-09	-0.148391
1.36259e-09	-0.148281
1.36263e-09	-0.148171
1.36268e-09	-0.148061
1.36272e-09	-0.147951
1.36277e-09	-0.147841
1.36282e-09	-0.147731
1.36286e-09	-0.147621
1.36291e-09	-0.147511
1.36296e-09	-0.147401
1.363e-09	-0.147291
1.36305e-09	-0.147181
1.3631e-09	-0.147071
1.36314e-09	-0.146962
1.36319e-09	-0.146852
1.36324e-09	-0.146742
1.36328e-09	-0.146633
1.36333e-09	-0.146523
1.36337e-09	-0.146413
1.36342e-09	-0.146304
1.36347e-09	-0.146194
1.36351e-09	-0.146085
1.36356e-09	-0.145975
1.36361e-09	-0.145866
1.36365e-09	-0.145756
1.3637e-09	-0.145647
1.36375e-09	-0.145537
1.36379e-09	-0.145428
1.36384e-09	-0.145318
1.36389e-09	-0.145209
1.36393e-09	-0.1451
1.36398e-09	-0.144991
1.36402e-09	-0.144881
1.36407e-09	-0.144772
1.36412e-09	-0.144663
1.36416e-09	-0.144554
1.36421e-09	-0.144445
1.36426e-09	-0.144336
1.3643e-09	-0.144226
1.36435e-09	-0.144117
1.3644e-09	-0.144008
1.36444e-09	-0.143899
1.36449e-09	-0.14379
1.36454e-09	-0.143681
1.36458e-09	-0.143573
1.36463e-09	-0.143464
1.36467e-09	-0.143355
1.36472e-09	-0.143246
1.36477e-09	-0.143137
1.36481e-09	-0.143028
1.36486e-09	-0.14292
1.36491e-09	-0.142811
1.36495e-09	-0.142702
1.365e-09	-0.142594
1.36505e-09	-0.142485
1.36509e-09	-0.142376
1.36514e-09	-0.142268
1.36518e-09	-0.142159
1.36523e-09	-0.142051
1.36528e-09	-0.141942
1.36532e-09	-0.141834
1.36537e-09	-0.141725
1.36542e-09	-0.141617
1.36546e-09	-0.141509
1.36551e-09	-0.1414
1.36556e-09	-0.141292
1.3656e-09	-0.141184
1.36565e-09	-0.141075
1.3657e-09	-0.140967
1.36574e-09	-0.140859
1.36579e-09	-0.140751
1.36583e-09	-0.140643
1.36588e-09	-0.140534
1.36593e-09	-0.140426
1.36597e-09	-0.140318
1.36602e-09	-0.14021
1.36607e-09	-0.140102
1.36611e-09	-0.139994
1.36616e-09	-0.139886
1.36621e-09	-0.139778
1.36625e-09	-0.139671
1.3663e-09	-0.139563
1.36635e-09	-0.139455
1.36639e-09	-0.139347
1.36644e-09	-0.139239
1.36648e-09	-0.139132
1.36653e-09	-0.139024
1.36658e-09	-0.138916
1.36662e-09	-0.138808
1.36667e-09	-0.138701
1.36672e-09	-0.138593
1.36676e-09	-0.138486
1.36681e-09	-0.138378
1.36686e-09	-0.138271
1.3669e-09	-0.138163
1.36695e-09	-0.138056
1.367e-09	-0.137948
1.36704e-09	-0.137841
1.36709e-09	-0.137733
1.36713e-09	-0.137626
1.36718e-09	-0.137519
1.36723e-09	-0.137412
1.36727e-09	-0.137304
1.36732e-09	-0.137197
1.36737e-09	-0.13709
1.36741e-09	-0.136983
1.36746e-09	-0.136876
1.36751e-09	-0.136768
1.36755e-09	-0.136661
1.3676e-09	-0.136554
1.36765e-09	-0.136447
1.36769e-09	-0.13634
1.36774e-09	-0.136233
1.36778e-09	-0.136126
1.36783e-09	-0.13602
1.36788e-09	-0.135913
1.36792e-09	-0.135806
1.36797e-09	-0.135699
1.36802e-09	-0.135592
1.36806e-09	-0.135486
1.36811e-09	-0.135379
1.36816e-09	-0.135272
1.3682e-09	-0.135165
1.36825e-09	-0.135059
1.36829e-09	-0.134952
1.36834e-09	-0.134846
1.36839e-09	-0.134739
1.36843e-09	-0.134633
1.36848e-09	-0.134526
1.36853e-09	-0.13442
1.36857e-09	-0.134313
1.36862e-09	-0.134207
1.36867e-09	-0.1341
1.36871e-09	-0.133994
1.36876e-09	-0.133888
1.36881e-09	-0.133782
1.36885e-09	-0.133675
1.3689e-09	-0.133569
1.36894e-09	-0.133463
1.36899e-09	-0.133357
1.36904e-09	-0.133251
1.36908e-09	-0.133145
1.36913e-09	-0.133039
1.36918e-09	-0.132932
1.36922e-09	-0.132826
1.36927e-09	-0.132721
1.36932e-09	-0.132615
1.36936e-09	-0.132509
1.36941e-09	-0.132403
1.36946e-09	-0.132297
1.3695e-09	-0.132191
1.36955e-09	-0.132085
1.36959e-09	-0.13198
1.36964e-09	-0.131874
1.36969e-09	-0.131768
1.36973e-09	-0.131662
1.36978e-09	-0.131557
1.36983e-09	-0.131451
1.36987e-09	-0.131346
1.36992e-09	-0.13124
1.36997e-09	-0.131135
1.37001e-09	-0.131029
1.37006e-09	-0.130924
1.37011e-09	-0.130818
1.37015e-09	-0.130713
1.3702e-09	-0.130607
1.37024e-09	-0.130502
1.37029e-09	-0.130397
1.37034e-09	-0.130292
1.37038e-09	-0.130186
1.37043e-09	-0.130081
1.37048e-09	-0.129976
1.37052e-09	-0.129871
1.37057e-09	-0.129766
1.37062e-09	-0.129661
1.37066e-09	-0.129556
1.37071e-09	-0.129451
1.37076e-09	-0.129346
1.3708e-09	-0.129241
1.37085e-09	-0.129136
1.37089e-09	-0.129031
1.37094e-09	-0.128926
1.37099e-09	-0.128821
1.37103e-09	-0.128716
1.37108e-09	-0.128611
1.37113e-09	-0.128507
1.37117e-09	-0.128402
1.37122e-09	-0.128297
1.37127e-09	-0.128193
1.37131e-09	-0.128088
1.37136e-09	-0.127984
1.3714e-09	-0.127879
1.37145e-09	-0.127774
1.3715e-09	-0.12767
1.37154e-09	-0.127565
1.37159e-09	-0.127461
1.37164e-09	-0.127357
1.37168e-09	-0.127252
1.37173e-09	-0.127148
1.37178e-09	-0.127044
1.37182e-09	-0.126939
1.37187e-09	-0.126835
1.37192e-09	-0.126731
1.37196e-09	-0.126627
1.37201e-09	-0.126523
1.37205e-09	-0.126418
1.3721e-09	-0.126314
1.37215e-09	-0.12621
1.37219e-09	-0.126106
1.37224e-09	-0.126002
1.37229e-09	-0.125898
1.37233e-09	-0.125794
1.37238e-09	-0.125691
1.37243e-09	-0.125587
1.37247e-09	-0.125483
1.37252e-09	-0.125379
1.37257e-09	-0.125275
1.37261e-09	-0.125172
1.37266e-09	-0.125068
1.3727e-09	-0.124964
1.37275e-09	-0.124861
1.3728e-09	-0.124757
1.37284e-09	-0.124653
1.37289e-09	-0.12455
1.37294e-09	-0.124446
1.37298e-09	-0.124343
1.37303e-09	-0.124239
1.37308e-09	-0.124136
1.37312e-09	-0.124033
1.37317e-09	-0.123929
1.37322e-09	-0.123826
1.37326e-09	-0.123723
1.37331e-09	-0.123619
1.37335e-09	-0.123516
1.3734e-09	-0.123413
1.37345e-09	-0.12331
1.37349e-09	-0.123207
1.37354e-09	-0.123103
1.37359e-09	-0.123
1.37363e-09	-0.122897
1.37368e-09	-0.122794
1.37373e-09	-0.122691
1.37377e-09	-0.122589
1.37382e-09	-0.122486
1.37386e-09	-0.122383
1.37391e-09	-0.12228
1.37396e-09	-0.122177
1.374e-09	-0.122074
1.37405e-09	-0.121972
1.3741e-09	-0.121869
1.37414e-09	-0.121766
1.37419e-09	-0.121664
1.37424e-09	-0.121561
1.37428e-09	-0.121458
1.37433e-09	-0.121356
1.37438e-09	-0.121253
1.37442e-09	-0.121151
1.37447e-09	-0.121048
1.37451e-09	-0.120946
1.37456e-09	-0.120844
1.37461e-09	-0.120741
1.37465e-09	-0.120639
1.3747e-09	-0.120537
1.37475e-09	-0.120434
1.37479e-09	-0.120332
1.37484e-09	-0.12023
1.37489e-09	-0.120128
1.37493e-09	-0.120026
1.37498e-09	-0.119924
1.37503e-09	-0.119821
1.37507e-09	-0.119719
1.37512e-09	-0.119617
1.37516e-09	-0.119516
1.37521e-09	-0.119414
1.37526e-09	-0.119312
1.3753e-09	-0.11921
1.37535e-09	-0.119108
1.3754e-09	-0.119006
1.37544e-09	-0.118904
1.37549e-09	-0.118803
1.37554e-09	-0.118701
1.37558e-09	-0.118599
1.37563e-09	-0.118498
1.37568e-09	-0.118396
1.37572e-09	-0.118295
1.37577e-09	-0.118193
1.37581e-09	-0.118092
1.37586e-09	-0.11799
1.37591e-09	-0.117889
1.37595e-09	-0.117787
1.376e-09	-0.117686
1.37605e-09	-0.117585
1.37609e-09	-0.117483
1.37614e-09	-0.117382
1.37619e-09	-0.117281
1.37623e-09	-0.11718
1.37628e-09	-0.117078
1.37633e-09	-0.116977
1.37637e-09	-0.116876
1.37642e-09	-0.116775
1.37646e-09	-0.116674
1.37651e-09	-0.116573
1.37656e-09	-0.116472
1.3766e-09	-0.116371
1.37665e-09	-0.11627
1.3767e-09	-0.116169
1.37674e-09	-0.116069
1.37679e-09	-0.115968
1.37684e-09	-0.115867
1.37688e-09	-0.115766
1.37693e-09	-0.115666
1.37697e-09	-0.115565
1.37702e-09	-0.115464
1.37707e-09	-0.115364
1.37711e-09	-0.115263
1.37716e-09	-0.115163
1.37721e-09	-0.115062
1.37725e-09	-0.114962
1.3773e-09	-0.114861
1.37735e-09	-0.114761
1.37739e-09	-0.11466
1.37744e-09	-0.11456
1.37749e-09	-0.11446
1.37753e-09	-0.114359
1.37758e-09	-0.114259
1.37762e-09	-0.114159
1.37767e-09	-0.114059
1.37772e-09	-0.113959
1.37776e-09	-0.113859
1.37781e-09	-0.113759
1.37786e-09	-0.113659
1.3779e-09	-0.113559
1.37795e-09	-0.113459
1.378e-09	-0.113359
1.37804e-09	-0.113259
1.37809e-09	-0.113159
1.37814e-09	-0.113059
1.37818e-09	-0.112959
1.37823e-09	-0.11286
1.37827e-09	-0.11276
1.37832e-09	-0.11266
1.37837e-09	-0.112561
1.37841e-09	-0.112461
1.37846e-09	-0.112361
1.37851e-09	-0.112262
1.37855e-09	-0.112162
1.3786e-09	-0.112063
1.37865e-09	-0.111963
1.37869e-09	-0.111864
1.37874e-09	-0.111765
1.37879e-09	-0.111665
1.37883e-09	-0.111566
1.37888e-09	-0.111467
1.37892e-09	-0.111367
1.37897e-09	-0.111268
1.37902e-09	-0.111169
1.37906e-09	-0.11107
1.37911e-09	-0.110971
1.37916e-09	-0.110872
1.3792e-09	-0.110773
1.37925e-09	-0.110674
1.3793e-09	-0.110575
1.37934e-09	-0.110476
1.37939e-09	-0.110377
1.37944e-09	-0.110278
1.37948e-09	-0.110179
1.37953e-09	-0.11008
1.37957e-09	-0.109982
1.37962e-09	-0.109883
1.37967e-09	-0.109784
1.37971e-09	-0.109685
1.37976e-09	-0.109587
1.37981e-09	-0.109488
1.37985e-09	-0.10939
1.3799e-09	-0.109291
1.37995e-09	-0.109193
1.37999e-09	-0.109094
1.38004e-09	-0.108996
1.38008e-09	-0.108897
1.38013e-09	-0.108799
1.38018e-09	-0.108701
1.38022e-09	-0.108602
1.38027e-09	-0.108504
1.38032e-09	-0.108406
1.38036e-09	-0.108308
1.38041e-09	-0.10821
1.38046e-09	-0.108112
1.3805e-09	-0.108014
1.38055e-09	-0.107916
1.3806e-09	-0.107818
1.38064e-09	-0.10772
1.38069e-09	-0.107622
1.38073e-09	-0.107524
1.38078e-09	-0.107426
1.38083e-09	-0.107328
1.38087e-09	-0.10723
1.38092e-09	-0.107132
1.38097e-09	-0.107035
1.38101e-09	-0.106937
1.38106e-09	-0.106839
1.38111e-09	-0.106742
1.38115e-09	-0.106644
1.3812e-09	-0.106547
1.38125e-09	-0.106449
1.38129e-09	-0.106352
1.38134e-09	-0.106254
1.38138e-09	-0.106157
1.38143e-09	-0.106059
1.38148e-09	-0.105962
1.38152e-09	-0.105865
1.38157e-09	-0.105768
1.38162e-09	-0.10567
1.38166e-09	-0.105573
1.38171e-09	-0.105476
1.38176e-09	-0.105379
1.3818e-09	-0.105282
1.38185e-09	-0.105185
1.3819e-09	-0.105088
1.38194e-09	-0.104991
1.38199e-09	-0.104894
1.38203e-09	-0.104797
1.38208e-09	-0.1047
1.38213e-09	-0.104603
1.38217e-09	-0.104506
1.38222e-09	-0.10441
1.38227e-09	-0.104313
1.38231e-09	-0.104216
1.38236e-09	-0.104119
1.38241e-09	-0.104023
1.38245e-09	-0.103926
1.3825e-09	-0.10383
1.38255e-09	-0.103733
1.38259e-09	-0.103637
1.38264e-09	-0.10354
1.38268e-09	-0.103444
1.38273e-09	-0.103347
1.38278e-09	-0.103251
1.38282e-09	-0.103155
1.38287e-09	-0.103058
1.38292e-09	-0.102962
1.38296e-09	-0.102866
1.38301e-09	-0.10277
1.38306e-09	-0.102674
1.3831e-09	-0.102578
1.38315e-09	-0.102481
1.38319e-09	-0.102385
1.38324e-09	-0.102289
1.38329e-09	-0.102194
1.38333e-09	-0.102098
1.38338e-09	-0.102002
1.38343e-09	-0.101906
1.38347e-09	-0.10181
1.38352e-09	-0.101714
1.38357e-09	-0.101619
1.38361e-09	-0.101523
1.38366e-09	-0.101427
1.38371e-09	-0.101332
1.38375e-09	-0.101236
1.3838e-09	-0.10114
1.38384e-09	-0.101045
1.38389e-09	-0.100949
1.38394e-09	-0.100854
1.38398e-09	-0.100758
1.38403e-09	-0.100663
1.38408e-09	-0.100568
1.38412e-09	-0.100472
1.38417e-09	-0.100377
1.38422e-09	-0.100282
1.38426e-09	-0.100187
1.38431e-09	-0.100092
1.38436e-09	-0.0999964
1.3844e-09	-0.0999013
1.38445e-09	-0.0998062
1.38449e-09	-0.0997112
1.38454e-09	-0.0996162
1.38459e-09	-0.0995213
1.38463e-09	-0.0994263
1.38468e-09	-0.0993315
1.38473e-09	-0.0992366
1.38477e-09	-0.0991418
1.38482e-09	-0.099047
1.38487e-09	-0.0989523
1.38491e-09	-0.0988576
1.38496e-09	-0.0987629
1.38501e-09	-0.0986683
1.38505e-09	-0.0985737
1.3851e-09	-0.0984792
1.38514e-09	-0.0983846
1.38519e-09	-0.0982901
1.38524e-09	-0.0981957
1.38528e-09	-0.0981013
1.38533e-09	-0.0980069
1.38538e-09	-0.0979126
1.38542e-09	-0.0978183
1.38547e-09	-0.097724
1.38552e-09	-0.0976298
1.38556e-09	-0.0975356
1.38561e-09	-0.0974414
1.38566e-09	-0.0973473
1.3857e-09	-0.0972532
1.38575e-09	-0.0971592
1.38579e-09	-0.0970652
1.38584e-09	-0.0969712
1.38589e-09	-0.0968772
1.38593e-09	-0.0967833
1.38598e-09	-0.0966895
1.38603e-09	-0.0965956
1.38607e-09	-0.0965018
1.38612e-09	-0.0964081
1.38617e-09	-0.0963144
1.38621e-09	-0.0962207
1.38626e-09	-0.096127
1.3863e-09	-0.0960334
1.38635e-09	-0.0959399
1.3864e-09	-0.0958463
1.38644e-09	-0.0957528
1.38649e-09	-0.0956594
1.38654e-09	-0.0955659
1.38658e-09	-0.0954725
1.38663e-09	-0.0953792
1.38668e-09	-0.0952859
1.38672e-09	-0.0951926
1.38677e-09	-0.0950993
1.38682e-09	-0.0950061
1.38686e-09	-0.094913
1.38691e-09	-0.0948198
1.38695e-09	-0.0947267
1.387e-09	-0.0946337
1.38705e-09	-0.0945406
1.38709e-09	-0.0944476
1.38714e-09	-0.0943547
1.38719e-09	-0.0942618
1.38723e-09	-0.0941689
1.38728e-09	-0.0940761
1.38733e-09	-0.0939832
1.38737e-09	-0.0938905
1.38742e-09	-0.0937978
1.38747e-09	-0.0937051
1.38751e-09	-0.0936124
1.38756e-09	-0.0935198
1.3876e-09	-0.0934272
1.38765e-09	-0.0933346
1.3877e-09	-0.0932421
1.38774e-09	-0.0931497
1.38779e-09	-0.0930572
1.38784e-09	-0.0929648
1.38788e-09	-0.0928725
1.38793e-09	-0.0927801
1.38798e-09	-0.0926878
1.38802e-09	-0.0925956
1.38807e-09	-0.0925034
1.38812e-09	-0.0924112
1.38816e-09	-0.0923191
1.38821e-09	-0.092227
1.38825e-09	-0.0921349
1.3883e-09	-0.0920429
1.38835e-09	-0.0919509
1.38839e-09	-0.0918589
1.38844e-09	-0.091767
1.38849e-09	-0.0916751
1.38853e-09	-0.0915833
1.38858e-09	-0.0914915
1.38863e-09	-0.0913997
1.38867e-09	-0.091308
1.38872e-09	-0.0912163
1.38877e-09	-0.0911246
1.38881e-09	-0.091033
1.38886e-09	-0.0909414
1.3889e-09	-0.0908498
1.38895e-09	-0.0907583
1.389e-09	-0.0906669
1.38904e-09	-0.0905754
1.38909e-09	-0.090484
1.38914e-09	-0.0903927
1.38918e-09	-0.0903013
1.38923e-09	-0.0902101
1.38928e-09	-0.0901188
1.38932e-09	-0.0900276
1.38937e-09	-0.0899364
1.38941e-09	-0.0898453
1.38946e-09	-0.0897542
1.38951e-09	-0.0896631
1.38955e-09	-0.0895721
1.3896e-09	-0.0894811
1.38965e-09	-0.0893902
1.38969e-09	-0.0892992
1.38974e-09	-0.0892084
1.38979e-09	-0.0891175
1.38983e-09	-0.0890267
1.38988e-09	-0.0889359
1.38993e-09	-0.0888452
1.38997e-09	-0.0887545
1.39002e-09	-0.0886639
1.39006e-09	-0.0885733
1.39011e-09	-0.0884827
1.39016e-09	-0.0883921
1.3902e-09	-0.0883016
1.39025e-09	-0.0882112
1.3903e-09	-0.0881208
1.39034e-09	-0.0880304
1.39039e-09	-0.08794
1.39044e-09	-0.0878497
1.39048e-09	-0.0877594
1.39053e-09	-0.0876692
1.39058e-09	-0.087579
1.39062e-09	-0.0874888
1.39067e-09	-0.0873987
1.39071e-09	-0.0873086
1.39076e-09	-0.0872185
1.39081e-09	-0.0871285
1.39085e-09	-0.0870385
1.3909e-09	-0.0869486
1.39095e-09	-0.0868587
1.39099e-09	-0.0867688
1.39104e-09	-0.086679
1.39109e-09	-0.0865892
1.39113e-09	-0.0864995
1.39118e-09	-0.0864098
1.39123e-09	-0.0863201
1.39127e-09	-0.0862304
1.39132e-09	-0.0861408
1.39136e-09	-0.0860513
1.39141e-09	-0.0859618
1.39146e-09	-0.0858723
1.3915e-09	-0.0857828
1.39155e-09	-0.0856934
1.3916e-09	-0.085604
1.39164e-09	-0.0855147
1.39169e-09	-0.0854254
1.39174e-09	-0.0853361
1.39178e-09	-0.0852469
1.39183e-09	-0.0851577
1.39187e-09	-0.0850686
1.39192e-09	-0.0849795
1.39197e-09	-0.0848904
1.39201e-09	-0.0848014
1.39206e-09	-0.0847124
1.39211e-09	-0.0846234
1.39215e-09	-0.0845345
1.3922e-09	-0.0844456
1.39225e-09	-0.0843568
1.39229e-09	-0.084268
1.39234e-09	-0.0841792
1.39239e-09	-0.0840905
1.39243e-09	-0.0840018
1.39248e-09	-0.0839131
1.39252e-09	-0.0838245
1.39257e-09	-0.0837359
1.39262e-09	-0.0836474
1.39266e-09	-0.0835589
1.39271e-09	-0.0834704
1.39276e-09	-0.083382
1.3928e-09	-0.0832936
1.39285e-09	-0.0832052
1.3929e-09	-0.0831169
1.39294e-09	-0.0830287
1.39299e-09	-0.0829404
1.39304e-09	-0.0828522
1.39308e-09	-0.0827641
1.39313e-09	-0.0826759
1.39317e-09	-0.0825879
1.39322e-09	-0.0824998
1.39327e-09	-0.0824118
1.39331e-09	-0.0823238
1.39336e-09	-0.0822359
1.39341e-09	-0.082148
1.39345e-09	-0.0820601
1.3935e-09	-0.0819723
1.39355e-09	-0.0818845
1.39359e-09	-0.0817968
1.39364e-09	-0.0817091
1.39369e-09	-0.0816214
1.39373e-09	-0.0815338
1.39378e-09	-0.0814462
1.39382e-09	-0.0813587
1.39387e-09	-0.0812712
1.39392e-09	-0.0811837
1.39396e-09	-0.0810963
1.39401e-09	-0.0810089
1.39406e-09	-0.0809215
1.3941e-09	-0.0808342
1.39415e-09	-0.0807469
1.3942e-09	-0.0806597
1.39424e-09	-0.0805724
1.39429e-09	-0.0804853
1.39434e-09	-0.0803981
1.39438e-09	-0.0803111
1.39443e-09	-0.080224
1.39447e-09	-0.080137
1.39452e-09	-0.08005
1.39457e-09	-0.0799631
1.39461e-09	-0.0798762
1.39466e-09	-0.0797893
1.39471e-09	-0.0797025
1.39475e-09	-0.0796157
1.3948e-09	-0.079529
1.39485e-09	-0.0794422
1.39489e-09	-0.0793556
1.39494e-09	-0.0792689
1.39498e-09	-0.0791824
1.39503e-09	-0.0790958
1.39508e-09	-0.0790093
1.39512e-09	-0.0789228
1.39517e-09	-0.0788364
1.39522e-09	-0.07875
1.39526e-09	-0.0786636
1.39531e-09	-0.0785773
1.39536e-09	-0.078491
1.3954e-09	-0.0784047
1.39545e-09	-0.0783185
1.3955e-09	-0.0782324
1.39554e-09	-0.0781462
1.39559e-09	-0.0780602
1.39563e-09	-0.0779741
1.39568e-09	-0.0778881
1.39573e-09	-0.0778021
1.39577e-09	-0.0777162
1.39582e-09	-0.0776303
1.39587e-09	-0.0775444
1.39591e-09	-0.0774586
1.39596e-09	-0.0773728
1.39601e-09	-0.077287
1.39605e-09	-0.0772013
1.3961e-09	-0.0771157
1.39615e-09	-0.07703
1.39619e-09	-0.0769445
1.39624e-09	-0.0768589
1.39628e-09	-0.0767734
1.39633e-09	-0.0766879
1.39638e-09	-0.0766025
1.39642e-09	-0.0765171
1.39647e-09	-0.0764317
1.39652e-09	-0.0763464
1.39656e-09	-0.0762611
1.39661e-09	-0.0761759
1.39666e-09	-0.0760907
1.3967e-09	-0.0760055
1.39675e-09	-0.0759204
1.3968e-09	-0.0758353
1.39684e-09	-0.0757502
1.39689e-09	-0.0756652
1.39693e-09	-0.0755802
1.39698e-09	-0.0754953
1.39703e-09	-0.0754104
1.39707e-09	-0.0753256
1.39712e-09	-0.0752407
1.39717e-09	-0.075156
1.39721e-09	-0.0750712
1.39726e-09	-0.0749865
1.39731e-09	-0.0749019
1.39735e-09	-0.0748172
1.3974e-09	-0.0747327
1.39745e-09	-0.0746481
1.39749e-09	-0.0745636
1.39754e-09	-0.0744791
1.39758e-09	-0.0743947
1.39763e-09	-0.0743103
1.39768e-09	-0.074226
1.39772e-09	-0.0741417
1.39777e-09	-0.0740574
1.39782e-09	-0.0739731
1.39786e-09	-0.0738889
1.39791e-09	-0.0738048
1.39796e-09	-0.0737207
1.398e-09	-0.0736366
1.39805e-09	-0.0735525
1.39809e-09	-0.0734685
1.39814e-09	-0.0733846
1.39819e-09	-0.0733007
1.39823e-09	-0.0732168
1.39828e-09	-0.0731329
1.39833e-09	-0.0730491
1.39837e-09	-0.0729653
1.39842e-09	-0.0728816
1.39847e-09	-0.0727979
1.39851e-09	-0.0727143
1.39856e-09	-0.0726307
1.39861e-09	-0.0725471
1.39865e-09	-0.0724636
1.3987e-09	-0.0723801
1.39874e-09	-0.0722966
1.39879e-09	-0.0722132
1.39884e-09	-0.0721298
1.39888e-09	-0.0720465
1.39893e-09	-0.0719632
1.39898e-09	-0.0718799
1.39902e-09	-0.0717967
1.39907e-09	-0.0717135
1.39912e-09	-0.0716304
1.39916e-09	-0.0715472
1.39921e-09	-0.0714642
1.39926e-09	-0.0713812
1.3993e-09	-0.0712982
1.39935e-09	-0.0712152
1.39939e-09	-0.0711323
1.39944e-09	-0.0710494
1.39949e-09	-0.0709666
1.39953e-09	-0.0708838
1.39958e-09	-0.070801
1.39963e-09	-0.0707183
1.39967e-09	-0.0706357
1.39972e-09	-0.070553
1.39977e-09	-0.0704704
1.39981e-09	-0.0703879
1.39986e-09	-0.0703053
1.39991e-09	-0.0702229
1.39995e-09	-0.0701404
1.4e-09	-0.070058
1.40004e-09	-0.0699757
1.40009e-09	-0.0698933
1.40014e-09	-0.0698111
1.40018e-09	-0.0697288
1.40023e-09	-0.0696466
1.40028e-09	-0.0695644
1.40032e-09	-0.0694823
1.40037e-09	-0.0694002
1.40042e-09	-0.0693182
1.40046e-09	-0.0692362
1.40051e-09	-0.0691542
1.40056e-09	-0.0690723
1.4006e-09	-0.0689904
1.40065e-09	-0.0689085
1.40069e-09	-0.0688267
1.40074e-09	-0.0687449
1.40079e-09	-0.0686632
1.40083e-09	-0.0685815
1.40088e-09	-0.0684998
1.40093e-09	-0.0684182
1.40097e-09	-0.0683366
1.40102e-09	-0.0682551
1.40107e-09	-0.0681736
1.40111e-09	-0.0680921
1.40116e-09	-0.0680107
1.4012e-09	-0.0679293
1.40125e-09	-0.067848
1.4013e-09	-0.0677667
1.40134e-09	-0.0676854
1.40139e-09	-0.0676042
1.40144e-09	-0.067523
1.40148e-09	-0.0674419
1.40153e-09	-0.0673608
1.40158e-09	-0.0672797
1.40162e-09	-0.0671987
1.40167e-09	-0.0671177
1.40172e-09	-0.0670367
1.40176e-09	-0.0669558
1.40181e-09	-0.0668749
1.40185e-09	-0.0667941
1.4019e-09	-0.0667133
1.40195e-09	-0.0666326
1.40199e-09	-0.0665518
1.40204e-09	-0.0664712
1.40209e-09	-0.0663905
1.40213e-09	-0.06631
1.40218e-09	-0.0662294
1.40223e-09	-0.0661489
1.40227e-09	-0.0660684
1.40232e-09	-0.065988
1.40237e-09	-0.0659076
1.40241e-09	-0.0658272
1.40246e-09	-0.0657469
1.4025e-09	-0.0656666
1.40255e-09	-0.0655864
1.4026e-09	-0.0655062
1.40264e-09	-0.065426
1.40269e-09	-0.0653459
1.40274e-09	-0.0652658
1.40278e-09	-0.0651857
1.40283e-09	-0.0651057
1.40288e-09	-0.0650258
1.40292e-09	-0.0649459
1.40297e-09	-0.064866
1.40302e-09	-0.0647861
1.40306e-09	-0.0647063
1.40311e-09	-0.0646265
1.40315e-09	-0.0645468
1.4032e-09	-0.0644671
1.40325e-09	-0.0643875
1.40329e-09	-0.0643079
1.40334e-09	-0.0642283
1.40339e-09	-0.0641488
1.40343e-09	-0.0640693
1.40348e-09	-0.0639898
1.40353e-09	-0.0639104
1.40357e-09	-0.063831
1.40362e-09	-0.0637517
1.40367e-09	-0.0636724
1.40371e-09	-0.0635932
1.40376e-09	-0.0635139
1.4038e-09	-0.0634348
1.40385e-09	-0.0633556
1.4039e-09	-0.0632765
1.40394e-09	-0.0631975
1.40399e-09	-0.0631185
1.40404e-09	-0.0630395
1.40408e-09	-0.0629606
1.40413e-09	-0.0628817
1.40418e-09	-0.0628028
1.40422e-09	-0.062724
1.40427e-09	-0.0626452
1.40431e-09	-0.0625665
1.40436e-09	-0.0624878
1.40441e-09	-0.0624091
1.40445e-09	-0.0623305
1.4045e-09	-0.0622519
1.40455e-09	-0.0621734
1.40459e-09	-0.0620949
1.40464e-09	-0.0620164
1.40469e-09	-0.061938
1.40473e-09	-0.0618596
1.40478e-09	-0.0617812
1.40483e-09	-0.0617029
1.40487e-09	-0.0616247
1.40492e-09	-0.0615465
1.40496e-09	-0.0614683
1.40501e-09	-0.0613901
1.40506e-09	-0.061312
1.4051e-09	-0.061234
1.40515e-09	-0.0611559
1.4052e-09	-0.0610779
1.40524e-09	-0.061
1.40529e-09	-0.0609221
1.40534e-09	-0.0608442
1.40538e-09	-0.0607664
1.40543e-09	-0.0606886
1.40548e-09	-0.0606108
1.40552e-09	-0.0605331
1.40557e-09	-0.0604555
1.40561e-09	-0.0603778
1.40566e-09	-0.0603002
1.40571e-09	-0.0602227
1.40575e-09	-0.0601452
1.4058e-09	-0.0600677
1.40585e-09	-0.0599903
1.40589e-09	-0.0599129
1.40594e-09	-0.0598355
1.40599e-09	-0.0597582
1.40603e-09	-0.059681
1.40608e-09	-0.0596037
1.40613e-09	-0.0595265
1.40617e-09	-0.0594494
1.40622e-09	-0.0593723
1.40626e-09	-0.0592952
1.40631e-09	-0.0592182
1.40636e-09	-0.0591412
1.4064e-09	-0.0590642
1.40645e-09	-0.0589873
1.4065e-09	-0.0589104
1.40654e-09	-0.0588336
1.40659e-09	-0.0587568
1.40664e-09	-0.05868
1.40668e-09	-0.0586033
1.40673e-09	-0.0585266
1.40678e-09	-0.05845
1.40682e-09	-0.0583734
1.40687e-09	-0.0582968
1.40691e-09	-0.0582203
1.40696e-09	-0.0581438
1.40701e-09	-0.0580674
1.40705e-09	-0.057991
1.4071e-09	-0.0579146
1.40715e-09	-0.0578383
1.40719e-09	-0.057762
1.40724e-09	-0.0576858
1.40729e-09	-0.0576096
1.40733e-09	-0.0575335
1.40738e-09	-0.0574573
1.40742e-09	-0.0573812
1.40747e-09	-0.0573052
1.40752e-09	-0.0572292
1.40756e-09	-0.0571532
1.40761e-09	-0.0570773
1.40766e-09	-0.0570014
1.4077e-09	-0.0569256
1.40775e-09	-0.0568498
1.4078e-09	-0.056774
1.40784e-09	-0.0566983
1.40789e-09	-0.0566226
1.40794e-09	-0.056547
1.40798e-09	-0.0564714
1.40803e-09	-0.0563958
1.40807e-09	-0.0563203
1.40812e-09	-0.0562448
1.40817e-09	-0.0561694
1.40821e-09	-0.056094
1.40826e-09	-0.0560186
1.40831e-09	-0.0559433
1.40835e-09	-0.055868
1.4084e-09	-0.0557928
1.40845e-09	-0.0557176
1.40849e-09	-0.0556424
1.40854e-09	-0.0555673
1.40859e-09	-0.0554922
1.40863e-09	-0.0554171
1.40868e-09	-0.0553421
1.40872e-09	-0.0552672
1.40877e-09	-0.0551922
1.40882e-09	-0.0551173
1.40886e-09	-0.0550425
1.40891e-09	-0.0549677
1.40896e-09	-0.0548929
1.409e-09	-0.0548182
1.40905e-09	-0.0547435
1.4091e-09	-0.0546689
1.40914e-09	-0.0545943
1.40919e-09	-0.0545197
1.40924e-09	-0.0544452
1.40928e-09	-0.0543707
1.40933e-09	-0.0542962
1.40937e-09	-0.0542218
1.40942e-09	-0.0541475
1.40947e-09	-0.0540731
1.40951e-09	-0.0539988
1.40956e-09	-0.0539246
1.40961e-09	-0.0538504
1.40965e-09	-0.0537762
1.4097e-09	-0.0537021
1.40975e-09	-0.053628
1.40979e-09	-0.0535539
1.40984e-09	-0.0534799
1.40988e-09	-0.053406
1.40993e-09	-0.053332
1.40998e-09	-0.0532582
1.41002e-09	-0.0531843
1.41007e-09	-0.0531105
1.41012e-09	-0.0530367
1.41016e-09	-0.052963
1.41021e-09	-0.0528893
1.41026e-09	-0.0528157
1.4103e-09	-0.052742
1.41035e-09	-0.0526685
1.4104e-09	-0.0525949
1.41044e-09	-0.0525214
1.41049e-09	-0.052448
1.41053e-09	-0.0523746
1.41058e-09	-0.0523012
1.41063e-09	-0.0522279
1.41067e-09	-0.0521546
1.41072e-09	-0.0520813
1.41077e-09	-0.0520081
1.41081e-09	-0.051935
1.41086e-09	-0.0518618
1.41091e-09	-0.0517887
1.41095e-09	-0.0517157
1.411e-09	-0.0516427
1.41105e-09	-0.0515697
1.41109e-09	-0.0514968
1.41114e-09	-0.0514239
1.41118e-09	-0.051351
1.41123e-09	-0.0512782
1.41128e-09	-0.0512054
1.41132e-09	-0.0511327
1.41137e-09	-0.05106
1.41142e-09	-0.0509874
1.41146e-09	-0.0509148
1.41151e-09	-0.0508422
1.41156e-09	-0.0507696
1.4116e-09	-0.0506972
1.41165e-09	-0.0506247
1.4117e-09	-0.0505523
1.41174e-09	-0.0504799
1.41179e-09	-0.0504076
1.41183e-09	-0.0503353
1.41188e-09	-0.050263
1.41193e-09	-0.0501908
1.41197e-09	-0.0501186
1.41202e-09	-0.0500465
1.41207e-09	-0.0499744
1.41211e-09	-0.0499024
1.41216e-09	-0.0498304
1.41221e-09	-0.0497584
1.41225e-09	-0.0496864
1.4123e-09	-0.0496146
1.41235e-09	-0.0495427
1.41239e-09	-0.0494709
1.41244e-09	-0.0493991
1.41248e-09	-0.0493274
1.41253e-09	-0.0492557
1.41258e-09	-0.049184
1.41262e-09	-0.0491124
1.41267e-09	-0.0490408
1.41272e-09	-0.0489693
1.41276e-09	-0.0488978
1.41281e-09	-0.0488263
1.41286e-09	-0.0487549
1.4129e-09	-0.0486836
1.41295e-09	-0.0486122
1.41299e-09	-0.0485409
1.41304e-09	-0.0484697
1.41309e-09	-0.0483985
1.41313e-09	-0.0483273
1.41318e-09	-0.0482561
1.41323e-09	-0.0481851
1.41327e-09	-0.048114
1.41332e-09	-0.048043
1.41337e-09	-0.047972
1.41341e-09	-0.0479011
1.41346e-09	-0.0478302
1.41351e-09	-0.0477593
1.41355e-09	-0.0476885
1.4136e-09	-0.0476177
1.41364e-09	-0.047547
1.41369e-09	-0.0474763
1.41374e-09	-0.0474056
1.41378e-09	-0.047335
1.41383e-09	-0.0472644
1.41388e-09	-0.0471939
1.41392e-09	-0.0471234
1.41397e-09	-0.0470529
1.41402e-09	-0.0469825
1.41406e-09	-0.0469122
1.41411e-09	-0.0468418
1.41416e-09	-0.0467715
1.4142e-09	-0.0467013
1.41425e-09	-0.046631
1.41429e-09	-0.0465609
1.41434e-09	-0.0464907
1.41439e-09	-0.0464206
1.41443e-09	-0.0463506
1.41448e-09	-0.0462806
1.41453e-09	-0.0462106
1.41457e-09	-0.0461406
1.41462e-09	-0.0460707
1.41467e-09	-0.0460009
1.41471e-09	-0.0459311
1.41476e-09	-0.0458613
1.41481e-09	-0.0457916
1.41485e-09	-0.0457219
1.4149e-09	-0.0456522
1.41494e-09	-0.0455826
1.41499e-09	-0.045513
1.41504e-09	-0.0454435
1.41508e-09	-0.045374
1.41513e-09	-0.0453045
1.41518e-09	-0.0452351
1.41522e-09	-0.0451657
1.41527e-09	-0.0450964
1.41532e-09	-0.0450271
1.41536e-09	-0.0449578
1.41541e-09	-0.0448886
1.41546e-09	-0.0448194
1.4155e-09	-0.0447503
1.41555e-09	-0.0446812
1.41559e-09	-0.0446121
1.41564e-09	-0.0445431
1.41569e-09	-0.0444741
1.41573e-09	-0.0444052
1.41578e-09	-0.0443363
1.41583e-09	-0.0442674
1.41587e-09	-0.0441986
1.41592e-09	-0.0441298
1.41597e-09	-0.0440611
1.41601e-09	-0.0439924
1.41606e-09	-0.0439237
1.4161e-09	-0.0438551
1.41615e-09	-0.0437865
1.4162e-09	-0.043718
1.41624e-09	-0.0436494
1.41629e-09	-0.043581
1.41634e-09	-0.0435126
1.41638e-09	-0.0434442
1.41643e-09	-0.0433758
1.41648e-09	-0.0433075
1.41652e-09	-0.0432393
1.41657e-09	-0.0431711
1.41662e-09	-0.0431029
1.41666e-09	-0.0430347
1.41671e-09	-0.0429666
1.41675e-09	-0.0428986
1.4168e-09	-0.0428305
1.41685e-09	-0.0427626
1.41689e-09	-0.0426946
1.41694e-09	-0.0426267
1.41699e-09	-0.0425588
1.41703e-09	-0.042491
1.41708e-09	-0.0424232
1.41713e-09	-0.0423555
1.41717e-09	-0.0422878
1.41722e-09	-0.0422201
1.41727e-09	-0.0421525
1.41731e-09	-0.0420849
1.41736e-09	-0.0420174
1.4174e-09	-0.0419499
1.41745e-09	-0.0418824
1.4175e-09	-0.041815
1.41754e-09	-0.0417476
1.41759e-09	-0.0416803
1.41764e-09	-0.0416129
1.41768e-09	-0.0415457
1.41773e-09	-0.0414785
1.41778e-09	-0.0414113
1.41782e-09	-0.0413441
1.41787e-09	-0.041277
1.41792e-09	-0.0412099
1.41796e-09	-0.0411429
1.41801e-09	-0.0410759
1.41805e-09	-0.041009
1.4181e-09	-0.0409421
1.41815e-09	-0.0408752
1.41819e-09	-0.0408084
1.41824e-09	-0.0407416
1.41829e-09	-0.0406748
1.41833e-09	-0.0406081
1.41838e-09	-0.0405415
1.41843e-09	-0.0404748
1.41847e-09	-0.0404082
1.41852e-09	-0.0403417
1.41857e-09	-0.0402752
1.41861e-09	-0.0402087
1.41866e-09	-0.0401423
1.4187e-09	-0.0400759
1.41875e-09	-0.0400096
1.4188e-09	-0.0399432
1.41884e-09	-0.039877
1.41889e-09	-0.0398107
1.41894e-09	-0.0397446
1.41898e-09	-0.0396784
1.41903e-09	-0.0396123
1.41908e-09	-0.0395462
1.41912e-09	-0.0394802
1.41917e-09	-0.0394142
1.41921e-09	-0.0393482
1.41926e-09	-0.0392823
1.41931e-09	-0.0392165
1.41935e-09	-0.0391506
1.4194e-09	-0.0390848
1.41945e-09	-0.0390191
1.41949e-09	-0.0389534
1.41954e-09	-0.0388877
1.41959e-09	-0.0388221
1.41963e-09	-0.0387565
1.41968e-09	-0.0386909
1.41973e-09	-0.0386254
1.41977e-09	-0.0385599
1.41982e-09	-0.0384945
1.41986e-09	-0.0384291
1.41991e-09	-0.0383637
1.41996e-09	-0.0382984
1.42e-09	-0.0382331
1.42005e-09	-0.0381679
1.4201e-09	-0.0381027
1.42014e-09	-0.0380375
1.42019e-09	-0.0379724
1.42024e-09	-0.0379074
1.42028e-09	-0.0378423
1.42033e-09	-0.0377773
1.42038e-09	-0.0377124
1.42042e-09	-0.0376474
1.42047e-09	-0.0375826
1.42051e-09	-0.0375177
1.42056e-09	-0.0374529
1.42061e-09	-0.0373882
1.42065e-09	-0.0373234
1.4207e-09	-0.0372588
1.42075e-09	-0.0371941
1.42079e-09	-0.0371295
1.42084e-09	-0.037065
1.42089e-09	-0.0370004
1.42093e-09	-0.0369359
1.42098e-09	-0.0368715
1.42103e-09	-0.0368071
1.42107e-09	-0.0367427
1.42112e-09	-0.0366784
1.42116e-09	-0.0366141
1.42121e-09	-0.0365499
1.42126e-09	-0.0364857
1.4213e-09	-0.0364215
1.42135e-09	-0.0363574
1.4214e-09	-0.0362933
1.42144e-09	-0.0362293
1.42149e-09	-0.0361653
1.42154e-09	-0.0361013
1.42158e-09	-0.0360374
1.42163e-09	-0.0359735
1.42168e-09	-0.0359096
1.42172e-09	-0.0358458
1.42177e-09	-0.035782
1.42181e-09	-0.0357183
1.42186e-09	-0.0356546
1.42191e-09	-0.035591
1.42195e-09	-0.0355274
1.422e-09	-0.0354638
1.42205e-09	-0.0354003
1.42209e-09	-0.0353368
1.42214e-09	-0.0352733
1.42219e-09	-0.0352099
1.42223e-09	-0.0351465
1.42228e-09	-0.0350832
1.42232e-09	-0.0350199
1.42237e-09	-0.0349567
1.42242e-09	-0.0348934
1.42246e-09	-0.0348303
1.42251e-09	-0.0347671
1.42256e-09	-0.034704
1.4226e-09	-0.034641
1.42265e-09	-0.034578
1.4227e-09	-0.034515
1.42274e-09	-0.034452
1.42279e-09	-0.0343891
1.42284e-09	-0.0343263
1.42288e-09	-0.0342635
1.42293e-09	-0.0342007
1.42297e-09	-0.034138
1.42302e-09	-0.0340753
1.42307e-09	-0.0340126
1.42311e-09	-0.03395
1.42316e-09	-0.0338874
1.42321e-09	-0.0338248
1.42325e-09	-0.0337623
1.4233e-09	-0.0336999
1.42335e-09	-0.0336375
1.42339e-09	-0.0335751
1.42344e-09	-0.0335127
1.42349e-09	-0.0334504
1.42353e-09	-0.0333882
1.42358e-09	-0.0333259
1.42362e-09	-0.0332637
1.42367e-09	-0.0332016
1.42372e-09	-0.0331395
1.42376e-09	-0.0330774
1.42381e-09	-0.0330154
1.42386e-09	-0.0329534
1.4239e-09	-0.0328915
1.42395e-09	-0.0328295
1.424e-09	-0.0327677
1.42404e-09	-0.0327058
1.42409e-09	-0.0326441
1.42414e-09	-0.0325823
1.42418e-09	-0.0325206
1.42423e-09	-0.0324589
1.42427e-09	-0.0323973
1.42432e-09	-0.0323357
1.42437e-09	-0.0322741
1.42441e-09	-0.0322126
1.42446e-09	-0.0321511
1.42451e-09	-0.0320897
1.42455e-09	-0.0320283
1.4246e-09	-0.0319669
1.42465e-09	-0.0319056
1.42469e-09	-0.0318443
1.42474e-09	-0.0317831
1.42478e-09	-0.0317219
1.42483e-09	-0.0316607
1.42488e-09	-0.0315996
1.42492e-09	-0.0315385
1.42497e-09	-0.0314775
1.42502e-09	-0.0314165
1.42506e-09	-0.0313555
1.42511e-09	-0.0312946
1.42516e-09	-0.0312337
1.4252e-09	-0.0311729
1.42525e-09	-0.0311121
1.4253e-09	-0.0310513
1.42534e-09	-0.0309906
1.42539e-09	-0.0309299
1.42543e-09	-0.0308692
1.42548e-09	-0.0308086
1.42553e-09	-0.030748
1.42557e-09	-0.0306875
1.42562e-09	-0.030627
1.42567e-09	-0.0305666
1.42571e-09	-0.0305061
1.42576e-09	-0.0304458
1.42581e-09	-0.0303854
1.42585e-09	-0.0303251
1.4259e-09	-0.0302649
1.42595e-09	-0.0302047
1.42599e-09	-0.0301445
1.42604e-09	-0.0300844
1.42608e-09	-0.0300243
1.42613e-09	-0.0299642
1.42618e-09	-0.0299042
1.42622e-09	-0.0298442
1.42627e-09	-0.0297842
1.42632e-09	-0.0297243
1.42636e-09	-0.0296645
1.42641e-09	-0.0296046
1.42646e-09	-0.0295449
1.4265e-09	-0.0294851
1.42655e-09	-0.0294254
1.4266e-09	-0.0293657
1.42664e-09	-0.0293061
1.42669e-09	-0.0292465
1.42673e-09	-0.029187
1.42678e-09	-0.0291275
1.42683e-09	-0.029068
1.42687e-09	-0.0290086
1.42692e-09	-0.0289492
1.42697e-09	-0.0288898
1.42701e-09	-0.0288305
1.42706e-09	-0.0287712
1.42711e-09	-0.028712
1.42715e-09	-0.0286528
1.4272e-09	-0.0285936
1.42725e-09	-0.0285345
1.42729e-09	-0.0284754
1.42734e-09	-0.0284164
1.42738e-09	-0.0283574
1.42743e-09	-0.0282984
1.42748e-09	-0.0282395
1.42752e-09	-0.0281806
1.42757e-09	-0.0281218
1.42762e-09	-0.0280629
1.42766e-09	-0.0280042
1.42771e-09	-0.0279454
1.42776e-09	-0.0278868
1.4278e-09	-0.0278281
1.42785e-09	-0.0277695
1.42789e-09	-0.0277109
1.42794e-09	-0.0276524
1.42799e-09	-0.0275939
1.42803e-09	-0.0275354
1.42808e-09	-0.027477
1.42813e-09	-0.0274186
1.42817e-09	-0.0273603
1.42822e-09	-0.027302
1.42827e-09	-0.0272438
1.42831e-09	-0.0271855
1.42836e-09	-0.0271273
1.42841e-09	-0.0270692
1.42845e-09	-0.0270111
1.4285e-09	-0.026953
1.42854e-09	-0.026895
1.42859e-09	-0.026837
1.42864e-09	-0.0267791
1.42868e-09	-0.0267212
1.42873e-09	-0.0266633
1.42878e-09	-0.0266055
1.42882e-09	-0.0265477
1.42887e-09	-0.0264899
1.42892e-09	-0.0264322
1.42896e-09	-0.0263745
1.42901e-09	-0.0263169
1.42906e-09	-0.0262593
1.4291e-09	-0.0262017
1.42915e-09	-0.0261442
1.42919e-09	-0.0260867
1.42924e-09	-0.0260293
1.42929e-09	-0.0259719
1.42933e-09	-0.0259145
1.42938e-09	-0.0258572
1.42943e-09	-0.0257999
1.42947e-09	-0.0257427
1.42952e-09	-0.0256855
1.42957e-09	-0.0256283
1.42961e-09	-0.0255712
1.42966e-09	-0.0255141
1.42971e-09	-0.025457
1.42975e-09	-0.0254
1.4298e-09	-0.025343
1.42984e-09	-0.0252861
1.42989e-09	-0.0252292
1.42994e-09	-0.0251723
1.42998e-09	-0.0251155
1.43003e-09	-0.0250587
1.43008e-09	-0.025002
1.43012e-09	-0.0249453
1.43017e-09	-0.0248886
1.43022e-09	-0.024832
1.43026e-09	-0.0247754
1.43031e-09	-0.0247189
1.43036e-09	-0.0246623
1.4304e-09	-0.0246059
1.43045e-09	-0.0245494
1.43049e-09	-0.024493
1.43054e-09	-0.0244367
1.43059e-09	-0.0243804
1.43063e-09	-0.0243241
1.43068e-09	-0.0242679
1.43073e-09	-0.0242117
1.43077e-09	-0.0241555
1.43082e-09	-0.0240994
1.43087e-09	-0.0240433
1.43091e-09	-0.0239872
1.43096e-09	-0.0239312
1.431e-09	-0.0238753
1.43105e-09	-0.0238193
1.4311e-09	-0.0237635
1.43114e-09	-0.0237076
1.43119e-09	-0.0236518
1.43124e-09	-0.023596
1.43128e-09	-0.0235403
1.43133e-09	-0.0234846
1.43138e-09	-0.0234289
1.43142e-09	-0.0233733
1.43147e-09	-0.0233177
1.43152e-09	-0.0232622
1.43156e-09	-0.0232067
1.43161e-09	-0.0231512
1.43165e-09	-0.0230958
1.4317e-09	-0.0230404
1.43175e-09	-0.022985
1.43179e-09	-0.0229297
1.43184e-09	-0.0228745
1.43189e-09	-0.0228192
1.43193e-09	-0.022764
1.43198e-09	-0.0227089
1.43203e-09	-0.0226538
1.43207e-09	-0.0225987
1.43212e-09	-0.0225436
1.43217e-09	-0.0224886
1.43221e-09	-0.0224337
1.43226e-09	-0.0223788
1.4323e-09	-0.0223239
1.43235e-09	-0.022269
1.4324e-09	-0.0222142
1.43244e-09	-0.0221594
1.43249e-09	-0.0221047
1.43254e-09	-0.02205
1.43258e-09	-0.0219954
1.43263e-09	-0.0219407
1.43268e-09	-0.0218862
1.43272e-09	-0.0218316
1.43277e-09	-0.0217771
1.43282e-09	-0.0217226
1.43286e-09	-0.0216682
1.43291e-09	-0.0216138
1.43295e-09	-0.0215595
1.433e-09	-0.0215052
1.43305e-09	-0.0214509
1.43309e-09	-0.0213967
1.43314e-09	-0.0213425
1.43319e-09	-0.0212883
1.43323e-09	-0.0212342
1.43328e-09	-0.0211801
1.43333e-09	-0.0211261
1.43337e-09	-0.0210721
1.43342e-09	-0.0210181
1.43347e-09	-0.0209642
1.43351e-09	-0.0209103
1.43356e-09	-0.0208565
1.4336e-09	-0.0208026
1.43365e-09	-0.0207489
1.4337e-09	-0.0206951
1.43374e-09	-0.0206414
1.43379e-09	-0.0205878
1.43384e-09	-0.0205342
1.43388e-09	-0.0204806
1.43393e-09	-0.020427
1.43398e-09	-0.0203735
1.43402e-09	-0.0203201
1.43407e-09	-0.0202666
1.43411e-09	-0.0202132
1.43416e-09	-0.0201599
1.43421e-09	-0.0201066
1.43425e-09	-0.0200533
1.4343e-09	-0.0200001
1.43435e-09	-0.0199469
1.43439e-09	-0.0198937
1.43444e-09	-0.0198406
1.43449e-09	-0.0197875
1.43453e-09	-0.0197345
1.43458e-09	-0.0196814
1.43463e-09	-0.0196285
1.43467e-09	-0.0195755
1.43472e-09	-0.0195226
1.43476e-09	-0.0194698
1.43481e-09	-0.019417
1.43486e-09	-0.0193642
1.4349e-09	-0.0193115
1.43495e-09	-0.0192588
1.435e-09	-0.0192061
1.43504e-09	-0.0191535
1.43509e-09	-0.0191009
1.43514e-09	-0.0190483
1.43518e-09	-0.0189958
1.43523e-09	-0.0189433
1.43528e-09	-0.0188909
1.43532e-09	-0.0188385
1.43537e-09	-0.0187861
1.43541e-09	-0.0187338
1.43546e-09	-0.0186815
1.43551e-09	-0.0186293
1.43555e-09	-0.0185771
1.4356e-09	-0.0185249
1.43565e-09	-0.0184728
1.43569e-09	-0.0184207
1.43574e-09	-0.0183686
1.43579e-09	-0.0183166
1.43583e-09	-0.0182646
1.43588e-09	-0.0182127
1.43593e-09	-0.0181608
1.43597e-09	-0.0181089
1.43602e-09	-0.0180571
1.43606e-09	-0.0180053
1.43611e-09	-0.0179535
1.43616e-09	-0.0179018
1.4362e-09	-0.0178502
1.43625e-09	-0.0177985
1.4363e-09	-0.0177469
1.43634e-09	-0.0176954
1.43639e-09	-0.0176438
1.43644e-09	-0.0175923
1.43648e-09	-0.0175409
1.43653e-09	-0.0174895
1.43658e-09	-0.0174381
1.43662e-09	-0.0173868
1.43667e-09	-0.0173355
1.43671e-09	-0.0172842
1.43676e-09	-0.017233
1.43681e-09	-0.0171818
1.43685e-09	-0.0171307
1.4369e-09	-0.0170796
1.43695e-09	-0.0170285
1.43699e-09	-0.0169775
1.43704e-09	-0.0169265
1.43709e-09	-0.0168755
1.43713e-09	-0.0168246
1.43718e-09	-0.0167737
1.43722e-09	-0.0167229
1.43727e-09	-0.016672
1.43732e-09	-0.0166213
1.43736e-09	-0.0165705
1.43741e-09	-0.0165199
1.43746e-09	-0.0164692
1.4375e-09	-0.0164186
1.43755e-09	-0.016368
1.4376e-09	-0.0163175
1.43764e-09	-0.016267
1.43769e-09	-0.0162165
1.43774e-09	-0.0161661
1.43778e-09	-0.0161157
1.43783e-09	-0.0160653
1.43787e-09	-0.016015
1.43792e-09	-0.0159647
1.43797e-09	-0.0159145
1.43801e-09	-0.0158643
1.43806e-09	-0.0158141
1.43811e-09	-0.015764
1.43815e-09	-0.0157139
1.4382e-09	-0.0156638
1.43825e-09	-0.0156138
1.43829e-09	-0.0155638
1.43834e-09	-0.0155139
1.43839e-09	-0.015464
1.43843e-09	-0.0154141
1.43848e-09	-0.0153643
1.43852e-09	-0.0153145
1.43857e-09	-0.0152648
1.43862e-09	-0.015215
1.43866e-09	-0.0151654
1.43871e-09	-0.0151157
1.43876e-09	-0.0150661
1.4388e-09	-0.0150166
1.43885e-09	-0.014967
1.4389e-09	-0.0149175
1.43894e-09	-0.0148681
1.43899e-09	-0.0148187
1.43904e-09	-0.0147693
1.43908e-09	-0.01472
1.43913e-09	-0.0146706
1.43917e-09	-0.0146214
1.43922e-09	-0.0145722
1.43927e-09	-0.014523
1.43931e-09	-0.0144738
1.43936e-09	-0.0144247
1.43941e-09	-0.0143756
1.43945e-09	-0.0143266
1.4395e-09	-0.0142776
1.43955e-09	-0.0142286
1.43959e-09	-0.0141797
1.43964e-09	-0.0141308
1.43969e-09	-0.0140819
1.43973e-09	-0.0140331
1.43978e-09	-0.0139843
1.43982e-09	-0.0139356
1.43987e-09	-0.0138869
1.43992e-09	-0.0138382
1.43996e-09	-0.0137896
1.44001e-09	-0.013741
1.44006e-09	-0.0136924
1.4401e-09	-0.0136439
1.44015e-09	-0.0135954
1.4402e-09	-0.013547
1.44024e-09	-0.0134986
1.44029e-09	-0.0134502
1.44033e-09	-0.0134019
1.44038e-09	-0.0133536
1.44043e-09	-0.0133053
1.44047e-09	-0.0132571
1.44052e-09	-0.0132089
1.44057e-09	-0.0131608
1.44061e-09	-0.0131126
1.44066e-09	-0.0130646
1.44071e-09	-0.0130165
1.44075e-09	-0.0129685
1.4408e-09	-0.0129206
1.44085e-09	-0.0128727
1.44089e-09	-0.0128248
1.44094e-09	-0.0127769
1.44098e-09	-0.0127291
1.44103e-09	-0.0126813
1.44108e-09	-0.0126336
1.44112e-09	-0.0125859
1.44117e-09	-0.0125382
1.44122e-09	-0.0124906
1.44126e-09	-0.012443
1.44131e-09	-0.0123954
1.44136e-09	-0.0123479
1.4414e-09	-0.0123004
1.44145e-09	-0.012253
1.4415e-09	-0.0122056
1.44154e-09	-0.0121582
1.44159e-09	-0.0121109
1.44163e-09	-0.0120636
1.44168e-09	-0.0120163
1.44173e-09	-0.0119691
1.44177e-09	-0.0119219
1.44182e-09	-0.0118748
1.44187e-09	-0.0118277
1.44191e-09	-0.0117806
1.44196e-09	-0.0117336
1.44201e-09	-0.0116866
1.44205e-09	-0.0116396
1.4421e-09	-0.0115927
1.44215e-09	-0.0115458
1.44219e-09	-0.0114989
1.44224e-09	-0.0114521
1.44228e-09	-0.0114053
1.44233e-09	-0.0113586
1.44238e-09	-0.0113119
1.44242e-09	-0.0112652
1.44247e-09	-0.0112186
1.44252e-09	-0.011172
1.44256e-09	-0.0111254
1.44261e-09	-0.0110789
1.44266e-09	-0.0110324
1.4427e-09	-0.010986
1.44275e-09	-0.0109396
1.44279e-09	-0.0108932
1.44284e-09	-0.0108469
1.44289e-09	-0.0108006
1.44293e-09	-0.0107543
1.44298e-09	-0.0107081
1.44303e-09	-0.0106619
1.44307e-09	-0.0106157
1.44312e-09	-0.0105696
1.44317e-09	-0.0105235
1.44321e-09	-0.0104775
1.44326e-09	-0.0104315
1.44331e-09	-0.0103855
1.44335e-09	-0.0103396
1.4434e-09	-0.0102937
1.44344e-09	-0.0102478
1.44349e-09	-0.010202
1.44354e-09	-0.0101562
1.44358e-09	-0.0101104
1.44363e-09	-0.0100647
1.44368e-09	-0.0100191
1.44372e-09	-0.00997341
1.44377e-09	-0.0099278
1.44382e-09	-0.00988224
1.44386e-09	-0.0098367
1.44391e-09	-0.00979121
1.44396e-09	-0.00974575
1.444e-09	-0.00970033
1.44405e-09	-0.00965494
1.44409e-09	-0.00960959
1.44414e-09	-0.00956428
1.44419e-09	-0.009519
1.44423e-09	-0.00947376
1.44428e-09	-0.00942856
1.44433e-09	-0.00938339
1.44437e-09	-0.00933826
1.44442e-09	-0.00929316
1.44447e-09	-0.0092481
1.44451e-09	-0.00920308
1.44456e-09	-0.0091581
1.44461e-09	-0.00911315
1.44465e-09	-0.00906823
1.4447e-09	-0.00902336
1.44474e-09	-0.00897852
1.44479e-09	-0.00893371
1.44484e-09	-0.00888894
1.44488e-09	-0.00884421
1.44493e-09	-0.00879952
1.44498e-09	-0.00875486
1.44502e-09	-0.00871024
1.44507e-09	-0.00866565
1.44512e-09	-0.0086211
1.44516e-09	-0.00857659
1.44521e-09	-0.00853211
1.44526e-09	-0.00848767
1.4453e-09	-0.00844326
1.44535e-09	-0.00839889
1.44539e-09	-0.00835456
1.44544e-09	-0.00831026
1.44549e-09	-0.008266
1.44553e-09	-0.00822178
1.44558e-09	-0.00817759
1.44563e-09	-0.00813344
1.44567e-09	-0.00808932
1.44572e-09	-0.00804524
1.44577e-09	-0.0080012
1.44581e-09	-0.00795719
1.44586e-09	-0.00791322
1.4459e-09	-0.00786929
1.44595e-09	-0.00782539
1.446e-09	-0.00778153
1.44604e-09	-0.0077377
1.44609e-09	-0.00769391
1.44614e-09	-0.00765015
1.44618e-09	-0.00760643
1.44623e-09	-0.00756275
1.44628e-09	-0.0075191
1.44632e-09	-0.00747549
1.44637e-09	-0.00743192
1.44642e-09	-0.00738838
1.44646e-09	-0.00734488
1.44651e-09	-0.00730141
1.44655e-09	-0.00725798
1.4466e-09	-0.00721458
1.44665e-09	-0.00717123
1.44669e-09	-0.0071279
1.44674e-09	-0.00708462
1.44679e-09	-0.00704136
1.44683e-09	-0.00699815
1.44688e-09	-0.00695497
1.44693e-09	-0.00691182
1.44697e-09	-0.00686872
1.44702e-09	-0.00682565
1.44707e-09	-0.00678261
1.44711e-09	-0.00673961
1.44716e-09	-0.00669664
1.4472e-09	-0.00665372
1.44725e-09	-0.00661082
1.4473e-09	-0.00656797
1.44734e-09	-0.00652514
1.44739e-09	-0.00648236
1.44744e-09	-0.00643961
1.44748e-09	-0.00639689
1.44753e-09	-0.00635422
1.44758e-09	-0.00631157
1.44762e-09	-0.00626897
1.44767e-09	-0.0062264
1.44772e-09	-0.00618386
1.44776e-09	-0.00614136
1.44781e-09	-0.0060989
1.44785e-09	-0.00605647
1.4479e-09	-0.00601408
1.44795e-09	-0.00597172
1.44799e-09	-0.0059294
1.44804e-09	-0.00588711
1.44809e-09	-0.00584486
1.44813e-09	-0.00580265
1.44818e-09	-0.00576047
1.44823e-09	-0.00571832
1.44827e-09	-0.00567622
1.44832e-09	-0.00563414
1.44837e-09	-0.00559211
1.44841e-09	-0.00555011
1.44846e-09	-0.00550814
1.4485e-09	-0.00546621
1.44855e-09	-0.00542431
1.4486e-09	-0.00538246
1.44864e-09	-0.00534063
1.44869e-09	-0.00529884
1.44874e-09	-0.00525709
1.44878e-09	-0.00521537
1.44883e-09	-0.00517369
1.44888e-09	-0.00513205
1.44892e-09	-0.00509043
1.44897e-09	-0.00504886
1.44901e-09	-0.00500732
1.44906e-09	-0.00496581
1.44911e-09	-0.00492434
1.44915e-09	-0.00488291
1.4492e-09	-0.00484151
1.44925e-09	-0.00480015
1.44929e-09	-0.00475882
1.44934e-09	-0.00471753
1.44939e-09	-0.00467627
1.44943e-09	-0.00463505
1.44948e-09	-0.00459386
1.44953e-09	-0.00455271
1.44957e-09	-0.0045116
1.44962e-09	-0.00447052
1.44966e-09	-0.00442947
1.44971e-09	-0.00438846
1.44976e-09	-0.00434748
1.4498e-09	-0.00430654
1.44985e-09	-0.00426564
1.4499e-09	-0.00422477
1.44994e-09	-0.00418394
1.44999e-09	-0.00414314
1.45004e-09	-0.00410237
1.45008e-09	-0.00406164
1.45013e-09	-0.00402095
1.45018e-09	-0.00398029
1.45022e-09	-0.00393967
1.45027e-09	-0.00389908
1.45031e-09	-0.00385853
1.45036e-09	-0.00381801
1.45041e-09	-0.00377753
1.45045e-09	-0.00373708
1.4505e-09	-0.00369667
1.45055e-09	-0.00365629
1.45059e-09	-0.00361595
1.45064e-09	-0.00357564
1.45069e-09	-0.00353537
1.45073e-09	-0.00349513
1.45078e-09	-0.00345493
1.45083e-09	-0.00341476
1.45087e-09	-0.00337463
1.45092e-09	-0.00333453
1.45096e-09	-0.00329447
1.45101e-09	-0.00325444
1.45106e-09	-0.00321445
1.4511e-09	-0.00317449
1.45115e-09	-0.00313457
1.4512e-09	-0.00309468
1.45124e-09	-0.00305483
1.45129e-09	-0.00301501
1.45134e-09	-0.00297522
1.45138e-09	-0.00293548
1.45143e-09	-0.00289576
1.45148e-09	-0.00285608
1.45152e-09	-0.00281644
1.45157e-09	-0.00277683
1.45161e-09	-0.00273726
1.45166e-09	-0.00269772
1.45171e-09	-0.00265821
1.45175e-09	-0.00261874
1.4518e-09	-0.00257931
1.45185e-09	-0.00253991
1.45189e-09	-0.00250054
1.45194e-09	-0.00246121
1.45199e-09	-0.00242191
1.45203e-09	-0.00238265
1.45208e-09	-0.00234343
1.45212e-09	-0.00230423
1.45217e-09	-0.00226508
1.45222e-09	-0.00222595
1.45226e-09	-0.00218686
1.45231e-09	-0.00214781
1.45236e-09	-0.00210879
1.4524e-09	-0.00206981
1.45245e-09	-0.00203086
1.4525e-09	-0.00199194
1.45254e-09	-0.00195306
1.45259e-09	-0.00191422
1.45264e-09	-0.00187541
1.45268e-09	-0.00183663
1.45273e-09	-0.00179789
1.45277e-09	-0.00175918
1.45282e-09	-0.00172051
1.45287e-09	-0.00168187
1.45291e-09	-0.00164326
1.45296e-09	-0.00160469
1.45301e-09	-0.00156616
1.45305e-09	-0.00152766
1.4531e-09	-0.00148919
1.45315e-09	-0.00145076
1.45319e-09	-0.00141236
1.45324e-09	-0.001374
1.45329e-09	-0.00133567
1.45333e-09	-0.00129738
1.45338e-09	-0.00125912
1.45342e-09	-0.00122089
1.45347e-09	-0.0011827
1.45352e-09	-0.00114454
1.45356e-09	-0.00110642
1.45361e-09	-0.00106833
1.45366e-09	-0.00103028
1.4537e-09	-0.00099226
1.45375e-09	-0.000954275
1.4538e-09	-0.000916324
1.45384e-09	-0.000878408
1.45389e-09	-0.000840525
1.45394e-09	-0.000802677
1.45398e-09	-0.000764863
1.45403e-09	-0.000727084
1.45407e-09	-0.000689338
1.45412e-09	-0.000651627
1.45417e-09	-0.00061395
1.45421e-09	-0.000576307
1.45426e-09	-0.000538699
1.45431e-09	-0.000501124
1.45435e-09	-0.000463584
1.4544e-09	-0.000426078
1.45445e-09	-0.000388606
1.45449e-09	-0.000351168
1.45454e-09	-0.000313764
1.45459e-09	-0.000276394
1.45463e-09	-0.000239059
1.45468e-09	-0.000201757
1.45472e-09	-0.000164489
1.45477e-09	-0.000127256
1.45482e-09	-9.00563e-05
1.45486e-09	-5.28909e-05
1.45491e-09	-1.57594e-05
1.45496e-09	2.1338e-05
1.455e-09	5.84015e-05
1.45505e-09	9.5431e-05
1.4551e-09	0.000132427
1.45514e-09	0.000169388
1.45519e-09	0.000206316
1.45523e-09	0.000243209
1.45528e-09	0.000280069
1.45533e-09	0.000316895
1.45537e-09	0.000353687
1.45542e-09	0.000390445
1.45547e-09	0.00042717
1.45551e-09	0.00046386
1.45556e-09	0.000500517
1.45561e-09	0.000537139
1.45565e-09	0.000573728
1.4557e-09	0.000610283
1.45575e-09	0.000646804
1.45579e-09	0.000683292
1.45584e-09	0.000719746
1.45588e-09	0.000756166
1.45593e-09	0.000792552
1.45598e-09	0.000828904
1.45602e-09	0.000865223
1.45607e-09	0.000901508
1.45612e-09	0.000937759
1.45616e-09	0.000973977
1.45621e-09	0.00101016
1.45626e-09	0.00104631
1.4563e-09	0.00108243
1.45635e-09	0.00111851
1.4564e-09	0.00115456
1.45644e-09	0.00119058
1.45649e-09	0.00122656
1.45653e-09	0.00126251
1.45658e-09	0.00129842
1.45663e-09	0.0013343
1.45667e-09	0.00137015
1.45672e-09	0.00140596
1.45677e-09	0.00144174
1.45681e-09	0.00147749
1.45686e-09	0.00151321
1.45691e-09	0.00154889
1.45695e-09	0.00158453
1.457e-09	0.00162014
1.45705e-09	0.00165572
1.45709e-09	0.00169127
1.45714e-09	0.00172678
1.45718e-09	0.00176226
1.45723e-09	0.00179771
1.45728e-09	0.00183312
1.45732e-09	0.0018685
1.45737e-09	0.00190385
1.45742e-09	0.00193916
1.45746e-09	0.00197444
1.45751e-09	0.00200968
1.45756e-09	0.00204489
1.4576e-09	0.00208007
1.45765e-09	0.00211522
1.45769e-09	0.00215033
1.45774e-09	0.00218541
1.45779e-09	0.00222046
1.45783e-09	0.00225547
1.45788e-09	0.00229045
1.45793e-09	0.00232539
1.45797e-09	0.00236031
1.45802e-09	0.00239519
1.45807e-09	0.00243003
1.45811e-09	0.00246484
1.45816e-09	0.00249962
1.45821e-09	0.00253437
1.45825e-09	0.00256908
1.4583e-09	0.00260377
1.45834e-09	0.00263841
1.45839e-09	0.00267303
1.45844e-09	0.00270761
1.45848e-09	0.00274216
1.45853e-09	0.00277667
1.45858e-09	0.00281115
1.45862e-09	0.0028456
1.45867e-09	0.00288002
1.45872e-09	0.0029144
1.45876e-09	0.00294875
1.45881e-09	0.00298306
1.45886e-09	0.00301735
1.4589e-09	0.0030516
1.45895e-09	0.00308582
1.45899e-09	0.00312
1.45904e-09	0.00315415
1.45909e-09	0.00318827
1.45913e-09	0.00322236
1.45918e-09	0.00325641
1.45923e-09	0.00329043
1.45927e-09	0.00332442
1.45932e-09	0.00335837
1.45937e-09	0.00339229
1.45941e-09	0.00342618
1.45946e-09	0.00346004
1.45951e-09	0.00349386
1.45955e-09	0.00352765
1.4596e-09	0.00356141
1.45964e-09	0.00359513
1.45969e-09	0.00362882
1.45974e-09	0.00366248
1.45978e-09	0.00369611
1.45983e-09	0.0037297
1.45988e-09	0.00376326
1.45992e-09	0.00379679
1.45997e-09	0.00383028
1.46002e-09	0.00386375
1.46006e-09	0.00389717
1.46011e-09	0.00393057
1.46016e-09	0.00396394
1.4602e-09	0.00399727
1.46025e-09	0.00403057
1.46029e-09	0.00406383
1.46034e-09	0.00409707
1.46039e-09	0.00413027
1.46043e-09	0.00416344
1.46048e-09	0.00419657
1.46053e-09	0.00422968
1.46057e-09	0.00426275
1.46062e-09	0.00429579
1.46067e-09	0.00432879
1.46071e-09	0.00436176
1.46076e-09	0.00439471
1.4608e-09	0.00442761
1.46085e-09	0.00446049
1.4609e-09	0.00449333
1.46094e-09	0.00452614
1.46099e-09	0.00455892
1.46104e-09	0.00459167
1.46108e-09	0.00462438
1.46113e-09	0.00465706
1.46118e-09	0.00468971
1.46122e-09	0.00472233
1.46127e-09	0.00475491
1.46132e-09	0.00478747
1.46136e-09	0.00481998
1.46141e-09	0.00485247
1.46145e-09	0.00488493
1.4615e-09	0.00491735
1.46155e-09	0.00494974
1.46159e-09	0.0049821
1.46164e-09	0.00501442
1.46169e-09	0.00504672
1.46173e-09	0.00507898
1.46178e-09	0.00511121
1.46183e-09	0.0051434
1.46187e-09	0.00517557
1.46192e-09	0.0052077
1.46197e-09	0.0052398
1.46201e-09	0.00527187
1.46206e-09	0.0053039
1.4621e-09	0.00533591
1.46215e-09	0.00536788
1.4622e-09	0.00539982
1.46224e-09	0.00543173
1.46229e-09	0.0054636
1.46234e-09	0.00549544
1.46238e-09	0.00552725
1.46243e-09	0.00555903
1.46248e-09	0.00559078
1.46252e-09	0.0056225
1.46257e-09	0.00565418
1.46262e-09	0.00568583
1.46266e-09	0.00571745
1.46271e-09	0.00574904
1.46275e-09	0.00578059
1.4628e-09	0.00581211
1.46285e-09	0.0058436
1.46289e-09	0.00587506
1.46294e-09	0.00590649
1.46299e-09	0.00593789
1.46303e-09	0.00596925
1.46308e-09	0.00600058
1.46313e-09	0.00603188
1.46317e-09	0.00606315
1.46322e-09	0.00609438
1.46327e-09	0.00612559
1.46331e-09	0.00615676
1.46336e-09	0.0061879
1.4634e-09	0.00621901
1.46345e-09	0.00625009
1.4635e-09	0.00628113
1.46354e-09	0.00631215
1.46359e-09	0.00634313
1.46364e-09	0.00637408
1.46368e-09	0.006405
1.46373e-09	0.00643588
1.46378e-09	0.00646674
1.46382e-09	0.00649756
1.46387e-09	0.00652835
1.46391e-09	0.00655911
1.46396e-09	0.00658984
1.46401e-09	0.00662054
1.46405e-09	0.0066512
1.4641e-09	0.00668184
1.46415e-09	0.00671244
1.46419e-09	0.00674301
1.46424e-09	0.00677355
1.46429e-09	0.00680405
1.46433e-09	0.00683453
1.46438e-09	0.00686497
1.46443e-09	0.00689539
1.46447e-09	0.00692577
1.46452e-09	0.00695612
1.46456e-09	0.00698644
1.46461e-09	0.00701672
1.46466e-09	0.00704698
1.4647e-09	0.0070772
1.46475e-09	0.00710739
1.4648e-09	0.00713756
1.46484e-09	0.00716768
1.46489e-09	0.00719778
1.46494e-09	0.00722785
1.46498e-09	0.00725789
1.46503e-09	0.00728789
1.46508e-09	0.00731786
1.46512e-09	0.0073478
1.46517e-09	0.00737771
1.46521e-09	0.00740759
1.46526e-09	0.00743744
1.46531e-09	0.00746726
1.46535e-09	0.00749704
1.4654e-09	0.0075268
1.46545e-09	0.00755652
1.46549e-09	0.00758621
1.46554e-09	0.00761587
1.46559e-09	0.0076455
1.46563e-09	0.0076751
1.46568e-09	0.00770466
1.46573e-09	0.0077342
1.46577e-09	0.00776371
1.46582e-09	0.00779318
1.46586e-09	0.00782262
1.46591e-09	0.00785203
1.46596e-09	0.00788141
1.466e-09	0.00791076
1.46605e-09	0.00794008
1.4661e-09	0.00796937
1.46614e-09	0.00799862
1.46619e-09	0.00802785
1.46624e-09	0.00805704
1.46628e-09	0.0080862
1.46633e-09	0.00811534
1.46638e-09	0.00814444
1.46642e-09	0.00817351
1.46647e-09	0.00820255
1.46651e-09	0.00823155
1.46656e-09	0.00826053
1.46661e-09	0.00828948
1.46665e-09	0.00831839
1.4667e-09	0.00834728
1.46675e-09	0.00837613
1.46679e-09	0.00840495
1.46684e-09	0.00843375
1.46689e-09	0.00846251
1.46693e-09	0.00849124
1.46698e-09	0.00851994
1.46702e-09	0.00854861
1.46707e-09	0.00857724
1.46712e-09	0.00860585
1.46716e-09	0.00863443
1.46721e-09	0.00866297
1.46726e-09	0.00869149
1.4673e-09	0.00871997
1.46735e-09	0.00874843
1.4674e-09	0.00877685
1.46744e-09	0.00880524
1.46749e-09	0.0088336
1.46754e-09	0.00886193
1.46758e-09	0.00889023
1.46763e-09	0.0089185
1.46767e-09	0.00894674
1.46772e-09	0.00897495
1.46777e-09	0.00900313
1.46781e-09	0.00903128
1.46786e-09	0.00905939
1.46791e-09	0.00908748
1.46795e-09	0.00911554
1.468e-09	0.00914356
1.46805e-09	0.00917156
1.46809e-09	0.00919952
1.46814e-09	0.00922745
1.46819e-09	0.00925536
1.46823e-09	0.00928323
1.46828e-09	0.00931107
1.46832e-09	0.00933889
1.46837e-09	0.00936667
1.46842e-09	0.00939442
1.46846e-09	0.00942214
1.46851e-09	0.00944983
1.46856e-09	0.00947749
1.4686e-09	0.00950512
1.46865e-09	0.00953272
1.4687e-09	0.00956029
1.46874e-09	0.00958783
1.46879e-09	0.00961534
1.46884e-09	0.00964282
1.46888e-09	0.00967026
1.46893e-09	0.00969768
1.46897e-09	0.00972507
1.46902e-09	0.00975243
1.46907e-09	0.00977976
1.46911e-09	0.00980705
1.46916e-09	0.00983432
1.46921e-09	0.00986156
1.46925e-09	0.00988876
1.4693e-09	0.00991594
1.46935e-09	0.00994309
1.46939e-09	0.0099702
1.46944e-09	0.00999729
1.46949e-09	0.0100243
1.46953e-09	0.0100514
1.46958e-09	0.0100784
1.46962e-09	0.0101053
1.46967e-09	0.0101323
1.46972e-09	0.0101592
1.46976e-09	0.010186
1.46981e-09	0.0102129
1.46986e-09	0.0102397
1.4699e-09	0.0102665
1.46995e-09	0.0102933
1.47e-09	0.01032
1.47004e-09	0.0103467
1.47009e-09	0.0103733
1.47013e-09	0.0104
1.47018e-09	0.0104266
1.47023e-09	0.0104532
1.47027e-09	0.0104797
1.47032e-09	0.0105062
1.47037e-09	0.0105327
1.47041e-09	0.0105592
1.47046e-09	0.0105856
1.47051e-09	0.010612
1.47055e-09	0.0106384
1.4706e-09	0.0106647
1.47065e-09	0.010691
1.47069e-09	0.0107173
1.47074e-09	0.0107435
1.47078e-09	0.0107698
1.47083e-09	0.0107959
1.47088e-09	0.0108221
1.47092e-09	0.0108482
1.47097e-09	0.0108743
1.47102e-09	0.0109004
1.47106e-09	0.0109264
1.47111e-09	0.0109525
1.47116e-09	0.0109784
1.4712e-09	0.0110044
1.47125e-09	0.0110303
1.4713e-09	0.0110562
1.47134e-09	0.0110821
1.47139e-09	0.0111079
1.47143e-09	0.0111337
1.47148e-09	0.0111595
1.47153e-09	0.0111852
1.47157e-09	0.0112109
1.47162e-09	0.0112366
1.47167e-09	0.0112623
1.47171e-09	0.0112879
1.47176e-09	0.0113135
1.47181e-09	0.0113391
1.47185e-09	0.0113646
1.4719e-09	0.0113901
1.47195e-09	0.0114156
1.47199e-09	0.0114411
1.47204e-09	0.0114665
1.47208e-09	0.0114919
1.47213e-09	0.0115172
1.47218e-09	0.0115426
1.47222e-09	0.0115679
1.47227e-09	0.0115932
1.47232e-09	0.0116184
1.47236e-09	0.0116436
1.47241e-09	0.0116688
1.47246e-09	0.011694
1.4725e-09	0.0117191
1.47255e-09	0.0117442
1.4726e-09	0.0117693
1.47264e-09	0.0117943
1.47269e-09	0.0118193
1.47273e-09	0.0118443
1.47278e-09	0.0118693
1.47283e-09	0.0118942
1.47287e-09	0.0119191
1.47292e-09	0.011944
1.47297e-09	0.0119688
1.47301e-09	0.0119936
1.47306e-09	0.0120184
1.47311e-09	0.0120431
1.47315e-09	0.0120679
1.4732e-09	0.0120925
1.47324e-09	0.0121172
1.47329e-09	0.0121418
1.47334e-09	0.0121665
1.47338e-09	0.012191
1.47343e-09	0.0122156
1.47348e-09	0.0122401
1.47352e-09	0.0122646
1.47357e-09	0.012289
1.47362e-09	0.0123135
1.47366e-09	0.0123379
1.47371e-09	0.0123623
1.47376e-09	0.0123866
1.4738e-09	0.0124109
1.47385e-09	0.0124352
1.47389e-09	0.0124595
1.47394e-09	0.0124837
1.47399e-09	0.0125079
1.47403e-09	0.0125321
1.47408e-09	0.0125562
1.47413e-09	0.0125803
1.47417e-09	0.0126044
1.47422e-09	0.0126285
1.47427e-09	0.0126525
1.47431e-09	0.0126765
1.47436e-09	0.0127005
1.47441e-09	0.0127244
1.47445e-09	0.0127483
1.4745e-09	0.0127722
1.47454e-09	0.0127961
1.47459e-09	0.0128199
1.47464e-09	0.0128437
1.47468e-09	0.0128675
1.47473e-09	0.0128912
1.47478e-09	0.0129149
1.47482e-09	0.0129386
1.47487e-09	0.0129623
1.47492e-09	0.0129859
1.47496e-09	0.0130095
1.47501e-09	0.0130331
1.47506e-09	0.0130566
1.4751e-09	0.0130801
1.47515e-09	0.0131036
1.47519e-09	0.0131271
1.47524e-09	0.0131505
1.47529e-09	0.0131739
1.47533e-09	0.0131973
1.47538e-09	0.0132206
1.47543e-09	0.013244
1.47547e-09	0.0132672
1.47552e-09	0.0132905
1.47557e-09	0.0133137
1.47561e-09	0.0133369
1.47566e-09	0.0133601
1.4757e-09	0.0133833
1.47575e-09	0.0134064
1.4758e-09	0.0134295
1.47584e-09	0.0134525
1.47589e-09	0.0134756
1.47594e-09	0.0134986
1.47598e-09	0.0135216
1.47603e-09	0.0135445
1.47608e-09	0.0135674
1.47612e-09	0.0135903
1.47617e-09	0.0136132
1.47622e-09	0.013636
1.47626e-09	0.0136588
1.47631e-09	0.0136816
1.47635e-09	0.0137044
1.4764e-09	0.0137271
1.47645e-09	0.0137498
1.47649e-09	0.0137724
1.47654e-09	0.0137951
1.47659e-09	0.0138177
1.47663e-09	0.0138403
1.47668e-09	0.0138628
1.47673e-09	0.0138854
1.47677e-09	0.0139079
1.47682e-09	0.0139303
1.47687e-09	0.0139528
1.47691e-09	0.0139752
1.47696e-09	0.0139976
1.477e-09	0.01402
1.47705e-09	0.0140423
1.4771e-09	0.0140646
1.47714e-09	0.0140869
1.47719e-09	0.0141091
1.47724e-09	0.0141313
1.47728e-09	0.0141535
1.47733e-09	0.0141757
1.47738e-09	0.0141978
1.47742e-09	0.0142199
1.47747e-09	0.014242
1.47752e-09	0.0142641
1.47756e-09	0.0142861
1.47761e-09	0.0143081
1.47765e-09	0.0143301
1.4777e-09	0.014352
1.47775e-09	0.0143739
1.47779e-09	0.0143958
1.47784e-09	0.0144177
1.47789e-09	0.0144395
1.47793e-09	0.0144613
1.47798e-09	0.0144831
1.47803e-09	0.0145049
1.47807e-09	0.0145266
1.47812e-09	0.0145483
1.47817e-09	0.01457
1.47821e-09	0.0145916
1.47826e-09	0.0146132
1.4783e-09	0.0146348
1.47835e-09	0.0146564
1.4784e-09	0.0146779
1.47844e-09	0.0146994
1.47849e-09	0.0147209
1.47854e-09	0.0147423
1.47858e-09	0.0147637
1.47863e-09	0.0147851
1.47868e-09	0.0148065
1.47872e-09	0.0148278
1.47877e-09	0.0148491
1.47881e-09	0.0148704
1.47886e-09	0.0148917
1.47891e-09	0.0149129
1.47895e-09	0.0149341
1.479e-09	0.0149553
1.47905e-09	0.0149764
1.47909e-09	0.0149976
1.47914e-09	0.0150187
1.47919e-09	0.0150397
1.47923e-09	0.0150608
1.47928e-09	0.0150818
1.47933e-09	0.0151028
1.47937e-09	0.0151237
1.47942e-09	0.0151446
1.47946e-09	0.0151655
1.47951e-09	0.0151864
1.47956e-09	0.0152073
1.4796e-09	0.0152281
1.47965e-09	0.0152489
1.4797e-09	0.0152697
1.47974e-09	0.0152904
1.47979e-09	0.0153111
1.47984e-09	0.0153318
1.47988e-09	0.0153525
1.47993e-09	0.0153731
1.47998e-09	0.0153937
1.48002e-09	0.0154143
1.48007e-09	0.0154348
1.48011e-09	0.0154554
1.48016e-09	0.0154758
1.48021e-09	0.0154963
1.48025e-09	0.0155168
1.4803e-09	0.0155372
1.48035e-09	0.0155576
1.48039e-09	0.0155779
1.48044e-09	0.0155983
1.48049e-09	0.0156186
1.48053e-09	0.0156389
1.48058e-09	0.0156591
1.48063e-09	0.0156793
1.48067e-09	0.0156995
1.48072e-09	0.0157197
1.48076e-09	0.0157399
1.48081e-09	0.01576
1.48086e-09	0.0157801
1.4809e-09	0.0158002
1.48095e-09	0.0158202
1.481e-09	0.0158402
1.48104e-09	0.0158602
1.48109e-09	0.0158802
1.48114e-09	0.0159001
1.48118e-09	0.01592
1.48123e-09	0.0159399
1.48128e-09	0.0159597
1.48132e-09	0.0159796
1.48137e-09	0.0159994
1.48141e-09	0.0160192
1.48146e-09	0.0160389
1.48151e-09	0.0160586
1.48155e-09	0.0160783
1.4816e-09	0.016098
1.48165e-09	0.0161176
1.48169e-09	0.0161373
1.48174e-09	0.0161568
1.48179e-09	0.0161764
1.48183e-09	0.0161959
1.48188e-09	0.0162155
1.48192e-09	0.0162349
1.48197e-09	0.0162544
1.48202e-09	0.0162738
1.48206e-09	0.0162932
1.48211e-09	0.0163126
1.48216e-09	0.016332
1.4822e-09	0.0163513
1.48225e-09	0.0163706
1.4823e-09	0.0163899
1.48234e-09	0.0164091
1.48239e-09	0.0164283
1.48244e-09	0.0164475
1.48248e-09	0.0164667
1.48253e-09	0.0164858
1.48257e-09	0.016505
1.48262e-09	0.016524
1.48267e-09	0.0165431
1.48271e-09	0.0165622
1.48276e-09	0.0165812
1.48281e-09	0.0166001
1.48285e-09	0.0166191
1.4829e-09	0.016638
1.48295e-09	0.0166569
1.48299e-09	0.0166758
1.48304e-09	0.0166947
1.48309e-09	0.0167135
1.48313e-09	0.0167323
1.48318e-09	0.0167511
1.48322e-09	0.0167698
1.48327e-09	0.0167886
1.48332e-09	0.0168073
1.48336e-09	0.0168259
1.48341e-09	0.0168446
1.48346e-09	0.0168632
1.4835e-09	0.0168818
1.48355e-09	0.0169004
1.4836e-09	0.0169189
1.48364e-09	0.0169374
1.48369e-09	0.0169559
1.48374e-09	0.0169744
1.48378e-09	0.0169928
1.48383e-09	0.0170112
1.48387e-09	0.0170296
1.48392e-09	0.017048
1.48397e-09	0.0170663
1.48401e-09	0.0170846
1.48406e-09	0.0171029
1.48411e-09	0.0171212
1.48415e-09	0.0171394
1.4842e-09	0.0171576
1.48425e-09	0.0171758
1.48429e-09	0.017194
1.48434e-09	0.0172121
1.48439e-09	0.0172302
1.48443e-09	0.0172483
1.48448e-09	0.0172663
1.48452e-09	0.0172844
1.48457e-09	0.0173024
1.48462e-09	0.0173204
1.48466e-09	0.0173383
1.48471e-09	0.0173562
1.48476e-09	0.0173741
1.4848e-09	0.017392
1.48485e-09	0.0174099
1.4849e-09	0.0174277
1.48494e-09	0.0174455
1.48499e-09	0.0174633
1.48503e-09	0.017481
1.48508e-09	0.0174987
1.48513e-09	0.0175164
1.48517e-09	0.0175341
1.48522e-09	0.0175517
1.48527e-09	0.0175694
1.48531e-09	0.017587
1.48536e-09	0.0176045
1.48541e-09	0.0176221
1.48545e-09	0.0176396
1.4855e-09	0.0176571
1.48555e-09	0.0176746
1.48559e-09	0.017692
1.48564e-09	0.0177094
1.48568e-09	0.0177268
1.48573e-09	0.0177442
1.48578e-09	0.0177615
1.48582e-09	0.0177788
1.48587e-09	0.0177961
1.48592e-09	0.0178134
1.48596e-09	0.0178306
1.48601e-09	0.0178479
1.48606e-09	0.017865
1.4861e-09	0.0178822
1.48615e-09	0.0178993
1.4862e-09	0.0179165
1.48624e-09	0.0179336
1.48629e-09	0.0179506
1.48633e-09	0.0179677
1.48638e-09	0.0179847
1.48643e-09	0.0180017
1.48647e-09	0.0180186
1.48652e-09	0.0180356
1.48657e-09	0.0180525
1.48661e-09	0.0180694
1.48666e-09	0.0180862
1.48671e-09	0.0181031
1.48675e-09	0.0181199
1.4868e-09	0.0181367
1.48685e-09	0.0181535
1.48689e-09	0.0181702
1.48694e-09	0.0181869
1.48698e-09	0.0182036
1.48703e-09	0.0182203
1.48708e-09	0.0182369
1.48712e-09	0.0182535
1.48717e-09	0.0182701
1.48722e-09	0.0182867
1.48726e-09	0.0183032
1.48731e-09	0.0183198
1.48736e-09	0.0183362
1.4874e-09	0.0183527
1.48745e-09	0.0183692
1.4875e-09	0.0183856
1.48754e-09	0.018402
1.48759e-09	0.0184183
1.48763e-09	0.0184347
1.48768e-09	0.018451
1.48773e-09	0.0184673
1.48777e-09	0.0184836
1.48782e-09	0.0184998
1.48787e-09	0.018516
1.48791e-09	0.0185322
1.48796e-09	0.0185484
1.48801e-09	0.0185646
1.48805e-09	0.0185807
1.4881e-09	0.0185968
1.48814e-09	0.0186129
1.48819e-09	0.0186289
1.48824e-09	0.0186449
1.48828e-09	0.0186609
1.48833e-09	0.0186769
1.48838e-09	0.0186929
1.48842e-09	0.0187088
1.48847e-09	0.0187247
1.48852e-09	0.0187406
1.48856e-09	0.0187564
1.48861e-09	0.0187723
1.48866e-09	0.0187881
1.4887e-09	0.0188038
1.48875e-09	0.0188196
1.48879e-09	0.0188353
1.48884e-09	0.018851
1.48889e-09	0.0188667
1.48893e-09	0.0188824
1.48898e-09	0.018898
1.48903e-09	0.0189136
1.48907e-09	0.0189292
1.48912e-09	0.0189448
1.48917e-09	0.0189603
1.48921e-09	0.0189758
1.48926e-09	0.0189913
1.48931e-09	0.0190068
1.48935e-09	0.0190222
1.4894e-09	0.0190377
1.48944e-09	0.0190531
1.48949e-09	0.0190684
1.48954e-09	0.0190838
1.48958e-09	0.0190991
1.48963e-09	0.0191144
1.48968e-09	0.0191297
1.48972e-09	0.0191449
1.48977e-09	0.0191601
1.48982e-09	0.0191753
1.48986e-09	0.0191905
1.48991e-09	0.0192057
1.48996e-09	0.0192208
1.49e-09	0.0192359
1.49005e-09	0.019251
1.49009e-09	0.0192661
1.49014e-09	0.0192811
1.49019e-09	0.0192961
1.49023e-09	0.0193111
1.49028e-09	0.019326
1.49033e-09	0.019341
1.49037e-09	0.0193559
1.49042e-09	0.0193708
1.49047e-09	0.0193857
1.49051e-09	0.0194005
1.49056e-09	0.0194153
1.4906e-09	0.0194301
1.49065e-09	0.0194449
1.4907e-09	0.0194596
1.49074e-09	0.0194744
1.49079e-09	0.0194891
1.49084e-09	0.0195037
1.49088e-09	0.0195184
1.49093e-09	0.019533
1.49098e-09	0.0195476
1.49102e-09	0.0195622
1.49107e-09	0.0195768
1.49112e-09	0.0195913
1.49116e-09	0.0196058
1.49121e-09	0.0196203
1.49125e-09	0.0196348
1.4913e-09	0.0196492
1.49135e-09	0.0196636
1.49139e-09	0.019678
1.49144e-09	0.0196924
1.49149e-09	0.0197068
1.49153e-09	0.0197211
1.49158e-09	0.0197354
1.49163e-09	0.0197497
1.49167e-09	0.0197639
1.49172e-09	0.0197781
1.49177e-09	0.0197923
1.49181e-09	0.0198065
1.49186e-09	0.0198207
1.4919e-09	0.0198348
1.49195e-09	0.0198489
1.492e-09	0.019863
1.49204e-09	0.0198771
1.49209e-09	0.0198911
1.49214e-09	0.0199052
1.49218e-09	0.0199192
1.49223e-09	0.0199331
1.49228e-09	0.0199471
1.49232e-09	0.019961
1.49237e-09	0.0199749
1.49242e-09	0.0199888
1.49246e-09	0.0200027
1.49251e-09	0.0200165
1.49255e-09	0.0200303
1.4926e-09	0.0200441
1.49265e-09	0.0200578
1.49269e-09	0.0200716
1.49274e-09	0.0200853
1.49279e-09	0.020099
1.49283e-09	0.0201127
1.49288e-09	0.0201263
1.49293e-09	0.02014
1.49297e-09	0.0201536
1.49302e-09	0.0201671
1.49307e-09	0.0201807
1.49311e-09	0.0201942
1.49316e-09	0.0202077
1.4932e-09	0.0202212
1.49325e-09	0.0202347
1.4933e-09	0.0202481
1.49334e-09	0.0202616
1.49339e-09	0.020275
1.49344e-09	0.0202883
1.49348e-09	0.0203017
1.49353e-09	0.020315
1.49358e-09	0.0203283
1.49362e-09	0.0203416
1.49367e-09	0.0203549
1.49371e-09	0.0203681
1.49376e-09	0.0203813
1.49381e-09	0.0203945
1.49385e-09	0.0204077
1.4939e-09	0.0204208
1.49395e-09	0.0204339
1.49399e-09	0.020447
1.49404e-09	0.0204601
1.49409e-09	0.0204732
1.49413e-09	0.0204862
1.49418e-09	0.0204992
1.49423e-09	0.0205122
1.49427e-09	0.0205252
1.49432e-09	0.0205381
1.49436e-09	0.020551
1.49441e-09	0.0205639
1.49446e-09	0.0205768
1.4945e-09	0.0205897
1.49455e-09	0.0206025
1.4946e-09	0.0206153
1.49464e-09	0.0206281
1.49469e-09	0.0206408
1.49474e-09	0.0206536
1.49478e-09	0.0206663
1.49483e-09	0.020679
1.49488e-09	0.0206917
1.49492e-09	0.0207043
1.49497e-09	0.0207169
1.49501e-09	0.0207295
1.49506e-09	0.0207421
1.49511e-09	0.0207547
1.49515e-09	0.0207672
1.4952e-09	0.0207797
1.49525e-09	0.0207922
1.49529e-09	0.0208047
1.49534e-09	0.0208171
1.49539e-09	0.0208296
1.49543e-09	0.020842
1.49548e-09	0.0208544
1.49553e-09	0.0208667
1.49557e-09	0.020879
1.49562e-09	0.0208914
1.49566e-09	0.0209037
1.49571e-09	0.0209159
1.49576e-09	0.0209282
1.4958e-09	0.0209404
1.49585e-09	0.0209526
1.4959e-09	0.0209648
1.49594e-09	0.0209769
1.49599e-09	0.0209891
1.49604e-09	0.0210012
1.49608e-09	0.0210133
1.49613e-09	0.0210254
1.49618e-09	0.0210374
1.49622e-09	0.0210494
1.49627e-09	0.0210614
1.49631e-09	0.0210734
1.49636e-09	0.0210854
1.49641e-09	0.0210973
1.49645e-09	0.0211092
1.4965e-09	0.0211211
1.49655e-09	0.021133
1.49659e-09	0.0211449
1.49664e-09	0.0211567
1.49669e-09	0.0211685
1.49673e-09	0.0211803
1.49678e-09	0.021192
1.49682e-09	0.0212038
1.49687e-09	0.0212155
1.49692e-09	0.0212272
1.49696e-09	0.0212389
1.49701e-09	0.0212505
1.49706e-09	0.0212622
1.4971e-09	0.0212738
1.49715e-09	0.0212854
1.4972e-09	0.0212969
1.49724e-09	0.0213085
1.49729e-09	0.02132
1.49734e-09	0.0213315
1.49738e-09	0.021343
1.49743e-09	0.0213544
1.49747e-09	0.0213659
1.49752e-09	0.0213773
1.49757e-09	0.0213887
1.49761e-09	0.0214001
1.49766e-09	0.0214114
1.49771e-09	0.0214228
1.49775e-09	0.0214341
1.4978e-09	0.0214453
1.49785e-09	0.0214566
1.49789e-09	0.0214679
1.49794e-09	0.0214791
1.49799e-09	0.0214903
1.49803e-09	0.0215015
1.49808e-09	0.0215126
1.49812e-09	0.0215237
1.49817e-09	0.0215349
1.49822e-09	0.021546
1.49826e-09	0.021557
1.49831e-09	0.0215681
1.49836e-09	0.0215791
1.4984e-09	0.0215901
1.49845e-09	0.0216011
1.4985e-09	0.0216121
1.49854e-09	0.021623
1.49859e-09	0.0216339
1.49864e-09	0.0216448
1.49868e-09	0.0216557
1.49873e-09	0.0216666
1.49877e-09	0.0216774
1.49882e-09	0.0216882
1.49887e-09	0.021699
1.49891e-09	0.0217098
1.49896e-09	0.0217205
1.49901e-09	0.0217313
1.49905e-09	0.021742
1.4991e-09	0.0217527
1.49915e-09	0.0217633
1.49919e-09	0.021774
1.49924e-09	0.0217846
1.49929e-09	0.0217952
1.49933e-09	0.0218058
1.49938e-09	0.0218164
1.49942e-09	0.0218269
1.49947e-09	0.0218374
1.49952e-09	0.0218479
1.49956e-09	0.0218584
1.49961e-09	0.0218688
1.49966e-09	0.0218793
1.4997e-09	0.0218897
1.49975e-09	0.0219001
1.4998e-09	0.0219105
1.49984e-09	0.0219208
1.49989e-09	0.0219311
1.49993e-09	0.0219415
1.49998e-09	0.0219517
1.50003e-09	0.021962
1.50007e-09	0.0219723
1.50012e-09	0.0219825
1.50017e-09	0.0219927
1.50021e-09	0.0220029
1.50026e-09	0.022013
1.50031e-09	0.0220232
1.50035e-09	0.0220333
1.5004e-09	0.0220434
1.50045e-09	0.0220535
1.50049e-09	0.0220636
1.50054e-09	0.0220736
1.50058e-09	0.0220836
1.50063e-09	0.0220936
1.50068e-09	0.0221036
1.50072e-09	0.0221135
1.50077e-09	0.0221235
1.50082e-09	0.0221334
1.50086e-09	0.0221433
1.50091e-09	0.0221532
1.50096e-09	0.022163
1.501e-09	0.0221728
1.50105e-09	0.0221827
1.5011e-09	0.0221925
1.50114e-09	0.0222022
1.50119e-09	0.022212
1.50123e-09	0.0222217
1.50128e-09	0.0222314
1.50133e-09	0.0222411
1.50137e-09	0.0222508
1.50142e-09	0.0222604
1.50147e-09	0.0222701
1.50151e-09	0.0222797
1.50156e-09	0.0222892
1.50161e-09	0.0222988
1.50165e-09	0.0223084
1.5017e-09	0.0223179
1.50175e-09	0.0223274
1.50179e-09	0.0223369
1.50184e-09	0.0223463
1.50188e-09	0.0223558
1.50193e-09	0.0223652
1.50198e-09	0.0223746
1.50202e-09	0.022384
1.50207e-09	0.0223934
1.50212e-09	0.0224027
1.50216e-09	0.022412
1.50221e-09	0.0224213
1.50226e-09	0.0224306
1.5023e-09	0.0224399
1.50235e-09	0.0224491
1.5024e-09	0.0224583
1.50244e-09	0.0224675
1.50249e-09	0.0224767
1.50253e-09	0.0224859
1.50258e-09	0.022495
1.50263e-09	0.0225042
1.50267e-09	0.0225133
1.50272e-09	0.0225223
1.50277e-09	0.0225314
1.50281e-09	0.0225404
1.50286e-09	0.0225495
1.50291e-09	0.0225585
1.50295e-09	0.0225674
1.503e-09	0.0225764
1.50304e-09	0.0225853
1.50309e-09	0.0225943
1.50314e-09	0.0226032
1.50318e-09	0.0226121
1.50323e-09	0.0226209
1.50328e-09	0.0226298
1.50332e-09	0.0226386
1.50337e-09	0.0226474
1.50342e-09	0.0226562
1.50346e-09	0.0226649
1.50351e-09	0.0226737
1.50356e-09	0.0226824
1.5036e-09	0.0226911
1.50365e-09	0.0226998
1.50369e-09	0.0227084
1.50374e-09	0.0227171
1.50379e-09	0.0227257
1.50383e-09	0.0227343
1.50388e-09	0.0227429
1.50393e-09	0.0227515
1.50397e-09	0.02276
1.50402e-09	0.0227685
1.50407e-09	0.022777
1.50411e-09	0.0227855
1.50416e-09	0.022794
1.50421e-09	0.0228024
1.50425e-09	0.0228109
1.5043e-09	0.0228193
1.50434e-09	0.0228277
1.50439e-09	0.022836
1.50444e-09	0.0228444
1.50448e-09	0.0228527
1.50453e-09	0.022861
1.50458e-09	0.0228693
1.50462e-09	0.0228776
1.50467e-09	0.0228858
1.50472e-09	0.0228941
1.50476e-09	0.0229023
1.50481e-09	0.0229105
1.50486e-09	0.0229186
1.5049e-09	0.0229268
1.50495e-09	0.0229349
1.50499e-09	0.022943
1.50504e-09	0.0229511
1.50509e-09	0.0229592
1.50513e-09	0.0229673
1.50518e-09	0.0229753
1.50523e-09	0.0229833
1.50527e-09	0.0229913
1.50532e-09	0.0229993
1.50537e-09	0.0230073
1.50541e-09	0.0230152
1.50546e-09	0.0230231
1.50551e-09	0.023031
1.50555e-09	0.0230389
1.5056e-09	0.0230468
1.50564e-09	0.0230546
1.50569e-09	0.0230625
1.50574e-09	0.0230703
1.50578e-09	0.0230781
1.50583e-09	0.0230858
1.50588e-09	0.0230936
1.50592e-09	0.0231013
1.50597e-09	0.023109
1.50602e-09	0.0231167
1.50606e-09	0.0231244
1.50611e-09	0.023132
1.50615e-09	0.0231397
1.5062e-09	0.0231473
1.50625e-09	0.0231549
1.50629e-09	0.0231625
1.50634e-09	0.02317
1.50639e-09	0.0231776
1.50643e-09	0.0231851
1.50648e-09	0.0231926
1.50653e-09	0.0232001
1.50657e-09	0.0232075
1.50662e-09	0.023215
1.50667e-09	0.0232224
1.50671e-09	0.0232298
1.50676e-09	0.0232372
1.5068e-09	0.0232446
1.50685e-09	0.0232519
1.5069e-09	0.0232593
1.50694e-09	0.0232666
1.50699e-09	0.0232739
1.50704e-09	0.0232812
1.50708e-09	0.0232884
1.50713e-09	0.0232957
1.50718e-09	0.0233029
1.50722e-09	0.0233101
1.50727e-09	0.0233173
1.50732e-09	0.0233244
1.50736e-09	0.0233316
1.50741e-09	0.0233387
1.50745e-09	0.0233458
1.5075e-09	0.0233529
1.50755e-09	0.02336
1.50759e-09	0.023367
1.50764e-09	0.023374
1.50769e-09	0.0233811
1.50773e-09	0.0233881
1.50778e-09	0.023395
1.50783e-09	0.023402
1.50787e-09	0.0234089
1.50792e-09	0.0234159
1.50797e-09	0.0234228
1.50801e-09	0.0234297
1.50806e-09	0.0234365
1.5081e-09	0.0234434
1.50815e-09	0.0234502
1.5082e-09	0.023457
1.50824e-09	0.0234638
1.50829e-09	0.0234706
1.50834e-09	0.0234773
1.50838e-09	0.0234841
1.50843e-09	0.0234908
1.50848e-09	0.0234975
1.50852e-09	0.0235042
1.50857e-09	0.0235108
1.50861e-09	0.0235175
1.50866e-09	0.0235241
1.50871e-09	0.0235307
1.50875e-09	0.0235373
1.5088e-09	0.0235439
1.50885e-09	0.0235504
1.50889e-09	0.023557
1.50894e-09	0.0235635
1.50899e-09	0.02357
1.50903e-09	0.0235765
1.50908e-09	0.023583
1.50913e-09	0.0235894
1.50917e-09	0.0235958
1.50922e-09	0.0236022
1.50926e-09	0.0236086
1.50931e-09	0.023615
1.50936e-09	0.0236214
1.5094e-09	0.0236277
1.50945e-09	0.023634
1.5095e-09	0.0236403
1.50954e-09	0.0236466
1.50959e-09	0.0236529
1.50964e-09	0.0236591
1.50968e-09	0.0236653
1.50973e-09	0.0236716
1.50978e-09	0.0236777
1.50982e-09	0.0236839
1.50987e-09	0.0236901
1.50991e-09	0.0236962
1.50996e-09	0.0237023
1.51001e-09	0.0237084
1.51005e-09	0.0237145
1.5101e-09	0.0237206
1.51015e-09	0.0237267
1.51019e-09	0.0237327
1.51024e-09	0.0237387
1.51029e-09	0.0237447
1.51033e-09	0.0237507
1.51038e-09	0.0237566
1.51043e-09	0.0237626
1.51047e-09	0.0237685
1.51052e-09	0.0237744
1.51056e-09	0.0237803
1.51061e-09	0.0237862
1.51066e-09	0.023792
1.5107e-09	0.0237979
1.51075e-09	0.0238037
1.5108e-09	0.0238095
1.51084e-09	0.0238153
1.51089e-09	0.023821
1.51094e-09	0.0238268
1.51098e-09	0.0238325
1.51103e-09	0.0238382
1.51108e-09	0.0238439
1.51112e-09	0.0238496
1.51117e-09	0.0238553
1.51121e-09	0.0238609
1.51126e-09	0.0238665
1.51131e-09	0.0238721
1.51135e-09	0.0238777
1.5114e-09	0.0238833
1.51145e-09	0.0238889
1.51149e-09	0.0238944
1.51154e-09	0.0238999
1.51159e-09	0.0239054
1.51163e-09	0.0239109
1.51168e-09	0.0239164
1.51172e-09	0.0239218
1.51177e-09	0.0239273
1.51182e-09	0.0239327
1.51186e-09	0.0239381
1.51191e-09	0.0239435
1.51196e-09	0.0239488
1.512e-09	0.0239542
1.51205e-09	0.0239595
1.5121e-09	0.0239648
1.51214e-09	0.0239701
1.51219e-09	0.0239754
1.51224e-09	0.0239807
1.51228e-09	0.0239859
1.51233e-09	0.0239911
1.51237e-09	0.0239963
1.51242e-09	0.0240015
1.51247e-09	0.0240067
1.51251e-09	0.0240119
1.51256e-09	0.024017
1.51261e-09	0.0240221
1.51265e-09	0.0240272
1.5127e-09	0.0240323
1.51275e-09	0.0240374
1.51279e-09	0.0240425
1.51284e-09	0.0240475
1.51289e-09	0.0240525
1.51293e-09	0.0240575
1.51298e-09	0.0240625
1.51302e-09	0.0240675
1.51307e-09	0.0240724
1.51312e-09	0.0240774
1.51316e-09	0.0240823
1.51321e-09	0.0240872
1.51326e-09	0.0240921
1.5133e-09	0.0240969
1.51335e-09	0.0241018
1.5134e-09	0.0241066
1.51344e-09	0.0241114
1.51349e-09	0.0241162
1.51354e-09	0.024121
1.51358e-09	0.0241258
1.51363e-09	0.0241305
1.51367e-09	0.0241353
1.51372e-09	0.02414
1.51377e-09	0.0241447
1.51381e-09	0.0241494
1.51386e-09	0.024154
1.51391e-09	0.0241587
1.51395e-09	0.0241633
1.514e-09	0.0241679
1.51405e-09	0.0241725
1.51409e-09	0.0241771
1.51414e-09	0.0241817
1.51419e-09	0.0241862
1.51423e-09	0.0241908
1.51428e-09	0.0241953
1.51432e-09	0.0241998
1.51437e-09	0.0242043
1.51442e-09	0.0242087
1.51446e-09	0.0242132
1.51451e-09	0.0242176
1.51456e-09	0.024222
1.5146e-09	0.0242264
1.51465e-09	0.0242308
1.5147e-09	0.0242352
1.51474e-09	0.0242395
1.51479e-09	0.0242439
1.51483e-09	0.0242482
1.51488e-09	0.0242525
1.51493e-09	0.0242568
1.51497e-09	0.024261
1.51502e-09	0.0242653
1.51507e-09	0.0242695
1.51511e-09	0.0242737
1.51516e-09	0.0242779
1.51521e-09	0.0242821
1.51525e-09	0.0242863
1.5153e-09	0.0242905
1.51535e-09	0.0242946
1.51539e-09	0.0242987
1.51544e-09	0.0243028
1.51548e-09	0.0243069
1.51553e-09	0.024311
1.51558e-09	0.024315
1.51562e-09	0.0243191
1.51567e-09	0.0243231
1.51572e-09	0.0243271
1.51576e-09	0.0243311
1.51581e-09	0.0243351
1.51586e-09	0.024339
1.5159e-09	0.024343
1.51595e-09	0.0243469
1.516e-09	0.0243508
1.51604e-09	0.0243547
1.51609e-09	0.0243586
1.51613e-09	0.0243624
1.51618e-09	0.0243663
1.51623e-09	0.0243701
1.51627e-09	0.0243739
1.51632e-09	0.0243777
1.51637e-09	0.0243815
1.51641e-09	0.0243853
1.51646e-09	0.024389
1.51651e-09	0.0243927
1.51655e-09	0.0243965
1.5166e-09	0.0244002
1.51665e-09	0.0244038
1.51669e-09	0.0244075
1.51674e-09	0.0244112
1.51678e-09	0.0244148
1.51683e-09	0.0244184
1.51688e-09	0.024422
1.51692e-09	0.0244256
1.51697e-09	0.0244292
1.51702e-09	0.0244327
1.51706e-09	0.0244363
1.51711e-09	0.0244398
1.51716e-09	0.0244433
1.5172e-09	0.0244468
1.51725e-09	0.0244503
1.5173e-09	0.0244538
1.51734e-09	0.0244572
1.51739e-09	0.0244606
1.51743e-09	0.024464
1.51748e-09	0.0244674
1.51753e-09	0.0244708
1.51757e-09	0.0244742
1.51762e-09	0.0244775
1.51767e-09	0.0244809
1.51771e-09	0.0244842
1.51776e-09	0.0244875
1.51781e-09	0.0244908
1.51785e-09	0.0244941
1.5179e-09	0.0244973
1.51794e-09	0.0245006
1.51799e-09	0.0245038
1.51804e-09	0.024507
1.51808e-09	0.0245102
1.51813e-09	0.0245134
1.51818e-09	0.0245166
1.51822e-09	0.0245197
1.51827e-09	0.0245228
1.51832e-09	0.024526
1.51836e-09	0.0245291
1.51841e-09	0.0245321
1.51846e-09	0.0245352
1.5185e-09	0.0245383
1.51855e-09	0.0245413
1.51859e-09	0.0245443
1.51864e-09	0.0245474
1.51869e-09	0.0245503
1.51873e-09	0.0245533
1.51878e-09	0.0245563
1.51883e-09	0.0245592
1.51887e-09	0.0245622
1.51892e-09	0.0245651
1.51897e-09	0.024568
1.51901e-09	0.0245709
1.51906e-09	0.0245738
1.51911e-09	0.0245766
1.51915e-09	0.0245795
1.5192e-09	0.0245823
1.51924e-09	0.0245851
1.51929e-09	0.0245879
1.51934e-09	0.0245907
1.51938e-09	0.0245934
1.51943e-09	0.0245962
1.51948e-09	0.0245989
1.51952e-09	0.0246016
1.51957e-09	0.0246043
1.51962e-09	0.024607
1.51966e-09	0.0246097
1.51971e-09	0.0246124
1.51976e-09	0.024615
1.5198e-09	0.0246176
1.51985e-09	0.0246203
1.51989e-09	0.0246229
1.51994e-09	0.0246254
1.51999e-09	0.024628
1.52003e-09	0.0246306
1.52008e-09	0.0246331
1.52013e-09	0.0246356
1.52017e-09	0.0246381
1.52022e-09	0.0246406
1.52027e-09	0.0246431
1.52031e-09	0.0246456
1.52036e-09	0.024648
1.52041e-09	0.0246505
1.52045e-09	0.0246529
1.5205e-09	0.0246553
1.52054e-09	0.0246577
1.52059e-09	0.02466
1.52064e-09	0.0246624
1.52068e-09	0.0246648
1.52073e-09	0.0246671
1.52078e-09	0.0246694
1.52082e-09	0.0246717
1.52087e-09	0.024674
1.52092e-09	0.0246763
1.52096e-09	0.0246785
1.52101e-09	0.0246808
1.52105e-09	0.024683
1.5211e-09	0.0246852
1.52115e-09	0.0246874
1.52119e-09	0.0246896
1.52124e-09	0.0246917
1.52129e-09	0.0246939
1.52133e-09	0.024696
1.52138e-09	0.0246982
1.52143e-09	0.0247003
1.52147e-09	0.0247024
1.52152e-09	0.0247044
1.52157e-09	0.0247065
1.52161e-09	0.0247086
1.52166e-09	0.0247106
1.5217e-09	0.0247126
1.52175e-09	0.0247146
1.5218e-09	0.0247166
1.52184e-09	0.0247186
1.52189e-09	0.0247206
1.52194e-09	0.0247225
1.52198e-09	0.0247244
1.52203e-09	0.0247264
1.52208e-09	0.0247283
1.52212e-09	0.0247302
1.52217e-09	0.024732
1.52222e-09	0.0247339
1.52226e-09	0.0247358
1.52231e-09	0.0247376
1.52235e-09	0.0247394
1.5224e-09	0.0247412
1.52245e-09	0.024743
1.52249e-09	0.0247448
1.52254e-09	0.0247465
1.52259e-09	0.0247483
1.52263e-09	0.02475
1.52268e-09	0.0247517
1.52273e-09	0.0247535
1.52277e-09	0.0247551
1.52282e-09	0.0247568
1.52287e-09	0.0247585
1.52291e-09	0.0247601
1.52296e-09	0.0247618
1.523e-09	0.0247634
1.52305e-09	0.024765
1.5231e-09	0.0247666
1.52314e-09	0.0247682
1.52319e-09	0.0247697
1.52324e-09	0.0247713
1.52328e-09	0.0247728
1.52333e-09	0.0247743
1.52338e-09	0.0247758
1.52342e-09	0.0247773
1.52347e-09	0.0247788
1.52352e-09	0.0247803
1.52356e-09	0.0247817
1.52361e-09	0.0247832
1.52365e-09	0.0247846
1.5237e-09	0.024786
1.52375e-09	0.0247874
1.52379e-09	0.0247888
1.52384e-09	0.0247901
1.52389e-09	0.0247915
1.52393e-09	0.0247928
1.52398e-09	0.0247942
1.52403e-09	0.0247955
1.52407e-09	0.0247968
1.52412e-09	0.024798
1.52416e-09	0.0247993
1.52421e-09	0.0248006
1.52426e-09	0.0248018
1.5243e-09	0.024803
1.52435e-09	0.0248043
1.5244e-09	0.0248055
1.52444e-09	0.0248066
1.52449e-09	0.0248078
1.52454e-09	0.024809
1.52458e-09	0.0248101
1.52463e-09	0.0248112
1.52468e-09	0.0248124
1.52472e-09	0.0248135
1.52477e-09	0.0248146
1.52481e-09	0.0248156
1.52486e-09	0.0248167
1.52491e-09	0.0248177
1.52495e-09	0.0248188
1.525e-09	0.0248198
1.52505e-09	0.0248208
1.52509e-09	0.0248218
1.52514e-09	0.0248228
1.52519e-09	0.0248238
1.52523e-09	0.0248247
1.52528e-09	0.0248256
1.52533e-09	0.0248266
1.52537e-09	0.0248275
1.52542e-09	0.0248284
1.52546e-09	0.0248293
1.52551e-09	0.0248301
1.52556e-09	0.024831
1.5256e-09	0.0248318
1.52565e-09	0.0248327
1.5257e-09	0.0248335
1.52574e-09	0.0248343
1.52579e-09	0.0248351
1.52584e-09	0.0248359
1.52588e-09	0.0248366
1.52593e-09	0.0248374
1.52598e-09	0.0248381
1.52602e-09	0.0248388
1.52607e-09	0.0248396
1.52611e-09	0.0248403
1.52616e-09	0.0248409
1.52621e-09	0.0248416
1.52625e-09	0.0248423
1.5263e-09	0.0248429
1.52635e-09	0.0248435
1.52639e-09	0.0248442
1.52644e-09	0.0248448
1.52649e-09	0.0248454
1.52653e-09	0.0248459
1.52658e-09	0.0248465
1.52662e-09	0.0248471
1.52667e-09	0.0248476
1.52672e-09	0.0248481
1.52676e-09	0.0248486
1.52681e-09	0.0248491
1.52686e-09	0.0248496
1.5269e-09	0.0248501
1.52695e-09	0.0248506
1.527e-09	0.024851
1.52704e-09	0.0248514
1.52709e-09	0.0248519
1.52714e-09	0.0248523
1.52718e-09	0.0248527
1.52723e-09	0.024853
1.52727e-09	0.0248534
1.52732e-09	0.0248538
1.52737e-09	0.0248541
1.52741e-09	0.0248544
1.52746e-09	0.0248547
1.52751e-09	0.024855
1.52755e-09	0.0248553
1.5276e-09	0.0248556
1.52765e-09	0.0248559
1.52769e-09	0.0248561
1.52774e-09	0.0248564
1.52779e-09	0.0248566
1.52783e-09	0.0248568
1.52788e-09	0.024857
1.52792e-09	0.0248572
1.52797e-09	0.0248574
1.52802e-09	0.0248575
1.52806e-09	0.0248577
1.52811e-09	0.0248578
1.52816e-09	0.0248579
1.5282e-09	0.024858
1.52825e-09	0.0248581
1.5283e-09	0.0248582
1.52834e-09	0.0248583
1.52839e-09	0.0248584
1.52844e-09	0.0248584
1.52848e-09	0.0248584
1.52853e-09	0.0248585
1.52857e-09	0.0248585
1.52862e-09	0.0248585
1.52867e-09	0.0248584
1.52871e-09	0.0248584
1.52876e-09	0.0248584
1.52881e-09	0.0248583
1.52885e-09	0.0248582
1.5289e-09	0.0248582
1.52895e-09	0.0248581
1.52899e-09	0.024858
1.52904e-09	0.0248579
1.52909e-09	0.0248577
1.52913e-09	0.0248576
1.52918e-09	0.0248574
1.52922e-09	0.0248573
1.52927e-09	0.0248571
1.52932e-09	0.0248569
1.52936e-09	0.0248567
1.52941e-09	0.0248565
1.52946e-09	0.0248562
1.5295e-09	0.024856
1.52955e-09	0.0248557
1.5296e-09	0.0248555
1.52964e-09	0.0248552
1.52969e-09	0.0248549
1.52973e-09	0.0248546
1.52978e-09	0.0248543
1.52983e-09	0.0248539
1.52987e-09	0.0248536
1.52992e-09	0.0248532
1.52997e-09	0.0248529
1.53001e-09	0.0248525
1.53006e-09	0.0248521
1.53011e-09	0.0248517
1.53015e-09	0.0248513
1.5302e-09	0.0248508
1.53025e-09	0.0248504
1.53029e-09	0.0248499
1.53034e-09	0.0248495
1.53038e-09	0.024849
1.53043e-09	0.0248485
1.53048e-09	0.024848
1.53052e-09	0.0248475
1.53057e-09	0.024847
1.53062e-09	0.0248464
1.53066e-09	0.0248459
1.53071e-09	0.0248453
1.53076e-09	0.0248447
1.5308e-09	0.0248442
1.53085e-09	0.0248436
1.5309e-09	0.0248429
1.53094e-09	0.0248423
1.53099e-09	0.0248417
1.53103e-09	0.024841
1.53108e-09	0.0248404
1.53113e-09	0.0248397
1.53117e-09	0.024839
1.53122e-09	0.0248383
1.53127e-09	0.0248376
1.53131e-09	0.0248369
1.53136e-09	0.0248362
1.53141e-09	0.0248354
1.53145e-09	0.0248347
1.5315e-09	0.0248339
1.53155e-09	0.0248331
1.53159e-09	0.0248323
1.53164e-09	0.0248315
1.53168e-09	0.0248307
1.53173e-09	0.0248299
1.53178e-09	0.0248291
1.53182e-09	0.0248282
1.53187e-09	0.0248273
1.53192e-09	0.0248265
1.53196e-09	0.0248256
1.53201e-09	0.0248247
1.53206e-09	0.0248238
1.5321e-09	0.0248228
1.53215e-09	0.0248219
1.5322e-09	0.024821
1.53224e-09	0.02482
1.53229e-09	0.024819
1.53233e-09	0.0248181
1.53238e-09	0.0248171
1.53243e-09	0.0248161
1.53247e-09	0.0248151
1.53252e-09	0.024814
1.53257e-09	0.024813
1.53261e-09	0.0248119
1.53266e-09	0.0248109
1.53271e-09	0.0248098
1.53275e-09	0.0248087
1.5328e-09	0.0248076
1.53284e-09	0.0248065
1.53289e-09	0.0248054
1.53294e-09	0.0248043
1.53298e-09	0.0248031
1.53303e-09	0.024802
1.53308e-09	0.0248008
1.53312e-09	0.0247996
1.53317e-09	0.0247984
1.53322e-09	0.0247972
1.53326e-09	0.024796
1.53331e-09	0.0247948
1.53336e-09	0.0247936
1.5334e-09	0.0247923
1.53345e-09	0.0247911
1.53349e-09	0.0247898
1.53354e-09	0.0247885
1.53359e-09	0.0247872
1.53363e-09	0.0247859
1.53368e-09	0.0247846
1.53373e-09	0.0247833
1.53377e-09	0.0247819
1.53382e-09	0.0247806
1.53387e-09	0.0247792
1.53391e-09	0.0247779
1.53396e-09	0.0247765
1.53401e-09	0.0247751
1.53405e-09	0.0247737
1.5341e-09	0.0247723
1.53414e-09	0.0247708
1.53419e-09	0.0247694
1.53424e-09	0.0247679
1.53428e-09	0.0247665
1.53433e-09	0.024765
1.53438e-09	0.0247635
1.53442e-09	0.024762
1.53447e-09	0.0247605
1.53452e-09	0.024759
1.53456e-09	0.0247575
1.53461e-09	0.0247559
1.53466e-09	0.0247544
1.5347e-09	0.0247528
1.53475e-09	0.0247512
1.53479e-09	0.0247497
1.53484e-09	0.0247481
1.53489e-09	0.0247465
1.53493e-09	0.0247448
1.53498e-09	0.0247432
1.53503e-09	0.0247416
1.53507e-09	0.0247399
1.53512e-09	0.0247383
1.53517e-09	0.0247366
1.53521e-09	0.0247349
1.53526e-09	0.0247332
1.53531e-09	0.0247315
1.53535e-09	0.0247298
1.5354e-09	0.0247281
1.53544e-09	0.0247263
1.53549e-09	0.0247246
1.53554e-09	0.0247228
1.53558e-09	0.024721
1.53563e-09	0.0247193
1.53568e-09	0.0247175
1.53572e-09	0.0247157
1.53577e-09	0.0247138
1.53582e-09	0.024712
1.53586e-09	0.0247102
1.53591e-09	0.0247083
1.53595e-09	0.0247065
1.536e-09	0.0247046
1.53605e-09	0.0247027
1.53609e-09	0.0247008
1.53614e-09	0.0246989
1.53619e-09	0.024697
1.53623e-09	0.0246951
1.53628e-09	0.0246932
1.53633e-09	0.0246912
1.53637e-09	0.0246893
1.53642e-09	0.0246873
1.53647e-09	0.0246853
1.53651e-09	0.0246833
1.53656e-09	0.0246813
1.5366e-09	0.0246793
1.53665e-09	0.0246773
1.5367e-09	0.0246753
1.53674e-09	0.0246732
1.53679e-09	0.0246712
1.53684e-09	0.0246691
1.53688e-09	0.0246671
1.53693e-09	0.024665
1.53698e-09	0.0246629
1.53702e-09	0.0246608
1.53707e-09	0.0246587
1.53712e-09	0.0246565
1.53716e-09	0.0246544
1.53721e-09	0.0246523
1.53725e-09	0.0246501
1.5373e-09	0.0246479
1.53735e-09	0.0246458
1.53739e-09	0.0246436
1.53744e-09	0.0246414
1.53749e-09	0.0246392
1.53753e-09	0.0246369
1.53758e-09	0.0246347
1.53763e-09	0.0246325
1.53767e-09	0.0246302
1.53772e-09	0.024628
1.53777e-09	0.0246257
1.53781e-09	0.0246234
1.53786e-09	0.0246211
1.5379e-09	0.0246188
1.53795e-09	0.0246165
1.538e-09	0.0246142
1.53804e-09	0.0246119
1.53809e-09	0.0246095
1.53814e-09	0.0246072
1.53818e-09	0.0246048
1.53823e-09	0.0246024
1.53828e-09	0.0246
1.53832e-09	0.0245976
1.53837e-09	0.0245952
1.53842e-09	0.0245928
1.53846e-09	0.0245904
1.53851e-09	0.024588
1.53855e-09	0.0245855
1.5386e-09	0.0245831
1.53865e-09	0.0245806
1.53869e-09	0.0245781
1.53874e-09	0.0245756
1.53879e-09	0.0245731
1.53883e-09	0.0245706
1.53888e-09	0.0245681
1.53893e-09	0.0245656
1.53897e-09	0.0245631
1.53902e-09	0.0245605
1.53906e-09	0.024558
1.53911e-09	0.0245554
1.53916e-09	0.0245528
1.5392e-09	0.0245502
1.53925e-09	0.0245476
1.5393e-09	0.024545
1.53934e-09	0.0245424
1.53939e-09	0.0245398
1.53944e-09	0.0245371
1.53948e-09	0.0245345
1.53953e-09	0.0245318
1.53958e-09	0.0245292
1.53962e-09	0.0245265
1.53967e-09	0.0245238
1.53971e-09	0.0245211
1.53976e-09	0.0245184
1.53981e-09	0.0245157
1.53985e-09	0.024513
1.5399e-09	0.0245102
1.53995e-09	0.0245075
1.53999e-09	0.0245047
1.54004e-09	0.024502
1.54009e-09	0.0244992
1.54013e-09	0.0244964
1.54018e-09	0.0244936
1.54023e-09	0.0244908
1.54027e-09	0.024488
1.54032e-09	0.0244852
1.54036e-09	0.0244823
1.54041e-09	0.0244795
1.54046e-09	0.0244766
1.5405e-09	0.0244738
1.54055e-09	0.0244709
1.5406e-09	0.024468
1.54064e-09	0.0244651
1.54069e-09	0.0244622
1.54074e-09	0.0244593
1.54078e-09	0.0244564
1.54083e-09	0.0244535
1.54088e-09	0.0244505
1.54092e-09	0.0244476
1.54097e-09	0.0244446
1.54101e-09	0.0244417
1.54106e-09	0.0244387
1.54111e-09	0.0244357
1.54115e-09	0.0244327
1.5412e-09	0.0244297
1.54125e-09	0.0244267
1.54129e-09	0.0244236
1.54134e-09	0.0244206
1.54139e-09	0.0244176
1.54143e-09	0.0244145
1.54148e-09	0.0244115
1.54152e-09	0.0244084
1.54157e-09	0.0244053
1.54162e-09	0.0244022
1.54166e-09	0.0243991
1.54171e-09	0.024396
1.54176e-09	0.0243929
1.5418e-09	0.0243897
1.54185e-09	0.0243866
1.5419e-09	0.0243835
1.54194e-09	0.0243803
1.54199e-09	0.0243771
1.54204e-09	0.024374
1.54208e-09	0.0243708
1.54213e-09	0.0243676
1.54217e-09	0.0243644
1.54222e-09	0.0243612
1.54227e-09	0.0243579
1.54231e-09	0.0243547
1.54236e-09	0.0243515
1.54241e-09	0.0243482
1.54245e-09	0.0243449
1.5425e-09	0.0243417
1.54255e-09	0.0243384
1.54259e-09	0.0243351
1.54264e-09	0.0243318
1.54269e-09	0.0243285
1.54273e-09	0.0243252
1.54278e-09	0.0243219
1.54282e-09	0.0243185
1.54287e-09	0.0243152
1.54292e-09	0.0243118
1.54296e-09	0.0243085
1.54301e-09	0.0243051
1.54306e-09	0.0243017
1.5431e-09	0.0242983
1.54315e-09	0.0242949
1.5432e-09	0.0242915
1.54324e-09	0.0242881
1.54329e-09	0.0242847
1.54334e-09	0.0242813
1.54338e-09	0.0242778
1.54343e-09	0.0242744
1.54347e-09	0.0242709
1.54352e-09	0.0242674
1.54357e-09	0.024264
1.54361e-09	0.0242605
1.54366e-09	0.024257
1.54371e-09	0.0242535
1.54375e-09	0.02425
1.5438e-09	0.0242464
1.54385e-09	0.0242429
1.54389e-09	0.0242394
1.54394e-09	0.0242358
1.54399e-09	0.0242322
1.54403e-09	0.0242287
1.54408e-09	0.0242251
1.54412e-09	0.0242215
1.54417e-09	0.0242179
1.54422e-09	0.0242143
1.54426e-09	0.0242107
1.54431e-09	0.0242071
1.54436e-09	0.0242035
1.5444e-09	0.0241998
1.54445e-09	0.0241962
1.5445e-09	0.0241925
1.54454e-09	0.0241889
1.54459e-09	0.0241852
1.54463e-09	0.0241815
1.54468e-09	0.0241778
1.54473e-09	0.0241741
1.54477e-09	0.0241704
1.54482e-09	0.0241667
1.54487e-09	0.024163
1.54491e-09	0.0241592
1.54496e-09	0.0241555
1.54501e-09	0.0241517
1.54505e-09	0.024148
1.5451e-09	0.0241442
1.54515e-09	0.0241404
1.54519e-09	0.0241366
1.54524e-09	0.0241328
1.54528e-09	0.024129
1.54533e-09	0.0241252
1.54538e-09	0.0241214
1.54542e-09	0.0241176
1.54547e-09	0.0241137
1.54552e-09	0.0241099
1.54556e-09	0.024106
1.54561e-09	0.0241022
1.54566e-09	0.0240983
1.5457e-09	0.0240944
1.54575e-09	0.0240905
1.5458e-09	0.0240866
1.54584e-09	0.0240827
1.54589e-09	0.0240788
1.54593e-09	0.0240749
1.54598e-09	0.024071
1.54603e-09	0.024067
1.54607e-09	0.0240631
1.54612e-09	0.0240591
1.54617e-09	0.0240551
1.54621e-09	0.0240512
1.54626e-09	0.0240472
1.54631e-09	0.0240432
1.54635e-09	0.0240392
1.5464e-09	0.0240352
1.54645e-09	0.0240312
1.54649e-09	0.0240272
1.54654e-09	0.0240231
1.54658e-09	0.0240191
1.54663e-09	0.024015
1.54668e-09	0.024011
1.54672e-09	0.0240069
1.54677e-09	0.0240028
1.54682e-09	0.0239988
1.54686e-09	0.0239947
1.54691e-09	0.0239906
1.54696e-09	0.0239865
1.547e-09	0.0239823
1.54705e-09	0.0239782
1.5471e-09	0.0239741
1.54714e-09	0.02397
1.54719e-09	0.0239658
1.54723e-09	0.0239617
1.54728e-09	0.0239575
1.54733e-09	0.0239533
1.54737e-09	0.0239491
1.54742e-09	0.0239449
1.54747e-09	0.0239408
1.54751e-09	0.0239365
1.54756e-09	0.0239323
1.54761e-09	0.0239281
1.54765e-09	0.0239239
1.5477e-09	0.0239197
1.54774e-09	0.0239154
1.54779e-09	0.0239112
1.54784e-09	0.0239069
1.54788e-09	0.0239026
1.54793e-09	0.0238984
1.54798e-09	0.0238941
1.54802e-09	0.0238898
1.54807e-09	0.0238855
1.54812e-09	0.0238812
1.54816e-09	0.0238768
1.54821e-09	0.0238725
1.54826e-09	0.0238682
1.5483e-09	0.0238639
1.54835e-09	0.0238595
1.54839e-09	0.0238551
1.54844e-09	0.0238508
1.54849e-09	0.0238464
1.54853e-09	0.023842
1.54858e-09	0.0238376
1.54863e-09	0.0238333
1.54867e-09	0.0238288
1.54872e-09	0.0238244
1.54877e-09	0.02382
1.54881e-09	0.0238156
1.54886e-09	0.0238112
1.54891e-09	0.0238067
1.54895e-09	0.0238023
1.549e-09	0.0237978
1.54904e-09	0.0237933
1.54909e-09	0.0237889
1.54914e-09	0.0237844
1.54918e-09	0.0237799
1.54923e-09	0.0237754
1.54928e-09	0.0237709
1.54932e-09	0.0237664
1.54937e-09	0.0237619
1.54942e-09	0.0237573
1.54946e-09	0.0237528
1.54951e-09	0.0237483
1.54956e-09	0.0237437
1.5496e-09	0.0237392
1.54965e-09	0.0237346
1.54969e-09	0.02373
1.54974e-09	0.0237254
1.54979e-09	0.0237208
1.54983e-09	0.0237163
1.54988e-09	0.0237116
1.54993e-09	0.023707
1.54997e-09	0.0237024
1.55002e-09	0.0236978
1.55007e-09	0.0236932
1.55011e-09	0.0236885
1.55016e-09	0.0236839
1.55021e-09	0.0236792
1.55025e-09	0.0236745
1.5503e-09	0.0236699
1.55034e-09	0.0236652
1.55039e-09	0.0236605
1.55044e-09	0.0236558
1.55048e-09	0.0236511
1.55053e-09	0.0236464
1.55058e-09	0.0236417
1.55062e-09	0.023637
1.55067e-09	0.0236322
1.55072e-09	0.0236275
1.55076e-09	0.0236228
1.55081e-09	0.023618
1.55085e-09	0.0236132
1.5509e-09	0.0236085
1.55095e-09	0.0236037
1.55099e-09	0.0235989
1.55104e-09	0.0235941
1.55109e-09	0.0235893
1.55113e-09	0.0235845
1.55118e-09	0.0235797
1.55123e-09	0.0235749
1.55127e-09	0.0235701
1.55132e-09	0.0235652
1.55137e-09	0.0235604
1.55141e-09	0.0235555
1.55146e-09	0.0235507
1.5515e-09	0.0235458
1.55155e-09	0.023541
1.5516e-09	0.0235361
1.55164e-09	0.0235312
1.55169e-09	0.0235263
1.55174e-09	0.0235214
1.55178e-09	0.0235165
1.55183e-09	0.0235116
1.55188e-09	0.0235067
1.55192e-09	0.0235017
1.55197e-09	0.0234968
1.55202e-09	0.0234919
1.55206e-09	0.0234869
1.55211e-09	0.023482
1.55215e-09	0.023477
1.5522e-09	0.023472
1.55225e-09	0.0234671
1.55229e-09	0.0234621
1.55234e-09	0.0234571
1.55239e-09	0.0234521
1.55243e-09	0.0234471
1.55248e-09	0.0234421
1.55253e-09	0.023437
1.55257e-09	0.023432
1.55262e-09	0.023427
1.55267e-09	0.0234219
1.55271e-09	0.0234169
1.55276e-09	0.0234118
1.5528e-09	0.0234068
1.55285e-09	0.0234017
1.5529e-09	0.0233966
1.55294e-09	0.0233916
1.55299e-09	0.0233865
1.55304e-09	0.0233814
1.55308e-09	0.0233763
1.55313e-09	0.0233712
1.55318e-09	0.023366
1.55322e-09	0.0233609
1.55327e-09	0.0233558
1.55332e-09	0.0233507
1.55336e-09	0.0233455
1.55341e-09	0.0233404
1.55345e-09	0.0233352
1.5535e-09	0.02333
1.55355e-09	0.0233249
1.55359e-09	0.0233197
1.55364e-09	0.0233145
1.55369e-09	0.0233093
1.55373e-09	0.0233041
1.55378e-09	0.0232989
1.55383e-09	0.0232937
1.55387e-09	0.0232885
1.55392e-09	0.0232833
1.55396e-09	0.023278
1.55401e-09	0.0232728
1.55406e-09	0.0232675
1.5541e-09	0.0232623
1.55415e-09	0.023257
1.5542e-09	0.0232518
1.55424e-09	0.0232465
1.55429e-09	0.0232412
1.55434e-09	0.0232359
1.55438e-09	0.0232306
1.55443e-09	0.0232253
1.55448e-09	0.02322
1.55452e-09	0.0232147
1.55457e-09	0.0232094
1.55461e-09	0.0232041
1.55466e-09	0.0231987
1.55471e-09	0.0231934
1.55475e-09	0.0231881
1.5548e-09	0.0231827
1.55485e-09	0.0231774
1.55489e-09	0.023172
1.55494e-09	0.0231666
1.55499e-09	0.0231612
1.55503e-09	0.0231559
1.55508e-09	0.0231505
1.55513e-09	0.0231451
1.55517e-09	0.0231397
1.55522e-09	0.0231343
1.55526e-09	0.0231288
1.55531e-09	0.0231234
1.55536e-09	0.023118
1.5554e-09	0.0231126
1.55545e-09	0.0231071
1.5555e-09	0.0231017
1.55554e-09	0.0230962
1.55559e-09	0.0230907
1.55564e-09	0.0230853
1.55568e-09	0.0230798
1.55573e-09	0.0230743
1.55578e-09	0.0230688
1.55582e-09	0.0230633
1.55587e-09	0.0230578
1.55591e-09	0.0230523
1.55596e-09	0.0230468
1.55601e-09	0.0230413
1.55605e-09	0.0230358
1.5561e-09	0.0230303
1.55615e-09	0.0230247
1.55619e-09	0.0230192
1.55624e-09	0.0230136
1.55629e-09	0.0230081
1.55633e-09	0.0230025
1.55638e-09	0.0229969
1.55643e-09	0.0229914
1.55647e-09	0.0229858
1.55652e-09	0.0229802
1.55656e-09	0.0229746
1.55661e-09	0.022969
1.55666e-09	0.0229634
1.5567e-09	0.0229578
1.55675e-09	0.0229522
1.5568e-09	0.0229465
1.55684e-09	0.0229409
1.55689e-09	0.0229353
1.55694e-09	0.0229296
1.55698e-09	0.022924
1.55703e-09	0.0229183
1.55707e-09	0.0229127
1.55712e-09	0.022907
1.55717e-09	0.0229013
1.55721e-09	0.0228957
1.55726e-09	0.02289
1.55731e-09	0.0228843
1.55735e-09	0.0228786
1.5574e-09	0.0228729
1.55745e-09	0.0228672
1.55749e-09	0.0228615
1.55754e-09	0.0228557
1.55759e-09	0.02285
1.55763e-09	0.0228443
1.55768e-09	0.0228385
1.55772e-09	0.0228328
1.55777e-09	0.022827
1.55782e-09	0.0228213
1.55786e-09	0.0228155
1.55791e-09	0.0228097
1.55796e-09	0.022804
1.558e-09	0.0227982
1.55805e-09	0.0227924
1.5581e-09	0.0227866
1.55814e-09	0.0227808
1.55819e-09	0.022775
1.55824e-09	0.0227692
1.55828e-09	0.0227634
1.55833e-09	0.0227576
1.55837e-09	0.0227517
1.55842e-09	0.0227459
1.55847e-09	0.0227401
1.55851e-09	0.0227342
1.55856e-09	0.0227284
1.55861e-09	0.0227225
1.55865e-09	0.0227167
1.5587e-09	0.0227108
1.55875e-09	0.0227049
1.55879e-09	0.022699
1.55884e-09	0.0226931
1.55889e-09	0.0226873
1.55893e-09	0.0226814
1.55898e-09	0.0226755
1.55902e-09	0.0226695
1.55907e-09	0.0226636
1.55912e-09	0.0226577
1.55916e-09	0.0226518
1.55921e-09	0.0226459
1.55926e-09	0.0226399
1.5593e-09	0.022634
1.55935e-09	0.022628
1.5594e-09	0.0226221
1.55944e-09	0.0226161
1.55949e-09	0.0226101
1.55953e-09	0.0226042
1.55958e-09	0.0225982
1.55963e-09	0.0225922
1.55967e-09	0.0225862
1.55972e-09	0.0225802
1.55977e-09	0.0225742
1.55981e-09	0.0225682
1.55986e-09	0.0225622
1.55991e-09	0.0225562
1.55995e-09	0.0225502
1.56e-09	0.0225442
1.56005e-09	0.0225381
1.56009e-09	0.0225321
1.56014e-09	0.022526
1.56018e-09	0.02252
1.56023e-09	0.0225139
1.56028e-09	0.0225079
1.56032e-09	0.0225018
1.56037e-09	0.0224958
1.56042e-09	0.0224897
1.56046e-09	0.0224836
1.56051e-09	0.0224775
1.56056e-09	0.0224714
1.5606e-09	0.0224653
1.56065e-09	0.0224592
1.5607e-09	0.0224531
1.56074e-09	0.022447
1.56079e-09	0.0224409
1.56083e-09	0.0224348
1.56088e-09	0.0224286
1.56093e-09	0.0224225
1.56097e-09	0.0224163
1.56102e-09	0.0224102
1.56107e-09	0.0224041
1.56111e-09	0.0223979
1.56116e-09	0.0223917
1.56121e-09	0.0223856
1.56125e-09	0.0223794
1.5613e-09	0.0223732
1.56135e-09	0.022367
1.56139e-09	0.0223608
1.56144e-09	0.0223547
1.56148e-09	0.0223485
1.56153e-09	0.0223423
1.56158e-09	0.022336
1.56162e-09	0.0223298
1.56167e-09	0.0223236
1.56172e-09	0.0223174
1.56176e-09	0.0223112
1.56181e-09	0.0223049
1.56186e-09	0.0222987
1.5619e-09	0.0222924
1.56195e-09	0.0222862
1.562e-09	0.0222799
1.56204e-09	0.0222737
1.56209e-09	0.0222674
1.56213e-09	0.0222611
1.56218e-09	0.0222549
1.56223e-09	0.0222486
1.56227e-09	0.0222423
1.56232e-09	0.022236
1.56237e-09	0.0222297
1.56241e-09	0.0222234
1.56246e-09	0.0222171
1.56251e-09	0.0222108
1.56255e-09	0.0222045
1.5626e-09	0.0221981
1.56264e-09	0.0221918
1.56269e-09	0.0221855
1.56274e-09	0.0221791
1.56278e-09	0.0221728
1.56283e-09	0.0221665
1.56288e-09	0.0221601
1.56292e-09	0.0221537
1.56297e-09	0.0221474
1.56302e-09	0.022141
1.56306e-09	0.0221346
1.56311e-09	0.0221283
1.56316e-09	0.0221219
1.5632e-09	0.0221155
1.56325e-09	0.0221091
1.56329e-09	0.0221027
1.56334e-09	0.0220963
1.56339e-09	0.0220899
1.56343e-09	0.0220835
1.56348e-09	0.0220771
1.56353e-09	0.0220707
1.56357e-09	0.0220642
1.56362e-09	0.0220578
1.56367e-09	0.0220514
1.56371e-09	0.0220449
1.56376e-09	0.0220385
1.56381e-09	0.022032
1.56385e-09	0.0220256
1.5639e-09	0.0220191
1.56394e-09	0.0220127
1.56399e-09	0.0220062
1.56404e-09	0.0219997
1.56408e-09	0.0219932
1.56413e-09	0.0219867
1.56418e-09	0.0219803
1.56422e-09	0.0219738
1.56427e-09	0.0219673
1.56432e-09	0.0219608
1.56436e-09	0.0219543
1.56441e-09	0.0219477
1.56446e-09	0.0219412
1.5645e-09	0.0219347
1.56455e-09	0.0219282
1.56459e-09	0.0219217
1.56464e-09	0.0219151
1.56469e-09	0.0219086
1.56473e-09	0.021902
1.56478e-09	0.0218955
1.56483e-09	0.0218889
1.56487e-09	0.0218824
1.56492e-09	0.0218758
1.56497e-09	0.0218692
1.56501e-09	0.0218627
1.56506e-09	0.0218561
1.56511e-09	0.0218495
1.56515e-09	0.0218429
1.5652e-09	0.0218363
1.56524e-09	0.0218297
1.56529e-09	0.0218231
1.56534e-09	0.0218165
1.56538e-09	0.0218099
1.56543e-09	0.0218033
1.56548e-09	0.0217967
1.56552e-09	0.0217901
1.56557e-09	0.0217834
1.56562e-09	0.0217768
1.56566e-09	0.0217702
1.56571e-09	0.0217635
1.56575e-09	0.0217569
1.5658e-09	0.0217502
1.56585e-09	0.0217436
1.56589e-09	0.0217369
1.56594e-09	0.0217303
1.56599e-09	0.0217236
1.56603e-09	0.0217169
1.56608e-09	0.0217103
1.56613e-09	0.0217036
1.56617e-09	0.0216969
1.56622e-09	0.0216902
1.56627e-09	0.0216835
1.56631e-09	0.0216768
1.56636e-09	0.0216701
1.5664e-09	0.0216634
1.56645e-09	0.0216567
1.5665e-09	0.02165
1.56654e-09	0.0216433
1.56659e-09	0.0216365
1.56664e-09	0.0216298
1.56668e-09	0.0216231
1.56673e-09	0.0216163
1.56678e-09	0.0216096
1.56682e-09	0.0216028
1.56687e-09	0.0215961
1.56692e-09	0.0215893
1.56696e-09	0.0215826
1.56701e-09	0.0215758
1.56705e-09	0.0215691
1.5671e-09	0.0215623
1.56715e-09	0.0215555
1.56719e-09	0.0215487
1.56724e-09	0.0215419
1.56729e-09	0.0215352
1.56733e-09	0.0215284
1.56738e-09	0.0215216
1.56743e-09	0.0215148
1.56747e-09	0.021508
1.56752e-09	0.0215012
1.56757e-09	0.0214943
1.56761e-09	0.0214875
1.56766e-09	0.0214807
1.5677e-09	0.0214739
1.56775e-09	0.021467
1.5678e-09	0.0214602
1.56784e-09	0.0214534
1.56789e-09	0.0214465
1.56794e-09	0.0214397
1.56798e-09	0.0214328
1.56803e-09	0.021426
1.56808e-09	0.0214191
1.56812e-09	0.0214123
1.56817e-09	0.0214054
1.56822e-09	0.0213985
1.56826e-09	0.0213917
1.56831e-09	0.0213848
1.56835e-09	0.0213779
1.5684e-09	0.021371
1.56845e-09	0.0213641
1.56849e-09	0.0213572
1.56854e-09	0.0213503
1.56859e-09	0.0213434
1.56863e-09	0.0213365
1.56868e-09	0.0213296
1.56873e-09	0.0213227
1.56877e-09	0.0213158
1.56882e-09	0.0213089
1.56886e-09	0.0213019
1.56891e-09	0.021295
1.56896e-09	0.0212881
1.569e-09	0.0212811
1.56905e-09	0.0212742
1.5691e-09	0.0212672
1.56914e-09	0.0212603
1.56919e-09	0.0212533
1.56924e-09	0.0212464
1.56928e-09	0.0212394
1.56933e-09	0.0212324
1.56938e-09	0.0212255
1.56942e-09	0.0212185
1.56947e-09	0.0212115
1.56951e-09	0.0212045
1.56956e-09	0.0211976
1.56961e-09	0.0211906
1.56965e-09	0.0211836
1.5697e-09	0.0211766
1.56975e-09	0.0211696
1.56979e-09	0.0211626
1.56984e-09	0.0211556
1.56989e-09	0.0211486
1.56993e-09	0.0211416
1.56998e-09	0.0211345
1.57003e-09	0.0211275
1.57007e-09	0.0211205
1.57012e-09	0.0211135
1.57016e-09	0.0211064
1.57021e-09	0.0210994
1.57026e-09	0.0210923
1.5703e-09	0.0210853
1.57035e-09	0.0210783
1.5704e-09	0.0210712
1.57044e-09	0.0210641
1.57049e-09	0.0210571
1.57054e-09	0.02105
1.57058e-09	0.021043
1.57063e-09	0.0210359
1.57068e-09	0.0210288
1.57072e-09	0.0210217
1.57077e-09	0.0210147
1.57081e-09	0.0210076
1.57086e-09	0.0210005
1.57091e-09	0.0209934
1.57095e-09	0.0209863
1.571e-09	0.0209792
1.57105e-09	0.0209721
1.57109e-09	0.020965
1.57114e-09	0.0209579
1.57119e-09	0.0209508
1.57123e-09	0.0209437
1.57128e-09	0.0209365
1.57133e-09	0.0209294
1.57137e-09	0.0209223
1.57142e-09	0.0209152
1.57146e-09	0.020908
1.57151e-09	0.0209009
1.57156e-09	0.0208937
1.5716e-09	0.0208866
1.57165e-09	0.0208794
1.5717e-09	0.0208723
1.57174e-09	0.0208651
1.57179e-09	0.020858
1.57184e-09	0.0208508
1.57188e-09	0.0208437
1.57193e-09	0.0208365
1.57197e-09	0.0208293
1.57202e-09	0.0208221
1.57207e-09	0.020815
1.57211e-09	0.0208078
1.57216e-09	0.0208006
1.57221e-09	0.0207934
1.57225e-09	0.0207862
1.5723e-09	0.020779
1.57235e-09	0.0207718
1.57239e-09	0.0207646
1.57244e-09	0.0207574
1.57249e-09	0.0207502
1.57253e-09	0.020743
1.57258e-09	0.0207358
1.57262e-09	0.0207285
1.57267e-09	0.0207213
1.57272e-09	0.0207141
1.57276e-09	0.0207069
1.57281e-09	0.0206996
1.57286e-09	0.0206924
1.5729e-09	0.0206852
1.57295e-09	0.0206779
1.573e-09	0.0206707
1.57304e-09	0.0206634
1.57309e-09	0.0206562
1.57314e-09	0.0206489
1.57318e-09	0.0206417
1.57323e-09	0.0206344
1.57327e-09	0.0206271
1.57332e-09	0.0206199
1.57337e-09	0.0206126
1.57341e-09	0.0206053
1.57346e-09	0.020598
1.57351e-09	0.0205907
1.57355e-09	0.0205835
1.5736e-09	0.0205762
1.57365e-09	0.0205689
1.57369e-09	0.0205616
1.57374e-09	0.0205543
1.57379e-09	0.020547
1.57383e-09	0.0205397
1.57388e-09	0.0205324
1.57392e-09	0.0205251
1.57397e-09	0.0205178
1.57402e-09	0.0205104
1.57406e-09	0.0205031
1.57411e-09	0.0204958
1.57416e-09	0.0204885
1.5742e-09	0.0204812
1.57425e-09	0.0204738
1.5743e-09	0.0204665
1.57434e-09	0.0204591
1.57439e-09	0.0204518
1.57443e-09	0.0204445
1.57448e-09	0.0204371
1.57453e-09	0.0204298
1.57457e-09	0.0204224
1.57462e-09	0.0204151
1.57467e-09	0.0204077
1.57471e-09	0.0204003
1.57476e-09	0.020393
1.57481e-09	0.0203856
1.57485e-09	0.0203782
1.5749e-09	0.0203709
1.57495e-09	0.0203635
1.57499e-09	0.0203561
1.57504e-09	0.0203487
1.57508e-09	0.0203413
1.57513e-09	0.020334
1.57518e-09	0.0203266
1.57522e-09	0.0203192
1.57527e-09	0.0203118
1.57532e-09	0.0203044
1.57536e-09	0.020297
1.57541e-09	0.0202896
1.57546e-09	0.0202822
1.5755e-09	0.0202747
1.57555e-09	0.0202673
1.5756e-09	0.0202599
1.57564e-09	0.0202525
1.57569e-09	0.0202451
1.57573e-09	0.0202376
1.57578e-09	0.0202302
1.57583e-09	0.0202228
1.57587e-09	0.0202154
1.57592e-09	0.0202079
1.57597e-09	0.0202005
1.57601e-09	0.020193
1.57606e-09	0.0201856
1.57611e-09	0.0201781
1.57615e-09	0.0201707
1.5762e-09	0.0201632
1.57625e-09	0.0201558
1.57629e-09	0.0201483
1.57634e-09	0.0201409
1.57638e-09	0.0201334
1.57643e-09	0.0201259
1.57648e-09	0.0201185
1.57652e-09	0.020111
1.57657e-09	0.0201035
1.57662e-09	0.020096
1.57666e-09	0.0200885
1.57671e-09	0.0200811
1.57676e-09	0.0200736
1.5768e-09	0.0200661
1.57685e-09	0.0200586
1.5769e-09	0.0200511
1.57694e-09	0.0200436
1.57699e-09	0.0200361
1.57703e-09	0.0200286
1.57708e-09	0.0200211
1.57713e-09	0.0200136
1.57717e-09	0.0200061
1.57722e-09	0.0199986
1.57727e-09	0.0199911
1.57731e-09	0.0199835
1.57736e-09	0.019976
1.57741e-09	0.0199685
1.57745e-09	0.019961
1.5775e-09	0.0199534
1.57754e-09	0.0199459
1.57759e-09	0.0199384
1.57764e-09	0.0199308
1.57768e-09	0.0199233
1.57773e-09	0.0199158
1.57778e-09	0.0199082
1.57782e-09	0.0199007
1.57787e-09	0.0198931
1.57792e-09	0.0198856
1.57796e-09	0.019878
1.57801e-09	0.0198705
1.57806e-09	0.0198629
1.5781e-09	0.0198553
1.57815e-09	0.0198478
1.57819e-09	0.0198402
1.57824e-09	0.0198326
1.57829e-09	0.0198251
1.57833e-09	0.0198175
1.57838e-09	0.0198099
1.57843e-09	0.0198023
1.57847e-09	0.0197948
1.57852e-09	0.0197872
1.57857e-09	0.0197796
1.57861e-09	0.019772
1.57866e-09	0.0197644
1.57871e-09	0.0197568
1.57875e-09	0.0197492
1.5788e-09	0.0197416
1.57884e-09	0.019734
1.57889e-09	0.0197264
1.57894e-09	0.0197188
1.57898e-09	0.0197112
1.57903e-09	0.0197036
1.57908e-09	0.019696
1.57912e-09	0.0196884
1.57917e-09	0.0196808
1.57922e-09	0.0196731
1.57926e-09	0.0196655
1.57931e-09	0.0196579
1.57936e-09	0.0196503
1.5794e-09	0.0196426
1.57945e-09	0.019635
1.57949e-09	0.0196274
1.57954e-09	0.0196197
1.57959e-09	0.0196121
1.57963e-09	0.0196045
1.57968e-09	0.0195968
1.57973e-09	0.0195892
1.57977e-09	0.0195815
1.57982e-09	0.0195739
1.57987e-09	0.0195662
1.57991e-09	0.0195586
1.57996e-09	0.0195509
1.58001e-09	0.0195433
1.58005e-09	0.0195356
1.5801e-09	0.0195279
1.58014e-09	0.0195203
1.58019e-09	0.0195126
1.58024e-09	0.0195049
1.58028e-09	0.0194973
1.58033e-09	0.0194896
1.58038e-09	0.0194819
1.58042e-09	0.0194743
1.58047e-09	0.0194666
1.58052e-09	0.0194589
1.58056e-09	0.0194512
1.58061e-09	0.0194435
1.58065e-09	0.0194358
1.5807e-09	0.0194281
1.58075e-09	0.0194205
1.58079e-09	0.0194128
1.58084e-09	0.0194051
1.58089e-09	0.0193974
1.58093e-09	0.0193897
1.58098e-09	0.019382
1.58103e-09	0.0193743
1.58107e-09	0.0193666
1.58112e-09	0.0193588
1.58117e-09	0.0193511
1.58121e-09	0.0193434
1.58126e-09	0.0193357
1.5813e-09	0.019328
1.58135e-09	0.0193203
1.5814e-09	0.0193125
1.58144e-09	0.0193048
1.58149e-09	0.0192971
1.58154e-09	0.0192894
1.58158e-09	0.0192816
1.58163e-09	0.0192739
1.58168e-09	0.0192662
1.58172e-09	0.0192584
1.58177e-09	0.0192507
1.58182e-09	0.019243
1.58186e-09	0.0192352
1.58191e-09	0.0192275
1.58195e-09	0.0192197
1.582e-09	0.019212
1.58205e-09	0.0192042
1.58209e-09	0.0191965
1.58214e-09	0.0191887
1.58219e-09	0.019181
1.58223e-09	0.0191732
1.58228e-09	0.0191655
1.58233e-09	0.0191577
1.58237e-09	0.01915
1.58242e-09	0.0191422
1.58247e-09	0.0191344
1.58251e-09	0.0191267
1.58256e-09	0.0191189
1.5826e-09	0.0191111
1.58265e-09	0.0191033
1.5827e-09	0.0190956
1.58274e-09	0.0190878
1.58279e-09	0.01908
1.58284e-09	0.0190722
1.58288e-09	0.0190644
1.58293e-09	0.0190567
1.58298e-09	0.0190489
1.58302e-09	0.0190411
1.58307e-09	0.0190333
1.58312e-09	0.0190255
1.58316e-09	0.0190177
1.58321e-09	0.0190099
1.58325e-09	0.0190021
1.5833e-09	0.0189943
1.58335e-09	0.0189865
1.58339e-09	0.0189787
1.58344e-09	0.0189709
1.58349e-09	0.0189631
1.58353e-09	0.0189553
1.58358e-09	0.0189475
1.58363e-09	0.0189397
1.58367e-09	0.0189319
1.58372e-09	0.0189241
1.58376e-09	0.0189162
1.58381e-09	0.0189084
1.58386e-09	0.0189006
1.5839e-09	0.0188928
1.58395e-09	0.018885
1.584e-09	0.0188771
1.58404e-09	0.0188693
1.58409e-09	0.0188615
1.58414e-09	0.0188537
1.58418e-09	0.0188458
1.58423e-09	0.018838
1.58428e-09	0.0188302
1.58432e-09	0.0188223
1.58437e-09	0.0188145
1.58441e-09	0.0188067
1.58446e-09	0.0187988
1.58451e-09	0.018791
1.58455e-09	0.0187831
1.5846e-09	0.0187753
1.58465e-09	0.0187674
1.58469e-09	0.0187596
1.58474e-09	0.0187517
1.58479e-09	0.0187439
1.58483e-09	0.018736
1.58488e-09	0.0187282
1.58493e-09	0.0187203
1.58497e-09	0.0187125
1.58502e-09	0.0187046
1.58506e-09	0.0186967
1.58511e-09	0.0186889
1.58516e-09	0.018681
1.5852e-09	0.0186731
1.58525e-09	0.0186653
1.5853e-09	0.0186574
1.58534e-09	0.0186495
1.58539e-09	0.0186417
1.58544e-09	0.0186338
1.58548e-09	0.0186259
1.58553e-09	0.018618
1.58558e-09	0.0186102
1.58562e-09	0.0186023
1.58567e-09	0.0185944
1.58571e-09	0.0185865
1.58576e-09	0.0185786
1.58581e-09	0.0185708
1.58585e-09	0.0185629
1.5859e-09	0.018555
1.58595e-09	0.0185471
1.58599e-09	0.0185392
1.58604e-09	0.0185313
1.58609e-09	0.0185234
1.58613e-09	0.0185155
1.58618e-09	0.0185076
1.58623e-09	0.0184997
1.58627e-09	0.0184918
1.58632e-09	0.0184839
1.58636e-09	0.018476
1.58641e-09	0.0184681
1.58646e-09	0.0184602
1.5865e-09	0.0184523
1.58655e-09	0.0184444
1.5866e-09	0.0184365
1.58664e-09	0.0184286
1.58669e-09	0.0184207
1.58674e-09	0.0184128
1.58678e-09	0.0184049
1.58683e-09	0.0183969
1.58687e-09	0.018389
1.58692e-09	0.0183811
1.58697e-09	0.0183732
1.58701e-09	0.0183653
1.58706e-09	0.0183574
1.58711e-09	0.0183494
1.58715e-09	0.0183415
1.5872e-09	0.0183336
1.58725e-09	0.0183257
1.58729e-09	0.0183177
1.58734e-09	0.0183098
1.58739e-09	0.0183019
1.58743e-09	0.0182939
1.58748e-09	0.018286
1.58752e-09	0.0182781
1.58757e-09	0.0182701
1.58762e-09	0.0182622
1.58766e-09	0.0182543
1.58771e-09	0.0182463
1.58776e-09	0.0182384
1.5878e-09	0.0182304
1.58785e-09	0.0182225
1.5879e-09	0.0182146
1.58794e-09	0.0182066
1.58799e-09	0.0181987
1.58804e-09	0.0181907
1.58808e-09	0.0181828
1.58813e-09	0.0181748
1.58817e-09	0.0181669
1.58822e-09	0.0181589
1.58827e-09	0.018151
1.58831e-09	0.018143
1.58836e-09	0.0181351
1.58841e-09	0.0181271
1.58845e-09	0.0181191
1.5885e-09	0.0181112
1.58855e-09	0.0181032
1.58859e-09	0.0180953
1.58864e-09	0.0180873
1.58869e-09	0.0180793
1.58873e-09	0.0180714
1.58878e-09	0.0180634
1.58882e-09	0.0180554
1.58887e-09	0.0180475
1.58892e-09	0.0180395
1.58896e-09	0.0180315
1.58901e-09	0.0180236
1.58906e-09	0.0180156
1.5891e-09	0.0180076
1.58915e-09	0.0179997
1.5892e-09	0.0179917
1.58924e-09	0.0179837
1.58929e-09	0.0179757
1.58934e-09	0.0179678
1.58938e-09	0.0179598
1.58943e-09	0.0179518
1.58947e-09	0.0179438
1.58952e-09	0.0179358
1.58957e-09	0.0179279
1.58961e-09	0.0179199
1.58966e-09	0.0179119
1.58971e-09	0.0179039
1.58975e-09	0.0178959
1.5898e-09	0.0178879
1.58985e-09	0.0178799
1.58989e-09	0.017872
1.58994e-09	0.017864
1.58998e-09	0.017856
1.59003e-09	0.017848
1.59008e-09	0.01784
1.59012e-09	0.017832
1.59017e-09	0.017824
1.59022e-09	0.017816
1.59026e-09	0.017808
1.59031e-09	0.0178
1.59036e-09	0.017792
1.5904e-09	0.017784
1.59045e-09	0.017776
1.5905e-09	0.017768
1.59054e-09	0.01776
1.59059e-09	0.017752
1.59063e-09	0.017744
1.59068e-09	0.017736
1.59073e-09	0.017728
1.59077e-09	0.01772
1.59082e-09	0.017712
1.59087e-09	0.017704
1.59091e-09	0.017696
1.59096e-09	0.017688
1.59101e-09	0.01768
1.59105e-09	0.0176719
1.5911e-09	0.0176639
1.59115e-09	0.0176559
1.59119e-09	0.0176479
1.59124e-09	0.0176399
1.59128e-09	0.0176319
1.59133e-09	0.0176239
1.59138e-09	0.0176159
1.59142e-09	0.0176078
1.59147e-09	0.0175998
1.59152e-09	0.0175918
1.59156e-09	0.0175838
1.59161e-09	0.0175758
1.59166e-09	0.0175677
1.5917e-09	0.0175597
1.59175e-09	0.0175517
1.5918e-09	0.0175437
1.59184e-09	0.0175357
1.59189e-09	0.0175276
1.59193e-09	0.0175196
1.59198e-09	0.0175116
1.59203e-09	0.0175036
1.59207e-09	0.0174955
1.59212e-09	0.0174875
1.59217e-09	0.0174795
1.59221e-09	0.0174714
1.59226e-09	0.0174634
1.59231e-09	0.0174554
1.59235e-09	0.0174473
1.5924e-09	0.0174393
1.59244e-09	0.0174313
1.59249e-09	0.0174233
1.59254e-09	0.0174152
1.59258e-09	0.0174072
1.59263e-09	0.0173991
1.59268e-09	0.0173911
1.59272e-09	0.0173831
1.59277e-09	0.017375
1.59282e-09	0.017367
1.59286e-09	0.017359
1.59291e-09	0.0173509
1.59296e-09	0.0173429
1.593e-09	0.0173349
1.59305e-09	0.0173268
1.59309e-09	0.0173188
1.59314e-09	0.0173107
1.59319e-09	0.0173027
1.59323e-09	0.0172946
1.59328e-09	0.0172866
1.59333e-09	0.0172786
1.59337e-09	0.0172705
1.59342e-09	0.0172625
1.59347e-09	0.0172544
1.59351e-09	0.0172464
1.59356e-09	0.0172383
1.59361e-09	0.0172303
1.59365e-09	0.0172222
1.5937e-09	0.0172142
1.59374e-09	0.0172061
1.59379e-09	0.0171981
1.59384e-09	0.01719
1.59388e-09	0.017182
1.59393e-09	0.0171739
1.59398e-09	0.0171659
1.59402e-09	0.0171578
1.59407e-09	0.0171498
1.59412e-09	0.0171417
1.59416e-09	0.0171337
1.59421e-09	0.0171256
1.59426e-09	0.0171176
1.5943e-09	0.0171095
1.59435e-09	0.0171015
1.59439e-09	0.0170934
1.59444e-09	0.0170854
1.59449e-09	0.0170773
1.59453e-09	0.0170693
1.59458e-09	0.0170612
1.59463e-09	0.0170531
1.59467e-09	0.0170451
1.59472e-09	0.017037
1.59477e-09	0.017029
1.59481e-09	0.0170209
1.59486e-09	0.0170128
1.59491e-09	0.0170048
1.59495e-09	0.0169967
1.595e-09	0.0169887
1.59504e-09	0.0169806
1.59509e-09	0.0169726
1.59514e-09	0.0169645
1.59518e-09	0.0169564
1.59523e-09	0.0169484
1.59528e-09	0.0169403
1.59532e-09	0.0169322
1.59537e-09	0.0169242
1.59542e-09	0.0169161
1.59546e-09	0.0169081
1.59551e-09	0.0169
1.59555e-09	0.0168919
1.5956e-09	0.0168839
1.59565e-09	0.0168758
1.59569e-09	0.0168677
1.59574e-09	0.0168597
1.59579e-09	0.0168516
1.59583e-09	0.0168435
1.59588e-09	0.0168355
1.59593e-09	0.0168274
1.59597e-09	0.0168193
1.59602e-09	0.0168113
1.59607e-09	0.0168032
1.59611e-09	0.0167951
1.59616e-09	0.0167871
1.5962e-09	0.016779
1.59625e-09	0.0167709
1.5963e-09	0.0167629
1.59634e-09	0.0167548
1.59639e-09	0.0167467
1.59644e-09	0.0167387
1.59648e-09	0.0167306
1.59653e-09	0.0167225
1.59658e-09	0.0167145
1.59662e-09	0.0167064
1.59667e-09	0.0166983
1.59672e-09	0.0166902
1.59676e-09	0.0166822
1.59681e-09	0.0166741
1.59685e-09	0.016666
1.5969e-09	0.016658
1.59695e-09	0.0166499
1.59699e-09	0.0166418
1.59704e-09	0.0166337
1.59709e-09	0.0166257
1.59713e-09	0.0166176
1.59718e-09	0.0166095
1.59723e-09	0.0166015
1.59727e-09	0.0165934
1.59732e-09	0.0165853
1.59737e-09	0.0165772
1.59741e-09	0.0165692
1.59746e-09	0.0165611
1.5975e-09	0.016553
1.59755e-09	0.016545
1.5976e-09	0.0165369
1.59764e-09	0.0165288
1.59769e-09	0.0165207
1.59774e-09	0.0165127
1.59778e-09	0.0165046
1.59783e-09	0.0164965
1.59788e-09	0.0164884
1.59792e-09	0.0164804
1.59797e-09	0.0164723
1.59802e-09	0.0164642
1.59806e-09	0.0164562
1.59811e-09	0.0164481
1.59815e-09	0.01644
1.5982e-09	0.0164319
1.59825e-09	0.0164239
1.59829e-09	0.0164158
1.59834e-09	0.0164077
1.59839e-09	0.0163996
1.59843e-09	0.0163916
1.59848e-09	0.0163835
1.59853e-09	0.0163754
1.59857e-09	0.0163673
1.59862e-09	0.0163593
1.59866e-09	0.0163512
1.59871e-09	0.0163431
1.59876e-09	0.016335
1.5988e-09	0.016327
1.59885e-09	0.0163189
1.5989e-09	0.0163108
1.59894e-09	0.0163028
1.59899e-09	0.0162947
1.59904e-09	0.0162866
1.59908e-09	0.0162785
1.59913e-09	0.0162705
1.59918e-09	0.0162624
1.59922e-09	0.0162543
1.59927e-09	0.0162462
1.59931e-09	0.0162382
1.59936e-09	0.0162301
1.59941e-09	0.016222
1.59945e-09	0.0162139
1.5995e-09	0.0162059
1.59955e-09	0.0161978
1.59959e-09	0.0161897
1.59964e-09	0.0161817
1.59969e-09	0.0161736
1.59973e-09	0.0161655
1.59978e-09	0.0161574
1.59983e-09	0.0161494
1.59987e-09	0.0161413
1.59992e-09	0.0161332
1.59996e-09	0.0161252
1.60001e-09	0.0161171
1.60006e-09	0.016109
1.6001e-09	0.0161009
1.60015e-09	0.0160929
1.6002e-09	0.0160848
1.60024e-09	0.0160767
1.60029e-09	0.0160687
1.60034e-09	0.0160606
1.60038e-09	0.0160525
1.60043e-09	0.0160444
1.60048e-09	0.0160364
1.60052e-09	0.0160283
1.60057e-09	0.0160202
1.60061e-09	0.0160122
1.60066e-09	0.0160041
1.60071e-09	0.015996
1.60075e-09	0.015988
1.6008e-09	0.0159799
1.60085e-09	0.0159718
1.60089e-09	0.0159637
1.60094e-09	0.0159557
1.60099e-09	0.0159476
1.60103e-09	0.0159395
1.60108e-09	0.0159315
1.60113e-09	0.0159234
1.60117e-09	0.0159153
1.60122e-09	0.0159073
1.60126e-09	0.0158992
1.60131e-09	0.0158911
1.60136e-09	0.0158831
1.6014e-09	0.015875
1.60145e-09	0.015867
1.6015e-09	0.0158589
1.60154e-09	0.0158508
1.60159e-09	0.0158428
1.60164e-09	0.0158347
1.60168e-09	0.0158266
1.60173e-09	0.0158186
1.60177e-09	0.0158105
1.60182e-09	0.0158024
1.60187e-09	0.0157944
1.60191e-09	0.0157863
1.60196e-09	0.0157783
1.60201e-09	0.0157702
1.60205e-09	0.0157621
1.6021e-09	0.0157541
1.60215e-09	0.015746
1.60219e-09	0.0157379
1.60224e-09	0.0157299
1.60229e-09	0.0157218
1.60233e-09	0.0157138
1.60238e-09	0.0157057
1.60242e-09	0.0156977
1.60247e-09	0.0156896
1.60252e-09	0.0156815
1.60256e-09	0.0156735
1.60261e-09	0.0156654
1.60266e-09	0.0156574
1.6027e-09	0.0156493
1.60275e-09	0.0156413
1.6028e-09	0.0156332
1.60284e-09	0.0156251
1.60289e-09	0.0156171
1.60294e-09	0.015609
1.60298e-09	0.015601
1.60303e-09	0.0155929
1.60307e-09	0.0155849
1.60312e-09	0.0155768
1.60317e-09	0.0155688
1.60321e-09	0.0155607
1.60326e-09	0.0155527
1.60331e-09	0.0155446
1.60335e-09	0.0155366
1.6034e-09	0.0155285
1.60345e-09	0.0155205
1.60349e-09	0.0155124
1.60354e-09	0.0155044
1.60359e-09	0.0154963
1.60363e-09	0.0154883
1.60368e-09	0.0154802
1.60372e-09	0.0154722
1.60377e-09	0.0154641
1.60382e-09	0.0154561
1.60386e-09	0.015448
1.60391e-09	0.01544
1.60396e-09	0.0154319
1.604e-09	0.0154239
1.60405e-09	0.0154159
1.6041e-09	0.0154078
1.60414e-09	0.0153998
1.60419e-09	0.0153917
1.60424e-09	0.0153837
1.60428e-09	0.0153757
1.60433e-09	0.0153676
1.60437e-09	0.0153596
1.60442e-09	0.0153515
1.60447e-09	0.0153435
1.60451e-09	0.0153355
1.60456e-09	0.0153274
1.60461e-09	0.0153194
1.60465e-09	0.0153113
1.6047e-09	0.0153033
1.60475e-09	0.0152953
1.60479e-09	0.0152872
1.60484e-09	0.0152792
1.60488e-09	0.0152712
1.60493e-09	0.0152631
1.60498e-09	0.0152551
1.60502e-09	0.0152471
1.60507e-09	0.015239
1.60512e-09	0.015231
1.60516e-09	0.015223
1.60521e-09	0.015215
1.60526e-09	0.0152069
1.6053e-09	0.0151989
1.60535e-09	0.0151909
1.6054e-09	0.0151828
1.60544e-09	0.0151748
1.60549e-09	0.0151668
1.60553e-09	0.0151588
1.60558e-09	0.0151507
1.60563e-09	0.0151427
1.60567e-09	0.0151347
1.60572e-09	0.0151267
1.60577e-09	0.0151187
1.60581e-09	0.0151106
1.60586e-09	0.0151026
1.60591e-09	0.0150946
1.60595e-09	0.0150866
1.606e-09	0.0150786
1.60605e-09	0.0150705
1.60609e-09	0.0150625
1.60614e-09	0.0150545
1.60618e-09	0.0150465
1.60623e-09	0.0150385
1.60628e-09	0.0150305
1.60632e-09	0.0150224
1.60637e-09	0.0150144
1.60642e-09	0.0150064
1.60646e-09	0.0149984
1.60651e-09	0.0149904
1.60656e-09	0.0149824
1.6066e-09	0.0149744
1.60665e-09	0.0149664
1.6067e-09	0.0149584
1.60674e-09	0.0149504
1.60679e-09	0.0149423
1.60683e-09	0.0149343
1.60688e-09	0.0149263
1.60693e-09	0.0149183
1.60697e-09	0.0149103
1.60702e-09	0.0149023
1.60707e-09	0.0148943
1.60711e-09	0.0148863
1.60716e-09	0.0148783
1.60721e-09	0.0148703
1.60725e-09	0.0148623
1.6073e-09	0.0148543
1.60734e-09	0.0148463
1.60739e-09	0.0148383
1.60744e-09	0.0148303
1.60748e-09	0.0148223
1.60753e-09	0.0148143
1.60758e-09	0.0148063
1.60762e-09	0.0147984
1.60767e-09	0.0147904
1.60772e-09	0.0147824
1.60776e-09	0.0147744
1.60781e-09	0.0147664
1.60786e-09	0.0147584
1.6079e-09	0.0147504
1.60795e-09	0.0147424
1.60799e-09	0.0147344
1.60804e-09	0.0147265
1.60809e-09	0.0147185
1.60813e-09	0.0147105
1.60818e-09	0.0147025
1.60823e-09	0.0146945
1.60827e-09	0.0146865
1.60832e-09	0.0146786
1.60837e-09	0.0146706
1.60841e-09	0.0146626
1.60846e-09	0.0146546
1.60851e-09	0.0146467
1.60855e-09	0.0146387
1.6086e-09	0.0146307
1.60864e-09	0.0146227
1.60869e-09	0.0146148
1.60874e-09	0.0146068
1.60878e-09	0.0145988
1.60883e-09	0.0145908
1.60888e-09	0.0145829
1.60892e-09	0.0145749
1.60897e-09	0.0145669
1.60902e-09	0.014559
1.60906e-09	0.014551
1.60911e-09	0.014543
1.60916e-09	0.0145351
1.6092e-09	0.0145271
1.60925e-09	0.0145191
1.60929e-09	0.0145112
1.60934e-09	0.0145032
1.60939e-09	0.0144953
1.60943e-09	0.0144873
1.60948e-09	0.0144793
1.60953e-09	0.0144714
1.60957e-09	0.0144634
1.60962e-09	0.0144555
1.60967e-09	0.0144475
1.60971e-09	0.0144396
1.60976e-09	0.0144316
1.60981e-09	0.0144237
1.60985e-09	0.0144157
1.6099e-09	0.0144078
1.60994e-09	0.0143998
1.60999e-09	0.0143919
1.61004e-09	0.0143839
1.61008e-09	0.014376
1.61013e-09	0.014368
1.61018e-09	0.0143601
1.61022e-09	0.0143522
1.61027e-09	0.0143442
1.61032e-09	0.0143363
1.61036e-09	0.0143283
1.61041e-09	0.0143204
1.61045e-09	0.0143125
1.6105e-09	0.0143045
1.61055e-09	0.0142966
1.61059e-09	0.0142887
1.61064e-09	0.0142807
1.61069e-09	0.0142728
1.61073e-09	0.0142649
1.61078e-09	0.0142569
1.61083e-09	0.014249
1.61087e-09	0.0142411
1.61092e-09	0.0142331
1.61097e-09	0.0142252
1.61101e-09	0.0142173
1.61106e-09	0.0142094
1.6111e-09	0.0142015
1.61115e-09	0.0141935
1.6112e-09	0.0141856
1.61124e-09	0.0141777
1.61129e-09	0.0141698
1.61134e-09	0.0141619
1.61138e-09	0.0141539
1.61143e-09	0.014146
1.61148e-09	0.0141381
1.61152e-09	0.0141302
1.61157e-09	0.0141223
1.61162e-09	0.0141144
1.61166e-09	0.0141065
1.61171e-09	0.0140986
1.61175e-09	0.0140907
1.6118e-09	0.0140827
1.61185e-09	0.0140748
1.61189e-09	0.0140669
1.61194e-09	0.014059
1.61199e-09	0.0140511
1.61203e-09	0.0140432
1.61208e-09	0.0140353
1.61213e-09	0.0140274
1.61217e-09	0.0140195
1.61222e-09	0.0140116
1.61227e-09	0.0140037
1.61231e-09	0.0139959
1.61236e-09	0.013988
1.6124e-09	0.0139801
1.61245e-09	0.0139722
1.6125e-09	0.0139643
1.61254e-09	0.0139564
1.61259e-09	0.0139485
1.61264e-09	0.0139406
1.61268e-09	0.0139328
1.61273e-09	0.0139249
1.61278e-09	0.013917
1.61282e-09	0.0139091
1.61287e-09	0.0139012
1.61292e-09	0.0138933
1.61296e-09	0.0138855
1.61301e-09	0.0138776
1.61305e-09	0.0138697
1.6131e-09	0.0138618
1.61315e-09	0.013854
1.61319e-09	0.0138461
1.61324e-09	0.0138382
1.61329e-09	0.0138304
1.61333e-09	0.0138225
1.61338e-09	0.0138146
1.61343e-09	0.0138068
1.61347e-09	0.0137989
1.61352e-09	0.013791
1.61356e-09	0.0137832
1.61361e-09	0.0137753
1.61366e-09	0.0137675
1.6137e-09	0.0137596
1.61375e-09	0.0137517
1.6138e-09	0.0137439
1.61384e-09	0.013736
1.61389e-09	0.0137282
1.61394e-09	0.0137203
1.61398e-09	0.0137125
1.61403e-09	0.0137046
1.61408e-09	0.0136968
1.61412e-09	0.0136889
1.61417e-09	0.0136811
1.61421e-09	0.0136733
1.61426e-09	0.0136654
1.61431e-09	0.0136576
1.61435e-09	0.0136497
1.6144e-09	0.0136419
1.61445e-09	0.0136341
1.61449e-09	0.0136262
1.61454e-09	0.0136184
1.61459e-09	0.0136106
1.61463e-09	0.0136027
1.61468e-09	0.0135949
1.61473e-09	0.0135871
1.61477e-09	0.0135792
1.61482e-09	0.0135714
1.61486e-09	0.0135636
1.61491e-09	0.0135558
1.61496e-09	0.0135479
1.615e-09	0.0135401
1.61505e-09	0.0135323
1.6151e-09	0.0135245
1.61514e-09	0.0135167
1.61519e-09	0.0135088
1.61524e-09	0.013501
1.61528e-09	0.0134932
1.61533e-09	0.0134854
1.61538e-09	0.0134776
1.61542e-09	0.0134698
1.61547e-09	0.013462
1.61551e-09	0.0134542
1.61556e-09	0.0134464
1.61561e-09	0.0134386
1.61565e-09	0.0134308
1.6157e-09	0.013423
1.61575e-09	0.0134152
1.61579e-09	0.0134074
1.61584e-09	0.0133996
1.61589e-09	0.0133918
1.61593e-09	0.013384
1.61598e-09	0.0133762
1.61603e-09	0.0133684
1.61607e-09	0.0133606
1.61612e-09	0.0133528
1.61616e-09	0.013345
1.61621e-09	0.0133373
1.61626e-09	0.0133295
1.6163e-09	0.0133217
1.61635e-09	0.0133139
1.6164e-09	0.0133061
1.61644e-09	0.0132983
1.61649e-09	0.0132906
1.61654e-09	0.0132828
1.61658e-09	0.013275
1.61663e-09	0.0132672
1.61667e-09	0.0132595
1.61672e-09	0.0132517
1.61677e-09	0.0132439
1.61681e-09	0.0132362
1.61686e-09	0.0132284
1.61691e-09	0.0132206
1.61695e-09	0.0132129
1.617e-09	0.0132051
1.61705e-09	0.0131974
1.61709e-09	0.0131896
1.61714e-09	0.0131818
1.61719e-09	0.0131741
1.61723e-09	0.0131663
1.61728e-09	0.0131586
1.61732e-09	0.0131508
1.61737e-09	0.0131431
1.61742e-09	0.0131353
1.61746e-09	0.0131276
1.61751e-09	0.0131198
1.61756e-09	0.0131121
1.6176e-09	0.0131044
1.61765e-09	0.0130966
1.6177e-09	0.0130889
1.61774e-09	0.0130811
1.61779e-09	0.0130734
1.61784e-09	0.0130657
1.61788e-09	0.0130579
1.61793e-09	0.0130502
1.61797e-09	0.0130425
1.61802e-09	0.0130348
1.61807e-09	0.013027
1.61811e-09	0.0130193
1.61816e-09	0.0130116
1.61821e-09	0.0130039
1.61825e-09	0.0129961
1.6183e-09	0.0129884
1.61835e-09	0.0129807
1.61839e-09	0.012973
1.61844e-09	0.0129653
1.61849e-09	0.0129576
1.61853e-09	0.0129499
1.61858e-09	0.0129421
1.61862e-09	0.0129344
1.61867e-09	0.0129267
1.61872e-09	0.012919
1.61876e-09	0.0129113
1.61881e-09	0.0129036
1.61886e-09	0.0128959
1.6189e-09	0.0128882
1.61895e-09	0.0128805
1.619e-09	0.0128728
1.61904e-09	0.0128651
1.61909e-09	0.0128574
1.61914e-09	0.0128498
1.61918e-09	0.0128421
1.61923e-09	0.0128344
1.61927e-09	0.0128267
1.61932e-09	0.012819
1.61937e-09	0.0128113
1.61941e-09	0.0128036
1.61946e-09	0.012796
1.61951e-09	0.0127883
1.61955e-09	0.0127806
1.6196e-09	0.0127729
1.61965e-09	0.0127653
1.61969e-09	0.0127576
1.61974e-09	0.0127499
1.61978e-09	0.0127423
1.61983e-09	0.0127346
1.61988e-09	0.0127269
1.61992e-09	0.0127193
1.61997e-09	0.0127116
1.62002e-09	0.0127039
1.62006e-09	0.0126963
1.62011e-09	0.0126886
1.62016e-09	0.012681
1.6202e-09	0.0126733
1.62025e-09	0.0126657
1.6203e-09	0.012658
1.62034e-09	0.0126504
1.62039e-09	0.0126427
1.62043e-09	0.0126351
1.62048e-09	0.0126274
1.62053e-09	0.0126198
1.62057e-09	0.0126122
1.62062e-09	0.0126045
1.62067e-09	0.0125969
1.62071e-09	0.0125892
1.62076e-09	0.0125816
1.62081e-09	0.012574
1.62085e-09	0.0125664
1.6209e-09	0.0125587
1.62095e-09	0.0125511
1.62099e-09	0.0125435
1.62104e-09	0.0125359
1.62108e-09	0.0125282
1.62113e-09	0.0125206
1.62118e-09	0.012513
1.62122e-09	0.0125054
1.62127e-09	0.0124978
1.62132e-09	0.0124902
1.62136e-09	0.0124825
1.62141e-09	0.0124749
1.62146e-09	0.0124673
1.6215e-09	0.0124597
1.62155e-09	0.0124521
1.6216e-09	0.0124445
1.62164e-09	0.0124369
1.62169e-09	0.0124293
1.62173e-09	0.0124217
1.62178e-09	0.0124141
1.62183e-09	0.0124065
1.62187e-09	0.0123989
1.62192e-09	0.0123913
1.62197e-09	0.0123838
1.62201e-09	0.0123762
1.62206e-09	0.0123686
1.62211e-09	0.012361
1.62215e-09	0.0123534
1.6222e-09	0.0123458
1.62225e-09	0.0123383
1.62229e-09	0.0123307
1.62234e-09	0.0123231
1.62238e-09	0.0123155
1.62243e-09	0.012308
1.62248e-09	0.0123004
1.62252e-09	0.0122928
1.62257e-09	0.0122853
1.62262e-09	0.0122777
1.62266e-09	0.0122701
1.62271e-09	0.0122626
1.62276e-09	0.012255
1.6228e-09	0.0122475
1.62285e-09	0.0122399
1.62289e-09	0.0122324
1.62294e-09	0.0122248
1.62299e-09	0.0122173
1.62303e-09	0.0122097
1.62308e-09	0.0122022
1.62313e-09	0.0121946
1.62317e-09	0.0121871
1.62322e-09	0.0121795
1.62327e-09	0.012172
1.62331e-09	0.0121645
1.62336e-09	0.0121569
1.62341e-09	0.0121494
1.62345e-09	0.0121419
1.6235e-09	0.0121343
1.62354e-09	0.0121268
1.62359e-09	0.0121193
1.62364e-09	0.0121118
1.62368e-09	0.0121042
1.62373e-09	0.0120967
1.62378e-09	0.0120892
1.62382e-09	0.0120817
1.62387e-09	0.0120742
1.62392e-09	0.0120667
1.62396e-09	0.0120591
1.62401e-09	0.0120516
1.62406e-09	0.0120441
1.6241e-09	0.0120366
1.62415e-09	0.0120291
1.62419e-09	0.0120216
1.62424e-09	0.0120141
1.62429e-09	0.0120066
1.62433e-09	0.0119991
1.62438e-09	0.0119916
1.62443e-09	0.0119841
1.62447e-09	0.0119767
1.62452e-09	0.0119692
1.62457e-09	0.0119617
1.62461e-09	0.0119542
1.62466e-09	0.0119467
1.62471e-09	0.0119392
1.62475e-09	0.0119317
1.6248e-09	0.0119243
1.62484e-09	0.0119168
1.62489e-09	0.0119093
1.62494e-09	0.0119019
1.62498e-09	0.0118944
1.62503e-09	0.0118869
1.62508e-09	0.0118794
1.62512e-09	0.011872
1.62517e-09	0.0118645
1.62522e-09	0.0118571
1.62526e-09	0.0118496
1.62531e-09	0.0118421
1.62535e-09	0.0118347
1.6254e-09	0.0118272
1.62545e-09	0.0118198
1.62549e-09	0.0118123
1.62554e-09	0.0118049
1.62559e-09	0.0117975
1.62563e-09	0.01179
1.62568e-09	0.0117826
1.62573e-09	0.0117751
1.62577e-09	0.0117677
1.62582e-09	0.0117603
1.62587e-09	0.0117528
1.62591e-09	0.0117454
1.62596e-09	0.011738
1.626e-09	0.0117305
1.62605e-09	0.0117231
1.6261e-09	0.0117157
1.62614e-09	0.0117083
1.62619e-09	0.0117008
1.62624e-09	0.0116934
1.62628e-09	0.011686
1.62633e-09	0.0116786
1.62638e-09	0.0116712
1.62642e-09	0.0116638
1.62647e-09	0.0116564
1.62652e-09	0.011649
1.62656e-09	0.0116416
1.62661e-09	0.0116342
1.62665e-09	0.0116268
1.6267e-09	0.0116194
1.62675e-09	0.011612
1.62679e-09	0.0116046
1.62684e-09	0.0115972
1.62689e-09	0.0115898
1.62693e-09	0.0115824
1.62698e-09	0.011575
1.62703e-09	0.0115676
1.62707e-09	0.0115603
1.62712e-09	0.0115529
1.62717e-09	0.0115455
1.62721e-09	0.0115381
1.62726e-09	0.0115308
1.6273e-09	0.0115234
1.62735e-09	0.011516
1.6274e-09	0.0115086
1.62744e-09	0.0115013
1.62749e-09	0.0114939
1.62754e-09	0.0114866
1.62758e-09	0.0114792
1.62763e-09	0.0114718
1.62768e-09	0.0114645
1.62772e-09	0.0114571
1.62777e-09	0.0114498
1.62782e-09	0.0114424
1.62786e-09	0.0114351
1.62791e-09	0.0114277
1.62795e-09	0.0114204
1.628e-09	0.0114131
1.62805e-09	0.0114057
1.62809e-09	0.0113984
1.62814e-09	0.011391
1.62819e-09	0.0113837
1.62823e-09	0.0113764
1.62828e-09	0.011369
1.62833e-09	0.0113617
1.62837e-09	0.0113544
1.62842e-09	0.0113471
1.62846e-09	0.0113398
1.62851e-09	0.0113324
1.62856e-09	0.0113251
1.6286e-09	0.0113178
1.62865e-09	0.0113105
1.6287e-09	0.0113032
1.62874e-09	0.0112959
1.62879e-09	0.0112886
1.62884e-09	0.0112813
1.62888e-09	0.011274
1.62893e-09	0.0112667
1.62898e-09	0.0112594
1.62902e-09	0.0112521
1.62907e-09	0.0112448
1.62911e-09	0.0112375
1.62916e-09	0.0112302
1.62921e-09	0.0112229
1.62925e-09	0.0112156
1.6293e-09	0.0112083
1.62935e-09	0.0112011
1.62939e-09	0.0111938
1.62944e-09	0.0111865
1.62949e-09	0.0111792
1.62953e-09	0.011172
1.62958e-09	0.0111647
1.62963e-09	0.0111574
1.62967e-09	0.0111501
1.62972e-09	0.0111429
1.62976e-09	0.0111356
1.62981e-09	0.0111284
1.62986e-09	0.0111211
1.6299e-09	0.0111138
1.62995e-09	0.0111066
1.63e-09	0.0110993
1.63004e-09	0.0110921
1.63009e-09	0.0110848
1.63014e-09	0.0110776
1.63018e-09	0.0110704
1.63023e-09	0.0110631
1.63028e-09	0.0110559
1.63032e-09	0.0110486
1.63037e-09	0.0110414
1.63041e-09	0.0110342
1.63046e-09	0.0110269
1.63051e-09	0.0110197
1.63055e-09	0.0110125
1.6306e-09	0.0110053
1.63065e-09	0.010998
1.63069e-09	0.0109908
1.63074e-09	0.0109836
1.63079e-09	0.0109764
1.63083e-09	0.0109692
1.63088e-09	0.010962
1.63093e-09	0.0109548
1.63097e-09	0.0109476
1.63102e-09	0.0109403
1.63106e-09	0.0109331
1.63111e-09	0.0109259
1.63116e-09	0.0109187
1.6312e-09	0.0109116
1.63125e-09	0.0109044
1.6313e-09	0.0108972
1.63134e-09	0.01089
1.63139e-09	0.0108828
1.63144e-09	0.0108756
1.63148e-09	0.0108684
1.63153e-09	0.0108612
1.63157e-09	0.0108541
1.63162e-09	0.0108469
1.63167e-09	0.0108397
1.63171e-09	0.0108325
1.63176e-09	0.0108254
1.63181e-09	0.0108182
1.63185e-09	0.010811
1.6319e-09	0.0108039
1.63195e-09	0.0107967
1.63199e-09	0.0107896
1.63204e-09	0.0107824
1.63209e-09	0.0107752
1.63213e-09	0.0107681
1.63218e-09	0.0107609
1.63222e-09	0.0107538
1.63227e-09	0.0107467
1.63232e-09	0.0107395
1.63236e-09	0.0107324
1.63241e-09	0.0107252
1.63246e-09	0.0107181
1.6325e-09	0.010711
1.63255e-09	0.0107038
1.6326e-09	0.0106967
1.63264e-09	0.0106896
1.63269e-09	0.0106824
1.63274e-09	0.0106753
1.63278e-09	0.0106682
1.63283e-09	0.0106611
1.63287e-09	0.010654
1.63292e-09	0.0106469
1.63297e-09	0.0106397
1.63301e-09	0.0106326
1.63306e-09	0.0106255
1.63311e-09	0.0106184
1.63315e-09	0.0106113
1.6332e-09	0.0106042
1.63325e-09	0.0105971
1.63329e-09	0.01059
1.63334e-09	0.0105829
1.63339e-09	0.0105758
1.63343e-09	0.0105688
1.63348e-09	0.0105617
1.63352e-09	0.0105546
1.63357e-09	0.0105475
1.63362e-09	0.0105404
1.63366e-09	0.0105333
1.63371e-09	0.0105263
1.63376e-09	0.0105192
1.6338e-09	0.0105121
1.63385e-09	0.010505
1.6339e-09	0.010498
1.63394e-09	0.0104909
1.63399e-09	0.0104839
1.63404e-09	0.0104768
1.63408e-09	0.0104697
1.63413e-09	0.0104627
1.63417e-09	0.0104556
1.63422e-09	0.0104486
1.63427e-09	0.0104415
1.63431e-09	0.0104345
1.63436e-09	0.0104274
1.63441e-09	0.0104204
1.63445e-09	0.0104134
1.6345e-09	0.0104063
1.63455e-09	0.0103993
1.63459e-09	0.0103923
1.63464e-09	0.0103852
1.63468e-09	0.0103782
1.63473e-09	0.0103712
1.63478e-09	0.0103641
1.63482e-09	0.0103571
1.63487e-09	0.0103501
1.63492e-09	0.0103431
1.63496e-09	0.0103361
1.63501e-09	0.0103291
1.63506e-09	0.0103221
1.6351e-09	0.010315
1.63515e-09	0.010308
1.6352e-09	0.010301
1.63524e-09	0.010294
1.63529e-09	0.010287
1.63533e-09	0.01028
1.63538e-09	0.0102731
1.63543e-09	0.0102661
1.63547e-09	0.0102591
1.63552e-09	0.0102521
1.63557e-09	0.0102451
1.63561e-09	0.0102381
1.63566e-09	0.0102311
1.63571e-09	0.0102242
1.63575e-09	0.0102172
1.6358e-09	0.0102102
1.63585e-09	0.0102033
1.63589e-09	0.0101963
1.63594e-09	0.0101893
1.63598e-09	0.0101824
1.63603e-09	0.0101754
1.63608e-09	0.0101684
1.63612e-09	0.0101615
1.63617e-09	0.0101545
1.63622e-09	0.0101476
1.63626e-09	0.0101406
1.63631e-09	0.0101337
1.63636e-09	0.0101267
1.6364e-09	0.0101198
1.63645e-09	0.0101129
1.6365e-09	0.0101059
1.63654e-09	0.010099
1.63659e-09	0.0100921
1.63663e-09	0.0100851
1.63668e-09	0.0100782
1.63673e-09	0.0100713
1.63677e-09	0.0100643
1.63682e-09	0.0100574
1.63687e-09	0.0100505
1.63691e-09	0.0100436
1.63696e-09	0.0100367
1.63701e-09	0.0100298
1.63705e-09	0.0100229
1.6371e-09	0.010016
1.63715e-09	0.010009
1.63719e-09	0.0100021
1.63724e-09	0.00999525
1.63728e-09	0.00998835
1.63733e-09	0.00998146
1.63738e-09	0.00997456
1.63742e-09	0.00996767
1.63747e-09	0.00996079
1.63752e-09	0.0099539
1.63756e-09	0.00994702
1.63761e-09	0.00994014
1.63766e-09	0.00993326
1.6377e-09	0.00992639
1.63775e-09	0.00991951
1.63779e-09	0.00991264
1.63784e-09	0.00990578
1.63789e-09	0.00989891
1.63793e-09	0.00989205
1.63798e-09	0.00988519
1.63803e-09	0.00987833
1.63807e-09	0.00987147
1.63812e-09	0.00986462
1.63817e-09	0.00985777
1.63821e-09	0.00985092
1.63826e-09	0.00984407
1.63831e-09	0.00983723
1.63835e-09	0.00983039
1.6384e-09	0.00982355
1.63844e-09	0.00981671
1.63849e-09	0.00980987
1.63854e-09	0.00980304
1.63858e-09	0.00979621
1.63863e-09	0.00978939
1.63868e-09	0.00978256
1.63872e-09	0.00977574
1.63877e-09	0.00976892
1.63882e-09	0.0097621
1.63886e-09	0.00975529
1.63891e-09	0.00974847
1.63896e-09	0.00974166
1.639e-09	0.00973486
1.63905e-09	0.00972805
1.63909e-09	0.00972125
1.63914e-09	0.00971445
1.63919e-09	0.00970765
1.63923e-09	0.00970085
1.63928e-09	0.00969406
1.63933e-09	0.00968727
1.63937e-09	0.00968048
1.63942e-09	0.0096737
1.63947e-09	0.00966691
1.63951e-09	0.00966013
1.63956e-09	0.00965335
1.63961e-09	0.00964658
1.63965e-09	0.0096398
1.6397e-09	0.00963303
1.63974e-09	0.00962626
1.63979e-09	0.0096195
1.63984e-09	0.00961273
1.63988e-09	0.00960597
1.63993e-09	0.00959921
1.63998e-09	0.00959246
1.64002e-09	0.0095857
1.64007e-09	0.00957895
1.64012e-09	0.0095722
1.64016e-09	0.00956546
1.64021e-09	0.00955871
1.64026e-09	0.00955197
1.6403e-09	0.00954523
1.64035e-09	0.00953849
1.64039e-09	0.00953176
1.64044e-09	0.00952503
1.64049e-09	0.0095183
1.64053e-09	0.00951157
1.64058e-09	0.00950485
1.64063e-09	0.00949812
1.64067e-09	0.00949141
1.64072e-09	0.00948469
1.64077e-09	0.00947797
1.64081e-09	0.00947126
1.64086e-09	0.00946455
1.6409e-09	0.00945785
1.64095e-09	0.00945114
1.641e-09	0.00944444
1.64104e-09	0.00943774
1.64109e-09	0.00943104
1.64114e-09	0.00942435
1.64118e-09	0.00941765
1.64123e-09	0.00941097
1.64128e-09	0.00940428
1.64132e-09	0.00939759
1.64137e-09	0.00939091
1.64142e-09	0.00938423
1.64146e-09	0.00937755
1.64151e-09	0.00937088
1.64155e-09	0.00936421
1.6416e-09	0.00935754
1.64165e-09	0.00935087
1.64169e-09	0.00934421
1.64174e-09	0.00933754
1.64179e-09	0.00933088
1.64183e-09	0.00932423
1.64188e-09	0.00931757
1.64193e-09	0.00931092
1.64197e-09	0.00930427
1.64202e-09	0.00929762
1.64207e-09	0.00929098
1.64211e-09	0.00928434
1.64216e-09	0.0092777
1.6422e-09	0.00927106
1.64225e-09	0.00926442
1.6423e-09	0.00925779
1.64234e-09	0.00925116
1.64239e-09	0.00924454
1.64244e-09	0.00923791
1.64248e-09	0.00923129
1.64253e-09	0.00922467
1.64258e-09	0.00921805
1.64262e-09	0.00921144
1.64267e-09	0.00920483
1.64272e-09	0.00919822
1.64276e-09	0.00919161
1.64281e-09	0.009185
1.64285e-09	0.0091784
1.6429e-09	0.0091718
1.64295e-09	0.00916521
1.64299e-09	0.00915861
1.64304e-09	0.00915202
1.64309e-09	0.00914543
1.64313e-09	0.00913884
1.64318e-09	0.00913226
1.64323e-09	0.00912568
1.64327e-09	0.0091191
1.64332e-09	0.00911252
1.64336e-09	0.00910595
1.64341e-09	0.00909938
1.64346e-09	0.00909281
1.6435e-09	0.00908624
1.64355e-09	0.00907968
1.6436e-09	0.00907312
1.64364e-09	0.00906656
1.64369e-09	0.00906
1.64374e-09	0.00905345
1.64378e-09	0.0090469
1.64383e-09	0.00904035
1.64388e-09	0.0090338
1.64392e-09	0.00902726
1.64397e-09	0.00902072
1.64401e-09	0.00901418
1.64406e-09	0.00900764
1.64411e-09	0.00900111
1.64415e-09	0.00899458
1.6442e-09	0.00898805
1.64425e-09	0.00898153
1.64429e-09	0.008975
1.64434e-09	0.00896848
1.64439e-09	0.00896196
1.64443e-09	0.00895545
1.64448e-09	0.00894894
1.64453e-09	0.00894243
1.64457e-09	0.00893592
1.64462e-09	0.00892941
1.64466e-09	0.00892291
1.64471e-09	0.00891641
1.64476e-09	0.00890991
1.6448e-09	0.00890342
1.64485e-09	0.00889693
1.6449e-09	0.00889044
1.64494e-09	0.00888395
1.64499e-09	0.00887746
1.64504e-09	0.00887098
1.64508e-09	0.0088645
1.64513e-09	0.00885803
1.64518e-09	0.00885155
1.64522e-09	0.00884508
1.64527e-09	0.00883861
1.64531e-09	0.00883214
1.64536e-09	0.00882568
1.64541e-09	0.00881922
1.64545e-09	0.00881276
1.6455e-09	0.0088063
1.64555e-09	0.00879985
1.64559e-09	0.0087934
1.64564e-09	0.00878695
1.64569e-09	0.0087805
1.64573e-09	0.00877406
1.64578e-09	0.00876762
1.64583e-09	0.00876118
1.64587e-09	0.00875475
1.64592e-09	0.00874831
1.64596e-09	0.00874188
1.64601e-09	0.00873546
1.64606e-09	0.00872903
1.6461e-09	0.00872261
1.64615e-09	0.00871619
1.6462e-09	0.00870977
1.64624e-09	0.00870336
1.64629e-09	0.00869694
1.64634e-09	0.00869053
1.64638e-09	0.00868413
1.64643e-09	0.00867772
1.64647e-09	0.00867132
1.64652e-09	0.00866492
1.64657e-09	0.00865853
1.64661e-09	0.00865213
1.64666e-09	0.00864574
1.64671e-09	0.00863935
1.64675e-09	0.00863297
1.6468e-09	0.00862658
1.64685e-09	0.0086202
1.64689e-09	0.00861382
1.64694e-09	0.00860745
1.64699e-09	0.00860107
1.64703e-09	0.0085947
1.64708e-09	0.00858833
1.64712e-09	0.00858197
1.64717e-09	0.00857561
1.64722e-09	0.00856925
1.64726e-09	0.00856289
1.64731e-09	0.00855653
1.64736e-09	0.00855018
1.6474e-09	0.00854383
1.64745e-09	0.00853749
1.6475e-09	0.00853114
1.64754e-09	0.0085248
1.64759e-09	0.00851846
1.64764e-09	0.00851212
1.64768e-09	0.00850579
1.64773e-09	0.00849946
1.64777e-09	0.00849313
1.64782e-09	0.0084868
1.64787e-09	0.00848048
1.64791e-09	0.00847416
1.64796e-09	0.00846784
1.64801e-09	0.00846153
1.64805e-09	0.00845521
1.6481e-09	0.0084489
1.64815e-09	0.00844259
1.64819e-09	0.00843629
1.64824e-09	0.00842999
1.64829e-09	0.00842369
1.64833e-09	0.00841739
1.64838e-09	0.0084111
1.64842e-09	0.0084048
1.64847e-09	0.00839852
1.64852e-09	0.00839223
1.64856e-09	0.00838594
1.64861e-09	0.00837966
1.64866e-09	0.00837338
1.6487e-09	0.00836711
1.64875e-09	0.00836083
1.6488e-09	0.00835456
1.64884e-09	0.0083483
1.64889e-09	0.00834203
1.64894e-09	0.00833577
1.64898e-09	0.00832951
1.64903e-09	0.00832325
1.64907e-09	0.008317
1.64912e-09	0.00831074
1.64917e-09	0.00830449
1.64921e-09	0.00829825
1.64926e-09	0.008292
1.64931e-09	0.00828576
1.64935e-09	0.00827952
1.6494e-09	0.00827328
1.64945e-09	0.00826705
1.64949e-09	0.00826082
1.64954e-09	0.00825459
1.64958e-09	0.00824837
1.64963e-09	0.00824214
1.64968e-09	0.00823592
1.64972e-09	0.0082297
1.64977e-09	0.00822349
1.64982e-09	0.00821728
1.64986e-09	0.00821107
1.64991e-09	0.00820486
1.64996e-09	0.00819866
1.65e-09	0.00819245
1.65005e-09	0.00818625
1.6501e-09	0.00818006
1.65014e-09	0.00817386
1.65019e-09	0.00816767
1.65023e-09	0.00816148
1.65028e-09	0.0081553
1.65033e-09	0.00814912
1.65037e-09	0.00814293
1.65042e-09	0.00813676
1.65047e-09	0.00813058
1.65051e-09	0.00812441
1.65056e-09	0.00811824
1.65061e-09	0.00811207
1.65065e-09	0.00810591
1.6507e-09	0.00809975
1.65075e-09	0.00809359
1.65079e-09	0.00808743
1.65084e-09	0.00808128
1.65088e-09	0.00807512
1.65093e-09	0.00806898
1.65098e-09	0.00806283
1.65102e-09	0.00805669
1.65107e-09	0.00805055
1.65112e-09	0.00804441
1.65116e-09	0.00803827
1.65121e-09	0.00803214
1.65126e-09	0.00802601
1.6513e-09	0.00801988
1.65135e-09	0.00801376
1.6514e-09	0.00800764
1.65144e-09	0.00800152
1.65149e-09	0.0079954
1.65153e-09	0.00798929
1.65158e-09	0.00798318
1.65163e-09	0.00797707
1.65167e-09	0.00797096
1.65172e-09	0.00796486
1.65177e-09	0.00795876
1.65181e-09	0.00795266
1.65186e-09	0.00794657
1.65191e-09	0.00794047
1.65195e-09	0.00793438
1.652e-09	0.0079283
1.65205e-09	0.00792221
1.65209e-09	0.00791613
1.65214e-09	0.00791005
1.65218e-09	0.00790398
1.65223e-09	0.0078979
1.65228e-09	0.00789183
1.65232e-09	0.00788576
1.65237e-09	0.0078797
1.65242e-09	0.00787363
1.65246e-09	0.00786757
1.65251e-09	0.00786152
1.65256e-09	0.00785546
1.6526e-09	0.00784941
1.65265e-09	0.00784336
1.65269e-09	0.00783731
1.65274e-09	0.00783127
1.65279e-09	0.00782523
1.65283e-09	0.00781919
1.65288e-09	0.00781315
1.65293e-09	0.00780712
1.65297e-09	0.00780109
1.65302e-09	0.00779506
1.65307e-09	0.00778904
1.65311e-09	0.00778302
1.65316e-09	0.007777
1.65321e-09	0.00777098
1.65325e-09	0.00776496
1.6533e-09	0.00775895
1.65334e-09	0.00775294
1.65339e-09	0.00774694
1.65344e-09	0.00774093
1.65348e-09	0.00773493
1.65353e-09	0.00772894
1.65358e-09	0.00772294
1.65362e-09	0.00771695
1.65367e-09	0.00771096
1.65372e-09	0.00770497
1.65376e-09	0.00769899
1.65381e-09	0.007693
1.65386e-09	0.00768703
1.6539e-09	0.00768105
1.65395e-09	0.00767507
1.65399e-09	0.0076691
1.65404e-09	0.00766314
1.65409e-09	0.00765717
1.65413e-09	0.00765121
1.65418e-09	0.00764525
1.65423e-09	0.00763929
1.65427e-09	0.00763333
1.65432e-09	0.00762738
1.65437e-09	0.00762143
1.65441e-09	0.00761549
1.65446e-09	0.00760954
1.65451e-09	0.0076036
1.65455e-09	0.00759766
1.6546e-09	0.00759173
1.65464e-09	0.00758579
1.65469e-09	0.00757986
1.65474e-09	0.00757394
1.65478e-09	0.00756801
1.65483e-09	0.00756209
1.65488e-09	0.00755617
1.65492e-09	0.00755025
1.65497e-09	0.00754434
1.65502e-09	0.00753843
1.65506e-09	0.00753252
1.65511e-09	0.00752661
1.65516e-09	0.00752071
1.6552e-09	0.00751481
1.65525e-09	0.00750891
1.65529e-09	0.00750301
1.65534e-09	0.00749712
1.65539e-09	0.00749123
1.65543e-09	0.00748535
1.65548e-09	0.00747946
1.65553e-09	0.00747358
1.65557e-09	0.0074677
1.65562e-09	0.00746183
1.65567e-09	0.00745595
1.65571e-09	0.00745008
1.65576e-09	0.00744421
1.6558e-09	0.00743835
1.65585e-09	0.00743249
1.6559e-09	0.00742663
1.65594e-09	0.00742077
1.65599e-09	0.00741492
1.65604e-09	0.00740906
1.65608e-09	0.00740322
1.65613e-09	0.00739737
1.65618e-09	0.00739153
1.65622e-09	0.00738569
1.65627e-09	0.00737985
1.65632e-09	0.00737401
1.65636e-09	0.00736818
1.65641e-09	0.00736235
1.65645e-09	0.00735652
1.6565e-09	0.0073507
1.65655e-09	0.00734488
1.65659e-09	0.00733906
1.65664e-09	0.00733324
1.65669e-09	0.00732743
1.65673e-09	0.00732162
1.65678e-09	0.00731581
1.65683e-09	0.00731001
1.65687e-09	0.0073042
1.65692e-09	0.0072984
1.65697e-09	0.00729261
1.65701e-09	0.00728681
1.65706e-09	0.00728102
1.6571e-09	0.00727523
1.65715e-09	0.00726945
1.6572e-09	0.00726366
1.65724e-09	0.00725788
1.65729e-09	0.0072521
1.65734e-09	0.00724633
1.65738e-09	0.00724056
1.65743e-09	0.00723479
1.65748e-09	0.00722902
1.65752e-09	0.00722326
1.65757e-09	0.0072175
1.65762e-09	0.00721174
1.65766e-09	0.00720598
1.65771e-09	0.00720023
1.65775e-09	0.00719448
1.6578e-09	0.00718873
1.65785e-09	0.00718298
1.65789e-09	0.00717724
1.65794e-09	0.0071715
1.65799e-09	0.00716577
1.65803e-09	0.00716003
1.65808e-09	0.0071543
1.65813e-09	0.00714857
1.65817e-09	0.00714285
1.65822e-09	0.00713712
1.65826e-09	0.0071314
1.65831e-09	0.00712569
1.65836e-09	0.00711997
1.6584e-09	0.00711426
1.65845e-09	0.00710855
1.6585e-09	0.00710284
1.65854e-09	0.00709714
1.65859e-09	0.00709144
1.65864e-09	0.00708574
1.65868e-09	0.00708004
1.65873e-09	0.00707435
1.65878e-09	0.00706866
1.65882e-09	0.00706297
1.65887e-09	0.00705729
1.65891e-09	0.00705161
1.65896e-09	0.00704593
1.65901e-09	0.00704025
1.65905e-09	0.00703458
1.6591e-09	0.00702891
1.65915e-09	0.00702324
1.65919e-09	0.00701757
1.65924e-09	0.00701191
1.65929e-09	0.00700625
1.65933e-09	0.00700059
1.65938e-09	0.00699494
1.65943e-09	0.00698929
1.65947e-09	0.00698364
1.65952e-09	0.00697799
1.65956e-09	0.00697235
1.65961e-09	0.00696671
1.65966e-09	0.00696107
1.6597e-09	0.00695543
1.65975e-09	0.0069498
1.6598e-09	0.00694417
1.65984e-09	0.00693855
1.65989e-09	0.00693292
1.65994e-09	0.0069273
1.65998e-09	0.00692168
1.66003e-09	0.00691606
1.66008e-09	0.00691045
1.66012e-09	0.00690484
1.66017e-09	0.00689923
1.66021e-09	0.00689363
1.66026e-09	0.00688803
1.66031e-09	0.00688243
1.66035e-09	0.00687683
1.6604e-09	0.00687124
1.66045e-09	0.00686564
1.66049e-09	0.00686006
1.66054e-09	0.00685447
1.66059e-09	0.00684889
1.66063e-09	0.00684331
1.66068e-09	0.00683773
1.66073e-09	0.00683216
1.66077e-09	0.00682658
1.66082e-09	0.00682101
1.66086e-09	0.00681545
1.66091e-09	0.00680988
1.66096e-09	0.00680432
1.661e-09	0.00679877
1.66105e-09	0.00679321
1.6611e-09	0.00678766
1.66114e-09	0.00678211
1.66119e-09	0.00677656
1.66124e-09	0.00677102
1.66128e-09	0.00676547
1.66133e-09	0.00675994
1.66137e-09	0.0067544
1.66142e-09	0.00674887
1.66147e-09	0.00674333
1.66151e-09	0.00673781
1.66156e-09	0.00673228
1.66161e-09	0.00672676
1.66165e-09	0.00672124
1.6617e-09	0.00671572
1.66175e-09	0.00671021
1.66179e-09	0.0067047
1.66184e-09	0.00669919
1.66189e-09	0.00669368
1.66193e-09	0.00668818
1.66198e-09	0.00668268
1.66202e-09	0.00667718
1.66207e-09	0.00667169
1.66212e-09	0.0066662
1.66216e-09	0.00666071
1.66221e-09	0.00665522
1.66226e-09	0.00664974
1.6623e-09	0.00664426
1.66235e-09	0.00663878
1.6624e-09	0.0066333
1.66244e-09	0.00662783
1.66249e-09	0.00662236
1.66254e-09	0.00661689
1.66258e-09	0.00661143
1.66263e-09	0.00660597
1.66267e-09	0.00660051
1.66272e-09	0.00659505
1.66277e-09	0.0065896
1.66281e-09	0.00658415
1.66286e-09	0.0065787
1.66291e-09	0.00657325
1.66295e-09	0.00656781
1.663e-09	0.00656237
1.66305e-09	0.00655693
1.66309e-09	0.0065515
1.66314e-09	0.00654607
1.66319e-09	0.00654064
1.66323e-09	0.00653521
1.66328e-09	0.00652979
1.66332e-09	0.00652437
1.66337e-09	0.00651895
1.66342e-09	0.00651354
1.66346e-09	0.00650813
1.66351e-09	0.00650272
1.66356e-09	0.00649731
1.6636e-09	0.00649191
1.66365e-09	0.00648651
1.6637e-09	0.00648111
1.66374e-09	0.00647571
1.66379e-09	0.00647032
1.66384e-09	0.00646493
1.66388e-09	0.00645954
1.66393e-09	0.00645416
1.66397e-09	0.00644878
1.66402e-09	0.0064434
1.66407e-09	0.00643802
1.66411e-09	0.00643265
1.66416e-09	0.00642728
1.66421e-09	0.00642191
1.66425e-09	0.00641654
1.6643e-09	0.00641118
1.66435e-09	0.00640582
1.66439e-09	0.00640047
1.66444e-09	0.00639511
1.66448e-09	0.00638976
1.66453e-09	0.00638441
1.66458e-09	0.00637907
1.66462e-09	0.00637372
1.66467e-09	0.00636838
1.66472e-09	0.00636304
1.66476e-09	0.00635771
1.66481e-09	0.00635238
1.66486e-09	0.00634705
1.6649e-09	0.00634172
1.66495e-09	0.0063364
1.665e-09	0.00633108
1.66504e-09	0.00632576
1.66509e-09	0.00632044
1.66513e-09	0.00631513
1.66518e-09	0.00630982
1.66523e-09	0.00630451
1.66527e-09	0.00629921
1.66532e-09	0.00629391
1.66537e-09	0.00628861
1.66541e-09	0.00628331
1.66546e-09	0.00627802
1.66551e-09	0.00627273
1.66555e-09	0.00626744
1.6656e-09	0.00626216
1.66565e-09	0.00625687
1.66569e-09	0.00625159
1.66574e-09	0.00624632
1.66578e-09	0.00624104
1.66583e-09	0.00623577
1.66588e-09	0.0062305
1.66592e-09	0.00622524
1.66597e-09	0.00621998
1.66602e-09	0.00621472
1.66606e-09	0.00620946
1.66611e-09	0.0062042
1.66616e-09	0.00619895
1.6662e-09	0.0061937
1.66625e-09	0.00618846
1.6663e-09	0.00618321
1.66634e-09	0.00617797
1.66639e-09	0.00617273
1.66643e-09	0.0061675
1.66648e-09	0.00616227
1.66653e-09	0.00615704
1.66657e-09	0.00615181
1.66662e-09	0.00614658
1.66667e-09	0.00614136
1.66671e-09	0.00613614
1.66676e-09	0.00613093
1.66681e-09	0.00612571
1.66685e-09	0.0061205
1.6669e-09	0.0061153
1.66695e-09	0.00611009
1.66699e-09	0.00610489
1.66704e-09	0.00609969
1.66708e-09	0.00609449
1.66713e-09	0.0060893
1.66718e-09	0.00608411
1.66722e-09	0.00607892
1.66727e-09	0.00607373
1.66732e-09	0.00606855
1.66736e-09	0.00606337
1.66741e-09	0.00605819
1.66746e-09	0.00605302
1.6675e-09	0.00604785
1.66755e-09	0.00604268
1.66759e-09	0.00603751
1.66764e-09	0.00603235
1.66769e-09	0.00602719
1.66773e-09	0.00602203
1.66778e-09	0.00601687
1.66783e-09	0.00601172
1.66787e-09	0.00600657
1.66792e-09	0.00600142
1.66797e-09	0.00599628
1.66801e-09	0.00599114
1.66806e-09	0.005986
1.66811e-09	0.00598086
1.66815e-09	0.00597573
1.6682e-09	0.0059706
1.66824e-09	0.00596547
1.66829e-09	0.00596035
1.66834e-09	0.00595522
1.66838e-09	0.00595011
1.66843e-09	0.00594499
1.66848e-09	0.00593987
1.66852e-09	0.00593476
1.66857e-09	0.00592965
1.66862e-09	0.00592455
1.66866e-09	0.00591945
1.66871e-09	0.00591435
1.66876e-09	0.00590925
1.6688e-09	0.00590415
1.66885e-09	0.00589906
1.66889e-09	0.00589397
1.66894e-09	0.00588889
1.66899e-09	0.0058838
1.66903e-09	0.00587872
1.66908e-09	0.00587364
1.66913e-09	0.00586857
1.66917e-09	0.0058635
1.66922e-09	0.00585843
1.66927e-09	0.00585336
1.66931e-09	0.0058483
1.66936e-09	0.00584323
1.66941e-09	0.00583817
1.66945e-09	0.00583312
1.6695e-09	0.00582806
1.66954e-09	0.00582301
1.66959e-09	0.00581797
1.66964e-09	0.00581292
1.66968e-09	0.00580788
1.66973e-09	0.00580284
1.66978e-09	0.0057978
1.66982e-09	0.00579277
1.66987e-09	0.00578774
1.66992e-09	0.00578271
1.66996e-09	0.00577768
1.67001e-09	0.00577266
1.67006e-09	0.00576764
1.6701e-09	0.00576262
1.67015e-09	0.00575761
1.67019e-09	0.0057526
1.67024e-09	0.00574759
1.67029e-09	0.00574258
1.67033e-09	0.00573758
1.67038e-09	0.00573257
1.67043e-09	0.00572758
1.67047e-09	0.00572258
1.67052e-09	0.00571759
1.67057e-09	0.0057126
1.67061e-09	0.00570761
1.67066e-09	0.00570263
1.6707e-09	0.00569764
1.67075e-09	0.00569266
1.6708e-09	0.00568769
1.67084e-09	0.00568272
1.67089e-09	0.00567774
1.67094e-09	0.00567278
1.67098e-09	0.00566781
1.67103e-09	0.00566285
1.67108e-09	0.00565789
1.67112e-09	0.00565293
1.67117e-09	0.00564798
1.67122e-09	0.00564303
1.67126e-09	0.00563808
1.67131e-09	0.00563313
1.67135e-09	0.00562819
1.6714e-09	0.00562325
1.67145e-09	0.00561831
1.67149e-09	0.00561337
1.67154e-09	0.00560844
1.67159e-09	0.00560351
1.67163e-09	0.00559859
1.67168e-09	0.00559366
1.67173e-09	0.00558874
1.67177e-09	0.00558382
1.67182e-09	0.00557891
1.67187e-09	0.00557399
1.67191e-09	0.00556908
1.67196e-09	0.00556417
1.672e-09	0.00555927
1.67205e-09	0.00555437
1.6721e-09	0.00554947
1.67214e-09	0.00554457
1.67219e-09	0.00553968
1.67224e-09	0.00553479
1.67228e-09	0.0055299
1.67233e-09	0.00552501
1.67238e-09	0.00552013
1.67242e-09	0.00551525
1.67247e-09	0.00551037
1.67252e-09	0.0055055
1.67256e-09	0.00550062
1.67261e-09	0.00549576
1.67265e-09	0.00549089
1.6727e-09	0.00548603
1.67275e-09	0.00548116
1.67279e-09	0.00547631
1.67284e-09	0.00547145
1.67289e-09	0.0054666
1.67293e-09	0.00546175
1.67298e-09	0.0054569
1.67303e-09	0.00545206
1.67307e-09	0.00544721
1.67312e-09	0.00544237
1.67317e-09	0.00543754
1.67321e-09	0.0054327
1.67326e-09	0.00542787
1.6733e-09	0.00542305
1.67335e-09	0.00541822
1.6734e-09	0.0054134
1.67344e-09	0.00540858
1.67349e-09	0.00540376
1.67354e-09	0.00539895
1.67358e-09	0.00539413
1.67363e-09	0.00538932
1.67368e-09	0.00538452
1.67372e-09	0.00537971
1.67377e-09	0.00537491
1.67381e-09	0.00537012
1.67386e-09	0.00536532
1.67391e-09	0.00536053
1.67395e-09	0.00535574
1.674e-09	0.00535095
1.67405e-09	0.00534617
1.67409e-09	0.00534138
1.67414e-09	0.00533661
1.67419e-09	0.00533183
1.67423e-09	0.00532706
1.67428e-09	0.00532228
1.67433e-09	0.00531752
1.67437e-09	0.00531275
1.67442e-09	0.00530799
1.67446e-09	0.00530323
1.67451e-09	0.00529847
1.67456e-09	0.00529372
1.6746e-09	0.00528897
1.67465e-09	0.00528422
1.6747e-09	0.00527947
1.67474e-09	0.00527473
1.67479e-09	0.00526999
1.67484e-09	0.00526525
1.67488e-09	0.00526051
1.67493e-09	0.00525578
1.67498e-09	0.00525105
1.67502e-09	0.00524632
1.67507e-09	0.0052416
1.67511e-09	0.00523688
1.67516e-09	0.00523216
1.67521e-09	0.00522744
1.67525e-09	0.00522273
1.6753e-09	0.00521802
1.67535e-09	0.00521331
1.67539e-09	0.0052086
1.67544e-09	0.0052039
1.67549e-09	0.0051992
1.67553e-09	0.0051945
1.67558e-09	0.00518981
1.67563e-09	0.00518512
1.67567e-09	0.00518043
1.67572e-09	0.00517574
1.67576e-09	0.00517106
1.67581e-09	0.00516638
1.67586e-09	0.0051617
1.6759e-09	0.00515703
1.67595e-09	0.00515235
1.676e-09	0.00514768
1.67604e-09	0.00514302
1.67609e-09	0.00513835
1.67614e-09	0.00513369
1.67618e-09	0.00512903
1.67623e-09	0.00512437
1.67627e-09	0.00511972
1.67632e-09	0.00511507
1.67637e-09	0.00511042
1.67641e-09	0.00510577
1.67646e-09	0.00510113
1.67651e-09	0.00509649
1.67655e-09	0.00509185
1.6766e-09	0.00508722
1.67665e-09	0.00508259
1.67669e-09	0.00507796
1.67674e-09	0.00507333
1.67679e-09	0.00506871
1.67683e-09	0.00506409
1.67688e-09	0.00505947
1.67692e-09	0.00505485
1.67697e-09	0.00505024
1.67702e-09	0.00504563
1.67706e-09	0.00504102
1.67711e-09	0.00503642
1.67716e-09	0.00503182
1.6772e-09	0.00502722
1.67725e-09	0.00502262
1.6773e-09	0.00501803
1.67734e-09	0.00501343
1.67739e-09	0.00500885
1.67744e-09	0.00500426
1.67748e-09	0.00499968
1.67753e-09	0.0049951
1.67757e-09	0.00499052
1.67762e-09	0.00498594
1.67767e-09	0.00498137
1.67771e-09	0.0049768
1.67776e-09	0.00497223
1.67781e-09	0.00496767
1.67785e-09	0.00496311
1.6779e-09	0.00495855
1.67795e-09	0.00495399
1.67799e-09	0.00494944
1.67804e-09	0.00494489
1.67809e-09	0.00494034
1.67813e-09	0.0049358
1.67818e-09	0.00493125
1.67822e-09	0.00492671
1.67827e-09	0.00492218
1.67832e-09	0.00491764
1.67836e-09	0.00491311
1.67841e-09	0.00490858
1.67846e-09	0.00490405
1.6785e-09	0.00489953
1.67855e-09	0.00489501
1.6786e-09	0.00489049
1.67864e-09	0.00488597
1.67869e-09	0.00488146
1.67874e-09	0.00487695
1.67878e-09	0.00487244
1.67883e-09	0.00486794
1.67887e-09	0.00486344
1.67892e-09	0.00485894
1.67897e-09	0.00485444
1.67901e-09	0.00484995
1.67906e-09	0.00484545
1.67911e-09	0.00484097
1.67915e-09	0.00483648
1.6792e-09	0.004832
1.67925e-09	0.00482752
1.67929e-09	0.00482304
1.67934e-09	0.00481856
1.67938e-09	0.00481409
1.67943e-09	0.00480962
1.67948e-09	0.00480515
1.67952e-09	0.00480069
1.67957e-09	0.00479623
1.67962e-09	0.00479177
1.67966e-09	0.00478731
1.67971e-09	0.00478286
1.67976e-09	0.00477841
1.6798e-09	0.00477396
1.67985e-09	0.00476951
1.6799e-09	0.00476507
1.67994e-09	0.00476063
1.67999e-09	0.00475619
1.68003e-09	0.00475176
1.68008e-09	0.00474732
1.68013e-09	0.00474289
1.68017e-09	0.00473847
1.68022e-09	0.00473404
1.68027e-09	0.00472962
1.68031e-09	0.0047252
1.68036e-09	0.00472079
1.68041e-09	0.00471637
1.68045e-09	0.00471196
1.6805e-09	0.00470755
1.68055e-09	0.00470315
1.68059e-09	0.00469874
1.68064e-09	0.00469434
1.68068e-09	0.00468995
1.68073e-09	0.00468555
1.68078e-09	0.00468116
1.68082e-09	0.00467677
1.68087e-09	0.00467238
1.68092e-09	0.004668
1.68096e-09	0.00466362
1.68101e-09	0.00465924
1.68106e-09	0.00465486
1.6811e-09	0.00465049
1.68115e-09	0.00464612
1.6812e-09	0.00464175
1.68124e-09	0.00463739
1.68129e-09	0.00463302
1.68133e-09	0.00462866
1.68138e-09	0.00462431
1.68143e-09	0.00461995
1.68147e-09	0.0046156
1.68152e-09	0.00461125
1.68157e-09	0.0046069
1.68161e-09	0.00460256
1.68166e-09	0.00459822
1.68171e-09	0.00459388
1.68175e-09	0.00458954
1.6818e-09	0.00458521
1.68185e-09	0.00458088
1.68189e-09	0.00457655
1.68194e-09	0.00457223
1.68198e-09	0.0045679
1.68203e-09	0.00456358
1.68208e-09	0.00455926
1.68212e-09	0.00455495
1.68217e-09	0.00455064
1.68222e-09	0.00454633
1.68226e-09	0.00454202
1.68231e-09	0.00453772
1.68236e-09	0.00453342
1.6824e-09	0.00452912
1.68245e-09	0.00452482
1.68249e-09	0.00452053
1.68254e-09	0.00451624
1.68259e-09	0.00451195
1.68263e-09	0.00450766
1.68268e-09	0.00450338
1.68273e-09	0.0044991
1.68277e-09	0.00449482
1.68282e-09	0.00449055
1.68287e-09	0.00448628
1.68291e-09	0.00448201
1.68296e-09	0.00447774
1.68301e-09	0.00447347
1.68305e-09	0.00446921
1.6831e-09	0.00446495
1.68314e-09	0.0044607
1.68319e-09	0.00445644
1.68324e-09	0.00445219
1.68328e-09	0.00444794
1.68333e-09	0.0044437
1.68338e-09	0.00443946
1.68342e-09	0.00443522
1.68347e-09	0.00443098
1.68352e-09	0.00442674
1.68356e-09	0.00442251
1.68361e-09	0.00441828
1.68366e-09	0.00441405
1.6837e-09	0.00440983
1.68375e-09	0.00440561
1.68379e-09	0.00440139
1.68384e-09	0.00439717
1.68389e-09	0.00439296
1.68393e-09	0.00438874
1.68398e-09	0.00438454
1.68403e-09	0.00438033
1.68407e-09	0.00437613
1.68412e-09	0.00437193
1.68417e-09	0.00436773
1.68421e-09	0.00436353
1.68426e-09	0.00435934
1.68431e-09	0.00435515
1.68435e-09	0.00435096
1.6844e-09	0.00434678
1.68444e-09	0.00434259
1.68449e-09	0.00433841
1.68454e-09	0.00433424
1.68458e-09	0.00433006
1.68463e-09	0.00432589
1.68468e-09	0.00432172
1.68472e-09	0.00431755
1.68477e-09	0.00431339
1.68482e-09	0.00430923
1.68486e-09	0.00430507
1.68491e-09	0.00430091
1.68496e-09	0.00429676
1.685e-09	0.00429261
1.68505e-09	0.00428846
1.68509e-09	0.00428432
1.68514e-09	0.00428017
1.68519e-09	0.00427603
1.68523e-09	0.0042719
1.68528e-09	0.00426776
1.68533e-09	0.00426363
1.68537e-09	0.0042595
1.68542e-09	0.00425537
1.68547e-09	0.00425125
1.68551e-09	0.00424712
1.68556e-09	0.004243
1.6856e-09	0.00423889
1.68565e-09	0.00423477
1.6857e-09	0.00423066
1.68574e-09	0.00422655
1.68579e-09	0.00422245
1.68584e-09	0.00421834
1.68588e-09	0.00421424
1.68593e-09	0.00421014
1.68598e-09	0.00420605
1.68602e-09	0.00420196
1.68607e-09	0.00419786
1.68612e-09	0.00419378
1.68616e-09	0.00418969
1.68621e-09	0.00418561
1.68625e-09	0.00418153
1.6863e-09	0.00417745
1.68635e-09	0.00417338
1.68639e-09	0.0041693
1.68644e-09	0.00416523
1.68649e-09	0.00416117
1.68653e-09	0.0041571
1.68658e-09	0.00415304
1.68663e-09	0.00414898
1.68667e-09	0.00414492
1.68672e-09	0.00414087
1.68677e-09	0.00413682
1.68681e-09	0.00413277
1.68686e-09	0.00412872
1.6869e-09	0.00412468
1.68695e-09	0.00412064
1.687e-09	0.0041166
1.68704e-09	0.00411257
1.68709e-09	0.00410853
1.68714e-09	0.0041045
1.68718e-09	0.00410047
1.68723e-09	0.00409645
1.68728e-09	0.00409243
1.68732e-09	0.00408841
1.68737e-09	0.00408439
1.68742e-09	0.00408037
1.68746e-09	0.00407636
1.68751e-09	0.00407235
1.68755e-09	0.00406834
1.6876e-09	0.00406434
1.68765e-09	0.00406034
1.68769e-09	0.00405634
1.68774e-09	0.00405234
1.68779e-09	0.00404835
1.68783e-09	0.00404435
1.68788e-09	0.00404036
1.68793e-09	0.00403638
1.68797e-09	0.00403239
1.68802e-09	0.00402841
1.68807e-09	0.00402443
1.68811e-09	0.00402046
1.68816e-09	0.00401648
1.6882e-09	0.00401251
1.68825e-09	0.00400855
1.6883e-09	0.00400458
1.68834e-09	0.00400062
1.68839e-09	0.00399666
1.68844e-09	0.0039927
1.68848e-09	0.00398874
1.68853e-09	0.00398479
1.68858e-09	0.00398084
1.68862e-09	0.00397689
1.68867e-09	0.00397295
1.68871e-09	0.003969
1.68876e-09	0.00396506
1.68881e-09	0.00396113
1.68885e-09	0.00395719
1.6889e-09	0.00395326
1.68895e-09	0.00394933
1.68899e-09	0.0039454
1.68904e-09	0.00394148
1.68909e-09	0.00393755
1.68913e-09	0.00393364
1.68918e-09	0.00392972
1.68923e-09	0.0039258
1.68927e-09	0.00392189
1.68932e-09	0.00391798
1.68936e-09	0.00391408
1.68941e-09	0.00391017
1.68946e-09	0.00390627
1.6895e-09	0.00390237
1.68955e-09	0.00389848
1.6896e-09	0.00389458
1.68964e-09	0.00389069
1.68969e-09	0.0038868
1.68974e-09	0.00388292
1.68978e-09	0.00387903
1.68983e-09	0.00387515
1.68988e-09	0.00387127
1.68992e-09	0.0038674
1.68997e-09	0.00386352
1.69001e-09	0.00385965
1.69006e-09	0.00385579
1.69011e-09	0.00385192
1.69015e-09	0.00384806
1.6902e-09	0.0038442
1.69025e-09	0.00384034
1.69029e-09	0.00383648
1.69034e-09	0.00383263
1.69039e-09	0.00382878
1.69043e-09	0.00382493
1.69048e-09	0.00382109
1.69053e-09	0.00381724
1.69057e-09	0.0038134
1.69062e-09	0.00380957
1.69066e-09	0.00380573
1.69071e-09	0.0038019
1.69076e-09	0.00379807
1.6908e-09	0.00379424
1.69085e-09	0.00379042
1.6909e-09	0.0037866
1.69094e-09	0.00378278
1.69099e-09	0.00377896
1.69104e-09	0.00377514
1.69108e-09	0.00377133
1.69113e-09	0.00376752
1.69117e-09	0.00376372
1.69122e-09	0.00375991
1.69127e-09	0.00375611
1.69131e-09	0.00375231
1.69136e-09	0.00374851
1.69141e-09	0.00374472
1.69145e-09	0.00374093
1.6915e-09	0.00373714
1.69155e-09	0.00373335
1.69159e-09	0.00372957
1.69164e-09	0.00372579
1.69169e-09	0.00372201
1.69173e-09	0.00371823
1.69178e-09	0.00371446
1.69182e-09	0.00371069
1.69187e-09	0.00370692
1.69192e-09	0.00370315
1.69196e-09	0.00369939
1.69201e-09	0.00369562
1.69206e-09	0.00369187
1.6921e-09	0.00368811
1.69215e-09	0.00368436
1.6922e-09	0.0036806
1.69224e-09	0.00367686
1.69229e-09	0.00367311
1.69234e-09	0.00366937
1.69238e-09	0.00366563
1.69243e-09	0.00366189
1.69247e-09	0.00365815
1.69252e-09	0.00365442
1.69257e-09	0.00365069
1.69261e-09	0.00364696
1.69266e-09	0.00364323
1.69271e-09	0.00363951
1.69275e-09	0.00363579
1.6928e-09	0.00363207
1.69285e-09	0.00362835
1.69289e-09	0.00362464
1.69294e-09	0.00362093
1.69299e-09	0.00361722
1.69303e-09	0.00361351
1.69308e-09	0.00360981
1.69312e-09	0.00360611
1.69317e-09	0.00360241
1.69322e-09	0.00359872
1.69326e-09	0.00359502
1.69331e-09	0.00359133
1.69336e-09	0.00358764
1.6934e-09	0.00358396
1.69345e-09	0.00358027
1.6935e-09	0.00357659
1.69354e-09	0.00357292
1.69359e-09	0.00356924
1.69364e-09	0.00356557
1.69368e-09	0.0035619
1.69373e-09	0.00355823
1.69377e-09	0.00355456
1.69382e-09	0.0035509
1.69387e-09	0.00354724
1.69391e-09	0.00354358
1.69396e-09	0.00353992
1.69401e-09	0.00353627
1.69405e-09	0.00353262
1.6941e-09	0.00352897
1.69415e-09	0.00352533
1.69419e-09	0.00352168
1.69424e-09	0.00351804
1.69428e-09	0.0035144
1.69433e-09	0.00351077
1.69438e-09	0.00350714
1.69442e-09	0.0035035
1.69447e-09	0.00349988
1.69452e-09	0.00349625
1.69456e-09	0.00349263
1.69461e-09	0.00348901
1.69466e-09	0.00348539
1.6947e-09	0.00348177
1.69475e-09	0.00347816
1.6948e-09	0.00347455
1.69484e-09	0.00347094
1.69489e-09	0.00346733
1.69493e-09	0.00346373
1.69498e-09	0.00346013
1.69503e-09	0.00345653
1.69507e-09	0.00345293
1.69512e-09	0.00344934
1.69517e-09	0.00344575
1.69521e-09	0.00344216
1.69526e-09	0.00343858
1.69531e-09	0.00343499
1.69535e-09	0.00343141
1.6954e-09	0.00342783
1.69545e-09	0.00342426
1.69549e-09	0.00342068
1.69554e-09	0.00341711
1.69558e-09	0.00341354
1.69563e-09	0.00340998
1.69568e-09	0.00340641
1.69572e-09	0.00340285
1.69577e-09	0.00339929
1.69582e-09	0.00339574
1.69586e-09	0.00339218
1.69591e-09	0.00338863
1.69596e-09	0.00338508
1.696e-09	0.00338153
1.69605e-09	0.00337799
1.6961e-09	0.00337445
1.69614e-09	0.00337091
1.69619e-09	0.00336737
1.69623e-09	0.00336384
1.69628e-09	0.00336031
1.69633e-09	0.00335678
1.69637e-09	0.00335325
1.69642e-09	0.00334973
1.69647e-09	0.0033462
1.69651e-09	0.00334269
1.69656e-09	0.00333917
1.69661e-09	0.00333565
1.69665e-09	0.00333214
1.6967e-09	0.00332863
1.69675e-09	0.00332513
1.69679e-09	0.00332162
1.69684e-09	0.00331812
1.69688e-09	0.00331462
1.69693e-09	0.00331112
1.69698e-09	0.00330763
1.69702e-09	0.00330413
1.69707e-09	0.00330064
1.69712e-09	0.00329716
1.69716e-09	0.00329367
1.69721e-09	0.00329019
1.69726e-09	0.00328671
1.6973e-09	0.00328323
1.69735e-09	0.00327975
1.69739e-09	0.00327628
1.69744e-09	0.00327281
1.69749e-09	0.00326934
1.69753e-09	0.00326588
1.69758e-09	0.00326241
1.69763e-09	0.00325895
1.69767e-09	0.0032555
1.69772e-09	0.00325204
1.69777e-09	0.00324859
1.69781e-09	0.00324514
1.69786e-09	0.00324169
1.69791e-09	0.00323824
1.69795e-09	0.0032348
1.698e-09	0.00323136
1.69804e-09	0.00322792
1.69809e-09	0.00322448
1.69814e-09	0.00322105
1.69818e-09	0.00321761
1.69823e-09	0.00321419
1.69828e-09	0.00321076
1.69832e-09	0.00320733
1.69837e-09	0.00320391
1.69842e-09	0.00320049
1.69846e-09	0.00319708
1.69851e-09	0.00319366
1.69856e-09	0.00319025
1.6986e-09	0.00318684
1.69865e-09	0.00318343
1.69869e-09	0.00318003
1.69874e-09	0.00317663
1.69879e-09	0.00317323
1.69883e-09	0.00316983
1.69888e-09	0.00316643
1.69893e-09	0.00316304
1.69897e-09	0.00315965
1.69902e-09	0.00315626
1.69907e-09	0.00315288
1.69911e-09	0.00314949
1.69916e-09	0.00314611
1.69921e-09	0.00314273
1.69925e-09	0.00313936
1.6993e-09	0.00313598
1.69934e-09	0.00313261
1.69939e-09	0.00312924
1.69944e-09	0.00312588
1.69948e-09	0.00312251
1.69953e-09	0.00311915
1.69958e-09	0.00311579
1.69962e-09	0.00311244
1.69967e-09	0.00310908
1.69972e-09	0.00310573
1.69976e-09	0.00310238
1.69981e-09	0.00309903
1.69986e-09	0.00309569
1.6999e-09	0.00309235
1.69995e-09	0.00308901
1.69999e-09	0.00308567
1.70004e-09	0.00308233
1.70009e-09	0.003079
1.70013e-09	0.00307567
1.70018e-09	0.00307234
1.70023e-09	0.00306902
1.70027e-09	0.00306569
1.70032e-09	0.00306237
1.70037e-09	0.00305906
1.70041e-09	0.00305574
1.70046e-09	0.00305243
1.7005e-09	0.00304912
1.70055e-09	0.00304581
1.7006e-09	0.0030425
1.70064e-09	0.0030392
1.70069e-09	0.00303589
1.70074e-09	0.00303259
1.70078e-09	0.0030293
1.70083e-09	0.003026
1.70088e-09	0.00302271
1.70092e-09	0.00301942
1.70097e-09	0.00301613
1.70102e-09	0.00301285
1.70106e-09	0.00300957
1.70111e-09	0.00300629
1.70115e-09	0.00300301
1.7012e-09	0.00299973
1.70125e-09	0.00299646
1.70129e-09	0.00299319
1.70134e-09	0.00298992
1.70139e-09	0.00298666
1.70143e-09	0.00298339
1.70148e-09	0.00298013
1.70153e-09	0.00297687
1.70157e-09	0.00297361
1.70162e-09	0.00297036
1.70167e-09	0.00296711
1.70171e-09	0.00296386
1.70176e-09	0.00296061
1.7018e-09	0.00295737
1.70185e-09	0.00295413
1.7019e-09	0.00295089
1.70194e-09	0.00294765
1.70199e-09	0.00294441
1.70204e-09	0.00294118
1.70208e-09	0.00293795
1.70213e-09	0.00293472
1.70218e-09	0.0029315
1.70222e-09	0.00292827
1.70227e-09	0.00292505
1.70232e-09	0.00292183
1.70236e-09	0.00291862
1.70241e-09	0.0029154
1.70245e-09	0.00291219
1.7025e-09	0.00290898
1.70255e-09	0.00290577
1.70259e-09	0.00290257
1.70264e-09	0.00289937
1.70269e-09	0.00289617
1.70273e-09	0.00289297
1.70278e-09	0.00288977
1.70283e-09	0.00288658
1.70287e-09	0.00288339
1.70292e-09	0.0028802
1.70297e-09	0.00287702
1.70301e-09	0.00287383
1.70306e-09	0.00287065
1.7031e-09	0.00286747
1.70315e-09	0.0028643
1.7032e-09	0.00286112
1.70324e-09	0.00285795
1.70329e-09	0.00285478
1.70334e-09	0.00285161
1.70338e-09	0.00284845
1.70343e-09	0.00284529
1.70348e-09	0.00284213
1.70352e-09	0.00283897
1.70357e-09	0.00283581
1.70361e-09	0.00283266
1.70366e-09	0.00282951
1.70371e-09	0.00282636
1.70375e-09	0.00282321
1.7038e-09	0.00282007
1.70385e-09	0.00281693
1.70389e-09	0.00281379
1.70394e-09	0.00281065
1.70399e-09	0.00280752
1.70403e-09	0.00280439
1.70408e-09	0.00280126
1.70413e-09	0.00279813
1.70417e-09	0.002795
1.70422e-09	0.00279188
1.70426e-09	0.00278876
1.70431e-09	0.00278564
1.70436e-09	0.00278252
1.7044e-09	0.00277941
1.70445e-09	0.0027763
1.7045e-09	0.00277319
1.70454e-09	0.00277008
1.70459e-09	0.00276698
1.70464e-09	0.00276388
1.70468e-09	0.00276078
1.70473e-09	0.00275768
1.70478e-09	0.00275458
1.70482e-09	0.00275149
1.70487e-09	0.0027484
1.70491e-09	0.00274531
1.70496e-09	0.00274223
1.70501e-09	0.00273914
1.70505e-09	0.00273606
1.7051e-09	0.00273298
1.70515e-09	0.00272991
1.70519e-09	0.00272683
1.70524e-09	0.00272376
1.70529e-09	0.00272069
1.70533e-09	0.00271762
1.70538e-09	0.00271456
1.70543e-09	0.00271149
1.70547e-09	0.00270843
1.70552e-09	0.00270537
1.70556e-09	0.00270232
1.70561e-09	0.00269926
1.70566e-09	0.00269621
1.7057e-09	0.00269316
1.70575e-09	0.00269012
1.7058e-09	0.00268707
1.70584e-09	0.00268403
1.70589e-09	0.00268099
1.70594e-09	0.00267795
1.70598e-09	0.00267492
1.70603e-09	0.00267188
1.70608e-09	0.00266885
1.70612e-09	0.00266582
1.70617e-09	0.0026628
1.70621e-09	0.00265977
1.70626e-09	0.00265675
1.70631e-09	0.00265373
1.70635e-09	0.00265071
1.7064e-09	0.0026477
1.70645e-09	0.00264469
1.70649e-09	0.00264167
1.70654e-09	0.00263867
1.70659e-09	0.00263566
1.70663e-09	0.00263266
1.70668e-09	0.00262966
1.70672e-09	0.00262666
1.70677e-09	0.00262366
1.70682e-09	0.00262067
1.70686e-09	0.00261767
1.70691e-09	0.00261468
1.70696e-09	0.0026117
1.707e-09	0.00260871
1.70705e-09	0.00260573
1.7071e-09	0.00260275
1.70714e-09	0.00259977
1.70719e-09	0.00259679
1.70724e-09	0.00259382
1.70728e-09	0.00259084
1.70733e-09	0.00258787
1.70737e-09	0.00258491
1.70742e-09	0.00258194
1.70747e-09	0.00257898
1.70751e-09	0.00257602
1.70756e-09	0.00257306
1.70761e-09	0.0025701
1.70765e-09	0.00256715
1.7077e-09	0.0025642
1.70775e-09	0.00256125
1.70779e-09	0.0025583
1.70784e-09	0.00255536
1.70789e-09	0.00255241
1.70793e-09	0.00254947
1.70798e-09	0.00254654
1.70802e-09	0.0025436
1.70807e-09	0.00254067
1.70812e-09	0.00253773
1.70816e-09	0.00253481
1.70821e-09	0.00253188
1.70826e-09	0.00252895
1.7083e-09	0.00252603
1.70835e-09	0.00252311
1.7084e-09	0.00252019
1.70844e-09	0.00251728
1.70849e-09	0.00251436
1.70854e-09	0.00251145
1.70858e-09	0.00250854
1.70863e-09	0.00250564
1.70867e-09	0.00250273
1.70872e-09	0.00249983
1.70877e-09	0.00249693
1.70881e-09	0.00249403
1.70886e-09	0.00249114
1.70891e-09	0.00248824
1.70895e-09	0.00248535
1.709e-09	0.00248246
1.70905e-09	0.00247958
1.70909e-09	0.00247669
1.70914e-09	0.00247381
1.70918e-09	0.00247093
1.70923e-09	0.00246805
1.70928e-09	0.00246518
1.70932e-09	0.0024623
1.70937e-09	0.00245943
1.70942e-09	0.00245656
1.70946e-09	0.0024537
1.70951e-09	0.00245083
1.70956e-09	0.00244797
1.7096e-09	0.00244511
1.70965e-09	0.00244225
1.7097e-09	0.00243939
1.70974e-09	0.00243654
1.70979e-09	0.00243369
1.70983e-09	0.00243084
1.70988e-09	0.00242799
1.70993e-09	0.00242515
1.70997e-09	0.00242231
1.71002e-09	0.00241947
1.71007e-09	0.00241663
1.71011e-09	0.00241379
1.71016e-09	0.00241096
1.71021e-09	0.00240813
1.71025e-09	0.0024053
1.7103e-09	0.00240247
1.71035e-09	0.00239965
1.71039e-09	0.00239682
1.71044e-09	0.002394
1.71048e-09	0.00239119
1.71053e-09	0.00238837
1.71058e-09	0.00238556
1.71062e-09	0.00238274
1.71067e-09	0.00237993
1.71072e-09	0.00237713
1.71076e-09	0.00237432
1.71081e-09	0.00237152
1.71086e-09	0.00236872
1.7109e-09	0.00236592
1.71095e-09	0.00236312
1.711e-09	0.00236033
1.71104e-09	0.00235754
1.71109e-09	0.00235475
1.71113e-09	0.00235196
1.71118e-09	0.00234918
1.71123e-09	0.00234639
1.71127e-09	0.00234361
1.71132e-09	0.00234083
1.71137e-09	0.00233806
1.71141e-09	0.00233528
1.71146e-09	0.00233251
1.71151e-09	0.00232974
1.71155e-09	0.00232697
1.7116e-09	0.0023242
1.71165e-09	0.00232144
1.71169e-09	0.00231868
1.71174e-09	0.00231592
1.71178e-09	0.00231316
1.71183e-09	0.00231041
1.71188e-09	0.00230766
1.71192e-09	0.0023049
1.71197e-09	0.00230216
1.71202e-09	0.00229941
1.71206e-09	0.00229667
1.71211e-09	0.00229392
1.71216e-09	0.00229118
1.7122e-09	0.00228845
1.71225e-09	0.00228571
1.71229e-09	0.00228298
1.71234e-09	0.00228025
1.71239e-09	0.00227752
1.71243e-09	0.00227479
1.71248e-09	0.00227207
1.71253e-09	0.00226934
1.71257e-09	0.00226662
1.71262e-09	0.0022639
1.71267e-09	0.00226119
1.71271e-09	0.00225847
1.71276e-09	0.00225576
1.71281e-09	0.00225305
1.71285e-09	0.00225035
1.7129e-09	0.00224764
1.71294e-09	0.00224494
1.71299e-09	0.00224224
1.71304e-09	0.00223954
1.71308e-09	0.00223684
1.71313e-09	0.00223415
1.71318e-09	0.00223145
1.71322e-09	0.00222876
1.71327e-09	0.00222608
1.71332e-09	0.00222339
1.71336e-09	0.00222071
1.71341e-09	0.00221802
1.71346e-09	0.00221534
1.7135e-09	0.00221267
1.71355e-09	0.00220999
1.71359e-09	0.00220732
1.71364e-09	0.00220465
1.71369e-09	0.00220198
1.71373e-09	0.00219931
1.71378e-09	0.00219665
1.71383e-09	0.00219398
1.71387e-09	0.00219132
1.71392e-09	0.00218866
1.71397e-09	0.00218601
1.71401e-09	0.00218335
1.71406e-09	0.0021807
1.71411e-09	0.00217805
1.71415e-09	0.0021754
1.7142e-09	0.00217276
1.71424e-09	0.00217012
1.71429e-09	0.00216747
1.71434e-09	0.00216484
1.71438e-09	0.0021622
1.71443e-09	0.00215956
1.71448e-09	0.00215693
1.71452e-09	0.0021543
1.71457e-09	0.00215167
1.71462e-09	0.00214904
1.71466e-09	0.00214642
1.71471e-09	0.0021438
1.71476e-09	0.00214118
1.7148e-09	0.00213856
1.71485e-09	0.00213594
1.71489e-09	0.00213333
1.71494e-09	0.00213072
1.71499e-09	0.00212811
1.71503e-09	0.0021255
1.71508e-09	0.00212289
1.71513e-09	0.00212029
1.71517e-09	0.00211769
1.71522e-09	0.00211509
1.71527e-09	0.00211249
1.71531e-09	0.0021099
1.71536e-09	0.00210731
1.7154e-09	0.00210472
1.71545e-09	0.00210213
1.7155e-09	0.00209954
1.71554e-09	0.00209696
1.71559e-09	0.00209437
1.71564e-09	0.00209179
1.71568e-09	0.00208921
1.71573e-09	0.00208664
1.71578e-09	0.00208406
1.71582e-09	0.00208149
1.71587e-09	0.00207892
1.71592e-09	0.00207635
1.71596e-09	0.00207379
1.71601e-09	0.00207123
1.71605e-09	0.00206866
1.7161e-09	0.0020661
1.71615e-09	0.00206355
1.71619e-09	0.00206099
1.71624e-09	0.00205844
1.71629e-09	0.00205589
1.71633e-09	0.00205334
1.71638e-09	0.00205079
1.71643e-09	0.00204825
1.71647e-09	0.0020457
1.71652e-09	0.00204316
1.71657e-09	0.00204062
1.71661e-09	0.00203809
1.71666e-09	0.00203555
1.7167e-09	0.00203302
1.71675e-09	0.00203049
1.7168e-09	0.00202796
1.71684e-09	0.00202544
1.71689e-09	0.00202291
1.71694e-09	0.00202039
1.71698e-09	0.00201787
1.71703e-09	0.00201535
1.71708e-09	0.00201283
1.71712e-09	0.00201032
1.71717e-09	0.00200781
1.71722e-09	0.0020053
1.71726e-09	0.00200279
1.71731e-09	0.00200029
1.71735e-09	0.00199778
1.7174e-09	0.00199528
1.71745e-09	0.00199278
1.71749e-09	0.00199028
1.71754e-09	0.00198779
1.71759e-09	0.00198529
1.71763e-09	0.0019828
1.71768e-09	0.00198031
1.71773e-09	0.00197783
1.71777e-09	0.00197534
1.71782e-09	0.00197286
1.71787e-09	0.00197038
1.71791e-09	0.0019679
1.71796e-09	0.00196542
1.718e-09	0.00196295
1.71805e-09	0.00196047
1.7181e-09	0.001958
1.71814e-09	0.00195553
1.71819e-09	0.00195307
1.71824e-09	0.0019506
1.71828e-09	0.00194814
1.71833e-09	0.00194568
1.71838e-09	0.00194322
1.71842e-09	0.00194076
1.71847e-09	0.00193831
1.71851e-09	0.00193586
1.71856e-09	0.00193341
1.71861e-09	0.00193096
1.71865e-09	0.00192851
1.7187e-09	0.00192607
1.71875e-09	0.00192362
1.71879e-09	0.00192118
1.71884e-09	0.00191874
1.71889e-09	0.00191631
1.71893e-09	0.00191387
1.71898e-09	0.00191144
1.71903e-09	0.00190901
1.71907e-09	0.00190658
1.71912e-09	0.00190416
1.71916e-09	0.00190173
1.71921e-09	0.00189931
1.71926e-09	0.00189689
1.7193e-09	0.00189447
1.71935e-09	0.00189206
1.7194e-09	0.00188964
1.71944e-09	0.00188723
1.71949e-09	0.00188482
1.71954e-09	0.00188241
1.71958e-09	0.00188001
1.71963e-09	0.0018776
1.71968e-09	0.0018752
1.71972e-09	0.0018728
1.71977e-09	0.0018704
1.71981e-09	0.001868
1.71986e-09	0.00186561
1.71991e-09	0.00186322
1.71995e-09	0.00186083
1.72e-09	0.00185844
1.72005e-09	0.00185605
1.72009e-09	0.00185367
1.72014e-09	0.00185129
1.72019e-09	0.00184891
1.72023e-09	0.00184653
1.72028e-09	0.00184415
1.72033e-09	0.00184178
1.72037e-09	0.00183941
1.72042e-09	0.00183704
1.72046e-09	0.00183467
1.72051e-09	0.0018323
1.72056e-09	0.00182994
1.7206e-09	0.00182758
1.72065e-09	0.00182522
1.7207e-09	0.00182286
1.72074e-09	0.0018205
1.72079e-09	0.00181815
1.72084e-09	0.0018158
1.72088e-09	0.00181345
1.72093e-09	0.0018111
1.72098e-09	0.00180875
1.72102e-09	0.00180641
1.72107e-09	0.00180406
1.72111e-09	0.00180172
1.72116e-09	0.00179939
1.72121e-09	0.00179705
1.72125e-09	0.00179471
1.7213e-09	0.00179238
1.72135e-09	0.00179005
1.72139e-09	0.00178772
1.72144e-09	0.0017854
1.72149e-09	0.00178307
1.72153e-09	0.00178075
1.72158e-09	0.00177843
1.72162e-09	0.00177611
1.72167e-09	0.00177379
1.72172e-09	0.00177148
1.72176e-09	0.00176916
1.72181e-09	0.00176685
1.72186e-09	0.00176455
1.7219e-09	0.00176224
1.72195e-09	0.00175993
1.722e-09	0.00175763
1.72204e-09	0.00175533
1.72209e-09	0.00175303
1.72214e-09	0.00175073
1.72218e-09	0.00174844
1.72223e-09	0.00174614
1.72227e-09	0.00174385
1.72232e-09	0.00174156
1.72237e-09	0.00173928
1.72241e-09	0.00173699
1.72246e-09	0.00173471
1.72251e-09	0.00173243
1.72255e-09	0.00173015
1.7226e-09	0.00172787
1.72265e-09	0.00172559
1.72269e-09	0.00172332
1.72274e-09	0.00172105
1.72279e-09	0.00171878
1.72283e-09	0.00171651
1.72288e-09	0.00171424
1.72292e-09	0.00171198
1.72297e-09	0.00170972
1.72302e-09	0.00170746
1.72306e-09	0.0017052
1.72311e-09	0.00170294
1.72316e-09	0.00170069
1.7232e-09	0.00169844
1.72325e-09	0.00169618
1.7233e-09	0.00169394
1.72334e-09	0.00169169
1.72339e-09	0.00168944
1.72344e-09	0.0016872
1.72348e-09	0.00168496
1.72353e-09	0.00168272
1.72357e-09	0.00168048
1.72362e-09	0.00167825
1.72367e-09	0.00167602
1.72371e-09	0.00167379
1.72376e-09	0.00167156
1.72381e-09	0.00166933
1.72385e-09	0.0016671
1.7239e-09	0.00166488
1.72395e-09	0.00166266
1.72399e-09	0.00166044
1.72404e-09	0.00165822
1.72408e-09	0.001656
1.72413e-09	0.00165379
1.72418e-09	0.00165158
1.72422e-09	0.00164937
1.72427e-09	0.00164716
1.72432e-09	0.00164495
1.72436e-09	0.00164275
1.72441e-09	0.00164055
1.72446e-09	0.00163834
1.7245e-09	0.00163615
1.72455e-09	0.00163395
1.7246e-09	0.00163175
1.72464e-09	0.00162956
1.72469e-09	0.00162737
1.72473e-09	0.00162518
1.72478e-09	0.00162299
1.72483e-09	0.00162081
1.72487e-09	0.00161862
1.72492e-09	0.00161644
1.72497e-09	0.00161426
1.72501e-09	0.00161208
1.72506e-09	0.00160991
1.72511e-09	0.00160773
1.72515e-09	0.00160556
1.7252e-09	0.00160339
1.72525e-09	0.00160122
1.72529e-09	0.00159906
1.72534e-09	0.00159689
1.72538e-09	0.00159473
1.72543e-09	0.00159257
1.72548e-09	0.00159041
1.72552e-09	0.00158825
1.72557e-09	0.0015861
1.72562e-09	0.00158394
1.72566e-09	0.00158179
1.72571e-09	0.00157964
1.72576e-09	0.00157749
1.7258e-09	0.00157535
1.72585e-09	0.0015732
1.7259e-09	0.00157106
1.72594e-09	0.00156892
1.72599e-09	0.00156678
1.72603e-09	0.00156465
1.72608e-09	0.00156251
1.72613e-09	0.00156038
1.72617e-09	0.00155825
1.72622e-09	0.00155612
1.72627e-09	0.00155399
1.72631e-09	0.00155187
1.72636e-09	0.00154974
1.72641e-09	0.00154762
1.72645e-09	0.0015455
1.7265e-09	0.00154339
1.72655e-09	0.00154127
1.72659e-09	0.00153916
1.72664e-09	0.00153704
1.72668e-09	0.00153493
1.72673e-09	0.00153282
1.72678e-09	0.00153072
1.72682e-09	0.00152861
1.72687e-09	0.00152651
1.72692e-09	0.00152441
1.72696e-09	0.00152231
1.72701e-09	0.00152021
1.72706e-09	0.00151812
1.7271e-09	0.00151602
1.72715e-09	0.00151393
1.72719e-09	0.00151184
1.72724e-09	0.00150975
1.72729e-09	0.00150767
1.72733e-09	0.00150558
1.72738e-09	0.0015035
1.72743e-09	0.00150142
1.72747e-09	0.00149934
1.72752e-09	0.00149726
1.72757e-09	0.00149519
1.72761e-09	0.00149311
1.72766e-09	0.00149104
1.72771e-09	0.00148897
1.72775e-09	0.0014869
1.7278e-09	0.00148484
1.72784e-09	0.00148277
1.72789e-09	0.00148071
1.72794e-09	0.00147865
1.72798e-09	0.00147659
1.72803e-09	0.00147453
1.72808e-09	0.00147248
1.72812e-09	0.00147043
1.72817e-09	0.00146837
1.72822e-09	0.00146632
1.72826e-09	0.00146428
1.72831e-09	0.00146223
1.72836e-09	0.00146019
1.7284e-09	0.00145814
1.72845e-09	0.0014561
1.72849e-09	0.00145407
1.72854e-09	0.00145203
1.72859e-09	0.00144999
1.72863e-09	0.00144796
1.72868e-09	0.00144593
1.72873e-09	0.0014439
1.72877e-09	0.00144187
1.72882e-09	0.00143984
1.72887e-09	0.00143782
1.72891e-09	0.0014358
1.72896e-09	0.00143378
1.72901e-09	0.00143176
1.72905e-09	0.00142974
1.7291e-09	0.00142773
1.72914e-09	0.00142571
1.72919e-09	0.0014237
1.72924e-09	0.00142169
1.72928e-09	0.00141968
1.72933e-09	0.00141768
1.72938e-09	0.00141567
1.72942e-09	0.00141367
1.72947e-09	0.00141167
1.72952e-09	0.00140967
1.72956e-09	0.00140767
1.72961e-09	0.00140568
1.72966e-09	0.00140369
1.7297e-09	0.00140169
1.72975e-09	0.0013997
1.72979e-09	0.00139772
1.72984e-09	0.00139573
1.72989e-09	0.00139374
1.72993e-09	0.00139176
1.72998e-09	0.00138978
1.73003e-09	0.0013878
1.73007e-09	0.00138582
1.73012e-09	0.00138385
1.73017e-09	0.00138187
1.73021e-09	0.0013799
1.73026e-09	0.00137793
1.7303e-09	0.00137596
1.73035e-09	0.001374
1.7304e-09	0.00137203
1.73044e-09	0.00137007
1.73049e-09	0.00136811
1.73054e-09	0.00136615
1.73058e-09	0.00136419
1.73063e-09	0.00136223
1.73068e-09	0.00136028
1.73072e-09	0.00135833
1.73077e-09	0.00135638
1.73082e-09	0.00135443
1.73086e-09	0.00135248
1.73091e-09	0.00135053
1.73095e-09	0.00134859
1.731e-09	0.00134665
1.73105e-09	0.00134471
1.73109e-09	0.00134277
1.73114e-09	0.00134083
1.73119e-09	0.0013389
1.73123e-09	0.00133696
1.73128e-09	0.00133503
1.73133e-09	0.0013331
1.73137e-09	0.00133118
1.73142e-09	0.00132925
1.73147e-09	0.00132733
1.73151e-09	0.0013254
1.73156e-09	0.00132348
1.7316e-09	0.00132156
1.73165e-09	0.00131965
1.7317e-09	0.00131773
1.73174e-09	0.00131582
1.73179e-09	0.0013139
1.73184e-09	0.00131199
1.73188e-09	0.00131008
1.73193e-09	0.00130818
1.73198e-09	0.00130627
1.73202e-09	0.00130437
1.73207e-09	0.00130247
1.73212e-09	0.00130057
1.73216e-09	0.00129867
1.73221e-09	0.00129677
1.73225e-09	0.00129488
1.7323e-09	0.00129299
1.73235e-09	0.00129109
1.73239e-09	0.0012892
1.73244e-09	0.00128732
1.73249e-09	0.00128543
1.73253e-09	0.00128355
1.73258e-09	0.00128166
1.73263e-09	0.00127978
1.73267e-09	0.0012779
1.73272e-09	0.00127603
1.73277e-09	0.00127415
1.73281e-09	0.00127228
1.73286e-09	0.00127041
1.7329e-09	0.00126854
1.73295e-09	0.00126667
1.733e-09	0.0012648
1.73304e-09	0.00126293
1.73309e-09	0.00126107
1.73314e-09	0.00125921
1.73318e-09	0.00125735
1.73323e-09	0.00125549
1.73328e-09	0.00125363
1.73332e-09	0.00125178
1.73337e-09	0.00124993
1.73341e-09	0.00124807
1.73346e-09	0.00124622
1.73351e-09	0.00124438
1.73355e-09	0.00124253
1.7336e-09	0.00124069
1.73365e-09	0.00123884
1.73369e-09	0.001237
1.73374e-09	0.00123516
1.73379e-09	0.00123332
1.73383e-09	0.00123149
1.73388e-09	0.00122965
1.73393e-09	0.00122782
1.73397e-09	0.00122599
1.73402e-09	0.00122416
1.73406e-09	0.00122233
1.73411e-09	0.00122051
1.73416e-09	0.00121868
1.7342e-09	0.00121686
1.73425e-09	0.00121504
1.7343e-09	0.00121322
1.73434e-09	0.0012114
1.73439e-09	0.00120959
1.73444e-09	0.00120777
1.73448e-09	0.00120596
1.73453e-09	0.00120415
1.73458e-09	0.00120234
1.73462e-09	0.00120053
1.73467e-09	0.00119873
1.73471e-09	0.00119692
1.73476e-09	0.00119512
1.73481e-09	0.00119332
1.73485e-09	0.00119152
1.7349e-09	0.00118972
1.73495e-09	0.00118793
1.73499e-09	0.00118614
1.73504e-09	0.00118434
1.73509e-09	0.00118255
1.73513e-09	0.00118076
1.73518e-09	0.00117898
1.73523e-09	0.00117719
1.73527e-09	0.00117541
1.73532e-09	0.00117363
1.73536e-09	0.00117184
1.73541e-09	0.00117007
1.73546e-09	0.00116829
1.7355e-09	0.00116651
1.73555e-09	0.00116474
1.7356e-09	0.00116297
1.73564e-09	0.0011612
1.73569e-09	0.00115943
1.73574e-09	0.00115766
1.73578e-09	0.0011559
1.73583e-09	0.00115413
1.73588e-09	0.00115237
1.73592e-09	0.00115061
1.73597e-09	0.00114885
1.73601e-09	0.00114709
1.73606e-09	0.00114534
1.73611e-09	0.00114358
1.73615e-09	0.00114183
1.7362e-09	0.00114008
1.73625e-09	0.00113833
1.73629e-09	0.00113659
1.73634e-09	0.00113484
1.73639e-09	0.0011331
1.73643e-09	0.00113135
1.73648e-09	0.00112961
1.73652e-09	0.00112788
1.73657e-09	0.00112614
1.73662e-09	0.0011244
1.73666e-09	0.00112267
1.73671e-09	0.00112094
1.73676e-09	0.00111921
1.7368e-09	0.00111748
1.73685e-09	0.00111575
1.7369e-09	0.00111402
1.73694e-09	0.0011123
1.73699e-09	0.00111058
1.73704e-09	0.00110886
1.73708e-09	0.00110714
1.73713e-09	0.00110542
1.73717e-09	0.0011037
1.73722e-09	0.00110199
1.73727e-09	0.00110028
1.73731e-09	0.00109856
1.73736e-09	0.00109686
1.73741e-09	0.00109515
1.73745e-09	0.00109344
1.7375e-09	0.00109174
1.73755e-09	0.00109003
1.73759e-09	0.00108833
1.73764e-09	0.00108663
1.73769e-09	0.00108494
1.73773e-09	0.00108324
1.73778e-09	0.00108154
1.73782e-09	0.00107985
1.73787e-09	0.00107816
1.73792e-09	0.00107647
1.73796e-09	0.00107478
1.73801e-09	0.00107309
1.73806e-09	0.00107141
1.7381e-09	0.00106973
1.73815e-09	0.00106804
1.7382e-09	0.00106636
1.73824e-09	0.00106468
1.73829e-09	0.00106301
1.73834e-09	0.00106133
1.73838e-09	0.00105966
1.73843e-09	0.00105799
1.73847e-09	0.00105632
1.73852e-09	0.00105465
1.73857e-09	0.00105298
1.73861e-09	0.00105131
1.73866e-09	0.00104965
1.73871e-09	0.00104799
1.73875e-09	0.00104633
1.7388e-09	0.00104467
1.73885e-09	0.00104301
1.73889e-09	0.00104135
1.73894e-09	0.0010397
1.73899e-09	0.00103805
1.73903e-09	0.00103639
1.73908e-09	0.00103474
1.73912e-09	0.0010331
1.73917e-09	0.00103145
1.73922e-09	0.0010298
1.73926e-09	0.00102816
1.73931e-09	0.00102652
1.73936e-09	0.00102488
1.7394e-09	0.00102324
1.73945e-09	0.0010216
1.7395e-09	0.00101997
1.73954e-09	0.00101833
1.73959e-09	0.0010167
1.73963e-09	0.00101507
1.73968e-09	0.00101344
1.73973e-09	0.00101181
1.73977e-09	0.00101019
1.73982e-09	0.00100856
1.73987e-09	0.00100694
1.73991e-09	0.00100532
1.73996e-09	0.0010037
1.74001e-09	0.00100208
1.74005e-09	0.00100047
1.7401e-09	0.00099885
1.74015e-09	0.000997237
1.74019e-09	0.000995625
1.74024e-09	0.000994015
1.74028e-09	0.000992406
1.74033e-09	0.000990799
1.74038e-09	0.000989194
1.74042e-09	0.00098759
1.74047e-09	0.000985987
1.74052e-09	0.000984386
1.74056e-09	0.000982787
1.74061e-09	0.000981189
1.74066e-09	0.000979593
1.7407e-09	0.000977999
1.74075e-09	0.000976406
1.7408e-09	0.000974814
1.74084e-09	0.000973224
1.74089e-09	0.000971636
1.74093e-09	0.000970049
1.74098e-09	0.000968464
1.74103e-09	0.00096688
1.74107e-09	0.000965298
1.74112e-09	0.000963717
1.74117e-09	0.000962138
1.74121e-09	0.000960561
1.74126e-09	0.000958985
1.74131e-09	0.00095741
1.74135e-09	0.000955838
1.7414e-09	0.000954266
1.74145e-09	0.000952697
1.74149e-09	0.000951128
1.74154e-09	0.000949562
1.74158e-09	0.000947997
1.74163e-09	0.000946433
1.74168e-09	0.000944871
1.74172e-09	0.00094331
1.74177e-09	0.000941751
1.74182e-09	0.000940194
1.74186e-09	0.000938638
1.74191e-09	0.000937084
1.74196e-09	0.000935531
1.742e-09	0.00093398
1.74205e-09	0.00093243
1.74209e-09	0.000930882
1.74214e-09	0.000929335
1.74219e-09	0.00092779
1.74223e-09	0.000926246
1.74228e-09	0.000924704
1.74233e-09	0.000923163
1.74237e-09	0.000921624
1.74242e-09	0.000920087
1.74247e-09	0.000918551
1.74251e-09	0.000917016
1.74256e-09	0.000915483
1.74261e-09	0.000913952
1.74265e-09	0.000912422
1.7427e-09	0.000910893
1.74274e-09	0.000909366
1.74279e-09	0.000907841
1.74284e-09	0.000906317
1.74288e-09	0.000904795
1.74293e-09	0.000903274
1.74298e-09	0.000901755
1.74302e-09	0.000900237
1.74307e-09	0.000898721
1.74312e-09	0.000897206
1.74316e-09	0.000895693
1.74321e-09	0.000894181
1.74326e-09	0.00089267
1.7433e-09	0.000891162
1.74335e-09	0.000889654
1.74339e-09	0.000888149
1.74344e-09	0.000886644
1.74349e-09	0.000885142
1.74353e-09	0.00088364
1.74358e-09	0.000882141
1.74363e-09	0.000880642
1.74367e-09	0.000879146
1.74372e-09	0.00087765
1.74377e-09	0.000876157
1.74381e-09	0.000874664
1.74386e-09	0.000873174
1.74391e-09	0.000871684
1.74395e-09	0.000870197
1.744e-09	0.00086871
1.74404e-09	0.000867226
1.74409e-09	0.000865742
1.74414e-09	0.00086426
1.74418e-09	0.00086278
1.74423e-09	0.000861301
1.74428e-09	0.000859824
1.74432e-09	0.000858348
1.74437e-09	0.000856874
1.74442e-09	0.000855401
1.74446e-09	0.000853929
1.74451e-09	0.000852459
1.74456e-09	0.000850991
1.7446e-09	0.000849524
1.74465e-09	0.000848058
1.74469e-09	0.000846594
1.74474e-09	0.000845132
1.74479e-09	0.000843671
1.74483e-09	0.000842211
1.74488e-09	0.000840753
1.74493e-09	0.000839296
1.74497e-09	0.000837841
1.74502e-09	0.000836387
1.74507e-09	0.000834935
1.74511e-09	0.000833484
1.74516e-09	0.000832035
1.7452e-09	0.000830587
1.74525e-09	0.000829141
1.7453e-09	0.000827696
1.74534e-09	0.000826253
1.74539e-09	0.000824811
1.74544e-09	0.00082337
1.74548e-09	0.000821931
1.74553e-09	0.000820493
1.74558e-09	0.000819057
1.74562e-09	0.000817623
1.74567e-09	0.000816189
1.74572e-09	0.000814758
1.74576e-09	0.000813327
1.74581e-09	0.000811898
1.74585e-09	0.000810471
1.7459e-09	0.000809045
1.74595e-09	0.000807621
1.74599e-09	0.000806197
1.74604e-09	0.000804776
1.74609e-09	0.000803356
1.74613e-09	0.000801937
1.74618e-09	0.00080052
1.74623e-09	0.000799104
1.74627e-09	0.00079769
1.74632e-09	0.000796277
1.74637e-09	0.000794865
1.74641e-09	0.000793455
1.74646e-09	0.000792047
1.7465e-09	0.000790639
1.74655e-09	0.000789234
1.7466e-09	0.000787829
1.74664e-09	0.000786427
1.74669e-09	0.000785025
1.74674e-09	0.000783625
1.74678e-09	0.000782227
1.74683e-09	0.00078083
1.74688e-09	0.000779434
1.74692e-09	0.00077804
1.74697e-09	0.000776647
1.74702e-09	0.000775255
1.74706e-09	0.000773866
1.74711e-09	0.000772477
1.74715e-09	0.00077109
1.7472e-09	0.000769704
1.74725e-09	0.00076832
1.74729e-09	0.000766937
1.74734e-09	0.000765556
1.74739e-09	0.000764176
1.74743e-09	0.000762797
1.74748e-09	0.00076142
1.74753e-09	0.000760044
1.74757e-09	0.00075867
1.74762e-09	0.000757297
1.74767e-09	0.000755926
1.74771e-09	0.000754556
1.74776e-09	0.000753187
1.7478e-09	0.00075182
1.74785e-09	0.000750454
1.7479e-09	0.00074909
1.74794e-09	0.000747727
1.74799e-09	0.000746365
1.74804e-09	0.000745005
1.74808e-09	0.000743646
1.74813e-09	0.000742289
1.74818e-09	0.000740933
1.74822e-09	0.000739579
1.74827e-09	0.000738225
1.74831e-09	0.000736874
1.74836e-09	0.000735523
1.74841e-09	0.000734174
1.74845e-09	0.000732827
1.7485e-09	0.000731481
1.74855e-09	0.000730136
1.74859e-09	0.000728793
1.74864e-09	0.000727451
1.74869e-09	0.00072611
1.74873e-09	0.000724771
1.74878e-09	0.000723433
1.74883e-09	0.000722097
1.74887e-09	0.000720762
1.74892e-09	0.000719429
1.74896e-09	0.000718096
1.74901e-09	0.000716766
1.74906e-09	0.000715436
1.7491e-09	0.000714108
1.74915e-09	0.000712782
1.7492e-09	0.000711456
1.74924e-09	0.000710132
1.74929e-09	0.00070881
1.74934e-09	0.000707489
1.74938e-09	0.000706169
1.74943e-09	0.000704851
1.74948e-09	0.000703534
1.74952e-09	0.000702218
1.74957e-09	0.000700904
1.74961e-09	0.000699591
1.74966e-09	0.00069828
1.74971e-09	0.00069697
1.74975e-09	0.000695661
1.7498e-09	0.000694354
1.74985e-09	0.000693048
1.74989e-09	0.000691743
1.74994e-09	0.00069044
1.74999e-09	0.000689138
1.75003e-09	0.000687838
1.75008e-09	0.000686539
1.75013e-09	0.000685241
1.75017e-09	0.000683945
1.75022e-09	0.00068265
1.75026e-09	0.000681356
1.75031e-09	0.000680064
1.75036e-09	0.000678773
1.7504e-09	0.000677483
1.75045e-09	0.000676195
1.7505e-09	0.000674908
1.75054e-09	0.000673623
1.75059e-09	0.000672339
1.75064e-09	0.000671056
1.75068e-09	0.000669775
1.75073e-09	0.000668495
1.75078e-09	0.000667216
1.75082e-09	0.000665939
1.75087e-09	0.000664663
1.75091e-09	0.000663388
1.75096e-09	0.000662115
1.75101e-09	0.000660843
1.75105e-09	0.000659572
1.7511e-09	0.000658303
1.75115e-09	0.000657035
1.75119e-09	0.000655769
1.75124e-09	0.000654503
1.75129e-09	0.00065324
1.75133e-09	0.000651977
1.75138e-09	0.000650716
1.75142e-09	0.000649456
1.75147e-09	0.000648198
1.75152e-09	0.00064694
1.75156e-09	0.000645685
1.75161e-09	0.00064443
1.75166e-09	0.000643177
1.7517e-09	0.000641925
1.75175e-09	0.000640675
1.7518e-09	0.000639426
1.75184e-09	0.000638178
1.75189e-09	0.000636931
1.75194e-09	0.000635686
1.75198e-09	0.000634442
1.75203e-09	0.0006332
1.75207e-09	0.000631959
1.75212e-09	0.000630719
1.75217e-09	0.00062948
1.75221e-09	0.000628243
1.75226e-09	0.000627007
1.75231e-09	0.000625773
1.75235e-09	0.00062454
1.7524e-09	0.000623308
1.75245e-09	0.000622077
1.75249e-09	0.000620848
1.75254e-09	0.00061962
1.75259e-09	0.000618394
1.75263e-09	0.000617168
1.75268e-09	0.000615944
1.75272e-09	0.000614722
1.75277e-09	0.0006135
1.75282e-09	0.00061228
1.75286e-09	0.000611062
1.75291e-09	0.000609844
1.75296e-09	0.000608628
1.753e-09	0.000607413
1.75305e-09	0.0006062
1.7531e-09	0.000604988
1.75314e-09	0.000603777
1.75319e-09	0.000602567
1.75324e-09	0.000601359
1.75328e-09	0.000600152
1.75333e-09	0.000598946
1.75337e-09	0.000597742
1.75342e-09	0.000596539
1.75347e-09	0.000595337
1.75351e-09	0.000594137
1.75356e-09	0.000592938
1.75361e-09	0.00059174
1.75365e-09	0.000590543
1.7537e-09	0.000589348
1.75375e-09	0.000588154
1.75379e-09	0.000586961
1.75384e-09	0.00058577
1.75389e-09	0.00058458
1.75393e-09	0.000583391
1.75398e-09	0.000582204
1.75402e-09	0.000581018
1.75407e-09	0.000579833
1.75412e-09	0.000578649
1.75416e-09	0.000577467
1.75421e-09	0.000576286
1.75426e-09	0.000575106
1.7543e-09	0.000573927
1.75435e-09	0.00057275
1.7544e-09	0.000571574
1.75444e-09	0.0005704
1.75449e-09	0.000569226
1.75453e-09	0.000568054
1.75458e-09	0.000566883
1.75463e-09	0.000565714
1.75467e-09	0.000564546
1.75472e-09	0.000563379
1.75477e-09	0.000562213
1.75481e-09	0.000561049
1.75486e-09	0.000559885
1.75491e-09	0.000558724
1.75495e-09	0.000557563
1.755e-09	0.000556404
1.75505e-09	0.000555246
1.75509e-09	0.000554089
1.75514e-09	0.000552933
1.75518e-09	0.000551779
1.75523e-09	0.000550626
1.75528e-09	0.000549474
1.75532e-09	0.000548324
1.75537e-09	0.000547175
1.75542e-09	0.000546027
1.75546e-09	0.00054488
1.75551e-09	0.000543735
1.75556e-09	0.00054259
1.7556e-09	0.000541448
1.75565e-09	0.000540306
1.7557e-09	0.000539166
1.75574e-09	0.000538026
1.75579e-09	0.000536889
1.75583e-09	0.000535752
1.75588e-09	0.000534617
1.75593e-09	0.000533483
1.75597e-09	0.00053235
1.75602e-09	0.000531218
1.75607e-09	0.000530088
1.75611e-09	0.000528959
1.75616e-09	0.000527831
1.75621e-09	0.000526704
1.75625e-09	0.000525579
1.7563e-09	0.000524455
1.75635e-09	0.000523332
1.75639e-09	0.00052221
1.75644e-09	0.00052109
1.75648e-09	0.000519971
1.75653e-09	0.000518853
1.75658e-09	0.000517736
1.75662e-09	0.000516621
1.75667e-09	0.000515506
1.75672e-09	0.000514393
1.75676e-09	0.000513282
1.75681e-09	0.000512171
1.75686e-09	0.000511062
1.7569e-09	0.000509954
1.75695e-09	0.000508847
1.75699e-09	0.000507742
1.75704e-09	0.000506637
1.75709e-09	0.000505534
1.75713e-09	0.000504432
1.75718e-09	0.000503332
1.75723e-09	0.000502232
1.75727e-09	0.000501134
1.75732e-09	0.000500037
1.75737e-09	0.000498942
1.75741e-09	0.000497847
1.75746e-09	0.000496754
1.75751e-09	0.000495662
1.75755e-09	0.000494571
1.7576e-09	0.000493481
1.75764e-09	0.000492393
1.75769e-09	0.000491306
1.75774e-09	0.00049022
1.75778e-09	0.000489135
1.75783e-09	0.000488051
1.75788e-09	0.000486969
1.75792e-09	0.000485888
1.75797e-09	0.000484808
1.75802e-09	0.000483729
1.75806e-09	0.000482652
1.75811e-09	0.000481576
1.75816e-09	0.000480501
1.7582e-09	0.000479427
1.75825e-09	0.000478354
1.75829e-09	0.000477283
1.75834e-09	0.000476213
1.75839e-09	0.000475144
1.75843e-09	0.000474076
1.75848e-09	0.000473009
1.75853e-09	0.000471944
1.75857e-09	0.00047088
1.75862e-09	0.000469817
1.75867e-09	0.000468755
1.75871e-09	0.000467694
1.75876e-09	0.000466635
1.75881e-09	0.000465577
1.75885e-09	0.00046452
1.7589e-09	0.000463464
1.75894e-09	0.000462409
1.75899e-09	0.000461356
1.75904e-09	0.000460304
1.75908e-09	0.000459253
1.75913e-09	0.000458203
1.75918e-09	0.000457154
1.75922e-09	0.000456107
1.75927e-09	0.00045506
1.75932e-09	0.000454015
1.75936e-09	0.000452971
1.75941e-09	0.000451929
1.75946e-09	0.000450887
1.7595e-09	0.000449847
1.75955e-09	0.000448808
1.75959e-09	0.00044777
1.75964e-09	0.000446733
1.75969e-09	0.000445697
1.75973e-09	0.000444663
1.75978e-09	0.00044363
1.75983e-09	0.000442598
1.75987e-09	0.000441567
1.75992e-09	0.000440537
1.75997e-09	0.000439508
1.76001e-09	0.000438481
1.76006e-09	0.000437455
1.7601e-09	0.00043643
1.76015e-09	0.000435406
1.7602e-09	0.000434383
1.76024e-09	0.000433362
1.76029e-09	0.000432341
1.76034e-09	0.000431322
1.76038e-09	0.000430304
1.76043e-09	0.000429287
1.76048e-09	0.000428272
1.76052e-09	0.000427257
1.76057e-09	0.000426244
1.76062e-09	0.000425232
1.76066e-09	0.000424221
1.76071e-09	0.000423211
1.76075e-09	0.000422202
1.7608e-09	0.000421195
1.76085e-09	0.000420188
1.76089e-09	0.000419183
1.76094e-09	0.000418179
1.76099e-09	0.000417176
1.76103e-09	0.000416174
1.76108e-09	0.000415174
1.76113e-09	0.000414174
1.76117e-09	0.000413176
1.76122e-09	0.000412179
1.76127e-09	0.000411183
1.76131e-09	0.000410188
1.76136e-09	0.000409194
1.7614e-09	0.000408202
1.76145e-09	0.00040721
1.7615e-09	0.00040622
1.76154e-09	0.000405231
1.76159e-09	0.000404243
1.76164e-09	0.000403256
1.76168e-09	0.000402271
1.76173e-09	0.000401286
1.76178e-09	0.000400303
1.76182e-09	0.00039932
1.76187e-09	0.000398339
1.76192e-09	0.000397359
1.76196e-09	0.00039638
1.76201e-09	0.000395403
1.76205e-09	0.000394426
1.7621e-09	0.000393451
1.76215e-09	0.000392477
1.76219e-09	0.000391503
1.76224e-09	0.000390531
1.76229e-09	0.00038956
1.76233e-09	0.000388591
1.76238e-09	0.000387622
1.76243e-09	0.000386655
1.76247e-09	0.000385688
1.76252e-09	0.000384723
1.76257e-09	0.000383759
1.76261e-09	0.000382796
1.76266e-09	0.000381834
1.7627e-09	0.000380873
1.76275e-09	0.000379914
1.7628e-09	0.000378955
1.76284e-09	0.000377998
1.76289e-09	0.000377042
1.76294e-09	0.000376087
1.76298e-09	0.000375132
1.76303e-09	0.00037418
1.76308e-09	0.000373228
1.76312e-09	0.000372277
1.76317e-09	0.000371328
1.76321e-09	0.000370379
1.76326e-09	0.000369432
1.76331e-09	0.000368486
1.76335e-09	0.000367541
1.7634e-09	0.000366597
1.76345e-09	0.000365654
1.76349e-09	0.000364712
1.76354e-09	0.000363771
1.76359e-09	0.000362832
1.76363e-09	0.000361893
1.76368e-09	0.000360956
1.76373e-09	0.00036002
1.76377e-09	0.000359085
1.76382e-09	0.000358151
1.76386e-09	0.000357218
1.76391e-09	0.000356286
1.76396e-09	0.000355355
1.764e-09	0.000354426
1.76405e-09	0.000353497
1.7641e-09	0.00035257
1.76414e-09	0.000351644
1.76419e-09	0.000350718
1.76424e-09	0.000349794
1.76428e-09	0.000348871
1.76433e-09	0.000347949
1.76438e-09	0.000347029
1.76442e-09	0.000346109
1.76447e-09	0.00034519
1.76451e-09	0.000344273
1.76456e-09	0.000343356
1.76461e-09	0.000342441
1.76465e-09	0.000341527
1.7647e-09	0.000340613
1.76475e-09	0.000339701
1.76479e-09	0.00033879
1.76484e-09	0.00033788
1.76489e-09	0.000336972
1.76493e-09	0.000336064
1.76498e-09	0.000335157
1.76503e-09	0.000334251
1.76507e-09	0.000333347
1.76512e-09	0.000332444
1.76516e-09	0.000331541
1.76521e-09	0.00033064
1.76526e-09	0.00032974
1.7653e-09	0.000328841
1.76535e-09	0.000327943
1.7654e-09	0.000327046
1.76544e-09	0.00032615
1.76549e-09	0.000325255
1.76554e-09	0.000324361
1.76558e-09	0.000323468
1.76563e-09	0.000322577
1.76568e-09	0.000321686
1.76572e-09	0.000320797
1.76577e-09	0.000319908
1.76581e-09	0.000319021
1.76586e-09	0.000318135
1.76591e-09	0.00031725
1.76595e-09	0.000316366
1.766e-09	0.000315482
1.76605e-09	0.0003146
1.76609e-09	0.000313719
1.76614e-09	0.00031284
1.76619e-09	0.000311961
1.76623e-09	0.000311083
1.76628e-09	0.000310206
1.76632e-09	0.000309331
1.76637e-09	0.000308456
1.76642e-09	0.000307583
1.76646e-09	0.00030671
1.76651e-09	0.000305839
1.76656e-09	0.000304968
1.7666e-09	0.000304099
1.76665e-09	0.000303231
1.7667e-09	0.000302364
1.76674e-09	0.000301497
1.76679e-09	0.000300632
1.76684e-09	0.000299768
1.76688e-09	0.000298905
1.76693e-09	0.000298043
1.76697e-09	0.000297182
1.76702e-09	0.000296323
1.76707e-09	0.000295464
1.76711e-09	0.000294606
1.76716e-09	0.000293749
1.76721e-09	0.000292894
1.76725e-09	0.000292039
1.7673e-09	0.000291185
1.76735e-09	0.000290333
1.76739e-09	0.000289481
1.76744e-09	0.000288631
1.76749e-09	0.000287781
1.76753e-09	0.000286933
1.76758e-09	0.000286086
1.76762e-09	0.000285239
1.76767e-09	0.000284394
1.76772e-09	0.00028355
1.76776e-09	0.000282707
1.76781e-09	0.000281864
1.76786e-09	0.000281023
1.7679e-09	0.000280183
1.76795e-09	0.000279344
1.768e-09	0.000278506
1.76804e-09	0.000277669
1.76809e-09	0.000276833
1.76814e-09	0.000275998
1.76818e-09	0.000275164
1.76823e-09	0.000274331
1.76827e-09	0.000273499
1.76832e-09	0.000272668
1.76837e-09	0.000271838
1.76841e-09	0.000271009
1.76846e-09	0.000270181
1.76851e-09	0.000269355
1.76855e-09	0.000268529
1.7686e-09	0.000267704
1.76865e-09	0.00026688
1.76869e-09	0.000266058
1.76874e-09	0.000265236
1.76879e-09	0.000264415
1.76883e-09	0.000263595
1.76888e-09	0.000262777
1.76892e-09	0.000261959
1.76897e-09	0.000261143
1.76902e-09	0.000260327
1.76906e-09	0.000259512
1.76911e-09	0.000258699
1.76916e-09	0.000257886
1.7692e-09	0.000257074
1.76925e-09	0.000256264
1.7693e-09	0.000255454
1.76934e-09	0.000254646
1.76939e-09	0.000253838
1.76943e-09	0.000253031
1.76948e-09	0.000252226
1.76953e-09	0.000251421
1.76957e-09	0.000250618
1.76962e-09	0.000249815
1.76967e-09	0.000249014
1.76971e-09	0.000248213
1.76976e-09	0.000247413
1.76981e-09	0.000246615
1.76985e-09	0.000245817
1.7699e-09	0.000245021
1.76995e-09	0.000244225
1.76999e-09	0.00024343
1.77004e-09	0.000242637
1.77008e-09	0.000241844
1.77013e-09	0.000241053
1.77018e-09	0.000240262
1.77022e-09	0.000239472
1.77027e-09	0.000238684
1.77032e-09	0.000237896
1.77036e-09	0.000237109
1.77041e-09	0.000236324
1.77046e-09	0.000235539
1.7705e-09	0.000234755
1.77055e-09	0.000233973
1.7706e-09	0.000233191
1.77064e-09	0.00023241
1.77069e-09	0.00023163
1.77073e-09	0.000230851
1.77078e-09	0.000230074
1.77083e-09	0.000229297
1.77087e-09	0.000228521
1.77092e-09	0.000227746
1.77097e-09	0.000226972
1.77101e-09	0.000226199
1.77106e-09	0.000225427
1.77111e-09	0.000224656
1.77115e-09	0.000223886
1.7712e-09	0.000223117
1.77125e-09	0.000222349
1.77129e-09	0.000221582
1.77134e-09	0.000220816
1.77138e-09	0.000220051
1.77143e-09	0.000219287
1.77148e-09	0.000218523
1.77152e-09	0.000217761
1.77157e-09	0.000217
1.77162e-09	0.00021624
1.77166e-09	0.00021548
1.77171e-09	0.000214722
1.77176e-09	0.000213965
1.7718e-09	0.000213208
1.77185e-09	0.000212453
1.7719e-09	0.000211698
1.77194e-09	0.000210945
1.77199e-09	0.000210192
1.77203e-09	0.00020944
1.77208e-09	0.00020869
1.77213e-09	0.00020794
1.77217e-09	0.000207191
1.77222e-09	0.000206443
1.77227e-09	0.000205696
1.77231e-09	0.000204951
1.77236e-09	0.000204206
1.77241e-09	0.000203462
1.77245e-09	0.000202719
1.7725e-09	0.000201976
1.77254e-09	0.000201235
1.77259e-09	0.000200495
1.77264e-09	0.000199756
1.77268e-09	0.000199018
1.77273e-09	0.00019828
1.77278e-09	0.000197544
1.77282e-09	0.000196808
1.77287e-09	0.000196074
1.77292e-09	0.00019534
1.77296e-09	0.000194608
1.77301e-09	0.000193876
1.77306e-09	0.000193145
1.7731e-09	0.000192415
1.77315e-09	0.000191687
1.77319e-09	0.000190959
1.77324e-09	0.000190232
1.77329e-09	0.000189506
1.77333e-09	0.00018878
1.77338e-09	0.000188056
1.77343e-09	0.000187333
1.77347e-09	0.000186611
1.77352e-09	0.000185889
1.77357e-09	0.000185169
1.77361e-09	0.000184449
1.77366e-09	0.000183731
1.77371e-09	0.000183013
1.77375e-09	0.000182297
1.7738e-09	0.000181581
1.77384e-09	0.000180866
1.77389e-09	0.000180152
1.77394e-09	0.000179439
1.77398e-09	0.000178727
1.77403e-09	0.000178016
1.77408e-09	0.000177306
1.77412e-09	0.000176596
1.77417e-09	0.000175888
1.77422e-09	0.00017518
1.77426e-09	0.000174474
1.77431e-09	0.000173768
1.77436e-09	0.000173064
1.7744e-09	0.00017236
1.77445e-09	0.000171657
1.77449e-09	0.000170955
1.77454e-09	0.000170254
1.77459e-09	0.000169554
1.77463e-09	0.000168855
1.77468e-09	0.000168157
1.77473e-09	0.000167459
1.77477e-09	0.000166763
1.77482e-09	0.000166067
1.77487e-09	0.000165373
1.77491e-09	0.000164679
1.77496e-09	0.000163986
1.775e-09	0.000163294
1.77505e-09	0.000162603
1.7751e-09	0.000161913
1.77514e-09	0.000161224
1.77519e-09	0.000160536
1.77524e-09	0.000159848
1.77528e-09	0.000159162
1.77533e-09	0.000158477
1.77538e-09	0.000157792
1.77542e-09	0.000157108
1.77547e-09	0.000156425
1.77552e-09	0.000155743
1.77556e-09	0.000155062
1.77561e-09	0.000154382
1.77565e-09	0.000153703
1.7757e-09	0.000153025
1.77575e-09	0.000152347
1.77579e-09	0.000151671
1.77584e-09	0.000150995
1.77589e-09	0.00015032
1.77593e-09	0.000149646
1.77598e-09	0.000148974
1.77603e-09	0.000148301
1.77607e-09	0.00014763
1.77612e-09	0.00014696
1.77617e-09	0.000146291
1.77621e-09	0.000145622
1.77626e-09	0.000144954
1.7763e-09	0.000144288
1.77635e-09	0.000143622
1.7764e-09	0.000142957
1.77644e-09	0.000142293
1.77649e-09	0.00014163
1.77654e-09	0.000140967
1.77658e-09	0.000140306
1.77663e-09	0.000139645
1.77668e-09	0.000138986
1.77672e-09	0.000138327
1.77677e-09	0.000137669
1.77682e-09	0.000137012
1.77686e-09	0.000136356
1.77691e-09	0.000135701
1.77695e-09	0.000135046
1.777e-09	0.000134393
1.77705e-09	0.00013374
1.77709e-09	0.000133089
1.77714e-09	0.000132438
1.77719e-09	0.000131788
1.77723e-09	0.000131139
1.77728e-09	0.00013049
1.77733e-09	0.000129843
1.77737e-09	0.000129196
1.77742e-09	0.000128551
1.77747e-09	0.000127906
1.77751e-09	0.000127262
1.77756e-09	0.000126619
1.7776e-09	0.000125977
1.77765e-09	0.000125336
1.7777e-09	0.000124695
1.77774e-09	0.000124056
1.77779e-09	0.000123417
1.77784e-09	0.000122779
1.77788e-09	0.000122142
1.77793e-09	0.000121506
1.77798e-09	0.000120871
1.77802e-09	0.000120236
1.77807e-09	0.000119603
1.77811e-09	0.00011897
1.77816e-09	0.000118338
1.77821e-09	0.000117707
1.77825e-09	0.000117077
1.7783e-09	0.000116448
1.77835e-09	0.00011582
1.77839e-09	0.000115192
1.77844e-09	0.000114565
1.77849e-09	0.00011394
1.77853e-09	0.000113315
1.77858e-09	0.00011269
1.77863e-09	0.000112067
1.77867e-09	0.000111445
1.77872e-09	0.000110823
1.77876e-09	0.000110202
1.77881e-09	0.000109583
1.77886e-09	0.000108964
1.7789e-09	0.000108345
1.77895e-09	0.000107728
1.779e-09	0.000107112
1.77904e-09	0.000106496
1.77909e-09	0.000105881
1.77914e-09	0.000105267
1.77918e-09	0.000104654
1.77923e-09	0.000104042
1.77928e-09	0.00010343
1.77932e-09	0.00010282
1.77937e-09	0.00010221
1.77941e-09	0.000101601
1.77946e-09	0.000100993
1.77951e-09	0.000100386
1.77955e-09	9.97792e-05
1.7796e-09	9.91736e-05
1.77965e-09	9.85689e-05
1.77969e-09	9.7965e-05
1.77974e-09	9.73619e-05
1.77979e-09	9.67597e-05
1.77983e-09	9.61583e-05
1.77988e-09	9.55577e-05
1.77993e-09	9.49579e-05
1.77997e-09	9.4359e-05
1.78002e-09	9.37609e-05
1.78006e-09	9.31637e-05
1.78011e-09	9.25672e-05
1.78016e-09	9.19716e-05
1.7802e-09	9.13768e-05
1.78025e-09	9.07829e-05
1.7803e-09	9.01897e-05
1.78034e-09	8.95974e-05
1.78039e-09	8.90059e-05
1.78044e-09	8.84153e-05
1.78048e-09	8.78254e-05
1.78053e-09	8.72364e-05
1.78058e-09	8.66482e-05
1.78062e-09	8.60608e-05
1.78067e-09	8.54743e-05
1.78071e-09	8.48885e-05
1.78076e-09	8.43036e-05
1.78081e-09	8.37195e-05
1.78085e-09	8.31362e-05
1.7809e-09	8.25537e-05
1.78095e-09	8.1972e-05
1.78099e-09	8.13912e-05
1.78104e-09	8.08112e-05
1.78109e-09	8.02319e-05
1.78113e-09	7.96535e-05
1.78118e-09	7.90759e-05
1.78122e-09	7.84991e-05
1.78127e-09	7.79231e-05
1.78132e-09	7.7348e-05
1.78136e-09	7.67736e-05
1.78141e-09	7.62e-05
1.78146e-09	7.56273e-05
1.7815e-09	7.50553e-05
1.78155e-09	7.44842e-05
1.7816e-09	7.39138e-05
1.78164e-09	7.33443e-05
1.78169e-09	7.27756e-05
1.78174e-09	7.22076e-05
1.78178e-09	7.16405e-05
1.78183e-09	7.10742e-05
1.78187e-09	7.05087e-05
1.78192e-09	6.99439e-05
1.78197e-09	6.938e-05
1.78201e-09	6.88169e-05
1.78206e-09	6.82545e-05
1.78211e-09	6.7693e-05
1.78215e-09	6.71323e-05
1.7822e-09	6.65723e-05
1.78225e-09	6.60132e-05
1.78229e-09	6.54548e-05
1.78234e-09	6.48972e-05
1.78239e-09	6.43405e-05
1.78243e-09	6.37845e-05
1.78248e-09	6.32293e-05
1.78252e-09	6.26749e-05
1.78257e-09	6.21213e-05
1.78262e-09	6.15684e-05
1.78266e-09	6.10164e-05
1.78271e-09	6.04652e-05
1.78276e-09	5.99147e-05
1.7828e-09	5.9365e-05
1.78285e-09	5.88161e-05
1.7829e-09	5.8268e-05
1.78294e-09	5.77207e-05
1.78299e-09	5.71742e-05
1.78304e-09	5.66284e-05
1.78308e-09	5.60835e-05
1.78313e-09	5.55393e-05
1.78317e-09	5.49959e-05
1.78322e-09	5.44532e-05
1.78327e-09	5.39114e-05
1.78331e-09	5.33703e-05
1.78336e-09	5.283e-05
1.78341e-09	5.22905e-05
1.78345e-09	5.17517e-05
1.7835e-09	5.12138e-05
1.78355e-09	5.06766e-05
1.78359e-09	5.01401e-05
1.78364e-09	4.96045e-05
1.78369e-09	4.90696e-05
1.78373e-09	4.85355e-05
1.78378e-09	4.80022e-05
1.78382e-09	4.74696e-05
1.78387e-09	4.69378e-05
1.78392e-09	4.64068e-05
1.78396e-09	4.58766e-05
1.78401e-09	4.53471e-05
1.78406e-09	4.48184e-05
1.7841e-09	4.42904e-05
1.78415e-09	4.37632e-05
1.7842e-09	4.32368e-05
1.78424e-09	4.27111e-05
1.78429e-09	4.21862e-05
1.78433e-09	4.16621e-05
1.78438e-09	4.11388e-05
1.78443e-09	4.06161e-05
1.78447e-09	4.00943e-05
1.78452e-09	3.95732e-05
1.78457e-09	3.90529e-05
1.78461e-09	3.85333e-05
1.78466e-09	3.80145e-05
1.78471e-09	3.74965e-05
1.78475e-09	3.69792e-05
1.7848e-09	3.64626e-05
1.78485e-09	3.59468e-05
1.78489e-09	3.54318e-05
1.78494e-09	3.49175e-05
1.78498e-09	3.4404e-05
1.78503e-09	3.38912e-05
1.78508e-09	3.33792e-05
1.78512e-09	3.2868e-05
1.78517e-09	3.23574e-05
1.78522e-09	3.18477e-05
1.78526e-09	3.13387e-05
1.78531e-09	3.08304e-05
1.78536e-09	3.03229e-05
1.7854e-09	2.98161e-05
1.78545e-09	2.93101e-05
1.7855e-09	2.88048e-05
1.78554e-09	2.83003e-05
1.78559e-09	2.77965e-05
1.78563e-09	2.72934e-05
1.78568e-09	2.67911e-05
1.78573e-09	2.62895e-05
1.78577e-09	2.57887e-05
1.78582e-09	2.52886e-05
1.78587e-09	2.47893e-05
1.78591e-09	2.42907e-05
1.78596e-09	2.37928e-05
1.78601e-09	2.32957e-05
1.78605e-09	2.27993e-05
1.7861e-09	2.23037e-05
1.78615e-09	2.18088e-05
1.78619e-09	2.13146e-05
1.78624e-09	2.08212e-05
1.78628e-09	2.03284e-05
1.78633e-09	1.98365e-05
1.78638e-09	1.93452e-05
1.78642e-09	1.88547e-05
1.78647e-09	1.83649e-05
1.78652e-09	1.78759e-05
1.78656e-09	1.73876e-05
1.78661e-09	1.69e-05
1.78666e-09	1.64131e-05
1.7867e-09	1.5927e-05
1.78675e-09	1.54416e-05
1.7868e-09	1.49569e-05
1.78684e-09	1.4473e-05
1.78689e-09	1.39897e-05
1.78693e-09	1.35072e-05
1.78698e-09	1.30255e-05
1.78703e-09	1.25444e-05
1.78707e-09	1.20641e-05
1.78712e-09	1.15845e-05
1.78717e-09	1.11056e-05
1.78721e-09	1.06274e-05
1.78726e-09	1.015e-05
1.78731e-09	9.67326e-06
1.78735e-09	9.19725e-06
1.7874e-09	8.72196e-06
1.78744e-09	8.24739e-06
1.78749e-09	7.77353e-06
1.78754e-09	7.30039e-06
1.78758e-09	6.82797e-06
1.78763e-09	6.35626e-06
1.78768e-09	5.88526e-06
1.78772e-09	5.41498e-06
1.78777e-09	4.94541e-06
1.78782e-09	4.47655e-06
1.78786e-09	4.00841e-06
1.78791e-09	3.54097e-06
1.78796e-09	3.07425e-06
1.788e-09	2.60823e-06
1.78805e-09	2.14293e-06
1.78809e-09	1.67833e-06
1.78814e-09	1.21444e-06
1.78819e-09	7.51253e-07
1.78823e-09	2.88775e-07
1.78828e-09	-1.72998e-07
1.78833e-09	-6.34066e-07
1.78837e-09	-1.09443e-06
1.78842e-09	-1.55409e-06
1.78847e-09	-2.01305e-06
1.78851e-09	-2.4713e-06
1.78856e-09	-2.92886e-06
1.78861e-09	-3.38571e-06
1.78865e-09	-3.84186e-06
1.7887e-09	-4.29732e-06
1.78874e-09	-4.75207e-06
1.78879e-09	-5.20613e-06
1.78884e-09	-5.65949e-06
1.78888e-09	-6.11215e-06
1.78893e-09	-6.56412e-06
1.78898e-09	-7.01539e-06
1.78902e-09	-7.46596e-06
1.78907e-09	-7.91584e-06
1.78912e-09	-8.36503e-06
1.78916e-09	-8.81352e-06
1.78921e-09	-9.26133e-06
1.78926e-09	-9.70844e-06
1.7893e-09	-1.01549e-05
1.78935e-09	-1.06006e-05
1.78939e-09	-1.10456e-05
1.78944e-09	-1.149e-05
1.78949e-09	-1.19336e-05
1.78953e-09	-1.23766e-05
1.78958e-09	-1.28189e-05
1.78963e-09	-1.32605e-05
1.78967e-09	-1.37014e-05
1.78972e-09	-1.41416e-05
1.78977e-09	-1.45812e-05
1.78981e-09	-1.50201e-05
1.78986e-09	-1.54582e-05
1.78991e-09	-1.58957e-05
1.78995e-09	-1.63325e-05
1.79e-09	-1.67687e-05
1.79004e-09	-1.72041e-05
1.79009e-09	-1.76389e-05
1.79014e-09	-1.8073e-05
1.79018e-09	-1.85064e-05
1.79023e-09	-1.89391e-05
1.79028e-09	-1.93712e-05
1.79032e-09	-1.98026e-05
1.79037e-09	-2.02333e-05
1.79042e-09	-2.06633e-05
1.79046e-09	-2.10927e-05
1.79051e-09	-2.15214e-05
1.79055e-09	-2.19494e-05
1.7906e-09	-2.23767e-05
1.79065e-09	-2.28034e-05
1.79069e-09	-2.32294e-05
1.79074e-09	-2.36547e-05
1.79079e-09	-2.40793e-05
1.79083e-09	-2.45033e-05
1.79088e-09	-2.49266e-05
1.79093e-09	-2.53493e-05
1.79097e-09	-2.57712e-05
1.79102e-09	-2.61925e-05
1.79107e-09	-2.66132e-05
1.79111e-09	-2.70332e-05
1.79116e-09	-2.74525e-05
1.7912e-09	-2.78711e-05
1.79125e-09	-2.82891e-05
1.7913e-09	-2.87064e-05
1.79134e-09	-2.91231e-05
1.79139e-09	-2.95391e-05
1.79144e-09	-2.99544e-05
1.79148e-09	-3.03691e-05
1.79153e-09	-3.07831e-05
1.79158e-09	-3.11964e-05
1.79162e-09	-3.16091e-05
1.79167e-09	-3.20212e-05
1.79172e-09	-3.24325e-05
1.79176e-09	-3.28433e-05
1.79181e-09	-3.32533e-05
1.79185e-09	-3.36627e-05
1.7919e-09	-3.40715e-05
1.79195e-09	-3.44796e-05
1.79199e-09	-3.4887e-05
1.79204e-09	-3.52938e-05
1.79209e-09	-3.57e-05
1.79213e-09	-3.61054e-05
1.79218e-09	-3.65103e-05
1.79223e-09	-3.69145e-05
1.79227e-09	-3.7318e-05
1.79232e-09	-3.77209e-05
1.79237e-09	-3.81231e-05
1.79241e-09	-3.85247e-05
1.79246e-09	-3.89257e-05
1.7925e-09	-3.9326e-05
1.79255e-09	-3.97256e-05
1.7926e-09	-4.01246e-05
1.79264e-09	-4.0523e-05
1.79269e-09	-4.09207e-05
1.79274e-09	-4.13177e-05
1.79278e-09	-4.17142e-05
1.79283e-09	-4.211e-05
1.79288e-09	-4.25051e-05
1.79292e-09	-4.28996e-05
1.79297e-09	-4.32935e-05
1.79301e-09	-4.36867e-05
1.79306e-09	-4.40793e-05
1.79311e-09	-4.44712e-05
1.79315e-09	-4.48625e-05
1.7932e-09	-4.52532e-05
1.79325e-09	-4.56432e-05
1.79329e-09	-4.60326e-05
1.79334e-09	-4.64214e-05
1.79339e-09	-4.68095e-05
1.79343e-09	-4.7197e-05
1.79348e-09	-4.75838e-05
1.79353e-09	-4.797e-05
1.79357e-09	-4.83556e-05
1.79362e-09	-4.87406e-05
1.79366e-09	-4.91249e-05
1.79371e-09	-4.95086e-05
1.79376e-09	-4.98917e-05
1.7938e-09	-5.02741e-05
1.79385e-09	-5.06559e-05
1.7939e-09	-5.10371e-05
1.79394e-09	-5.14176e-05
1.79399e-09	-5.17976e-05
1.79404e-09	-5.21769e-05
1.79408e-09	-5.25555e-05
1.79413e-09	-5.29336e-05
1.79418e-09	-5.3311e-05
1.79422e-09	-5.36878e-05
1.79427e-09	-5.4064e-05
1.79431e-09	-5.44395e-05
1.79436e-09	-5.48145e-05
1.79441e-09	-5.51888e-05
1.79445e-09	-5.55625e-05
1.7945e-09	-5.59355e-05
1.79455e-09	-5.6308e-05
1.79459e-09	-5.66798e-05
1.79464e-09	-5.7051e-05
1.79469e-09	-5.74216e-05
1.79473e-09	-5.77916e-05
1.79478e-09	-5.81609e-05
1.79483e-09	-5.85297e-05
1.79487e-09	-5.88978e-05
1.79492e-09	-5.92653e-05
1.79496e-09	-5.96322e-05
1.79501e-09	-5.99985e-05
1.79506e-09	-6.03642e-05
1.7951e-09	-6.07292e-05
1.79515e-09	-6.10937e-05
1.7952e-09	-6.14575e-05
1.79524e-09	-6.18207e-05
1.79529e-09	-6.21833e-05
1.79534e-09	-6.25453e-05
1.79538e-09	-6.29067e-05
1.79543e-09	-6.32675e-05
1.79548e-09	-6.36277e-05
1.79552e-09	-6.39873e-05
1.79557e-09	-6.43462e-05
1.79561e-09	-6.47046e-05
1.79566e-09	-6.50624e-05
1.79571e-09	-6.54195e-05
1.79575e-09	-6.57761e-05
1.7958e-09	-6.6132e-05
1.79585e-09	-6.64874e-05
1.79589e-09	-6.68421e-05
1.79594e-09	-6.71962e-05
1.79599e-09	-6.75498e-05
1.79603e-09	-6.79027e-05
1.79608e-09	-6.82551e-05
1.79612e-09	-6.86068e-05
1.79617e-09	-6.89579e-05
1.79622e-09	-6.93085e-05
1.79626e-09	-6.96584e-05
1.79631e-09	-7.00078e-05
1.79636e-09	-7.03565e-05
1.7964e-09	-7.07047e-05
1.79645e-09	-7.10522e-05
1.7965e-09	-7.13992e-05
1.79654e-09	-7.17456e-05
1.79659e-09	-7.20914e-05
1.79664e-09	-7.24365e-05
1.79668e-09	-7.27811e-05
1.79673e-09	-7.31251e-05
1.79677e-09	-7.34686e-05
1.79682e-09	-7.38114e-05
1.79687e-09	-7.41536e-05
1.79691e-09	-7.44953e-05
1.79696e-09	-7.48363e-05
1.79701e-09	-7.51768e-05
1.79705e-09	-7.55167e-05
1.7971e-09	-7.5856e-05
1.79715e-09	-7.61947e-05
1.79719e-09	-7.65328e-05
1.79724e-09	-7.68703e-05
1.79729e-09	-7.72073e-05
1.79733e-09	-7.75436e-05
1.79738e-09	-7.78794e-05
1.79742e-09	-7.82146e-05
1.79747e-09	-7.85493e-05
1.79752e-09	-7.88833e-05
1.79756e-09	-7.92168e-05
1.79761e-09	-7.95496e-05
1.79766e-09	-7.98819e-05
1.7977e-09	-8.02137e-05
1.79775e-09	-8.05448e-05
1.7978e-09	-8.08754e-05
1.79784e-09	-8.12054e-05
1.79789e-09	-8.15348e-05
1.79794e-09	-8.18636e-05
1.79798e-09	-8.21919e-05
1.79803e-09	-8.25195e-05
1.79807e-09	-8.28467e-05
1.79812e-09	-8.31732e-05
1.79817e-09	-8.34992e-05
1.79821e-09	-8.38245e-05
1.79826e-09	-8.41494e-05
1.79831e-09	-8.44736e-05
1.79835e-09	-8.47973e-05
1.7984e-09	-8.51204e-05
1.79845e-09	-8.54429e-05
1.79849e-09	-8.57649e-05
1.79854e-09	-8.60863e-05
1.79859e-09	-8.64071e-05
1.79863e-09	-8.67274e-05
1.79868e-09	-8.70471e-05
1.79872e-09	-8.73662e-05
1.79877e-09	-8.76848e-05
1.79882e-09	-8.80028e-05
1.79886e-09	-8.83202e-05
1.79891e-09	-8.86371e-05
1.79896e-09	-8.89534e-05
1.799e-09	-8.92691e-05
1.79905e-09	-8.95843e-05
1.7991e-09	-8.98989e-05
1.79914e-09	-9.0213e-05
1.79919e-09	-9.05265e-05
1.79923e-09	-9.08394e-05
1.79928e-09	-9.11518e-05
1.79933e-09	-9.14636e-05
1.79937e-09	-9.17749e-05
1.79942e-09	-9.20856e-05
1.79947e-09	-9.23957e-05
1.79951e-09	-9.27053e-05
1.79956e-09	-9.30144e-05
1.79961e-09	-9.33229e-05
1.79965e-09	-9.36308e-05
1.7997e-09	-9.39381e-05
1.79975e-09	-9.4245e-05
1.79979e-09	-9.45512e-05
1.79984e-09	-9.4857e-05
1.79988e-09	-9.51621e-05
1.79993e-09	-9.54667e-05
1.79998e-09	-9.57708e-05
1.80002e-09	-9.60743e-05
1.80007e-09	-9.63772e-05
1.80012e-09	-9.66797e-05
1.80016e-09	-9.69815e-05
1.80021e-09	-9.72828e-05
1.80026e-09	-9.75836e-05
1.8003e-09	-9.78838e-05
1.80035e-09	-9.81835e-05
1.8004e-09	-9.84826e-05
1.80044e-09	-9.87812e-05
1.80049e-09	-9.90792e-05
1.80053e-09	-9.93767e-05
1.80058e-09	-9.96737e-05
1.80063e-09	-9.99701e-05
1.80067e-09	-0.000100266
1.80072e-09	-0.000100561
1.80077e-09	-0.000100856
1.80081e-09	-0.00010115
1.80086e-09	-0.000101444
1.80091e-09	-0.000101737
1.80095e-09	-0.00010203
1.801e-09	-0.000102322
1.80105e-09	-0.000102613
1.80109e-09	-0.000102904
1.80114e-09	-0.000103195
1.80118e-09	-0.000103485
1.80123e-09	-0.000103774
1.80128e-09	-0.000104063
1.80132e-09	-0.000104351
1.80137e-09	-0.000104639
1.80142e-09	-0.000104926
1.80146e-09	-0.000105213
1.80151e-09	-0.000105499
1.80156e-09	-0.000105785
1.8016e-09	-0.00010607
1.80165e-09	-0.000106355
1.8017e-09	-0.000106639
1.80174e-09	-0.000106922
1.80179e-09	-0.000107205
1.80183e-09	-0.000107488
1.80188e-09	-0.00010777
1.80193e-09	-0.000108051
1.80197e-09	-0.000108332
1.80202e-09	-0.000108613
1.80207e-09	-0.000108892
1.80211e-09	-0.000109172
1.80216e-09	-0.000109451
1.80221e-09	-0.000109729
1.80225e-09	-0.000110007
1.8023e-09	-0.000110284
1.80234e-09	-0.000110561
1.80239e-09	-0.000110837
1.80244e-09	-0.000111112
1.80248e-09	-0.000111388
1.80253e-09	-0.000111662
1.80258e-09	-0.000111936
1.80262e-09	-0.00011221
1.80267e-09	-0.000112483
1.80272e-09	-0.000112755
1.80276e-09	-0.000113028
1.80281e-09	-0.000113299
1.80286e-09	-0.00011357
1.8029e-09	-0.000113841
1.80295e-09	-0.00011411
1.80299e-09	-0.00011438
1.80304e-09	-0.000114649
1.80309e-09	-0.000114917
1.80313e-09	-0.000115185
1.80318e-09	-0.000115453
1.80323e-09	-0.00011572
1.80327e-09	-0.000115986
1.80332e-09	-0.000116252
1.80337e-09	-0.000116517
1.80341e-09	-0.000116782
1.80346e-09	-0.000117046
1.80351e-09	-0.00011731
1.80355e-09	-0.000117573
1.8036e-09	-0.000117836
1.80364e-09	-0.000118099
1.80369e-09	-0.00011836
1.80374e-09	-0.000118622
1.80378e-09	-0.000118882
1.80383e-09	-0.000119143
1.80388e-09	-0.000119403
1.80392e-09	-0.000119662
1.80397e-09	-0.000119921
1.80402e-09	-0.000120179
1.80406e-09	-0.000120437
1.80411e-09	-0.000120694
1.80416e-09	-0.000120951
1.8042e-09	-0.000121207
1.80425e-09	-0.000121463
1.80429e-09	-0.000121718
1.80434e-09	-0.000121973
1.80439e-09	-0.000122227
1.80443e-09	-0.000122481
1.80448e-09	-0.000122734
1.80453e-09	-0.000122987
1.80457e-09	-0.000123239
1.80462e-09	-0.000123491
1.80467e-09	-0.000123742
1.80471e-09	-0.000123993
1.80476e-09	-0.000124243
1.80481e-09	-0.000124493
1.80485e-09	-0.000124742
1.8049e-09	-0.000124991
1.80494e-09	-0.000125239
1.80499e-09	-0.000125487
1.80504e-09	-0.000125735
1.80508e-09	-0.000125981
1.80513e-09	-0.000126228
1.80518e-09	-0.000126474
1.80522e-09	-0.000126719
1.80527e-09	-0.000126964
1.80532e-09	-0.000127208
1.80536e-09	-0.000127452
1.80541e-09	-0.000127696
1.80545e-09	-0.000127939
1.8055e-09	-0.000128181
1.80555e-09	-0.000128423
1.80559e-09	-0.000128665
1.80564e-09	-0.000128906
1.80569e-09	-0.000129146
1.80573e-09	-0.000129386
1.80578e-09	-0.000129626
1.80583e-09	-0.000129865
1.80587e-09	-0.000130103
1.80592e-09	-0.000130341
1.80597e-09	-0.000130579
1.80601e-09	-0.000130816
1.80606e-09	-0.000131053
1.8061e-09	-0.000131289
1.80615e-09	-0.000131525
1.8062e-09	-0.00013176
1.80624e-09	-0.000131995
1.80629e-09	-0.000132229
1.80634e-09	-0.000132463
1.80638e-09	-0.000132696
1.80643e-09	-0.000132929
1.80648e-09	-0.000133161
1.80652e-09	-0.000133393
1.80657e-09	-0.000133625
1.80662e-09	-0.000133856
1.80666e-09	-0.000134086
1.80671e-09	-0.000134316
1.80675e-09	-0.000134546
1.8068e-09	-0.000134775
1.80685e-09	-0.000135003
1.80689e-09	-0.000135231
1.80694e-09	-0.000135459
1.80699e-09	-0.000135686
1.80703e-09	-0.000135913
1.80708e-09	-0.000136139
1.80713e-09	-0.000136365
1.80717e-09	-0.00013659
1.80722e-09	-0.000136815
1.80727e-09	-0.00013704
1.80731e-09	-0.000137264
1.80736e-09	-0.000137487
1.8074e-09	-0.00013771
1.80745e-09	-0.000137932
1.8075e-09	-0.000138155
1.80754e-09	-0.000138376
1.80759e-09	-0.000138597
1.80764e-09	-0.000138818
1.80768e-09	-0.000139038
1.80773e-09	-0.000139258
1.80778e-09	-0.000139477
1.80782e-09	-0.000139696
1.80787e-09	-0.000139914
1.80791e-09	-0.000140132
1.80796e-09	-0.00014035
1.80801e-09	-0.000140567
1.80805e-09	-0.000140783
1.8081e-09	-0.000140999
1.80815e-09	-0.000141215
1.80819e-09	-0.00014143
1.80824e-09	-0.000141645
1.80829e-09	-0.000141859
1.80833e-09	-0.000142073
1.80838e-09	-0.000142286
1.80843e-09	-0.000142499
1.80847e-09	-0.000142711
1.80852e-09	-0.000142923
1.80856e-09	-0.000143135
1.80861e-09	-0.000143346
1.80866e-09	-0.000143557
1.8087e-09	-0.000143767
1.80875e-09	-0.000143977
1.8088e-09	-0.000144186
1.80884e-09	-0.000144395
1.80889e-09	-0.000144603
1.80894e-09	-0.000144811
1.80898e-09	-0.000145018
1.80903e-09	-0.000145226
1.80908e-09	-0.000145432
1.80912e-09	-0.000145638
1.80917e-09	-0.000145844
1.80921e-09	-0.000146049
1.80926e-09	-0.000146254
1.80931e-09	-0.000146458
1.80935e-09	-0.000146662
1.8094e-09	-0.000146866
1.80945e-09	-0.000147069
1.80949e-09	-0.000147271
1.80954e-09	-0.000147474
1.80959e-09	-0.000147675
1.80963e-09	-0.000147877
1.80968e-09	-0.000148077
1.80973e-09	-0.000148278
1.80977e-09	-0.000148478
1.80982e-09	-0.000148677
1.80986e-09	-0.000148876
1.80991e-09	-0.000149075
1.80996e-09	-0.000149273
1.81e-09	-0.000149471
1.81005e-09	-0.000149668
1.8101e-09	-0.000149865
1.81014e-09	-0.000150062
1.81019e-09	-0.000150258
1.81024e-09	-0.000150453
1.81028e-09	-0.000150648
1.81033e-09	-0.000150843
1.81038e-09	-0.000151037
1.81042e-09	-0.000151231
1.81047e-09	-0.000151425
1.81051e-09	-0.000151618
1.81056e-09	-0.00015181
1.81061e-09	-0.000152002
1.81065e-09	-0.000152194
1.8107e-09	-0.000152385
1.81075e-09	-0.000152576
1.81079e-09	-0.000152767
1.81084e-09	-0.000152956
1.81089e-09	-0.000153146
1.81093e-09	-0.000153335
1.81098e-09	-0.000153524
1.81102e-09	-0.000153712
1.81107e-09	-0.0001539
1.81112e-09	-0.000154087
1.81116e-09	-0.000154274
1.81121e-09	-0.000154461
1.81126e-09	-0.000154647
1.8113e-09	-0.000154833
1.81135e-09	-0.000155018
1.8114e-09	-0.000155203
1.81144e-09	-0.000155388
1.81149e-09	-0.000155572
1.81154e-09	-0.000155755
1.81158e-09	-0.000155938
1.81163e-09	-0.000156121
1.81167e-09	-0.000156304
1.81172e-09	-0.000156486
1.81177e-09	-0.000156667
1.81181e-09	-0.000156848
1.81186e-09	-0.000157029
1.81191e-09	-0.000157209
1.81195e-09	-0.000157389
1.812e-09	-0.000157568
1.81205e-09	-0.000157747
1.81209e-09	-0.000157926
1.81214e-09	-0.000158104
1.81219e-09	-0.000158282
1.81223e-09	-0.000158459
1.81228e-09	-0.000158636
1.81232e-09	-0.000158813
1.81237e-09	-0.000158989
1.81242e-09	-0.000159165
1.81246e-09	-0.00015934
1.81251e-09	-0.000159515
1.81256e-09	-0.000159689
1.8126e-09	-0.000159863
1.81265e-09	-0.000160037
1.8127e-09	-0.00016021
1.81274e-09	-0.000160383
1.81279e-09	-0.000160556
1.81284e-09	-0.000160728
1.81288e-09	-0.000160899
1.81293e-09	-0.000161071
1.81297e-09	-0.000161241
1.81302e-09	-0.000161412
1.81307e-09	-0.000161582
1.81311e-09	-0.000161751
1.81316e-09	-0.000161921
1.81321e-09	-0.000162089
1.81325e-09	-0.000162258
1.8133e-09	-0.000162426
1.81335e-09	-0.000162593
1.81339e-09	-0.000162761
1.81344e-09	-0.000162927
1.81349e-09	-0.000163094
1.81353e-09	-0.00016326
1.81358e-09	-0.000163425
1.81362e-09	-0.00016359
1.81367e-09	-0.000163755
1.81372e-09	-0.00016392
1.81376e-09	-0.000164084
1.81381e-09	-0.000164247
1.81386e-09	-0.00016441
1.8139e-09	-0.000164573
1.81395e-09	-0.000164736
1.814e-09	-0.000164898
1.81404e-09	-0.000165059
1.81409e-09	-0.00016522
1.81413e-09	-0.000165381
1.81418e-09	-0.000165542
1.81423e-09	-0.000165702
1.81427e-09	-0.000165861
1.81432e-09	-0.00016602
1.81437e-09	-0.000166179
1.81441e-09	-0.000166338
1.81446e-09	-0.000166496
1.81451e-09	-0.000166653
1.81455e-09	-0.000166811
1.8146e-09	-0.000166968
1.81465e-09	-0.000167124
1.81469e-09	-0.00016728
1.81474e-09	-0.000167436
1.81478e-09	-0.000167591
1.81483e-09	-0.000167746
1.81488e-09	-0.000167901
1.81492e-09	-0.000168055
1.81497e-09	-0.000168209
1.81502e-09	-0.000168362
1.81506e-09	-0.000168515
1.81511e-09	-0.000168668
1.81516e-09	-0.00016882
1.8152e-09	-0.000168972
1.81525e-09	-0.000169123
1.8153e-09	-0.000169275
1.81534e-09	-0.000169425
1.81539e-09	-0.000169576
1.81543e-09	-0.000169726
1.81548e-09	-0.000169875
1.81553e-09	-0.000170024
1.81557e-09	-0.000170173
1.81562e-09	-0.000170322
1.81567e-09	-0.00017047
1.81571e-09	-0.000170617
1.81576e-09	-0.000170765
1.81581e-09	-0.000170911
1.81585e-09	-0.000171058
1.8159e-09	-0.000171204
1.81595e-09	-0.00017135
1.81599e-09	-0.000171495
1.81604e-09	-0.00017164
1.81608e-09	-0.000171785
1.81613e-09	-0.000171929
1.81618e-09	-0.000172073
1.81622e-09	-0.000172217
1.81627e-09	-0.00017236
1.81632e-09	-0.000172503
1.81636e-09	-0.000172645
1.81641e-09	-0.000172787
1.81646e-09	-0.000172929
1.8165e-09	-0.00017307
1.81655e-09	-0.000173211
1.8166e-09	-0.000173352
1.81664e-09	-0.000173492
1.81669e-09	-0.000173632
1.81673e-09	-0.000173771
1.81678e-09	-0.00017391
1.81683e-09	-0.000174049
1.81687e-09	-0.000174187
1.81692e-09	-0.000174325
1.81697e-09	-0.000174463
1.81701e-09	-0.0001746
1.81706e-09	-0.000174737
1.81711e-09	-0.000174873
1.81715e-09	-0.000175009
1.8172e-09	-0.000175145
1.81724e-09	-0.000175281
1.81729e-09	-0.000175416
1.81734e-09	-0.00017555
1.81738e-09	-0.000175685
1.81743e-09	-0.000175819
1.81748e-09	-0.000175952
1.81752e-09	-0.000176085
1.81757e-09	-0.000176218
1.81762e-09	-0.000176351
1.81766e-09	-0.000176483
1.81771e-09	-0.000176615
1.81776e-09	-0.000176746
1.8178e-09	-0.000176877
1.81785e-09	-0.000177008
1.81789e-09	-0.000177138
1.81794e-09	-0.000177268
1.81799e-09	-0.000177398
1.81803e-09	-0.000177527
1.81808e-09	-0.000177656
1.81813e-09	-0.000177785
1.81817e-09	-0.000177913
1.81822e-09	-0.000178041
1.81827e-09	-0.000178168
1.81831e-09	-0.000178295
1.81836e-09	-0.000178422
1.81841e-09	-0.000178549
1.81845e-09	-0.000178675
1.8185e-09	-0.0001788
1.81854e-09	-0.000178926
1.81859e-09	-0.000179051
1.81864e-09	-0.000179175
1.81868e-09	-0.0001793
1.81873e-09	-0.000179424
1.81878e-09	-0.000179547
1.81882e-09	-0.000179671
1.81887e-09	-0.000179794
1.81892e-09	-0.000179916
1.81896e-09	-0.000180038
1.81901e-09	-0.00018016
1.81906e-09	-0.000180282
1.8191e-09	-0.000180403
1.81915e-09	-0.000180524
1.81919e-09	-0.000180644
1.81924e-09	-0.000180764
1.81929e-09	-0.000180884
1.81933e-09	-0.000181004
1.81938e-09	-0.000181123
1.81943e-09	-0.000181242
1.81947e-09	-0.00018136
1.81952e-09	-0.000181478
1.81957e-09	-0.000181596
1.81961e-09	-0.000181713
1.81966e-09	-0.00018183
1.81971e-09	-0.000181947
1.81975e-09	-0.000182063
1.8198e-09	-0.000182179
1.81984e-09	-0.000182295
1.81989e-09	-0.00018241
1.81994e-09	-0.000182525
1.81998e-09	-0.00018264
1.82003e-09	-0.000182754
1.82008e-09	-0.000182868
1.82012e-09	-0.000182982
1.82017e-09	-0.000183095
1.82022e-09	-0.000183208
1.82026e-09	-0.000183321
1.82031e-09	-0.000183433
1.82035e-09	-0.000183545
1.8204e-09	-0.000183657
1.82045e-09	-0.000183768
1.82049e-09	-0.000183879
1.82054e-09	-0.00018399
1.82059e-09	-0.0001841
1.82063e-09	-0.00018421
1.82068e-09	-0.000184319
1.82073e-09	-0.000184429
1.82077e-09	-0.000184538
1.82082e-09	-0.000184646
1.82087e-09	-0.000184755
1.82091e-09	-0.000184863
1.82096e-09	-0.00018497
1.821e-09	-0.000185077
1.82105e-09	-0.000185184
1.8211e-09	-0.000185291
1.82114e-09	-0.000185397
1.82119e-09	-0.000185503
1.82124e-09	-0.000185609
1.82128e-09	-0.000185714
1.82133e-09	-0.000185819
1.82138e-09	-0.000185924
1.82142e-09	-0.000186028
1.82147e-09	-0.000186132
1.82152e-09	-0.000186236
1.82156e-09	-0.000186339
1.82161e-09	-0.000186442
1.82165e-09	-0.000186545
1.8217e-09	-0.000186648
1.82175e-09	-0.00018675
1.82179e-09	-0.000186851
1.82184e-09	-0.000186953
1.82189e-09	-0.000187054
1.82193e-09	-0.000187155
1.82198e-09	-0.000187255
1.82203e-09	-0.000187355
1.82207e-09	-0.000187455
1.82212e-09	-0.000187555
1.82217e-09	-0.000187654
1.82221e-09	-0.000187753
1.82226e-09	-0.000187851
1.8223e-09	-0.000187949
1.82235e-09	-0.000188047
1.8224e-09	-0.000188145
1.82244e-09	-0.000188242
1.82249e-09	-0.000188339
1.82254e-09	-0.000188436
1.82258e-09	-0.000188532
1.82263e-09	-0.000188628
1.82268e-09	-0.000188724
1.82272e-09	-0.000188819
1.82277e-09	-0.000188914
1.82282e-09	-0.000189009
1.82286e-09	-0.000189103
1.82291e-09	-0.000189197
1.82295e-09	-0.000189291
1.823e-09	-0.000189385
1.82305e-09	-0.000189478
1.82309e-09	-0.000189571
1.82314e-09	-0.000189663
1.82319e-09	-0.000189755
1.82323e-09	-0.000189847
1.82328e-09	-0.000189939
1.82333e-09	-0.00019003
1.82337e-09	-0.000190121
1.82342e-09	-0.000190212
1.82346e-09	-0.000190302
1.82351e-09	-0.000190392
1.82356e-09	-0.000190482
1.8236e-09	-0.000190572
1.82365e-09	-0.000190661
1.8237e-09	-0.00019075
1.82374e-09	-0.000190838
1.82379e-09	-0.000190926
1.82384e-09	-0.000191014
1.82388e-09	-0.000191102
1.82393e-09	-0.000191189
1.82398e-09	-0.000191276
1.82402e-09	-0.000191363
1.82407e-09	-0.000191449
1.82411e-09	-0.000191535
1.82416e-09	-0.000191621
1.82421e-09	-0.000191707
1.82425e-09	-0.000191792
1.8243e-09	-0.000191877
1.82435e-09	-0.000191961
1.82439e-09	-0.000192045
1.82444e-09	-0.000192129
1.82449e-09	-0.000192213
1.82453e-09	-0.000192297
1.82458e-09	-0.00019238
1.82463e-09	-0.000192462
1.82467e-09	-0.000192545
1.82472e-09	-0.000192627
1.82476e-09	-0.000192709
1.82481e-09	-0.00019279
1.82486e-09	-0.000192872
1.8249e-09	-0.000192953
1.82495e-09	-0.000193033
1.825e-09	-0.000193114
1.82504e-09	-0.000193194
1.82509e-09	-0.000193274
1.82514e-09	-0.000193353
1.82518e-09	-0.000193432
1.82523e-09	-0.000193511
1.82528e-09	-0.00019359
1.82532e-09	-0.000193668
1.82537e-09	-0.000193746
1.82541e-09	-0.000193824
1.82546e-09	-0.000193902
1.82551e-09	-0.000193979
1.82555e-09	-0.000194056
1.8256e-09	-0.000194132
1.82565e-09	-0.000194208
1.82569e-09	-0.000194284
1.82574e-09	-0.00019436
1.82579e-09	-0.000194436
1.82583e-09	-0.000194511
1.82588e-09	-0.000194586
1.82592e-09	-0.00019466
1.82597e-09	-0.000194734
1.82602e-09	-0.000194808
1.82606e-09	-0.000194882
1.82611e-09	-0.000194955
1.82616e-09	-0.000195028
1.8262e-09	-0.000195101
1.82625e-09	-0.000195174
1.8263e-09	-0.000195246
1.82634e-09	-0.000195318
1.82639e-09	-0.00019539
1.82644e-09	-0.000195461
1.82648e-09	-0.000195532
1.82653e-09	-0.000195603
1.82657e-09	-0.000195674
1.82662e-09	-0.000195744
1.82667e-09	-0.000195814
1.82671e-09	-0.000195884
1.82676e-09	-0.000195953
1.82681e-09	-0.000196022
1.82685e-09	-0.000196091
1.8269e-09	-0.00019616
1.82695e-09	-0.000196228
1.82699e-09	-0.000196296
1.82704e-09	-0.000196364
1.82709e-09	-0.000196431
1.82713e-09	-0.000196498
1.82718e-09	-0.000196565
1.82722e-09	-0.000196632
1.82727e-09	-0.000196698
1.82732e-09	-0.000196764
1.82736e-09	-0.00019683
1.82741e-09	-0.000196895
1.82746e-09	-0.000196961
1.8275e-09	-0.000197026
1.82755e-09	-0.00019709
1.8276e-09	-0.000197155
1.82764e-09	-0.000197219
1.82769e-09	-0.000197283
1.82774e-09	-0.000197346
1.82778e-09	-0.00019741
1.82783e-09	-0.000197473
1.82787e-09	-0.000197535
1.82792e-09	-0.000197598
1.82797e-09	-0.00019766
1.82801e-09	-0.000197722
1.82806e-09	-0.000197784
1.82811e-09	-0.000197845
1.82815e-09	-0.000197906
1.8282e-09	-0.000197967
1.82825e-09	-0.000198028
1.82829e-09	-0.000198088
1.82834e-09	-0.000198148
1.82839e-09	-0.000198208
1.82843e-09	-0.000198267
1.82848e-09	-0.000198327
1.82852e-09	-0.000198386
1.82857e-09	-0.000198444
1.82862e-09	-0.000198503
1.82866e-09	-0.000198561
1.82871e-09	-0.000198619
1.82876e-09	-0.000198676
1.8288e-09	-0.000198734
1.82885e-09	-0.000198791
1.8289e-09	-0.000198848
1.82894e-09	-0.000198904
1.82899e-09	-0.000198961
1.82903e-09	-0.000199017
1.82908e-09	-0.000199073
1.82913e-09	-0.000199128
1.82917e-09	-0.000199183
1.82922e-09	-0.000199238
1.82927e-09	-0.000199293
1.82931e-09	-0.000199348
1.82936e-09	-0.000199402
1.82941e-09	-0.000199456
1.82945e-09	-0.000199509
1.8295e-09	-0.000199563
1.82955e-09	-0.000199616
1.82959e-09	-0.000199669
1.82964e-09	-0.000199722
1.82968e-09	-0.000199774
1.82973e-09	-0.000199826
1.82978e-09	-0.000199878
1.82982e-09	-0.00019993
1.82987e-09	-0.000199981
1.82992e-09	-0.000200032
1.82996e-09	-0.000200083
1.83001e-09	-0.000200133
1.83006e-09	-0.000200184
1.8301e-09	-0.000200234
1.83015e-09	-0.000200284
1.8302e-09	-0.000200333
1.83024e-09	-0.000200383
1.83029e-09	-0.000200432
1.83033e-09	-0.00020048
1.83038e-09	-0.000200529
1.83043e-09	-0.000200577
1.83047e-09	-0.000200625
1.83052e-09	-0.000200673
1.83057e-09	-0.000200721
1.83061e-09	-0.000200768
1.83066e-09	-0.000200815
1.83071e-09	-0.000200862
1.83075e-09	-0.000200908
1.8308e-09	-0.000200954
1.83085e-09	-0.000201
1.83089e-09	-0.000201046
1.83094e-09	-0.000201092
1.83098e-09	-0.000201137
1.83103e-09	-0.000201182
1.83108e-09	-0.000201227
1.83112e-09	-0.000201271
1.83117e-09	-0.000201316
1.83122e-09	-0.00020136
1.83126e-09	-0.000201403
1.83131e-09	-0.000201447
1.83136e-09	-0.00020149
1.8314e-09	-0.000201533
1.83145e-09	-0.000201576
1.8315e-09	-0.000201619
1.83154e-09	-0.000201661
1.83159e-09	-0.000201703
1.83163e-09	-0.000201745
1.83168e-09	-0.000201786
1.83173e-09	-0.000201828
1.83177e-09	-0.000201869
1.83182e-09	-0.00020191
1.83187e-09	-0.00020195
1.83191e-09	-0.000201991
1.83196e-09	-0.000202031
1.83201e-09	-0.000202071
1.83205e-09	-0.00020211
1.8321e-09	-0.00020215
1.83214e-09	-0.000202189
1.83219e-09	-0.000202228
1.83224e-09	-0.000202266
1.83228e-09	-0.000202305
1.83233e-09	-0.000202343
1.83238e-09	-0.000202381
1.83242e-09	-0.000202419
1.83247e-09	-0.000202456
1.83252e-09	-0.000202493
1.83256e-09	-0.00020253
1.83261e-09	-0.000202567
1.83266e-09	-0.000202604
1.8327e-09	-0.00020264
1.83275e-09	-0.000202676
1.83279e-09	-0.000202712
1.83284e-09	-0.000202747
1.83289e-09	-0.000202783
1.83293e-09	-0.000202818
1.83298e-09	-0.000202853
1.83303e-09	-0.000202887
1.83307e-09	-0.000202922
1.83312e-09	-0.000202956
1.83317e-09	-0.00020299
1.83321e-09	-0.000203024
1.83326e-09	-0.000203057
1.83331e-09	-0.00020309
1.83335e-09	-0.000203123
1.8334e-09	-0.000203156
1.83344e-09	-0.000203189
1.83349e-09	-0.000203221
1.83354e-09	-0.000203253
1.83358e-09	-0.000203285
1.83363e-09	-0.000203316
1.83368e-09	-0.000203348
1.83372e-09	-0.000203379
1.83377e-09	-0.00020341
1.83382e-09	-0.000203441
1.83386e-09	-0.000203471
1.83391e-09	-0.000203501
1.83396e-09	-0.000203531
1.834e-09	-0.000203561
1.83405e-09	-0.000203591
1.83409e-09	-0.00020362
1.83414e-09	-0.000203649
1.83419e-09	-0.000203678
1.83423e-09	-0.000203706
1.83428e-09	-0.000203735
1.83433e-09	-0.000203763
1.83437e-09	-0.000203791
1.83442e-09	-0.000203819
1.83447e-09	-0.000203846
1.83451e-09	-0.000203874
1.83456e-09	-0.000203901
1.83461e-09	-0.000203928
1.83465e-09	-0.000203954
1.8347e-09	-0.000203981
1.83474e-09	-0.000204007
1.83479e-09	-0.000204033
1.83484e-09	-0.000204058
1.83488e-09	-0.000204084
1.83493e-09	-0.000204109
1.83498e-09	-0.000204134
1.83502e-09	-0.000204159
1.83507e-09	-0.000204184
1.83512e-09	-0.000204208
1.83516e-09	-0.000204232
1.83521e-09	-0.000204256
1.83525e-09	-0.00020428
1.8353e-09	-0.000204304
1.83535e-09	-0.000204327
1.83539e-09	-0.00020435
1.83544e-09	-0.000204373
1.83549e-09	-0.000204396
1.83553e-09	-0.000204418
1.83558e-09	-0.00020444
1.83563e-09	-0.000204462
1.83567e-09	-0.000204484
1.83572e-09	-0.000204506
1.83577e-09	-0.000204527
1.83581e-09	-0.000204548
1.83586e-09	-0.000204569
1.8359e-09	-0.00020459
1.83595e-09	-0.00020461
1.836e-09	-0.000204631
1.83604e-09	-0.000204651
1.83609e-09	-0.000204671
1.83614e-09	-0.00020469
1.83618e-09	-0.00020471
1.83623e-09	-0.000204729
1.83628e-09	-0.000204748
1.83632e-09	-0.000204767
1.83637e-09	-0.000204785
1.83642e-09	-0.000204804
1.83646e-09	-0.000204822
1.83651e-09	-0.00020484
1.83655e-09	-0.000204858
1.8366e-09	-0.000204875
1.83665e-09	-0.000204892
1.83669e-09	-0.00020491
1.83674e-09	-0.000204926
1.83679e-09	-0.000204943
1.83683e-09	-0.00020496
1.83688e-09	-0.000204976
1.83693e-09	-0.000204992
1.83697e-09	-0.000205008
1.83702e-09	-0.000205023
1.83707e-09	-0.000205039
1.83711e-09	-0.000205054
1.83716e-09	-0.000205069
1.8372e-09	-0.000205084
1.83725e-09	-0.000205099
1.8373e-09	-0.000205113
1.83734e-09	-0.000205127
1.83739e-09	-0.000205141
1.83744e-09	-0.000205155
1.83748e-09	-0.000205169
1.83753e-09	-0.000205182
1.83758e-09	-0.000205195
1.83762e-09	-0.000205208
1.83767e-09	-0.000205221
1.83772e-09	-0.000205234
1.83776e-09	-0.000205246
1.83781e-09	-0.000205258
1.83785e-09	-0.00020527
1.8379e-09	-0.000205282
1.83795e-09	-0.000205294
1.83799e-09	-0.000205305
1.83804e-09	-0.000205316
1.83809e-09	-0.000205327
1.83813e-09	-0.000205338
1.83818e-09	-0.000205348
1.83823e-09	-0.000205359
1.83827e-09	-0.000205369
1.83832e-09	-0.000205379
1.83836e-09	-0.000205389
1.83841e-09	-0.000205398
1.83846e-09	-0.000205408
1.8385e-09	-0.000205417
1.83855e-09	-0.000205426
1.8386e-09	-0.000205435
1.83864e-09	-0.000205443
1.83869e-09	-0.000205452
1.83874e-09	-0.00020546
1.83878e-09	-0.000205468
1.83883e-09	-0.000205476
1.83888e-09	-0.000205483
1.83892e-09	-0.000205491
1.83897e-09	-0.000205498
1.83901e-09	-0.000205505
1.83906e-09	-0.000205512
1.83911e-09	-0.000205518
1.83915e-09	-0.000205525
1.8392e-09	-0.000205531
1.83925e-09	-0.000205537
1.83929e-09	-0.000205543
1.83934e-09	-0.000205549
1.83939e-09	-0.000205554
1.83943e-09	-0.000205559
1.83948e-09	-0.000205565
1.83953e-09	-0.000205569
1.83957e-09	-0.000205574
1.83962e-09	-0.000205579
1.83966e-09	-0.000205583
1.83971e-09	-0.000205587
1.83976e-09	-0.000205591
1.8398e-09	-0.000205595
1.83985e-09	-0.000205598
1.8399e-09	-0.000205602
1.83994e-09	-0.000205605
1.83999e-09	-0.000205608
1.84004e-09	-0.000205611
1.84008e-09	-0.000205614
1.84013e-09	-0.000205616
1.84018e-09	-0.000205618
1.84022e-09	-0.00020562
1.84027e-09	-0.000205622
1.84031e-09	-0.000205624
1.84036e-09	-0.000205625
1.84041e-09	-0.000205627
1.84045e-09	-0.000205628
1.8405e-09	-0.000205629
1.84055e-09	-0.00020563
1.84059e-09	-0.00020563
1.84064e-09	-0.000205631
1.84069e-09	-0.000205631
1.84073e-09	-0.000205631
1.84078e-09	-0.000205631
1.84082e-09	-0.00020563
1.84087e-09	-0.00020563
1.84092e-09	-0.000205629
1.84096e-09	-0.000205628
1.84101e-09	-0.000205627
1.84106e-09	-0.000205626
1.8411e-09	-0.000205625
1.84115e-09	-0.000205623
1.8412e-09	-0.000205621
1.84124e-09	-0.000205619
1.84129e-09	-0.000205617
1.84134e-09	-0.000205615
1.84138e-09	-0.000205612
1.84143e-09	-0.00020561
1.84147e-09	-0.000205607
1.84152e-09	-0.000205604
1.84157e-09	-0.0002056
1.84161e-09	-0.000205597
1.84166e-09	-0.000205593
1.84171e-09	-0.00020559
1.84175e-09	-0.000205586
1.8418e-09	-0.000205582
1.84185e-09	-0.000205577
1.84189e-09	-0.000205573
1.84194e-09	-0.000205568
1.84199e-09	-0.000205563
1.84203e-09	-0.000205558
1.84208e-09	-0.000205553
1.84212e-09	-0.000205548
1.84217e-09	-0.000205542
1.84222e-09	-0.000205537
1.84226e-09	-0.000205531
1.84231e-09	-0.000205525
1.84236e-09	-0.000205519
1.8424e-09	-0.000205512
1.84245e-09	-0.000205506
1.8425e-09	-0.000205499
1.84254e-09	-0.000205492
1.84259e-09	-0.000205485
1.84264e-09	-0.000205478
1.84268e-09	-0.00020547
1.84273e-09	-0.000205463
1.84277e-09	-0.000205455
1.84282e-09	-0.000205447
1.84287e-09	-0.000205439
1.84291e-09	-0.000205431
1.84296e-09	-0.000205422
1.84301e-09	-0.000205413
1.84305e-09	-0.000205405
1.8431e-09	-0.000205396
1.84315e-09	-0.000205387
1.84319e-09	-0.000205377
1.84324e-09	-0.000205368
1.84329e-09	-0.000205358
1.84333e-09	-0.000205348
1.84338e-09	-0.000205338
1.84342e-09	-0.000205328
1.84347e-09	-0.000205318
1.84352e-09	-0.000205307
1.84356e-09	-0.000205297
1.84361e-09	-0.000205286
1.84366e-09	-0.000205275
1.8437e-09	-0.000205264
1.84375e-09	-0.000205253
1.8438e-09	-0.000205241
1.84384e-09	-0.000205229
1.84389e-09	-0.000205218
1.84393e-09	-0.000205206
1.84398e-09	-0.000205194
1.84403e-09	-0.000205181
1.84407e-09	-0.000205169
1.84412e-09	-0.000205156
1.84417e-09	-0.000205143
1.84421e-09	-0.00020513
1.84426e-09	-0.000205117
1.84431e-09	-0.000205104
1.84435e-09	-0.000205091
1.8444e-09	-0.000205077
1.84445e-09	-0.000205063
1.84449e-09	-0.000205049
1.84454e-09	-0.000205035
1.84458e-09	-0.000205021
1.84463e-09	-0.000205007
1.84468e-09	-0.000204992
1.84472e-09	-0.000204977
1.84477e-09	-0.000204962
1.84482e-09	-0.000204947
1.84486e-09	-0.000204932
1.84491e-09	-0.000204917
1.84496e-09	-0.000204901
1.845e-09	-0.000204885
1.84505e-09	-0.00020487
1.8451e-09	-0.000204854
1.84514e-09	-0.000204837
1.84519e-09	-0.000204821
1.84523e-09	-0.000204805
1.84528e-09	-0.000204788
1.84533e-09	-0.000204771
1.84537e-09	-0.000204754
1.84542e-09	-0.000204737
1.84547e-09	-0.00020472
1.84551e-09	-0.000204702
1.84556e-09	-0.000204685
1.84561e-09	-0.000204667
1.84565e-09	-0.000204649
1.8457e-09	-0.000204631
1.84575e-09	-0.000204613
1.84579e-09	-0.000204595
1.84584e-09	-0.000204576
1.84588e-09	-0.000204558
1.84593e-09	-0.000204539
1.84598e-09	-0.00020452
1.84602e-09	-0.000204501
1.84607e-09	-0.000204481
1.84612e-09	-0.000204462
1.84616e-09	-0.000204442
1.84621e-09	-0.000204423
1.84626e-09	-0.000204403
1.8463e-09	-0.000204383
1.84635e-09	-0.000204363
1.8464e-09	-0.000204342
1.84644e-09	-0.000204322
1.84649e-09	-0.000204301
1.84653e-09	-0.00020428
1.84658e-09	-0.000204259
1.84663e-09	-0.000204238
1.84667e-09	-0.000204217
1.84672e-09	-0.000204196
1.84677e-09	-0.000204174
1.84681e-09	-0.000204153
1.84686e-09	-0.000204131
1.84691e-09	-0.000204109
1.84695e-09	-0.000204087
1.847e-09	-0.000204064
1.84704e-09	-0.000204042
1.84709e-09	-0.000204019
1.84714e-09	-0.000203997
1.84718e-09	-0.000203974
1.84723e-09	-0.000203951
1.84728e-09	-0.000203928
1.84732e-09	-0.000203904
1.84737e-09	-0.000203881
1.84742e-09	-0.000203857
1.84746e-09	-0.000203834
1.84751e-09	-0.00020381
1.84756e-09	-0.000203786
1.8476e-09	-0.000203762
1.84765e-09	-0.000203737
1.84769e-09	-0.000203713
1.84774e-09	-0.000203688
1.84779e-09	-0.000203663
1.84783e-09	-0.000203639
1.84788e-09	-0.000203613
1.84793e-09	-0.000203588
1.84797e-09	-0.000203563
1.84802e-09	-0.000203538
1.84807e-09	-0.000203512
1.84811e-09	-0.000203486
1.84816e-09	-0.00020346
1.84821e-09	-0.000203434
1.84825e-09	-0.000203408
1.8483e-09	-0.000203382
1.84834e-09	-0.000203355
1.84839e-09	-0.000203329
1.84844e-09	-0.000203302
1.84848e-09	-0.000203275
1.84853e-09	-0.000203248
1.84858e-09	-0.000203221
1.84862e-09	-0.000203194
1.84867e-09	-0.000203166
1.84872e-09	-0.000203139
1.84876e-09	-0.000203111
1.84881e-09	-0.000203083
1.84886e-09	-0.000203055
1.8489e-09	-0.000203027
1.84895e-09	-0.000202999
1.84899e-09	-0.00020297
1.84904e-09	-0.000202942
1.84909e-09	-0.000202913
1.84913e-09	-0.000202884
1.84918e-09	-0.000202856
1.84923e-09	-0.000202826
1.84927e-09	-0.000202797
1.84932e-09	-0.000202768
1.84937e-09	-0.000202738
1.84941e-09	-0.000202709
1.84946e-09	-0.000202679
1.84951e-09	-0.000202649
1.84955e-09	-0.000202619
1.8496e-09	-0.000202589
1.84964e-09	-0.000202559
1.84969e-09	-0.000202528
1.84974e-09	-0.000202498
1.84978e-09	-0.000202467
1.84983e-09	-0.000202436
1.84988e-09	-0.000202405
1.84992e-09	-0.000202374
1.84997e-09	-0.000202343
1.85002e-09	-0.000202312
1.85006e-09	-0.00020228
1.85011e-09	-0.000202248
1.85015e-09	-0.000202217
1.8502e-09	-0.000202185
1.85025e-09	-0.000202153
1.85029e-09	-0.000202121
1.85034e-09	-0.000202088
1.85039e-09	-0.000202056
1.85043e-09	-0.000202023
1.85048e-09	-0.000201991
1.85053e-09	-0.000201958
1.85057e-09	-0.000201925
1.85062e-09	-0.000201892
1.85067e-09	-0.000201859
1.85071e-09	-0.000201826
1.85076e-09	-0.000201792
1.8508e-09	-0.000201759
1.85085e-09	-0.000201725
1.8509e-09	-0.000201691
1.85094e-09	-0.000201657
1.85099e-09	-0.000201623
1.85104e-09	-0.000201589
1.85108e-09	-0.000201555
1.85113e-09	-0.00020152
1.85118e-09	-0.000201485
1.85122e-09	-0.000201451
1.85127e-09	-0.000201416
1.85132e-09	-0.000201381
1.85136e-09	-0.000201346
1.85141e-09	-0.000201311
1.85145e-09	-0.000201275
1.8515e-09	-0.00020124
1.85155e-09	-0.000201204
1.85159e-09	-0.000201169
1.85164e-09	-0.000201133
1.85169e-09	-0.000201097
1.85173e-09	-0.000201061
1.85178e-09	-0.000201025
1.85183e-09	-0.000200988
1.85187e-09	-0.000200952
1.85192e-09	-0.000200915
1.85197e-09	-0.000200878
1.85201e-09	-0.000200842
1.85206e-09	-0.000200805
1.8521e-09	-0.000200768
1.85215e-09	-0.000200731
1.8522e-09	-0.000200693
1.85224e-09	-0.000200656
1.85229e-09	-0.000200618
1.85234e-09	-0.000200581
1.85238e-09	-0.000200543
1.85243e-09	-0.000200505
1.85248e-09	-0.000200467
1.85252e-09	-0.000200429
1.85257e-09	-0.00020039
1.85262e-09	-0.000200352
1.85266e-09	-0.000200314
1.85271e-09	-0.000200275
1.85275e-09	-0.000200236
1.8528e-09	-0.000200197
1.85285e-09	-0.000200158
1.85289e-09	-0.000200119
1.85294e-09	-0.00020008
1.85299e-09	-0.000200041
1.85303e-09	-0.000200001
1.85308e-09	-0.000199962
1.85313e-09	-0.000199922
1.85317e-09	-0.000199882
1.85322e-09	-0.000199842
1.85326e-09	-0.000199802
1.85331e-09	-0.000199762
1.85336e-09	-0.000199722
1.8534e-09	-0.000199681
1.85345e-09	-0.000199641
1.8535e-09	-0.0001996
1.85354e-09	-0.00019956
1.85359e-09	-0.000199519
1.85364e-09	-0.000199478
1.85368e-09	-0.000199437
1.85373e-09	-0.000199396
1.85378e-09	-0.000199354
1.85382e-09	-0.000199313
1.85387e-09	-0.000199271
1.85391e-09	-0.00019923
1.85396e-09	-0.000199188
1.85401e-09	-0.000199146
1.85405e-09	-0.000199104
1.8541e-09	-0.000199062
1.85415e-09	-0.00019902
1.85419e-09	-0.000198977
1.85424e-09	-0.000198935
1.85429e-09	-0.000198893
1.85433e-09	-0.00019885
1.85438e-09	-0.000198807
1.85443e-09	-0.000198764
1.85447e-09	-0.000198721
1.85452e-09	-0.000198678
1.85456e-09	-0.000198635
1.85461e-09	-0.000198592
1.85466e-09	-0.000198548
1.8547e-09	-0.000198505
1.85475e-09	-0.000198461
1.8548e-09	-0.000198417
1.85484e-09	-0.000198373
1.85489e-09	-0.000198329
1.85494e-09	-0.000198285
1.85498e-09	-0.000198241
1.85503e-09	-0.000198197
1.85508e-09	-0.000198153
1.85512e-09	-0.000198108
1.85517e-09	-0.000198063
1.85521e-09	-0.000198019
1.85526e-09	-0.000197974
1.85531e-09	-0.000197929
1.85535e-09	-0.000197884
1.8554e-09	-0.000197839
1.85545e-09	-0.000197793
1.85549e-09	-0.000197748
1.85554e-09	-0.000197703
1.85559e-09	-0.000197657
1.85563e-09	-0.000197611
1.85568e-09	-0.000197566
1.85573e-09	-0.00019752
1.85577e-09	-0.000197474
1.85582e-09	-0.000197428
1.85586e-09	-0.000197381
1.85591e-09	-0.000197335
1.85596e-09	-0.000197289
1.856e-09	-0.000197242
1.85605e-09	-0.000197195
1.8561e-09	-0.000197149
1.85614e-09	-0.000197102
1.85619e-09	-0.000197055
1.85624e-09	-0.000197008
1.85628e-09	-0.000196961
1.85633e-09	-0.000196914
1.85637e-09	-0.000196866
1.85642e-09	-0.000196819
1.85647e-09	-0.000196771
1.85651e-09	-0.000196724
1.85656e-09	-0.000196676
1.85661e-09	-0.000196628
1.85665e-09	-0.00019658
1.8567e-09	-0.000196532
1.85675e-09	-0.000196484
1.85679e-09	-0.000196436
1.85684e-09	-0.000196387
1.85689e-09	-0.000196339
1.85693e-09	-0.00019629
1.85698e-09	-0.000196242
1.85702e-09	-0.000196193
1.85707e-09	-0.000196144
1.85712e-09	-0.000196095
1.85716e-09	-0.000196046
1.85721e-09	-0.000195997
1.85726e-09	-0.000195948
1.8573e-09	-0.000195898
1.85735e-09	-0.000195849
1.8574e-09	-0.000195799
1.85744e-09	-0.00019575
1.85749e-09	-0.0001957
1.85754e-09	-0.00019565
1.85758e-09	-0.0001956
1.85763e-09	-0.00019555
1.85767e-09	-0.0001955
1.85772e-09	-0.00019545
1.85777e-09	-0.000195399
1.85781e-09	-0.000195349
1.85786e-09	-0.000195298
1.85791e-09	-0.000195248
1.85795e-09	-0.000195197
1.858e-09	-0.000195146
1.85805e-09	-0.000195095
1.85809e-09	-0.000195044
1.85814e-09	-0.000194993
1.85819e-09	-0.000194942
1.85823e-09	-0.000194891
1.85828e-09	-0.00019484
1.85832e-09	-0.000194788
1.85837e-09	-0.000194737
1.85842e-09	-0.000194685
1.85846e-09	-0.000194633
1.85851e-09	-0.000194581
1.85856e-09	-0.000194529
1.8586e-09	-0.000194477
1.85865e-09	-0.000194425
1.8587e-09	-0.000194373
1.85874e-09	-0.000194321
1.85879e-09	-0.000194268
1.85883e-09	-0.000194216
1.85888e-09	-0.000194163
1.85893e-09	-0.000194111
1.85897e-09	-0.000194058
1.85902e-09	-0.000194005
1.85907e-09	-0.000193952
1.85911e-09	-0.000193899
1.85916e-09	-0.000193846
1.85921e-09	-0.000193793
1.85925e-09	-0.00019374
1.8593e-09	-0.000193686
1.85935e-09	-0.000193633
1.85939e-09	-0.000193579
1.85944e-09	-0.000193525
1.85948e-09	-0.000193472
1.85953e-09	-0.000193418
1.85958e-09	-0.000193364
1.85962e-09	-0.00019331
1.85967e-09	-0.000193256
1.85972e-09	-0.000193202
1.85976e-09	-0.000193147
1.85981e-09	-0.000193093
1.85986e-09	-0.000193039
1.8599e-09	-0.000192984
1.85995e-09	-0.000192929
1.86e-09	-0.000192875
1.86004e-09	-0.00019282
1.86009e-09	-0.000192765
1.86013e-09	-0.00019271
1.86018e-09	-0.000192655
1.86023e-09	-0.0001926
1.86027e-09	-0.000192545
1.86032e-09	-0.000192489
1.86037e-09	-0.000192434
1.86041e-09	-0.000192378
1.86046e-09	-0.000192323
1.86051e-09	-0.000192267
1.86055e-09	-0.000192211
1.8606e-09	-0.000192156
1.86065e-09	-0.0001921
1.86069e-09	-0.000192044
1.86074e-09	-0.000191988
1.86078e-09	-0.000191931
1.86083e-09	-0.000191875
1.86088e-09	-0.000191819
1.86092e-09	-0.000191762
1.86097e-09	-0.000191706
1.86102e-09	-0.000191649
1.86106e-09	-0.000191593
1.86111e-09	-0.000191536
1.86116e-09	-0.000191479
1.8612e-09	-0.000191422
1.86125e-09	-0.000191365
1.8613e-09	-0.000191308
1.86134e-09	-0.000191251
1.86139e-09	-0.000191194
1.86143e-09	-0.000191136
1.86148e-09	-0.000191079
1.86153e-09	-0.000191021
1.86157e-09	-0.000190964
1.86162e-09	-0.000190906
1.86167e-09	-0.000190849
1.86171e-09	-0.000190791
1.86176e-09	-0.000190733
1.86181e-09	-0.000190675
1.86185e-09	-0.000190617
1.8619e-09	-0.000190559
1.86194e-09	-0.000190501
1.86199e-09	-0.000190442
1.86204e-09	-0.000190384
1.86208e-09	-0.000190325
1.86213e-09	-0.000190267
1.86218e-09	-0.000190208
1.86222e-09	-0.00019015
1.86227e-09	-0.000190091
1.86232e-09	-0.000190032
1.86236e-09	-0.000189973
1.86241e-09	-0.000189914
1.86246e-09	-0.000189855
1.8625e-09	-0.000189796
1.86255e-09	-0.000189737
1.86259e-09	-0.000189677
1.86264e-09	-0.000189618
1.86269e-09	-0.000189559
1.86273e-09	-0.000189499
1.86278e-09	-0.000189439
1.86283e-09	-0.00018938
1.86287e-09	-0.00018932
1.86292e-09	-0.00018926
1.86297e-09	-0.0001892
1.86301e-09	-0.00018914
1.86306e-09	-0.00018908
1.86311e-09	-0.00018902
1.86315e-09	-0.00018896
1.8632e-09	-0.0001889
1.86324e-09	-0.000188839
1.86329e-09	-0.000188779
1.86334e-09	-0.000188718
1.86338e-09	-0.000188658
1.86343e-09	-0.000188597
1.86348e-09	-0.000188536
1.86352e-09	-0.000188475
1.86357e-09	-0.000188415
1.86362e-09	-0.000188354
1.86366e-09	-0.000188293
1.86371e-09	-0.000188231
1.86376e-09	-0.00018817
1.8638e-09	-0.000188109
1.86385e-09	-0.000188048
1.86389e-09	-0.000187986
1.86394e-09	-0.000187925
1.86399e-09	-0.000187863
1.86403e-09	-0.000187802
1.86408e-09	-0.00018774
1.86413e-09	-0.000187678
1.86417e-09	-0.000187617
1.86422e-09	-0.000187555
1.86427e-09	-0.000187493
1.86431e-09	-0.000187431
1.86436e-09	-0.000187369
1.86441e-09	-0.000187306
1.86445e-09	-0.000187244
1.8645e-09	-0.000187182
1.86454e-09	-0.000187119
1.86459e-09	-0.000187057
1.86464e-09	-0.000186994
1.86468e-09	-0.000186932
1.86473e-09	-0.000186869
1.86478e-09	-0.000186806
1.86482e-09	-0.000186744
1.86487e-09	-0.000186681
1.86492e-09	-0.000186618
1.86496e-09	-0.000186555
1.86501e-09	-0.000186492
1.86505e-09	-0.000186429
1.8651e-09	-0.000186365
1.86515e-09	-0.000186302
1.86519e-09	-0.000186239
1.86524e-09	-0.000186175
1.86529e-09	-0.000186112
1.86533e-09	-0.000186048
1.86538e-09	-0.000185985
1.86543e-09	-0.000185921
1.86547e-09	-0.000185857
1.86552e-09	-0.000185794
1.86557e-09	-0.00018573
1.86561e-09	-0.000185666
1.86566e-09	-0.000185602
1.8657e-09	-0.000185538
1.86575e-09	-0.000185474
1.8658e-09	-0.000185409
1.86584e-09	-0.000185345
1.86589e-09	-0.000185281
1.86594e-09	-0.000185216
1.86598e-09	-0.000185152
1.86603e-09	-0.000185087
1.86608e-09	-0.000185023
1.86612e-09	-0.000184958
1.86617e-09	-0.000184893
1.86622e-09	-0.000184829
1.86626e-09	-0.000184764
1.86631e-09	-0.000184699
1.86635e-09	-0.000184634
1.8664e-09	-0.000184569
1.86645e-09	-0.000184504
1.86649e-09	-0.000184438
1.86654e-09	-0.000184373
1.86659e-09	-0.000184308
1.86663e-09	-0.000184243
1.86668e-09	-0.000184177
1.86673e-09	-0.000184112
1.86677e-09	-0.000184046
1.86682e-09	-0.000183981
1.86687e-09	-0.000183915
1.86691e-09	-0.000183849
1.86696e-09	-0.000183783
1.867e-09	-0.000183718
1.86705e-09	-0.000183652
1.8671e-09	-0.000183586
1.86714e-09	-0.00018352
1.86719e-09	-0.000183454
1.86724e-09	-0.000183387
1.86728e-09	-0.000183321
1.86733e-09	-0.000183255
1.86738e-09	-0.000183189
1.86742e-09	-0.000183122
1.86747e-09	-0.000183056
1.86752e-09	-0.000182989
1.86756e-09	-0.000182923
1.86761e-09	-0.000182856
1.86765e-09	-0.000182789
1.8677e-09	-0.000182722
1.86775e-09	-0.000182656
1.86779e-09	-0.000182589
1.86784e-09	-0.000182522
1.86789e-09	-0.000182455
1.86793e-09	-0.000182388
1.86798e-09	-0.000182321
1.86803e-09	-0.000182254
1.86807e-09	-0.000182186
1.86812e-09	-0.000182119
1.86816e-09	-0.000182052
1.86821e-09	-0.000181984
1.86826e-09	-0.000181917
1.8683e-09	-0.000181849
1.86835e-09	-0.000181782
1.8684e-09	-0.000181714
1.86844e-09	-0.000181647
1.86849e-09	-0.000181579
1.86854e-09	-0.000181511
1.86858e-09	-0.000181443
1.86863e-09	-0.000181375
1.86868e-09	-0.000181307
1.86872e-09	-0.000181239
1.86877e-09	-0.000181171
1.86881e-09	-0.000181103
1.86886e-09	-0.000181035
1.86891e-09	-0.000180967
1.86895e-09	-0.000180898
1.869e-09	-0.00018083
1.86905e-09	-0.000180762
1.86909e-09	-0.000180693
1.86914e-09	-0.000180625
1.86919e-09	-0.000180556
1.86923e-09	-0.000180488
1.86928e-09	-0.000180419
1.86933e-09	-0.00018035
1.86937e-09	-0.000180281
1.86942e-09	-0.000180213
1.86946e-09	-0.000180144
1.86951e-09	-0.000180075
1.86956e-09	-0.000180006
1.8696e-09	-0.000179937
1.86965e-09	-0.000179868
1.8697e-09	-0.000179798
1.86974e-09	-0.000179729
1.86979e-09	-0.00017966
1.86984e-09	-0.000179591
1.86988e-09	-0.000179521
1.86993e-09	-0.000179452
1.86998e-09	-0.000179383
1.87002e-09	-0.000179313
1.87007e-09	-0.000179243
1.87011e-09	-0.000179174
1.87016e-09	-0.000179104
1.87021e-09	-0.000179034
1.87025e-09	-0.000178965
1.8703e-09	-0.000178895
1.87035e-09	-0.000178825
1.87039e-09	-0.000178755
1.87044e-09	-0.000178685
1.87049e-09	-0.000178615
1.87053e-09	-0.000178545
1.87058e-09	-0.000178475
1.87063e-09	-0.000178405
1.87067e-09	-0.000178335
1.87072e-09	-0.000178264
1.87076e-09	-0.000178194
1.87081e-09	-0.000178124
1.87086e-09	-0.000178053
1.8709e-09	-0.000177983
1.87095e-09	-0.000177912
1.871e-09	-0.000177842
1.87104e-09	-0.000177771
1.87109e-09	-0.0001777
1.87114e-09	-0.00017763
1.87118e-09	-0.000177559
1.87123e-09	-0.000177488
1.87127e-09	-0.000177417
1.87132e-09	-0.000177346
1.87137e-09	-0.000177275
1.87141e-09	-0.000177204
1.87146e-09	-0.000177133
1.87151e-09	-0.000177062
1.87155e-09	-0.000176991
1.8716e-09	-0.00017692
1.87165e-09	-0.000176849
1.87169e-09	-0.000176778
1.87174e-09	-0.000176706
1.87179e-09	-0.000176635
1.87183e-09	-0.000176563
1.87188e-09	-0.000176492
1.87192e-09	-0.00017642
1.87197e-09	-0.000176349
1.87202e-09	-0.000176277
1.87206e-09	-0.000176206
1.87211e-09	-0.000176134
1.87216e-09	-0.000176062
1.8722e-09	-0.00017599
1.87225e-09	-0.000175919
1.8723e-09	-0.000175847
1.87234e-09	-0.000175775
1.87239e-09	-0.000175703
1.87244e-09	-0.000175631
1.87248e-09	-0.000175559
1.87253e-09	-0.000175487
1.87257e-09	-0.000175415
1.87262e-09	-0.000175343
1.87267e-09	-0.00017527
1.87271e-09	-0.000175198
1.87276e-09	-0.000175126
1.87281e-09	-0.000175053
1.87285e-09	-0.000174981
1.8729e-09	-0.000174909
1.87295e-09	-0.000174836
1.87299e-09	-0.000174764
1.87304e-09	-0.000174691
1.87309e-09	-0.000174618
1.87313e-09	-0.000174546
1.87318e-09	-0.000174473
1.87322e-09	-0.0001744
1.87327e-09	-0.000174328
1.87332e-09	-0.000174255
1.87336e-09	-0.000174182
1.87341e-09	-0.000174109
1.87346e-09	-0.000174036
1.8735e-09	-0.000173963
1.87355e-09	-0.00017389
1.8736e-09	-0.000173817
1.87364e-09	-0.000173744
1.87369e-09	-0.000173671
1.87373e-09	-0.000173598
1.87378e-09	-0.000173524
1.87383e-09	-0.000173451
1.87387e-09	-0.000173378
1.87392e-09	-0.000173305
1.87397e-09	-0.000173231
1.87401e-09	-0.000173158
1.87406e-09	-0.000173084
1.87411e-09	-0.000173011
1.87415e-09	-0.000172937
1.8742e-09	-0.000172864
1.87425e-09	-0.00017279
1.87429e-09	-0.000172716
1.87434e-09	-0.000172643
1.87438e-09	-0.000172569
1.87443e-09	-0.000172495
1.87448e-09	-0.000172421
1.87452e-09	-0.000172348
1.87457e-09	-0.000172274
1.87462e-09	-0.0001722
1.87466e-09	-0.000172126
1.87471e-09	-0.000172052
1.87476e-09	-0.000171978
1.8748e-09	-0.000171904
1.87485e-09	-0.00017183
1.8749e-09	-0.000171755
1.87494e-09	-0.000171681
1.87499e-09	-0.000171607
1.87503e-09	-0.000171533
1.87508e-09	-0.000171458
1.87513e-09	-0.000171384
1.87517e-09	-0.00017131
1.87522e-09	-0.000171235
1.87527e-09	-0.000171161
1.87531e-09	-0.000171086
1.87536e-09	-0.000171012
1.87541e-09	-0.000170937
1.87545e-09	-0.000170863
1.8755e-09	-0.000170788
1.87555e-09	-0.000170713
1.87559e-09	-0.000170639
1.87564e-09	-0.000170564
1.87568e-09	-0.000170489
1.87573e-09	-0.000170414
1.87578e-09	-0.00017034
1.87582e-09	-0.000170265
1.87587e-09	-0.00017019
1.87592e-09	-0.000170115
1.87596e-09	-0.00017004
1.87601e-09	-0.000169965
1.87606e-09	-0.00016989
1.8761e-09	-0.000169815
1.87615e-09	-0.00016974
1.8762e-09	-0.000169665
1.87624e-09	-0.000169589
1.87629e-09	-0.000169514
1.87633e-09	-0.000169439
1.87638e-09	-0.000169364
1.87643e-09	-0.000169288
1.87647e-09	-0.000169213
1.87652e-09	-0.000169138
1.87657e-09	-0.000169062
1.87661e-09	-0.000168987
1.87666e-09	-0.000168911
1.87671e-09	-0.000168836
1.87675e-09	-0.00016876
1.8768e-09	-0.000168685
1.87684e-09	-0.000168609
1.87689e-09	-0.000168533
1.87694e-09	-0.000168458
1.87698e-09	-0.000168382
1.87703e-09	-0.000168306
1.87708e-09	-0.000168231
1.87712e-09	-0.000168155
1.87717e-09	-0.000168079
1.87722e-09	-0.000168003
1.87726e-09	-0.000167927
1.87731e-09	-0.000167851
1.87736e-09	-0.000167775
1.8774e-09	-0.000167699
1.87745e-09	-0.000167623
1.87749e-09	-0.000167547
1.87754e-09	-0.000167471
1.87759e-09	-0.000167395
1.87763e-09	-0.000167319
1.87768e-09	-0.000167243
1.87773e-09	-0.000167167
1.87777e-09	-0.00016709
1.87782e-09	-0.000167014
1.87787e-09	-0.000166938
1.87791e-09	-0.000166862
1.87796e-09	-0.000166785
1.87801e-09	-0.000166709
1.87805e-09	-0.000166632
1.8781e-09	-0.000166556
1.87814e-09	-0.00016648
1.87819e-09	-0.000166403
1.87824e-09	-0.000166327
1.87828e-09	-0.00016625
1.87833e-09	-0.000166173
1.87838e-09	-0.000166097
1.87842e-09	-0.00016602
1.87847e-09	-0.000165944
1.87852e-09	-0.000165867
1.87856e-09	-0.00016579
1.87861e-09	-0.000165713
1.87866e-09	-0.000165637
1.8787e-09	-0.00016556
1.87875e-09	-0.000165483
1.87879e-09	-0.000165406
1.87884e-09	-0.000165329
1.87889e-09	-0.000165252
1.87893e-09	-0.000165175
1.87898e-09	-0.000165099
1.87903e-09	-0.000165022
1.87907e-09	-0.000164945
1.87912e-09	-0.000164868
1.87917e-09	-0.00016479
1.87921e-09	-0.000164713
1.87926e-09	-0.000164636
1.87931e-09	-0.000164559
1.87935e-09	-0.000164482
1.8794e-09	-0.000164405
1.87944e-09	-0.000164328
1.87949e-09	-0.00016425
1.87954e-09	-0.000164173
1.87958e-09	-0.000164096
1.87963e-09	-0.000164018
1.87968e-09	-0.000163941
1.87972e-09	-0.000163864
1.87977e-09	-0.000163786
1.87982e-09	-0.000163709
1.87986e-09	-0.000163631
1.87991e-09	-0.000163554
1.87995e-09	-0.000163477
1.88e-09	-0.000163399
1.88005e-09	-0.000163321
1.88009e-09	-0.000163244
1.88014e-09	-0.000163166
1.88019e-09	-0.000163089
1.88023e-09	-0.000163011
1.88028e-09	-0.000162933
1.88033e-09	-0.000162856
1.88037e-09	-0.000162778
1.88042e-09	-0.0001627
1.88047e-09	-0.000162623
1.88051e-09	-0.000162545
1.88056e-09	-0.000162467
1.8806e-09	-0.000162389
1.88065e-09	-0.000162311
1.8807e-09	-0.000162233
1.88074e-09	-0.000162156
1.88079e-09	-0.000162078
1.88084e-09	-0.000162
1.88088e-09	-0.000161922
1.88093e-09	-0.000161844
1.88098e-09	-0.000161766
1.88102e-09	-0.000161688
1.88107e-09	-0.00016161
1.88112e-09	-0.000161532
1.88116e-09	-0.000161454
1.88121e-09	-0.000161375
1.88125e-09	-0.000161297
1.8813e-09	-0.000161219
1.88135e-09	-0.000161141
1.88139e-09	-0.000161063
1.88144e-09	-0.000160985
1.88149e-09	-0.000160906
1.88153e-09	-0.000160828
1.88158e-09	-0.00016075
1.88163e-09	-0.000160672
1.88167e-09	-0.000160593
1.88172e-09	-0.000160515
1.88177e-09	-0.000160436
1.88181e-09	-0.000160358
1.88186e-09	-0.00016028
1.8819e-09	-0.000160201
1.88195e-09	-0.000160123
1.882e-09	-0.000160044
1.88204e-09	-0.000159966
1.88209e-09	-0.000159887
1.88214e-09	-0.000159809
1.88218e-09	-0.00015973
1.88223e-09	-0.000159652
1.88228e-09	-0.000159573
1.88232e-09	-0.000159495
1.88237e-09	-0.000159416
1.88242e-09	-0.000159337
1.88246e-09	-0.000159259
1.88251e-09	-0.00015918
1.88255e-09	-0.000159101
1.8826e-09	-0.000159023
1.88265e-09	-0.000158944
1.88269e-09	-0.000158865
1.88274e-09	-0.000158786
1.88279e-09	-0.000158708
1.88283e-09	-0.000158629
1.88288e-09	-0.00015855
1.88293e-09	-0.000158471
1.88297e-09	-0.000158392
1.88302e-09	-0.000158314
1.88306e-09	-0.000158235
1.88311e-09	-0.000158156
1.88316e-09	-0.000158077
1.8832e-09	-0.000157998
1.88325e-09	-0.000157919
1.8833e-09	-0.00015784
1.88334e-09	-0.000157761
1.88339e-09	-0.000157682
1.88344e-09	-0.000157603
1.88348e-09	-0.000157524
1.88353e-09	-0.000157445
1.88358e-09	-0.000157366
1.88362e-09	-0.000157287
1.88367e-09	-0.000157208
1.88371e-09	-0.000157129
1.88376e-09	-0.000157049
1.88381e-09	-0.00015697
1.88385e-09	-0.000156891
1.8839e-09	-0.000156812
1.88395e-09	-0.000156733
1.88399e-09	-0.000156654
1.88404e-09	-0.000156574
1.88409e-09	-0.000156495
1.88413e-09	-0.000156416
1.88418e-09	-0.000156337
1.88423e-09	-0.000156257
1.88427e-09	-0.000156178
1.88432e-09	-0.000156099
1.88436e-09	-0.000156019
1.88441e-09	-0.00015594
1.88446e-09	-0.000155861
1.8845e-09	-0.000155781
1.88455e-09	-0.000155702
1.8846e-09	-0.000155622
1.88464e-09	-0.000155543
1.88469e-09	-0.000155464
1.88474e-09	-0.000155384
1.88478e-09	-0.000155305
1.88483e-09	-0.000155225
1.88488e-09	-0.000155146
1.88492e-09	-0.000155066
1.88497e-09	-0.000154987
1.88501e-09	-0.000154907
1.88506e-09	-0.000154828
1.88511e-09	-0.000154748
1.88515e-09	-0.000154669
1.8852e-09	-0.000154589
1.88525e-09	-0.000154509
1.88529e-09	-0.00015443
1.88534e-09	-0.00015435
1.88539e-09	-0.000154271
1.88543e-09	-0.000154191
1.88548e-09	-0.000154111
1.88553e-09	-0.000154032
1.88557e-09	-0.000153952
1.88562e-09	-0.000153872
1.88566e-09	-0.000153793
1.88571e-09	-0.000153713
1.88576e-09	-0.000153633
1.8858e-09	-0.000153553
1.88585e-09	-0.000153474
1.8859e-09	-0.000153394
1.88594e-09	-0.000153314
1.88599e-09	-0.000153234
1.88604e-09	-0.000153155
1.88608e-09	-0.000153075
1.88613e-09	-0.000152995
1.88617e-09	-0.000152915
1.88622e-09	-0.000152835
1.88627e-09	-0.000152755
1.88631e-09	-0.000152676
1.88636e-09	-0.000152596
1.88641e-09	-0.000152516
1.88645e-09	-0.000152436
1.8865e-09	-0.000152356
1.88655e-09	-0.000152276
1.88659e-09	-0.000152196
1.88664e-09	-0.000152116
1.88669e-09	-0.000152036
1.88673e-09	-0.000151956
1.88678e-09	-0.000151876
1.88682e-09	-0.000151796
1.88687e-09	-0.000151716
1.88692e-09	-0.000151636
1.88696e-09	-0.000151556
1.88701e-09	-0.000151476
1.88706e-09	-0.000151396
1.8871e-09	-0.000151316
1.88715e-09	-0.000151236
1.8872e-09	-0.000151156
1.88724e-09	-0.000151076
1.88729e-09	-0.000150996
1.88734e-09	-0.000150916
1.88738e-09	-0.000150836
1.88743e-09	-0.000150756
1.88747e-09	-0.000150676
1.88752e-09	-0.000150596
1.88757e-09	-0.000150516
1.88761e-09	-0.000150436
1.88766e-09	-0.000150355
1.88771e-09	-0.000150275
1.88775e-09	-0.000150195
1.8878e-09	-0.000150115
1.88785e-09	-0.000150035
1.88789e-09	-0.000149955
1.88794e-09	-0.000149874
1.88799e-09	-0.000149794
1.88803e-09	-0.000149714
1.88808e-09	-0.000149634
1.88812e-09	-0.000149554
1.88817e-09	-0.000149474
1.88822e-09	-0.000149393
1.88826e-09	-0.000149313
1.88831e-09	-0.000149233
1.88836e-09	-0.000149153
1.8884e-09	-0.000149072
1.88845e-09	-0.000148992
1.8885e-09	-0.000148912
1.88854e-09	-0.000148832
1.88859e-09	-0.000148751
1.88864e-09	-0.000148671
1.88868e-09	-0.000148591
1.88873e-09	-0.00014851
1.88877e-09	-0.00014843
1.88882e-09	-0.00014835
1.88887e-09	-0.00014827
1.88891e-09	-0.000148189
1.88896e-09	-0.000148109
1.88901e-09	-0.000148029
1.88905e-09	-0.000147948
1.8891e-09	-0.000147868
1.88915e-09	-0.000147788
1.88919e-09	-0.000147707
1.88924e-09	-0.000147627
1.88928e-09	-0.000147547
1.88933e-09	-0.000147466
1.88938e-09	-0.000147386
1.88942e-09	-0.000147305
1.88947e-09	-0.000147225
1.88952e-09	-0.000147145
1.88956e-09	-0.000147064
1.88961e-09	-0.000146984
1.88966e-09	-0.000146903
1.8897e-09	-0.000146823
1.88975e-09	-0.000146743
1.8898e-09	-0.000146662
1.88984e-09	-0.000146582
1.88989e-09	-0.000146501
1.88993e-09	-0.000146421
1.88998e-09	-0.000146341
1.89003e-09	-0.00014626
1.89007e-09	-0.00014618
1.89012e-09	-0.000146099
1.89017e-09	-0.000146019
1.89021e-09	-0.000145938
1.89026e-09	-0.000145858
1.89031e-09	-0.000145777
1.89035e-09	-0.000145697
1.8904e-09	-0.000145617
1.89045e-09	-0.000145536
1.89049e-09	-0.000145456
1.89054e-09	-0.000145375
1.89058e-09	-0.000145295
1.89063e-09	-0.000145214
1.89068e-09	-0.000145134
1.89072e-09	-0.000145053
1.89077e-09	-0.000144973
1.89082e-09	-0.000144892
1.89086e-09	-0.000144812
1.89091e-09	-0.000144731
1.89096e-09	-0.000144651
1.891e-09	-0.00014457
1.89105e-09	-0.00014449
1.8911e-09	-0.000144409
1.89114e-09	-0.000144329
1.89119e-09	-0.000144248
1.89123e-09	-0.000144168
1.89128e-09	-0.000144087
1.89133e-09	-0.000144007
1.89137e-09	-0.000143926
1.89142e-09	-0.000143846
1.89147e-09	-0.000143765
1.89151e-09	-0.000143685
1.89156e-09	-0.000143604
1.89161e-09	-0.000143524
1.89165e-09	-0.000143443
1.8917e-09	-0.000143363
1.89174e-09	-0.000143282
1.89179e-09	-0.000143202
1.89184e-09	-0.000143121
1.89188e-09	-0.000143041
1.89193e-09	-0.00014296
1.89198e-09	-0.00014288
1.89202e-09	-0.000142799
1.89207e-09	-0.000142719
1.89212e-09	-0.000142638
1.89216e-09	-0.000142558
1.89221e-09	-0.000142477
1.89226e-09	-0.000142397
1.8923e-09	-0.000142316
1.89235e-09	-0.000142236
1.89239e-09	-0.000142155
1.89244e-09	-0.000142074
1.89249e-09	-0.000141994
1.89253e-09	-0.000141913
1.89258e-09	-0.000141833
1.89263e-09	-0.000141752
1.89267e-09	-0.000141672
1.89272e-09	-0.000141591
1.89277e-09	-0.000141511
1.89281e-09	-0.00014143
1.89286e-09	-0.00014135
1.89291e-09	-0.000141269
1.89295e-09	-0.000141189
1.893e-09	-0.000141108
1.89304e-09	-0.000141028
1.89309e-09	-0.000140947
1.89314e-09	-0.000140867
1.89318e-09	-0.000140786
1.89323e-09	-0.000140706
1.89328e-09	-0.000140625
1.89332e-09	-0.000140545
1.89337e-09	-0.000140464
1.89342e-09	-0.000140384
1.89346e-09	-0.000140303
1.89351e-09	-0.000140223
1.89356e-09	-0.000140142
1.8936e-09	-0.000140062
1.89365e-09	-0.000139981
1.89369e-09	-0.000139901
1.89374e-09	-0.00013982
1.89379e-09	-0.00013974
1.89383e-09	-0.000139659
1.89388e-09	-0.000139579
1.89393e-09	-0.000139498
1.89397e-09	-0.000139418
1.89402e-09	-0.000139337
1.89407e-09	-0.000139257
1.89411e-09	-0.000139177
1.89416e-09	-0.000139096
1.89421e-09	-0.000139016
1.89425e-09	-0.000138935
1.8943e-09	-0.000138855
1.89434e-09	-0.000138774
1.89439e-09	-0.000138694
1.89444e-09	-0.000138613
1.89448e-09	-0.000138533
1.89453e-09	-0.000138452
1.89458e-09	-0.000138372
1.89462e-09	-0.000138292
1.89467e-09	-0.000138211
1.89472e-09	-0.000138131
1.89476e-09	-0.00013805
1.89481e-09	-0.00013797
1.89485e-09	-0.000137889
1.8949e-09	-0.000137809
1.89495e-09	-0.000137729
1.89499e-09	-0.000137648
1.89504e-09	-0.000137568
1.89509e-09	-0.000137488
1.89513e-09	-0.000137407
1.89518e-09	-0.000137327
1.89523e-09	-0.000137246
1.89527e-09	-0.000137166
1.89532e-09	-0.000137086
1.89537e-09	-0.000137005
1.89541e-09	-0.000136925
1.89546e-09	-0.000136845
1.8955e-09	-0.000136764
1.89555e-09	-0.000136684
1.8956e-09	-0.000136604
1.89564e-09	-0.000136523
1.89569e-09	-0.000136443
1.89574e-09	-0.000136363
1.89578e-09	-0.000136282
1.89583e-09	-0.000136202
1.89588e-09	-0.000136122
1.89592e-09	-0.000136041
1.89597e-09	-0.000135961
1.89602e-09	-0.000135881
1.89606e-09	-0.0001358
1.89611e-09	-0.00013572
1.89615e-09	-0.00013564
1.8962e-09	-0.00013556
1.89625e-09	-0.000135479
1.89629e-09	-0.000135399
1.89634e-09	-0.000135319
1.89639e-09	-0.000135239
1.89643e-09	-0.000135158
1.89648e-09	-0.000135078
1.89653e-09	-0.000134998
1.89657e-09	-0.000134918
1.89662e-09	-0.000134837
1.89667e-09	-0.000134757
1.89671e-09	-0.000134677
1.89676e-09	-0.000134597
1.8968e-09	-0.000134517
1.89685e-09	-0.000134436
1.8969e-09	-0.000134356
1.89694e-09	-0.000134276
1.89699e-09	-0.000134196
1.89704e-09	-0.000134116
1.89708e-09	-0.000134036
1.89713e-09	-0.000133956
1.89718e-09	-0.000133875
1.89722e-09	-0.000133795
1.89727e-09	-0.000133715
1.89732e-09	-0.000133635
1.89736e-09	-0.000133555
1.89741e-09	-0.000133475
1.89745e-09	-0.000133395
1.8975e-09	-0.000133315
1.89755e-09	-0.000133235
1.89759e-09	-0.000133155
1.89764e-09	-0.000133075
1.89769e-09	-0.000132994
1.89773e-09	-0.000132914
1.89778e-09	-0.000132834
1.89783e-09	-0.000132754
1.89787e-09	-0.000132674
1.89792e-09	-0.000132594
1.89796e-09	-0.000132514
1.89801e-09	-0.000132434
1.89806e-09	-0.000132354
1.8981e-09	-0.000132274
1.89815e-09	-0.000132194
1.8982e-09	-0.000132114
1.89824e-09	-0.000132035
1.89829e-09	-0.000131955
1.89834e-09	-0.000131875
1.89838e-09	-0.000131795
1.89843e-09	-0.000131715
1.89848e-09	-0.000131635
1.89852e-09	-0.000131555
1.89857e-09	-0.000131475
1.89861e-09	-0.000131395
1.89866e-09	-0.000131315
1.89871e-09	-0.000131236
1.89875e-09	-0.000131156
1.8988e-09	-0.000131076
1.89885e-09	-0.000130996
1.89889e-09	-0.000130916
1.89894e-09	-0.000130836
1.89899e-09	-0.000130757
1.89903e-09	-0.000130677
1.89908e-09	-0.000130597
1.89913e-09	-0.000130517
1.89917e-09	-0.000130437
1.89922e-09	-0.000130358
1.89926e-09	-0.000130278
1.89931e-09	-0.000130198
1.89936e-09	-0.000130119
1.8994e-09	-0.000130039
1.89945e-09	-0.000129959
1.8995e-09	-0.000129879
1.89954e-09	-0.0001298
1.89959e-09	-0.00012972
1.89964e-09	-0.00012964
1.89968e-09	-0.000129561
1.89973e-09	-0.000129481
1.89978e-09	-0.000129401
1.89982e-09	-0.000129322
1.89987e-09	-0.000129242
1.89991e-09	-0.000129163
1.89996e-09	-0.000129083
1.90001e-09	-0.000129003
1.90005e-09	-0.000128924
1.9001e-09	-0.000128844
1.90015e-09	-0.000128765
1.90019e-09	-0.000128685
1.90024e-09	-0.000128606
1.90029e-09	-0.000128526
1.90033e-09	-0.000128447
1.90038e-09	-0.000128367
1.90043e-09	-0.000128288
1.90047e-09	-0.000128208
1.90052e-09	-0.000128129
1.90056e-09	-0.000128049
1.90061e-09	-0.00012797
1.90066e-09	-0.000127891
1.9007e-09	-0.000127811
1.90075e-09	-0.000127732
1.9008e-09	-0.000127652
1.90084e-09	-0.000127573
1.90089e-09	-0.000127494
1.90094e-09	-0.000127414
1.90098e-09	-0.000127335
1.90103e-09	-0.000127256
1.90107e-09	-0.000127176
1.90112e-09	-0.000127097
1.90117e-09	-0.000127018
1.90121e-09	-0.000126938
1.90126e-09	-0.000126859
1.90131e-09	-0.00012678
1.90135e-09	-0.000126701
1.9014e-09	-0.000126622
1.90145e-09	-0.000126542
1.90149e-09	-0.000126463
1.90154e-09	-0.000126384
1.90159e-09	-0.000126305
1.90163e-09	-0.000126226
1.90168e-09	-0.000126146
1.90172e-09	-0.000126067
1.90177e-09	-0.000125988
1.90182e-09	-0.000125909
1.90186e-09	-0.00012583
1.90191e-09	-0.000125751
1.90196e-09	-0.000125672
1.902e-09	-0.000125593
1.90205e-09	-0.000125514
1.9021e-09	-0.000125435
1.90214e-09	-0.000125356
1.90219e-09	-0.000125277
1.90224e-09	-0.000125198
1.90228e-09	-0.000125119
1.90233e-09	-0.00012504
1.90237e-09	-0.000124961
1.90242e-09	-0.000124882
1.90247e-09	-0.000124803
1.90251e-09	-0.000124724
1.90256e-09	-0.000124645
1.90261e-09	-0.000124566
1.90265e-09	-0.000124487
1.9027e-09	-0.000124408
1.90275e-09	-0.00012433
1.90279e-09	-0.000124251
1.90284e-09	-0.000124172
1.90289e-09	-0.000124093
1.90293e-09	-0.000124014
1.90298e-09	-0.000123936
1.90302e-09	-0.000123857
1.90307e-09	-0.000123778
1.90312e-09	-0.000123699
1.90316e-09	-0.000123621
1.90321e-09	-0.000123542
1.90326e-09	-0.000123463
1.9033e-09	-0.000123385
1.90335e-09	-0.000123306
1.9034e-09	-0.000123227
1.90344e-09	-0.000123149
1.90349e-09	-0.00012307
1.90354e-09	-0.000122992
1.90358e-09	-0.000122913
1.90363e-09	-0.000122834
1.90367e-09	-0.000122756
1.90372e-09	-0.000122677
1.90377e-09	-0.000122599
1.90381e-09	-0.00012252
1.90386e-09	-0.000122442
1.90391e-09	-0.000122363
1.90395e-09	-0.000122285
1.904e-09	-0.000122206
1.90405e-09	-0.000122128
1.90409e-09	-0.00012205
1.90414e-09	-0.000121971
1.90418e-09	-0.000121893
1.90423e-09	-0.000121814
1.90428e-09	-0.000121736
1.90432e-09	-0.000121658
1.90437e-09	-0.000121579
1.90442e-09	-0.000121501
1.90446e-09	-0.000121423
1.90451e-09	-0.000121345
1.90456e-09	-0.000121266
1.9046e-09	-0.000121188
1.90465e-09	-0.00012111
1.9047e-09	-0.000121032
1.90474e-09	-0.000120954
1.90479e-09	-0.000120875
1.90483e-09	-0.000120797
1.90488e-09	-0.000120719
1.90493e-09	-0.000120641
1.90497e-09	-0.000120563
1.90502e-09	-0.000120485
1.90507e-09	-0.000120407
1.90511e-09	-0.000120329
1.90516e-09	-0.000120251
1.90521e-09	-0.000120173
1.90525e-09	-0.000120094
1.9053e-09	-0.000120016
1.90535e-09	-0.000119939
1.90539e-09	-0.000119861
1.90544e-09	-0.000119783
1.90548e-09	-0.000119705
1.90553e-09	-0.000119627
1.90558e-09	-0.000119549
1.90562e-09	-0.000119471
1.90567e-09	-0.000119393
1.90572e-09	-0.000119315
1.90576e-09	-0.000119237
1.90581e-09	-0.00011916
1.90586e-09	-0.000119082
1.9059e-09	-0.000119004
1.90595e-09	-0.000118926
1.906e-09	-0.000118849
1.90604e-09	-0.000118771
1.90609e-09	-0.000118693
1.90613e-09	-0.000118616
1.90618e-09	-0.000118538
1.90623e-09	-0.00011846
1.90627e-09	-0.000118383
1.90632e-09	-0.000118305
1.90637e-09	-0.000118227
1.90641e-09	-0.00011815
1.90646e-09	-0.000118072
1.90651e-09	-0.000117995
1.90655e-09	-0.000117917
1.9066e-09	-0.00011784
1.90665e-09	-0.000117762
1.90669e-09	-0.000117685
1.90674e-09	-0.000117607
1.90678e-09	-0.00011753
1.90683e-09	-0.000117452
1.90688e-09	-0.000117375
1.90692e-09	-0.000117298
1.90697e-09	-0.00011722
1.90702e-09	-0.000117143
1.90706e-09	-0.000117066
1.90711e-09	-0.000116988
1.90716e-09	-0.000116911
1.9072e-09	-0.000116834
1.90725e-09	-0.000116756
1.90729e-09	-0.000116679
1.90734e-09	-0.000116602
1.90739e-09	-0.000116525
1.90743e-09	-0.000116448
1.90748e-09	-0.000116371
1.90753e-09	-0.000116293
1.90757e-09	-0.000116216
1.90762e-09	-0.000116139
1.90767e-09	-0.000116062
1.90771e-09	-0.000115985
1.90776e-09	-0.000115908
1.90781e-09	-0.000115831
1.90785e-09	-0.000115754
1.9079e-09	-0.000115677
1.90794e-09	-0.0001156
1.90799e-09	-0.000115523
1.90804e-09	-0.000115446
1.90808e-09	-0.000115369
1.90813e-09	-0.000115292
1.90818e-09	-0.000115215
1.90822e-09	-0.000115139
1.90827e-09	-0.000115062
1.90832e-09	-0.000114985
1.90836e-09	-0.000114908
1.90841e-09	-0.000114831
1.90846e-09	-0.000114755
1.9085e-09	-0.000114678
1.90855e-09	-0.000114601
1.90859e-09	-0.000114524
1.90864e-09	-0.000114448
1.90869e-09	-0.000114371
1.90873e-09	-0.000114294
1.90878e-09	-0.000114218
1.90883e-09	-0.000114141
1.90887e-09	-0.000114065
1.90892e-09	-0.000113988
1.90897e-09	-0.000113912
1.90901e-09	-0.000113835
1.90906e-09	-0.000113759
1.90911e-09	-0.000113682
1.90915e-09	-0.000113606
1.9092e-09	-0.000113529
1.90924e-09	-0.000113453
1.90929e-09	-0.000113376
1.90934e-09	-0.0001133
1.90938e-09	-0.000113224
1.90943e-09	-0.000113147
1.90948e-09	-0.000113071
1.90952e-09	-0.000112995
1.90957e-09	-0.000112918
1.90962e-09	-0.000112842
1.90966e-09	-0.000112766
1.90971e-09	-0.00011269
1.90975e-09	-0.000112614
1.9098e-09	-0.000112537
1.90985e-09	-0.000112461
