2.32087e-14	0
6.96262e-14	-0.000112557
1.16044e-13	-0.000112633
1.62461e-13	-0.000112709
2.08879e-13	-0.000112785
2.55296e-13	-0.000112861
3.01714e-13	-0.000112938
3.48131e-13	-0.000113014
3.94549e-13	-0.00011309
4.40966e-13	-0.000113167
4.87384e-13	-0.000113243
5.33801e-13	-0.000113319
5.80219e-13	-0.000113396
6.26636e-13	-0.000113472
6.73054e-13	-0.000113548
7.19471e-13	-0.000113625
7.65889e-13	-0.000113701
8.12306e-13	-0.000113778
8.58724e-13	-0.000113854
9.05141e-13	-0.000113931
9.51559e-13	-0.000114007
9.97976e-13	-0.000114084
1.04439e-12	-0.000114161
1.09081e-12	-0.000114237
1.13723e-12	-0.000114314
1.18365e-12	-0.00011439
1.23006e-12	-0.000114467
1.27648e-12	-0.000114544
1.3229e-12	-0.00011462
1.36932e-12	-0.000114697
1.41573e-12	-0.000114774
1.46215e-12	-0.000114851
1.50857e-12	-0.000114927
1.55499e-12	-0.000115004
1.6014e-12	-0.000115081
1.64782e-12	-0.000115158
1.69424e-12	-0.000115235
1.74066e-12	-0.000115312
1.78707e-12	-0.000115389
1.83349e-12	-0.000115465
1.87991e-12	-0.000115542
1.92633e-12	-0.000115619
1.97274e-12	-0.000115696
2.01916e-12	-0.000115773
2.06558e-12	-0.00011585
2.112e-12	-0.000115927
2.15841e-12	-0.000116004
2.20483e-12	-0.000116081
2.25125e-12	-0.000116159
2.29767e-12	-0.000116236
2.34408e-12	-0.000116313
2.3905e-12	-0.00011639
2.43692e-12	-0.000116467
2.48334e-12	-0.000116544
2.52975e-12	-0.000116621
2.57617e-12	-0.000116699
2.62259e-12	-0.000116776
2.66901e-12	-0.000116853
2.71542e-12	-0.00011693
2.76184e-12	-0.000117008
2.80826e-12	-0.000117085
2.85468e-12	-0.000117162
2.90109e-12	-0.00011724
2.94751e-12	-0.000117317
2.99393e-12	-0.000117395
3.04035e-12	-0.000117472
3.08676e-12	-0.000117549
3.13318e-12	-0.000117627
3.1796e-12	-0.000117704
3.22602e-12	-0.000117782
3.27243e-12	-0.000117859
3.31885e-12	-0.000117937
3.36527e-12	-0.000118014
3.41169e-12	-0.000118092
3.4581e-12	-0.000118169
3.50452e-12	-0.000118247
3.55094e-12	-0.000118325
3.59736e-12	-0.000118402
3.64377e-12	-0.00011848
3.69019e-12	-0.000118557
3.73661e-12	-0.000118635
3.78303e-12	-0.000118713
3.82944e-12	-0.000118791
3.87586e-12	-0.000118868
3.92228e-12	-0.000118946
3.9687e-12	-0.000119024
4.01511e-12	-0.000119102
4.06153e-12	-0.000119179
4.10795e-12	-0.000119257
4.15437e-12	-0.000119335
4.20078e-12	-0.000119413
4.2472e-12	-0.000119491
4.29362e-12	-0.000119569
4.34004e-12	-0.000119646
4.38645e-12	-0.000119724
4.43287e-12	-0.000119802
4.47929e-12	-0.00011988
4.52571e-12	-0.000119958
4.57212e-12	-0.000120036
4.61854e-12	-0.000120114
4.66496e-12	-0.000120192
4.71138e-12	-0.00012027
4.75779e-12	-0.000120348
4.80421e-12	-0.000120426
4.85063e-12	-0.000120504
4.89705e-12	-0.000120582
4.94346e-12	-0.000120661
4.98988e-12	-0.000120739
5.0363e-12	-0.000120817
5.08272e-12	-0.000120895
5.12913e-12	-0.000120973
5.17555e-12	-0.000121051
5.22197e-12	-0.00012113
5.26839e-12	-0.000121208
5.3148e-12	-0.000121286
5.36122e-12	-0.000121364
5.40764e-12	-0.000121443
5.45406e-12	-0.000121521
5.50047e-12	-0.000121599
5.54689e-12	-0.000121678
5.59331e-12	-0.000121756
5.63973e-12	-0.000121834
5.68614e-12	-0.000121913
5.73256e-12	-0.000121991
5.77898e-12	-0.000122069
5.8254e-12	-0.000122148
5.87181e-12	-0.000122226
5.91823e-12	-0.000122305
5.96465e-12	-0.000122383
6.01107e-12	-0.000122462
6.05748e-12	-0.00012254
6.1039e-12	-0.000122619
6.15032e-12	-0.000122697
6.19674e-12	-0.000122776
6.24315e-12	-0.000122854
6.28957e-12	-0.000122933
6.33599e-12	-0.000123011
6.38241e-12	-0.00012309
6.42882e-12	-0.000123169
6.47524e-12	-0.000123247
6.52166e-12	-0.000123326
6.56808e-12	-0.000123405
6.61449e-12	-0.000123483
6.66091e-12	-0.000123562
6.70733e-12	-0.000123641
6.75375e-12	-0.000123719
6.80016e-12	-0.000123798
6.84658e-12	-0.000123877
6.893e-12	-0.000123956
6.93942e-12	-0.000124034
6.98583e-12	-0.000124113
7.03225e-12	-0.000124192
7.07867e-12	-0.000124271
7.12509e-12	-0.00012435
7.1715e-12	-0.000124428
7.21792e-12	-0.000124507
7.26434e-12	-0.000124586
7.31076e-12	-0.000124665
7.35717e-12	-0.000124744
7.40359e-12	-0.000124823
7.45001e-12	-0.000124902
7.49643e-12	-0.000124981
7.54284e-12	-0.00012506
7.58926e-12	-0.000125139
7.63568e-12	-0.000125218
7.6821e-12	-0.000125297
7.72851e-12	-0.000125376
7.77493e-12	-0.000125455
7.82135e-12	-0.000125534
7.86777e-12	-0.000125613
7.91418e-12	-0.000125692
7.9606e-12	-0.000125771
8.00702e-12	-0.00012585
8.05344e-12	-0.000125929
8.09985e-12	-0.000126008
8.14627e-12	-0.000126087
8.19269e-12	-0.000126166
8.23911e-12	-0.000126246
8.28552e-12	-0.000126325
8.33194e-12	-0.000126404
8.37836e-12	-0.000126483
8.42478e-12	-0.000126562
8.47119e-12	-0.000126641
8.51761e-12	-0.000126721
8.56403e-12	-0.0001268
8.61045e-12	-0.000126879
8.65686e-12	-0.000126958
8.70328e-12	-0.000127038
8.7497e-12	-0.000127117
8.79612e-12	-0.000127196
8.84253e-12	-0.000127276
8.88895e-12	-0.000127355
8.93537e-12	-0.000127434
8.98179e-12	-0.000127514
9.0282e-12	-0.000127593
9.07462e-12	-0.000127672
9.12104e-12	-0.000127752
9.16746e-12	-0.000127831
9.21387e-12	-0.000127911
9.26029e-12	-0.00012799
9.30671e-12	-0.000128069
9.35313e-12	-0.000128149
9.39954e-12	-0.000128228
9.44596e-12	-0.000128308
9.49238e-12	-0.000128387
9.5388e-12	-0.000128467
9.58521e-12	-0.000128546
9.63163e-12	-0.000128626
9.67805e-12	-0.000128705
9.72447e-12	-0.000128785
9.77088e-12	-0.000128864
9.8173e-12	-0.000128944
9.86372e-12	-0.000129024
9.91014e-12	-0.000129103
9.95655e-12	-0.000129183
1.0003e-11	-0.000129262
1.00494e-11	-0.000129342
1.00958e-11	-0.000129422
1.01422e-11	-0.000129501
1.01886e-11	-0.000129581
1.02351e-11	-0.00012966
1.02815e-11	-0.00012974
1.03279e-11	-0.00012982
1.03743e-11	-0.0001299
1.04207e-11	-0.000129979
1.04671e-11	-0.000130059
1.05136e-11	-0.000130139
1.056e-11	-0.000130218
1.06064e-11	-0.000130298
1.06528e-11	-0.000130378
1.06992e-11	-0.000130458
1.07456e-11	-0.000130537
1.07921e-11	-0.000130617
1.08385e-11	-0.000130697
1.08849e-11	-0.000130777
1.09313e-11	-0.000130857
1.09777e-11	-0.000130936
1.10242e-11	-0.000131016
1.10706e-11	-0.000131096
1.1117e-11	-0.000131176
1.11634e-11	-0.000131256
1.12098e-11	-0.000131336
1.12562e-11	-0.000131415
1.13027e-11	-0.000131495
1.13491e-11	-0.000131575
1.13955e-11	-0.000131655
1.14419e-11	-0.000131735
1.14883e-11	-0.000131815
1.15347e-11	-0.000131895
1.15812e-11	-0.000131975
1.16276e-11	-0.000132055
1.1674e-11	-0.000132135
1.17204e-11	-0.000132215
1.17668e-11	-0.000132295
1.18133e-11	-0.000132375
1.18597e-11	-0.000132455
1.19061e-11	-0.000132535
1.19525e-11	-0.000132615
1.19989e-11	-0.000132695
1.20453e-11	-0.000132775
1.20918e-11	-0.000132855
1.21382e-11	-0.000132935
1.21846e-11	-0.000133015
1.2231e-11	-0.000133095
1.22774e-11	-0.000133175
1.23238e-11	-0.000133255
1.23703e-11	-0.000133335
1.24167e-11	-0.000133415
1.24631e-11	-0.000133495
1.25095e-11	-0.000133575
1.25559e-11	-0.000133655
1.26023e-11	-0.000133735
1.26488e-11	-0.000133815
1.26952e-11	-0.000133896
1.27416e-11	-0.000133976
1.2788e-11	-0.000134056
1.28344e-11	-0.000134136
1.28809e-11	-0.000134216
1.29273e-11	-0.000134296
1.29737e-11	-0.000134377
1.30201e-11	-0.000134457
1.30665e-11	-0.000134537
1.31129e-11	-0.000134617
1.31594e-11	-0.000134697
1.32058e-11	-0.000134777
1.32522e-11	-0.000134858
1.32986e-11	-0.000134938
1.3345e-11	-0.000135018
1.33914e-11	-0.000135098
1.34379e-11	-0.000135179
1.34843e-11	-0.000135259
1.35307e-11	-0.000135339
1.35771e-11	-0.000135419
1.36235e-11	-0.0001355
1.367e-11	-0.00013558
1.37164e-11	-0.00013566
1.37628e-11	-0.00013574
1.38092e-11	-0.000135821
1.38556e-11	-0.000135901
1.3902e-11	-0.000135981
1.39485e-11	-0.000136062
1.39949e-11	-0.000136142
1.40413e-11	-0.000136222
1.40877e-11	-0.000136302
1.41341e-11	-0.000136383
1.41805e-11	-0.000136463
1.4227e-11	-0.000136543
1.42734e-11	-0.000136624
1.43198e-11	-0.000136704
1.43662e-11	-0.000136784
1.44126e-11	-0.000136865
1.4459e-11	-0.000136945
1.45055e-11	-0.000137026
1.45519e-11	-0.000137106
1.45983e-11	-0.000137186
1.46447e-11	-0.000137267
1.46911e-11	-0.000137347
1.47376e-11	-0.000137427
1.4784e-11	-0.000137508
1.48304e-11	-0.000137588
1.48768e-11	-0.000137669
1.49232e-11	-0.000137749
1.49696e-11	-0.000137829
1.50161e-11	-0.00013791
1.50625e-11	-0.00013799
1.51089e-11	-0.000138071
1.51553e-11	-0.000138151
1.52017e-11	-0.000138231
1.52481e-11	-0.000138312
1.52946e-11	-0.000138392
1.5341e-11	-0.000138473
1.53874e-11	-0.000138553
1.54338e-11	-0.000138634
1.54802e-11	-0.000138714
1.55267e-11	-0.000138795
1.55731e-11	-0.000138875
1.56195e-11	-0.000138955
1.56659e-11	-0.000139036
1.57123e-11	-0.000139116
1.57587e-11	-0.000139197
1.58052e-11	-0.000139277
1.58516e-11	-0.000139358
1.5898e-11	-0.000139438
1.59444e-11	-0.000139519
1.59908e-11	-0.000139599
1.60372e-11	-0.00013968
1.60837e-11	-0.00013976
1.61301e-11	-0.000139841
1.61765e-11	-0.000139921
1.62229e-11	-0.000140002
1.62693e-11	-0.000140082
1.63157e-11	-0.000140163
1.63622e-11	-0.000140243
1.64086e-11	-0.000140324
1.6455e-11	-0.000140404
1.65014e-11	-0.000140485
1.65478e-11	-0.000140565
1.65943e-11	-0.000140646
1.66407e-11	-0.000140726
1.66871e-11	-0.000140807
1.67335e-11	-0.000140887
1.67799e-11	-0.000140968
1.68263e-11	-0.000141048
1.68728e-11	-0.000141129
1.69192e-11	-0.000141209
1.69656e-11	-0.00014129
1.7012e-11	-0.00014137
1.70584e-11	-0.000141451
1.71048e-11	-0.000141531
1.71513e-11	-0.000141612
1.71977e-11	-0.000141692
1.72441e-11	-0.000141773
1.72905e-11	-0.000141853
1.73369e-11	-0.000141934
1.73834e-11	-0.000142014
1.74298e-11	-0.000142095
1.74762e-11	-0.000142175
1.75226e-11	-0.000142256
1.7569e-11	-0.000142336
1.76154e-11	-0.000142417
1.76619e-11	-0.000142497
1.77083e-11	-0.000142578
1.77547e-11	-0.000142658
1.78011e-11	-0.000142739
1.78475e-11	-0.000142819
1.78939e-11	-0.0001429
1.79404e-11	-0.000142981
1.79868e-11	-0.000143061
1.80332e-11	-0.000143142
1.80796e-11	-0.000143222
1.8126e-11	-0.000143303
1.81724e-11	-0.000143383
1.82189e-11	-0.000143464
1.82653e-11	-0.000143544
1.83117e-11	-0.000143625
1.83581e-11	-0.000143705
1.84045e-11	-0.000143786
1.8451e-11	-0.000143866
1.84974e-11	-0.000143947
1.85438e-11	-0.000144027
1.85902e-11	-0.000144108
1.86366e-11	-0.000144188
1.8683e-11	-0.000144269
1.87295e-11	-0.000144349
1.87759e-11	-0.00014443
1.88223e-11	-0.00014451
1.88687e-11	-0.000144591
1.89151e-11	-0.000144671
1.89615e-11	-0.000144752
1.9008e-11	-0.000144832
1.90544e-11	-0.000144913
1.91008e-11	-0.000144993
1.91472e-11	-0.000145074
1.91936e-11	-0.000145154
1.92401e-11	-0.000145235
1.92865e-11	-0.000145315
1.93329e-11	-0.000145395
1.93793e-11	-0.000145476
1.94257e-11	-0.000145556
1.94721e-11	-0.000145637
1.95186e-11	-0.000145717
1.9565e-11	-0.000145798
1.96114e-11	-0.000145878
1.96578e-11	-0.000145959
1.97042e-11	-0.000146039
1.97506e-11	-0.00014612
1.97971e-11	-0.0001462
1.98435e-11	-0.00014628
1.98899e-11	-0.000146361
1.99363e-11	-0.000146441
1.99827e-11	-0.000146522
2.00291e-11	-0.000146602
2.00756e-11	-0.000146683
2.0122e-11	-0.000146763
2.01684e-11	-0.000146843
2.02148e-11	-0.000146924
2.02612e-11	-0.000147004
2.03077e-11	-0.000147085
2.03541e-11	-0.000147165
2.04005e-11	-0.000147245
2.04469e-11	-0.000147326
2.04933e-11	-0.000147406
2.05397e-11	-0.000147486
2.05862e-11	-0.000147567
2.06326e-11	-0.000147647
2.0679e-11	-0.000147727
2.07254e-11	-0.000147808
2.07718e-11	-0.000147888
2.08182e-11	-0.000147969
2.08647e-11	-0.000148049
2.09111e-11	-0.000148129
2.09575e-11	-0.000148209
2.10039e-11	-0.00014829
2.10503e-11	-0.00014837
2.10968e-11	-0.00014845
2.11432e-11	-0.000148531
2.11896e-11	-0.000148611
2.1236e-11	-0.000148691
2.12824e-11	-0.000148772
2.13288e-11	-0.000148852
2.13753e-11	-0.000148932
2.14217e-11	-0.000149012
2.14681e-11	-0.000149093
2.15145e-11	-0.000149173
2.15609e-11	-0.000149253
2.16073e-11	-0.000149333
2.16538e-11	-0.000149414
2.17002e-11	-0.000149494
2.17466e-11	-0.000149574
2.1793e-11	-0.000149654
2.18394e-11	-0.000149734
2.18858e-11	-0.000149815
2.19323e-11	-0.000149895
2.19787e-11	-0.000149975
2.20251e-11	-0.000150055
2.20715e-11	-0.000150135
2.21179e-11	-0.000150215
2.21644e-11	-0.000150295
2.22108e-11	-0.000150376
2.22572e-11	-0.000150456
2.23036e-11	-0.000150536
2.235e-11	-0.000150616
2.23964e-11	-0.000150696
2.24429e-11	-0.000150776
2.24893e-11	-0.000150856
2.25357e-11	-0.000150936
2.25821e-11	-0.000151016
2.26285e-11	-0.000151096
2.26749e-11	-0.000151177
2.27214e-11	-0.000151257
2.27678e-11	-0.000151337
2.28142e-11	-0.000151417
2.28606e-11	-0.000151497
2.2907e-11	-0.000151577
2.29535e-11	-0.000151657
2.29999e-11	-0.000151737
2.30463e-11	-0.000151817
2.30927e-11	-0.000151897
2.31391e-11	-0.000151977
2.31855e-11	-0.000152056
2.3232e-11	-0.000152136
2.32784e-11	-0.000152216
2.33248e-11	-0.000152296
2.33712e-11	-0.000152376
2.34176e-11	-0.000152456
2.3464e-11	-0.000152536
2.35105e-11	-0.000152616
2.35569e-11	-0.000152696
2.36033e-11	-0.000152776
2.36497e-11	-0.000152855
2.36961e-11	-0.000152935
2.37425e-11	-0.000153015
2.3789e-11	-0.000153095
2.38354e-11	-0.000153175
2.38818e-11	-0.000153254
2.39282e-11	-0.000153334
2.39746e-11	-0.000153414
2.40211e-11	-0.000153494
2.40675e-11	-0.000153573
2.41139e-11	-0.000153653
2.41603e-11	-0.000153733
2.42067e-11	-0.000153813
2.42531e-11	-0.000153892
2.42996e-11	-0.000153972
2.4346e-11	-0.000154052
2.43924e-11	-0.000154131
2.44388e-11	-0.000154211
2.44852e-11	-0.000154291
2.45316e-11	-0.00015437
2.45781e-11	-0.00015445
2.46245e-11	-0.000154529
2.46709e-11	-0.000154609
2.47173e-11	-0.000154689
2.47637e-11	-0.000154768
2.48102e-11	-0.000154848
2.48566e-11	-0.000154927
2.4903e-11	-0.000155007
2.49494e-11	-0.000155086
2.49958e-11	-0.000155166
2.50422e-11	-0.000155245
2.50887e-11	-0.000155325
2.51351e-11	-0.000155404
2.51815e-11	-0.000155484
2.52279e-11	-0.000155563
2.52743e-11	-0.000155642
2.53207e-11	-0.000155722
2.53672e-11	-0.000155801
2.54136e-11	-0.000155881
2.546e-11	-0.00015596
2.55064e-11	-0.000156039
2.55528e-11	-0.000156119
2.55992e-11	-0.000156198
2.56457e-11	-0.000156277
2.56921e-11	-0.000156357
2.57385e-11	-0.000156436
2.57849e-11	-0.000156515
2.58313e-11	-0.000156594
2.58778e-11	-0.000156673
2.59242e-11	-0.000156753
2.59706e-11	-0.000156832
2.6017e-11	-0.000156911
2.60634e-11	-0.00015699
2.61098e-11	-0.000157069
2.61563e-11	-0.000157148
2.62027e-11	-0.000157228
2.62491e-11	-0.000157307
2.62955e-11	-0.000157386
2.63419e-11	-0.000157465
2.63883e-11	-0.000157544
2.64348e-11	-0.000157623
2.64812e-11	-0.000157702
2.65276e-11	-0.000157781
2.6574e-11	-0.00015786
2.66204e-11	-0.000157939
2.66669e-11	-0.000158018
2.67133e-11	-0.000158097
2.67597e-11	-0.000158176
2.68061e-11	-0.000158255
2.68525e-11	-0.000158333
2.68989e-11	-0.000158412
2.69454e-11	-0.000158491
2.69918e-11	-0.00015857
2.70382e-11	-0.000158649
2.70846e-11	-0.000158728
2.7131e-11	-0.000158806
2.71774e-11	-0.000158885
2.72239e-11	-0.000158964
2.72703e-11	-0.000159043
2.73167e-11	-0.000159121
2.73631e-11	-0.0001592
2.74095e-11	-0.000159279
2.74559e-11	-0.000159357
2.75024e-11	-0.000159436
2.75488e-11	-0.000159514
2.75952e-11	-0.000159593
2.76416e-11	-0.000159672
2.7688e-11	-0.00015975
2.77345e-11	-0.000159829
2.77809e-11	-0.000159907
2.78273e-11	-0.000159986
2.78737e-11	-0.000160064
2.79201e-11	-0.000160143
2.79665e-11	-0.000160221
2.8013e-11	-0.000160299
2.80594e-11	-0.000160378
2.81058e-11	-0.000160456
2.81522e-11	-0.000160535
2.81986e-11	-0.000160613
2.8245e-11	-0.000160691
2.82915e-11	-0.00016077
2.83379e-11	-0.000160848
2.83843e-11	-0.000160926
2.84307e-11	-0.000161004
2.84771e-11	-0.000161082
2.85236e-11	-0.000161161
2.857e-11	-0.000161239
2.86164e-11	-0.000161317
2.86628e-11	-0.000161395
2.87092e-11	-0.000161473
2.87556e-11	-0.000161551
2.88021e-11	-0.000161629
2.88485e-11	-0.000161707
2.88949e-11	-0.000161785
2.89413e-11	-0.000161863
2.89877e-11	-0.000161941
2.90341e-11	-0.000162019
2.90806e-11	-0.000162097
2.9127e-11	-0.000162175
2.91734e-11	-0.000162253
2.92198e-11	-0.000162331
2.92662e-11	-0.000162409
2.93126e-11	-0.000162487
2.93591e-11	-0.000162564
2.94055e-11	-0.000162642
2.94519e-11	-0.00016272
2.94983e-11	-0.000162798
2.95447e-11	-0.000162875
2.95912e-11	-0.000162953
2.96376e-11	-0.000163031
2.9684e-11	-0.000163108
2.97304e-11	-0.000163186
2.97768e-11	-0.000163263
2.98232e-11	-0.000163341
2.98697e-11	-0.000163419
2.99161e-11	-0.000163496
2.99625e-11	-0.000163574
3.00089e-11	-0.000163651
3.00553e-11	-0.000163728
3.01017e-11	-0.000163806
3.01482e-11	-0.000163883
3.01946e-11	-0.000163961
3.0241e-11	-0.000164038
3.02874e-11	-0.000164115
3.03338e-11	-0.000164193
3.03803e-11	-0.00016427
3.04267e-11	-0.000164347
3.04731e-11	-0.000164424
3.05195e-11	-0.000164501
3.05659e-11	-0.000164579
3.06123e-11	-0.000164656
3.06588e-11	-0.000164733
3.07052e-11	-0.00016481
3.07516e-11	-0.000164887
3.0798e-11	-0.000164964
3.08444e-11	-0.000165041
3.08908e-11	-0.000165118
3.09373e-11	-0.000165195
3.09837e-11	-0.000165272
3.10301e-11	-0.000165349
3.10765e-11	-0.000165426
3.11229e-11	-0.000165502
3.11693e-11	-0.000165579
3.12158e-11	-0.000165656
3.12622e-11	-0.000165733
3.13086e-11	-0.000165809
3.1355e-11	-0.000165886
3.14014e-11	-0.000165963
3.14479e-11	-0.00016604
3.14943e-11	-0.000166116
3.15407e-11	-0.000166193
3.15871e-11	-0.000166269
3.16335e-11	-0.000166346
3.16799e-11	-0.000166422
3.17264e-11	-0.000166499
3.17728e-11	-0.000166575
3.18192e-11	-0.000166652
3.18656e-11	-0.000166728
3.1912e-11	-0.000166804
3.19584e-11	-0.000166881
3.20049e-11	-0.000166957
3.20513e-11	-0.000167033
3.20977e-11	-0.00016711
3.21441e-11	-0.000167186
3.21905e-11	-0.000167262
3.22369e-11	-0.000167338
3.22834e-11	-0.000167414
3.23298e-11	-0.00016749
3.23762e-11	-0.000167566
3.24226e-11	-0.000167642
3.2469e-11	-0.000167718
3.25155e-11	-0.000167794
3.25619e-11	-0.00016787
3.26083e-11	-0.000167946
3.26547e-11	-0.000168022
3.27011e-11	-0.000168098
3.27475e-11	-0.000168174
3.2794e-11	-0.00016825
3.28404e-11	-0.000168325
3.28868e-11	-0.000168401
3.29332e-11	-0.000168477
3.29796e-11	-0.000168552
3.3026e-11	-0.000168628
3.30725e-11	-0.000168704
3.31189e-11	-0.000168779
3.31653e-11	-0.000168855
3.32117e-11	-0.00016893
3.32581e-11	-0.000169006
3.33046e-11	-0.000169081
3.3351e-11	-0.000169157
3.33974e-11	-0.000169232
3.34438e-11	-0.000169307
3.34902e-11	-0.000169383
3.35366e-11	-0.000169458
3.35831e-11	-0.000169533
3.36295e-11	-0.000169608
3.36759e-11	-0.000169683
3.37223e-11	-0.000169759
3.37687e-11	-0.000169834
3.38151e-11	-0.000169909
3.38616e-11	-0.000169984
3.3908e-11	-0.000170059
3.39544e-11	-0.000170134
3.40008e-11	-0.000170209
3.40472e-11	-0.000170284
3.40936e-11	-0.000170358
3.41401e-11	-0.000170433
3.41865e-11	-0.000170508
3.42329e-11	-0.000170583
3.42793e-11	-0.000170658
3.43257e-11	-0.000170732
3.43722e-11	-0.000170807
3.44186e-11	-0.000170882
3.4465e-11	-0.000170956
3.45114e-11	-0.000171031
3.45578e-11	-0.000171105
3.46042e-11	-0.00017118
3.46507e-11	-0.000171254
3.46971e-11	-0.000171328
3.47435e-11	-0.000171403
3.47899e-11	-0.000171477
3.48363e-11	-0.000171551
3.48827e-11	-0.000171626
3.49292e-11	-0.0001717
3.49756e-11	-0.000171774
3.5022e-11	-0.000171848
3.50684e-11	-0.000171922
3.51148e-11	-0.000171996
3.51613e-11	-0.00017207
3.52077e-11	-0.000172144
3.52541e-11	-0.000172218
3.53005e-11	-0.000172292
3.53469e-11	-0.000172366
3.53933e-11	-0.00017244
3.54398e-11	-0.000172514
3.54862e-11	-0.000172588
3.55326e-11	-0.000172661
3.5579e-11	-0.000172735
3.56254e-11	-0.000172809
3.56718e-11	-0.000172882
3.57183e-11	-0.000172956
3.57647e-11	-0.000173029
3.58111e-11	-0.000173103
3.58575e-11	-0.000173176
3.59039e-11	-0.00017325
3.59503e-11	-0.000173323
3.59968e-11	-0.000173396
3.60432e-11	-0.00017347
3.60896e-11	-0.000173543
3.6136e-11	-0.000173616
3.61824e-11	-0.000173689
3.62289e-11	-0.000173762
3.62753e-11	-0.000173836
3.63217e-11	-0.000173909
3.63681e-11	-0.000173982
3.64145e-11	-0.000174055
3.64609e-11	-0.000174127
3.65074e-11	-0.0001742
3.65538e-11	-0.000174273
3.66002e-11	-0.000174346
3.66466e-11	-0.000174419
3.6693e-11	-0.000174491
3.67394e-11	-0.000174564
3.67859e-11	-0.000174637
3.68323e-11	-0.000174709
3.68787e-11	-0.000174782
3.69251e-11	-0.000174854
3.69715e-11	-0.000174927
3.7018e-11	-0.000174999
3.70644e-11	-0.000175072
3.71108e-11	-0.000175144
3.71572e-11	-0.000175216
3.72036e-11	-0.000175289
3.725e-11	-0.000175361
3.72965e-11	-0.000175433
3.73429e-11	-0.000175505
3.73893e-11	-0.000175577
3.74357e-11	-0.000175649
3.74821e-11	-0.000175721
3.75285e-11	-0.000175793
3.7575e-11	-0.000175865
3.76214e-11	-0.000175937
3.76678e-11	-0.000176009
3.77142e-11	-0.00017608
3.77606e-11	-0.000176152
3.7807e-11	-0.000176224
3.78535e-11	-0.000176295
3.78999e-11	-0.000176367
3.79463e-11	-0.000176438
3.79927e-11	-0.00017651
3.80391e-11	-0.000176581
3.80856e-11	-0.000176653
3.8132e-11	-0.000176724
3.81784e-11	-0.000176795
3.82248e-11	-0.000176867
3.82712e-11	-0.000176938
3.83176e-11	-0.000177009
3.83641e-11	-0.00017708
3.84105e-11	-0.000177151
3.84569e-11	-0.000177222
3.85033e-11	-0.000177293
3.85497e-11	-0.000177364
3.85961e-11	-0.000177435
3.86426e-11	-0.000177506
3.8689e-11	-0.000177577
3.87354e-11	-0.000177647
3.87818e-11	-0.000177718
3.88282e-11	-0.000177789
3.88747e-11	-0.000177859
3.89211e-11	-0.00017793
3.89675e-11	-0.000178
3.90139e-11	-0.000178071
3.90603e-11	-0.000178141
3.91067e-11	-0.000178212
3.91532e-11	-0.000178282
3.91996e-11	-0.000178352
3.9246e-11	-0.000178422
3.92924e-11	-0.000178493
3.93388e-11	-0.000178563
3.93852e-11	-0.000178633
3.94317e-11	-0.000178703
3.94781e-11	-0.000178773
3.95245e-11	-0.000178843
3.95709e-11	-0.000178912
3.96173e-11	-0.000178982
3.96637e-11	-0.000179052
3.97102e-11	-0.000179122
3.97566e-11	-0.000179191
3.9803e-11	-0.000179261
3.98494e-11	-0.000179331
3.98958e-11	-0.0001794
3.99423e-11	-0.000179469
3.99887e-11	-0.000179539
4.00351e-11	-0.000179608
4.00815e-11	-0.000179677
4.01279e-11	-0.000179747
4.01743e-11	-0.000179816
4.02208e-11	-0.000179885
4.02672e-11	-0.000179954
4.03136e-11	-0.000180023
4.036e-11	-0.000180092
4.04064e-11	-0.000180161
4.04528e-11	-0.00018023
4.04993e-11	-0.000180299
4.05457e-11	-0.000180367
4.05921e-11	-0.000180436
4.06385e-11	-0.000180505
4.06849e-11	-0.000180573
4.07314e-11	-0.000180642
4.07778e-11	-0.00018071
4.08242e-11	-0.000180779
4.08706e-11	-0.000180847
4.0917e-11	-0.000180916
4.09634e-11	-0.000180984
4.10099e-11	-0.000181052
4.10563e-11	-0.00018112
4.11027e-11	-0.000181188
4.11491e-11	-0.000181256
4.11955e-11	-0.000181324
4.12419e-11	-0.000181392
4.12884e-11	-0.00018146
4.13348e-11	-0.000181528
4.13812e-11	-0.000181596
4.14276e-11	-0.000181664
4.1474e-11	-0.000181731
4.15204e-11	-0.000181799
4.15669e-11	-0.000181866
4.16133e-11	-0.000181934
4.16597e-11	-0.000182001
4.17061e-11	-0.000182069
4.17525e-11	-0.000182136
4.1799e-11	-0.000182203
4.18454e-11	-0.000182271
4.18918e-11	-0.000182338
4.19382e-11	-0.000182405
4.19846e-11	-0.000182472
4.2031e-11	-0.000182539
4.20775e-11	-0.000182606
4.21239e-11	-0.000182673
4.21703e-11	-0.000182739
4.22167e-11	-0.000182806
4.22631e-11	-0.000182873
4.23095e-11	-0.000182939
4.2356e-11	-0.000183006
4.24024e-11	-0.000183072
4.24488e-11	-0.000183139
4.24952e-11	-0.000183205
4.25416e-11	-0.000183272
4.25881e-11	-0.000183338
4.26345e-11	-0.000183404
4.26809e-11	-0.00018347
4.27273e-11	-0.000183536
4.27737e-11	-0.000183602
4.28201e-11	-0.000183668
4.28666e-11	-0.000183734
4.2913e-11	-0.0001838
4.29594e-11	-0.000183866
4.30058e-11	-0.000183931
4.30522e-11	-0.000183997
4.30986e-11	-0.000184063
4.31451e-11	-0.000184128
4.31915e-11	-0.000184194
4.32379e-11	-0.000184259
4.32843e-11	-0.000184324
4.33307e-11	-0.00018439
4.33771e-11	-0.000184455
4.34236e-11	-0.00018452
4.347e-11	-0.000184585
4.35164e-11	-0.00018465
4.35628e-11	-0.000184715
4.36092e-11	-0.00018478
4.36557e-11	-0.000184845
4.37021e-11	-0.00018491
4.37485e-11	-0.000184974
4.37949e-11	-0.000185039
4.38413e-11	-0.000185104
4.38877e-11	-0.000185168
4.39342e-11	-0.000185233
4.39806e-11	-0.000185297
4.4027e-11	-0.000185361
4.40734e-11	-0.000185426
4.41198e-11	-0.00018549
4.41662e-11	-0.000185554
4.42127e-11	-0.000185618
4.42591e-11	-0.000185682
4.43055e-11	-0.000185746
4.43519e-11	-0.00018581
4.43983e-11	-0.000185873
4.44448e-11	-0.000185937
4.44912e-11	-0.000186001
4.45376e-11	-0.000186064
4.4584e-11	-0.000186128
4.46304e-11	-0.000186191
4.46768e-11	-0.000186255
4.47233e-11	-0.000186318
4.47697e-11	-0.000186381
4.48161e-11	-0.000186445
4.48625e-11	-0.000186508
4.49089e-11	-0.000186571
4.49553e-11	-0.000186634
4.50018e-11	-0.000186697
4.50482e-11	-0.00018676
4.50946e-11	-0.000186822
4.5141e-11	-0.000186885
4.51874e-11	-0.000186948
4.52338e-11	-0.00018701
4.52803e-11	-0.000187073
4.53267e-11	-0.000187135
4.53731e-11	-0.000187198
4.54195e-11	-0.00018726
4.54659e-11	-0.000187322
4.55124e-11	-0.000187384
4.55588e-11	-0.000187446
4.56052e-11	-0.000187508
4.56516e-11	-0.00018757
4.5698e-11	-0.000187632
4.57444e-11	-0.000187694
4.57909e-11	-0.000187756
4.58373e-11	-0.000187817
4.58837e-11	-0.000187879
4.59301e-11	-0.00018794
4.59765e-11	-0.000188002
4.60229e-11	-0.000188063
4.60694e-11	-0.000188124
4.61158e-11	-0.000188186
4.61622e-11	-0.000188247
4.62086e-11	-0.000188308
4.6255e-11	-0.000188369
4.63015e-11	-0.00018843
4.63479e-11	-0.000188491
4.63943e-11	-0.000188552
4.64407e-11	-0.000188612
4.64871e-11	-0.000188673
4.65335e-11	-0.000188733
4.658e-11	-0.000188794
4.66264e-11	-0.000188854
4.66728e-11	-0.000188915
4.67192e-11	-0.000188975
4.67656e-11	-0.000189035
4.6812e-11	-0.000189095
4.68585e-11	-0.000189155
4.69049e-11	-0.000189215
4.69513e-11	-0.000189275
4.69977e-11	-0.000189335
4.70441e-11	-0.000189395
4.70905e-11	-0.000189454
4.7137e-11	-0.000189514
4.71834e-11	-0.000189574
4.72298e-11	-0.000189633
4.72762e-11	-0.000189692
4.73226e-11	-0.000189752
4.73691e-11	-0.000189811
4.74155e-11	-0.00018987
4.74619e-11	-0.000189929
4.75083e-11	-0.000189988
4.75547e-11	-0.000190047
4.76011e-11	-0.000190106
4.76476e-11	-0.000190164
4.7694e-11	-0.000190223
4.77404e-11	-0.000190282
4.77868e-11	-0.00019034
4.78332e-11	-0.000190399
4.78796e-11	-0.000190457
4.79261e-11	-0.000190515
4.79725e-11	-0.000190573
4.80189e-11	-0.000190631
4.80653e-11	-0.00019069
4.81117e-11	-0.000190747
4.81582e-11	-0.000190805
4.82046e-11	-0.000190863
4.8251e-11	-0.000190921
4.82974e-11	-0.000190978
4.83438e-11	-0.000191036
4.83902e-11	-0.000191093
4.84367e-11	-0.000191151
4.84831e-11	-0.000191208
4.85295e-11	-0.000191265
4.85759e-11	-0.000191322
4.86223e-11	-0.00019138
4.86687e-11	-0.000191437
4.87152e-11	-0.000191493
4.87616e-11	-0.00019155
4.8808e-11	-0.000191607
4.88544e-11	-0.000191664
4.89008e-11	-0.00019172
4.89472e-11	-0.000191777
4.89937e-11	-0.000191833
4.90401e-11	-0.000191889
4.90865e-11	-0.000191946
4.91329e-11	-0.000192002
4.91793e-11	-0.000192058
4.92258e-11	-0.000192114
4.92722e-11	-0.00019217
4.93186e-11	-0.000192225
4.9365e-11	-0.000192281
4.94114e-11	-0.000192337
4.94578e-11	-0.000192392
4.95043e-11	-0.000192448
4.95507e-11	-0.000192503
4.95971e-11	-0.000192559
4.96435e-11	-0.000192614
4.96899e-11	-0.000192669
4.97363e-11	-0.000192724
4.97828e-11	-0.000192779
4.98292e-11	-0.000192834
4.98756e-11	-0.000192888
4.9922e-11	-0.000192943
4.99684e-11	-0.000192998
5.00149e-11	-0.000193052
5.00613e-11	-0.000193107
5.01077e-11	-0.000193161
5.01541e-11	-0.000193215
5.02005e-11	-0.000193269
5.02469e-11	-0.000193324
5.02934e-11	-0.000193378
5.03398e-11	-0.000193431
5.03862e-11	-0.000193485
5.04326e-11	-0.000193539
5.0479e-11	-0.000193593
5.05254e-11	-0.000193646
5.05719e-11	-0.0001937
5.06183e-11	-0.000193753
5.06647e-11	-0.000193806
5.07111e-11	-0.000193859
5.07575e-11	-0.000193913
5.08039e-11	-0.000193966
5.08504e-11	-0.000194018
5.08968e-11	-0.000194071
5.09432e-11	-0.000194124
5.09896e-11	-0.000194177
5.1036e-11	-0.000194229
5.10825e-11	-0.000194282
5.11289e-11	-0.000194334
5.11753e-11	-0.000194386
5.12217e-11	-0.000194438
5.12681e-11	-0.000194491
5.13145e-11	-0.000194543
5.1361e-11	-0.000194594
5.14074e-11	-0.000194646
5.14538e-11	-0.000194698
5.15002e-11	-0.00019475
5.15466e-11	-0.000194801
5.1593e-11	-0.000194853
5.16395e-11	-0.000194904
5.16859e-11	-0.000194955
5.17323e-11	-0.000195006
5.17787e-11	-0.000195057
5.18251e-11	-0.000195108
5.18716e-11	-0.000195159
5.1918e-11	-0.00019521
5.19644e-11	-0.000195261
5.20108e-11	-0.000195311
5.20572e-11	-0.000195362
5.21036e-11	-0.000195412
5.21501e-11	-0.000195462
5.21965e-11	-0.000195513
5.22429e-11	-0.000195563
5.22893e-11	-0.000195613
5.23357e-11	-0.000195663
5.23821e-11	-0.000195712
5.24286e-11	-0.000195762
5.2475e-11	-0.000195812
5.25214e-11	-0.000195861
5.25678e-11	-0.000195911
5.26142e-11	-0.00019596
5.26606e-11	-0.000196009
5.27071e-11	-0.000196058
5.27535e-11	-0.000196107
5.27999e-11	-0.000196156
5.28463e-11	-0.000196205
5.28927e-11	-0.000196254
5.29392e-11	-0.000196302
5.29856e-11	-0.000196351
5.3032e-11	-0.000196399
5.30784e-11	-0.000196448
5.31248e-11	-0.000196496
5.31712e-11	-0.000196544
5.32177e-11	-0.000196592
5.32641e-11	-0.00019664
5.33105e-11	-0.000196688
5.33569e-11	-0.000196736
5.34033e-11	-0.000196783
5.34497e-11	-0.000196831
5.34962e-11	-0.000196878
5.35426e-11	-0.000196925
5.3589e-11	-0.000196973
5.36354e-11	-0.00019702
5.36818e-11	-0.000197067
5.37282e-11	-0.000197114
5.37747e-11	-0.000197161
5.38211e-11	-0.000197207
5.38675e-11	-0.000197254
5.39139e-11	-0.0001973
5.39603e-11	-0.000197347
5.40068e-11	-0.000197393
5.40532e-11	-0.000197439
5.40996e-11	-0.000197485
5.4146e-11	-0.000197531
5.41924e-11	-0.000197577
5.42388e-11	-0.000197623
5.42853e-11	-0.000197669
5.43317e-11	-0.000197714
5.43781e-11	-0.00019776
5.44245e-11	-0.000197805
5.44709e-11	-0.00019785
5.45173e-11	-0.000197895
5.45638e-11	-0.00019794
5.46102e-11	-0.000197985
5.46566e-11	-0.00019803
5.4703e-11	-0.000198075
5.47494e-11	-0.000198119
5.47959e-11	-0.000198164
5.48423e-11	-0.000198208
5.48887e-11	-0.000198252
5.49351e-11	-0.000198297
5.49815e-11	-0.000198341
5.50279e-11	-0.000198385
5.50744e-11	-0.000198428
5.51208e-11	-0.000198472
5.51672e-11	-0.000198516
5.52136e-11	-0.000198559
5.526e-11	-0.000198603
5.53064e-11	-0.000198646
5.53529e-11	-0.000198689
5.53993e-11	-0.000198732
5.54457e-11	-0.000198775
5.54921e-11	-0.000198818
5.55385e-11	-0.000198861
5.55849e-11	-0.000198903
5.56314e-11	-0.000198946
5.56778e-11	-0.000198988
5.57242e-11	-0.00019903
5.57706e-11	-0.000199073
5.5817e-11	-0.000199115
5.58635e-11	-0.000199157
5.59099e-11	-0.000199198
5.59563e-11	-0.00019924
5.60027e-11	-0.000199282
5.60491e-11	-0.000199323
5.60955e-11	-0.000199365
5.6142e-11	-0.000199406
5.61884e-11	-0.000199447
5.62348e-11	-0.000199488
5.62812e-11	-0.000199529
5.63276e-11	-0.00019957
5.6374e-11	-0.000199611
5.64205e-11	-0.000199651
5.64669e-11	-0.000199692
5.65133e-11	-0.000199732
5.65597e-11	-0.000199772
5.66061e-11	-0.000199812
5.66526e-11	-0.000199852
5.6699e-11	-0.000199892
5.67454e-11	-0.000199932
5.67918e-11	-0.000199972
5.68382e-11	-0.000200011
5.68846e-11	-0.000200051
5.69311e-11	-0.00020009
5.69775e-11	-0.000200129
5.70239e-11	-0.000200168
5.70703e-11	-0.000200207
5.71167e-11	-0.000200246
5.71631e-11	-0.000200285
5.72096e-11	-0.000200323
5.7256e-11	-0.000200362
5.73024e-11	-0.0002004
5.73488e-11	-0.000200438
5.73952e-11	-0.000200476
5.74416e-11	-0.000200514
5.74881e-11	-0.000200552
5.75345e-11	-0.00020059
5.75809e-11	-0.000200628
5.76273e-11	-0.000200665
5.76737e-11	-0.000200703
5.77202e-11	-0.00020074
5.77666e-11	-0.000200777
5.7813e-11	-0.000200814
5.78594e-11	-0.000200851
5.79058e-11	-0.000200888
5.79522e-11	-0.000200924
5.79987e-11	-0.000200961
5.80451e-11	-0.000200997
5.80915e-11	-0.000201034
5.81379e-11	-0.00020107
5.81843e-11	-0.000201106
5.82307e-11	-0.000201142
5.82772e-11	-0.000201178
5.83236e-11	-0.000201213
5.837e-11	-0.000201249
5.84164e-11	-0.000201284
5.84628e-11	-0.00020132
5.85093e-11	-0.000201355
5.85557e-11	-0.00020139
5.86021e-11	-0.000201425
5.86485e-11	-0.00020146
5.86949e-11	-0.000201494
5.87413e-11	-0.000201529
5.87878e-11	-0.000201563
5.88342e-11	-0.000201597
5.88806e-11	-0.000201632
5.8927e-11	-0.000201666
5.89734e-11	-0.0002017
5.90198e-11	-0.000201733
5.90663e-11	-0.000201767
5.91127e-11	-0.000201801
5.91591e-11	-0.000201834
5.92055e-11	-0.000201867
5.92519e-11	-0.0002019
5.92983e-11	-0.000201933
5.93448e-11	-0.000201966
5.93912e-11	-0.000201999
5.94376e-11	-0.000202032
5.9484e-11	-0.000202064
5.95304e-11	-0.000202097
5.95769e-11	-0.000202129
5.96233e-11	-0.000202161
5.96697e-11	-0.000202193
5.97161e-11	-0.000202225
5.97625e-11	-0.000202256
5.98089e-11	-0.000202288
5.98554e-11	-0.000202319
5.99018e-11	-0.000202351
5.99482e-11	-0.000202382
5.99946e-11	-0.000202413
6.0041e-11	-0.000202444
6.00874e-11	-0.000202475
6.01339e-11	-0.000202505
6.01803e-11	-0.000202536
6.02267e-11	-0.000202566
6.02731e-11	-0.000202597
6.03195e-11	-0.000202627
6.0366e-11	-0.000202657
6.04124e-11	-0.000202687
6.04588e-11	-0.000202716
6.05052e-11	-0.000202746
6.05516e-11	-0.000202775
6.0598e-11	-0.000202805
6.06445e-11	-0.000202834
6.06909e-11	-0.000202863
6.07373e-11	-0.000202892
6.07837e-11	-0.00020292
6.08301e-11	-0.000202949
6.08765e-11	-0.000202978
6.0923e-11	-0.000203006
6.09694e-11	-0.000203034
6.10158e-11	-0.000203062
6.10622e-11	-0.00020309
6.11086e-11	-0.000203118
6.1155e-11	-0.000203146
6.12015e-11	-0.000203173
6.12479e-11	-0.000203201
6.12943e-11	-0.000203228
6.13407e-11	-0.000203255
6.13871e-11	-0.000203282
6.14336e-11	-0.000203309
6.148e-11	-0.000203335
6.15264e-11	-0.000203362
6.15728e-11	-0.000203388
6.16192e-11	-0.000203415
6.16656e-11	-0.000203441
6.17121e-11	-0.000203467
6.17585e-11	-0.000203493
6.18049e-11	-0.000203518
6.18513e-11	-0.000203544
6.18977e-11	-0.000203569
6.19441e-11	-0.000203595
6.19906e-11	-0.00020362
6.2037e-11	-0.000203645
6.20834e-11	-0.00020367
6.21298e-11	-0.000203694
6.21762e-11	-0.000203719
6.22227e-11	-0.000203743
6.22691e-11	-0.000203768
6.23155e-11	-0.000203792
6.23619e-11	-0.000203816
6.24083e-11	-0.00020384
6.24547e-11	-0.000203863
6.25012e-11	-0.000203887
6.25476e-11	-0.00020391
6.2594e-11	-0.000203934
6.26404e-11	-0.000203957
6.26868e-11	-0.00020398
6.27332e-11	-0.000204002
6.27797e-11	-0.000204025
6.28261e-11	-0.000204048
6.28725e-11	-0.00020407
6.29189e-11	-0.000204092
6.29653e-11	-0.000204114
6.30117e-11	-0.000204136
6.30582e-11	-0.000204158
6.31046e-11	-0.00020418
6.3151e-11	-0.000204201
6.31974e-11	-0.000204223
6.32438e-11	-0.000204244
6.32903e-11	-0.000204265
6.33367e-11	-0.000204286
6.33831e-11	-0.000204306
6.34295e-11	-0.000204327
6.34759e-11	-0.000204347
6.35223e-11	-0.000204368
6.35688e-11	-0.000204388
6.36152e-11	-0.000204408
6.36616e-11	-0.000204428
6.3708e-11	-0.000204447
6.37544e-11	-0.000204467
6.38008e-11	-0.000204486
6.38473e-11	-0.000204506
6.38937e-11	-0.000204525
6.39401e-11	-0.000204544
6.39865e-11	-0.000204562
6.40329e-11	-0.000204581
6.40794e-11	-0.000204599
6.41258e-11	-0.000204618
6.41722e-11	-0.000204636
6.42186e-11	-0.000204654
6.4265e-11	-0.000204672
6.43114e-11	-0.000204689
6.43579e-11	-0.000204707
6.44043e-11	-0.000204724
6.44507e-11	-0.000204742
6.44971e-11	-0.000204759
6.45435e-11	-0.000204775
6.45899e-11	-0.000204792
6.46364e-11	-0.000204809
6.46828e-11	-0.000204825
6.47292e-11	-0.000204842
6.47756e-11	-0.000204858
6.4822e-11	-0.000204874
6.48684e-11	-0.000204889
6.49149e-11	-0.000204905
6.49613e-11	-0.000204921
6.50077e-11	-0.000204936
6.50541e-11	-0.000204951
6.51005e-11	-0.000204966
6.5147e-11	-0.000204981
6.51934e-11	-0.000204996
6.52398e-11	-0.00020501
6.52862e-11	-0.000205025
6.53326e-11	-0.000205039
6.5379e-11	-0.000205053
6.54255e-11	-0.000205067
6.54719e-11	-0.00020508
6.55183e-11	-0.000205094
6.55647e-11	-0.000205107
6.56111e-11	-0.000205121
6.56575e-11	-0.000205134
6.5704e-11	-0.000205147
6.57504e-11	-0.000205159
6.57968e-11	-0.000205172
6.58432e-11	-0.000205184
6.58896e-11	-0.000205197
6.59361e-11	-0.000205209
6.59825e-11	-0.000205221
6.60289e-11	-0.000205232
6.60753e-11	-0.000205244
6.61217e-11	-0.000205255
6.61681e-11	-0.000205267
6.62146e-11	-0.000205278
6.6261e-11	-0.000205289
6.63074e-11	-0.000205299
6.63538e-11	-0.00020531
6.64002e-11	-0.000205321
6.64466e-11	-0.000205331
6.64931e-11	-0.000205341
6.65395e-11	-0.000205351
6.65859e-11	-0.000205361
6.66323e-11	-0.00020537
6.66787e-11	-0.00020538
6.67251e-11	-0.000205389
6.67716e-11	-0.000205398
6.6818e-11	-0.000205407
6.68644e-11	-0.000205416
6.69108e-11	-0.000205424
6.69572e-11	-0.000205433
6.70037e-11	-0.000205441
6.70501e-11	-0.000205449
6.70965e-11	-0.000205457
6.71429e-11	-0.000205465
6.71893e-11	-0.000205472
6.72357e-11	-0.00020548
6.72822e-11	-0.000205487
6.73286e-11	-0.000205494
6.7375e-11	-0.000205501
6.74214e-11	-0.000205507
6.74678e-11	-0.000205514
6.75142e-11	-0.00020552
6.75607e-11	-0.000205526
6.76071e-11	-0.000205532
6.76535e-11	-0.000205538
6.76999e-11	-0.000205544
6.77463e-11	-0.000205549
6.77928e-11	-0.000205555
6.78392e-11	-0.00020556
6.78856e-11	-0.000205565
6.7932e-11	-0.000205569
6.79784e-11	-0.000205574
6.80248e-11	-0.000205578
6.80713e-11	-0.000205583
6.81177e-11	-0.000205587
6.81641e-11	-0.000205591
6.82105e-11	-0.000205594
6.82569e-11	-0.000205598
6.83033e-11	-0.000205601
6.83498e-11	-0.000205604
6.83962e-11	-0.000205607
6.84426e-11	-0.00020561
6.8489e-11	-0.000205613
6.85354e-11	-0.000205615
6.85818e-11	-0.000205618
6.86283e-11	-0.00020562
6.86747e-11	-0.000205622
6.87211e-11	-0.000205623
6.87675e-11	-0.000205625
6.88139e-11	-0.000205626
6.88604e-11	-0.000205628
6.89068e-11	-0.000205629
6.89532e-11	-0.000205629
6.89996e-11	-0.00020563
6.9046e-11	-0.00020563
6.90924e-11	-0.000205631
6.91389e-11	-0.000205631
6.91853e-11	-0.000205631
6.92317e-11	-0.000205631
6.92781e-11	-0.00020563
6.93245e-11	-0.000205629
6.93709e-11	-0.000205629
6.94174e-11	-0.000205628
6.94638e-11	-0.000205626
6.95102e-11	-0.000205625
6.95566e-11	-0.000205623
6.9603e-11	-0.000205622
6.96495e-11	-0.00020562
6.96959e-11	-0.000205618
6.97423e-11	-0.000205615
6.97887e-11	-0.000205613
6.98351e-11	-0.00020561
6.98815e-11	-0.000205607
6.9928e-11	-0.000205604
6.99744e-11	-0.000205601
7.00208e-11	-0.000205598
7.00672e-11	-0.000205594
7.01136e-11	-0.00020559
7.016e-11	-0.000205586
7.02065e-11	-0.000205582
7.02529e-11	-0.000205578
7.02993e-11	-0.000205573
7.03457e-11	-0.000205568
7.03921e-11	-0.000205563
7.04385e-11	-0.000205558
7.0485e-11	-0.000205553
7.05314e-11	-0.000205547
7.05778e-11	-0.000205542
7.06242e-11	-0.000205536
7.06706e-11	-0.00020553
7.07171e-11	-0.000205523
7.07635e-11	-0.000205517
7.08099e-11	-0.00020551
7.08563e-11	-0.000205503
7.09027e-11	-0.000205496
7.09491e-11	-0.000205489
7.09956e-11	-0.000205481
7.1042e-11	-0.000205474
7.10884e-11	-0.000205466
7.11348e-11	-0.000205458
7.11812e-11	-0.000205449
7.12276e-11	-0.000205441
7.12741e-11	-0.000205432
7.13205e-11	-0.000205424
7.13669e-11	-0.000205415
7.14133e-11	-0.000205405
7.14597e-11	-0.000205396
7.15062e-11	-0.000205386
7.15526e-11	-0.000205376
7.1599e-11	-0.000205366
7.16454e-11	-0.000205356
7.16918e-11	-0.000205346
7.17382e-11	-0.000205335
7.17847e-11	-0.000205324
7.18311e-11	-0.000205313
7.18775e-11	-0.000205302
7.19239e-11	-0.000205291
7.19703e-11	-0.000205279
7.20167e-11	-0.000205267
7.20632e-11	-0.000205255
7.21096e-11	-0.000205243
7.2156e-11	-0.000205231
7.22024e-11	-0.000205218
7.22488e-11	-0.000205205
7.22952e-11	-0.000205192
7.23417e-11	-0.000205179
7.23881e-11	-0.000205165
7.24345e-11	-0.000205152
7.24809e-11	-0.000205138
7.25273e-11	-0.000205124
7.25738e-11	-0.000205109
7.26202e-11	-0.000205095
7.26666e-11	-0.00020508
7.2713e-11	-0.000205065
7.27594e-11	-0.00020505
7.28058e-11	-0.000205035
7.28523e-11	-0.00020502
7.28987e-11	-0.000205004
7.29451e-11	-0.000204988
7.29915e-11	-0.000204972
7.30379e-11	-0.000204955
7.30843e-11	-0.000204939
7.31308e-11	-0.000204922
7.31772e-11	-0.000204905
7.32236e-11	-0.000204888
7.327e-11	-0.000204871
7.33164e-11	-0.000204853
7.33628e-11	-0.000204835
7.34093e-11	-0.000204817
7.34557e-11	-0.000204799
7.35021e-11	-0.000204781
7.35485e-11	-0.000204762
7.35949e-11	-0.000204743
7.36414e-11	-0.000204724
7.36878e-11	-0.000204705
7.37342e-11	-0.000204685
7.37806e-11	-0.000204666
7.3827e-11	-0.000204646
7.38734e-11	-0.000204626
7.39199e-11	-0.000204605
7.39663e-11	-0.000204585
7.40127e-11	-0.000204564
7.40591e-11	-0.000204543
7.41055e-11	-0.000204522
7.41519e-11	-0.0002045
7.41984e-11	-0.000204479
7.42448e-11	-0.000204457
7.42912e-11	-0.000204435
7.43376e-11	-0.000204412
7.4384e-11	-0.00020439
7.44305e-11	-0.000204367
7.44769e-11	-0.000204344
7.45233e-11	-0.000204321
7.45697e-11	-0.000204298
7.46161e-11	-0.000204274
7.46625e-11	-0.00020425
7.4709e-11	-0.000204226
7.47554e-11	-0.000204202
7.48018e-11	-0.000204178
7.48482e-11	-0.000204153
7.48946e-11	-0.000204128
7.4941e-11	-0.000204103
7.49875e-11	-0.000204078
7.50339e-11	-0.000204052
7.50803e-11	-0.000204026
7.51267e-11	-0.000204
7.51731e-11	-0.000203974
7.52195e-11	-0.000203948
7.5266e-11	-0.000203921
7.53124e-11	-0.000203894
7.53588e-11	-0.000203867
7.54052e-11	-0.000203839
7.54516e-11	-0.000203812
7.54981e-11	-0.000203784
7.55445e-11	-0.000203756
7.55909e-11	-0.000203728
7.56373e-11	-0.000203699
7.56837e-11	-0.000203671
7.57301e-11	-0.000203642
7.57766e-11	-0.000203613
7.5823e-11	-0.000203583
7.58694e-11	-0.000203554
7.59158e-11	-0.000203524
7.59622e-11	-0.000203494
7.60086e-11	-0.000203463
7.60551e-11	-0.000203433
7.61015e-11	-0.000203402
7.61479e-11	-0.000203371
7.61943e-11	-0.00020334
7.62407e-11	-0.000203308
7.62872e-11	-0.000203277
7.63336e-11	-0.000203245
7.638e-11	-0.000203213
7.64264e-11	-0.00020318
7.64728e-11	-0.000203148
7.65192e-11	-0.000203115
7.65657e-11	-0.000203082
7.66121e-11	-0.000203049
7.66585e-11	-0.000203015
7.67049e-11	-0.000202981
7.67513e-11	-0.000202947
7.67977e-11	-0.000202913
7.68442e-11	-0.000202879
7.68906e-11	-0.000202844
7.6937e-11	-0.000202809
7.69834e-11	-0.000202774
7.70298e-11	-0.000202738
7.70762e-11	-0.000202703
7.71227e-11	-0.000202667
7.71691e-11	-0.000202631
7.72155e-11	-0.000202594
7.72619e-11	-0.000202558
7.73083e-11	-0.000202521
7.73548e-11	-0.000202484
7.74012e-11	-0.000202447
7.74476e-11	-0.000202409
7.7494e-11	-0.000202371
7.75404e-11	-0.000202333
7.75868e-11	-0.000202295
7.76333e-11	-0.000202257
7.76797e-11	-0.000202218
7.77261e-11	-0.000202179
7.77725e-11	-0.00020214
7.78189e-11	-0.0002021
7.78653e-11	-0.000202061
7.79118e-11	-0.000202021
7.79582e-11	-0.000201981
7.80046e-11	-0.00020194
7.8051e-11	-0.000201899
7.80974e-11	-0.000201859
7.81439e-11	-0.000201817
7.81903e-11	-0.000201776
7.82367e-11	-0.000201734
7.82831e-11	-0.000201692
7.83295e-11	-0.00020165
7.83759e-11	-0.000201608
7.84224e-11	-0.000201565
7.84688e-11	-0.000201523
7.85152e-11	-0.000201479
7.85616e-11	-0.000201436
7.8608e-11	-0.000201392
7.86544e-11	-0.000201349
7.87009e-11	-0.000201305
7.87473e-11	-0.00020126
7.87937e-11	-0.000201216
7.88401e-11	-0.000201171
7.88865e-11	-0.000201126
7.89329e-11	-0.00020108
7.89794e-11	-0.000201035
7.90258e-11	-0.000200989
7.90722e-11	-0.000200943
7.91186e-11	-0.000200896
7.9165e-11	-0.00020085
7.92115e-11	-0.000200803
7.92579e-11	-0.000200756
7.93043e-11	-0.000200709
7.93507e-11	-0.000200661
7.93971e-11	-0.000200613
7.94435e-11	-0.000200565
7.949e-11	-0.000200517
7.95364e-11	-0.000200468
7.95828e-11	-0.000200419
7.96292e-11	-0.00020037
7.96756e-11	-0.000200321
7.9722e-11	-0.000200271
7.97685e-11	-0.000200221
7.98149e-11	-0.000200171
7.98613e-11	-0.000200121
7.99077e-11	-0.00020007
7.99541e-11	-0.000200019
8.00006e-11	-0.000199968
8.0047e-11	-0.000199917
8.00934e-11	-0.000199865
8.01398e-11	-0.000199813
8.01862e-11	-0.000199761
8.02326e-11	-0.000199708
8.02791e-11	-0.000199656
8.03255e-11	-0.000199603
8.03719e-11	-0.000199549
8.04183e-11	-0.000199496
8.04647e-11	-0.000199442
8.05111e-11	-0.000199388
8.05576e-11	-0.000199334
8.0604e-11	-0.000199279
8.06504e-11	-0.000199224
8.06968e-11	-0.000199169
8.07432e-11	-0.000199114
8.07896e-11	-0.000199059
8.08361e-11	-0.000199003
8.08825e-11	-0.000198947
8.09289e-11	-0.00019889
8.09753e-11	-0.000198834
8.10217e-11	-0.000198777
8.10682e-11	-0.000198719
8.11146e-11	-0.000198662
8.1161e-11	-0.000198604
8.12074e-11	-0.000198546
8.12538e-11	-0.000198488
8.13002e-11	-0.00019843
8.13467e-11	-0.000198371
8.13931e-11	-0.000198312
8.14395e-11	-0.000198252
8.14859e-11	-0.000198193
8.15323e-11	-0.000198133
8.15787e-11	-0.000198073
8.16252e-11	-0.000198012
8.16716e-11	-0.000197952
8.1718e-11	-0.000197891
8.17644e-11	-0.00019783
8.18108e-11	-0.000197768
8.18573e-11	-0.000197706
8.19037e-11	-0.000197644
8.19501e-11	-0.000197582
8.19965e-11	-0.00019752
8.20429e-11	-0.000197457
8.20893e-11	-0.000197394
8.21358e-11	-0.00019733
8.21822e-11	-0.000197267
8.22286e-11	-0.000197203
8.2275e-11	-0.000197139
8.23214e-11	-0.000197074
8.23678e-11	-0.000197009
8.24143e-11	-0.000196944
8.24607e-11	-0.000196879
8.25071e-11	-0.000196813
8.25535e-11	-0.000196748
8.25999e-11	-0.000196681
8.26463e-11	-0.000196615
8.26928e-11	-0.000196548
8.27392e-11	-0.000196481
8.27856e-11	-0.000196414
8.2832e-11	-0.000196347
8.28784e-11	-0.000196279
8.29249e-11	-0.000196211
8.29713e-11	-0.000196142
8.30177e-11	-0.000196074
8.30641e-11	-0.000196005
8.31105e-11	-0.000195936
8.31569e-11	-0.000195866
8.32034e-11	-0.000195796
8.32498e-11	-0.000195726
8.32962e-11	-0.000195656
8.33426e-11	-0.000195585
8.3389e-11	-0.000195514
8.34354e-11	-0.000195443
8.34819e-11	-0.000195372
8.35283e-11	-0.0001953
8.35747e-11	-0.000195228
8.36211e-11	-0.000195156
8.36675e-11	-0.000195083
8.3714e-11	-0.00019501
8.37604e-11	-0.000194937
8.38068e-11	-0.000194863
8.38532e-11	-0.00019479
8.38996e-11	-0.000194716
8.3946e-11	-0.000194641
8.39925e-11	-0.000194567
8.40389e-11	-0.000194492
8.40853e-11	-0.000194417
8.41317e-11	-0.000194341
8.41781e-11	-0.000194265
8.42245e-11	-0.000194189
8.4271e-11	-0.000194113
8.43174e-11	-0.000194036
8.43638e-11	-0.000193959
8.44102e-11	-0.000193882
8.44566e-11	-0.000193805
8.4503e-11	-0.000193727
8.45495e-11	-0.000193649
8.45959e-11	-0.00019357
8.46423e-11	-0.000193491
8.46887e-11	-0.000193412
8.47351e-11	-0.000193333
8.47816e-11	-0.000193254
8.4828e-11	-0.000193174
8.48744e-11	-0.000193094
8.49208e-11	-0.000193013
8.49672e-11	-0.000192932
8.50136e-11	-0.000192851
8.50601e-11	-0.00019277
8.51065e-11	-0.000192688
8.51529e-11	-0.000192606
8.51993e-11	-0.000192524
8.52457e-11	-0.000192442
8.52921e-11	-0.000192359
8.53386e-11	-0.000192276
8.5385e-11	-0.000192192
8.54314e-11	-0.000192108
8.54778e-11	-0.000192024
8.55242e-11	-0.00019194
8.55707e-11	-0.000191855
8.56171e-11	-0.00019177
8.56635e-11	-0.000191685
8.57099e-11	-0.000191599
8.57563e-11	-0.000191514
8.58027e-11	-0.000191427
8.58492e-11	-0.000191341
8.58956e-11	-0.000191254
8.5942e-11	-0.000191167
8.59884e-11	-0.00019108
8.60348e-11	-0.000190992
8.60812e-11	-0.000190904
8.61277e-11	-0.000190816
8.61741e-11	-0.000190727
8.62205e-11	-0.000190638
8.62669e-11	-0.000190549
8.63133e-11	-0.00019046
8.63597e-11	-0.00019037
8.64062e-11	-0.00019028
8.64526e-11	-0.000190189
8.6499e-11	-0.000190098
8.65454e-11	-0.000190007
8.65918e-11	-0.000189916
8.66383e-11	-0.000189824
8.66847e-11	-0.000189732
8.67311e-11	-0.00018964
8.67775e-11	-0.000189547
8.68239e-11	-0.000189454
8.68703e-11	-0.000189361
8.69168e-11	-0.000189268
8.69632e-11	-0.000189174
8.70096e-11	-0.000189079
8.7056e-11	-0.000188985
8.71024e-11	-0.00018889
8.71488e-11	-0.000188795
8.71953e-11	-0.0001887
8.72417e-11	-0.000188604
8.72881e-11	-0.000188508
8.73345e-11	-0.000188411
8.73809e-11	-0.000188315
8.74274e-11	-0.000188218
8.74738e-11	-0.00018812
8.75202e-11	-0.000188023
8.75666e-11	-0.000187925
8.7613e-11	-0.000187826
8.76594e-11	-0.000187728
8.77059e-11	-0.000187629
8.77523e-11	-0.00018753
8.77987e-11	-0.00018743
8.78451e-11	-0.00018733
8.78915e-11	-0.00018723
8.79379e-11	-0.000187129
8.79844e-11	-0.000187028
8.80308e-11	-0.000186927
8.80772e-11	-0.000186826
8.81236e-11	-0.000186724
8.817e-11	-0.000186622
8.82164e-11	-0.000186519
8.82629e-11	-0.000186417
8.83093e-11	-0.000186313
8.83557e-11	-0.00018621
8.84021e-11	-0.000186106
8.84485e-11	-0.000186002
8.8495e-11	-0.000185898
8.85414e-11	-0.000185793
8.85878e-11	-0.000185688
8.86342e-11	-0.000185582
8.86806e-11	-0.000185477
8.8727e-11	-0.000185371
8.87735e-11	-0.000185264
8.88199e-11	-0.000185157
8.88663e-11	-0.00018505
8.89127e-11	-0.000184943
8.89591e-11	-0.000184835
8.90055e-11	-0.000184727
8.9052e-11	-0.000184619
8.90984e-11	-0.00018451
8.91448e-11	-0.000184401
8.91912e-11	-0.000184292
8.92376e-11	-0.000184182
8.92841e-11	-0.000184072
8.93305e-11	-0.000183962
8.93769e-11	-0.000183851
8.94233e-11	-0.00018374
8.94697e-11	-0.000183629
8.95161e-11	-0.000183517
8.95626e-11	-0.000183405
8.9609e-11	-0.000183292
8.96554e-11	-0.00018318
8.97018e-11	-0.000183067
8.97482e-11	-0.000182953
8.97946e-11	-0.00018284
8.98411e-11	-0.000182725
8.98875e-11	-0.000182611
8.99339e-11	-0.000182496
8.99803e-11	-0.000182381
9.00267e-11	-0.000182266
9.00731e-11	-0.00018215
9.01196e-11	-0.000182034
9.0166e-11	-0.000181917
9.02124e-11	-0.000181801
9.02588e-11	-0.000181684
9.03052e-11	-0.000181566
9.03517e-11	-0.000181448
9.03981e-11	-0.00018133
9.04445e-11	-0.000181212
9.04909e-11	-0.000181093
9.05373e-11	-0.000180974
9.05837e-11	-0.000180854
9.06302e-11	-0.000180734
9.06766e-11	-0.000180614
9.0723e-11	-0.000180493
9.07694e-11	-0.000180372
9.08158e-11	-0.000180251
9.08622e-11	-0.00018013
9.09087e-11	-0.000180008
9.09551e-11	-0.000179885
9.10015e-11	-0.000179763
9.10479e-11	-0.00017964
9.10943e-11	-0.000179516
9.11408e-11	-0.000179393
9.11872e-11	-0.000179268
9.12336e-11	-0.000179144
9.128e-11	-0.000179019
9.13264e-11	-0.000178894
9.13728e-11	-0.000178769
9.14193e-11	-0.000178643
9.14657e-11	-0.000178517
9.15121e-11	-0.00017839
9.15585e-11	-0.000178263
9.16049e-11	-0.000178136
9.16513e-11	-0.000178009
9.16978e-11	-0.000177881
9.17442e-11	-0.000177752
9.17906e-11	-0.000177624
9.1837e-11	-0.000177495
9.18834e-11	-0.000177365
9.19298e-11	-0.000177236
9.19763e-11	-0.000177105
9.20227e-11	-0.000176975
9.20691e-11	-0.000176844
9.21155e-11	-0.000176713
9.21619e-11	-0.000176582
9.22084e-11	-0.00017645
9.22548e-11	-0.000176317
9.23012e-11	-0.000176185
9.23476e-11	-0.000176052
9.2394e-11	-0.000175919
9.24404e-11	-0.000175785
9.24869e-11	-0.000175651
9.25333e-11	-0.000175516
9.25797e-11	-0.000175382
9.26261e-11	-0.000175247
9.26725e-11	-0.000175111
9.27189e-11	-0.000174975
9.27654e-11	-0.000174839
9.28118e-11	-0.000174702
9.28582e-11	-0.000174565
9.29046e-11	-0.000174428
9.2951e-11	-0.00017429
9.29975e-11	-0.000174152
9.30439e-11	-0.000174014
9.30903e-11	-0.000173875
9.31367e-11	-0.000173736
9.31831e-11	-0.000173596
9.32295e-11	-0.000173456
9.3276e-11	-0.000173316
9.33224e-11	-0.000173176
9.33688e-11	-0.000173035
9.34152e-11	-0.000172893
9.34616e-11	-0.000172751
9.3508e-11	-0.000172609
9.35545e-11	-0.000172467
9.36009e-11	-0.000172324
9.36473e-11	-0.000172181
9.36937e-11	-0.000172037
9.37401e-11	-0.000171893
9.37865e-11	-0.000171749
9.3833e-11	-0.000171604
9.38794e-11	-0.000171459
9.39258e-11	-0.000171313
9.39722e-11	-0.000171167
9.40186e-11	-0.000171021
9.40651e-11	-0.000170874
9.41115e-11	-0.000170727
9.41579e-11	-0.00017058
9.42043e-11	-0.000170432
9.42507e-11	-0.000170284
9.42971e-11	-0.000170136
9.43436e-11	-0.000169987
9.439e-11	-0.000169837
9.44364e-11	-0.000169688
9.44828e-11	-0.000169538
9.45292e-11	-0.000169387
9.45756e-11	-0.000169237
9.46221e-11	-0.000169085
9.46685e-11	-0.000168934
9.47149e-11	-0.000168782
9.47613e-11	-0.000168629
9.48077e-11	-0.000168477
9.48541e-11	-0.000168324
9.49006e-11	-0.00016817
9.4947e-11	-0.000168016
9.49934e-11	-0.000167862
9.50398e-11	-0.000167707
9.50862e-11	-0.000167552
9.51327e-11	-0.000167397
9.51791e-11	-0.000167241
9.52255e-11	-0.000167085
9.52719e-11	-0.000166928
9.53183e-11	-0.000166771
9.53647e-11	-0.000166614
9.54112e-11	-0.000166456
9.54576e-11	-0.000166298
9.5504e-11	-0.000166139
9.55504e-11	-0.00016598
9.55968e-11	-0.000165821
9.56432e-11	-0.000165661
9.56897e-11	-0.000165501
9.57361e-11	-0.000165341
9.57825e-11	-0.00016518
9.58289e-11	-0.000165018
9.58753e-11	-0.000164857
9.59218e-11	-0.000164695
9.59682e-11	-0.000164532
9.60146e-11	-0.000164369
9.6061e-11	-0.000164206
9.61074e-11	-0.000164042
9.61538e-11	-0.000163878
9.62003e-11	-0.000163714
9.62467e-11	-0.000163549
9.62931e-11	-0.000163384
9.63395e-11	-0.000163218
9.63859e-11	-0.000163052
9.64323e-11	-0.000162885
9.64788e-11	-0.000162718
9.65252e-11	-0.000162551
9.65716e-11	-0.000162383
9.6618e-11	-0.000162215
9.66644e-11	-0.000162047
9.67108e-11	-0.000161878
9.67573e-11	-0.000161709
9.68037e-11	-0.000161539
9.68501e-11	-0.000161369
9.68965e-11	-0.000161198
9.69429e-11	-0.000161027
9.69894e-11	-0.000160856
9.70358e-11	-0.000160684
9.70822e-11	-0.000160512
9.71286e-11	-0.00016034
9.7175e-11	-0.000160167
9.72214e-11	-0.000159993
9.72679e-11	-0.00015982
9.73143e-11	-0.000159645
9.73607e-11	-0.000159471
9.74071e-11	-0.000159296
9.74535e-11	-0.00015912
9.74999e-11	-0.000158945
9.75464e-11	-0.000158768
9.75928e-11	-0.000158592
9.76392e-11	-0.000158415
9.76856e-11	-0.000158237
9.7732e-11	-0.000158059
9.77785e-11	-0.000157881
9.78249e-11	-0.000157702
9.78713e-11	-0.000157523
9.79177e-11	-0.000157344
9.79641e-11	-0.000157164
9.80105e-11	-0.000156983
9.8057e-11	-0.000156803
9.81034e-11	-0.000156621
9.81498e-11	-0.00015644
9.81962e-11	-0.000156258
9.82426e-11	-0.000156075
9.8289e-11	-0.000155892
9.83355e-11	-0.000155709
9.83819e-11	-0.000155525
9.84283e-11	-0.000155341
9.84747e-11	-0.000155157
9.85211e-11	-0.000154972
9.85675e-11	-0.000154786
9.8614e-11	-0.0001546
9.86604e-11	-0.000154414
9.87068e-11	-0.000154227
9.87532e-11	-0.00015404
9.87996e-11	-0.000153853
9.88461e-11	-0.000153665
9.88925e-11	-0.000153476
9.89389e-11	-0.000153288
9.89853e-11	-0.000153098
9.90317e-11	-0.000152909
9.90781e-11	-0.000152719
9.91246e-11	-0.000152528
9.9171e-11	-0.000152337
9.92174e-11	-0.000152146
9.92638e-11	-0.000151954
9.93102e-11	-0.000151762
9.93566e-11	-0.000151569
9.94031e-11	-0.000151376
9.94495e-11	-0.000151182
9.94959e-11	-0.000150988
9.95423e-11	-0.000150794
9.95887e-11	-0.000150599
9.96352e-11	-0.000150404
9.96816e-11	-0.000150208
9.9728e-11	-0.000150012
9.97744e-11	-0.000149816
9.98208e-11	-0.000149619
9.98672e-11	-0.000149421
9.99137e-11	-0.000149223
9.99601e-11	-0.000149025
1.00006e-10	-0.000148826
1.00053e-10	-0.000148627
1.00099e-10	-0.000148427
1.00146e-10	-0.000148227
1.00192e-10	-0.000148027
1.00239e-10	-0.000147826
1.00285e-10	-0.000147624
1.00331e-10	-0.000147423
1.00378e-10	-0.00014722
1.00424e-10	-0.000147018
1.00471e-10	-0.000146815
1.00517e-10	-0.000146611
1.00564e-10	-0.000146407
1.0061e-10	-0.000146202
1.00656e-10	-0.000145998
1.00703e-10	-0.000145792
1.00749e-10	-0.000145586
1.00796e-10	-0.00014538
1.00842e-10	-0.000145173
1.00888e-10	-0.000144966
1.00935e-10	-0.000144759
1.00981e-10	-0.000144551
1.01028e-10	-0.000144342
1.01074e-10	-0.000144133
1.01121e-10	-0.000143924
1.01167e-10	-0.000143714
1.01213e-10	-0.000143504
1.0126e-10	-0.000143293
1.01306e-10	-0.000143082
1.01353e-10	-0.00014287
1.01399e-10	-0.000142658
1.01445e-10	-0.000142445
1.01492e-10	-0.000142232
1.01538e-10	-0.000142019
1.01585e-10	-0.000141805
1.01631e-10	-0.000141591
1.01678e-10	-0.000141376
1.01724e-10	-0.000141161
1.0177e-10	-0.000140945
1.01817e-10	-0.000140729
1.01863e-10	-0.000140512
1.0191e-10	-0.000140295
1.01956e-10	-0.000140077
1.02002e-10	-0.000139859
1.02049e-10	-0.000139641
1.02095e-10	-0.000139422
1.02142e-10	-0.000139203
1.02188e-10	-0.000138983
1.02235e-10	-0.000138762
1.02281e-10	-0.000138542
1.02327e-10	-0.00013832
1.02374e-10	-0.000138099
1.0242e-10	-0.000137876
1.02467e-10	-0.000137654
1.02513e-10	-0.000137431
1.02559e-10	-0.000137207
1.02606e-10	-0.000136983
1.02652e-10	-0.000136759
1.02699e-10	-0.000136534
1.02745e-10	-0.000136308
1.02792e-10	-0.000136082
1.02838e-10	-0.000135856
1.02884e-10	-0.000135629
1.02931e-10	-0.000135402
1.02977e-10	-0.000135174
1.03024e-10	-0.000134946
1.0307e-10	-0.000134717
1.03116e-10	-0.000134488
1.03163e-10	-0.000134258
1.03209e-10	-0.000134028
1.03256e-10	-0.000133797
1.03302e-10	-0.000133566
1.03349e-10	-0.000133335
1.03395e-10	-0.000133103
1.03441e-10	-0.00013287
1.03488e-10	-0.000132637
1.03534e-10	-0.000132404
1.03581e-10	-0.00013217
1.03627e-10	-0.000131936
1.03673e-10	-0.000131701
1.0372e-10	-0.000131465
1.03766e-10	-0.00013123
1.03813e-10	-0.000130993
1.03859e-10	-0.000130756
1.03906e-10	-0.000130519
1.03952e-10	-0.000130281
1.03998e-10	-0.000130043
1.04045e-10	-0.000129805
1.04091e-10	-0.000129565
1.04138e-10	-0.000129326
1.04184e-10	-0.000129085
1.0423e-10	-0.000128845
1.04277e-10	-0.000128604
1.04323e-10	-0.000128362
1.0437e-10	-0.00012812
1.04416e-10	-0.000127877
1.04463e-10	-0.000127634
1.04509e-10	-0.000127391
1.04555e-10	-0.000127147
1.04602e-10	-0.000126902
1.04648e-10	-0.000126657
1.04695e-10	-0.000126412
1.04741e-10	-0.000126166
1.04787e-10	-0.000125919
1.04834e-10	-0.000125672
1.0488e-10	-0.000125425
1.04927e-10	-0.000125177
1.04973e-10	-0.000124928
1.0502e-10	-0.000124679
1.05066e-10	-0.00012443
1.05112e-10	-0.00012418
1.05159e-10	-0.00012393
1.05205e-10	-0.000123679
1.05252e-10	-0.000123427
1.05298e-10	-0.000123175
1.05345e-10	-0.000122923
1.05391e-10	-0.00012267
1.05437e-10	-0.000122417
1.05484e-10	-0.000122163
1.0553e-10	-0.000121909
1.05577e-10	-0.000121654
1.05623e-10	-0.000121398
1.05669e-10	-0.000121142
1.05716e-10	-0.000120886
1.05762e-10	-0.000120629
1.05809e-10	-0.000120372
1.05855e-10	-0.000120114
1.05902e-10	-0.000119855
1.05948e-10	-0.000119596
1.05994e-10	-0.000119337
1.06041e-10	-0.000119077
1.06087e-10	-0.000118817
1.06134e-10	-0.000118556
1.0618e-10	-0.000118294
1.06226e-10	-0.000118033
1.06273e-10	-0.00011777
1.06319e-10	-0.000117507
1.06366e-10	-0.000117244
1.06412e-10	-0.00011698
1.06459e-10	-0.000116715
1.06505e-10	-0.00011645
1.06551e-10	-0.000116185
1.06598e-10	-0.000115919
1.06644e-10	-0.000115652
1.06691e-10	-0.000115385
1.06737e-10	-0.000115118
1.06783e-10	-0.00011485
1.0683e-10	-0.000114581
1.06876e-10	-0.000114312
1.06923e-10	-0.000114042
1.06969e-10	-0.000113772
1.07016e-10	-0.000113502
1.07062e-10	-0.000113231
1.07108e-10	-0.000112959
1.07155e-10	-0.000112687
1.07201e-10	-0.000112414
1.07248e-10	-0.000112141
1.07294e-10	-0.000111867
1.0734e-10	-0.000111593
1.07387e-10	-0.000111318
1.07433e-10	-0.000111043
1.0748e-10	-0.000110767
1.07526e-10	-0.000110491
1.07573e-10	-0.000110214
1.07619e-10	-0.000109937
1.07665e-10	-0.000109659
1.07712e-10	-0.00010938
1.07758e-10	-0.000109101
1.07805e-10	-0.000108822
1.07851e-10	-0.000108542
1.07897e-10	-0.000108261
1.07944e-10	-0.00010798
1.0799e-10	-0.000107699
1.08037e-10	-0.000107417
1.08083e-10	-0.000107134
1.0813e-10	-0.000106851
1.08176e-10	-0.000106567
1.08222e-10	-0.000106283
1.08269e-10	-0.000105998
1.08315e-10	-0.000105713
1.08362e-10	-0.000105427
1.08408e-10	-0.000105141
1.08454e-10	-0.000104854
1.08501e-10	-0.000104567
1.08547e-10	-0.000104279
1.08594e-10	-0.00010399
1.0864e-10	-0.000103701
1.08687e-10	-0.000103412
1.08733e-10	-0.000103122
1.08779e-10	-0.000102831
1.08826e-10	-0.00010254
1.08872e-10	-0.000102248
1.08919e-10	-0.000101956
1.08965e-10	-0.000101663
1.09011e-10	-0.00010137
1.09058e-10	-0.000101076
1.09104e-10	-0.000100782
1.09151e-10	-0.000100487
1.09197e-10	-0.000100191
1.09244e-10	-9.98954e-05
1.0929e-10	-9.95989e-05
1.09336e-10	-9.93018e-05
1.09383e-10	-9.90042e-05
1.09429e-10	-9.8706e-05
1.09476e-10	-9.84073e-05
1.09522e-10	-9.8108e-05
1.09568e-10	-9.78082e-05
1.09615e-10	-9.75078e-05
1.09661e-10	-9.72069e-05
1.09708e-10	-9.69055e-05
1.09754e-10	-9.66035e-05
1.09801e-10	-9.63009e-05
1.09847e-10	-9.59978e-05
1.09893e-10	-9.56942e-05
1.0994e-10	-9.539e-05
1.09986e-10	-9.50852e-05
1.10033e-10	-9.47799e-05
1.10079e-10	-9.44741e-05
1.10126e-10	-9.41677e-05
1.10172e-10	-9.38607e-05
1.10218e-10	-9.35532e-05
1.10265e-10	-9.32452e-05
1.10311e-10	-9.29365e-05
1.10358e-10	-9.26274e-05
1.10404e-10	-9.23176e-05
1.1045e-10	-9.20073e-05
1.10497e-10	-9.16965e-05
1.10543e-10	-9.13851e-05
1.1059e-10	-9.10731e-05
1.10636e-10	-9.07606e-05
1.10683e-10	-9.04475e-05
1.10729e-10	-9.01339e-05
1.10775e-10	-8.98197e-05
1.10822e-10	-8.95049e-05
1.10868e-10	-8.91896e-05
1.10915e-10	-8.88737e-05
1.10961e-10	-8.85573e-05
1.11007e-10	-8.82403e-05
1.11054e-10	-8.79227e-05
1.111e-10	-8.76045e-05
1.11147e-10	-8.72858e-05
1.11193e-10	-8.69666e-05
1.1124e-10	-8.66467e-05
1.11286e-10	-8.63263e-05
1.11332e-10	-8.60053e-05
1.11379e-10	-8.56838e-05
1.11425e-10	-8.53617e-05
1.11472e-10	-8.5039e-05
1.11518e-10	-8.47158e-05
1.11564e-10	-8.43919e-05
1.11611e-10	-8.40675e-05
1.11657e-10	-8.37426e-05
1.11704e-10	-8.3417e-05
1.1175e-10	-8.30909e-05
1.11797e-10	-8.27643e-05
1.11843e-10	-8.2437e-05
1.11889e-10	-8.21092e-05
1.11936e-10	-8.17808e-05
1.11982e-10	-8.14518e-05
1.12029e-10	-8.11222e-05
1.12075e-10	-8.07921e-05
1.12121e-10	-8.04614e-05
1.12168e-10	-8.01301e-05
1.12214e-10	-7.97982e-05
1.12261e-10	-7.94658e-05
1.12307e-10	-7.91328e-05
1.12354e-10	-7.87992e-05
1.124e-10	-7.8465e-05
1.12446e-10	-7.81302e-05
1.12493e-10	-7.77949e-05
1.12539e-10	-7.74589e-05
1.12586e-10	-7.71224e-05
1.12632e-10	-7.67853e-05
1.12678e-10	-7.64476e-05
1.12725e-10	-7.61093e-05
1.12771e-10	-7.57705e-05
1.12818e-10	-7.54311e-05
1.12864e-10	-7.5091e-05
1.12911e-10	-7.47504e-05
1.12957e-10	-7.44092e-05
1.13003e-10	-7.40674e-05
1.1305e-10	-7.3725e-05
1.13096e-10	-7.33821e-05
1.13143e-10	-7.30385e-05
1.13189e-10	-7.26943e-05
1.13235e-10	-7.23496e-05
1.13282e-10	-7.20043e-05
1.13328e-10	-7.16583e-05
1.13375e-10	-7.13118e-05
1.13421e-10	-7.09647e-05
1.13468e-10	-7.0617e-05
1.13514e-10	-7.02687e-05
1.1356e-10	-6.99198e-05
1.13607e-10	-6.95703e-05
1.13653e-10	-6.92202e-05
1.137e-10	-6.88695e-05
1.13746e-10	-6.85182e-05
1.13792e-10	-6.81663e-05
1.13839e-10	-6.78138e-05
1.13885e-10	-6.74607e-05
1.13932e-10	-6.7107e-05
1.13978e-10	-6.67527e-05
1.14025e-10	-6.63978e-05
1.14071e-10	-6.60424e-05
1.14117e-10	-6.56863e-05
1.14164e-10	-6.53296e-05
1.1421e-10	-6.49723e-05
1.14257e-10	-6.46143e-05
1.14303e-10	-6.42558e-05
1.14349e-10	-6.38967e-05
1.14396e-10	-6.3537e-05
1.14442e-10	-6.31766e-05
1.14489e-10	-6.28157e-05
1.14535e-10	-6.24542e-05
1.14582e-10	-6.2092e-05
1.14628e-10	-6.17292e-05
1.14674e-10	-6.13658e-05
1.14721e-10	-6.10019e-05
1.14767e-10	-6.06373e-05
1.14814e-10	-6.0272e-05
1.1486e-10	-5.99062e-05
1.14907e-10	-5.95398e-05
1.14953e-10	-5.91727e-05
1.14999e-10	-5.88051e-05
1.15046e-10	-5.84368e-05
1.15092e-10	-5.80679e-05
1.15139e-10	-5.76984e-05
1.15185e-10	-5.73282e-05
1.15231e-10	-5.69575e-05
1.15278e-10	-5.65861e-05
1.15324e-10	-5.62141e-05
1.15371e-10	-5.58415e-05
1.15417e-10	-5.54683e-05
1.15464e-10	-5.50945e-05
1.1551e-10	-5.472e-05
1.15556e-10	-5.43449e-05
1.15603e-10	-5.39692e-05
1.15649e-10	-5.35929e-05
1.15696e-10	-5.32159e-05
1.15742e-10	-5.28384e-05
1.15788e-10	-5.24601e-05
1.15835e-10	-5.20813e-05
1.15881e-10	-5.17019e-05
1.15928e-10	-5.13218e-05
1.15974e-10	-5.09411e-05
1.16021e-10	-5.05597e-05
1.16067e-10	-5.01778e-05
1.16113e-10	-4.97952e-05
1.1616e-10	-4.9412e-05
1.16206e-10	-4.90281e-05
1.16253e-10	-4.86436e-05
1.16299e-10	-4.82585e-05
1.16345e-10	-4.78728e-05
1.16392e-10	-4.74864e-05
1.16438e-10	-4.70994e-05
1.16485e-10	-4.67117e-05
1.16531e-10	-4.63234e-05
1.16578e-10	-4.59345e-05
1.16624e-10	-4.5545e-05
1.1667e-10	-4.51548e-05
1.16717e-10	-4.47639e-05
1.16763e-10	-4.43725e-05
1.1681e-10	-4.39804e-05
1.16856e-10	-4.35876e-05
1.16902e-10	-4.31942e-05
1.16949e-10	-4.28002e-05
1.16995e-10	-4.24056e-05
1.17042e-10	-4.20103e-05
1.17088e-10	-4.16143e-05
1.17135e-10	-4.12177e-05
1.17181e-10	-4.08205e-05
1.17227e-10	-4.04226e-05
1.17274e-10	-4.00241e-05
1.1732e-10	-3.96249e-05
1.17367e-10	-3.92251e-05
1.17413e-10	-3.88247e-05
1.17459e-10	-3.84236e-05
1.17506e-10	-3.80218e-05
1.17552e-10	-3.76194e-05
1.17599e-10	-3.72164e-05
1.17645e-10	-3.68127e-05
1.17692e-10	-3.64083e-05
1.17738e-10	-3.60033e-05
1.17784e-10	-3.55977e-05
1.17831e-10	-3.51913e-05
1.17877e-10	-3.47844e-05
1.17924e-10	-3.43768e-05
1.1797e-10	-3.39685e-05
1.18016e-10	-3.35596e-05
1.18063e-10	-3.315e-05
1.18109e-10	-3.27398e-05
1.18156e-10	-3.23289e-05
1.18202e-10	-3.19174e-05
1.18249e-10	-3.15052e-05
1.18295e-10	-3.10923e-05
1.18341e-10	-3.06788e-05
1.18388e-10	-3.02646e-05
1.18434e-10	-2.98498e-05
1.18481e-10	-2.94343e-05
1.18527e-10	-2.90181e-05
1.18573e-10	-2.86013e-05
1.1862e-10	-2.81838e-05
1.18666e-10	-2.77657e-05
1.18713e-10	-2.73468e-05
1.18759e-10	-2.69274e-05
1.18806e-10	-2.65072e-05
1.18852e-10	-2.60864e-05
1.18898e-10	-2.56649e-05
1.18945e-10	-2.52428e-05
1.18991e-10	-2.482e-05
1.19038e-10	-2.43965e-05
1.19084e-10	-2.39724e-05
1.1913e-10	-2.35475e-05
1.19177e-10	-2.3122e-05
1.19223e-10	-2.26959e-05
1.1927e-10	-2.22691e-05
1.19316e-10	-2.18415e-05
1.19363e-10	-2.14134e-05
1.19409e-10	-2.09845e-05
1.19455e-10	-2.0555e-05
1.19502e-10	-2.01248e-05
1.19548e-10	-1.96939e-05
1.19595e-10	-1.92624e-05
1.19641e-10	-1.88301e-05
1.19688e-10	-1.83972e-05
1.19734e-10	-1.79636e-05
1.1978e-10	-1.75294e-05
1.19827e-10	-1.70944e-05
1.19873e-10	-1.66588e-05
1.1992e-10	-1.62225e-05
1.19966e-10	-1.57855e-05
1.20012e-10	-1.53479e-05
1.20059e-10	-1.49095e-05
1.20105e-10	-1.44705e-05
1.20152e-10	-1.40308e-05
1.20198e-10	-1.35903e-05
1.20245e-10	-1.31493e-05
1.20291e-10	-1.27075e-05
1.20337e-10	-1.2265e-05
1.20384e-10	-1.18219e-05
1.2043e-10	-1.1378e-05
1.20477e-10	-1.09335e-05
1.20523e-10	-1.04883e-05
1.20569e-10	-1.00424e-05
1.20616e-10	-9.59581e-06
1.20662e-10	-9.14852e-06
1.20709e-10	-8.70055e-06
1.20755e-10	-8.25188e-06
1.20802e-10	-7.80252e-06
1.20848e-10	-7.35246e-06
1.20894e-10	-6.90171e-06
1.20941e-10	-6.45026e-06
1.20987e-10	-5.99812e-06
1.21034e-10	-5.54528e-06
1.2108e-10	-5.09175e-06
1.21126e-10	-4.63752e-06
1.21173e-10	-4.18259e-06
1.21219e-10	-3.72696e-06
1.21266e-10	-3.27063e-06
1.21312e-10	-2.8136e-06
1.21359e-10	-2.35587e-06
1.21405e-10	-1.89743e-06
1.21451e-10	-1.4383e-06
1.21498e-10	-9.78462e-07
1.21544e-10	-5.17921e-07
1.21591e-10	-5.66748e-08
1.21637e-10	4.05276e-07
1.21683e-10	8.67932e-07
1.2173e-10	1.33129e-06
1.21776e-10	1.79536e-06
1.21823e-10	2.26014e-06
1.21869e-10	2.72563e-06
1.21916e-10	3.19182e-06
1.21962e-10	3.65872e-06
1.22008e-10	4.12634e-06
1.22055e-10	4.59466e-06
1.22101e-10	5.0637e-06
1.22148e-10	5.53345e-06
1.22194e-10	6.00391e-06
1.2224e-10	6.47508e-06
1.22287e-10	6.94697e-06
1.22333e-10	7.41958e-06
1.2238e-10	7.8929e-06
1.22426e-10	8.36693e-06
1.22473e-10	8.84169e-06
1.22519e-10	9.31716e-06
1.22565e-10	9.79335e-06
1.22612e-10	1.02703e-05
1.22658e-10	1.07479e-05
1.22705e-10	1.12262e-05
1.22751e-10	1.17053e-05
1.22797e-10	1.21851e-05
1.22844e-10	1.26656e-05
1.2289e-10	1.31468e-05
1.22937e-10	1.36288e-05
1.22983e-10	1.41115e-05
1.2303e-10	1.45949e-05
1.23076e-10	1.5079e-05
1.23122e-10	1.55639e-05
1.23169e-10	1.60495e-05
1.23215e-10	1.65358e-05
1.23262e-10	1.70228e-05
1.23308e-10	1.75106e-05
1.23354e-10	1.79991e-05
1.23401e-10	1.84883e-05
1.23447e-10	1.89783e-05
1.23494e-10	1.9469e-05
1.2354e-10	1.99604e-05
1.23587e-10	2.04526e-05
1.23633e-10	2.09455e-05
1.23679e-10	2.14391e-05
1.23726e-10	2.19334e-05
1.23772e-10	2.24285e-05
1.23819e-10	2.29244e-05
1.23865e-10	2.34209e-05
1.23912e-10	2.39183e-05
1.23958e-10	2.44163e-05
1.24004e-10	2.49151e-05
1.24051e-10	2.54146e-05
1.24097e-10	2.59149e-05
1.24144e-10	2.64159e-05
1.2419e-10	2.69176e-05
1.24236e-10	2.74201e-05
1.24283e-10	2.79234e-05
1.24329e-10	2.84274e-05
1.24376e-10	2.89321e-05
1.24422e-10	2.94375e-05
1.24469e-10	2.99438e-05
1.24515e-10	3.04507e-05
1.24561e-10	3.09584e-05
1.24608e-10	3.14669e-05
1.24654e-10	3.19761e-05
1.24701e-10	3.2486e-05
1.24747e-10	3.29968e-05
1.24793e-10	3.35082e-05
1.2484e-10	3.40204e-05
1.24886e-10	3.45334e-05
1.24933e-10	3.50471e-05
1.24979e-10	3.55616e-05
1.25026e-10	3.60768e-05
1.25072e-10	3.65927e-05
1.25118e-10	3.71095e-05
1.25165e-10	3.7627e-05
1.25211e-10	3.81452e-05
1.25258e-10	3.86642e-05
1.25304e-10	3.9184e-05
1.2535e-10	3.97045e-05
1.25397e-10	4.02258e-05
1.25443e-10	4.07478e-05
1.2549e-10	4.12706e-05
1.25536e-10	4.17942e-05
1.25583e-10	4.23185e-05
1.25629e-10	4.28436e-05
1.25675e-10	4.33694e-05
1.25722e-10	4.3896e-05
1.25768e-10	4.44234e-05
1.25815e-10	4.49516e-05
1.25861e-10	4.54805e-05
1.25907e-10	4.60101e-05
1.25954e-10	4.65406e-05
1.26e-10	4.70718e-05
1.26047e-10	4.76038e-05
1.26093e-10	4.81365e-05
1.2614e-10	4.86701e-05
1.26186e-10	4.92044e-05
1.26232e-10	4.97394e-05
1.26279e-10	5.02753e-05
1.26325e-10	5.08119e-05
1.26372e-10	5.13493e-05
1.26418e-10	5.18874e-05
1.26464e-10	5.24264e-05
1.26511e-10	5.29661e-05
1.26557e-10	5.35066e-05
1.26604e-10	5.40479e-05
1.2665e-10	5.45899e-05
1.26697e-10	5.51327e-05
1.26743e-10	5.56764e-05
1.26789e-10	5.62207e-05
1.26836e-10	5.67659e-05
1.26882e-10	5.73119e-05
1.26929e-10	5.78586e-05
1.26975e-10	5.84061e-05
1.27021e-10	5.89544e-05
1.27068e-10	5.95035e-05
1.27114e-10	6.00534e-05
1.27161e-10	6.0604e-05
1.27207e-10	6.11555e-05
1.27254e-10	6.17077e-05
1.273e-10	6.22607e-05
1.27346e-10	6.28145e-05
1.27393e-10	6.33691e-05
1.27439e-10	6.39245e-05
1.27486e-10	6.44807e-05
1.27532e-10	6.50377e-05
1.27578e-10	6.55955e-05
1.27625e-10	6.6154e-05
1.27671e-10	6.67134e-05
1.27718e-10	6.72735e-05
1.27764e-10	6.78345e-05
1.27811e-10	6.83962e-05
1.27857e-10	6.89587e-05
1.27903e-10	6.95221e-05
1.2795e-10	7.00862e-05
1.27996e-10	7.06511e-05
1.28043e-10	7.12169e-05
1.28089e-10	7.17834e-05
1.28135e-10	7.23507e-05
1.28182e-10	7.29188e-05
1.28228e-10	7.34878e-05
1.28275e-10	7.40575e-05
1.28321e-10	7.46281e-05
1.28368e-10	7.51994e-05
1.28414e-10	7.57716e-05
1.2846e-10	7.63445e-05
1.28507e-10	7.69183e-05
1.28553e-10	7.74928e-05
1.286e-10	7.80682e-05
1.28646e-10	7.86444e-05
1.28693e-10	7.92214e-05
1.28739e-10	7.97992e-05
1.28785e-10	8.03778e-05
1.28832e-10	8.09573e-05
1.28878e-10	8.15375e-05
1.28925e-10	8.21186e-05
1.28971e-10	8.27004e-05
1.29017e-10	8.32831e-05
1.29064e-10	8.38666e-05
1.2911e-10	8.4451e-05
1.29157e-10	8.50361e-05
1.29203e-10	8.5622e-05
1.2925e-10	8.62088e-05
1.29296e-10	8.67964e-05
1.29342e-10	8.73848e-05
1.29389e-10	8.7974e-05
1.29435e-10	8.85641e-05
1.29482e-10	8.9155e-05
1.29528e-10	8.97466e-05
1.29574e-10	9.03392e-05
1.29621e-10	9.09325e-05
1.29667e-10	9.15267e-05
1.29714e-10	9.21217e-05
1.2976e-10	9.27175e-05
1.29807e-10	9.33141e-05
1.29853e-10	9.39116e-05
1.29899e-10	9.45099e-05
1.29946e-10	9.5109e-05
1.29992e-10	9.5709e-05
1.30039e-10	9.63098e-05
1.30085e-10	9.69114e-05
1.30131e-10	9.75138e-05
1.30178e-10	9.81171e-05
1.30224e-10	9.87212e-05
1.30271e-10	9.93262e-05
1.30317e-10	9.9932e-05
1.30364e-10	0.000100539
1.3041e-10	0.000101146
1.30456e-10	0.000101754
1.30503e-10	0.000102364
1.30549e-10	0.000102973
1.30596e-10	0.000103584
1.30642e-10	0.000104196
1.30688e-10	0.000104808
1.30735e-10	0.000105422
1.30781e-10	0.000106036
1.30828e-10	0.000106651
1.30874e-10	0.000107267
1.30921e-10	0.000107884
1.30967e-10	0.000108501
1.31013e-10	0.000109119
1.3106e-10	0.000109739
1.31106e-10	0.000110359
1.31153e-10	0.00011098
1.31199e-10	0.000111602
1.31245e-10	0.000112224
1.31292e-10	0.000112848
1.31338e-10	0.000113472
1.31385e-10	0.000114097
1.31431e-10	0.000114723
1.31478e-10	0.00011535
1.31524e-10	0.000115978
1.3157e-10	0.000116607
1.31617e-10	0.000117236
1.31663e-10	0.000117866
1.3171e-10	0.000118497
1.31756e-10	0.00011913
1.31802e-10	0.000119762
1.31849e-10	0.000120396
1.31895e-10	0.000121031
1.31942e-10	0.000121666
1.31988e-10	0.000122303
1.32035e-10	0.00012294
1.32081e-10	0.000123578
1.32127e-10	0.000124217
1.32174e-10	0.000124857
1.3222e-10	0.000125497
1.32267e-10	0.000126139
1.32313e-10	0.000126781
1.32359e-10	0.000127424
1.32406e-10	0.000128068
1.32452e-10	0.000128713
1.32499e-10	0.000129359
1.32545e-10	0.000130006
1.32592e-10	0.000130654
1.32638e-10	0.000131302
1.32684e-10	0.000131951
1.32731e-10	0.000132602
1.32777e-10	0.000133253
1.32824e-10	0.000133905
1.3287e-10	0.000134558
1.32916e-10	0.000135211
1.32963e-10	0.000135866
1.33009e-10	0.000136521
1.33056e-10	0.000137178
1.33102e-10	0.000137835
1.33149e-10	0.000138493
1.33195e-10	0.000139152
1.33241e-10	0.000139812
1.33288e-10	0.000140473
1.33334e-10	0.000141134
1.33381e-10	0.000141797
1.33427e-10	0.00014246
1.33474e-10	0.000143124
1.3352e-10	0.00014379
1.33566e-10	0.000144456
1.33613e-10	0.000145123
1.33659e-10	0.00014579
1.33706e-10	0.000146459
1.33752e-10	0.000147129
1.33798e-10	0.000147799
1.33845e-10	0.000148471
1.33891e-10	0.000149143
1.33938e-10	0.000149816
1.33984e-10	0.00015049
1.34031e-10	0.000151165
1.34077e-10	0.000151841
1.34123e-10	0.000152518
1.3417e-10	0.000153196
1.34216e-10	0.000153874
1.34263e-10	0.000154554
1.34309e-10	0.000155234
1.34355e-10	0.000155915
1.34402e-10	0.000156597
1.34448e-10	0.00015728
1.34495e-10	0.000157964
1.34541e-10	0.000158649
1.34588e-10	0.000159335
1.34634e-10	0.000160022
1.3468e-10	0.000160709
1.34727e-10	0.000161398
1.34773e-10	0.000162087
1.3482e-10	0.000162777
1.34866e-10	0.000163469
1.34912e-10	0.000164161
1.34959e-10	0.000164854
1.35005e-10	0.000165548
1.35052e-10	0.000166243
1.35098e-10	0.000166938
1.35145e-10	0.000167635
1.35191e-10	0.000168333
1.35237e-10	0.000169031
1.35284e-10	0.00016973
1.3533e-10	0.000170431
1.35377e-10	0.000171132
1.35423e-10	0.000171834
1.35469e-10	0.000172537
1.35516e-10	0.000173241
1.35562e-10	0.000173946
1.35609e-10	0.000174652
1.35655e-10	0.000175359
1.35702e-10	0.000176066
1.35748e-10	0.000176775
1.35794e-10	0.000177485
1.35841e-10	0.000178195
1.35887e-10	0.000178906
1.35934e-10	0.000179619
1.3598e-10	0.000180332
1.36026e-10	0.000181046
1.36073e-10	0.000181761
1.36119e-10	0.000182477
1.36166e-10	0.000183194
1.36212e-10	0.000183912
1.36259e-10	0.000184631
1.36305e-10	0.00018535
1.36351e-10	0.000186071
1.36398e-10	0.000186793
1.36444e-10	0.000187515
1.36491e-10	0.000188239
1.36537e-10	0.000188963
1.36583e-10	0.000189688
1.3663e-10	0.000190415
1.36676e-10	0.000191142
1.36723e-10	0.00019187
1.36769e-10	0.000192599
1.36816e-10	0.000193329
1.36862e-10	0.00019406
1.36908e-10	0.000194792
1.36955e-10	0.000195525
1.37001e-10	0.000196259
1.37048e-10	0.000196994
1.37094e-10	0.000197729
1.3714e-10	0.000198466
1.37187e-10	0.000199204
1.37233e-10	0.000199942
1.3728e-10	0.000200682
1.37326e-10	0.000201422
1.37373e-10	0.000202163
1.37419e-10	0.000202906
1.37465e-10	0.000203649
1.37512e-10	0.000204393
1.37558e-10	0.000205138
1.37605e-10	0.000205885
1.37651e-10	0.000206632
1.37697e-10	0.00020738
1.37744e-10	0.000208129
1.3779e-10	0.000208879
1.37837e-10	0.00020963
1.37883e-10	0.000210382
1.3793e-10	0.000211134
1.37976e-10	0.000211888
1.38022e-10	0.000212643
1.38069e-10	0.000213399
1.38115e-10	0.000214155
1.38162e-10	0.000214913
1.38208e-10	0.000215672
1.38255e-10	0.000216431
1.38301e-10	0.000217192
1.38347e-10	0.000217953
1.38394e-10	0.000218716
1.3844e-10	0.000219479
1.38487e-10	0.000220244
1.38533e-10	0.000221009
1.38579e-10	0.000221775
1.38626e-10	0.000222543
1.38672e-10	0.000223311
1.38719e-10	0.00022408
1.38765e-10	0.000224851
1.38812e-10	0.000225622
1.38858e-10	0.000226394
1.38904e-10	0.000227167
1.38951e-10	0.000227941
1.38997e-10	0.000228716
1.39044e-10	0.000229493
1.3909e-10	0.00023027
1.39136e-10	0.000231048
1.39183e-10	0.000231827
1.39229e-10	0.000232607
1.39276e-10	0.000233388
1.39322e-10	0.00023417
1.39369e-10	0.000234953
1.39415e-10	0.000235737
1.39461e-10	0.000236522
1.39508e-10	0.000237308
1.39554e-10	0.000238094
1.39601e-10	0.000238882
1.39647e-10	0.000239671
1.39693e-10	0.000240461
1.3974e-10	0.000241252
1.39786e-10	0.000242044
1.39833e-10	0.000242837
1.39879e-10	0.000243631
1.39926e-10	0.000244425
1.39972e-10	0.000245221
1.40018e-10	0.000246018
1.40065e-10	0.000246816
1.40111e-10	0.000247615
1.40158e-10	0.000248415
1.40204e-10	0.000249215
1.4025e-10	0.000250017
1.40297e-10	0.00025082
1.40343e-10	0.000251624
1.4039e-10	0.000252429
1.40436e-10	0.000253235
1.40483e-10	0.000254041
1.40529e-10	0.000254849
1.40575e-10	0.000255658
1.40622e-10	0.000256468
1.40668e-10	0.000257279
1.40715e-10	0.000258091
1.40761e-10	0.000258904
1.40807e-10	0.000259717
1.40854e-10	0.000260532
1.409e-10	0.000261348
1.40947e-10	0.000262165
1.40993e-10	0.000262983
1.4104e-10	0.000263802
1.41086e-10	0.000264622
1.41132e-10	0.000265443
1.41179e-10	0.000266265
1.41225e-10	0.000267088
1.41272e-10	0.000267912
1.41318e-10	0.000268737
1.41364e-10	0.000269563
1.41411e-10	0.00027039
1.41457e-10	0.000271218
1.41504e-10	0.000272047
1.4155e-10	0.000272877
1.41597e-10	0.000273709
1.41643e-10	0.000274541
1.41689e-10	0.000275374
1.41736e-10	0.000276208
1.41782e-10	0.000277043
1.41829e-10	0.00027788
1.41875e-10	0.000278717
1.41921e-10	0.000279555
1.41968e-10	0.000280395
1.42014e-10	0.000281235
1.42061e-10	0.000282076
1.42107e-10	0.000282919
1.42154e-10	0.000283762
1.422e-10	0.000284607
1.42246e-10	0.000285453
1.42293e-10	0.000286299
1.42339e-10	0.000287147
1.42386e-10	0.000287995
1.42432e-10	0.000288845
1.42478e-10	0.000289696
1.42525e-10	0.000290548
1.42571e-10	0.0002914
1.42618e-10	0.000292254
1.42664e-10	0.000293109
1.42711e-10	0.000293965
1.42757e-10	0.000294822
1.42803e-10	0.00029568
1.4285e-10	0.000296539
1.42896e-10	0.000297399
1.42943e-10	0.000298261
1.42989e-10	0.000299123
1.43036e-10	0.000299986
1.43082e-10	0.00030085
1.43128e-10	0.000301716
1.43175e-10	0.000302582
1.43221e-10	0.00030345
1.43268e-10	0.000304318
1.43314e-10	0.000305188
1.4336e-10	0.000306058
1.43407e-10	0.00030693
1.43453e-10	0.000307803
1.435e-10	0.000308676
1.43546e-10	0.000309551
1.43593e-10	0.000310427
1.43639e-10	0.000311304
1.43685e-10	0.000312182
1.43732e-10	0.000313061
1.43778e-10	0.000313941
1.43825e-10	0.000314823
1.43871e-10	0.000315705
1.43917e-10	0.000316588
1.43964e-10	0.000317473
1.4401e-10	0.000318358
1.44057e-10	0.000319245
1.44103e-10	0.000320132
1.4415e-10	0.000321021
1.44196e-10	0.000321911
1.44242e-10	0.000322801
1.44289e-10	0.000323693
1.44335e-10	0.000324586
1.44382e-10	0.00032548
1.44428e-10	0.000326375
1.44474e-10	0.000327272
1.44521e-10	0.000328169
1.44567e-10	0.000329067
1.44614e-10	0.000329966
1.4466e-10	0.000330867
1.44707e-10	0.000331769
1.44753e-10	0.000332671
1.44799e-10	0.000333575
1.44846e-10	0.00033448
1.44892e-10	0.000335385
1.44939e-10	0.000336292
1.44985e-10	0.0003372
1.45031e-10	0.00033811
1.45078e-10	0.00033902
1.45124e-10	0.000339931
1.45171e-10	0.000340843
1.45217e-10	0.000341757
1.45264e-10	0.000342671
1.4531e-10	0.000343587
1.45356e-10	0.000344504
1.45403e-10	0.000345422
1.45449e-10	0.000346341
1.45496e-10	0.000347261
1.45542e-10	0.000348182
1.45588e-10	0.000349104
1.45635e-10	0.000350027
1.45681e-10	0.000350952
1.45728e-10	0.000351877
1.45774e-10	0.000352804
1.45821e-10	0.000353731
1.45867e-10	0.00035466
1.45913e-10	0.00035559
1.4596e-10	0.000356521
1.46006e-10	0.000357453
1.46053e-10	0.000358386
1.46099e-10	0.00035932
1.46145e-10	0.000360256
1.46192e-10	0.000361192
1.46238e-10	0.00036213
1.46285e-10	0.000363069
1.46331e-10	0.000364008
1.46378e-10	0.000364949
1.46424e-10	0.000365891
1.4647e-10	0.000366834
1.46517e-10	0.000367779
1.46563e-10	0.000368724
1.4661e-10	0.000369671
1.46656e-10	0.000370618
1.46702e-10	0.000371567
1.46749e-10	0.000372517
1.46795e-10	0.000373468
1.46842e-10	0.00037442
1.46888e-10	0.000375373
1.46935e-10	0.000376327
1.46981e-10	0.000377283
1.47027e-10	0.000378239
1.47074e-10	0.000379197
1.4712e-10	0.000380155
1.47167e-10	0.000381115
1.47213e-10	0.000382076
1.4726e-10	0.000383039
1.47306e-10	0.000384002
1.47352e-10	0.000384966
1.47399e-10	0.000385932
1.47445e-10	0.000386898
1.47492e-10	0.000387866
1.47538e-10	0.000388835
1.47584e-10	0.000389805
1.47631e-10	0.000390776
1.47677e-10	0.000391749
1.47724e-10	0.000392722
1.4777e-10	0.000393697
1.47817e-10	0.000394672
1.47863e-10	0.000395649
1.47909e-10	0.000396627
1.47956e-10	0.000397606
1.48002e-10	0.000398586
1.48049e-10	0.000399568
1.48095e-10	0.00040055
1.48141e-10	0.000401534
1.48188e-10	0.000402519
1.48234e-10	0.000403505
1.48281e-10	0.000404492
1.48327e-10	0.00040548
1.48374e-10	0.00040647
1.4842e-10	0.00040746
1.48466e-10	0.000408452
1.48513e-10	0.000409445
1.48559e-10	0.000410439
1.48606e-10	0.000411434
1.48652e-10	0.00041243
1.48698e-10	0.000413427
1.48745e-10	0.000414426
1.48791e-10	0.000415426
1.48838e-10	0.000416427
1.48884e-10	0.000417429
1.48931e-10	0.000418432
1.48977e-10	0.000419436
1.49023e-10	0.000420442
1.4907e-10	0.000421448
1.49116e-10	0.000422456
1.49163e-10	0.000423465
1.49209e-10	0.000424475
1.49255e-10	0.000425487
1.49302e-10	0.000426499
1.49348e-10	0.000427513
1.49395e-10	0.000428528
1.49441e-10	0.000429544
1.49488e-10	0.000430561
1.49534e-10	0.000431579
1.4958e-10	0.000432598
1.49627e-10	0.000433619
1.49673e-10	0.000434641
1.4972e-10	0.000435664
1.49766e-10	0.000436688
1.49812e-10	0.000437713
1.49859e-10	0.00043874
1.49905e-10	0.000439768
1.49952e-10	0.000440796
1.49998e-10	0.000441826
1.50045e-10	0.000442858
1.50091e-10	0.00044389
1.50137e-10	0.000444924
1.50184e-10	0.000445958
1.5023e-10	0.000446994
1.50277e-10	0.000448031
1.50323e-10	0.00044907
1.50369e-10	0.000450109
1.50416e-10	0.00045115
1.50462e-10	0.000452191
1.50509e-10	0.000453234
1.50555e-10	0.000454279
1.50602e-10	0.000455324
1.50648e-10	0.000456371
1.50694e-10	0.000457418
1.50741e-10	0.000458467
1.50787e-10	0.000459517
1.50834e-10	0.000460569
1.5088e-10	0.000461621
1.50926e-10	0.000462675
1.50973e-10	0.00046373
1.51019e-10	0.000464786
1.51066e-10	0.000465843
1.51112e-10	0.000466902
1.51159e-10	0.000467962
1.51205e-10	0.000469022
1.51251e-10	0.000470085
1.51298e-10	0.000471148
1.51344e-10	0.000472212
1.51391e-10	0.000473278
1.51437e-10	0.000474345
1.51483e-10	0.000475413
1.5153e-10	0.000476482
1.51576e-10	0.000477553
1.51623e-10	0.000478625
1.51669e-10	0.000479697
1.51716e-10	0.000480772
1.51762e-10	0.000481847
1.51808e-10	0.000482923
1.51855e-10	0.000484001
1.51901e-10	0.00048508
1.51948e-10	0.00048616
1.51994e-10	0.000487242
1.52041e-10	0.000488324
1.52087e-10	0.000489408
1.52133e-10	0.000490493
1.5218e-10	0.00049158
1.52226e-10	0.000492667
1.52273e-10	0.000493756
1.52319e-10	0.000494846
1.52365e-10	0.000495937
1.52412e-10	0.000497029
1.52458e-10	0.000498123
1.52505e-10	0.000499218
1.52551e-10	0.000500314
1.52598e-10	0.000501411
1.52644e-10	0.000502509
1.5269e-10	0.000503609
1.52737e-10	0.00050471
1.52783e-10	0.000505812
1.5283e-10	0.000506916
1.52876e-10	0.00050802
1.52922e-10	0.000509126
1.52969e-10	0.000510233
1.53015e-10	0.000511341
1.53062e-10	0.000512451
1.53108e-10	0.000513562
1.53155e-10	0.000514674
1.53201e-10	0.000515787
1.53247e-10	0.000516902
1.53294e-10	0.000518017
1.5334e-10	0.000519134
1.53387e-10	0.000520253
1.53433e-10	0.000521372
1.53479e-10	0.000522493
1.53526e-10	0.000523615
1.53572e-10	0.000524738
1.53619e-10	0.000525862
1.53665e-10	0.000526988
1.53712e-10	0.000528115
1.53758e-10	0.000529243
1.53804e-10	0.000530372
1.53851e-10	0.000531503
1.53897e-10	0.000532635
1.53944e-10	0.000533768
1.5399e-10	0.000534903
1.54036e-10	0.000536038
1.54083e-10	0.000537175
1.54129e-10	0.000538313
1.54176e-10	0.000539453
1.54222e-10	0.000540594
1.54269e-10	0.000541736
1.54315e-10	0.000542879
1.54361e-10	0.000544023
1.54408e-10	0.000545169
1.54454e-10	0.000546316
1.54501e-10	0.000547464
1.54547e-10	0.000548614
1.54593e-10	0.000549764
1.5464e-10	0.000550917
1.54686e-10	0.00055207
1.54733e-10	0.000553224
1.54779e-10	0.00055438
1.54826e-10	0.000555537
1.54872e-10	0.000556696
1.54918e-10	0.000557855
1.54965e-10	0.000559016
1.55011e-10	0.000560178
1.55058e-10	0.000561342
1.55104e-10	0.000562507
1.5515e-10	0.000563673
1.55197e-10	0.00056484
1.55243e-10	0.000566009
1.5529e-10	0.000567178
1.55336e-10	0.000568349
1.55383e-10	0.000569522
1.55429e-10	0.000570696
1.55475e-10	0.000571871
1.55522e-10	0.000573047
1.55568e-10	0.000574224
1.55615e-10	0.000575403
1.55661e-10	0.000576583
1.55707e-10	0.000577765
1.55754e-10	0.000578947
1.558e-10	0.000580131
1.55847e-10	0.000581316
1.55893e-10	0.000582503
1.5594e-10	0.000583691
1.55986e-10	0.00058488
1.56032e-10	0.00058607
1.56079e-10	0.000587262
1.56125e-10	0.000588455
1.56172e-10	0.000589649
1.56218e-10	0.000590845
1.56264e-10	0.000592042
1.56311e-10	0.00059324
1.56357e-10	0.000594439
1.56404e-10	0.00059564
1.5645e-10	0.000596842
1.56497e-10	0.000598045
1.56543e-10	0.00059925
1.56589e-10	0.000600456
1.56636e-10	0.000601663
1.56682e-10	0.000602872
1.56729e-10	0.000604082
1.56775e-10	0.000605293
1.56822e-10	0.000606506
1.56868e-10	0.000607719
1.56914e-10	0.000608934
1.56961e-10	0.000610151
1.57007e-10	0.000611369
1.57054e-10	0.000612588
1.571e-10	0.000613808
1.57146e-10	0.00061503
1.57193e-10	0.000616253
1.57239e-10	0.000617477
1.57286e-10	0.000618703
1.57332e-10	0.00061993
1.57379e-10	0.000621158
1.57425e-10	0.000622387
1.57471e-10	0.000623618
1.57518e-10	0.00062485
1.57564e-10	0.000626084
1.57611e-10	0.000627319
1.57657e-10	0.000628555
1.57703e-10	0.000629793
1.5775e-10	0.000631031
1.57796e-10	0.000632271
1.57843e-10	0.000633513
1.57889e-10	0.000634756
1.57936e-10	0.000636
1.57982e-10	0.000637245
1.58028e-10	0.000638492
1.58075e-10	0.00063974
1.58121e-10	0.00064099
1.58168e-10	0.000642241
1.58214e-10	0.000643493
1.5826e-10	0.000644746
1.58307e-10	0.000646001
1.58353e-10	0.000647257
1.584e-10	0.000648515
1.58446e-10	0.000649773
1.58493e-10	0.000651034
1.58539e-10	0.000652295
1.58585e-10	0.000653558
1.58632e-10	0.000654822
1.58678e-10	0.000656088
1.58725e-10	0.000657355
1.58771e-10	0.000658623
1.58817e-10	0.000659892
1.58864e-10	0.000661163
1.5891e-10	0.000662436
1.58957e-10	0.000663709
1.59003e-10	0.000664984
1.5905e-10	0.00066626
1.59096e-10	0.000667538
1.59142e-10	0.000668817
1.59189e-10	0.000670098
1.59235e-10	0.000671379
1.59282e-10	0.000672662
1.59328e-10	0.000673947
1.59374e-10	0.000675233
1.59421e-10	0.00067652
1.59467e-10	0.000677808
1.59514e-10	0.000679098
1.5956e-10	0.000680389
1.59607e-10	0.000681682
1.59653e-10	0.000682976
1.59699e-10	0.000684271
1.59746e-10	0.000685568
1.59792e-10	0.000686866
1.59839e-10	0.000688166
1.59885e-10	0.000689466
1.59931e-10	0.000690769
1.59978e-10	0.000692072
1.60024e-10	0.000693377
1.60071e-10	0.000694683
1.60117e-10	0.000695991
1.60164e-10	0.0006973
1.6021e-10	0.00069861
1.60256e-10	0.000699922
1.60303e-10	0.000701235
1.60349e-10	0.00070255
1.60396e-10	0.000703866
1.60442e-10	0.000705183
1.60488e-10	0.000706502
1.60535e-10	0.000707822
1.60581e-10	0.000709143
1.60628e-10	0.000710466
1.60674e-10	0.00071179
1.60721e-10	0.000713116
1.60767e-10	0.000714443
1.60813e-10	0.000715771
1.6086e-10	0.000717101
1.60906e-10	0.000718432
1.60953e-10	0.000719765
1.60999e-10	0.000721098
1.61045e-10	0.000722434
1.61092e-10	0.00072377
1.61138e-10	0.000725109
1.61185e-10	0.000726448
1.61231e-10	0.000727789
1.61278e-10	0.000729131
1.61324e-10	0.000730475
1.6137e-10	0.00073182
1.61417e-10	0.000733166
1.61463e-10	0.000734514
1.6151e-10	0.000735864
1.61556e-10	0.000737214
1.61603e-10	0.000738566
1.61649e-10	0.00073992
1.61695e-10	0.000741275
1.61742e-10	0.000742631
1.61788e-10	0.000743989
1.61835e-10	0.000745348
1.61881e-10	0.000746708
1.61927e-10	0.00074807
1.61974e-10	0.000749434
1.6202e-10	0.000750798
1.62067e-10	0.000752164
1.62113e-10	0.000753532
1.6216e-10	0.000754901
1.62206e-10	0.000756271
1.62252e-10	0.000757643
1.62299e-10	0.000759016
1.62345e-10	0.000760391
1.62392e-10	0.000761767
1.62438e-10	0.000763145
1.62484e-10	0.000764524
1.62531e-10	0.000765904
1.62577e-10	0.000767286
1.62624e-10	0.000768669
1.6267e-10	0.000770053
1.62717e-10	0.000771439
1.62763e-10	0.000772827
1.62809e-10	0.000774216
1.62856e-10	0.000775606
1.62902e-10	0.000776998
1.62949e-10	0.000778391
1.62995e-10	0.000779786
1.63041e-10	0.000781182
1.63088e-10	0.000782579
1.63134e-10	0.000783978
1.63181e-10	0.000785378
1.63227e-10	0.00078678
1.63274e-10	0.000788183
1.6332e-10	0.000789588
1.63366e-10	0.000790994
1.63413e-10	0.000792401
1.63459e-10	0.00079381
1.63506e-10	0.000795221
1.63552e-10	0.000796633
1.63598e-10	0.000798046
1.63645e-10	0.000799461
1.63691e-10	0.000800877
1.63738e-10	0.000802294
1.63784e-10	0.000803714
1.63831e-10	0.000805134
1.63877e-10	0.000806556
1.63923e-10	0.000807979
1.6397e-10	0.000809404
1.64016e-10	0.000810831
1.64063e-10	0.000812258
1.64109e-10	0.000813688
1.64155e-10	0.000815118
1.64202e-10	0.00081655
1.64248e-10	0.000817984
1.64295e-10	0.000819419
1.64341e-10	0.000820856
1.64388e-10	0.000822294
1.64434e-10	0.000823733
1.6448e-10	0.000825174
1.64527e-10	0.000826616
1.64573e-10	0.00082806
1.6462e-10	0.000829505
1.64666e-10	0.000830952
1.64712e-10	0.0008324
1.64759e-10	0.00083385
1.64805e-10	0.000835301
1.64852e-10	0.000836754
1.64898e-10	0.000838208
1.64945e-10	0.000839663
1.64991e-10	0.00084112
1.65037e-10	0.000842579
1.65084e-10	0.000844039
1.6513e-10	0.0008455
1.65177e-10	0.000846963
1.65223e-10	0.000848428
1.65269e-10	0.000849893
1.65316e-10	0.000851361
1.65362e-10	0.00085283
1.65409e-10	0.0008543
1.65455e-10	0.000855772
1.65502e-10	0.000857245
1.65548e-10	0.00085872
1.65594e-10	0.000860196
1.65641e-10	0.000861674
1.65687e-10	0.000863153
1.65734e-10	0.000864634
1.6578e-10	0.000866116
1.65826e-10	0.0008676
1.65873e-10	0.000869085
1.65919e-10	0.000870571
1.65966e-10	0.00087206
1.66012e-10	0.000873549
1.66059e-10	0.00087504
1.66105e-10	0.000876533
1.66151e-10	0.000878027
1.66198e-10	0.000879523
1.66244e-10	0.00088102
1.66291e-10	0.000882519
1.66337e-10	0.000884019
1.66384e-10	0.00088552
1.6643e-10	0.000887023
1.66476e-10	0.000888528
1.66523e-10	0.000890034
1.66569e-10	0.000891542
1.66616e-10	0.000893051
1.66662e-10	0.000894562
1.66708e-10	0.000896074
1.66755e-10	0.000897587
1.66801e-10	0.000899103
1.66848e-10	0.000900619
1.66894e-10	0.000902137
1.66941e-10	0.000903657
1.66987e-10	0.000905178
1.67033e-10	0.000906701
1.6708e-10	0.000908225
1.67126e-10	0.000909751
1.67173e-10	0.000911278
1.67219e-10	0.000912807
1.67265e-10	0.000914338
1.67312e-10	0.000915869
1.67358e-10	0.000917403
1.67405e-10	0.000918938
1.67451e-10	0.000920474
1.67498e-10	0.000922012
1.67544e-10	0.000923552
1.6759e-10	0.000925092
1.67637e-10	0.000926635
1.67683e-10	0.000928179
1.6773e-10	0.000929725
1.67776e-10	0.000931272
1.67822e-10	0.00093282
1.67869e-10	0.00093437
1.67915e-10	0.000935922
1.67962e-10	0.000937475
1.68008e-10	0.00093903
1.68055e-10	0.000940586
1.68101e-10	0.000942144
1.68147e-10	0.000943704
1.68194e-10	0.000945264
1.6824e-10	0.000946827
1.68287e-10	0.000948391
1.68333e-10	0.000949956
1.68379e-10	0.000951523
1.68426e-10	0.000953092
1.68472e-10	0.000954662
1.68519e-10	0.000956234
1.68565e-10	0.000957807
1.68612e-10	0.000959382
1.68658e-10	0.000960958
1.68704e-10	0.000962536
1.68751e-10	0.000964116
1.68797e-10	0.000965697
1.68844e-10	0.000967279
1.6889e-10	0.000968863
1.68936e-10	0.000970449
1.68983e-10	0.000972036
1.69029e-10	0.000973625
1.69076e-10	0.000975215
1.69122e-10	0.000976807
1.69169e-10	0.0009784
1.69215e-10	0.000979995
1.69261e-10	0.000981592
1.69308e-10	0.00098319
1.69354e-10	0.00098479
1.69401e-10	0.000986391
1.69447e-10	0.000987994
1.69493e-10	0.000989598
1.6954e-10	0.000991204
1.69586e-10	0.000992812
1.69633e-10	0.000994421
1.69679e-10	0.000996031
1.69726e-10	0.000997643
1.69772e-10	0.000999257
1.69818e-10	0.00100087
1.69865e-10	0.00100249
1.69911e-10	0.00100411
1.69958e-10	0.00100573
1.70004e-10	0.00100735
1.7005e-10	0.00100897
1.70097e-10	0.0010106
1.70143e-10	0.00101222
1.7019e-10	0.00101385
1.70236e-10	0.00101548
1.70283e-10	0.00101711
1.70329e-10	0.00101875
1.70375e-10	0.00102038
1.70422e-10	0.00102202
1.70468e-10	0.00102365
1.70515e-10	0.00102529
1.70561e-10	0.00102693
1.70608e-10	0.00102858
1.70654e-10	0.00103022
1.707e-10	0.00103186
1.70747e-10	0.00103351
1.70793e-10	0.00103516
1.7084e-10	0.00103681
1.70886e-10	0.00103846
1.70932e-10	0.00104012
1.70979e-10	0.00104177
1.71025e-10	0.00104343
1.71072e-10	0.00104508
1.71118e-10	0.00104674
1.71165e-10	0.00104841
1.71211e-10	0.00105007
1.71257e-10	0.00105173
1.71304e-10	0.0010534
1.7135e-10	0.00105507
1.71397e-10	0.00105674
1.71443e-10	0.00105841
1.71489e-10	0.00106008
1.71536e-10	0.00106175
1.71582e-10	0.00106343
1.71629e-10	0.00106511
1.71675e-10	0.00106679
1.71722e-10	0.00106847
1.71768e-10	0.00107015
1.71814e-10	0.00107183
1.71861e-10	0.00107352
1.71907e-10	0.00107521
1.71954e-10	0.00107689
1.72e-10	0.00107859
1.72046e-10	0.00108028
1.72093e-10	0.00108197
1.72139e-10	0.00108367
1.72186e-10	0.00108536
1.72232e-10	0.00108706
1.72279e-10	0.00108876
1.72325e-10	0.00109046
1.72371e-10	0.00109217
1.72418e-10	0.00109387
1.72464e-10	0.00109558
1.72511e-10	0.00109729
1.72557e-10	0.001099
1.72603e-10	0.00110071
1.7265e-10	0.00110242
1.72696e-10	0.00110414
1.72743e-10	0.00110585
1.72789e-10	0.00110757
1.72836e-10	0.00110929
1.72882e-10	0.00111101
1.72928e-10	0.00111273
1.72975e-10	0.00111446
1.73021e-10	0.00111618
1.73068e-10	0.00111791
1.73114e-10	0.00111964
1.7316e-10	0.00112137
1.73207e-10	0.00112311
1.73253e-10	0.00112484
1.733e-10	0.00112658
1.73346e-10	0.00112831
1.73393e-10	0.00113005
1.73439e-10	0.00113179
1.73485e-10	0.00113354
1.73532e-10	0.00113528
1.73578e-10	0.00113703
1.73625e-10	0.00113877
1.73671e-10	0.00114052
1.73717e-10	0.00114227
1.73764e-10	0.00114403
1.7381e-10	0.00114578
1.73857e-10	0.00114754
1.73903e-10	0.00114929
1.7395e-10	0.00115105
1.73996e-10	0.00115281
1.74042e-10	0.00115458
1.74089e-10	0.00115634
1.74135e-10	0.00115811
1.74182e-10	0.00115987
1.74228e-10	0.00116164
1.74274e-10	0.00116341
1.74321e-10	0.00116519
1.74367e-10	0.00116696
1.74414e-10	0.00116874
1.7446e-10	0.00117051
1.74507e-10	0.00117229
1.74553e-10	0.00117407
1.74599e-10	0.00117586
1.74646e-10	0.00117764
1.74692e-10	0.00117943
1.74739e-10	0.00118121
1.74785e-10	0.001183
1.74831e-10	0.00118479
1.74878e-10	0.00118659
1.74924e-10	0.00118838
1.74971e-10	0.00119018
1.75017e-10	0.00119197
1.75064e-10	0.00119377
1.7511e-10	0.00119558
1.75156e-10	0.00119738
1.75203e-10	0.00119918
1.75249e-10	0.00120099
1.75296e-10	0.0012028
1.75342e-10	0.00120461
1.75389e-10	0.00120642
1.75435e-10	0.00120823
1.75481e-10	0.00121004
1.75528e-10	0.00121186
1.75574e-10	0.00121368
1.75621e-10	0.0012155
1.75667e-10	0.00121732
1.75713e-10	0.00121914
1.7576e-10	0.00122097
1.75806e-10	0.00122279
1.75853e-10	0.00122462
1.75899e-10	0.00122645
1.75946e-10	0.00122828
1.75992e-10	0.00123011
1.76038e-10	0.00123195
1.76085e-10	0.00123379
1.76131e-10	0.00123562
1.76178e-10	0.00123746
1.76224e-10	0.00123931
1.7627e-10	0.00124115
1.76317e-10	0.00124299
1.76363e-10	0.00124484
1.7641e-10	0.00124669
1.76456e-10	0.00124854
1.76503e-10	0.00125039
1.76549e-10	0.00125225
1.76595e-10	0.0012541
1.76642e-10	0.00125596
1.76688e-10	0.00125782
1.76735e-10	0.00125968
1.76781e-10	0.00126154
1.76827e-10	0.0012634
1.76874e-10	0.00126527
1.7692e-10	0.00126714
1.76967e-10	0.00126901
1.77013e-10	0.00127088
1.7706e-10	0.00127275
1.77106e-10	0.00127462
1.77152e-10	0.0012765
1.77199e-10	0.00127838
1.77245e-10	0.00128026
1.77292e-10	0.00128214
1.77338e-10	0.00128402
1.77384e-10	0.00128591
1.77431e-10	0.00128779
1.77477e-10	0.00128968
1.77524e-10	0.00129157
1.7757e-10	0.00129346
1.77617e-10	0.00129536
1.77663e-10	0.00129725
1.77709e-10	0.00129915
1.77756e-10	0.00130105
1.77802e-10	0.00130295
1.77849e-10	0.00130485
1.77895e-10	0.00130675
1.77941e-10	0.00130866
1.77988e-10	0.00131057
1.78034e-10	0.00131247
1.78081e-10	0.00131439
1.78127e-10	0.0013163
1.78174e-10	0.00131821
1.7822e-10	0.00132013
1.78266e-10	0.00132205
1.78313e-10	0.00132397
1.78359e-10	0.00132589
1.78406e-10	0.00132781
1.78452e-10	0.00132973
1.78498e-10	0.00133166
1.78545e-10	0.00133359
1.78591e-10	0.00133552
1.78638e-10	0.00133745
1.78684e-10	0.00133939
1.78731e-10	0.00134132
1.78777e-10	0.00134326
1.78823e-10	0.0013452
1.7887e-10	0.00134714
1.78916e-10	0.00134908
1.78963e-10	0.00135102
1.79009e-10	0.00135297
1.79055e-10	0.00135492
1.79102e-10	0.00135687
1.79148e-10	0.00135882
1.79195e-10	0.00136077
1.79241e-10	0.00136273
1.79288e-10	0.00136468
1.79334e-10	0.00136664
1.7938e-10	0.0013686
1.79427e-10	0.00137056
1.79473e-10	0.00137253
1.7952e-10	0.00137449
1.79566e-10	0.00137646
1.79612e-10	0.00137843
1.79659e-10	0.0013804
1.79705e-10	0.00138237
1.79752e-10	0.00138435
1.79798e-10	0.00138632
1.79845e-10	0.0013883
1.79891e-10	0.00139028
1.79937e-10	0.00139226
1.79984e-10	0.00139424
1.8003e-10	0.00139623
1.80077e-10	0.00139822
1.80123e-10	0.0014002
1.8017e-10	0.0014022
1.80216e-10	0.00140419
1.80262e-10	0.00140618
1.80309e-10	0.00140818
1.80355e-10	0.00141017
1.80402e-10	0.00141217
1.80448e-10	0.00141418
1.80494e-10	0.00141618
1.80541e-10	0.00141818
1.80587e-10	0.00142019
1.80634e-10	0.0014222
1.8068e-10	0.00142421
1.80727e-10	0.00142622
1.80773e-10	0.00142823
1.80819e-10	0.00143025
1.80866e-10	0.00143227
1.80912e-10	0.00143429
1.80959e-10	0.00143631
1.81005e-10	0.00143833
1.81051e-10	0.00144036
1.81098e-10	0.00144238
1.81144e-10	0.00144441
1.81191e-10	0.00144644
1.81237e-10	0.00144847
1.81284e-10	0.00145051
1.8133e-10	0.00145254
1.81376e-10	0.00145458
1.81423e-10	0.00145662
1.81469e-10	0.00145866
1.81516e-10	0.0014607
1.81562e-10	0.00146275
1.81608e-10	0.00146479
1.81655e-10	0.00146684
1.81701e-10	0.00146889
1.81748e-10	0.00147094
1.81794e-10	0.001473
1.81841e-10	0.00147505
1.81887e-10	0.00147711
1.81933e-10	0.00147917
1.8198e-10	0.00148123
1.82026e-10	0.00148329
1.82073e-10	0.00148536
1.82119e-10	0.00148742
1.82165e-10	0.00148949
1.82212e-10	0.00149156
1.82258e-10	0.00149364
1.82305e-10	0.00149571
1.82351e-10	0.00149779
1.82398e-10	0.00149986
1.82444e-10	0.00150194
1.8249e-10	0.00150402
1.82537e-10	0.00150611
1.82583e-10	0.00150819
1.8263e-10	0.00151028
1.82676e-10	0.00151237
1.82722e-10	0.00151446
1.82769e-10	0.00151655
1.82815e-10	0.00151864
1.82862e-10	0.00152074
1.82908e-10	0.00152284
1.82955e-10	0.00152494
1.83001e-10	0.00152704
1.83047e-10	0.00152914
1.83094e-10	0.00153125
1.8314e-10	0.00153336
1.83187e-10	0.00153546
1.83233e-10	0.00153758
1.83279e-10	0.00153969
1.83326e-10	0.0015418
1.83372e-10	0.00154392
1.83419e-10	0.00154604
1.83465e-10	0.00154816
1.83512e-10	0.00155028
1.83558e-10	0.0015524
1.83604e-10	0.00155453
1.83651e-10	0.00155666
1.83697e-10	0.00155879
1.83744e-10	0.00156092
1.8379e-10	0.00156305
1.83836e-10	0.00156519
1.83883e-10	0.00156732
1.83929e-10	0.00156946
1.83976e-10	0.0015716
1.84022e-10	0.00157375
1.84069e-10	0.00157589
1.84115e-10	0.00157804
1.84161e-10	0.00158018
1.84208e-10	0.00158233
1.84254e-10	0.00158449
1.84301e-10	0.00158664
1.84347e-10	0.0015888
1.84393e-10	0.00159095
1.8444e-10	0.00159311
1.84486e-10	0.00159527
1.84533e-10	0.00159744
1.84579e-10	0.0015996
1.84626e-10	0.00160177
1.84672e-10	0.00160394
1.84718e-10	0.00160611
1.84765e-10	0.00160828
1.84811e-10	0.00161046
1.84858e-10	0.00161263
1.84904e-10	0.00161481
1.84951e-10	0.00161699
1.84997e-10	0.00161917
1.85043e-10	0.00162136
1.8509e-10	0.00162354
1.85136e-10	0.00162573
1.85183e-10	0.00162792
1.85229e-10	0.00163011
1.85275e-10	0.00163231
1.85322e-10	0.0016345
1.85368e-10	0.0016367
1.85415e-10	0.0016389
1.85461e-10	0.0016411
1.85508e-10	0.0016433
1.85554e-10	0.00164551
1.856e-10	0.00164772
1.85647e-10	0.00164992
1.85693e-10	0.00165213
1.8574e-10	0.00165435
1.85786e-10	0.00165656
1.85832e-10	0.00165878
1.85879e-10	0.001661
1.85925e-10	0.00166322
1.85972e-10	0.00166544
1.86018e-10	0.00166766
1.86065e-10	0.00166989
1.86111e-10	0.00167212
1.86157e-10	0.00167435
1.86204e-10	0.00167658
1.8625e-10	0.00167881
1.86297e-10	0.00168105
1.86343e-10	0.00168329
1.86389e-10	0.00168553
1.86436e-10	0.00168777
1.86482e-10	0.00169001
1.86529e-10	0.00169226
1.86575e-10	0.0016945
1.86622e-10	0.00169675
1.86668e-10	0.001699
1.86714e-10	0.00170126
1.86761e-10	0.00170351
1.86807e-10	0.00170577
1.86854e-10	0.00170803
1.869e-10	0.00171029
1.86946e-10	0.00171255
1.86993e-10	0.00171481
1.87039e-10	0.00171708
1.87086e-10	0.00171935
1.87132e-10	0.00172162
1.87179e-10	0.00172389
1.87225e-10	0.00172617
1.87271e-10	0.00172844
1.87318e-10	0.00173072
1.87364e-10	0.001733
1.87411e-10	0.00173528
1.87457e-10	0.00173757
1.87503e-10	0.00173985
1.8755e-10	0.00174214
1.87596e-10	0.00174443
1.87643e-10	0.00174672
1.87689e-10	0.00174902
1.87736e-10	0.00175131
1.87782e-10	0.00175361
1.87828e-10	0.00175591
1.87875e-10	0.00175821
1.87921e-10	0.00176051
1.87968e-10	0.00176282
1.88014e-10	0.00176513
1.8806e-10	0.00176744
1.88107e-10	0.00176975
1.88153e-10	0.00177206
1.882e-10	0.00177438
1.88246e-10	0.00177669
1.88293e-10	0.00177901
1.88339e-10	0.00178133
1.88385e-10	0.00178366
1.88432e-10	0.00178598
1.88478e-10	0.00178831
1.88525e-10	0.00179064
1.88571e-10	0.00179297
1.88617e-10	0.0017953
1.88664e-10	0.00179764
1.8871e-10	0.00179997
1.88757e-10	0.00180231
1.88803e-10	0.00180465
1.8885e-10	0.001807
1.88896e-10	0.00180934
1.88942e-10	0.00181169
1.88989e-10	0.00181404
1.89035e-10	0.00181639
1.89082e-10	0.00181874
1.89128e-10	0.0018211
1.89174e-10	0.00182345
1.89221e-10	0.00182581
1.89267e-10	0.00182817
1.89314e-10	0.00183053
1.8936e-10	0.0018329
1.89407e-10	0.00183527
1.89453e-10	0.00183763
1.89499e-10	0.00184001
1.89546e-10	0.00184238
1.89592e-10	0.00184475
1.89639e-10	0.00184713
1.89685e-10	0.00184951
1.89732e-10	0.00185189
1.89778e-10	0.00185427
1.89824e-10	0.00185666
1.89871e-10	0.00185904
1.89917e-10	0.00186143
1.89964e-10	0.00186382
1.9001e-10	0.00186621
1.90056e-10	0.00186861
1.90103e-10	0.00187101
1.90149e-10	0.0018734
1.90196e-10	0.0018758
1.90242e-10	0.00187821
1.90289e-10	0.00188061
1.90335e-10	0.00188302
1.90381e-10	0.00188543
1.90428e-10	0.00188784
1.90474e-10	0.00189025
1.90521e-10	0.00189266
1.90567e-10	0.00189508
1.90613e-10	0.0018975
1.9066e-10	0.00189992
1.90706e-10	0.00190234
1.90753e-10	0.00190477
1.90799e-10	0.0019072
1.90846e-10	0.00190962
1.90892e-10	0.00191205
1.90938e-10	0.00191449
1.90985e-10	0.00191692
1.91031e-10	0.00191936
1.91078e-10	0.0019218
1.91124e-10	0.00192424
1.9117e-10	0.00192668
1.91217e-10	0.00192913
1.91263e-10	0.00193157
1.9131e-10	0.00193402
1.91356e-10	0.00193647
1.91403e-10	0.00193893
1.91449e-10	0.00194138
1.91495e-10	0.00194384
1.91542e-10	0.0019463
1.91588e-10	0.00194876
1.91635e-10	0.00195122
1.91681e-10	0.00195369
1.91727e-10	0.00195616
1.91774e-10	0.00195863
1.9182e-10	0.0019611
1.91867e-10	0.00196357
1.91913e-10	0.00196605
1.9196e-10	0.00196852
1.92006e-10	0.001971
1.92052e-10	0.00197348
1.92099e-10	0.00197597
1.92145e-10	0.00197845
1.92192e-10	0.00198094
1.92238e-10	0.00198343
1.92284e-10	0.00198592
1.92331e-10	0.00198842
1.92377e-10	0.00199091
1.92424e-10	0.00199341
1.9247e-10	0.00199591
1.92517e-10	0.00199841
1.92563e-10	0.00200092
1.92609e-10	0.00200342
1.92656e-10	0.00200593
1.92702e-10	0.00200844
1.92749e-10	0.00201095
1.92795e-10	0.00201347
1.92841e-10	0.00201599
1.92888e-10	0.0020185
1.92934e-10	0.00202102
1.92981e-10	0.00202355
1.93027e-10	0.00202607
1.93074e-10	0.0020286
1.9312e-10	0.00203113
1.93166e-10	0.00203366
1.93213e-10	0.00203619
1.93259e-10	0.00203873
1.93306e-10	0.00204126
1.93352e-10	0.0020438
1.93398e-10	0.00204634
1.93445e-10	0.00204889
1.93491e-10	0.00205143
1.93538e-10	0.00205398
1.93584e-10	0.00205653
1.93631e-10	0.00205908
1.93677e-10	0.00206164
1.93723e-10	0.00206419
1.9377e-10	0.00206675
1.93816e-10	0.00206931
1.93863e-10	0.00207187
1.93909e-10	0.00207444
1.93956e-10	0.002077
1.94002e-10	0.00207957
1.94048e-10	0.00208214
1.94095e-10	0.00208471
1.94141e-10	0.00208729
1.94188e-10	0.00208986
1.94234e-10	0.00209244
1.9428e-10	0.00209502
1.94327e-10	0.00209761
1.94373e-10	0.00210019
1.9442e-10	0.00210278
1.94466e-10	0.00210537
1.94513e-10	0.00210796
1.94559e-10	0.00211055
1.94605e-10	0.00211315
1.94652e-10	0.00211575
1.94698e-10	0.00211835
1.94745e-10	0.00212095
1.94791e-10	0.00212355
1.94837e-10	0.00212616
1.94884e-10	0.00212877
1.9493e-10	0.00213138
1.94977e-10	0.00213399
1.95023e-10	0.0021366
1.9507e-10	0.00213922
1.95116e-10	0.00214184
1.95162e-10	0.00214446
1.95209e-10	0.00214708
1.95255e-10	0.00214971
1.95302e-10	0.00215233
1.95348e-10	0.00215496
1.95394e-10	0.00215759
1.95441e-10	0.00216023
1.95487e-10	0.00216286
1.95534e-10	0.0021655
1.9558e-10	0.00216814
1.95627e-10	0.00217078
1.95673e-10	0.00217343
1.95719e-10	0.00217607
1.95766e-10	0.00217872
1.95812e-10	0.00218137
1.95859e-10	0.00218402
1.95905e-10	0.00218668
1.95951e-10	0.00218933
1.95998e-10	0.00219199
1.96044e-10	0.00219465
1.96091e-10	0.00219732
1.96137e-10	0.00219998
1.96184e-10	0.00220265
1.9623e-10	0.00220532
1.96276e-10	0.00220799
1.96323e-10	0.00221067
1.96369e-10	0.00221334
1.96416e-10	0.00221602
1.96462e-10	0.0022187
1.96508e-10	0.00222138
1.96555e-10	0.00222407
1.96601e-10	0.00222675
1.96648e-10	0.00222944
1.96694e-10	0.00223213
1.96741e-10	0.00223482
1.96787e-10	0.00223752
1.96833e-10	0.00224022
1.9688e-10	0.00224292
1.96926e-10	0.00224562
1.96973e-10	0.00224832
1.97019e-10	0.00225103
1.97065e-10	0.00225374
1.97112e-10	0.00225645
1.97158e-10	0.00225916
1.97205e-10	0.00226187
1.97251e-10	0.00226459
1.97298e-10	0.00226731
1.97344e-10	0.00227003
1.9739e-10	0.00227275
1.97437e-10	0.00227548
1.97483e-10	0.00227821
1.9753e-10	0.00228093
1.97576e-10	0.00228367
1.97622e-10	0.0022864
1.97669e-10	0.00228914
1.97715e-10	0.00229187
1.97762e-10	0.00229461
1.97808e-10	0.00229736
1.97855e-10	0.0023001
1.97901e-10	0.00230285
1.97947e-10	0.0023056
1.97994e-10	0.00230835
1.9804e-10	0.0023111
1.98087e-10	0.00231386
1.98133e-10	0.00231662
1.98179e-10	0.00231938
1.98226e-10	0.00232214
1.98272e-10	0.0023249
1.98319e-10	0.00232767
1.98365e-10	0.00233044
1.98412e-10	0.00233321
1.98458e-10	0.00233598
1.98504e-10	0.00233875
1.98551e-10	0.00234153
1.98597e-10	0.00234431
1.98644e-10	0.00234709
1.9869e-10	0.00234988
1.98737e-10	0.00235266
1.98783e-10	0.00235545
1.98829e-10	0.00235824
1.98876e-10	0.00236103
1.98922e-10	0.00236383
1.98969e-10	0.00236663
1.99015e-10	0.00236942
1.99061e-10	0.00237223
1.99108e-10	0.00237503
1.99154e-10	0.00237783
1.99201e-10	0.00238064
1.99247e-10	0.00238345
1.99294e-10	0.00238626
1.9934e-10	0.00238908
1.99386e-10	0.0023919
1.99433e-10	0.00239471
1.99479e-10	0.00239754
1.99526e-10	0.00240036
1.99572e-10	0.00240318
1.99618e-10	0.00240601
1.99665e-10	0.00240884
1.99711e-10	0.00241167
1.99758e-10	0.00241451
1.99804e-10	0.00241734
1.99851e-10	0.00242018
1.99897e-10	0.00242302
1.99943e-10	0.00242587
1.9999e-10	0.00242871
2.00036e-10	0.00243156
2.00083e-10	0.00243441
2.00129e-10	0.00243726
2.00175e-10	0.00244011
2.00222e-10	0.00244297
2.00268e-10	0.00244583
2.00315e-10	0.00244869
2.00361e-10	0.00245155
2.00408e-10	0.00245442
2.00454e-10	0.00245729
2.005e-10	0.00246015
2.00547e-10	0.00246303
2.00593e-10	0.0024659
2.0064e-10	0.00246878
2.00686e-10	0.00247165
2.00732e-10	0.00247454
2.00779e-10	0.00247742
2.00825e-10	0.0024803
2.00872e-10	0.00248319
2.00918e-10	0.00248608
2.00965e-10	0.00248897
2.01011e-10	0.00249187
2.01057e-10	0.00249476
2.01104e-10	0.00249766
2.0115e-10	0.00250056
2.01197e-10	0.00250346
2.01243e-10	0.00250637
2.01289e-10	0.00250928
2.01336e-10	0.00251219
2.01382e-10	0.0025151
2.01429e-10	0.00251801
2.01475e-10	0.00252093
2.01522e-10	0.00252385
2.01568e-10	0.00252677
2.01614e-10	0.00252969
2.01661e-10	0.00253262
2.01707e-10	0.00253554
2.01754e-10	0.00253847
2.018e-10	0.00254141
2.01846e-10	0.00254434
2.01893e-10	0.00254728
2.01939e-10	0.00255021
2.01986e-10	0.00255316
2.02032e-10	0.0025561
2.02079e-10	0.00255904
2.02125e-10	0.00256199
2.02171e-10	0.00256494
2.02218e-10	0.00256789
2.02264e-10	0.00257085
2.02311e-10	0.00257381
2.02357e-10	0.00257676
2.02403e-10	0.00257973
2.0245e-10	0.00258269
2.02496e-10	0.00258565
2.02543e-10	0.00258862
2.02589e-10	0.00259159
2.02636e-10	0.00259457
2.02682e-10	0.00259754
2.02728e-10	0.00260052
2.02775e-10	0.0026035
2.02821e-10	0.00260648
2.02868e-10	0.00260946
2.02914e-10	0.00261245
2.0296e-10	0.00261544
2.03007e-10	0.00261843
2.03053e-10	0.00262142
2.031e-10	0.00262441
2.03146e-10	0.00262741
2.03193e-10	0.00263041
2.03239e-10	0.00263341
2.03285e-10	0.00263642
2.03332e-10	0.00263942
2.03378e-10	0.00264243
2.03425e-10	0.00264544
2.03471e-10	0.00264846
2.03518e-10	0.00265147
2.03564e-10	0.00265449
2.0361e-10	0.00265751
2.03657e-10	0.00266053
2.03703e-10	0.00266356
2.0375e-10	0.00266659
2.03796e-10	0.00266961
2.03842e-10	0.00267265
2.03889e-10	0.00267568
2.03935e-10	0.00267872
2.03982e-10	0.00268175
2.04028e-10	0.0026848
2.04075e-10	0.00268784
2.04121e-10	0.00269088
2.04167e-10	0.00269393
2.04214e-10	0.00269698
2.0426e-10	0.00270003
2.04307e-10	0.00270309
2.04353e-10	0.00270614
2.04399e-10	0.0027092
2.04446e-10	0.00271226
2.04492e-10	0.00271533
2.04539e-10	0.00271839
2.04585e-10	0.00272146
2.04632e-10	0.00272453
2.04678e-10	0.00272761
2.04724e-10	0.00273068
2.04771e-10	0.00273376
2.04817e-10	0.00273684
2.04864e-10	0.00273992
2.0491e-10	0.002743
2.04956e-10	0.00274609
2.05003e-10	0.00274918
2.05049e-10	0.00275227
2.05096e-10	0.00275536
2.05142e-10	0.00275846
2.05189e-10	0.00276156
2.05235e-10	0.00276466
2.05281e-10	0.00276776
2.05328e-10	0.00277087
2.05374e-10	0.00277397
2.05421e-10	0.00277708
2.05467e-10	0.0027802
2.05513e-10	0.00278331
2.0556e-10	0.00278643
2.05606e-10	0.00278954
2.05653e-10	0.00279267
2.05699e-10	0.00279579
2.05746e-10	0.00279892
2.05792e-10	0.00280204
2.05838e-10	0.00280517
2.05885e-10	0.00280831
2.05931e-10	0.00281144
2.05978e-10	0.00281458
2.06024e-10	0.00281772
2.0607e-10	0.00282086
2.06117e-10	0.00282401
2.06163e-10	0.00282715
2.0621e-10	0.0028303
2.06256e-10	0.00283345
2.06303e-10	0.00283661
2.06349e-10	0.00283976
2.06395e-10	0.00284292
2.06442e-10	0.00284608
2.06488e-10	0.00284925
2.06535e-10	0.00285241
2.06581e-10	0.00285558
2.06627e-10	0.00285875
2.06674e-10	0.00286192
2.0672e-10	0.0028651
2.06767e-10	0.00286827
2.06813e-10	0.00287145
2.0686e-10	0.00287463
2.06906e-10	0.00287782
2.06952e-10	0.00288101
2.06999e-10	0.00288419
2.07045e-10	0.00288739
2.07092e-10	0.00289058
2.07138e-10	0.00289377
2.07184e-10	0.00289697
2.07231e-10	0.00290017
2.07277e-10	0.00290338
2.07324e-10	0.00290658
2.0737e-10	0.00290979
2.07417e-10	0.002913
2.07463e-10	0.00291621
2.07509e-10	0.00291943
2.07556e-10	0.00292264
2.07602e-10	0.00292586
2.07649e-10	0.00292908
2.07695e-10	0.00293231
2.07741e-10	0.00293553
2.07788e-10	0.00293876
2.07834e-10	0.00294199
2.07881e-10	0.00294523
2.07927e-10	0.00294846
2.07974e-10	0.0029517
2.0802e-10	0.00295494
2.08066e-10	0.00295819
2.08113e-10	0.00296143
2.08159e-10	0.00296468
2.08206e-10	0.00296793
2.08252e-10	0.00297118
2.08299e-10	0.00297444
2.08345e-10	0.00297769
2.08391e-10	0.00298095
2.08438e-10	0.00298421
2.08484e-10	0.00298748
2.08531e-10	0.00299074
2.08577e-10	0.00299401
2.08623e-10	0.00299728
2.0867e-10	0.00300056
2.08716e-10	0.00300383
2.08763e-10	0.00300711
2.08809e-10	0.00301039
2.08856e-10	0.00301368
2.08902e-10	0.00301696
2.08948e-10	0.00302025
2.08995e-10	0.00302354
2.09041e-10	0.00302683
2.09088e-10	0.00303013
2.09134e-10	0.00303343
2.0918e-10	0.00303673
2.09227e-10	0.00304003
2.09273e-10	0.00304333
2.0932e-10	0.00304664
2.09366e-10	0.00304995
2.09413e-10	0.00305326
2.09459e-10	0.00305658
2.09505e-10	0.00305989
2.09552e-10	0.00306321
2.09598e-10	0.00306653
2.09645e-10	0.00306986
2.09691e-10	0.00307318
2.09737e-10	0.00307651
2.09784e-10	0.00307984
2.0983e-10	0.00308317
2.09877e-10	0.00308651
2.09923e-10	0.00308985
2.0997e-10	0.00309319
2.10016e-10	0.00309653
2.10062e-10	0.00309988
2.10109e-10	0.00310323
2.10155e-10	0.00310657
2.10202e-10	0.00310993
2.10248e-10	0.00311328
2.10294e-10	0.00311664
2.10341e-10	0.00312
2.10387e-10	0.00312336
2.10434e-10	0.00312673
2.1048e-10	0.00313009
2.10527e-10	0.00313346
2.10573e-10	0.00313683
2.10619e-10	0.00314021
2.10666e-10	0.00314358
2.10712e-10	0.00314696
2.10759e-10	0.00315034
2.10805e-10	0.00315373
2.10851e-10	0.00315711
2.10898e-10	0.0031605
2.10944e-10	0.00316389
2.10991e-10	0.00316729
2.11037e-10	0.00317068
2.11084e-10	0.00317408
2.1113e-10	0.00317748
2.11176e-10	0.00318089
2.11223e-10	0.00318429
2.11269e-10	0.0031877
2.11316e-10	0.00319111
2.11362e-10	0.00319452
2.11408e-10	0.00319794
2.11455e-10	0.00320135
2.11501e-10	0.00320477
2.11548e-10	0.0032082
2.11594e-10	0.00321162
2.11641e-10	0.00321505
2.11687e-10	0.00321848
2.11733e-10	0.00322191
2.1178e-10	0.00322535
2.11826e-10	0.00322878
2.11873e-10	0.00323222
2.11919e-10	0.00323566
2.11965e-10	0.00323911
2.12012e-10	0.00324256
2.12058e-10	0.003246
2.12105e-10	0.00324946
2.12151e-10	0.00325291
2.12198e-10	0.00325637
2.12244e-10	0.00325983
2.1229e-10	0.00326329
2.12337e-10	0.00326675
2.12383e-10	0.00327022
2.1243e-10	0.00327369
2.12476e-10	0.00327716
2.12522e-10	0.00328063
2.12569e-10	0.00328411
2.12615e-10	0.00328758
2.12662e-10	0.00329107
2.12708e-10	0.00329455
2.12755e-10	0.00329803
2.12801e-10	0.00330152
2.12847e-10	0.00330501
2.12894e-10	0.00330851
2.1294e-10	0.003312
2.12987e-10	0.0033155
2.13033e-10	0.003319
2.1308e-10	0.0033225
2.13126e-10	0.00332601
2.13172e-10	0.00332952
2.13219e-10	0.00333303
2.13265e-10	0.00333654
2.13312e-10	0.00334005
2.13358e-10	0.00334357
2.13404e-10	0.00334709
2.13451e-10	0.00335062
2.13497e-10	0.00335414
2.13544e-10	0.00335767
2.1359e-10	0.0033612
2.13637e-10	0.00336473
2.13683e-10	0.00336826
2.13729e-10	0.0033718
2.13776e-10	0.00337534
2.13822e-10	0.00337888
2.13869e-10	0.00338243
2.13915e-10	0.00338598
2.13961e-10	0.00338953
2.14008e-10	0.00339308
2.14054e-10	0.00339663
2.14101e-10	0.00340019
2.14147e-10	0.00340375
2.14194e-10	0.00340731
2.1424e-10	0.00341087
2.14286e-10	0.00341444
2.14333e-10	0.00341801
2.14379e-10	0.00342158
2.14426e-10	0.00342516
2.14472e-10	0.00342873
2.14518e-10	0.00343231
2.14565e-10	0.0034359
2.14611e-10	0.00343948
2.14658e-10	0.00344307
2.14704e-10	0.00344666
2.14751e-10	0.00345025
2.14797e-10	0.00345384
2.14843e-10	0.00345744
2.1489e-10	0.00346104
2.14936e-10	0.00346464
2.14983e-10	0.00346824
2.15029e-10	0.00347185
2.15075e-10	0.00347546
2.15122e-10	0.00347907
2.15168e-10	0.00348268
2.15215e-10	0.0034863
2.15261e-10	0.00348992
2.15308e-10	0.00349354
2.15354e-10	0.00349716
2.154e-10	0.00350079
2.15447e-10	0.00350442
2.15493e-10	0.00350805
2.1554e-10	0.00351168
2.15586e-10	0.00351532
2.15632e-10	0.00351896
2.15679e-10	0.0035226
2.15725e-10	0.00352625
2.15772e-10	0.00352989
2.15818e-10	0.00353354
2.15865e-10	0.00353719
2.15911e-10	0.00354085
2.15957e-10	0.0035445
2.16004e-10	0.00354816
2.1605e-10	0.00355182
2.16097e-10	0.00355549
2.16143e-10	0.00355915
2.16189e-10	0.00356282
2.16236e-10	0.00356649
2.16282e-10	0.00357017
2.16329e-10	0.00357384
2.16375e-10	0.00357752
2.16422e-10	0.0035812
2.16468e-10	0.00358489
2.16514e-10	0.00358857
2.16561e-10	0.00359226
2.16607e-10	0.00359595
2.16654e-10	0.00359965
2.167e-10	0.00360334
2.16746e-10	0.00360704
2.16793e-10	0.00361074
2.16839e-10	0.00361445
2.16886e-10	0.00361815
2.16932e-10	0.00362186
2.16979e-10	0.00362558
2.17025e-10	0.00362929
2.17071e-10	0.00363301
2.17118e-10	0.00363673
2.17164e-10	0.00364045
2.17211e-10	0.00364417
2.17257e-10	0.0036479
2.17304e-10	0.00365163
2.1735e-10	0.00365536
2.17396e-10	0.00365909
2.17443e-10	0.00366283
2.17489e-10	0.00366657
2.17536e-10	0.00367031
2.17582e-10	0.00367405
2.17628e-10	0.0036778
2.17675e-10	0.00368155
2.17721e-10	0.0036853
2.17768e-10	0.00368906
2.17814e-10	0.00369281
2.17861e-10	0.00369657
2.17907e-10	0.00370033
2.17953e-10	0.0037041
2.18e-10	0.00370787
2.18046e-10	0.00371164
2.18093e-10	0.00371541
2.18139e-10	0.00371918
2.18185e-10	0.00372296
2.18232e-10	0.00372674
2.18278e-10	0.00373052
2.18325e-10	0.00373431
2.18371e-10	0.00373809
2.18418e-10	0.00374188
2.18464e-10	0.00374568
2.1851e-10	0.00374947
2.18557e-10	0.00375327
2.18603e-10	0.00375707
2.1865e-10	0.00376087
2.18696e-10	0.00376467
2.18742e-10	0.00376848
2.18789e-10	0.00377229
2.18835e-10	0.00377611
2.18882e-10	0.00377992
2.18928e-10	0.00378374
2.18975e-10	0.00378756
2.19021e-10	0.00379138
2.19067e-10	0.00379521
2.19114e-10	0.00379903
2.1916e-10	0.00380287
2.19207e-10	0.0038067
2.19253e-10	0.00381053
2.19299e-10	0.00381437
2.19346e-10	0.00381821
2.19392e-10	0.00382206
2.19439e-10	0.0038259
2.19485e-10	0.00382975
2.19532e-10	0.0038336
2.19578e-10	0.00383745
2.19624e-10	0.00384131
2.19671e-10	0.00384517
2.19717e-10	0.00384903
2.19764e-10	0.00385289
2.1981e-10	0.00385676
2.19856e-10	0.00386063
2.19903e-10	0.0038645
2.19949e-10	0.00386837
2.19996e-10	0.00387225
2.20042e-10	0.00387613
2.20089e-10	0.00388001
2.20135e-10	0.0038839
2.20181e-10	0.00388778
2.20228e-10	0.00389167
2.20274e-10	0.00389556
2.20321e-10	0.00389946
2.20367e-10	0.00390335
2.20413e-10	0.00390725
2.2046e-10	0.00391116
2.20506e-10	0.00391506
2.20553e-10	0.00391897
2.20599e-10	0.00392288
2.20646e-10	0.00392679
2.20692e-10	0.00393071
2.20738e-10	0.00393462
2.20785e-10	0.00393854
2.20831e-10	0.00394247
2.20878e-10	0.00394639
2.20924e-10	0.00395032
2.2097e-10	0.00395425
2.21017e-10	0.00395818
2.21063e-10	0.00396212
2.2111e-10	0.00396606
2.21156e-10	0.00397
2.21203e-10	0.00397394
2.21249e-10	0.00397789
2.21295e-10	0.00398183
2.21342e-10	0.00398578
2.21388e-10	0.00398974
2.21435e-10	0.00399369
2.21481e-10	0.00399765
2.21527e-10	0.00400161
2.21574e-10	0.00400558
2.2162e-10	0.00400954
2.21667e-10	0.00401351
2.21713e-10	0.00401749
2.2176e-10	0.00402146
2.21806e-10	0.00402544
2.21852e-10	0.00402942
2.21899e-10	0.0040334
2.21945e-10	0.00403738
2.21992e-10	0.00404137
2.22038e-10	0.00404536
2.22085e-10	0.00404935
2.22131e-10	0.00405335
2.22177e-10	0.00405734
2.22224e-10	0.00406134
2.2227e-10	0.00406535
2.22317e-10	0.00406935
2.22363e-10	0.00407336
2.22409e-10	0.00407737
2.22456e-10	0.00408138
2.22502e-10	0.0040854
2.22549e-10	0.00408942
2.22595e-10	0.00409344
2.22642e-10	0.00409746
2.22688e-10	0.00410149
2.22734e-10	0.00410552
2.22781e-10	0.00410955
2.22827e-10	0.00411358
2.22874e-10	0.00411762
2.2292e-10	0.00412166
2.22966e-10	0.0041257
2.23013e-10	0.00412974
2.23059e-10	0.00413379
2.23106e-10	0.00413784
2.23152e-10	0.00414189
2.23199e-10	0.00414595
2.23245e-10	0.00415
2.23291e-10	0.00415406
2.23338e-10	0.00415813
2.23384e-10	0.00416219
2.23431e-10	0.00416626
2.23477e-10	0.00417033
2.23523e-10	0.0041744
2.2357e-10	0.00417848
2.23616e-10	0.00418256
2.23663e-10	0.00418664
2.23709e-10	0.00419072
2.23756e-10	0.00419481
2.23802e-10	0.0041989
2.23848e-10	0.00420299
2.23895e-10	0.00420708
2.23941e-10	0.00421118
2.23988e-10	0.00421528
2.24034e-10	0.00421938
2.2408e-10	0.00422348
2.24127e-10	0.00422759
2.24173e-10	0.0042317
2.2422e-10	0.00423581
2.24266e-10	0.00423993
2.24313e-10	0.00424404
2.24359e-10	0.00424816
2.24405e-10	0.00425229
2.24452e-10	0.00425641
2.24498e-10	0.00426054
2.24545e-10	0.00426467
2.24591e-10	0.0042688
2.24637e-10	0.00427294
2.24684e-10	0.00427708
2.2473e-10	0.00428122
2.24777e-10	0.00428536
2.24823e-10	0.00428951
2.2487e-10	0.00429366
2.24916e-10	0.00429781
2.24962e-10	0.00430196
2.25009e-10	0.00430612
2.25055e-10	0.00431028
2.25102e-10	0.00431444
2.25148e-10	0.0043186
2.25194e-10	0.00432277
2.25241e-10	0.00432694
2.25287e-10	0.00433111
2.25334e-10	0.00433529
2.2538e-10	0.00433947
2.25427e-10	0.00434365
2.25473e-10	0.00434783
2.25519e-10	0.00435202
2.25566e-10	0.0043562
2.25612e-10	0.0043604
2.25659e-10	0.00436459
2.25705e-10	0.00436879
2.25751e-10	0.00437298
2.25798e-10	0.00437719
2.25844e-10	0.00438139
2.25891e-10	0.0043856
2.25937e-10	0.00438981
2.25984e-10	0.00439402
2.2603e-10	0.00439823
2.26076e-10	0.00440245
2.26123e-10	0.00440667
2.26169e-10	0.00441089
2.26216e-10	0.00441512
2.26262e-10	0.00441935
2.26308e-10	0.00442358
2.26355e-10	0.00442781
2.26401e-10	0.00443205
2.26448e-10	0.00443628
2.26494e-10	0.00444053
2.26541e-10	0.00444477
2.26587e-10	0.00444902
2.26633e-10	0.00445326
2.2668e-10	0.00445752
2.26726e-10	0.00446177
2.26773e-10	0.00446603
2.26819e-10	0.00447029
2.26866e-10	0.00447455
2.26912e-10	0.00447881
2.26958e-10	0.00448308
2.27005e-10	0.00448735
2.27051e-10	0.00449163
2.27098e-10	0.0044959
2.27144e-10	0.00450018
2.2719e-10	0.00450446
2.27237e-10	0.00450874
2.27283e-10	0.00451303
2.2733e-10	0.00451732
2.27376e-10	0.00452161
2.27423e-10	0.0045259
2.27469e-10	0.0045302
2.27515e-10	0.0045345
2.27562e-10	0.0045388
2.27608e-10	0.00454311
2.27655e-10	0.00454741
2.27701e-10	0.00455172
2.27747e-10	0.00455604
2.27794e-10	0.00456035
2.2784e-10	0.00456467
2.27887e-10	0.00456899
2.27933e-10	0.00457332
2.2798e-10	0.00457764
2.28026e-10	0.00458197
2.28072e-10	0.0045863
2.28119e-10	0.00459064
2.28165e-10	0.00459497
2.28212e-10	0.00459931
2.28258e-10	0.00460365
2.28304e-10	0.004608
2.28351e-10	0.00461235
2.28397e-10	0.0046167
2.28444e-10	0.00462105
2.2849e-10	0.0046254
2.28537e-10	0.00462976
2.28583e-10	0.00463412
2.28629e-10	0.00463849
2.28676e-10	0.00464285
2.28722e-10	0.00464722
2.28769e-10	0.00465159
2.28815e-10	0.00465597
2.28861e-10	0.00466034
2.28908e-10	0.00466472
2.28954e-10	0.00466911
2.29001e-10	0.00467349
2.29047e-10	0.00467788
2.29094e-10	0.00468227
2.2914e-10	0.00468666
2.29186e-10	0.00469106
2.29233e-10	0.00469545
2.29279e-10	0.00469985
2.29326e-10	0.00470426
2.29372e-10	0.00470866
2.29418e-10	0.00471307
2.29465e-10	0.00471748
2.29511e-10	0.0047219
2.29558e-10	0.00472632
2.29604e-10	0.00473074
2.29651e-10	0.00473516
2.29697e-10	0.00473958
2.29743e-10	0.00474401
2.2979e-10	0.00474844
2.29836e-10	0.00475287
2.29883e-10	0.00475731
2.29929e-10	0.00476175
2.29975e-10	0.00476619
2.30022e-10	0.00477063
2.30068e-10	0.00477508
2.30115e-10	0.00477953
2.30161e-10	0.00478398
2.30208e-10	0.00478843
2.30254e-10	0.00479289
2.303e-10	0.00479735
2.30347e-10	0.00480181
2.30393e-10	0.00480628
2.3044e-10	0.00481075
2.30486e-10	0.00481522
2.30532e-10	0.00481969
2.30579e-10	0.00482417
2.30625e-10	0.00482864
2.30672e-10	0.00483313
2.30718e-10	0.00483761
2.30765e-10	0.0048421
2.30811e-10	0.00484659
2.30857e-10	0.00485108
2.30904e-10	0.00485557
2.3095e-10	0.00486007
2.30997e-10	0.00486457
2.31043e-10	0.00486907
2.31089e-10	0.00487358
2.31136e-10	0.00487809
2.31182e-10	0.0048826
2.31229e-10	0.00488711
2.31275e-10	0.00489163
2.31322e-10	0.00489615
2.31368e-10	0.00490067
2.31414e-10	0.00490519
2.31461e-10	0.00490972
2.31507e-10	0.00491425
2.31554e-10	0.00491878
2.316e-10	0.00492332
2.31647e-10	0.00492786
2.31693e-10	0.0049324
2.31739e-10	0.00493694
2.31786e-10	0.00494149
2.31832e-10	0.00494604
2.31879e-10	0.00495059
2.31925e-10	0.00495514
2.31971e-10	0.0049597
2.32018e-10	0.00496426
2.32064e-10	0.00496882
2.32111e-10	0.00497338
2.32157e-10	0.00497795
2.32204e-10	0.00498252
2.3225e-10	0.0049871
2.32296e-10	0.00499167
2.32343e-10	0.00499625
2.32389e-10	0.00500083
2.32436e-10	0.00500542
2.32482e-10	0.00501
2.32528e-10	0.00501459
2.32575e-10	0.00501918
2.32621e-10	0.00502378
2.32668e-10	0.00502837
2.32714e-10	0.00503298
2.32761e-10	0.00503758
2.32807e-10	0.00504218
2.32853e-10	0.00504679
2.329e-10	0.0050514
2.32946e-10	0.00505602
2.32993e-10	0.00506063
2.33039e-10	0.00506525
2.33085e-10	0.00506987
2.33132e-10	0.0050745
2.33178e-10	0.00507913
2.33225e-10	0.00508376
2.33271e-10	0.00508839
2.33318e-10	0.00509302
2.33364e-10	0.00509766
2.3341e-10	0.0051023
2.33457e-10	0.00510695
2.33503e-10	0.00511159
2.3355e-10	0.00511624
2.33596e-10	0.00512089
2.33642e-10	0.00512555
2.33689e-10	0.0051302
2.33735e-10	0.00513486
2.33782e-10	0.00513953
2.33828e-10	0.00514419
2.33875e-10	0.00514886
2.33921e-10	0.00515353
2.33967e-10	0.0051582
2.34014e-10	0.00516288
2.3406e-10	0.00516756
2.34107e-10	0.00517224
2.34153e-10	0.00517692
2.34199e-10	0.00518161
2.34246e-10	0.0051863
2.34292e-10	0.00519099
2.34339e-10	0.00519569
2.34385e-10	0.00520039
2.34432e-10	0.00520509
2.34478e-10	0.00520979
2.34524e-10	0.0052145
2.34571e-10	0.0052192
2.34617e-10	0.00522392
2.34664e-10	0.00522863
2.3471e-10	0.00523335
2.34756e-10	0.00523807
2.34803e-10	0.00524279
2.34849e-10	0.00524751
2.34896e-10	0.00525224
2.34942e-10	0.00525697
2.34989e-10	0.00526171
2.35035e-10	0.00526644
2.35081e-10	0.00527118
2.35128e-10	0.00527592
2.35174e-10	0.00528067
2.35221e-10	0.00528541
2.35267e-10	0.00529016
2.35313e-10	0.00529492
2.3536e-10	0.00529967
2.35406e-10	0.00530443
2.35453e-10	0.00530919
2.35499e-10	0.00531395
2.35546e-10	0.00531872
2.35592e-10	0.00532349
2.35638e-10	0.00532826
2.35685e-10	0.00533303
2.35731e-10	0.00533781
2.35778e-10	0.00534259
2.35824e-10	0.00534737
2.3587e-10	0.00535216
2.35917e-10	0.00535694
2.35963e-10	0.00536174
2.3601e-10	0.00536653
2.36056e-10	0.00537132
2.36103e-10	0.00537612
2.36149e-10	0.00538093
2.36195e-10	0.00538573
2.36242e-10	0.00539054
2.36288e-10	0.00539535
2.36335e-10	0.00540016
2.36381e-10	0.00540497
2.36428e-10	0.00540979
2.36474e-10	0.00541461
2.3652e-10	0.00541944
2.36567e-10	0.00542426
2.36613e-10	0.00542909
2.3666e-10	0.00543392
2.36706e-10	0.00543876
2.36752e-10	0.00544359
2.36799e-10	0.00544843
2.36845e-10	0.00545328
2.36892e-10	0.00545812
2.36938e-10	0.00546297
2.36985e-10	0.00546782
2.37031e-10	0.00547267
2.37077e-10	0.00547753
2.37124e-10	0.00548239
2.3717e-10	0.00548725
2.37217e-10	0.00549211
2.37263e-10	0.00549698
2.37309e-10	0.00550185
2.37356e-10	0.00550673
2.37402e-10	0.0055116
2.37449e-10	0.00551648
2.37495e-10	0.00552136
2.37542e-10	0.00552624
2.37588e-10	0.00553113
2.37634e-10	0.00553602
2.37681e-10	0.00554091
2.37727e-10	0.00554581
2.37774e-10	0.0055507
2.3782e-10	0.0055556
2.37866e-10	0.00556051
2.37913e-10	0.00556541
2.37959e-10	0.00557032
2.38006e-10	0.00557523
2.38052e-10	0.00558014
2.38099e-10	0.00558506
2.38145e-10	0.00558998
2.38191e-10	0.0055949
2.38238e-10	0.00559983
2.38284e-10	0.00560475
2.38331e-10	0.00560968
2.38377e-10	0.00561462
2.38423e-10	0.00561955
2.3847e-10	0.00562449
2.38516e-10	0.00562943
2.38563e-10	0.00563438
2.38609e-10	0.00563932
2.38656e-10	0.00564427
2.38702e-10	0.00564923
2.38748e-10	0.00565418
2.38795e-10	0.00565914
2.38841e-10	0.0056641
2.38888e-10	0.00566906
2.38934e-10	0.00567403
2.3898e-10	0.005679
2.39027e-10	0.00568397
2.39073e-10	0.00568894
2.3912e-10	0.00569392
2.39166e-10	0.0056989
2.39213e-10	0.00570388
2.39259e-10	0.00570887
2.39305e-10	0.00571386
2.39352e-10	0.00571885
2.39398e-10	0.00572384
2.39445e-10	0.00572884
2.39491e-10	0.00573383
2.39537e-10	0.00573884
2.39584e-10	0.00574384
2.3963e-10	0.00574885
2.39677e-10	0.00575386
2.39723e-10	0.00575887
2.3977e-10	0.00576389
2.39816e-10	0.0057689
2.39862e-10	0.00577393
2.39909e-10	0.00577895
2.39955e-10	0.00578398
2.40002e-10	0.00578901
2.40048e-10	0.00579404
2.40094e-10	0.00579907
2.40141e-10	0.00580411
2.40187e-10	0.00580915
2.40234e-10	0.00581419
2.4028e-10	0.00581924
2.40327e-10	0.00582429
2.40373e-10	0.00582934
2.40419e-10	0.00583439
2.40466e-10	0.00583945
2.40512e-10	0.00584451
2.40559e-10	0.00584957
2.40605e-10	0.00585464
2.40651e-10	0.0058597
2.40698e-10	0.00586477
2.40744e-10	0.00586985
2.40791e-10	0.00587492
2.40837e-10	0.00588
2.40884e-10	0.00588508
2.4093e-10	0.00589017
2.40976e-10	0.00589526
2.41023e-10	0.00590035
2.41069e-10	0.00590544
2.41116e-10	0.00591053
2.41162e-10	0.00591563
2.41209e-10	0.00592073
2.41255e-10	0.00592584
2.41301e-10	0.00593094
2.41348e-10	0.00593605
2.41394e-10	0.00594116
2.41441e-10	0.00594628
2.41487e-10	0.0059514
2.41533e-10	0.00595652
2.4158e-10	0.00596164
2.41626e-10	0.00596676
2.41673e-10	0.00597189
2.41719e-10	0.00597702
2.41766e-10	0.00598216
2.41812e-10	0.00598729
2.41858e-10	0.00599243
2.41905e-10	0.00599758
2.41951e-10	0.00600272
2.41998e-10	0.00600787
2.42044e-10	0.00601302
2.4209e-10	0.00601817
2.42137e-10	0.00602333
2.42183e-10	0.00602849
2.4223e-10	0.00603365
2.42276e-10	0.00603881
2.42323e-10	0.00604398
2.42369e-10	0.00604915
2.42415e-10	0.00605432
2.42462e-10	0.0060595
2.42508e-10	0.00606468
2.42555e-10	0.00606986
2.42601e-10	0.00607504
2.42647e-10	0.00608023
2.42694e-10	0.00608542
2.4274e-10	0.00609061
2.42787e-10	0.0060958
2.42833e-10	0.006101
2.4288e-10	0.0061062
2.42926e-10	0.0061114
2.42972e-10	0.00611661
2.43019e-10	0.00612182
2.43065e-10	0.00612703
2.43112e-10	0.00613224
2.43158e-10	0.00613746
2.43204e-10	0.00614268
2.43251e-10	0.0061479
2.43297e-10	0.00615313
2.43344e-10	0.00615835
2.4339e-10	0.00616358
2.43437e-10	0.00616882
2.43483e-10	0.00617405
2.43529e-10	0.00617929
2.43576e-10	0.00618453
2.43622e-10	0.00618978
2.43669e-10	0.00619503
2.43715e-10	0.00620028
2.43761e-10	0.00620553
2.43808e-10	0.00621078
2.43854e-10	0.00621604
2.43901e-10	0.0062213
2.43947e-10	0.00622657
2.43994e-10	0.00623183
2.4404e-10	0.0062371
2.44086e-10	0.00624237
2.44133e-10	0.00624765
2.44179e-10	0.00625293
2.44226e-10	0.00625821
2.44272e-10	0.00626349
2.44318e-10	0.00626877
2.44365e-10	0.00627406
2.44411e-10	0.00627935
2.44458e-10	0.00628465
2.44504e-10	0.00628994
2.44551e-10	0.00629524
2.44597e-10	0.00630055
2.44643e-10	0.00630585
2.4469e-10	0.00631116
2.44736e-10	0.00631647
2.44783e-10	0.00632178
2.44829e-10	0.0063271
2.44875e-10	0.00633242
2.44922e-10	0.00633774
2.44968e-10	0.00634306
2.45015e-10	0.00634839
2.45061e-10	0.00635372
2.45108e-10	0.00635905
2.45154e-10	0.00636439
2.452e-10	0.00636973
2.45247e-10	0.00637507
2.45293e-10	0.00638041
2.4534e-10	0.00638576
2.45386e-10	0.00639111
2.45433e-10	0.00639646
2.45479e-10	0.00640181
2.45525e-10	0.00640717
2.45572e-10	0.00641253
2.45618e-10	0.0064179
2.45665e-10	0.00642326
2.45711e-10	0.00642863
2.45757e-10	0.006434
2.45804e-10	0.00643938
2.4585e-10	0.00644475
2.45897e-10	0.00645013
2.45943e-10	0.00645551
2.4599e-10	0.0064609
2.46036e-10	0.00646629
2.46082e-10	0.00647168
2.46129e-10	0.00647707
2.46175e-10	0.00648247
2.46222e-10	0.00648787
2.46268e-10	0.00649327
2.46314e-10	0.00649867
2.46361e-10	0.00650408
2.46407e-10	0.00650949
2.46454e-10	0.0065149
2.465e-10	0.00652032
2.46547e-10	0.00652574
2.46593e-10	0.00653116
2.46639e-10	0.00653658
2.46686e-10	0.00654201
2.46732e-10	0.00654744
2.46779e-10	0.00655287
2.46825e-10	0.0065583
2.46871e-10	0.00656374
2.46918e-10	0.00656918
2.46964e-10	0.00657463
2.47011e-10	0.00658007
2.47057e-10	0.00658552
2.47104e-10	0.00659097
2.4715e-10	0.00659643
2.47196e-10	0.00660188
2.47243e-10	0.00660734
2.47289e-10	0.0066128
2.47336e-10	0.00661827
2.47382e-10	0.00662374
2.47428e-10	0.00662921
2.47475e-10	0.00663468
2.47521e-10	0.00664016
2.47568e-10	0.00664564
2.47614e-10	0.00665112
2.47661e-10	0.0066566
2.47707e-10	0.00666209
2.47753e-10	0.00666758
2.478e-10	0.00667307
2.47846e-10	0.00667857
2.47893e-10	0.00668407
2.47939e-10	0.00668957
2.47985e-10	0.00669507
2.48032e-10	0.00670058
2.48078e-10	0.00670609
2.48125e-10	0.0067116
2.48171e-10	0.00671711
2.48218e-10	0.00672263
2.48264e-10	0.00672815
2.4831e-10	0.00673367
2.48357e-10	0.0067392
2.48403e-10	0.00674473
2.4845e-10	0.00675026
2.48496e-10	0.00675579
2.48542e-10	0.00676133
2.48589e-10	0.00676687
2.48635e-10	0.00677241
2.48682e-10	0.00677796
2.48728e-10	0.00678351
2.48775e-10	0.00678906
2.48821e-10	0.00679461
2.48867e-10	0.00680017
2.48914e-10	0.00680572
2.4896e-10	0.00681129
2.49007e-10	0.00681685
2.49053e-10	0.00682242
2.49099e-10	0.00682799
2.49146e-10	0.00683356
2.49192e-10	0.00683914
2.49239e-10	0.00684471
2.49285e-10	0.00685029
2.49332e-10	0.00685588
2.49378e-10	0.00686146
2.49424e-10	0.00686705
2.49471e-10	0.00687265
2.49517e-10	0.00687824
2.49564e-10	0.00688384
2.4961e-10	0.00688944
2.49656e-10	0.00689504
2.49703e-10	0.00690065
2.49749e-10	0.00690625
2.49796e-10	0.00691187
2.49842e-10	0.00691748
2.49889e-10	0.0069231
2.49935e-10	0.00692872
2.49981e-10	0.00693434
2.50028e-10	0.00693996
2.50074e-10	0.00694559
2.50121e-10	0.00695122
2.50167e-10	0.00695685
2.50214e-10	0.00696249
2.5026e-10	0.00696813
2.50306e-10	0.00697377
2.50353e-10	0.00697941
2.50399e-10	0.00698506
2.50446e-10	0.00699071
2.50492e-10	0.00699636
2.50538e-10	0.00700202
2.50585e-10	0.00700768
2.50631e-10	0.00701334
2.50678e-10	0.007019
2.50724e-10	0.00702467
2.50771e-10	0.00703034
2.50817e-10	0.00703601
2.50863e-10	0.00704168
2.5091e-10	0.00704736
2.50956e-10	0.00705304
2.51003e-10	0.00705872
2.51049e-10	0.00706441
2.51095e-10	0.00707009
2.51142e-10	0.00707579
2.51188e-10	0.00708148
2.51235e-10	0.00708718
2.51281e-10	0.00709287
2.51328e-10	0.00709858
2.51374e-10	0.00710428
2.5142e-10	0.00710999
2.51467e-10	0.0071157
2.51513e-10	0.00712141
2.5156e-10	0.00712713
2.51606e-10	0.00713284
2.51652e-10	0.00713857
2.51699e-10	0.00714429
2.51745e-10	0.00715002
2.51792e-10	0.00715574
2.51838e-10	0.00716148
2.51885e-10	0.00716721
2.51931e-10	0.00717295
2.51977e-10	0.00717869
2.52024e-10	0.00718443
2.5207e-10	0.00719018
2.52117e-10	0.00719593
2.52163e-10	0.00720168
2.52209e-10	0.00720743
2.52256e-10	0.00721319
2.52302e-10	0.00721895
2.52349e-10	0.00722471
2.52395e-10	0.00723047
2.52442e-10	0.00723624
2.52488e-10	0.00724201
2.52534e-10	0.00724778
2.52581e-10	0.00725356
2.52627e-10	0.00725934
2.52674e-10	0.00726512
2.5272e-10	0.0072709
2.52766e-10	0.00727669
2.52813e-10	0.00728248
2.52859e-10	0.00728827
2.52906e-10	0.00729407
2.52952e-10	0.00729987
2.52999e-10	0.00730567
2.53045e-10	0.00731147
2.53091e-10	0.00731727
2.53138e-10	0.00732308
2.53184e-10	0.00732889
2.53231e-10	0.00733471
2.53277e-10	0.00734052
2.53323e-10	0.00734634
2.5337e-10	0.00735217
2.53416e-10	0.00735799
2.53463e-10	0.00736382
2.53509e-10	0.00736965
2.53556e-10	0.00737548
2.53602e-10	0.00738132
2.53648e-10	0.00738716
2.53695e-10	0.007393
2.53741e-10	0.00739884
2.53788e-10	0.00740469
2.53834e-10	0.00741054
2.5388e-10	0.00741639
2.53927e-10	0.00742225
2.53973e-10	0.0074281
2.5402e-10	0.00743396
2.54066e-10	0.00743983
2.54113e-10	0.00744569
2.54159e-10	0.00745156
2.54205e-10	0.00745743
2.54252e-10	0.00746331
2.54298e-10	0.00746918
2.54345e-10	0.00747506
2.54391e-10	0.00748094
2.54437e-10	0.00748683
2.54484e-10	0.00749272
2.5453e-10	0.00749861
2.54577e-10	0.0075045
2.54623e-10	0.0075104
2.5467e-10	0.0075163
2.54716e-10	0.0075222
2.54762e-10	0.0075281
2.54809e-10	0.00753401
2.54855e-10	0.00753992
2.54902e-10	0.00754583
2.54948e-10	0.00755174
2.54995e-10	0.00755766
2.55041e-10	0.00756358
2.55087e-10	0.0075695
2.55134e-10	0.00757543
2.5518e-10	0.00758136
2.55227e-10	0.00758729
2.55273e-10	0.00759322
2.55319e-10	0.00759916
2.55366e-10	0.0076051
2.55412e-10	0.00761104
2.55459e-10	0.00761698
2.55505e-10	0.00762293
2.55552e-10	0.00762888
2.55598e-10	0.00763483
2.55644e-10	0.00764079
2.55691e-10	0.00764675
2.55737e-10	0.00765271
2.55784e-10	0.00765867
2.5583e-10	0.00766464
2.55876e-10	0.00767061
2.55923e-10	0.00767658
2.55969e-10	0.00768255
2.56016e-10	0.00768853
2.56062e-10	0.00769451
2.56109e-10	0.00770049
2.56155e-10	0.00770648
2.56201e-10	0.00771247
2.56248e-10	0.00771846
2.56294e-10	0.00772445
2.56341e-10	0.00773045
2.56387e-10	0.00773645
2.56433e-10	0.00774245
2.5648e-10	0.00774845
2.56526e-10	0.00775446
2.56573e-10	0.00776047
2.56619e-10	0.00776648
2.56666e-10	0.0077725
2.56712e-10	0.00777851
2.56758e-10	0.00778453
2.56805e-10	0.00779056
2.56851e-10	0.00779658
2.56898e-10	0.00780261
2.56944e-10	0.00780864
2.5699e-10	0.00781468
2.57037e-10	0.00782071
2.57083e-10	0.00782675
2.5713e-10	0.00783279
2.57176e-10	0.00783884
2.57223e-10	0.00784489
2.57269e-10	0.00785094
2.57315e-10	0.00785699
2.57362e-10	0.00786304
2.57408e-10	0.0078691
2.57455e-10	0.00787516
2.57501e-10	0.00788123
2.57547e-10	0.00788729
2.57594e-10	0.00789336
2.5764e-10	0.00789943
2.57687e-10	0.00790551
2.57733e-10	0.00791158
2.5778e-10	0.00791766
2.57826e-10	0.00792375
2.57872e-10	0.00792983
2.57919e-10	0.00793592
2.57965e-10	0.00794201
2.58012e-10	0.0079481
2.58058e-10	0.0079542
2.58104e-10	0.0079603
2.58151e-10	0.0079664
2.58197e-10	0.0079725
2.58244e-10	0.00797861
2.5829e-10	0.00798472
2.58337e-10	0.00799083
2.58383e-10	0.00799694
2.58429e-10	0.00800306
2.58476e-10	0.00800918
2.58522e-10	0.0080153
2.58569e-10	0.00802143
2.58615e-10	0.00802756
2.58661e-10	0.00803369
2.58708e-10	0.00803982
2.58754e-10	0.00804595
2.58801e-10	0.00805209
2.58847e-10	0.00805823
2.58894e-10	0.00806438
2.5894e-10	0.00807052
2.58986e-10	0.00807667
2.59033e-10	0.00808283
2.59079e-10	0.00808898
2.59126e-10	0.00809514
2.59172e-10	0.0081013
2.59218e-10	0.00810746
2.59265e-10	0.00811363
2.59311e-10	0.00811979
2.59358e-10	0.00812596
2.59404e-10	0.00813214
2.59451e-10	0.00813831
2.59497e-10	0.00814449
2.59543e-10	0.00815067
2.5959e-10	0.00815686
2.59636e-10	0.00816304
2.59683e-10	0.00816923
2.59729e-10	0.00817543
2.59776e-10	0.00818162
2.59822e-10	0.00818782
2.59868e-10	0.00819402
2.59915e-10	0.00820022
2.59961e-10	0.00820642
2.60008e-10	0.00821263
2.60054e-10	0.00821884
2.601e-10	0.00822506
2.60147e-10	0.00823127
2.60193e-10	0.00823749
2.6024e-10	0.00824371
2.60286e-10	0.00824993
2.60333e-10	0.00825616
2.60379e-10	0.00826239
2.60425e-10	0.00826862
2.60472e-10	0.00827486
2.60518e-10	0.00828109
2.60565e-10	0.00828733
2.60611e-10	0.00829358
2.60657e-10	0.00829982
2.60704e-10	0.00830607
2.6075e-10	0.00831232
2.60797e-10	0.00831857
2.60843e-10	0.00832483
2.6089e-10	0.00833109
2.60936e-10	0.00833735
2.60982e-10	0.00834361
2.61029e-10	0.00834988
2.61075e-10	0.00835614
2.61122e-10	0.00836242
2.61168e-10	0.00836869
2.61214e-10	0.00837497
2.61261e-10	0.00838125
2.61307e-10	0.00838753
2.61354e-10	0.00839381
2.614e-10	0.0084001
2.61447e-10	0.00840639
2.61493e-10	0.00841268
2.61539e-10	0.00841898
2.61586e-10	0.00842528
2.61632e-10	0.00843158
2.61679e-10	0.00843788
2.61725e-10	0.00844418
2.61771e-10	0.00845049
2.61818e-10	0.0084568
2.61864e-10	0.00846312
2.61911e-10	0.00846943
2.61957e-10	0.00847575
2.62004e-10	0.00848207
2.6205e-10	0.0084884
2.62096e-10	0.00849472
2.62143e-10	0.00850105
2.62189e-10	0.00850739
2.62236e-10	0.00851372
2.62282e-10	0.00852006
2.62328e-10	0.0085264
2.62375e-10	0.00853274
2.62421e-10	0.00853909
2.62468e-10	0.00854543
2.62514e-10	0.00855178
2.62561e-10	0.00855814
2.62607e-10	0.00856449
2.62653e-10	0.00857085
2.627e-10	0.00857721
2.62746e-10	0.00858357
2.62793e-10	0.00858994
2.62839e-10	0.00859631
2.62885e-10	0.00860268
2.62932e-10	0.00860905
2.62978e-10	0.00861543
2.63025e-10	0.00862181
2.63071e-10	0.00862819
2.63118e-10	0.00863457
2.63164e-10	0.00864096
2.6321e-10	0.00864735
2.63257e-10	0.00865374
2.63303e-10	0.00866014
2.6335e-10	0.00866653
2.63396e-10	0.00867293
2.63442e-10	0.00867934
2.63489e-10	0.00868574
2.63535e-10	0.00869215
2.63582e-10	0.00869856
2.63628e-10	0.00870497
2.63675e-10	0.00871139
2.63721e-10	0.00871781
2.63767e-10	0.00872423
2.63814e-10	0.00873065
2.6386e-10	0.00873708
2.63907e-10	0.0087435
2.63953e-10	0.00874994
2.63999e-10	0.00875637
2.64046e-10	0.00876281
2.64092e-10	0.00876924
2.64139e-10	0.00877569
2.64185e-10	0.00878213
2.64232e-10	0.00878858
2.64278e-10	0.00879502
2.64324e-10	0.00880148
2.64371e-10	0.00880793
2.64417e-10	0.00881439
2.64464e-10	0.00882085
2.6451e-10	0.00882731
2.64557e-10	0.00883377
2.64603e-10	0.00884024
2.64649e-10	0.00884671
2.64696e-10	0.00885318
2.64742e-10	0.00885966
2.64789e-10	0.00886614
2.64835e-10	0.00887262
2.64881e-10	0.0088791
2.64928e-10	0.00888558
2.64974e-10	0.00889207
2.65021e-10	0.00889856
2.65067e-10	0.00890506
2.65114e-10	0.00891155
2.6516e-10	0.00891805
2.65206e-10	0.00892455
2.65253e-10	0.00893105
2.65299e-10	0.00893756
2.65346e-10	0.00894407
2.65392e-10	0.00895058
2.65438e-10	0.00895709
2.65485e-10	0.00896361
2.65531e-10	0.00897013
2.65578e-10	0.00897665
2.65624e-10	0.00898317
2.65671e-10	0.0089897
2.65717e-10	0.00899623
2.65763e-10	0.00900276
2.6581e-10	0.00900929
2.65856e-10	0.00901583
2.65903e-10	0.00902237
2.65949e-10	0.00902891
2.65995e-10	0.00903545
2.66042e-10	0.009042
2.66088e-10	0.00904855
2.66135e-10	0.0090551
2.66181e-10	0.00906165
2.66228e-10	0.00906821
2.66274e-10	0.00907477
2.6632e-10	0.00908133
2.66367e-10	0.0090879
2.66413e-10	0.00909446
2.6646e-10	0.00910103
2.66506e-10	0.00910761
2.66552e-10	0.00911418
2.66599e-10	0.00912076
2.66645e-10	0.00912734
2.66692e-10	0.00913392
2.66738e-10	0.0091405
2.66785e-10	0.00914709
2.66831e-10	0.00915368
2.66877e-10	0.00916027
2.66924e-10	0.00916687
2.6697e-10	0.00917347
2.67017e-10	0.00918007
2.67063e-10	0.00918667
2.67109e-10	0.00919327
2.67156e-10	0.00919988
2.67202e-10	0.00920649
2.67249e-10	0.0092131
2.67295e-10	0.00921972
2.67342e-10	0.00922634
2.67388e-10	0.00923296
2.67434e-10	0.00923958
2.67481e-10	0.00924621
2.67527e-10	0.00925283
2.67574e-10	0.00925946
2.6762e-10	0.0092661
2.67666e-10	0.00927273
2.67713e-10	0.00927937
2.67759e-10	0.00928601
2.67806e-10	0.00929265
2.67852e-10	0.0092993
2.67899e-10	0.00930595
2.67945e-10	0.0093126
2.67991e-10	0.00931925
2.68038e-10	0.0093259
2.68084e-10	0.00933256
2.68131e-10	0.00933922
2.68177e-10	0.00934589
2.68223e-10	0.00935255
2.6827e-10	0.00935922
2.68316e-10	0.00936589
2.68363e-10	0.00937256
2.68409e-10	0.00937924
2.68456e-10	0.00938592
2.68502e-10	0.0093926
2.68548e-10	0.00939928
2.68595e-10	0.00940596
2.68641e-10	0.00941265
2.68688e-10	0.00941934
2.68734e-10	0.00942603
2.68781e-10	0.00943273
2.68827e-10	0.00943943
2.68873e-10	0.00944613
2.6892e-10	0.00945283
2.68966e-10	0.00945954
2.69013e-10	0.00946624
2.69059e-10	0.00947295
2.69105e-10	0.00947967
2.69152e-10	0.00948638
2.69198e-10	0.0094931
2.69245e-10	0.00949982
2.69291e-10	0.00950654
2.69338e-10	0.00951327
2.69384e-10	0.00951999
2.6943e-10	0.00952672
2.69477e-10	0.00953346
2.69523e-10	0.00954019
2.6957e-10	0.00954693
2.69616e-10	0.00955367
2.69662e-10	0.00956041
2.69709e-10	0.00956716
2.69755e-10	0.0095739
2.69802e-10	0.00958065
2.69848e-10	0.00958741
2.69895e-10	0.00959416
2.69941e-10	0.00960092
2.69987e-10	0.00960768
2.70034e-10	0.00961444
2.7008e-10	0.0096212
2.70127e-10	0.00962797
2.70173e-10	0.00963474
2.70219e-10	0.00964151
2.70266e-10	0.00964828
2.70312e-10	0.00965506
2.70359e-10	0.00966184
2.70405e-10	0.00966862
2.70452e-10	0.00967541
2.70498e-10	0.00968219
2.70544e-10	0.00968898
2.70591e-10	0.00969577
2.70637e-10	0.00970257
2.70684e-10	0.00970936
2.7073e-10	0.00971616
2.70776e-10	0.00972296
2.70823e-10	0.00972977
2.70869e-10	0.00973657
2.70916e-10	0.00974338
2.70962e-10	0.00975019
2.71009e-10	0.009757
2.71055e-10	0.00976382
2.71101e-10	0.00977064
2.71148e-10	0.00977746
2.71194e-10	0.00978428
2.71241e-10	0.00979111
2.71287e-10	0.00979793
2.71333e-10	0.00980476
2.7138e-10	0.0098116
2.71426e-10	0.00981843
2.71473e-10	0.00982527
2.71519e-10	0.00983211
2.71566e-10	0.00983895
2.71612e-10	0.0098458
2.71658e-10	0.00985264
2.71705e-10	0.00985949
2.71751e-10	0.00986634
2.71798e-10	0.0098732
2.71844e-10	0.00988006
2.7189e-10	0.00988691
2.71937e-10	0.00989378
2.71983e-10	0.00990064
2.7203e-10	0.00990751
2.72076e-10	0.00991438
2.72123e-10	0.00992125
2.72169e-10	0.00992812
2.72215e-10	0.009935
2.72262e-10	0.00994187
2.72308e-10	0.00994875
2.72355e-10	0.00995564
2.72401e-10	0.00996252
2.72447e-10	0.00996941
2.72494e-10	0.0099763
2.7254e-10	0.00998319
2.72587e-10	0.00999009
2.72633e-10	0.00999699
2.7268e-10	0.0100039
2.72726e-10	0.0100108
2.72772e-10	0.0100177
2.72819e-10	0.0100246
2.72865e-10	0.0100315
2.72912e-10	0.0100384
2.72958e-10	0.0100453
2.73004e-10	0.0100523
2.73051e-10	0.0100592
2.73097e-10	0.0100661
2.73144e-10	0.010073
2.7319e-10	0.0100799
2.73237e-10	0.0100869
2.73283e-10	0.0100938
2.73329e-10	0.0101007
2.73376e-10	0.0101077
2.73422e-10	0.0101146
2.73469e-10	0.0101215
2.73515e-10	0.0101285
2.73562e-10	0.0101354
2.73608e-10	0.0101424
2.73654e-10	0.0101493
2.73701e-10	0.0101563
2.73747e-10	0.0101632
2.73794e-10	0.0101702
2.7384e-10	0.0101771
2.73886e-10	0.0101841
2.73933e-10	0.0101911
2.73979e-10	0.010198
2.74026e-10	0.010205
2.74072e-10	0.010212
2.74119e-10	0.010219
2.74165e-10	0.0102259
2.74211e-10	0.0102329
2.74258e-10	0.0102399
2.74304e-10	0.0102469
2.74351e-10	0.0102539
2.74397e-10	0.0102608
2.74443e-10	0.0102678
2.7449e-10	0.0102748
2.74536e-10	0.0102818
2.74583e-10	0.0102888
2.74629e-10	0.0102958
2.74676e-10	0.0103028
2.74722e-10	0.0103098
2.74768e-10	0.0103168
2.74815e-10	0.0103238
2.74861e-10	0.0103308
2.74908e-10	0.0103378
2.74954e-10	0.0103449
2.75e-10	0.0103519
2.75047e-10	0.0103589
2.75093e-10	0.0103659
2.7514e-10	0.0103729
2.75186e-10	0.01038
2.75233e-10	0.010387
2.75279e-10	0.010394
2.75325e-10	0.0104011
2.75372e-10	0.0104081
2.75418e-10	0.0104151
2.75465e-10	0.0104222
2.75511e-10	0.0104292
2.75557e-10	0.0104363
2.75604e-10	0.0104433
2.7565e-10	0.0104504
2.75697e-10	0.0104574
2.75743e-10	0.0104645
2.7579e-10	0.0104715
2.75836e-10	0.0104786
2.75882e-10	0.0104856
2.75929e-10	0.0104927
2.75975e-10	0.0104998
2.76022e-10	0.0105068
2.76068e-10	0.0105139
2.76114e-10	0.010521
2.76161e-10	0.010528
2.76207e-10	0.0105351
2.76254e-10	0.0105422
2.763e-10	0.0105493
2.76347e-10	0.0105564
2.76393e-10	0.0105634
2.76439e-10	0.0105705
2.76486e-10	0.0105776
2.76532e-10	0.0105847
2.76579e-10	0.0105918
2.76625e-10	0.0105989
2.76671e-10	0.010606
2.76718e-10	0.0106131
2.76764e-10	0.0106202
2.76811e-10	0.0106273
2.76857e-10	0.0106344
2.76904e-10	0.0106415
2.7695e-10	0.0106486
2.76996e-10	0.0106558
2.77043e-10	0.0106629
2.77089e-10	0.01067
2.77136e-10	0.0106771
2.77182e-10	0.0106842
2.77228e-10	0.0106914
2.77275e-10	0.0106985
2.77321e-10	0.0107056
2.77368e-10	0.0107128
2.77414e-10	0.0107199
2.77461e-10	0.010727
2.77507e-10	0.0107342
2.77553e-10	0.0107413
2.776e-10	0.0107485
2.77646e-10	0.0107556
2.77693e-10	0.0107628
2.77739e-10	0.0107699
2.77785e-10	0.0107771
2.77832e-10	0.0107842
2.77878e-10	0.0107914
2.77925e-10	0.0107985
2.77971e-10	0.0108057
2.78018e-10	0.0108128
2.78064e-10	0.01082
2.7811e-10	0.0108272
2.78157e-10	0.0108344
2.78203e-10	0.0108415
2.7825e-10	0.0108487
2.78296e-10	0.0108559
2.78343e-10	0.0108631
2.78389e-10	0.0108702
2.78435e-10	0.0108774
2.78482e-10	0.0108846
2.78528e-10	0.0108918
2.78575e-10	0.010899
2.78621e-10	0.0109062
2.78667e-10	0.0109134
2.78714e-10	0.0109206
2.7876e-10	0.0109278
2.78807e-10	0.010935
2.78853e-10	0.0109422
2.789e-10	0.0109494
2.78946e-10	0.0109566
2.78992e-10	0.0109638
2.79039e-10	0.010971
2.79085e-10	0.0109782
2.79132e-10	0.0109854
2.79178e-10	0.0109926
2.79224e-10	0.0109999
2.79271e-10	0.0110071
2.79317e-10	0.0110143
2.79364e-10	0.0110215
2.7941e-10	0.0110288
2.79457e-10	0.011036
2.79503e-10	0.0110432
2.79549e-10	0.0110505
2.79596e-10	0.0110577
2.79642e-10	0.0110649
2.79689e-10	0.0110722
2.79735e-10	0.0110794
2.79781e-10	0.0110867
2.79828e-10	0.0110939
2.79874e-10	0.0111012
2.79921e-10	0.0111084
2.79967e-10	0.0111157
2.80014e-10	0.0111229
2.8006e-10	0.0111302
2.80106e-10	0.0111374
2.80153e-10	0.0111447
2.80199e-10	0.011152
2.80246e-10	0.0111592
2.80292e-10	0.0111665
2.80338e-10	0.0111738
2.80385e-10	0.0111811
2.80431e-10	0.0111883
2.80478e-10	0.0111956
2.80524e-10	0.0112029
2.80571e-10	0.0112102
2.80617e-10	0.0112175
2.80663e-10	0.0112247
2.8071e-10	0.011232
2.80756e-10	0.0112393
2.80803e-10	0.0112466
2.80849e-10	0.0112539
2.80895e-10	0.0112612
2.80942e-10	0.0112685
2.80988e-10	0.0112758
2.81035e-10	0.0112831
2.81081e-10	0.0112904
2.81128e-10	0.0112977
2.81174e-10	0.011305
2.8122e-10	0.0113123
2.81267e-10	0.0113196
2.81313e-10	0.011327
2.8136e-10	0.0113343
2.81406e-10	0.0113416
2.81452e-10	0.0113489
2.81499e-10	0.0113562
2.81545e-10	0.0113636
2.81592e-10	0.0113709
2.81638e-10	0.0113782
2.81685e-10	0.0113856
2.81731e-10	0.0113929
2.81777e-10	0.0114002
2.81824e-10	0.0114076
2.8187e-10	0.0114149
2.81917e-10	0.0114222
2.81963e-10	0.0114296
2.82009e-10	0.0114369
2.82056e-10	0.0114443
2.82102e-10	0.0114516
2.82149e-10	0.011459
2.82195e-10	0.0114663
2.82242e-10	0.0114737
2.82288e-10	0.011481
2.82334e-10	0.0114884
2.82381e-10	0.0114958
2.82427e-10	0.0115031
2.82474e-10	0.0115105
2.8252e-10	0.0115179
2.82566e-10	0.0115252
2.82613e-10	0.0115326
2.82659e-10	0.01154
2.82706e-10	0.0115474
2.82752e-10	0.0115547
2.82799e-10	0.0115621
2.82845e-10	0.0115695
2.82891e-10	0.0115769
2.82938e-10	0.0115843
2.82984e-10	0.0115917
2.83031e-10	0.0115991
2.83077e-10	0.0116064
2.83124e-10	0.0116138
2.8317e-10	0.0116212
2.83216e-10	0.0116286
2.83263e-10	0.011636
2.83309e-10	0.0116434
2.83356e-10	0.0116508
2.83402e-10	0.0116582
2.83448e-10	0.0116657
2.83495e-10	0.0116731
2.83541e-10	0.0116805
2.83588e-10	0.0116879
2.83634e-10	0.0116953
2.83681e-10	0.0117027
2.83727e-10	0.0117101
2.83773e-10	0.0117176
2.8382e-10	0.011725
2.83866e-10	0.0117324
2.83913e-10	0.0117398
2.83959e-10	0.0117473
2.84005e-10	0.0117547
2.84052e-10	0.0117621
2.84098e-10	0.0117696
2.84145e-10	0.011777
2.84191e-10	0.0117844
2.84238e-10	0.0117919
2.84284e-10	0.0117993
2.8433e-10	0.0118068
2.84377e-10	0.0118142
2.84423e-10	0.0118217
2.8447e-10	0.0118291
2.84516e-10	0.0118366
2.84562e-10	0.011844
2.84609e-10	0.0118515
2.84655e-10	0.0118589
2.84702e-10	0.0118664
2.84748e-10	0.0118739
2.84795e-10	0.0118813
2.84841e-10	0.0118888
2.84887e-10	0.0118963
2.84934e-10	0.0119037
2.8498e-10	0.0119112
2.85027e-10	0.0119187
2.85073e-10	0.0119262
2.85119e-10	0.0119336
2.85166e-10	0.0119411
2.85212e-10	0.0119486
2.85259e-10	0.0119561
2.85305e-10	0.0119636
2.85352e-10	0.011971
2.85398e-10	0.0119785
2.85444e-10	0.011986
2.85491e-10	0.0119935
2.85537e-10	0.012001
2.85584e-10	0.0120085
2.8563e-10	0.012016
2.85676e-10	0.0120235
2.85723e-10	0.012031
2.85769e-10	0.0120385
2.85816e-10	0.012046
2.85862e-10	0.0120535
2.85909e-10	0.012061
2.85955e-10	0.0120686
2.86001e-10	0.0120761
2.86048e-10	0.0120836
2.86094e-10	0.0120911
2.86141e-10	0.0120986
2.86187e-10	0.0121061
2.86233e-10	0.0121137
2.8628e-10	0.0121212
2.86326e-10	0.0121287
2.86373e-10	0.0121362
2.86419e-10	0.0121438
2.86466e-10	0.0121513
2.86512e-10	0.0121588
2.86558e-10	0.0121664
2.86605e-10	0.0121739
2.86651e-10	0.0121814
2.86698e-10	0.012189
2.86744e-10	0.0121965
2.8679e-10	0.0122041
2.86837e-10	0.0122116
2.86883e-10	0.0122192
2.8693e-10	0.0122267
2.86976e-10	0.0122343
2.87023e-10	0.0122418
2.87069e-10	0.0122494
2.87115e-10	0.0122569
2.87162e-10	0.0122645
2.87208e-10	0.012272
2.87255e-10	0.0122796
2.87301e-10	0.0122872
2.87347e-10	0.0122947
2.87394e-10	0.0123023
2.8744e-10	0.0123099
2.87487e-10	0.0123174
2.87533e-10	0.012325
2.8758e-10	0.0123326
2.87626e-10	0.0123402
2.87672e-10	0.0123478
2.87719e-10	0.0123553
2.87765e-10	0.0123629
2.87812e-10	0.0123705
2.87858e-10	0.0123781
2.87905e-10	0.0123857
2.87951e-10	0.0123933
2.87997e-10	0.0124008
2.88044e-10	0.0124084
2.8809e-10	0.012416
2.88137e-10	0.0124236
2.88183e-10	0.0124312
2.88229e-10	0.0124388
2.88276e-10	0.0124464
2.88322e-10	0.012454
2.88369e-10	0.0124616
2.88415e-10	0.0124692
2.88462e-10	0.0124768
2.88508e-10	0.0124845
2.88554e-10	0.0124921
2.88601e-10	0.0124997
2.88647e-10	0.0125073
2.88694e-10	0.0125149
2.8874e-10	0.0125225
2.88786e-10	0.0125302
2.88833e-10	0.0125378
2.88879e-10	0.0125454
2.88926e-10	0.012553
2.88972e-10	0.0125606
2.89019e-10	0.0125683
2.89065e-10	0.0125759
2.89111e-10	0.0125835
2.89158e-10	0.0125912
2.89204e-10	0.0125988
2.89251e-10	0.0126064
2.89297e-10	0.0126141
2.89343e-10	0.0126217
2.8939e-10	0.0126294
2.89436e-10	0.012637
2.89483e-10	0.0126447
2.89529e-10	0.0126523
2.89576e-10	0.0126599
2.89622e-10	0.0126676
2.89668e-10	0.0126752
2.89715e-10	0.0126829
2.89761e-10	0.0126906
2.89808e-10	0.0126982
2.89854e-10	0.0127059
2.899e-10	0.0127135
2.89947e-10	0.0127212
2.89993e-10	0.0127289
2.9004e-10	0.0127365
2.90086e-10	0.0127442
2.90133e-10	0.0127519
2.90179e-10	0.0127595
2.90225e-10	0.0127672
2.90272e-10	0.0127749
2.90318e-10	0.0127825
2.90365e-10	0.0127902
2.90411e-10	0.0127979
2.90457e-10	0.0128056
2.90504e-10	0.0128133
2.9055e-10	0.0128209
2.90597e-10	0.0128286
2.90643e-10	0.0128363
2.9069e-10	0.012844
2.90736e-10	0.0128517
2.90782e-10	0.0128594
2.90829e-10	0.0128671
2.90875e-10	0.0128748
2.90922e-10	0.0128825
2.90968e-10	0.0128902
2.91014e-10	0.0128979
2.91061e-10	0.0129056
2.91107e-10	0.0129133
2.91154e-10	0.012921
2.912e-10	0.0129287
2.91247e-10	0.0129364
2.91293e-10	0.0129441
2.91339e-10	0.0129518
2.91386e-10	0.0129595
2.91432e-10	0.0129672
2.91479e-10	0.0129749
2.91525e-10	0.0129827
2.91571e-10	0.0129904
2.91618e-10	0.0129981
2.91664e-10	0.0130058
2.91711e-10	0.0130135
2.91757e-10	0.0130213
2.91804e-10	0.013029
2.9185e-10	0.0130367
2.91896e-10	0.0130444
2.91943e-10	0.0130522
2.91989e-10	0.0130599
2.92036e-10	0.0130676
2.92082e-10	0.0130754
2.92129e-10	0.0130831
2.92175e-10	0.0130908
2.92221e-10	0.0130986
2.92268e-10	0.0131063
2.92314e-10	0.0131141
2.92361e-10	0.0131218
2.92407e-10	0.0131295
2.92453e-10	0.0131373
2.925e-10	0.013145
2.92546e-10	0.0131528
2.92593e-10	0.0131605
2.92639e-10	0.0131683
2.92686e-10	0.013176
2.92732e-10	0.0131838
2.92778e-10	0.0131916
2.92825e-10	0.0131993
2.92871e-10	0.0132071
2.92918e-10	0.0132148
2.92964e-10	0.0132226
2.9301e-10	0.0132304
2.93057e-10	0.0132381
2.93103e-10	0.0132459
2.9315e-10	0.0132537
2.93196e-10	0.0132614
2.93243e-10	0.0132692
2.93289e-10	0.013277
2.93335e-10	0.0132848
2.93382e-10	0.0132925
2.93428e-10	0.0133003
2.93475e-10	0.0133081
2.93521e-10	0.0133159
2.93567e-10	0.0133236
2.93614e-10	0.0133314
2.9366e-10	0.0133392
2.93707e-10	0.013347
2.93753e-10	0.0133548
2.938e-10	0.0133626
2.93846e-10	0.0133704
2.93892e-10	0.0133782
2.93939e-10	0.0133859
2.93985e-10	0.0133937
2.94032e-10	0.0134015
2.94078e-10	0.0134093
2.94124e-10	0.0134171
2.94171e-10	0.0134249
2.94217e-10	0.0134327
2.94264e-10	0.0134405
2.9431e-10	0.0134483
2.94357e-10	0.0134561
2.94403e-10	0.013464
2.94449e-10	0.0134718
2.94496e-10	0.0134796
2.94542e-10	0.0134874
2.94589e-10	0.0134952
2.94635e-10	0.013503
2.94681e-10	0.0135108
2.94728e-10	0.0135186
2.94774e-10	0.0135265
2.94821e-10	0.0135343
2.94867e-10	0.0135421
2.94914e-10	0.0135499
2.9496e-10	0.0135577
2.95006e-10	0.0135656
2.95053e-10	0.0135734
2.95099e-10	0.0135812
2.95146e-10	0.013589
2.95192e-10	0.0135969
2.95238e-10	0.0136047
2.95285e-10	0.0136125
2.95331e-10	0.0136204
2.95378e-10	0.0136282
2.95424e-10	0.013636
2.95471e-10	0.0136439
2.95517e-10	0.0136517
2.95563e-10	0.0136596
2.9561e-10	0.0136674
2.95656e-10	0.0136752
2.95703e-10	0.0136831
2.95749e-10	0.0136909
2.95795e-10	0.0136988
2.95842e-10	0.0137066
2.95888e-10	0.0137145
2.95935e-10	0.0137223
2.95981e-10	0.0137302
2.96028e-10	0.013738
2.96074e-10	0.0137459
2.9612e-10	0.0137537
2.96167e-10	0.0137616
2.96213e-10	0.0137694
2.9626e-10	0.0137773
2.96306e-10	0.0137852
2.96352e-10	0.013793
2.96399e-10	0.0138009
2.96445e-10	0.0138087
2.96492e-10	0.0138166
2.96538e-10	0.0138245
2.96585e-10	0.0138323
2.96631e-10	0.0138402
2.96677e-10	0.0138481
2.96724e-10	0.013856
2.9677e-10	0.0138638
2.96817e-10	0.0138717
2.96863e-10	0.0138796
2.9691e-10	0.0138875
2.96956e-10	0.0138953
2.97002e-10	0.0139032
2.97049e-10	0.0139111
2.97095e-10	0.013919
2.97142e-10	0.0139269
2.97188e-10	0.0139347
2.97234e-10	0.0139426
2.97281e-10	0.0139505
2.97327e-10	0.0139584
2.97374e-10	0.0139663
2.9742e-10	0.0139742
2.97467e-10	0.0139821
2.97513e-10	0.01399
2.97559e-10	0.0139978
2.97606e-10	0.0140057
2.97652e-10	0.0140136
2.97699e-10	0.0140215
2.97745e-10	0.0140294
2.97791e-10	0.0140373
2.97838e-10	0.0140452
2.97884e-10	0.0140531
2.97931e-10	0.014061
2.97977e-10	0.0140689
2.98024e-10	0.0140768
2.9807e-10	0.0140847
2.98116e-10	0.0140926
2.98163e-10	0.0141006
2.98209e-10	0.0141085
2.98256e-10	0.0141164
2.98302e-10	0.0141243
2.98348e-10	0.0141322
2.98395e-10	0.0141401
2.98441e-10	0.014148
2.98488e-10	0.0141559
2.98534e-10	0.0141639
2.98581e-10	0.0141718
2.98627e-10	0.0141797
2.98673e-10	0.0141876
2.9872e-10	0.0141955
2.98766e-10	0.0142034
2.98813e-10	0.0142114
2.98859e-10	0.0142193
2.98905e-10	0.0142272
2.98952e-10	0.0142351
2.98998e-10	0.0142431
2.99045e-10	0.014251
2.99091e-10	0.0142589
2.99138e-10	0.0142669
2.99184e-10	0.0142748
2.9923e-10	0.0142827
2.99277e-10	0.0142907
2.99323e-10	0.0142986
2.9937e-10	0.0143065
2.99416e-10	0.0143145
2.99462e-10	0.0143224
2.99509e-10	0.0143303
2.99555e-10	0.0143383
2.99602e-10	0.0143462
2.99648e-10	0.0143542
2.99695e-10	0.0143621
2.99741e-10	0.01437
2.99787e-10	0.014378
2.99834e-10	0.0143859
2.9988e-10	0.0143939
2.99927e-10	0.0144018
2.99973e-10	0.0144098
3.00019e-10	0.0144177
3.00066e-10	0.0144257
3.00112e-10	0.0144336
3.00159e-10	0.0144416
3.00205e-10	0.0144495
3.00252e-10	0.0144575
3.00298e-10	0.0144654
3.00344e-10	0.0144734
3.00391e-10	0.0144814
3.00437e-10	0.0144893
3.00484e-10	0.0144973
3.0053e-10	0.0145052
3.00576e-10	0.0145132
3.00623e-10	0.0145212
3.00669e-10	0.0145291
3.00716e-10	0.0145371
3.00762e-10	0.014545
3.00809e-10	0.014553
3.00855e-10	0.014561
3.00901e-10	0.0145689
3.00948e-10	0.0145769
3.00994e-10	0.0145849
3.01041e-10	0.0145928
3.01087e-10	0.0146008
3.01133e-10	0.0146088
3.0118e-10	0.0146168
3.01226e-10	0.0146247
3.01273e-10	0.0146327
3.01319e-10	0.0146407
3.01366e-10	0.0146487
3.01412e-10	0.0146566
3.01458e-10	0.0146646
3.01505e-10	0.0146726
3.01551e-10	0.0146806
3.01598e-10	0.0146886
3.01644e-10	0.0146965
3.01691e-10	0.0147045
3.01737e-10	0.0147125
3.01783e-10	0.0147205
3.0183e-10	0.0147285
3.01876e-10	0.0147365
3.01923e-10	0.0147444
3.01969e-10	0.0147524
3.02015e-10	0.0147604
3.02062e-10	0.0147684
3.02108e-10	0.0147764
3.02155e-10	0.0147844
3.02201e-10	0.0147924
3.02248e-10	0.0148004
3.02294e-10	0.0148084
3.0234e-10	0.0148164
3.02387e-10	0.0148244
3.02433e-10	0.0148323
3.0248e-10	0.0148403
3.02526e-10	0.0148483
3.02572e-10	0.0148563
3.02619e-10	0.0148643
3.02665e-10	0.0148723
3.02712e-10	0.0148803
3.02758e-10	0.0148883
3.02805e-10	0.0148963
3.02851e-10	0.0149043
3.02897e-10	0.0149123
3.02944e-10	0.0149203
3.0299e-10	0.0149284
3.03037e-10	0.0149364
3.03083e-10	0.0149444
3.03129e-10	0.0149524
3.03176e-10	0.0149604
3.03222e-10	0.0149684
3.03269e-10	0.0149764
3.03315e-10	0.0149844
3.03362e-10	0.0149924
3.03408e-10	0.0150004
3.03454e-10	0.0150084
3.03501e-10	0.0150164
3.03547e-10	0.0150245
3.03594e-10	0.0150325
3.0364e-10	0.0150405
3.03686e-10	0.0150485
3.03733e-10	0.0150565
3.03779e-10	0.0150645
3.03826e-10	0.0150726
3.03872e-10	0.0150806
3.03919e-10	0.0150886
3.03965e-10	0.0150966
3.04011e-10	0.0151046
3.04058e-10	0.0151127
3.04104e-10	0.0151207
3.04151e-10	0.0151287
3.04197e-10	0.0151367
3.04243e-10	0.0151447
3.0429e-10	0.0151528
3.04336e-10	0.0151608
3.04383e-10	0.0151688
3.04429e-10	0.0151768
3.04476e-10	0.0151849
3.04522e-10	0.0151929
3.04568e-10	0.0152009
3.04615e-10	0.015209
3.04661e-10	0.015217
3.04708e-10	0.015225
3.04754e-10	0.015233
3.048e-10	0.0152411
3.04847e-10	0.0152491
3.04893e-10	0.0152571
3.0494e-10	0.0152652
3.04986e-10	0.0152732
3.05033e-10	0.0152812
3.05079e-10	0.0152893
3.05125e-10	0.0152973
3.05172e-10	0.0153053
3.05218e-10	0.0153134
3.05265e-10	0.0153214
3.05311e-10	0.0153294
3.05357e-10	0.0153375
3.05404e-10	0.0153455
3.0545e-10	0.0153536
3.05497e-10	0.0153616
3.05543e-10	0.0153696
3.0559e-10	0.0153777
3.05636e-10	0.0153857
3.05682e-10	0.0153938
3.05729e-10	0.0154018
3.05775e-10	0.0154098
3.05822e-10	0.0154179
3.05868e-10	0.0154259
3.05914e-10	0.015434
3.05961e-10	0.015442
3.06007e-10	0.0154501
3.06054e-10	0.0154581
3.061e-10	0.0154662
3.06147e-10	0.0154742
3.06193e-10	0.0154823
3.06239e-10	0.0154903
3.06286e-10	0.0154983
3.06332e-10	0.0155064
3.06379e-10	0.0155144
3.06425e-10	0.0155225
3.06472e-10	0.0155305
3.06518e-10	0.0155386
3.06564e-10	0.0155466
3.06611e-10	0.0155547
3.06657e-10	0.0155627
3.06704e-10	0.0155708
3.0675e-10	0.0155788
3.06796e-10	0.0155869
3.06843e-10	0.015595
3.06889e-10	0.015603
3.06936e-10	0.0156111
3.06982e-10	0.0156191
3.07029e-10	0.0156272
3.07075e-10	0.0156352
3.07121e-10	0.0156433
3.07168e-10	0.0156513
3.07214e-10	0.0156594
3.07261e-10	0.0156675
3.07307e-10	0.0156755
3.07353e-10	0.0156836
3.074e-10	0.0156916
3.07446e-10	0.0156997
3.07493e-10	0.0157077
3.07539e-10	0.0157158
3.07586e-10	0.0157239
3.07632e-10	0.0157319
3.07678e-10	0.01574
3.07725e-10	0.015748
3.07771e-10	0.0157561
3.07818e-10	0.0157642
3.07864e-10	0.0157722
3.0791e-10	0.0157803
3.07957e-10	0.0157883
3.08003e-10	0.0157964
3.0805e-10	0.0158045
3.08096e-10	0.0158125
3.08143e-10	0.0158206
3.08189e-10	0.0158287
3.08235e-10	0.0158367
3.08282e-10	0.0158448
3.08328e-10	0.0158529
3.08375e-10	0.0158609
3.08421e-10	0.015869
3.08467e-10	0.015877
3.08514e-10	0.0158851
3.0856e-10	0.0158932
3.08607e-10	0.0159012
3.08653e-10	0.0159093
3.087e-10	0.0159174
3.08746e-10	0.0159254
3.08792e-10	0.0159335
3.08839e-10	0.0159416
3.08885e-10	0.0159496
3.08932e-10	0.0159577
3.08978e-10	0.0159658
3.09024e-10	0.0159739
3.09071e-10	0.0159819
3.09117e-10	0.01599
3.09164e-10	0.0159981
3.0921e-10	0.0160061
3.09257e-10	0.0160142
3.09303e-10	0.0160223
3.09349e-10	0.0160303
3.09396e-10	0.0160384
3.09442e-10	0.0160465
3.09489e-10	0.0160545
3.09535e-10	0.0160626
3.09581e-10	0.0160707
3.09628e-10	0.0160788
3.09674e-10	0.0160868
3.09721e-10	0.0160949
3.09767e-10	0.016103
3.09814e-10	0.016111
3.0986e-10	0.0161191
3.09906e-10	0.0161272
3.09953e-10	0.0161353
3.09999e-10	0.0161433
3.10046e-10	0.0161514
3.10092e-10	0.0161595
3.10138e-10	0.0161675
3.10185e-10	0.0161756
3.10231e-10	0.0161837
3.10278e-10	0.0161918
3.10324e-10	0.0161998
3.10371e-10	0.0162079
3.10417e-10	0.016216
3.10463e-10	0.0162241
3.1051e-10	0.0162321
3.10556e-10	0.0162402
3.10603e-10	0.0162483
3.10649e-10	0.0162563
3.10695e-10	0.0162644
3.10742e-10	0.0162725
3.10788e-10	0.0162806
3.10835e-10	0.0162886
3.10881e-10	0.0162967
3.10928e-10	0.0163048
3.10974e-10	0.0163129
3.1102e-10	0.0163209
3.11067e-10	0.016329
3.11113e-10	0.0163371
3.1116e-10	0.0163452
3.11206e-10	0.0163532
3.11253e-10	0.0163613
3.11299e-10	0.0163694
3.11345e-10	0.0163774
3.11392e-10	0.0163855
3.11438e-10	0.0163936
3.11485e-10	0.0164017
3.11531e-10	0.0164097
3.11577e-10	0.0164178
3.11624e-10	0.0164259
3.1167e-10	0.016434
3.11717e-10	0.016442
3.11763e-10	0.0164501
3.1181e-10	0.0164582
3.11856e-10	0.0164663
3.11902e-10	0.0164743
3.11949e-10	0.0164824
3.11995e-10	0.0164905
3.12042e-10	0.0164986
3.12088e-10	0.0165066
3.12134e-10	0.0165147
3.12181e-10	0.0165228
3.12227e-10	0.0165308
3.12274e-10	0.0165389
3.1232e-10	0.016547
3.12367e-10	0.0165551
3.12413e-10	0.0165631
3.12459e-10	0.0165712
3.12506e-10	0.0165793
3.12552e-10	0.0165874
3.12599e-10	0.0165954
3.12645e-10	0.0166035
3.12691e-10	0.0166116
3.12738e-10	0.0166196
3.12784e-10	0.0166277
3.12831e-10	0.0166358
3.12877e-10	0.0166439
3.12924e-10	0.0166519
3.1297e-10	0.01666
3.13016e-10	0.0166681
3.13063e-10	0.0166761
3.13109e-10	0.0166842
3.13156e-10	0.0166923
3.13202e-10	0.0167003
3.13248e-10	0.0167084
3.13295e-10	0.0167165
3.13341e-10	0.0167246
3.13388e-10	0.0167326
3.13434e-10	0.0167407
3.13481e-10	0.0167488
3.13527e-10	0.0167568
3.13573e-10	0.0167649
3.1362e-10	0.016773
3.13666e-10	0.016781
3.13713e-10	0.0167891
3.13759e-10	0.0167972
3.13805e-10	0.0168052
3.13852e-10	0.0168133
3.13898e-10	0.0168214
3.13945e-10	0.0168294
3.13991e-10	0.0168375
3.14038e-10	0.0168456
3.14084e-10	0.0168536
3.1413e-10	0.0168617
3.14177e-10	0.0168698
3.14223e-10	0.0168778
3.1427e-10	0.0168859
3.14316e-10	0.016894
3.14362e-10	0.016902
3.14409e-10	0.0169101
3.14455e-10	0.0169181
3.14502e-10	0.0169262
3.14548e-10	0.0169343
3.14595e-10	0.0169423
3.14641e-10	0.0169504
3.14687e-10	0.0169585
3.14734e-10	0.0169665
3.1478e-10	0.0169746
3.14827e-10	0.0169826
3.14873e-10	0.0169907
3.14919e-10	0.0169988
3.14966e-10	0.0170068
3.15012e-10	0.0170149
3.15059e-10	0.0170229
3.15105e-10	0.017031
3.15152e-10	0.0170391
3.15198e-10	0.0170471
3.15244e-10	0.0170552
3.15291e-10	0.0170632
3.15337e-10	0.0170713
3.15384e-10	0.0170793
3.1543e-10	0.0170874
3.15477e-10	0.0170954
3.15523e-10	0.0171035
3.15569e-10	0.0171116
3.15616e-10	0.0171196
3.15662e-10	0.0171277
3.15709e-10	0.0171357
3.15755e-10	0.0171438
3.15801e-10	0.0171518
3.15848e-10	0.0171599
3.15894e-10	0.0171679
3.15941e-10	0.017176
3.15987e-10	0.017184
3.16034e-10	0.0171921
3.1608e-10	0.0172001
3.16126e-10	0.0172082
3.16173e-10	0.0172162
3.16219e-10	0.0172243
3.16266e-10	0.0172323
3.16312e-10	0.0172404
3.16358e-10	0.0172484
3.16405e-10	0.0172565
3.16451e-10	0.0172645
3.16498e-10	0.0172725
3.16544e-10	0.0172806
3.16591e-10	0.0172886
3.16637e-10	0.0172967
3.16683e-10	0.0173047
3.1673e-10	0.0173128
3.16776e-10	0.0173208
3.16823e-10	0.0173288
3.16869e-10	0.0173369
3.16915e-10	0.0173449
3.16962e-10	0.017353
3.17008e-10	0.017361
3.17055e-10	0.017369
3.17101e-10	0.0173771
3.17148e-10	0.0173851
3.17194e-10	0.0173931
3.1724e-10	0.0174012
3.17287e-10	0.0174092
3.17333e-10	0.0174172
3.1738e-10	0.0174253
3.17426e-10	0.0174333
3.17472e-10	0.0174413
3.17519e-10	0.0174494
3.17565e-10	0.0174574
3.17612e-10	0.0174654
3.17658e-10	0.0174735
3.17705e-10	0.0174815
3.17751e-10	0.0174895
3.17797e-10	0.0174975
3.17844e-10	0.0175056
3.1789e-10	0.0175136
3.17937e-10	0.0175216
3.17983e-10	0.0175296
3.18029e-10	0.0175377
3.18076e-10	0.0175457
3.18122e-10	0.0175537
3.18169e-10	0.0175617
3.18215e-10	0.0175698
3.18262e-10	0.0175778
3.18308e-10	0.0175858
3.18354e-10	0.0175938
3.18401e-10	0.0176018
3.18447e-10	0.0176099
3.18494e-10	0.0176179
3.1854e-10	0.0176259
3.18586e-10	0.0176339
3.18633e-10	0.0176419
3.18679e-10	0.0176499
3.18726e-10	0.0176579
3.18772e-10	0.017666
3.18819e-10	0.017674
3.18865e-10	0.017682
3.18911e-10	0.01769
3.18958e-10	0.017698
3.19004e-10	0.017706
3.19051e-10	0.017714
3.19097e-10	0.017722
3.19143e-10	0.01773
3.1919e-10	0.017738
3.19236e-10	0.017746
3.19283e-10	0.017754
3.19329e-10	0.017762
3.19376e-10	0.01777
3.19422e-10	0.017778
3.19468e-10	0.017786
3.19515e-10	0.017794
3.19561e-10	0.017802
3.19608e-10	0.01781
3.19654e-10	0.017818
3.197e-10	0.017826
3.19747e-10	0.017834
3.19793e-10	0.017842
3.1984e-10	0.01785
3.19886e-10	0.017858
3.19933e-10	0.017866
3.19979e-10	0.017874
3.20025e-10	0.017882
3.20072e-10	0.0178899
3.20118e-10	0.0178979
3.20165e-10	0.0179059
3.20211e-10	0.0179139
3.20258e-10	0.0179219
3.20304e-10	0.0179299
3.2035e-10	0.0179379
3.20397e-10	0.0179458
3.20443e-10	0.0179538
3.2049e-10	0.0179618
3.20536e-10	0.0179698
3.20582e-10	0.0179777
3.20629e-10	0.0179857
3.20675e-10	0.0179937
3.20722e-10	0.0180017
3.20768e-10	0.0180096
3.20815e-10	0.0180176
3.20861e-10	0.0180256
3.20907e-10	0.0180336
3.20954e-10	0.0180415
3.21e-10	0.0180495
3.21047e-10	0.0180575
3.21093e-10	0.0180654
3.21139e-10	0.0180734
3.21186e-10	0.0180814
3.21232e-10	0.0180893
3.21279e-10	0.0180973
3.21325e-10	0.0181052
3.21372e-10	0.0181132
3.21418e-10	0.0181212
3.21464e-10	0.0181291
3.21511e-10	0.0181371
3.21557e-10	0.018145
3.21604e-10	0.018153
3.2165e-10	0.0181609
3.21696e-10	0.0181689
3.21743e-10	0.0181768
3.21789e-10	0.0181848
3.21836e-10	0.0181927
3.21882e-10	0.0182007
3.21929e-10	0.0182086
3.21975e-10	0.0182166
3.22021e-10	0.0182245
3.22068e-10	0.0182324
3.22114e-10	0.0182404
3.22161e-10	0.0182483
3.22207e-10	0.0182563
3.22253e-10	0.0182642
3.223e-10	0.0182721
3.22346e-10	0.0182801
3.22393e-10	0.018288
3.22439e-10	0.0182959
3.22486e-10	0.0183039
3.22532e-10	0.0183118
3.22578e-10	0.0183197
3.22625e-10	0.0183277
3.22671e-10	0.0183356
3.22718e-10	0.0183435
3.22764e-10	0.0183514
3.2281e-10	0.0183593
3.22857e-10	0.0183673
3.22903e-10	0.0183752
3.2295e-10	0.0183831
3.22996e-10	0.018391
3.23043e-10	0.0183989
3.23089e-10	0.0184069
3.23135e-10	0.0184148
3.23182e-10	0.0184227
3.23228e-10	0.0184306
3.23275e-10	0.0184385
3.23321e-10	0.0184464
3.23367e-10	0.0184543
3.23414e-10	0.0184622
3.2346e-10	0.0184701
3.23507e-10	0.018478
3.23553e-10	0.0184859
3.236e-10	0.0184938
3.23646e-10	0.0185017
3.23692e-10	0.0185096
3.23739e-10	0.0185175
3.23785e-10	0.0185254
3.23832e-10	0.0185333
3.23878e-10	0.0185412
3.23924e-10	0.0185491
3.23971e-10	0.018557
3.24017e-10	0.0185649
3.24064e-10	0.0185727
3.2411e-10	0.0185806
3.24157e-10	0.0185885
3.24203e-10	0.0185964
3.24249e-10	0.0186043
3.24296e-10	0.0186122
3.24342e-10	0.01862
3.24389e-10	0.0186279
3.24435e-10	0.0186358
3.24481e-10	0.0186437
3.24528e-10	0.0186515
3.24574e-10	0.0186594
3.24621e-10	0.0186673
3.24667e-10	0.0186751
3.24714e-10	0.018683
3.2476e-10	0.0186909
3.24806e-10	0.0186987
3.24853e-10	0.0187066
3.24899e-10	0.0187144
3.24946e-10	0.0187223
3.24992e-10	0.0187302
3.25039e-10	0.018738
3.25085e-10	0.0187459
3.25131e-10	0.0187537
3.25178e-10	0.0187616
3.25224e-10	0.0187694
3.25271e-10	0.0187773
3.25317e-10	0.0187851
3.25363e-10	0.0187929
3.2541e-10	0.0188008
3.25456e-10	0.0188086
3.25503e-10	0.0188165
3.25549e-10	0.0188243
3.25596e-10	0.0188321
3.25642e-10	0.01884
3.25688e-10	0.0188478
3.25735e-10	0.0188556
3.25781e-10	0.0188635
3.25828e-10	0.0188713
3.25874e-10	0.0188791
3.2592e-10	0.0188869
3.25967e-10	0.0188948
3.26013e-10	0.0189026
3.2606e-10	0.0189104
3.26106e-10	0.0189182
3.26153e-10	0.018926
3.26199e-10	0.0189338
3.26245e-10	0.0189417
3.26292e-10	0.0189495
3.26338e-10	0.0189573
3.26385e-10	0.0189651
3.26431e-10	0.0189729
3.26477e-10	0.0189807
3.26524e-10	0.0189885
3.2657e-10	0.0189963
3.26617e-10	0.0190041
3.26663e-10	0.0190119
3.2671e-10	0.0190197
3.26756e-10	0.0190275
3.26802e-10	0.0190353
3.26849e-10	0.0190431
3.26895e-10	0.0190508
3.26942e-10	0.0190586
3.26988e-10	0.0190664
3.27034e-10	0.0190742
3.27081e-10	0.019082
3.27127e-10	0.0190897
3.27174e-10	0.0190975
3.2722e-10	0.0191053
3.27267e-10	0.0191131
3.27313e-10	0.0191208
3.27359e-10	0.0191286
3.27406e-10	0.0191364
3.27452e-10	0.0191441
3.27499e-10	0.0191519
3.27545e-10	0.0191597
3.27591e-10	0.0191674
3.27638e-10	0.0191752
3.27684e-10	0.0191829
3.27731e-10	0.0191907
3.27777e-10	0.0191984
3.27824e-10	0.0192062
3.2787e-10	0.0192139
3.27916e-10	0.0192217
3.27963e-10	0.0192294
3.28009e-10	0.0192372
3.28056e-10	0.0192449
3.28102e-10	0.0192527
3.28148e-10	0.0192604
3.28195e-10	0.0192681
3.28241e-10	0.0192759
3.28288e-10	0.0192836
3.28334e-10	0.0192913
3.28381e-10	0.019299
3.28427e-10	0.0193068
3.28473e-10	0.0193145
3.2852e-10	0.0193222
3.28566e-10	0.0193299
3.28613e-10	0.0193376
3.28659e-10	0.0193454
3.28705e-10	0.0193531
3.28752e-10	0.0193608
3.28798e-10	0.0193685
3.28845e-10	0.0193762
3.28891e-10	0.0193839
3.28938e-10	0.0193916
3.28984e-10	0.0193993
3.2903e-10	0.019407
3.29077e-10	0.0194147
3.29123e-10	0.0194224
3.2917e-10	0.0194301
3.29216e-10	0.0194378
3.29262e-10	0.0194455
3.29309e-10	0.0194531
3.29355e-10	0.0194608
3.29402e-10	0.0194685
3.29448e-10	0.0194762
3.29495e-10	0.0194839
3.29541e-10	0.0194915
3.29587e-10	0.0194992
3.29634e-10	0.0195069
3.2968e-10	0.0195145
3.29727e-10	0.0195222
3.29773e-10	0.0195299
3.2982e-10	0.0195375
3.29866e-10	0.0195452
3.29912e-10	0.0195529
3.29959e-10	0.0195605
3.30005e-10	0.0195682
3.30052e-10	0.0195758
3.30098e-10	0.0195835
3.30144e-10	0.0195911
3.30191e-10	0.0195988
3.30237e-10	0.0196064
3.30284e-10	0.019614
3.3033e-10	0.0196217
3.30377e-10	0.0196293
3.30423e-10	0.0196369
3.30469e-10	0.0196446
3.30516e-10	0.0196522
3.30562e-10	0.0196598
3.30609e-10	0.0196674
3.30655e-10	0.0196751
3.30701e-10	0.0196827
3.30748e-10	0.0196903
3.30794e-10	0.0196979
3.30841e-10	0.0197055
3.30887e-10	0.0197131
3.30934e-10	0.0197207
3.3098e-10	0.0197283
3.31026e-10	0.0197359
3.31073e-10	0.0197435
3.31119e-10	0.0197511
3.31166e-10	0.0197587
3.31212e-10	0.0197663
3.31258e-10	0.0197739
3.31305e-10	0.0197815
3.31351e-10	0.0197891
3.31398e-10	0.0197967
3.31444e-10	0.0198043
3.31491e-10	0.0198118
3.31537e-10	0.0198194
3.31583e-10	0.019827
3.3163e-10	0.0198345
3.31676e-10	0.0198421
3.31723e-10	0.0198497
3.31769e-10	0.0198572
3.31815e-10	0.0198648
3.31862e-10	0.0198724
3.31908e-10	0.0198799
3.31955e-10	0.0198875
3.32001e-10	0.019895
3.32048e-10	0.0199026
3.32094e-10	0.0199101
3.3214e-10	0.0199177
3.32187e-10	0.0199252
3.32233e-10	0.0199327
3.3228e-10	0.0199403
3.32326e-10	0.0199478
3.32372e-10	0.0199553
3.32419e-10	0.0199629
3.32465e-10	0.0199704
3.32512e-10	0.0199779
3.32558e-10	0.0199854
3.32605e-10	0.0199929
3.32651e-10	0.0200005
3.32697e-10	0.020008
3.32744e-10	0.0200155
3.3279e-10	0.020023
3.32837e-10	0.0200305
3.32883e-10	0.020038
3.32929e-10	0.0200455
3.32976e-10	0.020053
3.33022e-10	0.0200605
3.33069e-10	0.020068
3.33115e-10	0.0200755
3.33162e-10	0.020083
3.33208e-10	0.0200904
3.33254e-10	0.0200979
3.33301e-10	0.0201054
3.33347e-10	0.0201129
3.33394e-10	0.0201203
3.3344e-10	0.0201278
3.33486e-10	0.0201353
3.33533e-10	0.0201427
3.33579e-10	0.0201502
3.33626e-10	0.0201577
3.33672e-10	0.0201651
3.33719e-10	0.0201726
3.33765e-10	0.02018
3.33811e-10	0.0201875
3.33858e-10	0.0201949
3.33904e-10	0.0202024
3.33951e-10	0.0202098
3.33997e-10	0.0202172
3.34043e-10	0.0202247
3.3409e-10	0.0202321
3.34136e-10	0.0202395
3.34183e-10	0.0202469
3.34229e-10	0.0202544
3.34276e-10	0.0202618
3.34322e-10	0.0202692
3.34368e-10	0.0202766
3.34415e-10	0.020284
3.34461e-10	0.0202914
3.34508e-10	0.0202988
3.34554e-10	0.0203062
3.34601e-10	0.0203136
3.34647e-10	0.020321
3.34693e-10	0.0203284
3.3474e-10	0.0203358
3.34786e-10	0.0203432
3.34833e-10	0.0203506
3.34879e-10	0.020358
3.34925e-10	0.0203653
3.34972e-10	0.0203727
3.35018e-10	0.0203801
3.35065e-10	0.0203875
3.35111e-10	0.0203948
3.35158e-10	0.0204022
3.35204e-10	0.0204096
3.3525e-10	0.0204169
3.35297e-10	0.0204243
3.35343e-10	0.0204316
3.3539e-10	0.020439
3.35436e-10	0.0204463
3.35482e-10	0.0204537
3.35529e-10	0.020461
3.35575e-10	0.0204683
3.35622e-10	0.0204757
3.35668e-10	0.020483
3.35715e-10	0.0204903
3.35761e-10	0.0204977
3.35807e-10	0.020505
3.35854e-10	0.0205123
3.359e-10	0.0205196
3.35947e-10	0.0205269
3.35993e-10	0.0205342
3.36039e-10	0.0205415
3.36086e-10	0.0205488
3.36132e-10	0.0205561
3.36179e-10	0.0205634
3.36225e-10	0.0205707
3.36272e-10	0.020578
3.36318e-10	0.0205853
3.36364e-10	0.0205926
3.36411e-10	0.0205999
3.36457e-10	0.0206071
3.36504e-10	0.0206144
3.3655e-10	0.0206217
3.36596e-10	0.020629
3.36643e-10	0.0206362
3.36689e-10	0.0206435
3.36736e-10	0.0206507
3.36782e-10	0.020658
3.36829e-10	0.0206652
3.36875e-10	0.0206725
3.36921e-10	0.0206797
3.36968e-10	0.020687
3.37014e-10	0.0206942
3.37061e-10	0.0207015
3.37107e-10	0.0207087
3.37153e-10	0.0207159
3.372e-10	0.0207231
3.37246e-10	0.0207304
3.37293e-10	0.0207376
3.37339e-10	0.0207448
3.37386e-10	0.020752
3.37432e-10	0.0207592
3.37478e-10	0.0207664
3.37525e-10	0.0207736
3.37571e-10	0.0207808
3.37618e-10	0.020788
3.37664e-10	0.0207952
3.3771e-10	0.0208024
3.37757e-10	0.0208096
3.37803e-10	0.0208168
3.3785e-10	0.0208239
3.37896e-10	0.0208311
3.37943e-10	0.0208383
3.37989e-10	0.0208455
3.38035e-10	0.0208526
3.38082e-10	0.0208598
3.38128e-10	0.0208669
3.38175e-10	0.0208741
3.38221e-10	0.0208812
3.38267e-10	0.0208884
3.38314e-10	0.0208955
3.3836e-10	0.0209027
3.38407e-10	0.0209098
3.38453e-10	0.0209169
3.385e-10	0.0209241
3.38546e-10	0.0209312
3.38592e-10	0.0209383
3.38639e-10	0.0209454
3.38685e-10	0.0209526
3.38732e-10	0.0209597
3.38778e-10	0.0209668
3.38825e-10	0.0209739
3.38871e-10	0.020981
3.38917e-10	0.0209881
3.38964e-10	0.0209952
3.3901e-10	0.0210023
3.39057e-10	0.0210094
3.39103e-10	0.0210164
3.39149e-10	0.0210235
3.39196e-10	0.0210306
3.39242e-10	0.0210377
3.39289e-10	0.0210447
3.39335e-10	0.0210518
3.39382e-10	0.0210589
3.39428e-10	0.0210659
3.39474e-10	0.021073
3.39521e-10	0.02108
3.39567e-10	0.0210871
3.39614e-10	0.0210941
3.3966e-10	0.0211012
3.39706e-10	0.0211082
3.39753e-10	0.0211152
3.39799e-10	0.0211223
3.39846e-10	0.0211293
3.39892e-10	0.0211363
3.39939e-10	0.0211433
3.39985e-10	0.0211503
3.40031e-10	0.0211573
3.40078e-10	0.0211644
3.40124e-10	0.0211714
3.40171e-10	0.0211784
3.40217e-10	0.0211853
3.40263e-10	0.0211923
3.4031e-10	0.0211993
3.40356e-10	0.0212063
3.40403e-10	0.0212133
3.40449e-10	0.0212203
3.40496e-10	0.0212272
3.40542e-10	0.0212342
3.40588e-10	0.0212412
3.40635e-10	0.0212481
3.40681e-10	0.0212551
3.40728e-10	0.021262
3.40774e-10	0.021269
3.4082e-10	0.0212759
3.40867e-10	0.0212829
3.40913e-10	0.0212898
3.4096e-10	0.0212967
3.41006e-10	0.0213037
3.41053e-10	0.0213106
3.41099e-10	0.0213175
3.41145e-10	0.0213244
3.41192e-10	0.0213313
3.41238e-10	0.0213383
3.41285e-10	0.0213452
3.41331e-10	0.0213521
3.41377e-10	0.021359
3.41424e-10	0.0213659
3.4147e-10	0.0213727
3.41517e-10	0.0213796
3.41563e-10	0.0213865
3.4161e-10	0.0213934
3.41656e-10	0.0214003
3.41702e-10	0.0214071
3.41749e-10	0.021414
3.41795e-10	0.0214209
3.41842e-10	0.0214277
3.41888e-10	0.0214346
3.41934e-10	0.0214414
3.41981e-10	0.0214483
3.42027e-10	0.0214551
3.42074e-10	0.0214619
3.4212e-10	0.0214688
3.42167e-10	0.0214756
3.42213e-10	0.0214824
3.42259e-10	0.0214892
3.42306e-10	0.0214961
3.42352e-10	0.0215029
3.42399e-10	0.0215097
3.42445e-10	0.0215165
3.42491e-10	0.0215233
3.42538e-10	0.0215301
3.42584e-10	0.0215369
3.42631e-10	0.0215437
3.42677e-10	0.0215504
3.42724e-10	0.0215572
3.4277e-10	0.021564
3.42816e-10	0.0215708
3.42863e-10	0.0215775
3.42909e-10	0.0215843
3.42956e-10	0.021591
3.43002e-10	0.0215978
3.43048e-10	0.0216045
3.43095e-10	0.0216113
3.43141e-10	0.021618
3.43188e-10	0.0216248
3.43234e-10	0.0216315
3.43281e-10	0.0216382
3.43327e-10	0.0216449
3.43373e-10	0.0216517
3.4342e-10	0.0216584
3.43466e-10	0.0216651
3.43513e-10	0.0216718
3.43559e-10	0.0216785
3.43606e-10	0.0216852
3.43652e-10	0.0216919
3.43698e-10	0.0216986
3.43745e-10	0.0217053
3.43791e-10	0.0217119
3.43838e-10	0.0217186
3.43884e-10	0.0217253
3.4393e-10	0.0217319
3.43977e-10	0.0217386
3.44023e-10	0.0217453
3.4407e-10	0.0217519
3.44116e-10	0.0217586
3.44163e-10	0.0217652
3.44209e-10	0.0217719
3.44255e-10	0.0217785
3.44302e-10	0.0217851
3.44348e-10	0.0217917
3.44395e-10	0.0217984
3.44441e-10	0.021805
3.44487e-10	0.0218116
3.44534e-10	0.0218182
3.4458e-10	0.0218248
3.44627e-10	0.0218314
3.44673e-10	0.021838
3.4472e-10	0.0218446
3.44766e-10	0.0218512
3.44812e-10	0.0218577
3.44859e-10	0.0218643
3.44905e-10	0.0218709
3.44952e-10	0.0218775
3.44998e-10	0.021884
3.45044e-10	0.0218906
3.45091e-10	0.0218971
3.45137e-10	0.0219037
3.45184e-10	0.0219102
3.4523e-10	0.0219168
3.45277e-10	0.0219233
3.45323e-10	0.0219298
3.45369e-10	0.0219364
3.45416e-10	0.0219429
3.45462e-10	0.0219494
3.45509e-10	0.0219559
3.45555e-10	0.0219624
3.45601e-10	0.0219689
3.45648e-10	0.0219754
3.45694e-10	0.0219819
3.45741e-10	0.0219884
3.45787e-10	0.0219949
3.45834e-10	0.0220013
3.4588e-10	0.0220078
3.45926e-10	0.0220143
3.45973e-10	0.0220207
3.46019e-10	0.0220272
3.46066e-10	0.0220337
3.46112e-10	0.0220401
3.46158e-10	0.0220465
3.46205e-10	0.022053
3.46251e-10	0.0220594
3.46298e-10	0.0220658
3.46344e-10	0.0220723
3.46391e-10	0.0220787
3.46437e-10	0.0220851
3.46483e-10	0.0220915
3.4653e-10	0.0220979
3.46576e-10	0.0221043
3.46623e-10	0.0221107
3.46669e-10	0.0221171
3.46715e-10	0.0221235
3.46762e-10	0.0221299
3.46808e-10	0.0221363
3.46855e-10	0.0221426
3.46901e-10	0.022149
3.46948e-10	0.0221553
3.46994e-10	0.0221617
3.4704e-10	0.0221681
3.47087e-10	0.0221744
3.47133e-10	0.0221807
3.4718e-10	0.0221871
3.47226e-10	0.0221934
3.47272e-10	0.0221997
3.47319e-10	0.0222061
3.47365e-10	0.0222124
3.47412e-10	0.0222187
3.47458e-10	0.022225
3.47505e-10	0.0222313
3.47551e-10	0.0222376
3.47597e-10	0.0222439
3.47644e-10	0.0222502
3.4769e-10	0.0222564
3.47737e-10	0.0222627
3.47783e-10	0.022269
3.47829e-10	0.0222752
3.47876e-10	0.0222815
3.47922e-10	0.0222878
3.47969e-10	0.022294
3.48015e-10	0.0223003
3.48062e-10	0.0223065
3.48108e-10	0.0223127
3.48154e-10	0.022319
3.48201e-10	0.0223252
3.48247e-10	0.0223314
3.48294e-10	0.0223376
3.4834e-10	0.0223438
3.48387e-10	0.02235
3.48433e-10	0.0223562
3.48479e-10	0.0223624
3.48526e-10	0.0223686
3.48572e-10	0.0223748
3.48619e-10	0.022381
3.48665e-10	0.0223871
3.48711e-10	0.0223933
3.48758e-10	0.0223994
3.48804e-10	0.0224056
3.48851e-10	0.0224118
3.48897e-10	0.0224179
3.48944e-10	0.022424
3.4899e-10	0.0224302
3.49036e-10	0.0224363
3.49083e-10	0.0224424
3.49129e-10	0.0224485
3.49176e-10	0.0224547
3.49222e-10	0.0224608
3.49268e-10	0.0224669
3.49315e-10	0.022473
3.49361e-10	0.022479
3.49408e-10	0.0224851
3.49454e-10	0.0224912
3.49501e-10	0.0224973
3.49547e-10	0.0225034
3.49593e-10	0.0225094
3.4964e-10	0.0225155
3.49686e-10	0.0225215
3.49733e-10	0.0225276
3.49779e-10	0.0225336
3.49825e-10	0.0225397
3.49872e-10	0.0225457
3.49918e-10	0.0225517
3.49965e-10	0.0225577
3.50011e-10	0.0225637
3.50058e-10	0.0225697
3.50104e-10	0.0225758
3.5015e-10	0.0225817
3.50197e-10	0.0225877
3.50243e-10	0.0225937
3.5029e-10	0.0225997
3.50336e-10	0.0226057
3.50382e-10	0.0226117
3.50429e-10	0.0226176
3.50475e-10	0.0226236
3.50522e-10	0.0226295
3.50568e-10	0.0226355
3.50615e-10	0.0226414
3.50661e-10	0.0226473
3.50707e-10	0.0226533
3.50754e-10	0.0226592
3.508e-10	0.0226651
3.50847e-10	0.022671
3.50893e-10	0.0226769
3.50939e-10	0.0226828
3.50986e-10	0.0226887
3.51032e-10	0.0226946
3.51079e-10	0.0227005
3.51125e-10	0.0227064
3.51172e-10	0.0227123
3.51218e-10	0.0227181
3.51264e-10	0.022724
3.51311e-10	0.0227298
3.51357e-10	0.0227357
3.51404e-10	0.0227415
3.5145e-10	0.0227474
3.51496e-10	0.0227532
3.51543e-10	0.022759
3.51589e-10	0.0227649
3.51636e-10	0.0227707
3.51682e-10	0.0227765
3.51729e-10	0.0227823
3.51775e-10	0.0227881
3.51821e-10	0.0227939
3.51868e-10	0.0227997
3.51914e-10	0.0228054
3.51961e-10	0.0228112
3.52007e-10	0.022817
3.52053e-10	0.0228227
3.521e-10	0.0228285
3.52146e-10	0.0228342
3.52193e-10	0.02284
3.52239e-10	0.0228457
3.52286e-10	0.0228515
3.52332e-10	0.0228572
3.52378e-10	0.0228629
3.52425e-10	0.0228686
3.52471e-10	0.0228743
3.52518e-10	0.02288
3.52564e-10	0.0228857
3.5261e-10	0.0228914
3.52657e-10	0.0228971
3.52703e-10	0.0229028
3.5275e-10	0.0229084
3.52796e-10	0.0229141
3.52843e-10	0.0229198
3.52889e-10	0.0229254
3.52935e-10	0.0229311
3.52982e-10	0.0229367
3.53028e-10	0.0229423
3.53075e-10	0.022948
3.53121e-10	0.0229536
3.53168e-10	0.0229592
3.53214e-10	0.0229648
3.5326e-10	0.0229704
3.53307e-10	0.022976
3.53353e-10	0.0229816
3.534e-10	0.0229872
3.53446e-10	0.0229928
3.53492e-10	0.0229983
3.53539e-10	0.0230039
3.53585e-10	0.0230095
3.53632e-10	0.023015
3.53678e-10	0.0230206
3.53725e-10	0.0230261
3.53771e-10	0.0230317
3.53817e-10	0.0230372
3.53864e-10	0.0230427
3.5391e-10	0.0230482
3.53957e-10	0.0230537
3.54003e-10	0.0230592
3.54049e-10	0.0230647
3.54096e-10	0.0230702
3.54142e-10	0.0230757
3.54189e-10	0.0230812
3.54235e-10	0.0230867
3.54282e-10	0.0230921
3.54328e-10	0.0230976
3.54374e-10	0.023103
3.54421e-10	0.0231085
3.54467e-10	0.0231139
3.54514e-10	0.0231194
3.5456e-10	0.0231248
3.54606e-10	0.0231302
3.54653e-10	0.0231356
3.54699e-10	0.023141
3.54746e-10	0.0231464
3.54792e-10	0.0231518
3.54839e-10	0.0231572
3.54885e-10	0.0231626
3.54931e-10	0.023168
3.54978e-10	0.0231733
3.55024e-10	0.0231787
3.55071e-10	0.0231841
3.55117e-10	0.0231894
3.55163e-10	0.0231948
3.5521e-10	0.0232001
3.55256e-10	0.0232054
3.55303e-10	0.0232107
3.55349e-10	0.0232161
3.55396e-10	0.0232214
3.55442e-10	0.0232267
3.55488e-10	0.023232
3.55535e-10	0.0232373
3.55581e-10	0.0232425
3.55628e-10	0.0232478
3.55674e-10	0.0232531
3.5572e-10	0.0232584
3.55767e-10	0.0232636
3.55813e-10	0.0232689
3.5586e-10	0.0232741
3.55906e-10	0.0232793
3.55953e-10	0.0232846
3.55999e-10	0.0232898
3.56045e-10	0.023295
3.56092e-10	0.0233002
3.56138e-10	0.0233054
3.56185e-10	0.0233106
3.56231e-10	0.0233158
3.56277e-10	0.023321
3.56324e-10	0.0233262
3.5637e-10	0.0233313
3.56417e-10	0.0233365
3.56463e-10	0.0233417
3.5651e-10	0.0233468
3.56556e-10	0.023352
3.56602e-10	0.0233571
3.56649e-10	0.0233622
3.56695e-10	0.0233673
3.56742e-10	0.0233725
3.56788e-10	0.0233776
3.56834e-10	0.0233827
3.56881e-10	0.0233878
3.56927e-10	0.0233928
3.56974e-10	0.0233979
3.5702e-10	0.023403
3.57067e-10	0.0234081
3.57113e-10	0.0234131
3.57159e-10	0.0234182
3.57206e-10	0.0234232
3.57252e-10	0.0234283
3.57299e-10	0.0234333
3.57345e-10	0.0234383
3.57391e-10	0.0234433
3.57438e-10	0.0234483
3.57484e-10	0.0234533
3.57531e-10	0.0234583
3.57577e-10	0.0234633
3.57624e-10	0.0234683
3.5767e-10	0.0234733
3.57716e-10	0.0234783
3.57763e-10	0.0234832
3.57809e-10	0.0234882
3.57856e-10	0.0234931
3.57902e-10	0.0234981
3.57949e-10	0.023503
3.57995e-10	0.0235079
3.58041e-10	0.0235128
3.58088e-10	0.0235177
3.58134e-10	0.0235226
3.58181e-10	0.0235275
3.58227e-10	0.0235324
3.58273e-10	0.0235373
3.5832e-10	0.0235422
3.58366e-10	0.0235471
3.58413e-10	0.0235519
3.58459e-10	0.0235568
3.58506e-10	0.0235616
3.58552e-10	0.0235665
3.58598e-10	0.0235713
3.58645e-10	0.0235761
3.58691e-10	0.0235809
3.58738e-10	0.0235857
3.58784e-10	0.0235905
3.5883e-10	0.0235953
3.58877e-10	0.0236001
3.58923e-10	0.0236049
3.5897e-10	0.0236097
3.59016e-10	0.0236144
3.59063e-10	0.0236192
3.59109e-10	0.023624
3.59155e-10	0.0236287
3.59202e-10	0.0236334
3.59248e-10	0.0236382
3.59295e-10	0.0236429
3.59341e-10	0.0236476
3.59387e-10	0.0236523
3.59434e-10	0.023657
3.5948e-10	0.0236617
3.59527e-10	0.0236664
3.59573e-10	0.0236711
3.5962e-10	0.0236757
3.59666e-10	0.0236804
3.59712e-10	0.023685
3.59759e-10	0.0236897
3.59805e-10	0.0236943
3.59852e-10	0.023699
3.59898e-10	0.0237036
3.59944e-10	0.0237082
3.59991e-10	0.0237128
3.60037e-10	0.0237174
3.60084e-10	0.023722
3.6013e-10	0.0237266
3.60177e-10	0.0237312
3.60223e-10	0.0237357
3.60269e-10	0.0237403
3.60316e-10	0.0237449
3.60362e-10	0.0237494
3.60409e-10	0.0237539
3.60455e-10	0.0237585
3.60501e-10	0.023763
3.60548e-10	0.0237675
3.60594e-10	0.023772
3.60641e-10	0.0237765
3.60687e-10	0.023781
3.60734e-10	0.0237855
3.6078e-10	0.02379
3.60826e-10	0.0237945
3.60873e-10	0.0237989
3.60919e-10	0.0238034
3.60966e-10	0.0238078
3.61012e-10	0.0238123
3.61058e-10	0.0238167
3.61105e-10	0.0238211
3.61151e-10	0.0238255
3.61198e-10	0.02383
3.61244e-10	0.0238344
3.61291e-10	0.0238388
3.61337e-10	0.0238431
3.61383e-10	0.0238475
3.6143e-10	0.0238519
3.61476e-10	0.0238562
3.61523e-10	0.0238606
3.61569e-10	0.0238649
3.61615e-10	0.0238693
3.61662e-10	0.0238736
3.61708e-10	0.0238779
3.61755e-10	0.0238823
3.61801e-10	0.0238866
3.61848e-10	0.0238909
3.61894e-10	0.0238951
3.6194e-10	0.0238994
3.61987e-10	0.0239037
3.62033e-10	0.023908
3.6208e-10	0.0239122
3.62126e-10	0.0239165
3.62173e-10	0.0239207
3.62219e-10	0.023925
3.62265e-10	0.0239292
3.62312e-10	0.0239334
3.62358e-10	0.0239376
3.62405e-10	0.0239418
3.62451e-10	0.023946
3.62497e-10	0.0239502
3.62544e-10	0.0239544
3.6259e-10	0.0239585
3.62637e-10	0.0239627
3.62683e-10	0.0239669
3.6273e-10	0.023971
3.62776e-10	0.0239751
3.62822e-10	0.0239793
3.62869e-10	0.0239834
3.62915e-10	0.0239875
3.62962e-10	0.0239916
3.63008e-10	0.0239957
3.63054e-10	0.0239998
3.63101e-10	0.0240039
3.63147e-10	0.0240079
3.63194e-10	0.024012
3.6324e-10	0.0240161
3.63287e-10	0.0240201
3.63333e-10	0.0240241
3.63379e-10	0.0240282
3.63426e-10	0.0240322
3.63472e-10	0.0240362
3.63519e-10	0.0240402
3.63565e-10	0.0240442
3.63611e-10	0.0240482
3.63658e-10	0.0240522
3.63704e-10	0.0240561
3.63751e-10	0.0240601
3.63797e-10	0.0240641
3.63844e-10	0.024068
3.6389e-10	0.0240719
3.63936e-10	0.0240759
3.63983e-10	0.0240798
3.64029e-10	0.0240837
3.64076e-10	0.0240876
3.64122e-10	0.0240915
3.64168e-10	0.0240954
3.64215e-10	0.0240993
3.64261e-10	0.0241031
3.64308e-10	0.024107
3.64354e-10	0.0241109
3.64401e-10	0.0241147
3.64447e-10	0.0241185
3.64493e-10	0.0241224
3.6454e-10	0.0241262
3.64586e-10	0.02413
3.64633e-10	0.0241338
3.64679e-10	0.0241376
3.64725e-10	0.0241414
3.64772e-10	0.0241451
3.64818e-10	0.0241489
3.64865e-10	0.0241527
3.64911e-10	0.0241564
3.64958e-10	0.0241602
3.65004e-10	0.0241639
3.6505e-10	0.0241676
3.65097e-10	0.0241713
3.65143e-10	0.024175
3.6519e-10	0.0241787
3.65236e-10	0.0241824
3.65282e-10	0.0241861
3.65329e-10	0.0241898
3.65375e-10	0.0241934
3.65422e-10	0.0241971
3.65468e-10	0.0242007
3.65515e-10	0.0242044
3.65561e-10	0.024208
3.65607e-10	0.0242116
3.65654e-10	0.0242152
3.657e-10	0.0242188
3.65747e-10	0.0242224
3.65793e-10	0.024226
3.65839e-10	0.0242296
3.65886e-10	0.0242331
3.65932e-10	0.0242367
3.65979e-10	0.0242403
3.66025e-10	0.0242438
3.66072e-10	0.0242473
3.66118e-10	0.0242508
3.66164e-10	0.0242544
3.66211e-10	0.0242579
3.66257e-10	0.0242614
3.66304e-10	0.0242648
3.6635e-10	0.0242683
3.66396e-10	0.0242718
3.66443e-10	0.0242752
3.66489e-10	0.0242787
3.66536e-10	0.0242821
3.66582e-10	0.0242856
3.66629e-10	0.024289
3.66675e-10	0.0242924
3.66721e-10	0.0242958
3.66768e-10	0.0242992
3.66814e-10	0.0243026
3.66861e-10	0.024306
3.66907e-10	0.0243093
3.66954e-10	0.0243127
3.67e-10	0.024316
3.67046e-10	0.0243194
3.67093e-10	0.0243227
3.67139e-10	0.024326
3.67186e-10	0.0243293
3.67232e-10	0.0243326
3.67278e-10	0.0243359
3.67325e-10	0.0243392
3.67371e-10	0.0243425
3.67418e-10	0.0243458
3.67464e-10	0.024349
3.67511e-10	0.0243523
3.67557e-10	0.0243555
3.67603e-10	0.0243587
3.6765e-10	0.024362
3.67696e-10	0.0243652
3.67743e-10	0.0243684
3.67789e-10	0.0243716
3.67835e-10	0.0243748
3.67882e-10	0.0243779
3.67928e-10	0.0243811
3.67975e-10	0.0243842
3.68021e-10	0.0243874
3.68068e-10	0.0243905
3.68114e-10	0.0243937
3.6816e-10	0.0243968
3.68207e-10	0.0243999
3.68253e-10	0.024403
3.683e-10	0.0244061
3.68346e-10	0.0244092
3.68392e-10	0.0244122
3.68439e-10	0.0244153
3.68485e-10	0.0244183
3.68532e-10	0.0244214
3.68578e-10	0.0244244
3.68625e-10	0.0244274
3.68671e-10	0.0244305
3.68717e-10	0.0244335
3.68764e-10	0.0244364
3.6881e-10	0.0244394
3.68857e-10	0.0244424
3.68903e-10	0.0244454
3.68949e-10	0.0244483
3.68996e-10	0.0244513
3.69042e-10	0.0244542
3.69089e-10	0.0244571
3.69135e-10	0.0244601
3.69182e-10	0.024463
3.69228e-10	0.0244659
3.69274e-10	0.0244688
3.69321e-10	0.0244716
3.69367e-10	0.0244745
3.69414e-10	0.0244774
3.6946e-10	0.0244802
3.69506e-10	0.0244831
3.69553e-10	0.0244859
3.69599e-10	0.0244887
3.69646e-10	0.0244915
3.69692e-10	0.0244943
3.69739e-10	0.0244971
3.69785e-10	0.0244999
3.69831e-10	0.0245027
3.69878e-10	0.0245054
3.69924e-10	0.0245082
3.69971e-10	0.0245109
3.70017e-10	0.0245137
3.70063e-10	0.0245164
3.7011e-10	0.0245191
3.70156e-10	0.0245218
3.70203e-10	0.0245245
3.70249e-10	0.0245272
3.70296e-10	0.0245298
3.70342e-10	0.0245325
3.70388e-10	0.0245352
3.70435e-10	0.0245378
3.70481e-10	0.0245404
3.70528e-10	0.0245431
3.70574e-10	0.0245457
3.7062e-10	0.0245483
3.70667e-10	0.0245509
3.70713e-10	0.0245535
3.7076e-10	0.024556
3.70806e-10	0.0245586
3.70853e-10	0.0245612
3.70899e-10	0.0245637
3.70945e-10	0.0245662
3.70992e-10	0.0245688
3.71038e-10	0.0245713
3.71085e-10	0.0245738
3.71131e-10	0.0245763
3.71177e-10	0.0245787
3.71224e-10	0.0245812
3.7127e-10	0.0245837
3.71317e-10	0.0245861
3.71363e-10	0.0245886
3.7141e-10	0.024591
3.71456e-10	0.0245934
3.71502e-10	0.0245958
3.71549e-10	0.0245982
3.71595e-10	0.0246006
3.71642e-10	0.024603
3.71688e-10	0.0246054
3.71735e-10	0.0246078
3.71781e-10	0.0246101
3.71827e-10	0.0246124
3.71874e-10	0.0246148
3.7192e-10	0.0246171
3.71967e-10	0.0246194
3.72013e-10	0.0246217
3.72059e-10	0.024624
3.72106e-10	0.0246263
3.72152e-10	0.0246285
3.72199e-10	0.0246308
3.72245e-10	0.024633
3.72292e-10	0.0246353
3.72338e-10	0.0246375
3.72384e-10	0.0246397
3.72431e-10	0.0246419
3.72477e-10	0.0246441
3.72524e-10	0.0246463
3.7257e-10	0.0246485
3.72616e-10	0.0246506
3.72663e-10	0.0246528
3.72709e-10	0.0246549
3.72756e-10	0.0246571
3.72802e-10	0.0246592
3.72849e-10	0.0246613
3.72895e-10	0.0246634
3.72941e-10	0.0246655
3.72988e-10	0.0246676
3.73034e-10	0.0246696
3.73081e-10	0.0246717
3.73127e-10	0.0246738
3.73173e-10	0.0246758
3.7322e-10	0.0246778
3.73266e-10	0.0246798
3.73313e-10	0.0246818
3.73359e-10	0.0246838
3.73406e-10	0.0246858
3.73452e-10	0.0246878
3.73498e-10	0.0246898
3.73545e-10	0.0246917
3.73591e-10	0.0246937
3.73638e-10	0.0246956
3.73684e-10	0.0246975
3.7373e-10	0.0246994
3.73777e-10	0.0247013
3.73823e-10	0.0247032
3.7387e-10	0.0247051
3.73916e-10	0.0247069
3.73963e-10	0.0247088
3.74009e-10	0.0247106
3.74055e-10	0.0247125
3.74102e-10	0.0247143
3.74148e-10	0.0247161
3.74195e-10	0.0247179
3.74241e-10	0.0247197
3.74287e-10	0.0247215
3.74334e-10	0.0247232
3.7438e-10	0.024725
3.74427e-10	0.0247268
3.74473e-10	0.0247285
3.7452e-10	0.0247302
3.74566e-10	0.0247319
3.74612e-10	0.0247336
3.74659e-10	0.0247353
3.74705e-10	0.024737
3.74752e-10	0.0247387
3.74798e-10	0.0247403
3.74844e-10	0.024742
3.74891e-10	0.0247436
3.74937e-10	0.0247452
3.74984e-10	0.0247469
3.7503e-10	0.0247485
3.75077e-10	0.0247501
3.75123e-10	0.0247516
3.75169e-10	0.0247532
3.75216e-10	0.0247548
3.75262e-10	0.0247563
3.75309e-10	0.0247579
3.75355e-10	0.0247594
3.75401e-10	0.0247609
3.75448e-10	0.0247624
3.75494e-10	0.0247639
3.75541e-10	0.0247654
3.75587e-10	0.0247668
3.75634e-10	0.0247683
3.7568e-10	0.0247697
3.75726e-10	0.0247712
3.75773e-10	0.0247726
3.75819e-10	0.024774
3.75866e-10	0.0247754
3.75912e-10	0.0247768
3.75958e-10	0.0247782
3.76005e-10	0.0247796
3.76051e-10	0.0247809
3.76098e-10	0.0247823
3.76144e-10	0.0247836
3.76191e-10	0.0247849
3.76237e-10	0.0247862
3.76283e-10	0.0247875
3.7633e-10	0.0247888
3.76376e-10	0.0247901
3.76423e-10	0.0247914
3.76469e-10	0.0247926
3.76516e-10	0.0247939
3.76562e-10	0.0247951
3.76608e-10	0.0247963
3.76655e-10	0.0247975
3.76701e-10	0.0247987
3.76748e-10	0.0247999
3.76794e-10	0.0248011
3.7684e-10	0.0248023
3.76887e-10	0.0248034
3.76933e-10	0.0248045
3.7698e-10	0.0248057
3.77026e-10	0.0248068
3.77073e-10	0.0248079
3.77119e-10	0.024809
3.77165e-10	0.0248101
3.77212e-10	0.0248111
3.77258e-10	0.0248122
3.77305e-10	0.0248133
3.77351e-10	0.0248143
3.77397e-10	0.0248153
3.77444e-10	0.0248163
3.7749e-10	0.0248173
3.77537e-10	0.0248183
3.77583e-10	0.0248193
3.7763e-10	0.0248203
3.77676e-10	0.0248212
3.77722e-10	0.0248222
3.77769e-10	0.0248231
3.77815e-10	0.024824
3.77862e-10	0.0248249
3.77908e-10	0.0248258
3.77954e-10	0.0248267
3.78001e-10	0.0248276
3.78047e-10	0.0248284
3.78094e-10	0.0248293
3.7814e-10	0.0248301
3.78187e-10	0.0248309
3.78233e-10	0.0248317
3.78279e-10	0.0248325
3.78326e-10	0.0248333
3.78372e-10	0.0248341
3.78419e-10	0.0248349
3.78465e-10	0.0248356
3.78511e-10	0.0248364
3.78558e-10	0.0248371
3.78604e-10	0.0248378
3.78651e-10	0.0248385
3.78697e-10	0.0248392
3.78744e-10	0.0248399
3.7879e-10	0.0248405
3.78836e-10	0.0248412
3.78883e-10	0.0248419
3.78929e-10	0.0248425
3.78976e-10	0.0248431
3.79022e-10	0.0248437
3.79068e-10	0.0248443
3.79115e-10	0.0248449
3.79161e-10	0.0248455
3.79208e-10	0.024846
3.79254e-10	0.0248466
3.79301e-10	0.0248471
3.79347e-10	0.0248476
3.79393e-10	0.0248481
3.7944e-10	0.0248486
3.79486e-10	0.0248491
3.79533e-10	0.0248496
3.79579e-10	0.0248501
3.79625e-10	0.0248505
3.79672e-10	0.024851
3.79718e-10	0.0248514
3.79765e-10	0.0248518
3.79811e-10	0.0248522
3.79858e-10	0.0248526
3.79904e-10	0.024853
3.7995e-10	0.0248533
3.79997e-10	0.0248537
3.80043e-10	0.024854
3.8009e-10	0.0248543
3.80136e-10	0.0248547
3.80182e-10	0.024855
3.80229e-10	0.0248552
3.80275e-10	0.0248555
3.80322e-10	0.0248558
3.80368e-10	0.024856
3.80415e-10	0.0248563
3.80461e-10	0.0248565
3.80507e-10	0.0248567
3.80554e-10	0.0248569
3.806e-10	0.0248571
3.80647e-10	0.0248573
3.80693e-10	0.0248575
3.80739e-10	0.0248576
3.80786e-10	0.0248578
3.80832e-10	0.0248579
3.80879e-10	0.024858
3.80925e-10	0.0248581
3.80972e-10	0.0248582
3.81018e-10	0.0248583
3.81064e-10	0.0248583
3.81111e-10	0.0248584
3.81157e-10	0.0248584
3.81204e-10	0.0248584
3.8125e-10	0.0248585
3.81297e-10	0.0248585
3.81343e-10	0.0248585
3.81389e-10	0.0248584
3.81436e-10	0.0248584
3.81482e-10	0.0248583
3.81529e-10	0.0248583
3.81575e-10	0.0248582
3.81621e-10	0.0248581
3.81668e-10	0.024858
3.81714e-10	0.0248579
3.81761e-10	0.0248578
3.81807e-10	0.0248576
3.81854e-10	0.0248575
3.819e-10	0.0248573
3.81946e-10	0.0248571
3.81993e-10	0.024857
3.82039e-10	0.0248568
3.82086e-10	0.0248565
3.82132e-10	0.0248563
3.82178e-10	0.0248561
3.82225e-10	0.0248558
3.82271e-10	0.0248555
3.82318e-10	0.0248553
3.82364e-10	0.024855
3.82411e-10	0.0248547
3.82457e-10	0.0248543
3.82503e-10	0.024854
3.8255e-10	0.0248537
3.82596e-10	0.0248533
3.82643e-10	0.0248529
3.82689e-10	0.0248526
3.82735e-10	0.0248522
3.82782e-10	0.0248517
3.82828e-10	0.0248513
3.82875e-10	0.0248509
3.82921e-10	0.0248504
3.82968e-10	0.02485
3.83014e-10	0.0248495
3.8306e-10	0.024849
3.83107e-10	0.0248485
3.83153e-10	0.024848
3.832e-10	0.0248475
3.83246e-10	0.0248469
3.83292e-10	0.0248464
3.83339e-10	0.0248458
3.83385e-10	0.0248452
3.83432e-10	0.0248446
3.83478e-10	0.024844
3.83525e-10	0.0248434
3.83571e-10	0.0248428
3.83617e-10	0.0248421
3.83664e-10	0.0248414
3.8371e-10	0.0248408
3.83757e-10	0.0248401
3.83803e-10	0.0248394
3.83849e-10	0.0248387
3.83896e-10	0.0248379
3.83942e-10	0.0248372
3.83989e-10	0.0248364
3.84035e-10	0.0248357
3.84082e-10	0.0248349
3.84128e-10	0.0248341
3.84174e-10	0.0248333
3.84221e-10	0.0248325
3.84267e-10	0.0248316
3.84314e-10	0.0248308
3.8436e-10	0.0248299
3.84406e-10	0.024829
3.84453e-10	0.0248282
3.84499e-10	0.0248273
3.84546e-10	0.0248263
3.84592e-10	0.0248254
3.84639e-10	0.0248245
3.84685e-10	0.0248235
3.84731e-10	0.0248225
3.84778e-10	0.0248216
3.84824e-10	0.0248206
3.84871e-10	0.0248195
3.84917e-10	0.0248185
3.84963e-10	0.0248175
3.8501e-10	0.0248164
3.85056e-10	0.0248154
3.85103e-10	0.0248143
3.85149e-10	0.0248132
3.85196e-10	0.0248121
3.85242e-10	0.024811
3.85288e-10	0.0248098
3.85335e-10	0.0248087
3.85381e-10	0.0248075
3.85428e-10	0.0248063
3.85474e-10	0.0248051
3.8552e-10	0.0248039
3.85567e-10	0.0248027
3.85613e-10	0.0248015
3.8566e-10	0.0248003
3.85706e-10	0.024799
3.85753e-10	0.0247977
3.85799e-10	0.0247964
3.85845e-10	0.0247951
3.85892e-10	0.0247938
3.85938e-10	0.0247925
3.85985e-10	0.0247911
3.86031e-10	0.0247898
3.86078e-10	0.0247884
3.86124e-10	0.024787
3.8617e-10	0.0247856
3.86217e-10	0.0247842
3.86263e-10	0.0247828
3.8631e-10	0.0247814
3.86356e-10	0.0247799
3.86402e-10	0.0247784
3.86449e-10	0.024777
3.86495e-10	0.0247755
3.86542e-10	0.0247739
3.86588e-10	0.0247724
3.86635e-10	0.0247709
3.86681e-10	0.0247693
3.86727e-10	0.0247678
3.86774e-10	0.0247662
3.8682e-10	0.0247646
3.86867e-10	0.024763
3.86913e-10	0.0247614
3.86959e-10	0.0247597
3.87006e-10	0.0247581
3.87052e-10	0.0247564
3.87099e-10	0.0247547
3.87145e-10	0.024753
3.87192e-10	0.0247513
3.87238e-10	0.0247496
3.87284e-10	0.0247479
3.87331e-10	0.0247461
3.87377e-10	0.0247443
3.87424e-10	0.0247426
3.8747e-10	0.0247408
3.87516e-10	0.024739
3.87563e-10	0.0247371
3.87609e-10	0.0247353
3.87656e-10	0.0247334
3.87702e-10	0.0247316
3.87749e-10	0.0247297
3.87795e-10	0.0247278
3.87841e-10	0.0247259
3.87888e-10	0.024724
3.87934e-10	0.024722
3.87981e-10	0.0247201
3.88027e-10	0.0247181
3.88073e-10	0.0247161
3.8812e-10	0.0247141
3.88166e-10	0.0247121
3.88213e-10	0.0247101
3.88259e-10	0.024708
3.88306e-10	0.024706
3.88352e-10	0.0247039
3.88398e-10	0.0247018
3.88445e-10	0.0246997
3.88491e-10	0.0246976
3.88538e-10	0.0246955
3.88584e-10	0.0246934
3.8863e-10	0.0246912
3.88677e-10	0.024689
3.88723e-10	0.0246868
3.8877e-10	0.0246846
3.88816e-10	0.0246824
3.88863e-10	0.0246802
3.88909e-10	0.0246779
3.88955e-10	0.0246757
3.89002e-10	0.0246734
3.89048e-10	0.0246711
3.89095e-10	0.0246688
3.89141e-10	0.0246665
3.89187e-10	0.0246642
3.89234e-10	0.0246618
3.8928e-10	0.0246594
3.89327e-10	0.0246571
3.89373e-10	0.0246547
3.8942e-10	0.0246523
3.89466e-10	0.0246498
3.89512e-10	0.0246474
3.89559e-10	0.024645
3.89605e-10	0.0246425
3.89652e-10	0.02464
3.89698e-10	0.0246375
3.89744e-10	0.024635
3.89791e-10	0.0246325
3.89837e-10	0.0246299
3.89884e-10	0.0246274
3.8993e-10	0.0246248
3.89977e-10	0.0246222
3.90023e-10	0.0246196
3.90069e-10	0.024617
3.90116e-10	0.0246143
3.90162e-10	0.0246117
3.90209e-10	0.024609
3.90255e-10	0.0246064
3.90302e-10	0.0246037
3.90348e-10	0.024601
3.90394e-10	0.0245982
3.90441e-10	0.0245955
3.90487e-10	0.0245927
3.90534e-10	0.02459
3.9058e-10	0.0245872
3.90626e-10	0.0245844
3.90673e-10	0.0245816
3.90719e-10	0.0245787
3.90766e-10	0.0245759
3.90812e-10	0.024573
3.90859e-10	0.0245702
3.90905e-10	0.0245673
3.90951e-10	0.0245644
3.90998e-10	0.0245614
3.91044e-10	0.0245585
3.91091e-10	0.0245555
3.91137e-10	0.0245526
3.91183e-10	0.0245496
3.9123e-10	0.0245466
3.91276e-10	0.0245436
3.91323e-10	0.0245406
3.91369e-10	0.0245375
3.91416e-10	0.0245344
3.91462e-10	0.0245314
3.91508e-10	0.0245283
3.91555e-10	0.0245252
3.91601e-10	0.024522
3.91648e-10	0.0245189
3.91694e-10	0.0245158
3.9174e-10	0.0245126
3.91787e-10	0.0245094
3.91833e-10	0.0245062
3.9188e-10	0.024503
3.91926e-10	0.0244998
3.91973e-10	0.0244965
3.92019e-10	0.0244932
3.92065e-10	0.02449
3.92112e-10	0.0244867
3.92158e-10	0.0244834
3.92205e-10	0.02448
3.92251e-10	0.0244767
3.92297e-10	0.0244733
3.92344e-10	0.02447
3.9239e-10	0.0244666
3.92437e-10	0.0244632
3.92483e-10	0.0244598
3.9253e-10	0.0244563
3.92576e-10	0.0244529
3.92622e-10	0.0244494
3.92669e-10	0.0244459
3.92715e-10	0.0244424
3.92762e-10	0.0244389
3.92808e-10	0.0244354
3.92854e-10	0.0244318
3.92901e-10	0.0244283
3.92947e-10	0.0244247
3.92994e-10	0.0244211
3.9304e-10	0.0244175
3.93087e-10	0.0244139
3.93133e-10	0.0244102
3.93179e-10	0.0244066
3.93226e-10	0.0244029
3.93272e-10	0.0243992
3.93319e-10	0.0243955
3.93365e-10	0.0243918
3.93411e-10	0.0243881
3.93458e-10	0.0243843
3.93504e-10	0.0243805
3.93551e-10	0.0243768
3.93597e-10	0.024373
3.93644e-10	0.0243691
3.9369e-10	0.0243653
3.93736e-10	0.0243615
3.93783e-10	0.0243576
3.93829e-10	0.0243537
3.93876e-10	0.0243498
3.93922e-10	0.0243459
3.93968e-10	0.024342
3.94015e-10	0.024338
3.94061e-10	0.0243341
3.94108e-10	0.0243301
3.94154e-10	0.0243261
3.94201e-10	0.0243221
3.94247e-10	0.0243181
3.94293e-10	0.024314
3.9434e-10	0.0243099
3.94386e-10	0.0243059
3.94433e-10	0.0243018
3.94479e-10	0.0242977
3.94525e-10	0.0242936
3.94572e-10	0.0242894
3.94618e-10	0.0242853
3.94665e-10	0.0242811
3.94711e-10	0.0242769
3.94758e-10	0.0242727
3.94804e-10	0.0242685
3.9485e-10	0.0242642
3.94897e-10	0.02426
3.94943e-10	0.0242557
3.9499e-10	0.0242514
3.95036e-10	0.0242471
3.95083e-10	0.0242428
3.95129e-10	0.0242384
3.95175e-10	0.0242341
3.95222e-10	0.0242297
3.95268e-10	0.0242253
3.95315e-10	0.0242209
3.95361e-10	0.0242165
3.95407e-10	0.0242121
3.95454e-10	0.0242076
3.955e-10	0.0242031
3.95547e-10	0.0241987
3.95593e-10	0.0241942
3.9564e-10	0.0241896
3.95686e-10	0.0241851
3.95732e-10	0.0241805
3.95779e-10	0.024176
3.95825e-10	0.0241714
3.95872e-10	0.0241668
3.95918e-10	0.0241622
3.95964e-10	0.0241575
3.96011e-10	0.0241529
3.96057e-10	0.0241482
3.96104e-10	0.0241435
3.9615e-10	0.0241388
3.96197e-10	0.0241341
3.96243e-10	0.0241294
3.96289e-10	0.0241246
3.96336e-10	0.0241198
3.96382e-10	0.024115
3.96429e-10	0.0241102
3.96475e-10	0.0241054
3.96521e-10	0.0241006
3.96568e-10	0.0240957
3.96614e-10	0.0240908
3.96661e-10	0.024086
3.96707e-10	0.024081
3.96754e-10	0.0240761
3.968e-10	0.0240712
3.96846e-10	0.0240662
3.96893e-10	0.0240613
3.96939e-10	0.0240563
3.96986e-10	0.0240513
3.97032e-10	0.0240462
3.97078e-10	0.0240412
3.97125e-10	0.0240361
3.97171e-10	0.024031
3.97218e-10	0.024026
3.97264e-10	0.0240208
3.97311e-10	0.0240157
3.97357e-10	0.0240106
3.97403e-10	0.0240054
3.9745e-10	0.0240002
3.97496e-10	0.023995
3.97543e-10	0.0239898
3.97589e-10	0.0239846
3.97635e-10	0.0239793
3.97682e-10	0.0239741
3.97728e-10	0.0239688
3.97775e-10	0.0239635
3.97821e-10	0.0239582
3.97868e-10	0.0239528
3.97914e-10	0.0239475
3.9796e-10	0.0239421
3.98007e-10	0.0239367
3.98053e-10	0.0239313
3.981e-10	0.0239259
3.98146e-10	0.0239205
3.98192e-10	0.023915
3.98239e-10	0.0239095
3.98285e-10	0.023904
3.98332e-10	0.0238985
3.98378e-10	0.023893
3.98425e-10	0.0238875
3.98471e-10	0.0238819
3.98517e-10	0.0238763
3.98564e-10	0.0238707
3.9861e-10	0.0238651
3.98657e-10	0.0238595
3.98703e-10	0.0238538
3.98749e-10	0.0238482
3.98796e-10	0.0238425
3.98842e-10	0.0238368
3.98889e-10	0.0238311
3.98935e-10	0.0238253
3.98982e-10	0.0238196
3.99028e-10	0.0238138
3.99074e-10	0.023808
3.99121e-10	0.0238022
3.99167e-10	0.0237964
3.99214e-10	0.0237906
3.9926e-10	0.0237847
3.99306e-10	0.0237788
3.99353e-10	0.0237729
3.99399e-10	0.023767
3.99446e-10	0.0237611
3.99492e-10	0.0237551
3.99539e-10	0.0237492
3.99585e-10	0.0237432
3.99631e-10	0.0237372
3.99678e-10	0.0237312
3.99724e-10	0.0237251
3.99771e-10	0.0237191
3.99817e-10	0.023713
3.99864e-10	0.0237069
3.9991e-10	0.0237008
3.99956e-10	0.0236947
4.00003e-10	0.0236885
4.00049e-10	0.0236824
4.00096e-10	0.0236762
4.00142e-10	0.02367
4.00188e-10	0.0236638
4.00235e-10	0.0236575
4.00281e-10	0.0236513
4.00328e-10	0.023645
4.00374e-10	0.0236387
4.00421e-10	0.0236324
4.00467e-10	0.0236261
4.00513e-10	0.0236198
4.0056e-10	0.0236134
4.00606e-10	0.023607
4.00653e-10	0.0236006
4.00699e-10	0.0235942
4.00745e-10	0.0235878
4.00792e-10	0.0235813
4.00838e-10	0.0235749
4.00885e-10	0.0235684
4.00931e-10	0.0235619
4.00978e-10	0.0235553
4.01024e-10	0.0235488
4.0107e-10	0.0235422
4.01117e-10	0.0235357
4.01163e-10	0.0235291
4.0121e-10	0.0235224
4.01256e-10	0.0235158
4.01302e-10	0.0235092
4.01349e-10	0.0235025
4.01395e-10	0.0234958
4.01442e-10	0.0234891
4.01488e-10	0.0234824
4.01535e-10	0.0234756
4.01581e-10	0.0234689
4.01627e-10	0.0234621
4.01674e-10	0.0234553
4.0172e-10	0.0234485
4.01767e-10	0.0234416
4.01813e-10	0.0234348
4.01859e-10	0.0234279
4.01906e-10	0.023421
4.01952e-10	0.0234141
4.01999e-10	0.0234072
4.02045e-10	0.0234002
4.02092e-10	0.0233933
4.02138e-10	0.0233863
4.02184e-10	0.0233793
4.02231e-10	0.0233723
4.02277e-10	0.0233652
4.02324e-10	0.0233582
4.0237e-10	0.0233511
4.02416e-10	0.023344
4.02463e-10	0.0233369
4.02509e-10	0.0233298
4.02556e-10	0.0233226
4.02602e-10	0.0233154
4.02649e-10	0.0233083
4.02695e-10	0.0233011
4.02741e-10	0.0232938
4.02788e-10	0.0232866
4.02834e-10	0.0232793
4.02881e-10	0.023272
4.02927e-10	0.0232647
4.02973e-10	0.0232574
4.0302e-10	0.0232501
4.03066e-10	0.0232427
4.03113e-10	0.0232354
4.03159e-10	0.023228
4.03206e-10	0.0232205
4.03252e-10	0.0232131
4.03298e-10	0.0232057
4.03345e-10	0.0231982
4.03391e-10	0.0231907
4.03438e-10	0.0231832
4.03484e-10	0.0231757
4.0353e-10	0.0231681
4.03577e-10	0.0231606
4.03623e-10	0.023153
4.0367e-10	0.0231454
4.03716e-10	0.0231378
4.03763e-10	0.0231301
4.03809e-10	0.0231225
4.03855e-10	0.0231148
4.03902e-10	0.0231071
4.03948e-10	0.0230994
4.03995e-10	0.0230916
4.04041e-10	0.0230839
4.04087e-10	0.0230761
4.04134e-10	0.0230683
4.0418e-10	0.0230605
4.04227e-10	0.0230527
4.04273e-10	0.0230448
4.0432e-10	0.0230369
4.04366e-10	0.023029
4.04412e-10	0.0230211
4.04459e-10	0.0230132
4.04505e-10	0.0230053
4.04552e-10	0.0229973
4.04598e-10	0.0229893
4.04645e-10	0.0229813
4.04691e-10	0.0229733
4.04737e-10	0.0229652
4.04784e-10	0.0229572
4.0483e-10	0.0229491
4.04877e-10	0.022941
4.04923e-10	0.0229329
4.04969e-10	0.0229247
4.05016e-10	0.0229166
4.05062e-10	0.0229084
4.05109e-10	0.0229002
4.05155e-10	0.022892
4.05202e-10	0.0228838
4.05248e-10	0.0228755
4.05294e-10	0.0228672
4.05341e-10	0.0228589
4.05387e-10	0.0228506
4.05434e-10	0.0228423
4.0548e-10	0.0228339
4.05526e-10	0.0228255
4.05573e-10	0.0228172
4.05619e-10	0.0228087
4.05666e-10	0.0228003
4.05712e-10	0.0227919
4.05759e-10	0.0227834
4.05805e-10	0.0227749
4.05851e-10	0.0227664
4.05898e-10	0.0227579
4.05944e-10	0.0227493
4.05991e-10	0.0227407
4.06037e-10	0.0227321
4.06083e-10	0.0227235
4.0613e-10	0.0227149
4.06176e-10	0.0227063
4.06223e-10	0.0226976
4.06269e-10	0.0226889
4.06316e-10	0.0226802
4.06362e-10	0.0226715
4.06408e-10	0.0226627
4.06455e-10	0.0226539
4.06501e-10	0.0226452
4.06548e-10	0.0226364
4.06594e-10	0.0226275
4.0664e-10	0.0226187
4.06687e-10	0.0226098
4.06733e-10	0.0226009
4.0678e-10	0.022592
4.06826e-10	0.0225831
4.06873e-10	0.0225741
4.06919e-10	0.0225652
4.06965e-10	0.0225562
4.07012e-10	0.0225472
4.07058e-10	0.0225382
4.07105e-10	0.0225291
4.07151e-10	0.02252
4.07197e-10	0.022511
4.07244e-10	0.0225019
4.0729e-10	0.0224927
4.07337e-10	0.0224836
4.07383e-10	0.0224744
4.0743e-10	0.0224652
4.07476e-10	0.022456
4.07522e-10	0.0224468
4.07569e-10	0.0224375
4.07615e-10	0.0224283
4.07662e-10	0.022419
4.07708e-10	0.0224097
4.07754e-10	0.0224004
4.07801e-10	0.022391
4.07847e-10	0.0223816
4.07894e-10	0.0223722
4.0794e-10	0.0223628
4.07987e-10	0.0223534
4.08033e-10	0.022344
4.08079e-10	0.0223345
4.08126e-10	0.022325
4.08172e-10	0.0223155
4.08219e-10	0.022306
4.08265e-10	0.0222964
4.08311e-10	0.0222868
4.08358e-10	0.0222772
4.08404e-10	0.0222676
4.08451e-10	0.022258
4.08497e-10	0.0222483
4.08544e-10	0.0222387
4.0859e-10	0.022229
4.08636e-10	0.0222193
4.08683e-10	0.0222095
4.08729e-10	0.0221998
4.08776e-10	0.02219
4.08822e-10	0.0221802
4.08868e-10	0.0221704
4.08915e-10	0.0221605
4.08961e-10	0.0221507
4.09008e-10	0.0221408
4.09054e-10	0.0221309
4.09101e-10	0.022121
4.09147e-10	0.022111
4.09193e-10	0.0221011
4.0924e-10	0.0220911
4.09286e-10	0.0220811
4.09333e-10	0.0220711
4.09379e-10	0.022061
4.09426e-10	0.022051
4.09472e-10	0.0220409
4.09518e-10	0.0220308
4.09565e-10	0.0220206
4.09611e-10	0.0220105
4.09658e-10	0.0220003
4.09704e-10	0.0219901
4.0975e-10	0.0219799
4.09797e-10	0.0219697
4.09843e-10	0.0219594
4.0989e-10	0.0219492
4.09936e-10	0.0219389
4.09983e-10	0.0219285
4.10029e-10	0.0219182
4.10075e-10	0.0219079
4.10122e-10	0.0218975
4.10168e-10	0.0218871
4.10215e-10	0.0218767
4.10261e-10	0.0218662
4.10307e-10	0.0218558
4.10354e-10	0.0218453
4.104e-10	0.0218348
4.10447e-10	0.0218242
4.10493e-10	0.0218137
4.1054e-10	0.0218031
4.10586e-10	0.0217925
4.10632e-10	0.0217819
4.10679e-10	0.0217713
4.10725e-10	0.0217606
4.10772e-10	0.02175
4.10818e-10	0.0217393
4.10864e-10	0.0217286
4.10911e-10	0.0217178
4.10957e-10	0.0217071
4.11004e-10	0.0216963
4.1105e-10	0.0216855
4.11097e-10	0.0216747
4.11143e-10	0.0216638
4.11189e-10	0.021653
4.11236e-10	0.0216421
4.11282e-10	0.0216312
4.11329e-10	0.0216202
4.11375e-10	0.0216093
4.11421e-10	0.0215983
4.11468e-10	0.0215873
4.11514e-10	0.0215763
4.11561e-10	0.0215653
4.11607e-10	0.0215542
4.11654e-10	0.0215432
4.117e-10	0.0215321
4.11746e-10	0.0215209
4.11793e-10	0.0215098
4.11839e-10	0.0214986
4.11886e-10	0.0214875
4.11932e-10	0.0214762
4.11978e-10	0.021465
4.12025e-10	0.0214538
4.12071e-10	0.0214425
4.12118e-10	0.0214312
4.12164e-10	0.0214199
4.12211e-10	0.0214086
4.12257e-10	0.0213972
4.12303e-10	0.0213858
4.1235e-10	0.0213744
4.12396e-10	0.021363
4.12443e-10	0.0213516
4.12489e-10	0.0213401
4.12535e-10	0.0213286
4.12582e-10	0.0213171
4.12628e-10	0.0213056
4.12675e-10	0.021294
4.12721e-10	0.0212825
4.12768e-10	0.0212709
4.12814e-10	0.0212592
4.1286e-10	0.0212476
4.12907e-10	0.0212359
4.12953e-10	0.0212243
4.13e-10	0.0212126
4.13046e-10	0.0212008
4.13092e-10	0.0211891
4.13139e-10	0.0211773
4.13185e-10	0.0211655
4.13232e-10	0.0211537
4.13278e-10	0.0211419
4.13325e-10	0.02113
4.13371e-10	0.0211181
4.13417e-10	0.0211062
4.13464e-10	0.0210943
4.1351e-10	0.0210824
4.13557e-10	0.0210704
4.13603e-10	0.0210584
4.1365e-10	0.0210464
4.13696e-10	0.0210344
4.13742e-10	0.0210223
4.13789e-10	0.0210102
4.13835e-10	0.0209981
4.13882e-10	0.020986
4.13928e-10	0.0209739
4.13974e-10	0.0209617
4.14021e-10	0.0209495
4.14067e-10	0.0209373
4.14114e-10	0.0209251
4.1416e-10	0.0209128
4.14207e-10	0.0209006
4.14253e-10	0.0208883
4.14299e-10	0.0208759
4.14346e-10	0.0208636
4.14392e-10	0.0208512
4.14439e-10	0.0208388
4.14485e-10	0.0208264
4.14531e-10	0.020814
4.14578e-10	0.0208016
4.14624e-10	0.0207891
4.14671e-10	0.0207766
4.14717e-10	0.0207641
4.14764e-10	0.0207515
4.1481e-10	0.0207389
4.14856e-10	0.0207264
4.14903e-10	0.0207138
4.14949e-10	0.0207011
4.14996e-10	0.0206885
4.15042e-10	0.0206758
4.15088e-10	0.0206631
4.15135e-10	0.0206504
4.15181e-10	0.0206376
4.15228e-10	0.0206249
4.15274e-10	0.0206121
4.15321e-10	0.0205993
4.15367e-10	0.0205864
4.15413e-10	0.0205736
4.1546e-10	0.0205607
4.15506e-10	0.0205478
4.15553e-10	0.0205349
4.15599e-10	0.0205219
4.15645e-10	0.0205089
4.15692e-10	0.0204959
4.15738e-10	0.0204829
4.15785e-10	0.0204699
4.15831e-10	0.0204568
4.15878e-10	0.0204437
4.15924e-10	0.0204306
4.1597e-10	0.0204175
4.16017e-10	0.0204044
4.16063e-10	0.0203912
4.1611e-10	0.020378
4.16156e-10	0.0203648
4.16202e-10	0.0203515
4.16249e-10	0.0203383
4.16295e-10	0.020325
4.16342e-10	0.0203117
4.16388e-10	0.0202983
4.16435e-10	0.020285
4.16481e-10	0.0202716
4.16527e-10	0.0202582
4.16574e-10	0.0202448
4.1662e-10	0.0202313
4.16667e-10	0.0202178
4.16713e-10	0.0202043
4.16759e-10	0.0201908
4.16806e-10	0.0201773
4.16852e-10	0.0201637
4.16899e-10	0.0201501
4.16945e-10	0.0201365
4.16992e-10	0.0201229
4.17038e-10	0.0201092
4.17084e-10	0.0200956
4.17131e-10	0.0200819
4.17177e-10	0.0200681
4.17224e-10	0.0200544
4.1727e-10	0.0200406
4.17316e-10	0.0200268
4.17363e-10	0.020013
4.17409e-10	0.0199992
4.17456e-10	0.0199853
4.17502e-10	0.0199714
4.17549e-10	0.0199575
4.17595e-10	0.0199436
4.17641e-10	0.0199296
4.17688e-10	0.0199156
4.17734e-10	0.0199016
4.17781e-10	0.0198876
4.17827e-10	0.0198736
4.17873e-10	0.0198595
4.1792e-10	0.0198454
4.17966e-10	0.0198313
4.18013e-10	0.0198171
4.18059e-10	0.019803
4.18106e-10	0.0197888
4.18152e-10	0.0197746
4.18198e-10	0.0197603
4.18245e-10	0.0197461
4.18291e-10	0.0197318
4.18338e-10	0.0197175
4.18384e-10	0.0197031
4.18431e-10	0.0196888
4.18477e-10	0.0196744
4.18523e-10	0.01966
4.1857e-10	0.0196456
4.18616e-10	0.0196311
4.18663e-10	0.0196167
4.18709e-10	0.0196022
4.18755e-10	0.0195877
4.18802e-10	0.0195731
4.18848e-10	0.0195585
4.18895e-10	0.019544
4.18941e-10	0.0195293
4.18988e-10	0.0195147
4.19034e-10	0.0195
4.1908e-10	0.0194854
4.19127e-10	0.0194707
4.19173e-10	0.0194559
4.1922e-10	0.0194412
4.19266e-10	0.0194264
4.19312e-10	0.0194116
4.19359e-10	0.0193968
4.19405e-10	0.0193819
4.19452e-10	0.019367
4.19498e-10	0.0193521
4.19545e-10	0.0193372
4.19591e-10	0.0193223
4.19637e-10	0.0193073
4.19684e-10	0.0192923
4.1973e-10	0.0192773
4.19777e-10	0.0192623
4.19823e-10	0.0192472
4.19869e-10	0.0192321
4.19916e-10	0.019217
4.19962e-10	0.0192019
4.20009e-10	0.0191867
4.20055e-10	0.0191715
4.20102e-10	0.0191563
4.20148e-10	0.0191411
4.20194e-10	0.0191258
4.20241e-10	0.0191105
4.20287e-10	0.0190952
4.20334e-10	0.0190799
4.2038e-10	0.0190646
4.20426e-10	0.0190492
4.20473e-10	0.0190338
4.20519e-10	0.0190184
4.20566e-10	0.0190029
4.20612e-10	0.0189874
4.20659e-10	0.0189719
4.20705e-10	0.0189564
4.20751e-10	0.0189409
4.20798e-10	0.0189253
4.20844e-10	0.0189097
4.20891e-10	0.0188941
4.20937e-10	0.0188784
4.20983e-10	0.0188628
4.2103e-10	0.0188471
4.21076e-10	0.0188314
4.21123e-10	0.0188156
4.21169e-10	0.0187999
4.21216e-10	0.0187841
4.21262e-10	0.0187683
4.21308e-10	0.0187524
4.21355e-10	0.0187366
4.21401e-10	0.0187207
4.21448e-10	0.0187048
4.21494e-10	0.0186888
4.2154e-10	0.0186729
4.21587e-10	0.0186569
4.21633e-10	0.0186409
4.2168e-10	0.0186249
4.21726e-10	0.0186088
4.21773e-10	0.0185927
4.21819e-10	0.0185766
4.21865e-10	0.0185605
4.21912e-10	0.0185443
4.21958e-10	0.0185282
4.22005e-10	0.018512
4.22051e-10	0.0184957
4.22097e-10	0.0184795
4.22144e-10	0.0184632
4.2219e-10	0.0184469
4.22237e-10	0.0184306
4.22283e-10	0.0184142
4.2233e-10	0.0183978
4.22376e-10	0.0183814
4.22422e-10	0.018365
4.22469e-10	0.0183486
4.22515e-10	0.0183321
4.22562e-10	0.0183156
4.22608e-10	0.0182991
4.22654e-10	0.0182825
4.22701e-10	0.0182659
4.22747e-10	0.0182493
4.22794e-10	0.0182327
4.2284e-10	0.0182161
4.22887e-10	0.0181994
4.22933e-10	0.0181827
4.22979e-10	0.018166
4.23026e-10	0.0181492
4.23072e-10	0.0181325
4.23119e-10	0.0181157
4.23165e-10	0.0180988
4.23212e-10	0.018082
4.23258e-10	0.0180651
4.23304e-10	0.0180482
4.23351e-10	0.0180313
4.23397e-10	0.0180144
4.23444e-10	0.0179974
4.2349e-10	0.0179804
4.23536e-10	0.0179634
4.23583e-10	0.0179463
4.23629e-10	0.0179293
4.23676e-10	0.0179122
4.23722e-10	0.017895
4.23769e-10	0.0178779
4.23815e-10	0.0178607
4.23861e-10	0.0178435
4.23908e-10	0.0178263
4.23954e-10	0.017809
4.24001e-10	0.0177918
4.24047e-10	0.0177745
4.24093e-10	0.0177571
4.2414e-10	0.0177398
4.24186e-10	0.0177224
4.24233e-10	0.017705
4.24279e-10	0.0176876
4.24326e-10	0.0176702
4.24372e-10	0.0176527
4.24418e-10	0.0176352
4.24465e-10	0.0176176
4.24511e-10	0.0176001
4.24558e-10	0.0175825
4.24604e-10	0.0175649
4.2465e-10	0.0175473
4.24697e-10	0.0175296
4.24743e-10	0.017512
4.2479e-10	0.0174943
4.24836e-10	0.0174765
4.24883e-10	0.0174588
4.24929e-10	0.017441
4.24975e-10	0.0174232
4.25022e-10	0.0174054
4.25068e-10	0.0173875
4.25115e-10	0.0173696
4.25161e-10	0.0173517
4.25207e-10	0.0173338
4.25254e-10	0.0173158
4.253e-10	0.0172978
4.25347e-10	0.0172798
4.25393e-10	0.0172618
4.2544e-10	0.0172437
4.25486e-10	0.0172256
4.25532e-10	0.0172075
4.25579e-10	0.0171894
4.25625e-10	0.0171712
4.25672e-10	0.017153
4.25718e-10	0.0171348
4.25764e-10	0.0171166
4.25811e-10	0.0170983
4.25857e-10	0.01708
4.25904e-10	0.0170617
4.2595e-10	0.0170434
4.25997e-10	0.017025
4.26043e-10	0.0170066
4.26089e-10	0.0169882
4.26136e-10	0.0169697
4.26182e-10	0.0169513
4.26229e-10	0.0169328
4.26275e-10	0.0169142
4.26321e-10	0.0168957
4.26368e-10	0.0168771
4.26414e-10	0.0168585
4.26461e-10	0.0168399
4.26507e-10	0.0168212
4.26554e-10	0.0168026
4.266e-10	0.0167839
4.26646e-10	0.0167651
4.26693e-10	0.0167464
4.26739e-10	0.0167276
4.26786e-10	0.0167088
4.26832e-10	0.0166899
4.26878e-10	0.0166711
4.26925e-10	0.0166522
4.26971e-10	0.0166333
4.27018e-10	0.0166143
4.27064e-10	0.0165954
4.27111e-10	0.0165764
4.27157e-10	0.0165574
4.27203e-10	0.0165383
4.2725e-10	0.0165192
4.27296e-10	0.0165001
4.27343e-10	0.016481
4.27389e-10	0.0164619
4.27435e-10	0.0164427
4.27482e-10	0.0164235
4.27528e-10	0.0164043
4.27575e-10	0.016385
4.27621e-10	0.0163657
4.27668e-10	0.0163464
4.27714e-10	0.0163271
4.2776e-10	0.0163077
4.27807e-10	0.0162883
4.27853e-10	0.0162689
4.279e-10	0.0162495
4.27946e-10	0.01623
4.27993e-10	0.0162105
4.28039e-10	0.016191
4.28085e-10	0.0161715
4.28132e-10	0.0161519
4.28178e-10	0.0161323
4.28225e-10	0.0161127
4.28271e-10	0.016093
4.28317e-10	0.0160734
4.28364e-10	0.0160537
4.2841e-10	0.0160339
4.28457e-10	0.0160142
4.28503e-10	0.0159944
4.2855e-10	0.0159746
4.28596e-10	0.0159547
4.28642e-10	0.0159349
4.28689e-10	0.015915
4.28735e-10	0.0158951
4.28782e-10	0.0158751
4.28828e-10	0.0158552
4.28874e-10	0.0158352
4.28921e-10	0.0158152
4.28967e-10	0.0157951
4.29014e-10	0.015775
4.2906e-10	0.0157549
4.29107e-10	0.0157348
4.29153e-10	0.0157146
4.29199e-10	0.0156945
4.29246e-10	0.0156743
4.29292e-10	0.015654
4.29339e-10	0.0156338
4.29385e-10	0.0156135
4.29431e-10	0.0155931
4.29478e-10	0.0155728
4.29524e-10	0.0155524
4.29571e-10	0.015532
4.29617e-10	0.0155116
4.29664e-10	0.0154912
4.2971e-10	0.0154707
4.29756e-10	0.0154502
4.29803e-10	0.0154296
4.29849e-10	0.0154091
4.29896e-10	0.0153885
4.29942e-10	0.0153679
4.29988e-10	0.0153473
4.30035e-10	0.0153266
4.30081e-10	0.0153059
4.30128e-10	0.0152852
4.30174e-10	0.0152644
4.30221e-10	0.0152437
4.30267e-10	0.0152229
4.30313e-10	0.015202
4.3036e-10	0.0151812
4.30406e-10	0.0151603
4.30453e-10	0.0151394
4.30499e-10	0.0151184
4.30545e-10	0.0150975
4.30592e-10	0.0150765
4.30638e-10	0.0150555
4.30685e-10	0.0150344
4.30731e-10	0.0150133
4.30778e-10	0.0149922
4.30824e-10	0.0149711
4.3087e-10	0.01495
4.30917e-10	0.0149288
4.30963e-10	0.0149076
4.3101e-10	0.0148863
4.31056e-10	0.0148651
4.31102e-10	0.0148438
4.31149e-10	0.0148225
4.31195e-10	0.0148011
4.31242e-10	0.0147797
4.31288e-10	0.0147583
4.31335e-10	0.0147369
4.31381e-10	0.0147155
4.31427e-10	0.014694
4.31474e-10	0.0146725
4.3152e-10	0.0146509
4.31567e-10	0.0146294
4.31613e-10	0.0146078
4.31659e-10	0.0145861
4.31706e-10	0.0145645
4.31752e-10	0.0145428
4.31799e-10	0.0145211
4.31845e-10	0.0144994
4.31892e-10	0.0144776
4.31938e-10	0.0144558
4.31984e-10	0.014434
4.32031e-10	0.0144122
4.32077e-10	0.0143903
4.32124e-10	0.0143684
4.3217e-10	0.0143465
4.32216e-10	0.0143246
4.32263e-10	0.0143026
4.32309e-10	0.0142806
4.32356e-10	0.0142585
4.32402e-10	0.0142365
4.32449e-10	0.0142144
4.32495e-10	0.0141923
4.32541e-10	0.0141701
4.32588e-10	0.0141479
4.32634e-10	0.0141257
4.32681e-10	0.0141035
4.32727e-10	0.0140813
4.32774e-10	0.014059
4.3282e-10	0.0140367
4.32866e-10	0.0140143
4.32913e-10	0.013992
4.32959e-10	0.0139696
4.33006e-10	0.0139471
4.33052e-10	0.0139247
4.33098e-10	0.0139022
4.33145e-10	0.0138797
4.33191e-10	0.0138572
4.33238e-10	0.0138346
4.33284e-10	0.013812
4.33331e-10	0.0137894
4.33377e-10	0.0137667
4.33423e-10	0.0137441
4.3347e-10	0.0137214
4.33516e-10	0.0136986
4.33563e-10	0.0136759
4.33609e-10	0.0136531
4.33655e-10	0.0136303
4.33702e-10	0.0136074
4.33748e-10	0.0135845
4.33795e-10	0.0135616
4.33841e-10	0.0135387
4.33888e-10	0.0135158
4.33934e-10	0.0134928
4.3398e-10	0.0134698
4.34027e-10	0.0134467
4.34073e-10	0.0134237
4.3412e-10	0.0134006
4.34166e-10	0.0133774
4.34212e-10	0.0133543
4.34259e-10	0.0133311
4.34305e-10	0.0133079
4.34352e-10	0.0132846
4.34398e-10	0.0132614
4.34445e-10	0.0132381
4.34491e-10	0.0132148
4.34537e-10	0.0131914
4.34584e-10	0.013168
4.3463e-10	0.0131446
4.34677e-10	0.0131212
4.34723e-10	0.0130977
4.34769e-10	0.0130742
4.34816e-10	0.0130507
4.34862e-10	0.0130271
4.34909e-10	0.0130036
4.34955e-10	0.01298
4.35002e-10	0.0129563
4.35048e-10	0.0129327
4.35094e-10	0.012909
4.35141e-10	0.0128852
4.35187e-10	0.0128615
4.35234e-10	0.0128377
4.3528e-10	0.0128139
4.35326e-10	0.0127901
4.35373e-10	0.0127662
4.35419e-10	0.0127423
4.35466e-10	0.0127184
4.35512e-10	0.0126944
4.35559e-10	0.0126705
4.35605e-10	0.0126465
4.35651e-10	0.0126224
4.35698e-10	0.0125984
4.35744e-10	0.0125743
4.35791e-10	0.0125501
4.35837e-10	0.012526
4.35883e-10	0.0125018
4.3593e-10	0.0124776
4.35976e-10	0.0124534
4.36023e-10	0.0124291
4.36069e-10	0.0124048
4.36116e-10	0.0123805
4.36162e-10	0.0123561
4.36208e-10	0.0123317
4.36255e-10	0.0123073
4.36301e-10	0.0122829
4.36348e-10	0.0122584
4.36394e-10	0.0122339
4.3644e-10	0.0122094
4.36487e-10	0.0121848
4.36533e-10	0.0121603
4.3658e-10	0.0121356
4.36626e-10	0.012111
4.36673e-10	0.0120863
4.36719e-10	0.0120616
4.36765e-10	0.0120369
4.36812e-10	0.0120121
4.36858e-10	0.0119873
4.36905e-10	0.0119625
4.36951e-10	0.0119377
4.36998e-10	0.0119128
4.37044e-10	0.0118879
4.3709e-10	0.011863
4.37137e-10	0.011838
4.37183e-10	0.011813
4.3723e-10	0.011788
4.37276e-10	0.011763
4.37322e-10	0.0117379
4.37369e-10	0.0117128
4.37415e-10	0.0116876
4.37462e-10	0.0116625
4.37508e-10	0.0116373
4.37555e-10	0.011612
4.37601e-10	0.0115868
4.37647e-10	0.0115615
4.37694e-10	0.0115362
4.3774e-10	0.0115109
4.37787e-10	0.0114855
4.37833e-10	0.0114601
4.37879e-10	0.0114347
4.37926e-10	0.0114092
4.37972e-10	0.0113837
4.38019e-10	0.0113582
4.38065e-10	0.0113326
4.38112e-10	0.0113071
4.38158e-10	0.0112815
4.38204e-10	0.0112558
4.38251e-10	0.0112302
4.38297e-10	0.0112045
4.38344e-10	0.0111787
4.3839e-10	0.011153
4.38436e-10	0.0111272
4.38483e-10	0.0111014
4.38529e-10	0.0110756
4.38576e-10	0.0110497
4.38622e-10	0.0110238
4.38669e-10	0.0109979
4.38715e-10	0.0109719
4.38761e-10	0.0109459
4.38808e-10	0.0109199
4.38854e-10	0.0108938
4.38901e-10	0.0108678
4.38947e-10	0.0108417
4.38993e-10	0.0108155
4.3904e-10	0.0107893
4.39086e-10	0.0107631
4.39133e-10	0.0107369
4.39179e-10	0.0107107
4.39226e-10	0.0106844
4.39272e-10	0.0106581
4.39318e-10	0.0106317
4.39365e-10	0.0106053
4.39411e-10	0.0105789
4.39458e-10	0.0105525
4.39504e-10	0.010526
4.3955e-10	0.0104995
4.39597e-10	0.010473
4.39643e-10	0.0104465
4.3969e-10	0.0104199
4.39736e-10	0.0103933
4.39783e-10	0.0103666
4.39829e-10	0.0103399
4.39875e-10	0.0103132
4.39922e-10	0.0102865
4.39968e-10	0.0102597
4.40015e-10	0.010233
4.40061e-10	0.0102061
4.40107e-10	0.0101793
4.40154e-10	0.0101524
4.402e-10	0.0101255
4.40247e-10	0.0100985
4.40293e-10	0.0100716
4.4034e-10	0.0100446
4.40386e-10	0.0100175
4.40432e-10	0.00999046
4.40479e-10	0.00996337
4.40525e-10	0.00993625
4.40572e-10	0.00990909
4.40618e-10	0.00988191
4.40664e-10	0.00985469
4.40711e-10	0.00982745
4.40757e-10	0.00980017
4.40804e-10	0.00977287
4.4085e-10	0.00974553
4.40897e-10	0.00971817
4.40943e-10	0.00969077
4.40989e-10	0.00966335
4.41036e-10	0.00963589
4.41082e-10	0.00960841
4.41129e-10	0.00958089
4.41175e-10	0.00955334
4.41221e-10	0.00952577
4.41268e-10	0.00949816
4.41314e-10	0.00947052
4.41361e-10	0.00944285
4.41407e-10	0.00941516
4.41454e-10	0.00938743
4.415e-10	0.00935967
4.41546e-10	0.00933188
4.41593e-10	0.00930406
4.41639e-10	0.00927621
4.41686e-10	0.00924833
4.41732e-10	0.00922042
4.41779e-10	0.00919248
4.41825e-10	0.0091645
4.41871e-10	0.0091365
4.41918e-10	0.00910847
4.41964e-10	0.0090804
4.42011e-10	0.00905231
4.42057e-10	0.00902419
4.42103e-10	0.00899603
4.4215e-10	0.00896784
4.42196e-10	0.00893963
4.42243e-10	0.00891138
4.42289e-10	0.0088831
4.42336e-10	0.0088548
4.42382e-10	0.00882646
4.42428e-10	0.00879809
4.42475e-10	0.00876969
4.42521e-10	0.00874126
4.42568e-10	0.0087128
4.42614e-10	0.0086843
4.4266e-10	0.00865578
4.42707e-10	0.00862723
4.42753e-10	0.00859864
4.428e-10	0.00857003
4.42846e-10	0.00854138
4.42893e-10	0.00851271
4.42939e-10	0.008484
4.42985e-10	0.00845526
4.43032e-10	0.00842649
4.43078e-10	0.00839769
4.43125e-10	0.00836886
4.43171e-10	0.00834
4.43217e-10	0.00831111
4.43264e-10	0.00828218
4.4331e-10	0.00825323
4.43357e-10	0.00822425
4.43403e-10	0.00819523
4.4345e-10	0.00816618
4.43496e-10	0.0081371
4.43542e-10	0.008108
4.43589e-10	0.00807886
4.43635e-10	0.00804969
4.43682e-10	0.00802048
4.43728e-10	0.00799125
4.43774e-10	0.00796199
4.43821e-10	0.00793269
4.43867e-10	0.00790337
4.43914e-10	0.00787401
4.4396e-10	0.00784462
4.44007e-10	0.0078152
4.44053e-10	0.00778575
4.44099e-10	0.00775627
4.44146e-10	0.00772676
4.44192e-10	0.00769722
4.44239e-10	0.00766764
4.44285e-10	0.00763804
4.44331e-10	0.0076084
4.44378e-10	0.00757873
4.44424e-10	0.00754903
4.44471e-10	0.0075193
4.44517e-10	0.00748954
4.44564e-10	0.00745975
4.4461e-10	0.00742992
4.44656e-10	0.00740007
4.44703e-10	0.00737018
4.44749e-10	0.00734026
4.44796e-10	0.00731031
4.44842e-10	0.00728033
4.44888e-10	0.00725032
4.44935e-10	0.00722027
4.44981e-10	0.0071902
4.45028e-10	0.00716009
4.45074e-10	0.00712996
4.45121e-10	0.00709979
4.45167e-10	0.00706959
4.45213e-10	0.00703935
4.4526e-10	0.00700909
4.45306e-10	0.0069788
4.45353e-10	0.00694847
4.45399e-10	0.00691811
4.45445e-10	0.00688772
4.45492e-10	0.0068573
4.45538e-10	0.00682685
4.45585e-10	0.00679637
4.45631e-10	0.00676585
4.45678e-10	0.00673531
4.45724e-10	0.00670473
4.4577e-10	0.00667412
4.45817e-10	0.00664348
4.45863e-10	0.0066128
4.4591e-10	0.0065821
4.45956e-10	0.00655136
4.46002e-10	0.00652059
4.46049e-10	0.00648979
4.46095e-10	0.00645896
4.46142e-10	0.0064281
4.46188e-10	0.00639721
4.46235e-10	0.00636628
4.46281e-10	0.00633532
4.46327e-10	0.00630433
4.46374e-10	0.00627331
4.4642e-10	0.00624226
4.46467e-10	0.00621117
4.46513e-10	0.00618006
4.4656e-10	0.00614891
4.46606e-10	0.00611773
4.46652e-10	0.00608651
4.46699e-10	0.00605527
4.46745e-10	0.00602399
4.46792e-10	0.00599269
4.46838e-10	0.00596135
4.46884e-10	0.00592998
4.46931e-10	0.00589857
4.46977e-10	0.00586714
4.47024e-10	0.00583567
4.4707e-10	0.00580417
4.47117e-10	0.00577264
4.47163e-10	0.00574108
4.47209e-10	0.00570948
4.47256e-10	0.00567785
4.47302e-10	0.0056462
4.47349e-10	0.0056145
4.47395e-10	0.00558278
4.47441e-10	0.00555103
4.47488e-10	0.00551924
4.47534e-10	0.00548742
4.47581e-10	0.00545557
4.47627e-10	0.00542369
4.47674e-10	0.00539177
4.4772e-10	0.00535982
4.47766e-10	0.00532784
4.47813e-10	0.00529583
4.47859e-10	0.00526379
4.47906e-10	0.00523171
4.47952e-10	0.0051996
4.47998e-10	0.00516746
4.48045e-10	0.00513529
4.48091e-10	0.00510309
4.48138e-10	0.00507085
4.48184e-10	0.00503858
4.48231e-10	0.00500628
4.48277e-10	0.00497394
4.48323e-10	0.00494158
4.4837e-10	0.00490918
4.48416e-10	0.00487675
4.48463e-10	0.00484429
4.48509e-10	0.00481179
4.48555e-10	0.00477926
4.48602e-10	0.0047467
4.48648e-10	0.00471411
4.48695e-10	0.00468149
4.48741e-10	0.00464883
4.48788e-10	0.00461614
4.48834e-10	0.00458342
4.4888e-10	0.00455066
4.48927e-10	0.00451788
4.48973e-10	0.00448506
4.4902e-10	0.00445221
4.49066e-10	0.00441932
4.49112e-10	0.00438641
4.49159e-10	0.00435346
4.49205e-10	0.00432048
4.49252e-10	0.00428746
4.49298e-10	0.00425442
4.49345e-10	0.00422134
4.49391e-10	0.00418822
4.49437e-10	0.00415508
4.49484e-10	0.0041219
4.4953e-10	0.00408869
4.49577e-10	0.00405545
4.49623e-10	0.00402218
4.49669e-10	0.00398887
4.49716e-10	0.00395553
4.49762e-10	0.00392216
4.49809e-10	0.00388875
4.49855e-10	0.00385531
4.49902e-10	0.00382184
4.49948e-10	0.00378834
4.49994e-10	0.0037548
4.50041e-10	0.00372124
4.50087e-10	0.00368763
4.50134e-10	0.003654
4.5018e-10	0.00362033
4.50226e-10	0.00358663
4.50273e-10	0.0035529
4.50319e-10	0.00351914
4.50366e-10	0.00348534
4.50412e-10	0.00345151
4.50459e-10	0.00341764
4.50505e-10	0.00338375
4.50551e-10	0.00334982
4.50598e-10	0.00331585
4.50644e-10	0.00328186
4.50691e-10	0.00324783
4.50737e-10	0.00321377
4.50783e-10	0.00317967
4.5083e-10	0.00314555
4.50876e-10	0.00311139
4.50923e-10	0.00307719
4.50969e-10	0.00304297
4.51016e-10	0.00300871
4.51062e-10	0.00297442
4.51108e-10	0.00294009
4.51155e-10	0.00290574
4.51201e-10	0.00287134
4.51248e-10	0.00283692
4.51294e-10	0.00280246
4.51341e-10	0.00276797
4.51387e-10	0.00273345
4.51433e-10	0.00269889
4.5148e-10	0.00266431
4.51526e-10	0.00262968
4.51573e-10	0.00259503
4.51619e-10	0.00256034
4.51665e-10	0.00252562
4.51712e-10	0.00249086
4.51758e-10	0.00245607
4.51805e-10	0.00242125
4.51851e-10	0.0023864
4.51898e-10	0.00235151
4.51944e-10	0.00231659
4.5199e-10	0.00228163
4.52037e-10	0.00224665
4.52083e-10	0.00221163
4.5213e-10	0.00217657
4.52176e-10	0.00214148
4.52222e-10	0.00210636
4.52269e-10	0.00207121
4.52315e-10	0.00203602
4.52362e-10	0.0020008
4.52408e-10	0.00196555
4.52455e-10	0.00193026
4.52501e-10	0.00189494
4.52547e-10	0.00185959
4.52594e-10	0.0018242
4.5264e-10	0.00178878
4.52687e-10	0.00175332
4.52733e-10	0.00171784
4.52779e-10	0.00168231
4.52826e-10	0.00164676
4.52872e-10	0.00161117
4.52919e-10	0.00157555
4.52965e-10	0.0015399
4.53012e-10	0.00150421
4.53058e-10	0.00146848
4.53104e-10	0.00143273
4.53151e-10	0.00139694
4.53197e-10	0.00136112
4.53244e-10	0.00132526
4.5329e-10	0.00128937
4.53336e-10	0.00125345
4.53383e-10	0.00121749
4.53429e-10	0.0011815
4.53476e-10	0.00114548
4.53522e-10	0.00110942
4.53569e-10	0.00107333
4.53615e-10	0.0010372
4.53661e-10	0.00100104
4.53708e-10	0.000964851
4.53754e-10	0.000928625
4.53801e-10	0.000892365
4.53847e-10	0.000856072
4.53893e-10	0.000819745
4.5394e-10	0.000783384
4.53986e-10	0.000746989
4.54033e-10	0.000710561
4.54079e-10	0.000674098
4.54126e-10	0.000637602
4.54172e-10	0.000601073
4.54218e-10	0.000564509
4.54265e-10	0.000527912
4.54311e-10	0.00049128
4.54358e-10	0.000454615
4.54404e-10	0.000417916
4.5445e-10	0.000381184
4.54497e-10	0.000344417
4.54543e-10	0.000307616
4.5459e-10	0.000270782
4.54636e-10	0.000233914
4.54683e-10	0.000197011
4.54729e-10	0.000160075
4.54775e-10	0.000123105
4.54822e-10	8.61009e-05
4.54868e-10	4.90629e-05
4.54915e-10	1.19908e-05
4.54961e-10	-2.51152e-05
4.55007e-10	-6.22552e-05
4.55054e-10	-9.94293e-05
4.551e-10	-0.000136637
4.55147e-10	-0.000173879
4.55193e-10	-0.000211156
4.5524e-10	-0.000248466
4.55286e-10	-0.00028581
4.55332e-10	-0.000323188
4.55379e-10	-0.000360601
4.55425e-10	-0.000398047
4.55472e-10	-0.000435528
4.55518e-10	-0.000473043
4.55564e-10	-0.000510592
4.55611e-10	-0.000548175
4.55657e-10	-0.000585792
4.55704e-10	-0.000623444
4.5575e-10	-0.000661129
4.55797e-10	-0.000698849
4.55843e-10	-0.000736603
4.55889e-10	-0.000774391
4.55936e-10	-0.000812214
4.55982e-10	-0.00085007
4.56029e-10	-0.000887961
4.56075e-10	-0.000925886
4.56122e-10	-0.000963846
4.56168e-10	-0.00100184
4.56214e-10	-0.00103987
4.56261e-10	-0.00107793
4.56307e-10	-0.00111603
4.56354e-10	-0.00115416
4.564e-10	-0.00119232
4.56446e-10	-0.00123052
4.56493e-10	-0.00126876
4.56539e-10	-0.00130703
4.56586e-10	-0.00134533
4.56632e-10	-0.00138367
4.56679e-10	-0.00142204
4.56725e-10	-0.00146044
4.56771e-10	-0.00149888
4.56818e-10	-0.00153736
4.56864e-10	-0.00157587
4.56911e-10	-0.00161441
4.56957e-10	-0.00165299
4.57003e-10	-0.0016916
4.5705e-10	-0.00173025
4.57096e-10	-0.00176893
4.57143e-10	-0.00180765
4.57189e-10	-0.0018464
4.57236e-10	-0.00188519
4.57282e-10	-0.00192401
4.57328e-10	-0.00196286
4.57375e-10	-0.00200175
4.57421e-10	-0.00204067
4.57468e-10	-0.00207963
4.57514e-10	-0.00211862
4.5756e-10	-0.00215765
4.57607e-10	-0.00219671
4.57653e-10	-0.00223581
4.577e-10	-0.00227494
4.57746e-10	-0.00231411
4.57793e-10	-0.00235331
4.57839e-10	-0.00239254
4.57885e-10	-0.00243182
4.57932e-10	-0.00247112
4.57978e-10	-0.00251046
4.58025e-10	-0.00254983
4.58071e-10	-0.00258924
4.58117e-10	-0.00262869
4.58164e-10	-0.00266817
4.5821e-10	-0.00270768
4.58257e-10	-0.00274723
4.58303e-10	-0.00278681
4.5835e-10	-0.00282643
4.58396e-10	-0.00286608
4.58442e-10	-0.00290577
4.58489e-10	-0.00294549
4.58535e-10	-0.00298525
4.58582e-10	-0.00302504
4.58628e-10	-0.00306487
4.58674e-10	-0.00310473
4.58721e-10	-0.00314463
4.58767e-10	-0.00318456
4.58814e-10	-0.00322452
4.5886e-10	-0.00326453
4.58907e-10	-0.00330456
4.58953e-10	-0.00334463
4.58999e-10	-0.00338474
4.59046e-10	-0.00342488
4.59092e-10	-0.00346506
4.59139e-10	-0.00350527
4.59185e-10	-0.00354551
4.59231e-10	-0.0035858
4.59278e-10	-0.00362611
4.59324e-10	-0.00366646
4.59371e-10	-0.00370685
4.59417e-10	-0.00374727
4.59464e-10	-0.00378773
4.5951e-10	-0.00382822
4.59556e-10	-0.00386875
4.59603e-10	-0.00390931
4.59649e-10	-0.00394991
4.59696e-10	-0.00399054
4.59742e-10	-0.0040312
4.59788e-10	-0.00407191
4.59835e-10	-0.00411264
4.59881e-10	-0.00415342
4.59928e-10	-0.00419423
4.59974e-10	-0.00423507
4.60021e-10	-0.00427595
4.60067e-10	-0.00431686
4.60113e-10	-0.00435781
4.6016e-10	-0.00439879
4.60206e-10	-0.00443981
4.60253e-10	-0.00448087
4.60299e-10	-0.00452196
4.60346e-10	-0.00456308
4.60392e-10	-0.00460424
4.60438e-10	-0.00464544
4.60485e-10	-0.00468667
4.60531e-10	-0.00472793
4.60578e-10	-0.00476923
4.60624e-10	-0.00481057
4.6067e-10	-0.00485194
4.60717e-10	-0.00489335
4.60763e-10	-0.00493479
4.6081e-10	-0.00497627
4.60856e-10	-0.00501779
4.60903e-10	-0.00505933
4.60949e-10	-0.00510092
4.60995e-10	-0.00514254
4.61042e-10	-0.00518419
4.61088e-10	-0.00522589
4.61135e-10	-0.00526761
4.61181e-10	-0.00530937
4.61227e-10	-0.00535117
4.61274e-10	-0.005393
4.6132e-10	-0.00543487
4.61367e-10	-0.00547677
4.61413e-10	-0.00551871
4.6146e-10	-0.00556069
4.61506e-10	-0.0056027
4.61552e-10	-0.00564474
4.61599e-10	-0.00568683
4.61645e-10	-0.00572894
4.61692e-10	-0.00577109
4.61738e-10	-0.00581328
4.61784e-10	-0.00585551
4.61831e-10	-0.00589777
4.61877e-10	-0.00594006
4.61924e-10	-0.00598239
4.6197e-10	-0.00602476
4.62017e-10	-0.00606716
4.62063e-10	-0.0061096
4.62109e-10	-0.00615207
4.62156e-10	-0.00619458
4.62202e-10	-0.00623712
4.62249e-10	-0.0062797
4.62295e-10	-0.00632232
4.62341e-10	-0.00636497
4.62388e-10	-0.00640766
4.62434e-10	-0.00645038
4.62481e-10	-0.00649314
4.62527e-10	-0.00653593
4.62574e-10	-0.00657876
4.6262e-10	-0.00662163
4.62666e-10	-0.00666453
4.62713e-10	-0.00670747
4.62759e-10	-0.00675044
4.62806e-10	-0.00679345
4.62852e-10	-0.0068365
4.62898e-10	-0.00687958
4.62945e-10	-0.0069227
4.62991e-10	-0.00696585
4.63038e-10	-0.00700904
4.63084e-10	-0.00705226
4.63131e-10	-0.00709552
4.63177e-10	-0.00713882
4.63223e-10	-0.00718215
4.6327e-10	-0.00722552
4.63316e-10	-0.00726892
4.63363e-10	-0.00731236
4.63409e-10	-0.00735584
4.63455e-10	-0.00739935
4.63502e-10	-0.0074429
4.63548e-10	-0.00748648
4.63595e-10	-0.0075301
4.63641e-10	-0.00757376
4.63688e-10	-0.00761745
4.63734e-10	-0.00766118
4.6378e-10	-0.00770494
4.63827e-10	-0.00774874
4.63873e-10	-0.00779258
4.6392e-10	-0.00783645
4.63966e-10	-0.00788036
4.64012e-10	-0.0079243
4.64059e-10	-0.00796828
4.64105e-10	-0.0080123
4.64152e-10	-0.00805635
4.64198e-10	-0.00810044
4.64245e-10	-0.00814456
4.64291e-10	-0.00818873
4.64337e-10	-0.00823292
4.64384e-10	-0.00827716
4.6443e-10	-0.00832143
4.64477e-10	-0.00836573
4.64523e-10	-0.00841007
4.64569e-10	-0.00845445
4.64616e-10	-0.00849887
4.64662e-10	-0.00854332
4.64709e-10	-0.0085878
4.64755e-10	-0.00863233
4.64802e-10	-0.00867688
4.64848e-10	-0.00872148
4.64894e-10	-0.00876611
4.64941e-10	-0.00881078
4.64987e-10	-0.00885548
4.65034e-10	-0.00890022
4.6508e-10	-0.008945
4.65127e-10	-0.00898981
4.65173e-10	-0.00903466
4.65219e-10	-0.00907955
4.65266e-10	-0.00912447
4.65312e-10	-0.00916943
4.65359e-10	-0.00921443
4.65405e-10	-0.00925946
4.65451e-10	-0.00930452
4.65498e-10	-0.00934963
4.65544e-10	-0.00939477
4.65591e-10	-0.00943995
4.65637e-10	-0.00948516
4.65684e-10	-0.00953041
4.6573e-10	-0.00957569
4.65776e-10	-0.00962102
4.65823e-10	-0.00966638
4.65869e-10	-0.00971177
4.65916e-10	-0.0097572
4.65962e-10	-0.00980267
4.66008e-10	-0.00984818
4.66055e-10	-0.00989372
4.66101e-10	-0.0099393
4.66148e-10	-0.00998491
4.66194e-10	-0.0100306
4.66241e-10	-0.0100762
4.66287e-10	-0.010122
4.66333e-10	-0.0101677
4.6638e-10	-0.0102135
4.66426e-10	-0.0102594
4.66473e-10	-0.0103052
4.66519e-10	-0.0103511
4.66565e-10	-0.0103971
4.66612e-10	-0.0104431
4.66658e-10	-0.0104891
4.66705e-10	-0.0105351
4.66751e-10	-0.0105812
4.66798e-10	-0.0106274
4.66844e-10	-0.0106735
4.6689e-10	-0.0107197
4.66937e-10	-0.010766
4.66983e-10	-0.0108122
4.6703e-10	-0.0108585
4.67076e-10	-0.0109049
4.67122e-10	-0.0109513
4.67169e-10	-0.0109977
4.67215e-10	-0.0110441
4.67262e-10	-0.0110906
4.67308e-10	-0.0111372
4.67355e-10	-0.0111837
4.67401e-10	-0.0112303
4.67447e-10	-0.011277
4.67494e-10	-0.0113237
4.6754e-10	-0.0113704
4.67587e-10	-0.0114171
4.67633e-10	-0.0114639
4.67679e-10	-0.0115107
4.67726e-10	-0.0115576
4.67772e-10	-0.0116045
4.67819e-10	-0.0116514
4.67865e-10	-0.0116984
4.67912e-10	-0.0117454
4.67958e-10	-0.0117925
4.68004e-10	-0.0118395
4.68051e-10	-0.0118867
4.68097e-10	-0.0119338
4.68144e-10	-0.011981
4.6819e-10	-0.0120282
4.68236e-10	-0.0120755
4.68283e-10	-0.0121228
4.68329e-10	-0.0121702
4.68376e-10	-0.0122175
4.68422e-10	-0.012265
4.68469e-10	-0.0123124
4.68515e-10	-0.0123599
4.68561e-10	-0.0124074
4.68608e-10	-0.012455
4.68654e-10	-0.0125026
4.68701e-10	-0.0125502
4.68747e-10	-0.0125979
4.68793e-10	-0.0126456
4.6884e-10	-0.0126934
4.68886e-10	-0.0127411
4.68933e-10	-0.012789
4.68979e-10	-0.0128368
4.69026e-10	-0.0128847
4.69072e-10	-0.0129327
4.69118e-10	-0.0129806
4.69165e-10	-0.0130286
4.69211e-10	-0.0130767
4.69258e-10	-0.0131248
4.69304e-10	-0.0131729
4.6935e-10	-0.013221
4.69397e-10	-0.0132692
4.69443e-10	-0.0133175
4.6949e-10	-0.0133657
4.69536e-10	-0.013414
4.69583e-10	-0.0134624
4.69629e-10	-0.0135108
4.69675e-10	-0.0135592
4.69722e-10	-0.0136076
4.69768e-10	-0.0136561
4.69815e-10	-0.0137047
4.69861e-10	-0.0137532
4.69908e-10	-0.0138018
4.69954e-10	-0.0138505
4.7e-10	-0.0138991
4.70047e-10	-0.0139479
4.70093e-10	-0.0139966
4.7014e-10	-0.0140454
4.70186e-10	-0.0140942
4.70232e-10	-0.0141431
4.70279e-10	-0.014192
4.70325e-10	-0.0142409
4.70372e-10	-0.0142899
4.70418e-10	-0.0143389
4.70465e-10	-0.014388
4.70511e-10	-0.0144371
4.70557e-10	-0.0144862
4.70604e-10	-0.0145354
4.7065e-10	-0.0145846
4.70697e-10	-0.0146338
4.70743e-10	-0.0146831
4.70789e-10	-0.0147324
4.70836e-10	-0.0147817
4.70882e-10	-0.0148311
4.70929e-10	-0.0148805
4.70975e-10	-0.01493
4.71022e-10	-0.0149795
4.71068e-10	-0.015029
4.71114e-10	-0.0150786
4.71161e-10	-0.0151282
4.71207e-10	-0.0151779
4.71254e-10	-0.0152276
4.713e-10	-0.0152773
4.71346e-10	-0.0153271
4.71393e-10	-0.0153769
4.71439e-10	-0.0154267
4.71486e-10	-0.0154766
4.71532e-10	-0.0155265
4.71579e-10	-0.0155764
4.71625e-10	-0.0156264
4.71671e-10	-0.0156764
4.71718e-10	-0.0157265
4.71764e-10	-0.0157766
4.71811e-10	-0.0158267
4.71857e-10	-0.0158769
4.71903e-10	-0.0159271
4.7195e-10	-0.0159774
4.71996e-10	-0.0160277
4.72043e-10	-0.016078
4.72089e-10	-0.0161284
4.72136e-10	-0.0161788
4.72182e-10	-0.0162292
4.72228e-10	-0.0162797
4.72275e-10	-0.0163302
4.72321e-10	-0.0163807
4.72368e-10	-0.0164313
4.72414e-10	-0.016482
4.7246e-10	-0.0165326
4.72507e-10	-0.0165833
4.72553e-10	-0.0166341
4.726e-10	-0.0166848
4.72646e-10	-0.0167357
4.72693e-10	-0.0167865
4.72739e-10	-0.0168374
4.72785e-10	-0.0168883
4.72832e-10	-0.0169393
4.72878e-10	-0.0169903
4.72925e-10	-0.0170414
4.72971e-10	-0.0170924
4.73017e-10	-0.0171436
4.73064e-10	-0.0171947
4.7311e-10	-0.0172459
4.73157e-10	-0.0172971
4.73203e-10	-0.0173484
4.7325e-10	-0.0173997
4.73296e-10	-0.0174511
4.73342e-10	-0.0175024
4.73389e-10	-0.0175539
4.73435e-10	-0.0176053
4.73482e-10	-0.0176568
4.73528e-10	-0.0177083
4.73574e-10	-0.0177599
4.73621e-10	-0.0178115
4.73667e-10	-0.0178632
4.73714e-10	-0.0179149
4.7376e-10	-0.0179666
4.73807e-10	-0.0180184
4.73853e-10	-0.0180702
4.73899e-10	-0.018122
4.73946e-10	-0.0181739
4.73992e-10	-0.0182258
4.74039e-10	-0.0182777
4.74085e-10	-0.0183297
4.74131e-10	-0.0183817
4.74178e-10	-0.0184338
4.74224e-10	-0.0184859
4.74271e-10	-0.0185381
4.74317e-10	-0.0185902
4.74364e-10	-0.0186425
4.7441e-10	-0.0186947
4.74456e-10	-0.018747
4.74503e-10	-0.0187993
4.74549e-10	-0.0188517
4.74596e-10	-0.0189041
4.74642e-10	-0.0189566
4.74689e-10	-0.019009
4.74735e-10	-0.0190616
4.74781e-10	-0.0191141
4.74828e-10	-0.0191667
4.74874e-10	-0.0192194
4.74921e-10	-0.019272
4.74967e-10	-0.0193247
4.75013e-10	-0.0193775
4.7506e-10	-0.0194303
4.75106e-10	-0.0194831
4.75153e-10	-0.019536
4.75199e-10	-0.0195889
4.75246e-10	-0.0196418
4.75292e-10	-0.0196948
4.75338e-10	-0.0197478
4.75385e-10	-0.0198009
4.75431e-10	-0.019854
4.75478e-10	-0.0199071
4.75524e-10	-0.0199603
4.7557e-10	-0.0200135
4.75617e-10	-0.0200667
4.75663e-10	-0.02012
4.7571e-10	-0.0201733
4.75756e-10	-0.0202267
4.75803e-10	-0.0202801
4.75849e-10	-0.0203335
4.75895e-10	-0.020387
4.75942e-10	-0.0204405
4.75988e-10	-0.0204941
4.76035e-10	-0.0205477
4.76081e-10	-0.0206013
4.76127e-10	-0.020655
4.76174e-10	-0.0207087
4.7622e-10	-0.0207624
4.76267e-10	-0.0208162
4.76313e-10	-0.02087
4.7636e-10	-0.0209239
4.76406e-10	-0.0209778
4.76452e-10	-0.0210317
4.76499e-10	-0.0210857
4.76545e-10	-0.0211397
4.76592e-10	-0.0211938
4.76638e-10	-0.0212478
4.76684e-10	-0.021302
4.76731e-10	-0.0213561
4.76777e-10	-0.0214103
4.76824e-10	-0.0214646
4.7687e-10	-0.0215189
4.76917e-10	-0.0215732
4.76963e-10	-0.0216275
4.77009e-10	-0.0216819
4.77056e-10	-0.0217364
4.77102e-10	-0.0217908
4.77149e-10	-0.0218454
4.77195e-10	-0.0218999
4.77241e-10	-0.0219545
4.77288e-10	-0.0220091
4.77334e-10	-0.0220638
4.77381e-10	-0.0221185
4.77427e-10	-0.0221732
4.77474e-10	-0.022228
4.7752e-10	-0.0222828
4.77566e-10	-0.0223377
4.77613e-10	-0.0223926
4.77659e-10	-0.0224475
4.77706e-10	-0.0225025
4.77752e-10	-0.0225575
4.77798e-10	-0.0226126
4.77845e-10	-0.0226677
4.77891e-10	-0.0227228
4.77938e-10	-0.0227779
4.77984e-10	-0.0228331
4.78031e-10	-0.0228884
4.78077e-10	-0.0229437
4.78123e-10	-0.022999
4.7817e-10	-0.0230544
4.78216e-10	-0.0231098
4.78263e-10	-0.0231652
4.78309e-10	-0.0232207
4.78355e-10	-0.0232762
4.78402e-10	-0.0233317
4.78448e-10	-0.0233873
4.78495e-10	-0.023443
4.78541e-10	-0.0234986
4.78588e-10	-0.0235543
4.78634e-10	-0.0236101
4.7868e-10	-0.0236659
4.78727e-10	-0.0237217
4.78773e-10	-0.0237775
4.7882e-10	-0.0238334
4.78866e-10	-0.0238894
4.78912e-10	-0.0239454
4.78959e-10	-0.0240014
4.79005e-10	-0.0240574
4.79052e-10	-0.0241135
4.79098e-10	-0.0241696
4.79145e-10	-0.0242258
4.79191e-10	-0.024282
4.79237e-10	-0.0243383
4.79284e-10	-0.0243946
4.7933e-10	-0.0244509
4.79377e-10	-0.0245073
4.79423e-10	-0.0245637
4.7947e-10	-0.0246201
4.79516e-10	-0.0246766
4.79562e-10	-0.0247331
4.79609e-10	-0.0247897
4.79655e-10	-0.0248463
4.79702e-10	-0.0249029
4.79748e-10	-0.0249596
4.79794e-10	-0.0250163
4.79841e-10	-0.025073
4.79887e-10	-0.0251298
4.79934e-10	-0.0251867
4.7998e-10	-0.0252435
4.80027e-10	-0.0253004
4.80073e-10	-0.0253574
4.80119e-10	-0.0254144
4.80166e-10	-0.0254714
4.80212e-10	-0.0255284
4.80259e-10	-0.0255856
4.80305e-10	-0.0256427
4.80351e-10	-0.0256999
4.80398e-10	-0.0257571
4.80444e-10	-0.0258143
4.80491e-10	-0.0258716
4.80537e-10	-0.025929
4.80584e-10	-0.0259864
4.8063e-10	-0.0260438
4.80676e-10	-0.0261012
4.80723e-10	-0.0261587
4.80769e-10	-0.0262162
4.80816e-10	-0.0262738
4.80862e-10	-0.0263314
4.80908e-10	-0.0263891
4.80955e-10	-0.0264467
4.81001e-10	-0.0265045
4.81048e-10	-0.0265622
4.81094e-10	-0.02662
4.81141e-10	-0.0266779
4.81187e-10	-0.0267358
4.81233e-10	-0.0267937
4.8128e-10	-0.0268516
4.81326e-10	-0.0269096
4.81373e-10	-0.0269677
4.81419e-10	-0.0270257
4.81465e-10	-0.0270839
4.81512e-10	-0.027142
4.81558e-10	-0.0272002
4.81605e-10	-0.0272584
4.81651e-10	-0.0273167
4.81698e-10	-0.027375
4.81744e-10	-0.0274334
4.8179e-10	-0.0274917
4.81837e-10	-0.0275502
4.81883e-10	-0.0276086
4.8193e-10	-0.0276671
4.81976e-10	-0.0277257
4.82022e-10	-0.0277843
4.82069e-10	-0.0278429
4.82115e-10	-0.0279015
4.82162e-10	-0.0279602
4.82208e-10	-0.028019
4.82255e-10	-0.0280778
4.82301e-10	-0.0281366
4.82347e-10	-0.0281954
4.82394e-10	-0.0282543
4.8244e-10	-0.0283133
4.82487e-10	-0.0283722
4.82533e-10	-0.0284313
4.82579e-10	-0.0284903
4.82626e-10	-0.0285494
4.82672e-10	-0.0286085
4.82719e-10	-0.0286677
4.82765e-10	-0.0287269
4.82812e-10	-0.0287862
4.82858e-10	-0.0288454
4.82904e-10	-0.0289048
4.82951e-10	-0.0289641
4.82997e-10	-0.0290235
4.83044e-10	-0.029083
4.8309e-10	-0.0291425
4.83136e-10	-0.029202
4.83183e-10	-0.0292615
4.83229e-10	-0.0293211
4.83276e-10	-0.0293808
4.83322e-10	-0.0294405
4.83369e-10	-0.0295002
4.83415e-10	-0.0295599
4.83461e-10	-0.0296197
4.83508e-10	-0.0296796
4.83554e-10	-0.0297394
4.83601e-10	-0.0297993
4.83647e-10	-0.0298593
4.83694e-10	-0.0299193
4.8374e-10	-0.0299793
4.83786e-10	-0.0300394
4.83833e-10	-0.0300995
4.83879e-10	-0.0301597
4.83926e-10	-0.0302198
4.83972e-10	-0.0302801
4.84018e-10	-0.0303403
4.84065e-10	-0.0304006
4.84111e-10	-0.030461
4.84158e-10	-0.0305214
4.84204e-10	-0.0305818
4.84251e-10	-0.0306423
4.84297e-10	-0.0307028
4.84343e-10	-0.0307633
4.8439e-10	-0.0308239
4.84436e-10	-0.0308845
4.84483e-10	-0.0309452
4.84529e-10	-0.0310059
4.84575e-10	-0.0310666
4.84622e-10	-0.0311274
4.84668e-10	-0.0311882
4.84715e-10	-0.0312491
4.84761e-10	-0.03131
4.84808e-10	-0.0313709
4.84854e-10	-0.0314319
4.849e-10	-0.0314929
4.84947e-10	-0.0315539
4.84993e-10	-0.031615
4.8504e-10	-0.0316762
4.85086e-10	-0.0317373
4.85132e-10	-0.0317985
4.85179e-10	-0.0318598
4.85225e-10	-0.0319211
4.85272e-10	-0.0319824
4.85318e-10	-0.0320438
4.85365e-10	-0.0321052
4.85411e-10	-0.0321666
4.85457e-10	-0.0322281
4.85504e-10	-0.0322896
4.8555e-10	-0.0323512
4.85597e-10	-0.0324128
4.85643e-10	-0.0324745
4.85689e-10	-0.0325361
4.85736e-10	-0.0325979
4.85782e-10	-0.0326596
4.85829e-10	-0.0327214
4.85875e-10	-0.0327833
4.85922e-10	-0.0328451
4.85968e-10	-0.0329071
4.86014e-10	-0.032969
4.86061e-10	-0.033031
4.86107e-10	-0.0330931
4.86154e-10	-0.0331551
4.862e-10	-0.0332173
4.86246e-10	-0.0332794
4.86293e-10	-0.0333416
4.86339e-10	-0.0334039
4.86386e-10	-0.0334661
4.86432e-10	-0.0335284
4.86479e-10	-0.0335908
4.86525e-10	-0.0336532
4.86571e-10	-0.0337156
4.86618e-10	-0.0337781
4.86664e-10	-0.0338406
4.86711e-10	-0.0339032
4.86757e-10	-0.0339658
4.86803e-10	-0.0340284
4.8685e-10	-0.0340911
4.86896e-10	-0.0341538
4.86943e-10	-0.0342165
4.86989e-10	-0.0342793
4.87036e-10	-0.0343421
4.87082e-10	-0.034405
4.87128e-10	-0.0344679
4.87175e-10	-0.0345309
4.87221e-10	-0.0345938
4.87268e-10	-0.0346569
4.87314e-10	-0.0347199
4.8736e-10	-0.034783
4.87407e-10	-0.0348462
4.87453e-10	-0.0349094
4.875e-10	-0.0349726
4.87546e-10	-0.0350359
4.87593e-10	-0.0350992
4.87639e-10	-0.0351625
4.87685e-10	-0.0352259
4.87732e-10	-0.0352893
4.87778e-10	-0.0353528
4.87825e-10	-0.0354163
4.87871e-10	-0.0354798
4.87917e-10	-0.0355434
4.87964e-10	-0.035607
4.8801e-10	-0.0356707
4.88057e-10	-0.0357344
4.88103e-10	-0.0357981
4.8815e-10	-0.0358619
4.88196e-10	-0.0359257
4.88242e-10	-0.0359896
4.88289e-10	-0.0360535
4.88335e-10	-0.0361174
4.88382e-10	-0.0361814
4.88428e-10	-0.0362454
4.88475e-10	-0.0363095
4.88521e-10	-0.0363735
4.88567e-10	-0.0364377
4.88614e-10	-0.0365019
4.8866e-10	-0.0365661
4.88707e-10	-0.0366303
4.88753e-10	-0.0366946
4.88799e-10	-0.036759
4.88846e-10	-0.0368233
4.88892e-10	-0.0368877
4.88939e-10	-0.0369522
4.88985e-10	-0.0370167
4.89032e-10	-0.0370812
4.89078e-10	-0.0371458
4.89124e-10	-0.0372104
4.89171e-10	-0.0372751
4.89217e-10	-0.0373397
4.89264e-10	-0.0374045
4.8931e-10	-0.0374692
4.89356e-10	-0.0375341
4.89403e-10	-0.0375989
4.89449e-10	-0.0376638
4.89496e-10	-0.0377287
4.89542e-10	-0.0377937
4.89589e-10	-0.0378587
4.89635e-10	-0.0379237
4.89681e-10	-0.0379888
4.89728e-10	-0.038054
4.89774e-10	-0.0381191
4.89821e-10	-0.0381843
4.89867e-10	-0.0382496
4.89913e-10	-0.0383149
4.8996e-10	-0.0383802
4.90006e-10	-0.0384456
4.90053e-10	-0.038511
4.90099e-10	-0.0385764
4.90146e-10	-0.0386419
4.90192e-10	-0.0387074
4.90238e-10	-0.038773
4.90285e-10	-0.0388386
4.90331e-10	-0.0389042
4.90378e-10	-0.0389699
4.90424e-10	-0.0390356
4.9047e-10	-0.0391014
4.90517e-10	-0.0391672
4.90563e-10	-0.0392331
4.9061e-10	-0.0392989
4.90656e-10	-0.0393649
4.90703e-10	-0.0394308
4.90749e-10	-0.0394968
4.90795e-10	-0.0395629
4.90842e-10	-0.0396289
4.90888e-10	-0.0396951
4.90935e-10	-0.0397612
4.90981e-10	-0.0398274
4.91027e-10	-0.0398937
4.91074e-10	-0.03996
4.9112e-10	-0.0400263
4.91167e-10	-0.0400926
4.91213e-10	-0.040159
4.9126e-10	-0.0402255
4.91306e-10	-0.040292
4.91352e-10	-0.0403585
4.91399e-10	-0.040425
4.91445e-10	-0.0404916
4.91492e-10	-0.0405583
4.91538e-10	-0.0406249
4.91584e-10	-0.0406917
4.91631e-10	-0.0407584
4.91677e-10	-0.0408252
4.91724e-10	-0.0408921
4.9177e-10	-0.0409589
4.91817e-10	-0.0410259
4.91863e-10	-0.0410928
4.91909e-10	-0.0411598
4.91956e-10	-0.0412268
4.92002e-10	-0.0412939
4.92049e-10	-0.041361
4.92095e-10	-0.0414282
4.92141e-10	-0.0414954
4.92188e-10	-0.0415626
4.92234e-10	-0.0416299
4.92281e-10	-0.0416972
4.92327e-10	-0.0417646
4.92374e-10	-0.041832
4.9242e-10	-0.0418994
4.92466e-10	-0.0419669
4.92513e-10	-0.0420344
4.92559e-10	-0.0421019
4.92606e-10	-0.0421695
4.92652e-10	-0.0422372
4.92698e-10	-0.0423049
4.92745e-10	-0.0423726
4.92791e-10	-0.0424403
4.92838e-10	-0.0425081
4.92884e-10	-0.042576
4.92931e-10	-0.0426438
4.92977e-10	-0.0427117
4.93023e-10	-0.0427797
4.9307e-10	-0.0428477
4.93116e-10	-0.0429157
4.93163e-10	-0.0429838
4.93209e-10	-0.0430519
4.93256e-10	-0.0431201
4.93302e-10	-0.0431882
4.93348e-10	-0.0432565
4.93395e-10	-0.0433248
4.93441e-10	-0.0433931
4.93488e-10	-0.0434614
4.93534e-10	-0.0435298
4.9358e-10	-0.0435982
4.93627e-10	-0.0436667
4.93673e-10	-0.0437352
4.9372e-10	-0.0438038
4.93766e-10	-0.0438724
4.93813e-10	-0.043941
4.93859e-10	-0.0440097
4.93905e-10	-0.0440784
4.93952e-10	-0.0441471
4.93998e-10	-0.0442159
4.94045e-10	-0.0442848
4.94091e-10	-0.0443536
4.94137e-10	-0.0444225
4.94184e-10	-0.0444915
4.9423e-10	-0.0445605
4.94277e-10	-0.0446295
4.94323e-10	-0.0446986
4.9437e-10	-0.0447677
4.94416e-10	-0.0448368
4.94462e-10	-0.044906
4.94509e-10	-0.0449753
4.94555e-10	-0.0450445
4.94602e-10	-0.0451138
4.94648e-10	-0.0451832
4.94694e-10	-0.0452526
4.94741e-10	-0.045322
4.94787e-10	-0.0453915
4.94834e-10	-0.045461
4.9488e-10	-0.0455305
4.94927e-10	-0.0456001
4.94973e-10	-0.0456697
4.95019e-10	-0.0457394
4.95066e-10	-0.0458091
4.95112e-10	-0.0458789
4.95159e-10	-0.0459487
4.95205e-10	-0.0460185
4.95251e-10	-0.0460884
4.95298e-10	-0.0461583
4.95344e-10	-0.0462282
4.95391e-10	-0.0462982
4.95437e-10	-0.0463682
4.95484e-10	-0.0464383
4.9553e-10	-0.0465084
4.95576e-10	-0.0465786
4.95623e-10	-0.0466487
4.95669e-10	-0.046719
4.95716e-10	-0.0467892
4.95762e-10	-0.0468595
4.95808e-10	-0.0469299
4.95855e-10	-0.0470003
4.95901e-10	-0.0470707
4.95948e-10	-0.0471412
4.95994e-10	-0.0472117
4.96041e-10	-0.0472822
4.96087e-10	-0.0473528
4.96133e-10	-0.0474234
4.9618e-10	-0.0474941
4.96226e-10	-0.0475648
4.96273e-10	-0.0476356
4.96319e-10	-0.0477063
4.96365e-10	-0.0477772
4.96412e-10	-0.047848
4.96458e-10	-0.0479189
4.96505e-10	-0.0479899
4.96551e-10	-0.0480609
4.96598e-10	-0.0481319
4.96644e-10	-0.048203
4.9669e-10	-0.0482741
4.96737e-10	-0.0483452
4.96783e-10	-0.0484164
4.9683e-10	-0.0484876
4.96876e-10	-0.0485589
4.96922e-10	-0.0486302
4.96969e-10	-0.0487015
4.97015e-10	-0.0487729
4.97062e-10	-0.0488444
4.97108e-10	-0.0489158
4.97155e-10	-0.0489873
4.97201e-10	-0.0490589
4.97247e-10	-0.0491305
4.97294e-10	-0.0492021
4.9734e-10	-0.0492737
4.97387e-10	-0.0493454
4.97433e-10	-0.0494172
4.97479e-10	-0.049489
4.97526e-10	-0.0495608
4.97572e-10	-0.0496327
4.97619e-10	-0.0497046
4.97665e-10	-0.0497765
4.97712e-10	-0.0498485
4.97758e-10	-0.0499205
4.97804e-10	-0.0499926
4.97851e-10	-0.0500647
4.97897e-10	-0.0501368
4.97944e-10	-0.050209
4.9799e-10	-0.0502812
4.98037e-10	-0.0503535
4.98083e-10	-0.0504258
4.98129e-10	-0.0504982
4.98176e-10	-0.0505705
4.98222e-10	-0.050643
4.98269e-10	-0.0507154
4.98315e-10	-0.0507879
4.98361e-10	-0.0508605
4.98408e-10	-0.0509331
4.98454e-10	-0.0510057
4.98501e-10	-0.0510783
4.98547e-10	-0.051151
4.98594e-10	-0.0512238
4.9864e-10	-0.0512966
4.98686e-10	-0.0513694
4.98733e-10	-0.0514422
4.98779e-10	-0.0515152
4.98826e-10	-0.0515881
4.98872e-10	-0.0516611
4.98918e-10	-0.0517341
4.98965e-10	-0.0518072
4.99011e-10	-0.0518803
4.99058e-10	-0.0519534
4.99104e-10	-0.0520266
4.99151e-10	-0.0520998
4.99197e-10	-0.0521731
4.99243e-10	-0.0522464
4.9929e-10	-0.0523197
4.99336e-10	-0.0523931
4.99383e-10	-0.0524665
4.99429e-10	-0.05254
4.99475e-10	-0.0526135
4.99522e-10	-0.052687
4.99568e-10	-0.0527606
4.99615e-10	-0.0528342
4.99661e-10	-0.0529079
4.99708e-10	-0.0529816
4.99754e-10	-0.0530553
4.998e-10	-0.0531291
4.99847e-10	-0.0532029
4.99893e-10	-0.0532768
4.9994e-10	-0.0533507
4.99986e-10	-0.0534246
5.00032e-10	-0.0534986
5.00079e-10	-0.0535726
5.00125e-10	-0.0536467
5.00172e-10	-0.0537208
5.00218e-10	-0.0537949
5.00265e-10	-0.0538691
5.00311e-10	-0.0539433
5.00357e-10	-0.0540176
5.00404e-10	-0.0540919
5.0045e-10	-0.0541662
5.00497e-10	-0.0542406
5.00543e-10	-0.054315
5.00589e-10	-0.0543895
5.00636e-10	-0.0544639
5.00682e-10	-0.0545385
5.00729e-10	-0.0546131
5.00775e-10	-0.0546877
5.00822e-10	-0.0547623
5.00868e-10	-0.054837
5.00914e-10	-0.0549118
5.00961e-10	-0.0549865
5.01007e-10	-0.0550614
5.01054e-10	-0.0551362
5.011e-10	-0.0552111
5.01146e-10	-0.055286
5.01193e-10	-0.055361
5.01239e-10	-0.055436
5.01286e-10	-0.0555111
5.01332e-10	-0.0555862
5.01379e-10	-0.0556613
5.01425e-10	-0.0557365
5.01471e-10	-0.0558117
5.01518e-10	-0.055887
5.01564e-10	-0.0559623
5.01611e-10	-0.0560376
5.01657e-10	-0.056113
5.01703e-10	-0.0561884
5.0175e-10	-0.0562638
5.01796e-10	-0.0563393
5.01843e-10	-0.0564149
5.01889e-10	-0.0564904
5.01936e-10	-0.0565661
5.01982e-10	-0.0566417
5.02028e-10	-0.0567174
5.02075e-10	-0.0567931
5.02121e-10	-0.0568689
5.02168e-10	-0.0569447
5.02214e-10	-0.0570206
5.0226e-10	-0.0570965
5.02307e-10	-0.0571724
5.02353e-10	-0.0572484
5.024e-10	-0.0573244
5.02446e-10	-0.0574004
5.02493e-10	-0.0574765
5.02539e-10	-0.0575526
5.02585e-10	-0.0576288
5.02632e-10	-0.057705
5.02678e-10	-0.0577813
5.02725e-10	-0.0578576
5.02771e-10	-0.0579339
5.02818e-10	-0.0580103
5.02864e-10	-0.0580867
5.0291e-10	-0.0581631
5.02957e-10	-0.0582396
5.03003e-10	-0.0583161
5.0305e-10	-0.0583927
5.03096e-10	-0.0584693
5.03142e-10	-0.058546
5.03189e-10	-0.0586226
5.03235e-10	-0.0586994
5.03282e-10	-0.0587761
5.03328e-10	-0.0588529
5.03375e-10	-0.0589298
5.03421e-10	-0.0590067
5.03467e-10	-0.0590836
5.03514e-10	-0.0591606
5.0356e-10	-0.0592376
5.03607e-10	-0.0593146
5.03653e-10	-0.0593917
5.03699e-10	-0.0594688
5.03746e-10	-0.059546
5.03792e-10	-0.0596232
5.03839e-10	-0.0597004
5.03885e-10	-0.0597777
5.03932e-10	-0.059855
5.03978e-10	-0.0599324
5.04024e-10	-0.0600098
5.04071e-10	-0.0600872
5.04117e-10	-0.0601647
5.04164e-10	-0.0602422
5.0421e-10	-0.0603198
5.04256e-10	-0.0603974
5.04303e-10	-0.060475
5.04349e-10	-0.0605527
5.04396e-10	-0.0606304
5.04442e-10	-0.0607082
5.04489e-10	-0.060786
5.04535e-10	-0.0608638
5.04581e-10	-0.0609417
5.04628e-10	-0.0610196
5.04674e-10	-0.0610976
5.04721e-10	-0.0611756
5.04767e-10	-0.0612536
5.04813e-10	-0.0613317
5.0486e-10	-0.0614098
5.04906e-10	-0.061488
5.04953e-10	-0.0615662
5.04999e-10	-0.0616444
5.05046e-10	-0.0617227
5.05092e-10	-0.061801
5.05138e-10	-0.0618793
5.05185e-10	-0.0619577
5.05231e-10	-0.0620362
5.05278e-10	-0.0621146
5.05324e-10	-0.0621932
5.0537e-10	-0.0622717
5.05417e-10	-0.0623503
5.05463e-10	-0.0624289
5.0551e-10	-0.0625076
5.05556e-10	-0.0625863
5.05603e-10	-0.0626651
5.05649e-10	-0.0627439
5.05695e-10	-0.0628227
5.05742e-10	-0.0629015
5.05788e-10	-0.0629805
5.05835e-10	-0.0630594
5.05881e-10	-0.0631384
5.05927e-10	-0.0632174
5.05974e-10	-0.0632965
5.0602e-10	-0.0633756
5.06067e-10	-0.0634547
5.06113e-10	-0.0635339
5.0616e-10	-0.0636131
5.06206e-10	-0.0636924
5.06252e-10	-0.0637717
5.06299e-10	-0.0638511
5.06345e-10	-0.0639304
5.06392e-10	-0.0640099
5.06438e-10	-0.0640893
5.06484e-10	-0.0641688
5.06531e-10	-0.0642484
5.06577e-10	-0.0643279
5.06624e-10	-0.0644076
5.0667e-10	-0.0644872
5.06717e-10	-0.0645669
5.06763e-10	-0.0646466
5.06809e-10	-0.0647264
5.06856e-10	-0.0648062
5.06902e-10	-0.0648861
5.06949e-10	-0.064966
5.06995e-10	-0.0650459
5.07042e-10	-0.0651259
5.07088e-10	-0.0652059
5.07134e-10	-0.065286
5.07181e-10	-0.0653661
5.07227e-10	-0.0654462
5.07274e-10	-0.0655264
5.0732e-10	-0.0656066
5.07366e-10	-0.0656868
5.07413e-10	-0.0657671
5.07459e-10	-0.0658475
5.07506e-10	-0.0659278
5.07552e-10	-0.0660082
5.07599e-10	-0.0660887
5.07645e-10	-0.0661692
5.07691e-10	-0.0662497
5.07738e-10	-0.0663303
5.07784e-10	-0.0664109
5.07831e-10	-0.0664915
5.07877e-10	-0.0665722
5.07923e-10	-0.0666529
5.0797e-10	-0.0667337
5.08016e-10	-0.0668145
5.08063e-10	-0.0668953
5.08109e-10	-0.0669762
5.08156e-10	-0.0670571
5.08202e-10	-0.0671381
5.08248e-10	-0.0672191
5.08295e-10	-0.0673001
5.08341e-10	-0.0673812
5.08388e-10	-0.0674623
5.08434e-10	-0.0675435
5.0848e-10	-0.0676247
5.08527e-10	-0.0677059
5.08573e-10	-0.0677872
5.0862e-10	-0.0678685
5.08666e-10	-0.0679498
5.08713e-10	-0.0680312
5.08759e-10	-0.0681127
5.08805e-10	-0.0681941
5.08852e-10	-0.0682756
5.08898e-10	-0.0683572
5.08945e-10	-0.0684388
5.08991e-10	-0.0685204
5.09037e-10	-0.0686021
5.09084e-10	-0.0686838
5.0913e-10	-0.0687655
5.09177e-10	-0.0688473
5.09223e-10	-0.0689291
5.0927e-10	-0.069011
5.09316e-10	-0.0690929
5.09362e-10	-0.0691748
5.09409e-10	-0.0692568
5.09455e-10	-0.0693389
5.09502e-10	-0.0694209
5.09548e-10	-0.069503
5.09594e-10	-0.0695851
5.09641e-10	-0.0696673
5.09687e-10	-0.0697495
5.09734e-10	-0.0698318
5.0978e-10	-0.0699141
5.09827e-10	-0.0699964
5.09873e-10	-0.0700788
5.09919e-10	-0.0701612
5.09966e-10	-0.0702437
5.10012e-10	-0.0703261
5.10059e-10	-0.0704087
5.10105e-10	-0.0704912
5.10151e-10	-0.0705739
5.10198e-10	-0.0706565
5.10244e-10	-0.0707392
5.10291e-10	-0.0708219
5.10337e-10	-0.0709047
5.10384e-10	-0.0709875
5.1043e-10	-0.0710703
5.10476e-10	-0.0711532
5.10523e-10	-0.0712361
5.10569e-10	-0.0713191
5.10616e-10	-0.0714021
5.10662e-10	-0.0714851
5.10708e-10	-0.0715682
5.10755e-10	-0.0716513
5.10801e-10	-0.0717345
5.10848e-10	-0.0718177
5.10894e-10	-0.0719009
5.10941e-10	-0.0719842
5.10987e-10	-0.0720675
5.11033e-10	-0.0721508
5.1108e-10	-0.0722342
5.11126e-10	-0.0723176
5.11173e-10	-0.0724011
5.11219e-10	-0.0724846
5.11265e-10	-0.0725681
5.11312e-10	-0.0726517
5.11358e-10	-0.0727354
5.11405e-10	-0.072819
5.11451e-10	-0.0729027
5.11498e-10	-0.0729865
5.11544e-10	-0.0730702
5.1159e-10	-0.0731541
5.11637e-10	-0.0732379
5.11683e-10	-0.0733218
5.1173e-10	-0.0734057
5.11776e-10	-0.0734897
5.11823e-10	-0.0735737
5.11869e-10	-0.0736578
5.11915e-10	-0.0737419
5.11962e-10	-0.073826
5.12008e-10	-0.0739102
5.12055e-10	-0.0739944
5.12101e-10	-0.0740786
5.12147e-10	-0.0741629
5.12194e-10	-0.0742472
5.1224e-10	-0.0743316
5.12287e-10	-0.074416
5.12333e-10	-0.0745004
5.1238e-10	-0.0745849
5.12426e-10	-0.0746694
5.12472e-10	-0.074754
5.12519e-10	-0.0748386
5.12565e-10	-0.0749232
5.12612e-10	-0.0750079
5.12658e-10	-0.0750926
5.12704e-10	-0.0751773
5.12751e-10	-0.0752621
5.12797e-10	-0.0753469
5.12844e-10	-0.0754318
5.1289e-10	-0.0755167
5.12937e-10	-0.0756017
5.12983e-10	-0.0756866
5.13029e-10	-0.0757717
5.13076e-10	-0.0758567
5.13122e-10	-0.0759418
5.13169e-10	-0.076027
5.13215e-10	-0.0761121
5.13261e-10	-0.0761973
5.13308e-10	-0.0762826
5.13354e-10	-0.0763679
5.13401e-10	-0.0764532
5.13447e-10	-0.0765386
5.13494e-10	-0.076624
5.1354e-10	-0.0767094
5.13586e-10	-0.0767949
5.13633e-10	-0.0768805
5.13679e-10	-0.076966
5.13726e-10	-0.0770516
5.13772e-10	-0.0771373
5.13818e-10	-0.0772229
5.13865e-10	-0.0773087
5.13911e-10	-0.0773944
5.13958e-10	-0.0774802
5.14004e-10	-0.077566
5.14051e-10	-0.0776519
5.14097e-10	-0.0777378
5.14143e-10	-0.0778238
5.1419e-10	-0.0779098
5.14236e-10	-0.0779958
5.14283e-10	-0.0780818
5.14329e-10	-0.0781679
5.14375e-10	-0.0782541
5.14422e-10	-0.0783403
5.14468e-10	-0.0784265
5.14515e-10	-0.0785127
5.14561e-10	-0.078599
5.14608e-10	-0.0786854
5.14654e-10	-0.0787717
5.147e-10	-0.0788582
5.14747e-10	-0.0789446
5.14793e-10	-0.0790311
5.1484e-10	-0.0791176
5.14886e-10	-0.0792042
5.14932e-10	-0.0792908
5.14979e-10	-0.0793774
5.15025e-10	-0.0794641
5.15072e-10	-0.0795508
5.15118e-10	-0.0796376
5.15165e-10	-0.0797244
5.15211e-10	-0.0798112
5.15257e-10	-0.0798981
5.15304e-10	-0.079985
5.1535e-10	-0.0800719
5.15397e-10	-0.0801589
5.15443e-10	-0.0802459
5.15489e-10	-0.080333
5.15536e-10	-0.0804201
5.15582e-10	-0.0805072
5.15629e-10	-0.0805944
5.15675e-10	-0.0806816
5.15722e-10	-0.0807689
5.15768e-10	-0.0808562
5.15814e-10	-0.0809435
5.15861e-10	-0.0810309
5.15907e-10	-0.0811183
5.15954e-10	-0.0812057
5.16e-10	-0.0812932
5.16046e-10	-0.0813807
5.16093e-10	-0.0814683
5.16139e-10	-0.0815559
5.16186e-10	-0.0816435
5.16232e-10	-0.0817312
5.16279e-10	-0.0818189
5.16325e-10	-0.0819067
5.16371e-10	-0.0819945
5.16418e-10	-0.0820823
5.16464e-10	-0.0821702
5.16511e-10	-0.0822581
5.16557e-10	-0.082346
5.16604e-10	-0.082434
5.1665e-10	-0.082522
5.16696e-10	-0.08261
5.16743e-10	-0.0826981
5.16789e-10	-0.0827863
5.16836e-10	-0.0828744
5.16882e-10	-0.0829627
5.16928e-10	-0.0830509
5.16975e-10	-0.0831392
5.17021e-10	-0.0832275
5.17068e-10	-0.0833159
5.17114e-10	-0.0834043
5.17161e-10	-0.0834927
5.17207e-10	-0.0835812
5.17253e-10	-0.0836697
5.173e-10	-0.0837582
5.17346e-10	-0.0838468
5.17393e-10	-0.0839355
5.17439e-10	-0.0840241
5.17485e-10	-0.0841128
5.17532e-10	-0.0842016
5.17578e-10	-0.0842903
5.17625e-10	-0.0843792
5.17671e-10	-0.084468
5.17718e-10	-0.0845569
5.17764e-10	-0.0846458
5.1781e-10	-0.0847348
5.17857e-10	-0.0848238
5.17903e-10	-0.0849129
5.1795e-10	-0.0850019
5.17996e-10	-0.085091
5.18042e-10	-0.0851802
5.18089e-10	-0.0852694
5.18135e-10	-0.0853586
5.18182e-10	-0.0854479
5.18228e-10	-0.0855372
5.18275e-10	-0.0856266
5.18321e-10	-0.0857159
5.18367e-10	-0.0858054
5.18414e-10	-0.0858948
5.1846e-10	-0.0859843
5.18507e-10	-0.0860739
5.18553e-10	-0.0861634
5.18599e-10	-0.086253
5.18646e-10	-0.0863427
5.18692e-10	-0.0864324
5.18739e-10	-0.0865221
5.18785e-10	-0.0866119
5.18832e-10	-0.0867017
5.18878e-10	-0.0867915
5.18924e-10	-0.0868814
5.18971e-10	-0.0869713
5.19017e-10	-0.0870612
5.19064e-10	-0.0871512
5.1911e-10	-0.0872412
5.19156e-10	-0.0873313
5.19203e-10	-0.0874214
5.19249e-10	-0.0875115
5.19296e-10	-0.0876017
5.19342e-10	-0.0876919
5.19389e-10	-0.0877822
5.19435e-10	-0.0878725
5.19481e-10	-0.0879628
5.19528e-10	-0.0880531
5.19574e-10	-0.0881435
5.19621e-10	-0.088234
5.19667e-10	-0.0883244
5.19713e-10	-0.088415
5.1976e-10	-0.0885055
5.19806e-10	-0.0885961
5.19853e-10	-0.0886867
5.19899e-10	-0.0887774
5.19946e-10	-0.0888681
5.19992e-10	-0.0889588
5.20038e-10	-0.0890496
5.20085e-10	-0.0891404
5.20131e-10	-0.0892313
5.20178e-10	-0.0893221
5.20224e-10	-0.0894131
5.2027e-10	-0.089504
5.20317e-10	-0.089595
5.20363e-10	-0.0896861
5.2041e-10	-0.0897771
5.20456e-10	-0.0898682
5.20503e-10	-0.0899594
5.20549e-10	-0.0900506
5.20595e-10	-0.0901418
5.20642e-10	-0.0902331
5.20688e-10	-0.0903244
5.20735e-10	-0.0904157
5.20781e-10	-0.0905071
5.20827e-10	-0.0905985
5.20874e-10	-0.0906899
5.2092e-10	-0.0907814
5.20967e-10	-0.0908729
5.21013e-10	-0.0909645
5.2106e-10	-0.0910561
5.21106e-10	-0.0911477
5.21152e-10	-0.0912394
5.21199e-10	-0.0913311
5.21245e-10	-0.0914228
5.21292e-10	-0.0915146
5.21338e-10	-0.0916064
5.21385e-10	-0.0916983
5.21431e-10	-0.0917902
5.21477e-10	-0.0918821
5.21524e-10	-0.091974
5.2157e-10	-0.0920661
5.21617e-10	-0.0921581
5.21663e-10	-0.0922502
5.21709e-10	-0.0923423
5.21756e-10	-0.0924344
5.21802e-10	-0.0925266
5.21849e-10	-0.0926188
5.21895e-10	-0.0927111
5.21942e-10	-0.0928034
5.21988e-10	-0.0928957
5.22034e-10	-0.0929881
5.22081e-10	-0.0930805
5.22127e-10	-0.093173
5.22174e-10	-0.0932655
5.2222e-10	-0.093358
5.22266e-10	-0.0934505
5.22313e-10	-0.0935431
5.22359e-10	-0.0936357
5.22406e-10	-0.0937284
5.22452e-10	-0.0938211
5.22499e-10	-0.0939139
5.22545e-10	-0.0940066
5.22591e-10	-0.0940994
5.22638e-10	-0.0941923
5.22684e-10	-0.0942852
5.22731e-10	-0.0943781
5.22777e-10	-0.0944711
5.22823e-10	-0.0945641
5.2287e-10	-0.0946571
5.22916e-10	-0.0947502
5.22963e-10	-0.0948433
5.23009e-10	-0.0949364
5.23056e-10	-0.0950296
5.23102e-10	-0.0951228
5.23148e-10	-0.0952161
5.23195e-10	-0.0953094
5.23241e-10	-0.0954027
5.23288e-10	-0.0954961
5.23334e-10	-0.0955895
5.2338e-10	-0.0956829
5.23427e-10	-0.0957764
5.23473e-10	-0.0958699
5.2352e-10	-0.0959634
5.23566e-10	-0.096057
5.23613e-10	-0.0961506
5.23659e-10	-0.0962443
5.23705e-10	-0.096338
5.23752e-10	-0.0964317
5.23798e-10	-0.0965255
5.23845e-10	-0.0966193
5.23891e-10	-0.0967131
5.23937e-10	-0.096807
5.23984e-10	-0.0969009
5.2403e-10	-0.0969949
5.24077e-10	-0.0970889
5.24123e-10	-0.0971829
5.2417e-10	-0.0972769
5.24216e-10	-0.097371
5.24262e-10	-0.0974652
5.24309e-10	-0.0975593
5.24355e-10	-0.0976535
5.24402e-10	-0.0977478
5.24448e-10	-0.097842
5.24494e-10	-0.0979363
5.24541e-10	-0.0980307
5.24587e-10	-0.0981251
5.24634e-10	-0.0982195
5.2468e-10	-0.098314
5.24727e-10	-0.0984085
5.24773e-10	-0.098503
5.24819e-10	-0.0985975
5.24866e-10	-0.0986921
5.24912e-10	-0.0987868
5.24959e-10	-0.0988815
5.25005e-10	-0.0989762
5.25051e-10	-0.0990709
5.25098e-10	-0.0991657
5.25144e-10	-0.0992605
5.25191e-10	-0.0993554
5.25237e-10	-0.0994503
5.25284e-10	-0.0995452
5.2533e-10	-0.0996401
5.25376e-10	-0.0997351
5.25423e-10	-0.0998302
5.25469e-10	-0.0999252
5.25516e-10	-0.10002
5.25562e-10	-0.100116
5.25608e-10	-0.100211
5.25655e-10	-0.100306
5.25701e-10	-0.100401
5.25748e-10	-0.100496
5.25794e-10	-0.100592
5.25841e-10	-0.100687
5.25887e-10	-0.100782
5.25933e-10	-0.100878
5.2598e-10	-0.100973
5.26026e-10	-0.101069
5.26073e-10	-0.101164
5.26119e-10	-0.10126
5.26166e-10	-0.101356
5.26212e-10	-0.101451
5.26258e-10	-0.101547
5.26305e-10	-0.101643
5.26351e-10	-0.101738
5.26398e-10	-0.101834
5.26444e-10	-0.10193
5.2649e-10	-0.102026
5.26537e-10	-0.102122
5.26583e-10	-0.102218
5.2663e-10	-0.102314
5.26676e-10	-0.10241
5.26723e-10	-0.102506
5.26769e-10	-0.102602
5.26815e-10	-0.102698
5.26862e-10	-0.102794
5.26908e-10	-0.10289
5.26955e-10	-0.102986
5.27001e-10	-0.103083
5.27047e-10	-0.103179
5.27094e-10	-0.103275
5.2714e-10	-0.103372
5.27187e-10	-0.103468
5.27233e-10	-0.103564
5.2728e-10	-0.103661
5.27326e-10	-0.103757
5.27372e-10	-0.103854
5.27419e-10	-0.103951
5.27465e-10	-0.104047
5.27512e-10	-0.104144
5.27558e-10	-0.10424
5.27604e-10	-0.104337
5.27651e-10	-0.104434
5.27697e-10	-0.104531
5.27744e-10	-0.104628
5.2779e-10	-0.104724
5.27837e-10	-0.104821
5.27883e-10	-0.104918
5.27929e-10	-0.105015
5.27976e-10	-0.105112
5.28022e-10	-0.105209
5.28069e-10	-0.105306
5.28115e-10	-0.105403
5.28161e-10	-0.1055
5.28208e-10	-0.105598
5.28254e-10	-0.105695
5.28301e-10	-0.105792
5.28347e-10	-0.105889
5.28394e-10	-0.105987
5.2844e-10	-0.106084
5.28486e-10	-0.106181
5.28533e-10	-0.106279
5.28579e-10	-0.106376
5.28626e-10	-0.106474
5.28672e-10	-0.106571
5.28718e-10	-0.106669
5.28765e-10	-0.106766
5.28811e-10	-0.106864
5.28858e-10	-0.106962
5.28904e-10	-0.107059
5.28951e-10	-0.107157
5.28997e-10	-0.107255
5.29043e-10	-0.107353
5.2909e-10	-0.107451
5.29136e-10	-0.107548
5.29183e-10	-0.107646
5.29229e-10	-0.107744
5.29275e-10	-0.107842
5.29322e-10	-0.10794
5.29368e-10	-0.108038
5.29415e-10	-0.108136
5.29461e-10	-0.108234
5.29508e-10	-0.108333
5.29554e-10	-0.108431
5.296e-10	-0.108529
5.29647e-10	-0.108627
5.29693e-10	-0.108726
5.2974e-10	-0.108824
5.29786e-10	-0.108922
5.29832e-10	-0.109021
5.29879e-10	-0.109119
5.29925e-10	-0.109218
5.29972e-10	-0.109316
5.30018e-10	-0.109415
5.30065e-10	-0.109513
5.30111e-10	-0.109612
5.30157e-10	-0.10971
5.30204e-10	-0.109809
5.3025e-10	-0.109908
5.30297e-10	-0.110006
5.30343e-10	-0.110105
5.30389e-10	-0.110204
5.30436e-10	-0.110303
5.30482e-10	-0.110402
5.30529e-10	-0.110501
5.30575e-10	-0.1106
5.30622e-10	-0.110699
5.30668e-10	-0.110798
5.30714e-10	-0.110897
5.30761e-10	-0.110996
5.30807e-10	-0.111095
5.30854e-10	-0.111194
5.309e-10	-0.111293
5.30947e-10	-0.111392
5.30993e-10	-0.111492
5.31039e-10	-0.111591
5.31086e-10	-0.11169
5.31132e-10	-0.11179
5.31179e-10	-0.111889
5.31225e-10	-0.111988
5.31271e-10	-0.112088
5.31318e-10	-0.112187
5.31364e-10	-0.112287
5.31411e-10	-0.112386
5.31457e-10	-0.112486
5.31504e-10	-0.112586
5.3155e-10	-0.112685
5.31596e-10	-0.112785
5.31643e-10	-0.112885
5.31689e-10	-0.112984
5.31736e-10	-0.113084
5.31782e-10	-0.113184
5.31828e-10	-0.113284
5.31875e-10	-0.113384
5.31921e-10	-0.113484
5.31968e-10	-0.113584
5.32014e-10	-0.113684
5.32061e-10	-0.113784
5.32107e-10	-0.113884
5.32153e-10	-0.113984
5.322e-10	-0.114084
5.32246e-10	-0.114184
5.32293e-10	-0.114285
5.32339e-10	-0.114385
5.32385e-10	-0.114485
5.32432e-10	-0.114585
5.32478e-10	-0.114686
5.32525e-10	-0.114786
5.32571e-10	-0.114886
5.32618e-10	-0.114987
5.32664e-10	-0.115087
5.3271e-10	-0.115188
5.32757e-10	-0.115288
5.32803e-10	-0.115389
5.3285e-10	-0.11549
5.32896e-10	-0.11559
5.32942e-10	-0.115691
5.32989e-10	-0.115792
5.33035e-10	-0.115892
5.33082e-10	-0.115993
5.33128e-10	-0.116094
5.33175e-10	-0.116195
5.33221e-10	-0.116296
5.33267e-10	-0.116397
5.33314e-10	-0.116497
5.3336e-10	-0.116598
5.33407e-10	-0.116699
5.33453e-10	-0.116801
5.33499e-10	-0.116902
5.33546e-10	-0.117003
5.33592e-10	-0.117104
5.33639e-10	-0.117205
5.33685e-10	-0.117306
5.33732e-10	-0.117407
5.33778e-10	-0.117509
5.33824e-10	-0.11761
5.33871e-10	-0.117711
5.33917e-10	-0.117813
5.33964e-10	-0.117914
5.3401e-10	-0.118016
5.34056e-10	-0.118117
5.34103e-10	-0.118219
5.34149e-10	-0.11832
5.34196e-10	-0.118422
5.34242e-10	-0.118523
5.34289e-10	-0.118625
5.34335e-10	-0.118727
5.34381e-10	-0.118828
5.34428e-10	-0.11893
5.34474e-10	-0.119032
5.34521e-10	-0.119134
5.34567e-10	-0.119235
5.34613e-10	-0.119337
5.3466e-10	-0.119439
5.34706e-10	-0.119541
5.34753e-10	-0.119643
5.34799e-10	-0.119745
5.34846e-10	-0.119847
5.34892e-10	-0.119949
5.34938e-10	-0.120051
5.34985e-10	-0.120154
5.35031e-10	-0.120256
5.35078e-10	-0.120358
5.35124e-10	-0.12046
5.35171e-10	-0.120562
5.35217e-10	-0.120665
5.35263e-10	-0.120767
5.3531e-10	-0.120869
5.35356e-10	-0.120972
5.35403e-10	-0.121074
5.35449e-10	-0.121177
5.35495e-10	-0.121279
5.35542e-10	-0.121382
5.35588e-10	-0.121484
5.35635e-10	-0.121587
5.35681e-10	-0.121689
5.35728e-10	-0.121792
5.35774e-10	-0.121895
5.3582e-10	-0.121997
5.35867e-10	-0.1221
5.35913e-10	-0.122203
5.3596e-10	-0.122306
5.36006e-10	-0.122409
5.36052e-10	-0.122512
5.36099e-10	-0.122614
5.36145e-10	-0.122717
5.36192e-10	-0.12282
5.36238e-10	-0.122923
5.36285e-10	-0.123026
5.36331e-10	-0.123129
5.36377e-10	-0.123233
5.36424e-10	-0.123336
5.3647e-10	-0.123439
5.36517e-10	-0.123542
5.36563e-10	-0.123645
5.36609e-10	-0.123749
5.36656e-10	-0.123852
5.36702e-10	-0.123955
5.36749e-10	-0.124059
5.36795e-10	-0.124162
5.36842e-10	-0.124265
5.36888e-10	-0.124369
5.36934e-10	-0.124472
5.36981e-10	-0.124576
5.37027e-10	-0.124679
5.37074e-10	-0.124783
5.3712e-10	-0.124887
5.37166e-10	-0.12499
5.37213e-10	-0.125094
5.37259e-10	-0.125198
5.37306e-10	-0.125301
5.37352e-10	-0.125405
5.37399e-10	-0.125509
5.37445e-10	-0.125613
5.37491e-10	-0.125717
5.37538e-10	-0.125821
5.37584e-10	-0.125925
5.37631e-10	-0.126029
5.37677e-10	-0.126133
5.37723e-10	-0.126237
5.3777e-10	-0.126341
5.37816e-10	-0.126445
5.37863e-10	-0.126549
5.37909e-10	-0.126653
5.37956e-10	-0.126757
5.38002e-10	-0.126861
5.38048e-10	-0.126966
5.38095e-10	-0.12707
5.38141e-10	-0.127174
5.38188e-10	-0.127279
5.38234e-10	-0.127383
5.3828e-10	-0.127487
5.38327e-10	-0.127592
5.38373e-10	-0.127696
5.3842e-10	-0.127801
5.38466e-10	-0.127905
5.38513e-10	-0.12801
5.38559e-10	-0.128114
5.38605e-10	-0.128219
5.38652e-10	-0.128324
5.38698e-10	-0.128428
5.38745e-10	-0.128533
5.38791e-10	-0.128638
5.38837e-10	-0.128743
5.38884e-10	-0.128847
5.3893e-10	-0.128952
5.38977e-10	-0.129057
5.39023e-10	-0.129162
5.3907e-10	-0.129267
5.39116e-10	-0.129372
5.39162e-10	-0.129477
5.39209e-10	-0.129582
5.39255e-10	-0.129687
5.39302e-10	-0.129792
5.39348e-10	-0.129897
5.39394e-10	-0.130002
5.39441e-10	-0.130108
5.39487e-10	-0.130213
5.39534e-10	-0.130318
5.3958e-10	-0.130423
5.39627e-10	-0.130529
5.39673e-10	-0.130634
5.39719e-10	-0.130739
5.39766e-10	-0.130845
5.39812e-10	-0.13095
5.39859e-10	-0.131056
5.39905e-10	-0.131161
5.39952e-10	-0.131267
5.39998e-10	-0.131372
5.40044e-10	-0.131478
5.40091e-10	-0.131583
5.40137e-10	-0.131689
5.40184e-10	-0.131795
5.4023e-10	-0.1319
5.40276e-10	-0.132006
5.40323e-10	-0.132112
5.40369e-10	-0.132218
5.40416e-10	-0.132324
5.40462e-10	-0.132429
5.40509e-10	-0.132535
5.40555e-10	-0.132641
5.40601e-10	-0.132747
5.40648e-10	-0.132853
5.40694e-10	-0.132959
5.40741e-10	-0.133065
5.40787e-10	-0.133171
5.40833e-10	-0.133277
5.4088e-10	-0.133384
5.40926e-10	-0.13349
5.40973e-10	-0.133596
5.41019e-10	-0.133702
5.41066e-10	-0.133808
5.41112e-10	-0.133915
5.41158e-10	-0.134021
5.41205e-10	-0.134127
5.41251e-10	-0.134234
5.41298e-10	-0.13434
5.41344e-10	-0.134446
5.4139e-10	-0.134553
5.41437e-10	-0.134659
5.41483e-10	-0.134766
5.4153e-10	-0.134873
5.41576e-10	-0.134979
5.41623e-10	-0.135086
5.41669e-10	-0.135192
5.41715e-10	-0.135299
5.41762e-10	-0.135406
5.41808e-10	-0.135512
5.41855e-10	-0.135619
5.41901e-10	-0.135726
5.41947e-10	-0.135833
5.41994e-10	-0.13594
5.4204e-10	-0.136047
5.42087e-10	-0.136153
5.42133e-10	-0.13626
5.4218e-10	-0.136367
5.42226e-10	-0.136474
5.42272e-10	-0.136581
5.42319e-10	-0.136688
5.42365e-10	-0.136795
5.42412e-10	-0.136903
5.42458e-10	-0.13701
5.42504e-10	-0.137117
5.42551e-10	-0.137224
5.42597e-10	-0.137331
5.42644e-10	-0.137439
5.4269e-10	-0.137546
5.42737e-10	-0.137653
5.42783e-10	-0.137761
5.42829e-10	-0.137868
5.42876e-10	-0.137975
5.42922e-10	-0.138083
5.42969e-10	-0.13819
5.43015e-10	-0.138298
5.43061e-10	-0.138405
5.43108e-10	-0.138513
5.43154e-10	-0.13862
5.43201e-10	-0.138728
5.43247e-10	-0.138836
5.43294e-10	-0.138943
5.4334e-10	-0.139051
5.43386e-10	-0.139159
5.43433e-10	-0.139266
5.43479e-10	-0.139374
5.43526e-10	-0.139482
5.43572e-10	-0.13959
5.43618e-10	-0.139698
5.43665e-10	-0.139806
5.43711e-10	-0.139914
5.43758e-10	-0.140022
5.43804e-10	-0.14013
5.43851e-10	-0.140238
5.43897e-10	-0.140346
5.43943e-10	-0.140454
5.4399e-10	-0.140562
5.44036e-10	-0.14067
5.44083e-10	-0.140778
5.44129e-10	-0.140886
5.44175e-10	-0.140994
5.44222e-10	-0.141103
5.44268e-10	-0.141211
5.44315e-10	-0.141319
5.44361e-10	-0.141428
5.44408e-10	-0.141536
5.44454e-10	-0.141644
5.445e-10	-0.141753
5.44547e-10	-0.141861
5.44593e-10	-0.14197
5.4464e-10	-0.142078
5.44686e-10	-0.142187
5.44733e-10	-0.142295
5.44779e-10	-0.142404
5.44825e-10	-0.142512
5.44872e-10	-0.142621
5.44918e-10	-0.14273
5.44965e-10	-0.142838
5.45011e-10	-0.142947
5.45057e-10	-0.143056
5.45104e-10	-0.143165
5.4515e-10	-0.143273
5.45197e-10	-0.143382
5.45243e-10	-0.143491
5.4529e-10	-0.1436
5.45336e-10	-0.143709
5.45382e-10	-0.143818
5.45429e-10	-0.143927
5.45475e-10	-0.144036
5.45522e-10	-0.144145
5.45568e-10	-0.144254
5.45614e-10	-0.144363
5.45661e-10	-0.144472
5.45707e-10	-0.144581
5.45754e-10	-0.14469
5.458e-10	-0.1448
5.45847e-10	-0.144909
5.45893e-10	-0.145018
5.45939e-10	-0.145127
5.45986e-10	-0.145237
5.46032e-10	-0.145346
5.46079e-10	-0.145455
5.46125e-10	-0.145565
5.46171e-10	-0.145674
5.46218e-10	-0.145784
5.46264e-10	-0.145893
5.46311e-10	-0.146003
5.46357e-10	-0.146112
5.46404e-10	-0.146222
5.4645e-10	-0.146331
5.46496e-10	-0.146441
5.46543e-10	-0.146551
5.46589e-10	-0.14666
5.46636e-10	-0.14677
5.46682e-10	-0.14688
5.46728e-10	-0.146989
5.46775e-10	-0.147099
5.46821e-10	-0.147209
5.46868e-10	-0.147319
5.46914e-10	-0.147429
5.46961e-10	-0.147538
5.47007e-10	-0.147648
5.47053e-10	-0.147758
5.471e-10	-0.147868
5.47146e-10	-0.147978
5.47193e-10	-0.148088
5.47239e-10	-0.148198
5.47285e-10	-0.148308
5.47332e-10	-0.148418
5.47378e-10	-0.148529
5.47425e-10	-0.148639
5.47471e-10	-0.148749
5.47518e-10	-0.148859
5.47564e-10	-0.148969
5.4761e-10	-0.14908
5.47657e-10	-0.14919
5.47703e-10	-0.1493
5.4775e-10	-0.149411
5.47796e-10	-0.149521
5.47842e-10	-0.149631
5.47889e-10	-0.149742
5.47935e-10	-0.149852
5.47982e-10	-0.149963
5.48028e-10	-0.150073
5.48075e-10	-0.150184
5.48121e-10	-0.150294
5.48167e-10	-0.150405
5.48214e-10	-0.150515
5.4826e-10	-0.150626
5.48307e-10	-0.150737
5.48353e-10	-0.150847
5.48399e-10	-0.150958
5.48446e-10	-0.151069
5.48492e-10	-0.15118
5.48539e-10	-0.15129
5.48585e-10	-0.151401
5.48632e-10	-0.151512
5.48678e-10	-0.151623
5.48724e-10	-0.151734
5.48771e-10	-0.151845
5.48817e-10	-0.151956
5.48864e-10	-0.152067
5.4891e-10	-0.152178
5.48956e-10	-0.152289
5.49003e-10	-0.1524
5.49049e-10	-0.152511
5.49096e-10	-0.152622
5.49142e-10	-0.152733
5.49189e-10	-0.152844
5.49235e-10	-0.152955
5.49281e-10	-0.153066
5.49328e-10	-0.153178
5.49374e-10	-0.153289
5.49421e-10	-0.1534
5.49467e-10	-0.153511
5.49514e-10	-0.153623
5.4956e-10	-0.153734
5.49606e-10	-0.153846
5.49653e-10	-0.153957
5.49699e-10	-0.154068
5.49746e-10	-0.15418
5.49792e-10	-0.154291
5.49838e-10	-0.154403
5.49885e-10	-0.154514
5.49931e-10	-0.154626
5.49978e-10	-0.154737
5.50024e-10	-0.154849
5.50071e-10	-0.154961
5.50117e-10	-0.155072
5.50163e-10	-0.155184
5.5021e-10	-0.155296
5.50256e-10	-0.155408
5.50303e-10	-0.155519
5.50349e-10	-0.155631
5.50395e-10	-0.155743
5.50442e-10	-0.155855
5.50488e-10	-0.155967
5.50535e-10	-0.156078
5.50581e-10	-0.15619
5.50628e-10	-0.156302
5.50674e-10	-0.156414
5.5072e-10	-0.156526
5.50767e-10	-0.156638
5.50813e-10	-0.15675
5.5086e-10	-0.156862
5.50906e-10	-0.156974
5.50952e-10	-0.157087
5.50999e-10	-0.157199
5.51045e-10	-0.157311
5.51092e-10	-0.157423
5.51138e-10	-0.157535
5.51185e-10	-0.157647
5.51231e-10	-0.15776
5.51277e-10	-0.157872
5.51324e-10	-0.157984
5.5137e-10	-0.158097
5.51417e-10	-0.158209
5.51463e-10	-0.158321
5.51509e-10	-0.158434
5.51556e-10	-0.158546
5.51602e-10	-0.158659
5.51649e-10	-0.158771
5.51695e-10	-0.158884
5.51742e-10	-0.158996
5.51788e-10	-0.159109
5.51834e-10	-0.159221
5.51881e-10	-0.159334
5.51927e-10	-0.159446
5.51974e-10	-0.159559
5.5202e-10	-0.159672
5.52066e-10	-0.159785
5.52113e-10	-0.159897
5.52159e-10	-0.16001
5.52206e-10	-0.160123
5.52252e-10	-0.160236
5.52299e-10	-0.160348
5.52345e-10	-0.160461
5.52391e-10	-0.160574
5.52438e-10	-0.160687
5.52484e-10	-0.1608
5.52531e-10	-0.160913
5.52577e-10	-0.161026
5.52623e-10	-0.161139
5.5267e-10	-0.161252
5.52716e-10	-0.161365
5.52763e-10	-0.161478
5.52809e-10	-0.161591
5.52856e-10	-0.161704
5.52902e-10	-0.161817
5.52948e-10	-0.16193
5.52995e-10	-0.162043
5.53041e-10	-0.162157
5.53088e-10	-0.16227
5.53134e-10	-0.162383
5.5318e-10	-0.162496
5.53227e-10	-0.16261
5.53273e-10	-0.162723
5.5332e-10	-0.162836
5.53366e-10	-0.16295
5.53413e-10	-0.163063
5.53459e-10	-0.163176
5.53505e-10	-0.16329
5.53552e-10	-0.163403
5.53598e-10	-0.163517
5.53645e-10	-0.16363
5.53691e-10	-0.163744
5.53737e-10	-0.163857
5.53784e-10	-0.163971
5.5383e-10	-0.164084
5.53877e-10	-0.164198
5.53923e-10	-0.164312
5.5397e-10	-0.164425
5.54016e-10	-0.164539
5.54062e-10	-0.164653
5.54109e-10	-0.164766
5.54155e-10	-0.16488
5.54202e-10	-0.164994
5.54248e-10	-0.165108
5.54295e-10	-0.165222
5.54341e-10	-0.165335
5.54387e-10	-0.165449
5.54434e-10	-0.165563
5.5448e-10	-0.165677
5.54527e-10	-0.165791
5.54573e-10	-0.165905
5.54619e-10	-0.166019
5.54666e-10	-0.166133
5.54712e-10	-0.166247
5.54759e-10	-0.166361
5.54805e-10	-0.166475
5.54852e-10	-0.166589
5.54898e-10	-0.166703
5.54944e-10	-0.166817
5.54991e-10	-0.166932
5.55037e-10	-0.167046
5.55084e-10	-0.16716
5.5513e-10	-0.167274
5.55176e-10	-0.167388
5.55223e-10	-0.167503
5.55269e-10	-0.167617
5.55316e-10	-0.167731
5.55362e-10	-0.167846
5.55409e-10	-0.16796
5.55455e-10	-0.168074
5.55501e-10	-0.168189
5.55548e-10	-0.168303
5.55594e-10	-0.168418
5.55641e-10	-0.168532
5.55687e-10	-0.168647
5.55733e-10	-0.168761
5.5578e-10	-0.168876
5.55826e-10	-0.16899
5.55873e-10	-0.169105
5.55919e-10	-0.169219
5.55966e-10	-0.169334
5.56012e-10	-0.169449
5.56058e-10	-0.169563
5.56105e-10	-0.169678
5.56151e-10	-0.169793
5.56198e-10	-0.169907
5.56244e-10	-0.170022
5.5629e-10	-0.170137
5.56337e-10	-0.170252
5.56383e-10	-0.170366
5.5643e-10	-0.170481
5.56476e-10	-0.170596
5.56523e-10	-0.170711
5.56569e-10	-0.170826
5.56615e-10	-0.170941
5.56662e-10	-0.171056
5.56708e-10	-0.171171
5.56755e-10	-0.171286
5.56801e-10	-0.171401
5.56847e-10	-0.171516
5.56894e-10	-0.171631
5.5694e-10	-0.171746
5.56987e-10	-0.171861
5.57033e-10	-0.171976
5.5708e-10	-0.172091
5.57126e-10	-0.172206
5.57172e-10	-0.172321
5.57219e-10	-0.172436
5.57265e-10	-0.172552
5.57312e-10	-0.172667
5.57358e-10	-0.172782
5.57404e-10	-0.172897
5.57451e-10	-0.173013
5.57497e-10	-0.173128
5.57544e-10	-0.173243
5.5759e-10	-0.173359
5.57637e-10	-0.173474
5.57683e-10	-0.173589
5.57729e-10	-0.173705
5.57776e-10	-0.17382
5.57822e-10	-0.173936
5.57869e-10	-0.174051
5.57915e-10	-0.174167
5.57961e-10	-0.174282
5.58008e-10	-0.174398
5.58054e-10	-0.174513
5.58101e-10	-0.174629
5.58147e-10	-0.174744
5.58194e-10	-0.17486
5.5824e-10	-0.174976
5.58286e-10	-0.175091
5.58333e-10	-0.175207
5.58379e-10	-0.175323
5.58426e-10	-0.175438
5.58472e-10	-0.175554
5.58519e-10	-0.17567
5.58565e-10	-0.175786
5.58611e-10	-0.175902
5.58658e-10	-0.176017
5.58704e-10	-0.176133
5.58751e-10	-0.176249
5.58797e-10	-0.176365
5.58843e-10	-0.176481
5.5889e-10	-0.176597
5.58936e-10	-0.176713
5.58983e-10	-0.176829
5.59029e-10	-0.176945
5.59076e-10	-0.177061
5.59122e-10	-0.177177
5.59168e-10	-0.177293
5.59215e-10	-0.177409
5.59261e-10	-0.177525
5.59308e-10	-0.177641
5.59354e-10	-0.177757
5.594e-10	-0.177873
5.59447e-10	-0.177989
5.59493e-10	-0.178105
5.5954e-10	-0.178221
5.59586e-10	-0.178338
5.59633e-10	-0.178454
5.59679e-10	-0.17857
5.59725e-10	-0.178686
5.59772e-10	-0.178803
5.59818e-10	-0.178919
5.59865e-10	-0.179035
5.59911e-10	-0.179152
5.59957e-10	-0.179268
5.60004e-10	-0.179384
5.6005e-10	-0.179501
5.60097e-10	-0.179617
5.60143e-10	-0.179734
5.6019e-10	-0.17985
5.60236e-10	-0.179966
5.60282e-10	-0.180083
5.60329e-10	-0.180199
5.60375e-10	-0.180316
5.60422e-10	-0.180433
5.60468e-10	-0.180549
5.60514e-10	-0.180666
5.60561e-10	-0.180782
5.60607e-10	-0.180899
5.60654e-10	-0.181015
5.607e-10	-0.181132
5.60747e-10	-0.181249
5.60793e-10	-0.181366
5.60839e-10	-0.181482
5.60886e-10	-0.181599
5.60932e-10	-0.181716
5.60979e-10	-0.181832
5.61025e-10	-0.181949
5.61071e-10	-0.182066
5.61118e-10	-0.182183
5.61164e-10	-0.1823
5.61211e-10	-0.182416
5.61257e-10	-0.182533
5.61304e-10	-0.18265
5.6135e-10	-0.182767
5.61396e-10	-0.182884
5.61443e-10	-0.183001
5.61489e-10	-0.183118
5.61536e-10	-0.183235
5.61582e-10	-0.183352
5.61628e-10	-0.183469
5.61675e-10	-0.183586
5.61721e-10	-0.183703
5.61768e-10	-0.18382
5.61814e-10	-0.183937
5.61861e-10	-0.184054
5.61907e-10	-0.184171
5.61953e-10	-0.184288
5.62e-10	-0.184406
5.62046e-10	-0.184523
5.62093e-10	-0.18464
5.62139e-10	-0.184757
5.62185e-10	-0.184874
5.62232e-10	-0.184992
5.62278e-10	-0.185109
5.62325e-10	-0.185226
5.62371e-10	-0.185343
5.62418e-10	-0.185461
5.62464e-10	-0.185578
5.6251e-10	-0.185695
5.62557e-10	-0.185813
5.62603e-10	-0.18593
5.6265e-10	-0.186047
5.62696e-10	-0.186165
5.62742e-10	-0.186282
5.62789e-10	-0.1864
5.62835e-10	-0.186517
5.62882e-10	-0.186635
5.62928e-10	-0.186752
5.62975e-10	-0.18687
5.63021e-10	-0.186987
5.63067e-10	-0.187105
5.63114e-10	-0.187222
5.6316e-10	-0.18734
5.63207e-10	-0.187457
5.63253e-10	-0.187575
5.633e-10	-0.187693
5.63346e-10	-0.18781
5.63392e-10	-0.187928
5.63439e-10	-0.188046
5.63485e-10	-0.188163
5.63532e-10	-0.188281
5.63578e-10	-0.188399
5.63624e-10	-0.188516
5.63671e-10	-0.188634
5.63717e-10	-0.188752
5.63764e-10	-0.18887
5.6381e-10	-0.188988
5.63857e-10	-0.189105
5.63903e-10	-0.189223
5.63949e-10	-0.189341
5.63996e-10	-0.189459
5.64042e-10	-0.189577
5.64089e-10	-0.189695
5.64135e-10	-0.189813
5.64181e-10	-0.189931
5.64228e-10	-0.190048
5.64274e-10	-0.190166
5.64321e-10	-0.190284
5.64367e-10	-0.190402
5.64414e-10	-0.19052
5.6446e-10	-0.190638
5.64506e-10	-0.190756
5.64553e-10	-0.190874
5.64599e-10	-0.190993
5.64646e-10	-0.191111
5.64692e-10	-0.191229
5.64738e-10	-0.191347
5.64785e-10	-0.191465
5.64831e-10	-0.191583
5.64878e-10	-0.191701
5.64924e-10	-0.191819
5.64971e-10	-0.191938
5.65017e-10	-0.192056
5.65063e-10	-0.192174
5.6511e-10	-0.192292
5.65156e-10	-0.192411
5.65203e-10	-0.192529
5.65249e-10	-0.192647
5.65295e-10	-0.192765
5.65342e-10	-0.192884
5.65388e-10	-0.193002
5.65435e-10	-0.19312
5.65481e-10	-0.193239
5.65528e-10	-0.193357
5.65574e-10	-0.193475
5.6562e-10	-0.193594
5.65667e-10	-0.193712
5.65713e-10	-0.193831
5.6576e-10	-0.193949
5.65806e-10	-0.194068
5.65852e-10	-0.194186
5.65899e-10	-0.194304
5.65945e-10	-0.194423
5.65992e-10	-0.194541
5.66038e-10	-0.19466
5.66085e-10	-0.194779
5.66131e-10	-0.194897
5.66177e-10	-0.195016
5.66224e-10	-0.195134
5.6627e-10	-0.195253
5.66317e-10	-0.195371
5.66363e-10	-0.19549
5.66409e-10	-0.195609
5.66456e-10	-0.195727
5.66502e-10	-0.195846
5.66549e-10	-0.195965
5.66595e-10	-0.196083
5.66642e-10	-0.196202
5.66688e-10	-0.196321
5.66734e-10	-0.19644
5.66781e-10	-0.196558
5.66827e-10	-0.196677
5.66874e-10	-0.196796
5.6692e-10	-0.196915
5.66966e-10	-0.197033
5.67013e-10	-0.197152
5.67059e-10	-0.197271
5.67106e-10	-0.19739
5.67152e-10	-0.197509
5.67199e-10	-0.197628
5.67245e-10	-0.197746
5.67291e-10	-0.197865
5.67338e-10	-0.197984
5.67384e-10	-0.198103
5.67431e-10	-0.198222
5.67477e-10	-0.198341
5.67523e-10	-0.19846
5.6757e-10	-0.198579
5.67616e-10	-0.198698
5.67663e-10	-0.198817
5.67709e-10	-0.198936
5.67756e-10	-0.199055
5.67802e-10	-0.199174
5.67848e-10	-0.199293
5.67895e-10	-0.199412
5.67941e-10	-0.199531
5.67988e-10	-0.19965
5.68034e-10	-0.199769
5.68081e-10	-0.199889
5.68127e-10	-0.200008
5.68173e-10	-0.200127
5.6822e-10	-0.200246
5.68266e-10	-0.200365
5.68313e-10	-0.200484
5.68359e-10	-0.200604
5.68405e-10	-0.200723
5.68452e-10	-0.200842
5.68498e-10	-0.200961
5.68545e-10	-0.20108
5.68591e-10	-0.2012
5.68638e-10	-0.201319
5.68684e-10	-0.201438
5.6873e-10	-0.201557
5.68777e-10	-0.201677
5.68823e-10	-0.201796
5.6887e-10	-0.201915
5.68916e-10	-0.202035
5.68962e-10	-0.202154
5.69009e-10	-0.202273
5.69055e-10	-0.202393
5.69102e-10	-0.202512
5.69148e-10	-0.202632
5.69195e-10	-0.202751
5.69241e-10	-0.20287
5.69287e-10	-0.20299
5.69334e-10	-0.203109
5.6938e-10	-0.203229
5.69427e-10	-0.203348
5.69473e-10	-0.203468
5.69519e-10	-0.203587
5.69566e-10	-0.203707
5.69612e-10	-0.203826
5.69659e-10	-0.203946
5.69705e-10	-0.204065
5.69752e-10	-0.204185
5.69798e-10	-0.204304
5.69844e-10	-0.204424
5.69891e-10	-0.204543
5.69937e-10	-0.204663
5.69984e-10	-0.204783
5.7003e-10	-0.204902
5.70076e-10	-0.205022
5.70123e-10	-0.205141
5.70169e-10	-0.205261
5.70216e-10	-0.205381
5.70262e-10	-0.2055
5.70309e-10	-0.20562
5.70355e-10	-0.20574
5.70401e-10	-0.205859
5.70448e-10	-0.205979
5.70494e-10	-0.206099
5.70541e-10	-0.206219
5.70587e-10	-0.206338
5.70633e-10	-0.206458
5.7068e-10	-0.206578
5.70726e-10	-0.206698
5.70773e-10	-0.206817
5.70819e-10	-0.206937
5.70866e-10	-0.207057
5.70912e-10	-0.207177
5.70958e-10	-0.207297
5.71005e-10	-0.207416
5.71051e-10	-0.207536
5.71098e-10	-0.207656
5.71144e-10	-0.207776
5.7119e-10	-0.207896
5.71237e-10	-0.208016
5.71283e-10	-0.208136
5.7133e-10	-0.208256
5.71376e-10	-0.208375
5.71423e-10	-0.208495
5.71469e-10	-0.208615
5.71515e-10	-0.208735
5.71562e-10	-0.208855
5.71608e-10	-0.208975
5.71655e-10	-0.209095
5.71701e-10	-0.209215
5.71747e-10	-0.209335
5.71794e-10	-0.209455
5.7184e-10	-0.209575
5.71887e-10	-0.209695
5.71933e-10	-0.209815
5.7198e-10	-0.209935
5.72026e-10	-0.210055
5.72072e-10	-0.210175
5.72119e-10	-0.210295
5.72165e-10	-0.210415
5.72212e-10	-0.210536
5.72258e-10	-0.210656
5.72304e-10	-0.210776
5.72351e-10	-0.210896
5.72397e-10	-0.211016
5.72444e-10	-0.211136
5.7249e-10	-0.211256
5.72537e-10	-0.211376
5.72583e-10	-0.211496
5.72629e-10	-0.211617
5.72676e-10	-0.211737
5.72722e-10	-0.211857
5.72769e-10	-0.211977
5.72815e-10	-0.212097
5.72862e-10	-0.212218
5.72908e-10	-0.212338
5.72954e-10	-0.212458
5.73001e-10	-0.212578
5.73047e-10	-0.212698
5.73094e-10	-0.212819
5.7314e-10	-0.212939
5.73186e-10	-0.213059
5.73233e-10	-0.21318
5.73279e-10	-0.2133
5.73326e-10	-0.21342
5.73372e-10	-0.21354
5.73419e-10	-0.213661
5.73465e-10	-0.213781
5.73511e-10	-0.213901
5.73558e-10	-0.214022
5.73604e-10	-0.214142
5.73651e-10	-0.214262
5.73697e-10	-0.214383
5.73743e-10	-0.214503
5.7379e-10	-0.214623
5.73836e-10	-0.214744
5.73883e-10	-0.214864
5.73929e-10	-0.214985
5.73976e-10	-0.215105
5.74022e-10	-0.215225
5.74068e-10	-0.215346
5.74115e-10	-0.215466
5.74161e-10	-0.215587
5.74208e-10	-0.215707
5.74254e-10	-0.215827
5.743e-10	-0.215948
5.74347e-10	-0.216068
5.74393e-10	-0.216189
5.7444e-10	-0.216309
5.74486e-10	-0.21643
5.74533e-10	-0.21655
5.74579e-10	-0.216671
5.74625e-10	-0.216791
5.74672e-10	-0.216912
5.74718e-10	-0.217032
5.74765e-10	-0.217153
5.74811e-10	-0.217273
5.74857e-10	-0.217394
5.74904e-10	-0.217514
5.7495e-10	-0.217635
5.74997e-10	-0.217756
5.75043e-10	-0.217876
5.7509e-10	-0.217997
5.75136e-10	-0.218117
5.75182e-10	-0.218238
5.75229e-10	-0.218358
5.75275e-10	-0.218479
5.75322e-10	-0.2186
5.75368e-10	-0.21872
5.75414e-10	-0.218841
5.75461e-10	-0.218961
5.75507e-10	-0.219082
5.75554e-10	-0.219203
5.756e-10	-0.219323
5.75647e-10	-0.219444
5.75693e-10	-0.219565
5.75739e-10	-0.219685
5.75786e-10	-0.219806
5.75832e-10	-0.219927
5.75879e-10	-0.220047
5.75925e-10	-0.220168
5.75971e-10	-0.220289
5.76018e-10	-0.220409
5.76064e-10	-0.22053
5.76111e-10	-0.220651
5.76157e-10	-0.220771
5.76204e-10	-0.220892
5.7625e-10	-0.221013
5.76296e-10	-0.221134
5.76343e-10	-0.221254
5.76389e-10	-0.221375
5.76436e-10	-0.221496
5.76482e-10	-0.221617
5.76528e-10	-0.221737
5.76575e-10	-0.221858
5.76621e-10	-0.221979
5.76668e-10	-0.2221
5.76714e-10	-0.22222
5.76761e-10	-0.222341
5.76807e-10	-0.222462
5.76853e-10	-0.222583
5.769e-10	-0.222703
5.76946e-10	-0.222824
5.76993e-10	-0.222945
5.77039e-10	-0.223066
5.77085e-10	-0.223187
5.77132e-10	-0.223307
5.77178e-10	-0.223428
5.77225e-10	-0.223549
5.77271e-10	-0.22367
5.77318e-10	-0.223791
5.77364e-10	-0.223912
5.7741e-10	-0.224032
5.77457e-10	-0.224153
5.77503e-10	-0.224274
5.7755e-10	-0.224395
5.77596e-10	-0.224516
5.77643e-10	-0.224637
5.77689e-10	-0.224758
5.77735e-10	-0.224878
5.77782e-10	-0.224999
5.77828e-10	-0.22512
5.77875e-10	-0.225241
5.77921e-10	-0.225362
5.77967e-10	-0.225483
5.78014e-10	-0.225604
5.7806e-10	-0.225725
5.78107e-10	-0.225846
5.78153e-10	-0.225966
5.782e-10	-0.226087
5.78246e-10	-0.226208
5.78292e-10	-0.226329
5.78339e-10	-0.22645
5.78385e-10	-0.226571
5.78432e-10	-0.226692
5.78478e-10	-0.226813
5.78524e-10	-0.226934
5.78571e-10	-0.227055
5.78617e-10	-0.227176
5.78664e-10	-0.227297
5.7871e-10	-0.227418
5.78757e-10	-0.227539
5.78803e-10	-0.22766
5.78849e-10	-0.22778
5.78896e-10	-0.227901
5.78942e-10	-0.228022
5.78989e-10	-0.228143
5.79035e-10	-0.228264
5.79081e-10	-0.228385
5.79128e-10	-0.228506
5.79174e-10	-0.228627
5.79221e-10	-0.228748
5.79267e-10	-0.228869
5.79314e-10	-0.22899
5.7936e-10	-0.229111
5.79406e-10	-0.229232
5.79453e-10	-0.229353
5.79499e-10	-0.229474
5.79546e-10	-0.229595
5.79592e-10	-0.229716
5.79638e-10	-0.229837
5.79685e-10	-0.229958
5.79731e-10	-0.230079
5.79778e-10	-0.2302
5.79824e-10	-0.230321
5.79871e-10	-0.230442
5.79917e-10	-0.230563
5.79963e-10	-0.230684
5.8001e-10	-0.230805
5.80056e-10	-0.230926
5.80103e-10	-0.231047
5.80149e-10	-0.231168
5.80195e-10	-0.231289
5.80242e-10	-0.23141
5.80288e-10	-0.231531
5.80335e-10	-0.231652
5.80381e-10	-0.231773
5.80428e-10	-0.231895
5.80474e-10	-0.232016
5.8052e-10	-0.232137
5.80567e-10	-0.232258
5.80613e-10	-0.232379
5.8066e-10	-0.2325
5.80706e-10	-0.232621
5.80752e-10	-0.232742
5.80799e-10	-0.232863
5.80845e-10	-0.232984
5.80892e-10	-0.233105
5.80938e-10	-0.233226
5.80985e-10	-0.233347
5.81031e-10	-0.233468
5.81077e-10	-0.233589
5.81124e-10	-0.23371
5.8117e-10	-0.233831
5.81217e-10	-0.233952
5.81263e-10	-0.234073
5.81309e-10	-0.234194
5.81356e-10	-0.234315
5.81402e-10	-0.234437
5.81449e-10	-0.234558
5.81495e-10	-0.234679
5.81542e-10	-0.2348
5.81588e-10	-0.234921
5.81634e-10	-0.235042
5.81681e-10	-0.235163
5.81727e-10	-0.235284
5.81774e-10	-0.235405
5.8182e-10	-0.235526
5.81867e-10	-0.235647
5.81913e-10	-0.235768
5.81959e-10	-0.235889
5.82006e-10	-0.23601
5.82052e-10	-0.236131
5.82099e-10	-0.236252
5.82145e-10	-0.236373
5.82191e-10	-0.236495
5.82238e-10	-0.236616
5.82284e-10	-0.236737
5.82331e-10	-0.236858
5.82377e-10	-0.236979
5.82424e-10	-0.2371
5.8247e-10	-0.237221
5.82516e-10	-0.237342
5.82563e-10	-0.237463
5.82609e-10	-0.237584
5.82656e-10	-0.237705
5.82702e-10	-0.237826
5.82748e-10	-0.237947
5.82795e-10	-0.238068
5.82841e-10	-0.238189
5.82888e-10	-0.23831
5.82934e-10	-0.238431
5.82981e-10	-0.238552
5.83027e-10	-0.238674
5.83073e-10	-0.238795
5.8312e-10	-0.238916
5.83166e-10	-0.239037
5.83213e-10	-0.239158
5.83259e-10	-0.239279
5.83305e-10	-0.2394
5.83352e-10	-0.239521
5.83398e-10	-0.239642
5.83445e-10	-0.239763
5.83491e-10	-0.239884
5.83538e-10	-0.240005
5.83584e-10	-0.240126
5.8363e-10	-0.240247
5.83677e-10	-0.240368
5.83723e-10	-0.240489
5.8377e-10	-0.24061
5.83816e-10	-0.240731
5.83862e-10	-0.240852
5.83909e-10	-0.240973
5.83955e-10	-0.241094
5.84002e-10	-0.241215
5.84048e-10	-0.241336
5.84095e-10	-0.241457
5.84141e-10	-0.241578
5.84187e-10	-0.241699
5.84234e-10	-0.24182
5.8428e-10	-0.241941
5.84327e-10	-0.242062
5.84373e-10	-0.242183
5.84419e-10	-0.242304
5.84466e-10	-0.242425
5.84512e-10	-0.242546
5.84559e-10	-0.242667
5.84605e-10	-0.242788
5.84652e-10	-0.242909
5.84698e-10	-0.24303
5.84744e-10	-0.243151
5.84791e-10	-0.243272
5.84837e-10	-0.243393
5.84884e-10	-0.243514
5.8493e-10	-0.243635
5.84976e-10	-0.243756
5.85023e-10	-0.243877
5.85069e-10	-0.243998
5.85116e-10	-0.244119
5.85162e-10	-0.24424
5.85209e-10	-0.244361
5.85255e-10	-0.244482
5.85301e-10	-0.244603
5.85348e-10	-0.244724
5.85394e-10	-0.244845
5.85441e-10	-0.244966
5.85487e-10	-0.245087
5.85533e-10	-0.245207
5.8558e-10	-0.245328
5.85626e-10	-0.245449
5.85673e-10	-0.24557
5.85719e-10	-0.245691
5.85766e-10	-0.245812
5.85812e-10	-0.245933
5.85858e-10	-0.246054
5.85905e-10	-0.246175
5.85951e-10	-0.246296
5.85998e-10	-0.246417
5.86044e-10	-0.246537
5.8609e-10	-0.246658
5.86137e-10	-0.246779
5.86183e-10	-0.2469
5.8623e-10	-0.247021
5.86276e-10	-0.247142
5.86323e-10	-0.247263
5.86369e-10	-0.247383
5.86415e-10	-0.247504
5.86462e-10	-0.247625
5.86508e-10	-0.247746
5.86555e-10	-0.247867
5.86601e-10	-0.247988
5.86648e-10	-0.248108
5.86694e-10	-0.248229
5.8674e-10	-0.24835
5.86787e-10	-0.248471
5.86833e-10	-0.248592
5.8688e-10	-0.248713
5.86926e-10	-0.248833
5.86972e-10	-0.248954
5.87019e-10	-0.249075
5.87065e-10	-0.249196
5.87112e-10	-0.249316
5.87158e-10	-0.249437
5.87205e-10	-0.249558
5.87251e-10	-0.249679
5.87297e-10	-0.2498
5.87344e-10	-0.24992
5.8739e-10	-0.250041
5.87437e-10	-0.250162
5.87483e-10	-0.250283
5.87529e-10	-0.250403
5.87576e-10	-0.250524
5.87622e-10	-0.250645
5.87669e-10	-0.250765
5.87715e-10	-0.250886
5.87762e-10	-0.251007
5.87808e-10	-0.251127
5.87854e-10	-0.251248
5.87901e-10	-0.251369
5.87947e-10	-0.25149
5.87994e-10	-0.25161
5.8804e-10	-0.251731
5.88086e-10	-0.251852
5.88133e-10	-0.251972
5.88179e-10	-0.252093
5.88226e-10	-0.252213
5.88272e-10	-0.252334
5.88319e-10	-0.252455
5.88365e-10	-0.252575
5.88411e-10	-0.252696
5.88458e-10	-0.252817
5.88504e-10	-0.252937
5.88551e-10	-0.253058
5.88597e-10	-0.253178
5.88643e-10	-0.253299
5.8869e-10	-0.253419
5.88736e-10	-0.25354
5.88783e-10	-0.253661
5.88829e-10	-0.253781
5.88876e-10	-0.253902
5.88922e-10	-0.254022
5.88968e-10	-0.254143
5.89015e-10	-0.254263
5.89061e-10	-0.254384
5.89108e-10	-0.254504
5.89154e-10	-0.254625
5.892e-10	-0.254745
5.89247e-10	-0.254866
5.89293e-10	-0.254986
5.8934e-10	-0.255107
5.89386e-10	-0.255227
5.89433e-10	-0.255348
5.89479e-10	-0.255468
5.89525e-10	-0.255589
5.89572e-10	-0.255709
5.89618e-10	-0.255829
5.89665e-10	-0.25595
5.89711e-10	-0.25607
5.89757e-10	-0.256191
5.89804e-10	-0.256311
5.8985e-10	-0.256431
5.89897e-10	-0.256552
5.89943e-10	-0.256672
5.8999e-10	-0.256793
5.90036e-10	-0.256913
5.90082e-10	-0.257033
5.90129e-10	-0.257154
5.90175e-10	-0.257274
5.90222e-10	-0.257394
5.90268e-10	-0.257515
5.90314e-10	-0.257635
5.90361e-10	-0.257755
5.90407e-10	-0.257875
5.90454e-10	-0.257996
5.905e-10	-0.258116
5.90547e-10	-0.258236
5.90593e-10	-0.258356
5.90639e-10	-0.258477
5.90686e-10	-0.258597
5.90732e-10	-0.258717
5.90779e-10	-0.258837
5.90825e-10	-0.258958
5.90871e-10	-0.259078
5.90918e-10	-0.259198
5.90964e-10	-0.259318
5.91011e-10	-0.259438
5.91057e-10	-0.259558
5.91104e-10	-0.259679
5.9115e-10	-0.259799
5.91196e-10	-0.259919
5.91243e-10	-0.260039
5.91289e-10	-0.260159
5.91336e-10	-0.260279
5.91382e-10	-0.260399
5.91429e-10	-0.260519
5.91475e-10	-0.260639
5.91521e-10	-0.260759
5.91568e-10	-0.260879
5.91614e-10	-0.261
5.91661e-10	-0.26112
5.91707e-10	-0.26124
5.91753e-10	-0.26136
5.918e-10	-0.26148
5.91846e-10	-0.2616
5.91893e-10	-0.26172
5.91939e-10	-0.26184
5.91986e-10	-0.261959
5.92032e-10	-0.262079
5.92078e-10	-0.262199
5.92125e-10	-0.262319
5.92171e-10	-0.262439
5.92218e-10	-0.262559
5.92264e-10	-0.262679
5.9231e-10	-0.262799
5.92357e-10	-0.262919
5.92403e-10	-0.263039
5.9245e-10	-0.263158
5.92496e-10	-0.263278
5.92543e-10	-0.263398
5.92589e-10	-0.263518
5.92635e-10	-0.263638
5.92682e-10	-0.263758
5.92728e-10	-0.263877
5.92775e-10	-0.263997
5.92821e-10	-0.264117
5.92867e-10	-0.264237
5.92914e-10	-0.264356
5.9296e-10	-0.264476
5.93007e-10	-0.264596
5.93053e-10	-0.264716
5.931e-10	-0.264835
5.93146e-10	-0.264955
5.93192e-10	-0.265075
5.93239e-10	-0.265194
5.93285e-10	-0.265314
5.93332e-10	-0.265433
5.93378e-10	-0.265553
5.93424e-10	-0.265673
5.93471e-10	-0.265792
5.93517e-10	-0.265912
5.93564e-10	-0.266031
5.9361e-10	-0.266151
5.93657e-10	-0.266271
5.93703e-10	-0.26639
5.93749e-10	-0.26651
5.93796e-10	-0.266629
5.93842e-10	-0.266749
5.93889e-10	-0.266868
5.93935e-10	-0.266988
5.93981e-10	-0.267107
5.94028e-10	-0.267227
5.94074e-10	-0.267346
5.94121e-10	-0.267465
5.94167e-10	-0.267585
5.94214e-10	-0.267704
5.9426e-10	-0.267824
5.94306e-10	-0.267943
5.94353e-10	-0.268062
5.94399e-10	-0.268182
5.94446e-10	-0.268301
5.94492e-10	-0.26842
5.94538e-10	-0.26854
5.94585e-10	-0.268659
5.94631e-10	-0.268778
5.94678e-10	-0.268897
5.94724e-10	-0.269017
5.94771e-10	-0.269136
5.94817e-10	-0.269255
5.94863e-10	-0.269374
5.9491e-10	-0.269494
5.94956e-10	-0.269613
5.95003e-10	-0.269732
5.95049e-10	-0.269851
5.95095e-10	-0.26997
5.95142e-10	-0.270089
5.95188e-10	-0.270208
5.95235e-10	-0.270328
5.95281e-10	-0.270447
5.95328e-10	-0.270566
5.95374e-10	-0.270685
5.9542e-10	-0.270804
5.95467e-10	-0.270923
5.95513e-10	-0.271042
5.9556e-10	-0.271161
5.95606e-10	-0.27128
5.95652e-10	-0.271399
5.95699e-10	-0.271518
5.95745e-10	-0.271637
5.95792e-10	-0.271756
5.95838e-10	-0.271875
5.95885e-10	-0.271993
5.95931e-10	-0.272112
5.95977e-10	-0.272231
5.96024e-10	-0.27235
5.9607e-10	-0.272469
5.96117e-10	-0.272588
5.96163e-10	-0.272707
5.9621e-10	-0.272825
5.96256e-10	-0.272944
5.96302e-10	-0.273063
5.96349e-10	-0.273182
5.96395e-10	-0.2733
5.96442e-10	-0.273419
5.96488e-10	-0.273538
5.96534e-10	-0.273656
5.96581e-10	-0.273775
5.96627e-10	-0.273894
5.96674e-10	-0.274012
5.9672e-10	-0.274131
5.96767e-10	-0.27425
5.96813e-10	-0.274368
5.96859e-10	-0.274487
5.96906e-10	-0.274605
5.96952e-10	-0.274724
5.96999e-10	-0.274842
5.97045e-10	-0.274961
5.97091e-10	-0.275079
5.97138e-10	-0.275198
5.97184e-10	-0.275316
5.97231e-10	-0.275435
5.97277e-10	-0.275553
5.97324e-10	-0.275672
5.9737e-10	-0.27579
5.97416e-10	-0.275908
5.97463e-10	-0.276027
5.97509e-10	-0.276145
5.97556e-10	-0.276264
5.97602e-10	-0.276382
5.97648e-10	-0.2765
5.97695e-10	-0.276618
5.97741e-10	-0.276737
5.97788e-10	-0.276855
5.97834e-10	-0.276973
5.97881e-10	-0.277091
5.97927e-10	-0.27721
5.97973e-10	-0.277328
5.9802e-10	-0.277446
5.98066e-10	-0.277564
5.98113e-10	-0.277682
5.98159e-10	-0.2778
5.98205e-10	-0.277918
5.98252e-10	-0.278036
5.98298e-10	-0.278155
5.98345e-10	-0.278273
5.98391e-10	-0.278391
5.98438e-10	-0.278509
5.98484e-10	-0.278627
5.9853e-10	-0.278745
5.98577e-10	-0.278862
5.98623e-10	-0.27898
5.9867e-10	-0.279098
5.98716e-10	-0.279216
5.98762e-10	-0.279334
5.98809e-10	-0.279452
5.98855e-10	-0.27957
5.98902e-10	-0.279688
5.98948e-10	-0.279805
5.98995e-10	-0.279923
5.99041e-10	-0.280041
5.99087e-10	-0.280159
5.99134e-10	-0.280276
5.9918e-10	-0.280394
5.99227e-10	-0.280512
5.99273e-10	-0.28063
5.99319e-10	-0.280747
5.99366e-10	-0.280865
5.99412e-10	-0.280982
5.99459e-10	-0.2811
5.99505e-10	-0.281218
5.99552e-10	-0.281335
5.99598e-10	-0.281453
5.99644e-10	-0.28157
5.99691e-10	-0.281688
5.99737e-10	-0.281805
5.99784e-10	-0.281923
5.9983e-10	-0.28204
5.99876e-10	-0.282158
5.99923e-10	-0.282275
5.99969e-10	-0.282392
6.00016e-10	-0.28251
6.00062e-10	-0.282627
6.00109e-10	-0.282744
6.00155e-10	-0.282862
6.00201e-10	-0.282979
6.00248e-10	-0.283096
6.00294e-10	-0.283214
6.00341e-10	-0.283331
6.00387e-10	-0.283448
6.00433e-10	-0.283565
6.0048e-10	-0.283682
6.00526e-10	-0.2838
6.00573e-10	-0.283917
6.00619e-10	-0.284034
6.00666e-10	-0.284151
6.00712e-10	-0.284268
6.00758e-10	-0.284385
6.00805e-10	-0.284502
6.00851e-10	-0.284619
6.00898e-10	-0.284736
6.00944e-10	-0.284853
6.00991e-10	-0.28497
6.01037e-10	-0.285087
6.01083e-10	-0.285204
6.0113e-10	-0.285321
6.01176e-10	-0.285437
6.01223e-10	-0.285554
6.01269e-10	-0.285671
6.01315e-10	-0.285788
6.01362e-10	-0.285905
6.01408e-10	-0.286021
6.01455e-10	-0.286138
6.01501e-10	-0.286255
6.01548e-10	-0.286372
6.01594e-10	-0.286488
6.0164e-10	-0.286605
6.01687e-10	-0.286722
6.01733e-10	-0.286838
6.0178e-10	-0.286955
6.01826e-10	-0.287071
6.01872e-10	-0.287188
6.01919e-10	-0.287304
6.01965e-10	-0.287421
6.02012e-10	-0.287537
6.02058e-10	-0.287654
6.02105e-10	-0.28777
6.02151e-10	-0.287887
6.02197e-10	-0.288003
6.02244e-10	-0.288119
6.0229e-10	-0.288236
6.02337e-10	-0.288352
6.02383e-10	-0.288468
6.02429e-10	-0.288585
6.02476e-10	-0.288701
6.02522e-10	-0.288817
6.02569e-10	-0.288933
6.02615e-10	-0.289049
6.02662e-10	-0.289166
6.02708e-10	-0.289282
6.02754e-10	-0.289398
6.02801e-10	-0.289514
6.02847e-10	-0.28963
6.02894e-10	-0.289746
6.0294e-10	-0.289862
6.02986e-10	-0.289978
6.03033e-10	-0.290094
6.03079e-10	-0.29021
6.03126e-10	-0.290326
6.03172e-10	-0.290442
6.03219e-10	-0.290558
6.03265e-10	-0.290674
6.03311e-10	-0.290789
6.03358e-10	-0.290905
6.03404e-10	-0.291021
6.03451e-10	-0.291137
6.03497e-10	-0.291253
6.03543e-10	-0.291368
6.0359e-10	-0.291484
6.03636e-10	-0.2916
6.03683e-10	-0.291715
6.03729e-10	-0.291831
6.03776e-10	-0.291947
6.03822e-10	-0.292062
6.03868e-10	-0.292178
6.03915e-10	-0.292293
6.03961e-10	-0.292409
6.04008e-10	-0.292524
6.04054e-10	-0.29264
6.041e-10	-0.292755
6.04147e-10	-0.29287
6.04193e-10	-0.292986
6.0424e-10	-0.293101
6.04286e-10	-0.293217
6.04333e-10	-0.293332
6.04379e-10	-0.293447
6.04425e-10	-0.293562
6.04472e-10	-0.293678
6.04518e-10	-0.293793
6.04565e-10	-0.293908
6.04611e-10	-0.294023
6.04657e-10	-0.294138
6.04704e-10	-0.294253
6.0475e-10	-0.294368
6.04797e-10	-0.294484
6.04843e-10	-0.294599
6.0489e-10	-0.294714
6.04936e-10	-0.294829
6.04982e-10	-0.294943
6.05029e-10	-0.295058
6.05075e-10	-0.295173
6.05122e-10	-0.295288
6.05168e-10	-0.295403
6.05215e-10	-0.295518
6.05261e-10	-0.295633
6.05307e-10	-0.295747
6.05354e-10	-0.295862
6.054e-10	-0.295977
6.05447e-10	-0.296092
6.05493e-10	-0.296206
6.05539e-10	-0.296321
6.05586e-10	-0.296436
6.05632e-10	-0.29655
6.05679e-10	-0.296665
6.05725e-10	-0.296779
6.05772e-10	-0.296894
6.05818e-10	-0.297008
6.05864e-10	-0.297123
6.05911e-10	-0.297237
6.05957e-10	-0.297351
6.06004e-10	-0.297466
6.0605e-10	-0.29758
6.06096e-10	-0.297695
6.06143e-10	-0.297809
6.06189e-10	-0.297923
6.06236e-10	-0.298037
6.06282e-10	-0.298152
6.06329e-10	-0.298266
6.06375e-10	-0.29838
6.06421e-10	-0.298494
6.06468e-10	-0.298608
6.06514e-10	-0.298722
6.06561e-10	-0.298836
6.06607e-10	-0.29895
6.06653e-10	-0.299064
6.067e-10	-0.299178
6.06746e-10	-0.299292
6.06793e-10	-0.299406
6.06839e-10	-0.29952
6.06886e-10	-0.299634
6.06932e-10	-0.299748
6.06978e-10	-0.299861
6.07025e-10	-0.299975
6.07071e-10	-0.300089
6.07118e-10	-0.300203
6.07164e-10	-0.300316
6.0721e-10	-0.30043
6.07257e-10	-0.300544
6.07303e-10	-0.300657
6.0735e-10	-0.300771
6.07396e-10	-0.300884
6.07443e-10	-0.300998
6.07489e-10	-0.301111
6.07535e-10	-0.301225
6.07582e-10	-0.301338
6.07628e-10	-0.301452
6.07675e-10	-0.301565
6.07721e-10	-0.301678
6.07767e-10	-0.301792
6.07814e-10	-0.301905
6.0786e-10	-0.302018
6.07907e-10	-0.302132
6.07953e-10	-0.302245
6.08e-10	-0.302358
6.08046e-10	-0.302471
6.08092e-10	-0.302584
6.08139e-10	-0.302697
6.08185e-10	-0.30281
6.08232e-10	-0.302923
6.08278e-10	-0.303036
6.08324e-10	-0.303149
6.08371e-10	-0.303262
6.08417e-10	-0.303375
6.08464e-10	-0.303488
6.0851e-10	-0.303601
6.08557e-10	-0.303714
6.08603e-10	-0.303826
6.08649e-10	-0.303939
6.08696e-10	-0.304052
6.08742e-10	-0.304165
6.08789e-10	-0.304277
6.08835e-10	-0.30439
6.08881e-10	-0.304502
6.08928e-10	-0.304615
6.08974e-10	-0.304728
6.09021e-10	-0.30484
6.09067e-10	-0.304953
6.09114e-10	-0.305065
6.0916e-10	-0.305177
6.09206e-10	-0.30529
6.09253e-10	-0.305402
6.09299e-10	-0.305515
6.09346e-10	-0.305627
6.09392e-10	-0.305739
6.09438e-10	-0.305851
6.09485e-10	-0.305964
6.09531e-10	-0.306076
6.09578e-10	-0.306188
6.09624e-10	-0.3063
6.09671e-10	-0.306412
6.09717e-10	-0.306524
6.09763e-10	-0.306636
6.0981e-10	-0.306748
6.09856e-10	-0.30686
6.09903e-10	-0.306972
6.09949e-10	-0.307084
6.09996e-10	-0.307196
6.10042e-10	-0.307308
6.10088e-10	-0.307419
6.10135e-10	-0.307531
6.10181e-10	-0.307643
6.10228e-10	-0.307754
6.10274e-10	-0.307866
6.1032e-10	-0.307978
6.10367e-10	-0.308089
6.10413e-10	-0.308201
6.1046e-10	-0.308312
6.10506e-10	-0.308424
6.10553e-10	-0.308535
6.10599e-10	-0.308647
6.10645e-10	-0.308758
6.10692e-10	-0.30887
6.10738e-10	-0.308981
6.10785e-10	-0.309092
6.10831e-10	-0.309204
6.10877e-10	-0.309315
6.10924e-10	-0.309426
6.1097e-10	-0.309537
6.11017e-10	-0.309648
6.11063e-10	-0.309759
6.1111e-10	-0.309871
6.11156e-10	-0.309982
6.11202e-10	-0.310093
6.11249e-10	-0.310204
6.11295e-10	-0.310315
6.11342e-10	-0.310425
6.11388e-10	-0.310536
6.11434e-10	-0.310647
6.11481e-10	-0.310758
6.11527e-10	-0.310869
6.11574e-10	-0.310979
6.1162e-10	-0.31109
6.11667e-10	-0.311201
6.11713e-10	-0.311311
6.11759e-10	-0.311422
6.11806e-10	-0.311533
6.11852e-10	-0.311643
6.11899e-10	-0.311754
6.11945e-10	-0.311864
6.11991e-10	-0.311975
6.12038e-10	-0.312085
6.12084e-10	-0.312195
6.12131e-10	-0.312306
6.12177e-10	-0.312416
6.12224e-10	-0.312526
6.1227e-10	-0.312636
6.12316e-10	-0.312747
6.12363e-10	-0.312857
6.12409e-10	-0.312967
6.12456e-10	-0.313077
6.12502e-10	-0.313187
6.12548e-10	-0.313297
6.12595e-10	-0.313407
6.12641e-10	-0.313517
6.12688e-10	-0.313627
6.12734e-10	-0.313737
6.12781e-10	-0.313847
6.12827e-10	-0.313956
6.12873e-10	-0.314066
6.1292e-10	-0.314176
6.12966e-10	-0.314286
6.13013e-10	-0.314395
6.13059e-10	-0.314505
6.13105e-10	-0.314615
6.13152e-10	-0.314724
6.13198e-10	-0.314834
6.13245e-10	-0.314943
6.13291e-10	-0.315053
6.13338e-10	-0.315162
6.13384e-10	-0.315271
6.1343e-10	-0.315381
6.13477e-10	-0.31549
6.13523e-10	-0.315599
6.1357e-10	-0.315708
6.13616e-10	-0.315818
6.13662e-10	-0.315927
6.13709e-10	-0.316036
6.13755e-10	-0.316145
6.13802e-10	-0.316254
6.13848e-10	-0.316363
6.13895e-10	-0.316472
6.13941e-10	-0.316581
6.13987e-10	-0.31669
6.14034e-10	-0.316799
6.1408e-10	-0.316908
6.14127e-10	-0.317016
6.14173e-10	-0.317125
6.14219e-10	-0.317234
6.14266e-10	-0.317342
6.14312e-10	-0.317451
6.14359e-10	-0.31756
6.14405e-10	-0.317668
6.14452e-10	-0.317777
6.14498e-10	-0.317885
6.14544e-10	-0.317994
6.14591e-10	-0.318102
6.14637e-10	-0.318211
6.14684e-10	-0.318319
6.1473e-10	-0.318427
6.14777e-10	-0.318535
6.14823e-10	-0.318644
6.14869e-10	-0.318752
6.14916e-10	-0.31886
6.14962e-10	-0.318968
6.15009e-10	-0.319076
6.15055e-10	-0.319184
6.15101e-10	-0.319292
6.15148e-10	-0.3194
6.15194e-10	-0.319508
6.15241e-10	-0.319616
6.15287e-10	-0.319724
6.15334e-10	-0.319832
6.1538e-10	-0.319939
6.15426e-10	-0.320047
6.15473e-10	-0.320155
6.15519e-10	-0.320262
6.15566e-10	-0.32037
6.15612e-10	-0.320478
6.15658e-10	-0.320585
6.15705e-10	-0.320693
6.15751e-10	-0.3208
6.15798e-10	-0.320908
6.15844e-10	-0.321015
6.15891e-10	-0.321122
6.15937e-10	-0.32123
6.15983e-10	-0.321337
6.1603e-10	-0.321444
6.16076e-10	-0.321551
6.16123e-10	-0.321658
6.16169e-10	-0.321765
6.16215e-10	-0.321873
6.16262e-10	-0.32198
6.16308e-10	-0.322087
6.16355e-10	-0.322193
6.16401e-10	-0.3223
6.16448e-10	-0.322407
6.16494e-10	-0.322514
6.1654e-10	-0.322621
6.16587e-10	-0.322728
6.16633e-10	-0.322834
6.1668e-10	-0.322941
6.16726e-10	-0.323048
6.16772e-10	-0.323154
6.16819e-10	-0.323261
6.16865e-10	-0.323367
6.16912e-10	-0.323474
6.16958e-10	-0.32358
6.17005e-10	-0.323686
6.17051e-10	-0.323793
6.17097e-10	-0.323899
6.17144e-10	-0.324005
6.1719e-10	-0.324111
6.17237e-10	-0.324218
6.17283e-10	-0.324324
6.17329e-10	-0.32443
6.17376e-10	-0.324536
6.17422e-10	-0.324642
6.17469e-10	-0.324748
6.17515e-10	-0.324854
6.17562e-10	-0.32496
6.17608e-10	-0.325065
6.17654e-10	-0.325171
6.17701e-10	-0.325277
6.17747e-10	-0.325383
6.17794e-10	-0.325488
6.1784e-10	-0.325594
6.17886e-10	-0.3257
6.17933e-10	-0.325805
6.17979e-10	-0.325911
6.18026e-10	-0.326016
6.18072e-10	-0.326122
6.18119e-10	-0.326227
6.18165e-10	-0.326332
6.18211e-10	-0.326438
6.18258e-10	-0.326543
6.18304e-10	-0.326648
6.18351e-10	-0.326753
6.18397e-10	-0.326858
6.18443e-10	-0.326963
6.1849e-10	-0.327068
6.18536e-10	-0.327173
6.18583e-10	-0.327278
6.18629e-10	-0.327383
6.18676e-10	-0.327488
6.18722e-10	-0.327593
6.18768e-10	-0.327698
6.18815e-10	-0.327802
6.18861e-10	-0.327907
6.18908e-10	-0.328012
6.18954e-10	-0.328116
6.19e-10	-0.328221
6.19047e-10	-0.328325
6.19093e-10	-0.32843
6.1914e-10	-0.328534
6.19186e-10	-0.328639
6.19233e-10	-0.328743
6.19279e-10	-0.328847
6.19325e-10	-0.328952
6.19372e-10	-0.329056
6.19418e-10	-0.32916
6.19465e-10	-0.329264
6.19511e-10	-0.329368
6.19558e-10	-0.329472
6.19604e-10	-0.329576
6.1965e-10	-0.32968
6.19697e-10	-0.329784
6.19743e-10	-0.329888
6.1979e-10	-0.329992
6.19836e-10	-0.330095
6.19882e-10	-0.330199
6.19929e-10	-0.330303
6.19975e-10	-0.330407
6.20022e-10	-0.33051
6.20068e-10	-0.330614
6.20115e-10	-0.330717
6.20161e-10	-0.330821
6.20207e-10	-0.330924
6.20254e-10	-0.331027
6.203e-10	-0.331131
6.20347e-10	-0.331234
6.20393e-10	-0.331337
6.20439e-10	-0.33144
6.20486e-10	-0.331544
6.20532e-10	-0.331647
6.20579e-10	-0.33175
6.20625e-10	-0.331853
6.20672e-10	-0.331956
6.20718e-10	-0.332058
6.20764e-10	-0.332161
6.20811e-10	-0.332264
6.20857e-10	-0.332367
6.20904e-10	-0.33247
6.2095e-10	-0.332572
6.20996e-10	-0.332675
6.21043e-10	-0.332778
6.21089e-10	-0.33288
6.21136e-10	-0.332983
6.21182e-10	-0.333085
6.21229e-10	-0.333187
6.21275e-10	-0.33329
6.21321e-10	-0.333392
6.21368e-10	-0.333494
6.21414e-10	-0.333597
6.21461e-10	-0.333699
6.21507e-10	-0.333801
6.21553e-10	-0.333903
6.216e-10	-0.334005
6.21646e-10	-0.334107
6.21693e-10	-0.334209
6.21739e-10	-0.334311
6.21786e-10	-0.334413
6.21832e-10	-0.334514
6.21878e-10	-0.334616
6.21925e-10	-0.334718
6.21971e-10	-0.33482
6.22018e-10	-0.334921
6.22064e-10	-0.335023
6.2211e-10	-0.335124
6.22157e-10	-0.335226
6.22203e-10	-0.335327
6.2225e-10	-0.335428
6.22296e-10	-0.33553
6.22343e-10	-0.335631
6.22389e-10	-0.335732
6.22435e-10	-0.335833
6.22482e-10	-0.335935
6.22528e-10	-0.336036
6.22575e-10	-0.336137
6.22621e-10	-0.336238
6.22667e-10	-0.336339
6.22714e-10	-0.336439
6.2276e-10	-0.33654
6.22807e-10	-0.336641
6.22853e-10	-0.336742
6.229e-10	-0.336842
6.22946e-10	-0.336943
6.22992e-10	-0.337044
6.23039e-10	-0.337144
6.23085e-10	-0.337245
6.23132e-10	-0.337345
6.23178e-10	-0.337446
6.23224e-10	-0.337546
6.23271e-10	-0.337646
6.23317e-10	-0.337746
6.23364e-10	-0.337847
6.2341e-10	-0.337947
6.23457e-10	-0.338047
6.23503e-10	-0.338147
6.23549e-10	-0.338247
6.23596e-10	-0.338347
6.23642e-10	-0.338447
6.23689e-10	-0.338547
6.23735e-10	-0.338646
6.23781e-10	-0.338746
6.23828e-10	-0.338846
6.23874e-10	-0.338946
6.23921e-10	-0.339045
6.23967e-10	-0.339145
6.24014e-10	-0.339244
6.2406e-10	-0.339344
6.24106e-10	-0.339443
6.24153e-10	-0.339542
6.24199e-10	-0.339642
6.24246e-10	-0.339741
6.24292e-10	-0.33984
6.24339e-10	-0.339939
6.24385e-10	-0.340038
6.24431e-10	-0.340137
6.24478e-10	-0.340236
6.24524e-10	-0.340335
6.24571e-10	-0.340434
6.24617e-10	-0.340533
6.24663e-10	-0.340632
6.2471e-10	-0.340731
6.24756e-10	-0.340829
6.24803e-10	-0.340928
6.24849e-10	-0.341027
6.24896e-10	-0.341125
6.24942e-10	-0.341224
6.24988e-10	-0.341322
6.25035e-10	-0.34142
6.25081e-10	-0.341519
6.25128e-10	-0.341617
6.25174e-10	-0.341715
6.2522e-10	-0.341813
6.25267e-10	-0.341912
6.25313e-10	-0.34201
6.2536e-10	-0.342108
6.25406e-10	-0.342206
6.25453e-10	-0.342304
6.25499e-10	-0.342401
6.25545e-10	-0.342499
6.25592e-10	-0.342597
6.25638e-10	-0.342695
6.25685e-10	-0.342792
6.25731e-10	-0.34289
6.25777e-10	-0.342988
6.25824e-10	-0.343085
6.2587e-10	-0.343182
6.25917e-10	-0.34328
6.25963e-10	-0.343377
6.2601e-10	-0.343475
6.26056e-10	-0.343572
6.26102e-10	-0.343669
6.26149e-10	-0.343766
6.26195e-10	-0.343863
6.26242e-10	-0.34396
6.26288e-10	-0.344057
6.26334e-10	-0.344154
6.26381e-10	-0.344251
6.26427e-10	-0.344348
6.26474e-10	-0.344444
6.2652e-10	-0.344541
6.26567e-10	-0.344638
6.26613e-10	-0.344734
6.26659e-10	-0.344831
6.26706e-10	-0.344927
6.26752e-10	-0.345024
6.26799e-10	-0.34512
6.26845e-10	-0.345217
6.26891e-10	-0.345313
6.26938e-10	-0.345409
6.26984e-10	-0.345505
6.27031e-10	-0.345601
6.27077e-10	-0.345697
6.27124e-10	-0.345793
6.2717e-10	-0.345889
6.27216e-10	-0.345985
6.27263e-10	-0.346081
6.27309e-10	-0.346177
6.27356e-10	-0.346273
6.27402e-10	-0.346368
6.27448e-10	-0.346464
6.27495e-10	-0.346559
6.27541e-10	-0.346655
6.27588e-10	-0.34675
6.27634e-10	-0.346846
6.27681e-10	-0.346941
6.27727e-10	-0.347036
6.27773e-10	-0.347132
6.2782e-10	-0.347227
6.27866e-10	-0.347322
6.27913e-10	-0.347417
6.27959e-10	-0.347512
6.28005e-10	-0.347607
6.28052e-10	-0.347702
6.28098e-10	-0.347797
6.28145e-10	-0.347891
6.28191e-10	-0.347986
6.28238e-10	-0.348081
6.28284e-10	-0.348175
6.2833e-10	-0.34827
6.28377e-10	-0.348365
6.28423e-10	-0.348459
6.2847e-10	-0.348553
6.28516e-10	-0.348648
6.28563e-10	-0.348742
6.28609e-10	-0.348836
6.28655e-10	-0.34893
6.28702e-10	-0.349025
6.28748e-10	-0.349119
6.28795e-10	-0.349213
6.28841e-10	-0.349306
6.28887e-10	-0.3494
6.28934e-10	-0.349494
6.2898e-10	-0.349588
6.29027e-10	-0.349682
6.29073e-10	-0.349775
6.2912e-10	-0.349869
6.29166e-10	-0.349963
6.29212e-10	-0.350056
6.29259e-10	-0.350149
6.29305e-10	-0.350243
6.29352e-10	-0.350336
6.29398e-10	-0.350429
6.29444e-10	-0.350523
6.29491e-10	-0.350616
6.29537e-10	-0.350709
6.29584e-10	-0.350802
6.2963e-10	-0.350895
6.29677e-10	-0.350988
6.29723e-10	-0.351081
6.29769e-10	-0.351173
6.29816e-10	-0.351266
6.29862e-10	-0.351359
6.29909e-10	-0.351451
6.29955e-10	-0.351544
6.30001e-10	-0.351636
6.30048e-10	-0.351729
6.30094e-10	-0.351821
6.30141e-10	-0.351914
6.30187e-10	-0.352006
6.30234e-10	-0.352098
6.3028e-10	-0.35219
6.30326e-10	-0.352282
6.30373e-10	-0.352374
6.30419e-10	-0.352466
6.30466e-10	-0.352558
6.30512e-10	-0.35265
6.30558e-10	-0.352742
6.30605e-10	-0.352834
6.30651e-10	-0.352925
6.30698e-10	-0.353017
6.30744e-10	-0.353109
6.30791e-10	-0.3532
6.30837e-10	-0.353292
6.30883e-10	-0.353383
6.3093e-10	-0.353474
6.30976e-10	-0.353565
6.31023e-10	-0.353657
6.31069e-10	-0.353748
6.31115e-10	-0.353839
6.31162e-10	-0.35393
6.31208e-10	-0.354021
6.31255e-10	-0.354112
6.31301e-10	-0.354203
6.31348e-10	-0.354293
6.31394e-10	-0.354384
6.3144e-10	-0.354475
6.31487e-10	-0.354565
6.31533e-10	-0.354656
6.3158e-10	-0.354746
6.31626e-10	-0.354837
6.31672e-10	-0.354927
6.31719e-10	-0.355018
6.31765e-10	-0.355108
6.31812e-10	-0.355198
6.31858e-10	-0.355288
6.31905e-10	-0.355378
6.31951e-10	-0.355468
6.31997e-10	-0.355558
6.32044e-10	-0.355648
6.3209e-10	-0.355738
6.32137e-10	-0.355828
6.32183e-10	-0.355917
6.32229e-10	-0.356007
6.32276e-10	-0.356096
6.32322e-10	-0.356186
6.32369e-10	-0.356275
6.32415e-10	-0.356365
6.32462e-10	-0.356454
6.32508e-10	-0.356543
6.32554e-10	-0.356633
6.32601e-10	-0.356722
6.32647e-10	-0.356811
6.32694e-10	-0.3569
6.3274e-10	-0.356989
6.32786e-10	-0.357078
6.32833e-10	-0.357166
6.32879e-10	-0.357255
6.32926e-10	-0.357344
6.32972e-10	-0.357433
6.33019e-10	-0.357521
6.33065e-10	-0.35761
6.33111e-10	-0.357698
6.33158e-10	-0.357787
6.33204e-10	-0.357875
6.33251e-10	-0.357963
6.33297e-10	-0.358051
6.33344e-10	-0.358139
6.3339e-10	-0.358228
6.33436e-10	-0.358316
6.33483e-10	-0.358404
6.33529e-10	-0.358491
6.33576e-10	-0.358579
6.33622e-10	-0.358667
6.33668e-10	-0.358755
6.33715e-10	-0.358842
6.33761e-10	-0.35893
6.33808e-10	-0.359017
6.33854e-10	-0.359105
6.33901e-10	-0.359192
6.33947e-10	-0.35928
6.33993e-10	-0.359367
6.3404e-10	-0.359454
6.34086e-10	-0.359541
6.34133e-10	-0.359628
6.34179e-10	-0.359715
6.34225e-10	-0.359802
6.34272e-10	-0.359889
6.34318e-10	-0.359976
6.34365e-10	-0.360063
6.34411e-10	-0.360149
6.34458e-10	-0.360236
6.34504e-10	-0.360322
6.3455e-10	-0.360409
6.34597e-10	-0.360495
6.34643e-10	-0.360582
6.3469e-10	-0.360668
6.34736e-10	-0.360754
6.34782e-10	-0.36084
6.34829e-10	-0.360926
6.34875e-10	-0.361012
6.34922e-10	-0.361098
6.34968e-10	-0.361184
6.35015e-10	-0.36127
6.35061e-10	-0.361356
6.35107e-10	-0.361442
6.35154e-10	-0.361527
6.352e-10	-0.361613
6.35247e-10	-0.361698
6.35293e-10	-0.361784
6.35339e-10	-0.361869
6.35386e-10	-0.361954
6.35432e-10	-0.36204
6.35479e-10	-0.362125
6.35525e-10	-0.36221
6.35572e-10	-0.362295
6.35618e-10	-0.36238
6.35664e-10	-0.362465
6.35711e-10	-0.36255
6.35757e-10	-0.362635
6.35804e-10	-0.362719
6.3585e-10	-0.362804
6.35896e-10	-0.362888
6.35943e-10	-0.362973
6.35989e-10	-0.363057
6.36036e-10	-0.363142
6.36082e-10	-0.363226
6.36129e-10	-0.36331
6.36175e-10	-0.363395
6.36221e-10	-0.363479
6.36268e-10	-0.363563
6.36314e-10	-0.363647
6.36361e-10	-0.363731
6.36407e-10	-0.363815
6.36453e-10	-0.363898
6.365e-10	-0.363982
6.36546e-10	-0.364066
6.36593e-10	-0.364149
6.36639e-10	-0.364233
6.36686e-10	-0.364316
6.36732e-10	-0.3644
6.36778e-10	-0.364483
6.36825e-10	-0.364566
6.36871e-10	-0.364649
6.36918e-10	-0.364732
6.36964e-10	-0.364815
6.3701e-10	-0.364898
6.37057e-10	-0.364981
6.37103e-10	-0.365064
6.3715e-10	-0.365147
6.37196e-10	-0.36523
6.37243e-10	-0.365312
6.37289e-10	-0.365395
6.37335e-10	-0.365477
6.37382e-10	-0.36556
6.37428e-10	-0.365642
6.37475e-10	-0.365724
6.37521e-10	-0.365807
6.37567e-10	-0.365889
6.37614e-10	-0.365971
6.3766e-10	-0.366053
6.37707e-10	-0.366135
6.37753e-10	-0.366217
6.378e-10	-0.366298
6.37846e-10	-0.36638
6.37892e-10	-0.366462
6.37939e-10	-0.366543
6.37985e-10	-0.366625
6.38032e-10	-0.366706
6.38078e-10	-0.366788
6.38125e-10	-0.366869
6.38171e-10	-0.36695
6.38217e-10	-0.367032
6.38264e-10	-0.367113
6.3831e-10	-0.367194
6.38357e-10	-0.367275
6.38403e-10	-0.367356
6.38449e-10	-0.367436
6.38496e-10	-0.367517
6.38542e-10	-0.367598
6.38589e-10	-0.367679
6.38635e-10	-0.367759
6.38682e-10	-0.36784
6.38728e-10	-0.36792
6.38774e-10	-0.368
6.38821e-10	-0.368081
6.38867e-10	-0.368161
6.38914e-10	-0.368241
6.3896e-10	-0.368321
6.39006e-10	-0.368401
6.39053e-10	-0.368481
6.39099e-10	-0.368561
6.39146e-10	-0.36864
6.39192e-10	-0.36872
6.39239e-10	-0.3688
6.39285e-10	-0.368879
6.39331e-10	-0.368959
6.39378e-10	-0.369038
6.39424e-10	-0.369118
6.39471e-10	-0.369197
6.39517e-10	-0.369276
6.39563e-10	-0.369355
6.3961e-10	-0.369434
6.39656e-10	-0.369513
6.39703e-10	-0.369592
6.39749e-10	-0.369671
6.39796e-10	-0.36975
6.39842e-10	-0.369829
6.39888e-10	-0.369907
6.39935e-10	-0.369986
6.39981e-10	-0.370064
6.40028e-10	-0.370143
6.40074e-10	-0.370221
6.4012e-10	-0.370299
6.40167e-10	-0.370378
6.40213e-10	-0.370456
6.4026e-10	-0.370534
6.40306e-10	-0.370612
6.40353e-10	-0.37069
6.40399e-10	-0.370767
6.40445e-10	-0.370845
6.40492e-10	-0.370923
6.40538e-10	-0.371
6.40585e-10	-0.371078
6.40631e-10	-0.371156
6.40677e-10	-0.371233
6.40724e-10	-0.37131
6.4077e-10	-0.371388
6.40817e-10	-0.371465
6.40863e-10	-0.371542
6.4091e-10	-0.371619
6.40956e-10	-0.371696
6.41002e-10	-0.371773
6.41049e-10	-0.37185
6.41095e-10	-0.371926
6.41142e-10	-0.372003
6.41188e-10	-0.372079
6.41234e-10	-0.372156
6.41281e-10	-0.372232
6.41327e-10	-0.372309
6.41374e-10	-0.372385
6.4142e-10	-0.372461
6.41467e-10	-0.372538
6.41513e-10	-0.372614
6.41559e-10	-0.37269
6.41606e-10	-0.372766
6.41652e-10	-0.372841
6.41699e-10	-0.372917
6.41745e-10	-0.372993
6.41791e-10	-0.373068
6.41838e-10	-0.373144
6.41884e-10	-0.37322
6.41931e-10	-0.373295
6.41977e-10	-0.37337
6.42024e-10	-0.373446
6.4207e-10	-0.373521
6.42116e-10	-0.373596
6.42163e-10	-0.373671
6.42209e-10	-0.373746
6.42256e-10	-0.373821
6.42302e-10	-0.373895
6.42348e-10	-0.37397
6.42395e-10	-0.374045
6.42441e-10	-0.374119
6.42488e-10	-0.374194
6.42534e-10	-0.374268
6.42581e-10	-0.374343
6.42627e-10	-0.374417
6.42673e-10	-0.374491
6.4272e-10	-0.374565
6.42766e-10	-0.374639
6.42813e-10	-0.374713
6.42859e-10	-0.374787
6.42906e-10	-0.374861
6.42952e-10	-0.374935
6.42998e-10	-0.375008
6.43045e-10	-0.375082
6.43091e-10	-0.375156
6.43138e-10	-0.375229
6.43184e-10	-0.375302
6.4323e-10	-0.375376
6.43277e-10	-0.375449
6.43323e-10	-0.375522
6.4337e-10	-0.375595
6.43416e-10	-0.375668
6.43463e-10	-0.375741
6.43509e-10	-0.375814
6.43555e-10	-0.375887
6.43602e-10	-0.375959
6.43648e-10	-0.376032
6.43695e-10	-0.376104
6.43741e-10	-0.376177
6.43787e-10	-0.376249
6.43834e-10	-0.376321
6.4388e-10	-0.376394
6.43927e-10	-0.376466
6.43973e-10	-0.376538
6.4402e-10	-0.37661
6.44066e-10	-0.376682
6.44112e-10	-0.376754
6.44159e-10	-0.376825
6.44205e-10	-0.376897
6.44252e-10	-0.376969
6.44298e-10	-0.37704
6.44344e-10	-0.377111
6.44391e-10	-0.377183
6.44437e-10	-0.377254
6.44484e-10	-0.377325
6.4453e-10	-0.377396
6.44577e-10	-0.377467
6.44623e-10	-0.377538
6.44669e-10	-0.377609
6.44716e-10	-0.37768
6.44762e-10	-0.377751
6.44809e-10	-0.377822
6.44855e-10	-0.377892
6.44901e-10	-0.377963
6.44948e-10	-0.378033
6.44994e-10	-0.378103
6.45041e-10	-0.378174
6.45087e-10	-0.378244
6.45134e-10	-0.378314
6.4518e-10	-0.378384
6.45226e-10	-0.378454
6.45273e-10	-0.378524
6.45319e-10	-0.378593
6.45366e-10	-0.378663
6.45412e-10	-0.378733
6.45458e-10	-0.378802
6.45505e-10	-0.378872
6.45551e-10	-0.378941
6.45598e-10	-0.37901
6.45644e-10	-0.37908
6.45691e-10	-0.379149
6.45737e-10	-0.379218
6.45783e-10	-0.379287
6.4583e-10	-0.379356
6.45876e-10	-0.379425
6.45923e-10	-0.379493
6.45969e-10	-0.379562
6.46015e-10	-0.379631
6.46062e-10	-0.379699
6.46108e-10	-0.379767
6.46155e-10	-0.379836
6.46201e-10	-0.379904
6.46248e-10	-0.379972
6.46294e-10	-0.38004
6.4634e-10	-0.380108
6.46387e-10	-0.380176
6.46433e-10	-0.380244
6.4648e-10	-0.380312
6.46526e-10	-0.38038
6.46572e-10	-0.380447
6.46619e-10	-0.380515
6.46665e-10	-0.380582
6.46712e-10	-0.38065
6.46758e-10	-0.380717
6.46805e-10	-0.380784
6.46851e-10	-0.380851
6.46897e-10	-0.380918
6.46944e-10	-0.380985
6.4699e-10	-0.381052
6.47037e-10	-0.381119
6.47083e-10	-0.381186
6.47129e-10	-0.381252
6.47176e-10	-0.381319
6.47222e-10	-0.381385
6.47269e-10	-0.381452
6.47315e-10	-0.381518
6.47362e-10	-0.381584
6.47408e-10	-0.38165
6.47454e-10	-0.381716
6.47501e-10	-0.381782
6.47547e-10	-0.381848
6.47594e-10	-0.381914
6.4764e-10	-0.38198
6.47687e-10	-0.382045
6.47733e-10	-0.382111
6.47779e-10	-0.382176
6.47826e-10	-0.382242
6.47872e-10	-0.382307
6.47919e-10	-0.382372
6.47965e-10	-0.382437
6.48011e-10	-0.382503
6.48058e-10	-0.382567
6.48104e-10	-0.382632
6.48151e-10	-0.382697
6.48197e-10	-0.382762
6.48244e-10	-0.382827
6.4829e-10	-0.382891
6.48336e-10	-0.382956
6.48383e-10	-0.38302
6.48429e-10	-0.383084
6.48476e-10	-0.383149
6.48522e-10	-0.383213
6.48568e-10	-0.383277
6.48615e-10	-0.383341
6.48661e-10	-0.383405
6.48708e-10	-0.383468
6.48754e-10	-0.383532
6.48801e-10	-0.383596
6.48847e-10	-0.383659
6.48893e-10	-0.383723
6.4894e-10	-0.383786
6.48986e-10	-0.38385
6.49033e-10	-0.383913
6.49079e-10	-0.383976
6.49125e-10	-0.384039
6.49172e-10	-0.384102
6.49218e-10	-0.384165
6.49265e-10	-0.384228
6.49311e-10	-0.38429
6.49358e-10	-0.384353
6.49404e-10	-0.384415
6.4945e-10	-0.384478
6.49497e-10	-0.38454
6.49543e-10	-0.384603
6.4959e-10	-0.384665
6.49636e-10	-0.384727
6.49682e-10	-0.384789
6.49729e-10	-0.384851
6.49775e-10	-0.384913
6.49822e-10	-0.384975
6.49868e-10	-0.385036
6.49915e-10	-0.385098
6.49961e-10	-0.385159
6.50007e-10	-0.385221
6.50054e-10	-0.385282
6.501e-10	-0.385343
6.50147e-10	-0.385405
6.50193e-10	-0.385466
6.50239e-10	-0.385527
6.50286e-10	-0.385588
6.50332e-10	-0.385648
6.50379e-10	-0.385709
6.50425e-10	-0.38577
6.50472e-10	-0.38583
6.50518e-10	-0.385891
6.50564e-10	-0.385951
6.50611e-10	-0.386012
6.50657e-10	-0.386072
6.50704e-10	-0.386132
6.5075e-10	-0.386192
6.50796e-10	-0.386252
6.50843e-10	-0.386312
6.50889e-10	-0.386372
6.50936e-10	-0.386431
6.50982e-10	-0.386491
6.51029e-10	-0.38655
6.51075e-10	-0.38661
6.51121e-10	-0.386669
6.51168e-10	-0.386728
6.51214e-10	-0.386788
6.51261e-10	-0.386847
6.51307e-10	-0.386906
6.51353e-10	-0.386965
6.514e-10	-0.387024
6.51446e-10	-0.387082
6.51493e-10	-0.387141
6.51539e-10	-0.387199
6.51586e-10	-0.387258
6.51632e-10	-0.387316
6.51678e-10	-0.387375
6.51725e-10	-0.387433
6.51771e-10	-0.387491
6.51818e-10	-0.387549
6.51864e-10	-0.387607
6.51911e-10	-0.387665
6.51957e-10	-0.387723
6.52003e-10	-0.38778
6.5205e-10	-0.387838
6.52096e-10	-0.387895
6.52143e-10	-0.387953
6.52189e-10	-0.38801
6.52235e-10	-0.388067
6.52282e-10	-0.388124
6.52328e-10	-0.388182
6.52375e-10	-0.388239
6.52421e-10	-0.388295
6.52468e-10	-0.388352
6.52514e-10	-0.388409
6.5256e-10	-0.388465
6.52607e-10	-0.388522
6.52653e-10	-0.388578
6.527e-10	-0.388635
6.52746e-10	-0.388691
6.52792e-10	-0.388747
6.52839e-10	-0.388803
6.52885e-10	-0.388859
6.52932e-10	-0.388915
6.52978e-10	-0.388971
6.53025e-10	-0.389027
6.53071e-10	-0.389082
6.53117e-10	-0.389138
6.53164e-10	-0.389193
6.5321e-10	-0.389249
6.53257e-10	-0.389304
6.53303e-10	-0.389359
6.53349e-10	-0.389414
6.53396e-10	-0.389469
6.53442e-10	-0.389524
6.53489e-10	-0.389579
6.53535e-10	-0.389634
6.53582e-10	-0.389688
6.53628e-10	-0.389743
6.53674e-10	-0.389797
6.53721e-10	-0.389852
6.53767e-10	-0.389906
6.53814e-10	-0.38996
6.5386e-10	-0.390014
6.53906e-10	-0.390068
6.53953e-10	-0.390122
6.53999e-10	-0.390176
6.54046e-10	-0.39023
6.54092e-10	-0.390283
6.54139e-10	-0.390337
6.54185e-10	-0.39039
6.54231e-10	-0.390444
6.54278e-10	-0.390497
6.54324e-10	-0.39055
6.54371e-10	-0.390603
6.54417e-10	-0.390656
6.54463e-10	-0.390709
6.5451e-10	-0.390762
6.54556e-10	-0.390815
6.54603e-10	-0.390867
6.54649e-10	-0.39092
6.54696e-10	-0.390972
6.54742e-10	-0.391025
6.54788e-10	-0.391077
6.54835e-10	-0.391129
6.54881e-10	-0.391181
6.54928e-10	-0.391233
6.54974e-10	-0.391285
6.5502e-10	-0.391337
6.55067e-10	-0.391388
6.55113e-10	-0.39144
6.5516e-10	-0.391492
6.55206e-10	-0.391543
6.55253e-10	-0.391594
6.55299e-10	-0.391645
6.55345e-10	-0.391697
6.55392e-10	-0.391748
6.55438e-10	-0.391799
6.55485e-10	-0.39185
6.55531e-10	-0.3919
6.55577e-10	-0.391951
6.55624e-10	-0.392002
6.5567e-10	-0.392052
6.55717e-10	-0.392102
6.55763e-10	-0.392153
6.5581e-10	-0.392203
6.55856e-10	-0.392253
6.55902e-10	-0.392303
6.55949e-10	-0.392353
6.55995e-10	-0.392403
6.56042e-10	-0.392453
6.56088e-10	-0.392502
6.56134e-10	-0.392552
6.56181e-10	-0.392601
6.56227e-10	-0.392651
6.56274e-10	-0.3927
6.5632e-10	-0.392749
6.56367e-10	-0.392798
6.56413e-10	-0.392847
6.56459e-10	-0.392896
6.56506e-10	-0.392945
6.56552e-10	-0.392994
6.56599e-10	-0.393042
6.56645e-10	-0.393091
6.56692e-10	-0.393139
6.56738e-10	-0.393187
6.56784e-10	-0.393236
6.56831e-10	-0.393284
6.56877e-10	-0.393332
6.56924e-10	-0.39338
6.5697e-10	-0.393428
6.57016e-10	-0.393475
6.57063e-10	-0.393523
6.57109e-10	-0.393571
6.57156e-10	-0.393618
6.57202e-10	-0.393665
6.57249e-10	-0.393713
6.57295e-10	-0.39376
6.57341e-10	-0.393807
6.57388e-10	-0.393854
6.57434e-10	-0.393901
6.57481e-10	-0.393948
6.57527e-10	-0.393994
6.57573e-10	-0.394041
6.5762e-10	-0.394087
6.57666e-10	-0.394134
6.57713e-10	-0.39418
6.57759e-10	-0.394226
6.57806e-10	-0.394273
6.57852e-10	-0.394319
6.57898e-10	-0.394364
6.57945e-10	-0.39441
6.57991e-10	-0.394456
6.58038e-10	-0.394502
6.58084e-10	-0.394547
6.5813e-10	-0.394593
6.58177e-10	-0.394638
6.58223e-10	-0.394683
6.5827e-10	-0.394728
6.58316e-10	-0.394774
6.58363e-10	-0.394818
6.58409e-10	-0.394863
6.58455e-10	-0.394908
6.58502e-10	-0.394953
6.58548e-10	-0.394997
6.58595e-10	-0.395042
6.58641e-10	-0.395086
6.58687e-10	-0.395131
6.58734e-10	-0.395175
6.5878e-10	-0.395219
6.58827e-10	-0.395263
6.58873e-10	-0.395307
6.5892e-10	-0.39535
6.58966e-10	-0.395394
6.59012e-10	-0.395438
6.59059e-10	-0.395481
6.59105e-10	-0.395525
6.59152e-10	-0.395568
6.59198e-10	-0.395611
6.59244e-10	-0.395654
6.59291e-10	-0.395697
6.59337e-10	-0.39574
6.59384e-10	-0.395783
6.5943e-10	-0.395826
6.59477e-10	-0.395868
6.59523e-10	-0.395911
6.59569e-10	-0.395953
6.59616e-10	-0.395996
6.59662e-10	-0.396038
6.59709e-10	-0.39608
6.59755e-10	-0.396122
6.59801e-10	-0.396164
6.59848e-10	-0.396206
6.59894e-10	-0.396247
6.59941e-10	-0.396289
6.59987e-10	-0.396331
6.60034e-10	-0.396372
6.6008e-10	-0.396413
6.60126e-10	-0.396455
6.60173e-10	-0.396496
6.60219e-10	-0.396537
6.60266e-10	-0.396578
6.60312e-10	-0.396619
6.60358e-10	-0.396659
6.60405e-10	-0.3967
6.60451e-10	-0.39674
6.60498e-10	-0.396781
6.60544e-10	-0.396821
6.60591e-10	-0.396861
6.60637e-10	-0.396902
6.60683e-10	-0.396942
6.6073e-10	-0.396982
6.60776e-10	-0.397021
6.60823e-10	-0.397061
6.60869e-10	-0.397101
6.60915e-10	-0.39714
6.60962e-10	-0.39718
6.61008e-10	-0.397219
6.61055e-10	-0.397258
6.61101e-10	-0.397297
6.61148e-10	-0.397336
6.61194e-10	-0.397375
6.6124e-10	-0.397414
6.61287e-10	-0.397453
6.61333e-10	-0.397492
6.6138e-10	-0.39753
6.61426e-10	-0.397569
6.61473e-10	-0.397607
6.61519e-10	-0.397645
6.61565e-10	-0.397683
6.61612e-10	-0.397721
6.61658e-10	-0.397759
6.61705e-10	-0.397797
6.61751e-10	-0.397835
6.61797e-10	-0.397872
6.61844e-10	-0.39791
6.6189e-10	-0.397947
6.61937e-10	-0.397985
6.61983e-10	-0.398022
6.6203e-10	-0.398059
6.62076e-10	-0.398096
6.62122e-10	-0.398133
6.62169e-10	-0.39817
6.62215e-10	-0.398206
6.62262e-10	-0.398243
6.62308e-10	-0.398279
6.62354e-10	-0.398316
6.62401e-10	-0.398352
6.62447e-10	-0.398388
6.62494e-10	-0.398424
6.6254e-10	-0.39846
6.62587e-10	-0.398496
6.62633e-10	-0.398532
6.62679e-10	-0.398568
6.62726e-10	-0.398603
6.62772e-10	-0.398639
6.62819e-10	-0.398674
6.62865e-10	-0.398709
6.62911e-10	-0.398744
6.62958e-10	-0.39878
6.63004e-10	-0.398814
6.63051e-10	-0.398849
6.63097e-10	-0.398884
6.63144e-10	-0.398919
6.6319e-10	-0.398953
6.63236e-10	-0.398988
6.63283e-10	-0.399022
6.63329e-10	-0.399056
6.63376e-10	-0.39909
6.63422e-10	-0.399124
6.63468e-10	-0.399158
6.63515e-10	-0.399192
6.63561e-10	-0.399226
6.63608e-10	-0.399259
6.63654e-10	-0.399293
6.63701e-10	-0.399326
6.63747e-10	-0.39936
6.63793e-10	-0.399393
6.6384e-10	-0.399426
6.63886e-10	-0.399459
6.63933e-10	-0.399492
6.63979e-10	-0.399525
6.64025e-10	-0.399557
6.64072e-10	-0.39959
6.64118e-10	-0.399622
6.64165e-10	-0.399655
6.64211e-10	-0.399687
6.64258e-10	-0.399719
6.64304e-10	-0.399751
6.6435e-10	-0.399783
6.64397e-10	-0.399815
6.64443e-10	-0.399847
6.6449e-10	-0.399878
6.64536e-10	-0.39991
6.64582e-10	-0.399941
6.64629e-10	-0.399972
6.64675e-10	-0.400004
6.64722e-10	-0.400035
6.64768e-10	-0.400066
6.64815e-10	-0.400097
6.64861e-10	-0.400127
6.64907e-10	-0.400158
6.64954e-10	-0.400189
6.65e-10	-0.400219
6.65047e-10	-0.400249
6.65093e-10	-0.40028
6.65139e-10	-0.40031
6.65186e-10	-0.40034
6.65232e-10	-0.40037
6.65279e-10	-0.4004
6.65325e-10	-0.400429
6.65372e-10	-0.400459
6.65418e-10	-0.400489
6.65464e-10	-0.400518
6.65511e-10	-0.400547
6.65557e-10	-0.400576
6.65604e-10	-0.400606
6.6565e-10	-0.400634
6.65696e-10	-0.400663
6.65743e-10	-0.400692
6.65789e-10	-0.400721
6.65836e-10	-0.400749
6.65882e-10	-0.400778
6.65929e-10	-0.400806
6.65975e-10	-0.400834
6.66021e-10	-0.400862
6.66068e-10	-0.40089
6.66114e-10	-0.400918
6.66161e-10	-0.400946
6.66207e-10	-0.400974
6.66254e-10	-0.401002
6.663e-10	-0.401029
6.66346e-10	-0.401056
6.66393e-10	-0.401084
6.66439e-10	-0.401111
6.66486e-10	-0.401138
6.66532e-10	-0.401165
6.66578e-10	-0.401192
6.66625e-10	-0.401218
6.66671e-10	-0.401245
6.66718e-10	-0.401272
6.66764e-10	-0.401298
6.66811e-10	-0.401324
6.66857e-10	-0.40135
6.66903e-10	-0.401376
6.6695e-10	-0.401402
6.66996e-10	-0.401428
6.67043e-10	-0.401454
6.67089e-10	-0.40148
6.67135e-10	-0.401505
6.67182e-10	-0.401531
6.67228e-10	-0.401556
6.67275e-10	-0.401581
6.67321e-10	-0.401606
6.67368e-10	-0.401631
6.67414e-10	-0.401656
6.6746e-10	-0.401681
6.67507e-10	-0.401706
6.67553e-10	-0.40173
6.676e-10	-0.401755
6.67646e-10	-0.401779
6.67692e-10	-0.401803
6.67739e-10	-0.401827
6.67785e-10	-0.401851
6.67832e-10	-0.401875
6.67878e-10	-0.401899
6.67925e-10	-0.401923
6.67971e-10	-0.401946
6.68017e-10	-0.40197
6.68064e-10	-0.401993
6.6811e-10	-0.402017
6.68157e-10	-0.40204
6.68203e-10	-0.402063
6.68249e-10	-0.402086
6.68296e-10	-0.402108
6.68342e-10	-0.402131
6.68389e-10	-0.402154
6.68435e-10	-0.402176
6.68482e-10	-0.402199
6.68528e-10	-0.402221
6.68574e-10	-0.402243
6.68621e-10	-0.402265
6.68667e-10	-0.402287
6.68714e-10	-0.402309
6.6876e-10	-0.402331
6.68806e-10	-0.402352
6.68853e-10	-0.402374
6.68899e-10	-0.402395
6.68946e-10	-0.402416
6.68992e-10	-0.402437
6.69039e-10	-0.402459
6.69085e-10	-0.402479
6.69131e-10	-0.4025
6.69178e-10	-0.402521
6.69224e-10	-0.402542
6.69271e-10	-0.402562
6.69317e-10	-0.402582
6.69363e-10	-0.402603
6.6941e-10	-0.402623
6.69456e-10	-0.402643
6.69503e-10	-0.402663
6.69549e-10	-0.402683
6.69596e-10	-0.402702
6.69642e-10	-0.402722
6.69688e-10	-0.402742
6.69735e-10	-0.402761
6.69781e-10	-0.40278
6.69828e-10	-0.402799
6.69874e-10	-0.402818
6.6992e-10	-0.402837
6.69967e-10	-0.402856
6.70013e-10	-0.402875
6.7006e-10	-0.402893
6.70106e-10	-0.402912
6.70153e-10	-0.40293
6.70199e-10	-0.402949
6.70245e-10	-0.402967
6.70292e-10	-0.402985
6.70338e-10	-0.403003
6.70385e-10	-0.403021
6.70431e-10	-0.403038
6.70477e-10	-0.403056
6.70524e-10	-0.403073
6.7057e-10	-0.403091
6.70617e-10	-0.403108
6.70663e-10	-0.403125
6.7071e-10	-0.403142
6.70756e-10	-0.403159
6.70802e-10	-0.403176
6.70849e-10	-0.403193
6.70895e-10	-0.403209
6.70942e-10	-0.403226
6.70988e-10	-0.403242
6.71035e-10	-0.403258
6.71081e-10	-0.403274
6.71127e-10	-0.40329
6.71174e-10	-0.403306
6.7122e-10	-0.403322
6.71267e-10	-0.403338
6.71313e-10	-0.403353
6.71359e-10	-0.403369
6.71406e-10	-0.403384
6.71452e-10	-0.403399
6.71499e-10	-0.403414
6.71545e-10	-0.403429
6.71592e-10	-0.403444
6.71638e-10	-0.403459
6.71684e-10	-0.403474
6.71731e-10	-0.403488
6.71777e-10	-0.403502
6.71824e-10	-0.403517
6.7187e-10	-0.403531
6.71916e-10	-0.403545
6.71963e-10	-0.403559
6.72009e-10	-0.403573
6.72056e-10	-0.403587
6.72102e-10	-0.4036
6.72149e-10	-0.403614
6.72195e-10	-0.403627
6.72241e-10	-0.40364
6.72288e-10	-0.403654
6.72334e-10	-0.403667
6.72381e-10	-0.40368
6.72427e-10	-0.403692
6.72473e-10	-0.403705
6.7252e-10	-0.403718
6.72566e-10	-0.40373
6.72613e-10	-0.403742
6.72659e-10	-0.403755
6.72706e-10	-0.403767
6.72752e-10	-0.403779
6.72798e-10	-0.403791
6.72845e-10	-0.403803
6.72891e-10	-0.403814
6.72938e-10	-0.403826
6.72984e-10	-0.403837
6.7303e-10	-0.403848
6.73077e-10	-0.40386
6.73123e-10	-0.403871
6.7317e-10	-0.403882
6.73216e-10	-0.403893
6.73263e-10	-0.403903
6.73309e-10	-0.403914
6.73355e-10	-0.403924
6.73402e-10	-0.403935
6.73448e-10	-0.403945
6.73495e-10	-0.403955
6.73541e-10	-0.403965
6.73587e-10	-0.403975
6.73634e-10	-0.403985
6.7368e-10	-0.403995
6.73727e-10	-0.404004
6.73773e-10	-0.404014
6.7382e-10	-0.404023
6.73866e-10	-0.404032
6.73912e-10	-0.404042
6.73959e-10	-0.404051
6.74005e-10	-0.404059
6.74052e-10	-0.404068
6.74098e-10	-0.404077
6.74144e-10	-0.404085
6.74191e-10	-0.404094
6.74237e-10	-0.404102
6.74284e-10	-0.40411
6.7433e-10	-0.404118
6.74377e-10	-0.404126
6.74423e-10	-0.404134
6.74469e-10	-0.404142
6.74516e-10	-0.404149
6.74562e-10	-0.404157
6.74609e-10	-0.404164
6.74655e-10	-0.404171
6.74701e-10	-0.404179
6.74748e-10	-0.404186
6.74794e-10	-0.404192
6.74841e-10	-0.404199
6.74887e-10	-0.404206
6.74934e-10	-0.404212
6.7498e-10	-0.404219
6.75026e-10	-0.404225
6.75073e-10	-0.404231
6.75119e-10	-0.404237
6.75166e-10	-0.404243
6.75212e-10	-0.404249
6.75259e-10	-0.404255
6.75305e-10	-0.40426
6.75351e-10	-0.404266
6.75398e-10	-0.404271
6.75444e-10	-0.404276
6.75491e-10	-0.404282
6.75537e-10	-0.404287
6.75583e-10	-0.404291
6.7563e-10	-0.404296
6.75676e-10	-0.404301
6.75723e-10	-0.404305
6.75769e-10	-0.40431
6.75816e-10	-0.404314
6.75862e-10	-0.404318
6.75908e-10	-0.404322
6.75955e-10	-0.404326
6.76001e-10	-0.40433
6.76048e-10	-0.404334
6.76094e-10	-0.404337
6.7614e-10	-0.404341
6.76187e-10	-0.404344
6.76233e-10	-0.404347
6.7628e-10	-0.40435
6.76326e-10	-0.404353
6.76373e-10	-0.404356
6.76419e-10	-0.404359
6.76465e-10	-0.404362
6.76512e-10	-0.404364
6.76558e-10	-0.404366
6.76605e-10	-0.404369
6.76651e-10	-0.404371
6.76697e-10	-0.404373
6.76744e-10	-0.404375
6.7679e-10	-0.404377
6.76837e-10	-0.404378
6.76883e-10	-0.40438
6.7693e-10	-0.404381
6.76976e-10	-0.404382
6.77022e-10	-0.404384
6.77069e-10	-0.404385
6.77115e-10	-0.404386
6.77162e-10	-0.404386
6.77208e-10	-0.404387
6.77254e-10	-0.404388
6.77301e-10	-0.404388
6.77347e-10	-0.404389
6.77394e-10	-0.404389
6.7744e-10	-0.404389
6.77487e-10	-0.404389
6.77533e-10	-0.404389
6.77579e-10	-0.404388
6.77626e-10	-0.404388
6.77672e-10	-0.404388
6.77719e-10	-0.404387
6.77765e-10	-0.404386
6.77811e-10	-0.404385
6.77858e-10	-0.404384
6.77904e-10	-0.404383
6.77951e-10	-0.404382
6.77997e-10	-0.404381
6.78044e-10	-0.404379
6.7809e-10	-0.404377
6.78136e-10	-0.404376
6.78183e-10	-0.404374
6.78229e-10	-0.404372
6.78276e-10	-0.40437
6.78322e-10	-0.404368
6.78368e-10	-0.404365
6.78415e-10	-0.404363
6.78461e-10	-0.40436
6.78508e-10	-0.404358
6.78554e-10	-0.404355
6.78601e-10	-0.404352
6.78647e-10	-0.404349
6.78693e-10	-0.404346
6.7874e-10	-0.404342
6.78786e-10	-0.404339
6.78833e-10	-0.404335
6.78879e-10	-0.404332
6.78925e-10	-0.404328
6.78972e-10	-0.404324
6.79018e-10	-0.40432
6.79065e-10	-0.404316
6.79111e-10	-0.404311
6.79158e-10	-0.404307
6.79204e-10	-0.404303
6.7925e-10	-0.404298
6.79297e-10	-0.404293
6.79343e-10	-0.404288
6.7939e-10	-0.404283
6.79436e-10	-0.404278
6.79482e-10	-0.404273
6.79529e-10	-0.404267
6.79575e-10	-0.404262
6.79622e-10	-0.404256
6.79668e-10	-0.404251
6.79715e-10	-0.404245
6.79761e-10	-0.404239
6.79807e-10	-0.404232
6.79854e-10	-0.404226
6.799e-10	-0.40422
6.79947e-10	-0.404213
6.79993e-10	-0.404207
6.8004e-10	-0.4042
6.80086e-10	-0.404193
6.80132e-10	-0.404186
6.80179e-10	-0.404179
6.80225e-10	-0.404172
6.80272e-10	-0.404164
6.80318e-10	-0.404157
6.80364e-10	-0.404149
6.80411e-10	-0.404142
6.80457e-10	-0.404134
6.80504e-10	-0.404126
6.8055e-10	-0.404118
6.80597e-10	-0.404109
6.80643e-10	-0.404101
6.80689e-10	-0.404093
6.80736e-10	-0.404084
6.80782e-10	-0.404075
6.80829e-10	-0.404066
6.80875e-10	-0.404057
6.80921e-10	-0.404048
6.80968e-10	-0.404039
6.81014e-10	-0.40403
6.81061e-10	-0.40402
6.81107e-10	-0.404011
6.81154e-10	-0.404001
6.812e-10	-0.403991
6.81246e-10	-0.403981
6.81293e-10	-0.403971
6.81339e-10	-0.403961
6.81386e-10	-0.40395
6.81432e-10	-0.40394
6.81478e-10	-0.403929
6.81525e-10	-0.403919
6.81571e-10	-0.403908
6.81618e-10	-0.403897
6.81664e-10	-0.403886
6.81711e-10	-0.403874
6.81757e-10	-0.403863
6.81803e-10	-0.403852
6.8185e-10	-0.40384
6.81896e-10	-0.403828
6.81943e-10	-0.403816
6.81989e-10	-0.403804
6.82035e-10	-0.403792
6.82082e-10	-0.40378
6.82128e-10	-0.403768
6.82175e-10	-0.403755
6.82221e-10	-0.403743
6.82268e-10	-0.40373
6.82314e-10	-0.403717
6.8236e-10	-0.403704
6.82407e-10	-0.403691
6.82453e-10	-0.403678
6.825e-10	-0.403664
6.82546e-10	-0.403651
6.82592e-10	-0.403637
6.82639e-10	-0.403623
6.82685e-10	-0.40361
6.82732e-10	-0.403596
6.82778e-10	-0.403581
6.82825e-10	-0.403567
6.82871e-10	-0.403553
6.82917e-10	-0.403538
6.82964e-10	-0.403524
6.8301e-10	-0.403509
6.83057e-10	-0.403494
6.83103e-10	-0.403479
6.83149e-10	-0.403464
6.83196e-10	-0.403449
6.83242e-10	-0.403433
6.83289e-10	-0.403418
6.83335e-10	-0.403402
6.83382e-10	-0.403386
6.83428e-10	-0.40337
6.83474e-10	-0.403354
6.83521e-10	-0.403338
6.83567e-10	-0.403322
6.83614e-10	-0.403306
6.8366e-10	-0.403289
6.83706e-10	-0.403272
6.83753e-10	-0.403256
6.83799e-10	-0.403239
6.83846e-10	-0.403222
6.83892e-10	-0.403204
6.83939e-10	-0.403187
6.83985e-10	-0.40317
6.84031e-10	-0.403152
6.84078e-10	-0.403134
6.84124e-10	-0.403117
6.84171e-10	-0.403099
6.84217e-10	-0.403081
6.84263e-10	-0.403062
6.8431e-10	-0.403044
6.84356e-10	-0.403026
6.84403e-10	-0.403007
6.84449e-10	-0.402988
6.84496e-10	-0.402969
6.84542e-10	-0.40295
6.84588e-10	-0.402931
6.84635e-10	-0.402912
6.84681e-10	-0.402893
6.84728e-10	-0.402873
6.84774e-10	-0.402854
6.84821e-10	-0.402834
6.84867e-10	-0.402814
6.84913e-10	-0.402794
6.8496e-10	-0.402774
6.85006e-10	-0.402754
6.85053e-10	-0.402733
6.85099e-10	-0.402713
6.85145e-10	-0.402692
6.85192e-10	-0.402671
6.85238e-10	-0.402651
6.85285e-10	-0.402629
6.85331e-10	-0.402608
6.85378e-10	-0.402587
6.85424e-10	-0.402566
6.8547e-10	-0.402544
6.85517e-10	-0.402522
6.85563e-10	-0.402501
6.8561e-10	-0.402479
6.85656e-10	-0.402457
6.85702e-10	-0.402434
6.85749e-10	-0.402412
6.85795e-10	-0.40239
6.85842e-10	-0.402367
6.85888e-10	-0.402344
6.85935e-10	-0.402321
6.85981e-10	-0.402298
6.86027e-10	-0.402275
6.86074e-10	-0.402252
6.8612e-10	-0.402229
6.86167e-10	-0.402205
6.86213e-10	-0.402182
6.86259e-10	-0.402158
6.86306e-10	-0.402134
6.86352e-10	-0.40211
6.86399e-10	-0.402086
6.86445e-10	-0.402062
6.86492e-10	-0.402037
6.86538e-10	-0.402013
6.86584e-10	-0.401988
6.86631e-10	-0.401963
6.86677e-10	-0.401938
6.86724e-10	-0.401913
6.8677e-10	-0.401888
6.86816e-10	-0.401863
6.86863e-10	-0.401837
6.86909e-10	-0.401812
6.86956e-10	-0.401786
6.87002e-10	-0.40176
6.87049e-10	-0.401734
6.87095e-10	-0.401708
6.87141e-10	-0.401682
6.87188e-10	-0.401655
6.87234e-10	-0.401629
6.87281e-10	-0.401602
6.87327e-10	-0.401576
6.87373e-10	-0.401549
6.8742e-10	-0.401522
6.87466e-10	-0.401495
6.87513e-10	-0.401467
6.87559e-10	-0.40144
6.87606e-10	-0.401412
6.87652e-10	-0.401385
6.87698e-10	-0.401357
6.87745e-10	-0.401329
6.87791e-10	-0.401301
6.87838e-10	-0.401273
6.87884e-10	-0.401244
6.8793e-10	-0.401216
6.87977e-10	-0.401187
6.88023e-10	-0.401158
6.8807e-10	-0.40113
6.88116e-10	-0.401101
6.88163e-10	-0.401071
6.88209e-10	-0.401042
6.88255e-10	-0.401013
6.88302e-10	-0.400983
6.88348e-10	-0.400954
6.88395e-10	-0.400924
6.88441e-10	-0.400894
6.88487e-10	-0.400864
6.88534e-10	-0.400834
6.8858e-10	-0.400803
6.88627e-10	-0.400773
6.88673e-10	-0.400742
6.8872e-10	-0.400712
6.88766e-10	-0.400681
6.88812e-10	-0.40065
6.88859e-10	-0.400619
6.88905e-10	-0.400587
6.88952e-10	-0.400556
6.88998e-10	-0.400525
6.89044e-10	-0.400493
6.89091e-10	-0.400461
6.89137e-10	-0.400429
6.89184e-10	-0.400397
6.8923e-10	-0.400365
6.89277e-10	-0.400333
6.89323e-10	-0.4003
6.89369e-10	-0.400268
6.89416e-10	-0.400235
6.89462e-10	-0.400202
6.89509e-10	-0.400169
6.89555e-10	-0.400136
6.89602e-10	-0.400103
6.89648e-10	-0.400069
6.89694e-10	-0.400036
6.89741e-10	-0.400002
6.89787e-10	-0.399969
6.89834e-10	-0.399935
6.8988e-10	-0.399901
6.89926e-10	-0.399866
6.89973e-10	-0.399832
6.90019e-10	-0.399798
6.90066e-10	-0.399763
6.90112e-10	-0.399728
6.90159e-10	-0.399693
6.90205e-10	-0.399659
6.90251e-10	-0.399623
6.90298e-10	-0.399588
6.90344e-10	-0.399553
6.90391e-10	-0.399517
6.90437e-10	-0.399482
6.90483e-10	-0.399446
6.9053e-10	-0.39941
6.90576e-10	-0.399374
6.90623e-10	-0.399338
6.90669e-10	-0.399301
6.90716e-10	-0.399265
6.90762e-10	-0.399228
6.90808e-10	-0.399192
6.90855e-10	-0.399155
6.90901e-10	-0.399118
6.90948e-10	-0.399081
6.90994e-10	-0.399043
6.9104e-10	-0.399006
6.91087e-10	-0.398968
6.91133e-10	-0.398931
6.9118e-10	-0.398893
6.91226e-10	-0.398855
6.91273e-10	-0.398817
6.91319e-10	-0.398779
6.91365e-10	-0.39874
6.91412e-10	-0.398702
6.91458e-10	-0.398663
6.91505e-10	-0.398625
6.91551e-10	-0.398586
6.91597e-10	-0.398547
6.91644e-10	-0.398507
6.9169e-10	-0.398468
6.91737e-10	-0.398429
6.91783e-10	-0.398389
6.9183e-10	-0.39835
6.91876e-10	-0.39831
6.91922e-10	-0.39827
6.91969e-10	-0.39823
6.92015e-10	-0.398189
6.92062e-10	-0.398149
6.92108e-10	-0.398108
6.92154e-10	-0.398068
6.92201e-10	-0.398027
6.92247e-10	-0.397986
6.92294e-10	-0.397945
6.9234e-10	-0.397904
6.92387e-10	-0.397863
6.92433e-10	-0.397821
6.92479e-10	-0.39778
6.92526e-10	-0.397738
6.92572e-10	-0.397696
6.92619e-10	-0.397654
6.92665e-10	-0.397612
6.92711e-10	-0.39757
6.92758e-10	-0.397527
6.92804e-10	-0.397485
6.92851e-10	-0.397442
6.92897e-10	-0.397399
6.92944e-10	-0.397356
6.9299e-10	-0.397313
6.93036e-10	-0.39727
6.93083e-10	-0.397226
6.93129e-10	-0.397183
6.93176e-10	-0.397139
6.93222e-10	-0.397095
6.93268e-10	-0.397052
6.93315e-10	-0.397007
6.93361e-10	-0.396963
6.93408e-10	-0.396919
6.93454e-10	-0.396875
6.93501e-10	-0.39683
6.93547e-10	-0.396785
6.93593e-10	-0.39674
6.9364e-10	-0.396695
6.93686e-10	-0.39665
6.93733e-10	-0.396605
6.93779e-10	-0.396559
6.93825e-10	-0.396514
6.93872e-10	-0.396468
6.93918e-10	-0.396422
6.93965e-10	-0.396376
6.94011e-10	-0.39633
6.94058e-10	-0.396284
6.94104e-10	-0.396238
6.9415e-10	-0.396191
6.94197e-10	-0.396144
6.94243e-10	-0.396098
6.9429e-10	-0.396051
6.94336e-10	-0.396004
6.94383e-10	-0.395956
6.94429e-10	-0.395909
6.94475e-10	-0.395862
6.94522e-10	-0.395814
6.94568e-10	-0.395766
6.94615e-10	-0.395718
6.94661e-10	-0.39567
6.94707e-10	-0.395622
6.94754e-10	-0.395574
6.948e-10	-0.395525
6.94847e-10	-0.395477
6.94893e-10	-0.395428
6.9494e-10	-0.395379
6.94986e-10	-0.39533
6.95032e-10	-0.395281
6.95079e-10	-0.395232
6.95125e-10	-0.395182
6.95172e-10	-0.395133
6.95218e-10	-0.395083
6.95264e-10	-0.395033
6.95311e-10	-0.394983
6.95357e-10	-0.394933
6.95404e-10	-0.394883
6.9545e-10	-0.394833
6.95497e-10	-0.394782
6.95543e-10	-0.394731
6.95589e-10	-0.394681
6.95636e-10	-0.39463
6.95682e-10	-0.394579
6.95729e-10	-0.394527
6.95775e-10	-0.394476
6.95821e-10	-0.394424
6.95868e-10	-0.394373
6.95914e-10	-0.394321
6.95961e-10	-0.394269
6.96007e-10	-0.394217
6.96054e-10	-0.394165
6.961e-10	-0.394113
6.96146e-10	-0.39406
6.96193e-10	-0.394007
6.96239e-10	-0.393955
6.96286e-10	-0.393902
6.96332e-10	-0.393849
6.96378e-10	-0.393796
6.96425e-10	-0.393742
6.96471e-10	-0.393689
6.96518e-10	-0.393635
6.96564e-10	-0.393582
6.96611e-10	-0.393528
6.96657e-10	-0.393474
6.96703e-10	-0.39342
6.9675e-10	-0.393365
6.96796e-10	-0.393311
6.96843e-10	-0.393256
6.96889e-10	-0.393202
6.96935e-10	-0.393147
6.96982e-10	-0.393092
6.97028e-10	-0.393037
6.97075e-10	-0.392981
6.97121e-10	-0.392926
6.97168e-10	-0.39287
6.97214e-10	-0.392815
6.9726e-10	-0.392759
6.97307e-10	-0.392703
6.97353e-10	-0.392647
6.974e-10	-0.392591
6.97446e-10	-0.392534
6.97492e-10	-0.392478
6.97539e-10	-0.392421
6.97585e-10	-0.392364
6.97632e-10	-0.392307
6.97678e-10	-0.39225
6.97725e-10	-0.392193
6.97771e-10	-0.392136
6.97817e-10	-0.392078
6.97864e-10	-0.39202
6.9791e-10	-0.391963
6.97957e-10	-0.391905
6.98003e-10	-0.391847
6.98049e-10	-0.391788
6.98096e-10	-0.39173
6.98142e-10	-0.391672
6.98189e-10	-0.391613
6.98235e-10	-0.391554
6.98282e-10	-0.391495
6.98328e-10	-0.391436
6.98374e-10	-0.391377
6.98421e-10	-0.391318
6.98467e-10	-0.391258
6.98514e-10	-0.391199
6.9856e-10	-0.391139
6.98606e-10	-0.391079
6.98653e-10	-0.391019
6.98699e-10	-0.390959
6.98746e-10	-0.390898
6.98792e-10	-0.390838
6.98839e-10	-0.390777
6.98885e-10	-0.390716
6.98931e-10	-0.390656
6.98978e-10	-0.390595
6.99024e-10	-0.390533
6.99071e-10	-0.390472
6.99117e-10	-0.390411
6.99164e-10	-0.390349
6.9921e-10	-0.390287
6.99256e-10	-0.390225
6.99303e-10	-0.390163
6.99349e-10	-0.390101
6.99396e-10	-0.390039
6.99442e-10	-0.389976
6.99488e-10	-0.389914
6.99535e-10	-0.389851
6.99581e-10	-0.389788
6.99628e-10	-0.389725
6.99674e-10	-0.389662
6.99721e-10	-0.389599
6.99767e-10	-0.389535
6.99813e-10	-0.389472
6.9986e-10	-0.389408
6.99906e-10	-0.389344
6.99953e-10	-0.38928
6.99999e-10	-0.389216
7.00045e-10	-0.389152
7.00092e-10	-0.389087
7.00138e-10	-0.389023
7.00185e-10	-0.388958
7.00231e-10	-0.388893
7.00278e-10	-0.388828
7.00324e-10	-0.388763
7.0037e-10	-0.388698
7.00417e-10	-0.388632
7.00463e-10	-0.388567
7.0051e-10	-0.388501
7.00556e-10	-0.388435
7.00602e-10	-0.388369
7.00649e-10	-0.388303
7.00695e-10	-0.388237
7.00742e-10	-0.38817
7.00788e-10	-0.388104
7.00835e-10	-0.388037
7.00881e-10	-0.38797
7.00927e-10	-0.387903
7.00974e-10	-0.387836
7.0102e-10	-0.387768
7.01067e-10	-0.387701
7.01113e-10	-0.387633
7.01159e-10	-0.387566
7.01206e-10	-0.387498
7.01252e-10	-0.38743
7.01299e-10	-0.387362
7.01345e-10	-0.387293
7.01392e-10	-0.387225
7.01438e-10	-0.387156
7.01484e-10	-0.387088
7.01531e-10	-0.387019
7.01577e-10	-0.38695
7.01624e-10	-0.386881
7.0167e-10	-0.386811
7.01716e-10	-0.386742
7.01763e-10	-0.386672
7.01809e-10	-0.386603
7.01856e-10	-0.386533
7.01902e-10	-0.386463
7.01949e-10	-0.386393
7.01995e-10	-0.386322
7.02041e-10	-0.386252
7.02088e-10	-0.386181
7.02134e-10	-0.38611
7.02181e-10	-0.38604
7.02227e-10	-0.385969
7.02273e-10	-0.385897
7.0232e-10	-0.385826
7.02366e-10	-0.385755
7.02413e-10	-0.385683
7.02459e-10	-0.385611
7.02506e-10	-0.385539
7.02552e-10	-0.385467
7.02598e-10	-0.385395
7.02645e-10	-0.385323
7.02691e-10	-0.38525
7.02738e-10	-0.385178
7.02784e-10	-0.385105
7.0283e-10	-0.385032
7.02877e-10	-0.384959
7.02923e-10	-0.384886
7.0297e-10	-0.384813
7.03016e-10	-0.384739
7.03063e-10	-0.384665
7.03109e-10	-0.384592
7.03155e-10	-0.384518
7.03202e-10	-0.384444
7.03248e-10	-0.38437
7.03295e-10	-0.384295
7.03341e-10	-0.384221
7.03388e-10	-0.384146
7.03434e-10	-0.384071
7.0348e-10	-0.383996
7.03527e-10	-0.383921
7.03573e-10	-0.383846
7.0362e-10	-0.383771
7.03666e-10	-0.383695
7.03712e-10	-0.38362
7.03759e-10	-0.383544
7.03805e-10	-0.383468
7.03852e-10	-0.383392
7.03898e-10	-0.383316
7.03945e-10	-0.383239
7.03991e-10	-0.383163
7.04037e-10	-0.383086
7.04084e-10	-0.383009
7.0413e-10	-0.382932
7.04177e-10	-0.382855
7.04223e-10	-0.382778
7.04269e-10	-0.382701
7.04316e-10	-0.382623
7.04362e-10	-0.382545
7.04409e-10	-0.382468
7.04455e-10	-0.38239
7.04502e-10	-0.382311
7.04548e-10	-0.382233
7.04594e-10	-0.382155
7.04641e-10	-0.382076
7.04687e-10	-0.381998
7.04734e-10	-0.381919
7.0478e-10	-0.38184
7.04826e-10	-0.381761
7.04873e-10	-0.381681
7.04919e-10	-0.381602
7.04966e-10	-0.381522
7.05012e-10	-0.381443
7.05059e-10	-0.381363
7.05105e-10	-0.381283
7.05151e-10	-0.381203
7.05198e-10	-0.381122
7.05244e-10	-0.381042
7.05291e-10	-0.380961
7.05337e-10	-0.380881
7.05383e-10	-0.3808
7.0543e-10	-0.380719
7.05476e-10	-0.380637
7.05523e-10	-0.380556
7.05569e-10	-0.380475
7.05616e-10	-0.380393
7.05662e-10	-0.380311
7.05708e-10	-0.380229
7.05755e-10	-0.380147
7.05801e-10	-0.380065
7.05848e-10	-0.379983
7.05894e-10	-0.3799
7.0594e-10	-0.379818
7.05987e-10	-0.379735
7.06033e-10	-0.379652
7.0608e-10	-0.379569
7.06126e-10	-0.379486
7.06173e-10	-0.379402
7.06219e-10	-0.379319
7.06265e-10	-0.379235
7.06312e-10	-0.379151
7.06358e-10	-0.379067
7.06405e-10	-0.378983
7.06451e-10	-0.378899
7.06497e-10	-0.378815
7.06544e-10	-0.37873
7.0659e-10	-0.378645
7.06637e-10	-0.378561
7.06683e-10	-0.378476
7.0673e-10	-0.378391
7.06776e-10	-0.378305
7.06822e-10	-0.37822
7.06869e-10	-0.378134
7.06915e-10	-0.378049
7.06962e-10	-0.377963
7.07008e-10	-0.377877
7.07054e-10	-0.377791
7.07101e-10	-0.377704
7.07147e-10	-0.377618
7.07194e-10	-0.377531
7.0724e-10	-0.377444
7.07287e-10	-0.377358
7.07333e-10	-0.377271
7.07379e-10	-0.377183
7.07426e-10	-0.377096
7.07472e-10	-0.377009
7.07519e-10	-0.376921
7.07565e-10	-0.376833
7.07611e-10	-0.376745
7.07658e-10	-0.376657
7.07704e-10	-0.376569
7.07751e-10	-0.376481
7.07797e-10	-0.376392
7.07844e-10	-0.376303
7.0789e-10	-0.376215
7.07936e-10	-0.376126
7.07983e-10	-0.376037
7.08029e-10	-0.375947
7.08076e-10	-0.375858
7.08122e-10	-0.375768
7.08169e-10	-0.375679
7.08215e-10	-0.375589
7.08261e-10	-0.375499
7.08308e-10	-0.375409
7.08354e-10	-0.375318
7.08401e-10	-0.375228
7.08447e-10	-0.375137
7.08493e-10	-0.375047
7.0854e-10	-0.374956
7.08586e-10	-0.374865
7.08633e-10	-0.374774
7.08679e-10	-0.374682
7.08726e-10	-0.374591
7.08772e-10	-0.374499
7.08818e-10	-0.374408
7.08865e-10	-0.374316
7.08911e-10	-0.374224
7.08958e-10	-0.374131
7.09004e-10	-0.374039
7.0905e-10	-0.373946
7.09097e-10	-0.373854
7.09143e-10	-0.373761
7.0919e-10	-0.373668
7.09236e-10	-0.373575
7.09283e-10	-0.373482
7.09329e-10	-0.373388
7.09375e-10	-0.373295
7.09422e-10	-0.373201
7.09468e-10	-0.373107
7.09515e-10	-0.373013
7.09561e-10	-0.372919
7.09607e-10	-0.372825
7.09654e-10	-0.37273
7.097e-10	-0.372636
7.09747e-10	-0.372541
7.09793e-10	-0.372446
7.0984e-10	-0.372351
7.09886e-10	-0.372256
7.09932e-10	-0.372161
7.09979e-10	-0.372065
7.10025e-10	-0.37197
7.10072e-10	-0.371874
7.10118e-10	-0.371778
7.10164e-10	-0.371682
7.10211e-10	-0.371586
7.10257e-10	-0.371489
7.10304e-10	-0.371393
7.1035e-10	-0.371296
7.10397e-10	-0.371199
7.10443e-10	-0.371102
7.10489e-10	-0.371005
7.10536e-10	-0.370908
7.10582e-10	-0.370811
7.10629e-10	-0.370713
7.10675e-10	-0.370615
7.10721e-10	-0.370518
7.10768e-10	-0.37042
7.10814e-10	-0.370321
7.10861e-10	-0.370223
7.10907e-10	-0.370125
7.10954e-10	-0.370026
7.11e-10	-0.369927
7.11046e-10	-0.369828
7.11093e-10	-0.369729
7.11139e-10	-0.36963
7.11186e-10	-0.369531
7.11232e-10	-0.369431
7.11278e-10	-0.369332
7.11325e-10	-0.369232
7.11371e-10	-0.369132
7.11418e-10	-0.369032
7.11464e-10	-0.368932
7.11511e-10	-0.368831
7.11557e-10	-0.368731
7.11603e-10	-0.36863
7.1165e-10	-0.368529
7.11696e-10	-0.368428
7.11743e-10	-0.368327
7.11789e-10	-0.368226
7.11835e-10	-0.368124
7.11882e-10	-0.368023
7.11928e-10	-0.367921
7.11975e-10	-0.367819
7.12021e-10	-0.367717
7.12068e-10	-0.367615
7.12114e-10	-0.367513
7.1216e-10	-0.36741
7.12207e-10	-0.367308
7.12253e-10	-0.367205
7.123e-10	-0.367102
7.12346e-10	-0.366999
7.12392e-10	-0.366896
7.12439e-10	-0.366792
7.12485e-10	-0.366689
7.12532e-10	-0.366585
7.12578e-10	-0.366481
7.12625e-10	-0.366377
7.12671e-10	-0.366273
7.12717e-10	-0.366169
7.12764e-10	-0.366064
7.1281e-10	-0.36596
7.12857e-10	-0.365855
7.12903e-10	-0.36575
7.1295e-10	-0.365645
7.12996e-10	-0.36554
7.13042e-10	-0.365435
7.13089e-10	-0.365329
7.13135e-10	-0.365223
7.13182e-10	-0.365118
7.13228e-10	-0.365012
7.13274e-10	-0.364906
7.13321e-10	-0.364799
7.13367e-10	-0.364693
7.13414e-10	-0.364587
7.1346e-10	-0.36448
7.13507e-10	-0.364373
7.13553e-10	-0.364266
7.13599e-10	-0.364159
7.13646e-10	-0.364052
7.13692e-10	-0.363944
7.13739e-10	-0.363837
7.13785e-10	-0.363729
7.13831e-10	-0.363621
7.13878e-10	-0.363513
7.13924e-10	-0.363405
7.13971e-10	-0.363296
7.14017e-10	-0.363188
7.14064e-10	-0.363079
7.1411e-10	-0.362971
7.14156e-10	-0.362862
7.14203e-10	-0.362752
7.14249e-10	-0.362643
7.14296e-10	-0.362534
7.14342e-10	-0.362424
7.14388e-10	-0.362315
7.14435e-10	-0.362205
7.14481e-10	-0.362095
7.14528e-10	-0.361985
7.14574e-10	-0.361874
7.14621e-10	-0.361764
7.14667e-10	-0.361653
7.14713e-10	-0.361543
7.1476e-10	-0.361432
7.14806e-10	-0.361321
7.14853e-10	-0.361209
7.14899e-10	-0.361098
7.14945e-10	-0.360987
7.14992e-10	-0.360875
7.15038e-10	-0.360763
7.15085e-10	-0.360651
7.15131e-10	-0.360539
7.15178e-10	-0.360427
7.15224e-10	-0.360314
7.1527e-10	-0.360202
7.15317e-10	-0.360089
7.15363e-10	-0.359976
7.1541e-10	-0.359863
7.15456e-10	-0.35975
7.15502e-10	-0.359637
7.15549e-10	-0.359523
7.15595e-10	-0.35941
7.15642e-10	-0.359296
7.15688e-10	-0.359182
7.15735e-10	-0.359068
7.15781e-10	-0.358954
7.15827e-10	-0.358839
7.15874e-10	-0.358725
7.1592e-10	-0.35861
7.15967e-10	-0.358495
7.16013e-10	-0.35838
7.16059e-10	-0.358265
7.16106e-10	-0.35815
7.16152e-10	-0.358034
7.16199e-10	-0.357919
7.16245e-10	-0.357803
7.16292e-10	-0.357687
7.16338e-10	-0.357571
7.16384e-10	-0.357455
7.16431e-10	-0.357339
7.16477e-10	-0.357222
7.16524e-10	-0.357105
7.1657e-10	-0.356989
7.16616e-10	-0.356872
7.16663e-10	-0.356755
7.16709e-10	-0.356637
7.16756e-10	-0.35652
7.16802e-10	-0.356402
7.16849e-10	-0.356285
7.16895e-10	-0.356167
7.16941e-10	-0.356049
7.16988e-10	-0.355931
7.17034e-10	-0.355812
7.17081e-10	-0.355694
7.17127e-10	-0.355575
7.17173e-10	-0.355457
7.1722e-10	-0.355338
7.17266e-10	-0.355219
7.17313e-10	-0.355099
7.17359e-10	-0.35498
7.17406e-10	-0.35486
7.17452e-10	-0.354741
7.17498e-10	-0.354621
7.17545e-10	-0.354501
7.17591e-10	-0.354381
7.17638e-10	-0.354261
7.17684e-10	-0.35414
7.17731e-10	-0.354019
7.17777e-10	-0.353899
7.17823e-10	-0.353778
7.1787e-10	-0.353657
7.17916e-10	-0.353536
7.17963e-10	-0.353414
7.18009e-10	-0.353293
7.18055e-10	-0.353171
7.18102e-10	-0.353049
7.18148e-10	-0.352927
7.18195e-10	-0.352805
7.18241e-10	-0.352683
7.18288e-10	-0.352561
7.18334e-10	-0.352438
7.1838e-10	-0.352315
7.18427e-10	-0.352192
7.18473e-10	-0.352069
7.1852e-10	-0.351946
7.18566e-10	-0.351823
7.18612e-10	-0.351699
7.18659e-10	-0.351576
7.18705e-10	-0.351452
7.18752e-10	-0.351328
7.18798e-10	-0.351204
7.18845e-10	-0.35108
7.18891e-10	-0.350955
7.18937e-10	-0.350831
7.18984e-10	-0.350706
7.1903e-10	-0.350581
7.19077e-10	-0.350456
7.19123e-10	-0.350331
7.19169e-10	-0.350206
7.19216e-10	-0.35008
7.19262e-10	-0.349955
7.19309e-10	-0.349829
7.19355e-10	-0.349703
7.19402e-10	-0.349577
7.19448e-10	-0.349451
7.19494e-10	-0.349324
7.19541e-10	-0.349198
7.19587e-10	-0.349071
7.19634e-10	-0.348944
7.1968e-10	-0.348817
7.19726e-10	-0.34869
7.19773e-10	-0.348563
7.19819e-10	-0.348435
7.19866e-10	-0.348308
7.19912e-10	-0.34818
7.19959e-10	-0.348052
7.20005e-10	-0.347924
7.20051e-10	-0.347796
7.20098e-10	-0.347667
7.20144e-10	-0.347539
7.20191e-10	-0.34741
7.20237e-10	-0.347281
7.20283e-10	-0.347153
7.2033e-10	-0.347023
7.20376e-10	-0.346894
7.20423e-10	-0.346765
7.20469e-10	-0.346635
7.20516e-10	-0.346505
7.20562e-10	-0.346375
7.20608e-10	-0.346245
7.20655e-10	-0.346115
7.20701e-10	-0.345985
7.20748e-10	-0.345854
7.20794e-10	-0.345724
7.2084e-10	-0.345593
7.20887e-10	-0.345462
7.20933e-10	-0.345331
7.2098e-10	-0.3452
7.21026e-10	-0.345068
7.21073e-10	-0.344937
7.21119e-10	-0.344805
7.21165e-10	-0.344673
7.21212e-10	-0.344541
7.21258e-10	-0.344409
7.21305e-10	-0.344276
7.21351e-10	-0.344144
7.21397e-10	-0.344011
7.21444e-10	-0.343879
7.2149e-10	-0.343746
7.21537e-10	-0.343612
7.21583e-10	-0.343479
7.2163e-10	-0.343346
7.21676e-10	-0.343212
7.21722e-10	-0.343079
7.21769e-10	-0.342945
7.21815e-10	-0.342811
7.21862e-10	-0.342676
7.21908e-10	-0.342542
7.21954e-10	-0.342408
7.22001e-10	-0.342273
7.22047e-10	-0.342138
7.22094e-10	-0.342003
7.2214e-10	-0.341868
7.22187e-10	-0.341733
7.22233e-10	-0.341598
7.22279e-10	-0.341462
7.22326e-10	-0.341326
7.22372e-10	-0.341191
7.22419e-10	-0.341054
7.22465e-10	-0.340918
7.22512e-10	-0.340782
7.22558e-10	-0.340646
7.22604e-10	-0.340509
7.22651e-10	-0.340372
7.22697e-10	-0.340235
7.22744e-10	-0.340098
7.2279e-10	-0.339961
7.22836e-10	-0.339824
7.22883e-10	-0.339686
7.22929e-10	-0.339548
7.22976e-10	-0.33941
7.23022e-10	-0.339272
7.23069e-10	-0.339134
7.23115e-10	-0.338996
7.23161e-10	-0.338858
7.23208e-10	-0.338719
7.23254e-10	-0.33858
7.23301e-10	-0.338441
7.23347e-10	-0.338302
7.23393e-10	-0.338163
7.2344e-10	-0.338024
7.23486e-10	-0.337884
7.23533e-10	-0.337744
7.23579e-10	-0.337604
7.23626e-10	-0.337464
7.23672e-10	-0.337324
7.23718e-10	-0.337184
7.23765e-10	-0.337044
7.23811e-10	-0.336903
7.23858e-10	-0.336762
7.23904e-10	-0.336621
7.2395e-10	-0.33648
7.23997e-10	-0.336339
7.24043e-10	-0.336198
7.2409e-10	-0.336056
7.24136e-10	-0.335914
7.24183e-10	-0.335773
7.24229e-10	-0.335631
7.24275e-10	-0.335488
7.24322e-10	-0.335346
7.24368e-10	-0.335204
7.24415e-10	-0.335061
7.24461e-10	-0.334918
7.24507e-10	-0.334775
7.24554e-10	-0.334632
7.246e-10	-0.334489
7.24647e-10	-0.334346
7.24693e-10	-0.334202
7.2474e-10	-0.334058
7.24786e-10	-0.333915
7.24832e-10	-0.333771
7.24879e-10	-0.333627
7.24925e-10	-0.333482
7.24972e-10	-0.333338
7.25018e-10	-0.333193
7.25064e-10	-0.333048
7.25111e-10	-0.332904
7.25157e-10	-0.332758
7.25204e-10	-0.332613
7.2525e-10	-0.332468
7.25297e-10	-0.332322
7.25343e-10	-0.332177
7.25389e-10	-0.332031
7.25436e-10	-0.331885
7.25482e-10	-0.331739
7.25529e-10	-0.331592
7.25575e-10	-0.331446
7.25621e-10	-0.331299
7.25668e-10	-0.331153
7.25714e-10	-0.331006
7.25761e-10	-0.330859
7.25807e-10	-0.330711
7.25854e-10	-0.330564
7.259e-10	-0.330417
7.25946e-10	-0.330269
7.25993e-10	-0.330121
7.26039e-10	-0.329973
7.26086e-10	-0.329825
7.26132e-10	-0.329677
7.26178e-10	-0.329528
7.26225e-10	-0.329379
7.26271e-10	-0.329231
7.26318e-10	-0.329082
7.26364e-10	-0.328933
7.26411e-10	-0.328784
7.26457e-10	-0.328634
7.26503e-10	-0.328485
7.2655e-10	-0.328335
7.26596e-10	-0.328185
7.26643e-10	-0.328035
7.26689e-10	-0.327885
7.26736e-10	-0.327735
7.26782e-10	-0.327584
7.26828e-10	-0.327434
7.26875e-10	-0.327283
7.26921e-10	-0.327132
7.26968e-10	-0.326981
7.27014e-10	-0.32683
7.2706e-10	-0.326678
7.27107e-10	-0.326527
7.27153e-10	-0.326375
7.272e-10	-0.326223
7.27246e-10	-0.326071
7.27293e-10	-0.325919
7.27339e-10	-0.325767
7.27385e-10	-0.325614
7.27432e-10	-0.325462
7.27478e-10	-0.325309
7.27525e-10	-0.325156
7.27571e-10	-0.325003
7.27617e-10	-0.32485
7.27664e-10	-0.324697
7.2771e-10	-0.324543
7.27757e-10	-0.324389
7.27803e-10	-0.324236
7.2785e-10	-0.324082
7.27896e-10	-0.323927
7.27942e-10	-0.323773
7.27989e-10	-0.323619
7.28035e-10	-0.323464
7.28082e-10	-0.323309
7.28128e-10	-0.323154
7.28174e-10	-0.322999
7.28221e-10	-0.322844
7.28267e-10	-0.322689
7.28314e-10	-0.322533
7.2836e-10	-0.322378
7.28407e-10	-0.322222
7.28453e-10	-0.322066
7.28499e-10	-0.32191
7.28546e-10	-0.321753
7.28592e-10	-0.321597
7.28639e-10	-0.32144
7.28685e-10	-0.321283
7.28731e-10	-0.321127
7.28778e-10	-0.320969
7.28824e-10	-0.320812
7.28871e-10	-0.320655
7.28917e-10	-0.320497
7.28964e-10	-0.32034
7.2901e-10	-0.320182
7.29056e-10	-0.320024
7.29103e-10	-0.319866
7.29149e-10	-0.319707
7.29196e-10	-0.319549
7.29242e-10	-0.31939
7.29288e-10	-0.319232
7.29335e-10	-0.319073
7.29381e-10	-0.318914
7.29428e-10	-0.318754
7.29474e-10	-0.318595
7.29521e-10	-0.318435
7.29567e-10	-0.318276
7.29613e-10	-0.318116
7.2966e-10	-0.317956
7.29706e-10	-0.317796
7.29753e-10	-0.317635
7.29799e-10	-0.317475
7.29845e-10	-0.317314
7.29892e-10	-0.317154
7.29938e-10	-0.316993
7.29985e-10	-0.316832
7.30031e-10	-0.31667
7.30078e-10	-0.316509
7.30124e-10	-0.316348
7.3017e-10	-0.316186
7.30217e-10	-0.316024
7.30263e-10	-0.315862
7.3031e-10	-0.3157
7.30356e-10	-0.315538
7.30402e-10	-0.315375
7.30449e-10	-0.315212
7.30495e-10	-0.31505
7.30542e-10	-0.314887
7.30588e-10	-0.314724
7.30635e-10	-0.314561
7.30681e-10	-0.314397
7.30727e-10	-0.314234
7.30774e-10	-0.31407
7.3082e-10	-0.313906
7.30867e-10	-0.313742
7.30913e-10	-0.313578
7.30959e-10	-0.313414
7.31006e-10	-0.313249
7.31052e-10	-0.313085
7.31099e-10	-0.31292
7.31145e-10	-0.312755
7.31192e-10	-0.31259
7.31238e-10	-0.312425
7.31284e-10	-0.312259
7.31331e-10	-0.312094
7.31377e-10	-0.311928
7.31424e-10	-0.311762
7.3147e-10	-0.311596
7.31517e-10	-0.31143
7.31563e-10	-0.311264
7.31609e-10	-0.311097
7.31656e-10	-0.310931
7.31702e-10	-0.310764
7.31749e-10	-0.310597
7.31795e-10	-0.31043
7.31841e-10	-0.310263
7.31888e-10	-0.310095
7.31934e-10	-0.309928
7.31981e-10	-0.30976
7.32027e-10	-0.309592
7.32074e-10	-0.309424
7.3212e-10	-0.309256
7.32166e-10	-0.309088
7.32213e-10	-0.308919
7.32259e-10	-0.308751
7.32306e-10	-0.308582
7.32352e-10	-0.308413
7.32398e-10	-0.308244
7.32445e-10	-0.308075
7.32491e-10	-0.307905
7.32538e-10	-0.307736
7.32584e-10	-0.307566
7.32631e-10	-0.307396
7.32677e-10	-0.307226
7.32723e-10	-0.307056
7.3277e-10	-0.306886
7.32816e-10	-0.306715
7.32863e-10	-0.306545
7.32909e-10	-0.306374
7.32955e-10	-0.306203
7.33002e-10	-0.306032
7.33048e-10	-0.305861
7.33095e-10	-0.305689
7.33141e-10	-0.305518
7.33188e-10	-0.305346
7.33234e-10	-0.305174
7.3328e-10	-0.305002
7.33327e-10	-0.30483
7.33373e-10	-0.304658
7.3342e-10	-0.304485
7.33466e-10	-0.304313
7.33512e-10	-0.30414
7.33559e-10	-0.303967
7.33605e-10	-0.303794
7.33652e-10	-0.303621
7.33698e-10	-0.303447
7.33745e-10	-0.303274
7.33791e-10	-0.3031
7.33837e-10	-0.302926
7.33884e-10	-0.302752
7.3393e-10	-0.302578
7.33977e-10	-0.302404
7.34023e-10	-0.302229
7.34069e-10	-0.302055
7.34116e-10	-0.30188
7.34162e-10	-0.301705
7.34209e-10	-0.30153
7.34255e-10	-0.301355
7.34302e-10	-0.301179
7.34348e-10	-0.301004
7.34394e-10	-0.300828
7.34441e-10	-0.300652
7.34487e-10	-0.300476
7.34534e-10	-0.3003
7.3458e-10	-0.300124
7.34626e-10	-0.299947
7.34673e-10	-0.299771
7.34719e-10	-0.299594
7.34766e-10	-0.299417
7.34812e-10	-0.29924
7.34859e-10	-0.299063
7.34905e-10	-0.298885
7.34951e-10	-0.298708
7.34998e-10	-0.29853
7.35044e-10	-0.298352
7.35091e-10	-0.298174
7.35137e-10	-0.297996
7.35183e-10	-0.297818
7.3523e-10	-0.297639
7.35276e-10	-0.297461
7.35323e-10	-0.297282
7.35369e-10	-0.297103
7.35416e-10	-0.296924
7.35462e-10	-0.296745
7.35508e-10	-0.296565
7.35555e-10	-0.296386
7.35601e-10	-0.296206
7.35648e-10	-0.296026
7.35694e-10	-0.295846
7.3574e-10	-0.295666
7.35787e-10	-0.295486
7.35833e-10	-0.295305
7.3588e-10	-0.295125
7.35926e-10	-0.294944
7.35973e-10	-0.294763
7.36019e-10	-0.294582
7.36065e-10	-0.294401
7.36112e-10	-0.29422
7.36158e-10	-0.294038
7.36205e-10	-0.293856
7.36251e-10	-0.293674
7.36298e-10	-0.293492
7.36344e-10	-0.29331
7.3639e-10	-0.293128
7.36437e-10	-0.292946
7.36483e-10	-0.292763
7.3653e-10	-0.29258
7.36576e-10	-0.292397
7.36622e-10	-0.292214
7.36669e-10	-0.292031
7.36715e-10	-0.291848
7.36762e-10	-0.291664
7.36808e-10	-0.291481
7.36855e-10	-0.291297
7.36901e-10	-0.291113
7.36947e-10	-0.290929
7.36994e-10	-0.290744
7.3704e-10	-0.29056
7.37087e-10	-0.290375
7.37133e-10	-0.290191
7.37179e-10	-0.290006
7.37226e-10	-0.289821
7.37272e-10	-0.289635
7.37319e-10	-0.28945
7.37365e-10	-0.289265
7.37412e-10	-0.289079
7.37458e-10	-0.288893
7.37504e-10	-0.288707
7.37551e-10	-0.288521
7.37597e-10	-0.288335
7.37644e-10	-0.288148
7.3769e-10	-0.287962
7.37736e-10	-0.287775
7.37783e-10	-0.287588
7.37829e-10	-0.287401
7.37876e-10	-0.287214
7.37922e-10	-0.287026
7.37969e-10	-0.286839
7.38015e-10	-0.286651
7.38061e-10	-0.286463
7.38108e-10	-0.286276
7.38154e-10	-0.286087
7.38201e-10	-0.285899
7.38247e-10	-0.285711
7.38293e-10	-0.285522
7.3834e-10	-0.285333
7.38386e-10	-0.285145
7.38433e-10	-0.284956
7.38479e-10	-0.284766
7.38526e-10	-0.284577
7.38572e-10	-0.284388
7.38618e-10	-0.284198
7.38665e-10	-0.284008
7.38711e-10	-0.283818
7.38758e-10	-0.283628
7.38804e-10	-0.283438
7.3885e-10	-0.283247
7.38897e-10	-0.283057
7.38943e-10	-0.282866
7.3899e-10	-0.282675
7.39036e-10	-0.282484
7.39083e-10	-0.282293
7.39129e-10	-0.282102
7.39175e-10	-0.28191
7.39222e-10	-0.281719
7.39268e-10	-0.281527
7.39315e-10	-0.281335
7.39361e-10	-0.281143
7.39407e-10	-0.280951
7.39454e-10	-0.280758
7.395e-10	-0.280566
7.39547e-10	-0.280373
7.39593e-10	-0.28018
7.3964e-10	-0.279987
7.39686e-10	-0.279794
7.39732e-10	-0.279601
7.39779e-10	-0.279407
7.39825e-10	-0.279214
7.39872e-10	-0.27902
7.39918e-10	-0.278826
7.39964e-10	-0.278632
7.40011e-10	-0.278438
7.40057e-10	-0.278243
7.40104e-10	-0.278049
7.4015e-10	-0.277854
7.40197e-10	-0.277659
7.40243e-10	-0.277464
7.40289e-10	-0.277269
7.40336e-10	-0.277074
7.40382e-10	-0.276878
7.40429e-10	-0.276683
7.40475e-10	-0.276487
7.40521e-10	-0.276291
7.40568e-10	-0.276095
7.40614e-10	-0.275899
7.40661e-10	-0.275703
7.40707e-10	-0.275506
7.40754e-10	-0.275309
7.408e-10	-0.275113
7.40846e-10	-0.274916
7.40893e-10	-0.274719
7.40939e-10	-0.274521
7.40986e-10	-0.274324
7.41032e-10	-0.274126
7.41079e-10	-0.273929
7.41125e-10	-0.273731
7.41171e-10	-0.273533
7.41218e-10	-0.273334
7.41264e-10	-0.273136
7.41311e-10	-0.272938
7.41357e-10	-0.272739
7.41403e-10	-0.27254
7.4145e-10	-0.272341
7.41496e-10	-0.272142
7.41543e-10	-0.271943
7.41589e-10	-0.271744
7.41636e-10	-0.271544
7.41682e-10	-0.271344
7.41728e-10	-0.271144
7.41775e-10	-0.270944
7.41821e-10	-0.270744
7.41868e-10	-0.270544
7.41914e-10	-0.270344
7.4196e-10	-0.270143
7.42007e-10	-0.269942
7.42053e-10	-0.269741
7.421e-10	-0.26954
7.42146e-10	-0.269339
7.42193e-10	-0.269138
7.42239e-10	-0.268936
7.42285e-10	-0.268734
7.42332e-10	-0.268533
7.42378e-10	-0.268331
7.42425e-10	-0.268128
7.42471e-10	-0.267926
7.42517e-10	-0.267724
7.42564e-10	-0.267521
7.4261e-10	-0.267318
7.42657e-10	-0.267116
7.42703e-10	-0.266912
7.4275e-10	-0.266709
7.42796e-10	-0.266506
7.42842e-10	-0.266302
7.42889e-10	-0.266099
7.42935e-10	-0.265895
7.42982e-10	-0.265691
7.43028e-10	-0.265487
7.43074e-10	-0.265283
7.43121e-10	-0.265078
7.43167e-10	-0.264874
7.43214e-10	-0.264669
7.4326e-10	-0.264464
7.43307e-10	-0.264259
7.43353e-10	-0.264054
7.43399e-10	-0.263849
7.43446e-10	-0.263643
7.43492e-10	-0.263438
7.43539e-10	-0.263232
7.43585e-10	-0.263026
7.43631e-10	-0.26282
7.43678e-10	-0.262614
7.43724e-10	-0.262407
7.43771e-10	-0.262201
7.43817e-10	-0.261994
7.43864e-10	-0.261787
7.4391e-10	-0.26158
7.43956e-10	-0.261373
7.44003e-10	-0.261166
7.44049e-10	-0.260959
7.44096e-10	-0.260751
7.44142e-10	-0.260543
7.44188e-10	-0.260335
7.44235e-10	-0.260127
7.44281e-10	-0.259919
7.44328e-10	-0.259711
7.44374e-10	-0.259502
7.44421e-10	-0.259294
7.44467e-10	-0.259085
7.44513e-10	-0.258876
7.4456e-10	-0.258667
7.44606e-10	-0.258458
7.44653e-10	-0.258248
7.44699e-10	-0.258039
7.44745e-10	-0.257829
7.44792e-10	-0.257619
7.44838e-10	-0.257409
7.44885e-10	-0.257199
7.44931e-10	-0.256989
7.44978e-10	-0.256778
7.45024e-10	-0.256568
7.4507e-10	-0.256357
7.45117e-10	-0.256146
7.45163e-10	-0.255935
7.4521e-10	-0.255724
7.45256e-10	-0.255513
7.45302e-10	-0.255301
7.45349e-10	-0.255089
7.45395e-10	-0.254878
7.45442e-10	-0.254666
7.45488e-10	-0.254454
7.45535e-10	-0.254241
7.45581e-10	-0.254029
7.45627e-10	-0.253816
7.45674e-10	-0.253604
7.4572e-10	-0.253391
7.45767e-10	-0.253178
7.45813e-10	-0.252965
7.4586e-10	-0.252751
7.45906e-10	-0.252538
7.45952e-10	-0.252324
7.45999e-10	-0.252111
7.46045e-10	-0.251897
7.46092e-10	-0.251683
7.46138e-10	-0.251469
7.46184e-10	-0.251254
7.46231e-10	-0.25104
7.46277e-10	-0.250825
7.46324e-10	-0.25061
7.4637e-10	-0.250395
7.46417e-10	-0.25018
7.46463e-10	-0.249965
7.46509e-10	-0.24975
7.46556e-10	-0.249534
7.46602e-10	-0.249318
7.46649e-10	-0.249102
7.46695e-10	-0.248886
7.46741e-10	-0.24867
7.46788e-10	-0.248454
7.46834e-10	-0.248238
7.46881e-10	-0.248021
7.46927e-10	-0.247804
7.46974e-10	-0.247587
7.4702e-10	-0.24737
7.47066e-10	-0.247153
7.47113e-10	-0.246936
7.47159e-10	-0.246718
7.47206e-10	-0.246501
7.47252e-10	-0.246283
7.47298e-10	-0.246065
7.47345e-10	-0.245847
7.47391e-10	-0.245629
7.47438e-10	-0.24541
7.47484e-10	-0.245192
7.47531e-10	-0.244973
7.47577e-10	-0.244754
7.47623e-10	-0.244535
7.4767e-10	-0.244316
7.47716e-10	-0.244097
7.47763e-10	-0.243877
7.47809e-10	-0.243658
7.47855e-10	-0.243438
7.47902e-10	-0.243218
7.47948e-10	-0.242998
7.47995e-10	-0.242778
7.48041e-10	-0.242558
7.48088e-10	-0.242337
7.48134e-10	-0.242116
7.4818e-10	-0.241896
7.48227e-10	-0.241675
7.48273e-10	-0.241454
7.4832e-10	-0.241232
7.48366e-10	-0.241011
7.48412e-10	-0.24079
7.48459e-10	-0.240568
7.48505e-10	-0.240346
7.48552e-10	-0.240124
7.48598e-10	-0.239902
7.48645e-10	-0.23968
7.48691e-10	-0.239457
7.48737e-10	-0.239235
7.48784e-10	-0.239012
7.4883e-10	-0.238789
7.48877e-10	-0.238566
7.48923e-10	-0.238343
7.48969e-10	-0.23812
7.49016e-10	-0.237896
7.49062e-10	-0.237673
7.49109e-10	-0.237449
7.49155e-10	-0.237225
7.49202e-10	-0.237001
7.49248e-10	-0.236777
7.49294e-10	-0.236553
7.49341e-10	-0.236328
7.49387e-10	-0.236103
7.49434e-10	-0.235879
7.4948e-10	-0.235654
7.49526e-10	-0.235429
7.49573e-10	-0.235203
7.49619e-10	-0.234978
7.49666e-10	-0.234752
7.49712e-10	-0.234527
7.49759e-10	-0.234301
7.49805e-10	-0.234075
7.49851e-10	-0.233849
7.49898e-10	-0.233623
7.49944e-10	-0.233396
7.49991e-10	-0.23317
7.50037e-10	-0.232943
7.50084e-10	-0.232716
7.5013e-10	-0.232489
7.50176e-10	-0.232262
7.50223e-10	-0.232035
7.50269e-10	-0.231807
7.50316e-10	-0.23158
7.50362e-10	-0.231352
7.50408e-10	-0.231124
7.50455e-10	-0.230896
7.50501e-10	-0.230668
7.50548e-10	-0.230439
7.50594e-10	-0.230211
7.50641e-10	-0.229982
7.50687e-10	-0.229753
7.50733e-10	-0.229524
7.5078e-10	-0.229295
7.50826e-10	-0.229066
7.50873e-10	-0.228837
7.50919e-10	-0.228607
7.50965e-10	-0.228378
7.51012e-10	-0.228148
7.51058e-10	-0.227918
7.51105e-10	-0.227688
7.51151e-10	-0.227458
7.51198e-10	-0.227227
7.51244e-10	-0.226997
7.5129e-10	-0.226766
7.51337e-10	-0.226535
7.51383e-10	-0.226304
7.5143e-10	-0.226073
7.51476e-10	-0.225842
7.51522e-10	-0.22561
7.51569e-10	-0.225379
7.51615e-10	-0.225147
7.51662e-10	-0.224915
7.51708e-10	-0.224683
7.51755e-10	-0.224451
7.51801e-10	-0.224219
7.51847e-10	-0.223986
7.51894e-10	-0.223754
7.5194e-10	-0.223521
7.51987e-10	-0.223288
7.52033e-10	-0.223055
7.52079e-10	-0.222822
7.52126e-10	-0.222588
7.52172e-10	-0.222355
7.52219e-10	-0.222121
7.52265e-10	-0.221887
7.52312e-10	-0.221653
7.52358e-10	-0.221419
7.52404e-10	-0.221185
7.52451e-10	-0.220951
7.52497e-10	-0.220716
7.52544e-10	-0.220482
7.5259e-10	-0.220247
7.52636e-10	-0.220012
7.52683e-10	-0.219777
7.52729e-10	-0.219542
7.52776e-10	-0.219306
7.52822e-10	-0.219071
7.52869e-10	-0.218835
7.52915e-10	-0.218599
7.52961e-10	-0.218363
7.53008e-10	-0.218127
7.53054e-10	-0.217891
7.53101e-10	-0.217654
7.53147e-10	-0.217418
7.53193e-10	-0.217181
7.5324e-10	-0.216944
7.53286e-10	-0.216707
7.53333e-10	-0.21647
7.53379e-10	-0.216233
7.53426e-10	-0.215996
7.53472e-10	-0.215758
7.53518e-10	-0.21552
7.53565e-10	-0.215282
7.53611e-10	-0.215044
7.53658e-10	-0.214806
7.53704e-10	-0.214568
7.5375e-10	-0.21433
7.53797e-10	-0.214091
7.53843e-10	-0.213852
7.5389e-10	-0.213613
7.53936e-10	-0.213374
7.53983e-10	-0.213135
7.54029e-10	-0.212896
7.54075e-10	-0.212656
7.54122e-10	-0.212417
7.54168e-10	-0.212177
7.54215e-10	-0.211937
7.54261e-10	-0.211697
7.54307e-10	-0.211457
7.54354e-10	-0.211217
7.544e-10	-0.210976
7.54447e-10	-0.210735
7.54493e-10	-0.210495
7.5454e-10	-0.210254
7.54586e-10	-0.210013
7.54632e-10	-0.209771
7.54679e-10	-0.20953
7.54725e-10	-0.209289
7.54772e-10	-0.209047
7.54818e-10	-0.208805
7.54865e-10	-0.208563
7.54911e-10	-0.208321
7.54957e-10	-0.208079
7.55004e-10	-0.207837
7.5505e-10	-0.207594
7.55097e-10	-0.207352
7.55143e-10	-0.207109
7.55189e-10	-0.206866
7.55236e-10	-0.206623
7.55282e-10	-0.20638
7.55329e-10	-0.206136
7.55375e-10	-0.205893
7.55422e-10	-0.205649
7.55468e-10	-0.205405
7.55514e-10	-0.205161
7.55561e-10	-0.204917
7.55607e-10	-0.204673
7.55654e-10	-0.204429
7.557e-10	-0.204184
7.55746e-10	-0.203939
7.55793e-10	-0.203695
7.55839e-10	-0.20345
7.55886e-10	-0.203205
7.55932e-10	-0.202959
7.55979e-10	-0.202714
7.56025e-10	-0.202468
7.56071e-10	-0.202223
7.56118e-10	-0.201977
7.56164e-10	-0.201731
7.56211e-10	-0.201485
7.56257e-10	-0.201239
7.56303e-10	-0.200992
7.5635e-10	-0.200746
7.56396e-10	-0.200499
7.56443e-10	-0.200252
7.56489e-10	-0.200005
7.56536e-10	-0.199758
7.56582e-10	-0.199511
7.56628e-10	-0.199264
7.56675e-10	-0.199016
7.56721e-10	-0.198768
7.56768e-10	-0.198521
7.56814e-10	-0.198273
7.5686e-10	-0.198024
7.56907e-10	-0.197776
7.56953e-10	-0.197528
7.57e-10	-0.197279
7.57046e-10	-0.197031
7.57093e-10	-0.196782
7.57139e-10	-0.196533
7.57185e-10	-0.196284
7.57232e-10	-0.196034
7.57278e-10	-0.195785
7.57325e-10	-0.195536
7.57371e-10	-0.195286
7.57417e-10	-0.195036
7.57464e-10	-0.194786
7.5751e-10	-0.194536
7.57557e-10	-0.194286
7.57603e-10	-0.194035
7.5765e-10	-0.193785
7.57696e-10	-0.193534
7.57742e-10	-0.193283
7.57789e-10	-0.193032
7.57835e-10	-0.192781
7.57882e-10	-0.19253
7.57928e-10	-0.192279
7.57974e-10	-0.192027
7.58021e-10	-0.191776
7.58067e-10	-0.191524
7.58114e-10	-0.191272
7.5816e-10	-0.19102
7.58207e-10	-0.190767
7.58253e-10	-0.190515
7.58299e-10	-0.190263
7.58346e-10	-0.19001
7.58392e-10	-0.189757
7.58439e-10	-0.189504
7.58485e-10	-0.189251
7.58531e-10	-0.188998
7.58578e-10	-0.188745
7.58624e-10	-0.188491
7.58671e-10	-0.188237
7.58717e-10	-0.187984
7.58764e-10	-0.18773
7.5881e-10	-0.187476
7.58856e-10	-0.187221
7.58903e-10	-0.186967
7.58949e-10	-0.186713
7.58996e-10	-0.186458
7.59042e-10	-0.186203
7.59088e-10	-0.185948
7.59135e-10	-0.185693
7.59181e-10	-0.185438
7.59228e-10	-0.185183
7.59274e-10	-0.184927
7.59321e-10	-0.184671
7.59367e-10	-0.184416
7.59413e-10	-0.18416
7.5946e-10	-0.183904
7.59506e-10	-0.183648
7.59553e-10	-0.183391
7.59599e-10	-0.183135
7.59646e-10	-0.182878
7.59692e-10	-0.182621
7.59738e-10	-0.182365
7.59785e-10	-0.182107
7.59831e-10	-0.18185
7.59878e-10	-0.181593
7.59924e-10	-0.181336
7.5997e-10	-0.181078
7.60017e-10	-0.18082
7.60063e-10	-0.180562
7.6011e-10	-0.180304
7.60156e-10	-0.180046
7.60203e-10	-0.179788
7.60249e-10	-0.179529
7.60295e-10	-0.179271
7.60342e-10	-0.179012
7.60388e-10	-0.178753
7.60435e-10	-0.178494
7.60481e-10	-0.178235
7.60527e-10	-0.177976
7.60574e-10	-0.177717
7.6062e-10	-0.177457
7.60667e-10	-0.177197
7.60713e-10	-0.176937
7.6076e-10	-0.176678
7.60806e-10	-0.176417
7.60852e-10	-0.176157
7.60899e-10	-0.175897
7.60945e-10	-0.175636
7.60992e-10	-0.175376
7.61038e-10	-0.175115
7.61084e-10	-0.174854
7.61131e-10	-0.174593
7.61177e-10	-0.174332
7.61224e-10	-0.17407
7.6127e-10	-0.173809
7.61317e-10	-0.173547
7.61363e-10	-0.173285
7.61409e-10	-0.173023
7.61456e-10	-0.172761
7.61502e-10	-0.172499
7.61549e-10	-0.172237
7.61595e-10	-0.171974
7.61641e-10	-0.171712
7.61688e-10	-0.171449
7.61734e-10	-0.171186
7.61781e-10	-0.170923
7.61827e-10	-0.17066
7.61874e-10	-0.170397
7.6192e-10	-0.170133
7.61966e-10	-0.16987
7.62013e-10	-0.169606
7.62059e-10	-0.169342
7.62106e-10	-0.169078
7.62152e-10	-0.168814
7.62198e-10	-0.16855
7.62245e-10	-0.168285
7.62291e-10	-0.168021
7.62338e-10	-0.167756
7.62384e-10	-0.167491
7.62431e-10	-0.167226
7.62477e-10	-0.166961
7.62523e-10	-0.166696
7.6257e-10	-0.16643
7.62616e-10	-0.166165
7.62663e-10	-0.165899
7.62709e-10	-0.165634
7.62755e-10	-0.165368
7.62802e-10	-0.165102
7.62848e-10	-0.164835
7.62895e-10	-0.164569
7.62941e-10	-0.164303
7.62988e-10	-0.164036
7.63034e-10	-0.163769
7.6308e-10	-0.163502
7.63127e-10	-0.163235
7.63173e-10	-0.162968
7.6322e-10	-0.162701
7.63266e-10	-0.162433
7.63312e-10	-0.162166
7.63359e-10	-0.161898
7.63405e-10	-0.16163
7.63452e-10	-0.161362
7.63498e-10	-0.161094
7.63545e-10	-0.160826
7.63591e-10	-0.160558
7.63637e-10	-0.160289
7.63684e-10	-0.16002
7.6373e-10	-0.159752
7.63777e-10	-0.159483
7.63823e-10	-0.159214
7.63869e-10	-0.158944
7.63916e-10	-0.158675
7.63962e-10	-0.158405
7.64009e-10	-0.158136
7.64055e-10	-0.157866
7.64102e-10	-0.157596
7.64148e-10	-0.157326
7.64194e-10	-0.157056
7.64241e-10	-0.156786
7.64287e-10	-0.156515
7.64334e-10	-0.156245
7.6438e-10	-0.155974
7.64427e-10	-0.155703
7.64473e-10	-0.155432
7.64519e-10	-0.155161
7.64566e-10	-0.15489
7.64612e-10	-0.154618
7.64659e-10	-0.154347
7.64705e-10	-0.154075
7.64751e-10	-0.153803
7.64798e-10	-0.153532
7.64844e-10	-0.15326
7.64891e-10	-0.152987
7.64937e-10	-0.152715
7.64984e-10	-0.152443
7.6503e-10	-0.15217
7.65076e-10	-0.151897
7.65123e-10	-0.151624
7.65169e-10	-0.151351
7.65216e-10	-0.151078
7.65262e-10	-0.150805
7.65308e-10	-0.150531
7.65355e-10	-0.150258
7.65401e-10	-0.149984
7.65448e-10	-0.14971
7.65494e-10	-0.149436
7.65541e-10	-0.149162
7.65587e-10	-0.148888
7.65633e-10	-0.148614
7.6568e-10	-0.148339
7.65726e-10	-0.148065
7.65773e-10	-0.14779
7.65819e-10	-0.147515
7.65865e-10	-0.14724
7.65912e-10	-0.146965
7.65958e-10	-0.14669
7.66005e-10	-0.146414
7.66051e-10	-0.146139
7.66098e-10	-0.145863
7.66144e-10	-0.145587
7.6619e-10	-0.145311
7.66237e-10	-0.145035
7.66283e-10	-0.144759
7.6633e-10	-0.144482
7.66376e-10	-0.144206
7.66422e-10	-0.143929
7.66469e-10	-0.143652
7.66515e-10	-0.143376
7.66562e-10	-0.143099
7.66608e-10	-0.142821
7.66655e-10	-0.142544
7.66701e-10	-0.142267
7.66747e-10	-0.141989
7.66794e-10	-0.141711
7.6684e-10	-0.141434
7.66887e-10	-0.141156
7.66933e-10	-0.140877
7.66979e-10	-0.140599
7.67026e-10	-0.140321
7.67072e-10	-0.140042
7.67119e-10	-0.139764
7.67165e-10	-0.139485
7.67212e-10	-0.139206
7.67258e-10	-0.138927
7.67304e-10	-0.138648
7.67351e-10	-0.138369
7.67397e-10	-0.138089
7.67444e-10	-0.13781
7.6749e-10	-0.13753
7.67536e-10	-0.13725
7.67583e-10	-0.13697
7.67629e-10	-0.13669
7.67676e-10	-0.13641
7.67722e-10	-0.136129
7.67769e-10	-0.135849
7.67815e-10	-0.135568
7.67861e-10	-0.135288
7.67908e-10	-0.135007
7.67954e-10	-0.134726
7.68001e-10	-0.134445
7.68047e-10	-0.134163
7.68093e-10	-0.133882
7.6814e-10	-0.1336
7.68186e-10	-0.133319
7.68233e-10	-0.133037
7.68279e-10	-0.132755
7.68326e-10	-0.132473
7.68372e-10	-0.132191
7.68418e-10	-0.131908
7.68465e-10	-0.131626
7.68511e-10	-0.131343
7.68558e-10	-0.131061
7.68604e-10	-0.130778
7.6865e-10	-0.130495
7.68697e-10	-0.130212
7.68743e-10	-0.129928
7.6879e-10	-0.129645
7.68836e-10	-0.129362
7.68883e-10	-0.129078
7.68929e-10	-0.128794
7.68975e-10	-0.12851
7.69022e-10	-0.128226
7.69068e-10	-0.127942
7.69115e-10	-0.127658
7.69161e-10	-0.127373
7.69208e-10	-0.127089
7.69254e-10	-0.126804
7.693e-10	-0.126519
7.69347e-10	-0.126234
7.69393e-10	-0.125949
7.6944e-10	-0.125664
7.69486e-10	-0.125379
7.69532e-10	-0.125093
7.69579e-10	-0.124808
7.69625e-10	-0.124522
7.69672e-10	-0.124236
7.69718e-10	-0.12395
7.69765e-10	-0.123664
7.69811e-10	-0.123378
7.69857e-10	-0.123091
7.69904e-10	-0.122805
7.6995e-10	-0.122518
7.69997e-10	-0.122232
7.70043e-10	-0.121945
7.70089e-10	-0.121658
7.70136e-10	-0.121371
7.70182e-10	-0.121083
7.70229e-10	-0.120796
7.70275e-10	-0.120508
7.70322e-10	-0.120221
7.70368e-10	-0.119933
7.70414e-10	-0.119645
7.70461e-10	-0.119357
7.70507e-10	-0.119069
7.70554e-10	-0.11878
7.706e-10	-0.118492
7.70646e-10	-0.118203
7.70693e-10	-0.117915
7.70739e-10	-0.117626
7.70786e-10	-0.117337
7.70832e-10	-0.117048
7.70879e-10	-0.116759
7.70925e-10	-0.116469
7.70971e-10	-0.11618
7.71018e-10	-0.11589
7.71064e-10	-0.115601
7.71111e-10	-0.115311
7.71157e-10	-0.115021
7.71203e-10	-0.114731
7.7125e-10	-0.11444
7.71296e-10	-0.11415
7.71343e-10	-0.11386
7.71389e-10	-0.113569
7.71436e-10	-0.113278
7.71482e-10	-0.112987
7.71528e-10	-0.112696
7.71575e-10	-0.112405
7.71621e-10	-0.112114
7.71668e-10	-0.111823
7.71714e-10	-0.111531
7.7176e-10	-0.11124
7.71807e-10	-0.110948
7.71853e-10	-0.110656
7.719e-10	-0.110364
7.71946e-10	-0.110072
7.71993e-10	-0.109779
7.72039e-10	-0.109487
7.72085e-10	-0.109195
7.72132e-10	-0.108902
7.72178e-10	-0.108609
7.72225e-10	-0.108316
7.72271e-10	-0.108023
7.72317e-10	-0.10773
7.72364e-10	-0.107437
7.7241e-10	-0.107143
7.72457e-10	-0.10685
7.72503e-10	-0.106556
7.7255e-10	-0.106262
7.72596e-10	-0.105969
7.72642e-10	-0.105674
7.72689e-10	-0.10538
7.72735e-10	-0.105086
7.72782e-10	-0.104792
7.72828e-10	-0.104497
7.72874e-10	-0.104202
7.72921e-10	-0.103908
7.72967e-10	-0.103613
7.73014e-10	-0.103318
7.7306e-10	-0.103023
7.73107e-10	-0.102727
7.73153e-10	-0.102432
7.73199e-10	-0.102136
7.73246e-10	-0.101841
7.73292e-10	-0.101545
7.73339e-10	-0.101249
7.73385e-10	-0.100953
7.73432e-10	-0.100657
7.73478e-10	-0.10036
7.73524e-10	-0.100064
7.73571e-10	-0.0997675
7.73617e-10	-0.0994708
7.73664e-10	-0.099174
7.7371e-10	-0.0988771
7.73756e-10	-0.0985801
7.73803e-10	-0.0982829
7.73849e-10	-0.0979856
7.73896e-10	-0.0976882
7.73942e-10	-0.0973907
7.73989e-10	-0.097093
7.74035e-10	-0.0967952
7.74081e-10	-0.0964973
7.74128e-10	-0.0961993
7.74174e-10	-0.0959011
7.74221e-10	-0.0956028
7.74267e-10	-0.0953044
7.74313e-10	-0.0950059
7.7436e-10	-0.0947073
7.74406e-10	-0.0944085
7.74453e-10	-0.0941096
7.74499e-10	-0.0938106
7.74546e-10	-0.0935114
7.74592e-10	-0.0932122
7.74638e-10	-0.0929128
7.74685e-10	-0.0926133
7.74731e-10	-0.0923136
7.74778e-10	-0.0920139
7.74824e-10	-0.091714
7.7487e-10	-0.091414
7.74917e-10	-0.0911138
7.74963e-10	-0.0908136
7.7501e-10	-0.0905132
7.75056e-10	-0.0902127
7.75103e-10	-0.0899121
7.75149e-10	-0.0896114
7.75195e-10	-0.0893105
7.75242e-10	-0.0890095
7.75288e-10	-0.0887084
7.75335e-10	-0.0884072
7.75381e-10	-0.0881058
7.75427e-10	-0.0878043
7.75474e-10	-0.0875027
7.7552e-10	-0.087201
7.75567e-10	-0.0868992
7.75613e-10	-0.0865972
7.7566e-10	-0.0862951
7.75706e-10	-0.0859929
7.75752e-10	-0.0856906
7.75799e-10	-0.0853881
7.75845e-10	-0.0850856
7.75892e-10	-0.0847829
7.75938e-10	-0.08448
7.75984e-10	-0.0841771
7.76031e-10	-0.083874
7.76077e-10	-0.0835709
7.76124e-10	-0.0832676
7.7617e-10	-0.0829641
7.76217e-10	-0.0826606
7.76263e-10	-0.0823569
7.76309e-10	-0.0820531
7.76356e-10	-0.0817492
7.76402e-10	-0.0814452
7.76449e-10	-0.0811411
7.76495e-10	-0.0808368
7.76541e-10	-0.0805324
7.76588e-10	-0.0802279
7.76634e-10	-0.0799233
7.76681e-10	-0.0796185
7.76727e-10	-0.0793137
7.76774e-10	-0.0790087
7.7682e-10	-0.0787036
7.76866e-10	-0.0783983
7.76913e-10	-0.078093
7.76959e-10	-0.0777875
7.77006e-10	-0.0774819
7.77052e-10	-0.0771762
7.77098e-10	-0.0768704
7.77145e-10	-0.0765644
7.77191e-10	-0.0762583
7.77238e-10	-0.0759522
7.77284e-10	-0.0756458
7.77331e-10	-0.0753394
7.77377e-10	-0.0750329
7.77423e-10	-0.0747262
7.7747e-10	-0.0744194
7.77516e-10	-0.0741125
7.77563e-10	-0.0738055
7.77609e-10	-0.0734983
7.77655e-10	-0.0731911
7.77702e-10	-0.0728837
7.77748e-10	-0.0725762
7.77795e-10	-0.0722686
7.77841e-10	-0.0719608
7.77888e-10	-0.071653
7.77934e-10	-0.071345
7.7798e-10	-0.0710369
7.78027e-10	-0.0707287
7.78073e-10	-0.0704204
7.7812e-10	-0.0701119
7.78166e-10	-0.0698034
7.78213e-10	-0.0694947
7.78259e-10	-0.0691859
7.78305e-10	-0.068877
7.78352e-10	-0.0685679
7.78398e-10	-0.0682588
7.78445e-10	-0.0679495
7.78491e-10	-0.0676401
7.78537e-10	-0.0673306
7.78584e-10	-0.067021
7.7863e-10	-0.0667112
7.78677e-10	-0.0664014
7.78723e-10	-0.0660914
7.7877e-10	-0.0657813
7.78816e-10	-0.0654711
7.78862e-10	-0.0651607
7.78909e-10	-0.0648503
7.78955e-10	-0.0645397
7.79002e-10	-0.064229
7.79048e-10	-0.0639182
7.79094e-10	-0.0636073
7.79141e-10	-0.0632963
7.79187e-10	-0.0629851
7.79234e-10	-0.0626739
7.7928e-10	-0.0623625
7.79327e-10	-0.062051
7.79373e-10	-0.0617394
7.79419e-10	-0.0614276
7.79466e-10	-0.0611158
7.79512e-10	-0.0608038
7.79559e-10	-0.0604918
7.79605e-10	-0.0601796
7.79651e-10	-0.0598672
7.79698e-10	-0.0595548
7.79744e-10	-0.0592423
7.79791e-10	-0.0589296
7.79837e-10	-0.0586168
7.79884e-10	-0.058304
7.7993e-10	-0.0579909
7.79976e-10	-0.0576778
7.80023e-10	-0.0573646
7.80069e-10	-0.0570512
7.80116e-10	-0.0567378
7.80162e-10	-0.0564242
7.80208e-10	-0.0561105
7.80255e-10	-0.0557967
7.80301e-10	-0.0554827
7.80348e-10	-0.0551687
7.80394e-10	-0.0548545
7.80441e-10	-0.0545403
7.80487e-10	-0.0542259
7.80533e-10	-0.0539114
7.8058e-10	-0.0535968
7.80626e-10	-0.053282
7.80673e-10	-0.0529672
7.80719e-10	-0.0526522
7.80765e-10	-0.0523372
7.80812e-10	-0.052022
7.80858e-10	-0.0517067
7.80905e-10	-0.0513913
7.80951e-10	-0.0510757
7.80998e-10	-0.0507601
7.81044e-10	-0.0504443
7.8109e-10	-0.0501285
7.81137e-10	-0.0498125
7.81183e-10	-0.0494964
7.8123e-10	-0.0491802
7.81276e-10	-0.0488638
7.81322e-10	-0.0485474
7.81369e-10	-0.0482309
7.81415e-10	-0.0479142
7.81462e-10	-0.0475974
7.81508e-10	-0.0472805
7.81555e-10	-0.0469635
7.81601e-10	-0.0466464
7.81647e-10	-0.0463292
7.81694e-10	-0.0460118
7.8174e-10	-0.0456944
7.81787e-10	-0.0453768
7.81833e-10	-0.0450591
7.81879e-10	-0.0447413
7.81926e-10	-0.0444234
7.81972e-10	-0.0441054
7.82019e-10	-0.0437873
7.82065e-10	-0.043469
7.82112e-10	-0.0431507
7.82158e-10	-0.0428322
7.82204e-10	-0.0425136
7.82251e-10	-0.042195
7.82297e-10	-0.0418762
7.82344e-10	-0.0415572
7.8239e-10	-0.0412382
7.82436e-10	-0.0409191
7.82483e-10	-0.0405998
7.82529e-10	-0.0402805
7.82576e-10	-0.039961
7.82622e-10	-0.0396414
7.82669e-10	-0.0393217
7.82715e-10	-0.0390019
7.82761e-10	-0.038682
7.82808e-10	-0.038362
7.82854e-10	-0.0380418
7.82901e-10	-0.0377216
7.82947e-10	-0.0374012
7.82994e-10	-0.0370808
7.8304e-10	-0.0367602
7.83086e-10	-0.0364395
7.83133e-10	-0.0361187
7.83179e-10	-0.0357978
7.83226e-10	-0.0354768
7.83272e-10	-0.0351556
7.83318e-10	-0.0348344
7.83365e-10	-0.034513
7.83411e-10	-0.0341916
7.83458e-10	-0.03387
7.83504e-10	-0.0335483
7.83551e-10	-0.0332265
7.83597e-10	-0.0329046
7.83643e-10	-0.0325826
7.8369e-10	-0.0322605
7.83736e-10	-0.0319383
7.83783e-10	-0.0316159
7.83829e-10	-0.0312935
7.83875e-10	-0.0309709
7.83922e-10	-0.0306483
7.83968e-10	-0.0303255
7.84015e-10	-0.0300026
7.84061e-10	-0.0296796
7.84108e-10	-0.0293565
7.84154e-10	-0.0290333
7.842e-10	-0.02871
7.84247e-10	-0.0283866
7.84293e-10	-0.028063
7.8434e-10	-0.0277394
7.84386e-10	-0.0274156
7.84432e-10	-0.0270918
7.84479e-10	-0.0267678
7.84525e-10	-0.0264437
7.84572e-10	-0.0261195
7.84618e-10	-0.0257952
7.84665e-10	-0.0254708
7.84711e-10	-0.0251463
7.84757e-10	-0.0248217
7.84804e-10	-0.024497
7.8485e-10	-0.0241721
7.84897e-10	-0.0238472
7.84943e-10	-0.0235222
7.84989e-10	-0.023197
7.85036e-10	-0.0228717
7.85082e-10	-0.0225464
7.85129e-10	-0.0222209
7.85175e-10	-0.0218953
7.85222e-10	-0.0215696
7.85268e-10	-0.0212438
7.85314e-10	-0.0209179
7.85361e-10	-0.0205919
7.85407e-10	-0.0202658
7.85454e-10	-0.0199396
7.855e-10	-0.0196132
7.85546e-10	-0.0192868
7.85593e-10	-0.0189603
7.85639e-10	-0.0186336
7.85686e-10	-0.0183069
7.85732e-10	-0.01798
7.85779e-10	-0.017653
7.85825e-10	-0.0173259
7.85871e-10	-0.0169988
7.85918e-10	-0.0166715
7.85964e-10	-0.0163441
7.86011e-10	-0.0160166
7.86057e-10	-0.015689
7.86103e-10	-0.0153613
7.8615e-10	-0.0150335
7.86196e-10	-0.0147056
7.86243e-10	-0.0143775
7.86289e-10	-0.0140494
7.86336e-10	-0.0137212
7.86382e-10	-0.0133928
7.86428e-10	-0.0130644
7.86475e-10	-0.0127358
7.86521e-10	-0.0124072
7.86568e-10	-0.0120784
7.86614e-10	-0.0117496
7.8666e-10	-0.0114206
7.86707e-10	-0.0110915
7.86753e-10	-0.0107624
7.868e-10	-0.0104331
7.86846e-10	-0.0101037
7.86893e-10	-0.00977421
7.86939e-10	-0.00944462
7.86985e-10	-0.00911492
7.87032e-10	-0.00878512
7.87078e-10	-0.00845522
7.87125e-10	-0.00812521
7.87171e-10	-0.0077951
7.87217e-10	-0.00746489
7.87264e-10	-0.00713457
7.8731e-10	-0.00680415
7.87357e-10	-0.00647363
7.87403e-10	-0.006143
7.8745e-10	-0.00581227
7.87496e-10	-0.00548144
7.87542e-10	-0.0051505
7.87589e-10	-0.00481946
7.87635e-10	-0.00448832
7.87682e-10	-0.00415708
7.87728e-10	-0.00382573
7.87775e-10	-0.00349428
7.87821e-10	-0.00316273
7.87867e-10	-0.00283108
7.87914e-10	-0.00249932
7.8796e-10	-0.00216746
7.88007e-10	-0.0018355
7.88053e-10	-0.00150344
7.88099e-10	-0.00117127
7.88146e-10	-0.000839005
7.88192e-10	-0.000506637
7.88239e-10	-0.000174166
7.88285e-10	0.000158405
7.88332e-10	0.000491079
7.88378e-10	0.000823853
7.88424e-10	0.00115673
7.88471e-10	0.00148971
7.88517e-10	0.00182279
7.88564e-10	0.00215597
7.8861e-10	0.00248925
7.88656e-10	0.00282263
7.88703e-10	0.00315611
7.88749e-10	0.00348969
7.88796e-10	0.00382338
7.88842e-10	0.00415716
7.88889e-10	0.00449105
7.88935e-10	0.00482503
7.88981e-10	0.00515912
7.89028e-10	0.00549331
7.89074e-10	0.00582759
7.89121e-10	0.00616198
7.89167e-10	0.00649647
7.89213e-10	0.00683105
7.8926e-10	0.00716574
7.89306e-10	0.00750052
7.89353e-10	0.00783541
7.89399e-10	0.0081704
7.89446e-10	0.00850548
7.89492e-10	0.00884067
7.89538e-10	0.00917595
7.89585e-10	0.00951133
7.89631e-10	0.00984682
7.89678e-10	0.0101824
7.89724e-10	0.0105181
7.8977e-10	0.0108539
7.89817e-10	0.0111897
7.89863e-10	0.0115257
7.8991e-10	0.0118618
7.89956e-10	0.012198
7.90003e-10	0.0125342
7.90049e-10	0.0128706
7.90095e-10	0.0132071
7.90142e-10	0.0135436
7.90188e-10	0.0138803
7.90235e-10	0.0142171
7.90281e-10	0.0145539
7.90327e-10	0.0148909
7.90374e-10	0.015228
7.9042e-10	0.0155651
7.90467e-10	0.0159024
7.90513e-10	0.0162397
7.9056e-10	0.0165772
7.90606e-10	0.0169147
7.90652e-10	0.0172524
7.90699e-10	0.0175901
7.90745e-10	0.0179279
7.90792e-10	0.0182659
7.90838e-10	0.0186039
7.90884e-10	0.018942
7.90931e-10	0.0192802
7.90977e-10	0.0196186
7.91024e-10	0.019957
7.9107e-10	0.0202955
7.91117e-10	0.0206341
7.91163e-10	0.0209728
7.91209e-10	0.0213116
7.91256e-10	0.0216505
7.91302e-10	0.0219895
7.91349e-10	0.0223286
7.91395e-10	0.0226678
7.91441e-10	0.0230071
7.91488e-10	0.0233465
7.91534e-10	0.0236859
7.91581e-10	0.0240255
7.91627e-10	0.0243652
7.91674e-10	0.0247049
7.9172e-10	0.0250448
7.91766e-10	0.0253848
7.91813e-10	0.0257248
7.91859e-10	0.0260649
7.91906e-10	0.0264052
7.91952e-10	0.0267455
7.91998e-10	0.0270859
7.92045e-10	0.0274265
7.92091e-10	0.0277671
7.92138e-10	0.0281078
7.92184e-10	0.0284486
7.92231e-10	0.0287895
7.92277e-10	0.0291305
7.92323e-10	0.0294716
7.9237e-10	0.0298128
7.92416e-10	0.030154
7.92463e-10	0.0304954
7.92509e-10	0.0308369
7.92556e-10	0.0311784
7.92602e-10	0.0315201
7.92648e-10	0.0318618
7.92695e-10	0.0322037
7.92741e-10	0.0325456
7.92788e-10	0.0328876
7.92834e-10	0.0332298
7.9288e-10	0.033572
7.92927e-10	0.0339143
7.92973e-10	0.0342567
7.9302e-10	0.0345992
7.93066e-10	0.0349417
7.93113e-10	0.0352844
7.93159e-10	0.0356272
7.93205e-10	0.0359701
7.93252e-10	0.036313
7.93298e-10	0.0366561
7.93345e-10	0.0369992
7.93391e-10	0.0373424
7.93437e-10	0.0376857
7.93484e-10	0.0380292
7.9353e-10	0.0383727
7.93577e-10	0.0387163
7.93623e-10	0.03906
7.9367e-10	0.0394037
7.93716e-10	0.0397476
7.93762e-10	0.0400916
7.93809e-10	0.0404356
7.93855e-10	0.0407798
7.93902e-10	0.041124
7.93948e-10	0.0414683
7.93994e-10	0.0418128
7.94041e-10	0.0421573
7.94087e-10	0.0425019
7.94134e-10	0.0428466
7.9418e-10	0.0431914
7.94227e-10	0.0435362
7.94273e-10	0.0438812
7.94319e-10	0.0442263
7.94366e-10	0.0445714
7.94412e-10	0.0449166
7.94459e-10	0.045262
7.94505e-10	0.0456074
7.94551e-10	0.0459529
7.94598e-10	0.0462985
7.94644e-10	0.0466442
7.94691e-10	0.0469899
7.94737e-10	0.0473358
7.94784e-10	0.0476818
7.9483e-10	0.0480278
7.94876e-10	0.0483739
7.94923e-10	0.0487202
7.94969e-10	0.0490665
7.95016e-10	0.0494129
7.95062e-10	0.0497593
7.95108e-10	0.0501059
7.95155e-10	0.0504526
7.95201e-10	0.0507993
7.95248e-10	0.0511462
7.95294e-10	0.0514931
7.95341e-10	0.0518401
7.95387e-10	0.0521872
7.95433e-10	0.0525344
7.9548e-10	0.0528817
7.95526e-10	0.0532291
7.95573e-10	0.0535766
7.95619e-10	0.0539241
7.95665e-10	0.0542717
7.95712e-10	0.0546195
7.95758e-10	0.0549673
7.95805e-10	0.0553152
7.95851e-10	0.0556632
7.95898e-10	0.0560112
7.95944e-10	0.0563594
7.9599e-10	0.0567076
7.96037e-10	0.057056
7.96083e-10	0.0574044
7.9613e-10	0.0577529
7.96176e-10	0.0581015
7.96222e-10	0.0584502
7.96269e-10	0.058799
7.96315e-10	0.0591478
7.96362e-10	0.0594967
7.96408e-10	0.0598458
7.96455e-10	0.0601949
7.96501e-10	0.0605441
7.96547e-10	0.0608934
7.96594e-10	0.0612427
7.9664e-10	0.0615922
7.96687e-10	0.0619417
7.96733e-10	0.0622914
7.9678e-10	0.0626411
7.96826e-10	0.0629909
7.96872e-10	0.0633408
7.96919e-10	0.0636907
7.96965e-10	0.0640408
7.97012e-10	0.0643909
7.97058e-10	0.0647411
7.97104e-10	0.0650915
7.97151e-10	0.0654419
7.97197e-10	0.0657923
7.97244e-10	0.0661429
7.9729e-10	0.0664935
7.97337e-10	0.0668443
7.97383e-10	0.0671951
7.97429e-10	0.067546
7.97476e-10	0.067897
7.97522e-10	0.068248
7.97569e-10	0.0685992
7.97615e-10	0.0689504
7.97661e-10	0.0693017
7.97708e-10	0.0696532
7.97754e-10	0.0700046
7.97801e-10	0.0703562
7.97847e-10	0.0707079
7.97894e-10	0.0710596
7.9794e-10	0.0714114
7.97986e-10	0.0717633
7.98033e-10	0.0721153
7.98079e-10	0.0724674
7.98126e-10	0.0728195
7.98172e-10	0.0731718
7.98218e-10	0.0735241
7.98265e-10	0.0738765
7.98311e-10	0.074229
7.98358e-10	0.0745815
7.98404e-10	0.0749342
7.98451e-10	0.0752869
7.98497e-10	0.0756397
7.98543e-10	0.0759926
7.9859e-10	0.0763456
7.98636e-10	0.0766986
7.98683e-10	0.0770518
7.98729e-10	0.077405
7.98775e-10	0.0777583
7.98822e-10	0.0781117
7.98868e-10	0.0784651
7.98915e-10	0.0788187
7.98961e-10	0.0791723
7.99008e-10	0.079526
7.99054e-10	0.0798798
7.991e-10	0.0802337
7.99147e-10	0.0805876
7.99193e-10	0.0809416
7.9924e-10	0.0812957
7.99286e-10	0.0816499
7.99332e-10	0.0820042
7.99379e-10	0.0823586
7.99425e-10	0.082713
7.99472e-10	0.0830675
7.99518e-10	0.0834221
7.99565e-10	0.0837767
7.99611e-10	0.0841315
7.99657e-10	0.0844863
7.99704e-10	0.0848412
7.9975e-10	0.0851962
7.99797e-10	0.0855513
7.99843e-10	0.0859064
7.99889e-10	0.0862617
7.99936e-10	0.086617
7.99982e-10	0.0869724
8.00029e-10	0.0873278
8.00075e-10	0.0876834
8.00122e-10	0.088039
8.00168e-10	0.0883947
8.00214e-10	0.0887505
8.00261e-10	0.0891063
8.00307e-10	0.0894622
8.00354e-10	0.0898182
8.004e-10	0.0901743
8.00446e-10	0.0905305
8.00493e-10	0.0908867
8.00539e-10	0.0912431
8.00586e-10	0.0915995
8.00632e-10	0.091956
8.00679e-10	0.0923125
8.00725e-10	0.0926691
8.00771e-10	0.0930258
8.00818e-10	0.0933826
8.00864e-10	0.0937395
8.00911e-10	0.0940964
8.00957e-10	0.0944535
8.01003e-10	0.0948106
8.0105e-10	0.0951677
8.01096e-10	0.095525
8.01143e-10	0.0958823
8.01189e-10	0.0962397
8.01236e-10	0.0965972
8.01282e-10	0.0969547
8.01328e-10	0.0973124
8.01375e-10	0.0976701
8.01421e-10	0.0980278
8.01468e-10	0.0983857
8.01514e-10	0.0987436
8.01561e-10	0.0991016
8.01607e-10	0.0994597
8.01653e-10	0.0998179
8.017e-10	0.100176
8.01746e-10	0.100534
8.01793e-10	0.100893
8.01839e-10	0.101251
8.01885e-10	0.10161
8.01932e-10	0.101968
8.01978e-10	0.102327
8.02025e-10	0.102686
8.02071e-10	0.103045
8.02118e-10	0.103404
8.02164e-10	0.103763
8.0221e-10	0.104122
8.02257e-10	0.104481
8.02303e-10	0.10484
8.0235e-10	0.105199
8.02396e-10	0.105559
8.02442e-10	0.105918
8.02489e-10	0.106278
8.02535e-10	0.106637
8.02582e-10	0.106997
8.02628e-10	0.107356
8.02675e-10	0.107716
8.02721e-10	0.108076
8.02767e-10	0.108436
8.02814e-10	0.108796
8.0286e-10	0.109156
8.02907e-10	0.109516
8.02953e-10	0.109877
8.02999e-10	0.110237
8.03046e-10	0.110597
8.03092e-10	0.110958
8.03139e-10	0.111318
8.03185e-10	0.111679
8.03232e-10	0.112039
8.03278e-10	0.1124
8.03324e-10	0.112761
8.03371e-10	0.113122
8.03417e-10	0.113483
8.03464e-10	0.113844
8.0351e-10	0.114205
8.03556e-10	0.114566
8.03603e-10	0.114927
8.03649e-10	0.115289
8.03696e-10	0.11565
8.03742e-10	0.116011
8.03789e-10	0.116373
8.03835e-10	0.116735
8.03881e-10	0.117096
8.03928e-10	0.117458
8.03974e-10	0.11782
8.04021e-10	0.118182
8.04067e-10	0.118544
8.04113e-10	0.118906
8.0416e-10	0.119268
8.04206e-10	0.11963
8.04253e-10	0.119992
8.04299e-10	0.120354
8.04346e-10	0.120717
8.04392e-10	0.121079
8.04438e-10	0.121442
8.04485e-10	0.121804
8.04531e-10	0.122167
8.04578e-10	0.12253
8.04624e-10	0.122892
8.0467e-10	0.123255
8.04717e-10	0.123618
8.04763e-10	0.123981
8.0481e-10	0.124344
8.04856e-10	0.124707
8.04903e-10	0.12507
8.04949e-10	0.125434
8.04995e-10	0.125797
8.05042e-10	0.12616
8.05088e-10	0.126524
8.05135e-10	0.126887
8.05181e-10	0.127251
8.05227e-10	0.127615
8.05274e-10	0.127978
8.0532e-10	0.128342
8.05367e-10	0.128706
8.05413e-10	0.12907
8.0546e-10	0.129434
8.05506e-10	0.129798
8.05552e-10	0.130162
8.05599e-10	0.130526
8.05645e-10	0.130891
8.05692e-10	0.131255
8.05738e-10	0.131619
8.05784e-10	0.131984
8.05831e-10	0.132348
8.05877e-10	0.132713
8.05924e-10	0.133078
8.0597e-10	0.133442
8.06017e-10	0.133807
8.06063e-10	0.134172
8.06109e-10	0.134537
8.06156e-10	0.134902
8.06202e-10	0.135267
8.06249e-10	0.135632
8.06295e-10	0.135997
8.06342e-10	0.136363
8.06388e-10	0.136728
8.06434e-10	0.137093
8.06481e-10	0.137459
8.06527e-10	0.137824
8.06574e-10	0.13819
8.0662e-10	0.138555
8.06666e-10	0.138921
8.06713e-10	0.139287
8.06759e-10	0.139653
8.06806e-10	0.140019
8.06852e-10	0.140385
8.06899e-10	0.140751
8.06945e-10	0.141117
8.06991e-10	0.141483
8.07038e-10	0.141849
8.07084e-10	0.142215
8.07131e-10	0.142582
8.07177e-10	0.142948
8.07223e-10	0.143315
8.0727e-10	0.143681
8.07316e-10	0.144048
8.07363e-10	0.144414
8.07409e-10	0.144781
8.07456e-10	0.145148
8.07502e-10	0.145515
8.07548e-10	0.145882
8.07595e-10	0.146249
8.07641e-10	0.146616
8.07688e-10	0.146983
8.07734e-10	0.14735
8.0778e-10	0.147717
8.07827e-10	0.148085
8.07873e-10	0.148452
8.0792e-10	0.148819
8.07966e-10	0.149187
8.08013e-10	0.149554
8.08059e-10	0.149922
8.08105e-10	0.15029
8.08152e-10	0.150657
8.08198e-10	0.151025
8.08245e-10	0.151393
8.08291e-10	0.151761
8.08337e-10	0.152129
8.08384e-10	0.152497
8.0843e-10	0.152865
8.08477e-10	0.153233
8.08523e-10	0.153601
8.0857e-10	0.153969
8.08616e-10	0.154338
8.08662e-10	0.154706
8.08709e-10	0.155075
8.08755e-10	0.155443
8.08802e-10	0.155812
8.08848e-10	0.15618
8.08894e-10	0.156549
8.08941e-10	0.156918
8.08987e-10	0.157286
8.09034e-10	0.157655
8.0908e-10	0.158024
8.09127e-10	0.158393
8.09173e-10	0.158762
8.09219e-10	0.159131
8.09266e-10	0.1595
8.09312e-10	0.15987
8.09359e-10	0.160239
8.09405e-10	0.160608
8.09451e-10	0.160978
8.09498e-10	0.161347
8.09544e-10	0.161717
8.09591e-10	0.162086
8.09637e-10	0.162456
8.09684e-10	0.162825
8.0973e-10	0.163195
8.09776e-10	0.163565
8.09823e-10	0.163935
8.09869e-10	0.164305
8.09916e-10	0.164675
8.09962e-10	0.165045
8.10008e-10	0.165415
8.10055e-10	0.165785
8.10101e-10	0.166155
8.10148e-10	0.166525
8.10194e-10	0.166896
8.10241e-10	0.167266
8.10287e-10	0.167636
8.10333e-10	0.168007
8.1038e-10	0.168377
8.10426e-10	0.168748
8.10473e-10	0.169118
8.10519e-10	0.169489
8.10565e-10	0.16986
8.10612e-10	0.170231
8.10658e-10	0.170602
8.10705e-10	0.170972
8.10751e-10	0.171343
8.10798e-10	0.171714
8.10844e-10	0.172086
8.1089e-10	0.172457
8.10937e-10	0.172828
8.10983e-10	0.173199
8.1103e-10	0.17357
8.11076e-10	0.173942
8.11123e-10	0.174313
8.11169e-10	0.174685
8.11215e-10	0.175056
8.11262e-10	0.175428
8.11308e-10	0.175799
8.11355e-10	0.176171
8.11401e-10	0.176543
8.11447e-10	0.176914
8.11494e-10	0.177286
8.1154e-10	0.177658
8.11587e-10	0.17803
8.11633e-10	0.178402
8.1168e-10	0.178774
8.11726e-10	0.179146
8.11772e-10	0.179518
8.11819e-10	0.179891
8.11865e-10	0.180263
8.11912e-10	0.180635
8.11958e-10	0.181007
8.12004e-10	0.18138
8.12051e-10	0.181752
8.12097e-10	0.182125
8.12144e-10	0.182497
8.1219e-10	0.18287
8.12237e-10	0.183243
8.12283e-10	0.183615
8.12329e-10	0.183988
8.12376e-10	0.184361
8.12422e-10	0.184734
8.12469e-10	0.185107
8.12515e-10	0.18548
8.12561e-10	0.185853
8.12608e-10	0.186226
8.12654e-10	0.186599
8.12701e-10	0.186972
8.12747e-10	0.187345
8.12794e-10	0.187719
8.1284e-10	0.188092
8.12886e-10	0.188465
8.12933e-10	0.188839
8.12979e-10	0.189212
8.13026e-10	0.189586
8.13072e-10	0.189959
8.13118e-10	0.190333
8.13165e-10	0.190707
8.13211e-10	0.19108
8.13258e-10	0.191454
8.13304e-10	0.191828
8.13351e-10	0.192202
8.13397e-10	0.192576
8.13443e-10	0.19295
8.1349e-10	0.193324
8.13536e-10	0.193698
8.13583e-10	0.194072
8.13629e-10	0.194446
8.13675e-10	0.19482
8.13722e-10	0.195195
8.13768e-10	0.195569
8.13815e-10	0.195943
8.13861e-10	0.196318
8.13908e-10	0.196692
8.13954e-10	0.197067
8.14e-10	0.197441
8.14047e-10	0.197816
8.14093e-10	0.19819
8.1414e-10	0.198565
8.14186e-10	0.19894
8.14232e-10	0.199315
8.14279e-10	0.199689
8.14325e-10	0.200064
8.14372e-10	0.200439
8.14418e-10	0.200814
8.14465e-10	0.201189
8.14511e-10	0.201564
8.14557e-10	0.201939
8.14604e-10	0.202314
8.1465e-10	0.20269
8.14697e-10	0.203065
8.14743e-10	0.20344
8.14789e-10	0.203816
8.14836e-10	0.204191
8.14882e-10	0.204566
8.14929e-10	0.204942
8.14975e-10	0.205317
8.15022e-10	0.205693
8.15068e-10	0.206069
8.15114e-10	0.206444
8.15161e-10	0.20682
8.15207e-10	0.207196
8.15254e-10	0.207571
8.153e-10	0.207947
8.15346e-10	0.208323
8.15393e-10	0.208699
8.15439e-10	0.209075
8.15486e-10	0.209451
8.15532e-10	0.209827
8.15579e-10	0.210203
8.15625e-10	0.210579
8.15671e-10	0.210955
8.15718e-10	0.211332
8.15764e-10	0.211708
8.15811e-10	0.212084
8.15857e-10	0.212461
8.15904e-10	0.212837
8.1595e-10	0.213213
8.15996e-10	0.21359
8.16043e-10	0.213966
8.16089e-10	0.214343
8.16136e-10	0.21472
8.16182e-10	0.215096
8.16228e-10	0.215473
8.16275e-10	0.21585
8.16321e-10	0.216226
8.16368e-10	0.216603
8.16414e-10	0.21698
8.16461e-10	0.217357
8.16507e-10	0.217734
8.16553e-10	0.218111
8.166e-10	0.218488
8.16646e-10	0.218865
8.16693e-10	0.219242
8.16739e-10	0.219619
8.16785e-10	0.219996
8.16832e-10	0.220374
8.16878e-10	0.220751
8.16925e-10	0.221128
8.16971e-10	0.221505
8.17018e-10	0.221883
8.17064e-10	0.22226
8.1711e-10	0.222638
8.17157e-10	0.223015
8.17203e-10	0.223393
8.1725e-10	0.22377
8.17296e-10	0.224148
8.17342e-10	0.224526
8.17389e-10	0.224903
8.17435e-10	0.225281
8.17482e-10	0.225659
8.17528e-10	0.226037
8.17575e-10	0.226415
8.17621e-10	0.226792
8.17667e-10	0.22717
8.17714e-10	0.227548
8.1776e-10	0.227926
8.17807e-10	0.228304
8.17853e-10	0.228682
8.17899e-10	0.229061
8.17946e-10	0.229439
8.17992e-10	0.229817
8.18039e-10	0.230195
8.18085e-10	0.230573
8.18132e-10	0.230952
8.18178e-10	0.23133
8.18224e-10	0.231708
8.18271e-10	0.232087
8.18317e-10	0.232465
8.18364e-10	0.232844
8.1841e-10	0.233222
8.18456e-10	0.233601
8.18503e-10	0.23398
8.18549e-10	0.234358
8.18596e-10	0.234737
8.18642e-10	0.235116
8.18689e-10	0.235494
8.18735e-10	0.235873
8.18781e-10	0.236252
8.18828e-10	0.236631
8.18874e-10	0.23701
8.18921e-10	0.237389
8.18967e-10	0.237768
8.19013e-10	0.238147
8.1906e-10	0.238526
8.19106e-10	0.238905
8.19153e-10	0.239284
8.19199e-10	0.239663
8.19246e-10	0.240042
8.19292e-10	0.240421
8.19338e-10	0.240801
8.19385e-10	0.24118
8.19431e-10	0.241559
8.19478e-10	0.241938
8.19524e-10	0.242318
8.1957e-10	0.242697
8.19617e-10	0.243077
8.19663e-10	0.243456
8.1971e-10	0.243836
8.19756e-10	0.244215
8.19803e-10	0.244595
8.19849e-10	0.244974
8.19895e-10	0.245354
8.19942e-10	0.245734
8.19988e-10	0.246113
8.20035e-10	0.246493
8.20081e-10	0.246873
8.20128e-10	0.247253
8.20174e-10	0.247633
8.2022e-10	0.248012
8.20267e-10	0.248392
8.20313e-10	0.248772
8.2036e-10	0.249152
8.20406e-10	0.249532
8.20452e-10	0.249912
8.20499e-10	0.250292
8.20545e-10	0.250672
8.20592e-10	0.251053
8.20638e-10	0.251433
8.20685e-10	0.251813
8.20731e-10	0.252193
8.20777e-10	0.252573
8.20824e-10	0.252954
8.2087e-10	0.253334
8.20917e-10	0.253714
8.20963e-10	0.254095
8.21009e-10	0.254475
8.21056e-10	0.254855
8.21102e-10	0.255236
8.21149e-10	0.255616
8.21195e-10	0.255997
8.21242e-10	0.256378
8.21288e-10	0.256758
8.21334e-10	0.257139
8.21381e-10	0.257519
8.21427e-10	0.2579
8.21474e-10	0.258281
8.2152e-10	0.258661
8.21566e-10	0.259042
8.21613e-10	0.259423
8.21659e-10	0.259804
8.21706e-10	0.260185
8.21752e-10	0.260565
8.21799e-10	0.260946
8.21845e-10	0.261327
8.21891e-10	0.261708
8.21938e-10	0.262089
8.21984e-10	0.26247
8.22031e-10	0.262851
8.22077e-10	0.263232
8.22123e-10	0.263613
8.2217e-10	0.263994
8.22216e-10	0.264376
8.22263e-10	0.264757
8.22309e-10	0.265138
8.22356e-10	0.265519
8.22402e-10	0.2659
8.22448e-10	0.266282
8.22495e-10	0.266663
8.22541e-10	0.267044
8.22588e-10	0.267426
8.22634e-10	0.267807
8.2268e-10	0.268188
8.22727e-10	0.26857
8.22773e-10	0.268951
8.2282e-10	0.269333
8.22866e-10	0.269714
8.22913e-10	0.270096
8.22959e-10	0.270477
8.23005e-10	0.270859
8.23052e-10	0.271241
8.23098e-10	0.271622
8.23145e-10	0.272004
8.23191e-10	0.272386
8.23237e-10	0.272767
8.23284e-10	0.273149
8.2333e-10	0.273531
8.23377e-10	0.273913
8.23423e-10	0.274294
8.2347e-10	0.274676
8.23516e-10	0.275058
8.23562e-10	0.27544
8.23609e-10	0.275822
8.23655e-10	0.276204
8.23702e-10	0.276586
8.23748e-10	0.276968
8.23794e-10	0.27735
8.23841e-10	0.277732
8.23887e-10	0.278114
8.23934e-10	0.278496
8.2398e-10	0.278878
8.24027e-10	0.27926
8.24073e-10	0.279642
8.24119e-10	0.280024
8.24166e-10	0.280406
8.24212e-10	0.280789
8.24259e-10	0.281171
8.24305e-10	0.281553
8.24351e-10	0.281935
8.24398e-10	0.282317
8.24444e-10	0.2827
8.24491e-10	0.283082
8.24537e-10	0.283464
8.24584e-10	0.283847
8.2463e-10	0.284229
8.24676e-10	0.284612
8.24723e-10	0.284994
8.24769e-10	0.285376
8.24816e-10	0.285759
8.24862e-10	0.286141
8.24909e-10	0.286524
8.24955e-10	0.286906
8.25001e-10	0.287289
8.25048e-10	0.287672
8.25094e-10	0.288054
8.25141e-10	0.288437
8.25187e-10	0.288819
8.25233e-10	0.289202
8.2528e-10	0.289585
8.25326e-10	0.289967
8.25373e-10	0.29035
8.25419e-10	0.290733
8.25466e-10	0.291116
8.25512e-10	0.291498
8.25558e-10	0.291881
8.25605e-10	0.292264
8.25651e-10	0.292647
8.25698e-10	0.29303
8.25744e-10	0.293412
8.2579e-10	0.293795
8.25837e-10	0.294178
8.25883e-10	0.294561
8.2593e-10	0.294944
8.25976e-10	0.295327
8.26023e-10	0.29571
8.26069e-10	0.296093
8.26115e-10	0.296476
8.26162e-10	0.296859
8.26208e-10	0.297242
8.26255e-10	0.297625
8.26301e-10	0.298008
8.26347e-10	0.298391
8.26394e-10	0.298774
8.2644e-10	0.299157
8.26487e-10	0.29954
8.26533e-10	0.299923
8.2658e-10	0.300307
8.26626e-10	0.30069
8.26672e-10	0.301073
8.26719e-10	0.301456
8.26765e-10	0.301839
8.26812e-10	0.302223
8.26858e-10	0.302606
8.26904e-10	0.302989
8.26951e-10	0.303372
8.26997e-10	0.303756
8.27044e-10	0.304139
8.2709e-10	0.304522
8.27137e-10	0.304906
8.27183e-10	0.305289
8.27229e-10	0.305672
8.27276e-10	0.306056
8.27322e-10	0.306439
8.27369e-10	0.306822
8.27415e-10	0.307206
8.27461e-10	0.307589
8.27508e-10	0.307973
8.27554e-10	0.308356
8.27601e-10	0.30874
8.27647e-10	0.309123
8.27694e-10	0.309507
8.2774e-10	0.30989
8.27786e-10	0.310274
8.27833e-10	0.310657
8.27879e-10	0.311041
8.27926e-10	0.311424
8.27972e-10	0.311808
8.28018e-10	0.312192
8.28065e-10	0.312575
8.28111e-10	0.312959
8.28158e-10	0.313342
8.28204e-10	0.313726
8.28251e-10	0.31411
8.28297e-10	0.314493
8.28343e-10	0.314877
8.2839e-10	0.315261
8.28436e-10	0.315644
8.28483e-10	0.316028
8.28529e-10	0.316412
8.28575e-10	0.316795
8.28622e-10	0.317179
8.28668e-10	0.317563
8.28715e-10	0.317947
8.28761e-10	0.31833
8.28808e-10	0.318714
8.28854e-10	0.319098
8.289e-10	0.319482
8.28947e-10	0.319866
8.28993e-10	0.320249
8.2904e-10	0.320633
8.29086e-10	0.321017
8.29132e-10	0.321401
8.29179e-10	0.321785
8.29225e-10	0.322169
8.29272e-10	0.322552
8.29318e-10	0.322936
8.29365e-10	0.32332
8.29411e-10	0.323704
8.29457e-10	0.324088
8.29504e-10	0.324472
8.2955e-10	0.324856
8.29597e-10	0.32524
8.29643e-10	0.325624
8.2969e-10	0.326008
8.29736e-10	0.326391
8.29782e-10	0.326775
8.29829e-10	0.327159
8.29875e-10	0.327543
8.29922e-10	0.327927
8.29968e-10	0.328311
8.30014e-10	0.328695
8.30061e-10	0.329079
8.30107e-10	0.329463
8.30154e-10	0.329847
8.302e-10	0.330231
8.30247e-10	0.330615
8.30293e-10	0.330999
8.30339e-10	0.331383
8.30386e-10	0.331767
8.30432e-10	0.332151
8.30479e-10	0.332536
8.30525e-10	0.33292
8.30571e-10	0.333304
8.30618e-10	0.333688
8.30664e-10	0.334072
8.30711e-10	0.334456
8.30757e-10	0.33484
8.30804e-10	0.335224
8.3085e-10	0.335608
8.30896e-10	0.335992
8.30943e-10	0.336376
8.30989e-10	0.33676
8.31036e-10	0.337145
8.31082e-10	0.337529
8.31128e-10	0.337913
8.31175e-10	0.338297
8.31221e-10	0.338681
8.31268e-10	0.339065
8.31314e-10	0.339449
8.31361e-10	0.339833
8.31407e-10	0.340218
8.31453e-10	0.340602
8.315e-10	0.340986
8.31546e-10	0.34137
8.31593e-10	0.341754
8.31639e-10	0.342138
8.31685e-10	0.342522
8.31732e-10	0.342907
8.31778e-10	0.343291
8.31825e-10	0.343675
8.31871e-10	0.344059
8.31918e-10	0.344443
8.31964e-10	0.344827
8.3201e-10	0.345211
8.32057e-10	0.345596
8.32103e-10	0.34598
8.3215e-10	0.346364
8.32196e-10	0.346748
8.32242e-10	0.347132
8.32289e-10	0.347517
8.32335e-10	0.347901
8.32382e-10	0.348285
8.32428e-10	0.348669
8.32475e-10	0.349053
8.32521e-10	0.349437
8.32567e-10	0.349822
8.32614e-10	0.350206
8.3266e-10	0.35059
8.32707e-10	0.350974
8.32753e-10	0.351358
8.32799e-10	0.351742
8.32846e-10	0.352127
8.32892e-10	0.352511
8.32939e-10	0.352895
8.32985e-10	0.353279
8.33032e-10	0.353663
8.33078e-10	0.354047
8.33124e-10	0.354432
8.33171e-10	0.354816
8.33217e-10	0.3552
8.33264e-10	0.355584
8.3331e-10	0.355968
8.33356e-10	0.356352
8.33403e-10	0.356737
8.33449e-10	0.357121
8.33496e-10	0.357505
8.33542e-10	0.357889
8.33589e-10	0.358273
8.33635e-10	0.358657
8.33681e-10	0.359041
8.33728e-10	0.359426
8.33774e-10	0.35981
8.33821e-10	0.360194
8.33867e-10	0.360578
8.33913e-10	0.360962
8.3396e-10	0.361346
8.34006e-10	0.36173
8.34053e-10	0.362114
8.34099e-10	0.362498
8.34146e-10	0.362883
8.34192e-10	0.363267
8.34238e-10	0.363651
8.34285e-10	0.364035
8.34331e-10	0.364419
8.34378e-10	0.364803
8.34424e-10	0.365187
8.34471e-10	0.365571
8.34517e-10	0.365955
8.34563e-10	0.366339
8.3461e-10	0.366723
8.34656e-10	0.367107
8.34703e-10	0.367491
8.34749e-10	0.367875
8.34795e-10	0.368259
8.34842e-10	0.368644
8.34888e-10	0.369028
8.34935e-10	0.369412
8.34981e-10	0.369796
8.35028e-10	0.37018
8.35074e-10	0.370564
8.3512e-10	0.370948
8.35167e-10	0.371331
8.35213e-10	0.371715
8.3526e-10	0.372099
8.35306e-10	0.372483
8.35352e-10	0.372867
8.35399e-10	0.373251
8.35445e-10	0.373635
8.35492e-10	0.374019
8.35538e-10	0.374403
8.35585e-10	0.374787
8.35631e-10	0.375171
8.35677e-10	0.375555
8.35724e-10	0.375939
8.3577e-10	0.376323
8.35817e-10	0.376706
8.35863e-10	0.37709
8.35909e-10	0.377474
8.35956e-10	0.377858
8.36002e-10	0.378242
8.36049e-10	0.378626
8.36095e-10	0.379009
8.36142e-10	0.379393
8.36188e-10	0.379777
8.36234e-10	0.380161
8.36281e-10	0.380545
8.36327e-10	0.380928
8.36374e-10	0.381312
8.3642e-10	0.381696
8.36466e-10	0.38208
8.36513e-10	0.382463
8.36559e-10	0.382847
8.36606e-10	0.383231
8.36652e-10	0.383614
8.36699e-10	0.383998
8.36745e-10	0.384382
8.36791e-10	0.384765
8.36838e-10	0.385149
8.36884e-10	0.385533
8.36931e-10	0.385916
8.36977e-10	0.3863
8.37023e-10	0.386683
8.3707e-10	0.387067
8.37116e-10	0.387451
8.37163e-10	0.387834
8.37209e-10	0.388218
8.37256e-10	0.388601
8.37302e-10	0.388985
8.37348e-10	0.389368
8.37395e-10	0.389752
8.37441e-10	0.390135
8.37488e-10	0.390519
8.37534e-10	0.390902
8.3758e-10	0.391286
8.37627e-10	0.391669
8.37673e-10	0.392052
8.3772e-10	0.392436
8.37766e-10	0.392819
8.37813e-10	0.393203
8.37859e-10	0.393586
8.37905e-10	0.393969
8.37952e-10	0.394353
8.37998e-10	0.394736
8.38045e-10	0.395119
8.38091e-10	0.395503
8.38137e-10	0.395886
8.38184e-10	0.396269
8.3823e-10	0.396652
8.38277e-10	0.397036
8.38323e-10	0.397419
8.3837e-10	0.397802
8.38416e-10	0.398185
8.38462e-10	0.398568
8.38509e-10	0.398951
8.38555e-10	0.399335
8.38602e-10	0.399718
8.38648e-10	0.400101
8.38694e-10	0.400484
8.38741e-10	0.400867
8.38787e-10	0.40125
8.38834e-10	0.401633
8.3888e-10	0.402016
8.38927e-10	0.402399
8.38973e-10	0.402782
8.39019e-10	0.403165
8.39066e-10	0.403548
8.39112e-10	0.403931
8.39159e-10	0.404314
8.39205e-10	0.404697
8.39252e-10	0.40508
8.39298e-10	0.405462
8.39344e-10	0.405845
8.39391e-10	0.406228
8.39437e-10	0.406611
8.39484e-10	0.406994
8.3953e-10	0.407376
8.39576e-10	0.407759
8.39623e-10	0.408142
8.39669e-10	0.408525
8.39716e-10	0.408907
8.39762e-10	0.40929
8.39809e-10	0.409673
8.39855e-10	0.410055
8.39901e-10	0.410438
8.39948e-10	0.41082
8.39994e-10	0.411203
8.40041e-10	0.411586
8.40087e-10	0.411968
8.40133e-10	0.412351
8.4018e-10	0.412733
8.40226e-10	0.413116
8.40273e-10	0.413498
8.40319e-10	0.41388
8.40366e-10	0.414263
8.40412e-10	0.414645
8.40458e-10	0.415028
8.40505e-10	0.41541
8.40551e-10	0.415792
8.40598e-10	0.416175
8.40644e-10	0.416557
8.4069e-10	0.416939
8.40737e-10	0.417321
8.40783e-10	0.417703
8.4083e-10	0.418086
8.40876e-10	0.418468
8.40923e-10	0.41885
8.40969e-10	0.419232
8.41015e-10	0.419614
8.41062e-10	0.419996
8.41108e-10	0.420378
8.41155e-10	0.42076
8.41201e-10	0.421142
8.41247e-10	0.421524
8.41294e-10	0.421906
8.4134e-10	0.422288
8.41387e-10	0.42267
8.41433e-10	0.423052
8.4148e-10	0.423434
8.41526e-10	0.423816
8.41572e-10	0.424198
8.41619e-10	0.424579
8.41665e-10	0.424961
8.41712e-10	0.425343
8.41758e-10	0.425725
8.41804e-10	0.426106
8.41851e-10	0.426488
8.41897e-10	0.42687
8.41944e-10	0.427251
8.4199e-10	0.427633
8.42037e-10	0.428014
8.42083e-10	0.428396
8.42129e-10	0.428777
8.42176e-10	0.429159
8.42222e-10	0.42954
8.42269e-10	0.429922
8.42315e-10	0.430303
8.42361e-10	0.430684
8.42408e-10	0.431066
8.42454e-10	0.431447
8.42501e-10	0.431828
8.42547e-10	0.43221
8.42594e-10	0.432591
8.4264e-10	0.432972
8.42686e-10	0.433353
8.42733e-10	0.433735
8.42779e-10	0.434116
8.42826e-10	0.434497
8.42872e-10	0.434878
8.42918e-10	0.435259
8.42965e-10	0.43564
8.43011e-10	0.436021
8.43058e-10	0.436402
8.43104e-10	0.436783
8.43151e-10	0.437164
8.43197e-10	0.437545
8.43243e-10	0.437925
8.4329e-10	0.438306
8.43336e-10	0.438687
8.43383e-10	0.439068
8.43429e-10	0.439449
8.43475e-10	0.439829
8.43522e-10	0.44021
8.43568e-10	0.440591
8.43615e-10	0.440971
8.43661e-10	0.441352
8.43708e-10	0.441732
8.43754e-10	0.442113
8.438e-10	0.442493
8.43847e-10	0.442874
8.43893e-10	0.443254
8.4394e-10	0.443635
8.43986e-10	0.444015
8.44033e-10	0.444395
8.44079e-10	0.444776
8.44125e-10	0.445156
8.44172e-10	0.445536
8.44218e-10	0.445916
8.44265e-10	0.446297
8.44311e-10	0.446677
8.44357e-10	0.447057
8.44404e-10	0.447437
8.4445e-10	0.447817
8.44497e-10	0.448197
8.44543e-10	0.448577
8.4459e-10	0.448957
8.44636e-10	0.449337
8.44682e-10	0.449717
8.44729e-10	0.450097
8.44775e-10	0.450476
8.44822e-10	0.450856
8.44868e-10	0.451236
8.44914e-10	0.451616
8.44961e-10	0.451995
8.45007e-10	0.452375
8.45054e-10	0.452755
8.451e-10	0.453134
8.45147e-10	0.453514
8.45193e-10	0.453893
8.45239e-10	0.454273
8.45286e-10	0.454652
8.45332e-10	0.455032
8.45379e-10	0.455411
8.45425e-10	0.45579
8.45471e-10	0.45617
8.45518e-10	0.456549
8.45564e-10	0.456928
8.45611e-10	0.457307
8.45657e-10	0.457687
8.45704e-10	0.458066
8.4575e-10	0.458445
8.45796e-10	0.458824
8.45843e-10	0.459203
8.45889e-10	0.459582
8.45936e-10	0.459961
8.45982e-10	0.46034
8.46028e-10	0.460719
8.46075e-10	0.461097
8.46121e-10	0.461476
8.46168e-10	0.461855
8.46214e-10	0.462234
8.46261e-10	0.462612
8.46307e-10	0.462991
8.46353e-10	0.46337
8.464e-10	0.463748
8.46446e-10	0.464127
8.46493e-10	0.464505
8.46539e-10	0.464884
8.46585e-10	0.465262
8.46632e-10	0.465641
8.46678e-10	0.466019
8.46725e-10	0.466397
8.46771e-10	0.466776
8.46818e-10	0.467154
8.46864e-10	0.467532
8.4691e-10	0.46791
8.46957e-10	0.468288
8.47003e-10	0.468666
8.4705e-10	0.469044
8.47096e-10	0.469422
8.47142e-10	0.4698
8.47189e-10	0.470178
8.47235e-10	0.470556
8.47282e-10	0.470934
8.47328e-10	0.471312
8.47375e-10	0.47169
8.47421e-10	0.472067
8.47467e-10	0.472445
8.47514e-10	0.472823
8.4756e-10	0.4732
8.47607e-10	0.473578
8.47653e-10	0.473955
8.47699e-10	0.474333
8.47746e-10	0.47471
8.47792e-10	0.475088
8.47839e-10	0.475465
8.47885e-10	0.475842
8.47932e-10	0.47622
8.47978e-10	0.476597
8.48024e-10	0.476974
8.48071e-10	0.477351
8.48117e-10	0.477728
8.48164e-10	0.478105
8.4821e-10	0.478482
8.48257e-10	0.478859
8.48303e-10	0.479236
8.48349e-10	0.479613
8.48396e-10	0.47999
8.48442e-10	0.480367
8.48489e-10	0.480743
8.48535e-10	0.48112
8.48581e-10	0.481497
8.48628e-10	0.481873
8.48674e-10	0.48225
8.48721e-10	0.482627
8.48767e-10	0.483003
8.48814e-10	0.48338
8.4886e-10	0.483756
8.48906e-10	0.484132
8.48953e-10	0.484509
8.48999e-10	0.484885
8.49046e-10	0.485261
8.49092e-10	0.485637
8.49138e-10	0.486013
8.49185e-10	0.486389
8.49231e-10	0.486766
8.49278e-10	0.487142
8.49324e-10	0.487517
8.49371e-10	0.487893
8.49417e-10	0.488269
8.49463e-10	0.488645
8.4951e-10	0.489021
8.49556e-10	0.489397
8.49603e-10	0.489772
8.49649e-10	0.490148
8.49695e-10	0.490523
8.49742e-10	0.490899
8.49788e-10	0.491274
8.49835e-10	0.49165
8.49881e-10	0.492025
8.49928e-10	0.492401
8.49974e-10	0.492776
8.5002e-10	0.493151
8.50067e-10	0.493526
8.50113e-10	0.493902
8.5016e-10	0.494277
8.50206e-10	0.494652
8.50252e-10	0.495027
8.50299e-10	0.495402
8.50345e-10	0.495777
8.50392e-10	0.496151
8.50438e-10	0.496526
8.50485e-10	0.496901
8.50531e-10	0.497276
8.50577e-10	0.49765
8.50624e-10	0.498025
8.5067e-10	0.4984
8.50717e-10	0.498774
8.50763e-10	0.499149
8.50809e-10	0.499523
8.50856e-10	0.499897
8.50902e-10	0.500272
8.50949e-10	0.500646
8.50995e-10	0.50102
8.51042e-10	0.501394
8.51088e-10	0.501768
8.51134e-10	0.502143
8.51181e-10	0.502517
8.51227e-10	0.502891
8.51274e-10	0.503264
8.5132e-10	0.503638
8.51366e-10	0.504012
8.51413e-10	0.504386
8.51459e-10	0.50476
8.51506e-10	0.505133
8.51552e-10	0.505507
8.51599e-10	0.50588
8.51645e-10	0.506254
8.51691e-10	0.506627
8.51738e-10	0.507001
8.51784e-10	0.507374
8.51831e-10	0.507747
8.51877e-10	0.508121
8.51923e-10	0.508494
8.5197e-10	0.508867
8.52016e-10	0.50924
8.52063e-10	0.509613
8.52109e-10	0.509986
8.52156e-10	0.510359
8.52202e-10	0.510732
8.52248e-10	0.511105
8.52295e-10	0.511477
8.52341e-10	0.51185
8.52388e-10	0.512223
8.52434e-10	0.512595
8.5248e-10	0.512968
8.52527e-10	0.51334
8.52573e-10	0.513713
8.5262e-10	0.514085
8.52666e-10	0.514458
8.52713e-10	0.51483
8.52759e-10	0.515202
8.52805e-10	0.515574
8.52852e-10	0.515946
8.52898e-10	0.516318
8.52945e-10	0.51669
8.52991e-10	0.517062
8.53038e-10	0.517434
8.53084e-10	0.517806
8.5313e-10	0.518178
8.53177e-10	0.518549
8.53223e-10	0.518921
8.5327e-10	0.519293
8.53316e-10	0.519664
8.53362e-10	0.520036
8.53409e-10	0.520407
8.53455e-10	0.520778
8.53502e-10	0.52115
8.53548e-10	0.521521
8.53595e-10	0.521892
8.53641e-10	0.522263
8.53687e-10	0.522634
8.53734e-10	0.523005
8.5378e-10	0.523376
8.53827e-10	0.523747
8.53873e-10	0.524118
8.53919e-10	0.524489
8.53966e-10	0.52486
8.54012e-10	0.52523
8.54059e-10	0.525601
8.54105e-10	0.525972
8.54152e-10	0.526342
8.54198e-10	0.526712
8.54244e-10	0.527083
8.54291e-10	0.527453
8.54337e-10	0.527823
8.54384e-10	0.528194
8.5443e-10	0.528564
8.54476e-10	0.528934
8.54523e-10	0.529304
8.54569e-10	0.529674
8.54616e-10	0.530044
8.54662e-10	0.530414
8.54709e-10	0.530783
8.54755e-10	0.531153
8.54801e-10	0.531523
8.54848e-10	0.531892
8.54894e-10	0.532262
8.54941e-10	0.532631
8.54987e-10	0.533001
8.55033e-10	0.53337
8.5508e-10	0.533739
8.55126e-10	0.534109
8.55173e-10	0.534478
8.55219e-10	0.534847
8.55266e-10	0.535216
8.55312e-10	0.535585
8.55358e-10	0.535954
8.55405e-10	0.536323
8.55451e-10	0.536691
8.55498e-10	0.53706
8.55544e-10	0.537429
8.5559e-10	0.537797
8.55637e-10	0.538166
8.55683e-10	0.538534
8.5573e-10	0.538903
8.55776e-10	0.539271
8.55823e-10	0.539639
8.55869e-10	0.540008
8.55915e-10	0.540376
8.55962e-10	0.540744
8.56008e-10	0.541112
8.56055e-10	0.54148
8.56101e-10	0.541848
8.56147e-10	0.542216
8.56194e-10	0.542583
8.5624e-10	0.542951
8.56287e-10	0.543319
8.56333e-10	0.543686
8.5638e-10	0.544054
8.56426e-10	0.544421
8.56472e-10	0.544789
8.56519e-10	0.545156
8.56565e-10	0.545523
8.56612e-10	0.54589
8.56658e-10	0.546258
8.56704e-10	0.546625
8.56751e-10	0.546992
8.56797e-10	0.547359
8.56844e-10	0.547725
8.5689e-10	0.548092
8.56937e-10	0.548459
8.56983e-10	0.548826
8.57029e-10	0.549192
8.57076e-10	0.549559
8.57122e-10	0.549925
8.57169e-10	0.550291
8.57215e-10	0.550658
8.57261e-10	0.551024
8.57308e-10	0.55139
8.57354e-10	0.551756
8.57401e-10	0.552122
8.57447e-10	0.552488
8.57494e-10	0.552854
8.5754e-10	0.55322
8.57586e-10	0.553586
8.57633e-10	0.553952
8.57679e-10	0.554317
8.57726e-10	0.554683
8.57772e-10	0.555048
8.57819e-10	0.555414
8.57865e-10	0.555779
8.57911e-10	0.556144
8.57958e-10	0.556509
8.58004e-10	0.556875
8.58051e-10	0.55724
8.58097e-10	0.557605
8.58143e-10	0.55797
8.5819e-10	0.558335
8.58236e-10	0.558699
8.58283e-10	0.559064
8.58329e-10	0.559429
8.58376e-10	0.559793
8.58422e-10	0.560158
8.58468e-10	0.560522
8.58515e-10	0.560887
8.58561e-10	0.561251
8.58608e-10	0.561615
8.58654e-10	0.561979
8.587e-10	0.562343
8.58747e-10	0.562707
8.58793e-10	0.563071
8.5884e-10	0.563435
8.58886e-10	0.563799
8.58933e-10	0.564163
8.58979e-10	0.564526
8.59025e-10	0.56489
8.59072e-10	0.565253
8.59118e-10	0.565617
8.59165e-10	0.56598
8.59211e-10	0.566344
8.59257e-10	0.566707
8.59304e-10	0.56707
8.5935e-10	0.567433
8.59397e-10	0.567796
8.59443e-10	0.568159
8.5949e-10	0.568522
8.59536e-10	0.568885
8.59582e-10	0.569247
8.59629e-10	0.56961
8.59675e-10	0.569972
8.59722e-10	0.570335
8.59768e-10	0.570697
8.59814e-10	0.57106
8.59861e-10	0.571422
8.59907e-10	0.571784
8.59954e-10	0.572146
8.6e-10	0.572508
8.60047e-10	0.57287
8.60093e-10	0.573232
8.60139e-10	0.573594
8.60186e-10	0.573956
8.60232e-10	0.574317
8.60279e-10	0.574679
8.60325e-10	0.57504
8.60371e-10	0.575402
8.60418e-10	0.575763
8.60464e-10	0.576124
8.60511e-10	0.576486
8.60557e-10	0.576847
8.60604e-10	0.577208
8.6065e-10	0.577569
8.60696e-10	0.57793
8.60743e-10	0.57829
8.60789e-10	0.578651
8.60836e-10	0.579012
8.60882e-10	0.579372
8.60928e-10	0.579733
8.60975e-10	0.580093
8.61021e-10	0.580454
8.61068e-10	0.580814
8.61114e-10	0.581174
8.61161e-10	0.581534
8.61207e-10	0.581894
8.61253e-10	0.582254
8.613e-10	0.582614
8.61346e-10	0.582974
8.61393e-10	0.583334
8.61439e-10	0.583693
8.61485e-10	0.584053
8.61532e-10	0.584412
8.61578e-10	0.584772
8.61625e-10	0.585131
8.61671e-10	0.58549
8.61718e-10	0.585849
8.61764e-10	0.586209
8.6181e-10	0.586568
8.61857e-10	0.586926
8.61903e-10	0.587285
8.6195e-10	0.587644
8.61996e-10	0.588003
8.62042e-10	0.588361
8.62089e-10	0.58872
8.62135e-10	0.589078
8.62182e-10	0.589437
8.62228e-10	0.589795
8.62275e-10	0.590153
8.62321e-10	0.590511
8.62367e-10	0.590869
8.62414e-10	0.591227
8.6246e-10	0.591585
8.62507e-10	0.591943
8.62553e-10	0.592301
8.626e-10	0.592658
8.62646e-10	0.593016
8.62692e-10	0.593373
8.62739e-10	0.593731
8.62785e-10	0.594088
8.62832e-10	0.594445
8.62878e-10	0.594802
8.62924e-10	0.595159
8.62971e-10	0.595516
8.63017e-10	0.595873
8.63064e-10	0.59623
8.6311e-10	0.596587
8.63157e-10	0.596943
8.63203e-10	0.5973
8.63249e-10	0.597656
8.63296e-10	0.598013
8.63342e-10	0.598369
8.63389e-10	0.598725
8.63435e-10	0.599081
8.63481e-10	0.599437
8.63528e-10	0.599793
8.63574e-10	0.600149
8.63621e-10	0.600505
8.63667e-10	0.60086
8.63714e-10	0.601216
8.6376e-10	0.601572
8.63806e-10	0.601927
8.63853e-10	0.602282
8.63899e-10	0.602638
8.63946e-10	0.602993
8.63992e-10	0.603348
8.64038e-10	0.603703
8.64085e-10	0.604058
8.64131e-10	0.604413
8.64178e-10	0.604767
8.64224e-10	0.605122
8.64271e-10	0.605477
8.64317e-10	0.605831
8.64363e-10	0.606185
8.6441e-10	0.60654
8.64456e-10	0.606894
8.64503e-10	0.607248
8.64549e-10	0.607602
8.64595e-10	0.607956
8.64642e-10	0.60831
8.64688e-10	0.608664
8.64735e-10	0.609018
8.64781e-10	0.609371
8.64828e-10	0.609725
8.64874e-10	0.610078
8.6492e-10	0.610431
8.64967e-10	0.610785
8.65013e-10	0.611138
8.6506e-10	0.611491
8.65106e-10	0.611844
8.65152e-10	0.612197
8.65199e-10	0.61255
8.65245e-10	0.612902
8.65292e-10	0.613255
8.65338e-10	0.613608
8.65385e-10	0.61396
8.65431e-10	0.614312
8.65477e-10	0.614665
8.65524e-10	0.615017
8.6557e-10	0.615369
8.65617e-10	0.615721
8.65663e-10	0.616073
8.65709e-10	0.616425
8.65756e-10	0.616776
8.65802e-10	0.617128
8.65849e-10	0.61748
8.65895e-10	0.617831
8.65942e-10	0.618182
8.65988e-10	0.618534
8.66034e-10	0.618885
8.66081e-10	0.619236
8.66127e-10	0.619587
8.66174e-10	0.619938
8.6622e-10	0.620289
8.66266e-10	0.62064
8.66313e-10	0.62099
8.66359e-10	0.621341
8.66406e-10	0.621691
8.66452e-10	0.622041
8.66499e-10	0.622392
8.66545e-10	0.622742
8.66591e-10	0.623092
8.66638e-10	0.623442
8.66684e-10	0.623792
8.66731e-10	0.624142
8.66777e-10	0.624491
8.66823e-10	0.624841
8.6687e-10	0.62519
8.66916e-10	0.62554
8.66963e-10	0.625889
8.67009e-10	0.626238
8.67056e-10	0.626588
8.67102e-10	0.626937
8.67148e-10	0.627286
8.67195e-10	0.627634
8.67241e-10	0.627983
8.67288e-10	0.628332
8.67334e-10	0.62868
8.67381e-10	0.629029
8.67427e-10	0.629377
8.67473e-10	0.629726
8.6752e-10	0.630074
8.67566e-10	0.630422
8.67613e-10	0.63077
8.67659e-10	0.631118
8.67705e-10	0.631466
8.67752e-10	0.631813
8.67798e-10	0.632161
8.67845e-10	0.632508
8.67891e-10	0.632856
8.67938e-10	0.633203
8.67984e-10	0.63355
8.6803e-10	0.633897
8.68077e-10	0.634245
8.68123e-10	0.634591
8.6817e-10	0.634938
8.68216e-10	0.635285
8.68262e-10	0.635632
8.68309e-10	0.635978
8.68355e-10	0.636325
8.68402e-10	0.636671
8.68448e-10	0.637017
8.68495e-10	0.637363
8.68541e-10	0.637709
8.68587e-10	0.638055
8.68634e-10	0.638401
8.6868e-10	0.638747
8.68727e-10	0.639093
8.68773e-10	0.639438
8.68819e-10	0.639784
8.68866e-10	0.640129
8.68912e-10	0.640474
8.68959e-10	0.64082
8.69005e-10	0.641165
8.69052e-10	0.64151
8.69098e-10	0.641854
8.69144e-10	0.642199
8.69191e-10	0.642544
8.69237e-10	0.642888
8.69284e-10	0.643233
8.6933e-10	0.643577
8.69376e-10	0.643922
8.69423e-10	0.644266
8.69469e-10	0.64461
8.69516e-10	0.644954
8.69562e-10	0.645298
8.69609e-10	0.645641
8.69655e-10	0.645985
8.69701e-10	0.646329
8.69748e-10	0.646672
8.69794e-10	0.647015
8.69841e-10	0.647359
8.69887e-10	0.647702
8.69933e-10	0.648045
8.6998e-10	0.648388
8.70026e-10	0.648731
8.70073e-10	0.649073
8.70119e-10	0.649416
8.70166e-10	0.649759
8.70212e-10	0.650101
8.70258e-10	0.650443
8.70305e-10	0.650786
8.70351e-10	0.651128
8.70398e-10	0.65147
8.70444e-10	0.651812
8.7049e-10	0.652153
8.70537e-10	0.652495
8.70583e-10	0.652837
8.7063e-10	0.653178
8.70676e-10	0.65352
8.70723e-10	0.653861
8.70769e-10	0.654202
8.70815e-10	0.654543
8.70862e-10	0.654884
8.70908e-10	0.655225
8.70955e-10	0.655566
8.71001e-10	0.655907
8.71047e-10	0.656247
8.71094e-10	0.656588
8.7114e-10	0.656928
8.71187e-10	0.657268
8.71233e-10	0.657608
8.7128e-10	0.657948
8.71326e-10	0.658288
8.71372e-10	0.658628
8.71419e-10	0.658968
8.71465e-10	0.659308
8.71512e-10	0.659647
8.71558e-10	0.659986
8.71605e-10	0.660326
8.71651e-10	0.660665
8.71697e-10	0.661004
8.71744e-10	0.661343
8.7179e-10	0.661682
8.71837e-10	0.662021
8.71883e-10	0.662359
8.71929e-10	0.662698
8.71976e-10	0.663036
8.72022e-10	0.663375
8.72069e-10	0.663713
8.72115e-10	0.664051
8.72162e-10	0.664389
8.72208e-10	0.664727
8.72254e-10	0.665065
8.72301e-10	0.665402
8.72347e-10	0.66574
8.72394e-10	0.666077
8.7244e-10	0.666415
8.72486e-10	0.666752
8.72533e-10	0.667089
8.72579e-10	0.667426
8.72626e-10	0.667763
8.72672e-10	0.6681
8.72719e-10	0.668437
8.72765e-10	0.668773
8.72811e-10	0.66911
8.72858e-10	0.669446
8.72904e-10	0.669782
8.72951e-10	0.670119
8.72997e-10	0.670455
8.73043e-10	0.670791
8.7309e-10	0.671126
8.73136e-10	0.671462
8.73183e-10	0.671798
8.73229e-10	0.672133
8.73276e-10	0.672469
8.73322e-10	0.672804
8.73368e-10	0.673139
8.73415e-10	0.673474
8.73461e-10	0.673809
8.73508e-10	0.674144
8.73554e-10	0.674479
8.736e-10	0.674813
8.73647e-10	0.675148
8.73693e-10	0.675482
8.7374e-10	0.675816
8.73786e-10	0.676151
8.73833e-10	0.676485
8.73879e-10	0.676818
8.73925e-10	0.677152
8.73972e-10	0.677486
8.74018e-10	0.67782
8.74065e-10	0.678153
8.74111e-10	0.678486
8.74157e-10	0.67882
8.74204e-10	0.679153
8.7425e-10	0.679486
8.74297e-10	0.679819
8.74343e-10	0.680152
8.7439e-10	0.680484
8.74436e-10	0.680817
8.74482e-10	0.681149
8.74529e-10	0.681482
8.74575e-10	0.681814
8.74622e-10	0.682146
8.74668e-10	0.682478
8.74714e-10	0.68281
8.74761e-10	0.683142
8.74807e-10	0.683473
8.74854e-10	0.683805
8.749e-10	0.684136
8.74947e-10	0.684468
8.74993e-10	0.684799
8.75039e-10	0.68513
8.75086e-10	0.685461
8.75132e-10	0.685792
8.75179e-10	0.686123
8.75225e-10	0.686453
8.75271e-10	0.686784
8.75318e-10	0.687114
8.75364e-10	0.687444
8.75411e-10	0.687775
8.75457e-10	0.688105
8.75504e-10	0.688435
8.7555e-10	0.688764
8.75596e-10	0.689094
8.75643e-10	0.689424
8.75689e-10	0.689753
8.75736e-10	0.690082
8.75782e-10	0.690412
8.75828e-10	0.690741
8.75875e-10	0.69107
8.75921e-10	0.691399
8.75968e-10	0.691727
8.76014e-10	0.692056
8.76061e-10	0.692385
8.76107e-10	0.692713
8.76153e-10	0.693041
8.762e-10	0.693369
8.76246e-10	0.693697
8.76293e-10	0.694025
8.76339e-10	0.694353
8.76386e-10	0.694681
8.76432e-10	0.695008
8.76478e-10	0.695336
8.76525e-10	0.695663
8.76571e-10	0.69599
8.76618e-10	0.696317
8.76664e-10	0.696644
8.7671e-10	0.696971
8.76757e-10	0.697298
8.76803e-10	0.697625
8.7685e-10	0.697951
8.76896e-10	0.698278
8.76943e-10	0.698604
8.76989e-10	0.69893
8.77035e-10	0.699256
8.77082e-10	0.699582
8.77128e-10	0.699908
8.77175e-10	0.700233
8.77221e-10	0.700559
8.77267e-10	0.700884
8.77314e-10	0.70121
8.7736e-10	0.701535
8.77407e-10	0.70186
8.77453e-10	0.702185
8.775e-10	0.702509
8.77546e-10	0.702834
8.77592e-10	0.703159
8.77639e-10	0.703483
8.77685e-10	0.703807
8.77732e-10	0.704132
8.77778e-10	0.704456
8.77824e-10	0.70478
8.77871e-10	0.705104
8.77917e-10	0.705427
8.77964e-10	0.705751
8.7801e-10	0.706074
8.78057e-10	0.706398
8.78103e-10	0.706721
8.78149e-10	0.707044
8.78196e-10	0.707367
8.78242e-10	0.70769
8.78289e-10	0.708012
8.78335e-10	0.708335
8.78381e-10	0.708658
8.78428e-10	0.70898
8.78474e-10	0.709302
8.78521e-10	0.709624
8.78567e-10	0.709946
8.78614e-10	0.710268
8.7866e-10	0.71059
8.78706e-10	0.710911
8.78753e-10	0.711233
8.78799e-10	0.711554
8.78846e-10	0.711875
8.78892e-10	0.712196
8.78938e-10	0.712517
8.78985e-10	0.712838
8.79031e-10	0.713159
8.79078e-10	0.71348
8.79124e-10	0.7138
8.79171e-10	0.71412
8.79217e-10	0.714441
8.79263e-10	0.714761
8.7931e-10	0.715081
8.79356e-10	0.715401
8.79403e-10	0.71572
8.79449e-10	0.71604
8.79495e-10	0.716359
8.79542e-10	0.716679
8.79588e-10	0.716998
8.79635e-10	0.717317
8.79681e-10	0.717636
8.79728e-10	0.717955
8.79774e-10	0.718273
8.7982e-10	0.718592
8.79867e-10	0.71891
8.79913e-10	0.719229
8.7996e-10	0.719547
8.80006e-10	0.719865
8.80052e-10	0.720183
8.80099e-10	0.720501
8.80145e-10	0.720818
8.80192e-10	0.721136
8.80238e-10	0.721453
8.80285e-10	0.721771
8.80331e-10	0.722088
8.80377e-10	0.722405
8.80424e-10	0.722722
8.8047e-10	0.723038
8.80517e-10	0.723355
8.80563e-10	0.723672
8.80609e-10	0.723988
8.80656e-10	0.724304
8.80702e-10	0.72462
8.80749e-10	0.724936
8.80795e-10	0.725252
8.80842e-10	0.725568
8.80888e-10	0.725884
8.80934e-10	0.726199
8.80981e-10	0.726514
8.81027e-10	0.72683
8.81074e-10	0.727145
8.8112e-10	0.72746
8.81167e-10	0.727774
8.81213e-10	0.728089
8.81259e-10	0.728404
8.81306e-10	0.728718
8.81352e-10	0.729032
8.81399e-10	0.729347
8.81445e-10	0.729661
8.81491e-10	0.729975
8.81538e-10	0.730288
8.81584e-10	0.730602
8.81631e-10	0.730915
8.81677e-10	0.731229
8.81724e-10	0.731542
8.8177e-10	0.731855
8.81816e-10	0.732168
8.81863e-10	0.732481
8.81909e-10	0.732794
8.81956e-10	0.733106
8.82002e-10	0.733419
8.82048e-10	0.733731
8.82095e-10	0.734043
8.82141e-10	0.734355
8.82188e-10	0.734667
8.82234e-10	0.734979
8.82281e-10	0.735291
8.82327e-10	0.735602
8.82373e-10	0.735914
8.8242e-10	0.736225
8.82466e-10	0.736536
8.82513e-10	0.736847
8.82559e-10	0.737158
8.82605e-10	0.737468
8.82652e-10	0.737779
8.82698e-10	0.738089
8.82745e-10	0.7384
8.82791e-10	0.73871
8.82838e-10	0.73902
8.82884e-10	0.73933
8.8293e-10	0.73964
8.82977e-10	0.739949
8.83023e-10	0.740259
8.8307e-10	0.740568
8.83116e-10	0.740877
8.83162e-10	0.741186
8.83209e-10	0.741495
8.83255e-10	0.741804
8.83302e-10	0.742113
8.83348e-10	0.742421
8.83395e-10	0.74273
8.83441e-10	0.743038
8.83487e-10	0.743346
8.83534e-10	0.743654
8.8358e-10	0.743962
8.83627e-10	0.74427
8.83673e-10	0.744577
8.83719e-10	0.744885
8.83766e-10	0.745192
8.83812e-10	0.745499
8.83859e-10	0.745806
8.83905e-10	0.746113
8.83952e-10	0.74642
8.83998e-10	0.746726
8.84044e-10	0.747033
8.84091e-10	0.747339
8.84137e-10	0.747645
8.84184e-10	0.747952
8.8423e-10	0.748258
8.84276e-10	0.748563
8.84323e-10	0.748869
8.84369e-10	0.749174
8.84416e-10	0.74948
8.84462e-10	0.749785
8.84509e-10	0.75009
8.84555e-10	0.750395
8.84601e-10	0.7507
8.84648e-10	0.751005
8.84694e-10	0.751309
8.84741e-10	0.751614
8.84787e-10	0.751918
8.84833e-10	0.752222
8.8488e-10	0.752526
8.84926e-10	0.75283
8.84973e-10	0.753133
8.85019e-10	0.753437
8.85066e-10	0.75374
8.85112e-10	0.754044
8.85158e-10	0.754347
8.85205e-10	0.75465
8.85251e-10	0.754953
8.85298e-10	0.755255
8.85344e-10	0.755558
8.8539e-10	0.75586
8.85437e-10	0.756163
8.85483e-10	0.756465
8.8553e-10	0.756767
8.85576e-10	0.757069
8.85623e-10	0.75737
8.85669e-10	0.757672
8.85715e-10	0.757973
8.85762e-10	0.758275
8.85808e-10	0.758576
8.85855e-10	0.758877
8.85901e-10	0.759178
8.85948e-10	0.759479
8.85994e-10	0.759779
8.8604e-10	0.76008
8.86087e-10	0.76038
8.86133e-10	0.76068
8.8618e-10	0.76098
8.86226e-10	0.76128
8.86272e-10	0.76158
8.86319e-10	0.761879
8.86365e-10	0.762179
8.86412e-10	0.762478
8.86458e-10	0.762777
8.86505e-10	0.763076
8.86551e-10	0.763375
8.86597e-10	0.763674
8.86644e-10	0.763972
8.8669e-10	0.764271
8.86737e-10	0.764569
8.86783e-10	0.764867
8.86829e-10	0.765165
8.86876e-10	0.765463
8.86922e-10	0.765761
8.86969e-10	0.766058
8.87015e-10	0.766356
8.87062e-10	0.766653
8.87108e-10	0.76695
8.87154e-10	0.767247
8.87201e-10	0.767544
8.87247e-10	0.767841
8.87294e-10	0.768137
8.8734e-10	0.768434
8.87386e-10	0.76873
8.87433e-10	0.769026
8.87479e-10	0.769322
8.87526e-10	0.769618
8.87572e-10	0.769913
8.87619e-10	0.770209
8.87665e-10	0.770504
8.87711e-10	0.770799
8.87758e-10	0.771095
8.87804e-10	0.771389
8.87851e-10	0.771684
8.87897e-10	0.771979
8.87943e-10	0.772273
8.8799e-10	0.772568
8.88036e-10	0.772862
8.88083e-10	0.773156
8.88129e-10	0.77345
8.88176e-10	0.773744
8.88222e-10	0.774037
8.88268e-10	0.774331
8.88315e-10	0.774624
8.88361e-10	0.774917
8.88408e-10	0.77521
8.88454e-10	0.775503
8.885e-10	0.775796
8.88547e-10	0.776088
8.88593e-10	0.776381
8.8864e-10	0.776673
8.88686e-10	0.776965
8.88733e-10	0.777257
8.88779e-10	0.777549
8.88825e-10	0.777841
8.88872e-10	0.778132
8.88918e-10	0.778423
8.88965e-10	0.778715
8.89011e-10	0.779006
8.89057e-10	0.779297
8.89104e-10	0.779588
8.8915e-10	0.779878
8.89197e-10	0.780169
8.89243e-10	0.780459
8.8929e-10	0.780749
8.89336e-10	0.781039
8.89382e-10	0.781329
8.89429e-10	0.781619
8.89475e-10	0.781908
8.89522e-10	0.782198
8.89568e-10	0.782487
8.89614e-10	0.782776
8.89661e-10	0.783065
8.89707e-10	0.783354
8.89754e-10	0.783643
8.898e-10	0.783931
8.89847e-10	0.784219
8.89893e-10	0.784508
8.89939e-10	0.784796
8.89986e-10	0.785084
8.90032e-10	0.785371
8.90079e-10	0.785659
8.90125e-10	0.785946
8.90171e-10	0.786234
8.90218e-10	0.786521
8.90264e-10	0.786808
8.90311e-10	0.787095
8.90357e-10	0.787381
8.90404e-10	0.787668
8.9045e-10	0.787954
8.90496e-10	0.78824
8.90543e-10	0.788527
8.90589e-10	0.788812
8.90636e-10	0.789098
8.90682e-10	0.789384
8.90729e-10	0.789669
8.90775e-10	0.789955
8.90821e-10	0.79024
8.90868e-10	0.790525
8.90914e-10	0.79081
8.90961e-10	0.791094
8.91007e-10	0.791379
8.91053e-10	0.791663
8.911e-10	0.791947
8.91146e-10	0.792231
8.91193e-10	0.792515
8.91239e-10	0.792799
8.91286e-10	0.793083
8.91332e-10	0.793366
8.91378e-10	0.793649
8.91425e-10	0.793933
8.91471e-10	0.794216
8.91518e-10	0.794498
8.91564e-10	0.794781
8.9161e-10	0.795064
8.91657e-10	0.795346
8.91703e-10	0.795628
8.9175e-10	0.79591
8.91796e-10	0.796192
8.91843e-10	0.796474
8.91889e-10	0.796755
8.91935e-10	0.797037
8.91982e-10	0.797318
8.92028e-10	0.797599
8.92075e-10	0.79788
8.92121e-10	0.798161
8.92167e-10	0.798442
8.92214e-10	0.798722
8.9226e-10	0.799002
8.92307e-10	0.799283
8.92353e-10	0.799563
8.924e-10	0.799842
8.92446e-10	0.800122
8.92492e-10	0.800402
8.92539e-10	0.800681
8.92585e-10	0.80096
8.92632e-10	0.801239
8.92678e-10	0.801518
8.92724e-10	0.801797
8.92771e-10	0.802076
8.92817e-10	0.802354
8.92864e-10	0.802632
8.9291e-10	0.80291
8.92957e-10	0.803188
8.93003e-10	0.803466
8.93049e-10	0.803744
8.93096e-10	0.804021
8.93142e-10	0.804299
8.93189e-10	0.804576
8.93235e-10	0.804853
8.93281e-10	0.805129
8.93328e-10	0.805406
8.93374e-10	0.805683
8.93421e-10	0.805959
8.93467e-10	0.806235
8.93514e-10	0.806511
8.9356e-10	0.806787
8.93606e-10	0.807063
8.93653e-10	0.807338
8.93699e-10	0.807614
8.93746e-10	0.807889
8.93792e-10	0.808164
8.93838e-10	0.808439
8.93885e-10	0.808714
8.93931e-10	0.808988
8.93978e-10	0.809263
8.94024e-10	0.809537
8.94071e-10	0.809811
8.94117e-10	0.810085
8.94163e-10	0.810359
8.9421e-10	0.810633
8.94256e-10	0.810906
8.94303e-10	0.811179
8.94349e-10	0.811453
8.94395e-10	0.811725
8.94442e-10	0.811998
8.94488e-10	0.812271
8.94535e-10	0.812543
8.94581e-10	0.812816
8.94628e-10	0.813088
8.94674e-10	0.81336
8.9472e-10	0.813632
8.94767e-10	0.813903
8.94813e-10	0.814175
8.9486e-10	0.814446
8.94906e-10	0.814717
8.94953e-10	0.814988
8.94999e-10	0.815259
8.95045e-10	0.81553
8.95092e-10	0.815801
8.95138e-10	0.816071
8.95185e-10	0.816341
8.95231e-10	0.816611
8.95277e-10	0.816881
8.95324e-10	0.817151
8.9537e-10	0.81742
8.95417e-10	0.81769
8.95463e-10	0.817959
8.9551e-10	0.818228
8.95556e-10	0.818497
8.95602e-10	0.818766
8.95649e-10	0.819034
8.95695e-10	0.819303
8.95742e-10	0.819571
8.95788e-10	0.819839
8.95834e-10	0.820107
8.95881e-10	0.820375
8.95927e-10	0.820642
8.95974e-10	0.82091
8.9602e-10	0.821177
8.96067e-10	0.821444
8.96113e-10	0.821711
8.96159e-10	0.821978
8.96206e-10	0.822244
8.96252e-10	0.822511
8.96299e-10	0.822777
8.96345e-10	0.823043
8.96391e-10	0.823309
8.96438e-10	0.823575
8.96484e-10	0.82384
8.96531e-10	0.824106
8.96577e-10	0.824371
8.96624e-10	0.824636
8.9667e-10	0.824901
8.96716e-10	0.825166
8.96763e-10	0.82543
8.96809e-10	0.825695
8.96856e-10	0.825959
8.96902e-10	0.826223
8.96948e-10	0.826487
8.96995e-10	0.826751
8.97041e-10	0.827014
8.97088e-10	0.827278
8.97134e-10	0.827541
8.97181e-10	0.827804
8.97227e-10	0.828067
8.97273e-10	0.82833
8.9732e-10	0.828592
8.97366e-10	0.828854
8.97413e-10	0.829117
8.97459e-10	0.829379
8.97505e-10	0.829641
8.97552e-10	0.829902
8.97598e-10	0.830164
8.97645e-10	0.830425
8.97691e-10	0.830687
8.97738e-10	0.830948
8.97784e-10	0.831208
8.9783e-10	0.831469
8.97877e-10	0.83173
8.97923e-10	0.83199
8.9797e-10	0.83225
8.98016e-10	0.83251
8.98062e-10	0.83277
8.98109e-10	0.83303
8.98155e-10	0.833289
8.98202e-10	0.833549
8.98248e-10	0.833808
8.98295e-10	0.834067
8.98341e-10	0.834326
8.98387e-10	0.834584
8.98434e-10	0.834843
8.9848e-10	0.835101
8.98527e-10	0.835359
8.98573e-10	0.835617
8.98619e-10	0.835875
8.98666e-10	0.836133
8.98712e-10	0.83639
8.98759e-10	0.836648
8.98805e-10	0.836905
8.98852e-10	0.837162
8.98898e-10	0.837418
8.98944e-10	0.837675
8.98991e-10	0.837932
8.99037e-10	0.838188
8.99084e-10	0.838444
8.9913e-10	0.8387
8.99176e-10	0.838956
8.99223e-10	0.839211
8.99269e-10	0.839467
8.99316e-10	0.839722
8.99362e-10	0.839977
8.99409e-10	0.840232
8.99455e-10	0.840487
8.99501e-10	0.840741
8.99548e-10	0.840995
8.99594e-10	0.84125
8.99641e-10	0.841504
8.99687e-10	0.841758
8.99734e-10	0.842011
8.9978e-10	0.842265
8.99826e-10	0.842518
8.99873e-10	0.842771
8.99919e-10	0.843024
8.99966e-10	0.843277
9.00012e-10	0.84353
9.00058e-10	0.843782
9.00105e-10	0.844034
9.00151e-10	0.844287
9.00198e-10	0.844539
9.00244e-10	0.84479
9.00291e-10	0.845042
9.00337e-10	0.845293
9.00383e-10	0.845545
9.0043e-10	0.845796
9.00476e-10	0.846046
9.00523e-10	0.846297
9.00569e-10	0.846548
9.00615e-10	0.846798
9.00662e-10	0.847048
9.00708e-10	0.847298
9.00755e-10	0.847548
9.00801e-10	0.847798
9.00848e-10	0.848047
9.00894e-10	0.848297
9.0094e-10	0.848546
9.00987e-10	0.848795
9.01033e-10	0.849044
9.0108e-10	0.849292
9.01126e-10	0.849541
9.01172e-10	0.849789
9.01219e-10	0.850037
9.01265e-10	0.850285
9.01312e-10	0.850533
9.01358e-10	0.85078
9.01405e-10	0.851027
9.01451e-10	0.851275
9.01497e-10	0.851522
9.01544e-10	0.851769
9.0159e-10	0.852015
9.01637e-10	0.852262
9.01683e-10	0.852508
9.01729e-10	0.852754
9.01776e-10	0.853
9.01822e-10	0.853246
9.01869e-10	0.853492
9.01915e-10	0.853737
9.01962e-10	0.853982
9.02008e-10	0.854227
9.02054e-10	0.854472
9.02101e-10	0.854717
9.02147e-10	0.854961
9.02194e-10	0.855206
9.0224e-10	0.85545
9.02286e-10	0.855694
9.02333e-10	0.855938
9.02379e-10	0.856181
9.02426e-10	0.856425
9.02472e-10	0.856668
9.02519e-10	0.856911
9.02565e-10	0.857154
9.02611e-10	0.857397
9.02658e-10	0.85764
9.02704e-10	0.857882
9.02751e-10	0.858124
9.02797e-10	0.858366
9.02843e-10	0.858608
9.0289e-10	0.85885
9.02936e-10	0.859091
9.02983e-10	0.859333
9.03029e-10	0.859574
9.03076e-10	0.859815
9.03122e-10	0.860055
9.03168e-10	0.860296
9.03215e-10	0.860536
9.03261e-10	0.860777
9.03308e-10	0.861017
9.03354e-10	0.861256
9.034e-10	0.861496
9.03447e-10	0.861736
9.03493e-10	0.861975
9.0354e-10	0.862214
9.03586e-10	0.862453
9.03633e-10	0.862692
9.03679e-10	0.862931
9.03725e-10	0.863169
9.03772e-10	0.863407
9.03818e-10	0.863645
9.03865e-10	0.863883
9.03911e-10	0.864121
9.03957e-10	0.864358
9.04004e-10	0.864596
9.0405e-10	0.864833
9.04097e-10	0.86507
9.04143e-10	0.865307
9.0419e-10	0.865543
9.04236e-10	0.86578
9.04282e-10	0.866016
9.04329e-10	0.866252
9.04375e-10	0.866488
9.04422e-10	0.866723
9.04468e-10	0.866959
9.04515e-10	0.867194
9.04561e-10	0.867429
9.04607e-10	0.867664
9.04654e-10	0.867899
9.047e-10	0.868134
9.04747e-10	0.868368
9.04793e-10	0.868602
9.04839e-10	0.868836
9.04886e-10	0.86907
9.04932e-10	0.869304
9.04979e-10	0.869537
9.05025e-10	0.869771
9.05072e-10	0.870004
9.05118e-10	0.870237
9.05164e-10	0.87047
9.05211e-10	0.870702
9.05257e-10	0.870934
9.05304e-10	0.871167
9.0535e-10	0.871399
9.05396e-10	0.871631
9.05443e-10	0.871862
9.05489e-10	0.872094
9.05536e-10	0.872325
9.05582e-10	0.872556
9.05629e-10	0.872787
9.05675e-10	0.873018
9.05721e-10	0.873248
9.05768e-10	0.873479
9.05814e-10	0.873709
9.05861e-10	0.873939
9.05907e-10	0.874169
9.05953e-10	0.874398
9.06e-10	0.874628
9.06046e-10	0.874857
9.06093e-10	0.875086
9.06139e-10	0.875315
9.06186e-10	0.875543
9.06232e-10	0.875772
9.06278e-10	0.876
9.06325e-10	0.876228
9.06371e-10	0.876456
9.06418e-10	0.876684
9.06464e-10	0.876912
9.0651e-10	0.877139
9.06557e-10	0.877366
9.06603e-10	0.877593
9.0665e-10	0.87782
9.06696e-10	0.878047
9.06743e-10	0.878273
9.06789e-10	0.878499
9.06835e-10	0.878725
9.06882e-10	0.878951
9.06928e-10	0.879177
9.06975e-10	0.879402
9.07021e-10	0.879628
9.07067e-10	0.879853
9.07114e-10	0.880078
9.0716e-10	0.880303
9.07207e-10	0.880527
9.07253e-10	0.880752
9.073e-10	0.880976
9.07346e-10	0.8812
9.07392e-10	0.881424
9.07439e-10	0.881647
9.07485e-10	0.881871
9.07532e-10	0.882094
9.07578e-10	0.882317
9.07624e-10	0.88254
9.07671e-10	0.882762
9.07717e-10	0.882985
9.07764e-10	0.883207
9.0781e-10	0.883429
9.07857e-10	0.883651
9.07903e-10	0.883873
9.07949e-10	0.884095
9.07996e-10	0.884316
9.08042e-10	0.884537
9.08089e-10	0.884758
9.08135e-10	0.884979
9.08181e-10	0.885199
9.08228e-10	0.88542
9.08274e-10	0.88564
9.08321e-10	0.88586
9.08367e-10	0.88608
9.08414e-10	0.8863
9.0846e-10	0.886519
9.08506e-10	0.886738
9.08553e-10	0.886957
9.08599e-10	0.887176
9.08646e-10	0.887395
9.08692e-10	0.887614
9.08738e-10	0.887832
9.08785e-10	0.88805
9.08831e-10	0.888268
9.08878e-10	0.888486
9.08924e-10	0.888703
9.08971e-10	0.888921
9.09017e-10	0.889138
9.09063e-10	0.889355
9.0911e-10	0.889572
9.09156e-10	0.889788
9.09203e-10	0.890005
9.09249e-10	0.890221
9.09296e-10	0.890437
9.09342e-10	0.890653
9.09388e-10	0.890868
9.09435e-10	0.891084
9.09481e-10	0.891299
9.09528e-10	0.891514
9.09574e-10	0.891729
9.0962e-10	0.891944
9.09667e-10	0.892158
9.09713e-10	0.892372
9.0976e-10	0.892586
9.09806e-10	0.8928
9.09853e-10	0.893014
9.09899e-10	0.893228
9.09945e-10	0.893441
9.09992e-10	0.893654
9.10038e-10	0.893867
9.10085e-10	0.89408
9.10131e-10	0.894292
9.10177e-10	0.894505
9.10224e-10	0.894717
9.1027e-10	0.894929
9.10317e-10	0.895141
9.10363e-10	0.895352
9.1041e-10	0.895564
9.10456e-10	0.895775
9.10502e-10	0.895986
9.10549e-10	0.896197
9.10595e-10	0.896407
9.10642e-10	0.896618
9.10688e-10	0.896828
9.10734e-10	0.897038
9.10781e-10	0.897248
9.10827e-10	0.897457
9.10874e-10	0.897667
9.1092e-10	0.897876
9.10967e-10	0.898085
9.11013e-10	0.898294
9.11059e-10	0.898503
9.11106e-10	0.898711
9.11152e-10	0.89892
9.11199e-10	0.899128
9.11245e-10	0.899336
9.11291e-10	0.899543
9.11338e-10	0.899751
9.11384e-10	0.899958
9.11431e-10	0.900165
9.11477e-10	0.900372
9.11524e-10	0.900579
9.1157e-10	0.900785
9.11616e-10	0.900992
9.11663e-10	0.901198
9.11709e-10	0.901404
9.11756e-10	0.90161
9.11802e-10	0.901815
9.11848e-10	0.90202
9.11895e-10	0.902226
9.11941e-10	0.902431
9.11988e-10	0.902635
9.12034e-10	0.90284
9.12081e-10	0.903044
9.12127e-10	0.903248
9.12173e-10	0.903452
9.1222e-10	0.903656
9.12266e-10	0.90386
9.12313e-10	0.904063
9.12359e-10	0.904266
9.12405e-10	0.904469
9.12452e-10	0.904672
9.12498e-10	0.904875
9.12545e-10	0.905077
9.12591e-10	0.905279
9.12638e-10	0.905481
9.12684e-10	0.905683
9.1273e-10	0.905885
9.12777e-10	0.906086
9.12823e-10	0.906287
9.1287e-10	0.906488
9.12916e-10	0.906689
9.12962e-10	0.90689
9.13009e-10	0.90709
9.13055e-10	0.907291
9.13102e-10	0.907491
9.13148e-10	0.90769
9.13195e-10	0.90789
9.13241e-10	0.90809
9.13287e-10	0.908289
9.13334e-10	0.908488
9.1338e-10	0.908687
9.13427e-10	0.908885
9.13473e-10	0.909084
9.13519e-10	0.909282
9.13566e-10	0.90948
9.13612e-10	0.909678
9.13659e-10	0.909876
9.13705e-10	0.910073
9.13752e-10	0.91027
9.13798e-10	0.910467
9.13844e-10	0.910664
9.13891e-10	0.910861
9.13937e-10	0.911057
9.13984e-10	0.911253
9.1403e-10	0.911449
9.14077e-10	0.911645
9.14123e-10	0.911841
9.14169e-10	0.912036
9.14216e-10	0.912232
9.14262e-10	0.912427
9.14309e-10	0.912622
9.14355e-10	0.912816
9.14401e-10	0.913011
9.14448e-10	0.913205
9.14494e-10	0.913399
9.14541e-10	0.913593
9.14587e-10	0.913786
9.14634e-10	0.91398
9.1468e-10	0.914173
9.14726e-10	0.914366
9.14773e-10	0.914559
9.14819e-10	0.914752
9.14866e-10	0.914944
9.14912e-10	0.915136
9.14958e-10	0.915328
9.15005e-10	0.91552
9.15051e-10	0.915712
9.15098e-10	0.915903
9.15144e-10	0.916095
9.15191e-10	0.916286
9.15237e-10	0.916476
9.15283e-10	0.916667
9.1533e-10	0.916857
9.15376e-10	0.917048
9.15423e-10	0.917238
9.15469e-10	0.917428
9.15515e-10	0.917617
9.15562e-10	0.917807
9.15608e-10	0.917996
9.15655e-10	0.918185
9.15701e-10	0.918374
9.15748e-10	0.918562
9.15794e-10	0.918751
9.1584e-10	0.918939
9.15887e-10	0.919127
9.15933e-10	0.919315
9.1598e-10	0.919502
9.16026e-10	0.91969
9.16072e-10	0.919877
9.16119e-10	0.920064
9.16165e-10	0.920251
9.16212e-10	0.920437
9.16258e-10	0.920624
9.16305e-10	0.92081
9.16351e-10	0.920996
9.16397e-10	0.921181
9.16444e-10	0.921367
9.1649e-10	0.921552
9.16537e-10	0.921738
9.16583e-10	0.921923
9.16629e-10	0.922107
9.16676e-10	0.922292
9.16722e-10	0.922476
9.16769e-10	0.92266
9.16815e-10	0.922844
9.16862e-10	0.923028
9.16908e-10	0.923211
9.16954e-10	0.923395
9.17001e-10	0.923578
9.17047e-10	0.923761
9.17094e-10	0.923944
9.1714e-10	0.924126
9.17186e-10	0.924308
9.17233e-10	0.92449
9.17279e-10	0.924672
9.17326e-10	0.924854
9.17372e-10	0.925035
9.17419e-10	0.925217
9.17465e-10	0.925398
9.17511e-10	0.925579
9.17558e-10	0.925759
9.17604e-10	0.92594
9.17651e-10	0.92612
9.17697e-10	0.9263
9.17743e-10	0.92648
9.1779e-10	0.92666
9.17836e-10	0.926839
9.17883e-10	0.927018
9.17929e-10	0.927197
9.17976e-10	0.927376
9.18022e-10	0.927555
9.18068e-10	0.927733
9.18115e-10	0.927911
9.18161e-10	0.928089
9.18208e-10	0.928267
9.18254e-10	0.928445
9.18301e-10	0.928622
9.18347e-10	0.928799
9.18393e-10	0.928976
9.1844e-10	0.929153
9.18486e-10	0.929329
9.18533e-10	0.929506
9.18579e-10	0.929682
9.18625e-10	0.929858
9.18672e-10	0.930033
9.18718e-10	0.930209
9.18765e-10	0.930384
9.18811e-10	0.930559
9.18858e-10	0.930734
9.18904e-10	0.930909
9.1895e-10	0.931083
9.18997e-10	0.931258
9.19043e-10	0.931432
9.1909e-10	0.931605
9.19136e-10	0.931779
9.19182e-10	0.931953
9.19229e-10	0.932126
9.19275e-10	0.932299
9.19322e-10	0.932472
9.19368e-10	0.932644
9.19415e-10	0.932817
9.19461e-10	0.932989
9.19507e-10	0.933161
9.19554e-10	0.933333
9.196e-10	0.933504
9.19647e-10	0.933675
9.19693e-10	0.933847
9.19739e-10	0.934017
9.19786e-10	0.934188
9.19832e-10	0.934359
9.19879e-10	0.934529
9.19925e-10	0.934699
9.19972e-10	0.934869
9.20018e-10	0.935039
9.20064e-10	0.935208
9.20111e-10	0.935377
9.20157e-10	0.935547
9.20204e-10	0.935715
9.2025e-10	0.935884
9.20296e-10	0.936052
9.20343e-10	0.936221
9.20389e-10	0.936389
9.20436e-10	0.936557
9.20482e-10	0.936724
9.20529e-10	0.936891
9.20575e-10	0.937059
9.20621e-10	0.937226
9.20668e-10	0.937392
9.20714e-10	0.937559
9.20761e-10	0.937725
9.20807e-10	0.937891
9.20853e-10	0.938057
9.209e-10	0.938223
9.20946e-10	0.938389
9.20993e-10	0.938554
9.21039e-10	0.938719
9.21086e-10	0.938884
9.21132e-10	0.939048
9.21178e-10	0.939213
9.21225e-10	0.939377
9.21271e-10	0.939541
9.21318e-10	0.939705
9.21364e-10	0.939869
9.2141e-10	0.940032
9.21457e-10	0.940195
9.21503e-10	0.940358
9.2155e-10	0.940521
9.21596e-10	0.940683
9.21643e-10	0.940846
9.21689e-10	0.941008
9.21735e-10	0.94117
9.21782e-10	0.941331
9.21828e-10	0.941493
9.21875e-10	0.941654
9.21921e-10	0.941815
9.21967e-10	0.941976
9.22014e-10	0.942137
9.2206e-10	0.942297
9.22107e-10	0.942457
9.22153e-10	0.942617
9.222e-10	0.942777
9.22246e-10	0.942937
9.22292e-10	0.943096
9.22339e-10	0.943255
9.22385e-10	0.943414
9.22432e-10	0.943573
9.22478e-10	0.943732
9.22524e-10	0.94389
9.22571e-10	0.944048
9.22617e-10	0.944206
9.22664e-10	0.944364
9.2271e-10	0.944521
9.22757e-10	0.944678
9.22803e-10	0.944835
9.22849e-10	0.944992
9.22896e-10	0.945149
9.22942e-10	0.945305
9.22989e-10	0.945461
9.23035e-10	0.945617
9.23082e-10	0.945773
9.23128e-10	0.945929
9.23174e-10	0.946084
9.23221e-10	0.946239
9.23267e-10	0.946394
9.23314e-10	0.946549
9.2336e-10	0.946703
9.23406e-10	0.946858
9.23453e-10	0.947012
9.23499e-10	0.947165
9.23546e-10	0.947319
9.23592e-10	0.947473
9.23639e-10	0.947626
9.23685e-10	0.947779
9.23731e-10	0.947932
9.23778e-10	0.948084
9.23824e-10	0.948236
9.23871e-10	0.948389
9.23917e-10	0.948541
9.23963e-10	0.948692
9.2401e-10	0.948844
9.24056e-10	0.948995
9.24103e-10	0.949146
9.24149e-10	0.949297
9.24196e-10	0.949448
9.24242e-10	0.949598
9.24288e-10	0.949748
9.24335e-10	0.949898
9.24381e-10	0.950048
9.24428e-10	0.950198
9.24474e-10	0.950347
9.2452e-10	0.950496
9.24567e-10	0.950645
9.24613e-10	0.950794
9.2466e-10	0.950942
9.24706e-10	0.95109
9.24753e-10	0.951239
9.24799e-10	0.951386
9.24845e-10	0.951534
9.24892e-10	0.951681
9.24938e-10	0.951829
9.24985e-10	0.951976
9.25031e-10	0.952122
9.25077e-10	0.952269
9.25124e-10	0.952415
9.2517e-10	0.952561
9.25217e-10	0.952707
9.25263e-10	0.952853
9.2531e-10	0.952998
9.25356e-10	0.953144
9.25402e-10	0.953289
9.25449e-10	0.953434
9.25495e-10	0.953578
9.25542e-10	0.953723
9.25588e-10	0.953867
9.25634e-10	0.954011
9.25681e-10	0.954154
9.25727e-10	0.954298
9.25774e-10	0.954441
9.2582e-10	0.954584
9.25867e-10	0.954727
9.25913e-10	0.95487
9.25959e-10	0.955013
9.26006e-10	0.955155
9.26052e-10	0.955297
9.26099e-10	0.955439
9.26145e-10	0.95558
9.26191e-10	0.955721
9.26238e-10	0.955863
9.26284e-10	0.956004
9.26331e-10	0.956144
9.26377e-10	0.956285
9.26424e-10	0.956425
9.2647e-10	0.956565
9.26516e-10	0.956705
9.26563e-10	0.956845
9.26609e-10	0.956984
9.26656e-10	0.957123
9.26702e-10	0.957262
9.26748e-10	0.957401
9.26795e-10	0.95754
9.26841e-10	0.957678
9.26888e-10	0.957816
9.26934e-10	0.957954
9.26981e-10	0.958092
9.27027e-10	0.958229
9.27073e-10	0.958366
9.2712e-10	0.958503
9.27166e-10	0.95864
9.27213e-10	0.958777
9.27259e-10	0.958913
9.27305e-10	0.959049
9.27352e-10	0.959185
9.27398e-10	0.959321
9.27445e-10	0.959456
9.27491e-10	0.959592
9.27538e-10	0.959727
9.27584e-10	0.959862
9.2763e-10	0.959996
9.27677e-10	0.960131
9.27723e-10	0.960265
9.2777e-10	0.960399
9.27816e-10	0.960532
9.27863e-10	0.960666
9.27909e-10	0.960799
9.27955e-10	0.960932
9.28002e-10	0.961065
9.28048e-10	0.961198
9.28095e-10	0.96133
9.28141e-10	0.961463
9.28187e-10	0.961595
9.28234e-10	0.961726
9.2828e-10	0.961858
9.28327e-10	0.961989
9.28373e-10	0.96212
9.2842e-10	0.962251
9.28466e-10	0.962382
9.28512e-10	0.962512
9.28559e-10	0.962643
9.28605e-10	0.962773
9.28652e-10	0.962903
9.28698e-10	0.963032
9.28744e-10	0.963162
9.28791e-10	0.963291
9.28837e-10	0.96342
9.28884e-10	0.963548
9.2893e-10	0.963677
9.28977e-10	0.963805
9.29023e-10	0.963933
9.29069e-10	0.964061
9.29116e-10	0.964189
9.29162e-10	0.964316
9.29209e-10	0.964443
9.29255e-10	0.96457
9.29301e-10	0.964697
9.29348e-10	0.964823
9.29394e-10	0.96495
9.29441e-10	0.965076
9.29487e-10	0.965202
9.29534e-10	0.965327
9.2958e-10	0.965453
9.29626e-10	0.965578
9.29673e-10	0.965703
9.29719e-10	0.965827
9.29766e-10	0.965952
9.29812e-10	0.966076
9.29858e-10	0.9662
9.29905e-10	0.966324
9.29951e-10	0.966448
9.29998e-10	0.966571
9.30044e-10	0.966695
9.30091e-10	0.966817
9.30137e-10	0.96694
9.30183e-10	0.967063
9.3023e-10	0.967185
9.30276e-10	0.967307
9.30323e-10	0.967429
9.30369e-10	0.967551
9.30415e-10	0.967672
9.30462e-10	0.967793
9.30508e-10	0.967914
9.30555e-10	0.968035
9.30601e-10	0.968156
9.30648e-10	0.968276
9.30694e-10	0.968396
9.3074e-10	0.968516
9.30787e-10	0.968636
9.30833e-10	0.968755
9.3088e-10	0.968874
9.30926e-10	0.968993
9.30972e-10	0.969112
9.31019e-10	0.969231
9.31065e-10	0.969349
9.31112e-10	0.969467
9.31158e-10	0.969585
9.31205e-10	0.969703
9.31251e-10	0.96982
9.31297e-10	0.969937
9.31344e-10	0.970054
9.3139e-10	0.970171
9.31437e-10	0.970288
9.31483e-10	0.970404
9.31529e-10	0.97052
9.31576e-10	0.970636
9.31622e-10	0.970752
9.31669e-10	0.970867
9.31715e-10	0.970982
9.31762e-10	0.971097
9.31808e-10	0.971212
9.31854e-10	0.971326
9.31901e-10	0.971441
9.31947e-10	0.971555
9.31994e-10	0.971669
9.3204e-10	0.971782
9.32086e-10	0.971896
9.32133e-10	0.972009
9.32179e-10	0.972122
9.32226e-10	0.972235
9.32272e-10	0.972347
9.32319e-10	0.97246
9.32365e-10	0.972572
9.32411e-10	0.972684
9.32458e-10	0.972795
9.32504e-10	0.972907
9.32551e-10	0.973018
9.32597e-10	0.973129
9.32644e-10	0.97324
9.3269e-10	0.97335
9.32736e-10	0.97346
9.32783e-10	0.973571
9.32829e-10	0.97368
9.32876e-10	0.97379
9.32922e-10	0.973899
9.32968e-10	0.974009
9.33015e-10	0.974118
9.33061e-10	0.974226
9.33108e-10	0.974335
9.33154e-10	0.974443
9.33201e-10	0.974551
9.33247e-10	0.974659
9.33293e-10	0.974767
9.3334e-10	0.974874
9.33386e-10	0.974981
9.33433e-10	0.975088
9.33479e-10	0.975195
9.33525e-10	0.975301
9.33572e-10	0.975408
9.33618e-10	0.975514
9.33665e-10	0.97562
9.33711e-10	0.975725
9.33758e-10	0.975831
9.33804e-10	0.975936
9.3385e-10	0.976041
9.33897e-10	0.976145
9.33943e-10	0.97625
9.3399e-10	0.976354
9.34036e-10	0.976458
9.34082e-10	0.976562
9.34129e-10	0.976665
9.34175e-10	0.976769
9.34222e-10	0.976872
9.34268e-10	0.976975
9.34315e-10	0.977078
9.34361e-10	0.97718
9.34407e-10	0.977282
9.34454e-10	0.977384
9.345e-10	0.977486
9.34547e-10	0.977588
9.34593e-10	0.977689
9.34639e-10	0.97779
9.34686e-10	0.977891
9.34732e-10	0.977992
9.34779e-10	0.978092
9.34825e-10	0.978192
9.34872e-10	0.978292
9.34918e-10	0.978392
9.34964e-10	0.978491
9.35011e-10	0.978591
9.35057e-10	0.97869
9.35104e-10	0.978789
9.3515e-10	0.978887
9.35196e-10	0.978986
9.35243e-10	0.979084
9.35289e-10	0.979182
9.35336e-10	0.979279
9.35382e-10	0.979377
9.35429e-10	0.979474
9.35475e-10	0.979571
9.35521e-10	0.979668
9.35568e-10	0.979765
9.35614e-10	0.979861
9.35661e-10	0.979957
9.35707e-10	0.980053
9.35753e-10	0.980149
9.358e-10	0.980244
9.35846e-10	0.980339
9.35893e-10	0.980434
9.35939e-10	0.980529
9.35986e-10	0.980624
9.36032e-10	0.980718
9.36078e-10	0.980812
9.36125e-10	0.980906
9.36171e-10	0.981
9.36218e-10	0.981093
9.36264e-10	0.981186
9.3631e-10	0.981279
9.36357e-10	0.981372
9.36403e-10	0.981465
9.3645e-10	0.981557
9.36496e-10	0.981649
9.36543e-10	0.981741
9.36589e-10	0.981832
9.36635e-10	0.981924
9.36682e-10	0.982015
9.36728e-10	0.982106
9.36775e-10	0.982197
9.36821e-10	0.982287
9.36867e-10	0.982377
9.36914e-10	0.982467
9.3696e-10	0.982557
9.37007e-10	0.982647
9.37053e-10	0.982736
9.371e-10	0.982825
9.37146e-10	0.982914
9.37192e-10	0.983003
9.37239e-10	0.983091
9.37285e-10	0.983179
9.37332e-10	0.983267
9.37378e-10	0.983355
9.37425e-10	0.983442
9.37471e-10	0.98353
9.37517e-10	0.983617
9.37564e-10	0.983704
9.3761e-10	0.98379
9.37657e-10	0.983877
9.37703e-10	0.983963
9.37749e-10	0.984049
9.37796e-10	0.984134
9.37842e-10	0.98422
9.37889e-10	0.984305
9.37935e-10	0.98439
9.37982e-10	0.984475
9.38028e-10	0.98456
9.38074e-10	0.984644
9.38121e-10	0.984728
9.38167e-10	0.984812
9.38214e-10	0.984896
9.3826e-10	0.984979
9.38306e-10	0.985062
9.38353e-10	0.985145
9.38399e-10	0.985228
9.38446e-10	0.98531
9.38492e-10	0.985393
9.38539e-10	0.985475
9.38585e-10	0.985556
9.38631e-10	0.985638
9.38678e-10	0.985719
9.38724e-10	0.985801
9.38771e-10	0.985881
9.38817e-10	0.985962
9.38863e-10	0.986043
9.3891e-10	0.986123
9.38956e-10	0.986203
9.39003e-10	0.986283
9.39049e-10	0.986362
9.39096e-10	0.986441
9.39142e-10	0.986521
9.39188e-10	0.986599
9.39235e-10	0.986678
9.39281e-10	0.986756
9.39328e-10	0.986835
9.39374e-10	0.986912
9.3942e-10	0.98699
9.39467e-10	0.987068
9.39513e-10	0.987145
9.3956e-10	0.987222
9.39606e-10	0.987299
9.39653e-10	0.987375
9.39699e-10	0.987452
9.39745e-10	0.987528
9.39792e-10	0.987604
9.39838e-10	0.987679
9.39885e-10	0.987755
9.39931e-10	0.98783
9.39977e-10	0.987905
9.40024e-10	0.98798
9.4007e-10	0.988054
9.40117e-10	0.988128
9.40163e-10	0.988202
9.4021e-10	0.988276
9.40256e-10	0.98835
9.40302e-10	0.988423
9.40349e-10	0.988496
9.40395e-10	0.988569
9.40442e-10	0.988642
9.40488e-10	0.988714
9.40534e-10	0.988786
9.40581e-10	0.988858
9.40627e-10	0.98893
9.40674e-10	0.989002
9.4072e-10	0.989073
9.40767e-10	0.989144
9.40813e-10	0.989215
9.40859e-10	0.989285
9.40906e-10	0.989356
9.40952e-10	0.989426
9.40999e-10	0.989496
9.41045e-10	0.989566
9.41091e-10	0.989635
9.41138e-10	0.989704
9.41184e-10	0.989773
9.41231e-10	0.989842
9.41277e-10	0.98991
9.41324e-10	0.989979
9.4137e-10	0.990047
9.41416e-10	0.990115
9.41463e-10	0.990182
9.41509e-10	0.99025
9.41556e-10	0.990317
9.41602e-10	0.990384
9.41649e-10	0.99045
9.41695e-10	0.990517
9.41741e-10	0.990583
9.41788e-10	0.990649
9.41834e-10	0.990715
9.41881e-10	0.99078
9.41927e-10	0.990846
9.41973e-10	0.990911
9.4202e-10	0.990976
9.42066e-10	0.99104
9.42113e-10	0.991105
9.42159e-10	0.991169
9.42206e-10	0.991233
9.42252e-10	0.991296
9.42298e-10	0.99136
9.42345e-10	0.991423
9.42391e-10	0.991486
9.42438e-10	0.991549
9.42484e-10	0.991611
9.4253e-10	0.991674
9.42577e-10	0.991736
9.42623e-10	0.991798
9.4267e-10	0.991859
9.42716e-10	0.991921
9.42763e-10	0.991982
9.42809e-10	0.992043
9.42855e-10	0.992104
9.42902e-10	0.992164
9.42948e-10	0.992224
9.42995e-10	0.992284
9.43041e-10	0.992344
9.43087e-10	0.992404
9.43134e-10	0.992463
9.4318e-10	0.992522
9.43227e-10	0.992581
9.43273e-10	0.992639
9.4332e-10	0.992698
9.43366e-10	0.992756
9.43412e-10	0.992814
9.43459e-10	0.992872
9.43505e-10	0.992929
9.43552e-10	0.992986
9.43598e-10	0.993043
9.43644e-10	0.9931
9.43691e-10	0.993156
9.43737e-10	0.993213
9.43784e-10	0.993269
9.4383e-10	0.993325
9.43877e-10	0.99338
9.43923e-10	0.993436
9.43969e-10	0.993491
9.44016e-10	0.993546
9.44062e-10	0.9936
9.44109e-10	0.993655
9.44155e-10	0.993709
9.44201e-10	0.993763
9.44248e-10	0.993817
9.44294e-10	0.99387
9.44341e-10	0.993924
9.44387e-10	0.993977
9.44434e-10	0.99403
9.4448e-10	0.994082
9.44526e-10	0.994135
9.44573e-10	0.994187
9.44619e-10	0.994239
9.44666e-10	0.99429
9.44712e-10	0.994342
9.44758e-10	0.994393
9.44805e-10	0.994444
9.44851e-10	0.994495
9.44898e-10	0.994545
9.44944e-10	0.994596
9.44991e-10	0.994646
9.45037e-10	0.994695
9.45083e-10	0.994745
9.4513e-10	0.994794
9.45176e-10	0.994843
9.45223e-10	0.994892
9.45269e-10	0.994941
9.45315e-10	0.994989
9.45362e-10	0.995038
9.45408e-10	0.995086
9.45455e-10	0.995133
9.45501e-10	0.995181
9.45548e-10	0.995228
9.45594e-10	0.995275
9.4564e-10	0.995322
9.45687e-10	0.995369
9.45733e-10	0.995415
9.4578e-10	0.995461
9.45826e-10	0.995507
9.45872e-10	0.995553
9.45919e-10	0.995598
9.45965e-10	0.995643
9.46012e-10	0.995688
9.46058e-10	0.995733
9.46105e-10	0.995777
9.46151e-10	0.995822
9.46197e-10	0.995866
9.46244e-10	0.995909
9.4629e-10	0.995953
9.46337e-10	0.995996
9.46383e-10	0.996039
9.4643e-10	0.996082
9.46476e-10	0.996125
9.46522e-10	0.996167
9.46569e-10	0.996209
9.46615e-10	0.996251
9.46662e-10	0.996293
9.46708e-10	0.996334
9.46754e-10	0.996376
9.46801e-10	0.996417
9.46847e-10	0.996457
9.46894e-10	0.996498
9.4694e-10	0.996538
9.46987e-10	0.996578
9.47033e-10	0.996618
9.47079e-10	0.996658
9.47126e-10	0.996697
9.47172e-10	0.996736
9.47219e-10	0.996775
9.47265e-10	0.996814
9.47311e-10	0.996852
9.47358e-10	0.996891
9.47404e-10	0.996929
9.47451e-10	0.996966
9.47497e-10	0.997004
9.47544e-10	0.997041
9.4759e-10	0.997078
9.47636e-10	0.997115
9.47683e-10	0.997151
9.47729e-10	0.997188
9.47776e-10	0.997224
9.47822e-10	0.99726
9.47868e-10	0.997295
9.47915e-10	0.997331
9.47961e-10	0.997366
9.48008e-10	0.997401
9.48054e-10	0.997436
9.48101e-10	0.99747
9.48147e-10	0.997504
9.48193e-10	0.997538
9.4824e-10	0.997572
9.48286e-10	0.997606
9.48333e-10	0.997639
9.48379e-10	0.997672
9.48425e-10	0.997705
9.48472e-10	0.997738
9.48518e-10	0.99777
9.48565e-10	0.997802
9.48611e-10	0.997834
9.48658e-10	0.997866
9.48704e-10	0.997897
9.4875e-10	0.997929
9.48797e-10	0.997959
9.48843e-10	0.99799
9.4889e-10	0.998021
9.48936e-10	0.998051
9.48982e-10	0.998081
9.49029e-10	0.998111
9.49075e-10	0.998141
9.49122e-10	0.99817
9.49168e-10	0.998199
9.49215e-10	0.998228
9.49261e-10	0.998257
9.49307e-10	0.998285
9.49354e-10	0.998313
9.494e-10	0.998341
9.49447e-10	0.998369
9.49493e-10	0.998396
9.49539e-10	0.998424
9.49586e-10	0.998451
9.49632e-10	0.998477
9.49679e-10	0.998504
9.49725e-10	0.99853
9.49772e-10	0.998556
9.49818e-10	0.998582
9.49864e-10	0.998608
9.49911e-10	0.998633
9.49957e-10	0.998658
9.50004e-10	0.998683
9.5005e-10	0.998708
9.50096e-10	0.998732
9.50143e-10	0.998757
9.50189e-10	0.998781
9.50236e-10	0.998804
9.50282e-10	0.998828
9.50329e-10	0.998851
9.50375e-10	0.998874
9.50421e-10	0.998897
9.50468e-10	0.99892
9.50514e-10	0.998942
9.50561e-10	0.998964
9.50607e-10	0.998986
9.50653e-10	0.999008
9.507e-10	0.999029
9.50746e-10	0.99905
9.50793e-10	0.999071
9.50839e-10	0.999092
9.50886e-10	0.999112
9.50932e-10	0.999133
9.50978e-10	0.999153
9.51025e-10	0.999173
9.51071e-10	0.999192
9.51118e-10	0.999211
9.51164e-10	0.99923
9.51211e-10	0.999249
9.51257e-10	0.999268
9.51303e-10	0.999286
9.5135e-10	0.999304
9.51396e-10	0.999322
9.51443e-10	0.99934
9.51489e-10	0.999358
9.51535e-10	0.999375
9.51582e-10	0.999392
9.51628e-10	0.999408
9.51675e-10	0.999425
9.51721e-10	0.999441
9.51768e-10	0.999457
9.51814e-10	0.999473
9.5186e-10	0.999489
9.51907e-10	0.999504
9.51953e-10	0.999519
9.52e-10	0.999534
9.52046e-10	0.999549
9.52092e-10	0.999563
9.52139e-10	0.999577
9.52185e-10	0.999591
9.52232e-10	0.999605
9.52278e-10	0.999618
9.52325e-10	0.999632
9.52371e-10	0.999645
9.52417e-10	0.999657
9.52464e-10	0.99967
9.5251e-10	0.999682
9.52557e-10	0.999694
9.52603e-10	0.999706
9.52649e-10	0.999718
9.52696e-10	0.999729
9.52742e-10	0.99974
9.52789e-10	0.999751
9.52835e-10	0.999762
9.52882e-10	0.999772
9.52928e-10	0.999783
9.52974e-10	0.999792
9.53021e-10	0.999802
9.53067e-10	0.999812
9.53114e-10	0.999821
9.5316e-10	0.99983
9.53206e-10	0.999839
9.53253e-10	0.999847
9.53299e-10	0.999856
9.53346e-10	0.999864
9.53392e-10	0.999872
9.53439e-10	0.999879
9.53485e-10	0.999887
9.53531e-10	0.999894
9.53578e-10	0.999901
9.53624e-10	0.999907
9.53671e-10	0.999914
9.53717e-10	0.99992
9.53763e-10	0.999926
9.5381e-10	0.999932
9.53856e-10	0.999937
9.53903e-10	0.999943
9.53949e-10	0.999948
9.53996e-10	0.999953
9.54042e-10	0.999957
9.54088e-10	0.999962
9.54135e-10	0.999966
9.54181e-10	0.99997
9.54228e-10	0.999973
9.54274e-10	0.999977
9.5432e-10	0.99998
9.54367e-10	0.999983
9.54413e-10	0.999986
9.5446e-10	0.999988
9.54506e-10	0.99999
9.54553e-10	0.999992
9.54599e-10	0.999994
9.54645e-10	0.999996
9.54692e-10	0.999997
9.54738e-10	0.999998
9.54785e-10	0.999999
9.54831e-10	0.999999
9.54877e-10	1
9.54924e-10	1
9.5497e-10	1
9.55017e-10	1
9.55063e-10	0.999999
9.5511e-10	0.999998
9.55156e-10	0.999997
9.55202e-10	0.999996
9.55249e-10	0.999994
9.55295e-10	0.999993
9.55342e-10	0.999991
9.55388e-10	0.999989
9.55434e-10	0.999986
9.55481e-10	0.999983
9.55527e-10	0.999981
9.55574e-10	0.999977
9.5562e-10	0.999974
9.55667e-10	0.99997
9.55713e-10	0.999967
9.55759e-10	0.999963
9.55806e-10	0.999958
9.55852e-10	0.999954
9.55899e-10	0.999949
9.55945e-10	0.999944
9.55992e-10	0.999939
9.56038e-10	0.999933
9.56084e-10	0.999928
9.56131e-10	0.999922
9.56177e-10	0.999916
9.56224e-10	0.999909
9.5627e-10	0.999902
9.56316e-10	0.999896
9.56363e-10	0.999888
9.56409e-10	0.999881
9.56456e-10	0.999874
9.56502e-10	0.999866
9.56549e-10	0.999858
9.56595e-10	0.999849
9.56641e-10	0.999841
9.56688e-10	0.999832
9.56734e-10	0.999823
9.56781e-10	0.999814
9.56827e-10	0.999805
9.56873e-10	0.999795
9.5692e-10	0.999785
9.56966e-10	0.999775
9.57013e-10	0.999765
9.57059e-10	0.999754
9.57106e-10	0.999743
9.57152e-10	0.999732
9.57198e-10	0.999721
9.57245e-10	0.999709
9.57291e-10	0.999697
9.57338e-10	0.999685
9.57384e-10	0.999673
9.5743e-10	0.999661
9.57477e-10	0.999648
9.57523e-10	0.999635
9.5757e-10	0.999622
9.57616e-10	0.999608
9.57663e-10	0.999595
9.57709e-10	0.999581
9.57755e-10	0.999567
9.57802e-10	0.999552
9.57848e-10	0.999538
9.57895e-10	0.999523
9.57941e-10	0.999508
9.57987e-10	0.999493
9.58034e-10	0.999477
9.5808e-10	0.999461
9.58127e-10	0.999445
9.58173e-10	0.999429
9.5822e-10	0.999413
9.58266e-10	0.999396
9.58312e-10	0.999379
9.58359e-10	0.999362
9.58405e-10	0.999344
9.58452e-10	0.999327
9.58498e-10	0.999309
9.58544e-10	0.999291
9.58591e-10	0.999273
9.58637e-10	0.999254
9.58684e-10	0.999235
9.5873e-10	0.999216
9.58777e-10	0.999197
9.58823e-10	0.999177
9.58869e-10	0.999158
9.58916e-10	0.999138
9.58962e-10	0.999117
9.59009e-10	0.999097
9.59055e-10	0.999076
9.59101e-10	0.999056
9.59148e-10	0.999034
9.59194e-10	0.999013
9.59241e-10	0.998991
9.59287e-10	0.99897
9.59334e-10	0.998948
9.5938e-10	0.998925
9.59426e-10	0.998903
9.59473e-10	0.99888
9.59519e-10	0.998857
9.59566e-10	0.998834
9.59612e-10	0.99881
9.59658e-10	0.998787
9.59705e-10	0.998763
9.59751e-10	0.998738
9.59798e-10	0.998714
9.59844e-10	0.998689
9.59891e-10	0.998665
9.59937e-10	0.998639
9.59983e-10	0.998614
9.6003e-10	0.998589
9.60076e-10	0.998563
9.60123e-10	0.998537
9.60169e-10	0.99851
9.60215e-10	0.998484
9.60262e-10	0.998457
9.60308e-10	0.99843
9.60355e-10	0.998403
9.60401e-10	0.998376
9.60448e-10	0.998348
9.60494e-10	0.99832
9.6054e-10	0.998292
9.60587e-10	0.998264
9.60633e-10	0.998235
9.6068e-10	0.998206
9.60726e-10	0.998177
9.60773e-10	0.998148
9.60819e-10	0.998118
9.60865e-10	0.998088
9.60912e-10	0.998058
9.60958e-10	0.998028
9.61005e-10	0.997998
9.61051e-10	0.997967
9.61097e-10	0.997936
9.61144e-10	0.997905
9.6119e-10	0.997874
9.61237e-10	0.997842
9.61283e-10	0.99781
9.6133e-10	0.997778
9.61376e-10	0.997746
9.61422e-10	0.997713
9.61469e-10	0.99768
9.61515e-10	0.997647
9.61562e-10	0.997614
9.61608e-10	0.997581
9.61654e-10	0.997547
9.61701e-10	0.997513
9.61747e-10	0.997479
9.61794e-10	0.997444
9.6184e-10	0.99741
9.61887e-10	0.997375
9.61933e-10	0.99734
9.61979e-10	0.997304
9.62026e-10	0.997269
9.62072e-10	0.997233
9.62119e-10	0.997197
9.62165e-10	0.99716
9.62211e-10	0.997124
9.62258e-10	0.997087
9.62304e-10	0.99705
9.62351e-10	0.997013
9.62397e-10	0.996976
9.62444e-10	0.996938
9.6249e-10	0.9969
9.62536e-10	0.996862
9.62583e-10	0.996823
9.62629e-10	0.996785
9.62676e-10	0.996746
9.62722e-10	0.996707
9.62768e-10	0.996668
9.62815e-10	0.996628
9.62861e-10	0.996588
9.62908e-10	0.996548
9.62954e-10	0.996508
9.63001e-10	0.996468
9.63047e-10	0.996427
9.63093e-10	0.996386
9.6314e-10	0.996345
9.63186e-10	0.996303
9.63233e-10	0.996262
9.63279e-10	0.99622
9.63325e-10	0.996178
9.63372e-10	0.996135
9.63418e-10	0.996093
9.63465e-10	0.99605
9.63511e-10	0.996007
9.63558e-10	0.995964
9.63604e-10	0.99592
9.6365e-10	0.995876
9.63697e-10	0.995833
9.63743e-10	0.995788
9.6379e-10	0.995744
9.63836e-10	0.995699
9.63882e-10	0.995654
9.63929e-10	0.995609
9.63975e-10	0.995564
9.64022e-10	0.995518
9.64068e-10	0.995472
9.64115e-10	0.995426
9.64161e-10	0.99538
9.64207e-10	0.995334
9.64254e-10	0.995287
9.643e-10	0.99524
9.64347e-10	0.995193
9.64393e-10	0.995145
9.64439e-10	0.995098
9.64486e-10	0.99505
9.64532e-10	0.995001
9.64579e-10	0.994953
9.64625e-10	0.994904
9.64672e-10	0.994856
9.64718e-10	0.994807
9.64764e-10	0.994757
9.64811e-10	0.994708
9.64857e-10	0.994658
9.64904e-10	0.994608
9.6495e-10	0.994558
9.64997e-10	0.994507
9.65043e-10	0.994457
9.65089e-10	0.994406
9.65136e-10	0.994354
9.65182e-10	0.994303
9.65229e-10	0.994251
9.65275e-10	0.9942
9.65321e-10	0.994148
9.65368e-10	0.994095
9.65414e-10	0.994043
9.65461e-10	0.99399
9.65507e-10	0.993937
9.65554e-10	0.993884
9.656e-10	0.99383
9.65646e-10	0.993777
9.65693e-10	0.993723
9.65739e-10	0.993668
9.65786e-10	0.993614
9.65832e-10	0.993559
9.65878e-10	0.993505
9.65925e-10	0.993449
9.65971e-10	0.993394
9.66018e-10	0.993339
9.66064e-10	0.993283
9.66111e-10	0.993227
9.66157e-10	0.99317
9.66203e-10	0.993114
9.6625e-10	0.993057
9.66296e-10	0.993
9.66343e-10	0.992943
9.66389e-10	0.992886
9.66435e-10	0.992828
9.66482e-10	0.99277
9.66528e-10	0.992712
9.66575e-10	0.992654
9.66621e-10	0.992595
9.66668e-10	0.992536
9.66714e-10	0.992477
9.6676e-10	0.992418
9.66807e-10	0.992359
9.66853e-10	0.992299
9.669e-10	0.992239
9.66946e-10	0.992179
9.66992e-10	0.992118
9.67039e-10	0.992058
9.67085e-10	0.991997
9.67132e-10	0.991936
9.67178e-10	0.991875
9.67225e-10	0.991813
9.67271e-10	0.991751
9.67317e-10	0.991689
9.67364e-10	0.991627
9.6741e-10	0.991564
9.67457e-10	0.991502
9.67503e-10	0.991439
9.67549e-10	0.991376
9.67596e-10	0.991312
9.67642e-10	0.991249
9.67689e-10	0.991185
9.67735e-10	0.991121
9.67782e-10	0.991056
9.67828e-10	0.990992
9.67874e-10	0.990927
9.67921e-10	0.990862
9.67967e-10	0.990797
9.68014e-10	0.990731
9.6806e-10	0.990665
9.68106e-10	0.9906
9.68153e-10	0.990533
9.68199e-10	0.990467
9.68246e-10	0.9904
9.68292e-10	0.990333
9.68339e-10	0.990266
9.68385e-10	0.990199
9.68431e-10	0.990131
9.68478e-10	0.990064
9.68524e-10	0.989996
9.68571e-10	0.989927
9.68617e-10	0.989859
9.68663e-10	0.98979
9.6871e-10	0.989721
9.68756e-10	0.989652
9.68803e-10	0.989583
9.68849e-10	0.989513
9.68896e-10	0.989443
9.68942e-10	0.989373
9.68988e-10	0.989303
9.69035e-10	0.989232
9.69081e-10	0.989162
9.69128e-10	0.989091
9.69174e-10	0.989019
9.6922e-10	0.988948
9.69267e-10	0.988876
9.69313e-10	0.988804
9.6936e-10	0.988732
9.69406e-10	0.98866
9.69453e-10	0.988587
9.69499e-10	0.988514
9.69545e-10	0.988441
9.69592e-10	0.988368
9.69638e-10	0.988294
9.69685e-10	0.988221
9.69731e-10	0.988147
9.69778e-10	0.988072
9.69824e-10	0.987998
9.6987e-10	0.987923
9.69917e-10	0.987848
9.69963e-10	0.987773
9.7001e-10	0.987698
9.70056e-10	0.987622
9.70102e-10	0.987547
9.70149e-10	0.987471
9.70195e-10	0.987394
9.70242e-10	0.987318
9.70288e-10	0.987241
9.70335e-10	0.987164
9.70381e-10	0.987087
9.70427e-10	0.987009
9.70474e-10	0.986932
9.7052e-10	0.986854
9.70567e-10	0.986776
9.70613e-10	0.986697
9.70659e-10	0.986619
9.70706e-10	0.98654
9.70752e-10	0.986461
9.70799e-10	0.986382
9.70845e-10	0.986302
9.70892e-10	0.986223
9.70938e-10	0.986143
9.70984e-10	0.986063
9.71031e-10	0.985982
9.71077e-10	0.985901
9.71124e-10	0.985821
9.7117e-10	0.98574
9.71216e-10	0.985658
9.71263e-10	0.985577
9.71309e-10	0.985495
9.71356e-10	0.985413
9.71402e-10	0.985331
9.71449e-10	0.985248
9.71495e-10	0.985166
9.71541e-10	0.985083
9.71588e-10	0.985
9.71634e-10	0.984916
9.71681e-10	0.984833
9.71727e-10	0.984749
9.71773e-10	0.984665
9.7182e-10	0.98458
9.71866e-10	0.984496
9.71913e-10	0.984411
9.71959e-10	0.984326
9.72006e-10	0.984241
9.72052e-10	0.984156
9.72098e-10	0.98407
9.72145e-10	0.983984
9.72191e-10	0.983898
9.72238e-10	0.983812
9.72284e-10	0.983725
9.7233e-10	0.983638
9.72377e-10	0.983551
9.72423e-10	0.983464
9.7247e-10	0.983377
9.72516e-10	0.983289
9.72563e-10	0.983201
9.72609e-10	0.983113
9.72655e-10	0.983025
9.72702e-10	0.982936
9.72748e-10	0.982847
9.72795e-10	0.982758
9.72841e-10	0.982669
9.72887e-10	0.982579
9.72934e-10	0.98249
9.7298e-10	0.9824
9.73027e-10	0.982309
9.73073e-10	0.982219
9.7312e-10	0.982128
9.73166e-10	0.982037
9.73212e-10	0.981946
9.73259e-10	0.981855
9.73305e-10	0.981764
9.73352e-10	0.981672
9.73398e-10	0.98158
9.73444e-10	0.981488
9.73491e-10	0.981395
9.73537e-10	0.981302
9.73584e-10	0.981209
9.7363e-10	0.981116
9.73677e-10	0.981023
9.73723e-10	0.980929
9.73769e-10	0.980836
9.73816e-10	0.980742
9.73862e-10	0.980647
9.73909e-10	0.980553
9.73955e-10	0.980458
9.74001e-10	0.980363
9.74048e-10	0.980268
9.74094e-10	0.980172
9.74141e-10	0.980077
9.74187e-10	0.979981
9.74234e-10	0.979885
9.7428e-10	0.979789
9.74326e-10	0.979692
9.74373e-10	0.979595
9.74419e-10	0.979498
9.74466e-10	0.979401
9.74512e-10	0.979304
9.74559e-10	0.979206
9.74605e-10	0.979108
9.74651e-10	0.97901
9.74698e-10	0.978912
9.74744e-10	0.978813
9.74791e-10	0.978714
9.74837e-10	0.978615
9.74883e-10	0.978516
9.7493e-10	0.978417
9.74976e-10	0.978317
9.75023e-10	0.978217
9.75069e-10	0.978117
9.75116e-10	0.978016
9.75162e-10	0.977916
9.75208e-10	0.977815
9.75255e-10	0.977714
9.75301e-10	0.977613
9.75348e-10	0.977511
9.75394e-10	0.977409
9.7544e-10	0.977308
9.75487e-10	0.977205
9.75533e-10	0.977103
9.7558e-10	0.977
9.75626e-10	0.976897
9.75673e-10	0.976794
9.75719e-10	0.976691
9.75765e-10	0.976588
9.75812e-10	0.976484
9.75858e-10	0.97638
9.75905e-10	0.976276
9.75951e-10	0.976171
9.75997e-10	0.976067
9.76044e-10	0.975962
9.7609e-10	0.975857
9.76137e-10	0.975751
9.76183e-10	0.975646
9.7623e-10	0.97554
9.76276e-10	0.975434
9.76322e-10	0.975328
9.76369e-10	0.975221
9.76415e-10	0.975115
9.76462e-10	0.975008
9.76508e-10	0.974901
9.76554e-10	0.974793
9.76601e-10	0.974686
9.76647e-10	0.974578
9.76694e-10	0.97447
9.7674e-10	0.974362
9.76787e-10	0.974253
9.76833e-10	0.974145
9.76879e-10	0.974036
9.76926e-10	0.973927
9.76972e-10	0.973817
9.77019e-10	0.973708
9.77065e-10	0.973598
9.77111e-10	0.973488
9.77158e-10	0.973378
9.77204e-10	0.973267
9.77251e-10	0.973156
9.77297e-10	0.973045
9.77344e-10	0.972934
9.7739e-10	0.972823
9.77436e-10	0.972711
9.77483e-10	0.9726
9.77529e-10	0.972488
9.77576e-10	0.972375
9.77622e-10	0.972263
9.77668e-10	0.97215
9.77715e-10	0.972037
9.77761e-10	0.971924
9.77808e-10	0.971811
9.77854e-10	0.971697
9.77901e-10	0.971583
9.77947e-10	0.971469
9.77993e-10	0.971355
9.7804e-10	0.97124
9.78086e-10	0.971126
9.78133e-10	0.971011
9.78179e-10	0.970896
9.78225e-10	0.97078
9.78272e-10	0.970665
9.78318e-10	0.970549
9.78365e-10	0.970433
9.78411e-10	0.970316
9.78458e-10	0.9702
9.78504e-10	0.970083
9.7855e-10	0.969966
9.78597e-10	0.969849
9.78643e-10	0.969732
9.7869e-10	0.969614
9.78736e-10	0.969496
9.78782e-10	0.969378
9.78829e-10	0.96926
9.78875e-10	0.969141
9.78922e-10	0.969023
9.78968e-10	0.968904
9.79015e-10	0.968785
9.79061e-10	0.968665
9.79107e-10	0.968546
9.79154e-10	0.968426
9.792e-10	0.968306
9.79247e-10	0.968186
9.79293e-10	0.968065
9.7934e-10	0.967944
9.79386e-10	0.967823
9.79432e-10	0.967702
9.79479e-10	0.967581
9.79525e-10	0.967459
9.79572e-10	0.967337
9.79618e-10	0.967215
9.79664e-10	0.967093
9.79711e-10	0.966971
9.79757e-10	0.966848
9.79804e-10	0.966725
9.7985e-10	0.966602
9.79897e-10	0.966479
9.79943e-10	0.966355
9.79989e-10	0.966231
9.80036e-10	0.966107
9.80082e-10	0.965983
9.80129e-10	0.965858
9.80175e-10	0.965734
9.80221e-10	0.965609
9.80268e-10	0.965484
9.80314e-10	0.965358
9.80361e-10	0.965233
9.80407e-10	0.965107
9.80454e-10	0.964981
9.805e-10	0.964855
9.80546e-10	0.964728
9.80593e-10	0.964602
9.80639e-10	0.964475
9.80686e-10	0.964348
9.80732e-10	0.96422
9.80778e-10	0.964093
9.80825e-10	0.963965
9.80871e-10	0.963837
9.80918e-10	0.963709
9.80964e-10	0.96358
9.81011e-10	0.963452
9.81057e-10	0.963323
9.81103e-10	0.963194
9.8115e-10	0.963064
9.81196e-10	0.962935
9.81243e-10	0.962805
9.81289e-10	0.962675
9.81335e-10	0.962545
9.81382e-10	0.962414
9.81428e-10	0.962284
9.81475e-10	0.962153
9.81521e-10	0.962022
9.81568e-10	0.961891
9.81614e-10	0.961759
9.8166e-10	0.961627
9.81707e-10	0.961495
9.81753e-10	0.961363
9.818e-10	0.961231
9.81846e-10	0.961098
9.81892e-10	0.960965
9.81939e-10	0.960832
9.81985e-10	0.960699
9.82032e-10	0.960566
9.82078e-10	0.960432
9.82125e-10	0.960298
9.82171e-10	0.960164
9.82217e-10	0.96003
9.82264e-10	0.959895
9.8231e-10	0.95976
9.82357e-10	0.959625
9.82403e-10	0.95949
9.82449e-10	0.959355
9.82496e-10	0.959219
9.82542e-10	0.959083
9.82589e-10	0.958947
9.82635e-10	0.958811
9.82682e-10	0.958674
9.82728e-10	0.958537
9.82774e-10	0.9584
9.82821e-10	0.958263
9.82867e-10	0.958126
9.82914e-10	0.957988
9.8296e-10	0.95785
9.83006e-10	0.957712
9.83053e-10	0.957574
9.83099e-10	0.957435
9.83146e-10	0.957297
9.83192e-10	0.957158
9.83239e-10	0.957019
9.83285e-10	0.956879
9.83331e-10	0.95674
9.83378e-10	0.9566
9.83424e-10	0.95646
9.83471e-10	0.95632
9.83517e-10	0.956179
9.83563e-10	0.956039
9.8361e-10	0.955898
9.83656e-10	0.955757
9.83703e-10	0.955615
9.83749e-10	0.955474
9.83796e-10	0.955332
9.83842e-10	0.95519
9.83888e-10	0.955048
9.83935e-10	0.954905
9.83981e-10	0.954763
9.84028e-10	0.95462
9.84074e-10	0.954477
9.84121e-10	0.954334
9.84167e-10	0.95419
9.84213e-10	0.954046
9.8426e-10	0.953903
9.84306e-10	0.953758
9.84353e-10	0.953614
9.84399e-10	0.953469
9.84445e-10	0.953325
9.84492e-10	0.95318
9.84538e-10	0.953035
9.84585e-10	0.952889
9.84631e-10	0.952743
9.84678e-10	0.952598
9.84724e-10	0.952452
9.8477e-10	0.952305
9.84817e-10	0.952159
9.84863e-10	0.952012
9.8491e-10	0.951865
9.84956e-10	0.951718
9.85002e-10	0.951571
9.85049e-10	0.951423
9.85095e-10	0.951275
9.85142e-10	0.951127
9.85188e-10	0.950979
9.85235e-10	0.950831
9.85281e-10	0.950682
9.85327e-10	0.950533
9.85374e-10	0.950384
9.8542e-10	0.950235
9.85467e-10	0.950085
9.85513e-10	0.949935
9.85559e-10	0.949785
9.85606e-10	0.949635
9.85652e-10	0.949485
9.85699e-10	0.949334
9.85745e-10	0.949183
9.85792e-10	0.949032
9.85838e-10	0.948881
9.85884e-10	0.94873
9.85931e-10	0.948578
9.85977e-10	0.948426
9.86024e-10	0.948274
9.8607e-10	0.948122
9.86116e-10	0.947969
9.86163e-10	0.947817
9.86209e-10	0.947664
9.86256e-10	0.947511
9.86302e-10	0.947357
9.86349e-10	0.947204
9.86395e-10	0.94705
9.86441e-10	0.946896
9.86488e-10	0.946742
9.86534e-10	0.946587
9.86581e-10	0.946432
9.86627e-10	0.946278
9.86673e-10	0.946123
9.8672e-10	0.945967
9.86766e-10	0.945812
9.86813e-10	0.945656
9.86859e-10	0.9455
9.86906e-10	0.945344
9.86952e-10	0.945188
9.86998e-10	0.945031
9.87045e-10	0.944874
9.87091e-10	0.944717
9.87138e-10	0.94456
9.87184e-10	0.944403
9.8723e-10	0.944245
9.87277e-10	0.944087
9.87323e-10	0.943929
9.8737e-10	0.943771
9.87416e-10	0.943612
9.87463e-10	0.943454
9.87509e-10	0.943295
9.87555e-10	0.943136
9.87602e-10	0.942976
9.87648e-10	0.942817
9.87695e-10	0.942657
9.87741e-10	0.942497
9.87787e-10	0.942337
9.87834e-10	0.942177
9.8788e-10	0.942016
9.87927e-10	0.941855
9.87973e-10	0.941694
9.8802e-10	0.941533
9.88066e-10	0.941372
9.88112e-10	0.94121
9.88159e-10	0.941048
9.88205e-10	0.940886
9.88252e-10	0.940724
9.88298e-10	0.940561
9.88344e-10	0.940398
9.88391e-10	0.940235
9.88437e-10	0.940072
9.88484e-10	0.939909
9.8853e-10	0.939745
9.88577e-10	0.939582
9.88623e-10	0.939418
9.88669e-10	0.939254
9.88716e-10	0.939089
9.88762e-10	0.938925
9.88809e-10	0.93876
9.88855e-10	0.938595
9.88902e-10	0.938429
9.88948e-10	0.938264
9.88994e-10	0.938098
9.89041e-10	0.937933
9.89087e-10	0.937766
9.89134e-10	0.9376
9.8918e-10	0.937434
9.89226e-10	0.937267
9.89273e-10	0.9371
9.89319e-10	0.936933
9.89366e-10	0.936766
9.89412e-10	0.936598
9.89459e-10	0.93643
9.89505e-10	0.936262
9.89551e-10	0.936094
9.89598e-10	0.935926
9.89644e-10	0.935757
9.89691e-10	0.935588
9.89737e-10	0.935419
9.89783e-10	0.93525
9.8983e-10	0.935081
9.89876e-10	0.934911
9.89923e-10	0.934741
9.89969e-10	0.934571
9.90016e-10	0.934401
9.90062e-10	0.934231
9.90108e-10	0.93406
9.90155e-10	0.933889
9.90201e-10	0.933718
9.90248e-10	0.933547
9.90294e-10	0.933375
9.9034e-10	0.933203
9.90387e-10	0.933031
9.90433e-10	0.932859
9.9048e-10	0.932687
9.90526e-10	0.932514
9.90573e-10	0.932342
9.90619e-10	0.932169
9.90665e-10	0.931996
9.90712e-10	0.931822
9.90758e-10	0.931648
9.90805e-10	0.931475
9.90851e-10	0.931301
9.90897e-10	0.931127
9.90944e-10	0.930952
9.9099e-10	0.930777
9.91037e-10	0.930603
9.91083e-10	0.930428
9.9113e-10	0.930252
9.91176e-10	0.930077
9.91222e-10	0.929901
9.91269e-10	0.929725
9.91315e-10	0.929549
9.91362e-10	0.929373
9.91408e-10	0.929197
9.91454e-10	0.92902
9.91501e-10	0.928843
9.91547e-10	0.928666
9.91594e-10	0.928488
9.9164e-10	0.928311
9.91687e-10	0.928133
9.91733e-10	0.927955
9.91779e-10	0.927777
9.91826e-10	0.927599
9.91872e-10	0.92742
9.91919e-10	0.927242
9.91965e-10	0.927063
9.92011e-10	0.926883
9.92058e-10	0.926704
9.92104e-10	0.926524
9.92151e-10	0.926345
9.92197e-10	0.926165
9.92244e-10	0.925985
9.9229e-10	0.925804
9.92336e-10	0.925623
9.92383e-10	0.925443
9.92429e-10	0.925262
9.92476e-10	0.92508
9.92522e-10	0.924899
9.92568e-10	0.924717
9.92615e-10	0.924536
9.92661e-10	0.924353
9.92708e-10	0.924171
9.92754e-10	0.923989
9.92801e-10	0.923806
9.92847e-10	0.923623
9.92893e-10	0.92344
9.9294e-10	0.923257
9.92986e-10	0.923073
9.93033e-10	0.92289
9.93079e-10	0.922706
9.93126e-10	0.922522
9.93172e-10	0.922338
9.93218e-10	0.922153
9.93265e-10	0.921968
9.93311e-10	0.921783
9.93358e-10	0.921598
9.93404e-10	0.921413
9.9345e-10	0.921228
9.93497e-10	0.921042
9.93543e-10	0.920856
9.9359e-10	0.92067
9.93636e-10	0.920483
9.93683e-10	0.920297
9.93729e-10	0.92011
9.93775e-10	0.919923
9.93822e-10	0.919736
9.93868e-10	0.919549
9.93915e-10	0.919361
9.93961e-10	0.919173
9.94007e-10	0.918985
9.94054e-10	0.918797
9.941e-10	0.918609
9.94147e-10	0.91842
9.94193e-10	0.918232
9.9424e-10	0.918043
9.94286e-10	0.917854
9.94332e-10	0.917664
9.94379e-10	0.917475
9.94425e-10	0.917285
9.94472e-10	0.917095
9.94518e-10	0.916905
9.94564e-10	0.916714
9.94611e-10	0.916524
9.94657e-10	0.916333
9.94704e-10	0.916142
9.9475e-10	0.915951
9.94797e-10	0.915759
9.94843e-10	0.915568
9.94889e-10	0.915376
9.94936e-10	0.915184
9.94982e-10	0.914992
9.95029e-10	0.914799
9.95075e-10	0.914607
9.95121e-10	0.914414
9.95168e-10	0.914221
9.95214e-10	0.914028
9.95261e-10	0.913834
9.95307e-10	0.913641
9.95354e-10	0.913447
9.954e-10	0.913253
9.95446e-10	0.913059
9.95493e-10	0.912864
9.95539e-10	0.91267
9.95586e-10	0.912475
9.95632e-10	0.91228
9.95678e-10	0.912085
9.95725e-10	0.911889
9.95771e-10	0.911694
9.95818e-10	0.911498
9.95864e-10	0.911302
9.95911e-10	0.911106
9.95957e-10	0.910909
9.96003e-10	0.910713
9.9605e-10	0.910516
9.96096e-10	0.910319
9.96143e-10	0.910122
9.96189e-10	0.909924
9.96235e-10	0.909727
9.96282e-10	0.909529
9.96328e-10	0.909331
9.96375e-10	0.909133
9.96421e-10	0.908934
9.96468e-10	0.908736
9.96514e-10	0.908537
9.9656e-10	0.908338
9.96607e-10	0.908139
9.96653e-10	0.90794
9.967e-10	0.90774
9.96746e-10	0.90754
9.96792e-10	0.90734
9.96839e-10	0.90714
9.96885e-10	0.90694
9.96932e-10	0.906739
9.96978e-10	0.906538
9.97025e-10	0.906337
9.97071e-10	0.906136
9.97117e-10	0.905935
9.97164e-10	0.905733
9.9721e-10	0.905531
9.97257e-10	0.90533
9.97303e-10	0.905127
9.97349e-10	0.904925
9.97396e-10	0.904722
9.97442e-10	0.90452
9.97489e-10	0.904317
9.97535e-10	0.904114
9.97582e-10	0.90391
9.97628e-10	0.903707
9.97674e-10	0.903503
9.97721e-10	0.903299
9.97767e-10	0.903095
9.97814e-10	0.902891
9.9786e-10	0.902686
9.97907e-10	0.902481
9.97953e-10	0.902276
9.97999e-10	0.902071
9.98046e-10	0.901866
9.98092e-10	0.901661
9.98139e-10	0.901455
9.98185e-10	0.901249
9.98231e-10	0.901043
9.98278e-10	0.900837
9.98324e-10	0.90063
9.98371e-10	0.900423
9.98417e-10	0.900217
9.98464e-10	0.900009
9.9851e-10	0.899802
9.98556e-10	0.899595
9.98603e-10	0.899387
9.98649e-10	0.899179
9.98696e-10	0.898971
9.98742e-10	0.898763
9.98788e-10	0.898555
9.98835e-10	0.898346
9.98881e-10	0.898137
9.98928e-10	0.897928
9.98974e-10	0.897719
9.99021e-10	0.897509
9.99067e-10	0.8973
9.99113e-10	0.89709
9.9916e-10	0.89688
9.99206e-10	0.89667
9.99253e-10	0.896459
9.99299e-10	0.896249
9.99345e-10	0.896038
9.99392e-10	0.895827
9.99438e-10	0.895616
9.99485e-10	0.895405
9.99531e-10	0.895193
9.99578e-10	0.894981
9.99624e-10	0.894769
9.9967e-10	0.894557
9.99717e-10	0.894345
9.99763e-10	0.894132
9.9981e-10	0.89392
9.99856e-10	0.893707
9.99902e-10	0.893494
9.99949e-10	0.893281
9.99995e-10	0.893067
1.00004e-09	0.892853
1.00009e-09	0.89264
1.00013e-09	0.892425
1.00018e-09	0.892211
1.00023e-09	0.891997
1.00027e-09	0.891782
1.00032e-09	0.891567
1.00037e-09	0.891352
1.00041e-09	0.891137
1.00046e-09	0.890922
1.00051e-09	0.890706
1.00055e-09	0.89049
1.0006e-09	0.890274
1.00065e-09	0.890058
1.00069e-09	0.889842
1.00074e-09	0.889625
1.00078e-09	0.889409
1.00083e-09	0.889192
1.00088e-09	0.888974
1.00092e-09	0.888757
1.00097e-09	0.88854
1.00102e-09	0.888322
1.00106e-09	0.888104
1.00111e-09	0.887886
1.00116e-09	0.887668
1.0012e-09	0.887449
1.00125e-09	0.887231
1.00129e-09	0.887012
1.00134e-09	0.886793
1.00139e-09	0.886573
1.00143e-09	0.886354
1.00148e-09	0.886135
1.00153e-09	0.885915
1.00157e-09	0.885695
1.00162e-09	0.885475
1.00167e-09	0.885254
1.00171e-09	0.885034
1.00176e-09	0.884813
1.00181e-09	0.884592
1.00185e-09	0.884371
1.0019e-09	0.884149
1.00194e-09	0.883928
1.00199e-09	0.883706
1.00204e-09	0.883484
1.00208e-09	0.883262
1.00213e-09	0.88304
1.00218e-09	0.882818
1.00222e-09	0.882595
1.00227e-09	0.882372
1.00232e-09	0.882149
1.00236e-09	0.881926
1.00241e-09	0.881703
1.00246e-09	0.881479
1.0025e-09	0.881255
1.00255e-09	0.881031
1.00259e-09	0.880807
1.00264e-09	0.880583
1.00269e-09	0.880358
1.00273e-09	0.880134
1.00278e-09	0.879909
1.00283e-09	0.879684
1.00287e-09	0.879458
1.00292e-09	0.879233
1.00297e-09	0.879007
1.00301e-09	0.878781
1.00306e-09	0.878555
1.00311e-09	0.878329
1.00315e-09	0.878103
1.0032e-09	0.877876
1.00324e-09	0.877649
1.00329e-09	0.877422
1.00334e-09	0.877195
1.00338e-09	0.876968
1.00343e-09	0.87674
1.00348e-09	0.876513
1.00352e-09	0.876285
1.00357e-09	0.876057
1.00362e-09	0.875829
1.00366e-09	0.8756
1.00371e-09	0.875371
1.00376e-09	0.875143
1.0038e-09	0.874914
1.00385e-09	0.874684
1.00389e-09	0.874455
1.00394e-09	0.874225
1.00399e-09	0.873996
1.00403e-09	0.873766
1.00408e-09	0.873536
1.00413e-09	0.873305
1.00417e-09	0.873075
1.00422e-09	0.872844
1.00427e-09	0.872613
1.00431e-09	0.872382
1.00436e-09	0.872151
1.0044e-09	0.87192
1.00445e-09	0.871688
1.0045e-09	0.871456
1.00454e-09	0.871224
1.00459e-09	0.870992
1.00464e-09	0.87076
1.00468e-09	0.870527
1.00473e-09	0.870295
1.00478e-09	0.870062
1.00482e-09	0.869829
1.00487e-09	0.869595
1.00492e-09	0.869362
1.00496e-09	0.869128
1.00501e-09	0.868894
1.00505e-09	0.86866
1.0051e-09	0.868426
1.00515e-09	0.868192
1.00519e-09	0.867957
1.00524e-09	0.867723
1.00529e-09	0.867488
1.00533e-09	0.867253
1.00538e-09	0.867017
1.00543e-09	0.866782
1.00547e-09	0.866546
1.00552e-09	0.86631
1.00557e-09	0.866074
1.00561e-09	0.865838
1.00566e-09	0.865602
1.0057e-09	0.865365
1.00575e-09	0.865129
1.0058e-09	0.864892
1.00584e-09	0.864654
1.00589e-09	0.864417
1.00594e-09	0.86418
1.00598e-09	0.863942
1.00603e-09	0.863704
1.00608e-09	0.863466
1.00612e-09	0.863228
1.00617e-09	0.86299
1.00622e-09	0.862751
1.00626e-09	0.862512
1.00631e-09	0.862273
1.00635e-09	0.862034
1.0064e-09	0.861795
1.00645e-09	0.861556
1.00649e-09	0.861316
1.00654e-09	0.861076
1.00659e-09	0.860836
1.00663e-09	0.860596
1.00668e-09	0.860356
1.00673e-09	0.860115
1.00677e-09	0.859874
1.00682e-09	0.859633
1.00687e-09	0.859392
1.00691e-09	0.859151
1.00696e-09	0.85891
1.007e-09	0.858668
1.00705e-09	0.858426
1.0071e-09	0.858184
1.00714e-09	0.857942
1.00719e-09	0.8577
1.00724e-09	0.857457
1.00728e-09	0.857214
1.00733e-09	0.856972
1.00738e-09	0.856728
1.00742e-09	0.856485
1.00747e-09	0.856242
1.00751e-09	0.855998
1.00756e-09	0.855754
1.00761e-09	0.85551
1.00765e-09	0.855266
1.0077e-09	0.855022
1.00775e-09	0.854778
1.00779e-09	0.854533
1.00784e-09	0.854288
1.00789e-09	0.854043
1.00793e-09	0.853798
1.00798e-09	0.853552
1.00803e-09	0.853307
1.00807e-09	0.853061
1.00812e-09	0.852815
1.00816e-09	0.852569
1.00821e-09	0.852323
1.00826e-09	0.852076
1.0083e-09	0.85183
1.00835e-09	0.851583
1.0084e-09	0.851336
1.00844e-09	0.851089
1.00849e-09	0.850841
1.00854e-09	0.850594
1.00858e-09	0.850346
1.00863e-09	0.850098
1.00868e-09	0.84985
1.00872e-09	0.849602
1.00877e-09	0.849354
1.00881e-09	0.849105
1.00886e-09	0.848856
1.00891e-09	0.848608
1.00895e-09	0.848358
1.009e-09	0.848109
1.00905e-09	0.84786
1.00909e-09	0.84761
1.00914e-09	0.84736
1.00919e-09	0.84711
1.00923e-09	0.84686
1.00928e-09	0.84661
1.00933e-09	0.846359
1.00937e-09	0.846109
1.00942e-09	0.845858
1.00946e-09	0.845607
1.00951e-09	0.845356
1.00956e-09	0.845104
1.0096e-09	0.844853
1.00965e-09	0.844601
1.0097e-09	0.844349
1.00974e-09	0.844097
1.00979e-09	0.843845
1.00984e-09	0.843592
1.00988e-09	0.84334
1.00993e-09	0.843087
1.00998e-09	0.842834
1.01002e-09	0.842581
1.01007e-09	0.842328
1.01011e-09	0.842074
1.01016e-09	0.84182
1.01021e-09	0.841567
1.01025e-09	0.841313
1.0103e-09	0.841058
1.01035e-09	0.840804
1.01039e-09	0.84055
1.01044e-09	0.840295
1.01049e-09	0.84004
1.01053e-09	0.839785
1.01058e-09	0.83953
1.01062e-09	0.839275
1.01067e-09	0.839019
1.01072e-09	0.838763
1.01076e-09	0.838507
1.01081e-09	0.838251
1.01086e-09	0.837995
1.0109e-09	0.837739
1.01095e-09	0.837482
1.011e-09	0.837225
1.01104e-09	0.836968
1.01109e-09	0.836711
1.01114e-09	0.836454
1.01118e-09	0.836197
1.01123e-09	0.835939
1.01127e-09	0.835681
1.01132e-09	0.835423
1.01137e-09	0.835165
1.01141e-09	0.834907
1.01146e-09	0.834649
1.01151e-09	0.83439
1.01155e-09	0.834131
1.0116e-09	0.833872
1.01165e-09	0.833613
1.01169e-09	0.833354
1.01174e-09	0.833094
1.01179e-09	0.832835
1.01183e-09	0.832575
1.01188e-09	0.832315
1.01192e-09	0.832055
1.01197e-09	0.831794
1.01202e-09	0.831534
1.01206e-09	0.831273
1.01211e-09	0.831012
1.01216e-09	0.830751
1.0122e-09	0.83049
1.01225e-09	0.830229
1.0123e-09	0.829967
1.01234e-09	0.829706
1.01239e-09	0.829444
1.01244e-09	0.829182
1.01248e-09	0.828919
1.01253e-09	0.828657
1.01257e-09	0.828395
1.01262e-09	0.828132
1.01267e-09	0.827869
1.01271e-09	0.827606
1.01276e-09	0.827343
1.01281e-09	0.827079
1.01285e-09	0.826816
1.0129e-09	0.826552
1.01295e-09	0.826288
1.01299e-09	0.826024
1.01304e-09	0.82576
1.01309e-09	0.825496
1.01313e-09	0.825231
1.01318e-09	0.824966
1.01322e-09	0.824702
1.01327e-09	0.824437
1.01332e-09	0.824171
1.01336e-09	0.823906
1.01341e-09	0.82364
1.01346e-09	0.823375
1.0135e-09	0.823109
1.01355e-09	0.822843
1.0136e-09	0.822577
1.01364e-09	0.82231
1.01369e-09	0.822044
1.01373e-09	0.821777
1.01378e-09	0.82151
1.01383e-09	0.821243
1.01387e-09	0.820976
1.01392e-09	0.820709
1.01397e-09	0.820441
1.01401e-09	0.820173
1.01406e-09	0.819905
1.01411e-09	0.819637
1.01415e-09	0.819369
1.0142e-09	0.819101
1.01425e-09	0.818832
1.01429e-09	0.818564
1.01434e-09	0.818295
1.01438e-09	0.818026
1.01443e-09	0.817757
1.01448e-09	0.817487
1.01452e-09	0.817218
1.01457e-09	0.816948
1.01462e-09	0.816678
1.01466e-09	0.816408
1.01471e-09	0.816138
1.01476e-09	0.815868
1.0148e-09	0.815597
1.01485e-09	0.815327
1.0149e-09	0.815056
1.01494e-09	0.814785
1.01499e-09	0.814514
1.01503e-09	0.814242
1.01508e-09	0.813971
1.01513e-09	0.813699
1.01517e-09	0.813427
1.01522e-09	0.813155
1.01527e-09	0.812883
1.01531e-09	0.812611
1.01536e-09	0.812339
1.01541e-09	0.812066
1.01545e-09	0.811793
1.0155e-09	0.81152
1.01555e-09	0.811247
1.01559e-09	0.810974
1.01564e-09	0.8107
1.01568e-09	0.810427
1.01573e-09	0.810153
1.01578e-09	0.809879
1.01582e-09	0.809605
1.01587e-09	0.809331
1.01592e-09	0.809056
1.01596e-09	0.808782
1.01601e-09	0.808507
1.01606e-09	0.808232
1.0161e-09	0.807957
1.01615e-09	0.807682
1.01619e-09	0.807407
1.01624e-09	0.807131
1.01629e-09	0.806856
1.01633e-09	0.80658
1.01638e-09	0.806304
1.01643e-09	0.806028
1.01647e-09	0.805751
1.01652e-09	0.805475
1.01657e-09	0.805198
1.01661e-09	0.804921
1.01666e-09	0.804644
1.01671e-09	0.804367
1.01675e-09	0.80409
1.0168e-09	0.803813
1.01684e-09	0.803535
1.01689e-09	0.803257
1.01694e-09	0.802979
1.01698e-09	0.802701
1.01703e-09	0.802423
1.01708e-09	0.802145
1.01712e-09	0.801866
1.01717e-09	0.801587
1.01722e-09	0.801308
1.01726e-09	0.801029
1.01731e-09	0.80075
1.01736e-09	0.800471
1.0174e-09	0.800191
1.01745e-09	0.799912
1.01749e-09	0.799632
1.01754e-09	0.799352
1.01759e-09	0.799072
1.01763e-09	0.798792
1.01768e-09	0.798511
1.01773e-09	0.798231
1.01777e-09	0.79795
1.01782e-09	0.797669
1.01787e-09	0.797388
1.01791e-09	0.797107
1.01796e-09	0.796825
1.01801e-09	0.796544
1.01805e-09	0.796262
1.0181e-09	0.79598
1.01814e-09	0.795698
1.01819e-09	0.795416
1.01824e-09	0.795134
1.01828e-09	0.794851
1.01833e-09	0.794568
1.01838e-09	0.794286
1.01842e-09	0.794003
1.01847e-09	0.79372
1.01852e-09	0.793436
1.01856e-09	0.793153
1.01861e-09	0.792869
1.01866e-09	0.792586
1.0187e-09	0.792302
1.01875e-09	0.792018
1.01879e-09	0.791734
1.01884e-09	0.791449
1.01889e-09	0.791165
1.01893e-09	0.79088
1.01898e-09	0.790595
1.01903e-09	0.79031
1.01907e-09	0.790025
1.01912e-09	0.78974
1.01917e-09	0.789455
1.01921e-09	0.789169
1.01926e-09	0.788883
1.0193e-09	0.788597
1.01935e-09	0.788311
1.0194e-09	0.788025
1.01944e-09	0.787739
1.01949e-09	0.787452
1.01954e-09	0.787166
1.01958e-09	0.786879
1.01963e-09	0.786592
1.01968e-09	0.786305
1.01972e-09	0.786018
1.01977e-09	0.78573
1.01982e-09	0.785443
1.01986e-09	0.785155
1.01991e-09	0.784867
1.01995e-09	0.784579
1.02e-09	0.784291
1.02005e-09	0.784003
1.02009e-09	0.783714
1.02014e-09	0.783425
1.02019e-09	0.783137
1.02023e-09	0.782848
1.02028e-09	0.782559
1.02033e-09	0.782269
1.02037e-09	0.78198
1.02042e-09	0.781691
1.02047e-09	0.781401
1.02051e-09	0.781111
1.02056e-09	0.780821
1.0206e-09	0.780531
1.02065e-09	0.780241
1.0207e-09	0.77995
1.02074e-09	0.77966
1.02079e-09	0.779369
1.02084e-09	0.779078
1.02088e-09	0.778787
1.02093e-09	0.778496
1.02098e-09	0.778204
1.02102e-09	0.777913
1.02107e-09	0.777621
1.02112e-09	0.777329
1.02116e-09	0.777038
1.02121e-09	0.776745
1.02125e-09	0.776453
1.0213e-09	0.776161
1.02135e-09	0.775868
1.02139e-09	0.775576
1.02144e-09	0.775283
1.02149e-09	0.77499
1.02153e-09	0.774697
1.02158e-09	0.774403
1.02163e-09	0.77411
1.02167e-09	0.773816
1.02172e-09	0.773523
1.02177e-09	0.773229
1.02181e-09	0.772935
1.02186e-09	0.772641
1.0219e-09	0.772346
1.02195e-09	0.772052
1.022e-09	0.771757
1.02204e-09	0.771463
1.02209e-09	0.771168
1.02214e-09	0.770873
1.02218e-09	0.770577
1.02223e-09	0.770282
1.02228e-09	0.769987
1.02232e-09	0.769691
1.02237e-09	0.769395
1.02241e-09	0.769099
1.02246e-09	0.768803
1.02251e-09	0.768507
1.02255e-09	0.768211
1.0226e-09	0.767914
1.02265e-09	0.767617
1.02269e-09	0.767321
1.02274e-09	0.767024
1.02279e-09	0.766727
1.02283e-09	0.766429
1.02288e-09	0.766132
1.02293e-09	0.765834
1.02297e-09	0.765537
1.02302e-09	0.765239
1.02306e-09	0.764941
1.02311e-09	0.764643
1.02316e-09	0.764345
1.0232e-09	0.764046
1.02325e-09	0.763748
1.0233e-09	0.763449
1.02334e-09	0.76315
1.02339e-09	0.762851
1.02344e-09	0.762552
1.02348e-09	0.762253
1.02353e-09	0.761953
1.02358e-09	0.761654
1.02362e-09	0.761354
1.02367e-09	0.761054
1.02371e-09	0.760754
1.02376e-09	0.760454
1.02381e-09	0.760154
1.02385e-09	0.759854
1.0239e-09	0.759553
1.02395e-09	0.759252
1.02399e-09	0.758952
1.02404e-09	0.758651
1.02409e-09	0.758349
1.02413e-09	0.758048
1.02418e-09	0.757747
1.02423e-09	0.757445
1.02427e-09	0.757143
1.02432e-09	0.756842
1.02436e-09	0.75654
1.02441e-09	0.756238
1.02446e-09	0.755935
1.0245e-09	0.755633
1.02455e-09	0.75533
1.0246e-09	0.755028
1.02464e-09	0.754725
1.02469e-09	0.754422
1.02474e-09	0.754119
1.02478e-09	0.753816
1.02483e-09	0.753512
1.02488e-09	0.753209
1.02492e-09	0.752905
1.02497e-09	0.752601
1.02501e-09	0.752297
1.02506e-09	0.751993
1.02511e-09	0.751689
1.02515e-09	0.751385
1.0252e-09	0.75108
1.02525e-09	0.750775
1.02529e-09	0.750471
1.02534e-09	0.750166
1.02539e-09	0.749861
1.02543e-09	0.749556
1.02548e-09	0.74925
1.02552e-09	0.748945
1.02557e-09	0.748639
1.02562e-09	0.748333
1.02566e-09	0.748027
1.02571e-09	0.747721
1.02576e-09	0.747415
1.0258e-09	0.747109
1.02585e-09	0.746802
1.0259e-09	0.746496
1.02594e-09	0.746189
1.02599e-09	0.745882
1.02604e-09	0.745575
1.02608e-09	0.745268
1.02613e-09	0.744961
1.02617e-09	0.744653
1.02622e-09	0.744346
1.02627e-09	0.744038
1.02631e-09	0.74373
1.02636e-09	0.743422
1.02641e-09	0.743114
1.02645e-09	0.742806
1.0265e-09	0.742498
1.02655e-09	0.742189
1.02659e-09	0.741881
1.02664e-09	0.741572
1.02669e-09	0.741263
1.02673e-09	0.740954
1.02678e-09	0.740645
1.02682e-09	0.740335
1.02687e-09	0.740026
1.02692e-09	0.739716
1.02696e-09	0.739407
1.02701e-09	0.739097
1.02706e-09	0.738787
1.0271e-09	0.738477
1.02715e-09	0.738166
1.0272e-09	0.737856
1.02724e-09	0.737545
1.02729e-09	0.737235
1.02734e-09	0.736924
1.02738e-09	0.736613
1.02743e-09	0.736302
1.02747e-09	0.735991
1.02752e-09	0.735679
1.02757e-09	0.735368
1.02761e-09	0.735056
1.02766e-09	0.734744
1.02771e-09	0.734433
1.02775e-09	0.734121
1.0278e-09	0.733808
1.02785e-09	0.733496
1.02789e-09	0.733184
1.02794e-09	0.732871
1.02799e-09	0.732559
1.02803e-09	0.732246
1.02808e-09	0.731933
1.02812e-09	0.73162
1.02817e-09	0.731306
1.02822e-09	0.730993
1.02826e-09	0.73068
1.02831e-09	0.730366
1.02836e-09	0.730052
1.0284e-09	0.729738
1.02845e-09	0.729424
1.0285e-09	0.72911
1.02854e-09	0.728796
1.02859e-09	0.728482
1.02863e-09	0.728167
1.02868e-09	0.727853
1.02873e-09	0.727538
1.02877e-09	0.727223
1.02882e-09	0.726908
1.02887e-09	0.726593
1.02891e-09	0.726277
1.02896e-09	0.725962
1.02901e-09	0.725646
1.02905e-09	0.725331
1.0291e-09	0.725015
1.02915e-09	0.724699
1.02919e-09	0.724383
1.02924e-09	0.724066
1.02928e-09	0.72375
1.02933e-09	0.723434
1.02938e-09	0.723117
1.02942e-09	0.7228
1.02947e-09	0.722483
1.02952e-09	0.722166
1.02956e-09	0.721849
1.02961e-09	0.721532
1.02966e-09	0.721215
1.0297e-09	0.720897
1.02975e-09	0.720579
1.0298e-09	0.720262
1.02984e-09	0.719944
1.02989e-09	0.719626
1.02993e-09	0.719308
1.02998e-09	0.718989
1.03003e-09	0.718671
1.03007e-09	0.718352
1.03012e-09	0.718034
1.03017e-09	0.717715
1.03021e-09	0.717396
1.03026e-09	0.717077
1.03031e-09	0.716758
1.03035e-09	0.716438
1.0304e-09	0.716119
1.03045e-09	0.715799
1.03049e-09	0.71548
1.03054e-09	0.71516
1.03058e-09	0.71484
1.03063e-09	0.71452
1.03068e-09	0.7142
1.03072e-09	0.713879
1.03077e-09	0.713559
1.03082e-09	0.713238
1.03086e-09	0.712918
1.03091e-09	0.712597
1.03096e-09	0.712276
1.031e-09	0.711955
1.03105e-09	0.711634
1.0311e-09	0.711312
1.03114e-09	0.710991
1.03119e-09	0.710669
1.03123e-09	0.710348
1.03128e-09	0.710026
1.03133e-09	0.709704
1.03137e-09	0.709382
1.03142e-09	0.70906
1.03147e-09	0.708737
1.03151e-09	0.708415
1.03156e-09	0.708092
1.03161e-09	0.70777
1.03165e-09	0.707447
1.0317e-09	0.707124
1.03174e-09	0.706801
1.03179e-09	0.706478
1.03184e-09	0.706154
1.03188e-09	0.705831
1.03193e-09	0.705507
1.03198e-09	0.705184
1.03202e-09	0.70486
1.03207e-09	0.704536
1.03212e-09	0.704212
1.03216e-09	0.703888
1.03221e-09	0.703564
1.03226e-09	0.703239
1.0323e-09	0.702915
1.03235e-09	0.70259
1.03239e-09	0.702265
1.03244e-09	0.70194
1.03249e-09	0.701615
1.03253e-09	0.70129
1.03258e-09	0.700965
1.03263e-09	0.70064
1.03267e-09	0.700314
1.03272e-09	0.699988
1.03277e-09	0.699663
1.03281e-09	0.699337
1.03286e-09	0.699011
1.03291e-09	0.698685
1.03295e-09	0.698358
1.033e-09	0.698032
1.03304e-09	0.697706
1.03309e-09	0.697379
1.03314e-09	0.697052
1.03318e-09	0.696726
1.03323e-09	0.696399
1.03328e-09	0.696072
1.03332e-09	0.695744
1.03337e-09	0.695417
1.03342e-09	0.69509
1.03346e-09	0.694762
1.03351e-09	0.694434
1.03356e-09	0.694107
1.0336e-09	0.693779
1.03365e-09	0.693451
1.03369e-09	0.693123
1.03374e-09	0.692794
1.03379e-09	0.692466
1.03383e-09	0.692137
1.03388e-09	0.691809
1.03393e-09	0.69148
1.03397e-09	0.691151
1.03402e-09	0.690822
1.03407e-09	0.690493
1.03411e-09	0.690164
1.03416e-09	0.689835
1.0342e-09	0.689505
1.03425e-09	0.689176
1.0343e-09	0.688846
1.03434e-09	0.688516
1.03439e-09	0.688186
1.03444e-09	0.687856
1.03448e-09	0.687526
1.03453e-09	0.687196
1.03458e-09	0.686866
1.03462e-09	0.686535
1.03467e-09	0.686205
1.03472e-09	0.685874
1.03476e-09	0.685543
1.03481e-09	0.685212
1.03485e-09	0.684881
1.0349e-09	0.68455
1.03495e-09	0.684219
1.03499e-09	0.683887
1.03504e-09	0.683556
1.03509e-09	0.683224
1.03513e-09	0.682892
1.03518e-09	0.68256
1.03523e-09	0.682228
1.03527e-09	0.681896
1.03532e-09	0.681564
1.03537e-09	0.681232
1.03541e-09	0.680899
1.03546e-09	0.680567
1.0355e-09	0.680234
1.03555e-09	0.679901
1.0356e-09	0.679568
1.03564e-09	0.679235
1.03569e-09	0.678902
1.03574e-09	0.678569
1.03578e-09	0.678236
1.03583e-09	0.677902
1.03588e-09	0.677569
1.03592e-09	0.677235
1.03597e-09	0.676901
1.03602e-09	0.676567
1.03606e-09	0.676233
1.03611e-09	0.675899
1.03615e-09	0.675565
1.0362e-09	0.675231
1.03625e-09	0.674896
1.03629e-09	0.674562
1.03634e-09	0.674227
1.03639e-09	0.673892
1.03643e-09	0.673557
1.03648e-09	0.673222
1.03653e-09	0.672887
1.03657e-09	0.672552
1.03662e-09	0.672216
1.03667e-09	0.671881
1.03671e-09	0.671545
1.03676e-09	0.67121
1.0368e-09	0.670874
1.03685e-09	0.670538
1.0369e-09	0.670202
1.03694e-09	0.669866
1.03699e-09	0.669529
1.03704e-09	0.669193
1.03708e-09	0.668857
1.03713e-09	0.66852
1.03718e-09	0.668183
1.03722e-09	0.667847
1.03727e-09	0.66751
1.03731e-09	0.667173
1.03736e-09	0.666836
1.03741e-09	0.666498
1.03745e-09	0.666161
1.0375e-09	0.665824
1.03755e-09	0.665486
1.03759e-09	0.665148
1.03764e-09	0.664811
1.03769e-09	0.664473
1.03773e-09	0.664135
1.03778e-09	0.663797
1.03783e-09	0.663458
1.03787e-09	0.66312
1.03792e-09	0.662782
1.03796e-09	0.662443
1.03801e-09	0.662105
1.03806e-09	0.661766
1.0381e-09	0.661427
1.03815e-09	0.661088
1.0382e-09	0.660749
1.03824e-09	0.66041
1.03829e-09	0.660071
1.03834e-09	0.659731
1.03838e-09	0.659392
1.03843e-09	0.659052
1.03848e-09	0.658712
1.03852e-09	0.658373
1.03857e-09	0.658033
1.03861e-09	0.657693
1.03866e-09	0.657353
1.03871e-09	0.657012
1.03875e-09	0.656672
1.0388e-09	0.656332
1.03885e-09	0.655991
1.03889e-09	0.65565
1.03894e-09	0.65531
1.03899e-09	0.654969
1.03903e-09	0.654628
1.03908e-09	0.654287
1.03913e-09	0.653946
1.03917e-09	0.653604
1.03922e-09	0.653263
1.03926e-09	0.652921
1.03931e-09	0.65258
1.03936e-09	0.652238
1.0394e-09	0.651896
1.03945e-09	0.651555
1.0395e-09	0.651213
1.03954e-09	0.65087
1.03959e-09	0.650528
1.03964e-09	0.650186
1.03968e-09	0.649844
1.03973e-09	0.649501
1.03978e-09	0.649158
1.03982e-09	0.648816
1.03987e-09	0.648473
1.03991e-09	0.64813
1.03996e-09	0.647787
1.04001e-09	0.647444
1.04005e-09	0.647101
1.0401e-09	0.646757
1.04015e-09	0.646414
1.04019e-09	0.64607
1.04024e-09	0.645727
1.04029e-09	0.645383
1.04033e-09	0.645039
1.04038e-09	0.644695
1.04042e-09	0.644351
1.04047e-09	0.644007
1.04052e-09	0.643663
1.04056e-09	0.643318
1.04061e-09	0.642974
1.04066e-09	0.642629
1.0407e-09	0.642285
1.04075e-09	0.64194
1.0408e-09	0.641595
1.04084e-09	0.64125
1.04089e-09	0.640905
1.04094e-09	0.64056
1.04098e-09	0.640215
1.04103e-09	0.639869
1.04107e-09	0.639524
1.04112e-09	0.639178
1.04117e-09	0.638833
1.04121e-09	0.638487
1.04126e-09	0.638141
1.04131e-09	0.637795
1.04135e-09	0.637449
1.0414e-09	0.637103
1.04145e-09	0.636757
1.04149e-09	0.636411
1.04154e-09	0.636064
1.04159e-09	0.635718
1.04163e-09	0.635371
1.04168e-09	0.635024
1.04172e-09	0.634677
1.04177e-09	0.634331
1.04182e-09	0.633984
1.04186e-09	0.633636
1.04191e-09	0.633289
1.04196e-09	0.632942
1.042e-09	0.632595
1.04205e-09	0.632247
1.0421e-09	0.631899
1.04214e-09	0.631552
1.04219e-09	0.631204
1.04224e-09	0.630856
1.04228e-09	0.630508
1.04233e-09	0.63016
1.04237e-09	0.629812
1.04242e-09	0.629464
1.04247e-09	0.629115
1.04251e-09	0.628767
1.04256e-09	0.628418
1.04261e-09	0.62807
1.04265e-09	0.627721
1.0427e-09	0.627372
1.04275e-09	0.627023
1.04279e-09	0.626674
1.04284e-09	0.626325
1.04289e-09	0.625976
1.04293e-09	0.625627
1.04298e-09	0.625277
1.04302e-09	0.624928
1.04307e-09	0.624578
1.04312e-09	0.624228
1.04316e-09	0.623879
1.04321e-09	0.623529
1.04326e-09	0.623179
1.0433e-09	0.622829
1.04335e-09	0.622479
1.0434e-09	0.622128
1.04344e-09	0.621778
1.04349e-09	0.621428
1.04353e-09	0.621077
1.04358e-09	0.620726
1.04363e-09	0.620376
1.04367e-09	0.620025
1.04372e-09	0.619674
1.04377e-09	0.619323
1.04381e-09	0.618972
1.04386e-09	0.618621
1.04391e-09	0.61827
1.04395e-09	0.617918
1.044e-09	0.617567
1.04405e-09	0.617215
1.04409e-09	0.616864
1.04414e-09	0.616512
1.04418e-09	0.61616
1.04423e-09	0.615808
1.04428e-09	0.615456
1.04432e-09	0.615104
1.04437e-09	0.614752
1.04442e-09	0.6144
1.04446e-09	0.614047
1.04451e-09	0.613695
1.04456e-09	0.613343
1.0446e-09	0.61299
1.04465e-09	0.612637
1.0447e-09	0.612284
1.04474e-09	0.611932
1.04479e-09	0.611579
1.04483e-09	0.611225
1.04488e-09	0.610872
1.04493e-09	0.610519
1.04497e-09	0.610166
1.04502e-09	0.609812
1.04507e-09	0.609459
1.04511e-09	0.609105
1.04516e-09	0.608752
1.04521e-09	0.608398
1.04525e-09	0.608044
1.0453e-09	0.60769
1.04535e-09	0.607336
1.04539e-09	0.606982
1.04544e-09	0.606628
1.04548e-09	0.606273
1.04553e-09	0.605919
1.04558e-09	0.605565
1.04562e-09	0.60521
1.04567e-09	0.604855
1.04572e-09	0.604501
1.04576e-09	0.604146
1.04581e-09	0.603791
1.04586e-09	0.603436
1.0459e-09	0.603081
1.04595e-09	0.602726
1.046e-09	0.60237
1.04604e-09	0.602015
1.04609e-09	0.60166
1.04613e-09	0.601304
1.04618e-09	0.600949
1.04623e-09	0.600593
1.04627e-09	0.600237
1.04632e-09	0.599881
1.04637e-09	0.599525
1.04641e-09	0.599169
1.04646e-09	0.598813
1.04651e-09	0.598457
1.04655e-09	0.598101
1.0466e-09	0.597744
1.04664e-09	0.597388
1.04669e-09	0.597032
1.04674e-09	0.596675
1.04678e-09	0.596318
1.04683e-09	0.595961
1.04688e-09	0.595605
1.04692e-09	0.595248
1.04697e-09	0.594891
1.04702e-09	0.594534
1.04706e-09	0.594176
1.04711e-09	0.593819
1.04716e-09	0.593462
1.0472e-09	0.593104
1.04725e-09	0.592747
1.04729e-09	0.592389
1.04734e-09	0.592032
1.04739e-09	0.591674
1.04743e-09	0.591316
1.04748e-09	0.590958
1.04753e-09	0.5906
1.04757e-09	0.590242
1.04762e-09	0.589884
1.04767e-09	0.589525
1.04771e-09	0.589167
1.04776e-09	0.588809
1.04781e-09	0.58845
1.04785e-09	0.588092
1.0479e-09	0.587733
1.04794e-09	0.587374
1.04799e-09	0.587015
1.04804e-09	0.586657
1.04808e-09	0.586298
1.04813e-09	0.585938
1.04818e-09	0.585579
1.04822e-09	0.58522
1.04827e-09	0.584861
1.04832e-09	0.584501
1.04836e-09	0.584142
1.04841e-09	0.583782
1.04846e-09	0.583423
1.0485e-09	0.583063
1.04855e-09	0.582703
1.04859e-09	0.582343
1.04864e-09	0.581984
1.04869e-09	0.581624
1.04873e-09	0.581263
1.04878e-09	0.580903
1.04883e-09	0.580543
1.04887e-09	0.580183
1.04892e-09	0.579822
1.04897e-09	0.579462
1.04901e-09	0.579101
1.04906e-09	0.578741
1.04911e-09	0.57838
1.04915e-09	0.578019
1.0492e-09	0.577658
1.04924e-09	0.577297
1.04929e-09	0.576936
1.04934e-09	0.576575
1.04938e-09	0.576214
1.04943e-09	0.575853
1.04948e-09	0.575491
1.04952e-09	0.57513
1.04957e-09	0.574768
1.04962e-09	0.574407
1.04966e-09	0.574045
1.04971e-09	0.573684
1.04975e-09	0.573322
1.0498e-09	0.57296
1.04985e-09	0.572598
1.04989e-09	0.572236
1.04994e-09	0.571874
1.04999e-09	0.571512
1.05003e-09	0.57115
1.05008e-09	0.570787
1.05013e-09	0.570425
1.05017e-09	0.570062
1.05022e-09	0.5697
1.05027e-09	0.569337
1.05031e-09	0.568975
1.05036e-09	0.568612
1.0504e-09	0.568249
1.05045e-09	0.567886
1.0505e-09	0.567523
1.05054e-09	0.56716
1.05059e-09	0.566797
1.05064e-09	0.566434
1.05068e-09	0.56607
1.05073e-09	0.565707
1.05078e-09	0.565344
1.05082e-09	0.56498
1.05087e-09	0.564617
1.05092e-09	0.564253
1.05096e-09	0.563889
1.05101e-09	0.563525
1.05105e-09	0.563162
1.0511e-09	0.562798
1.05115e-09	0.562434
1.05119e-09	0.56207
1.05124e-09	0.561705
1.05129e-09	0.561341
1.05133e-09	0.560977
1.05138e-09	0.560613
1.05143e-09	0.560248
1.05147e-09	0.559884
1.05152e-09	0.559519
1.05157e-09	0.559155
1.05161e-09	0.55879
1.05166e-09	0.558425
1.0517e-09	0.55806
1.05175e-09	0.557695
1.0518e-09	0.55733
1.05184e-09	0.556965
1.05189e-09	0.5566
1.05194e-09	0.556235
1.05198e-09	0.55587
1.05203e-09	0.555504
1.05208e-09	0.555139
1.05212e-09	0.554773
1.05217e-09	0.554408
1.05221e-09	0.554042
1.05226e-09	0.553676
1.05231e-09	0.553311
1.05235e-09	0.552945
1.0524e-09	0.552579
1.05245e-09	0.552213
1.05249e-09	0.551847
1.05254e-09	0.551481
1.05259e-09	0.551115
1.05263e-09	0.550749
1.05268e-09	0.550382
1.05273e-09	0.550016
1.05277e-09	0.549649
1.05282e-09	0.549283
1.05286e-09	0.548916
1.05291e-09	0.54855
1.05296e-09	0.548183
1.053e-09	0.547816
1.05305e-09	0.547449
1.0531e-09	0.547083
1.05314e-09	0.546716
1.05319e-09	0.546349
1.05324e-09	0.545981
1.05328e-09	0.545614
1.05333e-09	0.545247
1.05338e-09	0.54488
1.05342e-09	0.544512
1.05347e-09	0.544145
1.05351e-09	0.543777
1.05356e-09	0.54341
1.05361e-09	0.543042
1.05365e-09	0.542675
1.0537e-09	0.542307
1.05375e-09	0.541939
1.05379e-09	0.541571
1.05384e-09	0.541203
1.05389e-09	0.540835
1.05393e-09	0.540467
1.05398e-09	0.540099
1.05403e-09	0.539731
1.05407e-09	0.539362
1.05412e-09	0.538994
1.05416e-09	0.538626
1.05421e-09	0.538257
1.05426e-09	0.537889
1.0543e-09	0.53752
1.05435e-09	0.537152
1.0544e-09	0.536783
1.05444e-09	0.536414
1.05449e-09	0.536045
1.05454e-09	0.535676
1.05458e-09	0.535307
1.05463e-09	0.534938
1.05468e-09	0.534569
1.05472e-09	0.5342
1.05477e-09	0.533831
1.05481e-09	0.533462
1.05486e-09	0.533092
1.05491e-09	0.532723
1.05495e-09	0.532353
1.055e-09	0.531984
1.05505e-09	0.531614
1.05509e-09	0.531245
1.05514e-09	0.530875
1.05519e-09	0.530505
1.05523e-09	0.530135
1.05528e-09	0.529766
1.05532e-09	0.529396
1.05537e-09	0.529026
1.05542e-09	0.528656
1.05546e-09	0.528285
1.05551e-09	0.527915
1.05556e-09	0.527545
1.0556e-09	0.527175
1.05565e-09	0.526804
1.0557e-09	0.526434
1.05574e-09	0.526063
1.05579e-09	0.525693
1.05584e-09	0.525322
1.05588e-09	0.524952
1.05593e-09	0.524581
1.05597e-09	0.52421
1.05602e-09	0.523839
1.05607e-09	0.523468
1.05611e-09	0.523097
1.05616e-09	0.522726
1.05621e-09	0.522355
1.05625e-09	0.521984
1.0563e-09	0.521613
1.05635e-09	0.521242
1.05639e-09	0.520871
1.05644e-09	0.520499
1.05649e-09	0.520128
1.05653e-09	0.519756
1.05658e-09	0.519385
1.05662e-09	0.519013
1.05667e-09	0.518642
1.05672e-09	0.51827
1.05676e-09	0.517898
1.05681e-09	0.517526
1.05686e-09	0.517154
1.0569e-09	0.516783
1.05695e-09	0.516411
1.057e-09	0.516038
1.05704e-09	0.515666
1.05709e-09	0.515294
1.05714e-09	0.514922
1.05718e-09	0.51455
1.05723e-09	0.514178
1.05727e-09	0.513805
1.05732e-09	0.513433
1.05737e-09	0.51306
1.05741e-09	0.512688
1.05746e-09	0.512315
1.05751e-09	0.511943
1.05755e-09	0.51157
1.0576e-09	0.511197
1.05765e-09	0.510824
1.05769e-09	0.510451
1.05774e-09	0.510078
1.05779e-09	0.509706
1.05783e-09	0.509333
1.05788e-09	0.508959
1.05792e-09	0.508586
1.05797e-09	0.508213
1.05802e-09	0.50784
1.05806e-09	0.507467
1.05811e-09	0.507093
1.05816e-09	0.50672
1.0582e-09	0.506347
1.05825e-09	0.505973
1.0583e-09	0.505599
1.05834e-09	0.505226
1.05839e-09	0.504852
1.05843e-09	0.504479
1.05848e-09	0.504105
1.05853e-09	0.503731
1.05857e-09	0.503357
1.05862e-09	0.502983
1.05867e-09	0.502609
1.05871e-09	0.502235
1.05876e-09	0.501861
1.05881e-09	0.501487
1.05885e-09	0.501113
1.0589e-09	0.500739
1.05895e-09	0.500365
1.05899e-09	0.49999
1.05904e-09	0.499616
1.05908e-09	0.499241
1.05913e-09	0.498867
1.05918e-09	0.498492
1.05922e-09	0.498118
1.05927e-09	0.497743
1.05932e-09	0.497369
1.05936e-09	0.496994
1.05941e-09	0.496619
1.05946e-09	0.496244
1.0595e-09	0.49587
1.05955e-09	0.495495
1.0596e-09	0.49512
1.05964e-09	0.494745
1.05969e-09	0.49437
1.05973e-09	0.493995
1.05978e-09	0.493619
1.05983e-09	0.493244
1.05987e-09	0.492869
1.05992e-09	0.492494
1.05997e-09	0.492118
1.06001e-09	0.491743
1.06006e-09	0.491368
1.06011e-09	0.490992
1.06015e-09	0.490617
1.0602e-09	0.490241
1.06025e-09	0.489865
1.06029e-09	0.48949
1.06034e-09	0.489114
1.06038e-09	0.488738
1.06043e-09	0.488362
1.06048e-09	0.487987
1.06052e-09	0.487611
1.06057e-09	0.487235
1.06062e-09	0.486859
1.06066e-09	0.486483
1.06071e-09	0.486107
1.06076e-09	0.485731
1.0608e-09	0.485354
1.06085e-09	0.484978
1.0609e-09	0.484602
1.06094e-09	0.484226
1.06099e-09	0.483849
1.06103e-09	0.483473
1.06108e-09	0.483096
1.06113e-09	0.48272
1.06117e-09	0.482343
1.06122e-09	0.481967
1.06127e-09	0.48159
1.06131e-09	0.481214
1.06136e-09	0.480837
1.06141e-09	0.48046
1.06145e-09	0.480083
1.0615e-09	0.479707
1.06154e-09	0.47933
1.06159e-09	0.478953
1.06164e-09	0.478576
1.06168e-09	0.478199
1.06173e-09	0.477822
1.06178e-09	0.477445
1.06182e-09	0.477068
1.06187e-09	0.47669
1.06192e-09	0.476313
1.06196e-09	0.475936
1.06201e-09	0.475559
1.06206e-09	0.475181
1.0621e-09	0.474804
1.06215e-09	0.474426
1.06219e-09	0.474049
1.06224e-09	0.473671
1.06229e-09	0.473294
1.06233e-09	0.472916
1.06238e-09	0.472539
1.06243e-09	0.472161
1.06247e-09	0.471783
1.06252e-09	0.471406
1.06257e-09	0.471028
1.06261e-09	0.47065
1.06266e-09	0.470272
1.06271e-09	0.469894
1.06275e-09	0.469516
1.0628e-09	0.469138
1.06284e-09	0.46876
1.06289e-09	0.468382
1.06294e-09	0.468004
1.06298e-09	0.467626
1.06303e-09	0.467248
1.06308e-09	0.466869
1.06312e-09	0.466491
1.06317e-09	0.466113
1.06322e-09	0.465735
1.06326e-09	0.465356
1.06331e-09	0.464978
1.06336e-09	0.464599
1.0634e-09	0.464221
1.06345e-09	0.463842
1.06349e-09	0.463464
1.06354e-09	0.463085
1.06359e-09	0.462706
1.06363e-09	0.462328
1.06368e-09	0.461949
1.06373e-09	0.46157
1.06377e-09	0.461191
1.06382e-09	0.460813
1.06387e-09	0.460434
1.06391e-09	0.460055
1.06396e-09	0.459676
1.06401e-09	0.459297
1.06405e-09	0.458918
1.0641e-09	0.458539
1.06414e-09	0.45816
1.06419e-09	0.457781
1.06424e-09	0.457401
1.06428e-09	0.457022
1.06433e-09	0.456643
1.06438e-09	0.456264
1.06442e-09	0.455884
1.06447e-09	0.455505
1.06452e-09	0.455126
1.06456e-09	0.454746
1.06461e-09	0.454367
1.06465e-09	0.453987
1.0647e-09	0.453608
1.06475e-09	0.453228
1.06479e-09	0.452849
1.06484e-09	0.452469
1.06489e-09	0.45209
1.06493e-09	0.45171
1.06498e-09	0.45133
1.06503e-09	0.45095
1.06507e-09	0.450571
1.06512e-09	0.450191
1.06517e-09	0.449811
1.06521e-09	0.449431
1.06526e-09	0.449051
1.0653e-09	0.448671
1.06535e-09	0.448291
1.0654e-09	0.447911
1.06544e-09	0.447531
1.06549e-09	0.447151
1.06554e-09	0.446771
1.06558e-09	0.446391
1.06563e-09	0.446011
1.06568e-09	0.44563
1.06572e-09	0.44525
1.06577e-09	0.44487
1.06582e-09	0.44449
1.06586e-09	0.444109
1.06591e-09	0.443729
1.06595e-09	0.443349
1.066e-09	0.442968
1.06605e-09	0.442588
1.06609e-09	0.442207
1.06614e-09	0.441827
1.06619e-09	0.441446
1.06623e-09	0.441066
1.06628e-09	0.440685
1.06633e-09	0.440304
1.06637e-09	0.439924
1.06642e-09	0.439543
1.06647e-09	0.439162
1.06651e-09	0.438781
1.06656e-09	0.438401
1.0666e-09	0.43802
1.06665e-09	0.437639
1.0667e-09	0.437258
1.06674e-09	0.436877
1.06679e-09	0.436496
1.06684e-09	0.436115
1.06688e-09	0.435734
1.06693e-09	0.435353
1.06698e-09	0.434972
1.06702e-09	0.434591
1.06707e-09	0.43421
1.06711e-09	0.433829
1.06716e-09	0.433448
1.06721e-09	0.433067
1.06725e-09	0.432685
1.0673e-09	0.432304
1.06735e-09	0.431923
1.06739e-09	0.431542
1.06744e-09	0.43116
1.06749e-09	0.430779
1.06753e-09	0.430398
1.06758e-09	0.430016
1.06763e-09	0.429635
1.06767e-09	0.429253
1.06772e-09	0.428872
1.06776e-09	0.42849
1.06781e-09	0.428109
1.06786e-09	0.427727
1.0679e-09	0.427346
1.06795e-09	0.426964
1.068e-09	0.426583
1.06804e-09	0.426201
1.06809e-09	0.425819
1.06814e-09	0.425437
1.06818e-09	0.425056
1.06823e-09	0.424674
1.06828e-09	0.424292
1.06832e-09	0.42391
1.06837e-09	0.423529
1.06841e-09	0.423147
1.06846e-09	0.422765
1.06851e-09	0.422383
1.06855e-09	0.422001
1.0686e-09	0.421619
1.06865e-09	0.421237
1.06869e-09	0.420855
1.06874e-09	0.420473
1.06879e-09	0.420091
1.06883e-09	0.419709
1.06888e-09	0.419327
1.06893e-09	0.418945
1.06897e-09	0.418563
1.06902e-09	0.41818
1.06906e-09	0.417798
1.06911e-09	0.417416
1.06916e-09	0.417034
1.0692e-09	0.416652
1.06925e-09	0.416269
1.0693e-09	0.415887
1.06934e-09	0.415505
1.06939e-09	0.415122
1.06944e-09	0.41474
1.06948e-09	0.414358
1.06953e-09	0.413975
1.06958e-09	0.413593
1.06962e-09	0.41321
1.06967e-09	0.412828
1.06971e-09	0.412445
1.06976e-09	0.412063
1.06981e-09	0.41168
1.06985e-09	0.411298
1.0699e-09	0.410915
1.06995e-09	0.410533
1.06999e-09	0.41015
1.07004e-09	0.409767
1.07009e-09	0.409385
1.07013e-09	0.409002
1.07018e-09	0.408619
1.07022e-09	0.408237
1.07027e-09	0.407854
1.07032e-09	0.407471
1.07036e-09	0.407089
1.07041e-09	0.406706
1.07046e-09	0.406323
1.0705e-09	0.40594
1.07055e-09	0.405557
1.0706e-09	0.405174
1.07064e-09	0.404792
1.07069e-09	0.404409
1.07074e-09	0.404026
1.07078e-09	0.403643
1.07083e-09	0.40326
1.07087e-09	0.402877
1.07092e-09	0.402494
1.07097e-09	0.402111
1.07101e-09	0.401728
1.07106e-09	0.401345
1.07111e-09	0.400962
1.07115e-09	0.400579
1.0712e-09	0.400196
1.07125e-09	0.399813
1.07129e-09	0.39943
1.07134e-09	0.399046
1.07139e-09	0.398663
1.07143e-09	0.39828
1.07148e-09	0.397897
1.07152e-09	0.397514
1.07157e-09	0.397131
1.07162e-09	0.396747
1.07166e-09	0.396364
1.07171e-09	0.395981
1.07176e-09	0.395598
1.0718e-09	0.395214
1.07185e-09	0.394831
1.0719e-09	0.394448
1.07194e-09	0.394064
1.07199e-09	0.393681
1.07204e-09	0.393298
1.07208e-09	0.392914
1.07213e-09	0.392531
1.07217e-09	0.392148
1.07222e-09	0.391764
1.07227e-09	0.391381
1.07231e-09	0.390997
1.07236e-09	0.390614
1.07241e-09	0.39023
1.07245e-09	0.389847
1.0725e-09	0.389463
1.07255e-09	0.38908
1.07259e-09	0.388696
1.07264e-09	0.388313
1.07269e-09	0.387929
1.07273e-09	0.387546
1.07278e-09	0.387162
1.07282e-09	0.386779
1.07287e-09	0.386395
1.07292e-09	0.386011
1.07296e-09	0.385628
1.07301e-09	0.385244
1.07306e-09	0.38486
1.0731e-09	0.384477
1.07315e-09	0.384093
1.0732e-09	0.383709
1.07324e-09	0.383326
1.07329e-09	0.382942
1.07333e-09	0.382558
1.07338e-09	0.382175
1.07343e-09	0.381791
1.07347e-09	0.381407
1.07352e-09	0.381023
1.07357e-09	0.38064
1.07361e-09	0.380256
1.07366e-09	0.379872
1.07371e-09	0.379488
1.07375e-09	0.379105
1.0738e-09	0.378721
1.07385e-09	0.378337
1.07389e-09	0.377953
1.07394e-09	0.377569
1.07398e-09	0.377185
1.07403e-09	0.376802
1.07408e-09	0.376418
1.07412e-09	0.376034
1.07417e-09	0.37565
1.07422e-09	0.375266
1.07426e-09	0.374882
1.07431e-09	0.374498
1.07436e-09	0.374114
1.0744e-09	0.37373
1.07445e-09	0.373346
1.0745e-09	0.372963
1.07454e-09	0.372579
1.07459e-09	0.372195
1.07463e-09	0.371811
1.07468e-09	0.371427
1.07473e-09	0.371043
1.07477e-09	0.370659
1.07482e-09	0.370275
1.07487e-09	0.369891
1.07491e-09	0.369507
1.07496e-09	0.369123
1.07501e-09	0.368739
1.07505e-09	0.368355
1.0751e-09	0.367971
1.07515e-09	0.367587
1.07519e-09	0.367203
1.07524e-09	0.366819
1.07528e-09	0.366435
1.07533e-09	0.36605
1.07538e-09	0.365666
1.07542e-09	0.365282
1.07547e-09	0.364898
1.07552e-09	0.364514
1.07556e-09	0.36413
1.07561e-09	0.363746
1.07566e-09	0.363362
1.0757e-09	0.362978
1.07575e-09	0.362594
1.0758e-09	0.36221
1.07584e-09	0.361825
1.07589e-09	0.361441
1.07593e-09	0.361057
1.07598e-09	0.360673
1.07603e-09	0.360289
1.07607e-09	0.359905
1.07612e-09	0.359521
1.07617e-09	0.359137
1.07621e-09	0.358753
1.07626e-09	0.358368
1.07631e-09	0.357984
1.07635e-09	0.3576
1.0764e-09	0.357216
1.07644e-09	0.356832
1.07649e-09	0.356448
1.07654e-09	0.356063
1.07658e-09	0.355679
1.07663e-09	0.355295
1.07668e-09	0.354911
1.07672e-09	0.354527
1.07677e-09	0.354143
1.07682e-09	0.353759
1.07686e-09	0.353374
1.07691e-09	0.35299
1.07696e-09	0.352606
1.077e-09	0.352222
1.07705e-09	0.351838
1.07709e-09	0.351453
1.07714e-09	0.351069
1.07719e-09	0.350685
1.07723e-09	0.350301
1.07728e-09	0.349917
1.07733e-09	0.349533
1.07737e-09	0.349148
1.07742e-09	0.348764
1.07747e-09	0.34838
1.07751e-09	0.347996
1.07756e-09	0.347612
1.07761e-09	0.347228
1.07765e-09	0.346843
1.0777e-09	0.346459
1.07774e-09	0.346075
1.07779e-09	0.345691
1.07784e-09	0.345307
1.07788e-09	0.344923
1.07793e-09	0.344538
1.07798e-09	0.344154
1.07802e-09	0.34377
1.07807e-09	0.343386
1.07812e-09	0.343002
1.07816e-09	0.342618
1.07821e-09	0.342233
1.07826e-09	0.341849
1.0783e-09	0.341465
1.07835e-09	0.341081
1.07839e-09	0.340697
1.07844e-09	0.340313
1.07849e-09	0.339929
1.07853e-09	0.339544
1.07858e-09	0.33916
1.07863e-09	0.338776
1.07867e-09	0.338392
1.07872e-09	0.338008
1.07877e-09	0.337624
1.07881e-09	0.33724
1.07886e-09	0.336856
1.07891e-09	0.336472
1.07895e-09	0.336087
1.079e-09	0.335703
1.07904e-09	0.335319
1.07909e-09	0.334935
1.07914e-09	0.334551
1.07918e-09	0.334167
1.07923e-09	0.333783
1.07928e-09	0.333399
1.07932e-09	0.333015
1.07937e-09	0.332631
1.07942e-09	0.332247
1.07946e-09	0.331863
1.07951e-09	0.331479
1.07955e-09	0.331095
1.0796e-09	0.330711
1.07965e-09	0.330327
1.07969e-09	0.329943
1.07974e-09	0.329559
1.07979e-09	0.329175
1.07983e-09	0.328791
1.07988e-09	0.328407
1.07993e-09	0.328023
1.07997e-09	0.327639
1.08002e-09	0.327255
1.08007e-09	0.326871
1.08011e-09	0.326487
1.08016e-09	0.326103
1.0802e-09	0.325719
1.08025e-09	0.325335
1.0803e-09	0.324951
1.08034e-09	0.324567
1.08039e-09	0.324183
1.08044e-09	0.323799
1.08048e-09	0.323415
1.08053e-09	0.323031
1.08058e-09	0.322648
1.08062e-09	0.322264
1.08067e-09	0.32188
1.08072e-09	0.321496
1.08076e-09	0.321112
1.08081e-09	0.320728
1.08085e-09	0.320345
1.0809e-09	0.319961
1.08095e-09	0.319577
1.08099e-09	0.319193
1.08104e-09	0.318809
1.08109e-09	0.318426
1.08113e-09	0.318042
1.08118e-09	0.317658
1.08123e-09	0.317274
1.08127e-09	0.316891
1.08132e-09	0.316507
1.08137e-09	0.316123
1.08141e-09	0.315739
1.08146e-09	0.315356
1.0815e-09	0.314972
1.08155e-09	0.314588
1.0816e-09	0.314205
1.08164e-09	0.313821
1.08169e-09	0.313437
1.08174e-09	0.313054
1.08178e-09	0.31267
1.08183e-09	0.312287
1.08188e-09	0.311903
1.08192e-09	0.311519
1.08197e-09	0.311136
1.08202e-09	0.310752
1.08206e-09	0.310369
1.08211e-09	0.309985
1.08215e-09	0.309602
1.0822e-09	0.309218
1.08225e-09	0.308835
1.08229e-09	0.308451
1.08234e-09	0.308068
1.08239e-09	0.307684
1.08243e-09	0.307301
1.08248e-09	0.306918
1.08253e-09	0.306534
1.08257e-09	0.306151
1.08262e-09	0.305767
1.08266e-09	0.305384
1.08271e-09	0.305001
1.08276e-09	0.304617
1.0828e-09	0.304234
1.08285e-09	0.303851
1.0829e-09	0.303467
1.08294e-09	0.303084
1.08299e-09	0.302701
1.08304e-09	0.302318
1.08308e-09	0.301934
1.08313e-09	0.301551
1.08318e-09	0.301168
1.08322e-09	0.300785
1.08327e-09	0.300402
1.08331e-09	0.300018
1.08336e-09	0.299635
1.08341e-09	0.299252
1.08345e-09	0.298869
1.0835e-09	0.298486
1.08355e-09	0.298103
1.08359e-09	0.29772
1.08364e-09	0.297337
1.08369e-09	0.296954
1.08373e-09	0.296571
1.08378e-09	0.296188
1.08383e-09	0.295805
1.08387e-09	0.295422
1.08392e-09	0.295039
1.08396e-09	0.294656
1.08401e-09	0.294273
1.08406e-09	0.29389
1.0841e-09	0.293507
1.08415e-09	0.293124
1.0842e-09	0.292742
1.08424e-09	0.292359
1.08429e-09	0.291976
1.08434e-09	0.291593
1.08438e-09	0.29121
1.08443e-09	0.290828
1.08448e-09	0.290445
1.08452e-09	0.290062
1.08457e-09	0.28968
1.08461e-09	0.289297
1.08466e-09	0.288914
1.08471e-09	0.288532
1.08475e-09	0.288149
1.0848e-09	0.287766
1.08485e-09	0.287384
1.08489e-09	0.287001
1.08494e-09	0.286619
1.08499e-09	0.286236
1.08503e-09	0.285854
1.08508e-09	0.285471
1.08512e-09	0.285089
1.08517e-09	0.284706
1.08522e-09	0.284324
1.08526e-09	0.283942
1.08531e-09	0.283559
1.08536e-09	0.283177
1.0854e-09	0.282795
1.08545e-09	0.282412
1.0855e-09	0.28203
1.08554e-09	0.281648
1.08559e-09	0.281265
1.08564e-09	0.280883
1.08568e-09	0.280501
1.08573e-09	0.280119
1.08577e-09	0.279737
1.08582e-09	0.279355
1.08587e-09	0.278973
1.08591e-09	0.27859
1.08596e-09	0.278208
1.08601e-09	0.277826
1.08605e-09	0.277444
1.0861e-09	0.277062
1.08615e-09	0.27668
1.08619e-09	0.276298
1.08624e-09	0.275916
1.08629e-09	0.275535
1.08633e-09	0.275153
1.08638e-09	0.274771
1.08642e-09	0.274389
1.08647e-09	0.274007
1.08652e-09	0.273625
1.08656e-09	0.273244
1.08661e-09	0.272862
1.08666e-09	0.27248
1.0867e-09	0.272099
1.08675e-09	0.271717
1.0868e-09	0.271335
1.08684e-09	0.270954
1.08689e-09	0.270572
1.08694e-09	0.27019
1.08698e-09	0.269809
1.08703e-09	0.269427
1.08707e-09	0.269046
1.08712e-09	0.268664
1.08717e-09	0.268283
1.08721e-09	0.267902
1.08726e-09	0.26752
1.08731e-09	0.267139
1.08735e-09	0.266758
1.0874e-09	0.266376
1.08745e-09	0.265995
1.08749e-09	0.265614
1.08754e-09	0.265232
1.08759e-09	0.264851
1.08763e-09	0.26447
1.08768e-09	0.264089
1.08772e-09	0.263708
1.08777e-09	0.263327
1.08782e-09	0.262946
1.08786e-09	0.262565
1.08791e-09	0.262184
1.08796e-09	0.261803
1.088e-09	0.261422
1.08805e-09	0.261041
1.0881e-09	0.26066
1.08814e-09	0.260279
1.08819e-09	0.259898
1.08823e-09	0.259517
1.08828e-09	0.259137
1.08833e-09	0.258756
1.08837e-09	0.258375
1.08842e-09	0.257994
1.08847e-09	0.257614
1.08851e-09	0.257233
1.08856e-09	0.256852
1.08861e-09	0.256472
1.08865e-09	0.256091
1.0887e-09	0.255711
1.08875e-09	0.25533
1.08879e-09	0.25495
1.08884e-09	0.254569
1.08888e-09	0.254189
1.08893e-09	0.253809
1.08898e-09	0.253428
1.08902e-09	0.253048
1.08907e-09	0.252668
1.08912e-09	0.252287
1.08916e-09	0.251907
1.08921e-09	0.251527
1.08926e-09	0.251147
1.0893e-09	0.250767
1.08935e-09	0.250387
1.0894e-09	0.250007
1.08944e-09	0.249627
1.08949e-09	0.249247
1.08953e-09	0.248867
1.08958e-09	0.248487
1.08963e-09	0.248107
1.08967e-09	0.247727
1.08972e-09	0.247347
1.08977e-09	0.246967
1.08981e-09	0.246587
1.08986e-09	0.246208
1.08991e-09	0.245828
1.08995e-09	0.245448
1.09e-09	0.245069
1.09005e-09	0.244689
1.09009e-09	0.244309
1.09014e-09	0.24393
1.09018e-09	0.24355
1.09023e-09	0.243171
1.09028e-09	0.242791
1.09032e-09	0.242412
1.09037e-09	0.242033
1.09042e-09	0.241653
1.09046e-09	0.241274
1.09051e-09	0.240895
1.09056e-09	0.240515
1.0906e-09	0.240136
1.09065e-09	0.239757
1.0907e-09	0.239378
1.09074e-09	0.238999
1.09079e-09	0.23862
1.09083e-09	0.238241
1.09088e-09	0.237862
1.09093e-09	0.237483
1.09097e-09	0.237104
1.09102e-09	0.236725
1.09107e-09	0.236346
1.09111e-09	0.235967
1.09116e-09	0.235588
1.09121e-09	0.23521
1.09125e-09	0.234831
1.0913e-09	0.234452
1.09134e-09	0.234073
1.09139e-09	0.233695
1.09144e-09	0.233316
1.09148e-09	0.232938
1.09153e-09	0.232559
1.09158e-09	0.232181
1.09162e-09	0.231802
1.09167e-09	0.231424
1.09172e-09	0.231046
1.09176e-09	0.230667
1.09181e-09	0.230289
1.09186e-09	0.229911
1.0919e-09	0.229533
1.09195e-09	0.229154
1.09199e-09	0.228776
1.09204e-09	0.228398
1.09209e-09	0.22802
1.09213e-09	0.227642
1.09218e-09	0.227264
1.09223e-09	0.226886
1.09227e-09	0.226508
1.09232e-09	0.22613
1.09237e-09	0.225753
1.09241e-09	0.225375
1.09246e-09	0.224997
1.09251e-09	0.224619
1.09255e-09	0.224242
1.0926e-09	0.223864
1.09264e-09	0.223486
1.09269e-09	0.223109
1.09274e-09	0.222731
1.09278e-09	0.222354
1.09283e-09	0.221976
1.09288e-09	0.221599
1.09292e-09	0.221222
1.09297e-09	0.220844
1.09302e-09	0.220467
1.09306e-09	0.22009
1.09311e-09	0.219713
1.09316e-09	0.219336
1.0932e-09	0.218958
1.09325e-09	0.218581
1.09329e-09	0.218204
1.09334e-09	0.217827
1.09339e-09	0.21745
1.09343e-09	0.217073
1.09348e-09	0.216697
1.09353e-09	0.21632
1.09357e-09	0.215943
1.09362e-09	0.215566
1.09367e-09	0.21519
1.09371e-09	0.214813
1.09376e-09	0.214436
1.09381e-09	0.21406
1.09385e-09	0.213683
1.0939e-09	0.213307
1.09394e-09	0.21293
1.09399e-09	0.212554
1.09404e-09	0.212177
1.09408e-09	0.211801
1.09413e-09	0.211425
1.09418e-09	0.211049
1.09422e-09	0.210672
1.09427e-09	0.210296
1.09432e-09	0.20992
1.09436e-09	0.209544
1.09441e-09	0.209168
1.09445e-09	0.208792
1.0945e-09	0.208416
1.09455e-09	0.20804
1.09459e-09	0.207665
1.09464e-09	0.207289
1.09469e-09	0.206913
1.09473e-09	0.206537
1.09478e-09	0.206162
1.09483e-09	0.205786
1.09487e-09	0.20541
1.09492e-09	0.205035
1.09497e-09	0.204659
1.09501e-09	0.204284
1.09506e-09	0.203909
1.0951e-09	0.203533
1.09515e-09	0.203158
1.0952e-09	0.202783
1.09524e-09	0.202408
1.09529e-09	0.202032
1.09534e-09	0.201657
1.09538e-09	0.201282
1.09543e-09	0.200907
1.09548e-09	0.200532
1.09552e-09	0.200157
1.09557e-09	0.199782
1.09562e-09	0.199408
1.09566e-09	0.199033
1.09571e-09	0.198658
1.09575e-09	0.198283
1.0958e-09	0.197909
1.09585e-09	0.197534
1.09589e-09	0.197159
1.09594e-09	0.196785
1.09599e-09	0.196411
1.09603e-09	0.196036
1.09608e-09	0.195662
1.09613e-09	0.195287
1.09617e-09	0.194913
1.09622e-09	0.194539
1.09627e-09	0.194165
1.09631e-09	0.193791
1.09636e-09	0.193417
1.0964e-09	0.193042
1.09645e-09	0.192669
1.0965e-09	0.192295
1.09654e-09	0.191921
1.09659e-09	0.191547
1.09664e-09	0.191173
1.09668e-09	0.190799
1.09673e-09	0.190426
1.09678e-09	0.190052
1.09682e-09	0.189678
1.09687e-09	0.189305
1.09692e-09	0.188931
1.09696e-09	0.188558
1.09701e-09	0.188185
1.09705e-09	0.187811
1.0971e-09	0.187438
1.09715e-09	0.187065
1.09719e-09	0.186691
1.09724e-09	0.186318
1.09729e-09	0.185945
1.09733e-09	0.185572
1.09738e-09	0.185199
1.09743e-09	0.184826
1.09747e-09	0.184453
1.09752e-09	0.184081
1.09756e-09	0.183708
1.09761e-09	0.183335
1.09766e-09	0.182962
1.0977e-09	0.18259
1.09775e-09	0.182217
1.0978e-09	0.181845
1.09784e-09	0.181472
1.09789e-09	0.1811
1.09794e-09	0.180727
1.09798e-09	0.180355
1.09803e-09	0.179983
1.09808e-09	0.179611
1.09812e-09	0.179238
1.09817e-09	0.178866
1.09821e-09	0.178494
1.09826e-09	0.178122
1.09831e-09	0.17775
1.09835e-09	0.177378
1.0984e-09	0.177007
1.09845e-09	0.176635
1.09849e-09	0.176263
1.09854e-09	0.175891
1.09859e-09	0.17552
1.09863e-09	0.175148
1.09868e-09	0.174777
1.09873e-09	0.174405
1.09877e-09	0.174034
1.09882e-09	0.173662
1.09886e-09	0.173291
1.09891e-09	0.17292
1.09896e-09	0.172549
1.099e-09	0.172178
1.09905e-09	0.171806
1.0991e-09	0.171435
1.09914e-09	0.171064
1.09919e-09	0.170694
1.09924e-09	0.170323
1.09928e-09	0.169952
1.09933e-09	0.169581
1.09938e-09	0.16921
1.09942e-09	0.16884
1.09947e-09	0.168469
1.09951e-09	0.168099
1.09956e-09	0.167728
1.09961e-09	0.167358
1.09965e-09	0.166987
1.0997e-09	0.166617
1.09975e-09	0.166247
1.09979e-09	0.165877
1.09984e-09	0.165506
1.09989e-09	0.165136
1.09993e-09	0.164766
1.09998e-09	0.164396
1.10002e-09	0.164026
1.10007e-09	0.163657
1.10012e-09	0.163287
1.10016e-09	0.162917
1.10021e-09	0.162547
1.10026e-09	0.162178
1.1003e-09	0.161808
1.10035e-09	0.161439
1.1004e-09	0.161069
1.10044e-09	0.1607
1.10049e-09	0.16033
1.10054e-09	0.159961
1.10058e-09	0.159592
1.10063e-09	0.159223
1.10067e-09	0.158854
1.10072e-09	0.158485
1.10077e-09	0.158116
1.10081e-09	0.157747
1.10086e-09	0.157378
1.10091e-09	0.157009
1.10095e-09	0.15664
1.101e-09	0.156272
1.10105e-09	0.155903
1.10109e-09	0.155534
1.10114e-09	0.155166
1.10119e-09	0.154797
1.10123e-09	0.154429
1.10128e-09	0.154061
1.10132e-09	0.153692
1.10137e-09	0.153324
1.10142e-09	0.152956
1.10146e-09	0.152588
1.10151e-09	0.15222
1.10156e-09	0.151852
1.1016e-09	0.151484
1.10165e-09	0.151116
1.1017e-09	0.150748
1.10174e-09	0.150381
1.10179e-09	0.150013
1.10184e-09	0.149645
1.10188e-09	0.149278
1.10193e-09	0.14891
1.10197e-09	0.148543
1.10202e-09	0.148176
1.10207e-09	0.147808
1.10211e-09	0.147441
1.10216e-09	0.147074
1.10221e-09	0.146707
1.10225e-09	0.14634
1.1023e-09	0.145973
1.10235e-09	0.145606
1.10239e-09	0.145239
1.10244e-09	0.144872
1.10249e-09	0.144505
1.10253e-09	0.144139
1.10258e-09	0.143772
1.10262e-09	0.143406
1.10267e-09	0.143039
1.10272e-09	0.142673
1.10276e-09	0.142306
1.10281e-09	0.14194
1.10286e-09	0.141574
1.1029e-09	0.141208
1.10295e-09	0.140841
1.103e-09	0.140475
1.10304e-09	0.140109
1.10309e-09	0.139744
1.10313e-09	0.139378
1.10318e-09	0.139012
1.10323e-09	0.138646
1.10327e-09	0.138281
1.10332e-09	0.137915
1.10337e-09	0.137549
1.10341e-09	0.137184
1.10346e-09	0.136819
1.10351e-09	0.136453
1.10355e-09	0.136088
1.1036e-09	0.135723
1.10365e-09	0.135358
1.10369e-09	0.134992
1.10374e-09	0.134627
1.10378e-09	0.134263
1.10383e-09	0.133898
1.10388e-09	0.133533
1.10392e-09	0.133168
1.10397e-09	0.132803
1.10402e-09	0.132439
1.10406e-09	0.132074
1.10411e-09	0.13171
1.10416e-09	0.131345
1.1042e-09	0.130981
1.10425e-09	0.130617
1.1043e-09	0.130252
1.10434e-09	0.129888
1.10439e-09	0.129524
1.10443e-09	0.12916
1.10448e-09	0.128796
1.10453e-09	0.128432
1.10457e-09	0.128069
1.10462e-09	0.127705
1.10467e-09	0.127341
1.10471e-09	0.126978
1.10476e-09	0.126614
1.10481e-09	0.126251
1.10485e-09	0.125887
1.1049e-09	0.125524
1.10495e-09	0.125161
1.10499e-09	0.124797
1.10504e-09	0.124434
1.10508e-09	0.124071
1.10513e-09	0.123708
1.10518e-09	0.123345
1.10522e-09	0.122982
1.10527e-09	0.12262
1.10532e-09	0.122257
1.10536e-09	0.121894
1.10541e-09	0.121532
1.10546e-09	0.121169
1.1055e-09	0.120807
1.10555e-09	0.120444
1.1056e-09	0.120082
1.10564e-09	0.11972
1.10569e-09	0.119357
1.10573e-09	0.118995
1.10578e-09	0.118633
1.10583e-09	0.118271
1.10587e-09	0.11791
1.10592e-09	0.117548
1.10597e-09	0.117186
1.10601e-09	0.116824
1.10606e-09	0.116463
1.10611e-09	0.116101
1.10615e-09	0.11574
1.1062e-09	0.115378
1.10624e-09	0.115017
1.10629e-09	0.114656
1.10634e-09	0.114294
1.10638e-09	0.113933
1.10643e-09	0.113572
1.10648e-09	0.113211
1.10652e-09	0.11285
1.10657e-09	0.11249
1.10662e-09	0.112129
1.10666e-09	0.111768
1.10671e-09	0.111408
1.10676e-09	0.111047
1.1068e-09	0.110687
1.10685e-09	0.110326
1.10689e-09	0.109966
1.10694e-09	0.109606
1.10699e-09	0.109245
1.10703e-09	0.108885
1.10708e-09	0.108525
1.10713e-09	0.108165
1.10717e-09	0.107805
1.10722e-09	0.107446
1.10727e-09	0.107086
1.10731e-09	0.106726
1.10736e-09	0.106367
1.10741e-09	0.106007
1.10745e-09	0.105648
1.1075e-09	0.105288
1.10754e-09	0.104929
1.10759e-09	0.10457
1.10764e-09	0.104211
1.10768e-09	0.103852
1.10773e-09	0.103493
1.10778e-09	0.103134
1.10782e-09	0.102775
1.10787e-09	0.102416
1.10792e-09	0.102057
1.10796e-09	0.101699
1.10801e-09	0.10134
1.10806e-09	0.100982
1.1081e-09	0.100623
1.10815e-09	0.100265
1.10819e-09	0.0999067
1.10824e-09	0.0995485
1.10829e-09	0.0991904
1.10833e-09	0.0988324
1.10838e-09	0.0984745
1.10843e-09	0.0981166
1.10847e-09	0.0977588
1.10852e-09	0.097401
1.10857e-09	0.0970434
1.10861e-09	0.0966858
1.10866e-09	0.0963283
1.10871e-09	0.0959709
1.10875e-09	0.0956136
1.1088e-09	0.0952563
1.10884e-09	0.0948991
1.10889e-09	0.094542
1.10894e-09	0.094185
1.10898e-09	0.093828
1.10903e-09	0.0934711
1.10908e-09	0.0931143
1.10912e-09	0.0927576
1.10917e-09	0.0924009
1.10922e-09	0.0920444
1.10926e-09	0.0916879
1.10931e-09	0.0913314
1.10935e-09	0.0909751
1.1094e-09	0.0906188
1.10945e-09	0.0902626
1.10949e-09	0.0899065
1.10954e-09	0.0895505
1.10959e-09	0.0891946
1.10963e-09	0.0888387
1.10968e-09	0.0884829
1.10973e-09	0.0881272
1.10977e-09	0.0877715
1.10982e-09	0.087416
1.10987e-09	0.0870605
1.10991e-09	0.0867051
1.10996e-09	0.0863498
1.11e-09	0.0859945
1.11005e-09	0.0856393
1.1101e-09	0.0852843
1.11014e-09	0.0849293
1.11019e-09	0.0845743
1.11024e-09	0.0842195
1.11028e-09	0.0838647
1.11033e-09	0.08351
1.11038e-09	0.0831554
1.11042e-09	0.0828009
1.11047e-09	0.0824464
1.11052e-09	0.0820921
1.11056e-09	0.0817378
1.11061e-09	0.0813836
1.11065e-09	0.0810294
1.1107e-09	0.0806754
1.11075e-09	0.0803214
1.11079e-09	0.0799675
1.11084e-09	0.0796137
1.11089e-09	0.07926
1.11093e-09	0.0789063
1.11098e-09	0.0785528
1.11103e-09	0.0781993
1.11107e-09	0.0778459
1.11112e-09	0.0774926
1.11117e-09	0.0771393
1.11121e-09	0.0767862
1.11126e-09	0.0764331
1.1113e-09	0.0760801
1.11135e-09	0.0757272
1.1114e-09	0.0753744
1.11144e-09	0.0750216
1.11149e-09	0.074669
1.11154e-09	0.0743164
1.11158e-09	0.0739639
1.11163e-09	0.0736114
1.11168e-09	0.0732591
1.11172e-09	0.0729069
1.11177e-09	0.0725547
1.11182e-09	0.0722026
1.11186e-09	0.0718506
1.11191e-09	0.0714987
1.11195e-09	0.0711468
1.112e-09	0.0707951
1.11205e-09	0.0704434
1.11209e-09	0.0700918
1.11214e-09	0.0697403
1.11219e-09	0.0693889
1.11223e-09	0.0690375
1.11228e-09	0.0686863
1.11233e-09	0.0683351
1.11237e-09	0.067984
1.11242e-09	0.067633
1.11246e-09	0.0672821
1.11251e-09	0.0669312
1.11256e-09	0.0665805
1.1126e-09	0.0662298
1.11265e-09	0.0658792
1.1127e-09	0.0655287
1.11274e-09	0.0651783
1.11279e-09	0.064828
1.11284e-09	0.0644778
1.11288e-09	0.0641276
1.11293e-09	0.0637775
1.11298e-09	0.0634275
1.11302e-09	0.0630776
1.11307e-09	0.0627278
1.11311e-09	0.0623781
1.11316e-09	0.0620284
1.11321e-09	0.0616789
1.11325e-09	0.0613294
1.1133e-09	0.06098
1.11335e-09	0.0606307
1.11339e-09	0.0602815
1.11344e-09	0.0599323
1.11349e-09	0.0595833
1.11353e-09	0.0592343
1.11358e-09	0.0588854
1.11363e-09	0.0585367
1.11367e-09	0.058188
1.11372e-09	0.0578393
1.11376e-09	0.0574908
1.11381e-09	0.0571424
1.11386e-09	0.056794
1.1139e-09	0.0564457
1.11395e-09	0.0560976
1.114e-09	0.0557495
1.11404e-09	0.0554015
1.11409e-09	0.0550535
1.11414e-09	0.0547057
1.11418e-09	0.054358
1.11423e-09	0.0540103
1.11428e-09	0.0536627
1.11432e-09	0.0533152
1.11437e-09	0.0529679
1.11441e-09	0.0526205
1.11446e-09	0.0522733
1.11451e-09	0.0519262
1.11455e-09	0.0515792
1.1146e-09	0.0512322
1.11465e-09	0.0508853
1.11469e-09	0.0505386
1.11474e-09	0.0501919
1.11479e-09	0.0498453
1.11483e-09	0.0494988
1.11488e-09	0.0491523
1.11493e-09	0.048806
1.11497e-09	0.0484598
1.11502e-09	0.0481136
1.11506e-09	0.0477675
1.11511e-09	0.0474216
1.11516e-09	0.0470757
1.1152e-09	0.0467299
1.11525e-09	0.0463842
1.1153e-09	0.0460386
1.11534e-09	0.045693
1.11539e-09	0.0453476
1.11544e-09	0.0450022
1.11548e-09	0.044657
1.11553e-09	0.0443118
1.11557e-09	0.0439667
1.11562e-09	0.0436218
1.11567e-09	0.0432769
1.11571e-09	0.0429321
1.11576e-09	0.0425873
1.11581e-09	0.0422427
1.11585e-09	0.0418982
1.1159e-09	0.0415537
1.11595e-09	0.0412094
1.11599e-09	0.0408651
1.11604e-09	0.040521
1.11609e-09	0.0401769
1.11613e-09	0.0398329
1.11618e-09	0.039489
1.11622e-09	0.0391452
1.11627e-09	0.0388015
1.11632e-09	0.0384579
1.11636e-09	0.0381143
1.11641e-09	0.0377709
1.11646e-09	0.0374275
1.1165e-09	0.0370843
1.11655e-09	0.0367411
1.1166e-09	0.0363981
1.11664e-09	0.0360551
1.11669e-09	0.0357122
1.11674e-09	0.0353694
1.11678e-09	0.0350267
1.11683e-09	0.0346841
1.11687e-09	0.0343416
1.11692e-09	0.0339992
1.11697e-09	0.0336568
1.11701e-09	0.0333146
1.11706e-09	0.0329725
1.11711e-09	0.0326304
1.11715e-09	0.0322885
1.1172e-09	0.0319466
1.11725e-09	0.0316048
1.11729e-09	0.0312631
1.11734e-09	0.0309216
1.11739e-09	0.0305801
1.11743e-09	0.0302387
1.11748e-09	0.0298974
1.11752e-09	0.0295562
1.11757e-09	0.0292151
1.11762e-09	0.028874
1.11766e-09	0.0285331
1.11771e-09	0.0281923
1.11776e-09	0.0278516
1.1178e-09	0.0275109
1.11785e-09	0.0271704
1.1179e-09	0.0268299
1.11794e-09	0.0264896
1.11799e-09	0.0261493
1.11803e-09	0.0258091
1.11808e-09	0.0254691
1.11813e-09	0.0251291
1.11817e-09	0.0247892
1.11822e-09	0.0244494
1.11827e-09	0.0241097
1.11831e-09	0.0237701
1.11836e-09	0.0234306
1.11841e-09	0.0230912
1.11845e-09	0.0227519
1.1185e-09	0.0224127
1.11855e-09	0.0220736
1.11859e-09	0.0217346
1.11864e-09	0.0213956
1.11868e-09	0.0210568
1.11873e-09	0.0207181
1.11878e-09	0.0203795
1.11882e-09	0.0200409
1.11887e-09	0.0197025
1.11892e-09	0.0193641
1.11896e-09	0.0190259
1.11901e-09	0.0186877
1.11906e-09	0.0183497
1.1191e-09	0.0180117
1.11915e-09	0.0176739
1.1192e-09	0.0173361
1.11924e-09	0.0169984
1.11929e-09	0.0166608
1.11933e-09	0.0163234
1.11938e-09	0.015986
1.11943e-09	0.0156487
1.11947e-09	0.0153115
1.11952e-09	0.0149745
1.11957e-09	0.0146375
1.11961e-09	0.0143006
1.11966e-09	0.0139638
1.11971e-09	0.0136271
1.11975e-09	0.0132905
1.1198e-09	0.012954
1.11985e-09	0.0126176
1.11989e-09	0.0122813
1.11994e-09	0.0119451
1.11998e-09	0.011609
1.12003e-09	0.011273
1.12008e-09	0.0109371
1.12012e-09	0.0106013
1.12017e-09	0.0102656
1.12022e-09	0.00993001
1.12026e-09	0.00959451
1.12031e-09	0.0092591
1.12036e-09	0.00892379
1.1204e-09	0.00858858
1.12045e-09	0.00825347
1.1205e-09	0.00791846
1.12054e-09	0.00758355
1.12059e-09	0.00724874
1.12063e-09	0.00691403
1.12068e-09	0.00657942
1.12073e-09	0.00624491
1.12077e-09	0.00591049
1.12082e-09	0.00557618
1.12087e-09	0.00524197
1.12091e-09	0.00490786
1.12096e-09	0.00457385
1.12101e-09	0.00423994
1.12105e-09	0.00390613
1.1211e-09	0.00357242
1.12114e-09	0.00323881
1.12119e-09	0.00290531
1.12124e-09	0.0025719
1.12128e-09	0.00223859
1.12133e-09	0.00190539
1.12138e-09	0.00157228
1.12142e-09	0.00123928
1.12147e-09	0.000906381
1.12152e-09	0.000573581
1.12156e-09	0.000240882
1.12161e-09	-9.17146e-05
1.12166e-09	-0.00042421
1.1217e-09	-0.000756604
1.12175e-09	-0.0010889
1.12179e-09	-0.00142109
1.12184e-09	-0.00175317
1.12189e-09	-0.00208516
1.12193e-09	-0.00241704
1.12198e-09	-0.00274883
1.12203e-09	-0.00308051
1.12207e-09	-0.00341208
1.12212e-09	-0.00374356
1.12217e-09	-0.00407493
1.12221e-09	-0.0044062
1.12226e-09	-0.00473737
1.12231e-09	-0.00506843
1.12235e-09	-0.00539939
1.1224e-09	-0.00573025
1.12244e-09	-0.00606101
1.12249e-09	-0.00639166
1.12254e-09	-0.00672221
1.12258e-09	-0.00705265
1.12263e-09	-0.007383
1.12268e-09	-0.00771324
1.12272e-09	-0.00804337
1.12277e-09	-0.0083734
1.12282e-09	-0.00870333
1.12286e-09	-0.00903316
1.12291e-09	-0.00936288
1.12296e-09	-0.0096925
1.123e-09	-0.010022
1.12305e-09	-0.0103514
1.12309e-09	-0.0106807
1.12314e-09	-0.0110099
1.12319e-09	-0.011339
1.12323e-09	-0.011668
1.12328e-09	-0.0119969
1.12333e-09	-0.0123257
1.12337e-09	-0.0126544
1.12342e-09	-0.0129829
1.12347e-09	-0.0133114
1.12351e-09	-0.0136398
1.12356e-09	-0.013968
1.12361e-09	-0.0142962
1.12365e-09	-0.0146242
1.1237e-09	-0.0149522
1.12374e-09	-0.01528
1.12379e-09	-0.0156078
1.12384e-09	-0.0159354
1.12388e-09	-0.0162629
1.12393e-09	-0.0165903
1.12398e-09	-0.0169176
1.12402e-09	-0.0172448
1.12407e-09	-0.0175719
1.12412e-09	-0.0178989
1.12416e-09	-0.0182258
1.12421e-09	-0.0185526
1.12425e-09	-0.0188793
1.1243e-09	-0.0192058
1.12435e-09	-0.0195323
1.12439e-09	-0.0198587
1.12444e-09	-0.0201849
1.12449e-09	-0.0205111
1.12453e-09	-0.0208371
1.12458e-09	-0.021163
1.12463e-09	-0.0214888
1.12467e-09	-0.0218146
1.12472e-09	-0.0221402
1.12477e-09	-0.0224657
1.12481e-09	-0.0227911
1.12486e-09	-0.0231164
1.1249e-09	-0.0234415
1.12495e-09	-0.0237666
1.125e-09	-0.0240916
1.12504e-09	-0.0244164
1.12509e-09	-0.0247412
1.12514e-09	-0.0250658
1.12518e-09	-0.0253904
1.12523e-09	-0.0257148
1.12528e-09	-0.0260391
1.12532e-09	-0.0263633
1.12537e-09	-0.0266874
1.12542e-09	-0.0270114
1.12546e-09	-0.0273353
1.12551e-09	-0.0276591
1.12555e-09	-0.0279828
1.1256e-09	-0.0283063
1.12565e-09	-0.0286298
1.12569e-09	-0.0289531
1.12574e-09	-0.0292764
1.12579e-09	-0.0295995
1.12583e-09	-0.0299225
1.12588e-09	-0.0302454
1.12593e-09	-0.0305682
1.12597e-09	-0.0308909
1.12602e-09	-0.0312135
1.12607e-09	-0.031536
1.12611e-09	-0.0318584
1.12616e-09	-0.0321806
1.1262e-09	-0.0325028
1.12625e-09	-0.0328248
1.1263e-09	-0.0331467
1.12634e-09	-0.0334685
1.12639e-09	-0.0337903
1.12644e-09	-0.0341119
1.12648e-09	-0.0344333
1.12653e-09	-0.0347547
1.12658e-09	-0.035076
1.12662e-09	-0.0353972
1.12667e-09	-0.0357182
1.12672e-09	-0.0360391
1.12676e-09	-0.03636
1.12681e-09	-0.0366807
1.12685e-09	-0.0370013
1.1269e-09	-0.0373218
1.12695e-09	-0.0376422
1.12699e-09	-0.0379624
1.12704e-09	-0.0382826
1.12709e-09	-0.0386027
1.12713e-09	-0.0389226
1.12718e-09	-0.0392424
1.12723e-09	-0.0395622
1.12727e-09	-0.0398818
1.12732e-09	-0.0402013
1.12736e-09	-0.0405207
1.12741e-09	-0.0408399
1.12746e-09	-0.0411591
1.1275e-09	-0.0414781
1.12755e-09	-0.0417971
1.1276e-09	-0.0421159
1.12764e-09	-0.0424346
1.12769e-09	-0.0427532
1.12774e-09	-0.0430717
1.12778e-09	-0.0433901
1.12783e-09	-0.0437084
1.12788e-09	-0.0440265
1.12792e-09	-0.0443446
1.12797e-09	-0.0446625
1.12801e-09	-0.0449803
1.12806e-09	-0.045298
1.12811e-09	-0.0456156
1.12815e-09	-0.0459331
1.1282e-09	-0.0462505
1.12825e-09	-0.0465678
1.12829e-09	-0.0468849
1.12834e-09	-0.0472019
1.12839e-09	-0.0475188
1.12843e-09	-0.0478357
1.12848e-09	-0.0481523
1.12853e-09	-0.0484689
1.12857e-09	-0.0487854
1.12862e-09	-0.0491017
1.12866e-09	-0.049418
1.12871e-09	-0.0497341
1.12876e-09	-0.0500501
1.1288e-09	-0.050366
1.12885e-09	-0.0506818
1.1289e-09	-0.0509975
1.12894e-09	-0.051313
1.12899e-09	-0.0516285
1.12904e-09	-0.0519438
1.12908e-09	-0.052259
1.12913e-09	-0.0525741
1.12918e-09	-0.0528891
1.12922e-09	-0.053204
1.12927e-09	-0.0535187
1.12931e-09	-0.0538334
1.12936e-09	-0.0541479
1.12941e-09	-0.0544623
1.12945e-09	-0.0547766
1.1295e-09	-0.0550908
1.12955e-09	-0.0554049
1.12959e-09	-0.0557188
1.12964e-09	-0.0560327
1.12969e-09	-0.0563464
1.12973e-09	-0.05666
1.12978e-09	-0.0569735
1.12983e-09	-0.0572869
1.12987e-09	-0.0576002
1.12992e-09	-0.0579133
1.12996e-09	-0.0582264
1.13001e-09	-0.0585393
1.13006e-09	-0.0588521
1.1301e-09	-0.0591648
1.13015e-09	-0.0594773
1.1302e-09	-0.0597898
1.13024e-09	-0.0601021
1.13029e-09	-0.0604144
1.13034e-09	-0.0607265
1.13038e-09	-0.0610385
1.13043e-09	-0.0613503
1.13047e-09	-0.0616621
1.13052e-09	-0.0619737
1.13057e-09	-0.0622853
1.13061e-09	-0.0625967
1.13066e-09	-0.062908
1.13071e-09	-0.0632192
1.13075e-09	-0.0635302
1.1308e-09	-0.0638412
1.13085e-09	-0.064152
1.13089e-09	-0.0644627
1.13094e-09	-0.0647733
1.13099e-09	-0.0650838
1.13103e-09	-0.0653941
1.13108e-09	-0.0657044
1.13112e-09	-0.0660145
1.13117e-09	-0.0663245
1.13122e-09	-0.0666344
1.13126e-09	-0.0669442
1.13131e-09	-0.0672538
1.13136e-09	-0.0675634
1.1314e-09	-0.0678728
1.13145e-09	-0.0681821
1.1315e-09	-0.0684913
1.13154e-09	-0.0688003
1.13159e-09	-0.0691093
1.13164e-09	-0.0694181
1.13168e-09	-0.0697268
1.13173e-09	-0.0700354
1.13177e-09	-0.0703439
1.13182e-09	-0.0706523
1.13187e-09	-0.0709605
1.13191e-09	-0.0712686
1.13196e-09	-0.0715766
1.13201e-09	-0.0718845
1.13205e-09	-0.0721923
1.1321e-09	-0.0724999
1.13215e-09	-0.0728075
1.13219e-09	-0.0731149
1.13224e-09	-0.0734222
1.13229e-09	-0.0737293
1.13233e-09	-0.0740364
1.13238e-09	-0.0743433
1.13242e-09	-0.0746501
1.13247e-09	-0.0749568
1.13252e-09	-0.0752634
1.13256e-09	-0.0755699
1.13261e-09	-0.0758762
1.13266e-09	-0.0761824
1.1327e-09	-0.0764885
1.13275e-09	-0.0767945
1.1328e-09	-0.0771004
1.13284e-09	-0.0774061
1.13289e-09	-0.0777117
1.13293e-09	-0.0780172
1.13298e-09	-0.0783226
1.13303e-09	-0.0786279
1.13307e-09	-0.078933
1.13312e-09	-0.079238
1.13317e-09	-0.0795429
1.13321e-09	-0.0798477
1.13326e-09	-0.0801524
1.13331e-09	-0.0804569
1.13335e-09	-0.0807613
1.1334e-09	-0.0810656
1.13345e-09	-0.0813698
1.13349e-09	-0.0816739
1.13354e-09	-0.0819778
1.13358e-09	-0.0822816
1.13363e-09	-0.0825853
1.13368e-09	-0.0828889
1.13372e-09	-0.0831923
1.13377e-09	-0.0834957
1.13382e-09	-0.0837989
1.13386e-09	-0.084102
1.13391e-09	-0.0844049
1.13396e-09	-0.0847078
1.134e-09	-0.0850105
1.13405e-09	-0.0853131
1.1341e-09	-0.0856156
1.13414e-09	-0.085918
1.13419e-09	-0.0862202
1.13423e-09	-0.0865223
1.13428e-09	-0.0868243
1.13433e-09	-0.0871262
1.13437e-09	-0.0874279
1.13442e-09	-0.0877296
1.13447e-09	-0.0880311
1.13451e-09	-0.0883325
1.13456e-09	-0.0886337
1.13461e-09	-0.0889349
1.13465e-09	-0.0892359
1.1347e-09	-0.0895368
1.13475e-09	-0.0898375
1.13479e-09	-0.0901382
1.13484e-09	-0.0904387
1.13488e-09	-0.0907391
1.13493e-09	-0.0910394
1.13498e-09	-0.0913396
1.13502e-09	-0.0916396
1.13507e-09	-0.0919395
1.13512e-09	-0.0922393
1.13516e-09	-0.092539
1.13521e-09	-0.0928385
1.13526e-09	-0.0931379
1.1353e-09	-0.0934372
1.13535e-09	-0.0937364
1.1354e-09	-0.0940355
1.13544e-09	-0.0943344
1.13549e-09	-0.0946332
1.13553e-09	-0.0949319
1.13558e-09	-0.0952304
1.13563e-09	-0.0955289
1.13567e-09	-0.0958272
1.13572e-09	-0.0961254
1.13577e-09	-0.0964234
1.13581e-09	-0.0967214
1.13586e-09	-0.0970192
1.13591e-09	-0.0973169
1.13595e-09	-0.0976144
1.136e-09	-0.0979119
1.13604e-09	-0.0982092
1.13609e-09	-0.0985064
1.13614e-09	-0.0988035
1.13618e-09	-0.0991004
1.13623e-09	-0.0993972
1.13628e-09	-0.0996939
1.13632e-09	-0.0999905
1.13637e-09	-0.100287
1.13642e-09	-0.100583
1.13646e-09	-0.100879
1.13651e-09	-0.101176
1.13656e-09	-0.101471
1.1366e-09	-0.101767
1.13665e-09	-0.102063
1.13669e-09	-0.102359
1.13674e-09	-0.102654
1.13679e-09	-0.102949
1.13683e-09	-0.103245
1.13688e-09	-0.10354
1.13693e-09	-0.103835
1.13697e-09	-0.104129
1.13702e-09	-0.104424
1.13707e-09	-0.104719
1.13711e-09	-0.105013
1.13716e-09	-0.105307
1.13721e-09	-0.105602
1.13725e-09	-0.105896
1.1373e-09	-0.10619
1.13734e-09	-0.106483
1.13739e-09	-0.106777
1.13744e-09	-0.107071
1.13748e-09	-0.107364
1.13753e-09	-0.107657
1.13758e-09	-0.107951
1.13762e-09	-0.108244
1.13767e-09	-0.108537
1.13772e-09	-0.108829
1.13776e-09	-0.109122
1.13781e-09	-0.109415
1.13786e-09	-0.109707
1.1379e-09	-0.109999
1.13795e-09	-0.110291
1.13799e-09	-0.110583
1.13804e-09	-0.110875
1.13809e-09	-0.111167
1.13813e-09	-0.111459
1.13818e-09	-0.11175
1.13823e-09	-0.112042
1.13827e-09	-0.112333
1.13832e-09	-0.112624
1.13837e-09	-0.112915
1.13841e-09	-0.113206
1.13846e-09	-0.113497
1.13851e-09	-0.113788
1.13855e-09	-0.114078
1.1386e-09	-0.114368
1.13864e-09	-0.114659
1.13869e-09	-0.114949
1.13874e-09	-0.115239
1.13878e-09	-0.115529
1.13883e-09	-0.115818
1.13888e-09	-0.116108
1.13892e-09	-0.116398
1.13897e-09	-0.116687
1.13902e-09	-0.116976
1.13906e-09	-0.117265
1.13911e-09	-0.117554
1.13915e-09	-0.117843
1.1392e-09	-0.118132
1.13925e-09	-0.11842
1.13929e-09	-0.118709
1.13934e-09	-0.118997
1.13939e-09	-0.119285
1.13943e-09	-0.119574
1.13948e-09	-0.119861
1.13953e-09	-0.120149
1.13957e-09	-0.120437
1.13962e-09	-0.120725
1.13967e-09	-0.121012
1.13971e-09	-0.121299
1.13976e-09	-0.121586
1.1398e-09	-0.121874
1.13985e-09	-0.12216
1.1399e-09	-0.122447
1.13994e-09	-0.122734
1.13999e-09	-0.12302
1.14004e-09	-0.123307
1.14008e-09	-0.123593
1.14013e-09	-0.123879
1.14018e-09	-0.124165
1.14022e-09	-0.124451
1.14027e-09	-0.124737
1.14032e-09	-0.125023
1.14036e-09	-0.125308
1.14041e-09	-0.125593
1.14045e-09	-0.125879
1.1405e-09	-0.126164
1.14055e-09	-0.126449
1.14059e-09	-0.126734
1.14064e-09	-0.127018
1.14069e-09	-0.127303
1.14073e-09	-0.127587
1.14078e-09	-0.127872
1.14083e-09	-0.128156
1.14087e-09	-0.12844
1.14092e-09	-0.128724
1.14097e-09	-0.129008
1.14101e-09	-0.129291
1.14106e-09	-0.129575
1.1411e-09	-0.129858
1.14115e-09	-0.130141
1.1412e-09	-0.130425
1.14124e-09	-0.130708
1.14129e-09	-0.130991
1.14134e-09	-0.131273
1.14138e-09	-0.131556
1.14143e-09	-0.131838
1.14148e-09	-0.132121
1.14152e-09	-0.132403
1.14157e-09	-0.132685
1.14162e-09	-0.132967
1.14166e-09	-0.133249
1.14171e-09	-0.133531
1.14175e-09	-0.133812
1.1418e-09	-0.134094
1.14185e-09	-0.134375
1.14189e-09	-0.134656
1.14194e-09	-0.134937
1.14199e-09	-0.135218
1.14203e-09	-0.135499
1.14208e-09	-0.135779
1.14213e-09	-0.13606
1.14217e-09	-0.13634
1.14222e-09	-0.136621
1.14226e-09	-0.136901
1.14231e-09	-0.137181
1.14236e-09	-0.137461
1.1424e-09	-0.13774
1.14245e-09	-0.13802
1.1425e-09	-0.138299
1.14254e-09	-0.138579
1.14259e-09	-0.138858
1.14264e-09	-0.139137
1.14268e-09	-0.139416
1.14273e-09	-0.139695
1.14278e-09	-0.139973
1.14282e-09	-0.140252
1.14287e-09	-0.14053
1.14291e-09	-0.140809
1.14296e-09	-0.141087
1.14301e-09	-0.141365
1.14305e-09	-0.141643
1.1431e-09	-0.14192
1.14315e-09	-0.142198
1.14319e-09	-0.142475
1.14324e-09	-0.142753
1.14329e-09	-0.14303
1.14333e-09	-0.143307
1.14338e-09	-0.143584
1.14343e-09	-0.143861
1.14347e-09	-0.144137
1.14352e-09	-0.144414
1.14356e-09	-0.14469
1.14361e-09	-0.144966
1.14366e-09	-0.145243
1.1437e-09	-0.145519
1.14375e-09	-0.145794
1.1438e-09	-0.14607
1.14384e-09	-0.146346
1.14389e-09	-0.146621
1.14394e-09	-0.146897
1.14398e-09	-0.147172
1.14403e-09	-0.147447
1.14408e-09	-0.147722
1.14412e-09	-0.147997
1.14417e-09	-0.148271
1.14421e-09	-0.148546
1.14426e-09	-0.14882
1.14431e-09	-0.149094
1.14435e-09	-0.149369
1.1444e-09	-0.149642
1.14445e-09	-0.149916
1.14449e-09	-0.15019
1.14454e-09	-0.150464
1.14459e-09	-0.150737
1.14463e-09	-0.15101
1.14468e-09	-0.151284
1.14473e-09	-0.151557
1.14477e-09	-0.15183
1.14482e-09	-0.152102
1.14486e-09	-0.152375
1.14491e-09	-0.152647
1.14496e-09	-0.15292
1.145e-09	-0.153192
1.14505e-09	-0.153464
1.1451e-09	-0.153736
1.14514e-09	-0.154008
1.14519e-09	-0.15428
1.14524e-09	-0.154551
1.14528e-09	-0.154823
1.14533e-09	-0.155094
1.14537e-09	-0.155365
1.14542e-09	-0.155636
1.14547e-09	-0.155907
1.14551e-09	-0.156178
1.14556e-09	-0.156448
1.14561e-09	-0.156719
1.14565e-09	-0.156989
1.1457e-09	-0.157259
1.14575e-09	-0.157529
1.14579e-09	-0.157799
1.14584e-09	-0.158069
1.14589e-09	-0.158339
1.14593e-09	-0.158608
1.14598e-09	-0.158878
1.14602e-09	-0.159147
1.14607e-09	-0.159416
1.14612e-09	-0.159685
1.14616e-09	-0.159954
1.14621e-09	-0.160222
1.14626e-09	-0.160491
1.1463e-09	-0.160759
1.14635e-09	-0.161028
1.1464e-09	-0.161296
1.14644e-09	-0.161564
1.14649e-09	-0.161832
1.14654e-09	-0.162099
1.14658e-09	-0.162367
1.14663e-09	-0.162635
1.14667e-09	-0.162902
1.14672e-09	-0.163169
1.14677e-09	-0.163436
1.14681e-09	-0.163703
1.14686e-09	-0.16397
1.14691e-09	-0.164236
1.14695e-09	-0.164503
1.147e-09	-0.164769
1.14705e-09	-0.165036
1.14709e-09	-0.165302
1.14714e-09	-0.165568
1.14719e-09	-0.165833
1.14723e-09	-0.166099
1.14728e-09	-0.166365
1.14732e-09	-0.16663
1.14737e-09	-0.166895
1.14742e-09	-0.16716
1.14746e-09	-0.167425
1.14751e-09	-0.16769
1.14756e-09	-0.167955
1.1476e-09	-0.16822
1.14765e-09	-0.168484
1.1477e-09	-0.168748
1.14774e-09	-0.169013
1.14779e-09	-0.169277
1.14784e-09	-0.16954
1.14788e-09	-0.169804
1.14793e-09	-0.170068
1.14797e-09	-0.170331
1.14802e-09	-0.170595
1.14807e-09	-0.170858
1.14811e-09	-0.171121
1.14816e-09	-0.171384
1.14821e-09	-0.171647
1.14825e-09	-0.171909
1.1483e-09	-0.172172
1.14835e-09	-0.172434
1.14839e-09	-0.172696
1.14844e-09	-0.172958
1.14848e-09	-0.17322
1.14853e-09	-0.173482
1.14858e-09	-0.173744
1.14862e-09	-0.174005
1.14867e-09	-0.174267
1.14872e-09	-0.174528
1.14876e-09	-0.174789
1.14881e-09	-0.17505
1.14886e-09	-0.175311
1.1489e-09	-0.175572
1.14895e-09	-0.175832
1.149e-09	-0.176093
1.14904e-09	-0.176353
1.14909e-09	-0.176613
1.14913e-09	-0.176873
1.14918e-09	-0.177133
1.14923e-09	-0.177393
1.14927e-09	-0.177652
1.14932e-09	-0.177912
1.14937e-09	-0.178171
1.14941e-09	-0.17843
1.14946e-09	-0.178689
1.14951e-09	-0.178948
1.14955e-09	-0.179207
1.1496e-09	-0.179465
1.14965e-09	-0.179724
1.14969e-09	-0.179982
1.14974e-09	-0.18024
1.14978e-09	-0.180498
1.14983e-09	-0.180756
1.14988e-09	-0.181014
1.14992e-09	-0.181272
1.14997e-09	-0.181529
1.15002e-09	-0.181787
1.15006e-09	-0.182044
1.15011e-09	-0.182301
1.15016e-09	-0.182558
1.1502e-09	-0.182815
1.15025e-09	-0.183071
1.1503e-09	-0.183328
1.15034e-09	-0.183584
1.15039e-09	-0.18384
1.15043e-09	-0.184096
1.15048e-09	-0.184352
1.15053e-09	-0.184608
1.15057e-09	-0.184864
1.15062e-09	-0.185119
1.15067e-09	-0.185375
1.15071e-09	-0.18563
1.15076e-09	-0.185885
1.15081e-09	-0.18614
1.15085e-09	-0.186395
1.1509e-09	-0.186649
1.15094e-09	-0.186904
1.15099e-09	-0.187158
1.15104e-09	-0.187413
1.15108e-09	-0.187667
1.15113e-09	-0.187921
1.15118e-09	-0.188174
1.15122e-09	-0.188428
1.15127e-09	-0.188682
1.15132e-09	-0.188935
1.15136e-09	-0.189188
1.15141e-09	-0.189441
1.15146e-09	-0.189694
1.1515e-09	-0.189947
1.15155e-09	-0.1902
1.15159e-09	-0.190452
1.15164e-09	-0.190705
1.15169e-09	-0.190957
1.15173e-09	-0.191209
1.15178e-09	-0.191461
1.15183e-09	-0.191713
1.15187e-09	-0.191965
1.15192e-09	-0.192216
1.15197e-09	-0.192468
1.15201e-09	-0.192719
1.15206e-09	-0.19297
1.15211e-09	-0.193221
1.15215e-09	-0.193472
1.1522e-09	-0.193723
1.15224e-09	-0.193973
1.15229e-09	-0.194224
1.15234e-09	-0.194474
1.15238e-09	-0.194724
1.15243e-09	-0.194974
1.15248e-09	-0.195224
1.15252e-09	-0.195474
1.15257e-09	-0.195723
1.15262e-09	-0.195973
1.15266e-09	-0.196222
1.15271e-09	-0.196471
1.15276e-09	-0.19672
1.1528e-09	-0.196969
1.15285e-09	-0.197218
1.15289e-09	-0.197466
1.15294e-09	-0.197715
1.15299e-09	-0.197963
1.15303e-09	-0.198211
1.15308e-09	-0.198459
1.15313e-09	-0.198707
1.15317e-09	-0.198955
1.15322e-09	-0.199202
1.15327e-09	-0.19945
1.15331e-09	-0.199697
1.15336e-09	-0.199944
1.15341e-09	-0.200191
1.15345e-09	-0.200438
1.1535e-09	-0.200685
1.15354e-09	-0.200931
1.15359e-09	-0.201178
1.15364e-09	-0.201424
1.15368e-09	-0.20167
1.15373e-09	-0.201916
1.15378e-09	-0.202162
1.15382e-09	-0.202408
1.15387e-09	-0.202653
1.15392e-09	-0.202898
1.15396e-09	-0.203144
1.15401e-09	-0.203389
1.15405e-09	-0.203634
1.1541e-09	-0.203879
1.15415e-09	-0.204123
1.15419e-09	-0.204368
1.15424e-09	-0.204612
1.15429e-09	-0.204857
1.15433e-09	-0.205101
1.15438e-09	-0.205345
1.15443e-09	-0.205589
1.15447e-09	-0.205832
1.15452e-09	-0.206076
1.15457e-09	-0.206319
1.15461e-09	-0.206562
1.15466e-09	-0.206806
1.1547e-09	-0.207049
1.15475e-09	-0.207291
1.1548e-09	-0.207534
1.15484e-09	-0.207777
1.15489e-09	-0.208019
1.15494e-09	-0.208261
1.15498e-09	-0.208503
1.15503e-09	-0.208745
1.15508e-09	-0.208987
1.15512e-09	-0.209229
1.15517e-09	-0.20947
1.15522e-09	-0.209712
1.15526e-09	-0.209953
1.15531e-09	-0.210194
1.15535e-09	-0.210435
1.1554e-09	-0.210676
1.15545e-09	-0.210916
1.15549e-09	-0.211157
1.15554e-09	-0.211397
1.15559e-09	-0.211637
1.15563e-09	-0.211878
1.15568e-09	-0.212118
1.15573e-09	-0.212357
1.15577e-09	-0.212597
1.15582e-09	-0.212836
1.15587e-09	-0.213076
1.15591e-09	-0.213315
1.15596e-09	-0.213554
1.156e-09	-0.213793
1.15605e-09	-0.214032
1.1561e-09	-0.21427
1.15614e-09	-0.214509
1.15619e-09	-0.214747
1.15624e-09	-0.214985
1.15628e-09	-0.215223
1.15633e-09	-0.215461
1.15638e-09	-0.215699
1.15642e-09	-0.215937
1.15647e-09	-0.216174
1.15652e-09	-0.216411
1.15656e-09	-0.216649
1.15661e-09	-0.216886
1.15665e-09	-0.217123
1.1567e-09	-0.217359
1.15675e-09	-0.217596
1.15679e-09	-0.217832
1.15684e-09	-0.218069
1.15689e-09	-0.218305
1.15693e-09	-0.218541
1.15698e-09	-0.218777
1.15703e-09	-0.219012
1.15707e-09	-0.219248
1.15712e-09	-0.219483
1.15716e-09	-0.219719
1.15721e-09	-0.219954
1.15726e-09	-0.220189
1.1573e-09	-0.220423
1.15735e-09	-0.220658
1.1574e-09	-0.220893
1.15744e-09	-0.221127
1.15749e-09	-0.221361
1.15754e-09	-0.221595
1.15758e-09	-0.221829
1.15763e-09	-0.222063
1.15768e-09	-0.222297
1.15772e-09	-0.22253
1.15777e-09	-0.222764
1.15781e-09	-0.222997
1.15786e-09	-0.22323
1.15791e-09	-0.223463
1.15795e-09	-0.223696
1.158e-09	-0.223928
1.15805e-09	-0.224161
1.15809e-09	-0.224393
1.15814e-09	-0.224625
1.15819e-09	-0.224858
1.15823e-09	-0.225089
1.15828e-09	-0.225321
1.15833e-09	-0.225553
1.15837e-09	-0.225784
1.15842e-09	-0.226016
1.15846e-09	-0.226247
1.15851e-09	-0.226478
1.15856e-09	-0.226709
1.1586e-09	-0.226939
1.15865e-09	-0.22717
1.1587e-09	-0.2274
1.15874e-09	-0.227631
1.15879e-09	-0.227861
1.15884e-09	-0.228091
1.15888e-09	-0.228321
1.15893e-09	-0.22855
1.15898e-09	-0.22878
1.15902e-09	-0.229009
1.15907e-09	-0.229239
1.15911e-09	-0.229468
1.15916e-09	-0.229697
1.15921e-09	-0.229925
1.15925e-09	-0.230154
1.1593e-09	-0.230383
1.15935e-09	-0.230611
1.15939e-09	-0.230839
1.15944e-09	-0.231067
1.15949e-09	-0.231295
1.15953e-09	-0.231523
1.15958e-09	-0.231751
1.15963e-09	-0.231978
1.15967e-09	-0.232206
1.15972e-09	-0.232433
1.15976e-09	-0.23266
1.15981e-09	-0.232887
1.15986e-09	-0.233113
1.1599e-09	-0.23334
1.15995e-09	-0.233566
1.16e-09	-0.233793
1.16004e-09	-0.234019
1.16009e-09	-0.234245
1.16014e-09	-0.234471
1.16018e-09	-0.234696
1.16023e-09	-0.234922
1.16027e-09	-0.235147
1.16032e-09	-0.235373
1.16037e-09	-0.235598
1.16041e-09	-0.235823
1.16046e-09	-0.236048
1.16051e-09	-0.236272
1.16055e-09	-0.236497
1.1606e-09	-0.236721
1.16065e-09	-0.236945
1.16069e-09	-0.23717
1.16074e-09	-0.237393
1.16079e-09	-0.237617
1.16083e-09	-0.237841
1.16088e-09	-0.238064
1.16092e-09	-0.238288
1.16097e-09	-0.238511
1.16102e-09	-0.238734
1.16106e-09	-0.238957
1.16111e-09	-0.23918
1.16116e-09	-0.239402
1.1612e-09	-0.239625
1.16125e-09	-0.239847
1.1613e-09	-0.240069
1.16134e-09	-0.240291
1.16139e-09	-0.240513
1.16144e-09	-0.240735
1.16148e-09	-0.240956
1.16153e-09	-0.241178
1.16157e-09	-0.241399
1.16162e-09	-0.24162
1.16167e-09	-0.241841
1.16171e-09	-0.242062
1.16176e-09	-0.242282
1.16181e-09	-0.242503
1.16185e-09	-0.242723
1.1619e-09	-0.242944
1.16195e-09	-0.243164
1.16199e-09	-0.243383
1.16204e-09	-0.243603
1.16209e-09	-0.243823
1.16213e-09	-0.244042
1.16218e-09	-0.244262
1.16222e-09	-0.244481
1.16227e-09	-0.2447
1.16232e-09	-0.244919
1.16236e-09	-0.245137
1.16241e-09	-0.245356
1.16246e-09	-0.245574
1.1625e-09	-0.245793
1.16255e-09	-0.246011
1.1626e-09	-0.246229
1.16264e-09	-0.246447
1.16269e-09	-0.246664
1.16274e-09	-0.246882
1.16278e-09	-0.247099
1.16283e-09	-0.247316
1.16287e-09	-0.247534
1.16292e-09	-0.247751
1.16297e-09	-0.247967
1.16301e-09	-0.248184
1.16306e-09	-0.2484
1.16311e-09	-0.248617
1.16315e-09	-0.248833
1.1632e-09	-0.249049
1.16325e-09	-0.249265
1.16329e-09	-0.249481
1.16334e-09	-0.249696
1.16338e-09	-0.249912
1.16343e-09	-0.250127
1.16348e-09	-0.250342
1.16352e-09	-0.250557
1.16357e-09	-0.250772
1.16362e-09	-0.250986
1.16366e-09	-0.251201
1.16371e-09	-0.251415
1.16376e-09	-0.25163
1.1638e-09	-0.251844
1.16385e-09	-0.252058
1.1639e-09	-0.252271
1.16394e-09	-0.252485
1.16399e-09	-0.252699
1.16403e-09	-0.252912
1.16408e-09	-0.253125
1.16413e-09	-0.253338
1.16417e-09	-0.253551
1.16422e-09	-0.253764
1.16427e-09	-0.253976
1.16431e-09	-0.254189
1.16436e-09	-0.254401
1.16441e-09	-0.254613
1.16445e-09	-0.254825
1.1645e-09	-0.255037
1.16455e-09	-0.255249
1.16459e-09	-0.25546
1.16464e-09	-0.255672
1.16468e-09	-0.255883
1.16473e-09	-0.256094
1.16478e-09	-0.256305
1.16482e-09	-0.256516
1.16487e-09	-0.256726
1.16492e-09	-0.256937
1.16496e-09	-0.257147
1.16501e-09	-0.257357
1.16506e-09	-0.257567
1.1651e-09	-0.257777
1.16515e-09	-0.257987
1.1652e-09	-0.258196
1.16524e-09	-0.258406
1.16529e-09	-0.258615
1.16533e-09	-0.258824
1.16538e-09	-0.259033
1.16543e-09	-0.259242
1.16547e-09	-0.259451
1.16552e-09	-0.259659
1.16557e-09	-0.259868
1.16561e-09	-0.260076
1.16566e-09	-0.260284
1.16571e-09	-0.260492
1.16575e-09	-0.2607
1.1658e-09	-0.260907
1.16584e-09	-0.261115
1.16589e-09	-0.261322
1.16594e-09	-0.261529
1.16598e-09	-0.261736
1.16603e-09	-0.261943
1.16608e-09	-0.26215
1.16612e-09	-0.262356
1.16617e-09	-0.262563
1.16622e-09	-0.262769
1.16626e-09	-0.262975
1.16631e-09	-0.263181
1.16636e-09	-0.263387
1.1664e-09	-0.263592
1.16645e-09	-0.263798
1.16649e-09	-0.264003
1.16654e-09	-0.264208
1.16659e-09	-0.264413
1.16663e-09	-0.264618
1.16668e-09	-0.264823
1.16673e-09	-0.265028
1.16677e-09	-0.265232
1.16682e-09	-0.265436
1.16687e-09	-0.26564
1.16691e-09	-0.265844
1.16696e-09	-0.266048
1.16701e-09	-0.266252
1.16705e-09	-0.266456
1.1671e-09	-0.266659
1.16714e-09	-0.266862
1.16719e-09	-0.267065
1.16724e-09	-0.267268
1.16728e-09	-0.267471
1.16733e-09	-0.267674
1.16738e-09	-0.267876
1.16742e-09	-0.268078
1.16747e-09	-0.26828
1.16752e-09	-0.268482
1.16756e-09	-0.268684
1.16761e-09	-0.268886
1.16766e-09	-0.269088
1.1677e-09	-0.269289
1.16775e-09	-0.26949
1.16779e-09	-0.269691
1.16784e-09	-0.269892
1.16789e-09	-0.270093
1.16793e-09	-0.270294
1.16798e-09	-0.270494
1.16803e-09	-0.270695
1.16807e-09	-0.270895
1.16812e-09	-0.271095
1.16817e-09	-0.271295
1.16821e-09	-0.271494
1.16826e-09	-0.271694
1.16831e-09	-0.271894
1.16835e-09	-0.272093
1.1684e-09	-0.272292
1.16844e-09	-0.272491
1.16849e-09	-0.27269
1.16854e-09	-0.272888
1.16858e-09	-0.273087
1.16863e-09	-0.273285
1.16868e-09	-0.273484
1.16872e-09	-0.273682
1.16877e-09	-0.273879
1.16882e-09	-0.274077
1.16886e-09	-0.274275
1.16891e-09	-0.274472
1.16895e-09	-0.27467
1.169e-09	-0.274867
1.16905e-09	-0.275064
1.16909e-09	-0.275261
1.16914e-09	-0.275457
1.16919e-09	-0.275654
1.16923e-09	-0.27585
1.16928e-09	-0.276046
1.16933e-09	-0.276243
1.16937e-09	-0.276439
1.16942e-09	-0.276634
1.16947e-09	-0.27683
1.16951e-09	-0.277025
1.16956e-09	-0.277221
1.1696e-09	-0.277416
1.16965e-09	-0.277611
1.1697e-09	-0.277806
1.16974e-09	-0.278001
1.16979e-09	-0.278195
1.16984e-09	-0.278389
1.16988e-09	-0.278584
1.16993e-09	-0.278778
1.16998e-09	-0.278972
1.17002e-09	-0.279166
1.17007e-09	-0.279359
1.17012e-09	-0.279553
1.17016e-09	-0.279746
1.17021e-09	-0.279939
1.17025e-09	-0.280132
1.1703e-09	-0.280325
1.17035e-09	-0.280518
1.17039e-09	-0.280711
1.17044e-09	-0.280903
1.17049e-09	-0.281095
1.17053e-09	-0.281287
1.17058e-09	-0.281479
1.17063e-09	-0.281671
1.17067e-09	-0.281863
1.17072e-09	-0.282054
1.17077e-09	-0.282246
1.17081e-09	-0.282437
1.17086e-09	-0.282628
1.1709e-09	-0.282819
1.17095e-09	-0.28301
1.171e-09	-0.2832
1.17104e-09	-0.283391
1.17109e-09	-0.283581
1.17114e-09	-0.283771
1.17118e-09	-0.283961
1.17123e-09	-0.284151
1.17128e-09	-0.284341
1.17132e-09	-0.28453
1.17137e-09	-0.284719
1.17142e-09	-0.284909
1.17146e-09	-0.285098
1.17151e-09	-0.285287
1.17155e-09	-0.285475
1.1716e-09	-0.285664
1.17165e-09	-0.285852
1.17169e-09	-0.286041
1.17174e-09	-0.286229
1.17179e-09	-0.286417
1.17183e-09	-0.286605
1.17188e-09	-0.286792
1.17193e-09	-0.28698
1.17197e-09	-0.287167
1.17202e-09	-0.287355
1.17206e-09	-0.287542
1.17211e-09	-0.287729
1.17216e-09	-0.287915
1.1722e-09	-0.288102
1.17225e-09	-0.288288
1.1723e-09	-0.288475
1.17234e-09	-0.288661
1.17239e-09	-0.288847
1.17244e-09	-0.289033
1.17248e-09	-0.289219
1.17253e-09	-0.289404
1.17258e-09	-0.289589
1.17262e-09	-0.289775
1.17267e-09	-0.28996
1.17271e-09	-0.290145
1.17276e-09	-0.29033
1.17281e-09	-0.290514
1.17285e-09	-0.290699
1.1729e-09	-0.290883
1.17295e-09	-0.291067
1.17299e-09	-0.291251
1.17304e-09	-0.291435
1.17309e-09	-0.291619
1.17313e-09	-0.291802
1.17318e-09	-0.291986
1.17323e-09	-0.292169
1.17327e-09	-0.292352
1.17332e-09	-0.292535
1.17336e-09	-0.292718
1.17341e-09	-0.2929
1.17346e-09	-0.293083
1.1735e-09	-0.293265
1.17355e-09	-0.293447
1.1736e-09	-0.293629
1.17364e-09	-0.293811
1.17369e-09	-0.293993
1.17374e-09	-0.294175
1.17378e-09	-0.294356
1.17383e-09	-0.294537
1.17388e-09	-0.294718
1.17392e-09	-0.294899
1.17397e-09	-0.29508
1.17401e-09	-0.295261
1.17406e-09	-0.295441
1.17411e-09	-0.295622
1.17415e-09	-0.295802
1.1742e-09	-0.295982
1.17425e-09	-0.296162
1.17429e-09	-0.296341
1.17434e-09	-0.296521
1.17439e-09	-0.2967
1.17443e-09	-0.29688
1.17448e-09	-0.297059
1.17453e-09	-0.297238
1.17457e-09	-0.297416
1.17462e-09	-0.297595
1.17466e-09	-0.297774
1.17471e-09	-0.297952
1.17476e-09	-0.29813
1.1748e-09	-0.298308
1.17485e-09	-0.298486
1.1749e-09	-0.298664
1.17494e-09	-0.298841
1.17499e-09	-0.299019
1.17504e-09	-0.299196
1.17508e-09	-0.299373
1.17513e-09	-0.29955
1.17517e-09	-0.299727
1.17522e-09	-0.299903
1.17527e-09	-0.30008
1.17531e-09	-0.300256
1.17536e-09	-0.300433
1.17541e-09	-0.300609
1.17545e-09	-0.300784
1.1755e-09	-0.30096
1.17555e-09	-0.301136
1.17559e-09	-0.301311
1.17564e-09	-0.301486
1.17569e-09	-0.301662
1.17573e-09	-0.301836
1.17578e-09	-0.302011
1.17582e-09	-0.302186
1.17587e-09	-0.30236
1.17592e-09	-0.302535
1.17596e-09	-0.302709
1.17601e-09	-0.302883
1.17606e-09	-0.303057
1.1761e-09	-0.303231
1.17615e-09	-0.303404
1.1762e-09	-0.303578
1.17624e-09	-0.303751
1.17629e-09	-0.303924
1.17634e-09	-0.304097
1.17638e-09	-0.30427
1.17643e-09	-0.304442
1.17647e-09	-0.304615
1.17652e-09	-0.304787
1.17657e-09	-0.304959
1.17661e-09	-0.305132
1.17666e-09	-0.305303
1.17671e-09	-0.305475
1.17675e-09	-0.305647
1.1768e-09	-0.305818
1.17685e-09	-0.305989
1.17689e-09	-0.306161
1.17694e-09	-0.306331
1.17699e-09	-0.306502
1.17703e-09	-0.306673
1.17708e-09	-0.306843
1.17712e-09	-0.307014
1.17717e-09	-0.307184
1.17722e-09	-0.307354
1.17726e-09	-0.307524
1.17731e-09	-0.307694
1.17736e-09	-0.307863
1.1774e-09	-0.308033
1.17745e-09	-0.308202
1.1775e-09	-0.308371
1.17754e-09	-0.30854
1.17759e-09	-0.308709
1.17764e-09	-0.308877
1.17768e-09	-0.309046
1.17773e-09	-0.309214
1.17777e-09	-0.309382
1.17782e-09	-0.30955
1.17787e-09	-0.309718
1.17791e-09	-0.309886
1.17796e-09	-0.310054
1.17801e-09	-0.310221
1.17805e-09	-0.310388
1.1781e-09	-0.310555
1.17815e-09	-0.310722
1.17819e-09	-0.310889
1.17824e-09	-0.311056
1.17828e-09	-0.311222
1.17833e-09	-0.311389
1.17838e-09	-0.311555
1.17842e-09	-0.311721
1.17847e-09	-0.311887
1.17852e-09	-0.312053
1.17856e-09	-0.312218
1.17861e-09	-0.312384
1.17866e-09	-0.312549
1.1787e-09	-0.312714
1.17875e-09	-0.312879
1.1788e-09	-0.313044
1.17884e-09	-0.313208
1.17889e-09	-0.313373
1.17893e-09	-0.313537
1.17898e-09	-0.313701
1.17903e-09	-0.313865
1.17907e-09	-0.314029
1.17912e-09	-0.314193
1.17917e-09	-0.314357
1.17921e-09	-0.31452
1.17926e-09	-0.314683
1.17931e-09	-0.314846
1.17935e-09	-0.315009
1.1794e-09	-0.315172
1.17945e-09	-0.315335
1.17949e-09	-0.315497
1.17954e-09	-0.31566
1.17958e-09	-0.315822
1.17963e-09	-0.315984
1.17968e-09	-0.316146
1.17972e-09	-0.316307
1.17977e-09	-0.316469
1.17982e-09	-0.31663
1.17986e-09	-0.316792
1.17991e-09	-0.316953
1.17996e-09	-0.317114
1.18e-09	-0.317275
1.18005e-09	-0.317435
1.1801e-09	-0.317596
1.18014e-09	-0.317756
1.18019e-09	-0.317916
1.18023e-09	-0.318076
1.18028e-09	-0.318236
1.18033e-09	-0.318396
1.18037e-09	-0.318555
1.18042e-09	-0.318715
1.18047e-09	-0.318874
1.18051e-09	-0.319033
1.18056e-09	-0.319192
1.18061e-09	-0.319351
1.18065e-09	-0.31951
1.1807e-09	-0.319668
1.18075e-09	-0.319826
1.18079e-09	-0.319985
1.18084e-09	-0.320143
1.18088e-09	-0.320301
1.18093e-09	-0.320458
1.18098e-09	-0.320616
1.18102e-09	-0.320773
1.18107e-09	-0.32093
1.18112e-09	-0.321088
1.18116e-09	-0.321245
1.18121e-09	-0.321401
1.18126e-09	-0.321558
1.1813e-09	-0.321714
1.18135e-09	-0.321871
1.18139e-09	-0.322027
1.18144e-09	-0.322183
1.18149e-09	-0.322339
1.18153e-09	-0.322495
1.18158e-09	-0.32265
1.18163e-09	-0.322806
1.18167e-09	-0.322961
1.18172e-09	-0.323116
1.18177e-09	-0.323271
1.18181e-09	-0.323426
1.18186e-09	-0.32358
1.18191e-09	-0.323735
1.18195e-09	-0.323889
1.182e-09	-0.324043
1.18204e-09	-0.324197
1.18209e-09	-0.324351
1.18214e-09	-0.324505
1.18218e-09	-0.324659
1.18223e-09	-0.324812
1.18228e-09	-0.324965
1.18232e-09	-0.325118
1.18237e-09	-0.325271
1.18242e-09	-0.325424
1.18246e-09	-0.325577
1.18251e-09	-0.325729
1.18256e-09	-0.325881
1.1826e-09	-0.326034
1.18265e-09	-0.326186
1.18269e-09	-0.326338
1.18274e-09	-0.326489
1.18279e-09	-0.326641
1.18283e-09	-0.326792
1.18288e-09	-0.326943
1.18293e-09	-0.327095
1.18297e-09	-0.327246
1.18302e-09	-0.327396
1.18307e-09	-0.327547
1.18311e-09	-0.327697
1.18316e-09	-0.327848
1.18321e-09	-0.327998
1.18325e-09	-0.328148
1.1833e-09	-0.328298
1.18334e-09	-0.328448
1.18339e-09	-0.328597
1.18344e-09	-0.328747
1.18348e-09	-0.328896
1.18353e-09	-0.329045
1.18358e-09	-0.329194
1.18362e-09	-0.329343
1.18367e-09	-0.329491
1.18372e-09	-0.32964
1.18376e-09	-0.329788
1.18381e-09	-0.329936
1.18385e-09	-0.330084
1.1839e-09	-0.330232
1.18395e-09	-0.33038
1.18399e-09	-0.330527
1.18404e-09	-0.330675
1.18409e-09	-0.330822
1.18413e-09	-0.330969
1.18418e-09	-0.331116
1.18423e-09	-0.331263
1.18427e-09	-0.33141
1.18432e-09	-0.331556
1.18437e-09	-0.331702
1.18441e-09	-0.331849
1.18446e-09	-0.331995
1.1845e-09	-0.33214
1.18455e-09	-0.332286
1.1846e-09	-0.332432
1.18464e-09	-0.332577
1.18469e-09	-0.332722
1.18474e-09	-0.332868
1.18478e-09	-0.333012
1.18483e-09	-0.333157
1.18488e-09	-0.333302
1.18492e-09	-0.333446
1.18497e-09	-0.333591
1.18502e-09	-0.333735
1.18506e-09	-0.333879
1.18511e-09	-0.334023
1.18515e-09	-0.334167
1.1852e-09	-0.33431
1.18525e-09	-0.334454
1.18529e-09	-0.334597
1.18534e-09	-0.33474
1.18539e-09	-0.334883
1.18543e-09	-0.335026
1.18548e-09	-0.335168
1.18553e-09	-0.335311
1.18557e-09	-0.335453
1.18562e-09	-0.335595
1.18567e-09	-0.335737
1.18571e-09	-0.335879
1.18576e-09	-0.336021
1.1858e-09	-0.336163
1.18585e-09	-0.336304
1.1859e-09	-0.336445
1.18594e-09	-0.336586
1.18599e-09	-0.336727
1.18604e-09	-0.336868
1.18608e-09	-0.337009
1.18613e-09	-0.337149
1.18618e-09	-0.33729
1.18622e-09	-0.33743
1.18627e-09	-0.33757
1.18632e-09	-0.33771
1.18636e-09	-0.337849
1.18641e-09	-0.337989
1.18645e-09	-0.338128
1.1865e-09	-0.338268
1.18655e-09	-0.338407
1.18659e-09	-0.338546
1.18664e-09	-0.338684
1.18669e-09	-0.338823
1.18673e-09	-0.338962
1.18678e-09	-0.3391
1.18683e-09	-0.339238
1.18687e-09	-0.339376
1.18692e-09	-0.339514
1.18696e-09	-0.339652
1.18701e-09	-0.339789
1.18706e-09	-0.339927
1.1871e-09	-0.340064
1.18715e-09	-0.340201
1.1872e-09	-0.340338
1.18724e-09	-0.340475
1.18729e-09	-0.340612
1.18734e-09	-0.340748
1.18738e-09	-0.340885
1.18743e-09	-0.341021
1.18748e-09	-0.341157
1.18752e-09	-0.341293
1.18757e-09	-0.341428
1.18761e-09	-0.341564
1.18766e-09	-0.341699
1.18771e-09	-0.341835
1.18775e-09	-0.34197
1.1878e-09	-0.342105
1.18785e-09	-0.34224
1.18789e-09	-0.342374
1.18794e-09	-0.342509
1.18799e-09	-0.342643
1.18803e-09	-0.342777
1.18808e-09	-0.342911
1.18813e-09	-0.343045
1.18817e-09	-0.343179
1.18822e-09	-0.343313
1.18826e-09	-0.343446
1.18831e-09	-0.343579
1.18836e-09	-0.343713
1.1884e-09	-0.343846
1.18845e-09	-0.343978
1.1885e-09	-0.344111
1.18854e-09	-0.344244
1.18859e-09	-0.344376
1.18864e-09	-0.344508
1.18868e-09	-0.34464
1.18873e-09	-0.344772
1.18878e-09	-0.344904
1.18882e-09	-0.345036
1.18887e-09	-0.345167
1.18891e-09	-0.345298
1.18896e-09	-0.345429
1.18901e-09	-0.34556
1.18905e-09	-0.345691
1.1891e-09	-0.345822
1.18915e-09	-0.345953
1.18919e-09	-0.346083
1.18924e-09	-0.346213
1.18929e-09	-0.346343
1.18933e-09	-0.346473
1.18938e-09	-0.346603
1.18943e-09	-0.346733
1.18947e-09	-0.346862
1.18952e-09	-0.346991
1.18956e-09	-0.34712
1.18961e-09	-0.34725
1.18966e-09	-0.347378
1.1897e-09	-0.347507
1.18975e-09	-0.347636
1.1898e-09	-0.347764
1.18984e-09	-0.347892
1.18989e-09	-0.34802
1.18994e-09	-0.348148
1.18998e-09	-0.348276
1.19003e-09	-0.348404
1.19007e-09	-0.348531
1.19012e-09	-0.348659
1.19017e-09	-0.348786
1.19021e-09	-0.348913
1.19026e-09	-0.34904
1.19031e-09	-0.349166
1.19035e-09	-0.349293
1.1904e-09	-0.349419
1.19045e-09	-0.349546
1.19049e-09	-0.349672
1.19054e-09	-0.349798
1.19059e-09	-0.349923
1.19063e-09	-0.350049
1.19068e-09	-0.350175
1.19072e-09	-0.3503
1.19077e-09	-0.350425
1.19082e-09	-0.35055
1.19086e-09	-0.350675
1.19091e-09	-0.3508
1.19096e-09	-0.350924
1.191e-09	-0.351049
1.19105e-09	-0.351173
1.1911e-09	-0.351297
1.19114e-09	-0.351421
1.19119e-09	-0.351545
1.19124e-09	-0.351669
1.19128e-09	-0.351792
1.19133e-09	-0.351916
1.19137e-09	-0.352039
1.19142e-09	-0.352162
1.19147e-09	-0.352285
1.19151e-09	-0.352408
1.19156e-09	-0.35253
1.19161e-09	-0.352653
1.19165e-09	-0.352775
1.1917e-09	-0.352897
1.19175e-09	-0.353019
1.19179e-09	-0.353141
1.19184e-09	-0.353263
1.19189e-09	-0.353384
1.19193e-09	-0.353506
1.19198e-09	-0.353627
1.19202e-09	-0.353748
1.19207e-09	-0.353869
1.19212e-09	-0.35399
1.19216e-09	-0.35411
1.19221e-09	-0.354231
1.19226e-09	-0.354351
1.1923e-09	-0.354471
1.19235e-09	-0.354591
1.1924e-09	-0.354711
1.19244e-09	-0.354831
1.19249e-09	-0.35495
1.19254e-09	-0.35507
1.19258e-09	-0.355189
1.19263e-09	-0.355308
1.19267e-09	-0.355427
1.19272e-09	-0.355546
1.19277e-09	-0.355665
1.19281e-09	-0.355783
1.19286e-09	-0.355901
1.19291e-09	-0.35602
1.19295e-09	-0.356138
1.193e-09	-0.356256
1.19305e-09	-0.356373
1.19309e-09	-0.356491
1.19314e-09	-0.356608
1.19318e-09	-0.356726
1.19323e-09	-0.356843
1.19328e-09	-0.35696
1.19332e-09	-0.357077
1.19337e-09	-0.357193
1.19342e-09	-0.35731
1.19346e-09	-0.357426
1.19351e-09	-0.357542
1.19356e-09	-0.357658
1.1936e-09	-0.357774
1.19365e-09	-0.35789
1.1937e-09	-0.358006
1.19374e-09	-0.358121
1.19379e-09	-0.358237
1.19383e-09	-0.358352
1.19388e-09	-0.358467
1.19393e-09	-0.358582
1.19397e-09	-0.358696
1.19402e-09	-0.358811
1.19407e-09	-0.358925
1.19411e-09	-0.35904
1.19416e-09	-0.359154
1.19421e-09	-0.359268
1.19425e-09	-0.359381
1.1943e-09	-0.359495
1.19435e-09	-0.359609
1.19439e-09	-0.359722
1.19444e-09	-0.359835
1.19448e-09	-0.359948
1.19453e-09	-0.360061
1.19458e-09	-0.360174
1.19462e-09	-0.360286
1.19467e-09	-0.360399
1.19472e-09	-0.360511
1.19476e-09	-0.360623
1.19481e-09	-0.360735
1.19486e-09	-0.360847
1.1949e-09	-0.360959
1.19495e-09	-0.36107
1.195e-09	-0.361182
1.19504e-09	-0.361293
1.19509e-09	-0.361404
1.19513e-09	-0.361515
1.19518e-09	-0.361626
1.19523e-09	-0.361736
1.19527e-09	-0.361847
1.19532e-09	-0.361957
1.19537e-09	-0.362067
1.19541e-09	-0.362177
1.19546e-09	-0.362287
1.19551e-09	-0.362397
1.19555e-09	-0.362507
1.1956e-09	-0.362616
1.19565e-09	-0.362725
1.19569e-09	-0.362835
1.19574e-09	-0.362944
1.19578e-09	-0.363052
1.19583e-09	-0.363161
1.19588e-09	-0.36327
1.19592e-09	-0.363378
1.19597e-09	-0.363486
1.19602e-09	-0.363594
1.19606e-09	-0.363702
1.19611e-09	-0.36381
1.19616e-09	-0.363917
1.1962e-09	-0.364025
1.19625e-09	-0.364132
1.19629e-09	-0.364239
1.19634e-09	-0.364347
1.19639e-09	-0.364453
1.19643e-09	-0.36456
1.19648e-09	-0.364667
1.19653e-09	-0.364773
1.19657e-09	-0.364879
1.19662e-09	-0.364985
1.19667e-09	-0.365091
1.19671e-09	-0.365197
1.19676e-09	-0.365303
1.19681e-09	-0.365408
1.19685e-09	-0.365514
1.1969e-09	-0.365619
1.19694e-09	-0.365724
1.19699e-09	-0.365829
1.19704e-09	-0.365934
1.19708e-09	-0.366038
1.19713e-09	-0.366143
1.19718e-09	-0.366247
1.19722e-09	-0.366351
1.19727e-09	-0.366455
1.19732e-09	-0.366559
1.19736e-09	-0.366663
1.19741e-09	-0.366766
1.19746e-09	-0.36687
1.1975e-09	-0.366973
1.19755e-09	-0.367076
1.19759e-09	-0.367179
1.19764e-09	-0.367282
1.19769e-09	-0.367385
1.19773e-09	-0.367487
1.19778e-09	-0.36759
1.19783e-09	-0.367692
1.19787e-09	-0.367794
1.19792e-09	-0.367896
1.19797e-09	-0.367998
1.19801e-09	-0.368099
1.19806e-09	-0.368201
1.19811e-09	-0.368302
1.19815e-09	-0.368403
1.1982e-09	-0.368504
1.19824e-09	-0.368605
1.19829e-09	-0.368706
1.19834e-09	-0.368806
1.19838e-09	-0.368907
1.19843e-09	-0.369007
1.19848e-09	-0.369107
1.19852e-09	-0.369207
1.19857e-09	-0.369307
1.19862e-09	-0.369407
1.19866e-09	-0.369506
1.19871e-09	-0.369606
1.19876e-09	-0.369705
1.1988e-09	-0.369804
1.19885e-09	-0.369903
1.19889e-09	-0.370002
1.19894e-09	-0.3701
1.19899e-09	-0.370199
1.19903e-09	-0.370297
1.19908e-09	-0.370395
1.19913e-09	-0.370493
1.19917e-09	-0.370591
1.19922e-09	-0.370689
1.19927e-09	-0.370787
1.19931e-09	-0.370884
1.19936e-09	-0.370981
1.1994e-09	-0.371078
1.19945e-09	-0.371175
1.1995e-09	-0.371272
1.19954e-09	-0.371369
1.19959e-09	-0.371465
1.19964e-09	-0.371562
1.19968e-09	-0.371658
1.19973e-09	-0.371754
1.19978e-09	-0.37185
1.19982e-09	-0.371946
1.19987e-09	-0.372042
1.19992e-09	-0.372137
1.19996e-09	-0.372232
1.20001e-09	-0.372328
1.20005e-09	-0.372423
1.2001e-09	-0.372518
1.20015e-09	-0.372612
1.20019e-09	-0.372707
1.20024e-09	-0.372801
1.20029e-09	-0.372896
1.20033e-09	-0.37299
1.20038e-09	-0.373084
1.20043e-09	-0.373178
1.20047e-09	-0.373272
1.20052e-09	-0.373365
1.20057e-09	-0.373459
1.20061e-09	-0.373552
1.20066e-09	-0.373645
1.2007e-09	-0.373738
1.20075e-09	-0.373831
1.2008e-09	-0.373924
1.20084e-09	-0.374016
1.20089e-09	-0.374108
1.20094e-09	-0.374201
1.20098e-09	-0.374293
1.20103e-09	-0.374385
1.20108e-09	-0.374477
1.20112e-09	-0.374568
1.20117e-09	-0.37466
1.20122e-09	-0.374751
1.20126e-09	-0.374842
1.20131e-09	-0.374933
1.20135e-09	-0.375024
1.2014e-09	-0.375115
1.20145e-09	-0.375206
1.20149e-09	-0.375296
1.20154e-09	-0.375386
1.20159e-09	-0.375477
1.20163e-09	-0.375567
1.20168e-09	-0.375656
1.20173e-09	-0.375746
1.20177e-09	-0.375836
1.20182e-09	-0.375925
1.20186e-09	-0.376014
1.20191e-09	-0.376104
1.20196e-09	-0.376193
1.202e-09	-0.376281
1.20205e-09	-0.37637
1.2021e-09	-0.376459
1.20214e-09	-0.376547
1.20219e-09	-0.376635
1.20224e-09	-0.376723
1.20228e-09	-0.376811
1.20233e-09	-0.376899
1.20238e-09	-0.376987
1.20242e-09	-0.377074
1.20247e-09	-0.377162
1.20251e-09	-0.377249
1.20256e-09	-0.377336
1.20261e-09	-0.377423
1.20265e-09	-0.37751
1.2027e-09	-0.377596
1.20275e-09	-0.377683
1.20279e-09	-0.377769
1.20284e-09	-0.377855
1.20289e-09	-0.377941
1.20293e-09	-0.378027
1.20298e-09	-0.378113
1.20303e-09	-0.378199
1.20307e-09	-0.378284
1.20312e-09	-0.378369
1.20316e-09	-0.378455
1.20321e-09	-0.37854
1.20326e-09	-0.378624
1.2033e-09	-0.378709
1.20335e-09	-0.378794
1.2034e-09	-0.378878
1.20344e-09	-0.378962
1.20349e-09	-0.379047
1.20354e-09	-0.379131
1.20358e-09	-0.379214
1.20363e-09	-0.379298
1.20368e-09	-0.379382
1.20372e-09	-0.379465
1.20377e-09	-0.379548
1.20381e-09	-0.379631
1.20386e-09	-0.379714
1.20391e-09	-0.379797
1.20395e-09	-0.37988
1.204e-09	-0.379962
1.20405e-09	-0.380045
1.20409e-09	-0.380127
1.20414e-09	-0.380209
1.20419e-09	-0.380291
1.20423e-09	-0.380373
1.20428e-09	-0.380454
1.20433e-09	-0.380536
1.20437e-09	-0.380617
1.20442e-09	-0.380699
1.20446e-09	-0.38078
1.20451e-09	-0.380861
1.20456e-09	-0.380941
1.2046e-09	-0.381022
1.20465e-09	-0.381102
1.2047e-09	-0.381183
1.20474e-09	-0.381263
1.20479e-09	-0.381343
1.20484e-09	-0.381423
1.20488e-09	-0.381503
1.20493e-09	-0.381582
1.20497e-09	-0.381662
1.20502e-09	-0.381741
1.20507e-09	-0.38182
1.20511e-09	-0.381899
1.20516e-09	-0.381978
1.20521e-09	-0.382057
1.20525e-09	-0.382135
1.2053e-09	-0.382214
1.20535e-09	-0.382292
1.20539e-09	-0.38237
1.20544e-09	-0.382448
1.20549e-09	-0.382526
1.20553e-09	-0.382604
1.20558e-09	-0.382681
1.20562e-09	-0.382759
1.20567e-09	-0.382836
1.20572e-09	-0.382913
1.20576e-09	-0.38299
1.20581e-09	-0.383067
1.20586e-09	-0.383144
1.2059e-09	-0.38322
1.20595e-09	-0.383297
1.206e-09	-0.383373
1.20604e-09	-0.383449
1.20609e-09	-0.383525
1.20614e-09	-0.383601
1.20618e-09	-0.383677
1.20623e-09	-0.383752
1.20627e-09	-0.383827
1.20632e-09	-0.383903
1.20637e-09	-0.383978
1.20641e-09	-0.384053
1.20646e-09	-0.384128
1.20651e-09	-0.384202
1.20655e-09	-0.384277
1.2066e-09	-0.384351
1.20665e-09	-0.384425
1.20669e-09	-0.384499
1.20674e-09	-0.384573
1.20679e-09	-0.384647
1.20683e-09	-0.384721
1.20688e-09	-0.384794
1.20692e-09	-0.384868
1.20697e-09	-0.384941
1.20702e-09	-0.385014
1.20706e-09	-0.385087
1.20711e-09	-0.38516
1.20716e-09	-0.385232
1.2072e-09	-0.385305
1.20725e-09	-0.385377
1.2073e-09	-0.385449
1.20734e-09	-0.385522
1.20739e-09	-0.385593
1.20744e-09	-0.385665
1.20748e-09	-0.385737
1.20753e-09	-0.385808
1.20757e-09	-0.38588
1.20762e-09	-0.385951
1.20767e-09	-0.386022
1.20771e-09	-0.386093
1.20776e-09	-0.386164
1.20781e-09	-0.386234
1.20785e-09	-0.386305
1.2079e-09	-0.386375
1.20795e-09	-0.386445
1.20799e-09	-0.386515
1.20804e-09	-0.386585
1.20808e-09	-0.386655
1.20813e-09	-0.386725
1.20818e-09	-0.386794
1.20822e-09	-0.386863
1.20827e-09	-0.386933
1.20832e-09	-0.387002
1.20836e-09	-0.387071
1.20841e-09	-0.387139
1.20846e-09	-0.387208
1.2085e-09	-0.387276
1.20855e-09	-0.387345
1.2086e-09	-0.387413
1.20864e-09	-0.387481
1.20869e-09	-0.387549
1.20873e-09	-0.387617
1.20878e-09	-0.387684
1.20883e-09	-0.387752
1.20887e-09	-0.387819
1.20892e-09	-0.387886
1.20897e-09	-0.387953
1.20901e-09	-0.38802
1.20906e-09	-0.388087
1.20911e-09	-0.388154
1.20915e-09	-0.38822
1.2092e-09	-0.388286
1.20925e-09	-0.388353
1.20929e-09	-0.388419
1.20934e-09	-0.388485
1.20938e-09	-0.38855
1.20943e-09	-0.388616
1.20948e-09	-0.388681
1.20952e-09	-0.388747
1.20957e-09	-0.388812
1.20962e-09	-0.388877
1.20966e-09	-0.388942
1.20971e-09	-0.389007
1.20976e-09	-0.389071
1.2098e-09	-0.389136
1.20985e-09	-0.3892
1.2099e-09	-0.389264
1.20994e-09	-0.389328
1.20999e-09	-0.389392
1.21003e-09	-0.389456
1.21008e-09	-0.38952
1.21013e-09	-0.389583
1.21017e-09	-0.389646
1.21022e-09	-0.38971
1.21027e-09	-0.389773
1.21031e-09	-0.389836
1.21036e-09	-0.389898
1.21041e-09	-0.389961
1.21045e-09	-0.390023
1.2105e-09	-0.390086
1.21055e-09	-0.390148
1.21059e-09	-0.39021
1.21064e-09	-0.390272
1.21068e-09	-0.390334
1.21073e-09	-0.390395
1.21078e-09	-0.390457
1.21082e-09	-0.390518
1.21087e-09	-0.390579
1.21092e-09	-0.39064
1.21096e-09	-0.390701
1.21101e-09	-0.390762
1.21106e-09	-0.390823
1.2111e-09	-0.390883
1.21115e-09	-0.390944
1.21119e-09	-0.391004
1.21124e-09	-0.391064
1.21129e-09	-0.391124
1.21133e-09	-0.391184
1.21138e-09	-0.391243
1.21143e-09	-0.391303
1.21147e-09	-0.391362
1.21152e-09	-0.391422
1.21157e-09	-0.391481
1.21161e-09	-0.39154
1.21166e-09	-0.391598
1.21171e-09	-0.391657
1.21175e-09	-0.391716
1.2118e-09	-0.391774
1.21184e-09	-0.391832
1.21189e-09	-0.39189
1.21194e-09	-0.391948
1.21198e-09	-0.392006
1.21203e-09	-0.392064
1.21208e-09	-0.392121
1.21212e-09	-0.392179
1.21217e-09	-0.392236
1.21222e-09	-0.392293
1.21226e-09	-0.39235
1.21231e-09	-0.392407
1.21236e-09	-0.392464
1.2124e-09	-0.39252
1.21245e-09	-0.392577
1.21249e-09	-0.392633
1.21254e-09	-0.392689
1.21259e-09	-0.392745
1.21263e-09	-0.392801
1.21268e-09	-0.392857
1.21273e-09	-0.392912
1.21277e-09	-0.392968
1.21282e-09	-0.393023
1.21287e-09	-0.393078
1.21291e-09	-0.393133
1.21296e-09	-0.393188
1.21301e-09	-0.393243
1.21305e-09	-0.393297
1.2131e-09	-0.393352
1.21314e-09	-0.393406
1.21319e-09	-0.39346
1.21324e-09	-0.393514
1.21328e-09	-0.393568
1.21333e-09	-0.393622
1.21338e-09	-0.393676
1.21342e-09	-0.393729
1.21347e-09	-0.393782
1.21352e-09	-0.393836
1.21356e-09	-0.393889
1.21361e-09	-0.393942
1.21366e-09	-0.393994
1.2137e-09	-0.394047
1.21375e-09	-0.3941
1.21379e-09	-0.394152
1.21384e-09	-0.394204
1.21389e-09	-0.394256
1.21393e-09	-0.394308
1.21398e-09	-0.39436
1.21403e-09	-0.394412
1.21407e-09	-0.394463
1.21412e-09	-0.394515
1.21417e-09	-0.394566
1.21421e-09	-0.394617
1.21426e-09	-0.394668
1.2143e-09	-0.394719
1.21435e-09	-0.394769
1.2144e-09	-0.39482
1.21444e-09	-0.39487
1.21449e-09	-0.394921
1.21454e-09	-0.394971
1.21458e-09	-0.395021
1.21463e-09	-0.395071
1.21468e-09	-0.395121
1.21472e-09	-0.39517
1.21477e-09	-0.39522
1.21482e-09	-0.395269
1.21486e-09	-0.395318
1.21491e-09	-0.395367
1.21495e-09	-0.395416
1.215e-09	-0.395465
1.21505e-09	-0.395513
1.21509e-09	-0.395562
1.21514e-09	-0.39561
1.21519e-09	-0.395658
1.21523e-09	-0.395706
1.21528e-09	-0.395754
1.21533e-09	-0.395802
1.21537e-09	-0.39585
1.21542e-09	-0.395897
1.21547e-09	-0.395945
1.21551e-09	-0.395992
1.21556e-09	-0.396039
1.2156e-09	-0.396086
1.21565e-09	-0.396133
1.2157e-09	-0.39618
1.21574e-09	-0.396226
1.21579e-09	-0.396273
1.21584e-09	-0.396319
1.21588e-09	-0.396365
1.21593e-09	-0.396411
1.21598e-09	-0.396457
1.21602e-09	-0.396503
1.21607e-09	-0.396548
1.21612e-09	-0.396594
1.21616e-09	-0.396639
1.21621e-09	-0.396684
1.21625e-09	-0.396729
1.2163e-09	-0.396774
1.21635e-09	-0.396819
1.21639e-09	-0.396863
1.21644e-09	-0.396908
1.21649e-09	-0.396952
1.21653e-09	-0.396997
1.21658e-09	-0.397041
1.21663e-09	-0.397085
1.21667e-09	-0.397128
1.21672e-09	-0.397172
1.21676e-09	-0.397216
1.21681e-09	-0.397259
1.21686e-09	-0.397302
1.2169e-09	-0.397345
1.21695e-09	-0.397388
1.217e-09	-0.397431
1.21704e-09	-0.397474
1.21709e-09	-0.397517
1.21714e-09	-0.397559
1.21718e-09	-0.397601
1.21723e-09	-0.397644
1.21728e-09	-0.397686
1.21732e-09	-0.397727
1.21737e-09	-0.397769
1.21741e-09	-0.397811
1.21746e-09	-0.397852
1.21751e-09	-0.397894
1.21755e-09	-0.397935
1.2176e-09	-0.397976
1.21765e-09	-0.398017
1.21769e-09	-0.398058
1.21774e-09	-0.398098
1.21779e-09	-0.398139
1.21783e-09	-0.398179
1.21788e-09	-0.39822
1.21793e-09	-0.39826
1.21797e-09	-0.3983
1.21802e-09	-0.39834
1.21806e-09	-0.398379
1.21811e-09	-0.398419
1.21816e-09	-0.398458
1.2182e-09	-0.398498
1.21825e-09	-0.398537
1.2183e-09	-0.398576
1.21834e-09	-0.398615
1.21839e-09	-0.398654
1.21844e-09	-0.398692
1.21848e-09	-0.398731
1.21853e-09	-0.398769
1.21858e-09	-0.398807
1.21862e-09	-0.398846
1.21867e-09	-0.398884
1.21871e-09	-0.398921
1.21876e-09	-0.398959
1.21881e-09	-0.398997
1.21885e-09	-0.399034
1.2189e-09	-0.399071
1.21895e-09	-0.399109
1.21899e-09	-0.399146
1.21904e-09	-0.399182
1.21909e-09	-0.399219
1.21913e-09	-0.399256
1.21918e-09	-0.399292
1.21923e-09	-0.399329
1.21927e-09	-0.399365
1.21932e-09	-0.399401
1.21936e-09	-0.399437
1.21941e-09	-0.399473
1.21946e-09	-0.399508
1.2195e-09	-0.399544
1.21955e-09	-0.399579
1.2196e-09	-0.399615
1.21964e-09	-0.39965
1.21969e-09	-0.399685
1.21974e-09	-0.39972
1.21978e-09	-0.399754
1.21983e-09	-0.399789
1.21987e-09	-0.399824
1.21992e-09	-0.399858
1.21997e-09	-0.399892
1.22001e-09	-0.399926
1.22006e-09	-0.39996
1.22011e-09	-0.399994
1.22015e-09	-0.400028
1.2202e-09	-0.400061
1.22025e-09	-0.400095
1.22029e-09	-0.400128
1.22034e-09	-0.400161
1.22039e-09	-0.400194
1.22043e-09	-0.400227
1.22048e-09	-0.40026
1.22052e-09	-0.400292
1.22057e-09	-0.400325
1.22062e-09	-0.400357
1.22066e-09	-0.400389
1.22071e-09	-0.400421
1.22076e-09	-0.400453
1.2208e-09	-0.400485
1.22085e-09	-0.400517
1.2209e-09	-0.400548
1.22094e-09	-0.40058
1.22099e-09	-0.400611
1.22104e-09	-0.400642
1.22108e-09	-0.400673
1.22113e-09	-0.400704
1.22117e-09	-0.400735
1.22122e-09	-0.400765
1.22127e-09	-0.400796
1.22131e-09	-0.400826
1.22136e-09	-0.400856
1.22141e-09	-0.400887
1.22145e-09	-0.400916
1.2215e-09	-0.400946
1.22155e-09	-0.400976
1.22159e-09	-0.401006
1.22164e-09	-0.401035
1.22169e-09	-0.401064
1.22173e-09	-0.401093
1.22178e-09	-0.401122
1.22182e-09	-0.401151
1.22187e-09	-0.40118
1.22192e-09	-0.401209
1.22196e-09	-0.401237
1.22201e-09	-0.401266
1.22206e-09	-0.401294
1.2221e-09	-0.401322
1.22215e-09	-0.40135
1.2222e-09	-0.401378
1.22224e-09	-0.401405
1.22229e-09	-0.401433
1.22234e-09	-0.40146
1.22238e-09	-0.401488
1.22243e-09	-0.401515
1.22247e-09	-0.401542
1.22252e-09	-0.401569
1.22257e-09	-0.401596
1.22261e-09	-0.401622
1.22266e-09	-0.401649
1.22271e-09	-0.401675
1.22275e-09	-0.401702
1.2228e-09	-0.401728
1.22285e-09	-0.401754
1.22289e-09	-0.40178
1.22294e-09	-0.401805
1.22298e-09	-0.401831
1.22303e-09	-0.401856
1.22308e-09	-0.401882
1.22312e-09	-0.401907
1.22317e-09	-0.401932
1.22322e-09	-0.401957
1.22326e-09	-0.401982
1.22331e-09	-0.402007
1.22336e-09	-0.402031
1.2234e-09	-0.402056
1.22345e-09	-0.40208
1.2235e-09	-0.402104
1.22354e-09	-0.402128
1.22359e-09	-0.402152
1.22363e-09	-0.402176
1.22368e-09	-0.402199
1.22373e-09	-0.402223
1.22377e-09	-0.402246
1.22382e-09	-0.40227
1.22387e-09	-0.402293
1.22391e-09	-0.402316
1.22396e-09	-0.402339
1.22401e-09	-0.402361
1.22405e-09	-0.402384
1.2241e-09	-0.402407
1.22415e-09	-0.402429
1.22419e-09	-0.402451
1.22424e-09	-0.402473
1.22428e-09	-0.402495
1.22433e-09	-0.402517
1.22438e-09	-0.402539
1.22442e-09	-0.40256
1.22447e-09	-0.402582
1.22452e-09	-0.402603
1.22456e-09	-0.402624
1.22461e-09	-0.402645
1.22466e-09	-0.402666
1.2247e-09	-0.402687
1.22475e-09	-0.402708
1.2248e-09	-0.402728
1.22484e-09	-0.402749
1.22489e-09	-0.402769
1.22493e-09	-0.402789
1.22498e-09	-0.402809
1.22503e-09	-0.402829
1.22507e-09	-0.402849
1.22512e-09	-0.402868
1.22517e-09	-0.402888
1.22521e-09	-0.402907
1.22526e-09	-0.402927
1.22531e-09	-0.402946
1.22535e-09	-0.402965
1.2254e-09	-0.402984
1.22545e-09	-0.403002
1.22549e-09	-0.403021
1.22554e-09	-0.403039
1.22558e-09	-0.403058
1.22563e-09	-0.403076
1.22568e-09	-0.403094
1.22572e-09	-0.403112
1.22577e-09	-0.40313
1.22582e-09	-0.403148
1.22586e-09	-0.403165
1.22591e-09	-0.403183
1.22596e-09	-0.4032
1.226e-09	-0.403217
1.22605e-09	-0.403234
1.22609e-09	-0.403251
1.22614e-09	-0.403268
1.22619e-09	-0.403285
1.22623e-09	-0.403301
1.22628e-09	-0.403318
1.22633e-09	-0.403334
1.22637e-09	-0.40335
1.22642e-09	-0.403366
1.22647e-09	-0.403382
1.22651e-09	-0.403398
1.22656e-09	-0.403414
1.22661e-09	-0.403429
1.22665e-09	-0.403445
1.2267e-09	-0.40346
1.22674e-09	-0.403475
1.22679e-09	-0.40349
1.22684e-09	-0.403505
1.22688e-09	-0.40352
1.22693e-09	-0.403535
1.22698e-09	-0.403549
1.22702e-09	-0.403564
1.22707e-09	-0.403578
1.22712e-09	-0.403592
1.22716e-09	-0.403606
1.22721e-09	-0.40362
1.22726e-09	-0.403634
1.2273e-09	-0.403647
1.22735e-09	-0.403661
1.22739e-09	-0.403674
1.22744e-09	-0.403688
1.22749e-09	-0.403701
1.22753e-09	-0.403714
1.22758e-09	-0.403727
1.22763e-09	-0.403739
1.22767e-09	-0.403752
1.22772e-09	-0.403765
1.22777e-09	-0.403777
1.22781e-09	-0.403789
1.22786e-09	-0.403801
1.22791e-09	-0.403813
1.22795e-09	-0.403825
1.228e-09	-0.403837
1.22804e-09	-0.403849
1.22809e-09	-0.40386
1.22814e-09	-0.403872
1.22818e-09	-0.403883
1.22823e-09	-0.403894
1.22828e-09	-0.403905
1.22832e-09	-0.403916
1.22837e-09	-0.403927
1.22842e-09	-0.403937
1.22846e-09	-0.403948
1.22851e-09	-0.403958
1.22856e-09	-0.403968
1.2286e-09	-0.403979
1.22865e-09	-0.403989
1.22869e-09	-0.403998
1.22874e-09	-0.404008
1.22879e-09	-0.404018
1.22883e-09	-0.404027
1.22888e-09	-0.404037
1.22893e-09	-0.404046
1.22897e-09	-0.404055
1.22902e-09	-0.404064
1.22907e-09	-0.404073
1.22911e-09	-0.404082
1.22916e-09	-0.40409
1.2292e-09	-0.404099
1.22925e-09	-0.404107
1.2293e-09	-0.404116
1.22934e-09	-0.404124
1.22939e-09	-0.404132
1.22944e-09	-0.40414
1.22948e-09	-0.404147
1.22953e-09	-0.404155
1.22958e-09	-0.404163
1.22962e-09	-0.40417
1.22967e-09	-0.404177
1.22972e-09	-0.404184
1.22976e-09	-0.404191
1.22981e-09	-0.404198
1.22985e-09	-0.404205
1.2299e-09	-0.404212
1.22995e-09	-0.404218
1.22999e-09	-0.404225
1.23004e-09	-0.404231
1.23009e-09	-0.404237
1.23013e-09	-0.404243
1.23018e-09	-0.404249
1.23023e-09	-0.404255
1.23027e-09	-0.404261
1.23032e-09	-0.404266
1.23037e-09	-0.404271
1.23041e-09	-0.404277
1.23046e-09	-0.404282
1.2305e-09	-0.404287
1.23055e-09	-0.404292
1.2306e-09	-0.404297
1.23064e-09	-0.404301
1.23069e-09	-0.404306
1.23074e-09	-0.40431
1.23078e-09	-0.404315
1.23083e-09	-0.404319
1.23088e-09	-0.404323
1.23092e-09	-0.404327
1.23097e-09	-0.404331
1.23102e-09	-0.404334
1.23106e-09	-0.404338
1.23111e-09	-0.404341
1.23115e-09	-0.404345
1.2312e-09	-0.404348
1.23125e-09	-0.404351
1.23129e-09	-0.404354
1.23134e-09	-0.404357
1.23139e-09	-0.40436
1.23143e-09	-0.404362
1.23148e-09	-0.404365
1.23153e-09	-0.404367
1.23157e-09	-0.404369
1.23162e-09	-0.404371
1.23167e-09	-0.404373
1.23171e-09	-0.404375
1.23176e-09	-0.404377
1.2318e-09	-0.404379
1.23185e-09	-0.40438
1.2319e-09	-0.404382
1.23194e-09	-0.404383
1.23199e-09	-0.404384
1.23204e-09	-0.404385
1.23208e-09	-0.404386
1.23213e-09	-0.404387
1.23218e-09	-0.404387
1.23222e-09	-0.404388
1.23227e-09	-0.404388
1.23231e-09	-0.404389
1.23236e-09	-0.404389
1.23241e-09	-0.404389
1.23245e-09	-0.404389
1.2325e-09	-0.404389
1.23255e-09	-0.404388
1.23259e-09	-0.404388
1.23264e-09	-0.404387
1.23269e-09	-0.404387
1.23273e-09	-0.404386
1.23278e-09	-0.404385
1.23283e-09	-0.404384
1.23287e-09	-0.404383
1.23292e-09	-0.404382
1.23296e-09	-0.40438
1.23301e-09	-0.404379
1.23306e-09	-0.404377
1.2331e-09	-0.404375
1.23315e-09	-0.404373
1.2332e-09	-0.404371
1.23324e-09	-0.404369
1.23329e-09	-0.404367
1.23334e-09	-0.404365
1.23338e-09	-0.404362
1.23343e-09	-0.40436
1.23348e-09	-0.404357
1.23352e-09	-0.404354
1.23357e-09	-0.404351
1.23361e-09	-0.404348
1.23366e-09	-0.404345
1.23371e-09	-0.404342
1.23375e-09	-0.404338
1.2338e-09	-0.404335
1.23385e-09	-0.404331
1.23389e-09	-0.404327
1.23394e-09	-0.404323
1.23399e-09	-0.404319
1.23403e-09	-0.404315
1.23408e-09	-0.404311
1.23413e-09	-0.404307
1.23417e-09	-0.404302
1.23422e-09	-0.404297
1.23426e-09	-0.404293
1.23431e-09	-0.404288
1.23436e-09	-0.404283
1.2344e-09	-0.404278
1.23445e-09	-0.404273
1.2345e-09	-0.404267
1.23454e-09	-0.404262
1.23459e-09	-0.404256
1.23464e-09	-0.404251
1.23468e-09	-0.404245
1.23473e-09	-0.404239
1.23477e-09	-0.404233
1.23482e-09	-0.404227
1.23487e-09	-0.40422
1.23491e-09	-0.404214
1.23496e-09	-0.404207
1.23501e-09	-0.404201
1.23505e-09	-0.404194
1.2351e-09	-0.404187
1.23515e-09	-0.40418
1.23519e-09	-0.404173
1.23524e-09	-0.404166
1.23529e-09	-0.404159
1.23533e-09	-0.404151
1.23538e-09	-0.404144
1.23542e-09	-0.404136
1.23547e-09	-0.404128
1.23552e-09	-0.40412
1.23556e-09	-0.404112
1.23561e-09	-0.404104
1.23566e-09	-0.404096
1.2357e-09	-0.404087
1.23575e-09	-0.404079
1.2358e-09	-0.40407
1.23584e-09	-0.404062
1.23589e-09	-0.404053
1.23594e-09	-0.404044
1.23598e-09	-0.404035
1.23603e-09	-0.404025
1.23607e-09	-0.404016
1.23612e-09	-0.404007
1.23617e-09	-0.403997
1.23621e-09	-0.403987
1.23626e-09	-0.403978
1.23631e-09	-0.403968
1.23635e-09	-0.403958
1.2364e-09	-0.403948
1.23645e-09	-0.403937
1.23649e-09	-0.403927
1.23654e-09	-0.403917
1.23659e-09	-0.403906
1.23663e-09	-0.403895
1.23668e-09	-0.403884
1.23672e-09	-0.403874
1.23677e-09	-0.403862
1.23682e-09	-0.403851
1.23686e-09	-0.40384
1.23691e-09	-0.403829
1.23696e-09	-0.403817
1.237e-09	-0.403805
1.23705e-09	-0.403794
1.2371e-09	-0.403782
1.23714e-09	-0.40377
1.23719e-09	-0.403758
1.23724e-09	-0.403746
1.23728e-09	-0.403733
1.23733e-09	-0.403721
1.23737e-09	-0.403708
1.23742e-09	-0.403696
1.23747e-09	-0.403683
1.23751e-09	-0.40367
1.23756e-09	-0.403657
1.23761e-09	-0.403644
1.23765e-09	-0.40363
1.2377e-09	-0.403617
1.23775e-09	-0.403604
1.23779e-09	-0.40359
1.23784e-09	-0.403576
1.23788e-09	-0.403562
1.23793e-09	-0.403549
1.23798e-09	-0.403535
1.23802e-09	-0.40352
1.23807e-09	-0.403506
1.23812e-09	-0.403492
1.23816e-09	-0.403477
1.23821e-09	-0.403463
1.23826e-09	-0.403448
1.2383e-09	-0.403433
1.23835e-09	-0.403418
1.2384e-09	-0.403403
1.23844e-09	-0.403388
1.23849e-09	-0.403372
1.23853e-09	-0.403357
1.23858e-09	-0.403342
1.23863e-09	-0.403326
1.23867e-09	-0.40331
1.23872e-09	-0.403294
1.23877e-09	-0.403278
1.23881e-09	-0.403262
1.23886e-09	-0.403246
1.23891e-09	-0.40323
1.23895e-09	-0.403213
1.239e-09	-0.403197
1.23905e-09	-0.40318
1.23909e-09	-0.403163
1.23914e-09	-0.403146
1.23918e-09	-0.403129
1.23923e-09	-0.403112
1.23928e-09	-0.403095
1.23932e-09	-0.403078
1.23937e-09	-0.40306
1.23942e-09	-0.403043
1.23946e-09	-0.403025
1.23951e-09	-0.403007
1.23956e-09	-0.402989
1.2396e-09	-0.402971
1.23965e-09	-0.402953
1.2397e-09	-0.402935
1.23974e-09	-0.402917
1.23979e-09	-0.402898
1.23983e-09	-0.40288
1.23988e-09	-0.402861
1.23993e-09	-0.402842
1.23997e-09	-0.402823
1.24002e-09	-0.402804
1.24007e-09	-0.402785
1.24011e-09	-0.402766
1.24016e-09	-0.402746
1.24021e-09	-0.402727
1.24025e-09	-0.402707
1.2403e-09	-0.402688
1.24035e-09	-0.402668
1.24039e-09	-0.402648
1.24044e-09	-0.402628
1.24048e-09	-0.402608
1.24053e-09	-0.402588
1.24058e-09	-0.402567
1.24062e-09	-0.402547
1.24067e-09	-0.402526
1.24072e-09	-0.402505
1.24076e-09	-0.402485
1.24081e-09	-0.402464
1.24086e-09	-0.402443
1.2409e-09	-0.402422
1.24095e-09	-0.4024
1.24099e-09	-0.402379
1.24104e-09	-0.402357
1.24109e-09	-0.402336
1.24113e-09	-0.402314
1.24118e-09	-0.402292
1.24123e-09	-0.402271
1.24127e-09	-0.402249
1.24132e-09	-0.402226
1.24137e-09	-0.402204
1.24141e-09	-0.402182
1.24146e-09	-0.402159
1.24151e-09	-0.402137
1.24155e-09	-0.402114
1.2416e-09	-0.402091
1.24164e-09	-0.402068
1.24169e-09	-0.402045
1.24174e-09	-0.402022
1.24178e-09	-0.401999
1.24183e-09	-0.401976
1.24188e-09	-0.401952
1.24192e-09	-0.401929
1.24197e-09	-0.401905
1.24202e-09	-0.401881
1.24206e-09	-0.401857
1.24211e-09	-0.401833
1.24216e-09	-0.401809
1.2422e-09	-0.401785
1.24225e-09	-0.401761
1.24229e-09	-0.401736
1.24234e-09	-0.401712
1.24239e-09	-0.401687
1.24243e-09	-0.401662
1.24248e-09	-0.401638
1.24253e-09	-0.401613
1.24257e-09	-0.401587
1.24262e-09	-0.401562
1.24267e-09	-0.401537
1.24271e-09	-0.401512
1.24276e-09	-0.401486
1.24281e-09	-0.40146
1.24285e-09	-0.401435
1.2429e-09	-0.401409
1.24294e-09	-0.401383
1.24299e-09	-0.401357
1.24304e-09	-0.401331
1.24308e-09	-0.401304
1.24313e-09	-0.401278
1.24318e-09	-0.401252
1.24322e-09	-0.401225
1.24327e-09	-0.401198
1.24332e-09	-0.401171
1.24336e-09	-0.401145
1.24341e-09	-0.401118
1.24346e-09	-0.40109
1.2435e-09	-0.401063
1.24355e-09	-0.401036
1.24359e-09	-0.401008
1.24364e-09	-0.400981
1.24369e-09	-0.400953
1.24373e-09	-0.400925
1.24378e-09	-0.400897
1.24383e-09	-0.400869
1.24387e-09	-0.400841
1.24392e-09	-0.400813
1.24397e-09	-0.400785
1.24401e-09	-0.400756
1.24406e-09	-0.400728
1.2441e-09	-0.400699
1.24415e-09	-0.40067
1.2442e-09	-0.400642
1.24424e-09	-0.400613
1.24429e-09	-0.400584
1.24434e-09	-0.400554
1.24438e-09	-0.400525
1.24443e-09	-0.400496
1.24448e-09	-0.400466
1.24452e-09	-0.400437
1.24457e-09	-0.400407
1.24462e-09	-0.400377
1.24466e-09	-0.400347
1.24471e-09	-0.400317
1.24475e-09	-0.400287
1.2448e-09	-0.400257
1.24485e-09	-0.400227
1.24489e-09	-0.400196
1.24494e-09	-0.400166
1.24499e-09	-0.400135
1.24503e-09	-0.400104
1.24508e-09	-0.400073
1.24513e-09	-0.400042
1.24517e-09	-0.400011
1.24522e-09	-0.39998
1.24527e-09	-0.399949
1.24531e-09	-0.399918
1.24536e-09	-0.399886
1.2454e-09	-0.399854
1.24545e-09	-0.399823
1.2455e-09	-0.399791
1.24554e-09	-0.399759
1.24559e-09	-0.399727
1.24564e-09	-0.399695
1.24568e-09	-0.399663
1.24573e-09	-0.39963
1.24578e-09	-0.399598
1.24582e-09	-0.399565
1.24587e-09	-0.399533
1.24592e-09	-0.3995
1.24596e-09	-0.399467
1.24601e-09	-0.399434
1.24605e-09	-0.399401
1.2461e-09	-0.399368
1.24615e-09	-0.399335
1.24619e-09	-0.399301
1.24624e-09	-0.399268
1.24629e-09	-0.399234
1.24633e-09	-0.3992
1.24638e-09	-0.399167
1.24643e-09	-0.399133
1.24647e-09	-0.399099
1.24652e-09	-0.399065
1.24657e-09	-0.399031
1.24661e-09	-0.398996
1.24666e-09	-0.398962
1.2467e-09	-0.398927
1.24675e-09	-0.398893
1.2468e-09	-0.398858
1.24684e-09	-0.398823
1.24689e-09	-0.398788
1.24694e-09	-0.398753
1.24698e-09	-0.398718
1.24703e-09	-0.398683
1.24708e-09	-0.398647
1.24712e-09	-0.398612
1.24717e-09	-0.398576
1.24721e-09	-0.398541
1.24726e-09	-0.398505
1.24731e-09	-0.398469
1.24735e-09	-0.398433
1.2474e-09	-0.398397
1.24745e-09	-0.398361
1.24749e-09	-0.398325
1.24754e-09	-0.398288
1.24759e-09	-0.398252
1.24763e-09	-0.398215
1.24768e-09	-0.398179
1.24773e-09	-0.398142
1.24777e-09	-0.398105
1.24782e-09	-0.398068
1.24786e-09	-0.398031
1.24791e-09	-0.397994
1.24796e-09	-0.397956
1.248e-09	-0.397919
1.24805e-09	-0.397882
1.2481e-09	-0.397844
1.24814e-09	-0.397806
1.24819e-09	-0.397769
1.24824e-09	-0.397731
1.24828e-09	-0.397693
1.24833e-09	-0.397655
1.24838e-09	-0.397616
1.24842e-09	-0.397578
1.24847e-09	-0.39754
1.24851e-09	-0.397501
1.24856e-09	-0.397463
1.24861e-09	-0.397424
1.24865e-09	-0.397385
1.2487e-09	-0.397346
1.24875e-09	-0.397307
1.24879e-09	-0.397268
1.24884e-09	-0.397229
1.24889e-09	-0.397189
1.24893e-09	-0.39715
1.24898e-09	-0.397111
1.24903e-09	-0.397071
1.24907e-09	-0.397031
1.24912e-09	-0.396991
1.24916e-09	-0.396952
1.24921e-09	-0.396912
1.24926e-09	-0.396871
1.2493e-09	-0.396831
1.24935e-09	-0.396791
1.2494e-09	-0.396751
1.24944e-09	-0.39671
1.24949e-09	-0.396669
1.24954e-09	-0.396629
1.24958e-09	-0.396588
1.24963e-09	-0.396547
1.24967e-09	-0.396506
1.24972e-09	-0.396465
1.24977e-09	-0.396424
1.24981e-09	-0.396382
1.24986e-09	-0.396341
1.24991e-09	-0.396299
1.24995e-09	-0.396258
1.25e-09	-0.396216
1.25005e-09	-0.396174
1.25009e-09	-0.396132
1.25014e-09	-0.39609
1.25019e-09	-0.396048
1.25023e-09	-0.396006
1.25028e-09	-0.395964
1.25032e-09	-0.395921
1.25037e-09	-0.395879
1.25042e-09	-0.395836
1.25046e-09	-0.395794
1.25051e-09	-0.395751
1.25056e-09	-0.395708
1.2506e-09	-0.395665
1.25065e-09	-0.395622
1.2507e-09	-0.395579
1.25074e-09	-0.395535
1.25079e-09	-0.395492
1.25084e-09	-0.395449
1.25088e-09	-0.395405
1.25093e-09	-0.395361
1.25097e-09	-0.395318
1.25102e-09	-0.395274
1.25107e-09	-0.39523
1.25111e-09	-0.395186
1.25116e-09	-0.395141
1.25121e-09	-0.395097
1.25125e-09	-0.395053
1.2513e-09	-0.395008
1.25135e-09	-0.394964
1.25139e-09	-0.394919
1.25144e-09	-0.394874
1.25149e-09	-0.39483
1.25153e-09	-0.394785
1.25158e-09	-0.39474
1.25162e-09	-0.394695
1.25167e-09	-0.394649
1.25172e-09	-0.394604
1.25176e-09	-0.394559
1.25181e-09	-0.394513
1.25186e-09	-0.394467
1.2519e-09	-0.394422
1.25195e-09	-0.394376
1.252e-09	-0.39433
1.25204e-09	-0.394284
1.25209e-09	-0.394238
1.25214e-09	-0.394192
1.25218e-09	-0.394145
1.25223e-09	-0.394099
1.25227e-09	-0.394052
1.25232e-09	-0.394006
1.25237e-09	-0.393959
1.25241e-09	-0.393912
1.25246e-09	-0.393866
1.25251e-09	-0.393819
1.25255e-09	-0.393772
1.2526e-09	-0.393724
1.25265e-09	-0.393677
1.25269e-09	-0.39363
1.25274e-09	-0.393582
1.25278e-09	-0.393535
1.25283e-09	-0.393487
1.25288e-09	-0.393439
1.25292e-09	-0.393392
1.25297e-09	-0.393344
1.25302e-09	-0.393296
1.25306e-09	-0.393248
1.25311e-09	-0.393199
1.25316e-09	-0.393151
1.2532e-09	-0.393103
1.25325e-09	-0.393054
1.2533e-09	-0.393006
1.25334e-09	-0.392957
1.25339e-09	-0.392908
1.25343e-09	-0.392859
1.25348e-09	-0.39281
1.25353e-09	-0.392761
1.25357e-09	-0.392712
1.25362e-09	-0.392663
1.25367e-09	-0.392614
1.25371e-09	-0.392564
1.25376e-09	-0.392515
1.25381e-09	-0.392465
1.25385e-09	-0.392415
1.2539e-09	-0.392365
1.25395e-09	-0.392315
1.25399e-09	-0.392265
1.25404e-09	-0.392215
1.25408e-09	-0.392165
1.25413e-09	-0.392115
1.25418e-09	-0.392065
1.25422e-09	-0.392014
1.25427e-09	-0.391964
1.25432e-09	-0.391913
1.25436e-09	-0.391862
1.25441e-09	-0.391811
1.25446e-09	-0.39176
1.2545e-09	-0.391709
1.25455e-09	-0.391658
1.2546e-09	-0.391607
1.25464e-09	-0.391556
1.25469e-09	-0.391504
1.25473e-09	-0.391453
1.25478e-09	-0.391401
1.25483e-09	-0.39135
1.25487e-09	-0.391298
1.25492e-09	-0.391246
1.25497e-09	-0.391194
1.25501e-09	-0.391142
1.25506e-09	-0.39109
1.25511e-09	-0.391037
1.25515e-09	-0.390985
1.2552e-09	-0.390933
1.25525e-09	-0.39088
1.25529e-09	-0.390828
1.25534e-09	-0.390775
1.25538e-09	-0.390722
1.25543e-09	-0.390669
1.25548e-09	-0.390616
1.25552e-09	-0.390563
1.25557e-09	-0.39051
1.25562e-09	-0.390457
1.25566e-09	-0.390404
1.25571e-09	-0.39035
1.25576e-09	-0.390297
1.2558e-09	-0.390243
1.25585e-09	-0.390189
1.25589e-09	-0.390135
1.25594e-09	-0.390082
1.25599e-09	-0.390028
1.25603e-09	-0.389974
1.25608e-09	-0.389919
1.25613e-09	-0.389865
1.25617e-09	-0.389811
1.25622e-09	-0.389756
1.25627e-09	-0.389702
1.25631e-09	-0.389647
1.25636e-09	-0.389593
1.25641e-09	-0.389538
1.25645e-09	-0.389483
1.2565e-09	-0.389428
1.25654e-09	-0.389373
1.25659e-09	-0.389318
1.25664e-09	-0.389262
1.25668e-09	-0.389207
1.25673e-09	-0.389152
1.25678e-09	-0.389096
1.25682e-09	-0.389041
1.25687e-09	-0.388985
1.25692e-09	-0.388929
1.25696e-09	-0.388873
1.25701e-09	-0.388817
1.25706e-09	-0.388761
1.2571e-09	-0.388705
1.25715e-09	-0.388649
1.25719e-09	-0.388592
1.25724e-09	-0.388536
1.25729e-09	-0.38848
1.25733e-09	-0.388423
1.25738e-09	-0.388366
1.25743e-09	-0.388309
1.25747e-09	-0.388253
1.25752e-09	-0.388196
1.25757e-09	-0.388139
1.25761e-09	-0.388082
1.25766e-09	-0.388024
1.25771e-09	-0.387967
1.25775e-09	-0.38791
1.2578e-09	-0.387852
1.25784e-09	-0.387795
1.25789e-09	-0.387737
1.25794e-09	-0.387679
1.25798e-09	-0.387621
1.25803e-09	-0.387563
1.25808e-09	-0.387505
1.25812e-09	-0.387447
1.25817e-09	-0.387389
1.25822e-09	-0.387331
1.25826e-09	-0.387272
1.25831e-09	-0.387214
1.25836e-09	-0.387155
1.2584e-09	-0.387097
1.25845e-09	-0.387038
1.25849e-09	-0.386979
1.25854e-09	-0.38692
1.25859e-09	-0.386861
1.25863e-09	-0.386802
1.25868e-09	-0.386743
1.25873e-09	-0.386684
1.25877e-09	-0.386625
1.25882e-09	-0.386565
1.25887e-09	-0.386506
1.25891e-09	-0.386446
1.25896e-09	-0.386386
1.259e-09	-0.386327
1.25905e-09	-0.386267
1.2591e-09	-0.386207
1.25914e-09	-0.386147
1.25919e-09	-0.386087
1.25924e-09	-0.386026
1.25928e-09	-0.385966
1.25933e-09	-0.385906
1.25938e-09	-0.385845
1.25942e-09	-0.385785
1.25947e-09	-0.385724
1.25952e-09	-0.385663
1.25956e-09	-0.385603
1.25961e-09	-0.385542
1.25965e-09	-0.385481
1.2597e-09	-0.38542
1.25975e-09	-0.385359
1.25979e-09	-0.385297
1.25984e-09	-0.385236
1.25989e-09	-0.385175
1.25993e-09	-0.385113
1.25998e-09	-0.385051
1.26003e-09	-0.38499
1.26007e-09	-0.384928
1.26012e-09	-0.384866
1.26017e-09	-0.384804
1.26021e-09	-0.384742
1.26026e-09	-0.38468
1.2603e-09	-0.384618
1.26035e-09	-0.384556
1.2604e-09	-0.384493
1.26044e-09	-0.384431
1.26049e-09	-0.384368
1.26054e-09	-0.384306
1.26058e-09	-0.384243
1.26063e-09	-0.38418
1.26068e-09	-0.384118
1.26072e-09	-0.384055
1.26077e-09	-0.383992
1.26082e-09	-0.383928
1.26086e-09	-0.383865
1.26091e-09	-0.383802
1.26095e-09	-0.383739
1.261e-09	-0.383675
1.26105e-09	-0.383612
1.26109e-09	-0.383548
1.26114e-09	-0.383484
1.26119e-09	-0.38342
1.26123e-09	-0.383357
1.26128e-09	-0.383293
1.26133e-09	-0.383229
1.26137e-09	-0.383164
1.26142e-09	-0.3831
1.26147e-09	-0.383036
1.26151e-09	-0.382972
1.26156e-09	-0.382907
1.2616e-09	-0.382843
1.26165e-09	-0.382778
1.2617e-09	-0.382713
1.26174e-09	-0.382648
1.26179e-09	-0.382584
1.26184e-09	-0.382519
1.26188e-09	-0.382454
1.26193e-09	-0.382388
1.26198e-09	-0.382323
1.26202e-09	-0.382258
1.26207e-09	-0.382193
1.26211e-09	-0.382127
1.26216e-09	-0.382062
1.26221e-09	-0.381996
1.26225e-09	-0.38193
1.2623e-09	-0.381864
1.26235e-09	-0.381799
1.26239e-09	-0.381733
1.26244e-09	-0.381667
1.26249e-09	-0.3816
1.26253e-09	-0.381534
1.26258e-09	-0.381468
1.26263e-09	-0.381402
1.26267e-09	-0.381335
1.26272e-09	-0.381269
1.26276e-09	-0.381202
1.26281e-09	-0.381135
1.26286e-09	-0.381069
1.2629e-09	-0.381002
1.26295e-09	-0.380935
1.263e-09	-0.380868
1.26304e-09	-0.380801
1.26309e-09	-0.380733
1.26314e-09	-0.380666
1.26318e-09	-0.380599
1.26323e-09	-0.380531
1.26328e-09	-0.380464
1.26332e-09	-0.380396
1.26337e-09	-0.380329
1.26341e-09	-0.380261
1.26346e-09	-0.380193
1.26351e-09	-0.380125
1.26355e-09	-0.380057
1.2636e-09	-0.379989
1.26365e-09	-0.379921
1.26369e-09	-0.379853
1.26374e-09	-0.379784
1.26379e-09	-0.379716
1.26383e-09	-0.379647
1.26388e-09	-0.379579
1.26393e-09	-0.37951
1.26397e-09	-0.379442
1.26402e-09	-0.379373
1.26406e-09	-0.379304
1.26411e-09	-0.379235
1.26416e-09	-0.379166
1.2642e-09	-0.379097
1.26425e-09	-0.379028
1.2643e-09	-0.378958
1.26434e-09	-0.378889
1.26439e-09	-0.378819
1.26444e-09	-0.37875
1.26448e-09	-0.37868
1.26453e-09	-0.378611
1.26458e-09	-0.378541
1.26462e-09	-0.378471
1.26467e-09	-0.378401
1.26471e-09	-0.378331
1.26476e-09	-0.378261
1.26481e-09	-0.378191
1.26485e-09	-0.378121
1.2649e-09	-0.37805
1.26495e-09	-0.37798
1.26499e-09	-0.37791
1.26504e-09	-0.377839
1.26509e-09	-0.377768
1.26513e-09	-0.377698
1.26518e-09	-0.377627
1.26522e-09	-0.377556
1.26527e-09	-0.377485
1.26532e-09	-0.377414
1.26536e-09	-0.377343
1.26541e-09	-0.377272
1.26546e-09	-0.377201
1.2655e-09	-0.377129
1.26555e-09	-0.377058
1.2656e-09	-0.376986
1.26564e-09	-0.376915
1.26569e-09	-0.376843
1.26574e-09	-0.376771
1.26578e-09	-0.3767
1.26583e-09	-0.376628
1.26587e-09	-0.376556
1.26592e-09	-0.376484
1.26597e-09	-0.376412
1.26601e-09	-0.376339
1.26606e-09	-0.376267
1.26611e-09	-0.376195
1.26615e-09	-0.376122
1.2662e-09	-0.37605
1.26625e-09	-0.375977
1.26629e-09	-0.375905
1.26634e-09	-0.375832
1.26639e-09	-0.375759
1.26643e-09	-0.375686
1.26648e-09	-0.375613
1.26652e-09	-0.37554
1.26657e-09	-0.375467
1.26662e-09	-0.375394
1.26666e-09	-0.375321
1.26671e-09	-0.375247
1.26676e-09	-0.375174
1.2668e-09	-0.3751
1.26685e-09	-0.375027
1.2669e-09	-0.374953
1.26694e-09	-0.374879
1.26699e-09	-0.374806
1.26704e-09	-0.374732
1.26708e-09	-0.374658
1.26713e-09	-0.374584
1.26717e-09	-0.37451
1.26722e-09	-0.374435
1.26727e-09	-0.374361
1.26731e-09	-0.374287
1.26736e-09	-0.374212
1.26741e-09	-0.374138
1.26745e-09	-0.374063
1.2675e-09	-0.373989
1.26755e-09	-0.373914
1.26759e-09	-0.373839
1.26764e-09	-0.373764
1.26768e-09	-0.373689
1.26773e-09	-0.373614
1.26778e-09	-0.373539
1.26782e-09	-0.373464
1.26787e-09	-0.373389
1.26792e-09	-0.373314
1.26796e-09	-0.373238
1.26801e-09	-0.373163
1.26806e-09	-0.373087
1.2681e-09	-0.373012
1.26815e-09	-0.372936
1.2682e-09	-0.37286
1.26824e-09	-0.372784
1.26829e-09	-0.372708
1.26833e-09	-0.372632
1.26838e-09	-0.372556
1.26843e-09	-0.37248
1.26847e-09	-0.372404
1.26852e-09	-0.372328
1.26857e-09	-0.372251
1.26861e-09	-0.372175
1.26866e-09	-0.372098
1.26871e-09	-0.372022
1.26875e-09	-0.371945
1.2688e-09	-0.371869
1.26885e-09	-0.371792
1.26889e-09	-0.371715
1.26894e-09	-0.371638
1.26898e-09	-0.371561
1.26903e-09	-0.371484
1.26908e-09	-0.371407
1.26912e-09	-0.371329
1.26917e-09	-0.371252
1.26922e-09	-0.371175
1.26926e-09	-0.371097
1.26931e-09	-0.37102
1.26936e-09	-0.370942
1.2694e-09	-0.370864
1.26945e-09	-0.370787
1.2695e-09	-0.370709
1.26954e-09	-0.370631
1.26959e-09	-0.370553
1.26963e-09	-0.370475
1.26968e-09	-0.370397
1.26973e-09	-0.370319
1.26977e-09	-0.37024
1.26982e-09	-0.370162
1.26987e-09	-0.370084
1.26991e-09	-0.370005
1.26996e-09	-0.369927
1.27001e-09	-0.369848
1.27005e-09	-0.369769
1.2701e-09	-0.369691
1.27015e-09	-0.369612
1.27019e-09	-0.369533
1.27024e-09	-0.369454
1.27028e-09	-0.369375
1.27033e-09	-0.369296
1.27038e-09	-0.369217
1.27042e-09	-0.369137
1.27047e-09	-0.369058
1.27052e-09	-0.368979
1.27056e-09	-0.368899
1.27061e-09	-0.36882
1.27066e-09	-0.36874
1.2707e-09	-0.36866
1.27075e-09	-0.36858
1.27079e-09	-0.368501
1.27084e-09	-0.368421
1.27089e-09	-0.368341
1.27093e-09	-0.368261
1.27098e-09	-0.368181
1.27103e-09	-0.3681
1.27107e-09	-0.36802
1.27112e-09	-0.36794
1.27117e-09	-0.367859
1.27121e-09	-0.367779
1.27126e-09	-0.367698
1.27131e-09	-0.367618
1.27135e-09	-0.367537
1.2714e-09	-0.367456
1.27144e-09	-0.367376
1.27149e-09	-0.367295
1.27154e-09	-0.367214
1.27158e-09	-0.367133
1.27163e-09	-0.367052
1.27168e-09	-0.366971
1.27172e-09	-0.366889
1.27177e-09	-0.366808
1.27182e-09	-0.366727
1.27186e-09	-0.366645
1.27191e-09	-0.366564
1.27196e-09	-0.366482
1.272e-09	-0.3664
1.27205e-09	-0.366319
1.27209e-09	-0.366237
1.27214e-09	-0.366155
1.27219e-09	-0.366073
1.27223e-09	-0.365991
1.27228e-09	-0.365909
1.27233e-09	-0.365827
1.27237e-09	-0.365745
1.27242e-09	-0.365662
1.27247e-09	-0.36558
1.27251e-09	-0.365498
1.27256e-09	-0.365415
1.27261e-09	-0.365333
1.27265e-09	-0.36525
1.2727e-09	-0.365167
1.27274e-09	-0.365085
1.27279e-09	-0.365002
1.27284e-09	-0.364919
1.27288e-09	-0.364836
1.27293e-09	-0.364753
1.27298e-09	-0.36467
1.27302e-09	-0.364587
1.27307e-09	-0.364504
1.27312e-09	-0.36442
1.27316e-09	-0.364337
1.27321e-09	-0.364253
1.27326e-09	-0.36417
1.2733e-09	-0.364086
1.27335e-09	-0.364003
1.27339e-09	-0.363919
1.27344e-09	-0.363835
1.27349e-09	-0.363751
1.27353e-09	-0.363668
1.27358e-09	-0.363584
1.27363e-09	-0.3635
1.27367e-09	-0.363415
1.27372e-09	-0.363331
1.27377e-09	-0.363247
1.27381e-09	-0.363163
1.27386e-09	-0.363078
1.2739e-09	-0.362994
1.27395e-09	-0.362909
1.274e-09	-0.362825
1.27404e-09	-0.36274
1.27409e-09	-0.362656
1.27414e-09	-0.362571
1.27418e-09	-0.362486
1.27423e-09	-0.362401
1.27428e-09	-0.362316
1.27432e-09	-0.362231
1.27437e-09	-0.362146
1.27442e-09	-0.362061
1.27446e-09	-0.361976
1.27451e-09	-0.36189
1.27455e-09	-0.361805
1.2746e-09	-0.361719
1.27465e-09	-0.361634
1.27469e-09	-0.361548
1.27474e-09	-0.361463
1.27479e-09	-0.361377
1.27483e-09	-0.361291
1.27488e-09	-0.361206
1.27493e-09	-0.36112
1.27497e-09	-0.361034
1.27502e-09	-0.360948
1.27507e-09	-0.360862
1.27511e-09	-0.360776
1.27516e-09	-0.360689
1.2752e-09	-0.360603
1.27525e-09	-0.360517
1.2753e-09	-0.36043
1.27534e-09	-0.360344
1.27539e-09	-0.360257
1.27544e-09	-0.360171
1.27548e-09	-0.360084
1.27553e-09	-0.359997
1.27558e-09	-0.359911
1.27562e-09	-0.359824
1.27567e-09	-0.359737
1.27572e-09	-0.35965
1.27576e-09	-0.359563
1.27581e-09	-0.359476
1.27585e-09	-0.359388
1.2759e-09	-0.359301
1.27595e-09	-0.359214
1.27599e-09	-0.359127
1.27604e-09	-0.359039
1.27609e-09	-0.358952
1.27613e-09	-0.358864
1.27618e-09	-0.358776
1.27623e-09	-0.358689
1.27627e-09	-0.358601
1.27632e-09	-0.358513
1.27637e-09	-0.358425
1.27641e-09	-0.358337
1.27646e-09	-0.358249
1.2765e-09	-0.358161
1.27655e-09	-0.358073
1.2766e-09	-0.357985
1.27664e-09	-0.357897
1.27669e-09	-0.357808
1.27674e-09	-0.35772
1.27678e-09	-0.357632
1.27683e-09	-0.357543
1.27688e-09	-0.357455
1.27692e-09	-0.357366
1.27697e-09	-0.357277
1.27701e-09	-0.357188
1.27706e-09	-0.3571
1.27711e-09	-0.357011
1.27715e-09	-0.356922
1.2772e-09	-0.356833
1.27725e-09	-0.356744
1.27729e-09	-0.356655
1.27734e-09	-0.356566
1.27739e-09	-0.356476
1.27743e-09	-0.356387
1.27748e-09	-0.356298
1.27753e-09	-0.356208
1.27757e-09	-0.356119
1.27762e-09	-0.356029
1.27766e-09	-0.355939
1.27771e-09	-0.35585
1.27776e-09	-0.35576
1.2778e-09	-0.35567
1.27785e-09	-0.35558
1.2779e-09	-0.35549
1.27794e-09	-0.355401
1.27799e-09	-0.35531
1.27804e-09	-0.35522
1.27808e-09	-0.35513
1.27813e-09	-0.35504
1.27818e-09	-0.35495
1.27822e-09	-0.354859
1.27827e-09	-0.354769
1.27831e-09	-0.354678
1.27836e-09	-0.354588
1.27841e-09	-0.354497
1.27845e-09	-0.354407
1.2785e-09	-0.354316
1.27855e-09	-0.354225
1.27859e-09	-0.354134
1.27864e-09	-0.354043
1.27869e-09	-0.353952
1.27873e-09	-0.353862
1.27878e-09	-0.35377
1.27883e-09	-0.353679
1.27887e-09	-0.353588
1.27892e-09	-0.353497
1.27896e-09	-0.353406
1.27901e-09	-0.353314
1.27906e-09	-0.353223
1.2791e-09	-0.353131
1.27915e-09	-0.35304
1.2792e-09	-0.352948
1.27924e-09	-0.352856
1.27929e-09	-0.352765
1.27934e-09	-0.352673
1.27938e-09	-0.352581
1.27943e-09	-0.352489
1.27948e-09	-0.352397
1.27952e-09	-0.352305
1.27957e-09	-0.352213
1.27961e-09	-0.352121
1.27966e-09	-0.352029
1.27971e-09	-0.351937
1.27975e-09	-0.351844
1.2798e-09	-0.351752
1.27985e-09	-0.351659
1.27989e-09	-0.351567
1.27994e-09	-0.351474
1.27999e-09	-0.351382
1.28003e-09	-0.351289
1.28008e-09	-0.351196
1.28012e-09	-0.351104
1.28017e-09	-0.351011
1.28022e-09	-0.350918
1.28026e-09	-0.350825
1.28031e-09	-0.350732
1.28036e-09	-0.350639
1.2804e-09	-0.350546
1.28045e-09	-0.350452
1.2805e-09	-0.350359
1.28054e-09	-0.350266
1.28059e-09	-0.350173
1.28064e-09	-0.350079
1.28068e-09	-0.349986
1.28073e-09	-0.349892
1.28077e-09	-0.349799
1.28082e-09	-0.349705
1.28087e-09	-0.349611
1.28091e-09	-0.349517
1.28096e-09	-0.349424
1.28101e-09	-0.34933
1.28105e-09	-0.349236
1.2811e-09	-0.349142
1.28115e-09	-0.349048
1.28119e-09	-0.348954
1.28124e-09	-0.34886
1.28129e-09	-0.348765
1.28133e-09	-0.348671
1.28138e-09	-0.348577
1.28142e-09	-0.348482
1.28147e-09	-0.348388
1.28152e-09	-0.348293
1.28156e-09	-0.348199
1.28161e-09	-0.348104
1.28166e-09	-0.34801
1.2817e-09	-0.347915
1.28175e-09	-0.34782
1.2818e-09	-0.347725
1.28184e-09	-0.34763
1.28189e-09	-0.347536
1.28194e-09	-0.347441
1.28198e-09	-0.347345
1.28203e-09	-0.34725
1.28207e-09	-0.347155
1.28212e-09	-0.34706
1.28217e-09	-0.346965
1.28221e-09	-0.346869
1.28226e-09	-0.346774
1.28231e-09	-0.346679
1.28235e-09	-0.346583
1.2824e-09	-0.346488
1.28245e-09	-0.346392
1.28249e-09	-0.346296
1.28254e-09	-0.346201
1.28258e-09	-0.346105
1.28263e-09	-0.346009
1.28268e-09	-0.345913
1.28272e-09	-0.345817
1.28277e-09	-0.345721
1.28282e-09	-0.345625
1.28286e-09	-0.345529
1.28291e-09	-0.345433
1.28296e-09	-0.345337
1.283e-09	-0.34524
1.28305e-09	-0.345144
1.2831e-09	-0.345048
1.28314e-09	-0.344951
1.28319e-09	-0.344855
1.28323e-09	-0.344758
1.28328e-09	-0.344662
1.28333e-09	-0.344565
1.28337e-09	-0.344468
1.28342e-09	-0.344372
1.28347e-09	-0.344275
1.28351e-09	-0.344178
1.28356e-09	-0.344081
1.28361e-09	-0.343984
1.28365e-09	-0.343887
1.2837e-09	-0.34379
1.28375e-09	-0.343693
1.28379e-09	-0.343596
1.28384e-09	-0.343499
1.28388e-09	-0.343401
1.28393e-09	-0.343304
1.28398e-09	-0.343207
1.28402e-09	-0.343109
1.28407e-09	-0.343012
1.28412e-09	-0.342914
1.28416e-09	-0.342817
1.28421e-09	-0.342719
1.28426e-09	-0.342621
1.2843e-09	-0.342524
1.28435e-09	-0.342426
1.2844e-09	-0.342328
1.28444e-09	-0.34223
1.28449e-09	-0.342132
1.28453e-09	-0.342034
1.28458e-09	-0.341936
1.28463e-09	-0.341838
1.28467e-09	-0.34174
1.28472e-09	-0.341641
1.28477e-09	-0.341543
1.28481e-09	-0.341445
1.28486e-09	-0.341346
1.28491e-09	-0.341248
1.28495e-09	-0.34115
1.285e-09	-0.341051
1.28505e-09	-0.340952
1.28509e-09	-0.340854
1.28514e-09	-0.340755
1.28518e-09	-0.340656
1.28523e-09	-0.340558
1.28528e-09	-0.340459
1.28532e-09	-0.34036
1.28537e-09	-0.340261
1.28542e-09	-0.340162
1.28546e-09	-0.340063
1.28551e-09	-0.339964
1.28556e-09	-0.339865
1.2856e-09	-0.339766
1.28565e-09	-0.339666
1.28569e-09	-0.339567
1.28574e-09	-0.339468
1.28579e-09	-0.339368
1.28583e-09	-0.339269
1.28588e-09	-0.339169
1.28593e-09	-0.33907
1.28597e-09	-0.33897
1.28602e-09	-0.338871
1.28607e-09	-0.338771
1.28611e-09	-0.338671
1.28616e-09	-0.338571
1.28621e-09	-0.338472
1.28625e-09	-0.338372
1.2863e-09	-0.338272
1.28634e-09	-0.338172
1.28639e-09	-0.338072
1.28644e-09	-0.337972
1.28648e-09	-0.337871
1.28653e-09	-0.337771
1.28658e-09	-0.337671
1.28662e-09	-0.337571
1.28667e-09	-0.33747
1.28672e-09	-0.33737
1.28676e-09	-0.33727
1.28681e-09	-0.337169
1.28686e-09	-0.337069
1.2869e-09	-0.336968
1.28695e-09	-0.336867
1.28699e-09	-0.336767
1.28704e-09	-0.336666
1.28709e-09	-0.336565
1.28713e-09	-0.336464
1.28718e-09	-0.336364
1.28723e-09	-0.336263
1.28727e-09	-0.336162
1.28732e-09	-0.336061
1.28737e-09	-0.33596
1.28741e-09	-0.335858
1.28746e-09	-0.335757
1.28751e-09	-0.335656
1.28755e-09	-0.335555
1.2876e-09	-0.335454
1.28764e-09	-0.335352
1.28769e-09	-0.335251
1.28774e-09	-0.335149
1.28778e-09	-0.335048
1.28783e-09	-0.334946
1.28788e-09	-0.334845
1.28792e-09	-0.334743
1.28797e-09	-0.334641
1.28802e-09	-0.33454
1.28806e-09	-0.334438
1.28811e-09	-0.334336
1.28816e-09	-0.334234
1.2882e-09	-0.334132
1.28825e-09	-0.33403
1.28829e-09	-0.333928
1.28834e-09	-0.333826
1.28839e-09	-0.333724
1.28843e-09	-0.333622
1.28848e-09	-0.33352
1.28853e-09	-0.333417
1.28857e-09	-0.333315
1.28862e-09	-0.333213
1.28867e-09	-0.33311
1.28871e-09	-0.333008
1.28876e-09	-0.332906
1.2888e-09	-0.332803
1.28885e-09	-0.3327
1.2889e-09	-0.332598
1.28894e-09	-0.332495
1.28899e-09	-0.332392
1.28904e-09	-0.33229
1.28908e-09	-0.332187
1.28913e-09	-0.332084
1.28918e-09	-0.331981
1.28922e-09	-0.331878
1.28927e-09	-0.331775
1.28932e-09	-0.331672
1.28936e-09	-0.331569
1.28941e-09	-0.331466
1.28945e-09	-0.331363
1.2895e-09	-0.33126
1.28955e-09	-0.331156
1.28959e-09	-0.331053
1.28964e-09	-0.33095
1.28969e-09	-0.330846
1.28973e-09	-0.330743
1.28978e-09	-0.330639
1.28983e-09	-0.330536
1.28987e-09	-0.330432
1.28992e-09	-0.330329
1.28997e-09	-0.330225
1.29001e-09	-0.330121
1.29006e-09	-0.330017
1.2901e-09	-0.329914
1.29015e-09	-0.32981
1.2902e-09	-0.329706
1.29024e-09	-0.329602
1.29029e-09	-0.329498
1.29034e-09	-0.329394
1.29038e-09	-0.32929
1.29043e-09	-0.329186
1.29048e-09	-0.329082
1.29052e-09	-0.328977
1.29057e-09	-0.328873
1.29062e-09	-0.328769
1.29066e-09	-0.328665
1.29071e-09	-0.32856
1.29075e-09	-0.328456
1.2908e-09	-0.328351
1.29085e-09	-0.328247
1.29089e-09	-0.328142
1.29094e-09	-0.328038
1.29099e-09	-0.327933
1.29103e-09	-0.327828
1.29108e-09	-0.327724
1.29113e-09	-0.327619
1.29117e-09	-0.327514
1.29122e-09	-0.327409
1.29127e-09	-0.327304
1.29131e-09	-0.327199
1.29136e-09	-0.327094
1.2914e-09	-0.326989
1.29145e-09	-0.326884
1.2915e-09	-0.326779
1.29154e-09	-0.326674
1.29159e-09	-0.326569
1.29164e-09	-0.326464
1.29168e-09	-0.326358
1.29173e-09	-0.326253
1.29178e-09	-0.326148
1.29182e-09	-0.326042
1.29187e-09	-0.325937
1.29191e-09	-0.325831
1.29196e-09	-0.325726
1.29201e-09	-0.32562
1.29205e-09	-0.325515
1.2921e-09	-0.325409
1.29215e-09	-0.325303
1.29219e-09	-0.325197
1.29224e-09	-0.325092
1.29229e-09	-0.324986
1.29233e-09	-0.32488
1.29238e-09	-0.324774
1.29243e-09	-0.324668
1.29247e-09	-0.324562
1.29252e-09	-0.324456
1.29256e-09	-0.32435
1.29261e-09	-0.324244
1.29266e-09	-0.324138
1.2927e-09	-0.324032
1.29275e-09	-0.323925
1.2928e-09	-0.323819
1.29284e-09	-0.323713
1.29289e-09	-0.323606
1.29294e-09	-0.3235
1.29298e-09	-0.323394
1.29303e-09	-0.323287
1.29308e-09	-0.323181
1.29312e-09	-0.323074
1.29317e-09	-0.322967
1.29321e-09	-0.322861
1.29326e-09	-0.322754
1.29331e-09	-0.322647
1.29335e-09	-0.322541
1.2934e-09	-0.322434
1.29345e-09	-0.322327
1.29349e-09	-0.32222
1.29354e-09	-0.322113
1.29359e-09	-0.322006
1.29363e-09	-0.321899
1.29368e-09	-0.321792
1.29373e-09	-0.321685
1.29377e-09	-0.321578
1.29382e-09	-0.321471
1.29386e-09	-0.321363
1.29391e-09	-0.321256
1.29396e-09	-0.321149
1.294e-09	-0.321042
1.29405e-09	-0.320934
1.2941e-09	-0.320827
1.29414e-09	-0.320719
1.29419e-09	-0.320612
1.29424e-09	-0.320504
1.29428e-09	-0.320397
1.29433e-09	-0.320289
1.29438e-09	-0.320182
1.29442e-09	-0.320074
1.29447e-09	-0.319966
1.29451e-09	-0.319858
1.29456e-09	-0.319751
1.29461e-09	-0.319643
1.29465e-09	-0.319535
1.2947e-09	-0.319427
1.29475e-09	-0.319319
1.29479e-09	-0.319211
1.29484e-09	-0.319103
1.29489e-09	-0.318995
1.29493e-09	-0.318887
1.29498e-09	-0.318779
1.29502e-09	-0.318671
1.29507e-09	-0.318562
1.29512e-09	-0.318454
1.29516e-09	-0.318346
1.29521e-09	-0.318237
1.29526e-09	-0.318129
1.2953e-09	-0.318021
1.29535e-09	-0.317912
1.2954e-09	-0.317804
1.29544e-09	-0.317695
1.29549e-09	-0.317587
1.29554e-09	-0.317478
1.29558e-09	-0.317369
1.29563e-09	-0.317261
1.29567e-09	-0.317152
1.29572e-09	-0.317043
1.29577e-09	-0.316935
1.29581e-09	-0.316826
1.29586e-09	-0.316717
1.29591e-09	-0.316608
1.29595e-09	-0.316499
1.296e-09	-0.31639
1.29605e-09	-0.316281
1.29609e-09	-0.316172
1.29614e-09	-0.316063
1.29619e-09	-0.315954
1.29623e-09	-0.315845
1.29628e-09	-0.315736
1.29632e-09	-0.315626
1.29637e-09	-0.315517
1.29642e-09	-0.315408
1.29646e-09	-0.315298
1.29651e-09	-0.315189
1.29656e-09	-0.31508
1.2966e-09	-0.31497
1.29665e-09	-0.314861
1.2967e-09	-0.314751
1.29674e-09	-0.314642
1.29679e-09	-0.314532
1.29684e-09	-0.314422
1.29688e-09	-0.314313
1.29693e-09	-0.314203
1.29697e-09	-0.314093
1.29702e-09	-0.313984
1.29707e-09	-0.313874
1.29711e-09	-0.313764
1.29716e-09	-0.313654
1.29721e-09	-0.313544
1.29725e-09	-0.313434
1.2973e-09	-0.313324
1.29735e-09	-0.313214
1.29739e-09	-0.313104
1.29744e-09	-0.312994
1.29749e-09	-0.312884
1.29753e-09	-0.312774
1.29758e-09	-0.312664
1.29762e-09	-0.312554
1.29767e-09	-0.312443
1.29772e-09	-0.312333
1.29776e-09	-0.312223
1.29781e-09	-0.312112
1.29786e-09	-0.312002
1.2979e-09	-0.311892
1.29795e-09	-0.311781
1.298e-09	-0.311671
1.29804e-09	-0.31156
1.29809e-09	-0.311449
1.29813e-09	-0.311339
1.29818e-09	-0.311228
1.29823e-09	-0.311118
1.29827e-09	-0.311007
1.29832e-09	-0.310896
1.29837e-09	-0.310785
1.29841e-09	-0.310675
1.29846e-09	-0.310564
1.29851e-09	-0.310453
1.29855e-09	-0.310342
1.2986e-09	-0.310231
1.29865e-09	-0.31012
1.29869e-09	-0.310009
1.29874e-09	-0.309898
1.29878e-09	-0.309787
1.29883e-09	-0.309676
1.29888e-09	-0.309565
1.29892e-09	-0.309454
1.29897e-09	-0.309342
1.29902e-09	-0.309231
1.29906e-09	-0.30912
1.29911e-09	-0.309009
1.29916e-09	-0.308897
1.2992e-09	-0.308786
1.29925e-09	-0.308675
1.2993e-09	-0.308563
1.29934e-09	-0.308452
1.29939e-09	-0.30834
1.29943e-09	-0.308229
1.29948e-09	-0.308117
1.29953e-09	-0.308005
1.29957e-09	-0.307894
1.29962e-09	-0.307782
1.29967e-09	-0.30767
1.29971e-09	-0.307559
1.29976e-09	-0.307447
1.29981e-09	-0.307335
1.29985e-09	-0.307223
1.2999e-09	-0.307112
1.29995e-09	-0.307
1.29999e-09	-0.306888
1.30004e-09	-0.306776
1.30008e-09	-0.306664
1.30013e-09	-0.306552
1.30018e-09	-0.30644
1.30022e-09	-0.306328
1.30027e-09	-0.306216
1.30032e-09	-0.306103
1.30036e-09	-0.305991
1.30041e-09	-0.305879
1.30046e-09	-0.305767
1.3005e-09	-0.305655
1.30055e-09	-0.305542
1.30059e-09	-0.30543
1.30064e-09	-0.305318
1.30069e-09	-0.305205
1.30073e-09	-0.305093
1.30078e-09	-0.30498
1.30083e-09	-0.304868
1.30087e-09	-0.304756
1.30092e-09	-0.304643
1.30097e-09	-0.30453
1.30101e-09	-0.304418
1.30106e-09	-0.304305
1.30111e-09	-0.304193
1.30115e-09	-0.30408
1.3012e-09	-0.303967
1.30124e-09	-0.303854
1.30129e-09	-0.303742
1.30134e-09	-0.303629
1.30138e-09	-0.303516
1.30143e-09	-0.303403
1.30148e-09	-0.30329
1.30152e-09	-0.303177
1.30157e-09	-0.303064
1.30162e-09	-0.302951
1.30166e-09	-0.302838
1.30171e-09	-0.302725
1.30176e-09	-0.302612
1.3018e-09	-0.302499
1.30185e-09	-0.302386
1.30189e-09	-0.302273
1.30194e-09	-0.30216
1.30199e-09	-0.302046
1.30203e-09	-0.301933
1.30208e-09	-0.30182
1.30213e-09	-0.301707
1.30217e-09	-0.301593
1.30222e-09	-0.30148
1.30227e-09	-0.301366
1.30231e-09	-0.301253
1.30236e-09	-0.30114
1.30241e-09	-0.301026
1.30245e-09	-0.300913
1.3025e-09	-0.300799
1.30254e-09	-0.300685
1.30259e-09	-0.300572
1.30264e-09	-0.300458
1.30268e-09	-0.300345
1.30273e-09	-0.300231
1.30278e-09	-0.300117
1.30282e-09	-0.300003
1.30287e-09	-0.29989
1.30292e-09	-0.299776
1.30296e-09	-0.299662
1.30301e-09	-0.299548
1.30306e-09	-0.299434
1.3031e-09	-0.29932
1.30315e-09	-0.299207
1.30319e-09	-0.299093
1.30324e-09	-0.298979
1.30329e-09	-0.298865
1.30333e-09	-0.298751
1.30338e-09	-0.298636
1.30343e-09	-0.298522
1.30347e-09	-0.298408
1.30352e-09	-0.298294
1.30357e-09	-0.29818
1.30361e-09	-0.298066
1.30366e-09	-0.297951
1.3037e-09	-0.297837
1.30375e-09	-0.297723
1.3038e-09	-0.297609
1.30384e-09	-0.297494
1.30389e-09	-0.29738
1.30394e-09	-0.297265
1.30398e-09	-0.297151
1.30403e-09	-0.297037
1.30408e-09	-0.296922
1.30412e-09	-0.296808
1.30417e-09	-0.296693
1.30422e-09	-0.296579
1.30426e-09	-0.296464
1.30431e-09	-0.296349
1.30435e-09	-0.296235
1.3044e-09	-0.29612
1.30445e-09	-0.296005
1.30449e-09	-0.295891
1.30454e-09	-0.295776
1.30459e-09	-0.295661
1.30463e-09	-0.295546
1.30468e-09	-0.295431
1.30473e-09	-0.295317
1.30477e-09	-0.295202
1.30482e-09	-0.295087
1.30487e-09	-0.294972
1.30491e-09	-0.294857
1.30496e-09	-0.294742
1.305e-09	-0.294627
1.30505e-09	-0.294512
1.3051e-09	-0.294397
1.30514e-09	-0.294282
1.30519e-09	-0.294167
1.30524e-09	-0.294052
1.30528e-09	-0.293937
1.30533e-09	-0.293821
1.30538e-09	-0.293706
1.30542e-09	-0.293591
1.30547e-09	-0.293476
1.30552e-09	-0.29336
1.30556e-09	-0.293245
1.30561e-09	-0.29313
1.30565e-09	-0.293014
1.3057e-09	-0.292899
1.30575e-09	-0.292784
1.30579e-09	-0.292668
1.30584e-09	-0.292553
1.30589e-09	-0.292437
1.30593e-09	-0.292322
1.30598e-09	-0.292206
1.30603e-09	-0.292091
1.30607e-09	-0.291975
1.30612e-09	-0.29186
1.30617e-09	-0.291744
1.30621e-09	-0.291628
1.30626e-09	-0.291513
1.3063e-09	-0.291397
1.30635e-09	-0.291281
1.3064e-09	-0.291166
1.30644e-09	-0.29105
1.30649e-09	-0.290934
1.30654e-09	-0.290818
1.30658e-09	-0.290702
1.30663e-09	-0.290587
1.30668e-09	-0.290471
1.30672e-09	-0.290355
1.30677e-09	-0.290239
1.30681e-09	-0.290123
1.30686e-09	-0.290007
1.30691e-09	-0.289891
1.30695e-09	-0.289775
1.307e-09	-0.289659
1.30705e-09	-0.289543
1.30709e-09	-0.289427
1.30714e-09	-0.289311
1.30719e-09	-0.289194
1.30723e-09	-0.289078
1.30728e-09	-0.288962
1.30733e-09	-0.288846
1.30737e-09	-0.28873
1.30742e-09	-0.288613
1.30746e-09	-0.288497
1.30751e-09	-0.288381
1.30756e-09	-0.288265
1.3076e-09	-0.288148
1.30765e-09	-0.288032
1.3077e-09	-0.287915
1.30774e-09	-0.287799
1.30779e-09	-0.287683
1.30784e-09	-0.287566
1.30788e-09	-0.28745
1.30793e-09	-0.287333
1.30798e-09	-0.287217
1.30802e-09	-0.2871
1.30807e-09	-0.286984
1.30811e-09	-0.286867
1.30816e-09	-0.28675
1.30821e-09	-0.286634
1.30825e-09	-0.286517
1.3083e-09	-0.286401
1.30835e-09	-0.286284
1.30839e-09	-0.286167
1.30844e-09	-0.28605
1.30849e-09	-0.285934
1.30853e-09	-0.285817
1.30858e-09	-0.2857
1.30863e-09	-0.285583
1.30867e-09	-0.285466
1.30872e-09	-0.28535
1.30876e-09	-0.285233
1.30881e-09	-0.285116
1.30886e-09	-0.284999
1.3089e-09	-0.284882
1.30895e-09	-0.284765
1.309e-09	-0.284648
1.30904e-09	-0.284531
1.30909e-09	-0.284414
1.30914e-09	-0.284297
1.30918e-09	-0.28418
1.30923e-09	-0.284063
1.30928e-09	-0.283946
1.30932e-09	-0.283829
1.30937e-09	-0.283711
1.30941e-09	-0.283594
1.30946e-09	-0.283477
1.30951e-09	-0.28336
1.30955e-09	-0.283243
1.3096e-09	-0.283125
1.30965e-09	-0.283008
1.30969e-09	-0.282891
1.30974e-09	-0.282774
1.30979e-09	-0.282656
1.30983e-09	-0.282539
1.30988e-09	-0.282421
1.30992e-09	-0.282304
1.30997e-09	-0.282187
1.31002e-09	-0.282069
1.31006e-09	-0.281952
1.31011e-09	-0.281834
1.31016e-09	-0.281717
1.3102e-09	-0.281599
1.31025e-09	-0.281482
1.3103e-09	-0.281364
1.31034e-09	-0.281247
1.31039e-09	-0.281129
1.31044e-09	-0.281012
1.31048e-09	-0.280894
1.31053e-09	-0.280776
1.31057e-09	-0.280659
1.31062e-09	-0.280541
1.31067e-09	-0.280423
1.31071e-09	-0.280306
1.31076e-09	-0.280188
1.31081e-09	-0.28007
1.31085e-09	-0.279952
1.3109e-09	-0.279835
1.31095e-09	-0.279717
1.31099e-09	-0.279599
1.31104e-09	-0.279481
1.31109e-09	-0.279363
1.31113e-09	-0.279245
1.31118e-09	-0.279128
1.31122e-09	-0.27901
1.31127e-09	-0.278892
1.31132e-09	-0.278774
1.31136e-09	-0.278656
1.31141e-09	-0.278538
1.31146e-09	-0.27842
1.3115e-09	-0.278302
1.31155e-09	-0.278184
1.3116e-09	-0.278066
1.31164e-09	-0.277948
1.31169e-09	-0.27783
1.31174e-09	-0.277711
1.31178e-09	-0.277593
1.31183e-09	-0.277475
1.31187e-09	-0.277357
1.31192e-09	-0.277239
1.31197e-09	-0.277121
1.31201e-09	-0.277002
1.31206e-09	-0.276884
1.31211e-09	-0.276766
1.31215e-09	-0.276648
1.3122e-09	-0.276529
1.31225e-09	-0.276411
1.31229e-09	-0.276293
1.31234e-09	-0.276175
1.31239e-09	-0.276056
1.31243e-09	-0.275938
1.31248e-09	-0.275819
1.31252e-09	-0.275701
1.31257e-09	-0.275583
1.31262e-09	-0.275464
1.31266e-09	-0.275346
1.31271e-09	-0.275227
1.31276e-09	-0.275109
1.3128e-09	-0.27499
1.31285e-09	-0.274872
1.3129e-09	-0.274753
1.31294e-09	-0.274635
1.31299e-09	-0.274516
1.31303e-09	-0.274398
1.31308e-09	-0.274279
1.31313e-09	-0.27416
1.31317e-09	-0.274042
1.31322e-09	-0.273923
1.31327e-09	-0.273805
1.31331e-09	-0.273686
1.31336e-09	-0.273567
1.31341e-09	-0.273449
1.31345e-09	-0.27333
1.3135e-09	-0.273211
1.31355e-09	-0.273092
1.31359e-09	-0.272974
1.31364e-09	-0.272855
1.31368e-09	-0.272736
1.31373e-09	-0.272617
1.31378e-09	-0.272498
1.31382e-09	-0.27238
1.31387e-09	-0.272261
1.31392e-09	-0.272142
1.31396e-09	-0.272023
1.31401e-09	-0.271904
1.31406e-09	-0.271785
1.3141e-09	-0.271666
1.31415e-09	-0.271547
1.3142e-09	-0.271428
1.31424e-09	-0.271309
1.31429e-09	-0.27119
1.31433e-09	-0.271071
1.31438e-09	-0.270952
1.31443e-09	-0.270833
1.31447e-09	-0.270714
1.31452e-09	-0.270595
1.31457e-09	-0.270476
1.31461e-09	-0.270357
1.31466e-09	-0.270238
1.31471e-09	-0.270119
1.31475e-09	-0.27
1.3148e-09	-0.269881
1.31485e-09	-0.269761
1.31489e-09	-0.269642
1.31494e-09	-0.269523
1.31498e-09	-0.269404
1.31503e-09	-0.269285
1.31508e-09	-0.269166
1.31512e-09	-0.269046
1.31517e-09	-0.268927
1.31522e-09	-0.268808
1.31526e-09	-0.268688
1.31531e-09	-0.268569
1.31536e-09	-0.26845
1.3154e-09	-0.268331
1.31545e-09	-0.268211
1.3155e-09	-0.268092
1.31554e-09	-0.267973
1.31559e-09	-0.267853
1.31563e-09	-0.267734
1.31568e-09	-0.267614
1.31573e-09	-0.267495
1.31577e-09	-0.267376
1.31582e-09	-0.267256
1.31587e-09	-0.267137
1.31591e-09	-0.267017
1.31596e-09	-0.266898
1.31601e-09	-0.266778
1.31605e-09	-0.266659
1.3161e-09	-0.266539
1.31614e-09	-0.26642
1.31619e-09	-0.2663
1.31624e-09	-0.266181
1.31628e-09	-0.266061
1.31633e-09	-0.265942
1.31638e-09	-0.265822
1.31642e-09	-0.265702
1.31647e-09	-0.265583
1.31652e-09	-0.265463
1.31656e-09	-0.265344
1.31661e-09	-0.265224
1.31666e-09	-0.265104
1.3167e-09	-0.264985
1.31675e-09	-0.264865
1.31679e-09	-0.264745
1.31684e-09	-0.264625
1.31689e-09	-0.264506
1.31693e-09	-0.264386
1.31698e-09	-0.264266
1.31703e-09	-0.264147
1.31707e-09	-0.264027
1.31712e-09	-0.263907
1.31717e-09	-0.263787
1.31721e-09	-0.263667
1.31726e-09	-0.263548
1.31731e-09	-0.263428
1.31735e-09	-0.263308
1.3174e-09	-0.263188
1.31744e-09	-0.263068
1.31749e-09	-0.262948
1.31754e-09	-0.262829
1.31758e-09	-0.262709
1.31763e-09	-0.262589
1.31768e-09	-0.262469
1.31772e-09	-0.262349
1.31777e-09	-0.262229
1.31782e-09	-0.262109
1.31786e-09	-0.261989
1.31791e-09	-0.261869
1.31796e-09	-0.261749
1.318e-09	-0.261629
1.31805e-09	-0.261509
1.31809e-09	-0.261389
1.31814e-09	-0.261269
1.31819e-09	-0.261149
1.31823e-09	-0.261029
1.31828e-09	-0.260909
1.31833e-09	-0.260789
1.31837e-09	-0.260669
1.31842e-09	-0.260549
1.31847e-09	-0.260429
1.31851e-09	-0.260309
1.31856e-09	-0.260189
1.3186e-09	-0.260069
1.31865e-09	-0.259949
1.3187e-09	-0.259828
1.31874e-09	-0.259708
1.31879e-09	-0.259588
1.31884e-09	-0.259468
1.31888e-09	-0.259348
1.31893e-09	-0.259228
1.31898e-09	-0.259108
1.31902e-09	-0.258987
1.31907e-09	-0.258867
1.31912e-09	-0.258747
1.31916e-09	-0.258627
1.31921e-09	-0.258506
1.31925e-09	-0.258386
1.3193e-09	-0.258266
1.31935e-09	-0.258146
1.31939e-09	-0.258025
1.31944e-09	-0.257905
1.31949e-09	-0.257785
1.31953e-09	-0.257665
1.31958e-09	-0.257544
1.31963e-09	-0.257424
1.31967e-09	-0.257304
1.31972e-09	-0.257183
1.31977e-09	-0.257063
1.31981e-09	-0.256943
1.31986e-09	-0.256822
1.3199e-09	-0.256702
1.31995e-09	-0.256582
1.32e-09	-0.256461
1.32004e-09	-0.256341
1.32009e-09	-0.25622
1.32014e-09	-0.2561
1.32018e-09	-0.25598
1.32023e-09	-0.255859
1.32028e-09	-0.255739
1.32032e-09	-0.255618
1.32037e-09	-0.255498
1.32042e-09	-0.255378
1.32046e-09	-0.255257
1.32051e-09	-0.255137
1.32055e-09	-0.255016
1.3206e-09	-0.254896
1.32065e-09	-0.254775
1.32069e-09	-0.254655
1.32074e-09	-0.254534
1.32079e-09	-0.254414
1.32083e-09	-0.254293
1.32088e-09	-0.254173
1.32093e-09	-0.254052
1.32097e-09	-0.253932
1.32102e-09	-0.253811
1.32107e-09	-0.253691
1.32111e-09	-0.25357
1.32116e-09	-0.253449
1.3212e-09	-0.253329
1.32125e-09	-0.253208
1.3213e-09	-0.253088
1.32134e-09	-0.252967
1.32139e-09	-0.252846
1.32144e-09	-0.252726
1.32148e-09	-0.252605
1.32153e-09	-0.252485
1.32158e-09	-0.252364
1.32162e-09	-0.252243
1.32167e-09	-0.252123
1.32171e-09	-0.252002
1.32176e-09	-0.251881
1.32181e-09	-0.251761
1.32185e-09	-0.25164
1.3219e-09	-0.251519
1.32195e-09	-0.251399
1.32199e-09	-0.251278
1.32204e-09	-0.251157
1.32209e-09	-0.251037
1.32213e-09	-0.250916
1.32218e-09	-0.250795
1.32223e-09	-0.250675
1.32227e-09	-0.250554
1.32232e-09	-0.250433
1.32236e-09	-0.250312
1.32241e-09	-0.250192
1.32246e-09	-0.250071
1.3225e-09	-0.24995
1.32255e-09	-0.249829
1.3226e-09	-0.249709
1.32264e-09	-0.249588
1.32269e-09	-0.249467
1.32274e-09	-0.249346
1.32278e-09	-0.249226
1.32283e-09	-0.249105
1.32288e-09	-0.248984
1.32292e-09	-0.248863
1.32297e-09	-0.248743
1.32301e-09	-0.248622
1.32306e-09	-0.248501
1.32311e-09	-0.24838
1.32315e-09	-0.248259
1.3232e-09	-0.248138
1.32325e-09	-0.248018
1.32329e-09	-0.247897
1.32334e-09	-0.247776
1.32339e-09	-0.247655
1.32343e-09	-0.247534
1.32348e-09	-0.247413
1.32353e-09	-0.247293
1.32357e-09	-0.247172
1.32362e-09	-0.247051
1.32366e-09	-0.24693
1.32371e-09	-0.246809
1.32376e-09	-0.246688
1.3238e-09	-0.246567
1.32385e-09	-0.246446
1.3239e-09	-0.246326
1.32394e-09	-0.246205
1.32399e-09	-0.246084
1.32404e-09	-0.245963
1.32408e-09	-0.245842
1.32413e-09	-0.245721
1.32418e-09	-0.2456
1.32422e-09	-0.245479
1.32427e-09	-0.245358
1.32431e-09	-0.245237
1.32436e-09	-0.245117
1.32441e-09	-0.244996
1.32445e-09	-0.244875
1.3245e-09	-0.244754
1.32455e-09	-0.244633
1.32459e-09	-0.244512
1.32464e-09	-0.244391
1.32469e-09	-0.24427
1.32473e-09	-0.244149
1.32478e-09	-0.244028
1.32482e-09	-0.243907
1.32487e-09	-0.243786
1.32492e-09	-0.243665
1.32496e-09	-0.243544
1.32501e-09	-0.243423
1.32506e-09	-0.243302
1.3251e-09	-0.243181
1.32515e-09	-0.24306
1.3252e-09	-0.242939
1.32524e-09	-0.242818
1.32529e-09	-0.242697
1.32534e-09	-0.242576
1.32538e-09	-0.242455
1.32543e-09	-0.242334
1.32547e-09	-0.242213
1.32552e-09	-0.242092
1.32557e-09	-0.241971
1.32561e-09	-0.24185
1.32566e-09	-0.241729
1.32571e-09	-0.241608
1.32575e-09	-0.241487
1.3258e-09	-0.241366
1.32585e-09	-0.241245
1.32589e-09	-0.241124
1.32594e-09	-0.241003
1.32599e-09	-0.240882
1.32603e-09	-0.240761
1.32608e-09	-0.24064
1.32612e-09	-0.240519
1.32617e-09	-0.240398
1.32622e-09	-0.240277
1.32626e-09	-0.240156
1.32631e-09	-0.240035
1.32636e-09	-0.239914
1.3264e-09	-0.239793
1.32645e-09	-0.239672
1.3265e-09	-0.239551
1.32654e-09	-0.23943
1.32659e-09	-0.239309
1.32664e-09	-0.239188
1.32668e-09	-0.239067
1.32673e-09	-0.238946
1.32677e-09	-0.238825
1.32682e-09	-0.238704
1.32687e-09	-0.238583
1.32691e-09	-0.238461
1.32696e-09	-0.23834
1.32701e-09	-0.238219
1.32705e-09	-0.238098
1.3271e-09	-0.237977
1.32715e-09	-0.237856
1.32719e-09	-0.237735
1.32724e-09	-0.237614
1.32729e-09	-0.237493
1.32733e-09	-0.237372
1.32738e-09	-0.237251
1.32742e-09	-0.23713
1.32747e-09	-0.237009
1.32752e-09	-0.236888
1.32756e-09	-0.236767
1.32761e-09	-0.236646
1.32766e-09	-0.236525
1.3277e-09	-0.236403
1.32775e-09	-0.236282
1.3278e-09	-0.236161
1.32784e-09	-0.23604
1.32789e-09	-0.235919
1.32793e-09	-0.235798
1.32798e-09	-0.235677
1.32803e-09	-0.235556
1.32807e-09	-0.235435
1.32812e-09	-0.235314
1.32817e-09	-0.235193
1.32821e-09	-0.235072
1.32826e-09	-0.234951
1.32831e-09	-0.23483
1.32835e-09	-0.234709
1.3284e-09	-0.234588
1.32845e-09	-0.234467
1.32849e-09	-0.234345
1.32854e-09	-0.234224
1.32858e-09	-0.234103
1.32863e-09	-0.233982
1.32868e-09	-0.233861
1.32872e-09	-0.23374
1.32877e-09	-0.233619
1.32882e-09	-0.233498
1.32886e-09	-0.233377
1.32891e-09	-0.233256
1.32896e-09	-0.233135
1.329e-09	-0.233014
1.32905e-09	-0.232893
1.3291e-09	-0.232772
1.32914e-09	-0.232651
1.32919e-09	-0.23253
1.32923e-09	-0.232409
1.32928e-09	-0.232288
1.32933e-09	-0.232167
1.32937e-09	-0.232046
1.32942e-09	-0.231925
1.32947e-09	-0.231803
1.32951e-09	-0.231682
1.32956e-09	-0.231561
1.32961e-09	-0.23144
1.32965e-09	-0.231319
1.3297e-09	-0.231198
1.32975e-09	-0.231077
1.32979e-09	-0.230956
1.32984e-09	-0.230835
1.32988e-09	-0.230714
1.32993e-09	-0.230593
1.32998e-09	-0.230472
1.33002e-09	-0.230351
1.33007e-09	-0.23023
1.33012e-09	-0.230109
1.33016e-09	-0.229988
1.33021e-09	-0.229867
1.33026e-09	-0.229746
1.3303e-09	-0.229625
1.33035e-09	-0.229504
1.3304e-09	-0.229383
1.33044e-09	-0.229262
1.33049e-09	-0.229141
1.33053e-09	-0.22902
1.33058e-09	-0.228899
1.33063e-09	-0.228778
1.33067e-09	-0.228657
1.33072e-09	-0.228536
1.33077e-09	-0.228415
1.33081e-09	-0.228294
1.33086e-09	-0.228173
1.33091e-09	-0.228052
1.33095e-09	-0.227931
1.331e-09	-0.22781
1.33104e-09	-0.227689
1.33109e-09	-0.227569
1.33114e-09	-0.227448
1.33118e-09	-0.227327
1.33123e-09	-0.227206
1.33128e-09	-0.227085
1.33132e-09	-0.226964
1.33137e-09	-0.226843
1.33142e-09	-0.226722
1.33146e-09	-0.226601
1.33151e-09	-0.22648
1.33156e-09	-0.226359
1.3316e-09	-0.226238
1.33165e-09	-0.226117
1.33169e-09	-0.225996
1.33174e-09	-0.225876
1.33179e-09	-0.225755
1.33183e-09	-0.225634
1.33188e-09	-0.225513
1.33193e-09	-0.225392
1.33197e-09	-0.225271
1.33202e-09	-0.22515
1.33207e-09	-0.225029
1.33211e-09	-0.224908
1.33216e-09	-0.224788
1.33221e-09	-0.224667
1.33225e-09	-0.224546
1.3323e-09	-0.224425
1.33234e-09	-0.224304
1.33239e-09	-0.224183
1.33244e-09	-0.224062
1.33248e-09	-0.223942
1.33253e-09	-0.223821
1.33258e-09	-0.2237
1.33262e-09	-0.223579
1.33267e-09	-0.223458
1.33272e-09	-0.223337
1.33276e-09	-0.223217
1.33281e-09	-0.223096
1.33286e-09	-0.222975
1.3329e-09	-0.222854
1.33295e-09	-0.222733
1.33299e-09	-0.222613
1.33304e-09	-0.222492
1.33309e-09	-0.222371
1.33313e-09	-0.22225
1.33318e-09	-0.222129
1.33323e-09	-0.222009
1.33327e-09	-0.221888
1.33332e-09	-0.221767
1.33337e-09	-0.221646
1.33341e-09	-0.221526
1.33346e-09	-0.221405
1.3335e-09	-0.221284
1.33355e-09	-0.221163
1.3336e-09	-0.221043
1.33364e-09	-0.220922
1.33369e-09	-0.220801
1.33374e-09	-0.220681
1.33378e-09	-0.22056
1.33383e-09	-0.220439
1.33388e-09	-0.220319
1.33392e-09	-0.220198
1.33397e-09	-0.220077
1.33402e-09	-0.219957
1.33406e-09	-0.219836
1.33411e-09	-0.219715
1.33415e-09	-0.219595
1.3342e-09	-0.219474
1.33425e-09	-0.219353
1.33429e-09	-0.219233
1.33434e-09	-0.219112
1.33439e-09	-0.218991
1.33443e-09	-0.218871
1.33448e-09	-0.21875
1.33453e-09	-0.218629
1.33457e-09	-0.218509
1.33462e-09	-0.218388
1.33467e-09	-0.218268
1.33471e-09	-0.218147
1.33476e-09	-0.218027
1.3348e-09	-0.217906
1.33485e-09	-0.217785
1.3349e-09	-0.217665
1.33494e-09	-0.217544
1.33499e-09	-0.217424
1.33504e-09	-0.217303
1.33508e-09	-0.217183
1.33513e-09	-0.217062
1.33518e-09	-0.216942
1.33522e-09	-0.216821
1.33527e-09	-0.216701
1.33532e-09	-0.21658
1.33536e-09	-0.21646
1.33541e-09	-0.216339
1.33545e-09	-0.216219
1.3355e-09	-0.216098
1.33555e-09	-0.215978
1.33559e-09	-0.215857
1.33564e-09	-0.215737
1.33569e-09	-0.215616
1.33573e-09	-0.215496
1.33578e-09	-0.215376
1.33583e-09	-0.215255
1.33587e-09	-0.215135
1.33592e-09	-0.215014
1.33597e-09	-0.214894
1.33601e-09	-0.214774
1.33606e-09	-0.214653
1.3361e-09	-0.214533
1.33615e-09	-0.214413
1.3362e-09	-0.214292
1.33624e-09	-0.214172
1.33629e-09	-0.214051
1.33634e-09	-0.213931
1.33638e-09	-0.213811
1.33643e-09	-0.213691
1.33648e-09	-0.21357
1.33652e-09	-0.21345
1.33657e-09	-0.21333
1.33661e-09	-0.213209
1.33666e-09	-0.213089
1.33671e-09	-0.212969
1.33675e-09	-0.212849
1.3368e-09	-0.212728
1.33685e-09	-0.212608
1.33689e-09	-0.212488
1.33694e-09	-0.212368
1.33699e-09	-0.212247
1.33703e-09	-0.212127
1.33708e-09	-0.212007
1.33713e-09	-0.211887
1.33717e-09	-0.211767
1.33722e-09	-0.211646
1.33726e-09	-0.211526
1.33731e-09	-0.211406
1.33736e-09	-0.211286
1.3374e-09	-0.211166
1.33745e-09	-0.211046
1.3375e-09	-0.210926
1.33754e-09	-0.210805
1.33759e-09	-0.210685
1.33764e-09	-0.210565
1.33768e-09	-0.210445
1.33773e-09	-0.210325
1.33778e-09	-0.210205
1.33782e-09	-0.210085
1.33787e-09	-0.209965
1.33791e-09	-0.209845
1.33796e-09	-0.209725
1.33801e-09	-0.209605
1.33805e-09	-0.209485
1.3381e-09	-0.209365
1.33815e-09	-0.209245
1.33819e-09	-0.209125
1.33824e-09	-0.209005
1.33829e-09	-0.208885
1.33833e-09	-0.208765
1.33838e-09	-0.208645
1.33843e-09	-0.208525
1.33847e-09	-0.208405
1.33852e-09	-0.208285
1.33856e-09	-0.208165
1.33861e-09	-0.208046
1.33866e-09	-0.207926
1.3387e-09	-0.207806
1.33875e-09	-0.207686
1.3388e-09	-0.207566
1.33884e-09	-0.207446
1.33889e-09	-0.207326
1.33894e-09	-0.207207
1.33898e-09	-0.207087
1.33903e-09	-0.206967
1.33908e-09	-0.206847
1.33912e-09	-0.206727
1.33917e-09	-0.206608
1.33921e-09	-0.206488
1.33926e-09	-0.206368
1.33931e-09	-0.206248
1.33935e-09	-0.206129
1.3394e-09	-0.206009
1.33945e-09	-0.205889
1.33949e-09	-0.205769
1.33954e-09	-0.20565
1.33959e-09	-0.20553
1.33963e-09	-0.20541
1.33968e-09	-0.205291
1.33972e-09	-0.205171
1.33977e-09	-0.205051
1.33982e-09	-0.204932
1.33986e-09	-0.204812
1.33991e-09	-0.204693
1.33996e-09	-0.204573
1.34e-09	-0.204453
1.34005e-09	-0.204334
1.3401e-09	-0.204214
1.34014e-09	-0.204095
1.34019e-09	-0.203975
1.34024e-09	-0.203856
1.34028e-09	-0.203736
1.34033e-09	-0.203617
1.34037e-09	-0.203497
1.34042e-09	-0.203378
1.34047e-09	-0.203258
1.34051e-09	-0.203139
1.34056e-09	-0.203019
1.34061e-09	-0.2029
1.34065e-09	-0.202781
1.3407e-09	-0.202661
1.34075e-09	-0.202542
1.34079e-09	-0.202422
1.34084e-09	-0.202303
1.34089e-09	-0.202184
1.34093e-09	-0.202064
1.34098e-09	-0.201945
1.34102e-09	-0.201826
1.34107e-09	-0.201706
1.34112e-09	-0.201587
1.34116e-09	-0.201468
1.34121e-09	-0.201348
1.34126e-09	-0.201229
1.3413e-09	-0.20111
1.34135e-09	-0.200991
1.3414e-09	-0.200871
1.34144e-09	-0.200752
1.34149e-09	-0.200633
1.34154e-09	-0.200514
1.34158e-09	-0.200395
1.34163e-09	-0.200276
1.34167e-09	-0.200156
1.34172e-09	-0.200037
1.34177e-09	-0.199918
1.34181e-09	-0.199799
1.34186e-09	-0.19968
1.34191e-09	-0.199561
1.34195e-09	-0.199442
1.342e-09	-0.199323
1.34205e-09	-0.199204
1.34209e-09	-0.199085
1.34214e-09	-0.198966
1.34219e-09	-0.198847
1.34223e-09	-0.198727
1.34228e-09	-0.198609
1.34232e-09	-0.19849
1.34237e-09	-0.198371
1.34242e-09	-0.198252
1.34246e-09	-0.198133
1.34251e-09	-0.198014
1.34256e-09	-0.197895
1.3426e-09	-0.197776
1.34265e-09	-0.197657
1.3427e-09	-0.197538
1.34274e-09	-0.197419
1.34279e-09	-0.1973
1.34283e-09	-0.197182
1.34288e-09	-0.197063
1.34293e-09	-0.196944
1.34297e-09	-0.196825
1.34302e-09	-0.196706
1.34307e-09	-0.196588
1.34311e-09	-0.196469
1.34316e-09	-0.19635
1.34321e-09	-0.196231
1.34325e-09	-0.196113
1.3433e-09	-0.195994
1.34335e-09	-0.195875
1.34339e-09	-0.195757
1.34344e-09	-0.195638
1.34348e-09	-0.195519
1.34353e-09	-0.195401
1.34358e-09	-0.195282
1.34362e-09	-0.195164
1.34367e-09	-0.195045
1.34372e-09	-0.194926
1.34376e-09	-0.194808
1.34381e-09	-0.194689
1.34386e-09	-0.194571
1.3439e-09	-0.194452
1.34395e-09	-0.194334
1.344e-09	-0.194215
1.34404e-09	-0.194097
1.34409e-09	-0.193978
1.34413e-09	-0.19386
1.34418e-09	-0.193742
1.34423e-09	-0.193623
1.34427e-09	-0.193505
1.34432e-09	-0.193386
1.34437e-09	-0.193268
1.34441e-09	-0.19315
1.34446e-09	-0.193031
1.34451e-09	-0.192913
1.34455e-09	-0.192795
1.3446e-09	-0.192676
1.34465e-09	-0.192558
1.34469e-09	-0.19244
1.34474e-09	-0.192322
1.34478e-09	-0.192203
1.34483e-09	-0.192085
1.34488e-09	-0.191967
1.34492e-09	-0.191849
1.34497e-09	-0.191731
1.34502e-09	-0.191612
1.34506e-09	-0.191494
1.34511e-09	-0.191376
1.34516e-09	-0.191258
1.3452e-09	-0.19114
1.34525e-09	-0.191022
1.3453e-09	-0.190904
1.34534e-09	-0.190786
1.34539e-09	-0.190668
1.34543e-09	-0.19055
1.34548e-09	-0.190432
1.34553e-09	-0.190314
1.34557e-09	-0.190196
1.34562e-09	-0.190078
1.34567e-09	-0.18996
1.34571e-09	-0.189842
1.34576e-09	-0.189724
1.34581e-09	-0.189606
1.34585e-09	-0.189488
1.3459e-09	-0.18937
1.34594e-09	-0.189252
1.34599e-09	-0.189135
1.34604e-09	-0.189017
1.34608e-09	-0.188899
1.34613e-09	-0.188781
1.34618e-09	-0.188663
1.34622e-09	-0.188546
1.34627e-09	-0.188428
1.34632e-09	-0.18831
1.34636e-09	-0.188193
1.34641e-09	-0.188075
1.34646e-09	-0.187957
1.3465e-09	-0.187839
1.34655e-09	-0.187722
1.34659e-09	-0.187604
1.34664e-09	-0.187487
1.34669e-09	-0.187369
1.34673e-09	-0.187251
1.34678e-09	-0.187134
1.34683e-09	-0.187016
1.34687e-09	-0.186899
1.34692e-09	-0.186781
1.34697e-09	-0.186664
1.34701e-09	-0.186546
1.34706e-09	-0.186429
1.34711e-09	-0.186311
1.34715e-09	-0.186194
1.3472e-09	-0.186077
1.34724e-09	-0.185959
1.34729e-09	-0.185842
1.34734e-09	-0.185724
1.34738e-09	-0.185607
1.34743e-09	-0.18549
1.34748e-09	-0.185373
1.34752e-09	-0.185255
1.34757e-09	-0.185138
1.34762e-09	-0.185021
1.34766e-09	-0.184903
1.34771e-09	-0.184786
1.34776e-09	-0.184669
1.3478e-09	-0.184552
1.34785e-09	-0.184435
1.34789e-09	-0.184318
1.34794e-09	-0.1842
1.34799e-09	-0.184083
1.34803e-09	-0.183966
1.34808e-09	-0.183849
1.34813e-09	-0.183732
1.34817e-09	-0.183615
1.34822e-09	-0.183498
1.34827e-09	-0.183381
1.34831e-09	-0.183264
1.34836e-09	-0.183147
1.34841e-09	-0.18303
1.34845e-09	-0.182913
1.3485e-09	-0.182796
1.34854e-09	-0.182679
1.34859e-09	-0.182562
1.34864e-09	-0.182445
1.34868e-09	-0.182329
1.34873e-09	-0.182212
1.34878e-09	-0.182095
1.34882e-09	-0.181978
1.34887e-09	-0.181861
1.34892e-09	-0.181745
1.34896e-09	-0.181628
1.34901e-09	-0.181511
1.34905e-09	-0.181394
1.3491e-09	-0.181278
1.34915e-09	-0.181161
1.34919e-09	-0.181044
1.34924e-09	-0.180928
1.34929e-09	-0.180811
1.34933e-09	-0.180695
1.34938e-09	-0.180578
1.34943e-09	-0.180461
1.34947e-09	-0.180345
1.34952e-09	-0.180228
1.34957e-09	-0.180112
1.34961e-09	-0.179995
1.34966e-09	-0.179879
1.3497e-09	-0.179762
1.34975e-09	-0.179646
1.3498e-09	-0.17953
1.34984e-09	-0.179413
1.34989e-09	-0.179297
1.34994e-09	-0.17918
1.34998e-09	-0.179064
1.35003e-09	-0.178948
1.35008e-09	-0.178832
1.35012e-09	-0.178715
1.35017e-09	-0.178599
1.35022e-09	-0.178483
1.35026e-09	-0.178366
1.35031e-09	-0.17825
1.35035e-09	-0.178134
1.3504e-09	-0.178018
1.35045e-09	-0.177902
1.35049e-09	-0.177786
1.35054e-09	-0.17767
1.35059e-09	-0.177553
1.35063e-09	-0.177437
1.35068e-09	-0.177321
1.35073e-09	-0.177205
1.35077e-09	-0.177089
1.35082e-09	-0.176973
1.35087e-09	-0.176857
1.35091e-09	-0.176741
1.35096e-09	-0.176625
1.351e-09	-0.17651
1.35105e-09	-0.176394
1.3511e-09	-0.176278
1.35114e-09	-0.176162
1.35119e-09	-0.176046
1.35124e-09	-0.17593
1.35128e-09	-0.175814
1.35133e-09	-0.175699
1.35138e-09	-0.175583
1.35142e-09	-0.175467
1.35147e-09	-0.175351
1.35151e-09	-0.175236
1.35156e-09	-0.17512
1.35161e-09	-0.175004
1.35165e-09	-0.174889
1.3517e-09	-0.174773
1.35175e-09	-0.174658
1.35179e-09	-0.174542
1.35184e-09	-0.174426
1.35189e-09	-0.174311
1.35193e-09	-0.174195
1.35198e-09	-0.17408
1.35203e-09	-0.173964
1.35207e-09	-0.173849
1.35212e-09	-0.173734
1.35216e-09	-0.173618
1.35221e-09	-0.173503
1.35226e-09	-0.173387
1.3523e-09	-0.173272
1.35235e-09	-0.173157
1.3524e-09	-0.173041
1.35244e-09	-0.172926
1.35249e-09	-0.172811
1.35254e-09	-0.172695
1.35258e-09	-0.17258
1.35263e-09	-0.172465
1.35268e-09	-0.17235
1.35272e-09	-0.172235
1.35277e-09	-0.17212
1.35281e-09	-0.172004
1.35286e-09	-0.171889
1.35291e-09	-0.171774
1.35295e-09	-0.171659
1.353e-09	-0.171544
1.35305e-09	-0.171429
1.35309e-09	-0.171314
1.35314e-09	-0.171199
1.35319e-09	-0.171084
1.35323e-09	-0.170969
1.35328e-09	-0.170854
1.35333e-09	-0.170739
1.35337e-09	-0.170625
1.35342e-09	-0.17051
1.35346e-09	-0.170395
1.35351e-09	-0.17028
1.35356e-09	-0.170165
1.3536e-09	-0.17005
1.35365e-09	-0.169936
1.3537e-09	-0.169821
1.35374e-09	-0.169706
1.35379e-09	-0.169592
1.35384e-09	-0.169477
1.35388e-09	-0.169362
1.35393e-09	-0.169248
1.35398e-09	-0.169133
1.35402e-09	-0.169019
1.35407e-09	-0.168904
1.35411e-09	-0.168789
1.35416e-09	-0.168675
1.35421e-09	-0.16856
1.35425e-09	-0.168446
1.3543e-09	-0.168332
1.35435e-09	-0.168217
1.35439e-09	-0.168103
1.35444e-09	-0.167988
1.35449e-09	-0.167874
1.35453e-09	-0.16776
1.35458e-09	-0.167645
1.35462e-09	-0.167531
1.35467e-09	-0.167417
1.35472e-09	-0.167302
1.35476e-09	-0.167188
1.35481e-09	-0.167074
1.35486e-09	-0.16696
1.3549e-09	-0.166846
1.35495e-09	-0.166732
1.355e-09	-0.166617
1.35504e-09	-0.166503
1.35509e-09	-0.166389
1.35514e-09	-0.166275
1.35518e-09	-0.166161
1.35523e-09	-0.166047
1.35527e-09	-0.165933
1.35532e-09	-0.165819
1.35537e-09	-0.165705
1.35541e-09	-0.165591
1.35546e-09	-0.165478
1.35551e-09	-0.165364
1.35555e-09	-0.16525
1.3556e-09	-0.165136
1.35565e-09	-0.165022
1.35569e-09	-0.164908
1.35574e-09	-0.164795
1.35579e-09	-0.164681
1.35583e-09	-0.164567
1.35588e-09	-0.164454
1.35592e-09	-0.16434
1.35597e-09	-0.164226
1.35602e-09	-0.164113
1.35606e-09	-0.163999
1.35611e-09	-0.163885
1.35616e-09	-0.163772
1.3562e-09	-0.163658
1.35625e-09	-0.163545
1.3563e-09	-0.163431
1.35634e-09	-0.163318
1.35639e-09	-0.163205
1.35644e-09	-0.163091
1.35648e-09	-0.162978
1.35653e-09	-0.162864
1.35657e-09	-0.162751
1.35662e-09	-0.162638
1.35667e-09	-0.162524
1.35671e-09	-0.162411
1.35676e-09	-0.162298
1.35681e-09	-0.162185
1.35685e-09	-0.162071
1.3569e-09	-0.161958
1.35695e-09	-0.161845
1.35699e-09	-0.161732
1.35704e-09	-0.161619
1.35709e-09	-0.161506
1.35713e-09	-0.161393
1.35718e-09	-0.16128
1.35722e-09	-0.161167
1.35727e-09	-0.161054
1.35732e-09	-0.160941
1.35736e-09	-0.160828
1.35741e-09	-0.160715
1.35746e-09	-0.160602
1.3575e-09	-0.160489
1.35755e-09	-0.160376
1.3576e-09	-0.160263
1.35764e-09	-0.160151
1.35769e-09	-0.160038
1.35773e-09	-0.159925
1.35778e-09	-0.159812
1.35783e-09	-0.1597
1.35787e-09	-0.159587
1.35792e-09	-0.159474
1.35797e-09	-0.159362
1.35801e-09	-0.159249
1.35806e-09	-0.159137
1.35811e-09	-0.159024
1.35815e-09	-0.158912
1.3582e-09	-0.158799
1.35825e-09	-0.158687
1.35829e-09	-0.158574
1.35834e-09	-0.158462
1.35838e-09	-0.158349
1.35843e-09	-0.158237
1.35848e-09	-0.158124
1.35852e-09	-0.158012
1.35857e-09	-0.1579
1.35862e-09	-0.157788
1.35866e-09	-0.157675
1.35871e-09	-0.157563
1.35876e-09	-0.157451
1.3588e-09	-0.157339
1.35885e-09	-0.157226
1.3589e-09	-0.157114
1.35894e-09	-0.157002
1.35899e-09	-0.15689
1.35903e-09	-0.156778
1.35908e-09	-0.156666
1.35913e-09	-0.156554
1.35917e-09	-0.156442
1.35922e-09	-0.15633
1.35927e-09	-0.156218
1.35931e-09	-0.156106
1.35936e-09	-0.155994
1.35941e-09	-0.155882
1.35945e-09	-0.155771
1.3595e-09	-0.155659
1.35955e-09	-0.155547
1.35959e-09	-0.155435
1.35964e-09	-0.155323
1.35968e-09	-0.155212
1.35973e-09	-0.1551
1.35978e-09	-0.154988
1.35982e-09	-0.154877
1.35987e-09	-0.154765
1.35992e-09	-0.154654
1.35996e-09	-0.154542
1.36001e-09	-0.15443
1.36006e-09	-0.154319
1.3601e-09	-0.154207
1.36015e-09	-0.154096
1.3602e-09	-0.153985
1.36024e-09	-0.153873
1.36029e-09	-0.153762
1.36033e-09	-0.15365
1.36038e-09	-0.153539
1.36043e-09	-0.153428
1.36047e-09	-0.153316
1.36052e-09	-0.153205
1.36057e-09	-0.153094
1.36061e-09	-0.152983
1.36066e-09	-0.152872
1.36071e-09	-0.15276
1.36075e-09	-0.152649
1.3608e-09	-0.152538
1.36084e-09	-0.152427
1.36089e-09	-0.152316
1.36094e-09	-0.152205
1.36098e-09	-0.152094
1.36103e-09	-0.151983
1.36108e-09	-0.151872
1.36112e-09	-0.151761
1.36117e-09	-0.15165
1.36122e-09	-0.151539
1.36126e-09	-0.151429
1.36131e-09	-0.151318
1.36136e-09	-0.151207
1.3614e-09	-0.151096
1.36145e-09	-0.150985
1.36149e-09	-0.150875
1.36154e-09	-0.150764
1.36159e-09	-0.150653
1.36163e-09	-0.150543
1.36168e-09	-0.150432
1.36173e-09	-0.150322
1.36177e-09	-0.150211
1.36182e-09	-0.150101
1.36187e-09	-0.14999
1.36191e-09	-0.14988
1.36196e-09	-0.149769
1.36201e-09	-0.149659
1.36205e-09	-0.149548
1.3621e-09	-0.149438
1.36214e-09	-0.149328
1.36219e-09	-0.149217
1.36224e-09	-0.149107
1.36228e-09	-0.148997
1.36233e-09	-0.148886
1.36238e-09	-0.148776
1.36242e-09	-0.148666
1.36247e-09	-0.148556
1.36252e-09	-0.148446
1.36256e-09	-0.148336
1.36261e-09	-0.148226
1.36266e-09	-0.148116
1.3627e-09	-0.148006
1.36275e-09	-0.147896
1.36279e-09	-0.147786
1.36284e-09	-0.147676
1.36289e-09	-0.147566
1.36293e-09	-0.147456
1.36298e-09	-0.147346
1.36303e-09	-0.147236
1.36307e-09	-0.147126
1.36312e-09	-0.147017
1.36317e-09	-0.146907
1.36321e-09	-0.146797
1.36326e-09	-0.146687
1.36331e-09	-0.146578
1.36335e-09	-0.146468
1.3634e-09	-0.146358
1.36344e-09	-0.146249
1.36349e-09	-0.146139
1.36354e-09	-0.14603
1.36358e-09	-0.14592
1.36363e-09	-0.145811
1.36368e-09	-0.145701
1.36372e-09	-0.145592
1.36377e-09	-0.145483
1.36382e-09	-0.145373
1.36386e-09	-0.145264
1.36391e-09	-0.145155
1.36395e-09	-0.145045
1.364e-09	-0.144936
1.36405e-09	-0.144827
1.36409e-09	-0.144718
1.36414e-09	-0.144608
1.36419e-09	-0.144499
1.36423e-09	-0.14439
1.36428e-09	-0.144281
1.36433e-09	-0.144172
1.36437e-09	-0.144063
1.36442e-09	-0.143954
1.36447e-09	-0.143845
1.36451e-09	-0.143736
1.36456e-09	-0.143627
1.3646e-09	-0.143518
1.36465e-09	-0.143409
1.3647e-09	-0.1433
1.36474e-09	-0.143192
1.36479e-09	-0.143083
1.36484e-09	-0.142974
1.36488e-09	-0.142865
1.36493e-09	-0.142757
1.36498e-09	-0.142648
1.36502e-09	-0.142539
1.36507e-09	-0.142431
1.36512e-09	-0.142322
1.36516e-09	-0.142214
1.36521e-09	-0.142105
1.36525e-09	-0.141997
1.3653e-09	-0.141888
1.36535e-09	-0.14178
1.36539e-09	-0.141671
1.36544e-09	-0.141563
1.36549e-09	-0.141454
1.36553e-09	-0.141346
1.36558e-09	-0.141238
1.36563e-09	-0.141129
1.36567e-09	-0.141021
1.36572e-09	-0.140913
1.36577e-09	-0.140805
1.36581e-09	-0.140697
1.36586e-09	-0.140589
1.3659e-09	-0.14048
1.36595e-09	-0.140372
1.366e-09	-0.140264
1.36604e-09	-0.140156
1.36609e-09	-0.140048
1.36614e-09	-0.13994
1.36618e-09	-0.139832
1.36623e-09	-0.139724
1.36628e-09	-0.139617
1.36632e-09	-0.139509
1.36637e-09	-0.139401
1.36641e-09	-0.139293
1.36646e-09	-0.139185
1.36651e-09	-0.139078
1.36655e-09	-0.13897
1.3666e-09	-0.138862
1.36665e-09	-0.138755
1.36669e-09	-0.138647
1.36674e-09	-0.138539
1.36679e-09	-0.138432
1.36683e-09	-0.138324
1.36688e-09	-0.138217
1.36693e-09	-0.138109
1.36697e-09	-0.138002
1.36702e-09	-0.137895
1.36706e-09	-0.137787
1.36711e-09	-0.13768
1.36716e-09	-0.137572
1.3672e-09	-0.137465
1.36725e-09	-0.137358
1.3673e-09	-0.137251
1.36734e-09	-0.137143
1.36739e-09	-0.137036
1.36744e-09	-0.136929
1.36748e-09	-0.136822
1.36753e-09	-0.136715
1.36758e-09	-0.136608
1.36762e-09	-0.136501
1.36767e-09	-0.136394
1.36771e-09	-0.136287
1.36776e-09	-0.13618
1.36781e-09	-0.136073
1.36785e-09	-0.135966
1.3679e-09	-0.135859
1.36795e-09	-0.135752
1.36799e-09	-0.135646
1.36804e-09	-0.135539
1.36809e-09	-0.135432
1.36813e-09	-0.135325
1.36818e-09	-0.135219
1.36823e-09	-0.135112
1.36827e-09	-0.135006
1.36832e-09	-0.134899
1.36836e-09	-0.134792
1.36841e-09	-0.134686
1.36846e-09	-0.134579
1.3685e-09	-0.134473
1.36855e-09	-0.134366
1.3686e-09	-0.13426
1.36864e-09	-0.134154
1.36869e-09	-0.134047
1.36874e-09	-0.133941
1.36878e-09	-0.133835
1.36883e-09	-0.133728
1.36888e-09	-0.133622
1.36892e-09	-0.133516
1.36897e-09	-0.13341
1.36901e-09	-0.133304
1.36906e-09	-0.133198
1.36911e-09	-0.133092
1.36915e-09	-0.132986
1.3692e-09	-0.132879
1.36925e-09	-0.132774
1.36929e-09	-0.132668
1.36934e-09	-0.132562
1.36939e-09	-0.132456
1.36943e-09	-0.13235
1.36948e-09	-0.132244
1.36952e-09	-0.132138
1.36957e-09	-0.132032
1.36962e-09	-0.131927
1.36966e-09	-0.131821
1.36971e-09	-0.131715
1.36976e-09	-0.13161
1.3698e-09	-0.131504
1.36985e-09	-0.131398
1.3699e-09	-0.131293
1.36994e-09	-0.131187
1.36999e-09	-0.131082
1.37004e-09	-0.130976
1.37008e-09	-0.130871
1.37013e-09	-0.130766
1.37017e-09	-0.13066
1.37022e-09	-0.130555
1.37027e-09	-0.13045
1.37031e-09	-0.130344
1.37036e-09	-0.130239
1.37041e-09	-0.130134
1.37045e-09	-0.130029
1.3705e-09	-0.129923
1.37055e-09	-0.129818
1.37059e-09	-0.129713
1.37064e-09	-0.129608
1.37069e-09	-0.129503
1.37073e-09	-0.129398
1.37078e-09	-0.129293
1.37082e-09	-0.129188
1.37087e-09	-0.129083
1.37092e-09	-0.128978
1.37096e-09	-0.128873
1.37101e-09	-0.128769
1.37106e-09	-0.128664
1.3711e-09	-0.128559
1.37115e-09	-0.128454
1.3712e-09	-0.12835
1.37124e-09	-0.128245
1.37129e-09	-0.12814
1.37134e-09	-0.128036
1.37138e-09	-0.127931
1.37143e-09	-0.127827
1.37147e-09	-0.127722
1.37152e-09	-0.127618
1.37157e-09	-0.127513
1.37161e-09	-0.127409
1.37166e-09	-0.127304
1.37171e-09	-0.1272
1.37175e-09	-0.127096
1.3718e-09	-0.126991
1.37185e-09	-0.126887
1.37189e-09	-0.126783
1.37194e-09	-0.126679
1.37199e-09	-0.126575
1.37203e-09	-0.126471
1.37208e-09	-0.126366
1.37212e-09	-0.126262
1.37217e-09	-0.126158
1.37222e-09	-0.126054
1.37226e-09	-0.12595
1.37231e-09	-0.125846
1.37236e-09	-0.125742
1.3724e-09	-0.125639
1.37245e-09	-0.125535
1.3725e-09	-0.125431
1.37254e-09	-0.125327
1.37259e-09	-0.125223
1.37263e-09	-0.12512
1.37268e-09	-0.125016
1.37273e-09	-0.124912
1.37277e-09	-0.124809
1.37282e-09	-0.124705
1.37287e-09	-0.124602
1.37291e-09	-0.124498
1.37296e-09	-0.124395
1.37301e-09	-0.124291
1.37305e-09	-0.124188
1.3731e-09	-0.124084
1.37315e-09	-0.123981
1.37319e-09	-0.123878
1.37324e-09	-0.123774
1.37328e-09	-0.123671
1.37333e-09	-0.123568
1.37338e-09	-0.123464
1.37342e-09	-0.123361
1.37347e-09	-0.123258
1.37352e-09	-0.123155
1.37356e-09	-0.123052
1.37361e-09	-0.122949
1.37366e-09	-0.122846
1.3737e-09	-0.122743
1.37375e-09	-0.12264
1.3738e-09	-0.122537
1.37384e-09	-0.122434
1.37389e-09	-0.122331
1.37393e-09	-0.122228
1.37398e-09	-0.122126
1.37403e-09	-0.122023
1.37407e-09	-0.12192
1.37412e-09	-0.121818
1.37417e-09	-0.121715
1.37421e-09	-0.121612
1.37426e-09	-0.12151
1.37431e-09	-0.121407
1.37435e-09	-0.121305
1.3744e-09	-0.121202
1.37445e-09	-0.1211
1.37449e-09	-0.120997
1.37454e-09	-0.120895
1.37458e-09	-0.120792
1.37463e-09	-0.12069
1.37468e-09	-0.120588
1.37472e-09	-0.120485
1.37477e-09	-0.120383
1.37482e-09	-0.120281
1.37486e-09	-0.120179
1.37491e-09	-0.120077
1.37496e-09	-0.119975
1.375e-09	-0.119873
1.37505e-09	-0.11977
1.3751e-09	-0.119668
1.37514e-09	-0.119566
1.37519e-09	-0.119465
1.37523e-09	-0.119363
1.37528e-09	-0.119261
1.37533e-09	-0.119159
1.37537e-09	-0.119057
1.37542e-09	-0.118955
1.37547e-09	-0.118854
1.37551e-09	-0.118752
1.37556e-09	-0.11865
1.37561e-09	-0.118549
1.37565e-09	-0.118447
1.3757e-09	-0.118345
1.37574e-09	-0.118244
1.37579e-09	-0.118142
1.37584e-09	-0.118041
1.37588e-09	-0.117939
1.37593e-09	-0.117838
1.37598e-09	-0.117737
1.37602e-09	-0.117635
1.37607e-09	-0.117534
1.37612e-09	-0.117433
1.37616e-09	-0.117331
1.37621e-09	-0.11723
1.37626e-09	-0.117129
1.3763e-09	-0.117028
1.37635e-09	-0.116927
1.37639e-09	-0.116826
1.37644e-09	-0.116725
1.37649e-09	-0.116624
1.37653e-09	-0.116523
1.37658e-09	-0.116422
1.37663e-09	-0.116321
1.37667e-09	-0.11622
1.37672e-09	-0.116119
1.37677e-09	-0.116018
1.37681e-09	-0.115917
1.37686e-09	-0.115817
1.37691e-09	-0.115716
1.37695e-09	-0.115615
1.377e-09	-0.115515
1.37704e-09	-0.115414
1.37709e-09	-0.115313
1.37714e-09	-0.115213
1.37718e-09	-0.115112
1.37723e-09	-0.115012
1.37728e-09	-0.114911
1.37732e-09	-0.114811
1.37737e-09	-0.114711
1.37742e-09	-0.11461
1.37746e-09	-0.11451
1.37751e-09	-0.11441
1.37756e-09	-0.114309
1.3776e-09	-0.114209
1.37765e-09	-0.114109
1.37769e-09	-0.114009
1.37774e-09	-0.113909
1.37779e-09	-0.113809
1.37783e-09	-0.113709
1.37788e-09	-0.113609
1.37793e-09	-0.113509
1.37797e-09	-0.113409
1.37802e-09	-0.113309
1.37807e-09	-0.113209
1.37811e-09	-0.113109
1.37816e-09	-0.113009
1.37821e-09	-0.112909
1.37825e-09	-0.11281
1.3783e-09	-0.11271
1.37834e-09	-0.11261
1.37839e-09	-0.112511
1.37844e-09	-0.112411
1.37848e-09	-0.112312
1.37853e-09	-0.112212
1.37858e-09	-0.112113
1.37862e-09	-0.112013
1.37867e-09	-0.111914
1.37872e-09	-0.111814
1.37876e-09	-0.111715
1.37881e-09	-0.111616
1.37885e-09	-0.111516
1.3789e-09	-0.111417
1.37895e-09	-0.111318
1.37899e-09	-0.111219
1.37904e-09	-0.111119
1.37909e-09	-0.11102
1.37913e-09	-0.110921
1.37918e-09	-0.110822
1.37923e-09	-0.110723
1.37927e-09	-0.110624
1.37932e-09	-0.110525
1.37937e-09	-0.110426
1.37941e-09	-0.110327
1.37946e-09	-0.110229
1.3795e-09	-0.11013
1.37955e-09	-0.110031
1.3796e-09	-0.109932
1.37964e-09	-0.109833
1.37969e-09	-0.109735
1.37974e-09	-0.109636
1.37978e-09	-0.109538
1.37983e-09	-0.109439
1.37988e-09	-0.10934
1.37992e-09	-0.109242
1.37997e-09	-0.109143
1.38002e-09	-0.109045
1.38006e-09	-0.108947
1.38011e-09	-0.108848
1.38015e-09	-0.10875
1.3802e-09	-0.108652
1.38025e-09	-0.108553
1.38029e-09	-0.108455
1.38034e-09	-0.108357
1.38039e-09	-0.108259
1.38043e-09	-0.108161
1.38048e-09	-0.108063
1.38053e-09	-0.107965
1.38057e-09	-0.107867
1.38062e-09	-0.107769
1.38067e-09	-0.107671
1.38071e-09	-0.107573
1.38076e-09	-0.107475
1.3808e-09	-0.107377
1.38085e-09	-0.107279
1.3809e-09	-0.107181
1.38094e-09	-0.107084
1.38099e-09	-0.106986
1.38104e-09	-0.106888
1.38108e-09	-0.106791
1.38113e-09	-0.106693
1.38118e-09	-0.106595
1.38122e-09	-0.106498
1.38127e-09	-0.1064
1.38132e-09	-0.106303
1.38136e-09	-0.106206
1.38141e-09	-0.106108
1.38145e-09	-0.106011
1.3815e-09	-0.105913
1.38155e-09	-0.105816
1.38159e-09	-0.105719
1.38164e-09	-0.105622
1.38169e-09	-0.105525
1.38173e-09	-0.105427
1.38178e-09	-0.10533
1.38183e-09	-0.105233
1.38187e-09	-0.105136
1.38192e-09	-0.105039
1.38196e-09	-0.104942
1.38201e-09	-0.104845
1.38206e-09	-0.104748
1.3821e-09	-0.104652
1.38215e-09	-0.104555
1.3822e-09	-0.104458
1.38224e-09	-0.104361
1.38229e-09	-0.104264
1.38234e-09	-0.104168
1.38238e-09	-0.104071
1.38243e-09	-0.103974
1.38248e-09	-0.103878
1.38252e-09	-0.103781
1.38257e-09	-0.103685
1.38261e-09	-0.103588
1.38266e-09	-0.103492
1.38271e-09	-0.103396
1.38275e-09	-0.103299
1.3828e-09	-0.103203
1.38285e-09	-0.103107
1.38289e-09	-0.10301
1.38294e-09	-0.102914
1.38299e-09	-0.102818
1.38303e-09	-0.102722
1.38308e-09	-0.102626
1.38313e-09	-0.10253
1.38317e-09	-0.102433
1.38322e-09	-0.102337
1.38326e-09	-0.102242
1.38331e-09	-0.102146
1.38336e-09	-0.10205
1.3834e-09	-0.101954
1.38345e-09	-0.101858
1.3835e-09	-0.101762
1.38354e-09	-0.101666
1.38359e-09	-0.101571
1.38364e-09	-0.101475
1.38368e-09	-0.101379
1.38373e-09	-0.101284
1.38378e-09	-0.101188
1.38382e-09	-0.101093
1.38387e-09	-0.100997
1.38391e-09	-0.100902
1.38396e-09	-0.100806
1.38401e-09	-0.100711
1.38405e-09	-0.100615
1.3841e-09	-0.10052
1.38415e-09	-0.100425
1.38419e-09	-0.10033
1.38424e-09	-0.100234
1.38429e-09	-0.100139
1.38433e-09	-0.100044
1.38438e-09	-0.0999488
1.38442e-09	-0.0998537
1.38447e-09	-0.0997587
1.38452e-09	-0.0996637
1.38456e-09	-0.0995687
1.38461e-09	-0.0994738
1.38466e-09	-0.0993789
1.3847e-09	-0.099284
1.38475e-09	-0.0991892
1.3848e-09	-0.0990944
1.38484e-09	-0.0989997
1.38489e-09	-0.0989049
1.38494e-09	-0.0988103
1.38498e-09	-0.0987156
1.38503e-09	-0.098621
1.38507e-09	-0.0985264
1.38512e-09	-0.0984319
1.38517e-09	-0.0983374
1.38521e-09	-0.0982429
1.38526e-09	-0.0981485
1.38531e-09	-0.0980541
1.38535e-09	-0.0979597
1.3854e-09	-0.0978654
1.38545e-09	-0.0977711
1.38549e-09	-0.0976769
1.38554e-09	-0.0975827
1.38559e-09	-0.0974885
1.38563e-09	-0.0973944
1.38568e-09	-0.0973003
1.38572e-09	-0.0972062
1.38577e-09	-0.0971122
1.38582e-09	-0.0970182
1.38586e-09	-0.0969242
1.38591e-09	-0.0968303
1.38596e-09	-0.0967364
1.386e-09	-0.0966426
1.38605e-09	-0.0965487
1.3861e-09	-0.096455
1.38614e-09	-0.0963612
1.38619e-09	-0.0962675
1.38624e-09	-0.0961739
1.38628e-09	-0.0960802
1.38633e-09	-0.0959866
1.38637e-09	-0.0958931
1.38642e-09	-0.0957996
1.38647e-09	-0.0957061
1.38651e-09	-0.0956126
1.38656e-09	-0.0955192
1.38661e-09	-0.0954259
1.38665e-09	-0.0953325
1.3867e-09	-0.0952392
1.38675e-09	-0.0951459
1.38679e-09	-0.0950527
1.38684e-09	-0.0949595
1.38689e-09	-0.0948664
1.38693e-09	-0.0947733
1.38698e-09	-0.0946802
1.38702e-09	-0.0945871
1.38707e-09	-0.0944941
1.38712e-09	-0.0944012
1.38716e-09	-0.0943082
1.38721e-09	-0.0942153
1.38726e-09	-0.0941225
1.3873e-09	-0.0940296
1.38735e-09	-0.0939369
1.3874e-09	-0.0938441
1.38744e-09	-0.0937514
1.38749e-09	-0.0936587
1.38753e-09	-0.0935661
1.38758e-09	-0.0934735
1.38763e-09	-0.0933809
1.38767e-09	-0.0932884
1.38772e-09	-0.0931959
1.38777e-09	-0.0931034
1.38781e-09	-0.093011
1.38786e-09	-0.0929186
1.38791e-09	-0.0928263
1.38795e-09	-0.092734
1.388e-09	-0.0926417
1.38805e-09	-0.0925495
1.38809e-09	-0.0924573
1.38814e-09	-0.0923651
1.38818e-09	-0.092273
1.38823e-09	-0.0921809
1.38828e-09	-0.0920889
1.38832e-09	-0.0919969
1.38837e-09	-0.0919049
1.38842e-09	-0.0918129
1.38846e-09	-0.0917211
1.38851e-09	-0.0916292
1.38856e-09	-0.0915374
1.3886e-09	-0.0914456
1.38865e-09	-0.0913538
1.3887e-09	-0.0912621
1.38874e-09	-0.0911704
1.38879e-09	-0.0910788
1.38883e-09	-0.0909872
1.38888e-09	-0.0908956
1.38893e-09	-0.0908041
1.38897e-09	-0.0907126
1.38902e-09	-0.0906211
1.38907e-09	-0.0905297
1.38911e-09	-0.0904383
1.38916e-09	-0.090347
1.38921e-09	-0.0902557
1.38925e-09	-0.0901644
1.3893e-09	-0.0900732
1.38935e-09	-0.089982
1.38939e-09	-0.0898908
1.38944e-09	-0.0897997
1.38948e-09	-0.0897086
1.38953e-09	-0.0896176
1.38958e-09	-0.0895266
1.38962e-09	-0.0894356
1.38967e-09	-0.0893447
1.38972e-09	-0.0892538
1.38976e-09	-0.0891629
1.38981e-09	-0.0890721
1.38986e-09	-0.0889813
1.3899e-09	-0.0888906
1.38995e-09	-0.0887999
1.39e-09	-0.0887092
1.39004e-09	-0.0886186
1.39009e-09	-0.088528
1.39013e-09	-0.0884374
1.39018e-09	-0.0883469
1.39023e-09	-0.0882564
1.39027e-09	-0.088166
1.39032e-09	-0.0880756
1.39037e-09	-0.0879852
1.39041e-09	-0.0878948
1.39046e-09	-0.0878045
1.39051e-09	-0.0877143
1.39055e-09	-0.0876241
1.3906e-09	-0.0875339
1.39064e-09	-0.0874437
1.39069e-09	-0.0873536
1.39074e-09	-0.0872636
1.39078e-09	-0.0871735
1.39083e-09	-0.0870835
1.39088e-09	-0.0869936
1.39092e-09	-0.0869037
1.39097e-09	-0.0868138
1.39102e-09	-0.0867239
1.39106e-09	-0.0866341
1.39111e-09	-0.0865443
1.39116e-09	-0.0864546
1.3912e-09	-0.0863649
1.39125e-09	-0.0862753
1.39129e-09	-0.0861856
1.39134e-09	-0.0860961
1.39139e-09	-0.0860065
1.39143e-09	-0.085917
1.39148e-09	-0.0858275
1.39153e-09	-0.0857381
1.39157e-09	-0.0856487
1.39162e-09	-0.0855594
1.39167e-09	-0.08547
1.39171e-09	-0.0853808
1.39176e-09	-0.0852915
1.39181e-09	-0.0852023
1.39185e-09	-0.0851132
1.3919e-09	-0.085024
1.39194e-09	-0.0849349
1.39199e-09	-0.0848459
1.39204e-09	-0.0847569
1.39208e-09	-0.0846679
1.39213e-09	-0.084579
1.39218e-09	-0.08449
1.39222e-09	-0.0844012
1.39227e-09	-0.0843124
1.39232e-09	-0.0842236
1.39236e-09	-0.0841348
1.39241e-09	-0.0840461
1.39246e-09	-0.0839574
1.3925e-09	-0.0838688
1.39255e-09	-0.0837802
1.39259e-09	-0.0836916
1.39264e-09	-0.0836031
1.39269e-09	-0.0835146
1.39273e-09	-0.0834262
1.39278e-09	-0.0833378
1.39283e-09	-0.0832494
1.39287e-09	-0.0831611
1.39292e-09	-0.0830728
1.39297e-09	-0.0829845
1.39301e-09	-0.0828963
1.39306e-09	-0.0828081
1.39311e-09	-0.08272
1.39315e-09	-0.0826319
1.3932e-09	-0.0825438
1.39324e-09	-0.0824558
1.39329e-09	-0.0823678
1.39334e-09	-0.0822799
1.39338e-09	-0.0821919
1.39343e-09	-0.0821041
1.39348e-09	-0.0820162
1.39352e-09	-0.0819284
1.39357e-09	-0.0818407
1.39362e-09	-0.0817529
1.39366e-09	-0.0816653
1.39371e-09	-0.0815776
1.39375e-09	-0.08149
1.3938e-09	-0.0814024
1.39385e-09	-0.0813149
1.39389e-09	-0.0812274
1.39394e-09	-0.08114
1.39399e-09	-0.0810525
1.39403e-09	-0.0809652
1.39408e-09	-0.0808778
1.39413e-09	-0.0807905
1.39417e-09	-0.0807033
1.39422e-09	-0.080616
1.39427e-09	-0.0805289
1.39431e-09	-0.0804417
1.39436e-09	-0.0803546
1.3944e-09	-0.0802675
1.39445e-09	-0.0801805
1.3945e-09	-0.0800935
1.39454e-09	-0.0800065
1.39459e-09	-0.0799196
1.39464e-09	-0.0798327
1.39468e-09	-0.0797459
1.39473e-09	-0.0796591
1.39478e-09	-0.0795723
1.39482e-09	-0.0794856
1.39487e-09	-0.0793989
1.39492e-09	-0.0793123
1.39496e-09	-0.0792256
1.39501e-09	-0.0791391
1.39505e-09	-0.0790525
1.3951e-09	-0.078966
1.39515e-09	-0.0788796
1.39519e-09	-0.0787932
1.39524e-09	-0.0787068
1.39529e-09	-0.0786204
1.39533e-09	-0.0785341
1.39538e-09	-0.0784479
1.39543e-09	-0.0783616
1.39547e-09	-0.0782754
1.39552e-09	-0.0781893
1.39557e-09	-0.0781032
1.39561e-09	-0.0780171
1.39566e-09	-0.0779311
1.3957e-09	-0.0778451
1.39575e-09	-0.0777591
1.3958e-09	-0.0776732
1.39584e-09	-0.0775873
1.39589e-09	-0.0775015
1.39594e-09	-0.0774157
1.39598e-09	-0.0773299
1.39603e-09	-0.0772442
1.39608e-09	-0.0771585
1.39612e-09	-0.0770729
1.39617e-09	-0.0769872
1.39622e-09	-0.0769017
1.39626e-09	-0.0768161
1.39631e-09	-0.0767306
1.39635e-09	-0.0766452
1.3964e-09	-0.0765598
1.39645e-09	-0.0764744
1.39649e-09	-0.0763891
1.39654e-09	-0.0763038
1.39659e-09	-0.0762185
1.39663e-09	-0.0761333
1.39668e-09	-0.0760481
1.39673e-09	-0.0759629
1.39677e-09	-0.0758778
1.39682e-09	-0.0757928
1.39686e-09	-0.0757077
1.39691e-09	-0.0756227
1.39696e-09	-0.0755378
1.397e-09	-0.0754529
1.39705e-09	-0.075368
1.3971e-09	-0.0752831
1.39714e-09	-0.0751984
1.39719e-09	-0.0751136
1.39724e-09	-0.0750289
1.39728e-09	-0.0749442
1.39733e-09	-0.0748595
1.39738e-09	-0.0747749
1.39742e-09	-0.0746904
1.39747e-09	-0.0746059
1.39751e-09	-0.0745214
1.39756e-09	-0.0744369
1.39761e-09	-0.0743525
1.39765e-09	-0.0742681
1.3977e-09	-0.0741838
1.39775e-09	-0.0740995
1.39779e-09	-0.0740153
1.39784e-09	-0.073931
1.39789e-09	-0.0738469
1.39793e-09	-0.0737627
1.39798e-09	-0.0736786
1.39803e-09	-0.0735946
1.39807e-09	-0.0735105
1.39812e-09	-0.0734266
1.39816e-09	-0.0733426
1.39821e-09	-0.0732587
1.39826e-09	-0.0731748
1.3983e-09	-0.073091
1.39835e-09	-0.0730072
1.3984e-09	-0.0729235
1.39844e-09	-0.0728398
1.39849e-09	-0.0727561
1.39854e-09	-0.0726725
1.39858e-09	-0.0725889
1.39863e-09	-0.0725053
1.39868e-09	-0.0724218
1.39872e-09	-0.0723383
1.39877e-09	-0.0722549
1.39881e-09	-0.0721715
1.39886e-09	-0.0720881
1.39891e-09	-0.0720048
1.39895e-09	-0.0719215
1.399e-09	-0.0718383
1.39905e-09	-0.0717551
1.39909e-09	-0.0716719
1.39914e-09	-0.0715888
1.39919e-09	-0.0715057
1.39923e-09	-0.0714227
1.39928e-09	-0.0713397
1.39932e-09	-0.0712567
1.39937e-09	-0.0711738
1.39942e-09	-0.0710909
1.39946e-09	-0.071008
1.39951e-09	-0.0709252
1.39956e-09	-0.0708424
1.3996e-09	-0.0707597
1.39965e-09	-0.070677
1.3997e-09	-0.0705943
1.39974e-09	-0.0705117
1.39979e-09	-0.0704291
1.39984e-09	-0.0703466
1.39988e-09	-0.0702641
1.39993e-09	-0.0701816
1.39997e-09	-0.0700992
1.40002e-09	-0.0700168
1.40007e-09	-0.0699345
1.40011e-09	-0.0698522
1.40016e-09	-0.0697699
1.40021e-09	-0.0696877
1.40025e-09	-0.0696055
1.4003e-09	-0.0695234
1.40035e-09	-0.0694413
1.40039e-09	-0.0693592
1.40044e-09	-0.0692772
1.40049e-09	-0.0691952
1.40053e-09	-0.0691132
1.40058e-09	-0.0690313
1.40062e-09	-0.0689494
1.40067e-09	-0.0688676
1.40072e-09	-0.0687858
1.40076e-09	-0.0687041
1.40081e-09	-0.0686223
1.40086e-09	-0.0685407
1.4009e-09	-0.068459
1.40095e-09	-0.0683774
1.401e-09	-0.0682959
1.40104e-09	-0.0682143
1.40109e-09	-0.0681329
1.40114e-09	-0.0680514
1.40118e-09	-0.06797
1.40123e-09	-0.0678887
1.40127e-09	-0.0678073
1.40132e-09	-0.0677261
1.40137e-09	-0.0676448
1.40141e-09	-0.0675636
1.40146e-09	-0.0674824
1.40151e-09	-0.0674013
1.40155e-09	-0.0673202
1.4016e-09	-0.0672392
1.40165e-09	-0.0671582
1.40169e-09	-0.0670772
1.40174e-09	-0.0669963
1.40179e-09	-0.0669154
1.40183e-09	-0.0668345
1.40188e-09	-0.0667537
1.40192e-09	-0.0666729
1.40197e-09	-0.0665922
1.40202e-09	-0.0665115
1.40206e-09	-0.0664309
1.40211e-09	-0.0663502
1.40216e-09	-0.0662697
1.4022e-09	-0.0661891
1.40225e-09	-0.0661086
1.4023e-09	-0.0660282
1.40234e-09	-0.0659478
1.40239e-09	-0.0658674
1.40243e-09	-0.065787
1.40248e-09	-0.0657067
1.40253e-09	-0.0656265
1.40257e-09	-0.0655463
1.40262e-09	-0.0654661
1.40267e-09	-0.0653859
1.40271e-09	-0.0653058
1.40276e-09	-0.0652258
1.40281e-09	-0.0651457
1.40285e-09	-0.0650658
1.4029e-09	-0.0649858
1.40295e-09	-0.0649059
1.40299e-09	-0.064826
1.40304e-09	-0.0647462
1.40308e-09	-0.0646664
1.40313e-09	-0.0645867
1.40318e-09	-0.064507
1.40322e-09	-0.0644273
1.40327e-09	-0.0643477
1.40332e-09	-0.0642681
1.40336e-09	-0.0641885
1.40341e-09	-0.064109
1.40346e-09	-0.0640296
1.4035e-09	-0.0639501
1.40355e-09	-0.0638707
1.4036e-09	-0.0637914
1.40364e-09	-0.0637121
1.40369e-09	-0.0636328
1.40373e-09	-0.0635536
1.40378e-09	-0.0634744
1.40383e-09	-0.0633952
1.40387e-09	-0.0633161
1.40392e-09	-0.063237
1.40397e-09	-0.063158
1.40401e-09	-0.063079
1.40406e-09	-0.063
1.40411e-09	-0.0629211
1.40415e-09	-0.0628422
1.4042e-09	-0.0627634
1.40425e-09	-0.0626846
1.40429e-09	-0.0626058
1.40434e-09	-0.0625271
1.40438e-09	-0.0624484
1.40443e-09	-0.0623698
1.40448e-09	-0.0622912
1.40452e-09	-0.0622126
1.40457e-09	-0.0621341
1.40462e-09	-0.0620556
1.40466e-09	-0.0619772
1.40471e-09	-0.0618988
1.40476e-09	-0.0618204
1.4048e-09	-0.0617421
1.40485e-09	-0.0616638
1.4049e-09	-0.0615856
1.40494e-09	-0.0615074
1.40499e-09	-0.0614292
1.40503e-09	-0.0613511
1.40508e-09	-0.061273
1.40513e-09	-0.0611949
1.40517e-09	-0.0611169
1.40522e-09	-0.061039
1.40527e-09	-0.060961
1.40531e-09	-0.0608831
1.40536e-09	-0.0608053
1.40541e-09	-0.0607275
1.40545e-09	-0.0606497
1.4055e-09	-0.060572
1.40554e-09	-0.0604943
1.40559e-09	-0.0604167
1.40564e-09	-0.060339
1.40568e-09	-0.0602615
1.40573e-09	-0.0601839
1.40578e-09	-0.0601064
1.40582e-09	-0.060029
1.40587e-09	-0.0599516
1.40592e-09	-0.0598742
1.40596e-09	-0.0597969
1.40601e-09	-0.0597196
1.40606e-09	-0.0596423
1.4061e-09	-0.0595651
1.40615e-09	-0.059488
1.40619e-09	-0.0594108
1.40624e-09	-0.0593337
1.40629e-09	-0.0592567
1.40633e-09	-0.0591797
1.40638e-09	-0.0591027
1.40643e-09	-0.0590257
1.40647e-09	-0.0589488
1.40652e-09	-0.058872
1.40657e-09	-0.0587952
1.40661e-09	-0.0587184
1.40666e-09	-0.0586417
1.40671e-09	-0.058565
1.40675e-09	-0.0584883
1.4068e-09	-0.0584117
1.40684e-09	-0.0583351
1.40689e-09	-0.0582586
1.40694e-09	-0.0581821
1.40698e-09	-0.0581056
1.40703e-09	-0.0580292
1.40708e-09	-0.0579528
1.40712e-09	-0.0578765
1.40717e-09	-0.0578002
1.40722e-09	-0.0577239
1.40726e-09	-0.0576477
1.40731e-09	-0.0575715
1.40736e-09	-0.0574954
1.4074e-09	-0.0574193
1.40745e-09	-0.0573432
1.40749e-09	-0.0572672
1.40754e-09	-0.0571912
1.40759e-09	-0.0571153
1.40763e-09	-0.0570394
1.40768e-09	-0.0569635
1.40773e-09	-0.0568877
1.40777e-09	-0.0568119
1.40782e-09	-0.0567362
1.40787e-09	-0.0566605
1.40791e-09	-0.0565848
1.40796e-09	-0.0565092
1.40801e-09	-0.0564336
1.40805e-09	-0.0563581
1.4081e-09	-0.0562826
1.40814e-09	-0.0562071
1.40819e-09	-0.0561317
1.40824e-09	-0.0560563
1.40828e-09	-0.0559809
1.40833e-09	-0.0559056
1.40838e-09	-0.0558304
1.40842e-09	-0.0557551
1.40847e-09	-0.05568
1.40852e-09	-0.0556048
1.40856e-09	-0.0555297
1.40861e-09	-0.0554546
1.40865e-09	-0.0553796
1.4087e-09	-0.0553046
1.40875e-09	-0.0552297
1.40879e-09	-0.0551548
1.40884e-09	-0.0550799
1.40889e-09	-0.0550051
1.40893e-09	-0.0549303
1.40898e-09	-0.0548556
1.40903e-09	-0.0547809
1.40907e-09	-0.0547062
1.40912e-09	-0.0546316
1.40917e-09	-0.054557
1.40921e-09	-0.0544824
1.40926e-09	-0.0544079
1.4093e-09	-0.0543334
1.40935e-09	-0.054259
1.4094e-09	-0.0541846
1.40944e-09	-0.0541103
1.40949e-09	-0.054036
1.40954e-09	-0.0539617
1.40958e-09	-0.0538875
1.40963e-09	-0.0538133
1.40968e-09	-0.0537391
1.40972e-09	-0.053665
1.40977e-09	-0.053591
1.40982e-09	-0.0535169
1.40986e-09	-0.0534429
1.40991e-09	-0.053369
1.40995e-09	-0.0532951
1.41e-09	-0.0532212
1.41005e-09	-0.0531474
1.41009e-09	-0.0530736
1.41014e-09	-0.0529999
1.41019e-09	-0.0529261
1.41023e-09	-0.0528525
1.41028e-09	-0.0527788
1.41033e-09	-0.0527053
1.41037e-09	-0.0526317
1.41042e-09	-0.0525582
1.41047e-09	-0.0524847
1.41051e-09	-0.0524113
1.41056e-09	-0.0523379
1.4106e-09	-0.0522645
1.41065e-09	-0.0521912
1.4107e-09	-0.052118
1.41074e-09	-0.0520447
1.41079e-09	-0.0519715
1.41084e-09	-0.0518984
1.41088e-09	-0.0518253
1.41093e-09	-0.0517522
1.41098e-09	-0.0516792
1.41102e-09	-0.0516062
1.41107e-09	-0.0515332
1.41112e-09	-0.0514603
1.41116e-09	-0.0513874
1.41121e-09	-0.0513146
1.41125e-09	-0.0512418
1.4113e-09	-0.0511691
1.41135e-09	-0.0510964
1.41139e-09	-0.0510237
1.41144e-09	-0.0509511
1.41149e-09	-0.0508785
1.41153e-09	-0.0508059
1.41158e-09	-0.0507334
1.41163e-09	-0.0506609
1.41167e-09	-0.0505885
1.41172e-09	-0.0505161
1.41176e-09	-0.0504437
1.41181e-09	-0.0503714
1.41186e-09	-0.0502992
1.4119e-09	-0.0502269
1.41195e-09	-0.0501547
1.412e-09	-0.0500826
1.41204e-09	-0.0500105
1.41209e-09	-0.0499384
1.41214e-09	-0.0498664
1.41218e-09	-0.0497944
1.41223e-09	-0.0497224
1.41228e-09	-0.0496505
1.41232e-09	-0.0495786
1.41237e-09	-0.0495068
1.41241e-09	-0.049435
1.41246e-09	-0.0493632
1.41251e-09	-0.0492915
1.41255e-09	-0.0492198
1.4126e-09	-0.0491482
1.41265e-09	-0.0490766
1.41269e-09	-0.0490051
1.41274e-09	-0.0489335
1.41279e-09	-0.0488621
1.41283e-09	-0.0487906
1.41288e-09	-0.0487192
1.41293e-09	-0.0486479
1.41297e-09	-0.0485766
1.41302e-09	-0.0485053
1.41306e-09	-0.0484341
1.41311e-09	-0.0483629
1.41316e-09	-0.0482917
1.4132e-09	-0.0482206
1.41325e-09	-0.0481495
1.4133e-09	-0.0480785
1.41334e-09	-0.0480075
1.41339e-09	-0.0479365
1.41344e-09	-0.0478656
1.41348e-09	-0.0477947
1.41353e-09	-0.0477239
1.41358e-09	-0.0476531
1.41362e-09	-0.0475824
1.41367e-09	-0.0475116
1.41371e-09	-0.047441
1.41376e-09	-0.0473703
1.41381e-09	-0.0472997
1.41385e-09	-0.0472292
1.4139e-09	-0.0471587
1.41395e-09	-0.0470882
1.41399e-09	-0.0470177
1.41404e-09	-0.0469473
1.41409e-09	-0.046877
1.41413e-09	-0.0468067
1.41418e-09	-0.0467364
1.41423e-09	-0.0466661
1.41427e-09	-0.046596
1.41432e-09	-0.0465258
1.41436e-09	-0.0464557
1.41441e-09	-0.0463856
1.41446e-09	-0.0463156
1.4145e-09	-0.0462456
1.41455e-09	-0.0461756
1.4146e-09	-0.0461057
1.41464e-09	-0.0460358
1.41469e-09	-0.045966
1.41474e-09	-0.0458962
1.41478e-09	-0.0458264
1.41483e-09	-0.0457567
1.41487e-09	-0.045687
1.41492e-09	-0.0456174
1.41497e-09	-0.0455478
1.41501e-09	-0.0454782
1.41506e-09	-0.0454087
1.41511e-09	-0.0453392
1.41515e-09	-0.0452698
1.4152e-09	-0.0452004
1.41525e-09	-0.045131
1.41529e-09	-0.0450617
1.41534e-09	-0.0449924
1.41539e-09	-0.0449232
1.41543e-09	-0.044854
1.41548e-09	-0.0447848
1.41552e-09	-0.0447157
1.41557e-09	-0.0446466
1.41562e-09	-0.0445776
1.41566e-09	-0.0445086
1.41571e-09	-0.0444396
1.41576e-09	-0.0443707
1.4158e-09	-0.0443018
1.41585e-09	-0.044233
1.4159e-09	-0.0441642
1.41594e-09	-0.0440954
1.41599e-09	-0.0440267
1.41604e-09	-0.043958
1.41608e-09	-0.0438894
1.41613e-09	-0.0438208
1.41617e-09	-0.0437522
1.41622e-09	-0.0436837
1.41627e-09	-0.0436152
1.41631e-09	-0.0435468
1.41636e-09	-0.0434784
1.41641e-09	-0.04341
1.41645e-09	-0.0433417
1.4165e-09	-0.0432734
1.41655e-09	-0.0432052
1.41659e-09	-0.043137
1.41664e-09	-0.0430688
1.41669e-09	-0.0430007
1.41673e-09	-0.0429326
1.41678e-09	-0.0428645
1.41682e-09	-0.0427965
1.41687e-09	-0.0427286
1.41692e-09	-0.0426607
1.41696e-09	-0.0425928
1.41701e-09	-0.0425249
1.41706e-09	-0.0424571
1.4171e-09	-0.0423894
1.41715e-09	-0.0423216
1.4172e-09	-0.042254
1.41724e-09	-0.0421863
1.41729e-09	-0.0421187
1.41733e-09	-0.0420511
1.41738e-09	-0.0419836
1.41743e-09	-0.0419161
1.41747e-09	-0.0418487
1.41752e-09	-0.0417813
1.41757e-09	-0.0417139
1.41761e-09	-0.0416466
1.41766e-09	-0.0415793
1.41771e-09	-0.0415121
1.41775e-09	-0.0414449
1.4178e-09	-0.0413777
1.41785e-09	-0.0413106
1.41789e-09	-0.0412435
1.41794e-09	-0.0411764
1.41798e-09	-0.0411094
1.41803e-09	-0.0410425
1.41808e-09	-0.0409755
1.41812e-09	-0.0409086
1.41817e-09	-0.0408418
1.41822e-09	-0.040775
1.41826e-09	-0.0407082
1.41831e-09	-0.0406415
1.41836e-09	-0.0405748
1.4184e-09	-0.0405082
1.41845e-09	-0.0404415
1.4185e-09	-0.040375
1.41854e-09	-0.0403084
1.41859e-09	-0.040242
1.41863e-09	-0.0401755
1.41868e-09	-0.0401091
1.41873e-09	-0.0400427
1.41877e-09	-0.0399764
1.41882e-09	-0.0399101
1.41887e-09	-0.0398439
1.41891e-09	-0.0397776
1.41896e-09	-0.0397115
1.41901e-09	-0.0396453
1.41905e-09	-0.0395792
1.4191e-09	-0.0395132
1.41915e-09	-0.0394472
1.41919e-09	-0.0393812
1.41924e-09	-0.0393153
1.41928e-09	-0.0392494
1.41933e-09	-0.0391835
1.41938e-09	-0.0391177
1.41942e-09	-0.0390519
1.41947e-09	-0.0389862
1.41952e-09	-0.0389205
1.41956e-09	-0.0388549
1.41961e-09	-0.0387893
1.41966e-09	-0.0387237
1.4197e-09	-0.0386581
1.41975e-09	-0.0385926
1.4198e-09	-0.0385272
1.41984e-09	-0.0384618
1.41989e-09	-0.0383964
1.41993e-09	-0.0383311
1.41998e-09	-0.0382658
1.42003e-09	-0.0382005
1.42007e-09	-0.0381353
1.42012e-09	-0.0380701
1.42017e-09	-0.038005
1.42021e-09	-0.0379399
1.42026e-09	-0.0378748
1.42031e-09	-0.0378098
1.42035e-09	-0.0377448
1.4204e-09	-0.0376799
1.42044e-09	-0.037615
1.42049e-09	-0.0375501
1.42054e-09	-0.0374853
1.42058e-09	-0.0374205
1.42063e-09	-0.0373558
1.42068e-09	-0.0372911
1.42072e-09	-0.0372264
1.42077e-09	-0.0371618
1.42082e-09	-0.0370972
1.42086e-09	-0.0370327
1.42091e-09	-0.0369682
1.42096e-09	-0.0369037
1.421e-09	-0.0368393
1.42105e-09	-0.0367749
1.42109e-09	-0.0367106
1.42114e-09	-0.0366463
1.42119e-09	-0.036582
1.42123e-09	-0.0365178
1.42128e-09	-0.0364536
1.42133e-09	-0.0363894
1.42137e-09	-0.0363253
1.42142e-09	-0.0362613
1.42147e-09	-0.0361972
1.42151e-09	-0.0361333
1.42156e-09	-0.0360693
1.42161e-09	-0.0360054
1.42165e-09	-0.0359415
1.4217e-09	-0.0358777
1.42174e-09	-0.0358139
1.42179e-09	-0.0357502
1.42184e-09	-0.0356865
1.42188e-09	-0.0356228
1.42193e-09	-0.0355592
1.42198e-09	-0.0354956
1.42202e-09	-0.035432
1.42207e-09	-0.0353685
1.42212e-09	-0.035305
1.42216e-09	-0.0352416
1.42221e-09	-0.0351782
1.42226e-09	-0.0351149
1.4223e-09	-0.0350516
1.42235e-09	-0.0349883
1.42239e-09	-0.034925
1.42244e-09	-0.0348618
1.42249e-09	-0.0347987
1.42253e-09	-0.0347356
1.42258e-09	-0.0346725
1.42263e-09	-0.0346095
1.42267e-09	-0.0345465
1.42272e-09	-0.0344835
1.42277e-09	-0.0344206
1.42281e-09	-0.0343577
1.42286e-09	-0.0342949
1.42291e-09	-0.0342321
1.42295e-09	-0.0341693
1.423e-09	-0.0341066
1.42304e-09	-0.0340439
1.42309e-09	-0.0339813
1.42314e-09	-0.0339187
1.42318e-09	-0.0338561
1.42323e-09	-0.0337936
1.42328e-09	-0.0337311
1.42332e-09	-0.0336687
1.42337e-09	-0.0336063
1.42342e-09	-0.0335439
1.42346e-09	-0.0334816
1.42351e-09	-0.0334193
1.42355e-09	-0.033357
1.4236e-09	-0.0332948
1.42365e-09	-0.0332327
1.42369e-09	-0.0331705
1.42374e-09	-0.0331085
1.42379e-09	-0.0330464
1.42383e-09	-0.0329844
1.42388e-09	-0.0329224
1.42393e-09	-0.0328605
1.42397e-09	-0.0327986
1.42402e-09	-0.0327368
1.42407e-09	-0.0326749
1.42411e-09	-0.0326132
1.42416e-09	-0.0325514
1.4242e-09	-0.0324897
1.42425e-09	-0.0324281
1.4243e-09	-0.0323665
1.42434e-09	-0.0323049
1.42439e-09	-0.0322434
1.42444e-09	-0.0321819
1.42448e-09	-0.0321204
1.42453e-09	-0.032059
1.42458e-09	-0.0319976
1.42462e-09	-0.0319363
1.42467e-09	-0.031875
1.42472e-09	-0.0318137
1.42476e-09	-0.0317525
1.42481e-09	-0.0316913
1.42485e-09	-0.0316302
1.4249e-09	-0.0315691
1.42495e-09	-0.031508
1.42499e-09	-0.031447
1.42504e-09	-0.031386
1.42509e-09	-0.0313251
1.42513e-09	-0.0312642
1.42518e-09	-0.0312033
1.42523e-09	-0.0311425
1.42527e-09	-0.0310817
1.42532e-09	-0.0310209
1.42537e-09	-0.0309602
1.42541e-09	-0.0308995
1.42546e-09	-0.0308389
1.4255e-09	-0.0307783
1.42555e-09	-0.0307178
1.4256e-09	-0.0306573
1.42564e-09	-0.0305968
1.42569e-09	-0.0305364
1.42574e-09	-0.030476
1.42578e-09	-0.0304156
1.42583e-09	-0.0303553
1.42588e-09	-0.030295
1.42592e-09	-0.0302348
1.42597e-09	-0.0301746
1.42602e-09	-0.0301144
1.42606e-09	-0.0300543
1.42611e-09	-0.0299942
1.42615e-09	-0.0299342
1.4262e-09	-0.0298742
1.42625e-09	-0.0298142
1.42629e-09	-0.0297543
1.42634e-09	-0.0296944
1.42639e-09	-0.0296346
1.42643e-09	-0.0295748
1.42648e-09	-0.029515
1.42653e-09	-0.0294553
1.42657e-09	-0.0293956
1.42662e-09	-0.0293359
1.42666e-09	-0.0292763
1.42671e-09	-0.0292167
1.42676e-09	-0.0291572
1.4268e-09	-0.0290977
1.42685e-09	-0.0290383
1.4269e-09	-0.0289789
1.42694e-09	-0.0289195
1.42699e-09	-0.0288601
1.42704e-09	-0.0288008
1.42708e-09	-0.0287416
1.42713e-09	-0.0286824
1.42718e-09	-0.0286232
1.42722e-09	-0.0285641
1.42727e-09	-0.028505
1.42731e-09	-0.0284459
1.42736e-09	-0.0283869
1.42741e-09	-0.0283279
1.42745e-09	-0.0282689
1.4275e-09	-0.02821
1.42755e-09	-0.0281512
1.42759e-09	-0.0280923
1.42764e-09	-0.0280336
1.42769e-09	-0.0279748
1.42773e-09	-0.0279161
1.42778e-09	-0.0278574
1.42783e-09	-0.0277988
1.42787e-09	-0.0277402
1.42792e-09	-0.0276817
1.42796e-09	-0.0276231
1.42801e-09	-0.0275647
1.42806e-09	-0.0275062
1.4281e-09	-0.0274478
1.42815e-09	-0.0273895
1.4282e-09	-0.0273312
1.42824e-09	-0.0272729
1.42829e-09	-0.0272146
1.42834e-09	-0.0271564
1.42838e-09	-0.0270983
1.42843e-09	-0.0270401
1.42848e-09	-0.0269821
1.42852e-09	-0.026924
1.42857e-09	-0.026866
1.42861e-09	-0.026808
1.42866e-09	-0.0267501
1.42871e-09	-0.0266922
1.42875e-09	-0.0266344
1.4288e-09	-0.0265766
1.42885e-09	-0.0265188
1.42889e-09	-0.0264611
1.42894e-09	-0.0264034
1.42899e-09	-0.0263457
1.42903e-09	-0.0262881
1.42908e-09	-0.0262305
1.42913e-09	-0.026173
1.42917e-09	-0.0261155
1.42922e-09	-0.026058
1.42926e-09	-0.0260006
1.42931e-09	-0.0259432
1.42936e-09	-0.0258859
1.4294e-09	-0.0258286
1.42945e-09	-0.0257713
1.4295e-09	-0.0257141
1.42954e-09	-0.0256569
1.42959e-09	-0.0255997
1.42964e-09	-0.0255426
1.42968e-09	-0.0254855
1.42973e-09	-0.0254285
1.42977e-09	-0.0253715
1.42982e-09	-0.0253145
1.42987e-09	-0.0252576
1.42991e-09	-0.0252008
1.42996e-09	-0.0251439
1.43001e-09	-0.0250871
1.43005e-09	-0.0250304
1.4301e-09	-0.0249736
1.43015e-09	-0.0249169
1.43019e-09	-0.0248603
1.43024e-09	-0.0248037
1.43029e-09	-0.0247471
1.43033e-09	-0.0246906
1.43038e-09	-0.0246341
1.43042e-09	-0.0245777
1.43047e-09	-0.0245212
1.43052e-09	-0.0244649
1.43056e-09	-0.0244085
1.43061e-09	-0.0243522
1.43066e-09	-0.024296
1.4307e-09	-0.0242398
1.43075e-09	-0.0241836
1.4308e-09	-0.0241274
1.43084e-09	-0.0240713
1.43089e-09	-0.0240153
1.43094e-09	-0.0239592
1.43098e-09	-0.0239033
1.43103e-09	-0.0238473
1.43107e-09	-0.0237914
1.43112e-09	-0.0237355
1.43117e-09	-0.0236797
1.43121e-09	-0.0236239
1.43126e-09	-0.0235681
1.43131e-09	-0.0235124
1.43135e-09	-0.0234568
1.4314e-09	-0.0234011
1.43145e-09	-0.0233455
1.43149e-09	-0.0232899
1.43154e-09	-0.0232344
1.43159e-09	-0.0231789
1.43163e-09	-0.0231235
1.43168e-09	-0.0230681
1.43172e-09	-0.0230127
1.43177e-09	-0.0229574
1.43182e-09	-0.0229021
1.43186e-09	-0.0228468
1.43191e-09	-0.0227916
1.43196e-09	-0.0227365
1.432e-09	-0.0226813
1.43205e-09	-0.0226262
1.4321e-09	-0.0225712
1.43214e-09	-0.0225161
1.43219e-09	-0.0224612
1.43223e-09	-0.0224062
1.43228e-09	-0.0223513
1.43233e-09	-0.0222964
1.43237e-09	-0.0222416
1.43242e-09	-0.0221868
1.43247e-09	-0.0221321
1.43251e-09	-0.0220773
1.43256e-09	-0.0220227
1.43261e-09	-0.021968
1.43265e-09	-0.0219134
1.4327e-09	-0.0218589
1.43275e-09	-0.0218044
1.43279e-09	-0.0217499
1.43284e-09	-0.0216954
1.43288e-09	-0.021641
1.43293e-09	-0.0215867
1.43298e-09	-0.0215323
1.43302e-09	-0.021478
1.43307e-09	-0.0214238
1.43312e-09	-0.0213696
1.43316e-09	-0.0213154
1.43321e-09	-0.0212613
1.43326e-09	-0.0212072
1.4333e-09	-0.0211531
1.43335e-09	-0.0210991
1.4334e-09	-0.0210451
1.43344e-09	-0.0209911
1.43349e-09	-0.0209372
1.43353e-09	-0.0208834
1.43358e-09	-0.0208295
1.43363e-09	-0.0207757
1.43367e-09	-0.020722
1.43372e-09	-0.0206683
1.43377e-09	-0.0206146
1.43381e-09	-0.020561
1.43386e-09	-0.0205074
1.43391e-09	-0.0204538
1.43395e-09	-0.0204003
1.434e-09	-0.0203468
1.43405e-09	-0.0202933
1.43409e-09	-0.0202399
1.43414e-09	-0.0201866
1.43418e-09	-0.0201332
1.43423e-09	-0.0200799
1.43428e-09	-0.0200267
1.43432e-09	-0.0199735
1.43437e-09	-0.0199203
1.43442e-09	-0.0198671
1.43446e-09	-0.019814
1.43451e-09	-0.019761
1.43456e-09	-0.0197079
1.4346e-09	-0.019655
1.43465e-09	-0.019602
1.4347e-09	-0.0195491
1.43474e-09	-0.0194962
1.43479e-09	-0.0194434
1.43483e-09	-0.0193906
1.43488e-09	-0.0193378
1.43493e-09	-0.0192851
1.43497e-09	-0.0192324
1.43502e-09	-0.0191798
1.43507e-09	-0.0191272
1.43511e-09	-0.0190746
1.43516e-09	-0.0190221
1.43521e-09	-0.0189696
1.43525e-09	-0.0189171
1.4353e-09	-0.0188647
1.43534e-09	-0.0188123
1.43539e-09	-0.01876
1.43544e-09	-0.0187077
1.43548e-09	-0.0186554
1.43553e-09	-0.0186032
1.43558e-09	-0.018551
1.43562e-09	-0.0184988
1.43567e-09	-0.0184467
1.43572e-09	-0.0183947
1.43576e-09	-0.0183426
1.43581e-09	-0.0182906
1.43586e-09	-0.0182387
1.4359e-09	-0.0181867
1.43595e-09	-0.0181348
1.43599e-09	-0.018083
1.43604e-09	-0.0180312
1.43609e-09	-0.0179794
1.43613e-09	-0.0179277
1.43618e-09	-0.017876
1.43623e-09	-0.0178243
1.43627e-09	-0.0177727
1.43632e-09	-0.0177211
1.43637e-09	-0.0176696
1.43641e-09	-0.0176181
1.43646e-09	-0.0175666
1.43651e-09	-0.0175152
1.43655e-09	-0.0174638
1.4366e-09	-0.0174124
1.43664e-09	-0.0173611
1.43669e-09	-0.0173098
1.43674e-09	-0.0172586
1.43678e-09	-0.0172074
1.43683e-09	-0.0171562
1.43688e-09	-0.0171051
1.43692e-09	-0.017054
1.43697e-09	-0.017003
1.43702e-09	-0.0169519
1.43706e-09	-0.016901
1.43711e-09	-0.01685
1.43716e-09	-0.0167991
1.4372e-09	-0.0167483
1.43725e-09	-0.0166974
1.43729e-09	-0.0166467
1.43734e-09	-0.0165959
1.43739e-09	-0.0165452
1.43743e-09	-0.0164945
1.43748e-09	-0.0164439
1.43753e-09	-0.0163933
1.43757e-09	-0.0163427
1.43762e-09	-0.0162922
1.43767e-09	-0.0162417
1.43771e-09	-0.0161913
1.43776e-09	-0.0161409
1.43781e-09	-0.0160905
1.43785e-09	-0.0160401
1.4379e-09	-0.0159898
1.43794e-09	-0.0159396
1.43799e-09	-0.0158894
1.43804e-09	-0.0158392
1.43808e-09	-0.015789
1.43813e-09	-0.0157389
1.43818e-09	-0.0156889
1.43822e-09	-0.0156388
1.43827e-09	-0.0155888
1.43832e-09	-0.0155389
1.43836e-09	-0.0154889
1.43841e-09	-0.0154391
1.43845e-09	-0.0153892
1.4385e-09	-0.0153394
1.43855e-09	-0.0152896
1.43859e-09	-0.0152399
1.43864e-09	-0.0151902
1.43869e-09	-0.0151405
1.43873e-09	-0.0150909
1.43878e-09	-0.0150413
1.43883e-09	-0.0149918
1.43887e-09	-0.0149423
1.43892e-09	-0.0148928
1.43897e-09	-0.0148434
1.43901e-09	-0.014794
1.43906e-09	-0.0147446
1.4391e-09	-0.0146953
1.43915e-09	-0.014646
1.4392e-09	-0.0145968
1.43924e-09	-0.0145476
1.43929e-09	-0.0144984
1.43934e-09	-0.0144492
1.43938e-09	-0.0144001
1.43943e-09	-0.0143511
1.43948e-09	-0.0143021
1.43952e-09	-0.0142531
1.43957e-09	-0.0142041
1.43962e-09	-0.0141552
1.43966e-09	-0.0141063
1.43971e-09	-0.0140575
1.43975e-09	-0.0140087
1.4398e-09	-0.0139599
1.43985e-09	-0.0139112
1.43989e-09	-0.0138625
1.43994e-09	-0.0138139
1.43999e-09	-0.0137653
1.44003e-09	-0.0137167
1.44008e-09	-0.0136682
1.44013e-09	-0.0136197
1.44017e-09	-0.0135712
1.44022e-09	-0.0135228
1.44027e-09	-0.0134744
1.44031e-09	-0.013426
1.44036e-09	-0.0133777
1.4404e-09	-0.0133294
1.44045e-09	-0.0132812
1.4405e-09	-0.013233
1.44054e-09	-0.0131848
1.44059e-09	-0.0131367
1.44064e-09	-0.0130886
1.44068e-09	-0.0130406
1.44073e-09	-0.0129925
1.44078e-09	-0.0129446
1.44082e-09	-0.0128966
1.44087e-09	-0.0128487
1.44092e-09	-0.0128008
1.44096e-09	-0.012753
1.44101e-09	-0.0127052
1.44105e-09	-0.0126575
1.4411e-09	-0.0126097
1.44115e-09	-0.012562
1.44119e-09	-0.0125144
1.44124e-09	-0.0124668
1.44129e-09	-0.0124192
1.44133e-09	-0.0123717
1.44138e-09	-0.0123242
1.44143e-09	-0.0122767
1.44147e-09	-0.0122293
1.44152e-09	-0.0121819
1.44156e-09	-0.0121346
1.44161e-09	-0.0120872
1.44166e-09	-0.01204
1.4417e-09	-0.0119927
1.44175e-09	-0.0119455
1.4418e-09	-0.0118984
1.44184e-09	-0.0118512
1.44189e-09	-0.0118041
1.44194e-09	-0.0117571
1.44198e-09	-0.0117101
1.44203e-09	-0.0116631
1.44208e-09	-0.0116161
1.44212e-09	-0.0115692
1.44217e-09	-0.0115224
1.44221e-09	-0.0114755
1.44226e-09	-0.0114287
1.44231e-09	-0.011382
1.44235e-09	-0.0113352
1.4424e-09	-0.0112886
1.44245e-09	-0.0112419
1.44249e-09	-0.0111953
1.44254e-09	-0.0111487
1.44259e-09	-0.0111022
1.44263e-09	-0.0110557
1.44268e-09	-0.0110092
1.44273e-09	-0.0109628
1.44277e-09	-0.0109164
1.44282e-09	-0.01087
1.44286e-09	-0.0108237
1.44291e-09	-0.0107774
1.44296e-09	-0.0107312
1.443e-09	-0.010685
1.44305e-09	-0.0106388
1.4431e-09	-0.0105927
1.44314e-09	-0.0105466
1.44319e-09	-0.0105005
1.44324e-09	-0.0104545
1.44328e-09	-0.0104085
1.44333e-09	-0.0103625
1.44338e-09	-0.0103166
1.44342e-09	-0.0102707
1.44347e-09	-0.0102249
1.44351e-09	-0.0101791
1.44356e-09	-0.0101333
1.44361e-09	-0.0100876
1.44365e-09	-0.0100419
1.4437e-09	-0.00999623
1.44375e-09	-0.0099506
1.44379e-09	-0.00990502
1.44384e-09	-0.00985947
1.44389e-09	-0.00981395
1.44393e-09	-0.00976847
1.44398e-09	-0.00972303
1.44403e-09	-0.00967763
1.44407e-09	-0.00963226
1.44412e-09	-0.00958693
1.44416e-09	-0.00954163
1.44421e-09	-0.00949637
1.44426e-09	-0.00945115
1.4443e-09	-0.00940597
1.44435e-09	-0.00936082
1.4444e-09	-0.0093157
1.44444e-09	-0.00927063
1.44449e-09	-0.00922559
1.44454e-09	-0.00918058
1.44458e-09	-0.00913562
1.44463e-09	-0.00909068
1.44467e-09	-0.00904579
1.44472e-09	-0.00900093
1.44477e-09	-0.00895611
1.44481e-09	-0.00891132
1.44486e-09	-0.00886657
1.44491e-09	-0.00882186
1.44495e-09	-0.00877718
1.445e-09	-0.00873254
1.44505e-09	-0.00868794
1.44509e-09	-0.00864337
1.44514e-09	-0.00859884
1.44519e-09	-0.00855434
1.44523e-09	-0.00850988
1.44528e-09	-0.00846546
1.44532e-09	-0.00842107
1.44537e-09	-0.00837672
1.44542e-09	-0.00833241
1.44546e-09	-0.00828813
1.44551e-09	-0.00824389
1.44556e-09	-0.00819968
1.4456e-09	-0.00815551
1.44565e-09	-0.00811138
1.4457e-09	-0.00806728
1.44574e-09	-0.00802322
1.44579e-09	-0.00797919
1.44584e-09	-0.0079352
1.44588e-09	-0.00789125
1.44593e-09	-0.00784733
1.44597e-09	-0.00780345
1.44602e-09	-0.00775961
1.44607e-09	-0.0077158
1.44611e-09	-0.00767203
1.44616e-09	-0.00762829
1.44621e-09	-0.00758459
1.44625e-09	-0.00754092
1.4463e-09	-0.00749729
1.44635e-09	-0.0074537
1.44639e-09	-0.00741015
1.44644e-09	-0.00736662
1.44649e-09	-0.00732314
1.44653e-09	-0.00727969
1.44658e-09	-0.00723628
1.44662e-09	-0.0071929
1.44667e-09	-0.00714956
1.44672e-09	-0.00710625
1.44676e-09	-0.00706299
1.44681e-09	-0.00701975
1.44686e-09	-0.00697655
1.4469e-09	-0.00693339
1.44695e-09	-0.00689027
1.447e-09	-0.00684718
1.44704e-09	-0.00680412
1.44709e-09	-0.0067611
1.44714e-09	-0.00671812
1.44718e-09	-0.00667518
1.44723e-09	-0.00663226
1.44727e-09	-0.00658939
1.44732e-09	-0.00654655
1.44737e-09	-0.00650375
1.44741e-09	-0.00646098
1.44746e-09	-0.00641825
1.44751e-09	-0.00637555
1.44755e-09	-0.00633289
1.4476e-09	-0.00629027
1.44765e-09	-0.00624768
1.44769e-09	-0.00620512
1.44774e-09	-0.00616261
1.44778e-09	-0.00612012
1.44783e-09	-0.00607768
1.44788e-09	-0.00603527
1.44792e-09	-0.00599289
1.44797e-09	-0.00595055
1.44802e-09	-0.00590825
1.44806e-09	-0.00586598
1.44811e-09	-0.00582375
1.44816e-09	-0.00578155
1.4482e-09	-0.00573939
1.44825e-09	-0.00569727
1.4483e-09	-0.00565518
1.44834e-09	-0.00561312
1.44839e-09	-0.0055711
1.44843e-09	-0.00552912
1.44848e-09	-0.00548717
1.44853e-09	-0.00544526
1.44857e-09	-0.00540338
1.44862e-09	-0.00536154
1.44867e-09	-0.00531973
1.44871e-09	-0.00527796
1.44876e-09	-0.00523623
1.44881e-09	-0.00519453
1.44885e-09	-0.00515286
1.4489e-09	-0.00511124
1.44895e-09	-0.00506964
1.44899e-09	-0.00502808
1.44904e-09	-0.00498656
1.44908e-09	-0.00494508
1.44913e-09	-0.00490362
1.44918e-09	-0.00486221
1.44922e-09	-0.00482083
1.44927e-09	-0.00477948
1.44932e-09	-0.00473817
1.44936e-09	-0.0046969
1.44941e-09	-0.00465566
1.44946e-09	-0.00461445
1.4495e-09	-0.00457328
1.44955e-09	-0.00453215
1.4496e-09	-0.00449105
1.44964e-09	-0.00444999
1.44969e-09	-0.00440896
1.44973e-09	-0.00436797
1.44978e-09	-0.00432701
1.44983e-09	-0.00428609
1.44987e-09	-0.0042452
1.44992e-09	-0.00420435
1.44997e-09	-0.00416353
1.45001e-09	-0.00412275
1.45006e-09	-0.004082
1.45011e-09	-0.00404129
1.45015e-09	-0.00400062
1.4502e-09	-0.00395998
1.45024e-09	-0.00391937
1.45029e-09	-0.0038788
1.45034e-09	-0.00383827
1.45038e-09	-0.00379776
1.45043e-09	-0.0037573
1.45048e-09	-0.00371687
1.45052e-09	-0.00367647
1.45057e-09	-0.00363611
1.45062e-09	-0.00359579
1.45066e-09	-0.0035555
1.45071e-09	-0.00351524
1.45076e-09	-0.00347502
1.4508e-09	-0.00343484
1.45085e-09	-0.00339469
1.45089e-09	-0.00335457
1.45094e-09	-0.00331449
1.45099e-09	-0.00327445
1.45103e-09	-0.00323444
1.45108e-09	-0.00319446
1.45113e-09	-0.00315452
1.45117e-09	-0.00311462
1.45122e-09	-0.00307475
1.45127e-09	-0.00303491
1.45131e-09	-0.00299511
1.45136e-09	-0.00295535
1.45141e-09	-0.00291561
1.45145e-09	-0.00287592
1.4515e-09	-0.00283626
1.45154e-09	-0.00279663
1.45159e-09	-0.00275704
1.45164e-09	-0.00271748
1.45168e-09	-0.00267796
1.45173e-09	-0.00263847
1.45178e-09	-0.00259902
1.45182e-09	-0.0025596
1.45187e-09	-0.00252022
1.45192e-09	-0.00248087
1.45196e-09	-0.00244156
1.45201e-09	-0.00240228
1.45206e-09	-0.00236303
1.4521e-09	-0.00232382
1.45215e-09	-0.00228465
1.45219e-09	-0.00224551
1.45224e-09	-0.0022064
1.45229e-09	-0.00216733
1.45233e-09	-0.0021283
1.45238e-09	-0.0020893
1.45243e-09	-0.00205033
1.45247e-09	-0.0020114
1.45252e-09	-0.0019725
1.45257e-09	-0.00193364
1.45261e-09	-0.00189481
1.45266e-09	-0.00185601
1.45271e-09	-0.00181725
1.45275e-09	-0.00177853
1.4528e-09	-0.00173984
1.45284e-09	-0.00170118
1.45289e-09	-0.00166256
1.45294e-09	-0.00162397
1.45298e-09	-0.00158542
1.45303e-09	-0.0015469
1.45308e-09	-0.00150842
1.45312e-09	-0.00146997
1.45317e-09	-0.00143156
1.45322e-09	-0.00139318
1.45326e-09	-0.00135483
1.45331e-09	-0.00131652
1.45335e-09	-0.00127824
1.4534e-09	-0.00124
1.45345e-09	-0.00120179
1.45349e-09	-0.00116362
1.45354e-09	-0.00112548
1.45359e-09	-0.00108737
1.45363e-09	-0.0010493
1.45368e-09	-0.00101127
1.45373e-09	-0.000973263
1.45377e-09	-0.000935295
1.45382e-09	-0.000897362
1.45387e-09	-0.000859462
1.45391e-09	-0.000821597
1.45396e-09	-0.000783766
1.454e-09	-0.000745969
1.45405e-09	-0.000708207
1.4541e-09	-0.000670479
1.45414e-09	-0.000632785
1.45419e-09	-0.000595125
1.45424e-09	-0.000557499
1.45428e-09	-0.000519907
1.45433e-09	-0.00048235
1.45438e-09	-0.000444827
1.45442e-09	-0.000407338
1.45447e-09	-0.000369883
1.45452e-09	-0.000332462
1.45456e-09	-0.000295075
1.45461e-09	-0.000257722
1.45465e-09	-0.000220403
1.4547e-09	-0.000183119
1.45475e-09	-0.000145868
1.45479e-09	-0.000108652
1.45484e-09	-7.14694e-05
1.45489e-09	-3.43209e-05
1.45493e-09	2.79356e-06
1.45498e-09	3.9874e-05
1.45503e-09	7.69205e-05
1.45507e-09	0.000113933
1.45512e-09	0.000150912
1.45517e-09	0.000187856
1.45521e-09	0.000224767
1.45526e-09	0.000261644
1.4553e-09	0.000298486
1.45535e-09	0.000335295
1.4554e-09	0.00037207
1.45544e-09	0.000408812
1.45549e-09	0.000445519
1.45554e-09	0.000482192
1.45558e-09	0.000518832
1.45563e-09	0.000555438
1.45568e-09	0.00059201
1.45572e-09	0.000628548
1.45577e-09	0.000665052
1.45582e-09	0.000701523
1.45586e-09	0.00073796
1.45591e-09	0.000774363
1.45595e-09	0.000810732
1.456e-09	0.000847068
1.45605e-09	0.00088337
1.45609e-09	0.000919638
1.45614e-09	0.000955872
1.45619e-09	0.000992073
1.45623e-09	0.00102824
1.45628e-09	0.00106437
1.45633e-09	0.00110047
1.45637e-09	0.00113654
1.45642e-09	0.00117257
1.45646e-09	0.00120857
1.45651e-09	0.00124454
1.45656e-09	0.00128047
1.4566e-09	0.00131637
1.45665e-09	0.00135223
1.4567e-09	0.00138806
1.45674e-09	0.00142386
1.45679e-09	0.00145962
1.45684e-09	0.00149535
1.45688e-09	0.00153105
1.45693e-09	0.00156671
1.45698e-09	0.00160234
1.45702e-09	0.00163794
1.45707e-09	0.0016735
1.45711e-09	0.00170903
1.45716e-09	0.00174453
1.45721e-09	0.00177999
1.45725e-09	0.00181542
1.4573e-09	0.00185081
1.45735e-09	0.00188618
1.45739e-09	0.00192151
1.45744e-09	0.0019568
1.45749e-09	0.00199206
1.45753e-09	0.00202729
1.45758e-09	0.00206249
1.45763e-09	0.00209765
1.45767e-09	0.00213278
1.45772e-09	0.00216787
1.45776e-09	0.00220294
1.45781e-09	0.00223797
1.45786e-09	0.00227296
1.4579e-09	0.00230792
1.45795e-09	0.00234285
1.458e-09	0.00237775
1.45804e-09	0.00241261
1.45809e-09	0.00244744
1.45814e-09	0.00248224
1.45818e-09	0.002517
1.45823e-09	0.00255173
1.45828e-09	0.00258643
1.45832e-09	0.00262109
1.45837e-09	0.00265572
1.45841e-09	0.00269032
1.45846e-09	0.00272489
1.45851e-09	0.00275942
1.45855e-09	0.00279392
1.4586e-09	0.00282838
1.45865e-09	0.00286281
1.45869e-09	0.00289721
1.45874e-09	0.00293158
1.45879e-09	0.00296591
1.45883e-09	0.00300021
1.45888e-09	0.00303448
1.45893e-09	0.00306871
1.45897e-09	0.00310291
1.45902e-09	0.00313708
1.45906e-09	0.00317122
1.45911e-09	0.00320532
1.45916e-09	0.00323939
1.4592e-09	0.00327342
1.45925e-09	0.00330743
1.4593e-09	0.0033414
1.45934e-09	0.00337534
1.45939e-09	0.00340924
1.45944e-09	0.00344311
1.45948e-09	0.00347695
1.45953e-09	0.00351076
1.45957e-09	0.00354453
1.45962e-09	0.00357827
1.45967e-09	0.00361198
1.45971e-09	0.00364566
1.45976e-09	0.0036793
1.45981e-09	0.00371291
1.45985e-09	0.00374648
1.4599e-09	0.00378003
1.45995e-09	0.00381354
1.45999e-09	0.00384702
1.46004e-09	0.00388046
1.46009e-09	0.00391388
1.46013e-09	0.00394726
1.46018e-09	0.00398061
1.46022e-09	0.00401392
1.46027e-09	0.0040472
1.46032e-09	0.00408045
1.46036e-09	0.00411367
1.46041e-09	0.00414686
1.46046e-09	0.00418001
1.4605e-09	0.00421313
1.46055e-09	0.00424622
1.4606e-09	0.00427927
1.46064e-09	0.00431229
1.46069e-09	0.00434528
1.46074e-09	0.00437824
1.46078e-09	0.00441116
1.46083e-09	0.00444406
1.46087e-09	0.00447692
1.46092e-09	0.00450974
1.46097e-09	0.00454254
1.46101e-09	0.0045753
1.46106e-09	0.00460803
1.46111e-09	0.00464073
1.46115e-09	0.00467339
1.4612e-09	0.00470603
1.46125e-09	0.00473863
1.46129e-09	0.00477119
1.46134e-09	0.00480373
1.46139e-09	0.00483623
1.46143e-09	0.0048687
1.46148e-09	0.00490114
1.46152e-09	0.00493355
1.46157e-09	0.00496592
1.46162e-09	0.00499826
1.46166e-09	0.00503057
1.46171e-09	0.00506285
1.46176e-09	0.0050951
1.4618e-09	0.00512731
1.46185e-09	0.00515949
1.4619e-09	0.00519164
1.46194e-09	0.00522375
1.46199e-09	0.00525584
1.46204e-09	0.00528789
1.46208e-09	0.00531991
1.46213e-09	0.0053519
1.46217e-09	0.00538385
1.46222e-09	0.00541578
1.46227e-09	0.00544767
1.46231e-09	0.00547953
1.46236e-09	0.00551135
1.46241e-09	0.00554315
1.46245e-09	0.00557491
1.4625e-09	0.00560664
1.46255e-09	0.00563834
1.46259e-09	0.00567001
1.46264e-09	0.00570164
1.46268e-09	0.00573325
1.46273e-09	0.00576482
1.46278e-09	0.00579636
1.46282e-09	0.00582786
1.46287e-09	0.00585934
1.46292e-09	0.00589078
1.46296e-09	0.00592219
1.46301e-09	0.00595357
1.46306e-09	0.00598492
1.4631e-09	0.00601623
1.46315e-09	0.00604752
1.4632e-09	0.00607877
1.46324e-09	0.00610999
1.46329e-09	0.00614118
1.46333e-09	0.00617234
1.46338e-09	0.00620346
1.46343e-09	0.00623455
1.46347e-09	0.00626561
1.46352e-09	0.00629664
1.46357e-09	0.00632764
1.46361e-09	0.00635861
1.46366e-09	0.00638954
1.46371e-09	0.00642044
1.46375e-09	0.00645131
1.4638e-09	0.00648215
1.46385e-09	0.00651296
1.46389e-09	0.00654374
1.46394e-09	0.00657448
1.46398e-09	0.00660519
1.46403e-09	0.00663587
1.46408e-09	0.00666652
1.46412e-09	0.00669714
1.46417e-09	0.00672773
1.46422e-09	0.00675828
1.46426e-09	0.0067888
1.46431e-09	0.0068193
1.46436e-09	0.00684976
1.4644e-09	0.00688018
1.46445e-09	0.00691058
1.4645e-09	0.00694095
1.46454e-09	0.00697128
1.46459e-09	0.00700158
1.46463e-09	0.00703185
1.46468e-09	0.00706209
1.46473e-09	0.0070923
1.46477e-09	0.00712248
1.46482e-09	0.00715262
1.46487e-09	0.00718274
1.46491e-09	0.00721282
1.46496e-09	0.00724287
1.46501e-09	0.00727289
1.46505e-09	0.00730288
1.4651e-09	0.00733284
1.46515e-09	0.00736276
1.46519e-09	0.00739266
1.46524e-09	0.00742252
1.46528e-09	0.00745235
1.46533e-09	0.00748215
1.46538e-09	0.00751192
1.46542e-09	0.00754166
1.46547e-09	0.00757137
1.46552e-09	0.00760104
1.46556e-09	0.00763069
1.46561e-09	0.0076603
1.46566e-09	0.00768989
1.4657e-09	0.00771944
1.46575e-09	0.00774896
1.46579e-09	0.00777845
1.46584e-09	0.0078079
1.46589e-09	0.00783733
1.46593e-09	0.00786673
1.46598e-09	0.00789609
1.46603e-09	0.00792542
1.46607e-09	0.00795473
1.46612e-09	0.007984
1.46617e-09	0.00801324
1.46621e-09	0.00804245
1.46626e-09	0.00807163
1.46631e-09	0.00810077
1.46635e-09	0.00812989
1.4664e-09	0.00815898
1.46644e-09	0.00818803
1.46649e-09	0.00821705
1.46654e-09	0.00824605
1.46658e-09	0.00827501
1.46663e-09	0.00830394
1.46668e-09	0.00833284
1.46672e-09	0.00836171
1.46677e-09	0.00839055
1.46682e-09	0.00841935
1.46686e-09	0.00844813
1.46691e-09	0.00847688
1.46696e-09	0.00850559
1.467e-09	0.00853427
1.46705e-09	0.00856293
1.46709e-09	0.00859155
1.46714e-09	0.00862014
1.46719e-09	0.0086487
1.46723e-09	0.00867723
1.46728e-09	0.00870573
1.46733e-09	0.0087342
1.46737e-09	0.00876264
1.46742e-09	0.00879105
1.46747e-09	0.00881943
1.46751e-09	0.00884777
1.46756e-09	0.00887609
1.46761e-09	0.00890437
1.46765e-09	0.00893263
1.4677e-09	0.00896085
1.46774e-09	0.00898904
1.46779e-09	0.00901721
1.46784e-09	0.00904534
1.46788e-09	0.00907344
1.46793e-09	0.00910151
1.46798e-09	0.00912955
1.46802e-09	0.00915756
1.46807e-09	0.00918554
1.46812e-09	0.00921349
1.46816e-09	0.00924141
1.46821e-09	0.0092693
1.46825e-09	0.00929716
1.4683e-09	0.00932498
1.46835e-09	0.00935278
1.46839e-09	0.00938055
1.46844e-09	0.00940828
1.46849e-09	0.00943599
1.46853e-09	0.00946366
1.46858e-09	0.00949131
1.46863e-09	0.00951892
1.46867e-09	0.00954651
1.46872e-09	0.00957406
1.46877e-09	0.00960159
1.46881e-09	0.00962908
1.46886e-09	0.00965654
1.4689e-09	0.00968398
1.46895e-09	0.00971138
1.469e-09	0.00973875
1.46904e-09	0.0097661
1.46909e-09	0.00979341
1.46914e-09	0.00982069
1.46918e-09	0.00984794
1.46923e-09	0.00987516
1.46928e-09	0.00990235
1.46932e-09	0.00992952
1.46937e-09	0.00995665
1.46942e-09	0.00998375
1.46946e-09	0.0100108
1.46951e-09	0.0100379
1.46955e-09	0.0100649
1.4696e-09	0.0100919
1.46965e-09	0.0101188
1.46969e-09	0.0101457
1.46974e-09	0.0101726
1.46979e-09	0.0101995
1.46983e-09	0.0102263
1.46988e-09	0.0102531
1.46993e-09	0.0102799
1.46997e-09	0.0103066
1.47002e-09	0.0103333
1.47007e-09	0.01036
1.47011e-09	0.0103867
1.47016e-09	0.0104133
1.4702e-09	0.0104399
1.47025e-09	0.0104664
1.4703e-09	0.010493
1.47034e-09	0.0105195
1.47039e-09	0.0105459
1.47044e-09	0.0105724
1.47048e-09	0.0105988
1.47053e-09	0.0106252
1.47058e-09	0.0106515
1.47062e-09	0.0106779
1.47067e-09	0.0107042
1.47072e-09	0.0107304
1.47076e-09	0.0107566
1.47081e-09	0.0107829
1.47085e-09	0.010809
1.4709e-09	0.0108352
1.47095e-09	0.0108613
1.47099e-09	0.0108874
1.47104e-09	0.0109134
1.47109e-09	0.0109395
1.47113e-09	0.0109655
1.47118e-09	0.0109914
1.47123e-09	0.0110174
1.47127e-09	0.0110433
1.47132e-09	0.0110691
1.47136e-09	0.011095
1.47141e-09	0.0111208
1.47146e-09	0.0111466
1.4715e-09	0.0111724
1.47155e-09	0.0111981
1.4716e-09	0.0112238
1.47164e-09	0.0112495
1.47169e-09	0.0112751
1.47174e-09	0.0113007
1.47178e-09	0.0113263
1.47183e-09	0.0113519
1.47188e-09	0.0113774
1.47192e-09	0.0114029
1.47197e-09	0.0114283
1.47201e-09	0.0114538
1.47206e-09	0.0114792
1.47211e-09	0.0115046
1.47215e-09	0.0115299
1.4722e-09	0.0115552
1.47225e-09	0.0115805
1.47229e-09	0.0116058
1.47234e-09	0.011631
1.47239e-09	0.0116562
1.47243e-09	0.0116814
1.47248e-09	0.0117065
1.47253e-09	0.0117317
1.47257e-09	0.0117567
1.47262e-09	0.0117818
1.47266e-09	0.0118068
1.47271e-09	0.0118318
1.47276e-09	0.0118568
1.4728e-09	0.0118817
1.47285e-09	0.0119066
1.4729e-09	0.0119315
1.47294e-09	0.0119564
1.47299e-09	0.0119812
1.47304e-09	0.012006
1.47308e-09	0.0120308
1.47313e-09	0.0120555
1.47318e-09	0.0120802
1.47322e-09	0.0121049
1.47327e-09	0.0121295
1.47331e-09	0.0121542
1.47336e-09	0.0121787
1.47341e-09	0.0122033
1.47345e-09	0.0122278
1.4735e-09	0.0122523
1.47355e-09	0.0122768
1.47359e-09	0.0123013
1.47364e-09	0.0123257
1.47369e-09	0.0123501
1.47373e-09	0.0123744
1.47378e-09	0.0123988
1.47383e-09	0.0124231
1.47387e-09	0.0124473
1.47392e-09	0.0124716
1.47396e-09	0.0124958
1.47401e-09	0.01252
1.47406e-09	0.0125441
1.4741e-09	0.0125683
1.47415e-09	0.0125924
1.4742e-09	0.0126165
1.47424e-09	0.0126405
1.47429e-09	0.0126645
1.47434e-09	0.0126885
1.47438e-09	0.0127125
1.47443e-09	0.0127364
1.47447e-09	0.0127603
1.47452e-09	0.0127842
1.47457e-09	0.012808
1.47461e-09	0.0128318
1.47466e-09	0.0128556
1.47471e-09	0.0128794
1.47475e-09	0.0129031
1.4748e-09	0.0129268
1.47485e-09	0.0129505
1.47489e-09	0.0129741
1.47494e-09	0.0129977
1.47499e-09	0.0130213
1.47503e-09	0.0130449
1.47508e-09	0.0130684
1.47512e-09	0.0130919
1.47517e-09	0.0131154
1.47522e-09	0.0131388
1.47526e-09	0.0131622
1.47531e-09	0.0131856
1.47536e-09	0.013209
1.4754e-09	0.0132323
1.47545e-09	0.0132556
1.4755e-09	0.0132789
1.47554e-09	0.0133021
1.47559e-09	0.0133253
1.47564e-09	0.0133485
1.47568e-09	0.0133717
1.47573e-09	0.0133948
1.47577e-09	0.0134179
1.47582e-09	0.013441
1.47587e-09	0.0134641
1.47591e-09	0.0134871
1.47596e-09	0.0135101
1.47601e-09	0.013533
1.47605e-09	0.013556
1.4761e-09	0.0135789
1.47615e-09	0.0136018
1.47619e-09	0.0136246
1.47624e-09	0.0136474
1.47629e-09	0.0136702
1.47633e-09	0.013693
1.47638e-09	0.0137157
1.47642e-09	0.0137384
1.47647e-09	0.0137611
1.47652e-09	0.0137838
1.47656e-09	0.0138064
1.47661e-09	0.013829
1.47666e-09	0.0138516
1.4767e-09	0.0138741
1.47675e-09	0.0138966
1.4768e-09	0.0139191
1.47684e-09	0.0139416
1.47689e-09	0.013964
1.47694e-09	0.0139864
1.47698e-09	0.0140088
1.47703e-09	0.0140311
1.47707e-09	0.0140534
1.47712e-09	0.0140757
1.47717e-09	0.014098
1.47721e-09	0.0141202
1.47726e-09	0.0141424
1.47731e-09	0.0141646
1.47735e-09	0.0141868
1.4774e-09	0.0142089
1.47745e-09	0.014231
1.47749e-09	0.0142531
1.47754e-09	0.0142751
1.47758e-09	0.0142971
1.47763e-09	0.0143191
1.47768e-09	0.0143411
1.47772e-09	0.014363
1.47777e-09	0.0143849
1.47782e-09	0.0144068
1.47786e-09	0.0144286
1.47791e-09	0.0144504
1.47796e-09	0.0144722
1.478e-09	0.014494
1.47805e-09	0.0145157
1.4781e-09	0.0145374
1.47814e-09	0.0145591
1.47819e-09	0.0145808
1.47823e-09	0.0146024
1.47828e-09	0.014624
1.47833e-09	0.0146456
1.47837e-09	0.0146671
1.47842e-09	0.0146886
1.47847e-09	0.0147101
1.47851e-09	0.0147316
1.47856e-09	0.014753
1.47861e-09	0.0147744
1.47865e-09	0.0147958
1.4787e-09	0.0148172
1.47875e-09	0.0148385
1.47879e-09	0.0148598
1.47884e-09	0.0148811
1.47888e-09	0.0149023
1.47893e-09	0.0149235
1.47898e-09	0.0149447
1.47902e-09	0.0149659
1.47907e-09	0.014987
1.47912e-09	0.0150081
1.47916e-09	0.0150292
1.47921e-09	0.0150502
1.47926e-09	0.0150713
1.4793e-09	0.0150923
1.47935e-09	0.0151132
1.4794e-09	0.0151342
1.47944e-09	0.0151551
1.47949e-09	0.015176
1.47953e-09	0.0151969
1.47958e-09	0.0152177
1.47963e-09	0.0152385
1.47967e-09	0.0152593
1.47972e-09	0.01528
1.47977e-09	0.0153008
1.47981e-09	0.0153215
1.47986e-09	0.0153421
1.47991e-09	0.0153628
1.47995e-09	0.0153834
1.48e-09	0.015404
1.48005e-09	0.0154246
1.48009e-09	0.0154451
1.48014e-09	0.0154656
1.48018e-09	0.0154861
1.48023e-09	0.0155065
1.48028e-09	0.015527
1.48032e-09	0.0155474
1.48037e-09	0.0155678
1.48042e-09	0.0155881
1.48046e-09	0.0156084
1.48051e-09	0.0156287
1.48056e-09	0.015649
1.4806e-09	0.0156692
1.48065e-09	0.0156895
1.48069e-09	0.0157096
1.48074e-09	0.0157298
1.48079e-09	0.0157499
1.48083e-09	0.01577
1.48088e-09	0.0157901
1.48093e-09	0.0158102
1.48097e-09	0.0158302
1.48102e-09	0.0158502
1.48107e-09	0.0158702
1.48111e-09	0.0158901
1.48116e-09	0.0159101
1.48121e-09	0.01593
1.48125e-09	0.0159498
1.4813e-09	0.0159697
1.48134e-09	0.0159895
1.48139e-09	0.0160093
1.48144e-09	0.016029
1.48148e-09	0.0160488
1.48153e-09	0.0160685
1.48158e-09	0.0160882
1.48162e-09	0.0161078
1.48167e-09	0.0161274
1.48172e-09	0.0161471
1.48176e-09	0.0161666
1.48181e-09	0.0161862
1.48186e-09	0.0162057
1.4819e-09	0.0162252
1.48195e-09	0.0162447
1.48199e-09	0.0162641
1.48204e-09	0.0162835
1.48209e-09	0.0163029
1.48213e-09	0.0163223
1.48218e-09	0.0163416
1.48223e-09	0.0163609
1.48227e-09	0.0163802
1.48232e-09	0.0163995
1.48237e-09	0.0164187
1.48241e-09	0.0164379
1.48246e-09	0.0164571
1.48251e-09	0.0164763
1.48255e-09	0.0164954
1.4826e-09	0.0165145
1.48264e-09	0.0165336
1.48269e-09	0.0165526
1.48274e-09	0.0165717
1.48278e-09	0.0165907
1.48283e-09	0.0166096
1.48288e-09	0.0166286
1.48292e-09	0.0166475
1.48297e-09	0.0166664
1.48302e-09	0.0166853
1.48306e-09	0.0167041
1.48311e-09	0.0167229
1.48315e-09	0.0167417
1.4832e-09	0.0167605
1.48325e-09	0.0167792
1.48329e-09	0.0167979
1.48334e-09	0.0168166
1.48339e-09	0.0168353
1.48343e-09	0.0168539
1.48348e-09	0.0168725
1.48353e-09	0.0168911
1.48357e-09	0.0169096
1.48362e-09	0.0169282
1.48367e-09	0.0169467
1.48371e-09	0.0169652
1.48376e-09	0.0169836
1.4838e-09	0.017002
1.48385e-09	0.0170204
1.4839e-09	0.0170388
1.48394e-09	0.0170572
1.48399e-09	0.0170755
1.48404e-09	0.0170938
1.48408e-09	0.0171121
1.48413e-09	0.0171303
1.48418e-09	0.0171485
1.48422e-09	0.0171667
1.48427e-09	0.0171849
1.48432e-09	0.017203
1.48436e-09	0.0172212
1.48441e-09	0.0172393
1.48445e-09	0.0172573
1.4845e-09	0.0172754
1.48455e-09	0.0172934
1.48459e-09	0.0173114
1.48464e-09	0.0173293
1.48469e-09	0.0173473
1.48473e-09	0.0173652
1.48478e-09	0.0173831
1.48483e-09	0.0174009
1.48487e-09	0.0174188
1.48492e-09	0.0174366
1.48497e-09	0.0174544
1.48501e-09	0.0174721
1.48506e-09	0.0174899
1.4851e-09	0.0175076
1.48515e-09	0.0175253
1.4852e-09	0.0175429
1.48524e-09	0.0175606
1.48529e-09	0.0175782
1.48534e-09	0.0175957
1.48538e-09	0.0176133
1.48543e-09	0.0176308
1.48548e-09	0.0176483
1.48552e-09	0.0176658
1.48557e-09	0.0176833
1.48562e-09	0.0177007
1.48566e-09	0.0177181
1.48571e-09	0.0177355
1.48575e-09	0.0177528
1.4858e-09	0.0177702
1.48585e-09	0.0177875
1.48589e-09	0.0178048
1.48594e-09	0.017822
1.48599e-09	0.0178392
1.48603e-09	0.0178564
1.48608e-09	0.0178736
1.48613e-09	0.0178908
1.48617e-09	0.0179079
1.48622e-09	0.017925
1.48626e-09	0.0179421
1.48631e-09	0.0179591
1.48636e-09	0.0179762
1.4864e-09	0.0179932
1.48645e-09	0.0180102
1.4865e-09	0.0180271
1.48654e-09	0.018044
1.48659e-09	0.0180609
1.48664e-09	0.0180778
1.48668e-09	0.0180947
1.48673e-09	0.0181115
1.48678e-09	0.0181283
1.48682e-09	0.0181451
1.48687e-09	0.0181618
1.48691e-09	0.0181786
1.48696e-09	0.0181953
1.48701e-09	0.0182119
1.48705e-09	0.0182286
1.4871e-09	0.0182452
1.48715e-09	0.0182618
1.48719e-09	0.0182784
1.48724e-09	0.018295
1.48729e-09	0.0183115
1.48733e-09	0.018328
1.48738e-09	0.0183445
1.48743e-09	0.0183609
1.48747e-09	0.0183774
1.48752e-09	0.0183938
1.48756e-09	0.0184102
1.48761e-09	0.0184265
1.48766e-09	0.0184429
1.4877e-09	0.0184592
1.48775e-09	0.0184754
1.4878e-09	0.0184917
1.48784e-09	0.0185079
1.48789e-09	0.0185241
1.48794e-09	0.0185403
1.48798e-09	0.0185565
1.48803e-09	0.0185726
1.48808e-09	0.0185887
1.48812e-09	0.0186048
1.48817e-09	0.0186209
1.48821e-09	0.0186369
1.48826e-09	0.0186529
1.48831e-09	0.0186689
1.48835e-09	0.0186849
1.4884e-09	0.0187008
1.48845e-09	0.0187167
1.48849e-09	0.0187326
1.48854e-09	0.0187485
1.48859e-09	0.0187643
1.48863e-09	0.0187802
1.48868e-09	0.018796
1.48873e-09	0.0188117
1.48877e-09	0.0188275
1.48882e-09	0.0188432
1.48886e-09	0.0188589
1.48891e-09	0.0188746
1.48896e-09	0.0188902
1.489e-09	0.0189058
1.48905e-09	0.0189214
1.4891e-09	0.018937
1.48914e-09	0.0189526
1.48919e-09	0.0189681
1.48924e-09	0.0189836
1.48928e-09	0.0189991
1.48933e-09	0.0190145
1.48937e-09	0.01903
1.48942e-09	0.0190454
1.48947e-09	0.0190607
1.48951e-09	0.0190761
1.48956e-09	0.0190914
1.48961e-09	0.0191067
1.48965e-09	0.019122
1.4897e-09	0.0191373
1.48975e-09	0.0191525
1.48979e-09	0.0191677
1.48984e-09	0.0191829
1.48989e-09	0.0191981
1.48993e-09	0.0192132
1.48998e-09	0.0192284
1.49002e-09	0.0192435
1.49007e-09	0.0192585
1.49012e-09	0.0192736
1.49016e-09	0.0192886
1.49021e-09	0.0193036
1.49026e-09	0.0193186
1.4903e-09	0.0193335
1.49035e-09	0.0193484
1.4904e-09	0.0193633
1.49044e-09	0.0193782
1.49049e-09	0.0193931
1.49054e-09	0.0194079
1.49058e-09	0.0194227
1.49063e-09	0.0194375
1.49067e-09	0.0194523
1.49072e-09	0.019467
1.49077e-09	0.0194817
1.49081e-09	0.0194964
1.49086e-09	0.0195111
1.49091e-09	0.0195257
1.49095e-09	0.0195403
1.491e-09	0.0195549
1.49105e-09	0.0195695
1.49109e-09	0.019584
1.49114e-09	0.0195986
1.49119e-09	0.0196131
1.49123e-09	0.0196275
1.49128e-09	0.019642
1.49132e-09	0.0196564
1.49137e-09	0.0196708
1.49142e-09	0.0196852
1.49146e-09	0.0196996
1.49151e-09	0.0197139
1.49156e-09	0.0197282
1.4916e-09	0.0197425
1.49165e-09	0.0197568
1.4917e-09	0.019771
1.49174e-09	0.0197852
1.49179e-09	0.0197994
1.49184e-09	0.0198136
1.49188e-09	0.0198278
1.49193e-09	0.0198419
1.49197e-09	0.019856
1.49202e-09	0.0198701
1.49207e-09	0.0198841
1.49211e-09	0.0198982
1.49216e-09	0.0199122
1.49221e-09	0.0199261
1.49225e-09	0.0199401
1.4923e-09	0.019954
1.49235e-09	0.019968
1.49239e-09	0.0199819
1.49244e-09	0.0199957
1.49248e-09	0.0200096
1.49253e-09	0.0200234
1.49258e-09	0.0200372
1.49262e-09	0.020051
1.49267e-09	0.0200647
1.49272e-09	0.0200785
1.49276e-09	0.0200922
1.49281e-09	0.0201058
1.49286e-09	0.0201195
1.4929e-09	0.0201331
1.49295e-09	0.0201468
1.493e-09	0.0201604
1.49304e-09	0.0201739
1.49309e-09	0.0201875
1.49313e-09	0.020201
1.49318e-09	0.0202145
1.49323e-09	0.020228
1.49327e-09	0.0202414
1.49332e-09	0.0202549
1.49337e-09	0.0202683
1.49341e-09	0.0202816
1.49346e-09	0.020295
1.49351e-09	0.0203084
1.49355e-09	0.0203217
1.4936e-09	0.020335
1.49365e-09	0.0203482
1.49369e-09	0.0203615
1.49374e-09	0.0203747
1.49378e-09	0.0203879
1.49383e-09	0.0204011
1.49388e-09	0.0204142
1.49392e-09	0.0204274
1.49397e-09	0.0204405
1.49402e-09	0.0204536
1.49406e-09	0.0204666
1.49411e-09	0.0204797
1.49416e-09	0.0204927
1.4942e-09	0.0205057
1.49425e-09	0.0205187
1.4943e-09	0.0205316
1.49434e-09	0.0205446
1.49439e-09	0.0205575
1.49443e-09	0.0205704
1.49448e-09	0.0205832
1.49453e-09	0.0205961
1.49457e-09	0.0206089
1.49462e-09	0.0206217
1.49467e-09	0.0206345
1.49471e-09	0.0206472
1.49476e-09	0.0206599
1.49481e-09	0.0206726
1.49485e-09	0.0206853
1.4949e-09	0.020698
1.49495e-09	0.0207106
1.49499e-09	0.0207232
1.49504e-09	0.0207358
1.49508e-09	0.0207484
1.49513e-09	0.020761
1.49518e-09	0.0207735
1.49522e-09	0.020786
1.49527e-09	0.0207985
1.49532e-09	0.0208109
1.49536e-09	0.0208234
1.49541e-09	0.0208358
1.49546e-09	0.0208482
1.4955e-09	0.0208605
1.49555e-09	0.0208729
1.49559e-09	0.0208852
1.49564e-09	0.0208975
1.49569e-09	0.0209098
1.49573e-09	0.0209221
1.49578e-09	0.0209343
1.49583e-09	0.0209465
1.49587e-09	0.0209587
1.49592e-09	0.0209709
1.49597e-09	0.020983
1.49601e-09	0.0209951
1.49606e-09	0.0210072
1.49611e-09	0.0210193
1.49615e-09	0.0210314
1.4962e-09	0.0210434
1.49624e-09	0.0210554
1.49629e-09	0.0210674
1.49634e-09	0.0210794
1.49638e-09	0.0210914
1.49643e-09	0.0211033
1.49648e-09	0.0211152
1.49652e-09	0.0211271
1.49657e-09	0.0211389
1.49662e-09	0.0211508
1.49666e-09	0.0211626
1.49671e-09	0.0211744
1.49676e-09	0.0211862
1.4968e-09	0.0211979
1.49685e-09	0.0212097
1.49689e-09	0.0212214
1.49694e-09	0.021233
1.49699e-09	0.0212447
1.49703e-09	0.0212564
1.49708e-09	0.021268
1.49713e-09	0.0212796
1.49717e-09	0.0212912
1.49722e-09	0.0213027
1.49727e-09	0.0213142
1.49731e-09	0.0213258
1.49736e-09	0.0213373
1.49741e-09	0.0213487
1.49745e-09	0.0213602
1.4975e-09	0.0213716
1.49754e-09	0.021383
1.49759e-09	0.0213944
1.49764e-09	0.0214057
1.49768e-09	0.0214171
1.49773e-09	0.0214284
1.49778e-09	0.0214397
1.49782e-09	0.021451
1.49787e-09	0.0214622
1.49792e-09	0.0214735
1.49796e-09	0.0214847
1.49801e-09	0.0214959
1.49806e-09	0.021507
1.4981e-09	0.0215182
1.49815e-09	0.0215293
1.49819e-09	0.0215404
1.49824e-09	0.0215515
1.49829e-09	0.0215626
1.49833e-09	0.0215736
1.49838e-09	0.0215846
1.49843e-09	0.0215956
1.49847e-09	0.0216066
1.49852e-09	0.0216175
1.49857e-09	0.0216285
1.49861e-09	0.0216394
1.49866e-09	0.0216503
1.4987e-09	0.0216611
1.49875e-09	0.021672
1.4988e-09	0.0216828
1.49884e-09	0.0216936
1.49889e-09	0.0217044
1.49894e-09	0.0217152
1.49898e-09	0.0217259
1.49903e-09	0.0217366
1.49908e-09	0.0217473
1.49912e-09	0.021758
1.49917e-09	0.0217687
1.49922e-09	0.0217793
1.49926e-09	0.0217899
1.49931e-09	0.0218005
1.49935e-09	0.0218111
1.4994e-09	0.0218216
1.49945e-09	0.0218322
1.49949e-09	0.0218427
1.49954e-09	0.0218532
1.49959e-09	0.0218636
1.49963e-09	0.0218741
1.49968e-09	0.0218845
1.49973e-09	0.0218949
1.49977e-09	0.0219053
1.49982e-09	0.0219156
1.49987e-09	0.021926
1.49991e-09	0.0219363
1.49996e-09	0.0219466
1.5e-09	0.0219569
1.50005e-09	0.0219671
1.5001e-09	0.0219774
1.50014e-09	0.0219876
1.50019e-09	0.0219978
1.50024e-09	0.022008
1.50028e-09	0.0220181
1.50033e-09	0.0220282
1.50038e-09	0.0220384
1.50042e-09	0.0220485
1.50047e-09	0.0220585
1.50052e-09	0.0220686
1.50056e-09	0.0220786
1.50061e-09	0.0220886
1.50065e-09	0.0220986
1.5007e-09	0.0221086
1.50075e-09	0.0221185
1.50079e-09	0.0221284
1.50084e-09	0.0221383
1.50089e-09	0.0221482
1.50093e-09	0.0221581
1.50098e-09	0.0221679
1.50103e-09	0.0221778
1.50107e-09	0.0221876
1.50112e-09	0.0221973
1.50116e-09	0.0222071
1.50121e-09	0.0222168
1.50126e-09	0.0222266
1.5013e-09	0.0222363
1.50135e-09	0.0222459
1.5014e-09	0.0222556
1.50144e-09	0.0222652
1.50149e-09	0.0222749
1.50154e-09	0.0222845
1.50158e-09	0.022294
1.50163e-09	0.0223036
1.50168e-09	0.0223131
1.50172e-09	0.0223226
1.50177e-09	0.0223321
1.50181e-09	0.0223416
1.50186e-09	0.0223511
1.50191e-09	0.0223605
1.50195e-09	0.0223699
1.502e-09	0.0223793
1.50205e-09	0.0223887
1.50209e-09	0.022398
1.50214e-09	0.0224074
1.50219e-09	0.0224167
1.50223e-09	0.022426
1.50228e-09	0.0224352
1.50233e-09	0.0224445
1.50237e-09	0.0224537
1.50242e-09	0.0224629
1.50246e-09	0.0224721
1.50251e-09	0.0224813
1.50256e-09	0.0224905
1.5026e-09	0.0224996
1.50265e-09	0.0225087
1.5027e-09	0.0225178
1.50274e-09	0.0225269
1.50279e-09	0.0225359
1.50284e-09	0.022545
1.50288e-09	0.022554
1.50293e-09	0.022563
1.50298e-09	0.0225719
1.50302e-09	0.0225809
1.50307e-09	0.0225898
1.50311e-09	0.0225987
1.50316e-09	0.0226076
1.50321e-09	0.0226165
1.50325e-09	0.0226253
1.5033e-09	0.0226342
1.50335e-09	0.022643
1.50339e-09	0.0226518
1.50344e-09	0.0226605
1.50349e-09	0.0226693
1.50353e-09	0.022678
1.50358e-09	0.0226867
1.50363e-09	0.0226954
1.50367e-09	0.0227041
1.50372e-09	0.0227128
1.50376e-09	0.0227214
1.50381e-09	0.02273
1.50386e-09	0.0227386
1.5039e-09	0.0227472
1.50395e-09	0.0227557
1.504e-09	0.0227643
1.50404e-09	0.0227728
1.50409e-09	0.0227813
1.50414e-09	0.0227898
1.50418e-09	0.0227982
1.50423e-09	0.0228067
1.50427e-09	0.0228151
1.50432e-09	0.0228235
1.50437e-09	0.0228318
1.50441e-09	0.0228402
1.50446e-09	0.0228485
1.50451e-09	0.0228569
1.50455e-09	0.0228652
1.5046e-09	0.0228734
1.50465e-09	0.0228817
1.50469e-09	0.0228899
1.50474e-09	0.0228982
1.50479e-09	0.0229064
1.50483e-09	0.0229146
1.50488e-09	0.0229227
1.50492e-09	0.0229309
1.50497e-09	0.022939
1.50502e-09	0.0229471
1.50506e-09	0.0229552
1.50511e-09	0.0229632
1.50516e-09	0.0229713
1.5052e-09	0.0229793
1.50525e-09	0.0229873
1.5053e-09	0.0229953
1.50534e-09	0.0230033
1.50539e-09	0.0230112
1.50544e-09	0.0230192
1.50548e-09	0.0230271
1.50553e-09	0.023035
1.50557e-09	0.0230429
1.50562e-09	0.0230507
1.50567e-09	0.0230586
1.50571e-09	0.0230664
1.50576e-09	0.0230742
1.50581e-09	0.0230819
1.50585e-09	0.0230897
1.5059e-09	0.0230974
1.50595e-09	0.0231052
1.50599e-09	0.0231129
1.50604e-09	0.0231206
1.50609e-09	0.0231282
1.50613e-09	0.0231359
1.50618e-09	0.0231435
1.50622e-09	0.0231511
1.50627e-09	0.0231587
1.50632e-09	0.0231663
1.50636e-09	0.0231738
1.50641e-09	0.0231813
1.50646e-09	0.0231888
1.5065e-09	0.0231963
1.50655e-09	0.0232038
1.5066e-09	0.0232113
1.50664e-09	0.0232187
1.50669e-09	0.0232261
1.50674e-09	0.0232335
1.50678e-09	0.0232409
1.50683e-09	0.0232483
1.50687e-09	0.0232556
1.50692e-09	0.0232629
1.50697e-09	0.0232702
1.50701e-09	0.0232775
1.50706e-09	0.0232848
1.50711e-09	0.023292
1.50715e-09	0.0232993
1.5072e-09	0.0233065
1.50725e-09	0.0233137
1.50729e-09	0.0233208
1.50734e-09	0.023328
1.50738e-09	0.0233351
1.50743e-09	0.0233422
1.50748e-09	0.0233493
1.50752e-09	0.0233564
1.50757e-09	0.0233635
1.50762e-09	0.0233705
1.50766e-09	0.0233776
1.50771e-09	0.0233846
1.50776e-09	0.0233916
1.5078e-09	0.0233985
1.50785e-09	0.0234055
1.5079e-09	0.0234124
1.50794e-09	0.0234193
1.50799e-09	0.0234262
1.50803e-09	0.0234331
1.50808e-09	0.0234399
1.50813e-09	0.0234468
1.50817e-09	0.0234536
1.50822e-09	0.0234604
1.50827e-09	0.0234672
1.50831e-09	0.023474
1.50836e-09	0.0234807
1.50841e-09	0.0234874
1.50845e-09	0.0234941
1.5085e-09	0.0235008
1.50855e-09	0.0235075
1.50859e-09	0.0235142
1.50864e-09	0.0235208
1.50868e-09	0.0235274
1.50873e-09	0.023534
1.50878e-09	0.0235406
1.50882e-09	0.0235472
1.50887e-09	0.0235537
1.50892e-09	0.0235602
1.50896e-09	0.0235668
1.50901e-09	0.0235732
1.50906e-09	0.0235797
1.5091e-09	0.0235862
1.50915e-09	0.0235926
1.5092e-09	0.023599
1.50924e-09	0.0236054
1.50929e-09	0.0236118
1.50933e-09	0.0236182
1.50938e-09	0.0236245
1.50943e-09	0.0236309
1.50947e-09	0.0236372
1.50952e-09	0.0236435
1.50957e-09	0.0236497
1.50961e-09	0.023656
1.50966e-09	0.0236622
1.50971e-09	0.0236685
1.50975e-09	0.0236747
1.5098e-09	0.0236808
1.50985e-09	0.023687
1.50989e-09	0.0236932
1.50994e-09	0.0236993
1.50998e-09	0.0237054
1.51003e-09	0.0237115
1.51008e-09	0.0237176
1.51012e-09	0.0237236
1.51017e-09	0.0237297
1.51022e-09	0.0237357
1.51026e-09	0.0237417
1.51031e-09	0.0237477
1.51036e-09	0.0237537
1.5104e-09	0.0237596
1.51045e-09	0.0237655
1.51049e-09	0.0237715
1.51054e-09	0.0237774
1.51059e-09	0.0237832
1.51063e-09	0.0237891
1.51068e-09	0.023795
1.51073e-09	0.0238008
1.51077e-09	0.0238066
1.51082e-09	0.0238124
1.51087e-09	0.0238182
1.51091e-09	0.0238239
1.51096e-09	0.0238297
1.51101e-09	0.0238354
1.51105e-09	0.0238411
1.5111e-09	0.0238468
1.51114e-09	0.0238524
1.51119e-09	0.0238581
1.51124e-09	0.0238637
1.51128e-09	0.0238693
1.51133e-09	0.0238749
1.51138e-09	0.0238805
1.51142e-09	0.0238861
1.51147e-09	0.0238916
1.51152e-09	0.0238972
1.51156e-09	0.0239027
1.51161e-09	0.0239082
1.51166e-09	0.0239137
1.5117e-09	0.0239191
1.51175e-09	0.0239246
1.51179e-09	0.02393
1.51184e-09	0.0239354
1.51189e-09	0.0239408
1.51193e-09	0.0239462
1.51198e-09	0.0239515
1.51203e-09	0.0239569
1.51207e-09	0.0239622
1.51212e-09	0.0239675
1.51217e-09	0.0239728
1.51221e-09	0.023978
1.51226e-09	0.0239833
1.51231e-09	0.0239885
1.51235e-09	0.0239937
1.5124e-09	0.0239989
1.51244e-09	0.0240041
1.51249e-09	0.0240093
1.51254e-09	0.0240144
1.51258e-09	0.0240196
1.51263e-09	0.0240247
1.51268e-09	0.0240298
1.51272e-09	0.0240349
1.51277e-09	0.0240399
1.51282e-09	0.024045
1.51286e-09	0.02405
1.51291e-09	0.024055
1.51296e-09	0.02406
1.513e-09	0.024065
1.51305e-09	0.02407
1.51309e-09	0.0240749
1.51314e-09	0.0240798
1.51319e-09	0.0240847
1.51323e-09	0.0240896
1.51328e-09	0.0240945
1.51333e-09	0.0240994
1.51337e-09	0.0241042
1.51342e-09	0.024109
1.51347e-09	0.0241138
1.51351e-09	0.0241186
1.51356e-09	0.0241234
1.5136e-09	0.0241282
1.51365e-09	0.0241329
1.5137e-09	0.0241376
1.51374e-09	0.0241423
1.51379e-09	0.024147
1.51384e-09	0.0241517
1.51388e-09	0.0241564
1.51393e-09	0.024161
1.51398e-09	0.0241656
1.51402e-09	0.0241702
1.51407e-09	0.0241748
1.51412e-09	0.0241794
1.51416e-09	0.024184
1.51421e-09	0.0241885
1.51425e-09	0.024193
1.5143e-09	0.0241975
1.51435e-09	0.024202
1.51439e-09	0.0242065
1.51444e-09	0.024211
1.51449e-09	0.0242154
1.51453e-09	0.0242198
1.51458e-09	0.0242242
1.51463e-09	0.0242286
1.51467e-09	0.024233
1.51472e-09	0.0242374
1.51477e-09	0.0242417
1.51481e-09	0.024246
1.51486e-09	0.0242503
1.5149e-09	0.0242546
1.51495e-09	0.0242589
1.515e-09	0.0242632
1.51504e-09	0.0242674
1.51509e-09	0.0242716
1.51514e-09	0.0242758
1.51518e-09	0.02428
1.51523e-09	0.0242842
1.51528e-09	0.0242884
1.51532e-09	0.0242925
1.51537e-09	0.0242967
1.51542e-09	0.0243008
1.51546e-09	0.0243049
1.51551e-09	0.0243089
1.51555e-09	0.024313
1.5156e-09	0.0243171
1.51565e-09	0.0243211
1.51569e-09	0.0243251
1.51574e-09	0.0243291
1.51579e-09	0.0243331
1.51583e-09	0.024337
1.51588e-09	0.024341
1.51593e-09	0.0243449
1.51597e-09	0.0243488
1.51602e-09	0.0243527
1.51606e-09	0.0243566
1.51611e-09	0.0243605
1.51616e-09	0.0243644
1.5162e-09	0.0243682
1.51625e-09	0.024372
1.5163e-09	0.0243758
1.51634e-09	0.0243796
1.51639e-09	0.0243834
1.51644e-09	0.0243871
1.51648e-09	0.0243909
1.51653e-09	0.0243946
1.51658e-09	0.0243983
1.51662e-09	0.024402
1.51667e-09	0.0244057
1.51671e-09	0.0244093
1.51676e-09	0.024413
1.51681e-09	0.0244166
1.51685e-09	0.0244202
1.5169e-09	0.0244238
1.51695e-09	0.0244274
1.51699e-09	0.024431
1.51704e-09	0.0244345
1.51709e-09	0.024438
1.51713e-09	0.0244416
1.51718e-09	0.0244451
1.51723e-09	0.0244486
1.51727e-09	0.024452
1.51732e-09	0.0244555
1.51736e-09	0.0244589
1.51741e-09	0.0244623
1.51746e-09	0.0244657
1.5175e-09	0.0244691
1.51755e-09	0.0244725
1.5176e-09	0.0244759
1.51764e-09	0.0244792
1.51769e-09	0.0244825
1.51774e-09	0.0244859
1.51778e-09	0.0244892
1.51783e-09	0.0244924
1.51788e-09	0.0244957
1.51792e-09	0.024499
1.51797e-09	0.0245022
1.51801e-09	0.0245054
1.51806e-09	0.0245086
1.51811e-09	0.0245118
1.51815e-09	0.024515
1.5182e-09	0.0245181
1.51825e-09	0.0245213
1.51829e-09	0.0245244
1.51834e-09	0.0245275
1.51839e-09	0.0245306
1.51843e-09	0.0245337
1.51848e-09	0.0245367
1.51853e-09	0.0245398
1.51857e-09	0.0245428
1.51862e-09	0.0245458
1.51866e-09	0.0245489
1.51871e-09	0.0245518
1.51876e-09	0.0245548
1.5188e-09	0.0245578
1.51885e-09	0.0245607
1.5189e-09	0.0245636
1.51894e-09	0.0245665
1.51899e-09	0.0245694
1.51904e-09	0.0245723
1.51908e-09	0.0245752
1.51913e-09	0.024578
1.51917e-09	0.0245809
1.51922e-09	0.0245837
1.51927e-09	0.0245865
1.51931e-09	0.0245893
1.51936e-09	0.0245921
1.51941e-09	0.0245948
1.51945e-09	0.0245976
1.5195e-09	0.0246003
1.51955e-09	0.024603
1.51959e-09	0.0246057
1.51964e-09	0.0246084
1.51969e-09	0.024611
1.51973e-09	0.0246137
1.51978e-09	0.0246163
1.51982e-09	0.0246189
1.51987e-09	0.0246216
1.51992e-09	0.0246241
1.51996e-09	0.0246267
1.52001e-09	0.0246293
1.52006e-09	0.0246318
1.5201e-09	0.0246344
1.52015e-09	0.0246369
1.5202e-09	0.0246394
1.52024e-09	0.0246419
1.52029e-09	0.0246443
1.52034e-09	0.0246468
1.52038e-09	0.0246492
1.52043e-09	0.0246517
1.52047e-09	0.0246541
1.52052e-09	0.0246565
1.52057e-09	0.0246589
1.52061e-09	0.0246612
1.52066e-09	0.0246636
1.52071e-09	0.0246659
1.52075e-09	0.0246682
1.5208e-09	0.0246705
1.52085e-09	0.0246728
1.52089e-09	0.0246751
1.52094e-09	0.0246774
1.52099e-09	0.0246796
1.52103e-09	0.0246819
1.52108e-09	0.0246841
1.52112e-09	0.0246863
1.52117e-09	0.0246885
1.52122e-09	0.0246907
1.52126e-09	0.0246928
1.52131e-09	0.024695
1.52136e-09	0.0246971
1.5214e-09	0.0246992
1.52145e-09	0.0247013
1.5215e-09	0.0247034
1.52154e-09	0.0247055
1.52159e-09	0.0247075
1.52164e-09	0.0247096
1.52168e-09	0.0247116
1.52173e-09	0.0247136
1.52177e-09	0.0247156
1.52182e-09	0.0247176
1.52187e-09	0.0247196
1.52191e-09	0.0247215
1.52196e-09	0.0247235
1.52201e-09	0.0247254
1.52205e-09	0.0247273
1.5221e-09	0.0247292
1.52215e-09	0.0247311
1.52219e-09	0.024733
1.52224e-09	0.0247348
1.52228e-09	0.0247367
1.52233e-09	0.0247385
1.52238e-09	0.0247403
1.52242e-09	0.0247421
1.52247e-09	0.0247439
1.52252e-09	0.0247457
1.52256e-09	0.0247474
1.52261e-09	0.0247492
1.52266e-09	0.0247509
1.5227e-09	0.0247526
1.52275e-09	0.0247543
1.5228e-09	0.024756
1.52284e-09	0.0247577
1.52289e-09	0.0247593
1.52293e-09	0.024761
1.52298e-09	0.0247626
1.52303e-09	0.0247642
1.52307e-09	0.0247658
1.52312e-09	0.0247674
1.52317e-09	0.0247689
1.52321e-09	0.0247705
1.52326e-09	0.024772
1.52331e-09	0.0247736
1.52335e-09	0.0247751
1.5234e-09	0.0247766
1.52345e-09	0.0247781
1.52349e-09	0.0247795
1.52354e-09	0.024781
1.52358e-09	0.0247824
1.52363e-09	0.0247839
1.52368e-09	0.0247853
1.52372e-09	0.0247867
1.52377e-09	0.0247881
1.52382e-09	0.0247895
1.52386e-09	0.0247908
1.52391e-09	0.0247922
1.52396e-09	0.0247935
1.524e-09	0.0247948
1.52405e-09	0.0247961
1.5241e-09	0.0247974
1.52414e-09	0.0247987
1.52419e-09	0.0247999
1.52423e-09	0.0248012
1.52428e-09	0.0248024
1.52433e-09	0.0248036
1.52437e-09	0.0248049
1.52442e-09	0.024806
1.52447e-09	0.0248072
1.52451e-09	0.0248084
1.52456e-09	0.0248095
1.52461e-09	0.0248107
1.52465e-09	0.0248118
1.5247e-09	0.0248129
1.52475e-09	0.024814
1.52479e-09	0.0248151
1.52484e-09	0.0248162
1.52488e-09	0.0248172
1.52493e-09	0.0248183
1.52498e-09	0.0248193
1.52502e-09	0.0248203
1.52507e-09	0.0248213
1.52512e-09	0.0248223
1.52516e-09	0.0248233
1.52521e-09	0.0248242
1.52526e-09	0.0248252
1.5253e-09	0.0248261
1.52535e-09	0.024827
1.52539e-09	0.0248279
1.52544e-09	0.0248288
1.52549e-09	0.0248297
1.52553e-09	0.0248306
1.52558e-09	0.0248314
1.52563e-09	0.0248323
1.52567e-09	0.0248331
1.52572e-09	0.0248339
1.52577e-09	0.0248347
1.52581e-09	0.0248355
1.52586e-09	0.0248363
1.52591e-09	0.024837
1.52595e-09	0.0248378
1.526e-09	0.0248385
1.52604e-09	0.0248392
1.52609e-09	0.0248399
1.52614e-09	0.0248406
1.52618e-09	0.0248413
1.52623e-09	0.0248419
1.52628e-09	0.0248426
1.52632e-09	0.0248432
1.52637e-09	0.0248439
1.52642e-09	0.0248445
1.52646e-09	0.0248451
1.52651e-09	0.0248457
1.52656e-09	0.0248462
1.5266e-09	0.0248468
1.52665e-09	0.0248473
1.52669e-09	0.0248479
1.52674e-09	0.0248484
1.52679e-09	0.0248489
1.52683e-09	0.0248494
1.52688e-09	0.0248499
1.52693e-09	0.0248503
1.52697e-09	0.0248508
1.52702e-09	0.0248512
1.52707e-09	0.0248516
1.52711e-09	0.0248521
1.52716e-09	0.0248525
1.52721e-09	0.0248528
1.52725e-09	0.0248532
1.5273e-09	0.0248536
1.52734e-09	0.0248539
1.52739e-09	0.0248543
1.52744e-09	0.0248546
1.52748e-09	0.0248549
1.52753e-09	0.0248552
1.52758e-09	0.0248555
1.52762e-09	0.0248557
1.52767e-09	0.024856
1.52772e-09	0.0248563
1.52776e-09	0.0248565
1.52781e-09	0.0248567
1.52786e-09	0.0248569
1.5279e-09	0.0248571
1.52795e-09	0.0248573
1.52799e-09	0.0248575
1.52804e-09	0.0248576
1.52809e-09	0.0248577
1.52813e-09	0.0248579
1.52818e-09	0.024858
1.52823e-09	0.0248581
1.52827e-09	0.0248582
1.52832e-09	0.0248583
1.52837e-09	0.0248583
1.52841e-09	0.0248584
1.52846e-09	0.0248584
1.5285e-09	0.0248584
1.52855e-09	0.0248585
1.5286e-09	0.0248585
1.52864e-09	0.0248585
1.52869e-09	0.0248584
1.52874e-09	0.0248584
1.52878e-09	0.0248583
1.52883e-09	0.0248583
1.52888e-09	0.0248582
1.52892e-09	0.0248581
1.52897e-09	0.024858
1.52902e-09	0.0248579
1.52906e-09	0.0248578
1.52911e-09	0.0248576
1.52915e-09	0.0248575
1.5292e-09	0.0248573
1.52925e-09	0.0248572
1.52929e-09	0.024857
1.52934e-09	0.0248568
1.52939e-09	0.0248566
1.52943e-09	0.0248563
1.52948e-09	0.0248561
1.52953e-09	0.0248559
1.52957e-09	0.0248556
1.52962e-09	0.0248553
1.52967e-09	0.024855
1.52971e-09	0.0248547
1.52976e-09	0.0248544
1.5298e-09	0.0248541
1.52985e-09	0.0248538
1.5299e-09	0.0248534
1.52994e-09	0.024853
1.52999e-09	0.0248527
1.53004e-09	0.0248523
1.53008e-09	0.0248519
1.53013e-09	0.0248515
1.53018e-09	0.0248511
1.53022e-09	0.0248506
1.53027e-09	0.0248502
1.53032e-09	0.0248497
1.53036e-09	0.0248492
1.53041e-09	0.0248488
1.53045e-09	0.0248483
1.5305e-09	0.0248478
1.53055e-09	0.0248472
1.53059e-09	0.0248467
1.53064e-09	0.0248462
1.53069e-09	0.0248456
1.53073e-09	0.024845
1.53078e-09	0.0248445
1.53083e-09	0.0248439
1.53087e-09	0.0248433
1.53092e-09	0.0248426
1.53097e-09	0.024842
1.53101e-09	0.0248414
1.53106e-09	0.0248407
1.5311e-09	0.02484
1.53115e-09	0.0248394
1.5312e-09	0.0248387
1.53124e-09	0.024838
1.53129e-09	0.0248373
1.53134e-09	0.0248365
1.53138e-09	0.0248358
1.53143e-09	0.0248351
1.53148e-09	0.0248343
1.53152e-09	0.0248335
1.53157e-09	0.0248327
1.53161e-09	0.0248319
1.53166e-09	0.0248311
1.53171e-09	0.0248303
1.53175e-09	0.0248295
1.5318e-09	0.0248286
1.53185e-09	0.0248278
1.53189e-09	0.0248269
1.53194e-09	0.024826
1.53199e-09	0.0248251
1.53203e-09	0.0248242
1.53208e-09	0.0248233
1.53213e-09	0.0248224
1.53217e-09	0.0248214
1.53222e-09	0.0248205
1.53226e-09	0.0248195
1.53231e-09	0.0248186
1.53236e-09	0.0248176
1.5324e-09	0.0248166
1.53245e-09	0.0248156
1.5325e-09	0.0248145
1.53254e-09	0.0248135
1.53259e-09	0.0248125
1.53264e-09	0.0248114
1.53268e-09	0.0248103
1.53273e-09	0.0248093
1.53278e-09	0.0248082
1.53282e-09	0.0248071
1.53287e-09	0.024806
1.53291e-09	0.0248048
1.53296e-09	0.0248037
1.53301e-09	0.0248025
1.53305e-09	0.0248014
1.5331e-09	0.0248002
1.53315e-09	0.024799
1.53319e-09	0.0247978
1.53324e-09	0.0247966
1.53329e-09	0.0247954
1.53333e-09	0.0247942
1.53338e-09	0.0247929
1.53343e-09	0.0247917
1.53347e-09	0.0247904
1.53352e-09	0.0247891
1.53356e-09	0.0247879
1.53361e-09	0.0247866
1.53366e-09	0.0247853
1.5337e-09	0.0247839
1.53375e-09	0.0247826
1.5338e-09	0.0247813
1.53384e-09	0.0247799
1.53389e-09	0.0247785
1.53394e-09	0.0247772
1.53398e-09	0.0247758
1.53403e-09	0.0247744
1.53407e-09	0.024773
1.53412e-09	0.0247715
1.53417e-09	0.0247701
1.53421e-09	0.0247687
1.53426e-09	0.0247672
1.53431e-09	0.0247657
1.53435e-09	0.0247643
1.5344e-09	0.0247628
1.53445e-09	0.0247613
1.53449e-09	0.0247598
1.53454e-09	0.0247582
1.53459e-09	0.0247567
1.53463e-09	0.0247552
1.53468e-09	0.0247536
1.53472e-09	0.024752
1.53477e-09	0.0247504
1.53482e-09	0.0247489
1.53486e-09	0.0247473
1.53491e-09	0.0247456
1.53496e-09	0.024744
1.535e-09	0.0247424
1.53505e-09	0.0247407
1.5351e-09	0.0247391
1.53514e-09	0.0247374
1.53519e-09	0.0247357
1.53524e-09	0.0247341
1.53528e-09	0.0247324
1.53533e-09	0.0247306
1.53537e-09	0.0247289
1.53542e-09	0.0247272
1.53547e-09	0.0247254
1.53551e-09	0.0247237
1.53556e-09	0.0247219
1.53561e-09	0.0247201
1.53565e-09	0.0247184
1.5357e-09	0.0247166
1.53575e-09	0.0247147
1.53579e-09	0.0247129
1.53584e-09	0.0247111
1.53589e-09	0.0247093
1.53593e-09	0.0247074
1.53598e-09	0.0247055
1.53602e-09	0.0247037
1.53607e-09	0.0247018
1.53612e-09	0.0246999
1.53616e-09	0.024698
1.53621e-09	0.0246961
1.53626e-09	0.0246941
1.5363e-09	0.0246922
1.53635e-09	0.0246902
1.5364e-09	0.0246883
1.53644e-09	0.0246863
1.53649e-09	0.0246843
1.53654e-09	0.0246823
1.53658e-09	0.0246803
1.53663e-09	0.0246783
1.53667e-09	0.0246763
1.53672e-09	0.0246743
1.53677e-09	0.0246722
1.53681e-09	0.0246702
1.53686e-09	0.0246681
1.53691e-09	0.024666
1.53695e-09	0.0246639
1.537e-09	0.0246618
1.53705e-09	0.0246597
1.53709e-09	0.0246576
1.53714e-09	0.0246555
1.53718e-09	0.0246533
1.53723e-09	0.0246512
1.53728e-09	0.024649
1.53732e-09	0.0246468
1.53737e-09	0.0246447
1.53742e-09	0.0246425
1.53746e-09	0.0246403
1.53751e-09	0.0246381
1.53756e-09	0.0246358
1.5376e-09	0.0246336
1.53765e-09	0.0246314
1.5377e-09	0.0246291
1.53774e-09	0.0246268
1.53779e-09	0.0246246
1.53783e-09	0.0246223
1.53788e-09	0.02462
1.53793e-09	0.0246177
1.53797e-09	0.0246153
1.53802e-09	0.024613
1.53807e-09	0.0246107
1.53811e-09	0.0246083
1.53816e-09	0.024606
1.53821e-09	0.0246036
1.53825e-09	0.0246012
1.5383e-09	0.0245988
1.53835e-09	0.0245964
1.53839e-09	0.024594
1.53844e-09	0.0245916
1.53848e-09	0.0245892
1.53853e-09	0.0245867
1.53858e-09	0.0245843
1.53862e-09	0.0245818
1.53867e-09	0.0245794
1.53872e-09	0.0245769
1.53876e-09	0.0245744
1.53881e-09	0.0245719
1.53886e-09	0.0245694
1.5389e-09	0.0245669
1.53895e-09	0.0245643
1.539e-09	0.0245618
1.53904e-09	0.0245592
1.53909e-09	0.0245567
1.53913e-09	0.0245541
1.53918e-09	0.0245515
1.53923e-09	0.0245489
1.53927e-09	0.0245463
1.53932e-09	0.0245437
1.53937e-09	0.0245411
1.53941e-09	0.0245385
1.53946e-09	0.0245358
1.53951e-09	0.0245332
1.53955e-09	0.0245305
1.5396e-09	0.0245278
1.53965e-09	0.0245252
1.53969e-09	0.0245225
1.53974e-09	0.0245198
1.53978e-09	0.0245171
1.53983e-09	0.0245143
1.53988e-09	0.0245116
1.53992e-09	0.0245089
1.53997e-09	0.0245061
1.54002e-09	0.0245034
1.54006e-09	0.0245006
1.54011e-09	0.0244978
1.54016e-09	0.024495
1.5402e-09	0.0244922
1.54025e-09	0.0244894
1.54029e-09	0.0244866
1.54034e-09	0.0244838
1.54039e-09	0.0244809
1.54043e-09	0.0244781
1.54048e-09	0.0244752
1.54053e-09	0.0244723
1.54057e-09	0.0244695
1.54062e-09	0.0244666
1.54067e-09	0.0244637
1.54071e-09	0.0244608
1.54076e-09	0.0244579
1.54081e-09	0.0244549
1.54085e-09	0.024452
1.5409e-09	0.0244491
1.54094e-09	0.0244461
1.54099e-09	0.0244431
1.54104e-09	0.0244402
1.54108e-09	0.0244372
1.54113e-09	0.0244342
1.54118e-09	0.0244312
1.54122e-09	0.0244282
1.54127e-09	0.0244252
1.54132e-09	0.0244221
1.54136e-09	0.0244191
1.54141e-09	0.024416
1.54146e-09	0.024413
1.5415e-09	0.0244099
1.54155e-09	0.0244068
1.54159e-09	0.0244038
1.54164e-09	0.0244007
1.54169e-09	0.0243975
1.54173e-09	0.0243944
1.54178e-09	0.0243913
1.54183e-09	0.0243882
1.54187e-09	0.024385
1.54192e-09	0.0243819
1.54197e-09	0.0243787
1.54201e-09	0.0243755
1.54206e-09	0.0243724
1.54211e-09	0.0243692
1.54215e-09	0.024366
1.5422e-09	0.0243628
1.54224e-09	0.0243595
1.54229e-09	0.0243563
1.54234e-09	0.0243531
1.54238e-09	0.0243498
1.54243e-09	0.0243466
1.54248e-09	0.0243433
1.54252e-09	0.02434
1.54257e-09	0.0243368
1.54262e-09	0.0243335
1.54266e-09	0.0243302
1.54271e-09	0.0243269
1.54276e-09	0.0243235
1.5428e-09	0.0243202
1.54285e-09	0.0243169
1.54289e-09	0.0243135
1.54294e-09	0.0243102
1.54299e-09	0.0243068
1.54303e-09	0.0243034
1.54308e-09	0.0243
1.54313e-09	0.0242966
1.54317e-09	0.0242932
1.54322e-09	0.0242898
1.54327e-09	0.0242864
1.54331e-09	0.024283
1.54336e-09	0.0242795
1.5434e-09	0.0242761
1.54345e-09	0.0242726
1.5435e-09	0.0242692
1.54354e-09	0.0242657
1.54359e-09	0.0242622
1.54364e-09	0.0242587
1.54368e-09	0.0242552
1.54373e-09	0.0242517
1.54378e-09	0.0242482
1.54382e-09	0.0242447
1.54387e-09	0.0242411
1.54392e-09	0.0242376
1.54396e-09	0.024234
1.54401e-09	0.0242305
1.54405e-09	0.0242269
1.5441e-09	0.0242233
1.54415e-09	0.0242197
1.54419e-09	0.0242161
1.54424e-09	0.0242125
1.54429e-09	0.0242089
1.54433e-09	0.0242053
1.54438e-09	0.0242016
1.54443e-09	0.024198
1.54447e-09	0.0241943
1.54452e-09	0.0241907
1.54457e-09	0.024187
1.54461e-09	0.0241833
1.54466e-09	0.0241797
1.5447e-09	0.024176
1.54475e-09	0.0241723
1.5448e-09	0.0241685
1.54484e-09	0.0241648
1.54489e-09	0.0241611
1.54494e-09	0.0241573
1.54498e-09	0.0241536
1.54503e-09	0.0241498
1.54508e-09	0.0241461
1.54512e-09	0.0241423
1.54517e-09	0.0241385
1.54522e-09	0.0241347
1.54526e-09	0.0241309
1.54531e-09	0.0241271
1.54535e-09	0.0241233
1.5454e-09	0.0241195
1.54545e-09	0.0241156
1.54549e-09	0.0241118
1.54554e-09	0.024108
1.54559e-09	0.0241041
1.54563e-09	0.0241002
1.54568e-09	0.0240964
1.54573e-09	0.0240925
1.54577e-09	0.0240886
1.54582e-09	0.0240847
1.54587e-09	0.0240808
1.54591e-09	0.0240768
1.54596e-09	0.0240729
1.546e-09	0.024069
1.54605e-09	0.024065
1.5461e-09	0.0240611
1.54614e-09	0.0240571
1.54619e-09	0.0240532
1.54624e-09	0.0240492
1.54628e-09	0.0240452
1.54633e-09	0.0240412
1.54638e-09	0.0240372
1.54642e-09	0.0240332
1.54647e-09	0.0240292
1.54651e-09	0.0240251
1.54656e-09	0.0240211
1.54661e-09	0.0240171
1.54665e-09	0.024013
1.5467e-09	0.0240089
1.54675e-09	0.0240049
1.54679e-09	0.0240008
1.54684e-09	0.0239967
1.54689e-09	0.0239926
1.54693e-09	0.0239885
1.54698e-09	0.0239844
1.54703e-09	0.0239803
1.54707e-09	0.0239762
1.54712e-09	0.023972
1.54716e-09	0.0239679
1.54721e-09	0.0239637
1.54726e-09	0.0239596
1.5473e-09	0.0239554
1.54735e-09	0.0239512
1.5474e-09	0.023947
1.54744e-09	0.0239429
1.54749e-09	0.0239387
1.54754e-09	0.0239344
1.54758e-09	0.0239302
1.54763e-09	0.023926
1.54768e-09	0.0239218
1.54772e-09	0.0239175
1.54777e-09	0.0239133
1.54781e-09	0.023909
1.54786e-09	0.0239048
1.54791e-09	0.0239005
1.54795e-09	0.0238962
1.548e-09	0.0238919
1.54805e-09	0.0238876
1.54809e-09	0.0238833
1.54814e-09	0.023879
1.54819e-09	0.0238747
1.54823e-09	0.0238704
1.54828e-09	0.023866
1.54833e-09	0.0238617
1.54837e-09	0.0238573
1.54842e-09	0.023853
1.54846e-09	0.0238486
1.54851e-09	0.0238442
1.54856e-09	0.0238398
1.5486e-09	0.0238354
1.54865e-09	0.023831
1.5487e-09	0.0238266
1.54874e-09	0.0238222
1.54879e-09	0.0238178
1.54884e-09	0.0238134
1.54888e-09	0.0238089
1.54893e-09	0.0238045
1.54897e-09	0.0238
1.54902e-09	0.0237956
1.54907e-09	0.0237911
1.54911e-09	0.0237866
1.54916e-09	0.0237821
1.54921e-09	0.0237777
1.54925e-09	0.0237732
1.5493e-09	0.0237686
1.54935e-09	0.0237641
1.54939e-09	0.0237596
1.54944e-09	0.0237551
1.54949e-09	0.0237505
1.54953e-09	0.023746
1.54958e-09	0.0237414
1.54962e-09	0.0237369
1.54967e-09	0.0237323
1.54972e-09	0.0237277
1.54976e-09	0.0237231
1.54981e-09	0.0237185
1.54986e-09	0.023714
1.5499e-09	0.0237093
1.54995e-09	0.0237047
1.55e-09	0.0237001
1.55004e-09	0.0236955
1.55009e-09	0.0236908
1.55014e-09	0.0236862
1.55018e-09	0.0236815
1.55023e-09	0.0236769
1.55027e-09	0.0236722
1.55032e-09	0.0236675
1.55037e-09	0.0236629
1.55041e-09	0.0236582
1.55046e-09	0.0236535
1.55051e-09	0.0236488
1.55055e-09	0.0236441
1.5506e-09	0.0236393
1.55065e-09	0.0236346
1.55069e-09	0.0236299
1.55074e-09	0.0236251
1.55079e-09	0.0236204
1.55083e-09	0.0236156
1.55088e-09	0.0236109
1.55092e-09	0.0236061
1.55097e-09	0.0236013
1.55102e-09	0.0235965
1.55106e-09	0.0235917
1.55111e-09	0.0235869
1.55116e-09	0.0235821
1.5512e-09	0.0235773
1.55125e-09	0.0235725
1.5513e-09	0.0235677
1.55134e-09	0.0235628
1.55139e-09	0.023558
1.55144e-09	0.0235531
1.55148e-09	0.0235483
1.55153e-09	0.0235434
1.55157e-09	0.0235385
1.55162e-09	0.0235336
1.55167e-09	0.0235288
1.55171e-09	0.0235239
1.55176e-09	0.023519
1.55181e-09	0.023514
1.55185e-09	0.0235091
1.5519e-09	0.0235042
1.55195e-09	0.0234993
1.55199e-09	0.0234943
1.55204e-09	0.0234894
1.55208e-09	0.0234844
1.55213e-09	0.0234795
1.55218e-09	0.0234745
1.55222e-09	0.0234695
1.55227e-09	0.0234646
1.55232e-09	0.0234596
1.55236e-09	0.0234546
1.55241e-09	0.0234496
1.55246e-09	0.0234446
1.5525e-09	0.0234396
1.55255e-09	0.0234345
1.5526e-09	0.0234295
1.55264e-09	0.0234245
1.55269e-09	0.0234194
1.55273e-09	0.0234144
1.55278e-09	0.0234093
1.55283e-09	0.0234042
1.55287e-09	0.0233992
1.55292e-09	0.0233941
1.55297e-09	0.023389
1.55301e-09	0.0233839
1.55306e-09	0.0233788
1.55311e-09	0.0233737
1.55315e-09	0.0233686
1.5532e-09	0.0233635
1.55325e-09	0.0233584
1.55329e-09	0.0233532
1.55334e-09	0.0233481
1.55338e-09	0.0233429
1.55343e-09	0.0233378
1.55348e-09	0.0233326
1.55352e-09	0.0233275
1.55357e-09	0.0233223
1.55362e-09	0.0233171
1.55366e-09	0.0233119
1.55371e-09	0.0233067
1.55376e-09	0.0233015
1.5538e-09	0.0232963
1.55385e-09	0.0232911
1.5539e-09	0.0232859
1.55394e-09	0.0232806
1.55399e-09	0.0232754
1.55403e-09	0.0232702
1.55408e-09	0.0232649
1.55413e-09	0.0232597
1.55417e-09	0.0232544
1.55422e-09	0.0232491
1.55427e-09	0.0232439
1.55431e-09	0.0232386
1.55436e-09	0.0232333
1.55441e-09	0.023228
1.55445e-09	0.0232227
1.5545e-09	0.0232174
1.55455e-09	0.0232121
1.55459e-09	0.0232067
1.55464e-09	0.0232014
1.55468e-09	0.0231961
1.55473e-09	0.0231907
1.55478e-09	0.0231854
1.55482e-09	0.02318
1.55487e-09	0.0231747
1.55492e-09	0.0231693
1.55496e-09	0.0231639
1.55501e-09	0.0231586
1.55506e-09	0.0231532
1.5551e-09	0.0231478
1.55515e-09	0.0231424
1.55519e-09	0.023137
1.55524e-09	0.0231316
1.55529e-09	0.0231261
1.55533e-09	0.0231207
1.55538e-09	0.0231153
1.55543e-09	0.0231098
1.55547e-09	0.0231044
1.55552e-09	0.0230989
1.55557e-09	0.0230935
1.55561e-09	0.023088
1.55566e-09	0.0230825
1.55571e-09	0.0230771
1.55575e-09	0.0230716
1.5558e-09	0.0230661
1.55584e-09	0.0230606
1.55589e-09	0.0230551
1.55594e-09	0.0230496
1.55598e-09	0.0230441
1.55603e-09	0.0230386
1.55608e-09	0.023033
1.55612e-09	0.0230275
1.55617e-09	0.0230219
1.55622e-09	0.0230164
1.55626e-09	0.0230108
1.55631e-09	0.0230053
1.55636e-09	0.0229997
1.5564e-09	0.0229942
1.55645e-09	0.0229886
1.55649e-09	0.022983
1.55654e-09	0.0229774
1.55659e-09	0.0229718
1.55663e-09	0.0229662
1.55668e-09	0.0229606
1.55673e-09	0.022955
1.55677e-09	0.0229494
1.55682e-09	0.0229437
1.55687e-09	0.0229381
1.55691e-09	0.0229325
1.55696e-09	0.0229268
1.55701e-09	0.0229212
1.55705e-09	0.0229155
1.5571e-09	0.0229098
1.55714e-09	0.0229042
1.55719e-09	0.0228985
1.55724e-09	0.0228928
1.55728e-09	0.0228871
1.55733e-09	0.0228814
1.55738e-09	0.0228757
1.55742e-09	0.02287
1.55747e-09	0.0228643
1.55752e-09	0.0228586
1.55756e-09	0.0228529
1.55761e-09	0.0228471
1.55766e-09	0.0228414
1.5577e-09	0.0228357
1.55775e-09	0.0228299
1.55779e-09	0.0228242
1.55784e-09	0.0228184
1.55789e-09	0.0228126
1.55793e-09	0.0228069
1.55798e-09	0.0228011
1.55803e-09	0.0227953
1.55807e-09	0.0227895
1.55812e-09	0.0227837
1.55817e-09	0.0227779
1.55821e-09	0.0227721
1.55826e-09	0.0227663
1.5583e-09	0.0227605
1.55835e-09	0.0227547
1.5584e-09	0.0227488
1.55844e-09	0.022743
1.55849e-09	0.0227371
1.55854e-09	0.0227313
1.55858e-09	0.0227254
1.55863e-09	0.0227196
1.55868e-09	0.0227137
1.55872e-09	0.0227078
1.55877e-09	0.022702
1.55882e-09	0.0226961
1.55886e-09	0.0226902
1.55891e-09	0.0226843
1.55895e-09	0.0226784
1.559e-09	0.0226725
1.55905e-09	0.0226666
1.55909e-09	0.0226607
1.55914e-09	0.0226547
1.55919e-09	0.0226488
1.55923e-09	0.0226429
1.55928e-09	0.0226369
1.55933e-09	0.022631
1.55937e-09	0.022625
1.55942e-09	0.0226191
1.55947e-09	0.0226131
1.55951e-09	0.0226072
1.55956e-09	0.0226012
1.5596e-09	0.0225952
1.55965e-09	0.0225892
1.5597e-09	0.0225832
1.55974e-09	0.0225772
1.55979e-09	0.0225712
1.55984e-09	0.0225652
1.55988e-09	0.0225592
1.55993e-09	0.0225532
1.55998e-09	0.0225472
1.56002e-09	0.0225411
1.56007e-09	0.0225351
1.56012e-09	0.0225291
1.56016e-09	0.022523
1.56021e-09	0.022517
1.56025e-09	0.0225109
1.5603e-09	0.0225049
1.56035e-09	0.0224988
1.56039e-09	0.0224927
1.56044e-09	0.0224866
1.56049e-09	0.0224806
1.56053e-09	0.0224745
1.56058e-09	0.0224684
1.56063e-09	0.0224623
1.56067e-09	0.0224562
1.56072e-09	0.0224501
1.56077e-09	0.0224439
1.56081e-09	0.0224378
1.56086e-09	0.0224317
1.5609e-09	0.0224256
1.56095e-09	0.0224194
1.561e-09	0.0224133
1.56104e-09	0.0224071
1.56109e-09	0.022401
1.56114e-09	0.0223948
1.56118e-09	0.0223887
1.56123e-09	0.0223825
1.56128e-09	0.0223763
1.56132e-09	0.0223701
1.56137e-09	0.0223639
1.56141e-09	0.0223578
1.56146e-09	0.0223516
1.56151e-09	0.0223454
1.56155e-09	0.0223391
1.5616e-09	0.0223329
1.56165e-09	0.0223267
1.56169e-09	0.0223205
1.56174e-09	0.0223143
1.56179e-09	0.022308
1.56183e-09	0.0223018
1.56188e-09	0.0222956
1.56193e-09	0.0222893
1.56197e-09	0.0222831
1.56202e-09	0.0222768
1.56206e-09	0.0222705
1.56211e-09	0.0222643
1.56216e-09	0.022258
1.5622e-09	0.0222517
1.56225e-09	0.0222454
1.5623e-09	0.0222391
1.56234e-09	0.0222328
1.56239e-09	0.0222265
1.56244e-09	0.0222202
1.56248e-09	0.0222139
1.56253e-09	0.0222076
1.56258e-09	0.0222013
1.56262e-09	0.022195
1.56267e-09	0.0221886
1.56271e-09	0.0221823
1.56276e-09	0.022176
1.56281e-09	0.0221696
1.56285e-09	0.0221633
1.5629e-09	0.0221569
1.56295e-09	0.0221506
1.56299e-09	0.0221442
1.56304e-09	0.0221378
1.56309e-09	0.0221315
1.56313e-09	0.0221251
1.56318e-09	0.0221187
1.56323e-09	0.0221123
1.56327e-09	0.0221059
1.56332e-09	0.0220995
1.56336e-09	0.0220931
1.56341e-09	0.0220867
1.56346e-09	0.0220803
1.5635e-09	0.0220739
1.56355e-09	0.0220674
1.5636e-09	0.022061
1.56364e-09	0.0220546
1.56369e-09	0.0220481
1.56374e-09	0.0220417
1.56378e-09	0.0220353
1.56383e-09	0.0220288
1.56388e-09	0.0220223
1.56392e-09	0.0220159
1.56397e-09	0.0220094
1.56401e-09	0.0220029
1.56406e-09	0.0219965
1.56411e-09	0.02199
1.56415e-09	0.0219835
1.5642e-09	0.021977
1.56425e-09	0.0219705
1.56429e-09	0.021964
1.56434e-09	0.0219575
1.56439e-09	0.021951
1.56443e-09	0.0219445
1.56448e-09	0.021938
1.56452e-09	0.0219314
1.56457e-09	0.0219249
1.56462e-09	0.0219184
1.56466e-09	0.0219118
1.56471e-09	0.0219053
1.56476e-09	0.0218988
1.5648e-09	0.0218922
1.56485e-09	0.0218857
1.5649e-09	0.0218791
1.56494e-09	0.0218725
1.56499e-09	0.021866
1.56504e-09	0.0218594
1.56508e-09	0.0218528
1.56513e-09	0.0218462
1.56517e-09	0.0218396
1.56522e-09	0.021833
1.56527e-09	0.0218264
1.56531e-09	0.0218198
1.56536e-09	0.0218132
1.56541e-09	0.0218066
1.56545e-09	0.0218
1.5655e-09	0.0217934
1.56555e-09	0.0217868
1.56559e-09	0.0217801
1.56564e-09	0.0217735
1.56569e-09	0.0217669
1.56573e-09	0.0217602
1.56578e-09	0.0217536
1.56582e-09	0.0217469
1.56587e-09	0.0217403
1.56592e-09	0.0217336
1.56596e-09	0.0217269
1.56601e-09	0.0217203
1.56606e-09	0.0217136
1.5661e-09	0.0217069
1.56615e-09	0.0217002
1.5662e-09	0.0216935
1.56624e-09	0.0216869
1.56629e-09	0.0216802
1.56634e-09	0.0216735
1.56638e-09	0.0216668
1.56643e-09	0.02166
1.56647e-09	0.0216533
1.56652e-09	0.0216466
1.56657e-09	0.0216399
1.56661e-09	0.0216332
1.56666e-09	0.0216264
1.56671e-09	0.0216197
1.56675e-09	0.021613
1.5668e-09	0.0216062
1.56685e-09	0.0215995
1.56689e-09	0.0215927
1.56694e-09	0.021586
1.56698e-09	0.0215792
1.56703e-09	0.0215724
1.56708e-09	0.0215657
1.56712e-09	0.0215589
1.56717e-09	0.0215521
1.56722e-09	0.0215453
1.56726e-09	0.0215386
1.56731e-09	0.0215318
1.56736e-09	0.021525
1.5674e-09	0.0215182
1.56745e-09	0.0215114
1.5675e-09	0.0215046
1.56754e-09	0.0214977
1.56759e-09	0.0214909
1.56763e-09	0.0214841
1.56768e-09	0.0214773
1.56773e-09	0.0214705
1.56777e-09	0.0214636
1.56782e-09	0.0214568
1.56787e-09	0.02145
1.56791e-09	0.0214431
1.56796e-09	0.0214363
1.56801e-09	0.0214294
1.56805e-09	0.0214226
1.5681e-09	0.0214157
1.56815e-09	0.0214088
1.56819e-09	0.021402
1.56824e-09	0.0213951
1.56828e-09	0.0213882
1.56833e-09	0.0213813
1.56838e-09	0.0213745
1.56842e-09	0.0213676
1.56847e-09	0.0213607
1.56852e-09	0.0213538
1.56856e-09	0.0213469
1.56861e-09	0.02134
1.56866e-09	0.0213331
1.5687e-09	0.0213261
1.56875e-09	0.0213192
1.5688e-09	0.0213123
1.56884e-09	0.0213054
1.56889e-09	0.0212985
1.56893e-09	0.0212915
1.56898e-09	0.0212846
1.56903e-09	0.0212777
1.56907e-09	0.0212707
1.56912e-09	0.0212638
1.56917e-09	0.0212568
1.56921e-09	0.0212499
1.56926e-09	0.0212429
1.56931e-09	0.0212359
1.56935e-09	0.021229
1.5694e-09	0.021222
1.56945e-09	0.021215
1.56949e-09	0.021208
1.56954e-09	0.0212011
1.56958e-09	0.0211941
1.56963e-09	0.0211871
1.56968e-09	0.0211801
1.56972e-09	0.0211731
1.56977e-09	0.0211661
1.56982e-09	0.0211591
1.56986e-09	0.0211521
1.56991e-09	0.0211451
1.56996e-09	0.021138
1.57e-09	0.021131
1.57005e-09	0.021124
1.57009e-09	0.021117
1.57014e-09	0.0211099
1.57019e-09	0.0211029
1.57023e-09	0.0210959
1.57028e-09	0.0210888
1.57033e-09	0.0210818
1.57037e-09	0.0210747
1.57042e-09	0.0210677
1.57047e-09	0.0210606
1.57051e-09	0.0210536
1.57056e-09	0.0210465
1.57061e-09	0.0210394
1.57065e-09	0.0210324
1.5707e-09	0.0210253
1.57074e-09	0.0210182
1.57079e-09	0.0210111
1.57084e-09	0.021004
1.57088e-09	0.0209969
1.57093e-09	0.0209898
1.57098e-09	0.0209827
1.57102e-09	0.0209756
1.57107e-09	0.0209685
1.57112e-09	0.0209614
1.57116e-09	0.0209543
1.57121e-09	0.0209472
1.57126e-09	0.0209401
1.5713e-09	0.020933
1.57135e-09	0.0209258
1.57139e-09	0.0209187
1.57144e-09	0.0209116
1.57149e-09	0.0209044
1.57153e-09	0.0208973
1.57158e-09	0.0208902
1.57163e-09	0.020883
1.57167e-09	0.0208759
1.57172e-09	0.0208687
1.57177e-09	0.0208616
1.57181e-09	0.0208544
1.57186e-09	0.0208472
1.57191e-09	0.0208401
1.57195e-09	0.0208329
1.572e-09	0.0208257
1.57204e-09	0.0208185
1.57209e-09	0.0208114
1.57214e-09	0.0208042
1.57218e-09	0.020797
1.57223e-09	0.0207898
1.57228e-09	0.0207826
1.57232e-09	0.0207754
1.57237e-09	0.0207682
1.57242e-09	0.020761
1.57246e-09	0.0207538
1.57251e-09	0.0207466
1.57256e-09	0.0207394
1.5726e-09	0.0207322
1.57265e-09	0.0207249
1.57269e-09	0.0207177
1.57274e-09	0.0207105
1.57279e-09	0.0207032
1.57283e-09	0.020696
1.57288e-09	0.0206888
1.57293e-09	0.0206815
1.57297e-09	0.0206743
1.57302e-09	0.020667
1.57307e-09	0.0206598
1.57311e-09	0.0206525
1.57316e-09	0.0206453
1.5732e-09	0.020638
1.57325e-09	0.0206308
1.5733e-09	0.0206235
1.57334e-09	0.0206162
1.57339e-09	0.0206089
1.57344e-09	0.0206017
1.57348e-09	0.0205944
1.57353e-09	0.0205871
1.57358e-09	0.0205798
1.57362e-09	0.0205725
1.57367e-09	0.0205652
1.57372e-09	0.0205579
1.57376e-09	0.0205506
1.57381e-09	0.0205433
1.57385e-09	0.020536
1.5739e-09	0.0205287
1.57395e-09	0.0205214
1.57399e-09	0.0205141
1.57404e-09	0.0205068
1.57409e-09	0.0204995
1.57413e-09	0.0204921
1.57418e-09	0.0204848
1.57423e-09	0.0204775
1.57427e-09	0.0204702
1.57432e-09	0.0204628
1.57437e-09	0.0204555
1.57441e-09	0.0204481
1.57446e-09	0.0204408
1.5745e-09	0.0204334
1.57455e-09	0.0204261
1.5746e-09	0.0204187
1.57464e-09	0.0204114
1.57469e-09	0.020404
1.57474e-09	0.0203967
1.57478e-09	0.0203893
1.57483e-09	0.0203819
1.57488e-09	0.0203746
1.57492e-09	0.0203672
1.57497e-09	0.0203598
1.57502e-09	0.0203524
1.57506e-09	0.020345
1.57511e-09	0.0203376
1.57515e-09	0.0203303
1.5752e-09	0.0203229
1.57525e-09	0.0203155
1.57529e-09	0.0203081
1.57534e-09	0.0203007
1.57539e-09	0.0202933
1.57543e-09	0.0202859
1.57548e-09	0.0202785
1.57553e-09	0.020271
1.57557e-09	0.0202636
1.57562e-09	0.0202562
1.57567e-09	0.0202488
1.57571e-09	0.0202414
1.57576e-09	0.0202339
1.5758e-09	0.0202265
1.57585e-09	0.0202191
1.5759e-09	0.0202116
1.57594e-09	0.0202042
1.57599e-09	0.0201968
1.57604e-09	0.0201893
1.57608e-09	0.0201819
1.57613e-09	0.0201744
1.57618e-09	0.020167
1.57622e-09	0.0201595
1.57627e-09	0.0201521
1.57631e-09	0.0201446
1.57636e-09	0.0201371
1.57641e-09	0.0201297
1.57645e-09	0.0201222
1.5765e-09	0.0201147
1.57655e-09	0.0201072
1.57659e-09	0.0200998
1.57664e-09	0.0200923
1.57669e-09	0.0200848
1.57673e-09	0.0200773
1.57678e-09	0.0200698
1.57683e-09	0.0200623
1.57687e-09	0.0200549
1.57692e-09	0.0200474
1.57696e-09	0.0200399
1.57701e-09	0.0200324
1.57706e-09	0.0200249
1.5771e-09	0.0200173
1.57715e-09	0.0200098
1.5772e-09	0.0200023
1.57724e-09	0.0199948
1.57729e-09	0.0199873
1.57734e-09	0.0199798
1.57738e-09	0.0199723
1.57743e-09	0.0199647
1.57748e-09	0.0199572
1.57752e-09	0.0199497
1.57757e-09	0.0199421
1.57761e-09	0.0199346
1.57766e-09	0.0199271
1.57771e-09	0.0199195
1.57775e-09	0.019912
1.5778e-09	0.0199044
1.57785e-09	0.0198969
1.57789e-09	0.0198893
1.57794e-09	0.0198818
1.57799e-09	0.0198742
1.57803e-09	0.0198667
1.57808e-09	0.0198591
1.57813e-09	0.0198516
1.57817e-09	0.019844
1.57822e-09	0.0198364
1.57826e-09	0.0198289
1.57831e-09	0.0198213
1.57836e-09	0.0198137
1.5784e-09	0.0198061
1.57845e-09	0.0197986
1.5785e-09	0.019791
1.57854e-09	0.0197834
1.57859e-09	0.0197758
1.57864e-09	0.0197682
1.57868e-09	0.0197606
1.57873e-09	0.019753
1.57878e-09	0.0197454
1.57882e-09	0.0197378
1.57887e-09	0.0197302
1.57891e-09	0.0197226
1.57896e-09	0.019715
1.57901e-09	0.0197074
1.57905e-09	0.0196998
1.5791e-09	0.0196922
1.57915e-09	0.0196846
1.57919e-09	0.019677
1.57924e-09	0.0196693
1.57929e-09	0.0196617
1.57933e-09	0.0196541
1.57938e-09	0.0196465
1.57942e-09	0.0196388
1.57947e-09	0.0196312
1.57952e-09	0.0196236
1.57956e-09	0.0196159
1.57961e-09	0.0196083
1.57966e-09	0.0196006
1.5797e-09	0.019593
1.57975e-09	0.0195854
1.5798e-09	0.0195777
1.57984e-09	0.0195701
1.57989e-09	0.0195624
1.57994e-09	0.0195548
1.57998e-09	0.0195471
1.58003e-09	0.0195394
1.58007e-09	0.0195318
1.58012e-09	0.0195241
1.58017e-09	0.0195165
1.58021e-09	0.0195088
1.58026e-09	0.0195011
1.58031e-09	0.0194934
1.58035e-09	0.0194858
1.5804e-09	0.0194781
1.58045e-09	0.0194704
1.58049e-09	0.0194627
1.58054e-09	0.0194551
1.58059e-09	0.0194474
1.58063e-09	0.0194397
1.58068e-09	0.019432
1.58072e-09	0.0194243
1.58077e-09	0.0194166
1.58082e-09	0.0194089
1.58086e-09	0.0194012
1.58091e-09	0.0193935
1.58096e-09	0.0193858
1.581e-09	0.0193781
1.58105e-09	0.0193704
1.5811e-09	0.0193627
1.58114e-09	0.019355
1.58119e-09	0.0193473
1.58124e-09	0.0193396
1.58128e-09	0.0193318
1.58133e-09	0.0193241
1.58137e-09	0.0193164
1.58142e-09	0.0193087
1.58147e-09	0.019301
1.58151e-09	0.0192932
1.58156e-09	0.0192855
1.58161e-09	0.0192778
1.58165e-09	0.01927
1.5817e-09	0.0192623
1.58175e-09	0.0192546
1.58179e-09	0.0192468
1.58184e-09	0.0192391
1.58189e-09	0.0192314
1.58193e-09	0.0192236
1.58198e-09	0.0192159
1.58202e-09	0.0192081
1.58207e-09	0.0192004
1.58212e-09	0.0191926
1.58216e-09	0.0191849
1.58221e-09	0.0191771
1.58226e-09	0.0191694
1.5823e-09	0.0191616
1.58235e-09	0.0191538
1.5824e-09	0.0191461
1.58244e-09	0.0191383
1.58249e-09	0.0191305
1.58253e-09	0.0191228
1.58258e-09	0.019115
1.58263e-09	0.0191072
1.58267e-09	0.0190995
1.58272e-09	0.0190917
1.58277e-09	0.0190839
1.58281e-09	0.0190761
1.58286e-09	0.0190683
1.58291e-09	0.0190606
1.58295e-09	0.0190528
1.583e-09	0.019045
1.58305e-09	0.0190372
1.58309e-09	0.0190294
1.58314e-09	0.0190216
1.58318e-09	0.0190138
1.58323e-09	0.019006
1.58328e-09	0.0189982
1.58332e-09	0.0189904
1.58337e-09	0.0189826
1.58342e-09	0.0189748
1.58346e-09	0.018967
1.58351e-09	0.0189592
1.58356e-09	0.0189514
1.5836e-09	0.0189436
1.58365e-09	0.0189358
1.5837e-09	0.018928
1.58374e-09	0.0189202
1.58379e-09	0.0189123
1.58383e-09	0.0189045
1.58388e-09	0.0188967
1.58393e-09	0.0188889
1.58397e-09	0.0188811
1.58402e-09	0.0188732
1.58407e-09	0.0188654
1.58411e-09	0.0188576
1.58416e-09	0.0188497
1.58421e-09	0.0188419
1.58425e-09	0.0188341
1.5843e-09	0.0188262
1.58435e-09	0.0188184
1.58439e-09	0.0188106
1.58444e-09	0.0188027
1.58448e-09	0.0187949
1.58453e-09	0.018787
1.58458e-09	0.0187792
1.58462e-09	0.0187714
1.58467e-09	0.0187635
1.58472e-09	0.0187557
1.58476e-09	0.0187478
1.58481e-09	0.01874
1.58486e-09	0.0187321
1.5849e-09	0.0187242
1.58495e-09	0.0187164
1.58499e-09	0.0187085
1.58504e-09	0.0187007
1.58509e-09	0.0186928
1.58513e-09	0.0186849
1.58518e-09	0.0186771
1.58523e-09	0.0186692
1.58527e-09	0.0186613
1.58532e-09	0.0186535
1.58537e-09	0.0186456
1.58541e-09	0.0186377
1.58546e-09	0.0186299
1.58551e-09	0.018622
1.58555e-09	0.0186141
1.5856e-09	0.0186062
1.58564e-09	0.0185983
1.58569e-09	0.0185905
1.58574e-09	0.0185826
1.58578e-09	0.0185747
1.58583e-09	0.0185668
1.58588e-09	0.0185589
1.58592e-09	0.018551
1.58597e-09	0.0185432
1.58602e-09	0.0185353
1.58606e-09	0.0185274
1.58611e-09	0.0185195
1.58616e-09	0.0185116
1.5862e-09	0.0185037
1.58625e-09	0.0184958
1.58629e-09	0.0184879
1.58634e-09	0.01848
1.58639e-09	0.0184721
1.58643e-09	0.0184642
1.58648e-09	0.0184563
1.58653e-09	0.0184484
1.58657e-09	0.0184405
1.58662e-09	0.0184326
1.58667e-09	0.0184246
1.58671e-09	0.0184167
1.58676e-09	0.0184088
1.58681e-09	0.0184009
1.58685e-09	0.018393
1.5869e-09	0.0183851
1.58694e-09	0.0183772
1.58699e-09	0.0183692
1.58704e-09	0.0183613
1.58708e-09	0.0183534
1.58713e-09	0.0183455
1.58718e-09	0.0183375
1.58722e-09	0.0183296
1.58727e-09	0.0183217
1.58732e-09	0.0183138
1.58736e-09	0.0183058
1.58741e-09	0.0182979
1.58746e-09	0.01829
1.5875e-09	0.018282
1.58755e-09	0.0182741
1.58759e-09	0.0182662
1.58764e-09	0.0182582
1.58769e-09	0.0182503
1.58773e-09	0.0182424
1.58778e-09	0.0182344
1.58783e-09	0.0182265
1.58787e-09	0.0182185
1.58792e-09	0.0182106
1.58797e-09	0.0182026
1.58801e-09	0.0181947
1.58806e-09	0.0181867
1.5881e-09	0.0181788
1.58815e-09	0.0181708
1.5882e-09	0.0181629
1.58824e-09	0.0181549
1.58829e-09	0.018147
1.58834e-09	0.018139
1.58838e-09	0.0181311
1.58843e-09	0.0181231
1.58848e-09	0.0181152
1.58852e-09	0.0181072
1.58857e-09	0.0180992
1.58862e-09	0.0180913
1.58866e-09	0.0180833
1.58871e-09	0.0180754
1.58875e-09	0.0180674
1.5888e-09	0.0180594
1.58885e-09	0.0180515
1.58889e-09	0.0180435
1.58894e-09	0.0180355
1.58899e-09	0.0180276
1.58903e-09	0.0180196
1.58908e-09	0.0180116
1.58913e-09	0.0180036
1.58917e-09	0.0179957
1.58922e-09	0.0179877
1.58927e-09	0.0179797
1.58931e-09	0.0179717
1.58936e-09	0.0179638
1.5894e-09	0.0179558
1.58945e-09	0.0179478
1.5895e-09	0.0179398
1.58954e-09	0.0179318
1.58959e-09	0.0179239
1.58964e-09	0.0179159
1.58968e-09	0.0179079
1.58973e-09	0.0178999
1.58978e-09	0.0178919
1.58982e-09	0.0178839
1.58987e-09	0.0178759
1.58992e-09	0.017868
1.58996e-09	0.01786
1.59001e-09	0.017852
1.59005e-09	0.017844
1.5901e-09	0.017836
1.59015e-09	0.017828
1.59019e-09	0.01782
1.59024e-09	0.017812
1.59029e-09	0.017804
1.59033e-09	0.017796
1.59038e-09	0.017788
1.59043e-09	0.01778
1.59047e-09	0.017772
1.59052e-09	0.017764
1.59057e-09	0.017756
1.59061e-09	0.017748
1.59066e-09	0.01774
1.5907e-09	0.017732
1.59075e-09	0.017724
1.5908e-09	0.017716
1.59084e-09	0.017708
1.59089e-09	0.0177
1.59094e-09	0.017692
1.59098e-09	0.017684
1.59103e-09	0.017676
1.59108e-09	0.0176679
1.59112e-09	0.0176599
1.59117e-09	0.0176519
1.59121e-09	0.0176439
1.59126e-09	0.0176359
1.59131e-09	0.0176279
1.59135e-09	0.0176199
1.5914e-09	0.0176118
1.59145e-09	0.0176038
1.59149e-09	0.0175958
1.59154e-09	0.0175878
1.59159e-09	0.0175798
1.59163e-09	0.0175717
1.59168e-09	0.0175637
1.59173e-09	0.0175557
1.59177e-09	0.0175477
1.59182e-09	0.0175397
1.59186e-09	0.0175316
1.59191e-09	0.0175236
1.59196e-09	0.0175156
1.592e-09	0.0175076
1.59205e-09	0.0174995
1.5921e-09	0.0174915
1.59214e-09	0.0174835
1.59219e-09	0.0174755
1.59224e-09	0.0174674
1.59228e-09	0.0174594
1.59233e-09	0.0174514
1.59238e-09	0.0174433
1.59242e-09	0.0174353
1.59247e-09	0.0174273
1.59251e-09	0.0174192
1.59256e-09	0.0174112
1.59261e-09	0.0174032
1.59265e-09	0.0173951
1.5927e-09	0.0173871
1.59275e-09	0.0173791
1.59279e-09	0.017371
1.59284e-09	0.017363
1.59289e-09	0.0173549
1.59293e-09	0.0173469
1.59298e-09	0.0173389
1.59303e-09	0.0173308
1.59307e-09	0.0173228
1.59312e-09	0.0173147
1.59316e-09	0.0173067
1.59321e-09	0.0172987
1.59326e-09	0.0172906
1.5933e-09	0.0172826
1.59335e-09	0.0172745
1.5934e-09	0.0172665
1.59344e-09	0.0172584
1.59349e-09	0.0172504
1.59354e-09	0.0172424
1.59358e-09	0.0172343
1.59363e-09	0.0172263
1.59368e-09	0.0172182
1.59372e-09	0.0172102
1.59377e-09	0.0172021
1.59381e-09	0.0171941
1.59386e-09	0.017186
1.59391e-09	0.017178
1.59395e-09	0.0171699
1.594e-09	0.0171619
1.59405e-09	0.0171538
1.59409e-09	0.0171458
1.59414e-09	0.0171377
1.59419e-09	0.0171297
1.59423e-09	0.0171216
1.59428e-09	0.0171136
1.59432e-09	0.0171055
1.59437e-09	0.0170974
1.59442e-09	0.0170894
1.59446e-09	0.0170813
1.59451e-09	0.0170733
1.59456e-09	0.0170652
1.5946e-09	0.0170572
1.59465e-09	0.0170491
1.5947e-09	0.0170411
1.59474e-09	0.017033
1.59479e-09	0.0170249
1.59484e-09	0.0170169
1.59488e-09	0.0170088
1.59493e-09	0.0170008
1.59497e-09	0.0169927
1.59502e-09	0.0169846
1.59507e-09	0.0169766
1.59511e-09	0.0169685
1.59516e-09	0.0169605
1.59521e-09	0.0169524
1.59525e-09	0.0169443
1.5953e-09	0.0169363
1.59535e-09	0.0169282
1.59539e-09	0.0169201
1.59544e-09	0.0169121
1.59549e-09	0.016904
1.59553e-09	0.016896
1.59558e-09	0.0168879
1.59562e-09	0.0168798
1.59567e-09	0.0168718
1.59572e-09	0.0168637
1.59576e-09	0.0168556
1.59581e-09	0.0168476
1.59586e-09	0.0168395
1.5959e-09	0.0168314
1.59595e-09	0.0168234
1.596e-09	0.0168153
1.59604e-09	0.0168072
1.59609e-09	0.0167992
1.59614e-09	0.0167911
1.59618e-09	0.016783
1.59623e-09	0.016775
1.59627e-09	0.0167669
1.59632e-09	0.0167588
1.59637e-09	0.0167508
1.59641e-09	0.0167427
1.59646e-09	0.0167346
1.59651e-09	0.0167266
1.59655e-09	0.0167185
1.5966e-09	0.0167104
1.59665e-09	0.0167023
1.59669e-09	0.0166943
1.59674e-09	0.0166862
1.59679e-09	0.0166781
1.59683e-09	0.0166701
1.59688e-09	0.016662
1.59692e-09	0.0166539
1.59697e-09	0.0166459
1.59702e-09	0.0166378
1.59706e-09	0.0166297
1.59711e-09	0.0166216
1.59716e-09	0.0166136
1.5972e-09	0.0166055
1.59725e-09	0.0165974
1.5973e-09	0.0165894
1.59734e-09	0.0165813
1.59739e-09	0.0165732
1.59743e-09	0.0165651
1.59748e-09	0.0165571
1.59753e-09	0.016549
1.59757e-09	0.0165409
1.59762e-09	0.0165328
1.59767e-09	0.0165248
1.59771e-09	0.0165167
1.59776e-09	0.0165086
1.59781e-09	0.0165006
1.59785e-09	0.0164925
1.5979e-09	0.0164844
1.59795e-09	0.0164763
1.59799e-09	0.0164683
1.59804e-09	0.0164602
1.59808e-09	0.0164521
1.59813e-09	0.016444
1.59818e-09	0.016436
1.59822e-09	0.0164279
1.59827e-09	0.0164198
1.59832e-09	0.0164117
1.59836e-09	0.0164037
1.59841e-09	0.0163956
1.59846e-09	0.0163875
1.5985e-09	0.0163795
1.59855e-09	0.0163714
1.5986e-09	0.0163633
1.59864e-09	0.0163552
1.59869e-09	0.0163472
1.59873e-09	0.0163391
1.59878e-09	0.016331
1.59883e-09	0.0163229
1.59887e-09	0.0163149
1.59892e-09	0.0163068
1.59897e-09	0.0162987
1.59901e-09	0.0162906
1.59906e-09	0.0162826
1.59911e-09	0.0162745
1.59915e-09	0.0162664
1.5992e-09	0.0162583
1.59925e-09	0.0162503
1.59929e-09	0.0162422
1.59934e-09	0.0162341
1.59938e-09	0.0162261
1.59943e-09	0.016218
1.59948e-09	0.0162099
1.59952e-09	0.0162018
1.59957e-09	0.0161938
1.59962e-09	0.0161857
1.59966e-09	0.0161776
1.59971e-09	0.0161695
1.59976e-09	0.0161615
1.5998e-09	0.0161534
1.59985e-09	0.0161453
1.59989e-09	0.0161373
1.59994e-09	0.0161292
1.59999e-09	0.0161211
1.60003e-09	0.016113
1.60008e-09	0.016105
1.60013e-09	0.0160969
1.60017e-09	0.0160888
1.60022e-09	0.0160808
1.60027e-09	0.0160727
1.60031e-09	0.0160646
1.60036e-09	0.0160565
1.60041e-09	0.0160485
1.60045e-09	0.0160404
1.6005e-09	0.0160323
1.60054e-09	0.0160243
1.60059e-09	0.0160162
1.60064e-09	0.0160081
1.60068e-09	0.0160001
1.60073e-09	0.015992
1.60078e-09	0.0159839
1.60082e-09	0.0159759
1.60087e-09	0.0159678
1.60092e-09	0.0159597
1.60096e-09	0.0159516
1.60101e-09	0.0159436
1.60106e-09	0.0159355
1.6011e-09	0.0159274
1.60115e-09	0.0159194
1.60119e-09	0.0159113
1.60124e-09	0.0159032
1.60129e-09	0.0158952
1.60133e-09	0.0158871
1.60138e-09	0.015879
1.60143e-09	0.015871
1.60147e-09	0.0158629
1.60152e-09	0.0158549
1.60157e-09	0.0158468
1.60161e-09	0.0158387
1.60166e-09	0.0158307
1.60171e-09	0.0158226
1.60175e-09	0.0158145
1.6018e-09	0.0158065
1.60184e-09	0.0157984
1.60189e-09	0.0157903
1.60194e-09	0.0157823
1.60198e-09	0.0157742
1.60203e-09	0.0157662
1.60208e-09	0.0157581
1.60212e-09	0.01575
1.60217e-09	0.015742
1.60222e-09	0.0157339
1.60226e-09	0.0157259
1.60231e-09	0.0157178
1.60236e-09	0.0157097
1.6024e-09	0.0157017
1.60245e-09	0.0156936
1.60249e-09	0.0156856
1.60254e-09	0.0156775
1.60259e-09	0.0156695
1.60263e-09	0.0156614
1.60268e-09	0.0156533
1.60273e-09	0.0156453
1.60277e-09	0.0156372
1.60282e-09	0.0156292
1.60287e-09	0.0156211
1.60291e-09	0.0156131
1.60296e-09	0.015605
1.603e-09	0.015597
1.60305e-09	0.0155889
1.6031e-09	0.0155808
1.60314e-09	0.0155728
1.60319e-09	0.0155647
1.60324e-09	0.0155567
1.60328e-09	0.0155486
1.60333e-09	0.0155406
1.60338e-09	0.0155325
1.60342e-09	0.0155245
1.60347e-09	0.0155164
1.60352e-09	0.0155084
1.60356e-09	0.0155003
1.60361e-09	0.0154923
1.60365e-09	0.0154842
1.6037e-09	0.0154762
1.60375e-09	0.0154682
1.60379e-09	0.0154601
1.60384e-09	0.0154521
1.60389e-09	0.015444
1.60393e-09	0.015436
1.60398e-09	0.0154279
1.60403e-09	0.0154199
1.60407e-09	0.0154118
1.60412e-09	0.0154038
1.60417e-09	0.0153958
1.60421e-09	0.0153877
1.60426e-09	0.0153797
1.6043e-09	0.0153716
1.60435e-09	0.0153636
1.6044e-09	0.0153556
1.60444e-09	0.0153475
1.60449e-09	0.0153395
1.60454e-09	0.0153314
1.60458e-09	0.0153234
1.60463e-09	0.0153154
1.60468e-09	0.0153073
1.60472e-09	0.0152993
1.60477e-09	0.0152913
1.60482e-09	0.0152832
1.60486e-09	0.0152752
1.60491e-09	0.0152672
1.60495e-09	0.0152591
1.605e-09	0.0152511
1.60505e-09	0.0152431
1.60509e-09	0.015235
1.60514e-09	0.015227
1.60519e-09	0.015219
1.60523e-09	0.0152109
1.60528e-09	0.0152029
1.60533e-09	0.0151949
1.60537e-09	0.0151869
1.60542e-09	0.0151788
1.60547e-09	0.0151708
1.60551e-09	0.0151628
1.60556e-09	0.0151548
1.6056e-09	0.0151467
1.60565e-09	0.0151387
1.6057e-09	0.0151307
1.60574e-09	0.0151227
1.60579e-09	0.0151146
1.60584e-09	0.0151066
1.60588e-09	0.0150986
1.60593e-09	0.0150906
1.60598e-09	0.0150826
1.60602e-09	0.0150745
1.60607e-09	0.0150665
1.60611e-09	0.0150585
1.60616e-09	0.0150505
1.60621e-09	0.0150425
1.60625e-09	0.0150345
1.6063e-09	0.0150264
1.60635e-09	0.0150184
1.60639e-09	0.0150104
1.60644e-09	0.0150024
1.60649e-09	0.0149944
1.60653e-09	0.0149864
1.60658e-09	0.0149784
1.60663e-09	0.0149704
1.60667e-09	0.0149624
1.60672e-09	0.0149544
1.60676e-09	0.0149463
1.60681e-09	0.0149383
1.60686e-09	0.0149303
1.6069e-09	0.0149223
1.60695e-09	0.0149143
1.607e-09	0.0149063
1.60704e-09	0.0148983
1.60709e-09	0.0148903
1.60714e-09	0.0148823
1.60718e-09	0.0148743
1.60723e-09	0.0148663
1.60728e-09	0.0148583
1.60732e-09	0.0148503
1.60737e-09	0.0148423
1.60741e-09	0.0148343
1.60746e-09	0.0148263
1.60751e-09	0.0148183
1.60755e-09	0.0148103
1.6076e-09	0.0148024
1.60765e-09	0.0147944
1.60769e-09	0.0147864
1.60774e-09	0.0147784
1.60779e-09	0.0147704
1.60783e-09	0.0147624
1.60788e-09	0.0147544
1.60793e-09	0.0147464
1.60797e-09	0.0147384
1.60802e-09	0.0147305
1.60806e-09	0.0147225
1.60811e-09	0.0147145
1.60816e-09	0.0147065
1.6082e-09	0.0146985
1.60825e-09	0.0146905
1.6083e-09	0.0146826
1.60834e-09	0.0146746
1.60839e-09	0.0146666
1.60844e-09	0.0146586
1.60848e-09	0.0146506
1.60853e-09	0.0146427
1.60858e-09	0.0146347
1.60862e-09	0.0146267
1.60867e-09	0.0146187
1.60871e-09	0.0146108
1.60876e-09	0.0146028
1.60881e-09	0.0145948
1.60885e-09	0.0145869
1.6089e-09	0.0145789
1.60895e-09	0.0145709
1.60899e-09	0.0145629
1.60904e-09	0.014555
1.60909e-09	0.014547
1.60913e-09	0.0145391
1.60918e-09	0.0145311
1.60922e-09	0.0145231
1.60927e-09	0.0145152
1.60932e-09	0.0145072
1.60936e-09	0.0144992
1.60941e-09	0.0144913
1.60946e-09	0.0144833
1.6095e-09	0.0144754
1.60955e-09	0.0144674
1.6096e-09	0.0144595
1.60964e-09	0.0144515
1.60969e-09	0.0144435
1.60974e-09	0.0144356
1.60978e-09	0.0144276
1.60983e-09	0.0144197
1.60987e-09	0.0144117
1.60992e-09	0.0144038
1.60997e-09	0.0143958
1.61001e-09	0.0143879
1.61006e-09	0.01438
1.61011e-09	0.014372
1.61015e-09	0.0143641
1.6102e-09	0.0143561
1.61025e-09	0.0143482
1.61029e-09	0.0143402
1.61034e-09	0.0143323
1.61039e-09	0.0143244
1.61043e-09	0.0143164
1.61048e-09	0.0143085
1.61052e-09	0.0143006
1.61057e-09	0.0142926
1.61062e-09	0.0142847
1.61066e-09	0.0142768
1.61071e-09	0.0142688
1.61076e-09	0.0142609
1.6108e-09	0.014253
1.61085e-09	0.014245
1.6109e-09	0.0142371
1.61094e-09	0.0142292
1.61099e-09	0.0142213
1.61104e-09	0.0142133
1.61108e-09	0.0142054
1.61113e-09	0.0141975
1.61117e-09	0.0141896
1.61122e-09	0.0141817
1.61127e-09	0.0141737
1.61131e-09	0.0141658
1.61136e-09	0.0141579
1.61141e-09	0.01415
1.61145e-09	0.0141421
1.6115e-09	0.0141342
1.61155e-09	0.0141262
1.61159e-09	0.0141183
1.61164e-09	0.0141104
1.61169e-09	0.0141025
1.61173e-09	0.0140946
1.61178e-09	0.0140867
1.61182e-09	0.0140788
1.61187e-09	0.0140709
1.61192e-09	0.014063
1.61196e-09	0.0140551
1.61201e-09	0.0140472
1.61206e-09	0.0140393
1.6121e-09	0.0140314
1.61215e-09	0.0140235
1.6122e-09	0.0140156
1.61224e-09	0.0140077
1.61229e-09	0.0139998
1.61233e-09	0.0139919
1.61238e-09	0.013984
1.61243e-09	0.0139761
1.61247e-09	0.0139682
1.61252e-09	0.0139603
1.61257e-09	0.0139525
1.61261e-09	0.0139446
1.61266e-09	0.0139367
1.61271e-09	0.0139288
1.61275e-09	0.0139209
1.6128e-09	0.013913
1.61285e-09	0.0139052
1.61289e-09	0.0138973
1.61294e-09	0.0138894
1.61298e-09	0.0138815
1.61303e-09	0.0138737
1.61308e-09	0.0138658
1.61312e-09	0.0138579
1.61317e-09	0.01385
1.61322e-09	0.0138422
1.61326e-09	0.0138343
1.61331e-09	0.0138264
1.61336e-09	0.0138186
1.6134e-09	0.0138107
1.61345e-09	0.0138028
1.6135e-09	0.013795
1.61354e-09	0.0137871
1.61359e-09	0.0137793
1.61363e-09	0.0137714
1.61368e-09	0.0137635
1.61373e-09	0.0137557
1.61377e-09	0.0137478
1.61382e-09	0.01374
1.61387e-09	0.0137321
1.61391e-09	0.0137243
1.61396e-09	0.0137164
1.61401e-09	0.0137086
1.61405e-09	0.0137007
1.6141e-09	0.0136929
1.61415e-09	0.013685
1.61419e-09	0.0136772
1.61424e-09	0.0136693
1.61428e-09	0.0136615
1.61433e-09	0.0136537
1.61438e-09	0.0136458
1.61442e-09	0.013638
1.61447e-09	0.0136301
1.61452e-09	0.0136223
1.61456e-09	0.0136145
1.61461e-09	0.0136066
1.61466e-09	0.0135988
1.6147e-09	0.013591
1.61475e-09	0.0135832
1.6148e-09	0.0135753
1.61484e-09	0.0135675
1.61489e-09	0.0135597
1.61493e-09	0.0135519
1.61498e-09	0.013544
1.61503e-09	0.0135362
1.61507e-09	0.0135284
1.61512e-09	0.0135206
1.61517e-09	0.0135128
1.61521e-09	0.0135049
1.61526e-09	0.0134971
1.61531e-09	0.0134893
1.61535e-09	0.0134815
1.6154e-09	0.0134737
1.61544e-09	0.0134659
1.61549e-09	0.0134581
1.61554e-09	0.0134503
1.61558e-09	0.0134425
1.61563e-09	0.0134347
1.61568e-09	0.0134269
1.61572e-09	0.0134191
1.61577e-09	0.0134113
1.61582e-09	0.0134035
1.61586e-09	0.0133957
1.61591e-09	0.0133879
1.61596e-09	0.0133801
1.616e-09	0.0133723
1.61605e-09	0.0133645
1.61609e-09	0.0133567
1.61614e-09	0.0133489
1.61619e-09	0.0133411
1.61623e-09	0.0133334
1.61628e-09	0.0133256
1.61633e-09	0.0133178
1.61637e-09	0.01331
1.61642e-09	0.0133022
1.61647e-09	0.0132945
1.61651e-09	0.0132867
1.61656e-09	0.0132789
1.61661e-09	0.0132711
1.61665e-09	0.0132634
1.6167e-09	0.0132556
1.61674e-09	0.0132478
1.61679e-09	0.0132401
1.61684e-09	0.0132323
1.61688e-09	0.0132245
1.61693e-09	0.0132168
1.61698e-09	0.013209
1.61702e-09	0.0132012
1.61707e-09	0.0131935
1.61712e-09	0.0131857
1.61716e-09	0.013178
1.61721e-09	0.0131702
1.61726e-09	0.0131625
1.6173e-09	0.0131547
1.61735e-09	0.013147
1.61739e-09	0.0131392
1.61744e-09	0.0131315
1.61749e-09	0.0131237
1.61753e-09	0.013116
1.61758e-09	0.0131082
1.61763e-09	0.0131005
1.61767e-09	0.0130928
1.61772e-09	0.013085
1.61777e-09	0.0130773
1.61781e-09	0.0130695
1.61786e-09	0.0130618
1.6179e-09	0.0130541
1.61795e-09	0.0130464
1.618e-09	0.0130386
1.61804e-09	0.0130309
1.61809e-09	0.0130232
1.61814e-09	0.0130154
1.61818e-09	0.0130077
1.61823e-09	0.013
1.61828e-09	0.0129923
1.61832e-09	0.0129846
1.61837e-09	0.0129768
1.61842e-09	0.0129691
1.61846e-09	0.0129614
1.61851e-09	0.0129537
1.61855e-09	0.012946
1.6186e-09	0.0129383
1.61865e-09	0.0129306
1.61869e-09	0.0129229
1.61874e-09	0.0129152
1.61879e-09	0.0129075
1.61883e-09	0.0128998
1.61888e-09	0.0128921
1.61893e-09	0.0128844
1.61897e-09	0.0128767
1.61902e-09	0.012869
1.61907e-09	0.0128613
1.61911e-09	0.0128536
1.61916e-09	0.0128459
1.6192e-09	0.0128382
1.61925e-09	0.0128305
1.6193e-09	0.0128229
1.61934e-09	0.0128152
1.61939e-09	0.0128075
1.61944e-09	0.0127998
1.61948e-09	0.0127921
1.61953e-09	0.0127845
1.61958e-09	0.0127768
1.61962e-09	0.0127691
1.61967e-09	0.0127614
1.61972e-09	0.0127538
1.61976e-09	0.0127461
1.61981e-09	0.0127384
1.61985e-09	0.0127308
1.6199e-09	0.0127231
1.61995e-09	0.0127154
1.61999e-09	0.0127078
1.62004e-09	0.0127001
1.62009e-09	0.0126925
1.62013e-09	0.0126848
1.62018e-09	0.0126771
1.62023e-09	0.0126695
1.62027e-09	0.0126618
1.62032e-09	0.0126542
1.62037e-09	0.0126465
1.62041e-09	0.0126389
1.62046e-09	0.0126313
1.6205e-09	0.0126236
1.62055e-09	0.012616
1.6206e-09	0.0126083
1.62064e-09	0.0126007
1.62069e-09	0.0125931
1.62074e-09	0.0125854
1.62078e-09	0.0125778
1.62083e-09	0.0125702
1.62088e-09	0.0125625
1.62092e-09	0.0125549
1.62097e-09	0.0125473
1.62101e-09	0.0125397
1.62106e-09	0.012532
1.62111e-09	0.0125244
1.62115e-09	0.0125168
1.6212e-09	0.0125092
1.62125e-09	0.0125016
1.62129e-09	0.012494
1.62134e-09	0.0124863
1.62139e-09	0.0124787
1.62143e-09	0.0124711
1.62148e-09	0.0124635
1.62153e-09	0.0124559
1.62157e-09	0.0124483
1.62162e-09	0.0124407
1.62166e-09	0.0124331
1.62171e-09	0.0124255
1.62176e-09	0.0124179
1.6218e-09	0.0124103
1.62185e-09	0.0124027
1.6219e-09	0.0123951
1.62194e-09	0.0123875
1.62199e-09	0.01238
1.62204e-09	0.0123724
1.62208e-09	0.0123648
1.62213e-09	0.0123572
1.62218e-09	0.0123496
1.62222e-09	0.0123421
1.62227e-09	0.0123345
1.62231e-09	0.0123269
1.62236e-09	0.0123193
1.62241e-09	0.0123118
1.62245e-09	0.0123042
1.6225e-09	0.0122966
1.62255e-09	0.0122891
1.62259e-09	0.0122815
1.62264e-09	0.0122739
1.62269e-09	0.0122664
1.62273e-09	0.0122588
1.62278e-09	0.0122512
1.62283e-09	0.0122437
1.62287e-09	0.0122361
1.62292e-09	0.0122286
1.62296e-09	0.012221
1.62301e-09	0.0122135
1.62306e-09	0.0122059
1.6231e-09	0.0121984
1.62315e-09	0.0121909
1.6232e-09	0.0121833
1.62324e-09	0.0121758
1.62329e-09	0.0121682
1.62334e-09	0.0121607
1.62338e-09	0.0121532
1.62343e-09	0.0121456
1.62348e-09	0.0121381
1.62352e-09	0.0121306
1.62357e-09	0.012123
1.62361e-09	0.0121155
1.62366e-09	0.012108
1.62371e-09	0.0121005
1.62375e-09	0.012093
1.6238e-09	0.0120854
1.62385e-09	0.0120779
1.62389e-09	0.0120704
1.62394e-09	0.0120629
1.62399e-09	0.0120554
1.62403e-09	0.0120479
1.62408e-09	0.0120404
1.62412e-09	0.0120329
1.62417e-09	0.0120254
1.62422e-09	0.0120179
1.62426e-09	0.0120104
1.62431e-09	0.0120029
1.62436e-09	0.0119954
1.6244e-09	0.0119879
1.62445e-09	0.0119804
1.6245e-09	0.0119729
1.62454e-09	0.0119654
1.62459e-09	0.0119579
1.62464e-09	0.0119504
1.62468e-09	0.011943
1.62473e-09	0.0119355
1.62477e-09	0.011928
1.62482e-09	0.0119205
1.62487e-09	0.0119131
1.62491e-09	0.0119056
1.62496e-09	0.0118981
1.62501e-09	0.0118906
1.62505e-09	0.0118832
1.6251e-09	0.0118757
1.62515e-09	0.0118683
1.62519e-09	0.0118608
1.62524e-09	0.0118533
1.62529e-09	0.0118459
1.62533e-09	0.0118384
1.62538e-09	0.011831
1.62542e-09	0.0118235
1.62547e-09	0.0118161
1.62552e-09	0.0118086
1.62556e-09	0.0118012
1.62561e-09	0.0117937
1.62566e-09	0.0117863
1.6257e-09	0.0117789
1.62575e-09	0.0117714
1.6258e-09	0.011764
1.62584e-09	0.0117565
1.62589e-09	0.0117491
1.62594e-09	0.0117417
1.62598e-09	0.0117343
1.62603e-09	0.0117268
1.62607e-09	0.0117194
1.62612e-09	0.011712
1.62617e-09	0.0117046
1.62621e-09	0.0116971
1.62626e-09	0.0116897
1.62631e-09	0.0116823
1.62635e-09	0.0116749
1.6264e-09	0.0116675
1.62645e-09	0.0116601
1.62649e-09	0.0116527
1.62654e-09	0.0116453
1.62659e-09	0.0116379
1.62663e-09	0.0116305
1.62668e-09	0.0116231
1.62672e-09	0.0116157
1.62677e-09	0.0116083
1.62682e-09	0.0116009
1.62686e-09	0.0115935
1.62691e-09	0.0115861
1.62696e-09	0.0115787
1.627e-09	0.0115713
1.62705e-09	0.011564
1.6271e-09	0.0115566
1.62714e-09	0.0115492
1.62719e-09	0.0115418
1.62723e-09	0.0115344
1.62728e-09	0.0115271
1.62733e-09	0.0115197
1.62737e-09	0.0115123
1.62742e-09	0.011505
1.62747e-09	0.0114976
1.62751e-09	0.0114902
1.62756e-09	0.0114829
1.62761e-09	0.0114755
1.62765e-09	0.0114682
1.6277e-09	0.0114608
1.62775e-09	0.0114535
1.62779e-09	0.0114461
1.62784e-09	0.0114388
1.62788e-09	0.0114314
1.62793e-09	0.0114241
1.62798e-09	0.0114167
1.62802e-09	0.0114094
1.62807e-09	0.011402
1.62812e-09	0.0113947
1.62816e-09	0.0113874
1.62821e-09	0.01138
1.62826e-09	0.0113727
1.6283e-09	0.0113654
1.62835e-09	0.0113581
1.6284e-09	0.0113507
1.62844e-09	0.0113434
1.62849e-09	0.0113361
1.62853e-09	0.0113288
1.62858e-09	0.0113215
1.62863e-09	0.0113141
1.62867e-09	0.0113068
1.62872e-09	0.0112995
1.62877e-09	0.0112922
1.62881e-09	0.0112849
1.62886e-09	0.0112776
1.62891e-09	0.0112703
1.62895e-09	0.011263
1.629e-09	0.0112557
1.62905e-09	0.0112484
1.62909e-09	0.0112411
1.62914e-09	0.0112338
1.62918e-09	0.0112265
1.62923e-09	0.0112193
1.62928e-09	0.011212
1.62932e-09	0.0112047
1.62937e-09	0.0111974
1.62942e-09	0.0111901
1.62946e-09	0.0111829
1.62951e-09	0.0111756
1.62956e-09	0.0111683
1.6296e-09	0.011161
1.62965e-09	0.0111538
1.6297e-09	0.0111465
1.62974e-09	0.0111392
1.62979e-09	0.011132
1.62983e-09	0.0111247
1.62988e-09	0.0111175
1.62993e-09	0.0111102
1.62997e-09	0.011103
1.63002e-09	0.0110957
1.63007e-09	0.0110885
1.63011e-09	0.0110812
1.63016e-09	0.011074
1.63021e-09	0.0110667
1.63025e-09	0.0110595
1.6303e-09	0.0110523
1.63034e-09	0.011045
1.63039e-09	0.0110378
1.63044e-09	0.0110306
1.63048e-09	0.0110233
1.63053e-09	0.0110161
1.63058e-09	0.0110089
1.63062e-09	0.0110017
1.63067e-09	0.0109944
1.63072e-09	0.0109872
1.63076e-09	0.01098
1.63081e-09	0.0109728
1.63086e-09	0.0109656
1.6309e-09	0.0109584
1.63095e-09	0.0109512
1.63099e-09	0.0109439
1.63104e-09	0.0109367
1.63109e-09	0.0109295
1.63113e-09	0.0109223
1.63118e-09	0.0109151
1.63123e-09	0.010908
1.63127e-09	0.0109008
1.63132e-09	0.0108936
1.63137e-09	0.0108864
1.63141e-09	0.0108792
1.63146e-09	0.010872
1.63151e-09	0.0108648
1.63155e-09	0.0108577
1.6316e-09	0.0108505
1.63164e-09	0.0108433
1.63169e-09	0.0108361
1.63174e-09	0.010829
1.63178e-09	0.0108218
1.63183e-09	0.0108146
1.63188e-09	0.0108075
1.63192e-09	0.0108003
1.63197e-09	0.0107931
1.63202e-09	0.010786
1.63206e-09	0.0107788
1.63211e-09	0.0107717
1.63216e-09	0.0107645
1.6322e-09	0.0107574
1.63225e-09	0.0107502
1.63229e-09	0.0107431
1.63234e-09	0.0107359
1.63239e-09	0.0107288
1.63243e-09	0.0107217
1.63248e-09	0.0107145
1.63253e-09	0.0107074
1.63257e-09	0.0107003
1.63262e-09	0.0106931
1.63267e-09	0.010686
1.63271e-09	0.0106789
1.63276e-09	0.0106718
1.6328e-09	0.0106646
1.63285e-09	0.0106575
1.6329e-09	0.0106504
1.63294e-09	0.0106433
1.63299e-09	0.0106362
1.63304e-09	0.0106291
1.63308e-09	0.010622
1.63313e-09	0.0106149
1.63318e-09	0.0106078
1.63322e-09	0.0106007
1.63327e-09	0.0105936
1.63332e-09	0.0105865
1.63336e-09	0.0105794
1.63341e-09	0.0105723
1.63345e-09	0.0105652
1.6335e-09	0.0105581
1.63355e-09	0.010551
1.63359e-09	0.010544
1.63364e-09	0.0105369
1.63369e-09	0.0105298
1.63373e-09	0.0105227
1.63378e-09	0.0105157
1.63383e-09	0.0105086
1.63387e-09	0.0105015
1.63392e-09	0.0104944
1.63397e-09	0.0104874
1.63401e-09	0.0104803
1.63406e-09	0.0104733
1.6341e-09	0.0104662
1.63415e-09	0.0104592
1.6342e-09	0.0104521
1.63424e-09	0.0104451
1.63429e-09	0.010438
1.63434e-09	0.010431
1.63438e-09	0.0104239
1.63443e-09	0.0104169
1.63448e-09	0.0104098
1.63452e-09	0.0104028
1.63457e-09	0.0103958
1.63462e-09	0.0103887
1.63466e-09	0.0103817
1.63471e-09	0.0103747
1.63475e-09	0.0103677
1.6348e-09	0.0103606
1.63485e-09	0.0103536
1.63489e-09	0.0103466
1.63494e-09	0.0103396
1.63499e-09	0.0103326
1.63503e-09	0.0103256
1.63508e-09	0.0103186
1.63513e-09	0.0103115
1.63517e-09	0.0103045
1.63522e-09	0.0102975
1.63527e-09	0.0102905
1.63531e-09	0.0102835
1.63536e-09	0.0102766
1.6354e-09	0.0102696
1.63545e-09	0.0102626
1.6355e-09	0.0102556
1.63554e-09	0.0102486
1.63559e-09	0.0102416
1.63564e-09	0.0102346
1.63568e-09	0.0102277
1.63573e-09	0.0102207
1.63578e-09	0.0102137
1.63582e-09	0.0102067
1.63587e-09	0.0101998
1.63591e-09	0.0101928
1.63596e-09	0.0101858
1.63601e-09	0.0101789
1.63605e-09	0.0101719
1.6361e-09	0.010165
1.63615e-09	0.010158
1.63619e-09	0.0101511
1.63624e-09	0.0101441
1.63629e-09	0.0101372
1.63633e-09	0.0101302
1.63638e-09	0.0101233
1.63643e-09	0.0101163
1.63647e-09	0.0101094
1.63652e-09	0.0101025
1.63656e-09	0.0100955
1.63661e-09	0.0100886
1.63666e-09	0.0100817
1.6367e-09	0.0100747
1.63675e-09	0.0100678
1.6368e-09	0.0100609
1.63684e-09	0.010054
1.63689e-09	0.010047
1.63694e-09	0.0100401
1.63698e-09	0.0100332
1.63703e-09	0.0100263
1.63708e-09	0.0100194
1.63712e-09	0.0100125
1.63717e-09	0.0100056
1.63721e-09	0.0099987
1.63726e-09	0.0099918
1.63731e-09	0.0099849
1.63735e-09	0.00997801
1.6374e-09	0.00997112
1.63745e-09	0.00996423
1.63749e-09	0.00995735
1.63754e-09	0.00995046
1.63759e-09	0.00994358
1.63763e-09	0.0099367
1.63768e-09	0.00992982
1.63773e-09	0.00992295
1.63777e-09	0.00991608
1.63782e-09	0.00990921
1.63786e-09	0.00990234
1.63791e-09	0.00989548
1.63796e-09	0.00988862
1.638e-09	0.00988176
1.63805e-09	0.0098749
1.6381e-09	0.00986804
1.63814e-09	0.00986119
1.63819e-09	0.00985434
1.63824e-09	0.00984749
1.63828e-09	0.00984065
1.63833e-09	0.00983381
1.63838e-09	0.00982697
1.63842e-09	0.00982013
1.63847e-09	0.00981329
1.63851e-09	0.00980646
1.63856e-09	0.00979963
1.63861e-09	0.0097928
1.63865e-09	0.00978597
1.6387e-09	0.00977915
1.63875e-09	0.00977233
1.63879e-09	0.00976551
1.63884e-09	0.00975869
1.63889e-09	0.00975188
1.63893e-09	0.00974507
1.63898e-09	0.00973826
1.63902e-09	0.00973145
1.63907e-09	0.00972465
1.63912e-09	0.00971785
1.63916e-09	0.00971105
1.63921e-09	0.00970425
1.63926e-09	0.00969746
1.6393e-09	0.00969066
1.63935e-09	0.00968388
1.6394e-09	0.00967709
1.63944e-09	0.0096703
1.63949e-09	0.00966352
1.63954e-09	0.00965674
1.63958e-09	0.00964996
1.63963e-09	0.00964319
1.63967e-09	0.00963642
1.63972e-09	0.00962965
1.63977e-09	0.00962288
1.63981e-09	0.00961612
1.63986e-09	0.00960935
1.63991e-09	0.00960259
1.63995e-09	0.00959583
1.64e-09	0.00958908
1.64005e-09	0.00958233
1.64009e-09	0.00957558
1.64014e-09	0.00956883
1.64019e-09	0.00956208
1.64023e-09	0.00955534
1.64028e-09	0.0095486
1.64032e-09	0.00954186
1.64037e-09	0.00953513
1.64042e-09	0.00952839
1.64046e-09	0.00952166
1.64051e-09	0.00951493
1.64056e-09	0.00950821
1.6406e-09	0.00950149
1.64065e-09	0.00949476
1.6407e-09	0.00948805
1.64074e-09	0.00948133
1.64079e-09	0.00947462
1.64084e-09	0.00946791
1.64088e-09	0.0094612
1.64093e-09	0.00945449
1.64097e-09	0.00944779
1.64102e-09	0.00944109
1.64107e-09	0.00943439
1.64111e-09	0.00942769
1.64116e-09	0.009421
1.64121e-09	0.00941431
1.64125e-09	0.00940762
1.6413e-09	0.00940094
1.64135e-09	0.00939425
1.64139e-09	0.00938757
1.64144e-09	0.00938089
1.64149e-09	0.00937422
1.64153e-09	0.00936754
1.64158e-09	0.00936087
1.64162e-09	0.0093542
1.64167e-09	0.00934754
1.64172e-09	0.00934087
1.64176e-09	0.00933421
1.64181e-09	0.00932756
1.64186e-09	0.0093209
1.6419e-09	0.00931425
1.64195e-09	0.00930759
1.642e-09	0.00930095
1.64204e-09	0.0092943
1.64209e-09	0.00928766
1.64213e-09	0.00928102
1.64218e-09	0.00927438
1.64223e-09	0.00926774
1.64227e-09	0.00926111
1.64232e-09	0.00925448
1.64237e-09	0.00924785
1.64241e-09	0.00924122
1.64246e-09	0.0092346
1.64251e-09	0.00922798
1.64255e-09	0.00922136
1.6426e-09	0.00921474
1.64265e-09	0.00920813
1.64269e-09	0.00920152
1.64274e-09	0.00919491
1.64278e-09	0.00918831
1.64283e-09	0.0091817
1.64288e-09	0.0091751
1.64292e-09	0.0091685
1.64297e-09	0.00916191
1.64302e-09	0.00915532
1.64306e-09	0.00914873
1.64311e-09	0.00914214
1.64316e-09	0.00913555
1.6432e-09	0.00912897
1.64325e-09	0.00912239
1.6433e-09	0.00911581
1.64334e-09	0.00910924
1.64339e-09	0.00910266
1.64343e-09	0.00909609
1.64348e-09	0.00908953
1.64353e-09	0.00908296
1.64357e-09	0.0090764
1.64362e-09	0.00906984
1.64367e-09	0.00906328
1.64371e-09	0.00905672
1.64376e-09	0.00905017
1.64381e-09	0.00904362
1.64385e-09	0.00903708
1.6439e-09	0.00903053
1.64395e-09	0.00902399
1.64399e-09	0.00901745
1.64404e-09	0.00901091
1.64408e-09	0.00900438
1.64413e-09	0.00899785
1.64418e-09	0.00899132
1.64422e-09	0.00898479
1.64427e-09	0.00897826
1.64432e-09	0.00897174
1.64436e-09	0.00896522
1.64441e-09	0.00895871
1.64446e-09	0.00895219
1.6445e-09	0.00894568
1.64455e-09	0.00893917
1.6446e-09	0.00893267
1.64464e-09	0.00892616
1.64469e-09	0.00891966
1.64473e-09	0.00891316
1.64478e-09	0.00890667
1.64483e-09	0.00890017
1.64487e-09	0.00889368
1.64492e-09	0.00888719
1.64497e-09	0.00888071
1.64501e-09	0.00887422
1.64506e-09	0.00886774
1.64511e-09	0.00886126
1.64515e-09	0.00885479
1.6452e-09	0.00884832
1.64524e-09	0.00884185
1.64529e-09	0.00883538
1.64534e-09	0.00882891
1.64538e-09	0.00882245
1.64543e-09	0.00881599
1.64548e-09	0.00880953
1.64552e-09	0.00880308
1.64557e-09	0.00879662
1.64562e-09	0.00879017
1.64566e-09	0.00878373
1.64571e-09	0.00877728
1.64576e-09	0.00877084
1.6458e-09	0.0087644
1.64585e-09	0.00875796
1.64589e-09	0.00875153
1.64594e-09	0.0087451
1.64599e-09	0.00873867
1.64603e-09	0.00873224
1.64608e-09	0.00872582
1.64613e-09	0.0087194
1.64617e-09	0.00871298
1.64622e-09	0.00870656
1.64627e-09	0.00870015
1.64631e-09	0.00869374
1.64636e-09	0.00868733
1.64641e-09	0.00868092
1.64645e-09	0.00867452
1.6465e-09	0.00866812
1.64654e-09	0.00866172
1.64659e-09	0.00865533
1.64664e-09	0.00864894
1.64668e-09	0.00864254
1.64673e-09	0.00863616
1.64678e-09	0.00862977
1.64682e-09	0.00862339
1.64687e-09	0.00861701
1.64692e-09	0.00861063
1.64696e-09	0.00860426
1.64701e-09	0.00859789
1.64706e-09	0.00859152
1.6471e-09	0.00858515
1.64715e-09	0.00857879
1.64719e-09	0.00857243
1.64724e-09	0.00856607
1.64729e-09	0.00855971
1.64733e-09	0.00855336
1.64738e-09	0.00854701
1.64743e-09	0.00854066
1.64747e-09	0.00853431
1.64752e-09	0.00852797
1.64757e-09	0.00852163
1.64761e-09	0.00851529
1.64766e-09	0.00850896
1.64771e-09	0.00850262
1.64775e-09	0.00849629
1.6478e-09	0.00848997
1.64784e-09	0.00848364
1.64789e-09	0.00847732
1.64794e-09	0.008471
1.64798e-09	0.00846468
1.64803e-09	0.00845837
1.64808e-09	0.00845206
1.64812e-09	0.00844575
1.64817e-09	0.00843944
1.64822e-09	0.00843314
1.64826e-09	0.00842684
1.64831e-09	0.00842054
1.64835e-09	0.00841424
1.6484e-09	0.00840795
1.64845e-09	0.00840166
1.64849e-09	0.00839537
1.64854e-09	0.00838909
1.64859e-09	0.0083828
1.64863e-09	0.00837652
1.64868e-09	0.00837025
1.64873e-09	0.00836397
1.64877e-09	0.0083577
1.64882e-09	0.00835143
1.64887e-09	0.00834516
1.64891e-09	0.0083389
1.64896e-09	0.00833264
1.649e-09	0.00832638
1.64905e-09	0.00832012
1.6491e-09	0.00831387
1.64914e-09	0.00830762
1.64919e-09	0.00830137
1.64924e-09	0.00829512
1.64928e-09	0.00828888
1.64933e-09	0.00828264
1.64938e-09	0.0082764
1.64942e-09	0.00827017
1.64947e-09	0.00826394
1.64952e-09	0.00825771
1.64956e-09	0.00825148
1.64961e-09	0.00824525
1.64965e-09	0.00823903
1.6497e-09	0.00823281
1.64975e-09	0.0082266
1.64979e-09	0.00822038
1.64984e-09	0.00821417
1.64989e-09	0.00820796
1.64993e-09	0.00820176
1.64998e-09	0.00819555
1.65003e-09	0.00818935
1.65007e-09	0.00818316
1.65012e-09	0.00817696
1.65017e-09	0.00817077
1.65021e-09	0.00816458
1.65026e-09	0.00815839
1.6503e-09	0.00815221
1.65035e-09	0.00814602
1.6504e-09	0.00813984
1.65044e-09	0.00813367
1.65049e-09	0.00812749
1.65054e-09	0.00812132
1.65058e-09	0.00811515
1.65063e-09	0.00810899
1.65068e-09	0.00810283
1.65072e-09	0.00809667
1.65077e-09	0.00809051
1.65081e-09	0.00808435
1.65086e-09	0.0080782
1.65091e-09	0.00807205
1.65095e-09	0.0080659
1.651e-09	0.00805976
1.65105e-09	0.00805362
1.65109e-09	0.00804748
1.65114e-09	0.00804134
1.65119e-09	0.00803521
1.65123e-09	0.00802908
1.65128e-09	0.00802295
1.65133e-09	0.00801682
1.65137e-09	0.0080107
1.65142e-09	0.00800458
1.65146e-09	0.00799846
1.65151e-09	0.00799234
1.65156e-09	0.00798623
1.6516e-09	0.00798012
1.65165e-09	0.00797401
1.6517e-09	0.00796791
1.65174e-09	0.00796181
1.65179e-09	0.00795571
1.65184e-09	0.00794961
1.65188e-09	0.00794352
1.65193e-09	0.00793743
1.65198e-09	0.00793134
1.65202e-09	0.00792525
1.65207e-09	0.00791917
1.65211e-09	0.00791309
1.65216e-09	0.00790701
1.65221e-09	0.00790094
1.65225e-09	0.00789487
1.6523e-09	0.0078888
1.65235e-09	0.00788273
1.65239e-09	0.00787667
1.65244e-09	0.0078706
1.65249e-09	0.00786455
1.65253e-09	0.00785849
1.65258e-09	0.00785244
1.65263e-09	0.00784639
1.65267e-09	0.00784034
1.65272e-09	0.00783429
1.65276e-09	0.00782825
1.65281e-09	0.00782221
1.65286e-09	0.00781617
1.6529e-09	0.00781014
1.65295e-09	0.00780411
1.653e-09	0.00779808
1.65304e-09	0.00779205
1.65309e-09	0.00778603
1.65314e-09	0.00778001
1.65318e-09	0.00777399
1.65323e-09	0.00776797
1.65328e-09	0.00776196
1.65332e-09	0.00775595
1.65337e-09	0.00774994
1.65341e-09	0.00774394
1.65346e-09	0.00773793
1.65351e-09	0.00773193
1.65355e-09	0.00772594
1.6536e-09	0.00771994
1.65365e-09	0.00771395
1.65369e-09	0.00770796
1.65374e-09	0.00770198
1.65379e-09	0.00769599
1.65383e-09	0.00769001
1.65388e-09	0.00768404
1.65392e-09	0.00767806
1.65397e-09	0.00767209
1.65402e-09	0.00766612
1.65406e-09	0.00766015
1.65411e-09	0.00765419
1.65416e-09	0.00764823
1.6542e-09	0.00764227
1.65425e-09	0.00763631
1.6543e-09	0.00763036
1.65434e-09	0.00762441
1.65439e-09	0.00761846
1.65444e-09	0.00761251
1.65448e-09	0.00760657
1.65453e-09	0.00760063
1.65457e-09	0.00759469
1.65462e-09	0.00758876
1.65467e-09	0.00758283
1.65471e-09	0.0075769
1.65476e-09	0.00757097
1.65481e-09	0.00756505
1.65485e-09	0.00755913
1.6549e-09	0.00755321
1.65495e-09	0.00754729
1.65499e-09	0.00754138
1.65504e-09	0.00753547
1.65509e-09	0.00752956
1.65513e-09	0.00752366
1.65518e-09	0.00751776
1.65522e-09	0.00751186
1.65527e-09	0.00750596
1.65532e-09	0.00750007
1.65536e-09	0.00749418
1.65541e-09	0.00748829
1.65546e-09	0.0074824
1.6555e-09	0.00747652
1.65555e-09	0.00747064
1.6556e-09	0.00746476
1.65564e-09	0.00745889
1.65569e-09	0.00745302
1.65574e-09	0.00744715
1.65578e-09	0.00744128
1.65583e-09	0.00743542
1.65587e-09	0.00742956
1.65592e-09	0.0074237
1.65597e-09	0.00741784
1.65601e-09	0.00741199
1.65606e-09	0.00740614
1.65611e-09	0.00740029
1.65615e-09	0.00739445
1.6562e-09	0.00738861
1.65625e-09	0.00738277
1.65629e-09	0.00737693
1.65634e-09	0.0073711
1.65639e-09	0.00736526
1.65643e-09	0.00735944
1.65648e-09	0.00735361
1.65652e-09	0.00734779
1.65657e-09	0.00734197
1.65662e-09	0.00733615
1.65666e-09	0.00733034
1.65671e-09	0.00732452
1.65676e-09	0.00731871
1.6568e-09	0.00731291
1.65685e-09	0.0073071
1.6569e-09	0.0073013
1.65694e-09	0.0072955
1.65699e-09	0.00728971
1.65703e-09	0.00728392
1.65708e-09	0.00727813
1.65713e-09	0.00727234
1.65717e-09	0.00726655
1.65722e-09	0.00726077
1.65727e-09	0.00725499
1.65731e-09	0.00724922
1.65736e-09	0.00724344
1.65741e-09	0.00723767
1.65745e-09	0.0072319
1.6575e-09	0.00722614
1.65755e-09	0.00722038
1.65759e-09	0.00721462
1.65764e-09	0.00720886
1.65768e-09	0.0072031
1.65773e-09	0.00719735
1.65778e-09	0.0071916
1.65782e-09	0.00718586
1.65787e-09	0.00718011
1.65792e-09	0.00717437
1.65796e-09	0.00716863
1.65801e-09	0.0071629
1.65806e-09	0.00715717
1.6581e-09	0.00715144
1.65815e-09	0.00714571
1.6582e-09	0.00713998
1.65824e-09	0.00713426
1.65829e-09	0.00712854
1.65833e-09	0.00712283
1.65838e-09	0.00711711
1.65843e-09	0.0071114
1.65847e-09	0.0071057
1.65852e-09	0.00709999
1.65857e-09	0.00709429
1.65861e-09	0.00708859
1.65866e-09	0.00708289
1.65871e-09	0.0070772
1.65875e-09	0.00707151
1.6588e-09	0.00706582
1.65885e-09	0.00706013
1.65889e-09	0.00705445
1.65894e-09	0.00704877
1.65898e-09	0.00704309
1.65903e-09	0.00703741
1.65908e-09	0.00703174
1.65912e-09	0.00702607
1.65917e-09	0.00702041
1.65922e-09	0.00701474
1.65926e-09	0.00700908
1.65931e-09	0.00700342
1.65936e-09	0.00699777
1.6594e-09	0.00699211
1.65945e-09	0.00698646
1.6595e-09	0.00698081
1.65954e-09	0.00697517
1.65959e-09	0.00696953
1.65963e-09	0.00696389
1.65968e-09	0.00695825
1.65973e-09	0.00695262
1.65977e-09	0.00694699
1.65982e-09	0.00694136
1.65987e-09	0.00693573
1.65991e-09	0.00693011
1.65996e-09	0.00692449
1.66001e-09	0.00691887
1.66005e-09	0.00691326
1.6601e-09	0.00690765
1.66014e-09	0.00690204
1.66019e-09	0.00689643
1.66024e-09	0.00689083
1.66028e-09	0.00688523
1.66033e-09	0.00687963
1.66038e-09	0.00687403
1.66042e-09	0.00686844
1.66047e-09	0.00686285
1.66052e-09	0.00685726
1.66056e-09	0.00685168
1.66061e-09	0.0068461
1.66066e-09	0.00684052
1.6607e-09	0.00683494
1.66075e-09	0.00682937
1.66079e-09	0.0068238
1.66084e-09	0.00681823
1.66089e-09	0.00681267
1.66093e-09	0.0068071
1.66098e-09	0.00680154
1.66103e-09	0.00679599
1.66107e-09	0.00679043
1.66112e-09	0.00678488
1.66117e-09	0.00677933
1.66121e-09	0.00677379
1.66126e-09	0.00676824
1.66131e-09	0.0067627
1.66135e-09	0.00675717
1.6614e-09	0.00675163
1.66144e-09	0.0067461
1.66149e-09	0.00674057
1.66154e-09	0.00673504
1.66158e-09	0.00672952
1.66163e-09	0.006724
1.66168e-09	0.00671848
1.66172e-09	0.00671297
1.66177e-09	0.00670745
1.66182e-09	0.00670194
1.66186e-09	0.00669644
1.66191e-09	0.00669093
1.66196e-09	0.00668543
1.662e-09	0.00667993
1.66205e-09	0.00667443
1.66209e-09	0.00666894
1.66214e-09	0.00666345
1.66219e-09	0.00665796
1.66223e-09	0.00665248
1.66228e-09	0.00664699
1.66233e-09	0.00664152
1.66237e-09	0.00663604
1.66242e-09	0.00663056
1.66247e-09	0.00662509
1.66251e-09	0.00661962
1.66256e-09	0.00661416
1.66261e-09	0.0066087
1.66265e-09	0.00660324
1.6627e-09	0.00659778
1.66274e-09	0.00659232
1.66279e-09	0.00658687
1.66284e-09	0.00658142
1.66288e-09	0.00657598
1.66293e-09	0.00657053
1.66298e-09	0.00656509
1.66302e-09	0.00655965
1.66307e-09	0.00655422
1.66312e-09	0.00654878
1.66316e-09	0.00654335
1.66321e-09	0.00653793
1.66325e-09	0.0065325
1.6633e-09	0.00652708
1.66335e-09	0.00652166
1.66339e-09	0.00651625
1.66344e-09	0.00651083
1.66349e-09	0.00650542
1.66353e-09	0.00650001
1.66358e-09	0.00649461
1.66363e-09	0.00648921
1.66367e-09	0.00648381
1.66372e-09	0.00647841
1.66377e-09	0.00647302
1.66381e-09	0.00646762
1.66386e-09	0.00646224
1.6639e-09	0.00645685
1.66395e-09	0.00645147
1.664e-09	0.00644609
1.66404e-09	0.00644071
1.66409e-09	0.00643533
1.66414e-09	0.00642996
1.66418e-09	0.00642459
1.66423e-09	0.00641923
1.66428e-09	0.00641386
1.66432e-09	0.0064085
1.66437e-09	0.00640314
1.66442e-09	0.00639779
1.66446e-09	0.00639244
1.66451e-09	0.00638709
1.66455e-09	0.00638174
1.6646e-09	0.00637639
1.66465e-09	0.00637105
1.66469e-09	0.00636571
1.66474e-09	0.00636038
1.66479e-09	0.00635504
1.66483e-09	0.00634971
1.66488e-09	0.00634438
1.66493e-09	0.00633906
1.66497e-09	0.00633374
1.66502e-09	0.00632842
1.66507e-09	0.0063231
1.66511e-09	0.00631779
1.66516e-09	0.00631248
1.6652e-09	0.00630717
1.66525e-09	0.00630186
1.6653e-09	0.00629656
1.66534e-09	0.00629126
1.66539e-09	0.00628596
1.66544e-09	0.00628067
1.66548e-09	0.00627537
1.66553e-09	0.00627009
1.66558e-09	0.0062648
1.66562e-09	0.00625952
1.66567e-09	0.00625423
1.66571e-09	0.00624896
1.66576e-09	0.00624368
1.66581e-09	0.00623841
1.66585e-09	0.00623314
1.6659e-09	0.00622787
1.66595e-09	0.00622261
1.66599e-09	0.00621735
1.66604e-09	0.00621209
1.66609e-09	0.00620683
1.66613e-09	0.00620158
1.66618e-09	0.00619633
1.66623e-09	0.00619108
1.66627e-09	0.00618583
1.66632e-09	0.00618059
1.66636e-09	0.00617535
1.66641e-09	0.00617012
1.66646e-09	0.00616488
1.6665e-09	0.00615965
1.66655e-09	0.00615442
1.6666e-09	0.0061492
1.66664e-09	0.00614397
1.66669e-09	0.00613875
1.66674e-09	0.00613354
1.66678e-09	0.00612832
1.66683e-09	0.00612311
1.66688e-09	0.0061179
1.66692e-09	0.00611269
1.66697e-09	0.00610749
1.66701e-09	0.00610229
1.66706e-09	0.00609709
1.66711e-09	0.0060919
1.66715e-09	0.0060867
1.6672e-09	0.00608151
1.66725e-09	0.00607633
1.66729e-09	0.00607114
1.66734e-09	0.00606596
1.66739e-09	0.00606078
1.66743e-09	0.00605561
1.66748e-09	0.00605043
1.66753e-09	0.00604526
1.66757e-09	0.00604009
1.66762e-09	0.00603493
1.66766e-09	0.00602977
1.66771e-09	0.00602461
1.66776e-09	0.00601945
1.6678e-09	0.0060143
1.66785e-09	0.00600915
1.6679e-09	0.006004
1.66794e-09	0.00599885
1.66799e-09	0.00599371
1.66804e-09	0.00598857
1.66808e-09	0.00598343
1.66813e-09	0.0059783
1.66818e-09	0.00597316
1.66822e-09	0.00596804
1.66827e-09	0.00596291
1.66831e-09	0.00595779
1.66836e-09	0.00595266
1.66841e-09	0.00594755
1.66845e-09	0.00594243
1.6685e-09	0.00593732
1.66855e-09	0.00593221
1.66859e-09	0.0059271
1.66864e-09	0.005922
1.66869e-09	0.0059169
1.66873e-09	0.0059118
1.66878e-09	0.0059067
1.66882e-09	0.00590161
1.66887e-09	0.00589652
1.66892e-09	0.00589143
1.66896e-09	0.00588634
1.66901e-09	0.00588126
1.66906e-09	0.00587618
1.6691e-09	0.00587111
1.66915e-09	0.00586603
1.6692e-09	0.00586096
1.66924e-09	0.00585589
1.66929e-09	0.00585083
1.66934e-09	0.00584576
1.66938e-09	0.0058407
1.66943e-09	0.00583565
1.66947e-09	0.00583059
1.66952e-09	0.00582554
1.66957e-09	0.00582049
1.66961e-09	0.00581544
1.66966e-09	0.0058104
1.66971e-09	0.00580536
1.66975e-09	0.00580032
1.6698e-09	0.00579529
1.66985e-09	0.00579025
1.66989e-09	0.00578522
1.66994e-09	0.0057802
1.66999e-09	0.00577517
1.67003e-09	0.00577015
1.67008e-09	0.00576513
1.67012e-09	0.00576011
1.67017e-09	0.0057551
1.67022e-09	0.00575009
1.67026e-09	0.00574508
1.67031e-09	0.00574008
1.67036e-09	0.00573507
1.6704e-09	0.00573007
1.67045e-09	0.00572508
1.6705e-09	0.00572008
1.67054e-09	0.00571509
1.67059e-09	0.0057101
1.67064e-09	0.00570512
1.67068e-09	0.00570013
1.67073e-09	0.00569515
1.67077e-09	0.00569018
1.67082e-09	0.0056852
1.67087e-09	0.00568023
1.67091e-09	0.00567526
1.67096e-09	0.00567029
1.67101e-09	0.00566533
1.67105e-09	0.00566037
1.6711e-09	0.00565541
1.67115e-09	0.00565045
1.67119e-09	0.0056455
1.67124e-09	0.00564055
1.67129e-09	0.0056356
1.67133e-09	0.00563066
1.67138e-09	0.00562572
1.67142e-09	0.00562078
1.67147e-09	0.00561584
1.67152e-09	0.00561091
1.67156e-09	0.00560598
1.67161e-09	0.00560105
1.67166e-09	0.00559612
1.6717e-09	0.0055912
1.67175e-09	0.00558628
1.6718e-09	0.00558136
1.67184e-09	0.00557645
1.67189e-09	0.00557154
1.67193e-09	0.00556663
1.67198e-09	0.00556172
1.67203e-09	0.00555682
1.67207e-09	0.00555192
1.67212e-09	0.00554702
1.67217e-09	0.00554212
1.67221e-09	0.00553723
1.67226e-09	0.00553234
1.67231e-09	0.00552745
1.67235e-09	0.00552257
1.6724e-09	0.00551769
1.67245e-09	0.00551281
1.67249e-09	0.00550793
1.67254e-09	0.00550306
1.67258e-09	0.00549819
1.67263e-09	0.00549332
1.67268e-09	0.00548846
1.67272e-09	0.00548359
1.67277e-09	0.00547873
1.67282e-09	0.00547388
1.67286e-09	0.00546902
1.67291e-09	0.00546417
1.67296e-09	0.00545932
1.673e-09	0.00545448
1.67305e-09	0.00544963
1.6731e-09	0.00544479
1.67314e-09	0.00543996
1.67319e-09	0.00543512
1.67323e-09	0.00543029
1.67328e-09	0.00542546
1.67333e-09	0.00542063
1.67337e-09	0.00541581
1.67342e-09	0.00541099
1.67347e-09	0.00540617
1.67351e-09	0.00540135
1.67356e-09	0.00539654
1.67361e-09	0.00539173
1.67365e-09	0.00538692
1.6737e-09	0.00538212
1.67375e-09	0.00537731
1.67379e-09	0.00537251
1.67384e-09	0.00536772
1.67388e-09	0.00536292
1.67393e-09	0.00535813
1.67398e-09	0.00535334
1.67402e-09	0.00534856
1.67407e-09	0.00534377
1.67412e-09	0.00533899
1.67416e-09	0.00533422
1.67421e-09	0.00532944
1.67426e-09	0.00532467
1.6743e-09	0.0053199
1.67435e-09	0.00531513
1.6744e-09	0.00531037
1.67444e-09	0.00530561
1.67449e-09	0.00530085
1.67453e-09	0.00529609
1.67458e-09	0.00529134
1.67463e-09	0.00528659
1.67467e-09	0.00528184
1.67472e-09	0.0052771
1.67477e-09	0.00527236
1.67481e-09	0.00526762
1.67486e-09	0.00526288
1.67491e-09	0.00525815
1.67495e-09	0.00525342
1.675e-09	0.00524869
1.67504e-09	0.00524396
1.67509e-09	0.00523924
1.67514e-09	0.00523452
1.67518e-09	0.0052298
1.67523e-09	0.00522509
1.67528e-09	0.00522037
1.67532e-09	0.00521566
1.67537e-09	0.00521096
1.67542e-09	0.00520625
1.67546e-09	0.00520155
1.67551e-09	0.00519685
1.67556e-09	0.00519216
1.6756e-09	0.00518746
1.67565e-09	0.00518277
1.67569e-09	0.00517809
1.67574e-09	0.0051734
1.67579e-09	0.00516872
1.67583e-09	0.00516404
1.67588e-09	0.00515936
1.67593e-09	0.00515469
1.67597e-09	0.00515002
1.67602e-09	0.00514535
1.67607e-09	0.00514068
1.67611e-09	0.00513602
1.67616e-09	0.00513136
1.67621e-09	0.0051267
1.67625e-09	0.00512205
1.6763e-09	0.00511739
1.67634e-09	0.00511274
1.67639e-09	0.0051081
1.67644e-09	0.00510345
1.67648e-09	0.00509881
1.67653e-09	0.00509417
1.67658e-09	0.00508954
1.67662e-09	0.0050849
1.67667e-09	0.00508027
1.67672e-09	0.00507565
1.67676e-09	0.00507102
1.67681e-09	0.0050664
1.67686e-09	0.00506178
1.6769e-09	0.00505716
1.67695e-09	0.00505255
1.67699e-09	0.00504793
1.67704e-09	0.00504333
1.67709e-09	0.00503872
1.67713e-09	0.00503412
1.67718e-09	0.00502952
1.67723e-09	0.00502492
1.67727e-09	0.00502032
1.67732e-09	0.00501573
1.67737e-09	0.00501114
1.67741e-09	0.00500655
1.67746e-09	0.00500197
1.67751e-09	0.00499739
1.67755e-09	0.00499281
1.6776e-09	0.00498823
1.67764e-09	0.00498366
1.67769e-09	0.00497909
1.67774e-09	0.00497452
1.67778e-09	0.00496995
1.67783e-09	0.00496539
1.67788e-09	0.00496083
1.67792e-09	0.00495627
1.67797e-09	0.00495172
1.67802e-09	0.00494716
1.67806e-09	0.00494261
1.67811e-09	0.00493807
1.67815e-09	0.00493352
1.6782e-09	0.00492898
1.67825e-09	0.00492444
1.67829e-09	0.00491991
1.67834e-09	0.00491537
1.67839e-09	0.00491084
1.67843e-09	0.00490632
1.67848e-09	0.00490179
1.67853e-09	0.00489727
1.67857e-09	0.00489275
1.67862e-09	0.00488823
1.67867e-09	0.00488372
1.67871e-09	0.00487921
1.67876e-09	0.0048747
1.6788e-09	0.00487019
1.67885e-09	0.00486569
1.6789e-09	0.00486119
1.67894e-09	0.00485669
1.67899e-09	0.00485219
1.67904e-09	0.0048477
1.67908e-09	0.00484321
1.67913e-09	0.00483872
1.67918e-09	0.00483424
1.67922e-09	0.00482976
1.67927e-09	0.00482528
1.67932e-09	0.0048208
1.67936e-09	0.00481633
1.67941e-09	0.00481186
1.67945e-09	0.00480739
1.6795e-09	0.00480292
1.67955e-09	0.00479846
1.67959e-09	0.004794
1.67964e-09	0.00478954
1.67969e-09	0.00478508
1.67973e-09	0.00478063
1.67978e-09	0.00477618
1.67983e-09	0.00477173
1.67987e-09	0.00476729
1.67992e-09	0.00476285
1.67997e-09	0.00475841
1.68001e-09	0.00475397
1.68006e-09	0.00474954
1.6801e-09	0.00474511
1.68015e-09	0.00474068
1.6802e-09	0.00473625
1.68024e-09	0.00473183
1.68029e-09	0.00472741
1.68034e-09	0.00472299
1.68038e-09	0.00471858
1.68043e-09	0.00471417
1.68048e-09	0.00470976
1.68052e-09	0.00470535
1.68057e-09	0.00470095
1.68062e-09	0.00469654
1.68066e-09	0.00469215
1.68071e-09	0.00468775
1.68075e-09	0.00468336
1.6808e-09	0.00467897
1.68085e-09	0.00467458
1.68089e-09	0.00467019
1.68094e-09	0.00466581
1.68099e-09	0.00466143
1.68103e-09	0.00465705
1.68108e-09	0.00465268
1.68113e-09	0.00464831
1.68117e-09	0.00464394
1.68122e-09	0.00463957
1.68126e-09	0.0046352
1.68131e-09	0.00463084
1.68136e-09	0.00462648
1.6814e-09	0.00462213
1.68145e-09	0.00461777
1.6815e-09	0.00461342
1.68154e-09	0.00460908
1.68159e-09	0.00460473
1.68164e-09	0.00460039
1.68168e-09	0.00459605
1.68173e-09	0.00459171
1.68178e-09	0.00458738
1.68182e-09	0.00458304
1.68187e-09	0.00457871
1.68191e-09	0.00457439
1.68196e-09	0.00457006
1.68201e-09	0.00456574
1.68205e-09	0.00456142
1.6821e-09	0.00455711
1.68215e-09	0.00455279
1.68219e-09	0.00454848
1.68224e-09	0.00454418
1.68229e-09	0.00453987
1.68233e-09	0.00453557
1.68238e-09	0.00453127
1.68243e-09	0.00452697
1.68247e-09	0.00452267
1.68252e-09	0.00451838
1.68256e-09	0.00451409
1.68261e-09	0.00450981
1.68266e-09	0.00450552
1.6827e-09	0.00450124
1.68275e-09	0.00449696
1.6828e-09	0.00449269
1.68284e-09	0.00448841
1.68289e-09	0.00448414
1.68294e-09	0.00447987
1.68298e-09	0.00447561
1.68303e-09	0.00447134
1.68308e-09	0.00446708
1.68312e-09	0.00446283
1.68317e-09	0.00445857
1.68321e-09	0.00445432
1.68326e-09	0.00445007
1.68331e-09	0.00444582
1.68335e-09	0.00444158
1.6834e-09	0.00443734
1.68345e-09	0.0044331
1.68349e-09	0.00442886
1.68354e-09	0.00442463
1.68359e-09	0.00442039
1.68363e-09	0.00441617
1.68368e-09	0.00441194
1.68372e-09	0.00440772
1.68377e-09	0.0044035
1.68382e-09	0.00439928
1.68386e-09	0.00439506
1.68391e-09	0.00439085
1.68396e-09	0.00438664
1.684e-09	0.00438243
1.68405e-09	0.00437823
1.6841e-09	0.00437403
1.68414e-09	0.00436983
1.68419e-09	0.00436563
1.68424e-09	0.00436143
1.68428e-09	0.00435724
1.68433e-09	0.00435305
1.68437e-09	0.00434887
1.68442e-09	0.00434468
1.68447e-09	0.0043405
1.68451e-09	0.00433632
1.68456e-09	0.00433215
1.68461e-09	0.00432798
1.68465e-09	0.00432381
1.6847e-09	0.00431964
1.68475e-09	0.00431547
1.68479e-09	0.00431131
1.68484e-09	0.00430715
1.68489e-09	0.00430299
1.68493e-09	0.00429884
1.68498e-09	0.00429469
1.68502e-09	0.00429054
1.68507e-09	0.00428639
1.68512e-09	0.00428224
1.68516e-09	0.0042781
1.68521e-09	0.00427396
1.68526e-09	0.00426983
1.6853e-09	0.00426569
1.68535e-09	0.00426156
1.6854e-09	0.00425743
1.68544e-09	0.00425331
1.68549e-09	0.00424918
1.68554e-09	0.00424506
1.68558e-09	0.00424095
1.68563e-09	0.00423683
1.68567e-09	0.00423272
1.68572e-09	0.00422861
1.68577e-09	0.0042245
1.68581e-09	0.00422039
1.68586e-09	0.00421629
1.68591e-09	0.00421219
1.68595e-09	0.0042081
1.686e-09	0.004204
1.68605e-09	0.00419991
1.68609e-09	0.00419582
1.68614e-09	0.00419173
1.68619e-09	0.00418765
1.68623e-09	0.00418357
1.68628e-09	0.00417949
1.68632e-09	0.00417541
1.68637e-09	0.00417134
1.68642e-09	0.00416727
1.68646e-09	0.0041632
1.68651e-09	0.00415913
1.68656e-09	0.00415507
1.6866e-09	0.00415101
1.68665e-09	0.00414695
1.6867e-09	0.0041429
1.68674e-09	0.00413884
1.68679e-09	0.00413479
1.68683e-09	0.00413075
1.68688e-09	0.0041267
1.68693e-09	0.00412266
1.68697e-09	0.00411862
1.68702e-09	0.00411458
1.68707e-09	0.00411055
1.68711e-09	0.00410652
1.68716e-09	0.00410249
1.68721e-09	0.00409846
1.68725e-09	0.00409444
1.6873e-09	0.00409041
1.68735e-09	0.0040864
1.68739e-09	0.00408238
1.68744e-09	0.00407837
1.68748e-09	0.00407435
1.68753e-09	0.00407035
1.68758e-09	0.00406634
1.68762e-09	0.00406234
1.68767e-09	0.00405834
1.68772e-09	0.00405434
1.68776e-09	0.00405034
1.68781e-09	0.00404635
1.68786e-09	0.00404236
1.6879e-09	0.00403837
1.68795e-09	0.00403439
1.688e-09	0.0040304
1.68804e-09	0.00402642
1.68809e-09	0.00402245
1.68813e-09	0.00401847
1.68818e-09	0.0040145
1.68823e-09	0.00401053
1.68827e-09	0.00400656
1.68832e-09	0.0040026
1.68837e-09	0.00399864
1.68841e-09	0.00399468
1.68846e-09	0.00399072
1.68851e-09	0.00398676
1.68855e-09	0.00398281
1.6886e-09	0.00397886
1.68865e-09	0.00397492
1.68869e-09	0.00397097
1.68874e-09	0.00396703
1.68878e-09	0.00396309
1.68883e-09	0.00395916
1.68888e-09	0.00395522
1.68892e-09	0.00395129
1.68897e-09	0.00394736
1.68902e-09	0.00394344
1.68906e-09	0.00393952
1.68911e-09	0.00393559
1.68916e-09	0.00393168
1.6892e-09	0.00392776
1.68925e-09	0.00392385
1.6893e-09	0.00391994
1.68934e-09	0.00391603
1.68939e-09	0.00391212
1.68943e-09	0.00390822
1.68948e-09	0.00390432
1.68953e-09	0.00390042
1.68957e-09	0.00389653
1.68962e-09	0.00389264
1.68967e-09	0.00388875
1.68971e-09	0.00388486
1.68976e-09	0.00388097
1.68981e-09	0.00387709
1.68985e-09	0.00387321
1.6899e-09	0.00386934
1.68994e-09	0.00386546
1.68999e-09	0.00386159
1.69004e-09	0.00385772
1.69008e-09	0.00385385
1.69013e-09	0.00384999
1.69018e-09	0.00384613
1.69022e-09	0.00384227
1.69027e-09	0.00383841
1.69032e-09	0.00383456
1.69036e-09	0.0038307
1.69041e-09	0.00382686
1.69046e-09	0.00382301
1.6905e-09	0.00381917
1.69055e-09	0.00381532
1.69059e-09	0.00381149
1.69064e-09	0.00380765
1.69069e-09	0.00380382
1.69073e-09	0.00379998
1.69078e-09	0.00379616
1.69083e-09	0.00379233
1.69087e-09	0.00378851
1.69092e-09	0.00378469
1.69097e-09	0.00378087
1.69101e-09	0.00377705
1.69106e-09	0.00377324
1.69111e-09	0.00376943
1.69115e-09	0.00376562
1.6912e-09	0.00376181
1.69124e-09	0.00375801
1.69129e-09	0.00375421
1.69134e-09	0.00375041
1.69138e-09	0.00374662
1.69143e-09	0.00374282
1.69148e-09	0.00373903
1.69152e-09	0.00373524
1.69157e-09	0.00373146
1.69162e-09	0.00372768
1.69166e-09	0.0037239
1.69171e-09	0.00372012
1.69176e-09	0.00371634
1.6918e-09	0.00371257
1.69185e-09	0.0037088
1.69189e-09	0.00370503
1.69194e-09	0.00370127
1.69199e-09	0.0036975
1.69203e-09	0.00369375
1.69208e-09	0.00368999
1.69213e-09	0.00368623
1.69217e-09	0.00368248
1.69222e-09	0.00367873
1.69227e-09	0.00367498
1.69231e-09	0.00367124
1.69236e-09	0.0036675
1.69241e-09	0.00366376
1.69245e-09	0.00366002
1.6925e-09	0.00365628
1.69254e-09	0.00365255
1.69259e-09	0.00364882
1.69264e-09	0.00364509
1.69268e-09	0.00364137
1.69273e-09	0.00363765
1.69278e-09	0.00363393
1.69282e-09	0.00363021
1.69287e-09	0.0036265
1.69292e-09	0.00362278
1.69296e-09	0.00361907
1.69301e-09	0.00361537
1.69305e-09	0.00361166
1.6931e-09	0.00360796
1.69315e-09	0.00360426
1.69319e-09	0.00360056
1.69324e-09	0.00359687
1.69329e-09	0.00359318
1.69333e-09	0.00358949
1.69338e-09	0.0035858
1.69343e-09	0.00358212
1.69347e-09	0.00357843
1.69352e-09	0.00357475
1.69357e-09	0.00357108
1.69361e-09	0.0035674
1.69366e-09	0.00356373
1.6937e-09	0.00356006
1.69375e-09	0.00355639
1.6938e-09	0.00355273
1.69384e-09	0.00354907
1.69389e-09	0.00354541
1.69394e-09	0.00354175
1.69398e-09	0.0035381
1.69403e-09	0.00353445
1.69408e-09	0.0035308
1.69412e-09	0.00352715
1.69417e-09	0.0035235
1.69422e-09	0.00351986
1.69426e-09	0.00351622
1.69431e-09	0.00351259
1.69435e-09	0.00350895
1.6944e-09	0.00350532
1.69445e-09	0.00350169
1.69449e-09	0.00349806
1.69454e-09	0.00349444
1.69459e-09	0.00349082
1.69463e-09	0.0034872
1.69468e-09	0.00348358
1.69473e-09	0.00347997
1.69477e-09	0.00347635
1.69482e-09	0.00347274
1.69487e-09	0.00346914
1.69491e-09	0.00346553
1.69496e-09	0.00346193
1.695e-09	0.00345833
1.69505e-09	0.00345473
1.6951e-09	0.00345114
1.69514e-09	0.00344755
1.69519e-09	0.00344396
1.69524e-09	0.00344037
1.69528e-09	0.00343678
1.69533e-09	0.0034332
1.69538e-09	0.00342962
1.69542e-09	0.00342604
1.69547e-09	0.00342247
1.69552e-09	0.0034189
1.69556e-09	0.00341533
1.69561e-09	0.00341176
1.69565e-09	0.00340819
1.6957e-09	0.00340463
1.69575e-09	0.00340107
1.69579e-09	0.00339751
1.69584e-09	0.00339396
1.69589e-09	0.00339041
1.69593e-09	0.00338686
1.69598e-09	0.00338331
1.69603e-09	0.00337976
1.69607e-09	0.00337622
1.69612e-09	0.00337268
1.69616e-09	0.00336914
1.69621e-09	0.00336561
1.69626e-09	0.00336207
1.6963e-09	0.00335854
1.69635e-09	0.00335501
1.6964e-09	0.00335149
1.69644e-09	0.00334797
1.69649e-09	0.00334445
1.69654e-09	0.00334093
1.69658e-09	0.00333741
1.69663e-09	0.0033339
1.69668e-09	0.00333039
1.69672e-09	0.00332688
1.69677e-09	0.00332337
1.69681e-09	0.00331987
1.69686e-09	0.00331637
1.69691e-09	0.00331287
1.69695e-09	0.00330937
1.697e-09	0.00330588
1.69705e-09	0.00330239
1.69709e-09	0.0032989
1.69714e-09	0.00329541
1.69719e-09	0.00329193
1.69723e-09	0.00328845
1.69728e-09	0.00328497
1.69733e-09	0.00328149
1.69737e-09	0.00327802
1.69742e-09	0.00327455
1.69746e-09	0.00327108
1.69751e-09	0.00326761
1.69756e-09	0.00326415
1.6976e-09	0.00326068
1.69765e-09	0.00325722
1.6977e-09	0.00325377
1.69774e-09	0.00325031
1.69779e-09	0.00324686
1.69784e-09	0.00324341
1.69788e-09	0.00323996
1.69793e-09	0.00323652
1.69798e-09	0.00323308
1.69802e-09	0.00322964
1.69807e-09	0.0032262
1.69811e-09	0.00322276
1.69816e-09	0.00321933
1.69821e-09	0.0032159
1.69825e-09	0.00321247
1.6983e-09	0.00320905
1.69835e-09	0.00320562
1.69839e-09	0.0032022
1.69844e-09	0.00319878
1.69849e-09	0.00319537
1.69853e-09	0.00319196
1.69858e-09	0.00318854
1.69862e-09	0.00318514
1.69867e-09	0.00318173
1.69872e-09	0.00317833
1.69876e-09	0.00317492
1.69881e-09	0.00317153
1.69886e-09	0.00316813
1.6989e-09	0.00316474
1.69895e-09	0.00316134
1.699e-09	0.00315795
1.69904e-09	0.00315457
1.69909e-09	0.00315118
1.69914e-09	0.0031478
1.69918e-09	0.00314442
1.69923e-09	0.00314104
1.69927e-09	0.00313767
1.69932e-09	0.0031343
1.69937e-09	0.00313093
1.69941e-09	0.00312756
1.69946e-09	0.0031242
1.69951e-09	0.00312083
1.69955e-09	0.00311747
1.6996e-09	0.00311411
1.69965e-09	0.00311076
1.69969e-09	0.00310741
1.69974e-09	0.00310406
1.69979e-09	0.00310071
1.69983e-09	0.00309736
1.69988e-09	0.00309402
1.69992e-09	0.00309068
1.69997e-09	0.00308734
1.70002e-09	0.003084
1.70006e-09	0.00308067
1.70011e-09	0.00307734
1.70016e-09	0.00307401
1.7002e-09	0.00307068
1.70025e-09	0.00306736
1.7003e-09	0.00306403
1.70034e-09	0.00306071
1.70039e-09	0.0030574
1.70044e-09	0.00305408
1.70048e-09	0.00305077
1.70053e-09	0.00304746
1.70057e-09	0.00304415
1.70062e-09	0.00304085
1.70067e-09	0.00303754
1.70071e-09	0.00303424
1.70076e-09	0.00303095
1.70081e-09	0.00302765
1.70085e-09	0.00302436
1.7009e-09	0.00302107
1.70095e-09	0.00301778
1.70099e-09	0.00301449
1.70104e-09	0.00301121
1.70109e-09	0.00300793
1.70113e-09	0.00300465
1.70118e-09	0.00300137
1.70122e-09	0.0029981
1.70127e-09	0.00299482
1.70132e-09	0.00299155
1.70136e-09	0.00298829
1.70141e-09	0.00298502
1.70146e-09	0.00298176
1.7015e-09	0.0029785
1.70155e-09	0.00297524
1.7016e-09	0.00297199
1.70164e-09	0.00296873
1.70169e-09	0.00296548
1.70173e-09	0.00296224
1.70178e-09	0.00295899
1.70183e-09	0.00295575
1.70187e-09	0.00295251
1.70192e-09	0.00294927
1.70197e-09	0.00294603
1.70201e-09	0.0029428
1.70206e-09	0.00293956
1.70211e-09	0.00293633
1.70215e-09	0.00293311
1.7022e-09	0.00292988
1.70225e-09	0.00292666
1.70229e-09	0.00292344
1.70234e-09	0.00292022
1.70238e-09	0.00291701
1.70243e-09	0.0029138
1.70248e-09	0.00291058
1.70252e-09	0.00290738
1.70257e-09	0.00290417
1.70262e-09	0.00290097
1.70266e-09	0.00289777
1.70271e-09	0.00289457
1.70276e-09	0.00289137
1.7028e-09	0.00288818
1.70285e-09	0.00288499
1.7029e-09	0.0028818
1.70294e-09	0.00287861
1.70299e-09	0.00287542
1.70303e-09	0.00287224
1.70308e-09	0.00286906
1.70313e-09	0.00286588
1.70317e-09	0.00286271
1.70322e-09	0.00285954
1.70327e-09	0.00285636
1.70331e-09	0.0028532
1.70336e-09	0.00285003
1.70341e-09	0.00284687
1.70345e-09	0.00284371
1.7035e-09	0.00284055
1.70355e-09	0.00283739
1.70359e-09	0.00283424
1.70364e-09	0.00283108
1.70368e-09	0.00282793
1.70373e-09	0.00282479
1.70378e-09	0.00282164
1.70382e-09	0.0028185
1.70387e-09	0.00281536
1.70392e-09	0.00281222
1.70396e-09	0.00280908
1.70401e-09	0.00280595
1.70406e-09	0.00280282
1.7041e-09	0.00279969
1.70415e-09	0.00279656
1.7042e-09	0.00279344
1.70424e-09	0.00279032
1.70429e-09	0.0027872
1.70433e-09	0.00278408
1.70438e-09	0.00278097
1.70443e-09	0.00277785
1.70447e-09	0.00277474
1.70452e-09	0.00277164
1.70457e-09	0.00276853
1.70461e-09	0.00276543
1.70466e-09	0.00276233
1.70471e-09	0.00275923
1.70475e-09	0.00275613
1.7048e-09	0.00275304
1.70484e-09	0.00274995
1.70489e-09	0.00274686
1.70494e-09	0.00274377
1.70498e-09	0.00274068
1.70503e-09	0.0027376
1.70508e-09	0.00273452
1.70512e-09	0.00273144
1.70517e-09	0.00272837
1.70522e-09	0.00272529
1.70526e-09	0.00272222
1.70531e-09	0.00271915
1.70536e-09	0.00271609
1.7054e-09	0.00271302
1.70545e-09	0.00270996
1.70549e-09	0.0027069
1.70554e-09	0.00270385
1.70559e-09	0.00270079
1.70563e-09	0.00269774
1.70568e-09	0.00269469
1.70573e-09	0.00269164
1.70577e-09	0.00268859
1.70582e-09	0.00268555
1.70587e-09	0.00268251
1.70591e-09	0.00267947
1.70596e-09	0.00267643
1.70601e-09	0.0026734
1.70605e-09	0.00267037
1.7061e-09	0.00266734
1.70614e-09	0.00266431
1.70619e-09	0.00266128
1.70624e-09	0.00265826
1.70628e-09	0.00265524
1.70633e-09	0.00265222
1.70638e-09	0.00264921
1.70642e-09	0.00264619
1.70647e-09	0.00264318
1.70652e-09	0.00264017
1.70656e-09	0.00263716
1.70661e-09	0.00263416
1.70666e-09	0.00263116
1.7067e-09	0.00262816
1.70675e-09	0.00262516
1.70679e-09	0.00262216
1.70684e-09	0.00261917
1.70689e-09	0.00261618
1.70693e-09	0.00261319
1.70698e-09	0.0026102
1.70703e-09	0.00260722
1.70707e-09	0.00260424
1.70712e-09	0.00260126
1.70717e-09	0.00259828
1.70721e-09	0.0025953
1.70726e-09	0.00259233
1.70731e-09	0.00258936
1.70735e-09	0.00258639
1.7074e-09	0.00258342
1.70744e-09	0.00258046
1.70749e-09	0.0025775
1.70754e-09	0.00257454
1.70758e-09	0.00257158
1.70763e-09	0.00256863
1.70768e-09	0.00256567
1.70772e-09	0.00256272
1.70777e-09	0.00255978
1.70782e-09	0.00255683
1.70786e-09	0.00255389
1.70791e-09	0.00255094
1.70795e-09	0.002548
1.708e-09	0.00254507
1.70805e-09	0.00254213
1.70809e-09	0.0025392
1.70814e-09	0.00253627
1.70819e-09	0.00253334
1.70823e-09	0.00253042
1.70828e-09	0.00252749
1.70833e-09	0.00252457
1.70837e-09	0.00252165
1.70842e-09	0.00251874
1.70847e-09	0.00251582
1.70851e-09	0.00251291
1.70856e-09	0.00251
1.7086e-09	0.00250709
1.70865e-09	0.00250418
1.7087e-09	0.00250128
1.70874e-09	0.00249838
1.70879e-09	0.00249548
1.70884e-09	0.00249258
1.70888e-09	0.00248969
1.70893e-09	0.0024868
1.70898e-09	0.00248391
1.70902e-09	0.00248102
1.70907e-09	0.00247813
1.70912e-09	0.00247525
1.70916e-09	0.00247237
1.70921e-09	0.00246949
1.70925e-09	0.00246661
1.7093e-09	0.00246374
1.70935e-09	0.00246087
1.70939e-09	0.002458
1.70944e-09	0.00245513
1.70949e-09	0.00245226
1.70953e-09	0.0024494
1.70958e-09	0.00244654
1.70963e-09	0.00244368
1.70967e-09	0.00244082
1.70972e-09	0.00243797
1.70977e-09	0.00243512
1.70981e-09	0.00243227
1.70986e-09	0.00242942
1.7099e-09	0.00242657
1.70995e-09	0.00242373
1.71e-09	0.00242089
1.71004e-09	0.00241805
1.71009e-09	0.00241521
1.71014e-09	0.00241238
1.71018e-09	0.00240954
1.71023e-09	0.00240671
1.71028e-09	0.00240388
1.71032e-09	0.00240106
1.71037e-09	0.00239824
1.71042e-09	0.00239541
1.71046e-09	0.00239259
1.71051e-09	0.00238978
1.71055e-09	0.00238696
1.7106e-09	0.00238415
1.71065e-09	0.00238134
1.71069e-09	0.00237853
1.71074e-09	0.00237572
1.71079e-09	0.00237292
1.71083e-09	0.00237012
1.71088e-09	0.00236732
1.71093e-09	0.00236452
1.71097e-09	0.00236173
1.71102e-09	0.00235893
1.71106e-09	0.00235614
1.71111e-09	0.00235335
1.71116e-09	0.00235057
1.7112e-09	0.00234778
1.71125e-09	0.002345
1.7113e-09	0.00234222
1.71134e-09	0.00233944
1.71139e-09	0.00233667
1.71144e-09	0.00233389
1.71148e-09	0.00233112
1.71153e-09	0.00232835
1.71158e-09	0.00232559
1.71162e-09	0.00232282
1.71167e-09	0.00232006
1.71171e-09	0.0023173
1.71176e-09	0.00231454
1.71181e-09	0.00231179
1.71185e-09	0.00230903
1.7119e-09	0.00230628
1.71195e-09	0.00230353
1.71199e-09	0.00230078
1.71204e-09	0.00229804
1.71209e-09	0.00229529
1.71213e-09	0.00229255
1.71218e-09	0.00228981
1.71223e-09	0.00228708
1.71227e-09	0.00228434
1.71232e-09	0.00228161
1.71236e-09	0.00227888
1.71241e-09	0.00227615
1.71246e-09	0.00227343
1.7125e-09	0.0022707
1.71255e-09	0.00226798
1.7126e-09	0.00226526
1.71264e-09	0.00226255
1.71269e-09	0.00225983
1.71274e-09	0.00225712
1.71278e-09	0.00225441
1.71283e-09	0.0022517
1.71288e-09	0.00224899
1.71292e-09	0.00224629
1.71297e-09	0.00224359
1.71301e-09	0.00224089
1.71306e-09	0.00223819
1.71311e-09	0.00223549
1.71315e-09	0.0022328
1.7132e-09	0.00223011
1.71325e-09	0.00222742
1.71329e-09	0.00222473
1.71334e-09	0.00222205
1.71339e-09	0.00221936
1.71343e-09	0.00221668
1.71348e-09	0.002214
1.71353e-09	0.00221133
1.71357e-09	0.00220865
1.71362e-09	0.00220598
1.71366e-09	0.00220331
1.71371e-09	0.00220064
1.71376e-09	0.00219798
1.7138e-09	0.00219531
1.71385e-09	0.00219265
1.7139e-09	0.00218999
1.71394e-09	0.00218734
1.71399e-09	0.00218468
1.71404e-09	0.00218203
1.71408e-09	0.00217938
1.71413e-09	0.00217673
1.71417e-09	0.00217408
1.71422e-09	0.00217144
1.71427e-09	0.00216879
1.71431e-09	0.00216615
1.71436e-09	0.00216352
1.71441e-09	0.00216088
1.71445e-09	0.00215825
1.7145e-09	0.00215561
1.71455e-09	0.00215298
1.71459e-09	0.00215036
1.71464e-09	0.00214773
1.71469e-09	0.00214511
1.71473e-09	0.00214249
1.71478e-09	0.00213987
1.71482e-09	0.00213725
1.71487e-09	0.00213464
1.71492e-09	0.00213202
1.71496e-09	0.00212941
1.71501e-09	0.0021268
1.71506e-09	0.0021242
1.7151e-09	0.00212159
1.71515e-09	0.00211899
1.7152e-09	0.00211639
1.71524e-09	0.00211379
1.71529e-09	0.0021112
1.71534e-09	0.0021086
1.71538e-09	0.00210601
1.71543e-09	0.00210342
1.71547e-09	0.00210083
1.71552e-09	0.00209825
1.71557e-09	0.00209566
1.71561e-09	0.00209308
1.71566e-09	0.0020905
1.71571e-09	0.00208793
1.71575e-09	0.00208535
1.7158e-09	0.00208278
1.71585e-09	0.00208021
1.71589e-09	0.00207764
1.71594e-09	0.00207507
1.71599e-09	0.00207251
1.71603e-09	0.00206994
1.71608e-09	0.00206738
1.71612e-09	0.00206483
1.71617e-09	0.00206227
1.71622e-09	0.00205971
1.71626e-09	0.00205716
1.71631e-09	0.00205461
1.71636e-09	0.00205206
1.7164e-09	0.00204952
1.71645e-09	0.00204697
1.7165e-09	0.00204443
1.71654e-09	0.00204189
1.71659e-09	0.00203936
1.71663e-09	0.00203682
1.71668e-09	0.00203429
1.71673e-09	0.00203175
1.71677e-09	0.00202923
1.71682e-09	0.0020267
1.71687e-09	0.00202417
1.71691e-09	0.00202165
1.71696e-09	0.00201913
1.71701e-09	0.00201661
1.71705e-09	0.00201409
1.7171e-09	0.00201158
1.71715e-09	0.00200906
1.71719e-09	0.00200655
1.71724e-09	0.00200404
1.71728e-09	0.00200154
1.71733e-09	0.00199903
1.71738e-09	0.00199653
1.71742e-09	0.00199403
1.71747e-09	0.00199153
1.71752e-09	0.00198904
1.71756e-09	0.00198654
1.71761e-09	0.00198405
1.71766e-09	0.00198156
1.7177e-09	0.00197907
1.71775e-09	0.00197658
1.7178e-09	0.0019741
1.71784e-09	0.00197162
1.71789e-09	0.00196914
1.71793e-09	0.00196666
1.71798e-09	0.00196418
1.71803e-09	0.00196171
1.71807e-09	0.00195924
1.71812e-09	0.00195677
1.71817e-09	0.0019543
1.71821e-09	0.00195183
1.71826e-09	0.00194937
1.71831e-09	0.00194691
1.71835e-09	0.00194445
1.7184e-09	0.00194199
1.71845e-09	0.00193954
1.71849e-09	0.00193708
1.71854e-09	0.00193463
1.71858e-09	0.00193218
1.71863e-09	0.00192973
1.71868e-09	0.00192729
1.71872e-09	0.00192484
1.71877e-09	0.0019224
1.71882e-09	0.00191996
1.71886e-09	0.00191753
1.71891e-09	0.00191509
1.71896e-09	0.00191266
1.719e-09	0.00191023
1.71905e-09	0.0019078
1.7191e-09	0.00190537
1.71914e-09	0.00190294
1.71919e-09	0.00190052
1.71923e-09	0.0018981
1.71928e-09	0.00189568
1.71933e-09	0.00189326
1.71937e-09	0.00189085
1.71942e-09	0.00188844
1.71947e-09	0.00188602
1.71951e-09	0.00188362
1.71956e-09	0.00188121
1.71961e-09	0.0018788
1.71965e-09	0.0018764
1.7197e-09	0.001874
1.71974e-09	0.0018716
1.71979e-09	0.0018692
1.71984e-09	0.00186681
1.71988e-09	0.00186441
1.71993e-09	0.00186202
1.71998e-09	0.00185963
1.72002e-09	0.00185725
1.72007e-09	0.00185486
1.72012e-09	0.00185248
1.72016e-09	0.0018501
1.72021e-09	0.00184772
1.72026e-09	0.00184534
1.7203e-09	0.00184297
1.72035e-09	0.00184059
1.72039e-09	0.00183822
1.72044e-09	0.00183585
1.72049e-09	0.00183349
1.72053e-09	0.00183112
1.72058e-09	0.00182876
1.72063e-09	0.0018264
1.72067e-09	0.00182404
1.72072e-09	0.00182168
1.72077e-09	0.00181932
1.72081e-09	0.00181697
1.72086e-09	0.00181462
1.72091e-09	0.00181227
1.72095e-09	0.00180992
1.721e-09	0.00180758
1.72104e-09	0.00180523
1.72109e-09	0.00180289
1.72114e-09	0.00180055
1.72118e-09	0.00179822
1.72123e-09	0.00179588
1.72128e-09	0.00179355
1.72132e-09	0.00179122
1.72137e-09	0.00178889
1.72142e-09	0.00178656
1.72146e-09	0.00178423
1.72151e-09	0.00178191
1.72156e-09	0.00177959
1.7216e-09	0.00177727
1.72165e-09	0.00177495
1.72169e-09	0.00177263
1.72174e-09	0.00177032
1.72179e-09	0.00176801
1.72183e-09	0.0017657
1.72188e-09	0.00176339
1.72193e-09	0.00176109
1.72197e-09	0.00175878
1.72202e-09	0.00175648
1.72207e-09	0.00175418
1.72211e-09	0.00175188
1.72216e-09	0.00174958
1.72221e-09	0.00174729
1.72225e-09	0.001745
1.7223e-09	0.00174271
1.72234e-09	0.00174042
1.72239e-09	0.00173813
1.72244e-09	0.00173585
1.72248e-09	0.00173357
1.72253e-09	0.00173129
1.72258e-09	0.00172901
1.72262e-09	0.00172673
1.72267e-09	0.00172446
1.72272e-09	0.00172218
1.72276e-09	0.00171991
1.72281e-09	0.00171764
1.72285e-09	0.00171538
1.7229e-09	0.00171311
1.72295e-09	0.00171085
1.72299e-09	0.00170859
1.72304e-09	0.00170633
1.72309e-09	0.00170407
1.72313e-09	0.00170181
1.72318e-09	0.00169956
1.72323e-09	0.00169731
1.72327e-09	0.00169506
1.72332e-09	0.00169281
1.72337e-09	0.00169057
1.72341e-09	0.00168832
1.72346e-09	0.00168608
1.7235e-09	0.00168384
1.72355e-09	0.0016816
1.7236e-09	0.00167937
1.72364e-09	0.00167713
1.72369e-09	0.0016749
1.72374e-09	0.00167267
1.72378e-09	0.00167044
1.72383e-09	0.00166822
1.72388e-09	0.00166599
1.72392e-09	0.00166377
1.72397e-09	0.00166155
1.72402e-09	0.00165933
1.72406e-09	0.00165711
1.72411e-09	0.0016549
1.72415e-09	0.00165268
1.7242e-09	0.00165047
1.72425e-09	0.00164826
1.72429e-09	0.00164606
1.72434e-09	0.00164385
1.72439e-09	0.00164165
1.72443e-09	0.00163944
1.72448e-09	0.00163725
1.72453e-09	0.00163505
1.72457e-09	0.00163285
1.72462e-09	0.00163066
1.72467e-09	0.00162847
1.72471e-09	0.00162627
1.72476e-09	0.00162409
1.7248e-09	0.0016219
1.72485e-09	0.00161972
1.7249e-09	0.00161753
1.72494e-09	0.00161535
1.72499e-09	0.00161317
1.72504e-09	0.001611
1.72508e-09	0.00160882
1.72513e-09	0.00160665
1.72518e-09	0.00160448
1.72522e-09	0.00160231
1.72527e-09	0.00160014
1.72532e-09	0.00159797
1.72536e-09	0.00159581
1.72541e-09	0.00159365
1.72545e-09	0.00159149
1.7255e-09	0.00158933
1.72555e-09	0.00158717
1.72559e-09	0.00158502
1.72564e-09	0.00158287
1.72569e-09	0.00158072
1.72573e-09	0.00157857
1.72578e-09	0.00157642
1.72583e-09	0.00157428
1.72587e-09	0.00157213
1.72592e-09	0.00156999
1.72596e-09	0.00156785
1.72601e-09	0.00156572
1.72606e-09	0.00156358
1.7261e-09	0.00156145
1.72615e-09	0.00155931
1.7262e-09	0.00155718
1.72624e-09	0.00155506
1.72629e-09	0.00155293
1.72634e-09	0.00155081
1.72638e-09	0.00154868
1.72643e-09	0.00154656
1.72648e-09	0.00154444
1.72652e-09	0.00154233
1.72657e-09	0.00154021
1.72661e-09	0.0015381
1.72666e-09	0.00153599
1.72671e-09	0.00153388
1.72675e-09	0.00153177
1.7268e-09	0.00152966
1.72685e-09	0.00152756
1.72689e-09	0.00152546
1.72694e-09	0.00152336
1.72699e-09	0.00152126
1.72703e-09	0.00151916
1.72708e-09	0.00151707
1.72713e-09	0.00151498
1.72717e-09	0.00151289
1.72722e-09	0.0015108
1.72726e-09	0.00150871
1.72731e-09	0.00150662
1.72736e-09	0.00150454
1.7274e-09	0.00150246
1.72745e-09	0.00150038
1.7275e-09	0.0014983
1.72754e-09	0.00149622
1.72759e-09	0.00149415
1.72764e-09	0.00149208
1.72768e-09	0.00149001
1.72773e-09	0.00148794
1.72778e-09	0.00148587
1.72782e-09	0.00148381
1.72787e-09	0.00148174
1.72791e-09	0.00147968
1.72796e-09	0.00147762
1.72801e-09	0.00147556
1.72805e-09	0.00147351
1.7281e-09	0.00147145
1.72815e-09	0.0014694
1.72819e-09	0.00146735
1.72824e-09	0.0014653
1.72829e-09	0.00146325
1.72833e-09	0.00146121
1.72838e-09	0.00145917
1.72843e-09	0.00145712
1.72847e-09	0.00145508
1.72852e-09	0.00145305
1.72856e-09	0.00145101
1.72861e-09	0.00144898
1.72866e-09	0.00144694
1.7287e-09	0.00144491
1.72875e-09	0.00144288
1.7288e-09	0.00144086
1.72884e-09	0.00143883
1.72889e-09	0.00143681
1.72894e-09	0.00143479
1.72898e-09	0.00143277
1.72903e-09	0.00143075
1.72907e-09	0.00142873
1.72912e-09	0.00142672
1.72917e-09	0.00142471
1.72921e-09	0.0014227
1.72926e-09	0.00142069
1.72931e-09	0.00141868
1.72935e-09	0.00141668
1.7294e-09	0.00141467
1.72945e-09	0.00141267
1.72949e-09	0.00141067
1.72954e-09	0.00140867
1.72959e-09	0.00140668
1.72963e-09	0.00140468
1.72968e-09	0.00140269
1.72972e-09	0.0014007
1.72977e-09	0.00139871
1.72982e-09	0.00139672
1.72986e-09	0.00139474
1.72991e-09	0.00139275
1.72996e-09	0.00139077
1.73e-09	0.00138879
1.73005e-09	0.00138681
1.7301e-09	0.00138484
1.73014e-09	0.00138286
1.73019e-09	0.00138089
1.73024e-09	0.00137892
1.73028e-09	0.00137695
1.73033e-09	0.00137498
1.73037e-09	0.00137301
1.73042e-09	0.00137105
1.73047e-09	0.00136909
1.73051e-09	0.00136713
1.73056e-09	0.00136517
1.73061e-09	0.00136321
1.73065e-09	0.00136126
1.7307e-09	0.0013593
1.73075e-09	0.00135735
1.73079e-09	0.0013554
1.73084e-09	0.00135345
1.73089e-09	0.00135151
1.73093e-09	0.00134956
1.73098e-09	0.00134762
1.73102e-09	0.00134568
1.73107e-09	0.00134374
1.73112e-09	0.0013418
1.73116e-09	0.00133986
1.73121e-09	0.00133793
1.73126e-09	0.001336
1.7313e-09	0.00133407
1.73135e-09	0.00133214
1.7314e-09	0.00133021
1.73144e-09	0.00132829
1.73149e-09	0.00132636
1.73154e-09	0.00132444
1.73158e-09	0.00132252
1.73163e-09	0.0013206
1.73167e-09	0.00131869
1.73172e-09	0.00131677
1.73177e-09	0.00131486
1.73181e-09	0.00131295
1.73186e-09	0.00131104
1.73191e-09	0.00130913
1.73195e-09	0.00130722
1.732e-09	0.00130532
1.73205e-09	0.00130342
1.73209e-09	0.00130152
1.73214e-09	0.00129962
1.73218e-09	0.00129772
1.73223e-09	0.00129583
1.73228e-09	0.00129393
1.73232e-09	0.00129204
1.73237e-09	0.00129015
1.73242e-09	0.00128826
1.73246e-09	0.00128637
1.73251e-09	0.00128449
1.73256e-09	0.00128261
1.7326e-09	0.00128072
1.73265e-09	0.00127884
1.7327e-09	0.00127697
1.73274e-09	0.00127509
1.73279e-09	0.00127321
1.73283e-09	0.00127134
1.73288e-09	0.00126947
1.73293e-09	0.0012676
1.73297e-09	0.00126573
1.73302e-09	0.00126387
1.73307e-09	0.001262
1.73311e-09	0.00126014
1.73316e-09	0.00125828
1.73321e-09	0.00125642
1.73325e-09	0.00125456
1.7333e-09	0.00125271
1.73335e-09	0.00125085
1.73339e-09	0.001249
1.73344e-09	0.00124715
1.73348e-09	0.0012453
1.73353e-09	0.00124345
1.73358e-09	0.00124161
1.73362e-09	0.00123976
1.73367e-09	0.00123792
1.73372e-09	0.00123608
1.73376e-09	0.00123424
1.73381e-09	0.00123241
1.73386e-09	0.00123057
1.7339e-09	0.00122874
1.73395e-09	0.0012269
1.734e-09	0.00122507
1.73404e-09	0.00122325
1.73409e-09	0.00122142
1.73413e-09	0.00121959
1.73418e-09	0.00121777
1.73423e-09	0.00121595
1.73427e-09	0.00121413
1.73432e-09	0.00121231
1.73437e-09	0.00121049
1.73441e-09	0.00120868
1.73446e-09	0.00120687
1.73451e-09	0.00120505
1.73455e-09	0.00120324
1.7346e-09	0.00120144
1.73464e-09	0.00119963
1.73469e-09	0.00119783
1.73474e-09	0.00119602
1.73478e-09	0.00119422
1.73483e-09	0.00119242
1.73488e-09	0.00119062
1.73492e-09	0.00118883
1.73497e-09	0.00118703
1.73502e-09	0.00118524
1.73506e-09	0.00118345
1.73511e-09	0.00118166
1.73516e-09	0.00117987
1.7352e-09	0.00117808
1.73525e-09	0.0011763
1.73529e-09	0.00117452
1.73534e-09	0.00117273
1.73539e-09	0.00117096
1.73543e-09	0.00116918
1.73548e-09	0.0011674
1.73553e-09	0.00116563
1.73557e-09	0.00116385
1.73562e-09	0.00116208
1.73567e-09	0.00116031
1.73571e-09	0.00115854
1.73576e-09	0.00115678
1.73581e-09	0.00115501
1.73585e-09	0.00115325
1.7359e-09	0.00115149
1.73594e-09	0.00114973
1.73599e-09	0.00114797
1.73604e-09	0.00114622
1.73608e-09	0.00114446
1.73613e-09	0.00114271
1.73618e-09	0.00114096
1.73622e-09	0.00113921
1.73627e-09	0.00113746
1.73632e-09	0.00113571
1.73636e-09	0.00113397
1.73641e-09	0.00113223
1.73646e-09	0.00113048
1.7365e-09	0.00112874
1.73655e-09	0.00112701
1.73659e-09	0.00112527
1.73664e-09	0.00112354
1.73669e-09	0.0011218
1.73673e-09	0.00112007
1.73678e-09	0.00111834
1.73683e-09	0.00111661
1.73687e-09	0.00111489
1.73692e-09	0.00111316
1.73697e-09	0.00111144
1.73701e-09	0.00110972
1.73706e-09	0.001108
1.73711e-09	0.00110628
1.73715e-09	0.00110456
1.7372e-09	0.00110285
1.73724e-09	0.00110113
1.73729e-09	0.00109942
1.73734e-09	0.00109771
1.73738e-09	0.001096
1.73743e-09	0.00109429
1.73748e-09	0.00109259
1.73752e-09	0.00109089
1.73757e-09	0.00108918
1.73762e-09	0.00108748
1.73766e-09	0.00108578
1.73771e-09	0.00108409
1.73775e-09	0.00108239
1.7378e-09	0.0010807
1.73785e-09	0.001079
1.73789e-09	0.00107731
1.73794e-09	0.00107562
1.73799e-09	0.00107394
1.73803e-09	0.00107225
1.73808e-09	0.00107057
1.73813e-09	0.00106888
1.73817e-09	0.0010672
1.73822e-09	0.00106552
1.73827e-09	0.00106385
1.73831e-09	0.00106217
1.73836e-09	0.0010605
1.7384e-09	0.00105882
1.73845e-09	0.00105715
1.7385e-09	0.00105548
1.73854e-09	0.00105381
1.73859e-09	0.00105215
1.73864e-09	0.00105048
1.73868e-09	0.00104882
1.73873e-09	0.00104716
1.73878e-09	0.0010455
1.73882e-09	0.00104384
1.73887e-09	0.00104218
1.73892e-09	0.00104053
1.73896e-09	0.00103887
1.73901e-09	0.00103722
1.73905e-09	0.00103557
1.7391e-09	0.00103392
1.73915e-09	0.00103227
1.73919e-09	0.00103063
1.73924e-09	0.00102898
1.73929e-09	0.00102734
1.73933e-09	0.0010257
1.73938e-09	0.00102406
1.73943e-09	0.00102242
1.73947e-09	0.00102079
1.73952e-09	0.00101915
1.73957e-09	0.00101752
1.73961e-09	0.00101589
1.73966e-09	0.00101426
1.7397e-09	0.00101263
1.73975e-09	0.001011
1.7398e-09	0.00100938
1.73984e-09	0.00100775
1.73989e-09	0.00100613
1.73994e-09	0.00100451
1.73998e-09	0.00100289
1.74003e-09	0.00100127
1.74008e-09	0.000999658
1.74012e-09	0.000998043
1.74017e-09	0.000996431
1.74022e-09	0.00099482
1.74026e-09	0.00099321
1.74031e-09	0.000991603
1.74035e-09	0.000989996
1.7404e-09	0.000988391
1.74045e-09	0.000986788
1.74049e-09	0.000985187
1.74054e-09	0.000983587
1.74059e-09	0.000981988
1.74063e-09	0.000980391
1.74068e-09	0.000978796
1.74073e-09	0.000977202
1.74077e-09	0.00097561
1.74082e-09	0.000974019
1.74086e-09	0.00097243
1.74091e-09	0.000970842
1.74096e-09	0.000969256
1.741e-09	0.000967672
1.74105e-09	0.000966089
1.7411e-09	0.000964507
1.74114e-09	0.000962928
1.74119e-09	0.000961349
1.74124e-09	0.000959773
1.74128e-09	0.000958198
1.74133e-09	0.000956624
1.74138e-09	0.000955052
1.74142e-09	0.000953481
1.74147e-09	0.000951912
1.74151e-09	0.000950345
1.74156e-09	0.000948779
1.74161e-09	0.000947215
1.74165e-09	0.000945652
1.7417e-09	0.00094409
1.74175e-09	0.000942531
1.74179e-09	0.000940973
1.74184e-09	0.000939416
1.74189e-09	0.000937861
1.74193e-09	0.000936307
1.74198e-09	0.000934755
1.74203e-09	0.000933204
1.74207e-09	0.000931656
1.74212e-09	0.000930108
1.74216e-09	0.000928562
1.74221e-09	0.000927018
1.74226e-09	0.000925475
1.7423e-09	0.000923933
1.74235e-09	0.000922394
1.7424e-09	0.000920855
1.74244e-09	0.000919319
1.74249e-09	0.000917783
1.74254e-09	0.00091625
1.74258e-09	0.000914717
1.74263e-09	0.000913187
1.74268e-09	0.000911657
1.74272e-09	0.00091013
1.74277e-09	0.000908604
1.74281e-09	0.000907079
1.74286e-09	0.000905556
1.74291e-09	0.000904034
1.74295e-09	0.000902514
1.743e-09	0.000900996
1.74305e-09	0.000899479
1.74309e-09	0.000897963
1.74314e-09	0.000896449
1.74319e-09	0.000894936
1.74323e-09	0.000893425
1.74328e-09	0.000891916
1.74333e-09	0.000890408
1.74337e-09	0.000888901
1.74342e-09	0.000887396
1.74346e-09	0.000885893
1.74351e-09	0.000884391
1.74356e-09	0.00088289
1.7436e-09	0.000881391
1.74365e-09	0.000879894
1.7437e-09	0.000878398
1.74374e-09	0.000876903
1.74379e-09	0.00087541
1.74384e-09	0.000873919
1.74388e-09	0.000872429
1.74393e-09	0.00087094
1.74397e-09	0.000869453
1.74402e-09	0.000867968
1.74407e-09	0.000866484
1.74411e-09	0.000865001
1.74416e-09	0.00086352
1.74421e-09	0.00086204
1.74425e-09	0.000860562
1.7443e-09	0.000859086
1.74435e-09	0.000857611
1.74439e-09	0.000856137
1.74444e-09	0.000854665
1.74449e-09	0.000853194
1.74453e-09	0.000851725
1.74458e-09	0.000850257
1.74462e-09	0.000848791
1.74467e-09	0.000847326
1.74472e-09	0.000845863
1.74476e-09	0.000844401
1.74481e-09	0.000842941
1.74486e-09	0.000841482
1.7449e-09	0.000840024
1.74495e-09	0.000838569
1.745e-09	0.000837114
1.74504e-09	0.000835661
1.74509e-09	0.00083421
1.74514e-09	0.00083276
1.74518e-09	0.000831311
1.74523e-09	0.000829864
1.74527e-09	0.000828418
1.74532e-09	0.000826974
1.74537e-09	0.000825531
1.74541e-09	0.00082409
1.74546e-09	0.00082265
1.74551e-09	0.000821212
1.74555e-09	0.000819775
1.7456e-09	0.00081834
1.74565e-09	0.000816906
1.74569e-09	0.000815473
1.74574e-09	0.000814042
1.74579e-09	0.000812613
1.74583e-09	0.000811184
1.74588e-09	0.000809758
1.74592e-09	0.000808333
1.74597e-09	0.000806909
1.74602e-09	0.000805486
1.74606e-09	0.000804066
1.74611e-09	0.000802646
1.74616e-09	0.000801228
1.7462e-09	0.000799812
1.74625e-09	0.000798397
1.7463e-09	0.000796983
1.74634e-09	0.000795571
1.74639e-09	0.00079416
1.74644e-09	0.000792751
1.74648e-09	0.000791343
1.74653e-09	0.000789936
1.74657e-09	0.000788531
1.74662e-09	0.000787128
1.74667e-09	0.000785726
1.74671e-09	0.000784325
1.74676e-09	0.000782926
1.74681e-09	0.000781528
1.74685e-09	0.000780132
1.7469e-09	0.000778737
1.74695e-09	0.000777343
1.74699e-09	0.000775951
1.74704e-09	0.00077456
1.74708e-09	0.000773171
1.74713e-09	0.000771783
1.74718e-09	0.000770397
1.74722e-09	0.000769012
1.74727e-09	0.000767628
1.74732e-09	0.000766246
1.74736e-09	0.000764866
1.74741e-09	0.000763486
1.74746e-09	0.000762109
1.7475e-09	0.000760732
1.74755e-09	0.000759357
1.7476e-09	0.000757984
1.74764e-09	0.000756611
1.74769e-09	0.000755241
1.74773e-09	0.000753871
1.74778e-09	0.000752503
1.74783e-09	0.000751137
1.74787e-09	0.000749772
1.74792e-09	0.000748408
1.74797e-09	0.000747046
1.74801e-09	0.000745685
1.74806e-09	0.000744326
1.74811e-09	0.000742967
1.74815e-09	0.000741611
1.7482e-09	0.000740256
1.74825e-09	0.000738902
1.74829e-09	0.000737549
1.74834e-09	0.000736198
1.74838e-09	0.000734849
1.74843e-09	0.0007335
1.74848e-09	0.000732154
1.74852e-09	0.000730808
1.74857e-09	0.000729464
1.74862e-09	0.000728122
1.74866e-09	0.00072678
1.74871e-09	0.000725441
1.74876e-09	0.000724102
1.7488e-09	0.000722765
1.74885e-09	0.000721429
1.7489e-09	0.000720095
1.74894e-09	0.000718762
1.74899e-09	0.000717431
1.74903e-09	0.000716101
1.74908e-09	0.000714772
1.74913e-09	0.000713445
1.74917e-09	0.000712119
1.74922e-09	0.000710794
1.74927e-09	0.000709471
1.74931e-09	0.000708149
1.74936e-09	0.000706829
1.74941e-09	0.00070551
1.74945e-09	0.000704192
1.7495e-09	0.000702876
1.74954e-09	0.000701561
1.74959e-09	0.000700248
1.74964e-09	0.000698935
1.74968e-09	0.000697625
1.74973e-09	0.000696315
1.74978e-09	0.000695007
1.74982e-09	0.000693701
1.74987e-09	0.000692395
1.74992e-09	0.000691092
1.74996e-09	0.000689789
1.75001e-09	0.000688488
1.75006e-09	0.000687188
1.7501e-09	0.00068589
1.75015e-09	0.000684593
1.75019e-09	0.000683297
1.75024e-09	0.000682003
1.75029e-09	0.00068071
1.75033e-09	0.000679418
1.75038e-09	0.000678128
1.75043e-09	0.000676839
1.75047e-09	0.000675552
1.75052e-09	0.000674265
1.75057e-09	0.000672981
1.75061e-09	0.000671697
1.75066e-09	0.000670415
1.75071e-09	0.000669134
1.75075e-09	0.000667855
1.7508e-09	0.000666577
1.75084e-09	0.0006653
1.75089e-09	0.000664025
1.75094e-09	0.000662751
1.75098e-09	0.000661479
1.75103e-09	0.000660207
1.75108e-09	0.000658937
1.75112e-09	0.000657669
1.75117e-09	0.000656402
1.75122e-09	0.000655136
1.75126e-09	0.000653871
1.75131e-09	0.000652608
1.75136e-09	0.000651346
1.7514e-09	0.000650086
1.75145e-09	0.000648827
1.75149e-09	0.000647569
1.75154e-09	0.000646312
1.75159e-09	0.000645057
1.75163e-09	0.000643803
1.75168e-09	0.000642551
1.75173e-09	0.0006413
1.75177e-09	0.00064005
1.75182e-09	0.000638802
1.75187e-09	0.000637554
1.75191e-09	0.000636309
1.75196e-09	0.000635064
1.75201e-09	0.000633821
1.75205e-09	0.000632579
1.7521e-09	0.000631339
1.75214e-09	0.0006301
1.75219e-09	0.000628862
1.75224e-09	0.000627625
1.75228e-09	0.00062639
1.75233e-09	0.000625156
1.75238e-09	0.000623924
1.75242e-09	0.000622692
1.75247e-09	0.000621463
1.75252e-09	0.000620234
1.75256e-09	0.000619007
1.75261e-09	0.000617781
1.75265e-09	0.000616556
1.7527e-09	0.000615333
1.75275e-09	0.000614111
1.75279e-09	0.00061289
1.75284e-09	0.000611671
1.75289e-09	0.000610453
1.75293e-09	0.000609236
1.75298e-09	0.000608021
1.75303e-09	0.000606806
1.75307e-09	0.000605594
1.75312e-09	0.000604382
1.75317e-09	0.000603172
1.75321e-09	0.000601963
1.75326e-09	0.000600755
1.7533e-09	0.000599549
1.75335e-09	0.000598344
1.7534e-09	0.00059714
1.75344e-09	0.000595938
1.75349e-09	0.000594737
1.75354e-09	0.000593537
1.75358e-09	0.000592339
1.75363e-09	0.000591141
1.75368e-09	0.000589946
1.75372e-09	0.000588751
1.75377e-09	0.000587558
1.75382e-09	0.000586366
1.75386e-09	0.000585175
1.75391e-09	0.000583985
1.75395e-09	0.000582797
1.754e-09	0.00058161
1.75405e-09	0.000580425
1.75409e-09	0.000579241
1.75414e-09	0.000578058
1.75419e-09	0.000576876
1.75423e-09	0.000575696
1.75428e-09	0.000574516
1.75433e-09	0.000573339
1.75437e-09	0.000572162
1.75442e-09	0.000570987
1.75447e-09	0.000569813
1.75451e-09	0.00056864
1.75456e-09	0.000567469
1.7546e-09	0.000566298
1.75465e-09	0.00056513
1.7547e-09	0.000563962
1.75474e-09	0.000562796
1.75479e-09	0.000561631
1.75484e-09	0.000560467
1.75488e-09	0.000559304
1.75493e-09	0.000558143
1.75498e-09	0.000556983
1.75502e-09	0.000555824
1.75507e-09	0.000554667
1.75512e-09	0.000553511
1.75516e-09	0.000552356
1.75521e-09	0.000551202
1.75525e-09	0.00055005
1.7553e-09	0.000548899
1.75535e-09	0.000547749
1.75539e-09	0.0005466
1.75544e-09	0.000545453
1.75549e-09	0.000544307
1.75553e-09	0.000543162
1.75558e-09	0.000542019
1.75563e-09	0.000540877
1.75567e-09	0.000539736
1.75572e-09	0.000538596
1.75576e-09	0.000537457
1.75581e-09	0.00053632
1.75586e-09	0.000535184
1.7559e-09	0.000534049
1.75595e-09	0.000532916
1.756e-09	0.000531784
1.75604e-09	0.000530653
1.75609e-09	0.000529523
1.75614e-09	0.000528394
1.75618e-09	0.000527267
1.75623e-09	0.000526141
1.75628e-09	0.000525017
1.75632e-09	0.000523893
1.75637e-09	0.000522771
1.75641e-09	0.00052165
1.75646e-09	0.00052053
1.75651e-09	0.000519411
1.75655e-09	0.000518294
1.7566e-09	0.000517178
1.75665e-09	0.000516063
1.75669e-09	0.00051495
1.75674e-09	0.000513837
1.75679e-09	0.000512726
1.75683e-09	0.000511616
1.75688e-09	0.000510508
1.75693e-09	0.0005094
1.75697e-09	0.000508294
1.75702e-09	0.000507189
1.75706e-09	0.000506086
1.75711e-09	0.000504983
1.75716e-09	0.000503882
1.7572e-09	0.000502782
1.75725e-09	0.000501683
1.7573e-09	0.000500586
1.75734e-09	0.000499489
1.75739e-09	0.000498394
1.75744e-09	0.0004973
1.75748e-09	0.000496208
1.75753e-09	0.000495116
1.75758e-09	0.000494026
1.75762e-09	0.000492937
1.75767e-09	0.000491849
1.75771e-09	0.000490763
1.75776e-09	0.000489677
1.75781e-09	0.000488593
1.75785e-09	0.00048751
1.7579e-09	0.000486428
1.75795e-09	0.000485348
1.75799e-09	0.000484269
1.75804e-09	0.000483191
1.75809e-09	0.000482114
1.75813e-09	0.000481038
1.75818e-09	0.000479964
1.75823e-09	0.00047889
1.75827e-09	0.000477818
1.75832e-09	0.000476748
1.75836e-09	0.000475678
1.75841e-09	0.00047461
1.75846e-09	0.000473542
1.7585e-09	0.000472476
1.75855e-09	0.000471412
1.7586e-09	0.000470348
1.75864e-09	0.000469286
1.75869e-09	0.000468224
1.75874e-09	0.000467164
1.75878e-09	0.000466106
1.75883e-09	0.000465048
1.75887e-09	0.000463992
1.75892e-09	0.000462936
1.75897e-09	0.000461882
1.75901e-09	0.00046083
1.75906e-09	0.000459778
1.75911e-09	0.000458728
1.75915e-09	0.000457678
1.7592e-09	0.00045663
1.75925e-09	0.000455583
1.75929e-09	0.000454538
1.75934e-09	0.000453493
1.75939e-09	0.00045245
1.75943e-09	0.000451408
1.75948e-09	0.000450367
1.75952e-09	0.000449327
1.75957e-09	0.000448289
1.75962e-09	0.000447251
1.75966e-09	0.000446215
1.75971e-09	0.00044518
1.75976e-09	0.000444146
1.7598e-09	0.000443113
1.75985e-09	0.000442082
1.7599e-09	0.000441052
1.75994e-09	0.000440023
1.75999e-09	0.000438995
1.76004e-09	0.000437968
1.76008e-09	0.000436942
1.76013e-09	0.000435918
1.76017e-09	0.000434894
1.76022e-09	0.000433872
1.76027e-09	0.000432851
1.76031e-09	0.000431832
1.76036e-09	0.000430813
1.76041e-09	0.000429796
1.76045e-09	0.000428779
1.7605e-09	0.000427764
1.76055e-09	0.00042675
1.76059e-09	0.000425738
1.76064e-09	0.000424726
1.76069e-09	0.000423716
1.76073e-09	0.000422706
1.76078e-09	0.000421698
1.76082e-09	0.000420691
1.76087e-09	0.000419685
1.76092e-09	0.000418681
1.76096e-09	0.000417677
1.76101e-09	0.000416675
1.76106e-09	0.000415674
1.7611e-09	0.000414674
1.76115e-09	0.000413675
1.7612e-09	0.000412677
1.76124e-09	0.000411681
1.76129e-09	0.000410685
1.76134e-09	0.000409691
1.76138e-09	0.000408698
1.76143e-09	0.000407706
1.76147e-09	0.000406715
1.76152e-09	0.000405725
1.76157e-09	0.000404737
1.76161e-09	0.000403749
1.76166e-09	0.000402763
1.76171e-09	0.000401778
1.76175e-09	0.000400794
1.7618e-09	0.000399811
1.76185e-09	0.00039883
1.76189e-09	0.000397849
1.76194e-09	0.00039687
1.76198e-09	0.000395891
1.76203e-09	0.000394914
1.76208e-09	0.000393938
1.76212e-09	0.000392964
1.76217e-09	0.00039199
1.76222e-09	0.000391017
1.76226e-09	0.000390046
1.76231e-09	0.000389075
1.76236e-09	0.000388106
1.7624e-09	0.000387138
1.76245e-09	0.000386171
1.7625e-09	0.000385205
1.76254e-09	0.000384241
1.76259e-09	0.000383277
1.76263e-09	0.000382315
1.76268e-09	0.000381354
1.76273e-09	0.000380393
1.76277e-09	0.000379434
1.76282e-09	0.000378476
1.76287e-09	0.00037752
1.76291e-09	0.000376564
1.76296e-09	0.000375609
1.76301e-09	0.000374656
1.76305e-09	0.000373704
1.7631e-09	0.000372752
1.76315e-09	0.000371802
1.76319e-09	0.000370853
1.76324e-09	0.000369905
1.76328e-09	0.000368959
1.76333e-09	0.000368013
1.76338e-09	0.000367069
1.76342e-09	0.000366125
1.76347e-09	0.000365183
1.76352e-09	0.000364242
1.76356e-09	0.000363302
1.76361e-09	0.000362363
1.76366e-09	0.000361425
1.7637e-09	0.000360488
1.76375e-09	0.000359552
1.7638e-09	0.000358618
1.76384e-09	0.000357684
1.76389e-09	0.000356752
1.76393e-09	0.000355821
1.76398e-09	0.000354891
1.76403e-09	0.000353961
1.76407e-09	0.000353034
1.76412e-09	0.000352107
1.76417e-09	0.000351181
1.76421e-09	0.000350256
1.76426e-09	0.000349333
1.76431e-09	0.00034841
1.76435e-09	0.000347489
1.7644e-09	0.000346569
1.76445e-09	0.000345649
1.76449e-09	0.000344731
1.76454e-09	0.000343814
1.76458e-09	0.000342898
1.76463e-09	0.000341984
1.76468e-09	0.00034107
1.76472e-09	0.000340157
1.76477e-09	0.000339246
1.76482e-09	0.000338335
1.76486e-09	0.000337426
1.76491e-09	0.000336517
1.76496e-09	0.00033561
1.765e-09	0.000334704
1.76505e-09	0.000333799
1.76509e-09	0.000332895
1.76514e-09	0.000331992
1.76519e-09	0.00033109
1.76523e-09	0.00033019
1.76528e-09	0.00032929
1.76533e-09	0.000328391
1.76537e-09	0.000327494
1.76542e-09	0.000326597
1.76547e-09	0.000325702
1.76551e-09	0.000324808
1.76556e-09	0.000323915
1.76561e-09	0.000323022
1.76565e-09	0.000322131
1.7657e-09	0.000321241
1.76574e-09	0.000320352
1.76579e-09	0.000319465
1.76584e-09	0.000318578
1.76588e-09	0.000317692
1.76593e-09	0.000316807
1.76598e-09	0.000315924
1.76602e-09	0.000315041
1.76607e-09	0.00031416
1.76612e-09	0.000313279
1.76616e-09	0.0003124
1.76621e-09	0.000311522
1.76626e-09	0.000310645
1.7663e-09	0.000309768
1.76635e-09	0.000308893
1.76639e-09	0.000308019
1.76644e-09	0.000307146
1.76649e-09	0.000306274
1.76653e-09	0.000305403
1.76658e-09	0.000304534
1.76663e-09	0.000303665
1.76667e-09	0.000302797
1.76672e-09	0.00030193
1.76677e-09	0.000301065
1.76681e-09	0.0003002
1.76686e-09	0.000299337
1.76691e-09	0.000298474
1.76695e-09	0.000297613
1.767e-09	0.000296752
1.76704e-09	0.000295893
1.76709e-09	0.000295035
1.76714e-09	0.000294178
1.76718e-09	0.000293321
1.76723e-09	0.000292466
1.76728e-09	0.000291612
1.76732e-09	0.000290759
1.76737e-09	0.000289907
1.76742e-09	0.000289056
1.76746e-09	0.000288206
1.76751e-09	0.000287357
1.76755e-09	0.000286509
1.7676e-09	0.000285662
1.76765e-09	0.000284817
1.76769e-09	0.000283972
1.76774e-09	0.000283128
1.76779e-09	0.000282285
1.76783e-09	0.000281444
1.76788e-09	0.000280603
1.76793e-09	0.000279763
1.76797e-09	0.000278925
1.76802e-09	0.000278087
1.76807e-09	0.000277251
1.76811e-09	0.000276415
1.76816e-09	0.000275581
1.7682e-09	0.000274747
1.76825e-09	0.000273915
1.7683e-09	0.000273083
1.76834e-09	0.000272253
1.76839e-09	0.000271424
1.76844e-09	0.000270595
1.76848e-09	0.000269768
1.76853e-09	0.000268942
1.76858e-09	0.000268116
1.76862e-09	0.000267292
1.76867e-09	0.000266469
1.76872e-09	0.000265647
1.76876e-09	0.000264825
1.76881e-09	0.000264005
1.76885e-09	0.000263186
1.7689e-09	0.000262368
1.76895e-09	0.000261551
1.76899e-09	0.000260735
1.76904e-09	0.000259919
1.76909e-09	0.000259105
1.76913e-09	0.000258292
1.76918e-09	0.00025748
1.76923e-09	0.000256669
1.76927e-09	0.000255859
1.76932e-09	0.00025505
1.76937e-09	0.000254242
1.76941e-09	0.000253435
1.76946e-09	0.000252629
1.7695e-09	0.000251823
1.76955e-09	0.000251019
1.7696e-09	0.000250216
1.76964e-09	0.000249414
1.76969e-09	0.000248613
1.76974e-09	0.000247813
1.76978e-09	0.000247014
1.76983e-09	0.000246216
1.76988e-09	0.000245419
1.76992e-09	0.000244623
1.76997e-09	0.000243828
1.77002e-09	0.000243034
1.77006e-09	0.00024224
1.77011e-09	0.000241448
1.77015e-09	0.000240657
1.7702e-09	0.000239867
1.77025e-09	0.000239078
1.77029e-09	0.00023829
1.77034e-09	0.000237503
1.77039e-09	0.000236716
1.77043e-09	0.000235931
1.77048e-09	0.000235147
1.77053e-09	0.000234364
1.77057e-09	0.000233582
1.77062e-09	0.0002328
1.77066e-09	0.00023202
1.77071e-09	0.000231241
1.77076e-09	0.000230462
1.7708e-09	0.000229685
1.77085e-09	0.000228909
1.7709e-09	0.000228133
1.77094e-09	0.000227359
1.77099e-09	0.000226586
1.77104e-09	0.000225813
1.77108e-09	0.000225042
1.77113e-09	0.000224271
1.77118e-09	0.000223502
1.77122e-09	0.000222733
1.77127e-09	0.000221966
1.77131e-09	0.000221199
1.77136e-09	0.000220433
1.77141e-09	0.000219669
1.77145e-09	0.000218905
1.7715e-09	0.000218142
1.77155e-09	0.00021738
1.77159e-09	0.00021662
1.77164e-09	0.00021586
1.77169e-09	0.000215101
1.77173e-09	0.000214343
1.77178e-09	0.000213586
1.77183e-09	0.00021283
1.77187e-09	0.000212075
1.77192e-09	0.000211321
1.77196e-09	0.000210568
1.77201e-09	0.000209816
1.77206e-09	0.000209065
1.7721e-09	0.000208315
1.77215e-09	0.000207565
1.7722e-09	0.000206817
1.77224e-09	0.00020607
1.77229e-09	0.000205323
1.77234e-09	0.000204578
1.77238e-09	0.000203833
1.77243e-09	0.00020309
1.77248e-09	0.000202347
1.77252e-09	0.000201606
1.77257e-09	0.000200865
1.77261e-09	0.000200125
1.77266e-09	0.000199387
1.77271e-09	0.000198649
1.77275e-09	0.000197912
1.7728e-09	0.000197176
1.77285e-09	0.000196441
1.77289e-09	0.000195707
1.77294e-09	0.000194974
1.77299e-09	0.000194242
1.77303e-09	0.00019351
1.77308e-09	0.00019278
1.77313e-09	0.000192051
1.77317e-09	0.000191322
1.77322e-09	0.000190595
1.77326e-09	0.000189868
1.77331e-09	0.000189143
1.77336e-09	0.000188418
1.7734e-09	0.000187695
1.77345e-09	0.000186972
1.7735e-09	0.00018625
1.77354e-09	0.000185529
1.77359e-09	0.000184809
1.77364e-09	0.00018409
1.77368e-09	0.000183372
1.77373e-09	0.000182655
1.77377e-09	0.000181939
1.77382e-09	0.000181223
1.77387e-09	0.000180509
1.77391e-09	0.000179795
1.77396e-09	0.000179083
1.77401e-09	0.000178371
1.77405e-09	0.000177661
1.7741e-09	0.000176951
1.77415e-09	0.000176242
1.77419e-09	0.000175534
1.77424e-09	0.000174827
1.77429e-09	0.000174121
1.77433e-09	0.000173416
1.77438e-09	0.000172712
1.77442e-09	0.000172008
1.77447e-09	0.000171306
1.77452e-09	0.000170605
1.77456e-09	0.000169904
1.77461e-09	0.000169204
1.77466e-09	0.000168506
1.7747e-09	0.000167808
1.77475e-09	0.000167111
1.7748e-09	0.000166415
1.77484e-09	0.00016572
1.77489e-09	0.000165026
1.77494e-09	0.000164332
1.77498e-09	0.00016364
1.77503e-09	0.000162949
1.77507e-09	0.000162258
1.77512e-09	0.000161569
1.77517e-09	0.00016088
1.77521e-09	0.000160192
1.77526e-09	0.000159505
1.77531e-09	0.000158819
1.77535e-09	0.000158134
1.7754e-09	0.00015745
1.77545e-09	0.000156767
1.77549e-09	0.000156084
1.77554e-09	0.000155403
1.77559e-09	0.000154722
1.77563e-09	0.000154043
1.77568e-09	0.000153364
1.77572e-09	0.000152686
1.77577e-09	0.000152009
1.77582e-09	0.000151333
1.77586e-09	0.000150658
1.77591e-09	0.000149983
1.77596e-09	0.00014931
1.776e-09	0.000148637
1.77605e-09	0.000147966
1.7761e-09	0.000147295
1.77614e-09	0.000146625
1.77619e-09	0.000145956
1.77624e-09	0.000145288
1.77628e-09	0.000144621
1.77633e-09	0.000143955
1.77637e-09	0.000143289
1.77642e-09	0.000142625
1.77647e-09	0.000141961
1.77651e-09	0.000141298
1.77656e-09	0.000140637
1.77661e-09	0.000139976
1.77665e-09	0.000139316
1.7767e-09	0.000138656
1.77675e-09	0.000137998
1.77679e-09	0.000137341
1.77684e-09	0.000136684
1.77688e-09	0.000136028
1.77693e-09	0.000135373
1.77698e-09	0.00013472
1.77702e-09	0.000134066
1.77707e-09	0.000133414
1.77712e-09	0.000132763
1.77716e-09	0.000132113
1.77721e-09	0.000131463
1.77726e-09	0.000130814
1.7773e-09	0.000130167
1.77735e-09	0.00012952
1.7774e-09	0.000128873
1.77744e-09	0.000128228
1.77749e-09	0.000127584
1.77753e-09	0.00012694
1.77758e-09	0.000126298
1.77763e-09	0.000125656
1.77767e-09	0.000125015
1.77772e-09	0.000124375
1.77777e-09	0.000123736
1.77781e-09	0.000123098
1.77786e-09	0.00012246
1.77791e-09	0.000121824
1.77795e-09	0.000121188
1.778e-09	0.000120553
1.77805e-09	0.000119919
1.77809e-09	0.000119286
1.77814e-09	0.000118654
1.77818e-09	0.000118023
1.77823e-09	0.000117392
1.77828e-09	0.000116763
1.77832e-09	0.000116134
1.77837e-09	0.000115506
1.77842e-09	0.000114879
1.77846e-09	0.000114252
1.77851e-09	0.000113627
1.77856e-09	0.000113002
1.7786e-09	0.000112379
1.77865e-09	0.000111756
1.7787e-09	0.000111134
1.77874e-09	0.000110513
1.77879e-09	0.000109892
1.77883e-09	0.000109273
1.77888e-09	0.000108654
1.77893e-09	0.000108037
1.77897e-09	0.00010742
1.77902e-09	0.000106804
1.77907e-09	0.000106188
1.77911e-09	0.000105574
1.77916e-09	0.00010496
1.77921e-09	0.000104348
1.77925e-09	0.000103736
1.7793e-09	0.000103125
1.77935e-09	0.000102515
1.77939e-09	0.000101905
1.77944e-09	0.000101297
1.77948e-09	0.000100689
1.77953e-09	0.000100082
1.77958e-09	9.94763e-05
1.77962e-09	9.88712e-05
1.77967e-09	9.82668e-05
1.77972e-09	9.76634e-05
1.77976e-09	9.70607e-05
1.77981e-09	9.64589e-05
1.77986e-09	9.58579e-05
1.7799e-09	9.52577e-05
1.77995e-09	9.46584e-05
1.77999e-09	9.40599e-05
1.78004e-09	9.34622e-05
1.78009e-09	9.28653e-05
1.78013e-09	9.22693e-05
1.78018e-09	9.16741e-05
1.78023e-09	9.10798e-05
1.78027e-09	9.04862e-05
1.78032e-09	8.98935e-05
1.78037e-09	8.93016e-05
1.78041e-09	8.87105e-05
1.78046e-09	8.81203e-05
1.78051e-09	8.75308e-05
1.78055e-09	8.69422e-05
1.7806e-09	8.63544e-05
1.78064e-09	8.57675e-05
1.78069e-09	8.51813e-05
1.78074e-09	8.4596e-05
1.78078e-09	8.40114e-05
1.78083e-09	8.34277e-05
1.78088e-09	8.28449e-05
1.78092e-09	8.22628e-05
1.78097e-09	8.16815e-05
1.78102e-09	8.11011e-05
1.78106e-09	8.05214e-05
1.78111e-09	7.99426e-05
1.78116e-09	7.93646e-05
1.7812e-09	7.87874e-05
1.78125e-09	7.8211e-05
1.78129e-09	7.76354e-05
1.78134e-09	7.70607e-05
1.78139e-09	7.64867e-05
1.78143e-09	7.59136e-05
1.78148e-09	7.53412e-05
1.78153e-09	7.47697e-05
1.78157e-09	7.41989e-05
1.78162e-09	7.3629e-05
1.78167e-09	7.30598e-05
1.78171e-09	7.24915e-05
1.78176e-09	7.1924e-05
1.78181e-09	7.13573e-05
1.78185e-09	7.07913e-05
1.7819e-09	7.02262e-05
1.78194e-09	6.96619e-05
1.78199e-09	6.90983e-05
1.78204e-09	6.85356e-05
1.78208e-09	6.79737e-05
1.78213e-09	6.74125e-05
1.78218e-09	6.68522e-05
1.78222e-09	6.62926e-05
1.78227e-09	6.57339e-05
1.78232e-09	6.51759e-05
1.78236e-09	6.46187e-05
1.78241e-09	6.40624e-05
1.78245e-09	6.35068e-05
1.7825e-09	6.2952e-05
1.78255e-09	6.2398e-05
1.78259e-09	6.18448e-05
1.78264e-09	6.12923e-05
1.78269e-09	6.07407e-05
1.78273e-09	6.01898e-05
1.78278e-09	5.96398e-05
1.78283e-09	5.90905e-05
1.78287e-09	5.8542e-05
1.78292e-09	5.79943e-05
1.78297e-09	5.74474e-05
1.78301e-09	5.69012e-05
1.78306e-09	5.63558e-05
1.7831e-09	5.58113e-05
1.78315e-09	5.52675e-05
1.7832e-09	5.47244e-05
1.78324e-09	5.41822e-05
1.78329e-09	5.36407e-05
1.78334e-09	5.31e-05
1.78338e-09	5.25601e-05
1.78343e-09	5.2021e-05
1.78348e-09	5.14826e-05
1.78352e-09	5.09451e-05
1.78357e-09	5.04083e-05
1.78362e-09	4.98722e-05
1.78366e-09	4.9337e-05
1.78371e-09	4.88025e-05
1.78375e-09	4.82688e-05
1.7838e-09	4.77358e-05
1.78385e-09	4.72036e-05
1.78389e-09	4.66722e-05
1.78394e-09	4.61416e-05
1.78399e-09	4.56117e-05
1.78403e-09	4.50826e-05
1.78408e-09	4.45543e-05
1.78413e-09	4.40267e-05
1.78417e-09	4.34999e-05
1.78422e-09	4.29739e-05
1.78427e-09	4.24486e-05
1.78431e-09	4.19241e-05
1.78436e-09	4.14003e-05
1.7844e-09	4.08774e-05
1.78445e-09	4.03551e-05
1.7845e-09	3.98337e-05
1.78454e-09	3.9313e-05
1.78459e-09	3.8793e-05
1.78464e-09	3.82738e-05
1.78468e-09	3.77554e-05
1.78473e-09	3.72377e-05
1.78478e-09	3.67208e-05
1.78482e-09	3.62046e-05
1.78487e-09	3.56892e-05
1.78492e-09	3.51746e-05
1.78496e-09	3.46607e-05
1.78501e-09	3.41475e-05
1.78505e-09	3.36351e-05
1.7851e-09	3.31235e-05
1.78515e-09	3.26126e-05
1.78519e-09	3.21025e-05
1.78524e-09	3.15931e-05
1.78529e-09	3.10844e-05
1.78533e-09	3.05765e-05
1.78538e-09	3.00694e-05
1.78543e-09	2.9563e-05
1.78547e-09	2.90573e-05
1.78552e-09	2.85524e-05
1.78556e-09	2.80483e-05
1.78561e-09	2.75448e-05
1.78566e-09	2.70422e-05
1.7857e-09	2.65402e-05
1.78575e-09	2.6039e-05
1.7858e-09	2.55386e-05
1.78584e-09	2.50389e-05
1.78589e-09	2.45399e-05
1.78594e-09	2.40417e-05
1.78598e-09	2.35442e-05
1.78603e-09	2.30474e-05
1.78608e-09	2.25514e-05
1.78612e-09	2.20561e-05
1.78617e-09	2.15616e-05
1.78621e-09	2.10678e-05
1.78626e-09	2.05747e-05
1.78631e-09	2.00824e-05
1.78635e-09	1.95908e-05
1.7864e-09	1.90999e-05
1.78645e-09	1.86097e-05
1.78649e-09	1.81203e-05
1.78654e-09	1.76316e-05
1.78659e-09	1.71437e-05
1.78663e-09	1.66565e-05
1.78668e-09	1.617e-05
1.78673e-09	1.56842e-05
1.78677e-09	1.51992e-05
1.78682e-09	1.47149e-05
1.78686e-09	1.42313e-05
1.78691e-09	1.37484e-05
1.78696e-09	1.32663e-05
1.787e-09	1.27849e-05
1.78705e-09	1.23042e-05
1.7871e-09	1.18242e-05
1.78714e-09	1.13449e-05
1.78719e-09	1.08664e-05
1.78724e-09	1.03886e-05
1.78728e-09	9.91153e-06
1.78733e-09	9.43516e-06
1.78738e-09	8.95951e-06
1.78742e-09	8.48458e-06
1.78747e-09	8.01037e-06
1.78751e-09	7.53687e-06
1.78756e-09	7.06409e-06
1.78761e-09	6.59202e-06
1.78765e-09	6.12067e-06
1.7877e-09	5.65003e-06
1.78775e-09	5.18011e-06
1.78779e-09	4.71089e-06
1.78784e-09	4.24239e-06
1.78789e-09	3.7746e-06
1.78793e-09	3.30752e-06
1.78798e-09	2.84115e-06
1.78803e-09	2.37549e-06
1.78807e-09	1.91054e-06
1.78812e-09	1.44629e-06
1.78816e-09	9.82757e-07
1.78821e-09	5.19926e-07
1.78826e-09	5.78002e-08
1.7883e-09	-4.0362e-07
1.78835e-09	-8.64336e-07
1.7884e-09	-1.32435e-06
1.78844e-09	-1.78366e-06
1.78849e-09	-2.24226e-06
1.78854e-09	-2.70017e-06
1.78858e-09	-3.15737e-06
1.78863e-09	-3.61388e-06
1.78867e-09	-4.06968e-06
1.78872e-09	-4.52478e-06
1.78877e-09	-4.97919e-06
1.78881e-09	-5.4329e-06
1.78886e-09	-5.88591e-06
1.78891e-09	-6.33822e-06
1.78895e-09	-6.78984e-06
1.789e-09	-7.24076e-06
1.78905e-09	-7.69099e-06
1.78909e-09	-8.14052e-06
1.78914e-09	-8.58936e-06
1.78919e-09	-9.03751e-06
1.78923e-09	-9.48497e-06
1.78928e-09	-9.93173e-06
1.78932e-09	-1.03778e-05
1.78937e-09	-1.08232e-05
1.78942e-09	-1.12679e-05
1.78946e-09	-1.17119e-05
1.78951e-09	-1.21552e-05
1.78956e-09	-1.25978e-05
1.7896e-09	-1.30398e-05
1.78965e-09	-1.3481e-05
1.7897e-09	-1.39216e-05
1.78974e-09	-1.43615e-05
1.78979e-09	-1.48007e-05
1.78984e-09	-1.52392e-05
1.78988e-09	-1.56771e-05
1.78993e-09	-1.61142e-05
1.78997e-09	-1.65507e-05
1.79002e-09	-1.69865e-05
1.79007e-09	-1.74216e-05
1.79011e-09	-1.7856e-05
1.79016e-09	-1.82898e-05
1.79021e-09	-1.87229e-05
1.79025e-09	-1.91553e-05
1.7903e-09	-1.9587e-05
1.79035e-09	-2.0018e-05
1.79039e-09	-2.04484e-05
1.79044e-09	-2.08781e-05
1.79049e-09	-2.13071e-05
1.79053e-09	-2.17354e-05
1.79058e-09	-2.21631e-05
1.79062e-09	-2.25901e-05
1.79067e-09	-2.30164e-05
1.79072e-09	-2.34421e-05
1.79076e-09	-2.38671e-05
1.79081e-09	-2.42914e-05
1.79086e-09	-2.4715e-05
1.7909e-09	-2.5138e-05
1.79095e-09	-2.55603e-05
1.791e-09	-2.5982e-05
1.79104e-09	-2.64029e-05
1.79109e-09	-2.68233e-05
1.79114e-09	-2.72429e-05
1.79118e-09	-2.76619e-05
1.79123e-09	-2.80802e-05
1.79127e-09	-2.84978e-05
1.79132e-09	-2.89148e-05
1.79137e-09	-2.93311e-05
1.79141e-09	-2.97468e-05
1.79146e-09	-3.01618e-05
1.79151e-09	-3.05762e-05
1.79155e-09	-3.09898e-05
1.7916e-09	-3.14029e-05
1.79165e-09	-3.18152e-05
1.79169e-09	-3.22269e-05
1.79174e-09	-3.2638e-05
1.79178e-09	-3.30484e-05
1.79183e-09	-3.34581e-05
1.79188e-09	-3.38672e-05
1.79192e-09	-3.42756e-05
1.79197e-09	-3.46834e-05
1.79202e-09	-3.50905e-05
1.79206e-09	-3.5497e-05
1.79211e-09	-3.59028e-05
1.79216e-09	-3.63079e-05
1.7922e-09	-3.67125e-05
1.79225e-09	-3.71163e-05
1.7923e-09	-3.75195e-05
1.79234e-09	-3.79221e-05
1.79239e-09	-3.8324e-05
1.79243e-09	-3.87253e-05
1.79248e-09	-3.91259e-05
1.79253e-09	-3.95259e-05
1.79257e-09	-3.99252e-05
1.79262e-09	-4.03239e-05
1.79267e-09	-4.07219e-05
1.79271e-09	-4.11193e-05
1.79276e-09	-4.1516e-05
1.79281e-09	-4.19121e-05
1.79285e-09	-4.23076e-05
1.7929e-09	-4.27024e-05
1.79295e-09	-4.30966e-05
1.79299e-09	-4.34901e-05
1.79304e-09	-4.38831e-05
1.79308e-09	-4.42753e-05
1.79313e-09	-4.46669e-05
1.79318e-09	-4.50579e-05
1.79322e-09	-4.54483e-05
1.79327e-09	-4.5838e-05
1.79332e-09	-4.62271e-05
1.79336e-09	-4.66155e-05
1.79341e-09	-4.70033e-05
1.79346e-09	-4.73905e-05
1.7935e-09	-4.7777e-05
1.79355e-09	-4.81629e-05
1.7936e-09	-4.85482e-05
1.79364e-09	-4.89328e-05
1.79369e-09	-4.93168e-05
1.79373e-09	-4.97002e-05
1.79378e-09	-5.0083e-05
1.79383e-09	-5.04651e-05
1.79387e-09	-5.08466e-05
1.79392e-09	-5.12274e-05
1.79397e-09	-5.16077e-05
1.79401e-09	-5.19873e-05
1.79406e-09	-5.23663e-05
1.79411e-09	-5.27446e-05
1.79415e-09	-5.31224e-05
1.7942e-09	-5.34995e-05
1.79425e-09	-5.3876e-05
1.79429e-09	-5.42518e-05
1.79434e-09	-5.46271e-05
1.79438e-09	-5.50017e-05
1.79443e-09	-5.53757e-05
1.79448e-09	-5.57491e-05
1.79452e-09	-5.61218e-05
1.79457e-09	-5.6494e-05
1.79462e-09	-5.68655e-05
1.79466e-09	-5.72364e-05
1.79471e-09	-5.76067e-05
1.79476e-09	-5.79763e-05
1.7948e-09	-5.83454e-05
1.79485e-09	-5.87138e-05
1.79489e-09	-5.90816e-05
1.79494e-09	-5.94488e-05
1.79499e-09	-5.98154e-05
1.79503e-09	-6.01814e-05
1.79508e-09	-6.05468e-05
1.79513e-09	-6.09115e-05
1.79517e-09	-6.12757e-05
1.79522e-09	-6.16392e-05
1.79527e-09	-6.20021e-05
1.79531e-09	-6.23644e-05
1.79536e-09	-6.27261e-05
1.79541e-09	-6.30872e-05
1.79545e-09	-6.34477e-05
1.7955e-09	-6.38076e-05
1.79554e-09	-6.41668e-05
1.79559e-09	-6.45255e-05
1.79564e-09	-6.48836e-05
1.79568e-09	-6.5241e-05
1.79573e-09	-6.55979e-05
1.79578e-09	-6.59541e-05
1.79582e-09	-6.63098e-05
1.79587e-09	-6.66648e-05
1.79592e-09	-6.70192e-05
1.79596e-09	-6.73731e-05
1.79601e-09	-6.77263e-05
1.79606e-09	-6.8079e-05
1.7961e-09	-6.8431e-05
1.79615e-09	-6.87824e-05
1.79619e-09	-6.91333e-05
1.79624e-09	-6.94835e-05
1.79629e-09	-6.98332e-05
1.79633e-09	-7.01822e-05
1.79638e-09	-7.05307e-05
1.79643e-09	-7.08785e-05
1.79647e-09	-7.12258e-05
1.79652e-09	-7.15725e-05
1.79657e-09	-7.19185e-05
1.79661e-09	-7.2264e-05
1.79666e-09	-7.26089e-05
1.79671e-09	-7.29532e-05
1.79675e-09	-7.32969e-05
1.7968e-09	-7.364e-05
1.79684e-09	-7.39826e-05
1.79689e-09	-7.43245e-05
1.79694e-09	-7.46659e-05
1.79698e-09	-7.50066e-05
1.79703e-09	-7.53468e-05
1.79708e-09	-7.56864e-05
1.79712e-09	-7.60254e-05
1.79717e-09	-7.63638e-05
1.79722e-09	-7.67016e-05
1.79726e-09	-7.70389e-05
1.79731e-09	-7.73755e-05
1.79736e-09	-7.77116e-05
1.7974e-09	-7.80471e-05
1.79745e-09	-7.8382e-05
1.79749e-09	-7.87164e-05
1.79754e-09	-7.90501e-05
1.79759e-09	-7.93833e-05
1.79763e-09	-7.97159e-05
1.79768e-09	-8.00479e-05
1.79773e-09	-8.03793e-05
1.79777e-09	-8.07102e-05
1.79782e-09	-8.10404e-05
1.79787e-09	-8.13701e-05
1.79791e-09	-8.16993e-05
1.79796e-09	-8.20278e-05
1.798e-09	-8.23558e-05
1.79805e-09	-8.26832e-05
1.7981e-09	-8.301e-05
1.79814e-09	-8.33363e-05
1.79819e-09	-8.36619e-05
1.79824e-09	-8.3987e-05
1.79828e-09	-8.43116e-05
1.79833e-09	-8.46355e-05
1.79838e-09	-8.49589e-05
1.79842e-09	-8.52817e-05
1.79847e-09	-8.5604e-05
1.79852e-09	-8.59257e-05
1.79856e-09	-8.62468e-05
1.79861e-09	-8.65673e-05
1.79865e-09	-8.68873e-05
1.7987e-09	-8.72067e-05
1.79875e-09	-8.75256e-05
1.79879e-09	-8.78439e-05
1.79884e-09	-8.81616e-05
1.79889e-09	-8.84787e-05
1.79893e-09	-8.87953e-05
1.79898e-09	-8.91113e-05
1.79903e-09	-8.94268e-05
1.79907e-09	-8.97417e-05
1.79912e-09	-9.0056e-05
1.79917e-09	-9.03698e-05
1.79921e-09	-9.0683e-05
1.79926e-09	-9.09957e-05
1.7993e-09	-9.13078e-05
1.79935e-09	-9.16193e-05
1.7994e-09	-9.19303e-05
1.79944e-09	-9.22407e-05
1.79949e-09	-9.25506e-05
1.79954e-09	-9.28599e-05
1.79958e-09	-9.31687e-05
1.79963e-09	-9.34769e-05
1.79968e-09	-9.37845e-05
1.79972e-09	-9.40916e-05
1.79977e-09	-9.43982e-05
1.79982e-09	-9.47042e-05
1.79986e-09	-9.50096e-05
1.79991e-09	-9.53145e-05
1.79995e-09	-9.56188e-05
1.8e-09	-9.59226e-05
1.80005e-09	-9.62258e-05
1.80009e-09	-9.65285e-05
1.80014e-09	-9.68306e-05
1.80019e-09	-9.71322e-05
1.80023e-09	-9.74333e-05
1.80028e-09	-9.77338e-05
1.80033e-09	-9.80337e-05
1.80037e-09	-9.83331e-05
1.80042e-09	-9.8632e-05
1.80046e-09	-9.89303e-05
1.80051e-09	-9.9228e-05
1.80056e-09	-9.95253e-05
1.8006e-09	-9.98219e-05
1.80065e-09	-0.000100118
1.8007e-09	-0.000100414
1.80074e-09	-0.000100709
1.80079e-09	-0.000101003
1.80084e-09	-0.000101297
1.80088e-09	-0.000101591
1.80093e-09	-0.000101884
1.80098e-09	-0.000102176
1.80102e-09	-0.000102468
1.80107e-09	-0.000102759
1.80111e-09	-0.00010305
1.80116e-09	-0.00010334
1.80121e-09	-0.00010363
1.80125e-09	-0.000103919
1.8013e-09	-0.000104207
1.80135e-09	-0.000104495
1.80139e-09	-0.000104783
1.80144e-09	-0.00010507
1.80149e-09	-0.000105356
1.80153e-09	-0.000105642
1.80158e-09	-0.000105928
1.80163e-09	-0.000106213
1.80167e-09	-0.000106497
1.80172e-09	-0.000106781
1.80176e-09	-0.000107064
1.80181e-09	-0.000107347
1.80186e-09	-0.000107629
1.8019e-09	-0.000107911
1.80195e-09	-0.000108192
1.802e-09	-0.000108472
1.80204e-09	-0.000108753
1.80209e-09	-0.000109032
1.80214e-09	-0.000109311
1.80218e-09	-0.00010959
1.80223e-09	-0.000109868
1.80228e-09	-0.000110145
1.80232e-09	-0.000110422
1.80237e-09	-0.000110699
1.80241e-09	-0.000110975
1.80246e-09	-0.00011125
1.80251e-09	-0.000111525
1.80255e-09	-0.000111799
1.8026e-09	-0.000112073
1.80265e-09	-0.000112346
1.80269e-09	-0.000112619
1.80274e-09	-0.000112892
1.80279e-09	-0.000113163
1.80283e-09	-0.000113435
1.80288e-09	-0.000113705
1.80293e-09	-0.000113976
1.80297e-09	-0.000114245
1.80302e-09	-0.000114514
1.80306e-09	-0.000114783
1.80311e-09	-0.000115051
1.80316e-09	-0.000115319
1.8032e-09	-0.000115586
1.80325e-09	-0.000115853
1.8033e-09	-0.000116119
1.80334e-09	-0.000116385
1.80339e-09	-0.00011665
1.80344e-09	-0.000116914
1.80348e-09	-0.000117178
1.80353e-09	-0.000117442
1.80357e-09	-0.000117705
1.80362e-09	-0.000117967
1.80367e-09	-0.00011823
1.80371e-09	-0.000118491
1.80376e-09	-0.000118752
1.80381e-09	-0.000119013
1.80385e-09	-0.000119273
1.8039e-09	-0.000119532
1.80395e-09	-0.000119791
1.80399e-09	-0.00012005
1.80404e-09	-0.000120308
1.80409e-09	-0.000120565
1.80413e-09	-0.000120822
1.80418e-09	-0.000121079
1.80422e-09	-0.000121335
1.80427e-09	-0.00012159
1.80432e-09	-0.000121845
1.80436e-09	-0.0001221
1.80441e-09	-0.000122354
1.80446e-09	-0.000122607
1.8045e-09	-0.00012286
1.80455e-09	-0.000123113
1.8046e-09	-0.000123365
1.80464e-09	-0.000123616
1.80469e-09	-0.000123868
1.80474e-09	-0.000124118
1.80478e-09	-0.000124368
1.80483e-09	-0.000124618
1.80487e-09	-0.000124867
1.80492e-09	-0.000125115
1.80497e-09	-0.000125363
1.80501e-09	-0.000125611
1.80506e-09	-0.000125858
1.80511e-09	-0.000126105
1.80515e-09	-0.000126351
1.8052e-09	-0.000126596
1.80525e-09	-0.000126842
1.80529e-09	-0.000127086
1.80534e-09	-0.00012733
1.80539e-09	-0.000127574
1.80543e-09	-0.000127817
1.80548e-09	-0.00012806
1.80552e-09	-0.000128302
1.80557e-09	-0.000128544
1.80562e-09	-0.000128785
1.80566e-09	-0.000129026
1.80571e-09	-0.000129266
1.80576e-09	-0.000129506
1.8058e-09	-0.000129745
1.80585e-09	-0.000129984
1.8059e-09	-0.000130222
1.80594e-09	-0.00013046
1.80599e-09	-0.000130698
1.80604e-09	-0.000130935
1.80608e-09	-0.000131171
1.80613e-09	-0.000131407
1.80617e-09	-0.000131642
1.80622e-09	-0.000131877
1.80627e-09	-0.000132112
1.80631e-09	-0.000132346
1.80636e-09	-0.00013258
1.80641e-09	-0.000132813
1.80645e-09	-0.000133045
1.8065e-09	-0.000133277
1.80655e-09	-0.000133509
1.80659e-09	-0.00013374
1.80664e-09	-0.000133971
1.80668e-09	-0.000134201
1.80673e-09	-0.000134431
1.80678e-09	-0.00013466
1.80682e-09	-0.000134889
1.80687e-09	-0.000135117
1.80692e-09	-0.000135345
1.80696e-09	-0.000135573
1.80701e-09	-0.0001358
1.80706e-09	-0.000136026
1.8071e-09	-0.000136252
1.80715e-09	-0.000136478
1.8072e-09	-0.000136703
1.80724e-09	-0.000136927
1.80729e-09	-0.000137152
1.80733e-09	-0.000137375
1.80738e-09	-0.000137599
1.80743e-09	-0.000137821
1.80747e-09	-0.000138044
1.80752e-09	-0.000138265
1.80757e-09	-0.000138487
1.80761e-09	-0.000138708
1.80766e-09	-0.000138928
1.80771e-09	-0.000139148
1.80775e-09	-0.000139368
1.8078e-09	-0.000139587
1.80785e-09	-0.000139805
1.80789e-09	-0.000140023
1.80794e-09	-0.000140241
1.80798e-09	-0.000140458
1.80803e-09	-0.000140675
1.80808e-09	-0.000140891
1.80812e-09	-0.000141107
1.80817e-09	-0.000141323
1.80822e-09	-0.000141537
1.80826e-09	-0.000141752
1.80831e-09	-0.000141966
1.80836e-09	-0.00014218
1.8084e-09	-0.000142393
1.80845e-09	-0.000142605
1.8085e-09	-0.000142818
1.80854e-09	-0.000143029
1.80859e-09	-0.000143241
1.80863e-09	-0.000143451
1.80868e-09	-0.000143662
1.80873e-09	-0.000143872
1.80877e-09	-0.000144081
1.80882e-09	-0.00014429
1.80887e-09	-0.000144499
1.80891e-09	-0.000144707
1.80896e-09	-0.000144915
1.80901e-09	-0.000145122
1.80905e-09	-0.000145329
1.8091e-09	-0.000145535
1.80915e-09	-0.000145741
1.80919e-09	-0.000145947
1.80924e-09	-0.000146152
1.80928e-09	-0.000146356
1.80933e-09	-0.00014656
1.80938e-09	-0.000146764
1.80942e-09	-0.000146967
1.80947e-09	-0.00014717
1.80952e-09	-0.000147373
1.80956e-09	-0.000147574
1.80961e-09	-0.000147776
1.80966e-09	-0.000147977
1.8097e-09	-0.000148178
1.80975e-09	-0.000148378
1.80979e-09	-0.000148578
1.80984e-09	-0.000148777
1.80989e-09	-0.000148976
1.80993e-09	-0.000149174
1.80998e-09	-0.000149372
1.81003e-09	-0.00014957
1.81007e-09	-0.000149767
1.81012e-09	-0.000149963
1.81017e-09	-0.00015016
1.81021e-09	-0.000150355
1.81026e-09	-0.000150551
1.81031e-09	-0.000150746
1.81035e-09	-0.00015094
1.8104e-09	-0.000151134
1.81044e-09	-0.000151328
1.81049e-09	-0.000151521
1.81054e-09	-0.000151714
1.81058e-09	-0.000151906
1.81063e-09	-0.000152098
1.81068e-09	-0.00015229
1.81072e-09	-0.000152481
1.81077e-09	-0.000152671
1.81082e-09	-0.000152862
1.81086e-09	-0.000153051
1.81091e-09	-0.000153241
1.81096e-09	-0.00015343
1.811e-09	-0.000153618
1.81105e-09	-0.000153806
1.81109e-09	-0.000153994
1.81114e-09	-0.000154181
1.81119e-09	-0.000154368
1.81123e-09	-0.000154554
1.81128e-09	-0.00015474
1.81133e-09	-0.000154926
1.81137e-09	-0.000155111
1.81142e-09	-0.000155295
1.81147e-09	-0.00015548
1.81151e-09	-0.000155663
1.81156e-09	-0.000155847
1.81161e-09	-0.00015603
1.81165e-09	-0.000156212
1.8117e-09	-0.000156395
1.81174e-09	-0.000156576
1.81179e-09	-0.000156758
1.81184e-09	-0.000156939
1.81188e-09	-0.000157119
1.81193e-09	-0.000157299
1.81198e-09	-0.000157479
1.81202e-09	-0.000157658
1.81207e-09	-0.000157837
1.81212e-09	-0.000158015
1.81216e-09	-0.000158193
1.81221e-09	-0.000158371
1.81226e-09	-0.000158548
1.8123e-09	-0.000158725
1.81235e-09	-0.000158901
1.81239e-09	-0.000159077
1.81244e-09	-0.000159252
1.81249e-09	-0.000159428
1.81253e-09	-0.000159602
1.81258e-09	-0.000159777
1.81263e-09	-0.00015995
1.81267e-09	-0.000160124
1.81272e-09	-0.000160297
1.81277e-09	-0.00016047
1.81281e-09	-0.000160642
1.81286e-09	-0.000160814
1.8129e-09	-0.000160985
1.81295e-09	-0.000161156
1.813e-09	-0.000161327
1.81304e-09	-0.000161497
1.81309e-09	-0.000161667
1.81314e-09	-0.000161836
1.81318e-09	-0.000162005
1.81323e-09	-0.000162174
1.81328e-09	-0.000162342
1.81332e-09	-0.00016251
1.81337e-09	-0.000162677
1.81342e-09	-0.000162844
1.81346e-09	-0.000163011
1.81351e-09	-0.000163177
1.81355e-09	-0.000163343
1.8136e-09	-0.000163508
1.81365e-09	-0.000163673
1.81369e-09	-0.000163837
1.81374e-09	-0.000164002
1.81379e-09	-0.000164165
1.81383e-09	-0.000164329
1.81388e-09	-0.000164492
1.81393e-09	-0.000164654
1.81397e-09	-0.000164817
1.81402e-09	-0.000164978
1.81407e-09	-0.00016514
1.81411e-09	-0.000165301
1.81416e-09	-0.000165461
1.8142e-09	-0.000165622
1.81425e-09	-0.000165781
1.8143e-09	-0.000165941
1.81434e-09	-0.0001661
1.81439e-09	-0.000166259
1.81444e-09	-0.000166417
1.81448e-09	-0.000166575
1.81453e-09	-0.000166732
1.81458e-09	-0.000166889
1.81462e-09	-0.000167046
1.81467e-09	-0.000167202
1.81472e-09	-0.000167358
1.81476e-09	-0.000167514
1.81481e-09	-0.000167669
1.81485e-09	-0.000167824
1.8149e-09	-0.000167978
1.81495e-09	-0.000168132
1.81499e-09	-0.000168286
1.81504e-09	-0.000168439
1.81509e-09	-0.000168592
1.81513e-09	-0.000168744
1.81518e-09	-0.000168896
1.81523e-09	-0.000169048
1.81527e-09	-0.000169199
1.81532e-09	-0.00016935
1.81536e-09	-0.0001695
1.81541e-09	-0.000169651
1.81546e-09	-0.0001698
1.8155e-09	-0.00016995
1.81555e-09	-0.000170099
1.8156e-09	-0.000170247
1.81564e-09	-0.000170396
1.81569e-09	-0.000170543
1.81574e-09	-0.000170691
1.81578e-09	-0.000170838
1.81583e-09	-0.000170985
1.81588e-09	-0.000171131
1.81592e-09	-0.000171277
1.81597e-09	-0.000171423
1.81601e-09	-0.000171568
1.81606e-09	-0.000171713
1.81611e-09	-0.000171857
1.81615e-09	-0.000172001
1.8162e-09	-0.000172145
1.81625e-09	-0.000172288
1.81629e-09	-0.000172431
1.81634e-09	-0.000172574
1.81639e-09	-0.000172716
1.81643e-09	-0.000172858
1.81648e-09	-0.000172999
1.81653e-09	-0.000173141
1.81657e-09	-0.000173281
1.81662e-09	-0.000173422
1.81666e-09	-0.000173562
1.81671e-09	-0.000173701
1.81676e-09	-0.000173841
1.8168e-09	-0.000173979
1.81685e-09	-0.000174118
1.8169e-09	-0.000174256
1.81694e-09	-0.000174394
1.81699e-09	-0.000174531
1.81704e-09	-0.000174668
1.81708e-09	-0.000174805
1.81713e-09	-0.000174941
1.81718e-09	-0.000175077
1.81722e-09	-0.000175213
1.81727e-09	-0.000175348
1.81731e-09	-0.000175483
1.81736e-09	-0.000175618
1.81741e-09	-0.000175752
1.81745e-09	-0.000175885
1.8175e-09	-0.000176019
1.81755e-09	-0.000176152
1.81759e-09	-0.000176285
1.81764e-09	-0.000176417
1.81769e-09	-0.000176549
1.81773e-09	-0.00017668
1.81778e-09	-0.000176812
1.81783e-09	-0.000176943
1.81787e-09	-0.000177073
1.81792e-09	-0.000177203
1.81796e-09	-0.000177333
1.81801e-09	-0.000177463
1.81806e-09	-0.000177592
1.8181e-09	-0.00017772
1.81815e-09	-0.000177849
1.8182e-09	-0.000177977
1.81824e-09	-0.000178104
1.81829e-09	-0.000178232
1.81834e-09	-0.000178359
1.81838e-09	-0.000178485
1.81843e-09	-0.000178612
1.81847e-09	-0.000178738
1.81852e-09	-0.000178863
1.81857e-09	-0.000178988
1.81861e-09	-0.000179113
1.81866e-09	-0.000179238
1.81871e-09	-0.000179362
1.81875e-09	-0.000179486
1.8188e-09	-0.000179609
1.81885e-09	-0.000179732
1.81889e-09	-0.000179855
1.81894e-09	-0.000179977
1.81899e-09	-0.000180099
1.81903e-09	-0.000180221
1.81908e-09	-0.000180342
1.81912e-09	-0.000180463
1.81917e-09	-0.000180584
1.81922e-09	-0.000180704
1.81926e-09	-0.000180824
1.81931e-09	-0.000180944
1.81936e-09	-0.000181063
1.8194e-09	-0.000181182
1.81945e-09	-0.000181301
1.8195e-09	-0.000181419
1.81954e-09	-0.000181537
1.81959e-09	-0.000181654
1.81964e-09	-0.000181772
1.81968e-09	-0.000181889
1.81973e-09	-0.000182005
1.81977e-09	-0.000182121
1.81982e-09	-0.000182237
1.81987e-09	-0.000182353
1.81991e-09	-0.000182468
1.81996e-09	-0.000182583
1.82001e-09	-0.000182697
1.82005e-09	-0.000182811
1.8201e-09	-0.000182925
1.82015e-09	-0.000183039
1.82019e-09	-0.000183152
1.82024e-09	-0.000183265
1.82029e-09	-0.000183377
1.82033e-09	-0.000183489
1.82038e-09	-0.000183601
1.82042e-09	-0.000183712
1.82047e-09	-0.000183823
1.82052e-09	-0.000183934
1.82056e-09	-0.000184045
1.82061e-09	-0.000184155
1.82066e-09	-0.000184265
1.8207e-09	-0.000184374
1.82075e-09	-0.000184483
1.8208e-09	-0.000184592
1.82084e-09	-0.0001847
1.82089e-09	-0.000184809
1.82094e-09	-0.000184916
1.82098e-09	-0.000185024
1.82103e-09	-0.000185131
1.82107e-09	-0.000185238
1.82112e-09	-0.000185344
1.82117e-09	-0.00018545
1.82121e-09	-0.000185556
1.82126e-09	-0.000185662
1.82131e-09	-0.000185767
1.82135e-09	-0.000185872
1.8214e-09	-0.000185976
1.82145e-09	-0.00018608
1.82149e-09	-0.000186184
1.82154e-09	-0.000186288
1.82158e-09	-0.000186391
1.82163e-09	-0.000186494
1.82168e-09	-0.000186596
1.82172e-09	-0.000186699
1.82177e-09	-0.000186801
1.82182e-09	-0.000186902
1.82186e-09	-0.000187003
1.82191e-09	-0.000187104
1.82196e-09	-0.000187205
1.822e-09	-0.000187305
1.82205e-09	-0.000187405
1.8221e-09	-0.000187505
1.82214e-09	-0.000187604
1.82219e-09	-0.000187703
1.82223e-09	-0.000187802
1.82228e-09	-0.0001879
1.82233e-09	-0.000187998
1.82237e-09	-0.000188096
1.82242e-09	-0.000188194
1.82247e-09	-0.000188291
1.82251e-09	-0.000188387
1.82256e-09	-0.000188484
1.82261e-09	-0.00018858
1.82265e-09	-0.000188676
1.8227e-09	-0.000188771
1.82275e-09	-0.000188867
1.82279e-09	-0.000188962
1.82284e-09	-0.000189056
1.82288e-09	-0.00018915
1.82293e-09	-0.000189244
1.82298e-09	-0.000189338
1.82302e-09	-0.000189431
1.82307e-09	-0.000189524
1.82312e-09	-0.000189617
1.82316e-09	-0.000189709
1.82321e-09	-0.000189801
1.82326e-09	-0.000189893
1.8233e-09	-0.000189985
1.82335e-09	-0.000190076
1.8234e-09	-0.000190167
1.82344e-09	-0.000190257
1.82349e-09	-0.000190347
1.82353e-09	-0.000190437
1.82358e-09	-0.000190527
1.82363e-09	-0.000190616
1.82367e-09	-0.000190705
1.82372e-09	-0.000190794
1.82377e-09	-0.000190882
1.82381e-09	-0.00019097
1.82386e-09	-0.000191058
1.82391e-09	-0.000191146
1.82395e-09	-0.000191233
1.824e-09	-0.00019132
1.82405e-09	-0.000191406
1.82409e-09	-0.000191492
1.82414e-09	-0.000191578
1.82418e-09	-0.000191664
1.82423e-09	-0.000191749
1.82428e-09	-0.000191834
1.82432e-09	-0.000191919
1.82437e-09	-0.000192003
1.82442e-09	-0.000192088
1.82446e-09	-0.000192171
1.82451e-09	-0.000192255
1.82456e-09	-0.000192338
1.8246e-09	-0.000192421
1.82465e-09	-0.000192504
1.82469e-09	-0.000192586
1.82474e-09	-0.000192668
1.82479e-09	-0.00019275
1.82483e-09	-0.000192831
1.82488e-09	-0.000192912
1.82493e-09	-0.000192993
1.82497e-09	-0.000193074
1.82502e-09	-0.000193154
1.82507e-09	-0.000193234
1.82511e-09	-0.000193314
1.82516e-09	-0.000193393
1.82521e-09	-0.000193472
1.82525e-09	-0.000193551
1.8253e-09	-0.000193629
1.82534e-09	-0.000193707
1.82539e-09	-0.000193785
1.82544e-09	-0.000193863
1.82548e-09	-0.00019394
1.82553e-09	-0.000194017
1.82558e-09	-0.000194094
1.82562e-09	-0.00019417
1.82567e-09	-0.000194246
1.82572e-09	-0.000194322
1.82576e-09	-0.000194398
1.82581e-09	-0.000194473
1.82586e-09	-0.000194548
1.8259e-09	-0.000194623
1.82595e-09	-0.000194697
1.82599e-09	-0.000194771
1.82604e-09	-0.000194845
1.82609e-09	-0.000194919
1.82613e-09	-0.000194992
1.82618e-09	-0.000195065
1.82623e-09	-0.000195138
1.82627e-09	-0.00019521
1.82632e-09	-0.000195282
1.82637e-09	-0.000195354
1.82641e-09	-0.000195425
1.82646e-09	-0.000195497
1.82651e-09	-0.000195568
1.82655e-09	-0.000195638
1.8266e-09	-0.000195709
1.82664e-09	-0.000195779
1.82669e-09	-0.000195849
1.82674e-09	-0.000195918
1.82678e-09	-0.000195988
1.82683e-09	-0.000196057
1.82688e-09	-0.000196125
1.82692e-09	-0.000196194
1.82697e-09	-0.000196262
1.82702e-09	-0.00019633
1.82706e-09	-0.000196397
1.82711e-09	-0.000196465
1.82716e-09	-0.000196532
1.8272e-09	-0.000196598
1.82725e-09	-0.000196665
1.82729e-09	-0.000196731
1.82734e-09	-0.000196797
1.82739e-09	-0.000196863
1.82743e-09	-0.000196928
1.82748e-09	-0.000196993
1.82753e-09	-0.000197058
1.82757e-09	-0.000197123
1.82762e-09	-0.000197187
1.82767e-09	-0.000197251
1.82771e-09	-0.000197315
1.82776e-09	-0.000197378
1.8278e-09	-0.000197441
1.82785e-09	-0.000197504
1.8279e-09	-0.000197567
1.82794e-09	-0.000197629
1.82799e-09	-0.000197691
1.82804e-09	-0.000197753
1.82808e-09	-0.000197814
1.82813e-09	-0.000197876
1.82818e-09	-0.000197937
1.82822e-09	-0.000197997
1.82827e-09	-0.000198058
1.82832e-09	-0.000198118
1.82836e-09	-0.000198178
1.82841e-09	-0.000198238
1.82845e-09	-0.000198297
1.8285e-09	-0.000198356
1.82855e-09	-0.000198415
1.82859e-09	-0.000198474
1.82864e-09	-0.000198532
1.82869e-09	-0.00019859
1.82873e-09	-0.000198648
1.82878e-09	-0.000198705
1.82883e-09	-0.000198762
1.82887e-09	-0.000198819
1.82892e-09	-0.000198876
1.82897e-09	-0.000198933
1.82901e-09	-0.000198989
1.82906e-09	-0.000199045
1.8291e-09	-0.0001991
1.82915e-09	-0.000199156
1.8292e-09	-0.000199211
1.82924e-09	-0.000199266
1.82929e-09	-0.00019932
1.82934e-09	-0.000199375
1.82938e-09	-0.000199429
1.82943e-09	-0.000199483
1.82948e-09	-0.000199536
1.82952e-09	-0.000199589
1.82957e-09	-0.000199642
1.82962e-09	-0.000199695
1.82966e-09	-0.000199748
1.82971e-09	-0.0001998
1.82975e-09	-0.000199852
1.8298e-09	-0.000199904
1.82985e-09	-0.000199955
1.82989e-09	-0.000200006
1.82994e-09	-0.000200057
1.82999e-09	-0.000200108
1.83003e-09	-0.000200159
1.83008e-09	-0.000200209
1.83013e-09	-0.000200259
1.83017e-09	-0.000200308
1.83022e-09	-0.000200358
1.83027e-09	-0.000200407
1.83031e-09	-0.000200456
1.83036e-09	-0.000200505
1.8304e-09	-0.000200553
1.83045e-09	-0.000200601
1.8305e-09	-0.000200649
1.83054e-09	-0.000200697
1.83059e-09	-0.000200744
1.83064e-09	-0.000200791
1.83068e-09	-0.000200838
1.83073e-09	-0.000200885
1.83078e-09	-0.000200931
1.83082e-09	-0.000200978
1.83087e-09	-0.000201023
1.83091e-09	-0.000201069
1.83096e-09	-0.000201114
1.83101e-09	-0.00020116
1.83105e-09	-0.000201205
1.8311e-09	-0.000201249
1.83115e-09	-0.000201294
1.83119e-09	-0.000201338
1.83124e-09	-0.000201382
1.83129e-09	-0.000201425
1.83133e-09	-0.000201469
1.83138e-09	-0.000201512
1.83143e-09	-0.000201555
1.83147e-09	-0.000201597
1.83152e-09	-0.00020164
1.83156e-09	-0.000201682
1.83161e-09	-0.000201724
1.83166e-09	-0.000201766
1.8317e-09	-0.000201807
1.83175e-09	-0.000201848
1.8318e-09	-0.000201889
1.83184e-09	-0.00020193
1.83189e-09	-0.000201971
1.83194e-09	-0.000202011
1.83198e-09	-0.000202051
1.83203e-09	-0.000202091
1.83208e-09	-0.00020213
1.83212e-09	-0.000202169
1.83217e-09	-0.000202208
1.83221e-09	-0.000202247
1.83226e-09	-0.000202286
1.83231e-09	-0.000202324
1.83235e-09	-0.000202362
1.8324e-09	-0.0002024
1.83245e-09	-0.000202437
1.83249e-09	-0.000202475
1.83254e-09	-0.000202512
1.83259e-09	-0.000202549
1.83263e-09	-0.000202585
1.83268e-09	-0.000202622
1.83273e-09	-0.000202658
1.83277e-09	-0.000202694
1.83282e-09	-0.00020273
1.83286e-09	-0.000202765
1.83291e-09	-0.0002028
1.83296e-09	-0.000202835
1.833e-09	-0.00020287
1.83305e-09	-0.000202905
1.8331e-09	-0.000202939
1.83314e-09	-0.000202973
1.83319e-09	-0.000203007
1.83324e-09	-0.00020304
1.83328e-09	-0.000203074
1.83333e-09	-0.000203107
1.83337e-09	-0.00020314
1.83342e-09	-0.000203172
1.83347e-09	-0.000203205
1.83351e-09	-0.000203237
1.83356e-09	-0.000203269
1.83361e-09	-0.000203301
1.83365e-09	-0.000203332
1.8337e-09	-0.000203363
1.83375e-09	-0.000203394
1.83379e-09	-0.000203425
1.83384e-09	-0.000203456
1.83389e-09	-0.000203486
1.83393e-09	-0.000203516
1.83398e-09	-0.000203546
1.83402e-09	-0.000203576
1.83407e-09	-0.000203605
1.83412e-09	-0.000203634
1.83416e-09	-0.000203663
1.83421e-09	-0.000203692
1.83426e-09	-0.000203721
1.8343e-09	-0.000203749
1.83435e-09	-0.000203777
1.8344e-09	-0.000203805
1.83444e-09	-0.000203833
1.83449e-09	-0.00020386
1.83454e-09	-0.000203887
1.83458e-09	-0.000203914
1.83463e-09	-0.000203941
1.83467e-09	-0.000203967
1.83472e-09	-0.000203994
1.83477e-09	-0.00020402
1.83481e-09	-0.000204046
1.83486e-09	-0.000204071
1.83491e-09	-0.000204097
1.83495e-09	-0.000204122
1.835e-09	-0.000204147
1.83505e-09	-0.000204172
1.83509e-09	-0.000204196
1.83514e-09	-0.00020422
1.83519e-09	-0.000204244
1.83523e-09	-0.000204268
1.83528e-09	-0.000204292
1.83532e-09	-0.000204315
1.83537e-09	-0.000204339
1.83542e-09	-0.000204362
1.83546e-09	-0.000204384
1.83551e-09	-0.000204407
1.83556e-09	-0.000204429
1.8356e-09	-0.000204451
1.83565e-09	-0.000204473
1.8357e-09	-0.000204495
1.83574e-09	-0.000204516
1.83579e-09	-0.000204538
1.83584e-09	-0.000204559
1.83588e-09	-0.00020458
1.83593e-09	-0.0002046
1.83597e-09	-0.000204621
1.83602e-09	-0.000204641
1.83607e-09	-0.000204661
1.83611e-09	-0.00020468
1.83616e-09	-0.0002047
1.83621e-09	-0.000204719
1.83625e-09	-0.000204738
1.8363e-09	-0.000204757
1.83635e-09	-0.000204776
1.83639e-09	-0.000204795
1.83644e-09	-0.000204813
1.83648e-09	-0.000204831
1.83653e-09	-0.000204849
1.83658e-09	-0.000204866
1.83662e-09	-0.000204884
1.83667e-09	-0.000204901
1.83672e-09	-0.000204918
1.83676e-09	-0.000204935
1.83681e-09	-0.000204951
1.83686e-09	-0.000204968
1.8369e-09	-0.000204984
1.83695e-09	-0.000205
1.837e-09	-0.000205016
1.83704e-09	-0.000205031
1.83709e-09	-0.000205047
1.83713e-09	-0.000205062
1.83718e-09	-0.000205077
1.83723e-09	-0.000205091
1.83727e-09	-0.000205106
1.83732e-09	-0.00020512
1.83737e-09	-0.000205134
1.83741e-09	-0.000205148
1.83746e-09	-0.000205162
1.83751e-09	-0.000205175
1.83755e-09	-0.000205189
1.8376e-09	-0.000205202
1.83765e-09	-0.000205215
1.83769e-09	-0.000205227
1.83774e-09	-0.00020524
1.83778e-09	-0.000205252
1.83783e-09	-0.000205264
1.83788e-09	-0.000205276
1.83792e-09	-0.000205288
1.83797e-09	-0.000205299
1.83802e-09	-0.000205311
1.83806e-09	-0.000205322
1.83811e-09	-0.000205332
1.83816e-09	-0.000205343
1.8382e-09	-0.000205354
1.83825e-09	-0.000205364
1.8383e-09	-0.000205374
1.83834e-09	-0.000205384
1.83839e-09	-0.000205394
1.83843e-09	-0.000205403
1.83848e-09	-0.000205412
1.83853e-09	-0.000205421
1.83857e-09	-0.00020543
1.83862e-09	-0.000205439
1.83867e-09	-0.000205447
1.83871e-09	-0.000205456
1.83876e-09	-0.000205464
1.83881e-09	-0.000205472
1.83885e-09	-0.000205479
1.8389e-09	-0.000205487
1.83895e-09	-0.000205494
1.83899e-09	-0.000205501
1.83904e-09	-0.000205508
1.83908e-09	-0.000205515
1.83913e-09	-0.000205522
1.83918e-09	-0.000205528
1.83922e-09	-0.000205534
1.83927e-09	-0.00020554
1.83932e-09	-0.000205546
1.83936e-09	-0.000205551
1.83941e-09	-0.000205557
1.83946e-09	-0.000205562
1.8395e-09	-0.000205567
1.83955e-09	-0.000205572
1.83959e-09	-0.000205576
1.83964e-09	-0.000205581
1.83969e-09	-0.000205585
1.83973e-09	-0.000205589
1.83978e-09	-0.000205593
1.83983e-09	-0.000205597
1.83987e-09	-0.0002056
1.83992e-09	-0.000205603
1.83997e-09	-0.000205607
1.84001e-09	-0.000205609
1.84006e-09	-0.000205612
1.84011e-09	-0.000205615
1.84015e-09	-0.000205617
1.8402e-09	-0.000205619
1.84024e-09	-0.000205621
1.84029e-09	-0.000205623
1.84034e-09	-0.000205625
1.84038e-09	-0.000205626
1.84043e-09	-0.000205627
1.84048e-09	-0.000205628
1.84052e-09	-0.000205629
1.84057e-09	-0.00020563
1.84062e-09	-0.00020563
1.84066e-09	-0.000205631
1.84071e-09	-0.000205631
1.84076e-09	-0.000205631
1.8408e-09	-0.000205631
1.84085e-09	-0.00020563
1.84089e-09	-0.00020563
1.84094e-09	-0.000205629
1.84099e-09	-0.000205628
1.84103e-09	-0.000205627
1.84108e-09	-0.000205625
1.84113e-09	-0.000205624
1.84117e-09	-0.000205622
1.84122e-09	-0.00020562
1.84127e-09	-0.000205618
1.84131e-09	-0.000205616
1.84136e-09	-0.000205614
1.84141e-09	-0.000205611
1.84145e-09	-0.000205608
1.8415e-09	-0.000205605
1.84154e-09	-0.000205602
1.84159e-09	-0.000205599
1.84164e-09	-0.000205595
1.84168e-09	-0.000205592
1.84173e-09	-0.000205588
1.84178e-09	-0.000205584
1.84182e-09	-0.00020558
1.84187e-09	-0.000205575
1.84192e-09	-0.000205571
1.84196e-09	-0.000205566
1.84201e-09	-0.000205561
1.84206e-09	-0.000205556
1.8421e-09	-0.000205551
1.84215e-09	-0.000205545
1.84219e-09	-0.00020554
1.84224e-09	-0.000205534
1.84229e-09	-0.000205528
1.84233e-09	-0.000205522
1.84238e-09	-0.000205515
1.84243e-09	-0.000205509
1.84247e-09	-0.000205502
1.84252e-09	-0.000205495
1.84257e-09	-0.000205488
1.84261e-09	-0.000205481
1.84266e-09	-0.000205474
1.8427e-09	-0.000205466
1.84275e-09	-0.000205459
1.8428e-09	-0.000205451
1.84284e-09	-0.000205443
1.84289e-09	-0.000205435
1.84294e-09	-0.000205426
1.84298e-09	-0.000205418
1.84303e-09	-0.000205409
1.84308e-09	-0.0002054
1.84312e-09	-0.000205391
1.84317e-09	-0.000205382
1.84322e-09	-0.000205373
1.84326e-09	-0.000205363
1.84331e-09	-0.000205353
1.84335e-09	-0.000205343
1.8434e-09	-0.000205333
1.84345e-09	-0.000205323
1.84349e-09	-0.000205313
1.84354e-09	-0.000205302
1.84359e-09	-0.000205291
1.84363e-09	-0.000205281
1.84368e-09	-0.000205269
1.84373e-09	-0.000205258
1.84377e-09	-0.000205247
1.84382e-09	-0.000205235
1.84387e-09	-0.000205224
1.84391e-09	-0.000205212
1.84396e-09	-0.0002052
1.844e-09	-0.000205187
1.84405e-09	-0.000205175
1.8441e-09	-0.000205162
1.84414e-09	-0.00020515
1.84419e-09	-0.000205137
1.84424e-09	-0.000205124
1.84428e-09	-0.000205111
1.84433e-09	-0.000205097
1.84438e-09	-0.000205084
1.84442e-09	-0.00020507
1.84447e-09	-0.000205056
1.84452e-09	-0.000205042
1.84456e-09	-0.000205028
1.84461e-09	-0.000205014
1.84465e-09	-0.000204999
1.8447e-09	-0.000204985
1.84475e-09	-0.00020497
1.84479e-09	-0.000204955
1.84484e-09	-0.00020494
1.84489e-09	-0.000204924
1.84493e-09	-0.000204909
1.84498e-09	-0.000204893
1.84503e-09	-0.000204878
1.84507e-09	-0.000204862
1.84512e-09	-0.000204846
1.84517e-09	-0.000204829
1.84521e-09	-0.000204813
1.84526e-09	-0.000204796
1.8453e-09	-0.00020478
1.84535e-09	-0.000204763
1.8454e-09	-0.000204746
1.84544e-09	-0.000204729
1.84549e-09	-0.000204711
1.84554e-09	-0.000204694
1.84558e-09	-0.000204676
1.84563e-09	-0.000204658
1.84568e-09	-0.00020464
1.84572e-09	-0.000204622
1.84577e-09	-0.000204604
1.84581e-09	-0.000204586
1.84586e-09	-0.000204567
1.84591e-09	-0.000204548
1.84595e-09	-0.000204529
1.846e-09	-0.00020451
1.84605e-09	-0.000204491
1.84609e-09	-0.000204472
1.84614e-09	-0.000204452
1.84619e-09	-0.000204433
1.84623e-09	-0.000204413
1.84628e-09	-0.000204393
1.84633e-09	-0.000204373
1.84637e-09	-0.000204352
1.84642e-09	-0.000204332
1.84646e-09	-0.000204312
1.84651e-09	-0.000204291
1.84656e-09	-0.00020427
1.8466e-09	-0.000204249
1.84665e-09	-0.000204228
1.8467e-09	-0.000204207
1.84674e-09	-0.000204185
1.84679e-09	-0.000204163
1.84684e-09	-0.000204142
1.84688e-09	-0.00020412
1.84693e-09	-0.000204098
1.84698e-09	-0.000204076
1.84702e-09	-0.000204053
1.84707e-09	-0.000204031
1.84711e-09	-0.000204008
1.84716e-09	-0.000203985
1.84721e-09	-0.000203962
1.84725e-09	-0.000203939
1.8473e-09	-0.000203916
1.84735e-09	-0.000203893
1.84739e-09	-0.000203869
1.84744e-09	-0.000203845
1.84749e-09	-0.000203822
1.84753e-09	-0.000203798
1.84758e-09	-0.000203774
1.84763e-09	-0.000203749
1.84767e-09	-0.000203725
1.84772e-09	-0.0002037
1.84776e-09	-0.000203676
1.84781e-09	-0.000203651
1.84786e-09	-0.000203626
1.8479e-09	-0.000203601
1.84795e-09	-0.000203576
1.848e-09	-0.00020355
1.84804e-09	-0.000203525
1.84809e-09	-0.000203499
1.84814e-09	-0.000203473
1.84818e-09	-0.000203447
1.84823e-09	-0.000203421
1.84828e-09	-0.000203395
1.84832e-09	-0.000203369
1.84837e-09	-0.000203342
1.84841e-09	-0.000203315
1.84846e-09	-0.000203289
1.84851e-09	-0.000203262
1.84855e-09	-0.000203235
1.8486e-09	-0.000203207
1.84865e-09	-0.00020318
1.84869e-09	-0.000203153
1.84874e-09	-0.000203125
1.84879e-09	-0.000203097
1.84883e-09	-0.000203069
1.84888e-09	-0.000203041
1.84892e-09	-0.000203013
1.84897e-09	-0.000202985
1.84902e-09	-0.000202956
1.84906e-09	-0.000202928
1.84911e-09	-0.000202899
1.84916e-09	-0.00020287
1.8492e-09	-0.000202841
1.84925e-09	-0.000202812
1.8493e-09	-0.000202783
1.84934e-09	-0.000202753
1.84939e-09	-0.000202724
1.84944e-09	-0.000202694
1.84948e-09	-0.000202664
1.84953e-09	-0.000202634
1.84957e-09	-0.000202604
1.84962e-09	-0.000202574
1.84967e-09	-0.000202543
1.84971e-09	-0.000202513
1.84976e-09	-0.000202482
1.84981e-09	-0.000202452
1.84985e-09	-0.000202421
1.8499e-09	-0.00020239
1.84995e-09	-0.000202359
1.84999e-09	-0.000202327
1.85004e-09	-0.000202296
1.85009e-09	-0.000202264
1.85013e-09	-0.000202233
1.85018e-09	-0.000202201
1.85022e-09	-0.000202169
1.85027e-09	-0.000202137
1.85032e-09	-0.000202105
1.85036e-09	-0.000202072
1.85041e-09	-0.00020204
1.85046e-09	-0.000202007
1.8505e-09	-0.000201974
1.85055e-09	-0.000201942
1.8506e-09	-0.000201909
1.85064e-09	-0.000201875
1.85069e-09	-0.000201842
1.85074e-09	-0.000201809
1.85078e-09	-0.000201775
1.85083e-09	-0.000201742
1.85087e-09	-0.000201708
1.85092e-09	-0.000201674
1.85097e-09	-0.00020164
1.85101e-09	-0.000201606
1.85106e-09	-0.000201572
1.85111e-09	-0.000201537
1.85115e-09	-0.000201503
1.8512e-09	-0.000201468
1.85125e-09	-0.000201433
1.85129e-09	-0.000201398
1.85134e-09	-0.000201363
1.85138e-09	-0.000201328
1.85143e-09	-0.000201293
1.85148e-09	-0.000201258
1.85152e-09	-0.000201222
1.85157e-09	-0.000201186
1.85162e-09	-0.000201151
1.85166e-09	-0.000201115
1.85171e-09	-0.000201079
1.85176e-09	-0.000201043
1.8518e-09	-0.000201006
1.85185e-09	-0.00020097
1.8519e-09	-0.000200933
1.85194e-09	-0.000200897
1.85199e-09	-0.00020086
1.85203e-09	-0.000200823
1.85208e-09	-0.000200786
1.85213e-09	-0.000200749
1.85217e-09	-0.000200712
1.85222e-09	-0.000200675
1.85227e-09	-0.000200637
1.85231e-09	-0.000200599
1.85236e-09	-0.000200562
1.85241e-09	-0.000200524
1.85245e-09	-0.000200486
1.8525e-09	-0.000200448
1.85255e-09	-0.00020041
1.85259e-09	-0.000200371
1.85264e-09	-0.000200333
1.85268e-09	-0.000200294
1.85273e-09	-0.000200256
1.85278e-09	-0.000200217
1.85282e-09	-0.000200178
1.85287e-09	-0.000200139
1.85292e-09	-0.0002001
1.85296e-09	-0.00020006
1.85301e-09	-0.000200021
1.85306e-09	-0.000199981
1.8531e-09	-0.000199942
1.85315e-09	-0.000199902
1.8532e-09	-0.000199862
1.85324e-09	-0.000199822
1.85329e-09	-0.000199782
1.85333e-09	-0.000199742
1.85338e-09	-0.000199702
1.85343e-09	-0.000199661
1.85347e-09	-0.000199621
1.85352e-09	-0.00019958
1.85357e-09	-0.000199539
1.85361e-09	-0.000199498
1.85366e-09	-0.000199457
1.85371e-09	-0.000199416
1.85375e-09	-0.000199375
1.8538e-09	-0.000199334
1.85385e-09	-0.000199292
1.85389e-09	-0.000199251
1.85394e-09	-0.000199209
1.85398e-09	-0.000199167
1.85403e-09	-0.000199125
1.85408e-09	-0.000199083
1.85412e-09	-0.000199041
1.85417e-09	-0.000198999
1.85422e-09	-0.000198956
1.85426e-09	-0.000198914
1.85431e-09	-0.000198871
1.85436e-09	-0.000198829
1.8544e-09	-0.000198786
1.85445e-09	-0.000198743
1.85449e-09	-0.0001987
1.85454e-09	-0.000198657
1.85459e-09	-0.000198613
1.85463e-09	-0.00019857
1.85468e-09	-0.000198526
1.85473e-09	-0.000198483
1.85477e-09	-0.000198439
1.85482e-09	-0.000198395
1.85487e-09	-0.000198351
1.85491e-09	-0.000198307
1.85496e-09	-0.000198263
1.85501e-09	-0.000198219
1.85505e-09	-0.000198175
1.8551e-09	-0.00019813
1.85514e-09	-0.000198086
1.85519e-09	-0.000198041
1.85524e-09	-0.000197996
1.85528e-09	-0.000197951
1.85533e-09	-0.000197906
1.85538e-09	-0.000197861
1.85542e-09	-0.000197816
1.85547e-09	-0.000197771
1.85552e-09	-0.000197725
1.85556e-09	-0.00019768
1.85561e-09	-0.000197634
1.85566e-09	-0.000197588
1.8557e-09	-0.000197543
1.85575e-09	-0.000197497
1.85579e-09	-0.000197451
1.85584e-09	-0.000197404
1.85589e-09	-0.000197358
1.85593e-09	-0.000197312
1.85598e-09	-0.000197265
1.85603e-09	-0.000197219
1.85607e-09	-0.000197172
1.85612e-09	-0.000197125
1.85617e-09	-0.000197078
1.85621e-09	-0.000197031
1.85626e-09	-0.000196984
1.85631e-09	-0.000196937
1.85635e-09	-0.00019689
1.8564e-09	-0.000196843
1.85644e-09	-0.000196795
1.85649e-09	-0.000196747
1.85654e-09	-0.0001967
1.85658e-09	-0.000196652
1.85663e-09	-0.000196604
1.85668e-09	-0.000196556
1.85672e-09	-0.000196508
1.85677e-09	-0.00019646
1.85682e-09	-0.000196411
1.85686e-09	-0.000196363
1.85691e-09	-0.000196315
1.85696e-09	-0.000196266
1.857e-09	-0.000196217
1.85705e-09	-0.000196168
1.85709e-09	-0.000196119
1.85714e-09	-0.00019607
1.85719e-09	-0.000196021
1.85723e-09	-0.000195972
1.85728e-09	-0.000195923
1.85733e-09	-0.000195873
1.85737e-09	-0.000195824
1.85742e-09	-0.000195774
1.85747e-09	-0.000195725
1.85751e-09	-0.000195675
1.85756e-09	-0.000195625
1.8576e-09	-0.000195575
1.85765e-09	-0.000195525
1.8577e-09	-0.000195475
1.85774e-09	-0.000195425
1.85779e-09	-0.000195374
1.85784e-09	-0.000195324
1.85788e-09	-0.000195273
1.85793e-09	-0.000195223
1.85798e-09	-0.000195172
1.85802e-09	-0.000195121
1.85807e-09	-0.00019507
1.85812e-09	-0.000195019
1.85816e-09	-0.000194968
1.85821e-09	-0.000194917
1.85825e-09	-0.000194865
1.8583e-09	-0.000194814
1.85835e-09	-0.000194762
1.85839e-09	-0.000194711
1.85844e-09	-0.000194659
1.85849e-09	-0.000194607
1.85853e-09	-0.000194555
1.85858e-09	-0.000194503
1.85863e-09	-0.000194451
1.85867e-09	-0.000194399
1.85872e-09	-0.000194347
1.85877e-09	-0.000194295
1.85881e-09	-0.000194242
1.85886e-09	-0.00019419
1.8589e-09	-0.000194137
1.85895e-09	-0.000194084
1.859e-09	-0.000194032
1.85904e-09	-0.000193979
1.85909e-09	-0.000193926
1.85914e-09	-0.000193873
1.85918e-09	-0.000193819
1.85923e-09	-0.000193766
1.85928e-09	-0.000193713
1.85932e-09	-0.000193659
1.85937e-09	-0.000193606
1.85942e-09	-0.000193552
1.85946e-09	-0.000193499
1.85951e-09	-0.000193445
1.85955e-09	-0.000193391
1.8596e-09	-0.000193337
1.85965e-09	-0.000193283
1.85969e-09	-0.000193229
1.85974e-09	-0.000193175
1.85979e-09	-0.00019312
1.85983e-09	-0.000193066
1.85988e-09	-0.000193011
1.85993e-09	-0.000192957
1.85997e-09	-0.000192902
1.86002e-09	-0.000192847
1.86007e-09	-0.000192792
1.86011e-09	-0.000192738
1.86016e-09	-0.000192683
1.8602e-09	-0.000192627
1.86025e-09	-0.000192572
1.8603e-09	-0.000192517
1.86034e-09	-0.000192462
1.86039e-09	-0.000192406
1.86044e-09	-0.000192351
1.86048e-09	-0.000192295
1.86053e-09	-0.000192239
1.86058e-09	-0.000192183
1.86062e-09	-0.000192128
1.86067e-09	-0.000192072
1.86071e-09	-0.000192016
1.86076e-09	-0.00019196
1.86081e-09	-0.000191903
1.86085e-09	-0.000191847
1.8609e-09	-0.000191791
1.86095e-09	-0.000191734
1.86099e-09	-0.000191678
1.86104e-09	-0.000191621
1.86109e-09	-0.000191564
1.86113e-09	-0.000191508
1.86118e-09	-0.000191451
1.86123e-09	-0.000191394
1.86127e-09	-0.000191337
1.86132e-09	-0.00019128
1.86136e-09	-0.000191222
1.86141e-09	-0.000191165
1.86146e-09	-0.000191108
1.8615e-09	-0.00019105
1.86155e-09	-0.000190993
1.8616e-09	-0.000190935
1.86164e-09	-0.000190877
1.86169e-09	-0.00019082
1.86174e-09	-0.000190762
1.86178e-09	-0.000190704
1.86183e-09	-0.000190646
1.86188e-09	-0.000190588
1.86192e-09	-0.00019053
1.86197e-09	-0.000190471
1.86201e-09	-0.000190413
1.86206e-09	-0.000190355
1.86211e-09	-0.000190296
1.86215e-09	-0.000190238
1.8622e-09	-0.000190179
1.86225e-09	-0.00019012
1.86229e-09	-0.000190061
1.86234e-09	-0.000190003
1.86239e-09	-0.000189944
1.86243e-09	-0.000189885
1.86248e-09	-0.000189825
1.86253e-09	-0.000189766
1.86257e-09	-0.000189707
1.86262e-09	-0.000189648
1.86266e-09	-0.000189588
1.86271e-09	-0.000189529
1.86276e-09	-0.000189469
1.8628e-09	-0.00018941
1.86285e-09	-0.00018935
1.8629e-09	-0.00018929
1.86294e-09	-0.00018923
1.86299e-09	-0.00018917
1.86304e-09	-0.00018911
1.86308e-09	-0.00018905
1.86313e-09	-0.00018899
1.86318e-09	-0.00018893
1.86322e-09	-0.000188869
1.86327e-09	-0.000188809
1.86331e-09	-0.000188748
1.86336e-09	-0.000188688
1.86341e-09	-0.000188627
1.86345e-09	-0.000188567
1.8635e-09	-0.000188506
1.86355e-09	-0.000188445
1.86359e-09	-0.000188384
1.86364e-09	-0.000188323
1.86369e-09	-0.000188262
1.86373e-09	-0.000188201
1.86378e-09	-0.00018814
1.86382e-09	-0.000188078
1.86387e-09	-0.000188017
1.86392e-09	-0.000187956
1.86396e-09	-0.000187894
1.86401e-09	-0.000187833
1.86406e-09	-0.000187771
1.8641e-09	-0.000187709
1.86415e-09	-0.000187647
1.8642e-09	-0.000187586
1.86424e-09	-0.000187524
1.86429e-09	-0.000187462
1.86434e-09	-0.0001874
1.86438e-09	-0.000187337
1.86443e-09	-0.000187275
1.86447e-09	-0.000187213
1.86452e-09	-0.000187151
1.86457e-09	-0.000187088
1.86461e-09	-0.000187026
1.86466e-09	-0.000186963
1.86471e-09	-0.000186901
1.86475e-09	-0.000186838
1.8648e-09	-0.000186775
1.86485e-09	-0.000186712
1.86489e-09	-0.000186649
1.86494e-09	-0.000186586
1.86499e-09	-0.000186523
1.86503e-09	-0.00018646
1.86508e-09	-0.000186397
1.86512e-09	-0.000186334
1.86517e-09	-0.000186271
1.86522e-09	-0.000186207
1.86526e-09	-0.000186144
1.86531e-09	-0.00018608
1.86536e-09	-0.000186017
1.8654e-09	-0.000185953
1.86545e-09	-0.000185889
1.8655e-09	-0.000185825
1.86554e-09	-0.000185762
1.86559e-09	-0.000185698
1.86564e-09	-0.000185634
1.86568e-09	-0.00018557
1.86573e-09	-0.000185506
1.86577e-09	-0.000185441
1.86582e-09	-0.000185377
1.86587e-09	-0.000185313
1.86591e-09	-0.000185249
1.86596e-09	-0.000185184
1.86601e-09	-0.00018512
1.86605e-09	-0.000185055
1.8661e-09	-0.00018499
1.86615e-09	-0.000184926
1.86619e-09	-0.000184861
1.86624e-09	-0.000184796
1.86628e-09	-0.000184731
1.86633e-09	-0.000184666
1.86638e-09	-0.000184601
1.86642e-09	-0.000184536
1.86647e-09	-0.000184471
1.86652e-09	-0.000184406
1.86656e-09	-0.000184341
1.86661e-09	-0.000184275
1.86666e-09	-0.00018421
1.8667e-09	-0.000184144
1.86675e-09	-0.000184079
1.8668e-09	-0.000184013
1.86684e-09	-0.000183948
1.86689e-09	-0.000183882
1.86693e-09	-0.000183816
1.86698e-09	-0.00018375
1.86703e-09	-0.000183685
1.86707e-09	-0.000183619
1.86712e-09	-0.000183553
1.86717e-09	-0.000183487
1.86721e-09	-0.00018342
1.86726e-09	-0.000183354
1.86731e-09	-0.000183288
1.86735e-09	-0.000183222
1.8674e-09	-0.000183155
1.86745e-09	-0.000183089
1.86749e-09	-0.000183022
1.86754e-09	-0.000182956
1.86758e-09	-0.000182889
1.86763e-09	-0.000182823
1.86768e-09	-0.000182756
1.86772e-09	-0.000182689
1.86777e-09	-0.000182622
1.86782e-09	-0.000182555
1.86786e-09	-0.000182488
1.86791e-09	-0.000182421
1.86796e-09	-0.000182354
1.868e-09	-0.000182287
1.86805e-09	-0.00018222
1.8681e-09	-0.000182153
1.86814e-09	-0.000182085
1.86819e-09	-0.000182018
1.86823e-09	-0.000181951
1.86828e-09	-0.000181883
1.86833e-09	-0.000181816
1.86837e-09	-0.000181748
1.86842e-09	-0.00018168
1.86847e-09	-0.000181613
1.86851e-09	-0.000181545
1.86856e-09	-0.000181477
1.86861e-09	-0.000181409
1.86865e-09	-0.000181341
1.8687e-09	-0.000181273
1.86875e-09	-0.000181205
1.86879e-09	-0.000181137
1.86884e-09	-0.000181069
1.86888e-09	-0.000181001
1.86893e-09	-0.000180933
1.86898e-09	-0.000180864
1.86902e-09	-0.000180796
1.86907e-09	-0.000180727
1.86912e-09	-0.000180659
1.86916e-09	-0.00018059
1.86921e-09	-0.000180522
1.86926e-09	-0.000180453
1.8693e-09	-0.000180385
1.86935e-09	-0.000180316
1.86939e-09	-0.000180247
1.86944e-09	-0.000180178
1.86949e-09	-0.000180109
1.86953e-09	-0.00018004
1.86958e-09	-0.000179971
1.86963e-09	-0.000179902
1.86967e-09	-0.000179833
1.86972e-09	-0.000179764
1.86977e-09	-0.000179695
1.86981e-09	-0.000179625
1.86986e-09	-0.000179556
1.86991e-09	-0.000179487
1.86995e-09	-0.000179417
1.87e-09	-0.000179348
1.87004e-09	-0.000179278
1.87009e-09	-0.000179209
1.87014e-09	-0.000179139
1.87018e-09	-0.000179069
1.87023e-09	-0.000179
1.87028e-09	-0.00017893
1.87032e-09	-0.00017886
1.87037e-09	-0.00017879
1.87042e-09	-0.00017872
1.87046e-09	-0.00017865
1.87051e-09	-0.00017858
1.87056e-09	-0.00017851
1.8706e-09	-0.00017844
1.87065e-09	-0.00017837
1.87069e-09	-0.000178299
1.87074e-09	-0.000178229
1.87079e-09	-0.000178159
1.87083e-09	-0.000178088
1.87088e-09	-0.000178018
1.87093e-09	-0.000177947
1.87097e-09	-0.000177877
1.87102e-09	-0.000177806
1.87107e-09	-0.000177736
1.87111e-09	-0.000177665
1.87116e-09	-0.000177594
1.87121e-09	-0.000177524
1.87125e-09	-0.000177453
1.8713e-09	-0.000177382
1.87134e-09	-0.000177311
1.87139e-09	-0.00017724
1.87144e-09	-0.000177169
1.87148e-09	-0.000177098
1.87153e-09	-0.000177027
1.87158e-09	-0.000176956
1.87162e-09	-0.000176884
1.87167e-09	-0.000176813
1.87172e-09	-0.000176742
1.87176e-09	-0.000176671
1.87181e-09	-0.000176599
1.87186e-09	-0.000176528
1.8719e-09	-0.000176456
1.87195e-09	-0.000176385
1.87199e-09	-0.000176313
1.87204e-09	-0.000176242
1.87209e-09	-0.00017617
1.87213e-09	-0.000176098
1.87218e-09	-0.000176026
1.87223e-09	-0.000175955
1.87227e-09	-0.000175883
1.87232e-09	-0.000175811
1.87237e-09	-0.000175739
1.87241e-09	-0.000175667
1.87246e-09	-0.000175595
1.8725e-09	-0.000175523
1.87255e-09	-0.000175451
1.8726e-09	-0.000175379
1.87264e-09	-0.000175306
1.87269e-09	-0.000175234
1.87274e-09	-0.000175162
1.87278e-09	-0.00017509
1.87283e-09	-0.000175017
1.87288e-09	-0.000174945
1.87292e-09	-0.000174872
1.87297e-09	-0.0001748
1.87302e-09	-0.000174727
1.87306e-09	-0.000174655
1.87311e-09	-0.000174582
1.87315e-09	-0.000174509
1.8732e-09	-0.000174437
1.87325e-09	-0.000174364
1.87329e-09	-0.000174291
1.87334e-09	-0.000174218
1.87339e-09	-0.000174146
1.87343e-09	-0.000174073
1.87348e-09	-0.000174
1.87353e-09	-0.000173927
1.87357e-09	-0.000173854
1.87362e-09	-0.000173781
1.87367e-09	-0.000173707
1.87371e-09	-0.000173634
1.87376e-09	-0.000173561
1.8738e-09	-0.000173488
1.87385e-09	-0.000173415
1.8739e-09	-0.000173341
1.87394e-09	-0.000173268
1.87399e-09	-0.000173194
1.87404e-09	-0.000173121
1.87408e-09	-0.000173048
1.87413e-09	-0.000172974
1.87418e-09	-0.0001729
1.87422e-09	-0.000172827
1.87427e-09	-0.000172753
1.87432e-09	-0.00017268
1.87436e-09	-0.000172606
1.87441e-09	-0.000172532
1.87445e-09	-0.000172458
1.8745e-09	-0.000172384
1.87455e-09	-0.000172311
1.87459e-09	-0.000172237
1.87464e-09	-0.000172163
1.87469e-09	-0.000172089
1.87473e-09	-0.000172015
1.87478e-09	-0.000171941
1.87483e-09	-0.000171867
1.87487e-09	-0.000171792
1.87492e-09	-0.000171718
1.87497e-09	-0.000171644
1.87501e-09	-0.00017157
1.87506e-09	-0.000171496
1.8751e-09	-0.000171421
1.87515e-09	-0.000171347
1.8752e-09	-0.000171273
1.87524e-09	-0.000171198
1.87529e-09	-0.000171124
1.87534e-09	-0.000171049
1.87538e-09	-0.000170975
1.87543e-09	-0.0001709
1.87548e-09	-0.000170825
1.87552e-09	-0.000170751
1.87557e-09	-0.000170676
1.87561e-09	-0.000170601
1.87566e-09	-0.000170527
1.87571e-09	-0.000170452
1.87575e-09	-0.000170377
1.8758e-09	-0.000170302
1.87585e-09	-0.000170227
1.87589e-09	-0.000170152
1.87594e-09	-0.000170077
1.87599e-09	-0.000170002
1.87603e-09	-0.000169927
1.87608e-09	-0.000169852
1.87613e-09	-0.000169777
1.87617e-09	-0.000169702
1.87622e-09	-0.000169627
1.87626e-09	-0.000169552
1.87631e-09	-0.000169477
1.87636e-09	-0.000169401
1.8764e-09	-0.000169326
1.87645e-09	-0.000169251
1.8765e-09	-0.000169175
1.87654e-09	-0.0001691
1.87659e-09	-0.000169024
1.87664e-09	-0.000168949
1.87668e-09	-0.000168874
1.87673e-09	-0.000168798
1.87678e-09	-0.000168722
1.87682e-09	-0.000168647
1.87687e-09	-0.000168571
1.87691e-09	-0.000168496
1.87696e-09	-0.00016842
1.87701e-09	-0.000168344
1.87705e-09	-0.000168268
1.8771e-09	-0.000168193
1.87715e-09	-0.000168117
1.87719e-09	-0.000168041
1.87724e-09	-0.000167965
1.87729e-09	-0.000167889
1.87733e-09	-0.000167813
1.87738e-09	-0.000167737
1.87743e-09	-0.000167661
1.87747e-09	-0.000167585
1.87752e-09	-0.000167509
1.87756e-09	-0.000167433
1.87761e-09	-0.000167357
1.87766e-09	-0.000167281
1.8777e-09	-0.000167205
1.87775e-09	-0.000167128
1.8778e-09	-0.000167052
1.87784e-09	-0.000166976
1.87789e-09	-0.0001669
1.87794e-09	-0.000166823
1.87798e-09	-0.000166747
1.87803e-09	-0.000166671
1.87808e-09	-0.000166594
1.87812e-09	-0.000166518
1.87817e-09	-0.000166441
1.87821e-09	-0.000166365
1.87826e-09	-0.000166288
1.87831e-09	-0.000166212
1.87835e-09	-0.000166135
1.8784e-09	-0.000166059
1.87845e-09	-0.000165982
1.87849e-09	-0.000165905
1.87854e-09	-0.000165829
1.87859e-09	-0.000165752
1.87863e-09	-0.000165675
1.87868e-09	-0.000165598
1.87872e-09	-0.000165521
1.87877e-09	-0.000165445
1.87882e-09	-0.000165368
1.87886e-09	-0.000165291
1.87891e-09	-0.000165214
1.87896e-09	-0.000165137
1.879e-09	-0.00016506
1.87905e-09	-0.000164983
1.8791e-09	-0.000164906
1.87914e-09	-0.000164829
1.87919e-09	-0.000164752
1.87924e-09	-0.000164675
1.87928e-09	-0.000164598
1.87933e-09	-0.000164521
1.87937e-09	-0.000164443
1.87942e-09	-0.000164366
1.87947e-09	-0.000164289
1.87951e-09	-0.000164212
1.87956e-09	-0.000164134
1.87961e-09	-0.000164057
1.87965e-09	-0.00016398
1.8797e-09	-0.000163902
1.87975e-09	-0.000163825
1.87979e-09	-0.000163748
1.87984e-09	-0.00016367
1.87989e-09	-0.000163593
1.87993e-09	-0.000163515
1.87998e-09	-0.000163438
1.88002e-09	-0.00016336
1.88007e-09	-0.000163283
1.88012e-09	-0.000163205
1.88016e-09	-0.000163127
1.88021e-09	-0.00016305
1.88026e-09	-0.000162972
1.8803e-09	-0.000162895
1.88035e-09	-0.000162817
1.8804e-09	-0.000162739
1.88044e-09	-0.000162661
1.88049e-09	-0.000162584
1.88054e-09	-0.000162506
1.88058e-09	-0.000162428
1.88063e-09	-0.00016235
1.88067e-09	-0.000162272
1.88072e-09	-0.000162194
1.88077e-09	-0.000162117
1.88081e-09	-0.000162039
1.88086e-09	-0.000161961
1.88091e-09	-0.000161883
1.88095e-09	-0.000161805
1.881e-09	-0.000161727
1.88105e-09	-0.000161649
1.88109e-09	-0.000161571
1.88114e-09	-0.000161493
1.88119e-09	-0.000161414
1.88123e-09	-0.000161336
1.88128e-09	-0.000161258
1.88132e-09	-0.00016118
1.88137e-09	-0.000161102
1.88142e-09	-0.000161024
1.88146e-09	-0.000160945
1.88151e-09	-0.000160867
1.88156e-09	-0.000160789
1.8816e-09	-0.000160711
1.88165e-09	-0.000160632
1.8817e-09	-0.000160554
1.88174e-09	-0.000160476
1.88179e-09	-0.000160397
1.88183e-09	-0.000160319
1.88188e-09	-0.000160241
1.88193e-09	-0.000160162
1.88197e-09	-0.000160084
1.88202e-09	-0.000160005
1.88207e-09	-0.000159927
1.88211e-09	-0.000159848
1.88216e-09	-0.00015977
1.88221e-09	-0.000159691
1.88225e-09	-0.000159613
1.8823e-09	-0.000159534
1.88235e-09	-0.000159455
1.88239e-09	-0.000159377
1.88244e-09	-0.000159298
1.88248e-09	-0.000159219
1.88253e-09	-0.000159141
1.88258e-09	-0.000159062
1.88262e-09	-0.000158983
1.88267e-09	-0.000158905
1.88272e-09	-0.000158826
1.88276e-09	-0.000158747
1.88281e-09	-0.000158668
1.88286e-09	-0.00015859
1.8829e-09	-0.000158511
1.88295e-09	-0.000158432
1.883e-09	-0.000158353
1.88304e-09	-0.000158274
1.88309e-09	-0.000158195
1.88313e-09	-0.000158116
1.88318e-09	-0.000158037
1.88323e-09	-0.000157958
1.88327e-09	-0.000157879
1.88332e-09	-0.000157801
1.88337e-09	-0.000157722
1.88341e-09	-0.000157642
1.88346e-09	-0.000157563
1.88351e-09	-0.000157484
1.88355e-09	-0.000157405
1.8836e-09	-0.000157326
1.88365e-09	-0.000157247
1.88369e-09	-0.000157168
1.88374e-09	-0.000157089
1.88378e-09	-0.00015701
1.88383e-09	-0.000156931
1.88388e-09	-0.000156852
1.88392e-09	-0.000156772
1.88397e-09	-0.000156693
1.88402e-09	-0.000156614
1.88406e-09	-0.000156535
1.88411e-09	-0.000156455
1.88416e-09	-0.000156376
1.8842e-09	-0.000156297
1.88425e-09	-0.000156218
1.88429e-09	-0.000156138
1.88434e-09	-0.000156059
1.88439e-09	-0.00015598
1.88443e-09	-0.0001559
1.88448e-09	-0.000155821
1.88453e-09	-0.000155742
1.88457e-09	-0.000155662
1.88462e-09	-0.000155583
1.88467e-09	-0.000155503
1.88471e-09	-0.000155424
1.88476e-09	-0.000155344
1.88481e-09	-0.000155265
1.88485e-09	-0.000155185
1.8849e-09	-0.000155106
1.88494e-09	-0.000155027
1.88499e-09	-0.000154947
1.88504e-09	-0.000154867
1.88508e-09	-0.000154788
1.88513e-09	-0.000154708
1.88518e-09	-0.000154629
1.88522e-09	-0.000154549
1.88527e-09	-0.00015447
1.88532e-09	-0.00015439
1.88536e-09	-0.00015431
1.88541e-09	-0.000154231
1.88546e-09	-0.000154151
1.8855e-09	-0.000154071
1.88555e-09	-0.000153992
1.88559e-09	-0.000153912
1.88564e-09	-0.000153832
1.88569e-09	-0.000153753
1.88573e-09	-0.000153673
1.88578e-09	-0.000153593
1.88583e-09	-0.000153514
1.88587e-09	-0.000153434
1.88592e-09	-0.000153354
1.88597e-09	-0.000153274
1.88601e-09	-0.000153194
1.88606e-09	-0.000153115
1.88611e-09	-0.000153035
1.88615e-09	-0.000152955
1.8862e-09	-0.000152875
1.88624e-09	-0.000152795
1.88629e-09	-0.000152715
1.88634e-09	-0.000152636
1.88638e-09	-0.000152556
1.88643e-09	-0.000152476
1.88648e-09	-0.000152396
1.88652e-09	-0.000152316
1.88657e-09	-0.000152236
1.88662e-09	-0.000152156
1.88666e-09	-0.000152076
1.88671e-09	-0.000151996
1.88676e-09	-0.000151916
1.8868e-09	-0.000151836
1.88685e-09	-0.000151756
1.88689e-09	-0.000151676
1.88694e-09	-0.000151596
1.88699e-09	-0.000151516
1.88703e-09	-0.000151436
1.88708e-09	-0.000151356
1.88713e-09	-0.000151276
1.88717e-09	-0.000151196
1.88722e-09	-0.000151116
1.88727e-09	-0.000151036
1.88731e-09	-0.000150956
1.88736e-09	-0.000150876
1.8874e-09	-0.000150796
1.88745e-09	-0.000150716
1.8875e-09	-0.000150636
1.88754e-09	-0.000150556
1.88759e-09	-0.000150476
1.88764e-09	-0.000150395
1.88768e-09	-0.000150315
1.88773e-09	-0.000150235
1.88778e-09	-0.000150155
1.88782e-09	-0.000150075
1.88787e-09	-0.000149995
1.88792e-09	-0.000149915
1.88796e-09	-0.000149834
1.88801e-09	-0.000149754
1.88805e-09	-0.000149674
1.8881e-09	-0.000149594
1.88815e-09	-0.000149514
1.88819e-09	-0.000149433
1.88824e-09	-0.000149353
1.88829e-09	-0.000149273
1.88833e-09	-0.000149193
1.88838e-09	-0.000149112
1.88843e-09	-0.000149032
1.88847e-09	-0.000148952
1.88852e-09	-0.000148872
1.88857e-09	-0.000148791
1.88861e-09	-0.000148711
1.88866e-09	-0.000148631
1.8887e-09	-0.000148551
1.88875e-09	-0.00014847
1.8888e-09	-0.00014839
1.88884e-09	-0.00014831
1.88889e-09	-0.000148229
1.88894e-09	-0.000148149
1.88898e-09	-0.000148069
1.88903e-09	-0.000147988
1.88908e-09	-0.000147908
1.88912e-09	-0.000147828
1.88917e-09	-0.000147747
1.88922e-09	-0.000147667
1.88926e-09	-0.000147587
1.88931e-09	-0.000147506
1.88935e-09	-0.000147426
1.8894e-09	-0.000147346
1.88945e-09	-0.000147265
1.88949e-09	-0.000147185
1.88954e-09	-0.000147104
1.88959e-09	-0.000147024
1.88963e-09	-0.000146944
1.88968e-09	-0.000146863
1.88973e-09	-0.000146783
1.88977e-09	-0.000146702
1.88982e-09	-0.000146622
1.88987e-09	-0.000146542
1.88991e-09	-0.000146461
1.88996e-09	-0.000146381
1.89e-09	-0.0001463
1.89005e-09	-0.00014622
1.8901e-09	-0.00014614
1.89014e-09	-0.000146059
1.89019e-09	-0.000145979
1.89024e-09	-0.000145898
1.89028e-09	-0.000145818
1.89033e-09	-0.000145737
1.89038e-09	-0.000145657
1.89042e-09	-0.000145576
1.89047e-09	-0.000145496
1.89051e-09	-0.000145415
1.89056e-09	-0.000145335
1.89061e-09	-0.000145254
1.89065e-09	-0.000145174
1.8907e-09	-0.000145094
1.89075e-09	-0.000145013
1.89079e-09	-0.000144933
1.89084e-09	-0.000144852
1.89089e-09	-0.000144772
1.89093e-09	-0.000144691
1.89098e-09	-0.000144611
1.89103e-09	-0.00014453
1.89107e-09	-0.00014445
1.89112e-09	-0.000144369
1.89116e-09	-0.000144289
1.89121e-09	-0.000144208
1.89126e-09	-0.000144128
1.8913e-09	-0.000144047
1.89135e-09	-0.000143967
1.8914e-09	-0.000143886
1.89144e-09	-0.000143806
1.89149e-09	-0.000143725
1.89154e-09	-0.000143645
1.89158e-09	-0.000143564
1.89163e-09	-0.000143484
1.89168e-09	-0.000143403
1.89172e-09	-0.000143323
1.89177e-09	-0.000143242
1.89181e-09	-0.000143162
1.89186e-09	-0.000143081
1.89191e-09	-0.000143
1.89195e-09	-0.00014292
1.892e-09	-0.000142839
1.89205e-09	-0.000142759
1.89209e-09	-0.000142678
1.89214e-09	-0.000142598
1.89219e-09	-0.000142517
1.89223e-09	-0.000142437
1.89228e-09	-0.000142356
1.89233e-09	-0.000142276
1.89237e-09	-0.000142195
1.89242e-09	-0.000142115
1.89246e-09	-0.000142034
1.89251e-09	-0.000141954
1.89256e-09	-0.000141873
1.8926e-09	-0.000141793
1.89265e-09	-0.000141712
1.8927e-09	-0.000141632
1.89274e-09	-0.000141551
1.89279e-09	-0.000141471
1.89284e-09	-0.00014139
1.89288e-09	-0.00014131
1.89293e-09	-0.000141229
1.89298e-09	-0.000141149
1.89302e-09	-0.000141068
1.89307e-09	-0.000140988
1.89311e-09	-0.000140907
1.89316e-09	-0.000140827
1.89321e-09	-0.000140746
1.89325e-09	-0.000140665
1.8933e-09	-0.000140585
1.89335e-09	-0.000140504
1.89339e-09	-0.000140424
1.89344e-09	-0.000140343
1.89349e-09	-0.000140263
1.89353e-09	-0.000140182
1.89358e-09	-0.000140102
1.89362e-09	-0.000140022
1.89367e-09	-0.000139941
1.89372e-09	-0.000139861
1.89376e-09	-0.00013978
1.89381e-09	-0.0001397
1.89386e-09	-0.000139619
1.8939e-09	-0.000139539
1.89395e-09	-0.000139458
1.894e-09	-0.000139378
1.89404e-09	-0.000139297
1.89409e-09	-0.000139217
1.89414e-09	-0.000139136
1.89418e-09	-0.000139056
1.89423e-09	-0.000138975
1.89427e-09	-0.000138895
1.89432e-09	-0.000138814
1.89437e-09	-0.000138734
1.89441e-09	-0.000138654
1.89446e-09	-0.000138573
1.89451e-09	-0.000138493
1.89455e-09	-0.000138412
1.8946e-09	-0.000138332
1.89465e-09	-0.000138251
1.89469e-09	-0.000138171
1.89474e-09	-0.000138091
1.89479e-09	-0.00013801
1.89483e-09	-0.00013793
1.89488e-09	-0.000137849
1.89492e-09	-0.000137769
1.89497e-09	-0.000137688
1.89502e-09	-0.000137608
1.89506e-09	-0.000137528
1.89511e-09	-0.000137447
1.89516e-09	-0.000137367
1.8952e-09	-0.000137287
1.89525e-09	-0.000137206
1.8953e-09	-0.000137126
1.89534e-09	-0.000137045
1.89539e-09	-0.000136965
1.89544e-09	-0.000136885
1.89548e-09	-0.000136804
1.89553e-09	-0.000136724
1.89557e-09	-0.000136644
1.89562e-09	-0.000136563
1.89567e-09	-0.000136483
1.89571e-09	-0.000136403
1.89576e-09	-0.000136322
1.89581e-09	-0.000136242
1.89585e-09	-0.000136162
1.8959e-09	-0.000136081
1.89595e-09	-0.000136001
1.89599e-09	-0.000135921
1.89604e-09	-0.000135841
1.89609e-09	-0.00013576
1.89613e-09	-0.00013568
1.89618e-09	-0.0001356
1.89622e-09	-0.000135519
1.89627e-09	-0.000135439
1.89632e-09	-0.000135359
1.89636e-09	-0.000135279
1.89641e-09	-0.000135198
1.89646e-09	-0.000135118
1.8965e-09	-0.000135038
1.89655e-09	-0.000134958
1.8966e-09	-0.000134878
1.89664e-09	-0.000134797
1.89669e-09	-0.000134717
1.89673e-09	-0.000134637
1.89678e-09	-0.000134557
1.89683e-09	-0.000134477
1.89687e-09	-0.000134396
1.89692e-09	-0.000134316
1.89697e-09	-0.000134236
1.89701e-09	-0.000134156
1.89706e-09	-0.000134076
1.89711e-09	-0.000133996
1.89715e-09	-0.000133915
1.8972e-09	-0.000133835
1.89725e-09	-0.000133755
1.89729e-09	-0.000133675
1.89734e-09	-0.000133595
1.89738e-09	-0.000133515
1.89743e-09	-0.000133435
1.89748e-09	-0.000133355
1.89752e-09	-0.000133275
1.89757e-09	-0.000133195
1.89762e-09	-0.000133115
1.89766e-09	-0.000133034
1.89771e-09	-0.000132954
1.89776e-09	-0.000132874
1.8978e-09	-0.000132794
1.89785e-09	-0.000132714
1.8979e-09	-0.000132634
1.89794e-09	-0.000132554
1.89799e-09	-0.000132474
1.89803e-09	-0.000132394
1.89808e-09	-0.000132314
1.89813e-09	-0.000132234
1.89817e-09	-0.000132154
1.89822e-09	-0.000132075
1.89827e-09	-0.000131995
1.89831e-09	-0.000131915
1.89836e-09	-0.000131835
1.89841e-09	-0.000131755
1.89845e-09	-0.000131675
1.8985e-09	-0.000131595
1.89855e-09	-0.000131515
1.89859e-09	-0.000131435
1.89864e-09	-0.000131355
1.89868e-09	-0.000131275
1.89873e-09	-0.000131196
1.89878e-09	-0.000131116
1.89882e-09	-0.000131036
1.89887e-09	-0.000130956
1.89892e-09	-0.000130876
1.89896e-09	-0.000130796
1.89901e-09	-0.000130717
1.89906e-09	-0.000130637
1.8991e-09	-0.000130557
1.89915e-09	-0.000130477
1.89919e-09	-0.000130398
1.89924e-09	-0.000130318
1.89929e-09	-0.000130238
1.89933e-09	-0.000130158
1.89938e-09	-0.000130079
1.89943e-09	-0.000129999
1.89947e-09	-0.000129919
1.89952e-09	-0.00012984
1.89957e-09	-0.00012976
1.89961e-09	-0.00012968
1.89966e-09	-0.000129601
1.89971e-09	-0.000129521
1.89975e-09	-0.000129441
1.8998e-09	-0.000129362
1.89984e-09	-0.000129282
1.89989e-09	-0.000129202
1.89994e-09	-0.000129123
1.89998e-09	-0.000129043
1.90003e-09	-0.000128964
1.90008e-09	-0.000128884
1.90012e-09	-0.000128805
1.90017e-09	-0.000128725
1.90022e-09	-0.000128646
1.90026e-09	-0.000128566
1.90031e-09	-0.000128487
1.90036e-09	-0.000128407
1.9004e-09	-0.000128328
1.90045e-09	-0.000128248
1.90049e-09	-0.000128169
1.90054e-09	-0.000128089
1.90059e-09	-0.00012801
1.90063e-09	-0.00012793
1.90068e-09	-0.000127851
1.90073e-09	-0.000127771
1.90077e-09	-0.000127692
1.90082e-09	-0.000127613
1.90087e-09	-0.000127533
1.90091e-09	-0.000127454
1.90096e-09	-0.000127375
1.90101e-09	-0.000127295
1.90105e-09	-0.000127216
1.9011e-09	-0.000127137
1.90114e-09	-0.000127057
1.90119e-09	-0.000126978
1.90124e-09	-0.000126899
1.90128e-09	-0.00012682
1.90133e-09	-0.00012674
1.90138e-09	-0.000126661
1.90142e-09	-0.000126582
1.90147e-09	-0.000126503
1.90152e-09	-0.000126424
1.90156e-09	-0.000126344
1.90161e-09	-0.000126265
1.90166e-09	-0.000126186
1.9017e-09	-0.000126107
1.90175e-09	-0.000126028
1.90179e-09	-0.000125949
1.90184e-09	-0.000125869
1.90189e-09	-0.00012579
1.90193e-09	-0.000125711
1.90198e-09	-0.000125632
1.90203e-09	-0.000125553
1.90207e-09	-0.000125474
1.90212e-09	-0.000125395
1.90217e-09	-0.000125316
1.90221e-09	-0.000125237
1.90226e-09	-0.000125158
1.9023e-09	-0.000125079
1.90235e-09	-0.000125
1.9024e-09	-0.000124921
1.90244e-09	-0.000124842
1.90249e-09	-0.000124763
1.90254e-09	-0.000124685
1.90258e-09	-0.000124606
1.90263e-09	-0.000124527
1.90268e-09	-0.000124448
1.90272e-09	-0.000124369
1.90277e-09	-0.00012429
1.90282e-09	-0.000124211
1.90286e-09	-0.000124133
1.90291e-09	-0.000124054
1.90295e-09	-0.000123975
1.903e-09	-0.000123896
1.90305e-09	-0.000123818
1.90309e-09	-0.000123739
1.90314e-09	-0.00012366
1.90319e-09	-0.000123581
1.90323e-09	-0.000123503
1.90328e-09	-0.000123424
1.90333e-09	-0.000123345
1.90337e-09	-0.000123267
1.90342e-09	-0.000123188
1.90347e-09	-0.000123109
1.90351e-09	-0.000123031
1.90356e-09	-0.000122952
1.9036e-09	-0.000122874
1.90365e-09	-0.000122795
1.9037e-09	-0.000122717
1.90374e-09	-0.000122638
1.90379e-09	-0.00012256
1.90384e-09	-0.000122481
1.90388e-09	-0.000122403
1.90393e-09	-0.000122324
1.90398e-09	-0.000122246
1.90402e-09	-0.000122167
1.90407e-09	-0.000122089
1.90412e-09	-0.00012201
1.90416e-09	-0.000121932
1.90421e-09	-0.000121854
1.90425e-09	-0.000121775
1.9043e-09	-0.000121697
1.90435e-09	-0.000121619
1.90439e-09	-0.00012154
1.90444e-09	-0.000121462
1.90449e-09	-0.000121384
1.90453e-09	-0.000121305
1.90458e-09	-0.000121227
1.90463e-09	-0.000121149
1.90467e-09	-0.000121071
1.90472e-09	-0.000120993
1.90477e-09	-0.000120914
1.90481e-09	-0.000120836
1.90486e-09	-0.000120758
1.9049e-09	-0.00012068
1.90495e-09	-0.000120602
1.905e-09	-0.000120524
1.90504e-09	-0.000120446
1.90509e-09	-0.000120368
1.90514e-09	-0.00012029
1.90518e-09	-0.000120212
1.90523e-09	-0.000120133
1.90528e-09	-0.000120055
1.90532e-09	-0.000119978
1.90537e-09	-0.0001199
1.90541e-09	-0.000119822
1.90546e-09	-0.000119744
1.90551e-09	-0.000119666
1.90555e-09	-0.000119588
1.9056e-09	-0.00011951
1.90565e-09	-0.000119432
1.90569e-09	-0.000119354
1.90574e-09	-0.000119276
1.90579e-09	-0.000119199
1.90583e-09	-0.000119121
1.90588e-09	-0.000119043
1.90593e-09	-0.000118965
1.90597e-09	-0.000118888
1.90602e-09	-0.00011881
1.90606e-09	-0.000118732
1.90611e-09	-0.000118654
1.90616e-09	-0.000118577
1.9062e-09	-0.000118499
1.90625e-09	-0.000118421
1.9063e-09	-0.000118344
1.90634e-09	-0.000118266
1.90639e-09	-0.000118189
1.90644e-09	-0.000118111
1.90648e-09	-0.000118033
1.90653e-09	-0.000117956
1.90658e-09	-0.000117878
1.90662e-09	-0.000117801
1.90667e-09	-0.000117723
1.90671e-09	-0.000117646
1.90676e-09	-0.000117569
1.90681e-09	-0.000117491
1.90685e-09	-0.000117414
1.9069e-09	-0.000117336
1.90695e-09	-0.000117259
1.90699e-09	-0.000117182
1.90704e-09	-0.000117104
1.90709e-09	-0.000117027
1.90713e-09	-0.00011695
1.90718e-09	-0.000116872
1.90723e-09	-0.000116795
1.90727e-09	-0.000116718
1.90732e-09	-0.000116641
1.90736e-09	-0.000116563
1.90741e-09	-0.000116486
1.90746e-09	-0.000116409
1.9075e-09	-0.000116332
1.90755e-09	-0.000116255
1.9076e-09	-0.000116178
1.90764e-09	-0.000116101
1.90769e-09	-0.000116024
1.90774e-09	-0.000115946
1.90778e-09	-0.000115869
1.90783e-09	-0.000115792
1.90788e-09	-0.000115715
1.90792e-09	-0.000115638
1.90797e-09	-0.000115561
1.90801e-09	-0.000115485
1.90806e-09	-0.000115408
1.90811e-09	-0.000115331
1.90815e-09	-0.000115254
1.9082e-09	-0.000115177
1.90825e-09	-0.0001151
1.90829e-09	-0.000115023
1.90834e-09	-0.000114947
1.90839e-09	-0.00011487
1.90843e-09	-0.000114793
1.90848e-09	-0.000114716
1.90852e-09	-0.00011464
1.90857e-09	-0.000114563
1.90862e-09	-0.000114486
1.90866e-09	-0.000114409
1.90871e-09	-0.000114333
1.90876e-09	-0.000114256
1.9088e-09	-0.00011418
1.90885e-09	-0.000114103
1.9089e-09	-0.000114026
1.90894e-09	-0.00011395
1.90899e-09	-0.000113873
1.90904e-09	-0.000113797
1.90908e-09	-0.00011372
1.90913e-09	-0.000113644
1.90917e-09	-0.000113567
1.90922e-09	-0.000113491
1.90927e-09	-0.000113415
1.90931e-09	-0.000113338
1.90936e-09	-0.000113262
1.90941e-09	-0.000113186
1.90945e-09	-0.000113109
1.9095e-09	-0.000113033
1.90955e-09	-0.000112957
1.90959e-09	-0.00011288
1.90964e-09	-0.000112804
1.90969e-09	-0.000112728
1.90973e-09	-0.000112652
1.90978e-09	-0.000112576
1.90982e-09	-0.000112499
1.90987e-09	-0.000112423
