Frequency [MHz],|S0-0| [-],|S1-0| [-],|S2-0| [-],|S3-0| [-],Arg(S0-0) [rad],Arg(S1-0) [rad],Arg(S2-0) [rad],Arg(S3-0) [rad],Delay 0>0 [s],Delay 0>1 [s],Delay 0>2 [s],Delay 0>3 [s],|Z0| [Ohm],Arg(Z0) [rad]
1.000000e+02, 1.002590e-01, 8.818187e-07, 5.579646e-02, 6.017017e-07, -4.291493e-01, -2.894408e+00, -9.560584e-01, -2.383948e+00, 6.064433e-10, -1.195044e-10, 7.016717e-11, -2.175870e-10, 6.001194e+01, -8.408347e-02
1.029000e+02, 1.007327e-01, 8.820931e-07, 5.581088e-02, 6.033540e-07, -4.401994e-01, -2.892231e+00, -9.573369e-01, -2.379983e+00, 6.007586e-10, -1.194466e-10, 7.018729e-11, -2.170364e-10, 6.000622e+01, -8.651196e-02
1.058000e+02, 1.012174e-01, 8.823665e-07, 5.582548e-02, 6.050156e-07, -4.511460e-01, -2.890054e+00, -9.586158e-01, -2.376028e+00, 5.951295e-10, -1.193297e-10, 7.037598e-11, -2.163558e-10, 6.000034e+01, -8.893934e-02
1.087000e+02, 1.017131e-01, 8.826388e-07, 5.584050e-02, 6.066865e-07, -4.619900e-01, -2.887880e+00, -9.598981e-01, -2.372086e+00, 5.894144e-10, -1.193786e-10, 7.053109e-11, -2.157373e-10, 5.999429e+01, -9.136598e-02
1.116000e+02, 1.022194e-01, 8.829116e-07, 5.585571e-02, 6.083661e-07, -4.727299e-01, -2.885705e+00, -9.611833e-01, -2.368155e+00, 5.835959e-10, -1.192793e-10, 7.060484e-11, -2.150550e-10, 5.998808e+01, -9.379170e-02
1.145000e+02, 1.027364e-01, 8.831822e-07, 5.587118e-02, 6.100549e-07, -4.833637e-01, -2.883531e+00, -9.624698e-01, -2.364236e+00, 5.778960e-10, -1.192096e-10, 7.067767e-11, -2.144355e-10, 5.998172e+01, -9.621627e-02
1.174000e+02, 1.032638e-01, 8.834530e-07, 5.588691e-02, 6.117537e-07, -4.938937e-01, -2.881359e+00, -9.637576e-01, -2.360329e+00, 5.720776e-10, -1.192326e-10, 7.080547e-11, -2.137506e-10, 5.997518e+01, -9.864010e-02
1.203000e+02, 1.038014e-01, 8.837220e-07, 5.590297e-02, 6.134604e-07, -5.043176e-01, -2.879186e+00, -9.650478e-01, -2.356434e+00, 5.662227e-10, -1.191046e-10, 7.095697e-11, -2.131289e-10, 5.996850e+01, -1.010630e-01
1.232000e+02, 1.043491e-01, 8.839909e-07, 5.591924e-02, 6.151771e-07, -5.146349e-01, -2.877016e+00, -9.663407e-01, -2.352551e+00, 5.604492e-10, -1.191134e-10, 7.108255e-11, -2.123804e-10, 5.996165e+01, -1.034847e-01
1.261000e+02, 1.049067e-01, 8.842591e-07, 5.593585e-02, 6.169023e-07, -5.248470e-01, -2.874846e+00, -9.676359e-01, -2.348681e+00, 5.545786e-10, -1.190632e-10, 7.115130e-11, -2.118199e-10, 5.995464e+01, -1.059056e-01
1.290000e+02, 1.054739e-01, 8.845264e-07, 5.595271e-02, 6.186368e-07, -5.349521e-01, -2.872676e+00, -9.689324e-01, -2.344821e+00, 5.487079e-10, -1.189542e-10, 7.130002e-11, -2.110711e-10, 5.994747e+01, -1.083253e-01
1.319000e+02, 1.060507e-01, 8.847925e-07, 5.596978e-02, 6.203799e-07, -5.449502e-01, -2.870509e+00, -9.702316e-01, -2.340975e+00, 5.428851e-10, -1.189491e-10, 7.136700e-11, -2.105089e-10, 5.994014e+01, -1.107439e-01
1.348000e+02, 1.066369e-01, 8.850589e-07, 5.598711e-02, 6.221321e-07, -5.548423e-01, -2.868341e+00, -9.715320e-01, -2.337140e+00, 5.370691e-10, -1.189184e-10, 7.156921e-11, -2.096993e-10, 5.993265e+01, -1.131614e-01
1.377000e+02, 1.072323e-01, 8.853234e-07, 5.600473e-02, 6.238922e-07, -5.646284e-01, -2.866175e+00, -9.728360e-01, -2.333319e+00, 5.311505e-10, -1.187956e-10, 7.163417e-11, -2.090728e-10, 5.992499e+01, -1.155779e-01
1.406000e+02, 1.078367e-01, 8.855877e-07, 5.602260e-02, 6.256622e-07, -5.743066e-01, -2.864010e+00, -9.741413e-01, -2.329509e+00, 5.253889e-10, -1.187672e-10, 7.169819e-11, -2.083248e-10, 5.991719e+01, -1.179931e-01
1.435000e+02, 1.084500e-01, 8.858501e-07, 5.604074e-02, 6.274407e-07, -5.838798e-01, -2.861846e+00, -9.754477e-01, -2.325713e+00, 5.195896e-10, -1.187058e-10, 7.184239e-11, -2.076373e-10, 5.990922e+01, -1.204072e-01
1.464000e+02, 1.090721e-01, 8.861125e-07, 5.605908e-02, 6.292284e-07, -5.933474e-01, -2.859683e+00, -9.767568e-01, -2.321930e+00, 5.137566e-10, -1.186622e-10, 7.198579e-11, -2.069542e-10, 5.990110e+01, -1.228202e-01
1.493000e+02, 1.097027e-01, 8.863739e-07, 5.607763e-02, 6.310238e-07, -6.027087e-01, -2.857521e+00, -9.780685e-01, -2.318159e+00, 5.080325e-10, -1.186022e-10, 7.204715e-11, -2.062671e-10, 5.989281e+01, -1.252318e-01
1.522000e+02, 1.103417e-01, 8.866354e-07, 5.609644e-02, 6.328284e-07, -6.119656e-01, -2.855360e+00, -9.793813e-01, -2.314400e+00, 5.022553e-10, -1.185780e-10, 7.210757e-11, -2.055216e-10, 5.988437e+01, -1.276424e-01
1.551000e+02, 1.109888e-01, 8.868950e-07, 5.611551e-02, 6.346414e-07, -6.211173e-01, -2.853199e+00, -9.806951e-01, -2.310655e+00, 4.965508e-10, -1.184604e-10, 7.224834e-11, -2.047771e-10, 5.987577e+01, -1.300515e-01
1.580000e+02, 1.116440e-01, 8.871543e-07, 5.613479e-02, 6.364628e-07, -6.301651e-01, -2.851041e+00, -9.820116e-01, -2.306924e+00, 4.909198e-10, -1.184207e-10, 7.244245e-11, -2.040978e-10, 5.986702e+01, -1.324594e-01
1.609000e+02, 1.123072e-01, 8.874127e-07, 5.615436e-02, 6.382919e-07, -6.391103e-01, -2.848883e+00, -9.833316e-01, -2.303205e+00, 4.852077e-10, -1.183227e-10, 7.252728e-11, -2.033488e-10, 5.985810e+01, -1.348662e-01
1.638000e+02, 1.129781e-01, 8.876698e-07, 5.617406e-02, 6.401307e-07, -6.479514e-01, -2.846727e+00, -9.846531e-01, -2.299500e+00, 4.796227e-10, -1.182850e-10, 7.258414e-11, -2.026145e-10, 5.984902e+01, -1.372713e-01
1.667000e+02, 1.136567e-01, 8.879260e-07, 5.619402e-02, 6.419765e-07, -6.566907e-01, -2.844572e+00, -9.859757e-01, -2.295808e+00, 4.740606e-10, -1.182300e-10, 7.264004e-11, -2.019312e-10, 5.983980e+01, -1.396753e-01
1.696000e+02, 1.143426e-01, 8.881822e-07, 5.621425e-02, 6.438313e-07, -6.653287e-01, -2.842417e+00, -9.872993e-01, -2.292129e+00, 4.685211e-10, -1.182122e-10, 7.280435e-11, -2.011922e-10, 5.983041e+01, -1.420778e-01
1.725000e+02, 1.150359e-01, 8.884365e-07, 5.623455e-02, 6.456944e-07, -6.738657e-01, -2.840263e+00, -9.886259e-01, -2.288463e+00, 4.630490e-10, -1.181000e-10, 7.291227e-11, -2.003990e-10, 5.982087e+01, -1.444790e-01
1.754000e+02, 1.157362e-01, 8.886905e-07, 5.625520e-02, 6.475650e-07, -6.823030e-01, -2.838111e+00, -9.899544e-01, -2.284811e+00, 4.575652e-10, -1.179885e-10, 7.299364e-11, -1.996634e-10, 5.981116e+01, -1.468787e-01
1.783000e+02, 1.164436e-01, 8.889441e-07, 5.627598e-02, 6.494439e-07, -6.906404e-01, -2.835961e+00, -9.912845e-01, -2.281173e+00, 4.521964e-10, -1.179740e-10, 7.318110e-11, -1.989293e-10, 5.980131e+01, -1.492769e-01
1.812000e+02, 1.171579e-01, 8.891959e-07, 5.629705e-02, 6.513310e-07, -6.988800e-01, -2.833812e+00, -9.926179e-01, -2.277548e+00, 4.468416e-10, -1.178644e-10, 7.312620e-11, -1.981967e-10, 5.979130e+01, -1.516737e-01
1.841000e+02, 1.178789e-01, 8.894474e-07, 5.631822e-02, 6.532264e-07, -7.070220e-01, -2.831664e+00, -9.939504e-01, -2.273937e+00, 4.415390e-10, -1.178333e-10, 7.339360e-11, -1.974116e-10, 5.978114e+01, -1.540690e-01
1.870000e+02, 1.186065e-01, 8.896979e-07, 5.633964e-02, 6.551291e-07, -7.150674e-01, -2.829517e+00, -9.952877e-01, -2.270340e+00, 4.363240e-10, -1.177253e-10, 7.339058e-11, -1.966827e-10, 5.977082e+01, -1.564628e-01
1.899000e+02, 1.193405e-01, 8.899480e-07, 5.636124e-02, 6.570400e-07, -7.230178e-01, -2.827372e+00, -9.966249e-01, -2.266756e+00, 4.310938e-10, -1.177151e-10, 7.360333e-11, -1.959664e-10, 5.976034e+01, -1.588552e-01
1.928000e+02, 1.200808e-01, 8.901963e-07, 5.638300e-02, 6.589577e-07, -7.308728e-01, -2.825227e+00, -9.979661e-01, -2.263185e+00, 4.259537e-10, -1.176091e-10, 7.359903e-11, -1.951245e-10, 5.974971e+01, -1.612459e-01
1.957000e+02, 1.208272e-01, 8.904442e-07, 5.640495e-02, 6.608834e-07, -7.386342e-01, -2.823084e+00, -9.993072e-01, -2.259630e+00, 4.208389e-10, -1.175038e-10, 7.372851e-11, -1.943378e-10, 5.973892e+01, -1.636350e-01
1.986000e+02, 1.215798e-01, 8.906918e-07, 5.642711e-02, 6.628177e-07, -7.463024e-01, -2.820943e+00, -1.000651e+00, -2.256089e+00, 4.158420e-10, -1.174188e-10, 7.388668e-11, -1.936290e-10, 5.972799e+01, -1.660225e-01
2.015000e+02, 1.223382e-01, 8.909381e-07, 5.644935e-02, 6.647588e-07, -7.538796e-01, -2.818804e+00, -1.001997e+00, -2.252561e+00, 4.108394e-10, -1.173933e-10, 7.393282e-11, -1.929105e-10, 5.971690e+01, -1.684084e-01
2.044000e+02, 1.231023e-01, 8.911834e-07, 5.647186e-02, 6.667079e-07, -7.613656e-01, -2.816664e+00, -1.003344e+00, -2.249046e+00, 4.058969e-10, -1.173105e-10, 7.400786e-11, -1.920911e-10, 5.970565e+01, -1.707926e-01
2.073000e+02, 1.238722e-01, 8.914274e-07, 5.649451e-02, 6.686634e-07, -7.687615e-01, -2.814527e+00, -1.004693e+00, -2.245545e+00, 4.010740e-10, -1.172088e-10, 7.421641e-11, -1.913134e-10, 5.969425e+01, -1.731752e-01
2.102000e+02, 1.246476e-01, 8.916710e-07, 5.651732e-02, 6.706276e-07, -7.760696e-01, -2.812391e+00, -1.006045e+00, -2.242059e+00, 3.962170e-10, -1.171862e-10, 7.429030e-11, -1.905005e-10, 5.968270e+01, -1.755561e-01
2.131000e+02, 1.254284e-01, 8.919136e-07, 5.654026e-02, 6.725982e-07, -7.832892e-01, -2.810256e+00, -1.007399e+00, -2.238588e+00, 3.914508e-10, -1.170280e-10, 7.436370e-11, -1.897418e-10, 5.967100e+01, -1.779353e-01
2.160000e+02, 1.262144e-01, 8.921556e-07, 5.656334e-02, 6.745760e-07, -7.904219e-01, -2.808124e+00, -1.008754e+00, -2.235131e+00, 3.868059e-10, -1.170073e-10, 7.448819e-11, -1.889859e-10, 5.965915e+01, -1.803126e-01
2.189000e+02, 1.270056e-01, 8.923966e-07, 5.658664e-02, 6.765609e-07, -7.974700e-01, -2.805992e+00, -1.010111e+00, -2.231687e+00, 3.821283e-10, -1.169294e-10, 7.459108e-11, -1.882330e-10, 5.964713e+01, -1.826884e-01
2.218000e+02, 1.278019e-01, 8.926362e-07, 5.660993e-02, 6.785529e-07, -8.044328e-01, -2.803861e+00, -1.011470e+00, -2.228258e+00, 3.775419e-10, -1.167742e-10, 7.471440e-11, -1.874190e-10, 5.963498e+01, -1.850622e-01
2.247000e+02, 1.286032e-01, 8.928751e-07, 5.663345e-02, 6.805526e-07, -8.113121e-01, -2.801733e+00, -1.012831e+00, -2.224843e+00, 3.730158e-10, -1.167357e-10, 7.478566e-11, -1.866232e-10, 5.962267e+01, -1.874343e-01
2.276000e+02, 1.294092e-01, 8.931139e-07, 5.665711e-02, 6.825586e-07, -8.181089e-01, -2.799606e+00, -1.014194e+00, -2.221442e+00, 3.685498e-10, -1.166815e-10, 7.485642e-11, -1.858799e-10, 5.961021e+01, -1.898045e-01
2.305000e+02, 1.302200e-01, 8.933505e-07, 5.668090e-02, 6.845716e-07, -8.248243e-01, -2.797480e+00, -1.015558e+00, -2.218055e+00, 3.641438e-10, -1.165662e-10, 7.500900e-11, -1.850276e-10, 5.959760e+01, -1.921729e-01
2.334000e+02, 1.310354e-01, 8.935876e-07, 5.670478e-02, 6.865915e-07, -8.314595e-01, -2.795356e+00, -1.016925e+00, -2.214684e+00, 3.597976e-10, -1.164932e-10, 7.516118e-11, -1.842909e-10, 5.958484e+01, -1.945394e-01
2.363000e+02, 1.318553e-01, 8.938233e-07, 5.672874e-02, 6.886182e-07, -8.380154e-01, -2.793233e+00, -1.018294e+00, -2.211326e+00, 3.555109e-10, -1.163636e-10, 7.523059e-11, -1.835100e-10, 5.957193e+01, -1.969040e-01
2.392000e+02, 1.326796e-01, 8.940574e-07, 5.675284e-02, 6.906512e-07, -8.444933e-01, -2.791113e+00, -1.019665e+00, -2.207982e+00, 3.513106e-10, -1.163294e-10, 7.529950e-11, -1.826692e-10, 5.955887e+01, -1.992668e-01
2.421000e+02, 1.335084e-01, 8.942913e-07, 5.677708e-02, 6.926908e-07, -8.508946e-01, -2.788993e+00, -1.021037e+00, -2.204653e+00, 3.470078e-10, -1.162020e-10, 7.545036e-11, -1.818964e-10, 5.954566e+01, -2.016279e-01
2.450000e+02, 1.343409e-01, 8.945236e-07, 5.680141e-02, 6.947365e-07, -8.572175e-01, -2.786876e+00, -1.022412e+00, -2.201339e+00, 3.430591e-10, -1.161693e-10, 7.555058e-11, -1.811739e-10, 5.953231e+01, -2.039862e-01
2.479000e+02, 1.351781e-01, 8.947557e-07, 5.682575e-02, 6.967891e-07, -8.634685e-01, -2.784759e+00, -1.023789e+00, -2.198038e+00, 3.389019e-10, -1.160440e-10, 7.575099e-11, -1.803448e-10, 5.951880e+01, -2.063437e-01
2.508000e+02, 1.360190e-01, 8.949862e-07, 5.685025e-02, 6.988483e-07, -8.696437e-01, -2.782645e+00, -1.025169e+00, -2.194752e+00, 3.348066e-10, -1.159340e-10, 7.571816e-11, -1.794743e-10, 5.950514e+01, -2.086985e-01
2.537000e+02, 1.368636e-01, 8.952171e-07, 5.687473e-02, 7.009132e-07, -8.757443e-01, -2.780532e+00, -1.026548e+00, -2.191482e+00, 3.310262e-10, -1.158325e-10, 7.591769e-11, -1.787630e-10, 5.949134e+01, -2.110507e-01
2.566000e+02, 1.377124e-01, 8.954453e-07, 5.689939e-02, 7.029849e-07, -8.817760e-01, -2.778422e+00, -1.027932e+00, -2.188224e+00, 3.270464e-10, -1.158033e-10, 7.601702e-11, -1.779651e-10, 5.947739e+01, -2.134021e-01
2.595000e+02, 1.385648e-01, 8.956734e-07, 5.692405e-02, 7.050618e-07, -8.877352e-01, -2.776312e+00, -1.029317e+00, -2.184981e+00, 3.231269e-10, -1.156603e-10, 7.608324e-11, -1.771531e-10, 5.946329e+01, -2.157508e-01
2.624000e+02, 1.394206e-01, 8.959007e-07, 5.694885e-02, 7.071450e-07, -8.936229e-01, -2.774204e+00, -1.030703e+00, -2.181754e+00, 3.195104e-10, -1.155753e-10, 7.626490e-11, -1.763453e-10, 5.944905e+01, -2.180968e-01
2.653000e+02, 1.402804e-01, 8.961276e-07, 5.697361e-02, 7.092348e-07, -8.994448e-01, -2.772098e+00, -1.032093e+00, -2.178540e+00, 3.157032e-10, -1.154563e-10, 7.628122e-11, -1.756051e-10, 5.943466e+01, -2.204421e-01
2.682000e+02, 1.411435e-01, 8.963526e-07, 5.699843e-02, 7.113303e-07, -9.051973e-01, -2.769995e+00, -1.033483e+00, -2.175341e+00, 3.119544e-10, -1.153733e-10, 7.651206e-11, -1.747620e-10, 5.942013e+01, -2.227846e-01
2.711000e+02, 1.420097e-01, 8.965772e-07, 5.702329e-02, 7.134314e-07, -9.108815e-01, -2.767892e+00, -1.034877e+00, -2.172156e+00, 3.084972e-10, -1.153134e-10, 7.657702e-11, -1.739673e-10, 5.940544e+01, -2.251244e-01
2.740000e+02, 1.428798e-01, 8.968003e-07, 5.704830e-02, 7.155388e-07, -9.165027e-01, -2.765791e+00, -1.036272e+00, -2.168986e+00, 3.048571e-10, -1.151753e-10, 7.670934e-11, -1.731971e-10, 5.939062e+01, -2.274635e-01
2.769000e+02, 1.437529e-01, 8.970226e-07, 5.707318e-02, 7.176511e-07, -9.220576e-01, -2.763693e+00, -1.037670e+00, -2.165830e+00, 3.012736e-10, -1.150948e-10, 7.677392e-11, -1.723687e-10, 5.937565e+01, -2.297998e-01
2.798000e+02, 1.446289e-01, 8.972443e-07, 5.709820e-02, 7.197689e-07, -9.275472e-01, -2.761595e+00, -1.039069e+00, -2.162690e+00, 2.977458e-10, -1.149584e-10, 7.695513e-11, -1.716508e-10, 5.936053e+01, -2.321333e-01
2.827000e+02, 1.455078e-01, 8.974652e-07, 5.712319e-02, 7.218923e-07, -9.329725e-01, -2.759501e+00, -1.040471e+00, -2.159562e+00, 2.944948e-10, -1.149026e-10, 7.700505e-11, -1.707686e-10, 5.934528e+01, -2.344641e-01
2.856000e+02, 1.463902e-01, 8.976846e-07, 5.714810e-02, 7.240217e-07, -9.383385e-01, -2.757407e+00, -1.041874e+00, -2.156450e+00, 2.910706e-10, -1.148248e-10, 7.723494e-11, -1.700179e-10, 5.932987e+01, -2.367942e-01
2.885000e+02, 1.472754e-01, 8.979035e-07, 5.717306e-02, 7.261558e-07, -9.436422e-01, -2.755315e+00, -1.043282e+00, -2.153352e+00, 2.877001e-10, -1.146912e-10, 7.725036e-11, -1.692091e-10, 5.931433e+01, -2.391214e-01
2.914000e+02, 1.481632e-01, 8.981215e-07, 5.719808e-02, 7.282952e-07, -9.488844e-01, -2.753225e+00, -1.044689e+00, -2.150269e+00, 2.843826e-10, -1.145586e-10, 7.743166e-11, -1.684683e-10, 5.929864e+01, -2.414459e-01
2.943000e+02, 1.490535e-01, 8.983386e-07, 5.722307e-02, 7.304393e-07, -9.540662e-01, -2.751138e+00, -1.046100e+00, -2.147199e+00, 2.813574e-10, -1.144833e-10, 7.756513e-11, -1.676064e-10, 5.928281e+01, -2.437676e-01
2.972000e+02, 1.499472e-01, 8.985551e-07, 5.724793e-02, 7.325891e-07, -9.591929e-01, -2.749052e+00, -1.047513e+00, -2.144146e+00, 2.779007e-10, -1.143759e-10, 7.771153e-11, -1.668755e-10, 5.926683e+01, -2.460885e-01
3.001000e+02, 1.508425e-01, 8.987698e-07, 5.727289e-02, 7.347436e-07, -9.642566e-01, -2.746967e+00, -1.048929e+00, -2.141105e+00, 2.751768e-10, -1.142462e-10, 7.771461e-11, -1.660866e-10, 5.925072e+01, -2.484047e-01
3.030000e+02, 1.517417e-01, 8.989835e-07, 5.729770e-02, 7.369032e-07, -9.692707e-01, -2.744886e+00, -1.050346e+00, -2.138079e+00, 2.718211e-10, -1.141738e-10, 7.802721e-11, -1.652400e-10, 5.923446e+01, -2.507220e-01
3.059000e+02, 1.526426e-01, 8.991966e-07, 5.732250e-02, 7.390685e-07, -9.742236e-01, -2.742805e+00, -1.051767e+00, -2.135068e+00, 2.687817e-10, -1.140458e-10, 7.799535e-11, -1.644844e-10, 5.921807e+01, -2.530345e-01
3.088000e+02, 1.535456e-01, 8.994088e-07, 5.734729e-02, 7.412374e-07, -9.791211e-01, -2.740727e+00, -1.053188e+00, -2.132071e+00, 2.659579e-10, -1.139750e-10, 7.826058e-11, -1.637110e-10, 5.920153e+01, -2.553442e-01
3.117000e+02, 1.544517e-01, 8.996204e-07, 5.737200e-02, 7.434114e-07, -9.839672e-01, -2.738651e+00, -1.054614e+00, -2.129088e+00, 2.629505e-10, -1.137928e-10, 7.831243e-11, -1.629425e-10, 5.918484e+01, -2.576531e-01
3.146000e+02, 1.553599e-01, 8.998306e-07, 5.739663e-02, 7.455904e-07, -9.887585e-01, -2.736577e+00, -1.056041e+00, -2.126119e+00, 2.600495e-10, -1.137479e-10, 7.844790e-11, -1.621404e-10, 5.916803e+01, -2.599592e-01
3.175000e+02, 1.562702e-01, 9.000394e-07, 5.742115e-02, 7.477735e-07, -9.934969e-01, -2.734504e+00, -1.057471e+00, -2.123164e+00, 2.571653e-10, -1.135996e-10, 7.850056e-11, -1.613441e-10, 5.915107e+01, -2.622624e-01
3.204000e+02, 1.571825e-01, 9.002480e-07, 5.744561e-02, 7.499606e-07, -9.981828e-01, -2.732435e+00, -1.058901e+00, -2.120224e+00, 2.543561e-10, -1.135566e-10, 7.876689e-11, -1.605913e-10, 5.913398e+01, -2.645629e-01
3.233000e+02, 1.580968e-01, 9.004551e-07, 5.746998e-02, 7.521527e-07, -1.002817e+00, -2.730365e+00, -1.060336e+00, -2.117298e+00, 2.517177e-10, -1.133541e-10, 7.890348e-11, -1.597436e-10, 5.911673e+01, -2.668605e-01
3.262000e+02, 1.590139e-01, 9.006617e-07, 5.749424e-02, 7.543492e-07, -1.007404e+00, -2.728300e+00, -1.061774e+00, -2.114387e+00, 2.487819e-10, -1.132885e-10, 7.891078e-11, -1.590634e-10, 5.909936e+01, -2.691572e-01
3.291000e+02, 1.599320e-01, 9.008677e-07, 5.751834e-02, 7.565501e-07, -1.011937e+00, -2.726236e+00, -1.063212e+00, -2.111489e+00, 2.462850e-10, -1.131926e-10, 7.917817e-11, -1.581895e-10, 5.908185e+01, -2.714491e-01
3.320000e+02, 1.608527e-01, 9.010717e-07, 5.754237e-02, 7.587545e-07, -1.016425e+00, -2.724173e+00, -1.064655e+00, -2.108607e+00, 2.436176e-10, -1.130484e-10, 7.931615e-11, -1.574578e-10, 5.906420e+01, -2.737402e-01
3.349000e+02, 1.617752e-01, 9.012756e-07, 5.756629e-02, 7.609637e-07, -1.020864e+00, -2.722113e+00, -1.066100e+00, -2.105737e+00, 2.409925e-10, -1.129547e-10, 7.932515e-11, -1.566579e-10, 5.904641e+01, -2.760284e-01
3.378000e+02, 1.626994e-01, 9.014775e-07, 5.759005e-02, 7.631758e-07, -1.025255e+00, -2.720055e+00, -1.067545e+00, -2.102883e+00, 2.384090e-10, -1.128123e-10, 7.963129e-11, -1.559367e-10, 5.902848e+01, -2.783138e-01
3.407000e+02, 1.636253e-01, 9.016793e-07, 5.761361e-02, 7.653926e-07, -1.029599e+00, -2.718000e+00, -1.068996e+00, -2.100042e+00, 2.360369e-10, -1.126955e-10, 7.964176e-11, -1.551843e-10, 5.901042e+01, -2.805963e-01
3.436000e+02, 1.645537e-01, 9.018800e-07, 5.763702e-02, 7.676132e-07, -1.033900e+00, -2.715946e+00, -1.070448e+00, -2.097214e+00, 2.333616e-10, -1.125798e-10, 7.986571e-11, -1.543400e-10, 5.899223e+01, -2.828779e-01
3.465000e+02, 1.654828e-01, 9.020796e-07, 5.766027e-02, 7.698372e-07, -1.038152e+00, -2.713895e+00, -1.071903e+00, -2.094402e+00, 2.309272e-10, -1.125203e-10, 8.000659e-11, -1.535993e-10, 5.897390e+01, -2.851547e-01
3.494000e+02, 1.664134e-01, 9.022785e-07, 5.768341e-02, 7.720648e-07, -1.042360e+00, -2.711845e+00, -1.073361e+00, -2.091603e+00, 2.286671e-10, -1.123511e-10, 8.010267e-11, -1.528639e-10, 5.895543e+01, -2.874286e-01
3.523000e+02, 1.673463e-01, 9.024760e-07, 5.770635e-02, 7.742961e-07, -1.046527e+00, -2.709797e+00, -1.074820e+00, -2.088818e+00, 2.262769e-10, -1.122126e-10, 8.028330e-11, -1.520724e-10, 5.893682e+01, -2.897016e-01
3.552000e+02, 1.682808e-01, 9.026732e-07, 5.772905e-02, 7.765316e-07, -1.050650e+00, -2.707753e+00, -1.076283e+00, -2.086047e+00, 2.237643e-10, -1.121262e-10, 8.046490e-11, -1.513134e-10, 5.891809e+01, -2.919718e-01
3.581000e+02, 1.692157e-01, 9.028684e-07, 5.775151e-02, 7.787697e-07, -1.054727e+00, -2.705710e+00, -1.077749e+00, -2.083290e+00, 2.216108e-10, -1.119894e-10, 8.056373e-11, -1.505334e-10, 5.889922e+01, -2.942371e-01
3.610000e+02, 1.701529e-01, 9.030634e-07, 5.777378e-02, 7.810119e-07, -1.058765e+00, -2.703669e+00, -1.079217e+00, -2.080547e+00, 2.193596e-10, -1.118792e-10, 8.074720e-11, -1.497861e-10, 5.888022e+01, -2.965014e-01
3.639000e+02, 1.710914e-01, 9.032572e-07, 5.779580e-02, 7.832567e-07, -1.062762e+00, -2.701630e+00, -1.080688e+00, -2.077817e+00, 2.171160e-10, -1.117699e-10, 8.084783e-11, -1.490786e-10, 5.886108e+01, -2.987629e-01
3.668000e+02, 1.720312e-01, 9.034499e-07, 5.781763e-02, 7.855050e-07, -1.066718e+00, -2.699594e+00, -1.082162e+00, -2.075101e+00, 2.149075e-10, -1.115807e-10, 8.111702e-11, -1.482818e-10, 5.884181e+01, -3.010215e-01
3.697000e+02, 1.729723e-01, 9.036419e-07, 5.783918e-02, 7.877563e-07, -1.070634e+00, -2.697561e+00, -1.083640e+00, -2.072399e+00, 2.127612e-10, -1.115543e-10, 8.117524e-11, -1.474911e-10, 5.882241e+01, -3.032772e-01
3.726000e+02, 1.739145e-01, 9.038323e-07, 5.786045e-02, 7.900106e-07, -1.074511e+00, -2.695528e+00, -1.085119e+00, -2.069712e+00, 2.105933e-10, -1.113669e-10, 8.136280e-11, -1.468005e-10, 5.880286e+01, -3.055300e-01
3.755000e+02, 1.748580e-01, 9.040219e-07, 5.788148e-02, 7.922683e-07, -1.078348e+00, -2.693499e+00, -1.086601e+00, -2.067037e+00, 2.085142e-10, -1.112350e-10, 8.150734e-11, -1.460213e-10, 5.878321e+01, -3.077799e-01
3.784000e+02, 1.758026e-01, 9.042113e-07, 5.790219e-02, 7.945290e-07, -1.082147e+00, -2.691472e+00, -1.088086e+00, -2.064376e+00, 2.064400e-10, -1.111302e-10, 8.169712e-11, -1.453090e-10, 5.876341e+01, -3.100269e-01
3.813000e+02, 1.767482e-01, 9.043995e-07, 5.792266e-02, 7.967920e-07, -1.085909e+00, -2.689447e+00, -1.089575e+00, -2.061728e+00, 2.044254e-10, -1.110264e-10, 8.180045e-11, -1.445418e-10, 5.874348e+01, -3.122709e-01
3.842000e+02, 1.776949e-01, 9.045865e-07, 5.794272e-02, 7.990579e-07, -1.089634e+00, -2.687424e+00, -1.091066e+00, -2.059095e+00, 2.024149e-10, -1.108691e-10, 8.199274e-11, -1.438411e-10, 5.872342e+01, -3.145121e-01
3.871000e+02, 1.786427e-01, 9.047718e-07, 5.796255e-02, 8.013262e-07, -1.093322e+00, -2.685404e+00, -1.092560e+00, -2.056474e+00, 2.004355e-10, -1.107406e-10, 8.214256e-11, -1.430252e-10, 5.870323e+01, -3.167503e-01
3.900000e+02, 1.795914e-01, 9.049568e-07, 5.798205e-02, 8.035976e-07, -1.096974e+00, -2.683386e+00, -1.094056e+00, -2.053868e+00, 1.986244e-10, -1.106396e-10, 8.229378e-11, -1.423047e-10, 5.868291e+01, -3.189856e-01
3.929000e+02, 1.805421e-01, 9.051406e-07, 5.800124e-02, 8.058705e-07, -1.100593e+00, -2.681370e+00, -1.095556e+00, -2.051275e+00, 1.965931e-10, -1.104583e-10, 8.248742e-11, -1.416530e-10, 5.866247e+01, -3.212200e-01
3.958000e+02, 1.814927e-01, 9.053236e-07, 5.801997e-02, 8.081465e-07, -1.104176e+00, -2.679357e+00, -1.097059e+00, -2.048693e+00, 1.947035e-10, -1.103592e-10, 8.255758e-11, -1.408546e-10, 5.864189e+01, -3.234495e-01
3.987000e+02, 1.824443e-01, 9.055053e-07, 5.803843e-02, 8.104256e-07, -1.107723e+00, -2.677346e+00, -1.098563e+00, -2.046127e+00, 1.928697e-10, -1.102338e-10, 8.288176e-11, -1.401518e-10, 5.862119e+01, -3.256760e-01
4.016000e+02, 1.833967e-01, 9.056866e-07, 5.805649e-02, 8.127059e-07, -1.111238e+00, -2.675338e+00, -1.100073e+00, -2.043573e+00, 1.910374e-10, -1.101364e-10, 8.286925e-11, -1.393656e-10, 5.860035e+01, -3.278996e-01
4.045000e+02, 1.843500e-01, 9.058667e-07, 5.807409e-02, 8.149893e-07, -1.114719e+00, -2.673331e+00, -1.101583e+00, -2.041034e+00, 1.892331e-10, -1.099585e-10, 8.315529e-11, -1.386750e-10, 5.857939e+01, -3.301203e-01
4.074000e+02, 1.853041e-01, 9.060460e-07, 5.809142e-02, 8.172739e-07, -1.118167e+00, -2.671327e+00, -1.103099e+00, -2.038507e+00, 1.873548e-10, -1.098091e-10, 8.331508e-11, -1.379606e-10, 5.855831e+01, -3.323380e-01
4.103000e+02, 1.862581e-01, 9.062235e-07, 5.810821e-02, 8.195610e-07, -1.121580e+00, -2.669327e+00, -1.104617e+00, -2.035993e+00, 1.857342e-10, -1.096870e-10, 8.343513e-11, -1.373115e-10, 5.853709e+01, -3.345508e-01
4.132000e+02, 1.872137e-01, 9.064005e-07, 5.812460e-02, 8.218502e-07, -1.124965e+00, -2.667328e+00, -1.106137e+00, -2.033491e+00, 1.840106e-10, -1.095933e-10, 8.355701e-11, -1.365188e-10, 5.851575e+01, -3.367627e-01
4.161000e+02, 1.881701e-01, 9.065763e-07, 5.814059e-02, 8.241413e-07, -1.128318e+00, -2.665331e+00, -1.107659e+00, -2.031004e+00, 1.823394e-10, -1.094190e-10, 8.376521e-11, -1.357921e-10, 5.849429e+01, -3.389715e-01
4.190000e+02, 1.891271e-01, 9.067512e-07, 5.815613e-02, 8.264339e-07, -1.131640e+00, -2.663337e+00, -1.109186e+00, -2.028529e+00, 1.805716e-10, -1.092993e-10, 8.393347e-11, -1.351007e-10, 5.847269e+01, -3.411775e-01
4.219000e+02, 1.900839e-01, 9.069256e-07, 5.817114e-02, 8.287288e-07, -1.134930e+00, -2.661346e+00, -1.110715e+00, -2.026068e+00, 1.790217e-10, -1.092082e-10, 8.414585e-11, -1.343858e-10, 5.845097e+01, -3.433785e-01
4.248000e+02, 1.910424e-01, 9.070987e-07, 5.818571e-02, 8.310252e-07, -1.138192e+00, -2.659356e+00, -1.112248e+00, -2.023619e+00, 1.773324e-10, -1.089829e-10, 8.423397e-11, -1.337056e-10, 5.842914e+01, -3.455785e-01
4.277000e+02, 1.920004e-01, 9.072704e-07, 5.819978e-02, 8.333239e-07, -1.141424e+00, -2.657370e+00, -1.113783e+00, -2.021183e+00, 1.757110e-10, -1.089473e-10, 8.440901e-11, -1.329738e-10, 5.840716e+01, -3.477737e-01
4.306000e+02, 1.929592e-01, 9.074413e-07, 5.821332e-02, 8.356230e-07, -1.144625e+00, -2.655385e+00, -1.115321e+00, -2.018760e+00, 1.741911e-10, -1.086956e-10, 8.458643e-11, -1.323051e-10, 5.838508e+01, -3.499658e-01
4.335000e+02, 1.939184e-01, 9.076115e-07, 5.822633e-02, 8.379243e-07, -1.147799e+00, -2.653404e+00, -1.116863e+00, -2.016349e+00, 1.726426e-10, -1.086616e-10, 8.468149e-11, -1.316136e-10, 5.836286e+01, -3.521550e-01
4.364000e+02, 1.948783e-01, 9.077809e-07, 5.823886e-02, 8.402269e-07, -1.150945e+00, -2.651424e+00, -1.118406e+00, -2.013951e+00, 1.711171e-10, -1.084685e-10, 8.494842e-11, -1.308690e-10, 5.834052e+01, -3.543412e-01
4.393000e+02, 1.958386e-01, 9.079479e-07, 5.825081e-02, 8.425312e-07, -1.154063e+00, -2.649448e+00, -1.119953e+00, -2.011566e+00, 1.696397e-10, -1.083259e-10, 8.504819e-11, -1.302205e-10, 5.831806e+01, -3.565245e-01
4.422000e+02, 1.967995e-01, 9.081153e-07, 5.826228e-02, 8.448353e-07, -1.157154e+00, -2.647474e+00, -1.121503e+00, -2.009193e+00, 1.681588e-10, -1.082412e-10, 8.515357e-11, -1.295154e-10, 5.829548e+01, -3.587048e-01
4.451000e+02, 1.977609e-01, 9.082813e-07, 5.827304e-02, 8.471420e-07, -1.160218e+00, -2.645502e+00, -1.123055e+00, -2.006833e+00, 1.666156e-10, -1.080224e-10, 8.542842e-11, -1.288471e-10, 5.827278e+01, -3.608821e-01
4.480000e+02, 1.987218e-01, 9.084458e-07, 5.828323e-02, 8.494497e-07, -1.163254e+00, -2.643533e+00, -1.124611e+00, -2.004486e+00, 1.652884e-10, -1.079107e-10, 8.549535e-11, -1.280990e-10, 5.824995e+01, -3.630545e-01
4.509000e+02, 1.996840e-01, 9.086098e-07, 5.829285e-02, 8.517581e-07, -1.166266e+00, -2.641567e+00, -1.126169e+00, -2.002152e+00, 1.637899e-10, -1.077997e-10, 8.565001e-11, -1.274693e-10, 5.822701e+01, -3.652259e-01
4.538000e+02, 2.006458e-01, 9.087731e-07, 5.830185e-02, 8.540684e-07, -1.169250e+00, -2.639603e+00, -1.127730e+00, -1.999829e+00, 1.624211e-10, -1.076657e-10, 8.589261e-11, -1.267914e-10, 5.820394e+01, -3.673923e-01
4.567000e+02, 2.016080e-01, 9.089346e-07, 5.831020e-02, 8.563789e-07, -1.172210e+00, -2.637641e+00, -1.129295e+00, -1.997519e+00, 1.610474e-10, -1.074743e-10, 8.592785e-11, -1.260877e-10, 5.818075e+01, -3.695558e-01
4.596000e+02, 2.025705e-01, 9.090958e-07, 5.831789e-02, 8.586907e-07, -1.175144e+00, -2.635683e+00, -1.130861e+00, -1.995221e+00, 1.596154e-10, -1.073422e-10, 8.609134e-11, -1.254218e-10, 5.815744e+01, -3.717163e-01
4.625000e+02, 2.035325e-01, 9.092552e-07, 5.832496e-02, 8.610026e-07, -1.178053e+00, -2.633727e+00, -1.132429e+00, -1.992936e+00, 1.584102e-10, -1.072051e-10, 8.630315e-11, -1.247877e-10, 5.813401e+01, -3.738719e-01
4.654000e+02, 2.044957e-01, 9.094147e-07, 5.833129e-02, 8.633154e-07, -1.180939e+00, -2.631774e+00, -1.134002e+00, -1.990662e+00, 1.569941e-10, -1.070748e-10, 8.634779e-11, -1.241011e-10, 5.811046e+01, -3.760264e-01
4.683000e+02, 2.054583e-01, 9.095723e-07, 5.833696e-02, 8.656295e-07, -1.183800e+00, -2.629823e+00, -1.135575e+00, -1.988401e+00, 1.557247e-10, -1.069161e-10, 8.656628e-11, -1.234524e-10, 5.808679e+01, -3.781760e-01
4.712000e+02, 2.064212e-01, 9.097288e-07, 5.834188e-02, 8.679435e-07, -1.186637e+00, -2.627874e+00, -1.137153e+00, -1.986151e+00, 1.544736e-10, -1.067810e-10, 8.670282e-11, -1.227517e-10, 5.806300e+01, -3.803226e-01
4.741000e+02, 2.073844e-01, 9.098855e-07, 5.834611e-02, 8.702578e-07, -1.189452e+00, -2.625929e+00, -1.138732e+00, -1.983915e+00, 1.531187e-10, -1.066012e-10, 8.680341e-11, -1.220822e-10, 5.803909e+01, -3.824662e-01
4.770000e+02, 2.083470e-01, 9.100397e-07, 5.834955e-02, 8.725734e-07, -1.192242e+00, -2.623986e+00, -1.140314e+00, -1.981690e+00, 1.520019e-10, -1.064974e-10, 8.694684e-11, -1.214758e-10, 5.801508e+01, -3.846049e-01
4.799000e+02, 2.093107e-01, 9.101933e-07, 5.835228e-02, 8.748896e-07, -1.195012e+00, -2.622046e+00, -1.141898e+00, -1.979477e+00, 1.507089e-10, -1.063643e-10, 8.701564e-11, -1.208249e-10, 5.799094e+01, -3.867425e-01
4.828000e+02, 2.102737e-01, 9.103470e-07, 5.835414e-02, 8.772048e-07, -1.197758e+00, -2.620108e+00, -1.143484e+00, -1.977275e+00, 1.495060e-10, -1.061875e-10, 8.716626e-11, -1.201146e-10, 5.796668e+01, -3.888752e-01
4.857000e+02, 2.112370e-01, 9.104982e-07, 5.835530e-02, 8.795214e-07, -1.200482e+00, -2.618173e+00, -1.145072e+00, -1.975086e+00, 1.482754e-10, -1.060038e-10, 8.728151e-11, -1.195244e-10, 5.794231e+01, -3.910049e-01
4.886000e+02, 2.121995e-01, 9.106490e-07, 5.835567e-02, 8.818386e-07, -1.203184e+00, -2.616241e+00, -1.146662e+00, -1.972909e+00, 1.471999e-10, -1.059030e-10, 8.736195e-11, -1.188908e-10, 5.791781e+01, -3.931297e-01
4.915000e+02, 2.131631e-01, 9.107992e-07, 5.835517e-02, 8.841547e-07, -1.205866e+00, -2.614312e+00, -1.148254e+00, -1.970742e+00, 1.459800e-10, -1.057813e-10, 8.757083e-11, -1.181971e-10, 5.789321e+01, -3.952535e-01
4.944000e+02, 2.141259e-01, 9.109473e-07, 5.835384e-02, 8.864721e-07, -1.208526e+00, -2.612384e+00, -1.149850e+00, -1.968589e+00, 1.448688e-10, -1.055998e-10, 8.757356e-11, -1.175752e-10, 5.786848e+01, -3.973722e-01
4.973000e+02, 2.150889e-01, 9.110950e-07, 5.835167e-02, 8.887882e-07, -1.211165e+00, -2.610460e+00, -1.151446e+00, -1.966446e+00, 1.436606e-10, -1.054189e-10, 8.766625e-11, -1.169495e-10, 5.784364e+01, -3.994880e-01
5.002000e+02, 2.160512e-01, 9.112423e-07, 5.834862e-02, 8.911052e-07, -1.213783e+00, -2.608539e+00, -1.153043e+00, -1.964315e+00, 1.426940e-10, -1.053000e-10, 8.784917e-11, -1.163054e-10, 5.781870e+01, -4.015989e-01
5.031000e+02, 2.170144e-01, 9.113875e-07, 5.834466e-02, 8.934221e-07, -1.216383e+00, -2.606620e+00, -1.154644e+00, -1.962196e+00, 1.415184e-10, -1.051207e-10, 8.782639e-11, -1.157236e-10, 5.779362e+01, -4.037087e-01
5.060000e+02, 2.179768e-01, 9.115323e-07, 5.833977e-02, 8.957386e-07, -1.218962e+00, -2.604705e+00, -1.156244e+00, -1.960087e+00, 1.403844e-10, -1.050555e-10, 8.793195e-11, -1.150337e-10, 5.776845e+01, -4.058136e-01
5.089000e+02, 2.189384e-01, 9.116755e-07, 5.833400e-02, 8.980554e-07, -1.221520e+00, -2.602791e+00, -1.157846e+00, -1.957991e+00, 1.394374e-10, -1.048261e-10, 8.800410e-11, -1.144397e-10, 5.774316e+01, -4.079135e-01
5.118000e+02, 2.199010e-01, 9.118177e-07, 5.832727e-02, 9.003707e-07, -1.224060e+00, -2.600881e+00, -1.159450e+00, -1.955906e+00, 1.383575e-10, -1.047005e-10, 8.811836e-11, -1.137840e-10, 5.771775e+01, -4.100124e-01
5.147000e+02, 2.208626e-01, 9.119600e-07, 5.831966e-02, 9.026871e-07, -1.226581e+00, -2.598973e+00, -1.161055e+00, -1.953833e+00, 1.372476e-10, -1.045037e-10, 8.807577e-11, -1.132235e-10, 5.769222e+01, -4.121063e-01
5.176000e+02, 2.218235e-01, 9.121004e-07, 5.831104e-02, 9.050029e-07, -1.229082e+00, -2.597069e+00, -1.162660e+00, -1.951770e+00, 1.363417e-10, -1.044107e-10, 8.824814e-11, -1.125893e-10, 5.766659e+01, -4.141953e-01
5.205000e+02, 2.227852e-01, 9.122401e-07, 5.830141e-02, 9.073175e-07, -1.231567e+00, -2.595166e+00, -1.164268e+00, -1.949718e+00, 1.352844e-10, -1.042671e-10, 8.812869e-11, -1.119271e-10, 5.764084e+01, -4.162833e-01
5.234000e+02, 2.237461e-01, 9.123784e-07, 5.829080e-02, 9.096322e-07, -1.234032e+00, -2.593266e+00, -1.165874e+00, -1.947679e+00, 1.342432e-10, -1.040417e-10, 8.831064e-11, -1.113603e-10, 5.761498e+01, -4.183663e-01
5.263000e+02, 2.247060e-01, 9.125156e-07, 5.827919e-02, 9.119453e-07, -1.236478e+00, -2.591371e+00, -1.167483e+00, -1.945650e+00, 1.333762e-10, -1.039510e-10, 8.825046e-11, -1.107866e-10, 5.758901e+01, -4.204444e-01
5.292000e+02, 2.256669e-01, 9.126520e-07, 5.826646e-02, 9.142589e-07, -1.238908e+00, -2.589476e+00, -1.169091e+00, -1.943631e+00, 1.323627e-10, -1.037783e-10, 8.826891e-11, -1.101184e-10, 5.756293e+01, -4.225214e-01
5.321000e+02, 2.266268e-01, 9.127879e-07, 5.825281e-02, 9.165716e-07, -1.241320e+00, -2.587586e+00, -1.170700e+00, -1.941624e+00, 1.313645e-10, -1.036380e-10, 8.821868e-11, -1.095889e-10, 5.753673e+01, -4.245934e-01
5.350000e+02, 2.275858e-01, 9.129224e-07, 5.823805e-02, 9.188835e-07, -1.243713e+00, -2.585697e+00, -1.172307e+00, -1.939628e+00, 1.305572e-10, -1.034475e-10, 8.829705e-11, -1.089316e-10, 5.751043e+01, -4.266606e-01
5.379000e+02, 2.285456e-01, 9.130549e-07, 5.822223e-02, 9.211944e-07, -1.246092e+00, -2.583812e+00, -1.173916e+00, -1.937643e+00, 1.294867e-10, -1.033282e-10, 8.825720e-11, -1.083567e-10, 5.748401e+01, -4.287266e-01
5.408000e+02, 2.295035e-01, 9.131874e-07, 5.820531e-02, 9.235048e-07, -1.248452e+00, -2.581929e+00, -1.175524e+00, -1.935668e+00, 1.287034e-10, -1.031395e-10, 8.822261e-11, -1.077657e-10, 5.745749e+01, -4.307859e-01
5.437000e+02, 2.304623e-01, 9.133180e-07, 5.818727e-02, 9.258138e-07, -1.250797e+00, -2.580050e+00, -1.177132e+00, -1.933705e+00, 1.277585e-10, -1.030215e-10, 8.819326e-11, -1.071455e-10, 5.743085e+01, -4.328440e-01
5.466000e+02, 2.314200e-01, 9.134484e-07, 5.816812e-02, 9.281226e-07, -1.253125e+00, -2.578173e+00, -1.178739e+00, -1.931752e+00, 1.269009e-10, -1.028024e-10, 8.813325e-11, -1.066202e-10, 5.740410e+01, -4.348972e-01
5.495000e+02, 2.323777e-01, 9.135777e-07, 5.814776e-02, 9.304295e-07, -1.255437e+00, -2.576300e+00, -1.180345e+00, -1.929810e+00, 1.259822e-10, -1.027178e-10, 8.811467e-11, -1.059896e-10, 5.737725e+01, -4.369475e-01
5.524000e+02, 2.333343e-01, 9.137061e-07, 5.812630e-02, 9.327352e-07, -1.257733e+00, -2.574428e+00, -1.181950e+00, -1.927878e+00, 1.251488e-10, -1.025327e-10, 8.797824e-11, -1.053848e-10, 5.735029e+01, -4.389928e-01
5.553000e+02, 2.342909e-01, 9.138325e-07, 5.810366e-02, 9.350407e-07, -1.260013e+00, -2.572560e+00, -1.183553e+00, -1.925958e+00, 1.242777e-10, -1.023343e-10, 8.784717e-11, -1.048746e-10, 5.732322e+01, -4.410351e-01
5.582000e+02, 2.352463e-01, 9.139590e-07, 5.807986e-02, 9.373442e-07, -1.262278e+00, -2.570695e+00, -1.185154e+00, -1.924047e+00, 1.234674e-10, -1.022844e-10, 8.780912e-11, -1.042797e-10, 5.729604e+01, -4.430725e-01
5.611000e+02, 2.362016e-01, 9.140837e-07, 5.805485e-02, 9.396473e-07, -1.264527e+00, -2.568831e+00, -1.186754e+00, -1.922147e+00, 1.226678e-10, -1.020368e-10, 8.768898e-11, -1.036696e-10, 5.726875e+01, -4.451068e-01
5.640000e+02, 2.371568e-01, 9.142081e-07, 5.802868e-02, 9.419491e-07, -1.266762e+00, -2.566972e+00, -1.188352e+00, -1.920258e+00, 1.218321e-10, -1.018552e-10, 8.762688e-11, -1.031195e-10, 5.724136e+01, -4.471382e-01
5.669000e+02, 2.381109e-01, 9.143304e-07, 5.800120e-02, 9.442492e-07, -1.268982e+00, -2.565116e+00, -1.189948e+00, -1.918379e+00, 1.209867e-10, -1.017425e-10, 8.739493e-11, -1.025743e-10, 5.721385e+01, -4.491647e-01
5.698000e+02, 2.390639e-01, 9.144525e-07, 5.797250e-02, 9.465476e-07, -1.271187e+00, -2.563262e+00, -1.191541e+00, -1.916510e+00, 1.202208e-10, -1.016129e-10, 8.720333e-11, -1.019795e-10, 5.718624e+01, -4.511863e-01
5.727000e+02, 2.400167e-01, 9.145730e-07, 5.794266e-02, 9.488446e-07, -1.273377e+00, -2.561411e+00, -1.193130e+00, -1.914652e+00, 1.194865e-10, -1.014012e-10, 8.712346e-11, -1.014635e-10, 5.715853e+01, -4.532049e-01
5.756000e+02, 2.409693e-01, 9.146923e-07, 5.791142e-02, 9.511407e-07, -1.275555e+00, -2.559563e+00, -1.194717e+00, -1.912803e+00, 1.186744e-10, -1.012904e-10, 8.681993e-11, -1.008785e-10, 5.713071e+01, -4.552204e-01
5.785000e+02, 2.419208e-01, 9.148113e-07, 5.787900e-02, 9.534354e-07, -1.277717e+00, -2.557718e+00, -1.196299e+00, -1.910965e+00, 1.179390e-10, -1.010800e-10, 8.669819e-11, -1.003335e-10, 5.710278e+01, -4.572311e-01
5.814000e+02, 2.428721e-01, 9.149291e-07, 5.784530e-02, 9.557272e-07, -1.279866e+00, -2.555876e+00, -1.197879e+00, -1.909137e+00, 1.171704e-10, -1.009205e-10, 8.642481e-11, -9.977746e-11, 5.707475e+01, -4.592388e-01
5.843000e+02, 2.438222e-01, 9.150460e-07, 5.781018e-02, 9.580185e-07, -1.282001e+00, -2.554037e+00, -1.199454e+00, -1.907319e+00, 1.164764e-10, -1.007950e-10, 8.622617e-11, -9.920714e-11, 5.704661e+01, -4.612416e-01
5.872000e+02, 2.447722e-01, 9.151614e-07, 5.777384e-02, 9.603082e-07, -1.284123e+00, -2.552200e+00, -1.201025e+00, -1.905511e+00, 1.157072e-10, -1.006369e-10, 8.591001e-11, -9.867695e-11, 5.701836e+01, -4.632414e-01
5.901000e+02, 2.457209e-01, 9.152759e-07, 5.773619e-02, 9.625950e-07, -1.286232e+00, -2.550366e+00, -1.202590e+00, -1.903713e+00, 1.150324e-10, -1.004298e-10, 8.568801e-11, -9.813492e-11, 5.699001e+01, -4.652362e-01
5.930000e+02, 2.466694e-01, 9.153890e-07, 5.769722e-02, 9.648812e-07, -1.288328e+00, -2.548537e+00, -1.204152e+00, -1.901925e+00, 1.142835e-10, -1.002733e-10, 8.538279e-11, -9.757892e-11, 5.696155e+01, -4.672281e-01
5.959000e+02, 2.476168e-01, 9.155014e-07, 5.765695e-02, 9.671656e-07, -1.290410e+00, -2.546709e+00, -1.205707e+00, -1.900147e+00, 1.135665e-10, -1.002006e-10, 8.504904e-11, -9.706304e-11, 5.693299e+01, -4.692152e-01
5.988000e+02, 2.485629e-01, 9.156126e-07, 5.761530e-02, 9.694472e-07, -1.292479e+00, -2.544884e+00, -1.207257e+00, -1.898378e+00, 1.128987e-10, -9.991266e-11, 8.472093e-11, -9.651656e-11, 5.690433e+01, -4.711973e-01
6.017000e+02, 2.495088e-01, 9.157226e-07, 5.757224e-02, 9.717270e-07, -1.294537e+00, -2.543063e+00, -1.208801e+00, -1.896620e+00, 1.122604e-10, -9.984154e-11, 8.430919e-11, -9.597474e-11, 5.687557e+01, -4.731764e-01
6.046000e+02, 2.504544e-01, 9.158316e-07, 5.752783e-02, 9.740050e-07, -1.296582e+00, -2.541244e+00, -1.210337e+00, -1.894871e+00, 1.115714e-10, -9.965388e-11, 8.402560e-11, -9.549083e-11, 5.684670e+01, -4.751526e-01
6.075000e+02, 2.513988e-01, 9.159404e-07, 5.748212e-02, 9.762810e-07, -1.298615e+00, -2.539428e+00, -1.211868e+00, -1.893131e+00, 1.108712e-10, -9.948539e-11, 8.350137e-11, -9.490476e-11, 5.681772e+01, -4.771239e-01
6.104000e+02, 2.523420e-01, 9.160470e-07, 5.743498e-02, 9.785554e-07, -1.300635e+00, -2.537615e+00, -1.213390e+00, -1.891402e+00, 1.102802e-10, -9.929905e-11, 8.319486e-11, -9.442975e-11, 5.678865e+01, -4.790902e-01
6.133000e+02, 2.532848e-01, 9.161535e-07, 5.738644e-02, 9.808278e-07, -1.302645e+00, -2.535806e+00, -1.214905e+00, -1.889681e+00, 1.095981e-10, -9.918152e-11, 8.271434e-11, -9.388848e-11, 5.675946e+01, -4.810537e-01
6.162000e+02, 2.542265e-01, 9.162582e-07, 5.733656e-02, 9.830973e-07, -1.304642e+00, -2.533999e+00, -1.216413e+00, -1.887970e+00, 1.089818e-10, -9.898154e-11, 8.220541e-11, -9.336932e-11, 5.673018e+01, -4.830122e-01
6.191000e+02, 2.551678e-01, 9.163614e-07, 5.728526e-02, 9.853649e-07, -1.306628e+00, -2.532195e+00, -1.217911e+00, -1.886269e+00, 1.083589e-10, -9.879711e-11, 8.173448e-11, -9.283738e-11, 5.670080e+01, -4.849678e-01
6.220000e+02, 2.561079e-01, 9.164645e-07, 5.723262e-02, 9.876297e-07, -1.308602e+00, -2.530395e+00, -1.219400e+00, -1.884577e+00, 1.077036e-10, -9.868202e-11, 8.132544e-11, -9.232720e-11, 5.667131e+01, -4.869185e-01
6.249000e+02, 2.570467e-01, 9.165658e-07, 5.717850e-02, 9.898925e-07, -1.310564e+00, -2.528597e+00, -1.220882e+00, -1.882895e+00, 1.071529e-10, -9.849879e-11, 8.065079e-11, -9.182132e-11, 5.664173e+01, -4.888643e-01
6.278000e+02, 2.579851e-01, 9.166670e-07, 5.712302e-02, 9.921533e-07, -1.312517e+00, -2.526802e+00, -1.222351e+00, -1.881222e+00, 1.065143e-10, -9.833638e-11, 8.016104e-11, -9.130292e-11, 5.661203e+01, -4.908072e-01
6.307000e+02, 2.589223e-01, 9.167657e-07, 5.706610e-02, 9.944112e-07, -1.314458e+00, -2.525010e+00, -1.223812e+00, -1.879558e+00, 1.059582e-10, -9.815449e-11, 7.958551e-11, -9.080576e-11, 5.658224e+01, -4.927452e-01
6.336000e+02, 2.598592e-01, 9.168643e-07, 5.700777e-02, 9.966670e-07, -1.316388e+00, -2.523222e+00, -1.225262e+00, -1.877904e+00, 1.053563e-10, -9.800782e-11, 7.892356e-11, -9.031277e-11, 5.655235e+01, -4.946802e-01
6.365000e+02, 2.607948e-01, 9.169618e-07, 5.694805e-02, 9.989208e-07, -1.318308e+00, -2.521436e+00, -1.226700e+00, -1.876258e+00, 1.047628e-10, -9.786184e-11, 7.835631e-11, -8.980751e-11, 5.652236e+01, -4.966104e-01
6.394000e+02, 2.617291e-01, 9.170584e-07, 5.688693e-02, 1.001172e-06, -1.320217e+00, -2.519653e+00, -1.228128e+00, -1.874622e+00, 1.042290e-10, -9.766797e-11, 7.770224e-11, -8.930672e-11, 5.649227e+01, -4.985357e-01
6.423000e+02, 2.626630e-01, 9.171532e-07, 5.682441e-02, 1.003419e-06, -1.322116e+00, -2.517873e+00, -1.229544e+00, -1.872994e+00, 1.036201e-10, -9.752350e-11, 7.696070e-11, -8.882649e-11, 5.646208e+01, -5.004581e-01
6.452000e+02, 2.635946e-01, 9.172471e-07, 5.676054e-02, 1.005665e-06, -1.324004e+00, -2.516096e+00, -1.230946e+00, -1.871376e+00, 1.031314e-10, -9.737972e-11, 7.628150e-11, -8.829823e-11, 5.643178e+01, -5.023738e-01
6.481000e+02, 2.645269e-01, 9.173398e-07, 5.669519e-02, 1.007909e-06, -1.325883e+00, -2.514322e+00, -1.232336e+00, -1.869767e+00, 1.025183e-10, -9.715307e-11, 7.563816e-11, -8.784626e-11, 5.640139e+01, -5.042883e-01
6.510000e+02, 2.654569e-01, 9.174317e-07, 5.662844e-02, 1.010148e-06, -1.327752e+00, -2.512552e+00, -1.233714e+00, -1.868166e+00, 1.020330e-10, -9.701065e-11, 7.469148e-11, -8.734236e-11, 5.637090e+01, -5.061962e-01
6.539000e+02, 2.663864e-01, 9.175225e-07, 5.656029e-02, 1.012386e-06, -1.329611e+00, -2.510784e+00, -1.235075e+00, -1.866575e+00, 1.015336e-10, -9.686893e-11, 7.405425e-11, -8.684698e-11, 5.634030e+01, -5.081011e-01
6.568000e+02, 2.673156e-01, 9.176122e-07, 5.649075e-02, 1.014621e-06, -1.331461e+00, -2.509019e+00, -1.236424e+00, -1.864992e+00, 1.009440e-10, -9.664429e-11, 7.314454e-11, -8.638728e-11, 5.630961e+01, -5.100031e-01
6.597000e+02, 2.682425e-01, 9.177010e-07, 5.641989e-02, 1.016853e-06, -1.333300e+00, -2.507258e+00, -1.237757e+00, -1.863418e+00, 1.004585e-10, -9.653946e-11, 7.242080e-11, -8.586435e-11, 5.627882e+01, -5.118983e-01
6.626000e+02, 2.691691e-01, 9.177878e-07, 5.634766e-02, 1.019082e-06, -1.335131e+00, -2.505499e+00, -1.239077e+00, -1.861854e+00, 9.995154e-11, -9.636436e-11, 7.148359e-11, -8.546414e-11, 5.624793e+01, -5.137906e-01
6.655000e+02, 2.700942e-01, 9.178743e-07, 5.627402e-02, 1.021308e-06, -1.336952e+00, -2.503743e+00, -1.240379e+00, -1.860296e+00, 9.943188e-11, -9.618972e-11, 7.054819e-11, -8.494935e-11, 5.621694e+01, -5.156781e-01
6.684000e+02, 2.710180e-01, 9.179604e-07, 5.619897e-02, 1.023531e-06, -1.338764e+00, -2.501990e+00, -1.241665e+00, -1.858749e+00, 9.896539e-11, -9.600340e-11, 6.967748e-11, -8.443886e-11, 5.618585e+01, -5.175608e-01
6.713000e+02, 2.719414e-01, 9.180447e-07, 5.612269e-02, 1.025752e-06, -1.340567e+00, -2.500241e+00, -1.242934e+00, -1.857210e+00, 9.847842e-11, -9.581799e-11, 6.874509e-11, -8.403510e-11, 5.615467e+01, -5.194406e-01
6.742000e+02, 2.728635e-01, 9.181273e-07, 5.604498e-02, 1.027969e-06, -1.342361e+00, -2.498495e+00, -1.244187e+00, -1.855679e+00, 9.797865e-11, -9.572902e-11, 6.772124e-11, -8.354763e-11, 5.612338e+01, -5.213155e-01
6.771000e+02, 2.737841e-01, 9.182092e-07, 5.596588e-02, 1.030183e-06, -1.344147e+00, -2.496751e+00, -1.245421e+00, -1.854156e+00, 9.748569e-11, -9.550914e-11, 6.676079e-11, -8.303444e-11, 5.609200e+01, -5.231857e-01
6.800000e+02, 2.747034e-01, 9.182902e-07, 5.588558e-02, 1.032394e-06, -1.345923e+00, -2.495010e+00, -1.246638e+00, -1.852643e+00, 9.706290e-11, -9.532602e-11, 6.567615e-11, -8.260604e-11, 5.606053e+01, -5.250510e-01
6.829000e+02, 2.756223e-01, 9.183693e-07, 5.580400e-02, 1.034602e-06, -1.347691e+00, -2.493273e+00, -1.247834e+00, -1.851138e+00, 9.660150e-11, -9.520278e-11, 6.465365e-11, -8.216658e-11, 5.602895e+01, -5.269134e-01
6.858000e+02, 2.765397e-01, 9.184485e-07, 5.572101e-02, 1.036807e-06, -1.349452e+00, -2.491539e+00, -1.249012e+00, -1.849641e+00, 9.612714e-11, -9.502105e-11, 6.350653e-11, -8.169458e-11, 5.599727e+01, -5.287711e-01
6.887000e+02, 2.774558e-01, 9.185259e-07, 5.563686e-02, 1.039009e-06, -1.351203e+00, -2.489807e+00, -1.250169e+00, -1.848152e+00, 9.567844e-11, -9.484023e-11, 6.251480e-11, -8.130571e-11, 5.596550e+01, -5.306239e-01
6.916000e+02, 2.783704e-01, 9.186014e-07, 5.555140e-02, 1.041211e-06, -1.352947e+00, -2.488079e+00, -1.251309e+00, -1.846671e+00, 9.525883e-11, -9.467129e-11, 6.124112e-11, -8.083411e-11, 5.593363e+01, -5.324720e-01
6.945000e+02, 2.792847e-01, 9.186765e-07, 5.546471e-02, 1.043406e-06, -1.354682e+00, -2.486354e+00, -1.252424e+00, -1.845198e+00, 9.477984e-11, -9.450282e-11, 6.018485e-11, -8.025190e-11, 5.590167e+01, -5.343172e-01
6.974000e+02, 2.801965e-01, 9.187510e-07, 5.537681e-02, 1.045595e-06, -1.356409e+00, -2.484632e+00, -1.253521e+00, -1.843736e+00, 9.439063e-11, -9.437139e-11, 5.890800e-11, -7.996692e-11, 5.586961e+01, -5.361557e-01
7.003000e+02, 2.811080e-01, 9.188242e-07, 5.528768e-02, 1.047786e-06, -1.358129e+00, -2.482913e+00, -1.254594e+00, -1.842279e+00, 9.394614e-11, -9.415687e-11, 5.765981e-11, -7.939289e-11, 5.583745e+01, -5.379913e-01
7.032000e+02, 2.820180e-01, 9.188963e-07, 5.519740e-02, 1.049969e-06, -1.359841e+00, -2.481197e+00, -1.255645e+00, -1.840832e+00, 9.352658e-11, -9.402684e-11, 5.650388e-11, -7.892475e-11, 5.580520e+01, -5.398221e-01
7.061000e+02, 2.829265e-01, 9.189671e-07, 5.510594e-02, 1.052146e-06, -1.361545e+00, -2.479484e+00, -1.256675e+00, -1.839394e+00, 9.317150e-11, -9.385050e-11, 5.512535e-11, -7.859876e-11, 5.577285e+01, -5.416482e-01
7.090000e+02, 2.838347e-01, 9.190359e-07, 5.501325e-02, 1.054324e-06, -1.363243e+00, -2.477774e+00, -1.257679e+00, -1.837962e+00, 9.270402e-11, -9.364830e-11, 5.393074e-11, -7.822435e-11, 5.574040e+01, -5.434714e-01
7.119000e+02, 2.847404e-01, 9.191049e-07, 5.491960e-02, 1.056505e-06, -1.364932e+00, -2.476067e+00, -1.258662e+00, -1.836536e+00, 9.232149e-11, -9.351030e-11, 5.254568e-11, -7.758101e-11, 5.570786e+01, -5.452880e-01
7.148000e+02, 2.856457e-01, 9.191711e-07, 5.482472e-02, 1.058669e-06, -1.366614e+00, -2.474363e+00, -1.259619e+00, -1.835123e+00, 9.194227e-11, -9.330921e-11, 5.112275e-11, -7.739880e-11, 5.567523e+01, -5.471017e-01
7.177000e+02, 2.865495e-01, 9.192376e-07, 5.472883e-02, 1.060845e-06, -1.368290e+00, -2.472663e+00, -1.260551e+00, -1.833712e+00, 9.151149e-11, -9.318257e-11, 4.979091e-11, -7.676498e-11, 5.564249e+01, -5.489107e-01
7.206000e+02, 2.874509e-01, 9.193026e-07, 5.463189e-02, 1.063003e-06, -1.369957e+00, -2.470965e+00, -1.261458e+00, -1.832314e+00, 9.116263e-11, -9.301949e-11, 4.845487e-11, -7.640389e-11, 5.560966e+01, -5.507131e-01
7.235000e+02, 2.883519e-01, 9.193670e-07, 5.453390e-02, 1.065165e-06, -1.371618e+00, -2.469270e+00, -1.262341e+00, -1.830922e+00, 9.078048e-11, -9.280087e-11, 4.701838e-11, -7.591307e-11, 5.557674e+01, -5.525126e-01
7.264000e+02, 2.892514e-01, 9.194288e-07, 5.443489e-02, 1.067318e-06, -1.373272e+00, -2.467579e+00, -1.263198e+00, -1.829538e+00, 9.044030e-11, -9.268576e-11, 4.551095e-11, -7.560718e-11, 5.554372e+01, -5.543074e-01
7.293000e+02, 2.901504e-01, 9.194905e-07, 5.433498e-02, 1.069474e-06, -1.374920e+00, -2.465891e+00, -1.264027e+00, -1.828161e+00, 9.003117e-11, -9.251534e-11, 4.409399e-11, -7.512362e-11, 5.551060e+01, -5.560993e-01
7.322000e+02, 2.910470e-01, 9.195501e-07, 5.423413e-02, 1.071622e-06, -1.376561e+00, -2.464205e+00, -1.264830e+00, -1.826792e+00, -1.511838e-07, -7.572900e-08, -7.559424e-08, -7.571144e-08, 5.547739e+01, -5.578846e-01
7.351000e+02, 3.425336e+00, 3.149969e-06, 1.854210e-01, 3.678018e-06, 1.378195e+00, -1.084329e+00, 1.125902e-01, -4.472357e-01, -8.931050e-11, -1.815255e-10, -4.827814e-11, -1.636486e-10, 5.544408e+01, 2.581927e+00
7.380000e+02, 3.414873e+00, 3.140547e-06, 1.845045e-01, 3.674099e-06, 1.379822e+00, -1.081021e+00, 1.134698e-01, -4.442539e-01, -8.899501e-11, -1.810258e-10, -4.945963e-11, -1.628586e-10, 5.541070e+01, 2.580150e+00
7.409000e+02, 3.404501e+00, 3.131202e-06, 1.835914e-01, 3.670216e-06, 1.381444e+00, -1.077723e+00, 1.143711e-01, -4.412864e-01, -8.862527e-11, -1.804395e-10, -5.068593e-11, -1.621348e-10, 5.537719e+01, 2.578379e+00
7.438000e+02, 3.394200e+00, 3.121920e-06, 1.826818e-01, 3.666354e-06, 1.383059e+00, -1.074435e+00, 1.152946e-01, -4.383321e-01, -8.827686e-11, -1.798390e-10, -5.195777e-11, -1.613346e-10, 5.534360e+01, 2.576611e+00
7.467000e+02, 3.383978e+00, 3.112699e-06, 1.817757e-01, 3.662527e-06, 1.384667e+00, -1.071158e+00, 1.162413e-01, -4.353924e-01, -8.796719e-11, -1.795344e-10, -5.321565e-11, -1.606021e-10, 5.530993e+01, 2.574848e+00
7.496000e+02, 3.373837e+00, 3.103550e-06, 1.808730e-01, 3.658720e-06, 1.386270e+00, -1.067886e+00, 1.172110e-01, -4.324660e-01, -8.760298e-11, -1.789064e-10, -5.448374e-11, -1.599286e-10, 5.527614e+01, 2.573090e+00
7.525000e+02, 3.363765e+00, 3.094461e-06, 1.799749e-01, 3.654943e-06, 1.387866e+00, -1.064627e+00, 1.182038e-01, -4.295519e-01, -8.732148e-11, -1.784882e-10, -5.583375e-11, -1.590515e-10, 5.524229e+01, 2.571335e+00
7.554000e+02, 3.353782e+00, 3.085450e-06, 1.790802e-01, 3.651189e-06, 1.389457e+00, -1.061374e+00, 1.192211e-01, -4.266538e-01, -8.697205e-11, -1.779186e-10, -5.710273e-11, -1.585680e-10, 5.520831e+01, 2.569587e+00
7.583000e+02, 3.343868e+00, 3.076491e-06, 1.781900e-01, 3.647468e-06, 1.391042e+00, -1.058132e+00, 1.202616e-01, -4.237645e-01, -8.665969e-11, -1.775601e-10, -5.851618e-11, -1.576821e-10, 5.517425e+01, 2.567843e+00
7.612000e+02, 3.334032e+00, 3.067600e-06, 1.773034e-01, 3.643769e-06, 1.392621e+00, -1.054897e+00, 1.213278e-01, -4.208913e-01, -8.634215e-11, -1.770327e-10, -5.991660e-11, -1.569909e-10, 5.514009e+01, 2.566104e+00
7.641000e+02, 3.324264e+00, 3.058772e-06, 1.764203e-01, 3.640098e-06, 1.394194e+00, -1.051671e+00, 1.224196e-01, -4.180307e-01, -8.604553e-11, -1.764915e-10, -6.122651e-11, -1.562954e-10, 5.510586e+01, 2.564369e+00
7.670000e+02, 3.314575e+00, 3.050007e-06, 1.755428e-01, 3.636454e-06, 1.395762e+00, -1.048455e+00, 1.235352e-01, -4.151829e-01, -8.572814e-11, -1.759366e-10, -6.272999e-11, -1.555956e-10, 5.507151e+01, 2.562639e+00
7.699000e+02, 3.304953e+00, 3.041305e-06, 1.746678e-01, 3.632835e-06, 1.397324e+00, -1.045250e+00, 1.246782e-01, -4.123477e-01, -8.544781e-11, -1.757718e-10, -6.413454e-11, -1.548917e-10, 5.503709e+01, 2.560912e+00
7.728000e+02, 3.295408e+00, 3.032665e-06, 1.737984e-01, 3.629242e-06, 1.398881e+00, -1.042047e+00, 1.258469e-01, -4.095254e-01, -8.517568e-11, -1.750352e-10, -6.560308e-11, -1.543227e-10, 5.500256e+01, 2.559192e+00
7.757000e+02, 3.285940e+00, 3.024082e-06, 1.729327e-01, 3.625671e-06, 1.400433e+00, -1.038857e+00, 1.270422e-01, -4.067134e-01, -8.483914e-11, -1.747539e-10, -6.704897e-11, -1.535315e-10, 5.496792e+01, 2.557477e+00
7.786000e+02, 3.276529e+00, 3.015569e-06, 1.720715e-01, 3.622137e-06, 1.401979e+00, -1.035673e+00, 1.282639e-01, -4.039159e-01, -8.459592e-11, -1.742400e-10, -6.854315e-11, -1.528952e-10, 5.493323e+01, 2.555764e+00
7.815000e+02, 3.267204e+00, 3.007108e-06, 1.712149e-01, 3.618614e-06, 1.403521e+00, -1.032498e+00, 1.295129e-01, -4.011300e-01, -8.429396e-11, -1.737771e-10, -7.002244e-11, -1.522346e-10, 5.489840e+01, 2.554059e+00
7.844000e+02, 3.257935e+00, 2.998711e-06, 1.703630e-01, 3.615125e-06, 1.405056e+00, -1.029332e+00, 1.307888e-01, -3.983561e-01, -8.402382e-11, -1.732388e-10, -7.155050e-11, -1.516509e-10, 5.486351e+01, 2.552356e+00
7.873000e+02, 3.248742e+00, 2.990365e-06, 1.695157e-01, 3.611654e-06, 1.406587e+00, -1.026175e+00, 1.320925e-01, -3.955928e-01, -8.377910e-11, -1.729075e-10, -7.306354e-11, -1.509237e-10, 5.482852e+01, 2.550659e+00
7.902000e+02, 3.239625e+00, 2.982088e-06, 1.686731e-01, 3.608207e-06, 1.408114e+00, -1.023025e+00, 1.334238e-01, -3.928428e-01, -8.347212e-11, -1.725024e-10, -7.459340e-11, -1.503914e-10, 5.479340e+01, 2.548968e+00
7.931000e+02, 3.230563e+00, 2.973865e-06, 1.678352e-01, 3.604787e-06, 1.409635e+00, -1.019882e+00, 1.347830e-01, -3.901025e-01, -8.322942e-11, -1.720862e-10, -7.617273e-11, -1.496565e-10, 5.475824e+01, 2.547280e+00
7.960000e+02, 3.221576e+00, 2.965697e-06, 1.670019e-01, 3.601390e-06, 1.411152e+00, -1.016746e+00, 1.361710e-01, -3.873755e-01, -8.298588e-11, -1.716588e-10, -7.769147e-11, -1.490594e-10, 5.472296e+01, 2.545598e+00
7.989000e+02, 3.212654e+00, 2.957583e-06, 1.661744e-01, 3.598010e-06, 1.412664e+00, -1.013618e+00, 1.375866e-01, -3.846595e-01, -8.270164e-11, -1.711214e-10, -7.928428e-11, -1.483748e-10, 5.468758e+01, 2.543920e+00
8.018000e+02, 3.203797e+00, 2.949530e-06, 1.653505e-01, 3.594661e-06, 1.414171e+00, -1.010500e+00, 1.390313e-01, -3.819559e-01, -8.247807e-11, -1.708278e-10, -8.083540e-11, -1.478275e-10, 5.465213e+01, 2.542247e+00
8.047000e+02, 3.195004e+00, 2.941536e-06, 1.645324e-01, 3.591338e-06, 1.415673e+00, -1.007387e+00, 1.405042e-01, -3.792623e-01, -8.221382e-11, -1.703655e-10, -8.241573e-11, -1.472203e-10, 5.461657e+01, 2.540579e+00
8.076000e+02, 3.186275e+00, 2.933594e-06, 1.637190e-01, 3.588031e-06, 1.417171e+00, -1.004283e+00, 1.420059e-01, -3.765798e-01, -8.198583e-11, -1.698920e-10, -8.396454e-11, -1.466664e-10, 5.458093e+01, 2.538915e+00
8.105000e+02, 3.177620e+00, 2.925704e-06, 1.629113e-01, 3.584750e-06, 1.418665e+00, -1.001187e+00, 1.435358e-01, -3.739073e-01, -8.174981e-11, -1.695653e-10, -8.561021e-11, -1.459105e-10, 5.454518e+01, 2.537258e+00
8.134000e+02, 3.169019e+00, 2.917871e-06, 1.621084e-01, 3.581489e-06, 1.420155e+00, -9.980977e-01, 1.450958e-01, -3.712487e-01, -8.149936e-11, -1.692276e-10, -8.712236e-11, -1.454927e-10, 5.450935e+01, 2.535604e+00
8.163000e+02, 3.160481e+00, 2.910094e-06, 1.613113e-01, 3.578248e-06, 1.421640e+00, -9.950142e-01, 1.466832e-01, -3.685976e-01, -8.130218e-11, -1.687208e-10, -8.876604e-11, -1.447855e-10, 5.447343e+01, 2.533955e+00
8.192000e+02, 3.152017e+00, 2.902368e-06, 1.605189e-01, 3.575036e-06, 1.423121e+00, -9.919399e-01, 1.483007e-01, -3.659594e-01, -8.104706e-11, -1.684652e-10, -9.034111e-11, -1.443612e-10, 5.443739e+01, 2.532312e+00
8.221000e+02, 3.143606e+00, 2.894690e-06, 1.597324e-01, 3.571844e-06, 1.424598e+00, -9.888702e-01, 1.499468e-01, -3.633290e-01, -8.082850e-11, -1.679910e-10, -9.198208e-11, -1.435923e-10, 5.440129e+01, 2.530673e+00
8.250000e+02, 3.135257e+00, 2.887075e-06, 1.589506e-01, 3.568670e-06, 1.426071e+00, -9.858092e-01, 1.516228e-01, -3.607126e-01, -8.062087e-11, -1.675564e-10, -9.351766e-11, -1.432164e-10, 5.436509e+01, 2.529039e+00
8.279000e+02, 3.126972e+00, 2.879501e-06, 1.581746e-01, 3.565525e-06, 1.427540e+00, -9.827562e-01, 1.533268e-01, -3.581030e-01, -8.040690e-11, -1.673236e-10, -9.510034e-11, -1.425853e-10, 5.432879e+01, 2.527410e+00
8.308000e+02, 3.118748e+00, 2.871988e-06, 1.574045e-01, 3.562393e-06, 1.429005e+00, -9.797073e-01, 1.550597e-01, -3.555049e-01, -8.020404e-11, -1.667625e-10, -9.671614e-11, -1.418605e-10, 5.429239e+01, 2.525787e+00
8.337000e+02, 3.110587e+00, 2.864523e-06, 1.566392e-01, 3.559288e-06, 1.430466e+00, -9.766687e-01, 1.568220e-01, -3.529200e-01, -7.998796e-11, -1.664570e-10, -9.827058e-11, -1.415665e-10, 5.425590e+01, 2.524169e+00
8.366000e+02, 3.102478e+00, 2.857103e-06, 1.558807e-01, 3.556198e-06, 1.431924e+00, -9.736356e-01, 1.586126e-01, -3.503405e-01, -7.977304e-11, -1.661928e-10, -9.984337e-11, -1.408352e-10, 5.421933e+01, 2.522554e+00
8.395000e+02, 3.094432e+00, 2.849743e-06, 1.551271e-01, 3.553133e-06, 1.433378e+00, -9.706074e-01, 1.604318e-01, -3.477743e-01, -7.960466e-11, -1.658683e-10, -1.014429e-10, -1.403910e-10, 5.418266e+01, 2.520945e+00
8.424000e+02, 3.086446e+00, 2.842427e-06, 1.543793e-01, 3.550087e-06, 1.434828e+00, -9.675851e-01, 1.622803e-01, -3.452162e-01, -7.939503e-11, -1.652657e-10, -1.030423e-10, -1.398506e-10, 5.414589e+01, 2.519341e+00
8.453000e+02, 3.078523e+00, 2.835158e-06, 1.536364e-01, 3.547071e-06, 1.436275e+00, -9.645737e-01, 1.641578e-01, -3.426680e-01, -7.920859e-11, -1.650810e-10, -1.045369e-10, -1.393488e-10, 5.410903e+01, 2.517743e+00
8.482000e+02, 3.070650e+00, 2.827939e-06, 1.529004e-01, 3.544063e-06, 1.437718e+00, -9.615658e-01, 1.660626e-01, -3.401289e-01, -7.900490e-11, -1.647760e-10, -1.060641e-10, -1.387507e-10, 5.407207e+01, 2.516149e+00
8.511000e+02, 3.062839e+00, 2.820777e-06, 1.521703e-01, 3.541076e-06, 1.439158e+00, -9.585633e-01, 1.679952e-01, -3.376007e-01, -7.884849e-11, -1.642540e-10, -1.076628e-10, -1.383472e-10, 5.403503e+01, 2.514561e+00
8.540000e+02, 3.055089e+00, 2.813653e-06, 1.514450e-01, 3.538116e-06, 1.440594e+00, -9.555704e-01, 1.699570e-01, -3.350798e-01, -7.864533e-11, -1.640877e-10, -1.091498e-10, -1.377430e-10, 5.399788e+01, 2.512978e+00
8.569000e+02, 3.047390e+00, 2.806591e-06, 1.507267e-01, 3.535175e-06, 1.442027e+00, -9.525805e-01, 1.719458e-01, -3.325700e-01, -7.847266e-11, -1.636606e-10, -1.107342e-10, -1.372828e-10, 5.396065e+01, 2.511400e+00
8.598000e+02, 3.039742e+00, 2.799558e-06, 1.500132e-01, 3.532250e-06, 1.443457e+00, -9.495984e-01, 1.739635e-01, -3.300685e-01, -7.829968e-11, -1.633159e-10, -1.121296e-10, -1.368205e-10, 5.392333e+01, 2.509825e+00
8.627000e+02, 3.032154e+00, 2.792582e-06, 1.493067e-01, 3.529342e-06, 1.444884e+00, -9.466226e-01, 1.760067e-01, -3.275755e-01, -7.813886e-11, -1.630758e-10, -1.136680e-10, -1.362582e-10, 5.388591e+01, 2.508257e+00
8.656000e+02, 3.024627e+00, 2.785653e-06, 1.486061e-01, 3.526462e-06, 1.446308e+00, -9.436512e-01, 1.780778e-01, -3.250927e-01, -7.796803e-11, -1.626675e-10, -1.152085e-10, -1.357905e-10, 5.384839e+01, 2.506695e+00
8.685000e+02, 3.017150e+00, 2.778765e-06, 1.479104e-01, 3.523598e-06, 1.447728e+00, -9.406872e-01, 1.801771e-01, -3.226184e-01, -7.779218e-11, -1.622928e-10, -1.165879e-10, -1.353207e-10, 5.381078e+01, 2.505137e+00
8.714000e+02, 3.009723e+00, 2.771933e-06, 1.472216e-01, 3.520748e-06, 1.449146e+00, -9.377300e-01, 1.823015e-01, -3.201527e-01, -7.763321e-11, -1.621428e-10, -1.180763e-10, -1.348975e-10, 5.377309e+01, 2.503583e+00
8.743000e+02, 3.002356e+00, 2.765139e-06, 1.465388e-01, 3.517924e-06, 1.450560e+00, -9.347756e-01, 1.844530e-01, -3.176947e-01, -7.748322e-11, -1.617079e-10, -1.194977e-10, -1.342745e-10, 5.373530e+01, 2.502036e+00
8.772000e+02, 2.995039e+00, 2.758386e-06, 1.458619e-01, 3.515117e-06, 1.451972e+00, -9.318290e-01, 1.866303e-01, -3.152480e-01, -7.734994e-11, -1.613045e-10, -1.208878e-10, -1.339462e-10, 5.369741e+01, 2.500493e+00
8.801000e+02, 2.987781e+00, 2.751687e-06, 1.451909e-01, 3.512321e-06, 1.453382e+00, -9.288899e-01, 1.888331e-01, -3.128074e-01, -7.718988e-11, -1.611303e-10, -1.223575e-10, -1.333665e-10, 5.365942e+01, 2.498957e+00
8.830000e+02, 2.980574e+00, 2.745026e-06, 1.445259e-01, 3.509552e-06, 1.454788e+00, -9.259539e-01, 1.910626e-01, -3.103773e-01, -7.702495e-11, -1.608287e-10, -1.236832e-10, -1.330815e-10, 5.362133e+01, 2.497425e+00
8.859000e+02, 2.973415e+00, 2.738411e-06, 1.438669e-01, 3.506803e-06, 1.456192e+00, -9.230234e-01, 1.933162e-01, -3.079524e-01, -7.689189e-11, -1.605183e-10, -1.250876e-10, -1.324484e-10, 5.358317e+01, 2.495898e+00
8.888000e+02, 2.966306e+00, 2.731841e-06, 1.432138e-01, 3.504071e-06, 1.457593e+00, -9.200985e-01, 1.955955e-01, -3.055390e-01, -7.675644e-11, -1.601990e-10, -1.263828e-10, -1.321120e-10, 5.354491e+01, 2.494376e+00
8.917000e+02, 2.959257e+00, 2.725315e-06, 1.425676e-01, 3.501349e-06, 1.458991e+00, -9.171795e-01, 1.978983e-01, -3.031317e-01, -7.659308e-11, -1.598342e-10, -1.276790e-10, -1.316710e-10, 5.350655e+01, 2.492860e+00
8.946000e+02, 2.952246e+00, 2.718821e-06, 1.419274e-01, 3.498650e-06, 1.460387e+00, -9.142671e-01, 2.002248e-01, -3.007325e-01, -7.648471e-11, -1.595346e-10, -1.290935e-10, -1.312272e-10, 5.346812e+01, 2.491347e+00
8.975000e+02, 2.945294e+00, 2.712384e-06, 1.412922e-01, 3.495974e-06, 1.461781e+00, -9.113602e-01, 2.025771e-01, -2.983414e-01, -7.637112e-11, -1.593135e-10, -1.303171e-10, -1.307348e-10, 5.342957e+01, 2.489841e+00
9.004000e+02, 2.938401e+00, 2.705984e-06, 1.406640e-01, 3.493309e-06, 1.463172e+00, -9.084573e-01, 2.049516e-01, -2.959593e-01, -7.621260e-11, -1.592458e-10, -1.315424e-10, -1.304367e-10, 5.339091e+01, 2.488343e+00
9.033000e+02, 2.931547e+00, 2.699626e-06, 1.400417e-01, 3.490664e-06, 1.464561e+00, -9.055557e-01, 2.073485e-01, -2.935825e-01, -7.610703e-11, -1.585991e-10, -1.328452e-10, -1.298350e-10, 5.335218e+01, 2.486847e+00
9.062000e+02, 2.924742e+00, 2.693313e-06, 1.394253e-01, 3.488043e-06, 1.465948e+00, -9.026658e-01, 2.097691e-01, -2.912168e-01, -7.597909e-11, -1.586421e-10, -1.340328e-10, -1.295776e-10, 5.331335e+01, 2.485356e+00
9.091000e+02, 2.917994e+00, 2.687033e-06, 1.388150e-01, 3.485430e-06, 1.467332e+00, -8.997752e-01, 2.122113e-01, -2.888557e-01, -7.586366e-11, -1.579775e-10, -1.351740e-10, -1.291071e-10, 5.327442e+01, 2.483873e+00
9.120000e+02, 2.911286e+00, 2.680799e-06, 1.382115e-01, 3.482838e-06, 1.468714e+00, -8.968966e-01, 2.146743e-01, -2.865032e-01, -7.574497e-11, -1.581673e-10, -1.364044e-10, -1.287247e-10, 5.323540e+01, 2.482393e+00
9.149000e+02, 2.904635e+00, 2.674603e-06, 1.376131e-01, 3.480265e-06, 1.470094e+00, -8.940146e-01, 2.171598e-01, -2.841577e-01, -7.564001e-11, -1.574849e-10, -1.375887e-10, -1.282809e-10, 5.319629e+01, 2.480920e+00
9.178000e+02, 2.898023e+00, 2.668451e-06, 1.370206e-01, 3.477703e-06, 1.471473e+00, -8.911450e-01, 2.196668e-01, -2.818203e-01, -7.553083e-11, -1.575014e-10, -1.386434e-10, -1.279533e-10, 5.315708e+01, 2.479450e+00
9.207000e+02, 2.891469e+00, 2.662333e-06, 1.364351e-01, 3.475168e-06, 1.472849e+00, -8.882752e-01, 2.221931e-01, -2.794888e-01, -7.541767e-11, -1.571212e-10, -1.398319e-10, -1.275057e-10, 5.311777e+01, 2.477988e+00
9.236000e+02, 2.884953e+00, 2.656269e-06, 1.358545e-01, 3.472644e-06, 1.474223e+00, -8.854122e-01, 2.247410e-01, -2.771655e-01, -7.531817e-11, -1.569643e-10, -1.407989e-10, -1.271453e-10, 5.307837e+01, 2.476530e+00
9.265000e+02, 2.878494e+00, 2.650232e-06, 1.352808e-01, 3.470137e-06, 1.475596e+00, -8.825521e-01, 2.273065e-01, -2.748488e-01, -7.521583e-11, -1.565386e-10, -1.419432e-10, -1.267676e-10, 5.303887e+01, 2.475079e+00
9.294000e+02, 2.872074e+00, 2.644236e-06, 1.347122e-01, 3.467649e-06, 1.476966e+00, -8.796998e-01, 2.298929e-01, -2.725389e-01, -7.512765e-11, -1.563968e-10, -1.428986e-10, -1.263454e-10, 5.299928e+01, 2.473632e+00
9.323000e+02, 2.865701e+00, 2.638280e-06, 1.341504e-01, 3.465169e-06, 1.478335e+00, -8.768501e-01, 2.324967e-01, -2.702367e-01, -7.503528e-11, -1.560884e-10, -1.439962e-10, -1.260367e-10, 5.295959e+01, 2.472190e+00
9.352000e+02, 2.859376e+00, 2.632357e-06, 1.335937e-01, 3.462716e-06, 1.479702e+00, -8.740059e-01, 2.351205e-01, -2.679402e-01, -7.493867e-11, -1.560931e-10, -1.448581e-10, -1.256680e-10, 5.291981e+01, 2.470754e+00
9.381000e+02, 2.853098e+00, 2.626479e-06, 1.330438e-01, 3.460280e-06, 1.481068e+00, -8.711617e-01, 2.377600e-01, -2.656503e-01, -7.485702e-11, -1.554762e-10, -1.459063e-10, -1.252561e-10, 5.287993e+01, 2.469324e+00
9.410000e+02, 2.846867e+00, 2.620635e-06, 1.324989e-01, 3.457851e-06, 1.482432e+00, -8.683288e-01, 2.404186e-01, -2.633680e-01, -7.475444e-11, -1.554659e-10, -1.468115e-10, -1.249558e-10, 5.283994e+01, 2.467900e+00
9.439000e+02, 2.840674e+00, 2.614836e-06, 1.319599e-01, 3.455449e-06, 1.483794e+00, -8.654960e-01, 2.430937e-01, -2.610912e-01, -7.470079e-11, -1.552659e-10, -1.477092e-10, -1.245560e-10, 5.279988e+01, 2.466480e+00
9.468000e+02, 2.834539e+00, 2.609061e-06, 1.314268e-01, 3.453053e-06, 1.485155e+00, -8.626668e-01, 2.457851e-01, -2.588216e-01, -7.460972e-11, -1.549462e-10, -1.485988e-10, -1.242265e-10, 5.275970e+01, 2.465068e+00
9.497000e+02, 2.828440e+00, 2.603332e-06, 1.308997e-01, 3.450674e-06, 1.486514e+00, -8.598435e-01, 2.484928e-01, -2.565581e-01, -7.451526e-11, -1.547557e-10, -1.493985e-10, -1.239044e-10, 5.271943e+01, 2.463659e+00
9.526000e+02, 2.822378e+00, 2.597641e-06, 1.303784e-01, 3.448320e-06, 1.487872e+00, -8.570237e-01, 2.512150e-01, -2.543004e-01, -7.446856e-11, -1.545585e-10, -1.502295e-10, -1.235309e-10, 5.267908e+01, 2.462255e+00
9.555000e+02, 2.816374e+00, 2.591988e-06, 1.298631e-01, 3.445971e-06, 1.489229e+00, -8.542074e-01, 2.539524e-01, -2.520495e-01, -7.436642e-11, -1.541948e-10, -1.511176e-10, -1.232355e-10, 5.263861e+01, 2.460859e+00
9.584000e+02, 2.810406e+00, 2.586366e-06, 1.293527e-01, 3.443648e-06, 1.490584e+00, -8.513978e-01, 2.567059e-01, -2.498040e-01, -7.433475e-11, -1.542841e-10, -1.518497e-10, -1.229138e-10, 5.259806e+01, 2.459468e+00
9.613000e+02, 2.804485e+00, 2.580780e-06, 1.288481e-01, 3.441339e-06, 1.491939e+00, -8.485866e-01, 2.594728e-01, -2.475643e-01, -7.424502e-11, -1.537670e-10, -1.525707e-10, -1.225363e-10, 5.255740e+01, 2.458083e+00
9.642000e+02, 2.798601e+00, 2.575232e-06, 1.283495e-01, 3.439036e-06, 1.493292e+00, -8.457848e-01, 2.622528e-01, -2.453316e-01, -7.418646e-11, -1.536846e-10, -1.533513e-10, -1.222505e-10, 5.251665e+01, 2.456702e+00
9.671000e+02, 2.792764e+00, 2.569714e-06, 1.278557e-01, 3.436756e-06, 1.494643e+00, -8.429844e-01, 2.650471e-01, -2.431040e-01, -7.414358e-11, -1.533119e-10, -1.539380e-10, -1.219395e-10, 5.247581e+01, 2.455327e+00
9.700000e+02, 2.786973e+00, 2.564240e-06, 1.273688e-01, 3.434491e-06, 1.495994e+00, -8.401909e-01, 2.678520e-01, -2.408821e-01, -7.406268e-11, -1.533767e-10, -1.547713e-10, -1.216493e-10, 5.243485e+01, 2.453959e+00
9.729000e+02, 2.781219e+00, 2.558801e-06, 1.268857e-01, 3.432249e-06, 1.497344e+00, -8.373962e-01, 2.706721e-01, -2.386655e-01, -7.403217e-11, -1.531180e-10, -1.552493e-10, -1.213128e-10, 5.239382e+01, 2.452596e+00
9.758000e+02, 2.775512e+00, 2.553385e-06, 1.264095e-01, 3.430012e-06, 1.498693e+00, -8.346062e-01, 2.735010e-01, -2.364551e-01, -7.396411e-11, -1.527240e-10, -1.559886e-10, -1.210129e-10, 5.235266e+01, 2.451239e+00
9.787000e+02, 2.769841e+00, 2.548012e-06, 1.259381e-01, 3.427787e-06, 1.500040e+00, -8.318234e-01, 2.763433e-01, -2.342500e-01, -7.392642e-11, -1.527717e-10, -1.565931e-10, -1.207329e-10, 5.231143e+01, 2.449887e+00
9.816000e+02, 2.764216e+00, 2.542674e-06, 1.254716e-01, 3.425586e-06, 1.501387e+00, -8.290397e-01, 2.791966e-01, -2.320501e-01, -7.390476e-11, -1.525089e-10, -1.571075e-10, -1.204296e-10, 5.227008e+01, 2.448541e+00
9.845000e+02, 2.758637e+00, 2.537372e-06, 1.250109e-01, 3.423398e-06, 1.502734e+00, -8.262608e-01, 2.820593e-01, -2.298558e-01, -7.382631e-11, -1.523865e-10, -1.577730e-10, -1.201406e-10, 5.222862e+01, 2.447203e+00
9.874000e+02, 2.753095e+00, 2.532098e-06, 1.245550e-01, 3.421222e-06, 1.504079e+00, -8.234841e-01, 2.849341e-01, -2.276667e-01, -7.380439e-11, -1.521114e-10, -1.581759e-10, -1.198861e-10, 5.218709e+01, 2.445869e+00
9.903000e+02, 2.747589e+00, 2.526859e-06, 1.241049e-01, 3.419069e-06, 1.505424e+00, -8.207124e-01, 2.878163e-01, -2.254822e-01, -7.375241e-11, -1.518294e-10, -1.587323e-10, -1.196095e-10, 5.214545e+01, 2.444540e+00
9.932000e+02, 2.742129e+00, 2.521655e-06, 1.236596e-01, 3.416928e-06, 1.506768e+00, -8.179459e-01, 2.907086e-01, -2.233028e-01, -7.372399e-11, -1.516901e-10, -1.591058e-10, -1.193160e-10, 5.210371e+01, 2.443218e+00
9.961000e+02, 2.736705e+00, 2.516479e-06, 1.232201e-01, 3.414799e-06, 1.508111e+00, -8.151819e-01, 2.936077e-01, -2.211287e-01, -7.369261e-11, -1.517047e-10, -1.597663e-10, -1.190370e-10, 5.206188e+01, 2.441901e+00
9.990000e+02, 2.731317e+00, 2.511337e-06, 1.227844e-01, 3.412681e-06, 1.509454e+00, -8.124177e-01, 2.965188e-01, -2.189597e-01, -7.366232e-11, -1.514048e-10, -1.600698e-10, -1.187913e-10, 5.201994e+01, 2.440589e+00
1.001900e+03, 2.725985e+00, 2.506229e-06, 1.223544e-01, 3.410586e-06, 1.510796e+00, -8.096589e-01, 2.994355e-01, -2.167951e-01, -7.365236e-11, -1.514082e-10, -1.603984e-10, -1.185250e-10, 5.197790e+01, 2.439286e+00
1.004800e+03, 2.720679e+00, 2.501155e-06, 1.219301e-01, 3.408501e-06, 1.512138e+00, -8.069001e-01, 3.023581e-01, -2.146355e-01, -7.360300e-11, -1.510957e-10, -8.804158e-08, -1.182575e-10, 5.193576e+01, 2.437986e+00
1.007700e+03, 2.715419e+00, 2.496116e-06, 1.453221e-01, 3.406428e-06, 1.513480e+00, -8.041469e-01, 1.906585e+00, -2.124807e-01, -7.359907e-11, -1.509296e-10, 7.236125e-12, -1.180384e-10, 5.189352e+01, 2.436694e+00
1.010600e+03, 2.710195e+00, 2.491102e-06, 1.447192e-01, 3.404375e-06, 1.514821e+00, -8.013968e-01, 1.906453e+00, -2.103299e-01, -7.357208e-11, -1.506048e-10, 6.540650e-12, -1.177682e-10, 5.185118e+01, 2.435407e+00
1.013500e+03, 2.705006e+00, 2.486123e-06, 1.441190e-01, 3.402334e-06, 1.516161e+00, -7.986526e-01, 1.906334e+00, -2.081840e-01, -7.357326e-11, -1.508986e-10, 5.872174e-12, -1.175127e-10, 5.180874e+01, 2.434125e+00
1.016400e+03, 2.699863e+00, 2.481177e-06, 1.435216e-01, 3.400303e-06, 1.517502e+00, -7.959030e-01, 1.906227e+00, -2.060428e-01, -7.353993e-11, -1.504046e-10, 5.285077e-12, -1.173047e-10, 5.176619e+01, 2.432851e+00
1.019300e+03, 2.694756e+00, 2.476257e-06, 1.429280e-01, 3.398292e-06, 1.518842e+00, -7.931625e-01, 1.906130e+00, -2.039053e-01, -7.352400e-11, -1.502196e-10, 4.636182e-12, -1.170948e-10, 5.172355e+01, 2.431582e+00
1.022200e+03, 2.689685e+00, 2.471376e-06, 1.423372e-01, 3.396301e-06, 1.520181e+00, -7.904253e-01, 1.906046e+00, -2.017717e-01, -7.353566e-11, -1.503412e-10, 3.942342e-12, -1.168030e-10, 5.168081e+01, 2.430318e+00
1.025100e+03, 2.684659e+00, 2.466522e-06, 1.417491e-01, 3.394310e-06, 1.521521e+00, -7.876859e-01, 1.905974e+00, -1.996434e-01, -7.352415e-11, -1.501447e-10, 3.239596e-12, -1.166382e-10, 5.163796e+01, 2.429062e+00
1.028000e+03, 2.679658e+00, 2.461694e-06, 1.411638e-01, 3.392349e-06, 1.522861e+00, -7.849501e-01, 1.905915e+00, -1.975181e-01, -7.352972e-11, -1.499425e-10, 2.693122e-12, -1.163763e-10, 5.159501e+01, 2.427810e+00
1.030900e+03, 2.674703e+00, 2.456904e-06, 1.405821e-01, 3.390387e-06, 1.524201e+00, -7.822179e-01, 1.905866e+00, -1.953976e-01, -7.353169e-11, -1.497349e-10, 2.010736e-12, -1.162078e-10, 5.155196e+01, 2.426565e+00
1.033800e+03, 2.669794e+00, 2.452141e-06, 1.400033e-01, 3.388455e-06, 1.525541e+00, -7.794896e-01, 1.905829e+00, -1.932802e-01, -7.351196e-11, -1.496797e-10, 1.319731e-12, -1.159601e-10, 5.150879e+01, 2.425329e+00
1.036700e+03, 2.664909e+00, 2.447409e-06, 1.394271e-01, 3.386522e-06, 1.526880e+00, -7.767622e-01, 1.905805e+00, -1.911672e-01, -7.352833e-11, -1.494623e-10, 6.573744e-13, -1.157880e-10, 5.146554e+01, 2.424096e+00
1.039600e+03, 2.660071e+00, 2.442702e-06, 1.388537e-01, 3.384618e-06, 1.528220e+00, -7.740388e-01, 1.905793e+00, -1.890574e-01, -7.354475e-11, -1.493972e-10, 1.172172e-13, -1.155387e-10, 5.142218e+01, 2.422871e+00
1.042500e+03, 2.655257e+00, 2.438028e-06, 1.382839e-01, 3.382713e-06, 1.529560e+00, -7.713166e-01, 1.905791e+00, -1.869522e-01, -7.353444e-11, -1.493269e-10, -4.672887e-13, -1.153951e-10, 5.137871e+01, 2.421649e+00
1.045400e+03, 2.650489e+00, 2.433385e-06, 1.377178e-01, 3.380836e-06, 1.530900e+00, -7.685957e-01, 1.905800e+00, -1.848495e-01, -7.357460e-11, -1.492515e-10, -1.114978e-12, -1.151443e-10, 5.133515e+01, 2.420436e+00
1.048300e+03, 2.645756e+00, 2.428774e-06, 1.371544e-01, 3.378959e-06, 1.532241e+00, -7.658762e-01, 1.905820e+00, -1.827514e-01, -7.357064e-11, -1.491780e-10, -1.808560e-12, -1.150133e-10, 5.129147e+01, 2.419228e+00
1.051200e+03, 2.641059e+00, 2.424180e-06, 1.365937e-01, 3.377109e-06, 1.533581e+00, -7.631580e-01, 1.905853e+00, -1.806558e-01, -7.359297e-11, -1.489297e-10, -2.510610e-12, -1.148059e-10, 5.124770e+01, 2.418027e+00
1.054100e+03, 2.636396e+00, 2.419624e-06, 1.360358e-01, 3.375267e-06, 1.534922e+00, -7.604443e-01, 1.905899e+00, -1.785639e-01, -7.362187e-11, -1.488391e-10, -3.011435e-12, -1.146139e-10, 5.120382e+01, 2.416832e+00
1.057000e+03, 2.631779e+00, 2.415100e-06, 1.354814e-01, 3.373434e-06, 1.536264e+00, -7.577322e-01, 1.905953e+00, -1.764754e-01, -7.363758e-11, -1.489090e-10, -3.556603e-12, -1.144495e-10, 5.115982e+01, 2.415645e+00
1.059900e+03, 2.627187e+00, 2.410600e-06, 1.349306e-01, 3.371619e-06, 1.537605e+00, -7.550189e-01, 1.906018e+00, -1.743900e-01, -7.366223e-11, -1.488095e-10, -4.376951e-12, -1.142995e-10, 5.111573e+01, 2.414462e+00
1.062800e+03, 2.622630e+00, 2.406131e-06, 1.343816e-01, 3.369821e-06, 1.538947e+00, -7.523074e-01, 1.906098e+00, -1.723074e-01, -7.369687e-11, -1.483817e-10, -4.724879e-12, -1.141320e-10, 5.107154e+01, 2.413286e+00
1.065700e+03, 2.618118e+00, 2.401692e-06, 1.338370e-01, 3.368041e-06, 1.540290e+00, -7.496037e-01, 1.906184e+00, -1.702277e-01, -7.372205e-11, -1.486066e-10, -5.464323e-12, -1.139517e-10, 5.102723e+01, 2.412118e+00
1.068600e+03, 2.613631e+00, 2.397271e-06, 1.332952e-01, 3.366268e-06, 1.541634e+00, -7.468959e-01, 1.906284e+00, -1.681514e-01, -7.376128e-11, -1.483245e-10, -6.056351e-12, -1.137869e-10, 5.098283e+01, 2.410954e+00
1.071500e+03, 2.609190e+00, 2.392886e-06, 1.327560e-01, 3.364503e-06, 1.542978e+00, -7.441933e-01, 1.906394e+00, -1.660780e-01, -7.379218e-11, -1.483738e-10, -6.772839e-12, -1.136749e-10, 5.093831e+01, 2.409799e+00
1.074400e+03, 2.604773e+00, 2.388526e-06, 1.322194e-01, 3.362765e-06, 1.544322e+00, -7.414897e-01, 1.906517e+00, -1.640068e-01, -7.383607e-11, -1.482499e-10, -7.144273e-12, -1.134917e-10, 5.089369e+01, 2.408647e+00
1.077300e+03, 2.600401e+00, 2.384196e-06, 1.316874e-01, 3.361034e-06, 1.545668e+00, -7.387884e-01, 1.906648e+00, -1.619388e-01, -7.387276e-11, -1.482917e-10, -7.933370e-12, -1.133402e-10, 5.084896e+01, 2.407505e+00
1.080200e+03, 2.596054e+00, 2.379889e-06, 1.311570e-01, 3.359310e-06, 1.547014e+00, -7.360864e-01, 1.906792e+00, -1.598736e-01, -7.392137e-11, -1.479871e-10, -8.414949e-12, -1.132397e-10, 5.080413e+01, 2.406367e+00
1.083100e+03, 2.591752e+00, 2.375619e-06, 1.306301e-01, 3.357612e-06, 1.548361e+00, -7.333899e-01, 1.906945e+00, -1.578102e-01, -7.396393e-11, -1.481922e-10, -8.981331e-12, -1.130861e-10, 5.075918e+01, 2.405239e+00
1.086000e+03, 2.587475e+00, 2.371366e-06, 1.301069e-01, 3.355922e-06, 1.549708e+00, -7.306896e-01, 1.907109e+00, -1.557497e-01, -7.401732e-11, -1.478771e-10, -9.573730e-12, -1.129571e-10, 5.071414e+01, 2.404114e+00
1.088900e+03, 2.583243e+00, 2.367149e-06, 1.295862e-01, 3.354248e-06, 1.551057e+00, -7.279951e-01, 1.907284e+00, -1.536914e-01, -7.406368e-11, -1.480759e-10, -1.011253e-11, -1.128343e-10, 5.066898e+01, 2.402999e+00
1.091800e+03, 2.579036e+00, 2.362948e-06, 1.290690e-01, 3.352580e-06, 1.552407e+00, -7.252970e-01, 1.907468e+00, -1.516355e-01, -7.412041e-11, -1.477503e-10, -1.075781e-11, -1.127032e-10, 5.062371e+01, 2.401888e+00
1.094700e+03, 2.574864e+00, 2.358784e-06, 1.285544e-01, 3.350928e-06, 1.553757e+00, -7.226048e-01, 1.907664e+00, -1.495819e-01, -7.417667e-11, -1.477677e-10, -1.126846e-11, -1.126111e-10, 5.057834e+01, 2.400784e+00
1.097600e+03, 2.570726e+00, 2.354643e-06, 1.280434e-01, 3.349303e-06, 1.555109e+00, -7.199123e-01, 1.907869e+00, -1.475300e-01, -7.423460e-11, -1.477819e-10, -1.188612e-11, -1.124778e-10, 5.053285e+01, 2.399687e+00
1.100500e+03, 2.566624e+00, 2.350524e-06, 1.275349e-01, 3.347674e-06, 1.556461e+00, -7.172195e-01, 1.908086e+00, -1.454805e-01, -7.429847e-11, -1.477930e-10, -1.236741e-11, -1.123830e-10, 5.048726e+01, 2.398597e+00
1.103400e+03, 2.562556e+00, 2.346428e-06, 1.270300e-01, 3.346070e-06, 1.557815e+00, -7.145266e-01, 1.908311e+00, -1.434327e-01, -7.436190e-11, -1.475992e-10, -1.299716e-11, -1.122722e-10, 5.044156e+01, 2.397514e+00
1.106300e+03, 2.558523e+00, 2.342375e-06, 1.265275e-01, 3.344473e-06, 1.559170e+00, -7.118371e-01, 1.908548e+00, -1.413870e-01, -7.442917e-11, -1.476260e-10, -1.348926e-11, -1.121677e-10, 5.039575e+01, 2.396438e+00
1.109200e+03, 2.554525e+00, 2.338331e-06, 1.260286e-01, 3.342891e-06, 1.560526e+00, -7.091472e-01, 1.908794e+00, -1.393431e-01, -7.449624e-11, -1.476000e-10, -1.408993e-11, -1.120945e-10, 5.034983e+01, 2.395370e+00
1.112100e+03, 2.550551e+00, 2.334323e-06, 1.255322e-01, 3.341325e-06, 1.561884e+00, -7.064577e-01, 1.909050e+00, -1.373006e-01, -7.456752e-11, -1.475951e-10, -1.459254e-11, -1.120037e-10, 5.030380e+01, 2.394306e+00
1.115000e+03, 2.546613e+00, 2.330337e-06, 1.250393e-01, 3.339774e-06, 1.563242e+00, -7.037684e-01, 1.909316e+00, -1.352598e-01, -7.464618e-11, -1.475871e-10, -1.520477e-11, -1.119281e-10, 5.025766e+01, 2.393249e+00
1.117900e+03, 2.542719e+00, 2.326373e-06, 1.245490e-01, 3.338239e-06, 1.564603e+00, -7.010791e-01, 1.909593e+00, -1.332203e-01, -7.471931e-11, -1.475468e-10, -1.563448e-11, -1.118134e-10, 5.021140e+01, 2.392203e+00
1.120800e+03, 2.538850e+00, 2.322446e-06, 1.240620e-01, 3.336710e-06, 1.565964e+00, -6.983907e-01, 1.909878e+00, -1.311829e-01, -7.480003e-11, -1.473788e-10, -1.629956e-11, -1.117523e-10, 5.016504e+01, 2.391161e+00
1.123700e+03, 2.535005e+00, 2.318533e-06, 1.235777e-01, 3.335195e-06, 1.567327e+00, -6.957052e-01, 1.910175e+00, -1.291467e-01, -7.488236e-11, -1.475112e-10, -1.669681e-11, -1.116901e-10, 5.011857e+01, 2.390124e+00
1.126600e+03, 2.531206e+00, 2.314649e-06, 1.230967e-01, 3.333696e-06, 1.568691e+00, -6.930174e-01, 1.910480e+00, -1.271115e-01, -7.496677e-11, -1.474885e-10, -1.722393e-11, -1.116268e-10, 5.007198e+01, 2.389098e+00
1.129500e+03, 2.527431e+00, 2.310787e-06, 1.226193e-01, 3.332211e-06, 1.570057e+00, -6.903300e-01, 1.910793e+00, -1.250776e-01, -7.505414e-11, -1.476136e-10, -1.777867e-11, -1.115623e-10, 5.002528e+01, 2.388076e+00
1.132400e+03, 2.523690e+00, 2.306955e-06, 1.221443e-01, 3.330742e-06, 1.571425e+00, -6.876403e-01, 1.911117e+00, -1.230448e-01, -7.514373e-11, -1.472486e-10, -1.833883e-11, -1.115130e-10, 4.997847e+01, 2.387062e+00
1.135300e+03, 2.519985e+00, 2.303143e-06, 1.216717e-01, 3.329287e-06, 1.572794e+00, -6.849572e-01, 1.911451e+00, -1.210129e-01, -7.523576e-11, -1.475506e-10, -1.883833e-11, -1.114626e-10, 4.993155e+01, 2.386056e+00
1.138200e+03, 2.516314e+00, 2.299354e-06, 1.212027e-01, 3.327848e-06, 1.574165e+00, -6.822687e-01, 1.911795e+00, -1.189819e-01, -7.533040e-11, -1.474787e-10, -1.940853e-11, -1.114083e-10, 4.988451e+01, 2.385058e+00
1.141100e+03, 2.512668e+00, 2.295600e-06, 1.207361e-01, 3.326413e-06, 1.575538e+00, -6.795814e-01, 1.912148e+00, -1.169519e-01, -7.542770e-11, -1.474374e-10, -1.983126e-11, -1.113754e-10, 4.983737e+01, 2.384065e+00
1.144000e+03, 2.509067e+00, 2.291868e-06, 1.202730e-01, 3.325003e-06, 1.576912e+00, -6.768949e-01, 1.912510e+00, -1.149225e-01, -7.552721e-11, -1.475802e-10, -2.025721e-11, -1.113196e-10, 4.979010e+01, 2.383083e+00
1.146900e+03, 2.505490e+00, 2.288151e-06, 1.198132e-01, 3.323597e-06, 1.578288e+00, -6.742058e-01, 1.912879e+00, -1.128941e-01, -7.563163e-11, -1.474952e-10, -2.084075e-11, -1.112819e-10, 4.974273e+01, 2.382106e+00
1.149800e+03, 2.501938e+00, 2.284469e-06, 1.193559e-01, 3.322206e-06, 1.579666e+00, -6.715183e-01, 1.913259e+00, -1.108664e-01, -7.573429e-11, -1.474436e-10, -2.142973e-11, -1.112941e-10, 4.969524e+01, 2.381134e+00
1.152700e+03, 2.498431e+00, 2.280808e-06, 1.189011e-01, 3.320840e-06, 1.581046e+00, -6.688317e-01, 1.913649e+00, -1.088385e-01, -7.584517e-11, -1.475782e-10, -2.182458e-11, -1.112361e-10, 4.964764e+01, 2.380173e+00
1.155600e+03, 2.494949e+00, 2.277162e-06, 1.184497e-01, 3.319478e-06, 1.582428e+00, -6.661426e-01, 1.914047e+00, -1.068116e-01, -7.595154e-11, -1.474799e-10, -2.222210e-11, -1.112283e-10, 4.959992e+01, 2.379218e+00
1.158500e+03, 2.491501e+00, 2.273551e-06, 1.180016e-01, 3.318130e-06, 1.583812e+00, -6.634554e-01, 1.914452e+00, -1.047849e-01, -7.606731e-11, -1.476088e-10, -2.293720e-11, -1.112030e-10, 4.955208e+01, 2.378271e+00
1.161400e+03, 2.488078e+00, 2.269954e-06, 1.175551e-01, 3.316796e-06, 1.585198e+00, -6.607658e-01, 1.914870e+00, -1.027587e-01, -7.618237e-11, -1.476930e-10, -2.322892e-11, -1.112097e-10, 4.950413e+01, 2.377329e+00
1.164300e+03, 2.484690e+00, 2.266387e-06, 1.171129e-01, 3.315477e-06, 1.586587e+00, -6.580746e-01, 1.915293e+00, -1.007323e-01, -7.629927e-11, -1.475808e-10, -2.375091e-11, -1.111989e-10, 4.945607e+01, 2.376396e+00
1.167200e+03, 2.481336e+00, 2.262854e-06, 1.166731e-01, 3.314172e-06, 1.587977e+00, -6.553855e-01, 1.915726e+00, -9.870609e-02, -7.642022e-11, -1.478937e-10, -2.432178e-11, -1.112036e-10, 4.940789e+01, 2.375472e+00
1.170100e+03, 2.478017e+00, 2.259329e-06, 1.162358e-01, 3.312881e-06, 1.589369e+00, -6.526907e-01, 1.916169e+00, -9.667982e-02, -7.654302e-11, -1.476265e-10, -2.485300e-11, -1.112074e-10, 4.935959e+01, 2.374556e+00
1.173000e+03, 2.474723e+00, 2.255832e-06, 1.158009e-01, 3.311604e-06, 1.590764e+00, -6.500008e-01, 1.916622e+00, -9.465349e-02, -7.666830e-11, -1.476952e-10, -2.506576e-11, -1.112102e-10, 4.931118e+01, 2.373645e+00
1.175900e+03, 2.471464e+00, 2.252362e-06, 1.153703e-01, 3.310341e-06, 1.592161e+00, -6.473096e-01, 1.917078e+00, -9.262710e-02, -7.679543e-11, -1.479547e-10, -2.576489e-11, -1.112285e-10, 4.926265e+01, 2.372744e+00
1.178800e+03, 2.468239e+00, 2.248915e-06, 1.149411e-01, 3.309092e-06, 1.593560e+00, -6.446136e-01, 1.917548e+00, -9.060038e-02, -7.692979e-11, -1.478701e-10, -2.618978e-11, -1.112772e-10, 4.921401e+01, 2.371851e+00
1.181700e+03, 2.465040e+00, 2.245489e-06, 1.145153e-01, 3.307867e-06, 1.594962e+00, -6.419193e-01, 1.918025e+00, -8.857277e-02, -7.706126e-11, -1.481245e-10, -2.652666e-11, -1.112787e-10, 4.916525e+01, 2.370964e+00
1.184600e+03, 2.461875e+00, 2.242085e-06, 1.140929e-01, 3.306646e-06, 1.596366e+00, -6.392203e-01, 1.918508e+00, -8.654514e-02, -7.720061e-11, -1.480339e-10, -2.702970e-11, -1.113108e-10, 4.911637e+01, 2.370086e+00
1.187500e+03, 2.458735e+00, 2.238701e-06, 1.136729e-01, 3.305439e-06, 1.597773e+00, -6.365229e-01, 1.919001e+00, -8.451692e-02, -7.733866e-11, -1.480854e-10, -2.758218e-11, -1.113420e-10, 4.906737e+01, 2.369214e+00
1.190400e+03, 2.455629e+00, 2.235345e-06, 1.132552e-01, 3.304245e-06, 1.599182e+00, -6.338246e-01, 1.919504e+00, -8.248813e-02, -7.747633e-11, -1.483311e-10, -2.797261e-11, -1.114023e-10, 4.901825e+01, 2.368351e+00
1.193300e+03, 2.452559e+00, 2.232011e-06, 1.128410e-01, 3.303076e-06, 1.600594e+00, -6.311218e-01, 1.920013e+00, -8.045824e-02, -7.761808e-11, -1.482306e-10, -2.848626e-11, -1.114180e-10, 4.896902e+01, 2.367497e+00
1.196200e+03, 2.449523e+00, 2.228697e-06, 1.124291e-01, 3.301910e-06, 1.602008e+00, -6.284209e-01, 1.920532e+00, -7.842807e-02, -7.776901e-11, -1.482711e-10, -2.895774e-11, -1.114923e-10, 4.891967e+01, 2.366652e+00
1.199100e+03, 2.446512e+00, 2.225412e-06, 1.120196e-01, 3.300768e-06, 1.603425e+00, -6.257192e-01, 1.921060e+00, -7.639654e-02, -7.791512e-11, -1.485079e-10, -2.935596e-11, -1.115401e-10, 4.887020e+01, 2.365814e+00
1.202000e+03, 2.443536e+00, 2.222148e-06, 1.116134e-01, 3.299629e-06, 1.604845e+00, -6.230132e-01, 1.921595e+00, -7.436414e-02, -7.807329e-11, -1.487424e-10, -2.983306e-11, -1.115955e-10, 4.882062e+01, 2.364985e+00
1.204900e+03, 2.440585e+00, 2.218907e-06, 1.112096e-01, 3.298515e-06, 1.606267e+00, -6.203029e-01, 1.922138e+00, -7.233073e-02, -7.822375e-11, -1.486292e-10, -3.018927e-11, -1.116705e-10, 4.877090e+01, 2.364162e+00
1.207800e+03, 2.437669e+00, 2.215685e-06, 1.108091e-01, 3.297414e-06, 1.607693e+00, -6.175947e-01, 1.922688e+00, -7.029596e-02, -7.838469e-11, -1.486557e-10, -3.067155e-11, -1.117446e-10, 4.872108e+01, 2.363348e+00
1.210700e+03, 2.434778e+00, 2.212492e-06, 1.104110e-01, 3.296326e-06, 1.609121e+00, -6.148860e-01, 1.923247e+00, -6.825983e-02, -7.854400e-11, -1.487384e-10, -3.120392e-11, -1.118179e-10, 4.867113e+01, 2.362541e+00
1.213600e+03, 2.431922e+00, 2.209312e-06, 1.100153e-01, 3.295253e-06, 1.610552e+00, -6.121758e-01, 1.923816e+00, -6.622237e-02, -7.869839e-11, -1.491045e-10, -3.169305e-11, -1.119069e-10, 4.862106e+01, 2.361744e+00
1.216500e+03, 2.429100e+00, 2.206162e-06, 1.096220e-01, 3.294193e-06, 1.611986e+00, -6.094590e-01, 1.924393e+00, -6.418329e-02, -7.886815e-11, -1.489784e-10, -3.201116e-11, -1.119785e-10, 4.857087e+01, 2.360956e+00
1.219400e+03, 2.426314e+00, 2.203032e-06, 1.092319e-01, 3.293147e-06, 1.613423e+00, -6.067444e-01, 1.924977e+00, -6.214290e-02, -7.903935e-11, -1.494012e-10, -3.232980e-11, -1.120925e-10, 4.852057e+01, 2.360178e+00
1.222300e+03, 2.423543e+00, 2.199918e-06, 1.088452e-01, 3.292124e-06, 1.614863e+00, -6.040221e-01, 1.925566e+00, -6.010044e-02, -7.920155e-11, -1.492056e-10, -3.300100e-11, -1.121687e-10, 4.847014e+01, 2.359404e+00
1.225200e+03, 2.420817e+00, 2.196838e-06, 1.084598e-01, 3.291105e-06, 1.616307e+00, -6.013034e-01, 1.926167e+00, -5.805659e-02, -7.938133e-11, -1.496236e-10, -3.332415e-11, -1.122803e-10, 4.841959e+01, 2.358642e+00
1.228100e+03, 2.418115e+00, 2.193773e-06, 1.080778e-01, 3.290110e-06, 1.617753e+00, -5.985771e-01, 1.926774e+00, -5.601070e-02, -7.957112e-11, -1.496263e-10, -3.377781e-11, -1.123978e-10, 4.836892e+01, 2.357887e+00
1.231000e+03, 2.415449e+00, 2.190737e-06, 1.076981e-01, 3.289128e-06, 1.619203e+00, -5.958507e-01, 1.927390e+00, -5.396267e-02, -7.972412e-11, -1.498326e-10, -3.410320e-11, -1.124978e-10, 4.831813e+01, 2.357142e+00
1.233900e+03, 2.412808e+00, 2.187722e-06, 1.073218e-01, 3.288160e-06, 1.620656e+00, -5.931206e-01, 1.928011e+00, -5.191283e-02, -7.993185e-11, -1.498965e-10, -3.478834e-11, -1.126219e-10, 4.826722e+01, 2.356404e+00
1.236800e+03, 2.410203e+00, 2.184721e-06, 1.069468e-01, 3.287215e-06, 1.622112e+00, -5.903893e-01, 1.928645e+00, -4.986071e-02, -8.009139e-11, -1.498890e-10, -3.499748e-11, -1.127449e-10, 4.821618e+01, 2.355677e+00
1.239700e+03, 2.407632e+00, 2.181747e-06, 1.065755e-01, 3.286275e-06, 1.623571e+00, -5.876581e-01, 1.929283e+00, -4.780636e-02, -8.028326e-11, -1.504361e-10, -3.547763e-11, -1.129001e-10, 4.816503e+01, 2.354959e+00
1.242600e+03, 2.405087e+00, 2.178798e-06, 1.062065e-01, 3.285358e-06, 1.625034e+00, -5.849170e-01, 1.929929e+00, -4.574918e-02, -8.047338e-11, -1.502828e-10, -3.590580e-11, -1.130127e-10, 4.811376e+01, 2.354248e+00
1.245500e+03, 2.402567e+00, 2.175868e-06, 1.058399e-01, 3.284454e-06, 1.626501e+00, -5.821786e-01, 1.930583e+00, -4.368995e-02, -8.068125e-11, -1.506869e-10, -3.633587e-11, -1.131579e-10, 4.806236e+01, 2.353545e+00
1.248400e+03, 2.400092e+00, 2.172954e-06, 1.054759e-01, 3.283565e-06, 1.627971e+00, -5.794329e-01, 1.931246e+00, -4.162807e-02, -8.085707e-11, -1.506664e-10, -3.679819e-11, -1.133089e-10, 4.801084e+01, 2.352855e+00
1.251300e+03, 2.397632e+00, 2.170068e-06, 1.051146e-01, 3.282699e-06, 1.629444e+00, -5.766876e-01, 1.931916e+00, -3.956345e-02, -8.105937e-11, -1.508540e-10, -3.718306e-11, -1.134685e-10, 4.795919e+01, 2.352170e+00
1.254200e+03, 2.395218e+00, 2.167203e-06, 1.047558e-01, 3.281847e-06, 1.630921e+00, -5.739389e-01, 1.932594e+00, -3.749591e-02, -8.126319e-11, -1.511759e-10, -3.763705e-11, -1.136272e-10, 4.790743e+01, 2.351497e+00
1.257100e+03, 2.392829e+00, 2.164369e-06, 1.043994e-01, 3.281009e-06, 1.632402e+00, -5.711842e-01, 1.933279e+00, -3.542548e-02, -8.146522e-11, -1.512205e-10, -3.805559e-11, -1.137851e-10, 4.785555e+01, 2.350833e+00
1.260000e+03, 2.390466e+00, 2.161548e-06, 1.040456e-01, 3.280184e-06, 1.633886e+00, -5.684288e-01, 1.933973e+00, -3.335218e-02, -8.168163e-11, -1.514000e-10, -3.849438e-11, -1.139589e-10, 4.780353e+01, 2.350176e+00
1.262900e+03, 2.388148e+00, 2.158749e-06, 1.036943e-01, 3.279374e-06, 1.635374e+00, -5.656701e-01, 1.934674e+00, -3.127570e-02, -8.187087e-11, -1.517919e-10, -3.888522e-11, -1.141284e-10, 4.775140e+01, 2.349532e+00
1.265800e+03, 2.385845e+00, 2.155967e-06, 1.033456e-01, 3.278587e-06, 1.636866e+00, -5.629043e-01, 1.935383e+00, -2.919614e-02, -8.208154e-11, -1.518866e-10, -3.929626e-11, -1.143183e-10, 4.769915e+01, 2.348894e+00
1.268700e+03, 2.383589e+00, 2.153220e-06, 1.029992e-01, 3.277815e-06, 1.638362e+00, -5.601367e-01, 1.936099e+00, -2.711312e-02, -8.232009e-11, -1.519219e-10, -3.978941e-11, -1.145098e-10, 4.764678e+01, 2.348269e+00
1.271600e+03, 2.381357e+00, 2.150486e-06, 1.026555e-01, 3.277066e-06, 1.639862e+00, -5.573685e-01, 1.936824e+00, -2.502661e-02, -8.253382e-11, -1.523075e-10, -4.015357e-11, -1.147040e-10, 4.759427e+01, 2.347651e+00
1.274500e+03, 2.379152e+00, 2.147769e-06, 1.023141e-01, 3.276332e-06, 1.641366e+00, -5.545933e-01, 1.937555e+00, -2.293656e-02, -8.272904e-11, -1.526084e-10, -4.059972e-11, -1.149040e-10, 4.754164e+01, 2.347042e+00
1.277400e+03, 2.376982e+00, 2.145082e-06, 1.019752e-01, 3.275611e-06, 1.642873e+00, -5.518126e-01, 1.938295e+00, -2.084287e-02, -8.296736e-11, -1.527715e-10, -4.106675e-11, -1.151082e-10, 4.748890e+01, 2.346444e+00
1.280300e+03, 2.374847e+00, 2.142417e-06, 1.016388e-01, 3.274905e-06, 1.644385e+00, -5.490289e-01, 1.939044e+00, -1.874546e-02, -8.319704e-11, -1.529316e-10, -4.143442e-11, -1.153244e-10, 4.743603e+01, 2.345856e+00
1.283200e+03, 2.372739e+00, 2.139774e-06, 1.013048e-01, 3.274224e-06, 1.645901e+00, -5.462423e-01, 1.939798e+00, -1.664410e-02, -8.340709e-11, -1.533087e-10, -4.190420e-11, -1.155429e-10, 4.738303e+01, 2.345277e+00
1.286100e+03, 2.370666e+00, 2.137148e-06, 1.009732e-01, 3.273556e-06, 1.647421e+00, -5.434488e-01, 1.940562e+00, -1.453877e-02, -8.366031e-11, -1.532439e-10, -4.230501e-11, -1.157689e-10, 4.732993e+01, 2.344709e+00
1.289000e+03, 2.368629e+00, 2.134549e-06, 1.006441e-01, 3.272903e-06, 1.648945e+00, -5.406565e-01, 1.941333e+00, -1.242932e-02, -8.388279e-11, -1.537483e-10, -4.274631e-11, -1.160008e-10, 4.727669e+01, 2.344153e+00
1.291900e+03, 2.366618e+00, 2.131975e-06, 1.003173e-01, 3.272274e-06, 1.650474e+00, -5.378550e-01, 1.942112e+00, -1.031564e-02, -8.412641e-11, -1.539874e-10, -4.316903e-11, -1.162394e-10, 4.722332e+01, 2.343604e+00
1.294800e+03, 2.364633e+00, 2.129409e-06, 9.999301e-02, 3.271660e-06, 1.652006e+00, -5.350492e-01, 1.942898e+00, -8.197613e-03, -8.435282e-11, -1.542663e-10, -4.359276e-11, -1.164832e-10, 4.716983e+01, 2.343064e+00
1.297700e+03, 2.362694e+00, 2.126873e-06, 9.967109e-02, 3.271070e-06, 1.653543e+00, -5.322383e-01, 1.943693e+00, -6.075144e-03, -8.459103e-11, -1.545408e-10, -4.401746e-11, -1.167345e-10, 4.711624e+01, 2.342538e+00
1.300600e+03, 2.360781e+00, 2.124368e-06, 9.935159e-02, 3.270495e-06, 1.655085e+00, -5.294223e-01, 1.944495e+00, -3.948097e-03, -8.487358e-11, -1.547745e-10, -4.446334e-11, -1.169917e-10, 4.706251e+01, 2.342021e+00
1.303500e+03, 2.358894e+00, 2.121872e-06, 9.903442e-02, 3.269935e-06, 1.656631e+00, -5.266022e-01, 1.945305e+00, -1.816364e-03, -8.508747e-11, -1.550432e-10, -4.491039e-11, -1.172561e-10, 4.700864e+01, 2.341512e+00
1.306400e+03, 2.357044e+00, 2.119405e-06, 9.871958e-02, 3.269400e-06, 1.658182e+00, -5.237771e-01, 1.946123e+00, 3.201872e-04, -8.534457e-11, -1.551783e-10, -4.533810e-11, -1.175267e-10, 4.695467e+01, 2.341015e+00
1.309300e+03, 2.355229e+00, 2.116961e-06, 9.840717e-02, 3.268880e-06, 1.659737e+00, -5.209495e-01, 1.946949e+00, 2.461668e-03, -8.559853e-11, -1.555358e-10, -4.573513e-11, -1.178035e-10, 4.690058e+01, 2.340530e+00
1.312200e+03, 2.353451e+00, 2.114534e-06, 9.809705e-02, 3.268385e-06, 1.661296e+00, -5.181155e-01, 1.947783e+00, 4.608195e-03, -8.584753e-11, -1.560200e-10, -4.623708e-11, -1.180888e-10, 4.684637e+01, 2.340057e+00
1.315100e+03, 2.351699e+00, 2.112133e-06, 9.778930e-02, 3.267905e-06, 1.662861e+00, -5.152726e-01, 1.948625e+00, 6.759918e-03, -8.611907e-11, -1.561472e-10, -4.661501e-11, -1.183767e-10, 4.679203e+01, 2.339592e+00
1.318000e+03, 2.349984e+00, 2.109753e-06, 9.748394e-02, 3.267450e-06, 1.664430e+00, -5.124274e-01, 1.949475e+00, 8.916888e-03, -8.638636e-11, -1.564986e-10, -4.708740e-11, -1.186762e-10, 4.673757e+01, 2.339139e+00
1.320900e+03, 2.348295e+00, 2.107391e-06, 9.718082e-02, 3.267011e-06, 1.666004e+00, -5.095758e-01, 1.950333e+00, 1.107932e-02, -8.665219e-11, -1.567471e-10, -4.753995e-11, -1.189814e-10, 4.668298e+01, 2.338695e+00
1.323800e+03, 2.346643e+00, 2.105059e-06, 9.688004e-02, 3.266587e-06, 1.667583e+00, -5.067197e-01, 1.951199e+00, 1.324730e-02, -8.689146e-11, -1.573220e-10, -4.799332e-11, -1.192914e-10, 4.662827e+01, 2.338264e+00
1.326700e+03, 2.345027e+00, 2.102740e-06, 9.658160e-02, 3.266188e-06, 1.669166e+00, -5.038531e-01, 1.952073e+00, 1.542094e-02, -8.717398e-11, -1.573353e-10, -4.839455e-11, -1.196076e-10, 4.657345e+01, 2.337844e+00
1.329600e+03, 2.343448e+00, 2.100457e-06, 9.628547e-02, 3.265816e-06, 1.670755e+00, -5.009862e-01, 1.952955e+00, 1.760034e-02, -8.745363e-11, -1.579062e-10, -4.887044e-11, -1.199351e-10, 4.651852e+01, 2.337437e+00
1.332500e+03, 2.341895e+00, 2.098186e-06, 9.599158e-02, 3.265459e-06, 1.672348e+00, -4.981090e-01, 1.953846e+00, 1.978571e-02, -8.773024e-11, -1.582103e-10, -4.934731e-11, -1.202663e-10, 4.646345e+01, 2.337039e+00
1.335400e+03, 2.340380e+00, 2.095944e-06, 9.569994e-02, 3.265128e-06, 1.673947e+00, -4.952262e-01, 1.954745e+00, 2.197711e-02, -8.802801e-11, -1.584784e-10, -4.978192e-11, -1.206060e-10, 4.640827e+01, 2.336653e+00
1.338300e+03, 2.338891e+00, 2.093722e-06, 9.541074e-02, 3.264814e-06, 1.675551e+00, -4.923385e-01, 1.955652e+00, 2.417470e-02, -8.827367e-11, -1.587908e-10, -5.028182e-11, -1.209519e-10, 4.635295e+01, 2.336276e+00
1.341200e+03, 2.337449e+00, 2.091517e-06, 9.512370e-02, 3.264526e-06, 1.677159e+00, -4.894452e-01, 1.956568e+00, 2.637859e-02, -8.858869e-11, -1.592241e-10, -5.068563e-11, -1.213071e-10, 4.629754e+01, 2.335916e+00
1.344100e+03, 2.336035e+00, 2.089339e-06, 9.483897e-02, 3.264254e-06, 1.678773e+00, -4.865439e-01, 1.957492e+00, 2.858896e-02, -8.887806e-11, -1.596308e-10, -5.118703e-11, -1.216711e-10, 4.624199e+01, 2.335564e+00
1.347000e+03, 2.334647e+00, 2.087189e-06, 9.455640e-02, 3.264009e-06, 1.680393e+00, -4.836352e-01, 1.958424e+00, 3.080595e-02, -8.915962e-11, -1.599353e-10, -5.164534e-11, -1.220401e-10, 4.618632e+01, 2.335222e+00
1.349900e+03, 2.333307e+00, 2.085057e-06, 9.427619e-02, 3.263780e-06, 1.682017e+00, -4.807210e-01, 1.959365e+00, 3.302968e-02, -8.944272e-11, -1.603825e-10, -5.212610e-11, -1.224035e-10, 4.613054e+01, 2.334897e+00
1.352800e+03, 2.331994e+00, 2.082951e-06, 9.399823e-02, 3.263579e-06, 1.683647e+00, -4.777987e-01, 1.960315e+00, 3.526002e-02, -8.976668e-11, -1.607057e-10, -5.255326e-11, -1.227983e-10, 4.607465e+01, 2.334580e+00
1.355700e+03, 2.330718e+00, 2.080863e-06, 9.372250e-02, 3.263404e-06, 1.685283e+00, -4.748704e-01, 1.961273e+00, 3.749756e-02, -9.004028e-11, -1.611237e-10, -5.311147e-11, -1.231805e-10, 4.601862e+01, 2.334277e+00
1.358600e+03, 2.329479e+00, 2.078803e-06, 9.344897e-02, 3.263247e-06, 1.686923e+00, -4.719345e-01, 1.962240e+00, 3.974206e-02, -9.033363e-11, -1.615850e-10, -5.351698e-11, -1.235880e-10, 4.596250e+01, 2.333986e+00
1.361500e+03, 2.328279e+00, 2.076769e-06, 9.317776e-02, 3.263117e-06, 1.688569e+00, -4.689902e-01, 1.963216e+00, 4.199398e-02, -9.067483e-11, -1.619241e-10, -5.404457e-11, -1.239930e-10, 4.590627e+01, 2.333709e+00
1.364400e+03, 2.327105e+00, 2.074752e-06, 9.290864e-02, 3.263015e-06, 1.690222e+00, -4.660398e-01, 1.964200e+00, 4.425329e-02, -9.093312e-11, -1.623560e-10, -5.450489e-11, -1.244034e-10, 4.584989e+01, 2.333442e+00
1.367300e+03, 2.325980e+00, 2.072763e-06, 9.264187e-02, 3.262930e-06, 1.691878e+00, -4.630815e-01, 1.965194e+00, 4.652007e-02, -9.126770e-11, -1.628554e-10, -5.501083e-11, -1.248378e-10, 4.579345e+01, 2.333190e+00
1.370200e+03, 2.324882e+00, 2.070799e-06, 9.237728e-02, 3.262874e-06, 1.693542e+00, -4.601140e-01, 1.966196e+00, 4.879477e-02, -9.159384e-11, -1.631632e-10, -5.551728e-11, -1.252528e-10, 4.573686e+01, 2.332949e+00
1.373100e+03, 2.323822e+00, 2.068854e-06, 9.211487e-02, 3.262845e-06, 1.695210e+00, -4.571410e-01, 1.967207e+00, 5.107703e-02, -9.189276e-11, -1.636569e-10, -5.602418e-11, -1.256910e-10, 4.568016e+01, 2.332722e+00
1.376000e+03, 2.322800e+00, 2.066935e-06, 9.185464e-02, 3.262835e-06, 1.696885e+00, -4.541590e-01, 1.968228e+00, 5.336728e-02, -9.224139e-11, -1.641234e-10, -5.650821e-11, -1.261520e-10, 4.562336e+01, 2.332507e+00
1.378900e+03, 2.321806e+00, 2.065042e-06, 9.159668e-02, 3.262854e-06, 1.698566e+00, -4.511684e-01, 1.969258e+00, 5.566593e-02, -9.252632e-11, -1.646103e-10, -5.701555e-11, -1.265935e-10, 4.556641e+01, 2.332304e+00
1.381800e+03, 2.320860e+00, 2.063175e-06, 9.134091e-02, 3.262901e-06, 1.700252e+00, -4.481690e-01, 1.970297e+00, 5.797262e-02, -9.289143e-11, -1.649790e-10, -5.757860e-11, -1.270491e-10, 4.550940e+01, 2.332116e+00
1.384700e+03, 2.319943e+00, 2.061326e-06, 9.108736e-02, 3.262978e-06, 1.701944e+00, -4.451629e-01, 1.971346e+00, 6.028761e-02, -9.319113e-11, -1.655982e-10, -5.803098e-11, -1.275188e-10, 4.545224e+01, 2.331939e+00
1.387600e+03, 2.319073e+00, 2.059511e-06, 9.083596e-02, 3.263084e-06, 1.703642e+00, -4.421455e-01, 1.972403e+00, 6.261116e-02, -9.352567e-11, -1.659611e-10, -5.859454e-11, -1.280133e-10, 4.539500e+01, 2.331779e+00
1.390500e+03, 2.318233e+00, 2.057715e-06, 9.058678e-02, 3.263209e-06, 1.705346e+00, -4.391215e-01, 1.973471e+00, 6.494372e-02, -9.383999e-11, -1.664592e-10, -5.910262e-11, -1.284780e-10, 4.533764e+01, 2.331630e+00
1.393400e+03, 2.317440e+00, 2.055944e-06, 9.033980e-02, 3.263364e-06, 1.707056e+00, -4.360884e-01, 1.974548e+00, 6.728475e-02, -9.421416e-11, -1.669780e-10, -5.969062e-11, -1.289903e-10, 4.528020e+01, 2.331498e+00
1.396300e+03, 2.316677e+00, 2.054199e-06, 9.009496e-02, 3.263549e-06, 1.708773e+00, -4.330459e-01, 1.975636e+00, 6.963511e-02, -9.449601e-11, -1.674933e-10, -6.017488e-11, -1.294827e-10, 4.522262e+01, 2.331376e+00
1.399200e+03, 2.315962e+00, 2.052481e-06, 8.985241e-02, 3.263765e-06, 1.710495e+00, -4.299939e-01, 1.976732e+00, 7.199445e-02, -9.490968e-11, -1.680050e-10, -6.070702e-11, -1.300183e-10, 4.516498e+01, 2.331271e+00
1.402100e+03, 2.315276e+00, 2.050788e-06, 8.961196e-02, 3.264001e-06, 1.712224e+00, -4.269327e-01, 1.977838e+00, 7.436354e-02, -9.518234e-11, -1.684030e-10, -6.129560e-11, -1.305261e-10, 4.510719e+01, 2.331178e+00
1.405000e+03, 2.314639e+00, 2.049113e-06, 8.937366e-02, 3.264277e-06, 1.713958e+00, -4.238641e-01, 1.978955e+00, 7.674189e-02, -9.558840e-11, -1.690673e-10, -6.186005e-11, -1.310563e-10, 4.504935e+01, 2.331102e+00
1.407900e+03, 2.314032e+00, 2.047473e-06, 8.913760e-02, 3.264575e-06, 1.715700e+00, -4.207835e-01, 1.980082e+00, 7.912990e-02, -9.589862e-11, -1.695927e-10, -6.236779e-11, -1.315739e-10, 4.499135e+01, 2.331036e+00
1.410800e+03, 2.313473e+00, 2.045858e-06, 8.890375e-02, 3.264914e-06, 1.717448e+00, -4.176933e-01, 1.981219e+00, 8.152733e-02, -9.629689e-11, -1.701145e-10, -6.303794e-11, -1.321487e-10, 4.493330e+01, 2.330988e+00
1.413700e+03, 2.312944e+00, 2.044270e-06, 8.867199e-02, 3.265275e-06, 1.719202e+00, -4.145936e-01, 1.982367e+00, 8.393525e-02, -9.662103e-11, -1.706818e-10, -6.352059e-11, -1.327070e-10, 4.487511e+01, 2.330952e+00
1.416600e+03, 2.312464e+00, 2.042708e-06, 8.844254e-02, 3.265668e-06, 1.720963e+00, -4.114836e-01, 1.983525e+00, 8.635333e-02, -9.697541e-11, -1.712210e-10, -6.413414e-11, -1.332470e-10, 4.481685e+01, 2.330933e+00
1.419500e+03, 2.312024e+00, 2.041172e-06, 8.821515e-02, 3.266103e-06, 1.722730e+00, -4.083638e-01, 1.984693e+00, 8.878126e-02, -9.731241e-11, -1.717811e-10, -6.469772e-11, -1.338465e-10, 4.475850e+01, 2.330928e+00
1.422400e+03, 2.311633e+00, 2.039662e-06, 8.799001e-02, 3.266561e-06, 1.724503e+00, -4.052337e-01, 1.985872e+00, 9.122011e-02, -9.769371e-11, -1.724430e-10, -6.531131e-11, -1.344113e-10, 4.470008e+01, 2.330942e+00
1.425300e+03, 2.311273e+00, 2.038187e-06, 8.776694e-02, 3.267052e-06, 1.726283e+00, -4.020916e-01, 1.987062e+00, 9.366925e-02, -9.806768e-11, -1.729145e-10, -6.587420e-11, -1.350066e-10, 4.464154e+01, 2.330966e+00
1.428200e+03, 2.310962e+00, 2.036728e-06, 8.754614e-02, 3.267586e-06, 1.728070e+00, -3.989408e-01, 1.988263e+00, 9.612924e-02, -9.842644e-11, -1.735924e-10, -6.651932e-11, -1.356302e-10, 4.458292e+01, 2.331009e+00
1.431100e+03, 2.310691e+00, 2.035305e-06, 8.732754e-02, 3.268144e-06, 1.729863e+00, -3.957778e-01, 1.989475e+00, 9.860059e-02, -9.880398e-11, -1.741862e-10, -6.710681e-11, -1.362173e-10, 4.452421e+01, 2.331066e+00
1.434000e+03, 2.310461e+00, 2.033908e-06, 8.711111e-02, 3.268745e-06, 1.731664e+00, -3.926039e-01, 1.990697e+00, 1.010826e-01, -9.916174e-11, -1.747512e-10, -6.775139e-11, -1.368335e-10, 4.446541e+01, 2.331139e+00
1.436900e+03, 2.310281e+00, 2.032537e-06, 8.689689e-02, 3.269381e-06, 1.733471e+00, -3.894197e-01, 1.991932e+00, 1.035759e-01, -9.952889e-11, -1.754642e-10, -6.836386e-11, -1.374793e-10, 4.440655e+01, 2.331229e+00
1.439800e+03, 2.310141e+00, 2.031201e-06, 8.668476e-02, 3.270052e-06, 1.735284e+00, -3.862225e-01, 1.993178e+00, 1.060810e-01, -9.993806e-11, -1.760452e-10, -6.898168e-11, -1.381211e-10, 4.434761e+01, 2.331335e+00
1.442700e+03, 2.310043e+00, 2.029892e-06, 8.647494e-02, 3.270758e-06, 1.737105e+00, -3.830148e-01, 1.994435e+00, 1.085977e-01, -1.002791e-10, -1.766725e-10, -6.965102e-11, -1.387590e-10, 4.428856e+01, 2.331455e+00
1.445600e+03, 2.309995e+00, 2.028608e-06, 8.626725e-02, 3.271499e-06, 1.738932e+00, -3.797956e-01, 1.995704e+00, 1.111261e-01, -1.007010e-10, -1.773704e-10, -7.029378e-11, -1.394237e-10, 4.422947e+01, 2.331594e+00
1.448500e+03, 2.309988e+00, 2.027359e-06, 8.606178e-02, 3.272286e-06, 1.740767e+00, -3.765637e-01, 1.996985e+00, 1.136665e-01, -1.010710e-10, -1.779885e-10, -7.093580e-11, -1.400857e-10, 4.417027e+01, 2.331748e+00
1.451400e+03, 2.310022e+00, 2.026137e-06, 8.585855e-02, 3.273110e-06, 1.742609e+00, -3.733205e-01, 1.998277e+00, 1.162191e-01, -1.014651e-10, -1.787260e-10, -7.157697e-11, -1.407768e-10, 4.411101e+01, 2.331918e+00
1.454300e+03, 2.310107e+00, 2.024951e-06, 8.565754e-02, 3.273970e-06, 1.744458e+00, -3.700639e-01, 1.999581e+00, 1.187842e-01, -1.018293e-10, -1.793601e-10, -7.224396e-11, -1.414634e-10, 4.405168e+01, 2.332106e+00
1.457200e+03, 2.310244e+00, 2.023790e-06, 8.545868e-02, 3.274868e-06, 1.746313e+00, -3.667957e-01, 2.000898e+00, 1.213618e-01, -1.022289e-10, -1.800866e-10, -7.296876e-11, -1.421582e-10, 4.399230e+01, 2.332312e+00
1.460100e+03, 2.310422e+00, 2.022665e-06, 8.526200e-02, 3.275813e-06, 1.748176e+00, -3.635143e-01, 2.002227e+00, 1.239521e-01, -1.026043e-10, -1.807365e-10, -7.363897e-11, -1.428682e-10, 4.393284e+01, 2.332535e+00
1.463000e+03, 2.310652e+00, 2.021566e-06, 8.506770e-02, 3.276796e-06, 1.750046e+00, -3.602211e-01, 2.003569e+00, 1.265554e-01, -1.029964e-10, -1.814772e-10, -7.433066e-11, -1.435686e-10, 4.387335e+01, 2.332775e+00
1.465900e+03, 2.310933e+00, 2.020503e-06, 8.487546e-02, 3.277828e-06, 1.751922e+00, -3.569143e-01, 2.004923e+00, 1.291714e-01, -1.034017e-10, -1.821428e-10, -7.499851e-11, -1.443181e-10, 4.381380e+01, 2.333035e+00
1.468800e+03, 2.311257e+00, 2.019467e-06, 8.468559e-02, 3.278898e-06, 1.753806e+00, -3.535955e-01, 2.006290e+00, 1.318010e-01, -1.038045e-10, -1.829908e-10, -7.577847e-11, -1.450402e-10, 4.375417e+01, 2.333311e+00
1.471700e+03, 2.311633e+00, 2.018476e-06, 8.449797e-02, 3.280019e-06, 1.755698e+00, -3.502612e-01, 2.007671e+00, 1.344438e-01, -1.041771e-10, -1.836448e-10, -7.643985e-11, -1.457954e-10, 4.369450e+01, 2.333605e+00
1.474600e+03, 2.312062e+00, 2.017511e-06, 8.431252e-02, 3.281179e-06, 1.757596e+00, -3.469149e-01, 2.009064e+00, 1.371004e-01, -1.046340e-10, -1.843457e-10, -7.719015e-11, -1.465787e-10, 4.363480e+01, 2.333918e+00
1.477500e+03, 2.312533e+00, 2.016573e-06, 8.412940e-02, 3.282380e-06, 1.759503e+00, -3.435559e-01, 2.010470e+00, 1.397712e-01, -1.049720e-10, -1.852241e-10, -7.790784e-11, -1.473091e-10, 4.357501e+01, 2.334248e+00
1.480400e+03, 2.313066e+00, 2.015680e-06, 8.394850e-02, 3.283642e-06, 1.761415e+00, -3.401809e-01, 2.011890e+00, 1.424554e-01, -1.054156e-10, -1.859132e-10, -7.868336e-11, -1.481130e-10, 4.351524e+01, 2.334600e+00
1.483300e+03, 2.313643e+00, 2.014814e-06, 8.376985e-02, 3.284946e-06, 1.763336e+00, -3.367933e-01, 2.013323e+00, 1.451542e-01, -1.058076e-10, -1.866871e-10, -7.942944e-11, -1.489113e-10, 4.345539e+01, 2.334967e+00
1.486200e+03, 2.314272e+00, 2.013984e-06, 8.359355e-02, 3.286292e-06, 1.765264e+00, -3.333917e-01, 2.014771e+00, 1.478675e-01, -1.061927e-10, -1.875055e-10, -8.011432e-11, -1.497120e-10, 4.339551e+01, 2.335355e+00
1.489100e+03, 2.314965e+00, 2.013191e-06, 8.341957e-02, 3.287690e-06, 1.767199e+00, -3.299751e-01, 2.016230e+00, 1.505955e-01, -1.066160e-10, -1.883169e-10, -8.097287e-11, -1.505055e-10, 4.333563e+01, 2.335764e+00
1.492000e+03, 2.315702e+00, 2.012434e-06, 8.324782e-02, 3.289142e-06, 1.769142e+00, -3.265437e-01, 2.017706e+00, 1.533379e-01, -1.070558e-10, -1.891819e-10, -8.177313e-11, -1.513247e-10, 4.327570e+01, 2.336190e+00
1.494900e+03, 2.316492e+00, 2.011723e-06, 8.307847e-02, 3.290648e-06, 1.771092e+00, -3.230966e-01, 2.019196e+00, 1.560952e-01, -1.074173e-10, -1.899432e-10, -8.245214e-11, -1.521693e-10, 4.321573e+01, 2.336635e+00
1.497800e+03, 2.317346e+00, 2.011039e-06, 8.291144e-02, 3.292209e-06, 1.773050e+00, -3.196356e-01, 2.020698e+00, 1.588679e-01, -1.078180e-10, -1.907328e-10, -8.333647e-11, -1.529899e-10, 4.315578e+01, 2.337103e+00
1.500700e+03, 2.318254e+00, 2.010393e-06, 8.274678e-02, 3.293824e-06, 1.775014e+00, -3.161602e-01, 2.022217e+00, 1.616556e-01, -1.083059e-10, -1.916769e-10, -8.409959e-11, -1.538793e-10, 4.309583e+01, 2.337591e+00
1.503600e+03, 2.319206e+00, 2.009792e-06, 8.258441e-02, 3.295486e-06, 1.776988e+00, -3.126676e-01, 2.023749e+00, 1.644595e-01, -1.086175e-10, -1.924186e-10, -8.495083e-11, -1.547067e-10, 4.303579e+01, 2.338095e+00
1.506500e+03, 2.320232e+00, 2.009219e-06, 8.242451e-02, 3.297214e-06, 1.778967e+00, -3.091615e-01, 2.025297e+00, 1.672784e-01, -1.091130e-10, -1.933199e-10, -8.576908e-11, -1.556137e-10, 4.297585e+01, 2.338625e+00
1.509400e+03, 2.321304e+00, 2.008693e-06, 8.226695e-02, 3.298989e-06, 1.780955e+00, -3.056390e-01, 2.026860e+00, 1.701139e-01, -1.095023e-10, -1.942075e-10, -8.658491e-11, -1.564894e-10, 4.291583e+01, 2.339172e+00
1.512300e+03, 2.322440e+00, 2.008204e-06, 8.211173e-02, 3.300833e-06, 1.782950e+00, -3.021003e-01, 2.028438e+00, 1.729653e-01, -1.098593e-10, -1.951156e-10, -8.742849e-11, -1.573678e-10, 4.285584e+01, 2.339741e+00
1.515200e+03, 2.323641e+00, 2.007762e-06, 8.195900e-02, 3.302734e-06, 1.784952e+00, -2.985450e-01, 2.030031e+00, 1.758327e-01, -1.103268e-10, -1.959858e-10, -8.829889e-11, -1.583030e-10, 4.279590e+01, 2.340334e+00
1.518100e+03, 2.324897e+00, 2.007358e-06, 8.180866e-02, 3.304695e-06, 1.786962e+00, -2.949739e-01, 2.031640e+00, 1.787172e-01, -1.107119e-10, -1.968480e-10, -8.913655e-11, -1.592130e-10, 4.273594e+01, 2.340946e+00
1.521000e+03, 2.326219e+00, 2.006992e-06, 8.166081e-02, 3.306717e-06, 1.788980e+00, -2.913871e-01, 2.033264e+00, 1.816183e-01, -1.111390e-10, -1.978058e-10, -9.003102e-11, -1.601465e-10, 4.267603e+01, 2.341582e+00
1.523900e+03, 2.327597e+00, 2.006673e-06, 8.151551e-02, 3.308799e-06, 1.791005e+00, -2.877829e-01, 2.034904e+00, 1.845363e-01, -1.115518e-10, -1.987525e-10, -9.089212e-11, -1.610725e-10, 4.261612e+01, 2.342237e+00
1.526800e+03, 2.329041e+00, 2.006403e-06, 8.137262e-02, 3.310952e-06, 1.793037e+00, -2.841613e-01, 2.036560e+00, 1.874713e-01, -1.119549e-10, -1.996648e-10, -9.181021e-11, -1.620038e-10, 4.255625e+01, 2.342916e+00
1.529700e+03, 2.330550e+00, 2.006170e-06, 8.123219e-02, 3.313178e-06, 1.795077e+00, -2.805232e-01, 2.038233e+00, 1.904232e-01, -1.123481e-10, -2.006171e-10, -9.266376e-11, -1.630201e-10, 4.249644e+01, 2.343617e+00
1.532600e+03, 2.332126e+00, 2.005985e-06, 8.109441e-02, 3.315458e-06, 1.797124e+00, -2.768677e-01, 2.039922e+00, 1.933936e-01, -1.128075e-10, -2.015103e-10, -9.363474e-11, -1.639310e-10, 4.243668e+01, 2.344342e+00
1.535500e+03, 2.333759e+00, 2.005840e-06, 8.095915e-02, 3.317821e-06, 1.799180e+00, -2.731959e-01, 2.041628e+00, 1.963806e-01, -1.131737e-10, -2.025932e-10, -9.454165e-11, -1.649430e-10, 4.237692e+01, 2.345087e+00
1.538400e+03, 2.335469e+00, 2.005752e-06, 8.082637e-02, 3.320250e-06, 1.801242e+00, -2.695044e-01, 2.043351e+00, 1.993861e-01, -1.135826e-10, -2.034647e-10, -9.544297e-11, -1.659276e-10, 4.231727e+01, 2.345859e+00
1.541300e+03, 2.337246e+00, 2.005703e-06, 8.069631e-02, 3.322754e-06, 1.803312e+00, -2.657971e-01, 2.045090e+00, 2.024095e-01, -1.140040e-10, -2.045037e-10, -9.640173e-11, -1.669498e-10, 4.225768e+01, 2.346653e+00
1.544200e+03, 2.339090e+00, 2.005704e-06, 8.056877e-02, 3.325325e-06, 1.805389e+00, -2.620707e-01, 2.046846e+00, 2.054515e-01, -1.144151e-10, -2.054512e-10, -9.738543e-11, -1.679593e-10, 4.219816e+01, 2.347471e+00
1.547100e+03, 2.341002e+00, 2.005754e-06, 8.044392e-02, 3.327974e-06, 1.807474e+00, -2.583272e-01, 2.048621e+00, 2.085120e-01, -1.147603e-10, -2.065611e-10, -9.827212e-11, -1.689376e-10, 4.213870e+01, 2.348312e+00
1.550000e+03, 2.342991e+00, 2.005862e-06, 8.032180e-02, 3.330711e-06, 1.809565e+00, -2.545634e-01, 2.050411e+00, 2.115902e-01, -1.151951e-10, -2.074666e-10, -9.927716e-11, -1.700201e-10, 4.207938e+01, 2.349180e+00
1.552900e+03, 2.345048e+00, 2.006011e-06, 8.020227e-02, 3.333518e-06, 1.811664e+00, -2.507831e-01, 2.052220e+00, 2.146882e-01, -1.156419e-10, -2.085757e-10, -1.002455e-10, -1.710551e-10, 4.202013e+01, 2.350070e+00
1.555800e+03, 2.347175e+00, 2.006220e-06, 8.008545e-02, 3.336406e-06, 1.813771e+00, -2.469826e-01, 2.054047e+00, 2.178050e-01, -1.159984e-10, -2.095764e-10, -1.012370e-10, -1.720728e-10, 4.196095e+01, 2.350985e+00
1.558700e+03, 2.349379e+00, 2.006478e-06, 7.997146e-02, 3.339384e-06, 1.815885e+00, -2.431638e-01, 2.055892e+00, 2.209404e-01, -1.163655e-10, -2.105906e-10, -1.022544e-10, -1.731597e-10, 4.190190e+01, 2.351925e+00
1.561600e+03, 2.351662e+00, 2.006788e-06, 7.986024e-02, 3.342446e-06, 1.818005e+00, -2.393266e-01, 2.057755e+00, 2.240956e-01, -1.167430e-10, -2.117083e-10, -1.031727e-10, -1.742325e-10, 4.184300e+01, 2.352892e+00
1.564500e+03, 2.354025e+00, 2.007157e-06, 7.975181e-02, 3.345592e-06, 1.820132e+00, -2.354690e-01, 2.059635e+00, 2.272703e-01, -1.171886e-10, -2.127201e-10, -1.042990e-10, -1.753548e-10, 4.178424e+01, 2.353885e+00
1.567400e+03, 2.356457e+00, 2.007578e-06, 7.964626e-02, 3.348822e-06, 1.822267e+00, -2.315930e-01, 2.061535e+00, 2.304655e-01, -1.175646e-10, -2.138064e-10, -1.052647e-10, -1.764083e-10, 4.172557e+01, 2.354901e+00
1.570300e+03, 2.358968e+00, 2.008060e-06, 7.954357e-02, 3.352148e-06, 1.824410e+00, -2.276972e-01, 2.063453e+00, 2.336799e-01, -1.178693e-10, -2.149288e-10, -1.062839e-10, -1.774930e-10, 4.166705e+01, 2.355944e+00
1.573200e+03, 2.361569e+00, 2.008604e-06, 7.944381e-02, 3.355572e-06, 1.826557e+00, -2.237809e-01, 2.065390e+00, 2.369140e-01, -1.182642e-10, -2.160339e-10, -1.073285e-10, -1.786085e-10, 4.160874e+01, 2.357016e+00
1.576100e+03, 2.364251e+00, 2.009209e-06, 7.934688e-02, 3.359093e-06, 1.828712e+00, -2.198445e-01, 2.067345e+00, 2.401685e-01, -1.186686e-10, -2.170628e-10, -1.084212e-10, -1.797460e-10, 4.155059e+01, 2.358114e+00
1.579000e+03, 2.367013e+00, 2.009867e-06, 7.925308e-02, 3.362704e-06, 1.830875e+00, -2.158893e-01, 2.069321e+00, 2.434437e-01, -1.190377e-10, -2.181878e-10, -1.094503e-10, -1.808908e-10, 4.149259e+01, 2.359238e+00
1.581900e+03, 2.369856e+00, 2.010586e-06, 7.916213e-02, 3.366416e-06, 1.833044e+00, -2.119137e-01, 2.071315e+00, 2.467397e-01, -1.193781e-10, -2.193510e-10, -1.104929e-10, -1.819771e-10, 4.143476e+01, 2.360388e+00
1.584800e+03, 2.372790e+00, 2.011379e-06, 7.907441e-02, 3.370239e-06, 1.835219e+00, -2.079169e-01, 2.073329e+00, 2.500556e-01, -1.196817e-10, -2.204640e-10, -1.116266e-10, -1.831724e-10, 4.137715e+01, 2.361568e+00
1.587700e+03, 2.375814e+00, 2.012235e-06, 7.898966e-02, 3.374156e-06, 1.837400e+00, -2.038997e-01, 2.075363e+00, 2.533932e-01, -1.200991e-10, -2.215576e-10, -1.126843e-10, -1.842836e-10, 4.131979e+01, 2.362776e+00
1.590600e+03, 2.378921e+00, 2.013144e-06, 7.890806e-02, 3.378187e-06, 1.839588e+00, -1.998627e-01, 2.077416e+00, 2.567511e-01, -1.204191e-10, -2.227412e-10, -1.136983e-10, -1.854785e-10, 4.126259e+01, 2.364010e+00
1.593500e+03, 2.382120e+00, 2.014137e-06, 7.882971e-02, 3.382324e-06, 1.841782e+00, -1.958040e-01, 2.079488e+00, 2.601307e-01, -1.207687e-10, -2.238500e-10, -1.148307e-10, -1.866115e-10, 4.120564e+01, 2.365273e+00
1.596400e+03, 2.385410e+00, 2.015184e-06, 7.875449e-02, 3.386578e-06, 1.843983e+00, -1.917252e-01, 2.081580e+00, 2.635310e-01, -1.210190e-10, -2.250415e-10, -1.159796e-10, -1.877855e-10, 4.114892e+01, 2.366565e+00
1.599300e+03, 2.388803e+00, 2.016316e-06, 7.868255e-02, 3.390950e-06, 1.846188e+00, -1.876247e-01, 2.083693e+00, 2.669527e-01, -1.213603e-10, -2.261873e-10, -1.170833e-10, -1.889960e-10, 4.109252e+01, 2.367888e+00
1.602200e+03, 2.392288e+00, 2.017513e-06, 7.861398e-02, 3.395433e-06, 1.848399e+00, -1.835033e-01, 2.085827e+00, 2.703965e-01, -1.217085e-10, -2.273615e-10, -1.181491e-10, -1.901886e-10, 4.103637e+01, 2.369239e+00
1.605100e+03, 2.395867e+00, 2.018785e-06, 7.854866e-02, 3.400037e-06, 1.850617e+00, -1.793605e-01, 2.087979e+00, 2.738619e-01, -1.220197e-10, -2.284912e-10, -1.192555e-10, -1.913295e-10, 4.098047e+01, 2.370620e+00
1.608000e+03, 2.399539e+00, 2.020124e-06, 7.848686e-02, 3.404774e-06, 1.852840e+00, -1.751971e-01, 2.090152e+00, 2.773482e-01, -1.222535e-10, -2.297193e-10, -1.204793e-10, -1.925967e-10, 4.092484e+01, 2.372028e+00
1.610900e+03, 2.403324e+00, 2.021548e-06, 7.842848e-02, 3.409626e-06, 1.855068e+00, -1.710113e-01, 2.092348e+00, 2.808575e-01, -1.225764e-10, -2.308744e-10, -1.214994e-10, -1.937215e-10, 4.086959e+01, 2.373470e+00
1.613800e+03, 2.407204e+00, 2.023049e-06, 7.837360e-02, 3.414623e-06, 1.857301e+00, -1.668045e-01, 2.094562e+00, 2.843874e-01, -1.228411e-10, -2.321019e-10, -1.227228e-10, -1.950018e-10, 4.081462e+01, 2.374940e+00
1.616700e+03, 2.411187e+00, 2.024637e-06, 7.832228e-02, 3.419738e-06, 1.859540e+00, -1.625753e-01, 2.096798e+00, 2.879406e-01, -1.230676e-10, -2.332153e-10, -1.238366e-10, -1.961665e-10, 4.075998e+01, 2.376441e+00
1.619600e+03, 2.415285e+00, 2.026294e-06, 7.827459e-02, 3.425002e-06, 1.861782e+00, -1.583258e-01, 2.099054e+00, 2.915150e-01, -1.233199e-10, -2.344846e-10, -1.249359e-10, -1.974110e-10, 4.070574e+01, 2.377975e+00
1.622500e+03, 2.419487e+00, 2.028048e-06, 7.823052e-02, 3.430398e-06, 1.864029e+00, -1.540532e-01, 2.101331e+00, 2.951120e-01, -1.235989e-10, -2.356403e-10, -1.261055e-10, -1.985355e-10, 4.065185e+01, 2.379539e+00
1.625400e+03, 2.423795e+00, 2.029880e-06, 7.819027e-02, 3.435944e-06, 1.866281e+00, -1.497596e-01, 2.103629e+00, 2.987296e-01, -1.237946e-10, -2.368230e-10, -1.272344e-10, -1.999068e-10, 4.059831e+01, 2.381134e+00
1.628300e+03, 2.428217e+00, 2.031792e-06, 7.815373e-02, 3.441638e-06, 1.868537e+00, -1.454444e-01, 2.105947e+00, 3.023721e-01, -1.239939e-10, -2.380550e-10, -1.283963e-10, -2.010813e-10, 4.054519e+01, 2.382761e+00
1.631200e+03, 2.432755e+00, 2.033804e-06, 7.812116e-02, 3.447476e-06, 1.870796e+00, -1.411067e-01, 2.108286e+00, 3.060361e-01, -1.242181e-10, -2.392427e-10, -1.295526e-10, -2.021302e-10, 4.049250e+01, 2.384421e+00
1.634100e+03, 2.437409e+00, 2.035906e-06, 7.809237e-02, 3.453479e-06, 1.873060e+00, -1.367474e-01, 2.110647e+00, 3.097192e-01, -1.244024e-10, -2.404616e-10, -1.307037e-10, -2.035470e-10, 4.044022e+01, 2.386113e+00
1.637000e+03, 2.442180e+00, 2.038109e-06, 7.806772e-02, 3.459636e-06, 1.875326e+00, -1.323659e-01, 2.113029e+00, 3.134280e-01, -1.245222e-10, -2.416377e-10, -1.318486e-10, -2.047322e-10, 4.038839e+01, 2.387837e+00
1.639900e+03, 2.447076e+00, 2.040403e-06, 7.804701e-02, 3.465953e-06, 1.877595e+00, -1.279630e-01, 2.115431e+00, 3.171585e-01, -1.246655e-10, -2.428353e-10, -1.330221e-10, -2.059853e-10, 4.033706e+01, 2.389595e+00
1.642800e+03, 2.452099e+00, 2.042788e-06, 7.803051e-02, 3.472445e-06, 1.879867e+00, -1.235382e-01, 2.117855e+00, 3.209118e-01, -1.248363e-10, -2.440059e-10, -1.341155e-10, -2.071041e-10, 4.028622e+01, 2.391387e+00
1.645700e+03, 2.457238e+00, 2.045277e-06, 7.801818e-02, 3.479099e-06, 1.882142e+00, -1.190921e-01, 2.120299e+00, 3.246855e-01, -1.249838e-10, -2.452201e-10, -1.353085e-10, -2.084374e-10, 4.023585e+01, 2.393210e+00
1.648600e+03, 2.462506e+00, 2.047868e-06, 7.801015e-02, 3.485934e-06, 1.884419e+00, -1.146239e-01, 2.122764e+00, 3.284835e-01, -1.250002e-10, -2.464268e-10, -1.364205e-10, -2.095852e-10, 4.018599e+01, 2.395068e+00
1.651500e+03, 2.467909e+00, 2.050574e-06, 7.800637e-02, 3.492946e-06, 1.886697e+00, -1.101337e-01, 2.125250e+00, 3.323024e-01, -1.251501e-10, -2.475911e-10, -1.375563e-10, -2.106452e-10, 4.013672e+01, 2.396960e+00
1.654400e+03, 2.473442e+00, 2.053383e-06, 7.800713e-02, 3.500147e-06, 1.888977e+00, -1.056223e-01, 2.127756e+00, 3.361406e-01, -1.251685e-10, -2.487709e-10, -1.387061e-10, -2.120150e-10, 4.008797e+01, 2.398886e+00
1.657300e+03, 2.479111e+00, 2.056298e-06, 7.801236e-02, 3.507534e-06, 1.891258e+00, -1.010894e-01, 2.130284e+00, 3.400038e-01, -1.252086e-10, -2.499383e-10, -1.398174e-10, -2.131458e-10, 4.003983e+01, 2.400846e+00
1.660200e+03, 2.484919e+00, 2.059328e-06, 7.802228e-02, 3.515116e-06, 1.893539e+00, -9.653519e-02, 2.132831e+00, 3.438876e-01, -1.252490e-10, -2.510900e-10, -1.409790e-10, -2.143836e-10, 3.999228e+01, 2.402841e+00
1.663100e+03, 2.490865e+00, 2.062475e-06, 7.803675e-02, 3.522897e-06, 1.895821e+00, -9.196002e-02, 2.135400e+00, 3.477939e-01, -1.252192e-10, -2.522521e-10, -1.420030e-10, -2.155265e-10, 3.994535e+01, 2.404871e+00
1.666000e+03, 2.496959e+00, 2.065738e-06, 7.805604e-02, 3.530887e-06, 1.898103e+00, -8.736367e-02, 2.137988e+00, 3.517211e-01, -1.252181e-10, -2.533930e-10, -1.431192e-10, -2.166807e-10, 3.989908e+01, 2.406936e+00
1.668900e+03, 2.503193e+00, 2.069130e-06, 7.808025e-02, 3.539078e-06, 1.900385e+00, -8.274654e-02, 2.140595e+00, 3.556693e-01, -1.251164e-10, -2.545188e-10, -1.442463e-10, -2.178292e-10, 3.985345e+01, 2.409035e+00
1.671800e+03, 2.509585e+00, 2.072639e-06, 7.810932e-02, 3.547494e-06, 1.902664e+00, -7.810889e-02, 2.143224e+00, 3.596384e-01, -1.250434e-10, -2.556464e-10, -1.453287e-10, -2.189864e-10, 3.980855e+01, 2.411172e+00
1.674700e+03, 2.516125e+00, 2.076278e-06, 7.814348e-02, 3.556127e-06, 1.904943e+00, -7.345070e-02, 2.145872e+00, 3.636286e-01, -1.249701e-10, -2.567258e-10, -1.463440e-10, -2.201870e-10, 3.976436e+01, 2.413344e+00
1.677600e+03, 2.522816e+00, 2.080047e-06, 7.818284e-02, 3.564990e-06, 1.907220e+00, -6.877284e-02, 2.148538e+00, 3.676407e-01, -1.248446e-10, -2.578094e-10, -1.473883e-10, -2.211963e-10, 3.972087e+01, 2.415550e+00
1.680500e+03, 2.529666e+00, 2.083946e-06, 7.822745e-02, 3.574082e-06, 1.909495e+00, -6.407523e-02, 2.151224e+00, 3.716711e-01, -1.246249e-10, -2.588859e-10, -1.484606e-10, -2.223015e-10, 3.967814e+01, 2.417792e+00
1.683400e+03, 2.536684e+00, 2.087987e-06, 7.827739e-02, 3.583408e-06, 1.911766e+00, -5.935801e-02, 2.153929e+00, 3.757217e-01, -1.244554e-10, -2.599355e-10, -1.494629e-10, -2.234435e-10, 3.963625e+01, 2.420072e+00
1.686300e+03, 2.543863e+00, 2.092170e-06, 7.833275e-02, 3.592981e-06, 1.914033e+00, -5.462166e-02, 2.156653e+00, 3.797932e-01, -1.242322e-10, -2.609838e-10, -1.504136e-10, -2.244768e-10, 3.959514e+01, 2.422387e+00
1.689200e+03, 2.551211e+00, 2.096496e-06, 7.839377e-02, 3.602813e-06, 1.916297e+00, -4.986621e-02, 2.159393e+00, 3.838834e-01, -1.239868e-10, -2.619625e-10, -1.514278e-10, -2.253166e-10, 3.955487e+01, 2.424739e+00
1.692100e+03, 2.558729e+00, 2.100966e-06, 7.846043e-02, 3.612901e-06, 1.918556e+00, -4.509293e-02, 2.162153e+00, 3.879889e-01, -1.236463e-10, -2.629575e-10, -1.523295e-10, -2.265830e-10, 3.951545e+01, 2.427128e+00
1.695000e+03, 2.566427e+00, 2.105590e-06, 7.853291e-02, 3.623248e-06, 1.920809e+00, -4.030152e-02, 2.164928e+00, 3.921176e-01, -1.233972e-10, -2.639149e-10, -1.533116e-10, -2.273986e-10, 3.947695e+01, 2.429553e+00
1.697900e+03, 2.574295e+00, 2.110369e-06, 7.861133e-02, 3.633866e-06, 1.923058e+00, -3.549267e-02, 2.167722e+00, 3.962611e-01, -1.229591e-10, -2.648395e-10, -1.541785e-10, -2.284373e-10, 3.943931e+01, 2.432014e+00
1.700800e+03, 2.582352e+00, 2.115305e-06, 7.869588e-02, 3.644766e-06, 1.925298e+00, -3.066696e-02, 2.170531e+00, 4.004235e-01, -1.226125e-10, -2.657361e-10, -1.550472e-10, -2.293588e-10, 3.940267e+01, 2.434513e+00
1.703700e+03, 2.590589e+00, 2.120397e-06, 7.878648e-02, 3.655956e-06, 1.927532e+00, -2.582492e-02, 2.173356e+00, 4.046027e-01, -1.221156e-10, -2.666154e-10, -1.559137e-10, -2.302806e-10, 3.936696e+01, 2.437048e+00
1.706600e+03, 2.599026e+00, 2.125667e-06, 7.888343e-02, 3.667430e-06, 1.929757e+00, -2.096686e-02, 2.176197e+00, 4.087987e-01, -1.217252e-10, -2.674424e-10, -1.566439e-10, -2.311015e-10, 3.933231e+01, 2.439621e+00
1.709500e+03, 2.607643e+00, 2.131096e-06, 7.898676e-02, 3.679220e-06, 1.931975e+00, -1.609373e-02, 2.179051e+00, 4.130096e-01, -1.211100e-10, -2.682491e-10, -1.574652e-10, -2.318437e-10, 3.929860e+01, 2.442229e+00
1.712400e+03, 2.616469e+00, 2.136714e-06, 7.909673e-02, 3.691305e-06, 1.934182e+00, -1.120590e-02, 2.181921e+00, 4.172341e-01, -1.205670e-10, -2.690070e-10, -1.582048e-10, -2.328116e-10, 3.926603e+01, 2.444876e+00
1.715300e+03, 2.625494e+00, 2.142503e-06, 7.921345e-02, 3.703717e-06, 1.936379e+00, -6.304258e-03, 2.184803e+00, 4.214762e-01, -1.200028e-10, -2.697308e-10, -1.588621e-10, -2.334434e-10, 3.923452e+01, 2.447559e+00
1.718200e+03, 2.634719e+00, 2.148472e-06, 7.933701e-02, 3.716449e-06, 1.938566e+00, -1.389430e-03, 2.187698e+00, 4.257298e-01, -1.192677e-10, -2.704109e-10, -1.595489e-10, -2.341464e-10, 3.920410e+01, 2.450278e+00
1.721100e+03, 2.644162e+00, 2.154633e-06, 7.946760e-02, 3.729507e-06, 1.940739e+00, 3.537792e-03, 2.190605e+00, 4.299963e-01, -1.186061e-10, -2.710466e-10, -1.601511e-10, -2.348661e-10, 3.917488e+01, 2.453036e+00
1.724000e+03, 2.653815e+00, 2.160988e-06, 7.960534e-02, 3.742927e-06, 1.942900e+00, 8.476596e-03, 2.193523e+00, 4.342758e-01, -1.178682e-10, -2.716336e-10, -1.607240e-10, -2.353738e-10, 3.914681e+01, 2.455829e+00
1.726900e+03, 2.663686e+00, 2.167545e-06, 7.975036e-02, 3.756685e-06, 1.945048e+00, 1.342610e-02, 2.196452e+00, 4.385646e-01, -1.170155e-10, -2.721722e-10, -1.612259e-10, -2.360867e-10, 3.911993e+01, 2.458659e+00
1.729800e+03, 2.673785e+00, 2.174297e-06, 7.990290e-02, 3.770811e-06, 1.947180e+00, 1.838541e-02, 2.199390e+00, 4.428664e-01, -1.161622e-10, -2.726579e-10, -1.616957e-10, -2.364653e-10, 3.909434e+01, 2.461526e+00
1.732700e+03, 2.684112e+00, 2.181265e-06, 8.006311e-02, 3.785300e-06, 1.949296e+00, 2.335357e-02, 2.202336e+00, 4.471751e-01, -1.152898e-10, -2.730897e-10, -1.621323e-10, -2.369732e-10, 3.907001e+01, 2.464429e+00
1.735600e+03, 2.694666e+00, 2.188438e-06, 8.023113e-02, 3.800170e-06, 1.951397e+00, 2.832961e-02, 2.205290e+00, 4.514931e-01, -1.142663e-10, -2.734579e-10, -1.624796e-10, -2.374742e-10, 3.904696e+01, 2.467368e+00
1.738500e+03, 2.705467e+00, 2.195838e-06, 8.040707e-02, 3.815435e-06, 1.953479e+00, 3.331235e-02, 2.208251e+00, 4.558201e-01, -1.132628e-10, -2.737764e-10, -1.627514e-10, -2.377081e-10, 3.902530e+01, 2.470345e+00
1.741400e+03, 2.716504e+00, 2.203456e-06, 8.059114e-02, 3.831101e-06, 1.955543e+00, 3.830089e-02, 2.211216e+00, 4.601515e-01, -1.121667e-10, -2.740134e-10, -1.630008e-10, -2.379965e-10, 3.900498e+01, 2.473356e+00
1.744300e+03, 2.727787e+00, 2.211312e-06, 8.078364e-02, 3.847174e-06, 1.957587e+00, 4.329376e-02, 2.214186e+00, 4.644881e-01, -1.109784e-10, -2.741979e-10, -1.631040e-10, -2.382731e-10, 3.898606e+01, 2.476402e+00
1.747200e+03, 2.739324e+00, 2.219397e-06, 8.098459e-02, 3.863669e-06, 1.959609e+00, 4.828998e-02, 2.217158e+00, 4.688297e-01, -1.096988e-10, -2.743287e-10, -1.632775e-10, -2.382181e-10, 3.896860e+01, 2.479484e+00
1.750100e+03, 2.751124e+00, 2.227722e-06, 8.119426e-02, 3.880599e-06, 1.961608e+00, 5.328859e-02, 2.220133e+00, 4.731703e-01, -1.086642e-10, -2.743353e-10, -1.632759e-10, -2.384031e-10, 3.895266e+01, 2.482601e+00
1.753000e+03, 2.763182e+00, 2.236298e-06, 8.141290e-02, 3.897966e-06, 1.963588e+00, 5.828732e-02, 2.223108e+00, 4.775143e-01, -1.070200e-10, -2.743054e-10, -1.632220e-10, -2.384395e-10, 3.893810e+01, 2.485753e+00
1.755900e+03, 2.775518e+00, 2.245124e-06, 8.164051e-02, 3.915803e-06, 1.965538e+00, 6.328550e-02, 2.226083e+00, 4.818590e-01, -1.056998e-10, -2.741986e-10, -1.631523e-10, -2.383364e-10, 3.892524e+01, 2.488941e+00
1.758800e+03, 2.788117e+00, 2.254213e-06, 8.187752e-02, 3.934097e-06, 1.967464e+00, 6.828174e-02, 2.229055e+00, 4.862018e-01, -1.041398e-10, -2.740045e-10, -1.628938e-10, -2.381480e-10, 3.891388e+01, 2.492160e+00
1.761700e+03, 2.801006e+00, 2.263564e-06, 8.212402e-02, 3.952870e-06, 1.969361e+00, 7.327444e-02, 2.232024e+00, 4.905411e-01, -1.026456e-10, -2.737058e-10, -1.625530e-10, -2.378148e-10, 3.890418e+01, 2.495414e+00
1.764600e+03, 2.814176e+00, 2.273188e-06, 8.238025e-02, 3.972133e-06, 1.971232e+00, 7.826170e-02, 2.234985e+00, 4.948744e-01, -1.009900e-10, -2.733233e-10, -1.622749e-10, -2.375788e-10, 3.889608e+01, 2.498701e+00
1.767500e+03, 2.827644e+00, 2.283095e-06, 8.264646e-02, 3.991905e-06, 1.973072e+00, 8.324199e-02, 2.237942e+00, 4.992034e-01, -9.914892e-11, -2.728749e-10, -1.617151e-10, -2.370744e-10, 3.888969e+01, 2.502022e+00
1.770400e+03, 2.841406e+00, 2.293287e-06, 8.292278e-02, 4.012191e-06, 1.974878e+00, 8.821411e-02, 2.240889e+00, 5.035232e-01, -9.740481e-11, -2.722923e-10, -1.611760e-10, -2.365441e-10, 3.888505e+01, 2.505374e+00
1.773300e+03, 2.855476e+00, 2.303773e-06, 8.320953e-02, 4.033004e-06, 1.976653e+00, 9.317561e-02, 2.243826e+00, 5.078333e-01, -9.565540e-11, -2.715970e-10, -1.605010e-10, -2.359193e-10, 3.888215e+01, 2.508758e+00
1.776200e+03, 2.869853e+00, 2.314564e-06, 8.350689e-02, 4.054369e-06, 1.978396e+00, 9.812444e-02, 2.246750e+00, 5.121320e-01, -9.340139e-11, -2.708823e-10, -1.597425e-10, -2.352129e-10, 3.888096e+01, 2.512174e+00
1.779100e+03, 2.884547e+00, 2.325650e-06, 8.381506e-02, 4.076284e-06, 1.980098e+00, 1.030603e-01, 2.249661e+00, 5.164179e-01, -9.142274e-11, -2.699591e-10, -1.588183e-10, -2.342274e-10, 3.888171e+01, 2.515618e+00
1.782000e+03, 2.899574e+00, 2.337061e-06, 8.413442e-02, 4.098777e-06, 1.981764e+00, 1.079792e-01, 2.252555e+00, 5.206858e-01, -8.927109e-11, -2.689668e-10, -1.578520e-10, -2.333456e-10, 3.888431e+01, 2.519095e+00
1.784900e+03, 2.914930e+00, 2.348798e-06, 8.446511e-02, 4.121845e-06, 1.983391e+00, 1.128801e-01, 2.255431e+00, 5.249377e-01, -8.695201e-11, -2.678613e-10, -1.567530e-10, -2.322327e-10, 3.888880e+01, 2.522601e+00
1.787800e+03, 2.930612e+00, 2.360861e-06, 8.480726e-02, 4.145527e-06, 1.984975e+00, 1.177609e-01, 2.258287e+00, 5.291692e-01, -8.458618e-11, -2.666350e-10, -1.555490e-10, -2.310402e-10, 3.889520e+01, 2.526133e+00
1.790700e+03, 2.946648e+00, 2.373269e-06, 8.516146e-02, 4.169824e-06, 1.986516e+00, 1.226193e-01, 2.261122e+00, 5.333791e-01, -8.205918e-11, -2.652498e-10, -1.541558e-10, -2.298163e-10, 3.890361e+01, 2.529695e+00
1.793600e+03, 2.963036e+00, 2.386023e-06, 8.552764e-02, 4.194749e-06, 1.988011e+00, 1.274525e-01, 2.263931e+00, 5.375666e-01, -7.947019e-11, -2.637934e-10, -1.527005e-10, -2.282028e-10, 3.891405e+01, 2.533284e+00
1.796500e+03, 2.979784e+00, 2.399133e-06, 8.590630e-02, 4.220323e-06, 1.989460e+00, 1.322592e-01, 2.266713e+00, 5.417247e-01, -7.706336e-11, -2.621514e-10, -1.510765e-10, -2.267387e-10, 3.892654e+01, 2.536899e+00
1.799400e+03, 2.996896e+00, 2.412608e-06, 8.629765e-02, 4.246556e-06, 1.990864e+00, 1.370359e-01, 2.269466e+00, 5.458562e-01, -7.394799e-11, -2.603924e-10, -1.493761e-10, -2.248896e-10, 3.894098e+01, 2.540540e+00
1.802300e+03, 3.014385e+00, 2.426457e-06, 8.670190e-02, 4.273469e-06, 1.992211e+00, 1.417805e-01, 2.272188e+00, 5.499540e-01, -7.126339e-11, -2.585270e-10, -1.474301e-10, -2.230552e-10, 3.895769e+01, 2.544206e+00
1.805200e+03, 3.032251e+00, 2.440681e-06, 8.711941e-02, 4.301088e-06, 1.993510e+00, 1.464912e-01, 2.274874e+00, 5.540183e-01, -6.804971e-11, -2.564362e-10, -1.454124e-10, -2.211504e-10, 3.897644e+01, 2.547895e+00
1.808100e+03, 3.050512e+00, 2.455309e-06, 8.755039e-02, 4.329414e-06, 1.994750e+00, 1.511638e-01, 2.277524e+00, 5.580479e-01, -6.503013e-11, -2.542750e-10, -1.432435e-10, -2.189104e-10, 3.899746e+01, 2.551608e+00
1.811000e+03, 3.069172e+00, 2.470330e-06, 8.799519e-02, 4.358478e-06, 1.995935e+00, 1.557970e-01, 2.280134e+00, 5.620368e-01, -6.164310e-11, -2.519237e-10, -1.409665e-10, -2.165407e-10, 3.902066e+01, 2.555343e+00
1.813900e+03, 3.088231e+00, 2.485764e-06, 8.845409e-02, 4.388290e-06, 1.997058e+00, 1.603874e-01, 2.282702e+00, 5.659824e-01, -5.854299e-11, -2.494317e-10, -1.384566e-10, -2.141501e-10, 3.904614e+01, 2.559098e+00
1.816800e+03, 3.107706e+00, 2.501608e-06, 8.892743e-02, 4.418862e-06, 1.998124e+00, 1.649323e-01, 2.285225e+00, 5.698845e-01, -5.485287e-11, -2.467380e-10, -1.357589e-10, -2.114345e-10, 3.907380e+01, 2.562874e+00
1.819700e+03, 3.127602e+00, 2.517893e-06, 8.941551e-02, 4.450227e-06, 1.999124e+00, 1.694282e-01, 2.287699e+00, 5.737371e-01, -5.106567e-11, -2.438875e-10, -1.329245e-10, -2.086002e-10, 3.910384e+01, 2.566669e+00
1.822600e+03, 3.147937e+00, 2.534616e-06, 8.991866e-02, 4.482392e-06, 2.000054e+00, 1.738721e-01, 2.290121e+00, 5.775380e-01, -4.740243e-11, -2.408916e-10, -1.299970e-10, -2.056199e-10, 3.913631e+01, 2.570482e+00
1.825500e+03, 3.168701e+00, 2.551787e-06, 9.043715e-02, 4.515386e-06, 2.000918e+00, 1.782615e-01, 2.292489e+00, 5.812847e-01, -4.357606e-11, -2.377118e-10, -1.268147e-10, -2.026289e-10, 3.917109e+01, 2.574312e+00
1.828400e+03, 3.189921e+00, 2.569413e-06, 9.097140e-02, 4.549223e-06, 2.001712e+00, 1.825929e-01, 2.294800e+00, 5.849768e-01, -3.949658e-11, -2.343347e-10, -1.235040e-10, -1.991303e-10, 3.920826e+01, 2.578159e+00
1.831300e+03, 3.211588e+00, 2.587514e-06, 9.152161e-02, 4.583921e-06, 2.002432e+00, 1.868628e-01, 2.297051e+00, 5.886052e-01, -3.511535e-11, -2.307817e-10, -1.199955e-10, -1.956662e-10, 3.924786e+01, 2.582019e+00
1.834200e+03, 3.233725e+00, 2.606096e-06, 9.208828e-02, 4.619508e-06, 2.003072e+00, 1.910679e-01, 2.299237e+00, 5.921705e-01, -3.096130e-11, -2.269977e-10, -1.162022e-10, -1.919423e-10, 3.929000e+01, 2.585893e+00
1.837100e+03, 3.256334e+00, 2.625177e-06, 9.267159e-02, 4.655993e-06, 2.003636e+00, 1.952041e-01, 2.301354e+00, 5.956679e-01, -2.636520e-11, -2.231308e-10, -1.123092e-10, -1.879338e-10, 3.933457e+01, 2.589780e+00
1.840000e+03, 3.279436e+00, 2.644746e-06, 9.327204e-02, 4.693407e-06, 2.004116e+00, 1.992698e-01, 2.303401e+00, 5.990923e-01, -2.170301e-11, -2.189229e-10, -1.082341e-10, -1.838761e-10, 3.938172e+01, 2.593680e+00
1.842900e+03, 3.303025e+00, 2.664839e-06, 9.388995e-02, 4.731770e-06, 2.004512e+00, 2.032588e-01, 2.305373e+00, 6.024428e-01, -1.699172e-11, -2.145830e-10, -1.038983e-10, -1.796122e-10, 3.943141e+01, 2.597589e+00
1.845800e+03, 3.327119e+00, 2.685463e-06, 9.452553e-02, 4.771104e-06, 2.004821e+00, 2.071688e-01, 2.307266e+00, 6.057155e-01, -1.185983e-11, -2.100408e-10, -9.940176e-11, -1.751222e-10, 3.948365e+01, 2.601507e+00
1.848700e+03, 3.351714e+00, 2.706615e-06, 9.517925e-02, 4.811417e-06, 2.005037e+00, 2.109960e-01, 2.309077e+00, 6.089065e-01, -6.777042e-12, -2.052586e-10, -9.467090e-11, -1.702501e-10, 3.953853e+01, 2.605431e+00
1.851600e+03, 3.376842e+00, 2.728322e-06, 9.585160e-02, 4.852756e-06, 2.005161e+00, 2.147361e-01, 2.310802e+00, 6.120086e-01, -1.443169e-12, -2.002932e-10, -8.970859e-11, -1.653961e-10, 3.959604e+01, 2.609364e+00
1.854500e+03, 3.402502e+00, 2.750580e-06, 9.654277e-02, 4.895119e-06, 2.005187e+00, 2.183857e-01, 2.312437e+00, 6.150224e-01, 4.129380e-12, -1.950843e-10, -8.453299e-11, -1.600889e-10, 3.965622e+01, 2.613302e+00
1.857400e+03, 3.428696e+00, 2.773416e-06, 9.725324e-02, 4.938545e-06, 2.005112e+00, 2.219403e-01, 2.313977e+00, 6.179394e-01, 9.706899e-12, -1.895867e-10, -7.918929e-11, -1.548450e-10, 3.971909e+01, 2.617242e+00
1.860300e+03, 3.455442e+00, 2.796844e-06, 9.798327e-02, 4.983046e-06, 2.004935e+00, 2.253948e-01, 2.315420e+00, 6.207608e-01, 1.556975e-11, -1.839765e-10, -7.353691e-11, -1.491715e-10, 3.978463e+01, 2.621186e+00
1.863200e+03, 3.482750e+00, 2.820860e-06, 9.873343e-02, 5.028662e-06, 2.004651e+00, 2.287471e-01, 2.316760e+00, 6.234789e-01, 2.170337e-11, -1.780194e-10, -6.766212e-11, -1.431885e-10, 3.985290e+01, 2.625132e+00
1.866100e+03, 3.510630e+00, 2.845489e-06, 9.950397e-02, 5.075401e-06, 2.004256e+00, 2.319909e-01, 2.317993e+00, 6.260880e-01, 2.788734e-11, -1.719103e-10, -6.154077e-11, -1.371739e-10, 3.992395e+01, 2.629077e+00
1.869000e+03, 3.539087e+00, 2.870737e-06, 1.002952e-01, 5.123292e-06, 2.003748e+00, 2.351233e-01, 2.319114e+00, 6.285875e-01, 3.438246e-11, -1.655056e-10, -5.522962e-11, -1.306888e-10, 3.999774e+01, 2.633022e+00
1.871900e+03, 3.568140e+00, 2.896616e-06, 1.011078e-01, 5.172366e-06, 2.003121e+00, 2.381390e-01, 2.320121e+00, 6.309688e-01, 4.098024e-11, -1.588121e-10, -4.862309e-11, -1.241516e-10, 4.007434e+01, 2.636964e+00
1.874800e+03, 3.597783e+00, 2.923153e-06, 1.019420e-01, 5.222623e-06, 2.002375e+00, 2.410327e-01, 2.321007e+00, 6.332310e-01, 4.772326e-11, -1.519419e-10, -4.173824e-11, -1.172244e-10, 4.015371e+01, 2.640902e+00
1.877700e+03, 3.628038e+00, 2.950339e-06, 1.027982e-01, 5.274124e-06, 2.001505e+00, 2.438013e-01, 2.321767e+00, 6.353670e-01, 5.500791e-11, -1.447766e-10, -3.466709e-11, -1.101898e-10, 4.023587e+01, 2.644835e+00
1.880600e+03, 3.658919e+00, 2.978200e-06, 1.036766e-01, 5.326862e-06, 2.000503e+00, 2.464393e-01, 2.322399e+00, 6.373748e-01, 6.221703e-11, -1.373237e-10, -2.727848e-11, -1.026969e-10, 4.032095e+01, 2.648762e+00
1.883500e+03, 3.690422e+00, 3.006747e-06, 1.045780e-01, 5.380877e-06, 1.999369e+00, 2.489415e-01, 2.322896e+00, 6.392460e-01, 6.966358e-11, -1.296188e-10, -1.962522e-11, -9.503311e-11, 4.040885e+01, 2.652680e+00
1.886400e+03, 3.722569e+00, 3.035993e-06, 1.055024e-01, 5.436191e-06, 1.998100e+00, 2.513033e-01, 2.323254e+00, 6.409776e-01, 7.734279e-11, -1.216275e-10, -1.172850e-11, -8.707437e-11, 4.049960e+01, 2.656591e+00
1.889300e+03, 3.755357e+00, 3.065951e-06, 1.064504e-01, 5.492830e-06, 1.996690e+00, 2.535195e-01, 2.323467e+00, 6.425643e-01, 8.549034e-11, -1.134145e-10, -3.499802e-12, -7.890164e-11, 4.059321e+01, 2.660490e+00
1.892200e+03, 3.788800e+00, 3.096623e-06, 1.074225e-01, 5.550811e-06, 1.995133e+00, 2.555861e-01, 2.323531e+00, 6.440019e-01, 9.349797e-11, -1.048309e-10, 4.936844e-12, -7.027963e-11, 4.068976e+01, 2.664377e+00
1.895100e+03, 3.822920e+00, 3.128040e-06, 1.084188e-01, 5.610167e-06, 1.993429e+00, 2.574962e-01, 2.323441e+00, 6.452825e-01, 1.020814e-10, -9.598242e-11, 1.369748e-11, -6.156696e-11, 4.078917e+01, 2.668254e+00
1.898000e+03, 3.857704e+00, 3.160202e-06, 1.094400e-01, 5.670922e-06, 1.991569e+00, 2.592452e-01, 2.323191e+00, 6.464043e-01, 1.106834e-10, -8.689702e-11, 2.279920e-11, -5.243450e-11, 4.089152e+01, 2.672114e+00
1.900900e+03, 3.893178e+00, 3.193122e-06, 1.104862e-01, 5.733097e-06, 1.989552e+00, 2.608285e-01, 2.322776e+00, 6.473598e-01, 1.195618e-10, -7.742016e-11, 3.214738e-11, -4.304524e-11, 4.099678e+01, 2.675960e+00
1.903800e+03, 3.929340e+00, 3.226819e-06, 1.115579e-01, 5.796710e-06, 1.987374e+00, 2.622392e-01, 2.322190e+00, 6.481441e-01, 1.288092e-10, -6.773196e-11, 4.181954e-11, -3.331023e-11, 4.110494e+01, 2.679789e+00
1.906700e+03, 3.966206e+00, 3.261293e-06, 1.126555e-01, 5.861799e-06, 1.985027e+00, 2.634734e-01, 2.321428e+00, 6.487511e-01, 1.382910e-10, -5.764375e-11, 5.179191e-11, -2.335221e-11, 4.121607e+01, 2.683601e+00
1.909600e+03, 4.003775e+00, 3.296574e-06, 1.137793e-01, 5.928367e-06, 1.982507e+00, 2.645237e-01, 2.320485e+00, 6.491766e-01, 1.480432e-10, -4.734156e-11, 6.204112e-11, -1.304711e-11, 4.133014e+01, 2.687393e+00
1.912500e+03, 4.042053e+00, 3.332652e-06, 1.149296e-01, 5.996461e-06, 1.979809e+00, 2.653863e-01, 2.319354e+00, 6.494143e-01, 1.579212e-10, -3.663119e-11, 7.264078e-11, -2.318603e-12, 4.144716e+01, 2.691165e+00
1.915400e+03, 4.081056e+00, 3.369555e-06, 1.161068e-01, 6.066090e-06, 1.976932e+00, 2.660538e-01, 2.318030e+00, 6.494565e-01, 1.682760e-10, -2.565599e-11, 8.352995e-11, 8.601730e-12, 4.156710e+01, 2.694917e+00
1.918300e+03, 4.120783e+00, 3.407281e-06, 1.173111e-01, 6.137269e-06, 1.973865e+00, 2.665213e-01, 2.316508e+00, 6.492998e-01, 1.789059e-10, -1.432847e-11, 9.480950e-11, 1.986602e-11, 4.169002e+01, 2.698645e+00
1.921200e+03, 4.161235e+00, 3.445850e-06, 1.185430e-01, 6.210026e-06, 1.970606e+00, 2.667824e-01, 2.314781e+00, 6.489378e-01, 1.896001e-10, -2.645634e-12, 1.063595e-10, 3.152780e-11, 4.181592e+01, 2.702349e+00
1.924100e+03, 4.202425e+00, 3.485269e-06, 1.198025e-01, 6.284366e-06, 1.967151e+00, 2.668306e-01, 2.312843e+00, 6.483634e-01, 2.009401e-10, 9.288922e-12, 1.182725e-10, 4.344879e-11, 4.194474e+01, 2.706030e+00
1.927000e+03, 4.244352e+00, 3.525536e-06, 1.210901e-01, 6.360333e-06, 1.963489e+00, 2.666613e-01, 2.310688e+00, 6.475717e-01, 2.122009e-10, 2.168713e-11, 1.304916e-10, 5.576731e-11, 4.207658e+01, 2.709684e+00
1.929900e+03, 4.287016e+00, 3.566679e-06, 1.224059e-01, 6.437928e-06, 1.959623e+00, 2.662662e-01, 2.308310e+00, 6.465555e-01, 2.240578e-10, 3.430585e-11, 1.431091e-10, 6.844611e-11, 4.221133e+01, 2.713312e+00
1.932800e+03, 4.330417e+00, 3.608687e-06, 1.237501e-01, 6.517157e-06, 1.955540e+00, 2.656411e-01, 2.305703e+00, 6.453083e-01, 2.360802e-10, 4.731216e-11, 1.560053e-10, 8.136600e-11, 4.234907e+01, 2.716911e+00
1.935700e+03, 4.374559e+00, 3.651566e-06, 1.251228e-01, 6.598044e-06, 1.951239e+00, 2.647790e-01, 2.302860e+00, 6.438258e-01, 2.483197e-10, 6.070828e-11, 1.692993e-10, 9.469249e-11, 4.248976e+01, 2.720482e+00
1.938600e+03, 4.419434e+00, 3.695333e-06, 1.265242e-01, 6.680601e-06, 1.946714e+00, 2.636728e-01, 2.299775e+00, 6.421003e-01, 2.611916e-10, 7.443666e-11, 1.829020e-10, 1.084510e-10, 4.263337e+01, 2.724023e+00
1.941500e+03, 4.465045e+00, 3.739988e-06, 1.279543e-01, 6.764831e-06, 1.941955e+00, 2.623165e-01, 2.296442e+00, 6.401242e-01, 2.741175e-10, 8.849073e-11, 1.969059e-10, 1.224237e-10, 4.278000e+01, 2.727532e+00
1.944400e+03, 4.511390e+00, 3.785528e-06, 1.294131e-01, 6.850746e-06, 1.936960e+00, 2.607041e-01, 2.292854e+00, 6.378935e-01, 2.874928e-10, 1.029190e-10, 2.112132e-10, 1.368809e-10, 4.292956e+01, 2.731011e+00
1.947300e+03, 4.558448e+00, 3.831951e-06, 1.309007e-01, 6.938344e-06, 1.931721e+00, 2.588288e-01, 2.289006e+00, 6.353994e-01, 3.010421e-10, 1.177204e-10, 2.259444e-10, 1.516694e-10, 4.308208e+01, 2.734457e+00
1.950200e+03, 4.606229e+00, 3.879266e-06, 1.324171e-01, 7.027623e-06, 1.926236e+00, 2.566837e-01, 2.284889e+00, 6.326358e-01, 3.151784e-10, 1.328806e-10, 2.410983e-10, 1.666901e-10, 4.323753e+01, 2.737870e+00
1.953100e+03, 4.654698e+00, 3.927462e-06, 1.339621e-01, 7.118590e-06, 1.920493e+00, 2.542625e-01, 2.280496e+00, 6.295985e-01, 3.294453e-10, 1.483850e-10, 2.561840e-10, 1.822633e-10, 4.339595e+01, 2.741247e+00
1.956000e+03, 4.703869e+00, 3.976539e-06, 1.355347e-01, 7.211234e-06, 1.914490e+00, 2.515587e-01, 2.275828e+00, 6.262774e-01, 3.440689e-10, 1.642691e-10, 2.722000e-10, 1.980882e-10, 4.355731e+01, 2.744590e+00
1.958900e+03, 4.753699e+00, 4.026489e-06, 1.371359e-01, 7.305533e-06, 1.908221e+00, 2.485655e-01, 2.270868e+00, 6.226680e-01, 3.590076e-10, 1.804767e-10, 2.883174e-10, 2.142804e-10, 4.372157e+01, 2.747897e+00
1.961800e+03, 4.804200e+00, 4.077293e-06, 1.387648e-01, 7.401483e-06, 1.901679e+00, 2.452770e-01, 2.265615e+00, 6.187635e-01, 3.744487e-10, 1.971037e-10, 3.048623e-10, 2.308616e-10, 4.388877e+01, 2.751168e+00
1.964700e+03, 4.855317e+00, 4.128954e-06, 1.404210e-01, 7.499073e-06, 1.894856e+00, 2.416856e-01, 2.260060e+00, 6.145570e-01, 3.899882e-10, 2.140735e-10, 3.215579e-10, 2.477460e-10, 4.405890e+01, 2.754400e+00
1.967600e+03, 4.907054e+00, 4.181457e-06, 1.421035e-01, 7.598257e-06, 1.887750e+00, 2.377849e-01, 2.254200e+00, 6.100427e-01, 4.060401e-10, 2.313436e-10, 3.387198e-10, 2.650265e-10, 4.423194e+01, 2.757595e+00
1.970500e+03, 4.959374e+00, 4.234769e-06, 1.438118e-01, 7.699014e-06, 1.880352e+00, 2.335695e-01, 2.248028e+00, 6.052136e-01, 4.223149e-10, 2.489961e-10, 3.563152e-10, 2.826451e-10, 4.440790e+01, 2.760752e+00
1.973400e+03, 5.012228e+00, 4.288878e-06, 1.455457e-01, 7.801311e-06, 1.872657e+00, 2.290325e-01, 2.241536e+00, 6.000635e-01, 4.389086e-10, 2.669937e-10, 3.742291e-10, 3.006476e-10, 4.458675e+01, 2.763869e+00
1.976300e+03, 5.065602e+00, 4.343763e-06, 1.473040e-01, 7.905096e-06, 1.864659e+00, 2.241675e-01, 2.234717e+00, 5.945853e-01, 4.559242e-10, 2.852989e-10, 3.926417e-10, 3.189092e-10, 4.476849e+01, 2.766946e+00
1.979200e+03, 5.119450e+00, 4.399379e-06, 1.490863e-01, 8.010323e-06, 1.856352e+00, 2.189690e-01, 2.227563e+00, 5.887744e-01, 4.730956e-10, 3.039470e-10, 4.109184e-10, 3.374834e-10, 4.495314e+01, 2.769982e+00
1.982100e+03, 5.173719e+00, 4.455710e-06, 1.508901e-01, 8.116932e-06, 1.847731e+00, 2.134308e-01, 2.220075e+00, 5.826250e-01, 4.906935e-10, 3.229181e-10, 4.296004e-10, 3.564049e-10, 4.514065e+01, 2.772978e+00
1.985000e+03, 5.228372e+00, 4.512716e-06, 1.527143e-01, 8.224864e-06, 1.838790e+00, 2.075468e-01, 2.212247e+00, 5.761309e-01, 5.084339e-10, 3.421587e-10, 4.489117e-10, 3.756565e-10, 4.533106e+01, 2.775931e+00
1.987900e+03, 5.283352e+00, 4.570348e-06, 1.545585e-01, 8.334033e-06, 1.829526e+00, 2.013122e-01, 2.204068e+00, 5.692859e-01, 5.266336e-10, 3.616926e-10, 4.684642e-10, 3.951696e-10, 4.552430e+01, 2.778843e+00
1.990800e+03, 5.338602e+00, 4.628563e-06, 1.564211e-01, 8.444363e-06, 1.819930e+00, 1.947217e-01, 2.195532e+00, 5.620855e-01, 5.448337e-10, 3.814984e-10, 4.880337e-10, 4.149419e-10, 4.572045e+01, 2.781713e+00
1.993700e+03, 5.394048e+00, 4.687309e-06, 1.582997e-01, 8.555753e-06, 1.810003e+00, 1.877704e-01, 2.186639e+00, 5.545247e-01, 5.634854e-10, 4.015385e-10, 5.078146e-10, 4.349715e-10, 4.591940e+01, 2.784539e+00
1.996600e+03, 5.449623e+00, 4.746533e-06, 1.601917e-01, 8.668107e-06, 1.799735e+00, 1.804538e-01, 2.177386e+00, 5.465990e-01, -1.478672e-07, 9.861085e-08, 9.871713e-08, 9.864419e-08, 4.612121e+01, 2.787321e+00
1.999500e+03, 1.816441e-01, 8.730120e-07, 2.944394e-02, 1.595071e-06, -1.789126e+00, -1.616358e+00, 3.786377e-01, -1.250820e+00, -6.012064e-10, -1.589291e-10, -5.272908e-11, -1.255551e-10, 4.632587e+01, -3.515317e-01
2.002400e+03, 1.798279e-01, 8.750653e-07, 2.949365e-02, 1.599606e-06, -1.778171e+00, -1.613462e+00, 3.795985e-01, -1.248532e+00, -6.203146e-10, -1.574195e-10, -5.144769e-11, -1.241488e-10, 4.653334e+01, -3.488376e-01
2.005300e+03, 1.780506e-01, 8.771435e-07, 2.954433e-02, 1.604185e-06, -1.766868e+00, -1.610594e+00, 3.805359e-01, -1.246270e+00, -6.395661e-10, -1.559000e-10, -5.006477e-11, -1.225385e-10, 4.674364e+01, -3.461869e-01
2.008200e+03, 1.763148e-01, 8.792454e-07, 2.959586e-02, 1.608816e-06, -1.755215e+00, -1.607753e+00, 3.814482e-01, -1.244037e+00, -6.588689e-10, -1.543740e-10, -4.861577e-11, -1.212151e-10, 4.695674e+01, -3.435818e-01
2.011100e+03, 1.746210e-01, 8.813707e-07, 2.964832e-02, 1.613481e-06, -1.743209e+00, -1.604940e+00, 3.823340e-01, -1.241829e+00, -6.783532e-10, -1.528479e-10, -4.730809e-11, -1.195795e-10, 4.717265e+01, -3.410204e-01
2.014000e+03, 1.729728e-01, 8.835194e-07, 2.970152e-02, 1.618196e-06, -1.730849e+00, -1.602155e+00, 3.831960e-01, -1.239650e+00, -6.977022e-10, -1.513034e-10, -4.586570e-11, -1.181539e-10, 4.739136e+01, -3.385065e-01
2.016900e+03, 1.713698e-01, 8.856912e-07, 2.975565e-02, 1.622954e-06, -1.718136e+00, -1.599398e+00, 3.840317e-01, -1.237497e+00, -7.171692e-10, -1.497642e-10, -4.439450e-11, -1.166048e-10, 4.761286e+01, -3.360365e-01
2.019800e+03, 1.698155e-01, 8.878852e-07, 2.981049e-02, 1.627753e-06, -1.705068e+00, -1.596669e+00, 3.848407e-01, -1.235372e+00, -7.364583e-10, -1.482141e-10, -4.313058e-11, -1.150132e-10, 4.783715e+01, -3.336142e-01
2.022700e+03, 1.683096e-01, 8.901010e-07, 2.986629e-02, 1.632603e-06, -1.691649e+00, -1.593968e+00, 3.856266e-01, -1.233277e+00, -7.556922e-10, -1.466596e-10, -4.149818e-11, -1.136172e-10, 4.806422e+01, -3.312358e-01
2.025600e+03, 1.668557e-01, 8.923385e-07, 2.992276e-02, 1.637485e-06, -1.677879e+00, -1.591296e+00, 3.863827e-01, -1.231206e+00, -7.747887e-10, -1.451121e-10, -4.038080e-11, -1.120038e-10, 4.829406e+01, -3.289053e-01
2.028500e+03, 1.654555e-01, 8.945966e-07, 2.998000e-02, 1.642416e-06, -1.663762e+00, -1.588652e+00, 3.871185e-01, -1.229165e+00, -7.935404e-10, -1.435623e-10, -3.885935e-11, -1.105883e-10, 4.852667e+01, -3.266226e-01
2.031400e+03, 1.641085e-01, 8.968761e-07, 3.003803e-02, 1.647378e-06, -1.649303e+00, -1.586036e+00, 3.878266e-01, -1.227150e+00, -8.120769e-10, -1.420027e-10, -3.734366e-11, -1.089548e-10, 4.876204e+01, -3.243841e-01
2.034300e+03, 1.628183e-01, 8.991770e-07, 3.009685e-02, 1.652389e-06, -1.634505e+00, -1.583449e+00, 3.885070e-01, -1.225165e+00, -8.302898e-10, -1.404522e-10, -3.597202e-11, -1.075212e-10, 4.900017e+01, -3.221936e-01
2.037200e+03, 1.615866e-01, 9.014969e-07, 3.015627e-02, 1.657431e-06, -1.619377e+00, -1.580889e+00, 3.891625e-01, -1.223206e+00, -8.480528e-10, -1.388967e-10, -3.456729e-11, -1.059003e-10, 4.924104e+01, -3.200511e-01
2.040100e+03, 1.604140e-01, 9.038378e-07, 3.021661e-02, 1.662521e-06, -1.603924e+00, -1.578359e+00, 3.897923e-01, -1.221276e+00, -8.653572e-10, -1.373434e-10, -3.320716e-11, -1.044810e-10, 4.948467e+01, -3.179548e-01
2.043000e+03, 1.593020e-01, 9.061976e-07, 3.027755e-02, 1.667640e-06, -1.588156e+00, -1.575856e+00, 3.903974e-01, -1.219373e+00, -8.821279e-10, -1.357934e-10, -3.195157e-11, -1.029561e-10, 4.973104e+01, -3.159047e-01
2.045900e+03, 1.582531e-01, 9.085760e-07, 3.033921e-02, 1.672799e-06, -1.572083e+00, -1.573382e+00, 3.909796e-01, -1.217497e+00, -8.982826e-10, -1.342451e-10, -3.036761e-11, -1.012941e-10, 4.998014e+01, -3.139028e-01
2.048800e+03, 1.572689e-01, 9.109740e-07, 3.040153e-02, 1.678004e-06, -1.555715e+00, -1.570936e+00, 3.915329e-01, -1.215651e+00, -9.137628e-10, -1.326998e-10, -2.895792e-11, -9.986711e-11, 5.023199e+01, -3.119492e-01
2.051700e+03, 1.563497e-01, 9.133904e-07, 3.046454e-02, 1.683239e-06, -1.539065e+00, -1.568518e+00, 3.920606e-01, -1.213831e+00, -9.285027e-10, -1.311581e-10, -2.772111e-11, -9.844873e-11, 5.048657e+01, -3.100418e-01
2.054600e+03, 1.554980e-01, 9.158250e-07, 3.052827e-02, 1.688501e-06, -1.522146e+00, -1.566128e+00, 3.925657e-01, -1.212037e+00, -9.424245e-10, -1.296203e-10, -2.622734e-11, -9.681034e-11, 5.074388e+01, -3.081828e-01
2.057500e+03, 1.547150e-01, 9.182777e-07, 3.059255e-02, 1.693811e-06, -1.504974e+00, -1.563766e+00, 3.930436e-01, -1.210273e+00, -9.554693e-10, -1.280879e-10, -2.483825e-11, -9.537835e-11, 5.100392e+01, -3.063721e-01
2.060400e+03, 1.540011e-01, 9.207474e-07, 3.065753e-02, 1.699148e-06, -1.487565e+00, -1.561432e+00, 3.934962e-01, -1.208535e+00, -9.675894e-10, -1.265619e-10, -2.352488e-11, -9.387094e-11, 5.126668e+01, -3.046078e-01
2.063300e+03, 1.533584e-01, 9.232349e-07, 3.072309e-02, 1.704523e-06, -1.469934e+00, -1.559126e+00, 3.939248e-01, -1.206825e+00, -9.786940e-10, -1.250317e-10, -2.215006e-11, -9.231197e-11, 5.153217e+01, -3.028920e-01
2.066200e+03, 1.527880e-01, 9.257391e-07, 3.078933e-02, 1.709933e-06, -1.452101e+00, -1.556848e+00, 3.943284e-01, -1.205143e+00, -9.887738e-10, -1.235223e-10, -2.085103e-11, -9.093679e-11, 5.180039e+01, -3.012246e-01
2.069100e+03, 1.522900e-01, 9.282608e-07, 3.085617e-02, 1.715371e-06, -1.434084e+00, -1.554597e+00, 3.947084e-01, -1.203486e+00, -9.977258e-10, -1.220092e-10, -1.955923e-11, -8.939605e-11, 5.207133e+01, -2.996037e-01
2.072000e+03, 1.518661e-01, 9.307979e-07, 3.092359e-02, 1.720845e-06, -1.415904e+00, -1.552374e+00, 3.950647e-01, -1.201857e+00, -1.005564e-09, -1.205018e-10, -1.811133e-11, -8.797978e-11, 5.234501e+01, -2.980314e-01
2.074900e+03, 1.515163e-01, 9.333514e-07, 3.099157e-02, 1.726345e-06, -1.397582e+00, -1.550178e+00, 3.953948e-01, -1.200254e+00, -1.012171e-09, -1.190070e-10, -1.676691e-11, -8.637230e-11, 5.262140e+01, -2.965057e-01
2.077800e+03, 1.512423e-01, 9.359210e-07, 3.106022e-02, 1.731891e-06, -1.379139e+00, -1.548010e+00, 3.957003e-01, -1.198680e+00, -1.017522e-09, -1.175144e-10, -1.556630e-11, -8.506080e-11, 5.290053e+01, -2.950286e-01
2.080700e+03, 1.510446e-01, 9.385056e-07, 3.112937e-02, 1.737452e-06, -1.360598e+00, -1.545868e+00, 3.959839e-01, -1.197130e+00, -1.021624e-09, -1.160275e-10, -1.414276e-11, -8.358750e-11, 5.318239e+01, -2.936001e-01
2.083600e+03, 1.509236e-01, 9.411061e-07, 3.119906e-02, 1.743049e-06, -1.341983e+00, -1.543754e+00, 3.962416e-01, -1.195607e+00, -1.024544e-09, -1.145551e-10, -1.288989e-11, -8.206511e-11, 5.346697e+01, -2.922202e-01
2.086500e+03, 1.508789e-01, 9.437214e-07, 3.126934e-02, 1.748681e-06, -1.323314e+00, -1.541667e+00, 3.964765e-01, -1.194112e+00, -1.026163e-09, -1.130900e-10, -1.148321e-11, -8.069728e-11, 5.375429e+01, -2.908872e-01
2.089400e+03, 1.509106e-01, 9.463513e-07, 3.134017e-02, 1.754339e-06, -1.304617e+00, -1.539606e+00, 3.966857e-01, -1.192641e+00, -1.026443e-09, -1.116267e-10, -1.031412e-11, -7.919482e-11, 5.404435e+01, -2.896009e-01
2.092300e+03, 1.510199e-01, 9.489957e-07, 3.141149e-02, 1.760030e-06, -1.285913e+00, -1.537572e+00, 3.968737e-01, -1.191198e+00, -1.025396e-09, -1.101766e-10, -9.152493e-12, -7.781803e-11, 5.433716e+01, -2.883634e-01
2.095200e+03, 1.512067e-01, 9.516546e-07, 3.148330e-02, 1.765746e-06, -1.267229e+00, -1.535565e+00, 3.970404e-01, -1.189780e+00, -1.023182e-09, -1.087284e-10, -7.703438e-12, -7.636461e-11, 5.463271e+01, -2.871747e-01
2.098100e+03, 1.514700e-01, 9.543277e-07, 3.155575e-02, 1.771497e-06, -1.248586e+00, -1.533584e+00, 3.971808e-01, -1.188389e+00, -1.019600e-09, -1.072959e-10, -6.465290e-12, -7.497938e-11, 5.493101e+01, -2.860329e-01
2.101000e+03, 1.518104e-01, 9.570140e-07, 3.162856e-02, 1.777272e-06, -1.230007e+00, -1.531628e+00, 3.972986e-01, -1.187023e+00, -1.014904e-09, -1.058690e-10, -5.261081e-12, -7.363324e-11, 5.523206e+01, -2.849401e-01
2.103900e+03, 1.522267e-01, 9.597143e-07, 3.170195e-02, 1.783071e-06, -1.211515e+00, -1.529699e+00, 3.973945e-01, -1.185681e+00, -1.008917e-09, -1.044500e-10, -4.131780e-12, -7.218171e-11, 5.553588e+01, -2.838942e-01
2.106800e+03, 1.527194e-01, 9.624286e-07, 3.177584e-02, 1.788903e-06, -1.193131e+00, -1.527796e+00, 3.974697e-01, -1.184366e+00, -1.001862e-09, -1.030413e-10, -2.625694e-12, -7.082772e-11, 5.584247e+01, -2.828974e-01
2.109700e+03, 1.532870e-01, 9.651558e-07, 3.185023e-02, 1.794759e-06, -1.174876e+00, -1.525919e+00, 3.975176e-01, -1.183075e+00, -9.937280e-10, -1.016409e-10, -1.580117e-12, -6.948429e-11, 5.615183e+01, -2.819477e-01
2.112600e+03, 1.539287e-01, 9.678956e-07, 3.192501e-02, 1.800639e-06, -1.156769e+00, -1.524067e+00, 3.975464e-01, -1.181809e+00, -9.843818e-10, -1.002486e-10, -4.754135e-13, -6.806390e-11, 5.646398e+01, -2.810451e-01
2.115500e+03, 1.546449e-01, 9.706480e-07, 3.200029e-02, 1.806552e-06, -1.138832e+00, -1.522240e+00, 3.975550e-01, -1.180569e+00, -9.741636e-10, -9.886181e-11, 8.455284e-13, -6.674135e-11, 5.677892e+01, -2.801917e-01
2.118400e+03, 1.554336e-01, 9.734140e-07, 3.207611e-02, 1.812488e-06, -1.121082e+00, -1.520439e+00, 3.975396e-01, -1.179353e+00, -9.628345e-10, -9.749449e-11, 2.024928e-12, -6.542929e-11, 5.709666e+01, -2.793855e-01
2.121300e+03, 1.562948e-01, 9.761913e-07, 3.215230e-02, 1.818447e-06, -1.103538e+00, -1.518662e+00, 3.975027e-01, -1.178161e+00, -9.507933e-10, -9.611849e-11, 3.104796e-12, -6.401228e-11, 5.741720e+01, -2.786286e-01
2.124200e+03, 1.572266e-01, 9.789820e-07, 3.222897e-02, 1.824438e-06, -1.086213e+00, -1.516911e+00, 3.974462e-01, -1.176994e+00, -9.379529e-10, -9.477358e-11, 4.490118e-12, -6.269358e-11, 5.774056e+01, -2.779191e-01
2.127100e+03, 1.582280e-01, 9.817838e-07, 3.230605e-02, 1.830452e-06, -1.069122e+00, -1.515184e+00, 3.973643e-01, -1.175852e+00, -9.243165e-10, -9.341734e-11, 5.330985e-12, -6.141319e-11, 5.806675e+01, -2.772571e-01
2.130000e+03, 1.592978e-01, 9.845977e-07, 3.238358e-02, 1.836488e-06, -1.052280e+00, -1.513482e+00, 3.972672e-01, -1.174733e+00, -9.098661e-10, -9.208063e-11, 6.698724e-12, -6.014320e-11, 5.839578e+01, -2.766426e-01
2.132900e+03, 1.604357e-01, 9.874237e-07, 3.246151e-02, 1.842547e-06, -1.035701e+00, -1.511804e+00, 3.971452e-01, -1.173637e+00, -8.949196e-10, -9.075230e-11, 7.745298e-12, -5.885620e-11, 5.872766e+01, -2.760776e-01
2.135800e+03, 1.616394e-01, 9.902615e-07, 3.253994e-02, 1.848629e-06, -1.019395e+00, -1.510150e+00, 3.970040e-01, -1.172565e+00, -8.794638e-10, -8.943027e-11, 9.029293e-12, -5.746480e-11, 5.906238e+01, -2.755603e-01
2.138700e+03, 1.629078e-01, 9.931101e-07, 3.261869e-02, 1.854741e-06, -1.003370e+00, -1.508521e+00, 3.968395e-01, -1.171517e+00, -8.633208e-10, -8.811340e-11, 9.904154e-12, -5.622638e-11, 5.939999e+01, -2.750907e-01
2.141600e+03, 1.642403e-01, 9.959705e-07, 3.269797e-02, 1.860876e-06, -9.876391e-01, -1.506915e+00, 3.966590e-01, -1.170493e+00, -8.471044e-10, -8.681407e-11, 1.117087e-11, -5.494411e-11, 5.974047e+01, -2.746709e-01
2.144500e+03, 1.656338e-01, 9.988415e-07, 3.277758e-02, 1.867032e-06, -9.722038e-01, -1.505333e+00, 3.964555e-01, -1.169492e+00, -8.302226e-10, -8.551424e-11, 1.233843e-11, -5.369961e-11, 6.008384e+01, -2.742970e-01
2.147400e+03, 1.670889e-01, 1.001724e-06, 3.285763e-02, 1.873209e-06, -9.570761e-01, -1.503775e+00, 3.962307e-01, -1.168513e+00, -8.131533e-10, -8.421539e-11, 1.321470e-11, -5.246559e-11, 6.043014e+01, -2.739731e-01
2.150300e+03, 1.686029e-01, 1.004620e-06, 3.293800e-02, 1.879408e-06, -9.422595e-01, -1.502241e+00, 3.959899e-01, -1.167557e+00, -7.957108e-10, -8.295670e-11, 1.436572e-11, -5.112754e-11, 6.077934e+01, -2.736972e-01
2.153200e+03, 1.701756e-01, 1.007522e-06, 3.301882e-02, 1.885638e-06, -9.277606e-01, -1.500729e+00, 3.957281e-01, -1.166626e+00, -7.784218e-10, -8.167724e-11, 1.544384e-11, -4.988793e-11, 6.113149e+01, -2.734715e-01
2.156100e+03, 1.718038e-01, 1.010436e-06, 3.310001e-02, 1.891889e-06, -9.135768e-01, -1.499241e+00, 3.954467e-01, -1.165717e+00, -7.606179e-10, -8.041709e-11, 1.657720e-11, -4.879970e-11, 6.148658e+01, -2.732921e-01
2.159000e+03, 1.734876e-01, 1.013360e-06, 3.318165e-02, 1.898151e-06, -8.997174e-01, -1.497775e+00, 3.951447e-01, -1.164828e+00, -7.429533e-10, -7.915458e-11, 1.757462e-11, -4.746680e-11, 6.184462e+01, -2.731630e-01
2.161900e+03, 1.752249e-01, 1.016296e-06, 3.326356e-02, 1.904444e-06, -8.861799e-01, -1.496333e+00, 3.948244e-01, -1.163963e+00, -7.250781e-10, -7.790593e-11, 1.869077e-11, -4.625875e-11, 6.220565e+01, -2.730824e-01
2.164800e+03, 1.770152e-01, 1.019243e-06, 3.334593e-02, 1.910757e-06, -8.729681e-01, -1.494914e+00, 3.944839e-01, -1.163120e+00, -7.073961e-10, -7.666038e-11, 1.952023e-11, -4.494746e-11, 6.256968e+01, -2.730524e-01
2.167700e+03, 1.788549e-01, 1.022201e-06, 3.342862e-02, 1.917100e-06, -8.600784e-01, -1.493517e+00, 3.941282e-01, -1.162301e+00, -6.896223e-10, -7.546538e-11, 2.077113e-11, -4.384801e-11, 6.293663e+01, -2.730690e-01
2.170600e+03, 1.807449e-01, 1.025159e-06, 3.351172e-02, 1.923454e-06, -8.475127e-01, -1.492142e+00, 3.937497e-01, -1.161502e+00, -6.721462e-10, -7.419533e-11, 2.158498e-11, -4.269750e-11, 6.330665e+01, -2.731364e-01
2.173500e+03, 1.826833e-01, 1.028139e-06, 3.359513e-02, 1.929828e-06, -8.352653e-01, -1.490790e+00, 3.933564e-01, -1.160724e+00, -6.543793e-10, -7.297520e-11, 2.275565e-11, -4.139184e-11, 6.367977e+01, -2.732528e-01
2.176400e+03, 1.846687e-01, 1.031129e-06, 3.367888e-02, 1.936232e-06, -8.233417e-01, -1.489460e+00, 3.929418e-01, -1.159970e+00, -6.369844e-10, -7.179676e-11, 2.376676e-11, -4.034917e-11, 6.405588e+01, -2.734202e-01
2.179300e+03, 1.866992e-01, 1.034120e-06, 3.376300e-02, 1.942647e-06, -8.117351e-01, -1.488152e+00, 3.925087e-01, -1.159234e+00, -6.199935e-10, -7.059470e-11, 2.461972e-11, -3.903890e-11, 6.443503e+01, -2.736368e-01
2.182200e+03, 1.887743e-01, 1.037121e-06, 3.384752e-02, 1.949090e-06, -8.004380e-01, -1.486866e+00, 3.920601e-01, -1.158523e+00, -6.027993e-10, -6.934560e-11, 2.576440e-11, -3.790393e-11, 6.481736e+01, -2.739027e-01
2.185100e+03, 1.908928e-01, 1.040142e-06, 3.393237e-02, 1.955553e-06, -7.894543e-01, -1.485602e+00, 3.915906e-01, -1.157832e+00, -5.858440e-10, -6.818900e-11, 2.653997e-11, -3.675342e-11, 6.520277e+01, -2.742201e-01
2.188000e+03, 1.930522e-01, 1.043164e-06, 3.401755e-02, 1.962036e-06, -7.787795e-01, -1.484359e+00, 3.911070e-01, -1.157163e+00, -5.693432e-10, -6.700698e-11, 2.766788e-11, -3.558768e-11, 6.559116e+01, -2.745870e-01
2.190900e+03, 1.952533e-01, 1.046197e-06, 3.410305e-02, 1.968537e-06, -7.684053e-01, -1.483139e+00, 3.906029e-01, -1.156514e+00, -5.529170e-10, -6.581771e-11, 2.863805e-11, -3.445787e-11, 6.598283e+01, -2.750058e-01
2.193800e+03, 1.974930e-01, 1.049239e-06, 3.418893e-02, 1.975059e-06, -7.583305e-01, -1.481939e+00, 3.900811e-01, -1.155886e+00, -5.367683e-10, -6.464213e-11, 2.953919e-11, -3.333821e-11, 6.637753e+01, -2.754743e-01
2.196700e+03, 1.997717e-01, 1.052292e-06, 3.427510e-02, 1.981599e-06, -7.485499e-01, -1.480761e+00, 3.895428e-01, -1.155279e+00, -5.211110e-10, -6.346462e-11, 3.043284e-11, -3.206658e-11, 6.677543e+01, -2.759949e-01
2.199600e+03, 2.020875e-01, 1.055355e-06, 3.436154e-02, 1.988167e-06, -7.390546e-01, -1.479605e+00, 3.889883e-01, -1.154695e+00, -5.051723e-10, -6.229561e-11, 3.158713e-11, -3.107920e-11, 6.717656e+01, -2.765658e-01
2.202500e+03, 2.044401e-01, 1.058428e-06, 3.444842e-02, 1.994745e-06, -7.298498e-01, -1.478470e+00, 3.884128e-01, -1.154128e+00, -4.901274e-10, -6.118332e-11, 3.231713e-11, -2.982872e-11, 6.758080e+01, -2.771910e-01
2.205400e+03, 2.068279e-01, 1.061501e-06, 3.453562e-02, 2.001351e-06, -7.209190e-01, -1.477355e+00, 3.878239e-01, -1.153585e+00, -4.750219e-10, -5.999881e-11, 3.333427e-11, -2.883611e-11, 6.798832e+01, -2.778668e-01
2.208300e+03, 2.092499e-01, 1.064593e-06, 3.462306e-02, 2.007966e-06, -7.122636e-01, -1.476262e+00, 3.872165e-01, -1.153059e+00, -4.606083e-10, -5.886829e-11, 3.425618e-11, -2.760670e-11, 6.839902e+01, -2.785954e-01
2.211200e+03, 2.117053e-01, 1.067686e-06, 3.471089e-02, 2.014609e-06, -7.038707e-01, -1.475189e+00, 3.865923e-01, -1.152556e+00, -4.457879e-10, -5.766405e-11, 3.525675e-11, -2.652350e-11, 6.881306e+01, -2.793748e-01
2.214100e+03, 2.141929e-01, 1.070798e-06, 3.479897e-02, 2.021270e-06, -6.957479e-01, -1.474138e+00, 3.859499e-01, -1.152073e+00, -4.318277e-10, -5.656686e-11, 3.610321e-11, -2.540082e-11, 6.923019e+01, -2.802093e-01
2.217000e+03, 2.167128e-01, 1.073910e-06, 3.488734e-02, 2.027949e-06, -6.878795e-01, -1.473108e+00, 3.852920e-01, -1.151610e+00, -4.180293e-10, -5.542908e-11, 3.700125e-11, -2.431317e-11, 6.965071e+01, -2.810972e-01
2.219900e+03, 2.192633e-01, 1.077032e-06, 3.497609e-02, 2.034646e-06, -6.802625e-01, -1.472098e+00, 3.846178e-01, -1.151167e+00, -4.042118e-10, -5.429975e-11, 3.783264e-11, -2.323558e-11, 7.007451e+01, -2.820386e-01
2.222800e+03, 2.218436e-01, 1.080163e-06, 3.506513e-02, 2.041361e-06, -6.728972e-01, -1.471108e+00, 3.839285e-01, -1.150744e+00, -3.910772e-10, -5.317883e-11, 3.880158e-11, -2.211906e-11, 7.050147e+01, -2.830356e-01
2.225700e+03, 2.244531e-01, 1.083303e-06, 3.515443e-02, 2.048093e-06, -6.657713e-01, -1.470139e+00, 3.832215e-01, -1.150341e+00, -3.784144e-10, -5.201604e-11, 3.982045e-11, -2.095261e-11, 7.093176e+01, -2.840865e-01
2.228600e+03, 2.270916e-01, 1.086453e-06, 3.524408e-02, 2.054852e-06, -6.588761e-01, -1.469192e+00, 3.824959e-01, -1.149959e+00, -3.654383e-10, -5.091214e-11, 4.062839e-11, -1.996590e-11, 7.136556e+01, -2.851916e-01
2.231500e+03, 2.297569e-01, 1.089612e-06, 3.533403e-02, 2.061619e-06, -6.522174e-01, -1.468264e+00, 3.817556e-01, -1.149595e+00, -3.530843e-10, -4.981656e-11, 4.157299e-11, -1.877152e-11, 7.180245e+01, -2.863529e-01
2.234400e+03, 2.324498e-01, 1.092781e-06, 3.542423e-02, 2.068412e-06, -6.457838e-01, -1.467356e+00, 3.809981e-01, -1.149253e+00, -3.412336e-10, -4.868180e-11, 4.236601e-11, -1.769645e-11, 7.224275e+01, -2.875709e-01
2.237300e+03, 2.351690e-01, 1.095949e-06, 3.551474e-02, 2.075222e-06, -6.395661e-01, -1.466469e+00, 3.802261e-01, -1.148931e+00, -3.293676e-10, -4.755145e-11, 4.329511e-11, -1.663150e-11, 7.268649e+01, -2.888437e-01
2.240200e+03, 2.379137e-01, 1.099136e-06, 3.560550e-02, 2.082049e-06, -6.335646e-01, -1.465603e+00, 3.794372e-01, -1.148628e+00, -3.176313e-10, -4.648435e-11, 4.413017e-11, -1.557658e-11, 7.313353e+01, -2.901735e-01
2.243100e+03, 2.406840e-01, 1.102322e-06, 3.569667e-02, 2.088893e-06, -6.277769e-01, -1.464756e+00, 3.786331e-01, -1.148344e+00, -3.065737e-10, -4.537368e-11, 4.512934e-11, -1.448387e-11, 7.358390e+01, -2.915626e-01
2.246000e+03, 2.434779e-01, 1.105517e-06, 3.578797e-02, 2.095752e-06, -6.221908e-01, -1.463929e+00, 3.778108e-01, -1.148080e+00, -2.955796e-10, -4.416912e-11, 4.594857e-11, -1.334198e-11, 7.403764e+01, -2.930071e-01
2.248900e+03, 2.462970e-01, 1.108731e-06, 3.587966e-02, 2.102638e-06, -6.168050e-01, -1.463124e+00, 3.769736e-01, -1.147837e+00, -2.846257e-10, -4.312871e-11, 4.678986e-11, -1.235330e-11, 7.449489e+01, -2.945116e-01
2.251800e+03, 2.491390e-01, 1.111944e-06, 3.597154e-02, 2.109531e-06, -6.116187e-01, -1.462338e+00, 3.761210e-01, -1.147612e+00, -2.742760e-10, -4.204380e-11, 4.773561e-11, -1.120837e-11, 7.495539e+01, -2.960761e-01
2.254700e+03, 2.520038e-01, 1.115165e-06, 3.606378e-02, 2.116448e-06, -6.066211e-01, -1.461572e+00, 3.752512e-01, -1.147407e+00, -2.639101e-10, -4.086974e-11, 4.856170e-11, -1.013333e-11, 7.541931e+01, -2.976988e-01
2.257600e+03, 2.548905e-01, 1.118396e-06, 3.615620e-02, 2.123382e-06, -6.018123e-01, -1.460827e+00, 3.743663e-01, -1.147223e+00, -2.539515e-10, -3.980216e-11, 4.943602e-11, -9.092058e-12, 7.588650e+01, -2.993821e-01
2.260500e+03, 2.577995e-01, 1.121635e-06, 3.624889e-02, 2.130331e-06, -5.971850e-01, -1.460102e+00, 3.734656e-01, -1.147057e+00, -2.442670e-10, -3.874865e-11, 5.035753e-11, -7.908313e-12, 7.635715e+01, -3.011263e-01
2.263400e+03, 2.607303e-01, 1.124873e-06, 3.634195e-02, 2.137304e-06, -5.927342e-01, -1.459396e+00, 3.725480e-01, -1.146913e+00, -2.346190e-10, -3.759554e-11, 5.116110e-11, -6.946446e-12, 7.683127e+01, -3.029316e-01
2.266300e+03, 2.636809e-01, 1.128129e-06, 3.643520e-02, 2.144284e-06, -5.884591e-01, -1.458711e+00, 3.716158e-01, -1.146786e+00, -2.252993e-10, -3.645694e-11, 5.201220e-11, -5.807171e-12, 7.730856e+01, -3.047983e-01
2.269200e+03, 2.666531e-01, 1.131394e-06, 3.652873e-02, 2.151288e-06, -5.843539e-01, -1.458047e+00, 3.706680e-01, -1.146681e+00, -2.161264e-10, -3.543015e-11, 5.294120e-11, -4.737100e-12, 7.778935e+01, -3.067287e-01
2.272100e+03, 2.696456e-01, 1.134657e-06, 3.662241e-02, 2.158306e-06, -5.804158e-01, -1.457401e+00, 3.697034e-01, -1.146594e+00, -2.072699e-10, -3.420677e-11, 5.383080e-11, -3.677338e-12, 7.827349e+01, -3.087232e-01
2.275000e+03, 2.726566e-01, 1.137939e-06, 3.671647e-02, 2.165339e-06, -5.766391e-01, -1.456778e+00, 3.687225e-01, -1.146527e+00, -1.986058e-10, -3.319788e-11, 5.474391e-11, -2.523788e-12, 7.876085e+01, -3.107799e-01
2.277900e+03, 2.756873e-01, 1.141219e-06, 3.681068e-02, 2.172396e-06, -5.730202e-01, -1.456173e+00, 3.677250e-01, -1.146481e+00, -1.900195e-10, -3.209504e-11, 5.556387e-11, -1.565763e-12, 7.925158e+01, -3.129012e-01
2.280800e+03, 2.787377e-01, 1.144507e-06, 3.690519e-02, 2.179458e-06, -5.695578e-01, -1.455588e+00, 3.667126e-01, -1.146453e+00, -1.816299e-10, -3.095351e-11, 5.632326e-11, -4.103251e-13, 7.974570e+01, -3.150895e-01
2.283700e+03, 2.818053e-01, 1.147804e-06, 3.699989e-02, 2.186543e-06, -5.662483e-01, -1.455024e+00, 3.656863e-01, -1.146445e+00, -1.735235e-10, -2.982114e-11, 5.726698e-11, 6.765251e-13, 8.024288e+01, -3.173429e-01
2.286600e+03, 2.848920e-01, 1.151108e-06, 3.709484e-02, 2.193641e-06, -5.630865e-01, -1.454481e+00, 3.646428e-01, -1.146458e+00, -1.657054e-10, -2.874510e-11, 5.820234e-11, 1.730120e-12, 8.074345e+01, -3.196639e-01
2.289500e+03, 2.879962e-01, 1.154421e-06, 3.719006e-02, 2.200754e-06, -5.600671e-01, -1.453957e+00, 3.635823e-01, -1.146489e+00, -1.577893e-10, -2.763903e-11, 5.907718e-11, 2.875822e-12, 8.124727e+01, -3.220508e-01
2.292400e+03, 2.911186e-01, 1.157731e-06, 3.728544e-02, 2.207889e-06, -5.571920e-01, -1.453453e+00, 3.625058e-01, -1.146542e+00, -1.501577e-10, -2.647839e-11, 5.999651e-11, 3.976132e-12, 8.175432e+01, -3.245079e-01
2.295300e+03, 2.942576e-01, 1.161060e-06, 3.738108e-02, 2.215036e-06, -5.544560e-01, -1.452971e+00, 3.614126e-01, -1.146614e+00, -1.428407e-10, -2.539093e-11, 5.353445e-08, 4.919114e-12, 8.226443e+01, -3.270335e-01
2.298200e+03, 2.974138e-01, 1.164387e-06, 4.835215e-02, 2.222188e-06, -5.518532e-01, -1.452508e+00, -6.140512e-01, -1.146704e+00, -1.353845e-10, -2.430390e-11, 2.187869e-11, 6.224128e-12, 8.277778e+01, -3.296280e-01
2.301100e+03, 3.005856e-01, 1.167721e-06, 4.848874e-02, 2.229370e-06, -5.493864e-01, -1.452065e+00, -6.144499e-01, -1.146817e+00, -1.283297e-10, -2.313260e-11, 2.278083e-11, 7.168832e-12, 8.329402e+01, -3.322935e-01
2.304000e+03, 3.037747e-01, 1.171063e-06, 4.862562e-02, 2.236556e-06, -5.470480e-01, -1.451644e+00, -6.148650e-01, -1.146948e+00, -1.211358e-10, -2.201726e-11, 2.376689e-11, 8.271874e-12, 8.381347e+01, -3.350306e-01
2.306900e+03, 3.069796e-01, 1.174413e-06, 4.876283e-02, 2.243754e-06, -5.448408e-01, -1.451243e+00, -6.152980e-01, -1.147098e+00, -1.145415e-10, -2.086473e-11, 2.474415e-11, 9.442178e-12, 8.433576e+01, -3.378416e-01
2.309800e+03, 3.101999e-01, 1.177770e-06, 4.890039e-02, 2.250973e-06, -5.427537e-01, -1.450863e+00, -6.157489e-01, -1.147271e+00, -1.075035e-10, -1.972164e-11, 2.577736e-11, 1.054547e-11, 8.486110e+01, -3.407227e-01
2.312700e+03, 3.134353e-01, 1.181135e-06, 4.903821e-02, 2.258204e-06, -5.407949e-01, -1.450503e+00, -6.162186e-01, -1.147463e+00, -1.011417e-10, -1.864367e-11, 2.658134e-11, 1.161595e-11, 8.538907e+01, -3.436802e-01
2.315600e+03, 3.166862e-01, 1.184498e-06, 4.917640e-02, 2.265446e-06, -5.389519e-01, -1.450164e+00, -6.167029e-01, -1.147674e+00, -9.448924e-11, -1.751922e-11, 2.766196e-11, 1.284118e-11, 8.592003e+01, -3.467107e-01
2.318500e+03, 3.199518e-01, 1.187868e-06, 4.931477e-02, 2.272709e-06, -5.372302e-01, -1.449844e+00, -6.172070e-01, -1.147908e+00, -8.817187e-11, -1.631252e-11, 2.854038e-11, 1.381300e-11, 8.645358e+01, -3.498183e-01
2.321400e+03, 3.232314e-01, 1.191246e-06, 4.945357e-02, 2.279973e-06, -5.356236e-01, -1.449547e+00, -6.177270e-01, -1.148160e+00, -8.197470e-11, -1.516137e-11, 2.960312e-11, 1.503789e-11, 8.698970e+01, -3.530012e-01
2.324300e+03, 3.265262e-01, 1.194631e-06, 4.959255e-02, 2.287257e-06, -5.341299e-01, -1.449271e+00, -6.182664e-01, -1.148434e+00, -7.578310e-11, -1.407534e-11, 3.059261e-11, 1.605478e-11, 8.752854e+01, -3.562622e-01
2.327200e+03, 3.298344e-01, 1.198013e-06, 4.973180e-02, 2.294542e-06, -5.327491e-01, -1.449014e+00, -6.188238e-01, -1.148727e+00, -6.976700e-11, -1.289763e-11, 3.141984e-11, 1.725719e-11, 8.806970e+01, -3.596012e-01
2.330100e+03, 3.331558e-01, 1.201402e-06, 4.987135e-02, 2.301847e-06, -5.314778e-01, -1.448779e+00, -6.193964e-01, -1.149041e+00, -6.392098e-11, -1.172964e-11, 3.254574e-11, 1.839391e-11, 8.861314e+01, -3.630185e-01
2.333000e+03, 3.364904e-01, 1.204799e-06, 5.001114e-02, 2.309161e-06, -5.303131e-01, -1.448566e+00, -6.199894e-01, -1.149376e+00, -5.810036e-11, -1.052620e-11, 3.342007e-11, 1.949802e-11, 8.915883e+01, -3.665145e-01
2.335900e+03, 3.398384e-01, 1.208203e-06, 5.015115e-02, 2.316485e-06, -5.292544e-01, -1.448374e+00, -6.205983e-01, -1.149731e+00, -5.236271e-11, -9.433067e-12, 3.452767e-11, 2.065610e-11, 8.970669e+01, -3.700916e-01
2.338800e+03, 3.431990e-01, 1.211603e-06, 5.029141e-02, 2.323818e-06, -5.283003e-01, -1.448202e+00, -6.212275e-01, -1.150108e+00, -4.664952e-11, -8.204217e-12, 3.538523e-11, 2.189908e-11, 9.025649e+01, -3.737500e-01
2.341700e+03, 3.465726e-01, 1.215011e-06, 5.043190e-02, 2.331170e-06, -5.274503e-01, -1.448052e+00, -6.218722e-01, -1.150507e+00, -4.115316e-11, -7.085447e-12, 3.647479e-11, 2.295993e-11, 9.080817e+01, -3.774920e-01
2.344600e+03, 3.499576e-01, 1.218416e-06, 5.057263e-02, 2.338520e-06, -5.267005e-01, -1.447923e+00, -6.225369e-01, -1.150925e+00, -3.588876e-11, -5.821302e-12, 3.744216e-11, 2.410610e-11, 9.136148e+01, -3.813157e-01
2.347500e+03, 3.533550e-01, 1.221838e-06, 5.071343e-02, 2.345880e-06, -5.260465e-01, -1.447817e+00, -6.232191e-01, -1.151364e+00, -3.027341e-11, -4.732458e-12, 3.845045e-11, 2.526256e-11, 9.191656e+01, -3.852217e-01
2.350400e+03, 3.567630e-01, 1.225247e-06, 5.085457e-02, 2.353248e-06, -5.254949e-01, -1.447731e+00, -6.239197e-01, -1.151825e+00, -2.509939e-11, -3.443916e-12, 3.940089e-11, 2.645041e-11, 9.247272e+01, -3.892137e-01
2.353300e+03, 3.601828e-01, 1.228672e-06, 5.099577e-02, 2.360623e-06, -5.250376e-01, -1.447668e+00, -6.246376e-01, -1.152307e+00, -1.999331e-11, -2.374360e-12, 4.051735e-11, 2.762691e-11, 9.303029e+01, -3.932904e-01
2.356200e+03, 3.636135e-01, 1.232084e-06, 5.113716e-02, 2.368006e-06, -5.246733e-01, -1.447625e+00, -6.253759e-01, -1.152810e+00, -1.469491e-11, -1.061821e-12, 4.138799e-11, 2.871963e-11, 9.358900e+01, -3.974519e-01
2.359100e+03, 3.670552e-01, 1.235513e-06, 5.127870e-02, 2.375387e-06, -5.244055e-01, -1.447606e+00, -6.261301e-01, -1.153333e+00, -9.725179e-12, 8.704199e-14, 4.240015e-11, 3.000986e-11, 9.414851e+01, -4.017023e-01
2.362000e+03, 3.705061e-01, 1.238939e-06, 5.142036e-02, 2.382784e-06, -5.242283e-01, -1.447607e+00, -6.269026e-01, -1.153880e+00, -4.765264e-12, 1.270242e-12, 4.355232e-11, 3.112279e-11, 9.470860e+01, -4.060375e-01
2.364900e+03, 3.739665e-01, 1.242361e-06, 5.156214e-02, 2.390179e-06, -5.241415e-01, -1.447630e+00, -6.276962e-01, -1.154447e+00, 1.844772e-13, 2.487421e-12, 4.446063e-11, 3.233892e-11, 9.526912e+01, -4.104599e-01
2.367800e+03, 3.774371e-01, 1.245780e-06, 5.170399e-02, 2.397581e-06, -5.241448e-01, -1.447676e+00, -6.285063e-01, -1.155037e+00, 4.946302e-12, 3.704950e-12, 4.559478e-11, 3.347241e-11, 9.582995e+01, -4.149717e-01
2.370700e+03, 3.809163e-01, 1.249206e-06, 5.184596e-02, 2.404979e-06, -5.242350e-01, -1.447743e+00, -6.293371e-01, -1.155646e+00, 9.897143e-12, 4.955914e-12, 4.654878e-11, 3.479968e-11, 9.639082e+01, -4.195707e-01
2.373600e+03, 3.844045e-01, 1.252638e-06, 5.198793e-02, 2.412392e-06, -5.244153e-01, -1.447834e+00, -6.301853e-01, -1.156281e+00, 1.446885e-11, 6.132826e-12, 4.758002e-11, 3.586127e-11, 9.695133e+01, -4.242612e-01
2.376500e+03, 3.879005e-01, 1.256057e-06, 5.212996e-02, 2.419792e-06, -5.246789e-01, -1.447945e+00, -6.310523e-01, -1.156934e+00, 1.910878e-11, 7.363783e-12, 4.860271e-11, 3.709530e-11, 9.751142e+01, -4.290389e-01
2.379400e+03, 3.914041e-01, 1.259482e-06, 5.227205e-02, 2.427198e-06, -5.250271e-01, -1.448079e+00, -6.319379e-01, -1.157610e+00, 2.374435e-11, 8.617744e-12, 4.959444e-11, 3.826877e-11, 9.807072e+01, -4.339059e-01
2.382300e+03, 3.949157e-01, 1.262903e-06, 5.241408e-02, 2.434600e-06, -5.254598e-01, -1.448236e+00, -6.328416e-01, -1.158307e+00, 2.827509e-11, 9.775587e-12, 5.074665e-11, 3.954232e-11, 9.862908e+01, -4.388644e-01
2.385200e+03, 3.984333e-01, 1.266321e-06, 5.255615e-02, 2.442007e-06, -5.259750e-01, -1.448415e+00, -6.337662e-01, -1.159028e+00, 3.273505e-11, 1.110553e-11, 5.172173e-11, 4.071459e-11, 9.918595e+01, -4.439117e-01
2.388100e+03, 4.019582e-01, 1.269745e-06, 5.269816e-02, 2.449409e-06, -5.265715e-01, -1.448617e+00, -6.347087e-01, -1.159770e+00, 3.721315e-11, 1.223414e-11, 5.268918e-11, 4.191747e-11, 9.974136e+01, -4.490502e-01
2.391000e+03, 4.054887e-01, 1.273156e-06, 5.284010e-02, 2.456806e-06, -5.272495e-01, -1.448840e+00, -6.356687e-01, -1.160533e+00, 4.157374e-11, 1.349163e-11, 5.379395e-11, 4.313023e-11, 1.002947e+02, -4.542794e-01
2.393900e+03, 4.090249e-01, 1.276564e-06, 5.298196e-02, 2.464197e-06, -5.280070e-01, -1.449086e+00, -6.366489e-01, -1.161319e+00, 4.577275e-11, 1.474857e-11, 5.480716e-11, 4.433240e-11, 1.008459e+02, -4.595993e-01
2.396800e+03, 4.125656e-01, 1.279977e-06, 5.312369e-02, 2.471584e-06, -5.288411e-01, -1.449354e+00, -6.376476e-01, -1.162127e+00, 5.015740e-11, 1.597680e-11, 5.575133e-11, 4.545665e-11, 1.013945e+02, -4.650072e-01
2.399700e+03, 4.161110e-01, 1.283377e-06, 5.326536e-02, 2.478956e-06, -5.297550e-01, -1.449646e+00, -6.386634e-01, -1.162955e+00, 5.426991e-11, 1.716255e-11, 5.695468e-11, 4.678701e-11, 1.019401e+02, -4.705070e-01
2.402600e+03, 4.196592e-01, 1.286773e-06, 5.340681e-02, 2.486331e-06, -5.307439e-01, -1.449958e+00, -6.397012e-01, -1.163808e+00, 5.843567e-11, 1.837239e-11, 5.786243e-11, 4.793155e-11, 1.024824e+02, -4.760940e-01
2.405500e+03, 4.232123e-01, 1.290156e-06, 5.354806e-02, 2.493691e-06, -5.318086e-01, -1.450293e+00, -6.407555e-01, -1.164681e+00, 6.258067e-11, 1.967503e-11, 5.898862e-11, 4.919372e-11, 1.030212e+02, -4.817725e-01
2.408400e+03, 4.267673e-01, 1.293545e-06, 5.368917e-02, 2.501044e-06, -5.329489e-01, -1.450652e+00, -6.418304e-01, -1.165578e+00, 6.662218e-11, 2.086606e-11, 5.994330e-11, 5.033903e-11, 1.035558e+02, -4.875390e-01
2.411300e+03, 4.303243e-01, 1.296920e-06, 5.383003e-02, 2.508382e-06, -5.341629e-01, -1.451032e+00, -6.429226e-01, -1.166495e+00, 7.056343e-11, 2.209872e-11, 6.095248e-11, 5.151539e-11, 1.040861e+02, -4.933934e-01
2.414200e+03, 4.338834e-01, 1.300292e-06, 5.397055e-02, 2.515705e-06, -5.354486e-01, -1.451434e+00, -6.440333e-01, -1.167434e+00, 7.442803e-11, 2.327206e-11, 6.203605e-11, 5.272254e-11, 1.046116e+02, -4.993352e-01
2.417100e+03, 4.374426e-01, 1.303650e-06, 5.411079e-02, 2.523011e-06, -5.368048e-01, -1.451858e+00, -6.451636e-01, -1.168394e+00, 7.847664e-11, 2.447878e-11, 6.303145e-11, 5.388038e-11, 1.051320e+02, -5.053612e-01
2.420000e+03, 4.410021e-01, 1.306995e-06, 5.425071e-02, 2.530301e-06, -5.382347e-01, -1.452305e+00, -6.463121e-01, -1.169376e+00, 8.221612e-11, 2.568475e-11, 6.402038e-11, 5.517331e-11, 1.056466e+02, -5.114748e-01
2.422900e+03, 4.445611e-01, 1.310336e-06, 5.439031e-02, 2.537585e-06, -5.397328e-01, -1.452773e+00, -6.474787e-01, -1.170381e+00, 8.593002e-11, 2.691571e-11, 6.492274e-11, 5.628795e-11, 1.061552e+02, -5.176712e-01
2.425800e+03, 4.481189e-01, 1.313663e-06, 5.452953e-02, 2.544843e-06, -5.412986e-01, -1.453263e+00, -6.486616e-01, -1.171407e+00, 8.972383e-11, 2.810406e-11, 6.602106e-11, 5.741464e-11, 1.066575e+02, -5.239495e-01
2.428700e+03, 4.516754e-01, 1.316987e-06, 5.466827e-02, 2.552075e-06, -5.429335e-01, -1.453775e+00, -6.498646e-01, -1.172453e+00, 9.345153e-11, 2.926962e-11, 6.699146e-11, 5.861653e-11, 1.071530e+02, -5.303107e-01
2.431600e+03, 4.552283e-01, 1.320288e-06, 5.480670e-02, 2.559291e-06, -5.446363e-01, -1.454308e+00, -6.510853e-01, -1.173521e+00, 9.693057e-11, 3.044157e-11, 6.797891e-11, 5.974666e-11, 1.076409e+02, -5.367513e-01
2.434500e+03, 4.587784e-01, 1.323585e-06, 5.494446e-02, 2.566481e-06, -5.464025e-01, -1.454863e+00, -6.523240e-01, -1.174610e+00, 1.005566e-10, 3.159198e-11, 6.885887e-11, 6.086916e-11, 1.081214e+02, -5.432687e-01
2.437400e+03, 4.623246e-01, 1.326859e-06, 5.508186e-02, 2.573646e-06, -5.482347e-01, -1.455439e+00, -6.535786e-01, -1.175719e+00, 1.040638e-10, 3.274182e-11, 6.991531e-11, 6.202346e-11, 1.085937e+02, -5.498635e-01
2.440300e+03, 4.658656e-01, 1.330119e-06, 5.521866e-02, 2.580785e-06, -5.501309e-01, -1.456035e+00, -6.548526e-01, -1.176849e+00, 1.074952e-10, 3.389021e-11, 7.082726e-11, 6.315056e-11, 1.090574e+02, -5.565322e-01
2.443200e+03, 4.694018e-01, 1.333377e-06, 5.535488e-02, 2.587899e-06, -5.520896e-01, -1.456653e+00, -6.561431e-01, -1.178000e+00, 1.107782e-10, 3.497253e-11, 7.165651e-11, 6.427032e-11, 1.095121e+02, -5.632740e-01
2.446100e+03, 4.729306e-01, 1.336601e-06, 5.549048e-02, 2.594987e-06, -5.541081e-01, -1.457290e+00, -6.574488e-01, -1.179171e+00, 1.142502e-10, 3.614732e-11, 7.262067e-11, 6.526134e-11, 1.099575e+02, -5.700827e-01
2.449000e+03, 4.764523e-01, 1.339822e-06, 5.562543e-02, 2.602031e-06, -5.561899e-01, -1.457949e+00, -6.587721e-01, -1.180360e+00, 1.173967e-10, 3.722245e-11, 7.352011e-11, 6.638792e-11, 1.103928e+02, -5.769611e-01
2.451900e+03, 4.799671e-01, 1.343020e-06, 5.575981e-02, 2.609050e-06, -5.583290e-01, -1.458627e+00, -6.601117e-01, -1.181570e+00, 1.205650e-10, 3.825132e-11, 7.438107e-11, 6.744749e-11, 1.108182e+02, -5.839042e-01
2.454800e+03, 4.834720e-01, 1.346195e-06, 5.589336e-02, 2.616034e-06, -5.605258e-01, -1.459324e+00, -6.614670e-01, -1.182799e+00, 1.237328e-10, 3.931984e-11, 7.525628e-11, 6.850136e-11, 1.112328e+02, -5.909075e-01
2.457700e+03, 4.869664e-01, 1.349358e-06, 5.602621e-02, 2.622984e-06, -5.627804e-01, -1.460040e+00, -6.628383e-01, -1.184047e+00, 1.267814e-10, 4.037778e-11, 7.597430e-11, 6.953032e-11, 1.116362e+02, -5.979692e-01
2.460600e+03, 4.904515e-01, 1.352497e-06, 5.615826e-02, 2.629900e-06, -5.650905e-01, -1.460776e+00, -6.642226e-01, -1.185314e+00, 1.297990e-10, 4.134994e-11, 7.690428e-11, 7.041722e-11, 1.120284e+02, -6.050887e-01
2.463500e+03, 4.939253e-01, 1.355614e-06, 5.628953e-02, 2.636763e-06, -5.674556e-01, -1.461530e+00, -6.656239e-01, -1.186597e+00, 1.326700e-10, 4.240138e-11, 7.767819e-11, 7.153421e-11, 1.124087e+02, -6.122614e-01
2.466400e+03, 4.973874e-01, 1.358719e-06, 5.641993e-02, 2.643602e-06, -5.698730e-01, -1.462302e+00, -6.670393e-01, -1.187900e+00, 1.355179e-10, 4.336020e-11, 7.845052e-11, 7.239410e-11, 1.127770e+02, -6.194840e-01
2.469300e+03, 5.008359e-01, 1.361791e-06, 5.654945e-02, 2.650390e-06, -5.723423e-01, -1.463092e+00, -6.684688e-01, -1.189219e+00, 1.382278e-10, 4.427859e-11, 7.922136e-11, 7.332840e-11, 1.131327e+02, -6.267520e-01
2.472200e+03, 5.042705e-01, 1.364841e-06, 5.667809e-02, 2.657135e-06, -5.748610e-01, -1.463899e+00, -6.699123e-01, -1.190556e+00, 1.410128e-10, 4.519303e-11, 7.983949e-11, 7.425920e-11, 1.134757e+02, -6.340618e-01
2.475100e+03, 5.076897e-01, 1.367868e-06, 5.680573e-02, 2.663838e-06, -5.774304e-01, -1.464723e+00, -6.713670e-01, -1.191909e+00, 1.436068e-10, 4.614344e-11, 8.060859e-11, 7.511087e-11, 1.138053e+02, -6.414109e-01
2.478000e+03, 5.110942e-01, 1.370874e-06, 5.693251e-02, 2.670491e-06, -5.800471e-01, -1.465563e+00, -6.728358e-01, -1.193277e+00, 1.461321e-10, 4.692907e-11, 8.128618e-11, 7.592249e-11, 1.141217e+02, -6.487963e-01
2.480900e+03, 5.144828e-01, 1.373847e-06, 5.705823e-02, 2.677093e-06, -5.827098e-01, -1.466418e+00, -6.743170e-01, -1.194661e+00, 1.486510e-10, 4.783338e-11, 8.188914e-11, 7.682639e-11, 1.144246e+02, -6.562139e-01
2.483800e+03, 5.178535e-01, 1.376799e-06, 5.718282e-02, 2.683654e-06, -5.854184e-01, -1.467290e+00, -6.758091e-01, -1.196060e+00, 1.509913e-10, 4.865507e-11, 8.250776e-11, 7.755952e-11, 1.147133e+02, -6.636590e-01
2.486700e+03, 5.212069e-01, 1.379728e-06, 5.730643e-02, 2.690156e-06, -5.881697e-01, -1.468177e+00, -6.773125e-01, -1.197474e+00, 1.533324e-10, 4.939407e-11, 8.305241e-11, 7.834758e-11, 1.149881e+02, -6.711284e-01
2.489600e+03, 5.245409e-01, 1.382627e-06, 5.742901e-02, 2.696609e-06, -5.909636e-01, -1.469077e+00, -6.788258e-01, -1.198901e+00, 1.555608e-10, 5.017125e-11, 8.365825e-11, 7.902306e-11, 1.152485e+02, -6.786174e-01
2.492500e+03, 5.278555e-01, 1.385494e-06, 5.755047e-02, 2.703005e-06, -5.937981e-01, -1.469991e+00, -6.803502e-01, -1.200341e+00, 1.577658e-10, 5.090783e-11, 8.411752e-11, 7.979090e-11, 1.154943e+02, -6.861224e-01
2.495400e+03, 5.311507e-01, 1.388339e-06, 5.767069e-02, 2.709352e-06, -5.966728e-01, -1.470918e+00, -6.818829e-01, -1.201795e+00, 1.596672e-10, 5.156404e-11, 8.466682e-11, 8.044744e-11, 1.157256e+02, -6.936419e-01
2.498300e+03, 5.344237e-01, 1.391153e-06, 5.778989e-02, 2.715642e-06, -5.995821e-01, -1.471858e+00, -6.834256e-01, -1.203261e+00, 1.617230e-10, 5.221978e-11, 8.511716e-11, 8.110464e-11, 1.159423e+02, -7.011653e-01
2.501200e+03, 5.376760e-01, 1.393937e-06, 5.790772e-02, 2.721876e-06, -6.025289e-01, -1.472809e+00, -6.849766e-01, -1.204739e+00, 1.637102e-10, 5.287512e-11, 8.546428e-11, 8.163442e-11, 1.161442e+02, -7.086954e-01
2.504100e+03, 5.409051e-01, 1.396689e-06, 5.802448e-02, 2.728045e-06, -6.055119e-01, -1.473773e+00, -6.865338e-01, -1.206226e+00, 1.654036e-10, 5.341306e-11, 8.593413e-11, 8.230917e-11, 1.163309e+02, -7.162253e-01
2.507000e+03, 5.441116e-01, 1.399410e-06, 5.814001e-02, 2.734168e-06, -6.085258e-01, -1.474746e+00, -6.880996e-01, -1.207726e+00, 1.671220e-10, 5.395322e-11, 8.626144e-11, 8.275242e-11, 1.165031e+02, -7.237505e-01
2.509900e+03, 5.472936e-01, 1.402091e-06, 5.825420e-02, 2.740218e-06, -6.115710e-01, -1.475729e+00, -6.896714e-01, -1.209234e+00, 1.688344e-10, 5.452953e-11, 8.653306e-11, 8.330297e-11, 1.166602e+02, -7.312664e-01
2.512800e+03, 5.504513e-01, 1.404751e-06, 5.836712e-02, 2.746214e-06, -6.146473e-01, -1.476723e+00, -6.912482e-01, -1.210752e+00, 1.703221e-10, 5.499113e-11, 8.688116e-11, 8.374767e-11, 1.168024e+02, -7.387715e-01
2.515700e+03, 5.535847e-01, 1.407381e-06, 5.847884e-02, 2.752148e-06, -6.177508e-01, -1.477725e+00, -6.928313e-01, -1.212278e+00, 1.718431e-10, 5.549251e-11, 8.708886e-11, 8.419536e-11, 1.169299e+02, -7.462609e-01
2.518600e+03, 5.566918e-01, 1.409981e-06, 5.858923e-02, 2.758020e-06, -6.208820e-01, -1.478736e+00, -6.944181e-01, -1.213812e+00, 1.731704e-10, 5.584336e-11, 8.730151e-11, 8.453973e-11, 1.170426e+02, -7.537299e-01
2.521500e+03, 5.597738e-01, 1.412540e-06, 5.869830e-02, 2.763821e-06, -6.240374e-01, -1.479754e+00, -6.960089e-01, -1.215352e+00, 1.745144e-10, 5.623196e-11, 8.744757e-11, 8.498878e-11, 1.171408e+02, -7.611765e-01
2.524400e+03, 5.628274e-01, 1.415069e-06, 5.880598e-02, 2.769571e-06, -6.272172e-01, -1.480778e+00, -6.976023e-01, -1.216901e+00, 1.756931e-10, 5.658771e-11, 8.761057e-11, 8.528487e-11, 1.172243e+02, -7.685935e-01
2.527300e+03, 5.658552e-01, 1.417559e-06, 5.891242e-02, 2.775251e-06, -6.304186e-01, -1.481809e+00, -6.991986e-01, -1.218455e+00, 1.768373e-10, 5.689882e-11, 8.776733e-11, 8.553014e-11, 1.172936e+02, -7.759816e-01
2.530200e+03, 5.688547e-01, 1.420029e-06, 5.901747e-02, 2.780864e-06, -6.336408e-01, -1.482846e+00, -7.007979e-01, -1.220013e+00, 1.778573e-10, 5.718220e-11, 8.779881e-11, 8.584780e-11, 1.173487e+02, -7.833342e-01
2.533100e+03, 5.718261e-01, 1.422459e-06, 5.912115e-02, 2.786417e-06, -6.368816e-01, -1.483888e+00, -7.023977e-01, -1.221578e+00, 1.788892e-10, 5.739222e-11, 8.783645e-11, 8.597980e-11, 1.173899e+02, -7.906490e-01
2.536000e+03, 5.747698e-01, 1.424849e-06, 5.922346e-02, 2.791894e-06, -6.401411e-01, -1.484934e+00, -7.039982e-01, -1.223144e+00, 1.797049e-10, 5.760027e-11, 8.788019e-11, 8.623292e-11, 1.174173e+02, -7.979248e-01
2.538900e+03, 5.776842e-01, 1.427210e-06, 5.932441e-02, 2.797314e-06, -6.434156e-01, -1.485983e+00, -7.055994e-01, -1.224716e+00, 1.804620e-10, 5.781091e-11, 8.779980e-11, 8.638707e-11, 1.174312e+02, -8.051547e-01
2.541800e+03, 5.805688e-01, 1.429542e-06, 5.942399e-02, 2.802669e-06, -6.467038e-01, -1.487037e+00, -7.071993e-01, -1.226290e+00, 1.812553e-10, 5.791609e-11, 8.772603e-11, 8.650980e-11, 1.174320e+02, -8.123359e-01
2.544700e+03, 5.834251e-01, 1.431834e-06, 5.952223e-02, 2.807958e-06, -6.500065e-01, -1.488092e+00, -7.087977e-01, -1.227866e+00, 1.818989e-10, 5.801864e-11, 8.771887e-11, 8.653598e-11, 1.174198e+02, -8.194701e-01
2.547600e+03, 5.862509e-01, 1.434097e-06, 5.961903e-02, 2.813173e-06, -6.533210e-01, -1.489149e+00, -7.103961e-01, -1.229443e+00, 1.824329e-10, 5.809355e-11, 8.752860e-11, 8.668046e-11, 1.173948e+02, -8.265499e-01
2.550500e+03, 5.890463e-01, 1.436322e-06, 5.971448e-02, 2.818334e-06, -6.566451e-01, -1.490208e+00, -7.119910e-01, -1.231022e+00, 1.829324e-10, 5.816518e-11, 8.734537e-11, 8.666373e-11, 1.173575e+02, -8.335734e-01
2.553400e+03, 5.918123e-01, 1.438517e-06, 5.980859e-02, 2.823423e-06, -6.599784e-01, -1.491267e+00, -7.135825e-01, -1.232601e+00, 1.833654e-10, 5.813425e-11, 8.716911e-11, 8.666311e-11, 1.173083e+02, -8.405405e-01
2.556300e+03, 5.945472e-01, 1.440673e-06, 5.990136e-02, 2.828449e-06, -6.633195e-01, -1.492327e+00, -7.151708e-01, -1.234180e+00, 1.836373e-10, 5.809971e-11, 8.699088e-11, 8.658644e-11, 1.172473e+02, -8.474461e-01
2.559200e+03, 5.972518e-01, 1.442801e-06, 5.999264e-02, 2.833404e-06, -6.666656e-01, -1.493385e+00, -7.167559e-01, -1.235758e+00, 1.839352e-10, 5.807776e-11, 8.670856e-11, 8.654366e-11, 1.171751e+02, -8.542892e-01
2.562100e+03, 5.999265e-01, 1.444890e-06, 6.008272e-02, 2.838297e-06, -6.700171e-01, -1.494444e+00, -7.183359e-01, -1.237335e+00, 1.842442e-10, 5.797570e-11, 8.641601e-11, 8.640750e-11, 1.170919e+02, -8.610692e-01
2.565000e+03, 6.025698e-01, 1.446950e-06, 6.017133e-02, 2.843121e-06, -6.733743e-01, -1.495500e+00, -7.199105e-01, -1.238910e+00, 1.842680e-10, 5.787758e-11, 8.613955e-11, 8.630465e-11, 1.169978e+02, -8.677832e-01
2.567900e+03, 6.051831e-01, 1.448981e-06, 6.025859e-02, 2.847885e-06, -6.767319e-01, -1.496555e+00, -7.214800e-01, -1.240482e+00, 1.843642e-10, 5.775570e-11, 8.581005e-11, 8.618974e-11, 1.168937e+02, -8.744291e-01
2.570800e+03, 6.077642e-01, 1.450974e-06, 6.034460e-02, 2.852590e-06, -6.800912e-01, -1.497607e+00, -7.230436e-01, -1.242053e+00, 1.843769e-10, 5.752596e-11, 8.541956e-11, 8.592116e-11, 1.167795e+02, -8.810033e-01
2.573700e+03, 6.103148e-01, 1.452929e-06, 6.042927e-02, 2.857217e-06, -6.834508e-01, -1.498655e+00, -7.246001e-01, -1.243618e+00, 1.843621e-10, 5.739299e-11, 8.509677e-11, 8.579063e-11, 1.166558e+02, -8.875070e-01
2.576600e+03, 6.128356e-01, 1.454865e-06, 6.051254e-02, 2.861795e-06, -6.868101e-01, -1.499701e+00, -7.261506e-01, -1.245181e+00, 1.841700e-10, 5.717247e-11, 8.453308e-11, 8.554334e-11, 1.165230e+02, -8.939408e-01
2.579500e+03, 6.153250e-01, 1.456763e-06, 6.059456e-02, 2.866307e-06, -6.901659e-01, -1.500743e+00, -7.276909e-01, -1.246740e+00, 1.840786e-10, 5.688232e-11, 8.423254e-11, 8.524906e-11, 1.163816e+02, -9.002990e-01
2.582400e+03, 6.177837e-01, 1.458623e-06, 6.067531e-02, 2.870751e-06, -6.935200e-01, -1.501779e+00, -7.292257e-01, -1.248293e+00, 1.838363e-10, 5.668636e-11, 8.374385e-11, 8.500436e-11, 1.162315e+02, -9.065834e-01
2.585300e+03, 6.202124e-01, 1.460464e-06, 6.075473e-02, 2.875139e-06, -6.968698e-01, -1.502812e+00, -7.307517e-01, -1.249842e+00, 1.835474e-10, 5.636073e-11, 8.326953e-11, 8.466996e-11, 1.160735e+02, -9.127936e-01
2.588200e+03, 6.226094e-01, 1.462267e-06, 6.083296e-02, 2.879462e-06, -7.002142e-01, -1.503839e+00, -7.322689e-01, -1.251385e+00, 1.831883e-10, 5.606174e-11, 8.279554e-11, 8.436637e-11, 1.159077e+02, -9.189251e-01
2.591100e+03, 6.249775e-01, 1.464041e-06, 6.090985e-02, 2.883729e-06, -7.035522e-01, -1.504861e+00, -7.337776e-01, -1.252922e+00, 1.829076e-10, 5.573350e-11, 8.220823e-11, 8.397394e-11, 1.157348e+02, -9.249822e-01
2.594000e+03, 6.273147e-01, 1.465788e-06, 6.098557e-02, 2.887932e-06, -7.068850e-01, -1.505876e+00, -7.352755e-01, -1.254452e+00, 1.824225e-10, 5.536344e-11, 8.168847e-11, 8.364780e-11, 1.155546e+02, -9.309616e-01
2.596900e+03, 6.296226e-01, 1.467496e-06, 6.106002e-02, 2.892079e-06, -7.102089e-01, -1.506885e+00, -7.367640e-01, -1.255977e+00, 1.819613e-10, 5.501991e-11, 8.118184e-11, 8.329196e-11, 1.153681e+02, -9.368640e-01
2.599800e+03, 6.318998e-01, 1.469186e-06, 6.113334e-02, 2.896173e-06, -7.135245e-01, -1.507887e+00, -7.382432e-01, -1.257494e+00, 1.814766e-10, 5.461114e-11, 8.048877e-11, 8.284844e-11, 1.151752e+02, -9.426869e-01
2.602700e+03, 6.341470e-01, 1.470838e-06, 6.120548e-02, 2.900203e-06, -7.168312e-01, -1.508883e+00, -7.397098e-01, -1.259004e+00, 1.808459e-10, 5.423111e-11, 7.999001e-11, 8.243408e-11, 1.149764e+02, -9.484314e-01
2.605600e+03, 6.363653e-01, 1.472472e-06, 6.127636e-02, 2.904179e-06, -7.201264e-01, -1.509871e+00, -7.411673e-01, -1.260506e+00, 1.803129e-10, 5.379122e-11, 7.931663e-11, 8.200817e-11, 1.147721e+02, -9.540975e-01
2.608500e+03, 6.385551e-01, 1.474068e-06, 6.134618e-02, 2.908103e-06, -7.234120e-01, -1.510851e+00, -7.426126e-01, -1.262000e+00, 1.796833e-10, 5.337482e-11, 7.877083e-11, 8.153164e-11, 1.145626e+02, -9.596872e-01
2.611400e+03, 6.407153e-01, 1.475645e-06, 6.141480e-02, 2.911964e-06, -7.266860e-01, -1.511823e+00, -7.440479e-01, -1.263486e+00, 1.790934e-10, 5.290016e-11, 7.811054e-11, 8.110398e-11, 1.143481e+02, -9.651974e-01
2.614300e+03, 6.428472e-01, 1.477185e-06, 6.148237e-02, 2.915782e-06, -7.299493e-01, -1.512787e+00, -7.454711e-01, -1.264964e+00, 1.782945e-10, 5.245121e-11, 7.745660e-11, 8.058699e-11, 1.141288e+02, -9.706309e-01
2.617200e+03, 6.449510e-01, 1.478706e-06, 6.154888e-02, 2.919539e-06, -7.331981e-01, -1.513743e+00, -7.468825e-01, -1.266432e+00, 1.775856e-10, 5.197373e-11, 7.680425e-11, 8.015346e-11, 1.139055e+02, -9.759860e-01
2.620100e+03, 6.470258e-01, 1.480199e-06, 6.161418e-02, 2.923253e-06, -7.364339e-01, -1.514690e+00, -7.482820e-01, -1.267893e+00, 1.767950e-10, 5.149894e-11, 7.610249e-11, 7.957808e-11, 1.136780e+02, -9.812625e-01
2.623000e+03, 6.490732e-01, 1.481674e-06, 6.167850e-02, 2.926906e-06, -7.396553e-01, -1.515628e+00, -7.496686e-01, -1.269343e+00, 1.760931e-10, 5.097260e-11, 7.546739e-11, 7.912067e-11, 1.134470e+02, -9.864623e-01
2.625900e+03, 6.510925e-01, 1.483111e-06, 6.174175e-02, 2.930518e-06, -7.428640e-01, -1.516557e+00, -7.510438e-01, -1.270784e+00, 1.752511e-10, 5.049610e-11, 7.465209e-11, 7.857774e-11, 1.132122e+02, -9.915851e-01
2.628800e+03, 6.530857e-01, 1.484540e-06, 6.180401e-02, 2.934078e-06, -7.460572e-01, -1.517477e+00, -7.524040e-01, -1.272216e+00, 1.743782e-10, 4.994537e-11, 7.409377e-11, 7.802317e-11, 1.129744e+02, -9.966336e-01
2.631700e+03, 6.550522e-01, 1.485930e-06, 6.186527e-02, 2.937588e-06, -7.492346e-01, -1.518387e+00, -7.537541e-01, -1.273638e+00, 1.735323e-10, 4.942333e-11, 7.329030e-11, 7.745694e-11, 1.127338e+02, -1.001606e+00
2.634600e+03, 6.569905e-01, 1.487303e-06, 6.192553e-02, 2.941047e-06, -7.523966e-01, -1.519288e+00, -7.550895e-01, -1.275049e+00, 1.726678e-10, 4.887857e-11, 7.261801e-11, 7.695093e-11, 1.124903e+02, -1.006502e+00
2.637500e+03, 6.589042e-01, 1.488647e-06, 6.198478e-02, 2.944465e-06, -7.555428e-01, -1.520179e+00, -7.564127e-01, -1.276451e+00, 1.717112e-10, 4.833803e-11, 7.195476e-11, 7.639659e-11, 1.122445e+02, -1.011326e+00
2.640400e+03, 6.607918e-01, 1.489973e-06, 6.204317e-02, 2.947842e-06, -7.586716e-01, -1.521059e+00, -7.577238e-01, -1.277843e+00, 1.708420e-10, 4.779338e-11, 7.116828e-11, 7.581179e-11, 1.119966e+02, -1.016076e+00
2.643300e+03, 6.626526e-01, 1.491280e-06, 6.210056e-02, 2.951169e-06, -7.617846e-01, -1.521930e+00, -7.590206e-01, -1.279225e+00, 1.698904e-10, 4.721962e-11, 7.039070e-11, 7.519739e-11, 1.117464e+02, -1.020751e+00
2.646200e+03, 6.644893e-01, 1.492560e-06, 6.215707e-02, 2.954447e-06, -7.648802e-01, -1.522791e+00, -7.603032e-01, -1.280595e+00, 1.689075e-10, 4.665637e-11, 6.961830e-11, 7.467690e-11, 1.114947e+02, -1.025356e+00
2.649100e+03, 6.663013e-01, 1.493821e-06, 6.221272e-02, 2.957693e-06, -7.679579e-01, -1.523641e+00, -7.615717e-01, -1.281956e+00, 1.679530e-10, 4.608895e-11, 6.897562e-11, 7.405546e-11, 1.112414e+02, -1.029890e+00
2.652000e+03, 6.680884e-01, 1.495063e-06, 6.226749e-02, 2.960890e-06, -7.710182e-01, -1.524481e+00, -7.628286e-01, -1.283305e+00, 1.669106e-10, 4.550067e-11, 6.814957e-11, 7.345665e-11, 1.109867e+02, -1.034353e+00
2.654900e+03, 6.698507e-01, 1.496278e-06, 6.232131e-02, 2.964047e-06, -7.740595e-01, -1.525310e+00, -7.640703e-01, -1.284643e+00, 1.659557e-10, 4.493818e-11, 6.739483e-11, 7.288058e-11, 1.107309e+02, -1.038746e+00
2.657800e+03, 6.715901e-01, 1.497484e-06, 6.237440e-02, 2.967165e-06, -7.770834e-01, -1.526128e+00, -7.652983e-01, -1.285971e+00, 1.649107e-10, 4.433475e-11, 6.670548e-11, 7.225620e-11, 1.104740e+02, -1.043071e+00
2.660700e+03, 6.733053e-01, 1.498661e-06, 6.242667e-02, 2.970242e-06, -7.800883e-01, -1.526936e+00, -7.665138e-01, -1.287288e+00, 1.639506e-10, 4.374738e-11, 6.595738e-11, 7.165449e-11, 1.102164e+02, -1.047328e+00
2.663600e+03, 6.749968e-01, 1.499820e-06, 6.247806e-02, 2.973280e-06, -7.830757e-01, -1.527733e+00, -7.677156e-01, -1.288594e+00, 1.628442e-10, 4.317116e-11, 6.509195e-11, 7.109103e-11, 1.099579e+02, -1.051517e+00
2.666500e+03, 6.766667e-01, 1.500971e-06, 6.252870e-02, 2.976288e-06, -7.860429e-01, -1.528520e+00, -7.689017e-01, -1.289889e+00, 1.618778e-10, 4.256306e-11, 6.441612e-11, 7.042986e-11, 1.096991e+02, -1.055642e+00
2.669400e+03, 6.783135e-01, 1.502093e-06, 6.257852e-02, 2.979246e-06, -7.889925e-01, -1.529296e+00, -7.700754e-01, -1.291172e+00, 1.607647e-10, 4.196270e-11, 6.362236e-11, 6.984003e-11, 1.094398e+02, -1.059702e+00
2.672300e+03, 6.799379e-01, 1.503197e-06, 6.262766e-02, 2.982175e-06, -7.919219e-01, -1.530060e+00, -7.712347e-01, -1.292445e+00, 1.596758e-10, 4.137616e-11, 6.283263e-11, 6.923645e-11, 1.091804e+02, -1.063697e+00
2.675200e+03, 6.815413e-01, 1.504292e-06, 6.267611e-02, 2.985074e-06, -7.948314e-01, -1.530814e+00, -7.723796e-01, -1.293706e+00, 1.586683e-10, 4.077370e-11, 6.210800e-11, 6.862212e-11, 1.089210e+02, -1.067630e+00
2.678100e+03, 6.831227e-01, 1.505369e-06, 6.272381e-02, 2.987933e-06, -7.977225e-01, -1.531557e+00, -7.735113e-01, -1.294957e+00, 1.575709e-10, 4.017041e-11, 6.138736e-11, 6.800917e-11, 1.086615e+02, -1.071500e+00
2.681000e+03, 6.846822e-01, 1.506427e-06, 6.277075e-02, 2.990763e-06, -8.005936e-01, -1.532289e+00, -7.746298e-01, -1.296196e+00, 1.564934e-10, 3.956263e-11, 6.048592e-11, 6.736823e-11, 1.084022e+02, -1.075308e+00
2.683900e+03, 6.862224e-01, 1.507466e-06, 6.281700e-02, 2.993553e-06, -8.034451e-01, -1.533010e+00, -7.757320e-01, -1.297424e+00, 1.554423e-10, 3.895760e-11, 5.983652e-11, 6.676345e-11, 1.081432e+02, -1.079058e+00
2.686800e+03, 6.877405e-01, 1.508487e-06, 6.286269e-02, 2.996314e-06, -8.062775e-01, -1.533720e+00, -7.768223e-01, -1.298640e+00, 1.543514e-10, 3.836485e-11, 5.900374e-11, 6.614480e-11, 1.078845e+02, -1.082747e+00
2.689700e+03, 6.892400e-01, 1.509499e-06, 6.290762e-02, 2.999045e-06, -8.090900e-01, -1.534419e+00, -7.778974e-01, -1.299845e+00, 1.532296e-10, 3.777034e-11, 5.829906e-11, 6.554751e-11, 1.076263e+02, -1.086380e+00
2.692600e+03, 6.907186e-01, 1.510502e-06, 6.295191e-02, 3.001746e-06, -8.118820e-01, -1.535107e+00, -7.789597e-01, -1.301040e+00, 1.521813e-10, 3.714864e-11, 5.753641e-11, 6.491866e-11, 1.073687e+02, -1.089953e+00
2.695500e+03, 6.921783e-01, 1.511476e-06, 6.299564e-02, 3.004417e-06, -8.146549e-01, -1.535784e+00, -7.800080e-01, -1.302223e+00, 1.510413e-10, 3.656767e-11, 5.677642e-11, 6.431110e-11, 1.071118e+02, -1.093472e+00
2.698400e+03, 6.936191e-01, 1.512452e-06, 6.303867e-02, 3.007059e-06, -8.174071e-01, -1.536450e+00, -7.810426e-01, -1.303394e+00, 1.499797e-10, 3.595110e-11, 5.602036e-11, 6.373753e-11, 1.068558e+02, -1.096935e+00
2.701300e+03, 6.950401e-01, 1.513399e-06, 6.308113e-02, 3.009681e-06, -8.201399e-01, -1.537105e+00, -7.820633e-01, -1.304556e+00, 1.489343e-10, 3.535808e-11, 5.526740e-11, 6.305377e-11, 1.066005e+02, -1.100343e+00
2.704200e+03, 6.964428e-01, 1.514337e-06, 6.312303e-02, 3.012263e-06, -8.228537e-01, -1.537750e+00, -7.830704e-01, -1.305705e+00, 1.477969e-10, 3.476318e-11, 5.451749e-11, 6.248687e-11, 1.063460e+02, -1.103698e+00
2.707100e+03, 6.978269e-01, 1.515266e-06, 6.316435e-02, 3.014825e-06, -8.255467e-01, -1.538383e+00, -7.840638e-01, -1.306843e+00, 1.466744e-10, 3.417724e-11, 5.377058e-11, 6.187551e-11, 1.060925e+02, -1.106999e+00
2.710000e+03, 6.991939e-01, 1.516186e-06, 6.320510e-02, 3.017357e-06, -8.282193e-01, -1.539006e+00, -7.850435e-01, -1.307971e+00, 1.456282e-10, 3.357085e-11, 5.302664e-11, 6.123251e-11, 1.058403e+02, -1.110250e+00
2.712900e+03, 7.005428e-01, 1.517087e-06, 6.324527e-02, 3.019859e-06, -8.308728e-01, -1.539617e+00, -7.860097e-01, -1.309086e+00, 1.445424e-10, 3.298510e-11, 5.228542e-11, 6.063978e-11, 1.055890e+02, -1.113450e+00
2.715800e+03, 7.018745e-01, 1.517980e-06, 6.328500e-02, 3.022342e-06, -8.335066e-01, -1.540218e+00, -7.869624e-01, -1.310191e+00, 1.434744e-10, 3.238653e-11, 5.154704e-11, 6.006732e-11, 1.053389e+02, -1.116601e+00
2.718700e+03, 7.031887e-01, 1.518853e-06, 6.332416e-02, 3.024803e-06, -8.361208e-01, -1.540809e+00, -7.879017e-01, -1.311286e+00, 1.423082e-10, 3.181507e-11, 5.087253e-11, 5.945122e-11, 1.050900e+02, -1.119702e+00
2.721600e+03, 7.044867e-01, 1.519727e-06, 6.336280e-02, 3.027235e-06, -8.387139e-01, -1.541388e+00, -7.888286e-01, -1.312369e+00, 1.413270e-10, 3.122012e-11, 5.007811e-11, 5.884952e-11, 1.048426e+02, -1.122755e+00
2.724500e+03, 7.057679e-01, 1.520582e-06, 6.340092e-02, 3.029647e-06, -8.412890e-01, -1.541957e+00, -7.897411e-01, -1.313441e+00, 1.401946e-10, 3.064116e-11, 4.940810e-11, 5.826801e-11, 1.045963e+02, -1.125762e+00
2.727400e+03, 7.070327e-01, 1.521428e-06, 6.343867e-02, 3.032038e-06, -8.438435e-01, -1.542516e+00, -7.906414e-01, -1.314503e+00, 1.391302e-10, 3.006373e-11, 4.868018e-11, 5.768913e-11, 1.043514e+02, -1.128721e+00
2.730300e+03, 7.082819e-01, 1.522265e-06, 6.347584e-02, 3.034408e-06, -8.463787e-01, -1.543063e+00, -7.915284e-01, -1.315554e+00, 1.380817e-10, 2.948420e-11, 4.795409e-11, 5.706739e-11, 1.041079e+02, -1.131636e+00
2.733200e+03, 7.095153e-01, 1.523093e-06, 6.351255e-02, 3.036748e-06, -8.488947e-01, -1.543601e+00, -7.924022e-01, -1.316594e+00, 1.369905e-10, 2.891695e-11, 4.723031e-11, 5.650436e-11, 1.038659e+02, -1.134506e+00
2.736100e+03, 7.107335e-01, 1.523912e-06, 6.354880e-02, 3.039078e-06, -8.513908e-01, -1.544127e+00, -7.932628e-01, -1.317624e+00, 1.359727e-10, 2.833453e-11, 4.650881e-11, 5.588818e-11, 1.036253e+02, -1.137333e+00
2.739000e+03, 7.119357e-01, 1.524711e-06, 6.358461e-02, 3.041377e-06, -8.538684e-01, -1.544644e+00, -7.941102e-01, -1.318642e+00, 1.349042e-10, 2.777976e-11, 4.584998e-11, 5.534730e-11, 1.033862e+02, -1.140115e+00
2.741900e+03, 7.131241e-01, 1.525512e-06, 6.362002e-02, 3.043665e-06, -8.563265e-01, -1.545150e+00, -7.949457e-01, -1.319651e+00, 1.337995e-10, 2.721318e-11, 4.513279e-11, 5.478115e-11, 1.031486e+02, -1.142857e+00
2.744800e+03, 7.142977e-01, 1.526303e-06, 6.365498e-02, 3.045932e-06, -8.587645e-01, -1.545646e+00, -7.957681e-01, -1.320649e+00, 1.327676e-10, 2.664631e-11, 4.447803e-11, 5.418255e-11, 1.029127e+02, -1.145558e+00
2.747700e+03, 7.154558e-01, 1.527074e-06, 6.368955e-02, 3.048178e-06, -8.611837e-01, -1.546131e+00, -7.965785e-01, -1.321636e+00, 1.317332e-10, 2.609510e-11, 4.376502e-11, 5.360388e-11, 1.026784e+02, -1.148216e+00
2.750600e+03, 7.166011e-01, 1.527847e-06, 6.372366e-02, 3.050404e-06, -8.635841e-01, -1.546607e+00, -7.973760e-01, -1.322613e+00, 1.307202e-10, 2.554335e-11, 4.317431e-11, 5.305418e-11, 1.024456e+02, -1.150836e+00
2.753500e+03, 7.177322e-01, 1.528610e-06, 6.375745e-02, 3.052618e-06, -8.659659e-01, -1.547072e+00, -7.981627e-01, -1.323580e+00, 1.296622e-10, 2.498932e-11, 4.240355e-11, 5.249737e-11, 1.022145e+02, -1.153417e+00
2.756400e+03, 7.188496e-01, 1.529364e-06, 6.379084e-02, 3.054811e-06, -8.683286e-01, -1.547528e+00, -7.989353e-01, -1.324536e+00, 1.286173e-10, 2.444374e-11, 4.175641e-11, 5.195167e-11, 1.019850e+02, -1.155959e+00
2.759300e+03, 7.199532e-01, 1.530109e-06, 6.382383e-02, 3.056993e-06, -8.706721e-01, -1.547973e+00, -7.996962e-01, -1.325483e+00, 1.276343e-10, 2.391102e-11, 4.111107e-11, 5.133836e-11, 1.017572e+02, -1.158463e+00
2.762200e+03, 7.210438e-01, 1.530854e-06, 6.385643e-02, 3.059143e-06, -8.729978e-01, -1.548409e+00, -8.004452e-01, -1.326418e+00, 1.265562e-10, 2.336401e-11, 4.040583e-11, 5.084019e-11, 1.015310e+02, -1.160931e+00
2.765100e+03, 7.221212e-01, 1.531589e-06, 6.388869e-02, 3.061292e-06, -8.753038e-01, -1.548834e+00, -8.011815e-01, -1.327345e+00, 1.256460e-10, 2.282484e-11, 3.976401e-11, 5.027454e-11, 1.013067e+02, -1.163362e+00
2.768000e+03, 7.231861e-01, 1.532306e-06, 6.392056e-02, 3.063420e-06, -8.775932e-01, -1.549250e+00, -8.019060e-01, -1.328261e+00, 1.245335e-10, 2.229527e-11, 3.918354e-11, 4.975401e-11, 1.010838e+02, -1.165758e+00
2.770900e+03, 7.242382e-01, 1.533023e-06, 6.395209e-02, 3.065536e-06, -8.798624e-01, -1.549657e+00, -8.026200e-01, -1.329167e+00, 1.235878e-10, 2.177716e-11, 3.848328e-11, 4.917515e-11, 1.008628e+02, -1.168118e+00
2.773800e+03, 7.252783e-01, 1.533740e-06, 6.398329e-02, 3.067630e-06, -8.821143e-01, -1.550053e+00, -8.033212e-01, -1.330063e+00, 1.226529e-10, 2.124889e-11, 3.784415e-11, 4.870085e-11, 1.006435e+02, -1.170445e+00
2.776700e+03, 7.263065e-01, 1.534448e-06, 6.401422e-02, 3.069722e-06, -8.843492e-01, -1.550440e+00, -8.040108e-01, -1.330951e+00, 1.216224e-10, 2.072533e-11, 3.732994e-11, 4.812573e-11, 1.004258e+02, -1.172740e+00
2.779600e+03, 7.273224e-01, 1.535146e-06, 6.404475e-02, 3.071792e-06, -8.865653e-01, -1.550818e+00, -8.046910e-01, -1.331827e+00, 1.206030e-10, 2.020645e-11, 3.657256e-11, 4.761228e-11, 1.002099e+02, -1.175000e+00
2.782500e+03, 7.283260e-01, 1.535835e-06, 6.407501e-02, 3.073851e-06, -8.887628e-01, -1.551186e+00, -8.053574e-01, -1.332695e+00, 1.196892e-10, 1.970265e-11, 3.599955e-11, 4.705852e-11, 9.999579e+01, -1.177227e+00
2.785400e+03, 7.293188e-01, 1.536525e-06, 6.410493e-02, 3.075887e-06, -8.909437e-01, -1.551545e+00, -8.060133e-01, -1.333553e+00, 1.186793e-10, 1.918921e-11, 3.542792e-11, 4.657310e-11, 9.978331e+01, -1.179424e+00
2.788300e+03, 7.303006e-01, 1.537205e-06, 6.413451e-02, 3.077922e-06, -8.931062e-01, -1.551895e+00, -8.066589e-01, -1.334401e+00, 1.177380e-10, 1.868037e-11, 3.479588e-11, 4.604719e-11, 9.957267e+01, -1.181589e+00
2.791200e+03, 7.312706e-01, 1.537875e-06, 6.416382e-02, 3.079944e-06, -8.952515e-01, -1.552235e+00, -8.072929e-01, -1.335240e+00, 1.167948e-10, 1.818618e-11, 3.416516e-11, 4.551611e-11, 9.936370e+01, -1.183724e+00
2.794100e+03, 7.322302e-01, 1.538546e-06, 6.419286e-02, 3.081943e-06, -8.973797e-01, -1.552567e+00, -8.079154e-01, -1.336070e+00, 1.158143e-10, 1.768624e-11, 3.365656e-11, 4.503496e-11, 9.915647e+01, -1.185829e+00
2.797000e+03, 7.331786e-01, 1.539207e-06, 6.422163e-02, 3.083941e-06, -8.994900e-01, -1.552889e+00, -8.085287e-01, -1.336890e+00, 1.148898e-10, 1.719355e-11, 3.296937e-11, 4.453111e-11, 9.895102e+01, -1.187904e+00
2.799900e+03, 7.341164e-01, 1.539868e-06, 6.425004e-02, 3.085925e-06, -9.015834e-01, -1.553202e+00, -8.091294e-01, -1.337702e+00, 1.139743e-10, 1.671216e-11, 3.240142e-11, 4.401150e-11, 9.874727e+01, -1.189951e+00
2.802800e+03, 7.350437e-01, 1.540530e-06, 6.427826e-02, 3.087897e-06, -9.036601e-01, -1.553507e+00, -8.097198e-01, -1.338503e+00, 1.130550e-10, 1.621573e-11, 3.189636e-11, 4.352803e-11, 9.854521e+01, -1.191969e+00
2.805700e+03, 7.359617e-01, 1.541173e-06, 6.430620e-02, 3.089857e-06, -9.057201e-01, -1.553802e+00, -8.103010e-01, -1.339297e+00, 1.120522e-10, 1.574549e-11, 3.133362e-11, 4.305208e-11, 9.834489e+01, -1.193961e+00
2.808600e+03, 7.368688e-01, 1.541825e-06, 6.433379e-02, 3.091814e-06, -9.077619e-01, -1.554089e+00, -8.108720e-01, -1.340081e+00, 1.112086e-10, 1.525800e-11, 3.070714e-11, 4.257129e-11, 9.814644e+01, -1.195923e+00
2.811500e+03, 7.377659e-01, 1.542458e-06, 6.436124e-02, 3.093757e-06, -9.097882e-01, -1.554367e+00, -8.114315e-01, -1.340857e+00, 1.103144e-10, 1.479249e-11, 3.014672e-11, 4.205744e-11, 9.794955e+01, -1.197860e+00
2.814400e+03, 7.386535e-01, 1.543101e-06, 6.438835e-02, 3.095688e-06, -9.117983e-01, -1.554637e+00, -8.119808e-01, -1.341623e+00, 1.093693e-10, 1.431952e-11, 2.964610e-11, 4.156235e-11, 9.775435e+01, -1.199770e+00
2.817300e+03, 7.395322e-01, 1.543735e-06, 6.441517e-02, 3.097606e-06, -9.137911e-01, -1.554898e+00, -8.125210e-01, -1.342380e+00, 1.085495e-10, 1.384740e-11, 2.908464e-11, 4.112593e-11, 9.756097e+01, -1.201656e+00
2.820200e+03, 7.404008e-01, 1.544359e-06, 6.444178e-02, 3.099521e-06, -9.157690e-01, -1.555150e+00, -8.130509e-01, -1.343130e+00, 1.075749e-10, 1.339224e-11, 2.852416e-11, 4.063343e-11, 9.736912e+01, -1.203515e+00
2.823100e+03, 7.412595e-01, 1.544983e-06, 6.446818e-02, 3.101423e-06, -9.177292e-01, -1.555394e+00, -8.135707e-01, -1.343870e+00, 1.067429e-10, 1.293408e-11, 2.802654e-11, 4.014237e-11, 9.717911e+01, -1.205349e+00
2.826000e+03, 7.421108e-01, 1.545608e-06, 6.449430e-02, 3.103311e-06, -9.196742e-01, -1.555630e+00, -8.140814e-01, -1.344602e+00, 1.058422e-10, 1.247826e-11, 2.746802e-11, 3.973177e-11, 9.699074e+01, -1.207161e+00
2.828900e+03, 7.429514e-01, 1.546223e-06, 6.452021e-02, 3.105206e-06, -9.216028e-01, -1.555857e+00, -8.145819e-01, -1.345326e+00, 1.049653e-10, 1.202490e-11, 2.703064e-11, 3.922081e-11, 9.680405e+01, -1.208946e+00
2.831800e+03, 7.437851e-01, 1.546838e-06, 6.454590e-02, 3.107078e-06, -9.235154e-01, -1.556076e+00, -8.150744e-01, -1.346040e+00, 1.041238e-10, 1.158270e-11, 2.641566e-11, 3.877291e-11, 9.661910e+01, -1.210711e+00
2.834700e+03, 7.446089e-01, 1.547453e-06, 6.457131e-02, 3.108946e-06, -9.254126e-01, -1.556287e+00, -8.155557e-01, -1.346747e+00, 1.032748e-10, 1.113596e-11, 2.598006e-11, 3.834316e-11, 9.643573e+01, -1.212450e+00
2.837600e+03, 7.454242e-01, 1.548058e-06, 6.459650e-02, 3.110810e-06, -9.272944e-01, -1.556490e+00, -8.160291e-01, -1.347445e+00, 1.024326e-10, 1.069496e-11, 2.548335e-11, 3.787542e-11, 9.625400e+01, -1.214168e+00
2.840500e+03, 7.462309e-01, 1.548664e-06, 6.462155e-02, 3.112661e-06, -9.291609e-01, -1.556685e+00, -8.164935e-01, -1.348136e+00, 1.015380e-10, 1.026016e-11, 2.487117e-11, 3.743063e-11, 9.607389e+01, -1.215862e+00
2.843400e+03, 7.470296e-01, 1.549260e-06, 6.464631e-02, 3.114508e-06, -9.310110e-01, -1.556872e+00, -8.169466e-01, -1.348818e+00, 1.007526e-10, 9.823843e-12, 2.455801e-11, 3.700396e-11, 9.589552e+01, -1.217535e+00
2.846300e+03, 7.478203e-01, 1.549856e-06, 6.467086e-02, 3.116352e-06, -9.328468e-01, -1.557051e+00, -8.173941e-01, -1.349492e+00, 9.992970e-11, 9.398643e-12, 2.394373e-11, 3.653968e-11, 9.571869e+01, -1.219188e+00
2.849200e+03, 7.486023e-01, 1.550453e-06, 6.469526e-02, 3.118181e-06, -9.346677e-01, -1.557222e+00, -8.178304e-01, -1.350158e+00, 9.908202e-11, 8.973931e-12, 2.345412e-11, 3.613227e-11, 9.554343e+01, -1.220818e+00
2.852100e+03, 7.493784e-01, 1.551049e-06, 6.471937e-02, 3.120007e-06, -9.364731e-01, -1.557386e+00, -8.182578e-01, -1.350816e+00, 9.828694e-11, 8.548554e-12, 2.308120e-11, 3.569142e-11, 9.536987e+01, -1.222430e+00
2.855000e+03, 7.501441e-01, 1.551636e-06, 6.474333e-02, 3.121828e-06, -9.382640e-01, -1.557541e+00, -8.186783e-01, -1.351466e+00, 9.745088e-11, 8.136626e-12, 2.259313e-11, 3.526864e-11, 9.519779e+01, -1.224018e+00
2.857900e+03, 7.509038e-01, 1.552233e-06, 6.476701e-02, 3.123646e-06, -9.400397e-01, -1.557690e+00, -8.190900e-01, -1.352109e+00, 9.667910e-11, 7.714799e-12, 2.210181e-11, 3.482591e-11, 9.502738e+01, -1.225588e+00
2.860800e+03, 7.516567e-01, 1.552811e-06, 6.479053e-02, 3.125449e-06, -9.418013e-01, -1.557830e+00, -8.194927e-01, -1.352744e+00, 9.582692e-11, 7.307339e-12, 2.167309e-11, 3.440516e-11, 9.485851e+01, -1.227140e+00
2.863700e+03, 7.524012e-01, 1.553398e-06, 6.481384e-02, 3.127248e-06, -9.435474e-01, -1.557963e+00, -8.198876e-01, -1.353370e+00, 9.512519e-11, 6.894753e-12, 2.118315e-11, 3.398528e-11, 9.469126e+01, -1.228671e+00
2.866600e+03, 7.531382e-01, 1.553975e-06, 6.483699e-02, 3.129043e-06, -9.452807e-01, -1.558089e+00, -8.202736e-01, -1.353990e+00, 9.426792e-11, 6.495177e-12, 2.075579e-11, 3.358340e-11, 9.452538e+01, -1.230184e+00
2.869500e+03, 7.538681e-01, 1.554563e-06, 6.485993e-02, 3.130833e-06, -9.469983e-01, -1.558207e+00, -8.206518e-01, -1.354602e+00, 9.345849e-11, 6.094178e-12, 2.032909e-11, 3.318236e-11, 9.436118e+01, -1.231677e+00
2.872400e+03, 7.545917e-01, 1.555141e-06, 6.488265e-02, 3.132619e-06, -9.487013e-01, -1.558318e+00, -8.210222e-01, -1.355206e+00, 9.277226e-11, 5.686687e-12, 1.990306e-11, 3.276506e-11, 9.419858e+01, -1.233153e+00
2.875300e+03, 7.553076e-01, 1.555709e-06, 6.490514e-02, 3.134401e-06, -9.503917e-01, -1.558422e+00, -8.213849e-01, -1.355803e+00, 9.197278e-11, 5.298987e-12, 1.947333e-11, 3.236572e-11, 9.403731e+01, -1.234611e+00
2.878200e+03, 7.560172e-01, 1.556287e-06, 6.492755e-02, 3.136177e-06, -9.520676e-01, -1.558519e+00, -8.217397e-01, -1.356393e+00, 9.117817e-11, 4.906547e-12, 1.911040e-11, 3.196721e-11, 9.387761e+01, -1.236052e+00
2.881100e+03, 7.567202e-01, 1.556856e-06, 6.494968e-02, 3.137950e-06, -9.537289e-01, -1.558608e+00, -8.220879e-01, -1.356976e+00, 9.044754e-11, 4.519639e-12, 1.862430e-11, 3.153254e-11, 9.371947e+01, -1.237475e+00
2.884000e+03, 7.574160e-01, 1.557434e-06, 6.497165e-02, 3.139707e-06, -9.553770e-01, -1.558690e+00, -8.224273e-01, -1.357550e+00, 8.970425e-11, 4.131642e-12, 1.825817e-11, 3.117279e-11, 9.356275e+01, -1.238881e+00
2.886900e+03, 7.581061e-01, 1.558003e-06, 6.499347e-02, 3.141470e-06, -9.570115e-01, -1.558766e+00, -8.227600e-01, -1.358118e+00, 8.892373e-11, 3.747670e-12, 1.783514e-11, 3.079382e-11, 9.340750e+01, -1.240271e+00
2.889800e+03, 7.587895e-01, 1.558562e-06, 6.501507e-02, 3.143228e-06, -9.586318e-01, -1.558834e+00, -8.230850e-01, -1.358679e+00, 8.820710e-11, 3.372559e-12, 1.747007e-11, 3.038152e-11, 9.325378e+01, -1.241644e+00
2.892700e+03, 7.594657e-01, 1.559130e-06, 6.503651e-02, 3.144981e-06, -9.602391e-01, -1.558895e+00, -8.234033e-01, -1.359233e+00, 8.745930e-11, 2.997144e-12, 1.704816e-11, 3.000416e-11, 9.310142e+01, -1.243000e+00
2.895600e+03, 7.601373e-01, 1.559699e-06, 6.505773e-02, 3.146729e-06, -9.618327e-01, -1.558950e+00, -8.237139e-01, -1.359779e+00, 8.675141e-11, 2.617989e-12, 1.668413e-11, 2.962758e-11, 9.295058e+01, -1.244342e+00
2.898500e+03, 7.608016e-01, 1.560259e-06, 6.507880e-02, 3.148472e-06, -9.634134e-01, -1.558998e+00, -8.240179e-01, -1.360319e+00, 8.602990e-11, 2.253972e-12, 1.626333e-11, 2.923474e-11, 9.280109e+01, -1.245667e+00
2.901400e+03, 7.614599e-01, 1.560818e-06, 6.509965e-02, 3.150211e-06, -9.649810e-01, -1.559039e+00, -8.243143e-01, -1.360852e+00, 8.535342e-11, 1.887438e-12, 1.601940e-11, 2.889592e-11, 9.265301e+01, -1.246977e+00
2.904300e+03, 7.621129e-01, 1.561387e-06, 6.512035e-02, 3.151954e-06, -9.665362e-01, -1.559073e+00, -8.246062e-01, -1.361379e+00, 8.453980e-11, 1.520076e-12, 1.553771e-11, 2.846835e-11, 9.250627e+01, -1.248273e+00
2.907200e+03, 7.627596e-01, 1.561947e-06, 6.514089e-02, 3.153682e-06, -9.680766e-01, -1.559101e+00, -8.248893e-01, -1.361897e+00, 8.393046e-11, 1.156649e-12, 1.523747e-11, 2.814788e-11, 9.236110e+01, -1.249553e+00
2.910100e+03, 7.634004e-01, 1.562496e-06, 6.516121e-02, 3.155414e-06, -9.696060e-01, -1.559122e+00, -8.251669e-01, -1.362410e+00, 8.316566e-11, 8.018158e-13, 1.481870e-11, 2.775793e-11, 9.221712e+01, -1.250819e+00
2.913000e+03, 7.640356e-01, 1.563056e-06, 6.518130e-02, 3.157141e-06, -9.711213e-01, -1.559137e+00, -8.254369e-01, -1.362916e+00, 8.244520e-11, 4.502777e-13, 1.451462e-11, 2.738577e-11, 9.207463e+01, -1.252070e+00
2.915900e+03, 7.646660e-01, 1.563616e-06, 6.520131e-02, 3.158864e-06, -9.726236e-01, -1.559145e+00, -8.257014e-01, -1.363415e+00, 8.184692e-11, 9.560867e-14, 1.421569e-11, 2.706702e-11, 9.193356e+01, -1.253308e+00
2.918800e+03, 7.652904e-01, 1.564176e-06, 6.522110e-02, 3.160590e-06, -9.741149e-01, -1.559147e+00, -8.259604e-01, -1.363908e+00, 8.109337e-11, -2.592601e-13, 1.379346e-11, 2.666058e-11, 9.179365e+01, -1.254532e+00
2.921700e+03, 7.659091e-01, 1.564726e-06, 6.524081e-02, 3.162301e-06, -9.755926e-01, -1.559142e+00, -8.262118e-01, -1.364394e+00, 8.048310e-11, -5.985676e-13, 1.350027e-11, 2.632611e-11, 9.165520e+01, -1.255742e+00
2.924600e+03, 7.665231e-01, 1.565287e-06, 6.526015e-02, 3.164017e-06, -9.770591e-01, -1.559131e+00, -8.264578e-01, -1.364874e+00, 7.973672e-11, -9.491931e-13, 1.313589e-11, 2.595672e-11, 9.151795e+01, -1.256939e+00
2.927500e+03, 7.671313e-01, 1.565837e-06, 6.527947e-02, 3.165727e-06, -9.785120e-01, -1.559114e+00, -8.266971e-01, -1.365347e+00, 7.913310e-11, -1.288359e-12, 1.290047e-11, 2.564029e-11, 9.138213e+01, -1.258123e+00
2.930400e+03, 7.677348e-01, 1.566387e-06, 6.529851e-02, 3.167442e-06, -9.799539e-01, -1.559090e+00, -8.269322e-01, -1.365814e+00, 7.839375e-11, -1.626558e-12, 1.253678e-11, 2.528912e-11, 9.124750e+01, -1.259294e+00
2.933300e+03, 7.683324e-01, 1.566948e-06, 6.531753e-02, 3.169151e-06, -9.813823e-01, -1.559061e+00, -8.271606e-01, -1.366275e+00, 7.773727e-11, -1.962104e-12, 1.224524e-11, 2.492170e-11, 9.111427e+01, -1.260451e+00
2.936200e+03, 7.689257e-01, 1.567499e-06, 6.533619e-02, 3.170854e-06, -9.827988e-01, -1.559025e+00, -8.273837e-01, -1.366729e+00, 7.714316e-11, -2.296698e-12, 1.194412e-11, 2.457195e-11, 9.098234e+01, -1.261597e+00
2.939100e+03, 7.695142e-01, 1.568049e-06, 6.535477e-02, 3.172552e-06, -9.842044e-01, -1.558983e+00, -8.276014e-01, -1.367176e+00, 7.645325e-11, -2.630939e-12, 1.164834e-11, 2.425779e-11, 9.085155e+01, -1.262731e+00
2.942000e+03, 7.700975e-01, 1.568600e-06, 6.537312e-02, 3.174254e-06, -9.855975e-01, -1.558935e+00, -8.278136e-01, -1.367618e+00, 7.580585e-11, -2.954335e-12, 1.129111e-11, 2.394404e-11, 9.072210e+01, -1.263852e+00
2.944900e+03, 7.706764e-01, 1.569151e-06, 6.539131e-02, 3.175959e-06, -9.869788e-01, -1.558881e+00, -8.280194e-01, -1.368055e+00, 7.518163e-11, -3.280887e-12, 1.105281e-11, 2.356131e-11, 9.059390e+01, -1.264962e+00
2.947800e+03, 7.712496e-01, 1.569703e-06, 6.540936e-02, 3.177650e-06, -9.883487e-01, -1.558821e+00, -8.282208e-01, -1.368484e+00, -1.085577e-07, -5.431983e-08, -5.430531e-08, -5.429289e-08, 9.046688e+01, -1.266059e+00
2.950700e+03, 1.295640e+00, 2.034484e-06, 8.477013e-02, 4.119291e-06, 9.897061e-01, -5.690469e-01, 1.612892e-01, -3.792004e-01, -7.403926e-11, -7.764854e-11, -6.344093e-11, -5.091449e-11, 9.034119e+01, 1.874447e+00
2.953600e+03, 1.294698e+00, 2.033714e-06, 8.473110e-02, 4.118480e-06, 9.910552e-01, -5.676321e-01, 1.624451e-01, -3.782727e-01, -7.324023e-11, -7.770721e-11, -6.303065e-11, -5.068668e-11, 9.021634e+01, 1.873376e+00
2.956500e+03, 1.293760e+00, 2.032948e-06, 8.469228e-02, 4.117681e-06, 9.923897e-01, -5.662161e-01, 1.635936e-01, -3.773491e-01, -7.251000e-11, -7.708129e-11, -6.266214e-11, -5.038340e-11, 9.009306e+01, 1.872312e+00
2.959400e+03, 1.292825e+00, 2.032202e-06, 8.465386e-02, 4.116905e-06, 9.937110e-01, -5.648116e-01, 1.647354e-01, -3.764311e-01, -7.220475e-11, -7.690934e-11, -6.237770e-11, -5.007913e-11, 8.997125e+01, 1.871255e+00
2.962300e+03, 1.291910e+00, 2.031466e-06, 8.461567e-02, 4.116154e-06, 9.950266e-01, -5.634102e-01, 1.658720e-01, -3.755186e-01, -7.120256e-11, -7.650761e-11, -6.195369e-11, -4.982265e-11, 8.984989e+01, 1.870218e+00
2.965200e+03, 1.290991e+00, 2.030744e-06, 8.457777e-02, 4.115435e-06, 9.963240e-01, -5.620162e-01, 1.670009e-01, -3.746107e-01, -7.092700e-11, -7.633290e-11, -6.159256e-11, -4.946750e-11, 8.973059e+01, 1.869181e+00
2.968100e+03, 1.290091e+00, 2.030032e-06, 8.454017e-02, 4.114730e-06, 9.976164e-01, -5.606253e-01, 1.681232e-01, -3.737094e-01, -7.015112e-11, -7.615712e-11, -6.129439e-11, -4.911169e-11, 8.961170e+01, 1.868163e+00
2.971000e+03, 1.289196e+00, 2.029328e-06, 8.450289e-02, 4.114040e-06, 9.988946e-01, -5.592376e-01, 1.692400e-01, -3.728145e-01, -6.967498e-11, -7.552124e-11, -6.087816e-11, -4.897651e-11, 8.949433e+01, 1.867152e+00
2.973900e+03, 1.288310e+00, 2.028645e-06, 8.446579e-02, 4.113379e-06, 1.000164e+00, -5.578615e-01, 1.703493e-01, -3.719221e-01, -6.889461e-11, -7.557200e-11, -6.051401e-11, -4.866751e-11, 8.937784e+01, 1.866153e+00
2.976800e+03, 1.287428e+00, 2.027965e-06, 8.442899e-02, 4.112742e-06, 1.001420e+00, -5.564845e-01, 1.714520e-01, -3.710353e-01, -6.841365e-11, -7.493235e-11, -6.015999e-11, -4.830929e-11, 8.926288e+01, 1.865161e+00
2.979700e+03, 1.286557e+00, 2.027305e-06, 8.439239e-02, 4.112119e-06, 1.002666e+00, -5.551191e-01, 1.725481e-01, -3.701551e-01, -6.789411e-11, -7.498102e-11, -5.979392e-11, -4.799863e-11, 8.914881e+01, 1.864181e+00
2.982600e+03, 1.285697e+00, 2.026649e-06, 8.435608e-02, 4.111519e-06, 1.003903e+00, -5.537529e-01, 1.736377e-01, -3.692805e-01, -6.717899e-11, -7.433768e-11, -5.943815e-11, -4.785967e-11, 8.903569e+01, 1.863213e+00
2.985500e+03, 1.284839e+00, 2.026012e-06, 8.431996e-02, 4.110948e-06, 1.005127e+00, -5.523984e-01, 1.747207e-01, -3.684084e-01, -6.665476e-11, -7.438428e-11, -5.901746e-11, -4.745116e-11, 8.892397e+01, 1.862250e+00
2.988400e+03, 1.283992e+00, 2.025379e-06, 8.428402e-02, 4.110381e-06, 1.006342e+00, -5.510430e-01, 1.757961e-01, -3.675438e-01, -6.620020e-11, -7.396841e-11, -5.871274e-11, -4.718598e-11, 8.881321e+01, 1.861299e+00
2.991300e+03, 1.283155e+00, 2.024760e-06, 8.424838e-02, 4.109847e-06, 1.007548e+00, -5.496952e-01, 1.768659e-01, -3.666840e-01, -6.544281e-11, -7.355075e-11, -5.829032e-11, -4.687183e-11, 8.870328e+01, 1.860359e+00
2.994200e+03, 1.282320e+00, 2.024155e-06, 8.421291e-02, 4.109336e-06, 1.008741e+00, -5.483550e-01, 1.779280e-01, -3.658299e-01, -6.498398e-11, -7.336294e-11, -5.794283e-11, -4.663391e-11, 8.859483e+01, 1.859425e+00
2.997100e+03, 1.281496e+00, 2.023559e-06, 8.417753e-02, 4.108836e-06, 1.009925e+00, -5.470183e-01, 1.789838e-01, -3.649802e-01, -6.425904e-11, -7.317414e-11, -5.757144e-11, -4.644317e-11, 8.848721e+01, 1.858502e+00
3.000000e+03, 1.280673e+00, 2.022972e-06, 8.414243e-02, 4.108354e-06, 1.011096e+00, -5.456849e-01, 1.800328e-01, -3.641340e-01, -6.425904e-11, -7.317414e-11, -5.757144e-11, -4.644317e-11, 8.838100e+01, 1.857583e+00
