0	0
6.40073e-14	-0.000112512
1.28015e-13	-0.000112582
1.92022e-13	-0.000112652
2.56029e-13	-0.000112722
3.20037e-13	-0.000112793
3.84044e-13	-0.000112863
4.48051e-13	-0.000112933
5.12059e-13	-0.000113003
5.76066e-13	-0.000113073
6.40073e-13	-0.000113143
7.04081e-13	-0.000113213
7.68088e-13	-0.000113284
8.32095e-13	-0.000113354
8.96103e-13	-0.000113424
9.6011e-13	-0.000113494
1.02412e-12	-0.000113564
1.08812e-12	-0.000113635
1.15213e-12	-0.000113705
1.21614e-12	-0.000113775
1.28015e-12	-0.000113846
1.34415e-12	-0.000113916
1.40816e-12	-0.000113986
1.47217e-12	-0.000114057
1.53618e-12	-0.000114127
1.60018e-12	-0.000114198
1.66419e-12	-0.000114268
1.7282e-12	-0.000114338
1.79221e-12	-0.000114409
1.85621e-12	-0.000114479
1.92022e-12	-0.00011455
1.98423e-12	-0.00011462
2.04823e-12	-0.000114691
2.11224e-12	-0.000114761
2.17625e-12	-0.000114832
2.24026e-12	-0.000114903
2.30426e-12	-0.000114973
2.36827e-12	-0.000115044
2.43228e-12	-0.000115114
2.49629e-12	-0.000115185
2.56029e-12	-0.000115256
2.6243e-12	-0.000115326
2.68831e-12	-0.000115397
2.75232e-12	-0.000115468
2.81632e-12	-0.000115538
2.88033e-12	-0.000115609
2.94434e-12	-0.00011568
3.00834e-12	-0.000115751
3.07235e-12	-0.000115822
3.13636e-12	-0.000115892
3.20037e-12	-0.000115963
3.26437e-12	-0.000116034
3.32838e-12	-0.000116105
3.39239e-12	-0.000116176
3.4564e-12	-0.000116247
3.5204e-12	-0.000116318
3.58441e-12	-0.000116388
3.64842e-12	-0.000116459
3.71243e-12	-0.00011653
3.77643e-12	-0.000116601
3.84044e-12	-0.000116672
3.90445e-12	-0.000116743
3.96845e-12	-0.000116814
4.03246e-12	-0.000116885
4.09647e-12	-0.000116956
4.16048e-12	-0.000117027
4.22448e-12	-0.000117099
4.28849e-12	-0.00011717
4.3525e-12	-0.000117241
4.41651e-12	-0.000117312
4.48051e-12	-0.000117383
4.54452e-12	-0.000117454
4.60853e-12	-0.000117525
4.67254e-12	-0.000117596
4.73654e-12	-0.000117668
4.80055e-12	-0.000117739
4.86456e-12	-0.00011781
4.92856e-12	-0.000117881
4.99257e-12	-0.000117953
5.05658e-12	-0.000118024
5.12059e-12	-0.000118095
5.18459e-12	-0.000118166
5.2486e-12	-0.000118238
5.31261e-12	-0.000118309
5.37662e-12	-0.000118381
5.44062e-12	-0.000118452
5.50463e-12	-0.000118523
5.56864e-12	-0.000118595
5.63264e-12	-0.000118666
5.69665e-12	-0.000118737
5.76066e-12	-0.000118809
5.82467e-12	-0.00011888
5.88867e-12	-0.000118952
5.95268e-12	-0.000119023
6.01669e-12	-0.000119095
6.0807e-12	-0.000119166
6.1447e-12	-0.000119238
6.20871e-12	-0.000119309
6.27272e-12	-0.000119381
6.33673e-12	-0.000119453
6.40073e-12	-0.000119524
6.46474e-12	-0.000119596
6.52875e-12	-0.000119667
6.59275e-12	-0.000119739
6.65676e-12	-0.000119811
6.72077e-12	-0.000119882
6.78478e-12	-0.000119954
6.84878e-12	-0.000120026
6.91279e-12	-0.000120097
6.9768e-12	-0.000120169
7.04081e-12	-0.000120241
7.10481e-12	-0.000120313
7.16882e-12	-0.000120384
7.23283e-12	-0.000120456
7.29684e-12	-0.000120528
7.36084e-12	-0.0001206
7.42485e-12	-0.000120671
7.48886e-12	-0.000120743
7.55286e-12	-0.000120815
7.61687e-12	-0.000120887
7.68088e-12	-0.000120959
7.74489e-12	-0.000121031
7.80889e-12	-0.000121103
7.8729e-12	-0.000121174
7.93691e-12	-0.000121246
8.00092e-12	-0.000121318
8.06492e-12	-0.00012139
8.12893e-12	-0.000121462
8.19294e-12	-0.000121534
8.25695e-12	-0.000121606
8.32095e-12	-0.000121678
8.38496e-12	-0.00012175
8.44897e-12	-0.000121822
8.51297e-12	-0.000121894
8.57698e-12	-0.000121966
8.64099e-12	-0.000122038
8.705e-12	-0.000122111
8.769e-12	-0.000122183
8.83301e-12	-0.000122255
8.89702e-12	-0.000122327
8.96103e-12	-0.000122399
9.02503e-12	-0.000122471
9.08904e-12	-0.000122543
9.15305e-12	-0.000122615
9.21706e-12	-0.000122688
9.28106e-12	-0.00012276
9.34507e-12	-0.000122832
9.40908e-12	-0.000122904
9.47308e-12	-0.000122977
9.53709e-12	-0.000123049
9.6011e-12	-0.000123121
9.66511e-12	-0.000123193
9.72911e-12	-0.000123266
9.79312e-12	-0.000123338
9.85713e-12	-0.00012341
9.92114e-12	-0.000123483
9.98514e-12	-0.000123555
1.00492e-11	-0.000123627
1.01132e-11	-0.0001237
1.01772e-11	-0.000123772
1.02412e-11	-0.000123844
1.03052e-11	-0.000123917
1.03692e-11	-0.000123989
1.04332e-11	-0.000124062
1.04972e-11	-0.000124134
1.05612e-11	-0.000124206
1.06252e-11	-0.000124279
1.06892e-11	-0.000124351
1.07532e-11	-0.000124424
1.08172e-11	-0.000124496
1.08812e-11	-0.000124569
1.09453e-11	-0.000124641
1.10093e-11	-0.000124714
1.10733e-11	-0.000124786
1.11373e-11	-0.000124859
1.12013e-11	-0.000124931
1.12653e-11	-0.000125004
1.13293e-11	-0.000125077
1.13933e-11	-0.000125149
1.14573e-11	-0.000125222
1.15213e-11	-0.000125294
1.15853e-11	-0.000125367
1.16493e-11	-0.00012544
1.17133e-11	-0.000125512
1.17773e-11	-0.000125585
1.18414e-11	-0.000125658
1.19054e-11	-0.00012573
1.19694e-11	-0.000125803
1.20334e-11	-0.000125876
1.20974e-11	-0.000125949
1.21614e-11	-0.000126021
1.22254e-11	-0.000126094
1.22894e-11	-0.000126167
1.23534e-11	-0.00012624
1.24174e-11	-0.000126312
1.24814e-11	-0.000126385
1.25454e-11	-0.000126458
1.26094e-11	-0.000126531
1.26735e-11	-0.000126604
1.27375e-11	-0.000126676
1.28015e-11	-0.000126749
1.28655e-11	-0.000126822
1.29295e-11	-0.000126895
1.29935e-11	-0.000126968
1.30575e-11	-0.000127041
1.31215e-11	-0.000127114
1.31855e-11	-0.000127186
1.32495e-11	-0.000127259
1.33135e-11	-0.000127332
1.33775e-11	-0.000127405
1.34415e-11	-0.000127478
1.35055e-11	-0.000127551
1.35696e-11	-0.000127624
1.36336e-11	-0.000127697
1.36976e-11	-0.00012777
1.37616e-11	-0.000127843
1.38256e-11	-0.000127916
1.38896e-11	-0.000127989
1.39536e-11	-0.000128062
1.40176e-11	-0.000128135
1.40816e-11	-0.000128208
1.41456e-11	-0.000128281
1.42096e-11	-0.000128354
1.42736e-11	-0.000128427
1.43376e-11	-0.0001285
1.44016e-11	-0.000128574
1.44657e-11	-0.000128647
1.45297e-11	-0.00012872
1.45937e-11	-0.000128793
1.46577e-11	-0.000128866
1.47217e-11	-0.000128939
1.47857e-11	-0.000129012
1.48497e-11	-0.000129085
1.49137e-11	-0.000129159
1.49777e-11	-0.000129232
1.50417e-11	-0.000129305
1.51057e-11	-0.000129378
1.51697e-11	-0.000129451
1.52337e-11	-0.000129525
1.52978e-11	-0.000129598
1.53618e-11	-0.000129671
1.54258e-11	-0.000129744
1.54898e-11	-0.000129817
1.55538e-11	-0.000129891
1.56178e-11	-0.000129964
1.56818e-11	-0.000130037
1.57458e-11	-0.000130111
1.58098e-11	-0.000130184
1.58738e-11	-0.000130257
1.59378e-11	-0.00013033
1.60018e-11	-0.000130404
1.60658e-11	-0.000130477
1.61298e-11	-0.00013055
1.61939e-11	-0.000130624
1.62579e-11	-0.000130697
1.63219e-11	-0.00013077
1.63859e-11	-0.000130844
1.64499e-11	-0.000130917
1.65139e-11	-0.000130991
1.65779e-11	-0.000131064
1.66419e-11	-0.000131137
1.67059e-11	-0.000131211
1.67699e-11	-0.000131284
1.68339e-11	-0.000131358
1.68979e-11	-0.000131431
1.69619e-11	-0.000131504
1.70259e-11	-0.000131578
1.709e-11	-0.000131651
1.7154e-11	-0.000131725
1.7218e-11	-0.000131798
1.7282e-11	-0.000131872
1.7346e-11	-0.000131945
1.741e-11	-0.000132019
1.7474e-11	-0.000132092
1.7538e-11	-0.000132166
1.7602e-11	-0.000132239
1.7666e-11	-0.000132313
1.773e-11	-0.000132386
1.7794e-11	-0.00013246
1.7858e-11	-0.000132533
1.79221e-11	-0.000132607
1.79861e-11	-0.00013268
1.80501e-11	-0.000132754
1.81141e-11	-0.000132827
1.81781e-11	-0.000132901
1.82421e-11	-0.000132975
1.83061e-11	-0.000133048
1.83701e-11	-0.000133122
1.84341e-11	-0.000133195
1.84981e-11	-0.000133269
1.85621e-11	-0.000133343
1.86261e-11	-0.000133416
1.86901e-11	-0.00013349
1.87541e-11	-0.000133564
1.88182e-11	-0.000133637
1.88822e-11	-0.000133711
1.89462e-11	-0.000133784
1.90102e-11	-0.000133858
1.90742e-11	-0.000133932
1.91382e-11	-0.000134005
1.92022e-11	-0.000134079
1.92662e-11	-0.000134153
1.93302e-11	-0.000134226
1.93942e-11	-0.0001343
1.94582e-11	-0.000134374
1.95222e-11	-0.000134448
1.95862e-11	-0.000134521
1.96502e-11	-0.000134595
1.97143e-11	-0.000134669
1.97783e-11	-0.000134742
1.98423e-11	-0.000134816
1.99063e-11	-0.00013489
1.99703e-11	-0.000134964
2.00343e-11	-0.000135037
2.00983e-11	-0.000135111
2.01623e-11	-0.000135185
2.02263e-11	-0.000135259
2.02903e-11	-0.000135332
2.03543e-11	-0.000135406
2.04183e-11	-0.00013548
2.04823e-11	-0.000135554
2.05464e-11	-0.000135628
2.06104e-11	-0.000135701
2.06744e-11	-0.000135775
2.07384e-11	-0.000135849
2.08024e-11	-0.000135923
2.08664e-11	-0.000135997
2.09304e-11	-0.00013607
2.09944e-11	-0.000136144
2.10584e-11	-0.000136218
2.11224e-11	-0.000136292
2.11864e-11	-0.000136366
2.12504e-11	-0.00013644
2.13144e-11	-0.000136513
2.13784e-11	-0.000136587
2.14425e-11	-0.000136661
2.15065e-11	-0.000136735
2.15705e-11	-0.000136809
2.16345e-11	-0.000136883
2.16985e-11	-0.000136957
2.17625e-11	-0.00013703
2.18265e-11	-0.000137104
2.18905e-11	-0.000137178
2.19545e-11	-0.000137252
2.20185e-11	-0.000137326
2.20825e-11	-0.0001374
2.21465e-11	-0.000137474
2.22105e-11	-0.000137548
2.22746e-11	-0.000137622
2.23386e-11	-0.000137696
2.24026e-11	-0.000137769
2.24666e-11	-0.000137843
2.25306e-11	-0.000137917
2.25946e-11	-0.000137991
2.26586e-11	-0.000138065
2.27226e-11	-0.000138139
2.27866e-11	-0.000138213
2.28506e-11	-0.000138287
2.29146e-11	-0.000138361
2.29786e-11	-0.000138435
2.30426e-11	-0.000138509
2.31066e-11	-0.000138583
2.31707e-11	-0.000138657
2.32347e-11	-0.000138731
2.32987e-11	-0.000138805
2.33627e-11	-0.000138879
2.34267e-11	-0.000138952
2.34907e-11	-0.000139026
2.35547e-11	-0.0001391
2.36187e-11	-0.000139174
2.36827e-11	-0.000139248
2.37467e-11	-0.000139322
2.38107e-11	-0.000139396
2.38747e-11	-0.00013947
2.39387e-11	-0.000139544
2.40027e-11	-0.000139618
2.40668e-11	-0.000139692
2.41308e-11	-0.000139766
2.41948e-11	-0.00013984
2.42588e-11	-0.000139914
2.43228e-11	-0.000139988
2.43868e-11	-0.000140062
2.44508e-11	-0.000140136
2.45148e-11	-0.00014021
2.45788e-11	-0.000140284
2.46428e-11	-0.000140358
2.47068e-11	-0.000140432
2.47708e-11	-0.000140506
2.48348e-11	-0.00014058
2.48989e-11	-0.000140654
2.49629e-11	-0.000140728
2.50269e-11	-0.000140802
2.50909e-11	-0.000140876
2.51549e-11	-0.00014095
2.52189e-11	-0.000141024
2.52829e-11	-0.000141098
2.53469e-11	-0.000141172
2.54109e-11	-0.000141246
2.54749e-11	-0.00014132
2.55389e-11	-0.000141394
2.56029e-11	-0.000141468
2.56669e-11	-0.000141542
2.57309e-11	-0.000141616
2.5795e-11	-0.00014169
2.5859e-11	-0.000141764
2.5923e-11	-0.000141838
2.5987e-11	-0.000141912
2.6051e-11	-0.000141986
2.6115e-11	-0.00014206
2.6179e-11	-0.000142135
2.6243e-11	-0.000142209
2.6307e-11	-0.000142283
2.6371e-11	-0.000142357
2.6435e-11	-0.000142431
2.6499e-11	-0.000142505
2.6563e-11	-0.000142579
2.6627e-11	-0.000142653
2.66911e-11	-0.000142727
2.67551e-11	-0.000142801
2.68191e-11	-0.000142875
2.68831e-11	-0.000142949
2.69471e-11	-0.000143023
2.70111e-11	-0.000143097
2.70751e-11	-0.000143171
2.71391e-11	-0.000143245
2.72031e-11	-0.000143319
2.72671e-11	-0.000143393
2.73311e-11	-0.000143467
2.73951e-11	-0.000143541
2.74591e-11	-0.000143615
2.75232e-11	-0.000143689
2.75872e-11	-0.000143763
2.76512e-11	-0.000143837
2.77152e-11	-0.000143911
2.77792e-11	-0.000143985
2.78432e-11	-0.000144059
2.79072e-11	-0.000144133
2.79712e-11	-0.000144207
2.80352e-11	-0.000144281
2.80992e-11	-0.000144355
2.81632e-11	-0.000144429
2.82272e-11	-0.000144503
2.82912e-11	-0.000144577
2.83552e-11	-0.000144651
2.84193e-11	-0.000144725
2.84833e-11	-0.000144799
2.85473e-11	-0.000144873
2.86113e-11	-0.000144947
2.86753e-11	-0.000145021
2.87393e-11	-0.000145095
2.88033e-11	-0.000145169
2.88673e-11	-0.000145243
2.89313e-11	-0.000145317
2.89953e-11	-0.000145391
2.90593e-11	-0.000145465
2.91233e-11	-0.000145539
2.91873e-11	-0.000145613
2.92513e-11	-0.000145687
2.93154e-11	-0.000145761
2.93794e-11	-0.000145835
2.94434e-11	-0.000145909
2.95074e-11	-0.000145983
2.95714e-11	-0.000146056
2.96354e-11	-0.00014613
2.96994e-11	-0.000146204
2.97634e-11	-0.000146278
2.98274e-11	-0.000146352
2.98914e-11	-0.000146426
2.99554e-11	-0.0001465
3.00194e-11	-0.000146574
3.00834e-11	-0.000146648
3.01475e-11	-0.000146722
3.02115e-11	-0.000146796
3.02755e-11	-0.00014687
3.03395e-11	-0.000146944
3.04035e-11	-0.000147018
3.04675e-11	-0.000147091
3.05315e-11	-0.000147165
3.05955e-11	-0.000147239
3.06595e-11	-0.000147313
3.07235e-11	-0.000147387
3.07875e-11	-0.000147461
3.08515e-11	-0.000147535
3.09155e-11	-0.000147609
3.09795e-11	-0.000147683
3.10436e-11	-0.000147756
3.11076e-11	-0.00014783
3.11716e-11	-0.000147904
3.12356e-11	-0.000147978
3.12996e-11	-0.000148052
3.13636e-11	-0.000148126
3.14276e-11	-0.000148199
3.14916e-11	-0.000148273
3.15556e-11	-0.000148347
3.16196e-11	-0.000148421
3.16836e-11	-0.000148495
3.17476e-11	-0.000148569
3.18116e-11	-0.000148642
3.18756e-11	-0.000148716
3.19397e-11	-0.00014879
3.20037e-11	-0.000148864
3.20677e-11	-0.000148938
3.21317e-11	-0.000149011
3.21957e-11	-0.000149085
3.22597e-11	-0.000149159
3.23237e-11	-0.000149233
3.23877e-11	-0.000149306
3.24517e-11	-0.00014938
3.25157e-11	-0.000149454
3.25797e-11	-0.000149528
3.26437e-11	-0.000149601
3.27077e-11	-0.000149675
3.27718e-11	-0.000149749
3.28358e-11	-0.000149823
3.28998e-11	-0.000149896
3.29638e-11	-0.00014997
3.30278e-11	-0.000150044
3.30918e-11	-0.000150117
3.31558e-11	-0.000150191
3.32198e-11	-0.000150265
3.32838e-11	-0.000150338
3.33478e-11	-0.000150412
3.34118e-11	-0.000150486
3.34758e-11	-0.000150559
3.35398e-11	-0.000150633
3.36038e-11	-0.000150707
3.36679e-11	-0.00015078
3.37319e-11	-0.000150854
3.37959e-11	-0.000150928
3.38599e-11	-0.000151001
3.39239e-11	-0.000151075
3.39879e-11	-0.000151148
3.40519e-11	-0.000151222
3.41159e-11	-0.000151295
3.41799e-11	-0.000151369
3.42439e-11	-0.000151443
3.43079e-11	-0.000151516
3.43719e-11	-0.00015159
3.44359e-11	-0.000151663
3.45e-11	-0.000151737
3.4564e-11	-0.00015181
3.4628e-11	-0.000151884
3.4692e-11	-0.000151957
3.4756e-11	-0.000152031
3.482e-11	-0.000152104
3.4884e-11	-0.000152178
3.4948e-11	-0.000152251
3.5012e-11	-0.000152325
3.5076e-11	-0.000152398
3.514e-11	-0.000152472
3.5204e-11	-0.000152545
3.5268e-11	-0.000152619
3.5332e-11	-0.000152692
3.53961e-11	-0.000152765
3.54601e-11	-0.000152839
3.55241e-11	-0.000152912
3.55881e-11	-0.000152986
3.56521e-11	-0.000153059
3.57161e-11	-0.000153132
3.57801e-11	-0.000153206
3.58441e-11	-0.000153279
3.59081e-11	-0.000153352
3.59721e-11	-0.000153426
3.60361e-11	-0.000153499
3.61001e-11	-0.000153572
3.61641e-11	-0.000153646
3.62281e-11	-0.000153719
3.62922e-11	-0.000153792
3.63562e-11	-0.000153865
3.64202e-11	-0.000153939
3.64842e-11	-0.000154012
3.65482e-11	-0.000154085
3.66122e-11	-0.000154158
3.66762e-11	-0.000154232
3.67402e-11	-0.000154305
3.68042e-11	-0.000154378
3.68682e-11	-0.000154451
3.69322e-11	-0.000154524
3.69962e-11	-0.000154597
3.70602e-11	-0.000154671
3.71243e-11	-0.000154744
3.71883e-11	-0.000154817
3.72523e-11	-0.00015489
3.73163e-11	-0.000154963
3.73803e-11	-0.000155036
3.74443e-11	-0.000155109
3.75083e-11	-0.000155182
3.75723e-11	-0.000155255
3.76363e-11	-0.000155329
3.77003e-11	-0.000155402
3.77643e-11	-0.000155475
3.78283e-11	-0.000155548
3.78923e-11	-0.000155621
3.79563e-11	-0.000155694
3.80204e-11	-0.000155767
3.80844e-11	-0.00015584
3.81484e-11	-0.000155913
3.82124e-11	-0.000155985
3.82764e-11	-0.000156058
3.83404e-11	-0.000156131
3.84044e-11	-0.000156204
3.84684e-11	-0.000156277
3.85324e-11	-0.00015635
3.85964e-11	-0.000156423
3.86604e-11	-0.000156496
3.87244e-11	-0.000156569
3.87884e-11	-0.000156641
3.88524e-11	-0.000156714
3.89165e-11	-0.000156787
3.89805e-11	-0.00015686
3.90445e-11	-0.000156933
3.91085e-11	-0.000157005
3.91725e-11	-0.000157078
3.92365e-11	-0.000157151
3.93005e-11	-0.000157224
3.93645e-11	-0.000157296
3.94285e-11	-0.000157369
3.94925e-11	-0.000157442
3.95565e-11	-0.000157514
3.96205e-11	-0.000157587
3.96845e-11	-0.00015766
3.97486e-11	-0.000157732
3.98126e-11	-0.000157805
3.98766e-11	-0.000157878
3.99406e-11	-0.00015795
4.00046e-11	-0.000158023
4.00686e-11	-0.000158095
4.01326e-11	-0.000158168
4.01966e-11	-0.00015824
4.02606e-11	-0.000158313
4.03246e-11	-0.000158385
4.03886e-11	-0.000158458
4.04526e-11	-0.00015853
4.05166e-11	-0.000158603
4.05806e-11	-0.000158675
4.06447e-11	-0.000158748
4.07087e-11	-0.00015882
4.07727e-11	-0.000158892
4.08367e-11	-0.000158965
4.09007e-11	-0.000159037
4.09647e-11	-0.00015911
4.10287e-11	-0.000159182
4.10927e-11	-0.000159254
4.11567e-11	-0.000159327
4.12207e-11	-0.000159399
4.12847e-11	-0.000159471
4.13487e-11	-0.000159543
4.14127e-11	-0.000159616
4.14767e-11	-0.000159688
4.15408e-11	-0.00015976
4.16048e-11	-0.000159832
4.16688e-11	-0.000159904
4.17328e-11	-0.000159977
4.17968e-11	-0.000160049
4.18608e-11	-0.000160121
4.19248e-11	-0.000160193
4.19888e-11	-0.000160265
4.20528e-11	-0.000160337
4.21168e-11	-0.000160409
4.21808e-11	-0.000160481
4.22448e-11	-0.000160553
4.23088e-11	-0.000160625
4.23729e-11	-0.000160697
4.24369e-11	-0.000160769
4.25009e-11	-0.000160841
4.25649e-11	-0.000160913
4.26289e-11	-0.000160985
4.26929e-11	-0.000161057
4.27569e-11	-0.000161129
4.28209e-11	-0.000161201
4.28849e-11	-0.000161272
4.29489e-11	-0.000161344
4.30129e-11	-0.000161416
4.30769e-11	-0.000161488
4.31409e-11	-0.00016156
4.32049e-11	-0.000161631
4.3269e-11	-0.000161703
4.3333e-11	-0.000161775
4.3397e-11	-0.000161847
4.3461e-11	-0.000161918
4.3525e-11	-0.00016199
4.3589e-11	-0.000162062
4.3653e-11	-0.000162133
4.3717e-11	-0.000162205
4.3781e-11	-0.000162276
4.3845e-11	-0.000162348
4.3909e-11	-0.00016242
4.3973e-11	-0.000162491
4.4037e-11	-0.000162563
4.4101e-11	-0.000162634
4.41651e-11	-0.000162706
4.42291e-11	-0.000162777
4.42931e-11	-0.000162848
4.43571e-11	-0.00016292
4.44211e-11	-0.000162991
4.44851e-11	-0.000163063
4.45491e-11	-0.000163134
4.46131e-11	-0.000163205
4.46771e-11	-0.000163277
4.47411e-11	-0.000163348
4.48051e-11	-0.000163419
4.48691e-11	-0.000163491
4.49331e-11	-0.000163562
4.49972e-11	-0.000163633
4.50612e-11	-0.000163704
4.51252e-11	-0.000163775
4.51892e-11	-0.000163846
4.52532e-11	-0.000163918
4.53172e-11	-0.000163989
4.53812e-11	-0.00016406
4.54452e-11	-0.000164131
4.55092e-11	-0.000164202
4.55732e-11	-0.000164273
4.56372e-11	-0.000164344
4.57012e-11	-0.000164415
4.57652e-11	-0.000164486
4.58292e-11	-0.000164557
4.58933e-11	-0.000164628
4.59573e-11	-0.000164699
4.60213e-11	-0.000164769
4.60853e-11	-0.00016484
4.61493e-11	-0.000164911
4.62133e-11	-0.000164982
4.62773e-11	-0.000165053
4.63413e-11	-0.000165124
4.64053e-11	-0.000165194
4.64693e-11	-0.000165265
4.65333e-11	-0.000165336
4.65973e-11	-0.000165406
4.66613e-11	-0.000165477
4.67254e-11	-0.000165548
4.67894e-11	-0.000165618
4.68534e-11	-0.000165689
4.69174e-11	-0.000165759
4.69814e-11	-0.00016583
4.70454e-11	-0.0001659
4.71094e-11	-0.000165971
4.71734e-11	-0.000166041
4.72374e-11	-0.000166112
4.73014e-11	-0.000166182
4.73654e-11	-0.000166253
4.74294e-11	-0.000166323
4.74934e-11	-0.000166393
4.75574e-11	-0.000166464
4.76215e-11	-0.000166534
4.76855e-11	-0.000166604
4.77495e-11	-0.000166674
4.78135e-11	-0.000166745
4.78775e-11	-0.000166815
4.79415e-11	-0.000166885
4.80055e-11	-0.000166955
4.80695e-11	-0.000167025
4.81335e-11	-0.000167095
4.81975e-11	-0.000167165
4.82615e-11	-0.000167235
4.83255e-11	-0.000167305
4.83895e-11	-0.000167375
4.84535e-11	-0.000167445
4.85176e-11	-0.000167515
4.85816e-11	-0.000167585
4.86456e-11	-0.000167655
4.87096e-11	-0.000167725
4.87736e-11	-0.000167795
4.88376e-11	-0.000167865
4.89016e-11	-0.000167934
4.89656e-11	-0.000168004
4.90296e-11	-0.000168074
4.90936e-11	-0.000168144
4.91576e-11	-0.000168213
4.92216e-11	-0.000168283
4.92856e-11	-0.000168353
4.93497e-11	-0.000168422
4.94137e-11	-0.000168492
4.94777e-11	-0.000168561
4.95417e-11	-0.000168631
4.96057e-11	-0.0001687
4.96697e-11	-0.00016877
4.97337e-11	-0.000168839
4.97977e-11	-0.000168909
4.98617e-11	-0.000168978
4.99257e-11	-0.000169047
4.99897e-11	-0.000169117
5.00537e-11	-0.000169186
5.01177e-11	-0.000169255
5.01817e-11	-0.000169325
5.02458e-11	-0.000169394
5.03098e-11	-0.000169463
5.03738e-11	-0.000169532
5.04378e-11	-0.000169601
5.05018e-11	-0.00016967
5.05658e-11	-0.00016974
5.06298e-11	-0.000169809
5.06938e-11	-0.000169878
5.07578e-11	-0.000169947
5.08218e-11	-0.000170016
5.08858e-11	-0.000170085
5.09498e-11	-0.000170153
5.10138e-11	-0.000170222
5.10778e-11	-0.000170291
5.11419e-11	-0.00017036
5.12059e-11	-0.000170429
5.12699e-11	-0.000170498
5.13339e-11	-0.000170566
5.13979e-11	-0.000170635
5.14619e-11	-0.000170704
5.15259e-11	-0.000170772
5.15899e-11	-0.000170841
5.16539e-11	-0.000170909
5.17179e-11	-0.000170978
5.17819e-11	-0.000171047
5.18459e-11	-0.000171115
5.19099e-11	-0.000171183
5.1974e-11	-0.000171252
5.2038e-11	-0.00017132
5.2102e-11	-0.000171389
5.2166e-11	-0.000171457
5.223e-11	-0.000171525
5.2294e-11	-0.000171594
5.2358e-11	-0.000171662
5.2422e-11	-0.00017173
5.2486e-11	-0.000171798
5.255e-11	-0.000171866
5.2614e-11	-0.000171934
5.2678e-11	-0.000172003
5.2742e-11	-0.000172071
5.2806e-11	-0.000172139
5.28701e-11	-0.000172207
5.29341e-11	-0.000172275
5.29981e-11	-0.000172342
5.30621e-11	-0.00017241
5.31261e-11	-0.000172478
5.31901e-11	-0.000172546
5.32541e-11	-0.000172614
5.33181e-11	-0.000172682
5.33821e-11	-0.000172749
5.34461e-11	-0.000172817
5.35101e-11	-0.000172885
5.35741e-11	-0.000172952
5.36381e-11	-0.00017302
5.37021e-11	-0.000173088
5.37662e-11	-0.000173155
5.38302e-11	-0.000173223
5.38942e-11	-0.00017329
5.39582e-11	-0.000173357
5.40222e-11	-0.000173425
5.40862e-11	-0.000173492
5.41502e-11	-0.00017356
5.42142e-11	-0.000173627
5.42782e-11	-0.000173694
5.43422e-11	-0.000173761
5.44062e-11	-0.000173829
5.44702e-11	-0.000173896
5.45342e-11	-0.000173963
5.45983e-11	-0.00017403
5.46623e-11	-0.000174097
5.47263e-11	-0.000174164
5.47903e-11	-0.000174231
5.48543e-11	-0.000174298
5.49183e-11	-0.000174365
5.49823e-11	-0.000174432
5.50463e-11	-0.000174499
5.51103e-11	-0.000174565
5.51743e-11	-0.000174632
5.52383e-11	-0.000174699
5.53023e-11	-0.000174766
5.53663e-11	-0.000174832
5.54303e-11	-0.000174899
5.54944e-11	-0.000174965
5.55584e-11	-0.000175032
5.56224e-11	-0.000175098
5.56864e-11	-0.000175165
5.57504e-11	-0.000175231
5.58144e-11	-0.000175298
5.58784e-11	-0.000175364
5.59424e-11	-0.000175431
5.60064e-11	-0.000175497
5.60704e-11	-0.000175563
5.61344e-11	-0.000175629
5.61984e-11	-0.000175696
5.62624e-11	-0.000175762
5.63264e-11	-0.000175828
5.63905e-11	-0.000175894
5.64545e-11	-0.00017596
5.65185e-11	-0.000176026
5.65825e-11	-0.000176092
5.66465e-11	-0.000176158
5.67105e-11	-0.000176224
5.67745e-11	-0.00017629
5.68385e-11	-0.000176355
5.69025e-11	-0.000176421
5.69665e-11	-0.000176487
5.70305e-11	-0.000176553
5.70945e-11	-0.000176618
5.71585e-11	-0.000176684
5.72226e-11	-0.000176749
5.72866e-11	-0.000176815
5.73506e-11	-0.00017688
5.74146e-11	-0.000176946
5.74786e-11	-0.000177011
5.75426e-11	-0.000177077
5.76066e-11	-0.000177142
5.76706e-11	-0.000177207
5.77346e-11	-0.000177273
5.77986e-11	-0.000177338
5.78626e-11	-0.000177403
5.79266e-11	-0.000177468
5.79906e-11	-0.000177533
5.80546e-11	-0.000177598
5.81187e-11	-0.000177663
5.81827e-11	-0.000177728
5.82467e-11	-0.000177793
5.83107e-11	-0.000177858
5.83747e-11	-0.000177923
5.84387e-11	-0.000177988
5.85027e-11	-0.000178053
5.85667e-11	-0.000178117
5.86307e-11	-0.000178182
5.86947e-11	-0.000178247
5.87587e-11	-0.000178311
5.88227e-11	-0.000178376
5.88867e-11	-0.00017844
5.89507e-11	-0.000178505
5.90148e-11	-0.000178569
5.90788e-11	-0.000178634
5.91428e-11	-0.000178698
5.92068e-11	-0.000178762
5.92708e-11	-0.000178827
5.93348e-11	-0.000178891
5.93988e-11	-0.000178955
5.94628e-11	-0.000179019
5.95268e-11	-0.000179083
5.95908e-11	-0.000179147
5.96548e-11	-0.000179211
5.97188e-11	-0.000179275
5.97828e-11	-0.000179339
5.98469e-11	-0.000179403
5.99109e-11	-0.000179467
5.99749e-11	-0.000179531
6.00389e-11	-0.000179594
6.01029e-11	-0.000179658
6.01669e-11	-0.000179722
6.02309e-11	-0.000179785
6.02949e-11	-0.000179849
6.03589e-11	-0.000179913
6.04229e-11	-0.000179976
6.04869e-11	-0.00018004
6.05509e-11	-0.000180103
6.06149e-11	-0.000180166
6.06789e-11	-0.00018023
6.0743e-11	-0.000180293
6.0807e-11	-0.000180356
6.0871e-11	-0.000180419
6.0935e-11	-0.000180482
6.0999e-11	-0.000180545
6.1063e-11	-0.000180609
6.1127e-11	-0.000180672
6.1191e-11	-0.000180734
6.1255e-11	-0.000180797
6.1319e-11	-0.00018086
6.1383e-11	-0.000180923
6.1447e-11	-0.000180986
6.1511e-11	-0.000181048
6.15751e-11	-0.000181111
6.16391e-11	-0.000181174
6.17031e-11	-0.000181236
6.17671e-11	-0.000181299
6.18311e-11	-0.000181361
6.18951e-11	-0.000181424
6.19591e-11	-0.000181486
6.20231e-11	-0.000181549
6.20871e-11	-0.000181611
6.21511e-11	-0.000181673
6.22151e-11	-0.000181735
6.22791e-11	-0.000181797
6.23431e-11	-0.000181859
6.24071e-11	-0.000181922
6.24712e-11	-0.000181984
6.25352e-11	-0.000182046
6.25992e-11	-0.000182107
6.26632e-11	-0.000182169
6.27272e-11	-0.000182231
6.27912e-11	-0.000182293
6.28552e-11	-0.000182355
6.29192e-11	-0.000182416
6.29832e-11	-0.000182478
6.30472e-11	-0.000182539
6.31112e-11	-0.000182601
6.31752e-11	-0.000182662
6.32392e-11	-0.000182724
6.33032e-11	-0.000182785
6.33673e-11	-0.000182846
6.34313e-11	-0.000182908
6.34953e-11	-0.000182969
6.35593e-11	-0.00018303
6.36233e-11	-0.000183091
6.36873e-11	-0.000183152
6.37513e-11	-0.000183213
6.38153e-11	-0.000183274
6.38793e-11	-0.000183335
6.39433e-11	-0.000183396
6.40073e-11	-0.000183457
6.40713e-11	-0.000183518
6.41353e-11	-0.000183578
6.41994e-11	-0.000183639
6.42634e-11	-0.0001837
6.43274e-11	-0.00018376
6.43914e-11	-0.000183821
6.44554e-11	-0.000183881
6.45194e-11	-0.000183942
6.45834e-11	-0.000184002
6.46474e-11	-0.000184062
6.47114e-11	-0.000184122
6.47754e-11	-0.000184183
6.48394e-11	-0.000184243
6.49034e-11	-0.000184303
6.49674e-11	-0.000184363
6.50314e-11	-0.000184423
6.50955e-11	-0.000184483
6.51595e-11	-0.000184543
6.52235e-11	-0.000184602
6.52875e-11	-0.000184662
6.53515e-11	-0.000184722
6.54155e-11	-0.000184782
6.54795e-11	-0.000184841
6.55435e-11	-0.000184901
6.56075e-11	-0.00018496
6.56715e-11	-0.00018502
6.57355e-11	-0.000185079
6.57995e-11	-0.000185138
6.58635e-11	-0.000185198
6.59275e-11	-0.000185257
6.59916e-11	-0.000185316
6.60556e-11	-0.000185375
6.61196e-11	-0.000185434
6.61836e-11	-0.000185493
6.62476e-11	-0.000185552
6.63116e-11	-0.000185611
6.63756e-11	-0.00018567
6.64396e-11	-0.000185729
6.65036e-11	-0.000185787
6.65676e-11	-0.000185846
6.66316e-11	-0.000185905
6.66956e-11	-0.000185963
6.67596e-11	-0.000186022
6.68237e-11	-0.00018608
6.68877e-11	-0.000186139
6.69517e-11	-0.000186197
6.70157e-11	-0.000186255
6.70797e-11	-0.000186313
6.71437e-11	-0.000186372
6.72077e-11	-0.00018643
6.72717e-11	-0.000186488
6.73357e-11	-0.000186546
6.73997e-11	-0.000186604
6.74637e-11	-0.000186662
6.75277e-11	-0.000186719
6.75917e-11	-0.000186777
6.76557e-11	-0.000186835
6.77198e-11	-0.000186892
6.77838e-11	-0.00018695
6.78478e-11	-0.000187008
6.79118e-11	-0.000187065
6.79758e-11	-0.000187122
6.80398e-11	-0.00018718
6.81038e-11	-0.000187237
6.81678e-11	-0.000187294
6.82318e-11	-0.000187351
6.82958e-11	-0.000187409
6.83598e-11	-0.000187466
6.84238e-11	-0.000187523
6.84878e-11	-0.000187579
6.85518e-11	-0.000187636
6.86159e-11	-0.000187693
6.86799e-11	-0.00018775
6.87439e-11	-0.000187807
6.88079e-11	-0.000187863
6.88719e-11	-0.00018792
6.89359e-11	-0.000187976
6.89999e-11	-0.000188033
6.90639e-11	-0.000188089
6.91279e-11	-0.000188145
6.91919e-11	-0.000188202
6.92559e-11	-0.000188258
6.93199e-11	-0.000188314
6.93839e-11	-0.00018837
6.9448e-11	-0.000188426
6.9512e-11	-0.000188482
6.9576e-11	-0.000188538
6.964e-11	-0.000188594
6.9704e-11	-0.00018865
6.9768e-11	-0.000188705
6.9832e-11	-0.000188761
6.9896e-11	-0.000188817
6.996e-11	-0.000188872
7.0024e-11	-0.000188928
7.0088e-11	-0.000188983
7.0152e-11	-0.000189038
7.0216e-11	-0.000189094
7.028e-11	-0.000189149
7.03441e-11	-0.000189204
7.04081e-11	-0.000189259
7.04721e-11	-0.000189314
7.05361e-11	-0.000189369
7.06001e-11	-0.000189424
7.06641e-11	-0.000189479
7.07281e-11	-0.000189533
7.07921e-11	-0.000189588
7.08561e-11	-0.000189643
7.09201e-11	-0.000189697
7.09841e-11	-0.000189752
7.10481e-11	-0.000189806
7.11121e-11	-0.000189861
7.11761e-11	-0.000189915
7.12402e-11	-0.000189969
7.13042e-11	-0.000190023
7.13682e-11	-0.000190077
7.14322e-11	-0.000190131
7.14962e-11	-0.000190185
7.15602e-11	-0.000190239
7.16242e-11	-0.000190293
7.16882e-11	-0.000190347
7.17522e-11	-0.000190401
7.18162e-11	-0.000190454
7.18802e-11	-0.000190508
7.19442e-11	-0.000190561
7.20082e-11	-0.000190615
7.20723e-11	-0.000190668
7.21363e-11	-0.000190721
7.22003e-11	-0.000190775
7.22643e-11	-0.000190828
7.23283e-11	-0.000190881
7.23923e-11	-0.000190934
7.24563e-11	-0.000190987
7.25203e-11	-0.00019104
7.25843e-11	-0.000191093
7.26483e-11	-0.000191145
7.27123e-11	-0.000191198
7.27763e-11	-0.000191251
7.28403e-11	-0.000191303
7.29043e-11	-0.000191356
7.29684e-11	-0.000191408
7.30324e-11	-0.00019146
7.30964e-11	-0.000191513
7.31604e-11	-0.000191565
7.32244e-11	-0.000191617
7.32884e-11	-0.000191669
7.33524e-11	-0.000191721
7.34164e-11	-0.000191773
7.34804e-11	-0.000191825
7.35444e-11	-0.000191877
7.36084e-11	-0.000191928
7.36724e-11	-0.00019198
7.37364e-11	-0.000192032
7.38005e-11	-0.000192083
7.38645e-11	-0.000192135
7.39285e-11	-0.000192186
7.39925e-11	-0.000192237
7.40565e-11	-0.000192288
7.41205e-11	-0.00019234
7.41845e-11	-0.000192391
7.42485e-11	-0.000192442
7.43125e-11	-0.000192492
7.43765e-11	-0.000192543
7.44405e-11	-0.000192594
7.45045e-11	-0.000192645
7.45685e-11	-0.000192695
7.46325e-11	-0.000192746
7.46966e-11	-0.000192797
7.47606e-11	-0.000192847
7.48246e-11	-0.000192897
7.48886e-11	-0.000192948
7.49526e-11	-0.000192998
7.50166e-11	-0.000193048
7.50806e-11	-0.000193098
7.51446e-11	-0.000193148
7.52086e-11	-0.000193198
7.52726e-11	-0.000193248
7.53366e-11	-0.000193297
7.54006e-11	-0.000193347
7.54646e-11	-0.000193397
7.55286e-11	-0.000193446
7.55927e-11	-0.000193496
7.56567e-11	-0.000193545
7.57207e-11	-0.000193594
7.57847e-11	-0.000193643
7.58487e-11	-0.000193693
7.59127e-11	-0.000193742
7.59767e-11	-0.000193791
7.60407e-11	-0.00019384
7.61047e-11	-0.000193888
7.61687e-11	-0.000193937
7.62327e-11	-0.000193986
7.62967e-11	-0.000194035
7.63607e-11	-0.000194083
7.64248e-11	-0.000194132
7.64888e-11	-0.00019418
7.65528e-11	-0.000194228
7.66168e-11	-0.000194276
7.66808e-11	-0.000194325
7.67448e-11	-0.000194373
7.68088e-11	-0.000194421
7.68728e-11	-0.000194469
7.69368e-11	-0.000194516
7.70008e-11	-0.000194564
7.70648e-11	-0.000194612
7.71288e-11	-0.000194659
7.71928e-11	-0.000194707
7.72568e-11	-0.000194754
7.73209e-11	-0.000194802
7.73849e-11	-0.000194849
7.74489e-11	-0.000194896
7.75129e-11	-0.000194943
7.75769e-11	-0.00019499
7.76409e-11	-0.000195037
7.77049e-11	-0.000195084
7.77689e-11	-0.000195131
7.78329e-11	-0.000195178
7.78969e-11	-0.000195224
7.79609e-11	-0.000195271
7.80249e-11	-0.000195318
7.80889e-11	-0.000195364
7.81529e-11	-0.00019541
7.8217e-11	-0.000195457
7.8281e-11	-0.000195503
7.8345e-11	-0.000195549
7.8409e-11	-0.000195595
7.8473e-11	-0.000195641
7.8537e-11	-0.000195686
7.8601e-11	-0.000195732
7.8665e-11	-0.000195778
7.8729e-11	-0.000195823
7.8793e-11	-0.000195869
7.8857e-11	-0.000195914
7.8921e-11	-0.00019596
7.8985e-11	-0.000196005
7.90491e-11	-0.00019605
7.91131e-11	-0.000196095
7.91771e-11	-0.00019614
7.92411e-11	-0.000196185
7.93051e-11	-0.00019623
7.93691e-11	-0.000196275
7.94331e-11	-0.000196319
7.94971e-11	-0.000196364
7.95611e-11	-0.000196409
7.96251e-11	-0.000196453
7.96891e-11	-0.000196497
7.97531e-11	-0.000196542
7.98171e-11	-0.000196586
7.98811e-11	-0.00019663
7.99452e-11	-0.000196674
8.00092e-11	-0.000196718
8.00732e-11	-0.000196761
8.01372e-11	-0.000196805
8.02012e-11	-0.000196849
8.02652e-11	-0.000196892
8.03292e-11	-0.000196936
8.03932e-11	-0.000196979
8.04572e-11	-0.000197023
8.05212e-11	-0.000197066
8.05852e-11	-0.000197109
8.06492e-11	-0.000197152
8.07132e-11	-0.000197195
8.07772e-11	-0.000197238
8.08413e-11	-0.000197281
8.09053e-11	-0.000197323
8.09693e-11	-0.000197366
8.10333e-11	-0.000197408
8.10973e-11	-0.000197451
8.11613e-11	-0.000197493
8.12253e-11	-0.000197535
8.12893e-11	-0.000197578
8.13533e-11	-0.00019762
8.14173e-11	-0.000197662
8.14813e-11	-0.000197703
8.15453e-11	-0.000197745
8.16093e-11	-0.000197787
8.16734e-11	-0.000197829
8.17374e-11	-0.00019787
8.18014e-11	-0.000197912
8.18654e-11	-0.000197953
8.19294e-11	-0.000197994
8.19934e-11	-0.000198035
8.20574e-11	-0.000198076
8.21214e-11	-0.000198117
8.21854e-11	-0.000198158
8.22494e-11	-0.000198199
8.23134e-11	-0.00019824
8.23774e-11	-0.000198281
8.24414e-11	-0.000198321
8.25054e-11	-0.000198362
8.25695e-11	-0.000198402
8.26335e-11	-0.000198442
8.26975e-11	-0.000198482
8.27615e-11	-0.000198522
8.28255e-11	-0.000198562
8.28895e-11	-0.000198602
8.29535e-11	-0.000198642
8.30175e-11	-0.000198682
8.30815e-11	-0.000198721
8.31455e-11	-0.000198761
8.32095e-11	-0.0001988
8.32735e-11	-0.00019884
8.33375e-11	-0.000198879
8.34015e-11	-0.000198918
8.34656e-11	-0.000198957
8.35296e-11	-0.000198996
8.35936e-11	-0.000199035
8.36576e-11	-0.000199074
8.37216e-11	-0.000199112
8.37856e-11	-0.000199151
8.38496e-11	-0.000199189
8.39136e-11	-0.000199228
8.39776e-11	-0.000199266
8.40416e-11	-0.000199304
8.41056e-11	-0.000199342
8.41696e-11	-0.00019938
8.42336e-11	-0.000199418
8.42977e-11	-0.000199456
8.43617e-11	-0.000199494
8.44257e-11	-0.000199531
8.44897e-11	-0.000199569
8.45537e-11	-0.000199606
8.46177e-11	-0.000199644
8.46817e-11	-0.000199681
8.47457e-11	-0.000199718
8.48097e-11	-0.000199755
8.48737e-11	-0.000199792
8.49377e-11	-0.000199829
8.50017e-11	-0.000199865
8.50657e-11	-0.000199902
8.51297e-11	-0.000199939
8.51938e-11	-0.000199975
8.52578e-11	-0.000200011
8.53218e-11	-0.000200048
8.53858e-11	-0.000200084
8.54498e-11	-0.00020012
8.55138e-11	-0.000200156
8.55778e-11	-0.000200192
8.56418e-11	-0.000200227
8.57058e-11	-0.000200263
8.57698e-11	-0.000200299
8.58338e-11	-0.000200334
8.58978e-11	-0.000200369
8.59618e-11	-0.000200405
8.60259e-11	-0.00020044
8.60899e-11	-0.000200475
8.61539e-11	-0.00020051
8.62179e-11	-0.000200545
8.62819e-11	-0.000200579
8.63459e-11	-0.000200614
8.64099e-11	-0.000200648
8.64739e-11	-0.000200683
8.65379e-11	-0.000200717
8.66019e-11	-0.000200751
8.66659e-11	-0.000200786
8.67299e-11	-0.00020082
8.67939e-11	-0.000200854
8.68579e-11	-0.000200887
8.6922e-11	-0.000200921
8.6986e-11	-0.000200955
8.705e-11	-0.000200988
8.7114e-11	-0.000201022
8.7178e-11	-0.000201055
8.7242e-11	-0.000201088
8.7306e-11	-0.000201121
8.737e-11	-0.000201154
8.7434e-11	-0.000201187
8.7498e-11	-0.00020122
8.7562e-11	-0.000201252
8.7626e-11	-0.000201285
8.769e-11	-0.000201317
8.7754e-11	-0.00020135
8.78181e-11	-0.000201382
8.78821e-11	-0.000201414
8.79461e-11	-0.000201446
8.80101e-11	-0.000201478
8.80741e-11	-0.00020151
8.81381e-11	-0.000201542
8.82021e-11	-0.000201573
8.82661e-11	-0.000201605
8.83301e-11	-0.000201636
8.83941e-11	-0.000201667
8.84581e-11	-0.000201699
8.85221e-11	-0.00020173
8.85861e-11	-0.000201761
8.86502e-11	-0.000201791
8.87142e-11	-0.000201822
8.87782e-11	-0.000201853
8.88422e-11	-0.000201883
8.89062e-11	-0.000201914
8.89702e-11	-0.000201944
8.90342e-11	-0.000201974
8.90982e-11	-0.000202004
8.91622e-11	-0.000202034
8.92262e-11	-0.000202064
8.92902e-11	-0.000202094
8.93542e-11	-0.000202124
8.94182e-11	-0.000202153
8.94822e-11	-0.000202183
8.95463e-11	-0.000202212
8.96103e-11	-0.000202241
8.96743e-11	-0.00020227
8.97383e-11	-0.000202299
8.98023e-11	-0.000202328
8.98663e-11	-0.000202357
8.99303e-11	-0.000202386
8.99943e-11	-0.000202414
9.00583e-11	-0.000202443
9.01223e-11	-0.000202471
9.01863e-11	-0.000202499
9.02503e-11	-0.000202527
9.03143e-11	-0.000202555
9.03783e-11	-0.000202583
9.04424e-11	-0.000202611
9.05064e-11	-0.000202638
9.05704e-11	-0.000202666
9.06344e-11	-0.000202693
9.06984e-11	-0.000202721
9.07624e-11	-0.000202748
9.08264e-11	-0.000202775
9.08904e-11	-0.000202802
9.09544e-11	-0.000202829
9.10184e-11	-0.000202855
9.10824e-11	-0.000202882
9.11464e-11	-0.000202908
9.12104e-11	-0.000202935
9.12745e-11	-0.000202961
9.13385e-11	-0.000202987
9.14025e-11	-0.000203013
9.14665e-11	-0.000203039
9.15305e-11	-0.000203065
9.15945e-11	-0.000203091
9.16585e-11	-0.000203116
9.17225e-11	-0.000203142
9.17865e-11	-0.000203167
9.18505e-11	-0.000203192
9.19145e-11	-0.000203217
9.19785e-11	-0.000203242
9.20425e-11	-0.000203267
9.21065e-11	-0.000203292
9.21706e-11	-0.000203317
9.22346e-11	-0.000203341
9.22986e-11	-0.000203365
9.23626e-11	-0.00020339
9.24266e-11	-0.000203414
9.24906e-11	-0.000203438
9.25546e-11	-0.000203462
9.26186e-11	-0.000203486
9.26826e-11	-0.000203509
9.27466e-11	-0.000203533
9.28106e-11	-0.000203556
9.28746e-11	-0.00020358
9.29386e-11	-0.000203603
9.30026e-11	-0.000203626
9.30667e-11	-0.000203649
9.31307e-11	-0.000203672
9.31947e-11	-0.000203694
9.32587e-11	-0.000203717
9.33227e-11	-0.000203739
9.33867e-11	-0.000203762
9.34507e-11	-0.000203784
9.35147e-11	-0.000203806
9.35787e-11	-0.000203828
9.36427e-11	-0.00020385
9.37067e-11	-0.000203872
9.37707e-11	-0.000203893
9.38347e-11	-0.000203915
9.38988e-11	-0.000203936
9.39628e-11	-0.000203957
9.40268e-11	-0.000203978
9.40908e-11	-0.000203999
9.41548e-11	-0.00020402
9.42188e-11	-0.000204041
9.42828e-11	-0.000204062
9.43468e-11	-0.000204082
9.44108e-11	-0.000204103
9.44748e-11	-0.000204123
9.45388e-11	-0.000204143
9.46028e-11	-0.000204163
9.46668e-11	-0.000204183
9.47308e-11	-0.000204203
9.47949e-11	-0.000204222
9.48589e-11	-0.000204242
9.49229e-11	-0.000204261
9.49869e-11	-0.00020428
9.50509e-11	-0.000204299
9.51149e-11	-0.000204318
9.51789e-11	-0.000204337
9.52429e-11	-0.000204356
9.53069e-11	-0.000204375
9.53709e-11	-0.000204393
9.54349e-11	-0.000204411
9.54989e-11	-0.00020443
9.55629e-11	-0.000204448
9.56269e-11	-0.000204466
9.5691e-11	-0.000204483
9.5755e-11	-0.000204501
9.5819e-11	-0.000204519
9.5883e-11	-0.000204536
9.5947e-11	-0.000204553
9.6011e-11	-0.000204571
9.6075e-11	-0.000204588
9.6139e-11	-0.000204605
9.6203e-11	-0.000204621
9.6267e-11	-0.000204638
9.6331e-11	-0.000204655
9.6395e-11	-0.000204671
9.6459e-11	-0.000204687
9.65231e-11	-0.000204703
9.65871e-11	-0.000204719
9.66511e-11	-0.000204735
9.67151e-11	-0.000204751
9.67791e-11	-0.000204767
9.68431e-11	-0.000204782
9.69071e-11	-0.000204798
9.69711e-11	-0.000204813
9.70351e-11	-0.000204828
9.70991e-11	-0.000204843
9.71631e-11	-0.000204858
9.72271e-11	-0.000204872
9.72911e-11	-0.000204887
9.73551e-11	-0.000204901
9.74192e-11	-0.000204916
9.74832e-11	-0.00020493
9.75472e-11	-0.000204944
9.76112e-11	-0.000204958
9.76752e-11	-0.000204971
9.77392e-11	-0.000204985
9.78032e-11	-0.000204998
9.78672e-11	-0.000205012
9.79312e-11	-0.000205025
9.79952e-11	-0.000205038
9.80592e-11	-0.000205051
9.81232e-11	-0.000205064
9.81872e-11	-0.000205076
9.82512e-11	-0.000205089
9.83153e-11	-0.000205101
9.83793e-11	-0.000205113
9.84433e-11	-0.000205126
9.85073e-11	-0.000205138
9.85713e-11	-0.000205149
9.86353e-11	-0.000205161
9.86993e-11	-0.000205173
9.87633e-11	-0.000205184
9.88273e-11	-0.000205195
9.88913e-11	-0.000205206
9.89553e-11	-0.000205217
9.90193e-11	-0.000205228
9.90833e-11	-0.000205239
9.91474e-11	-0.00020525
9.92114e-11	-0.00020526
9.92754e-11	-0.00020527
9.93394e-11	-0.000205281
9.94034e-11	-0.000205291
9.94674e-11	-0.0002053
9.95314e-11	-0.00020531
9.95954e-11	-0.00020532
9.96594e-11	-0.000205329
9.97234e-11	-0.000205339
9.97874e-11	-0.000205348
9.98514e-11	-0.000205357
9.99154e-11	-0.000205366
9.99794e-11	-0.000205374
1.00043e-10	-0.000205383
1.00107e-10	-0.000205391
1.00171e-10	-0.0002054
1.00235e-10	-0.000205408
1.00299e-10	-0.000205416
1.00363e-10	-0.000205424
1.00427e-10	-0.000205432
1.00492e-10	-0.000205439
1.00556e-10	-0.000205447
1.0062e-10	-0.000205454
1.00684e-10	-0.000205461
1.00748e-10	-0.000205468
1.00812e-10	-0.000205475
1.00876e-10	-0.000205482
1.0094e-10	-0.000205488
1.01004e-10	-0.000205495
1.01068e-10	-0.000205501
1.01132e-10	-0.000205507
1.01196e-10	-0.000205513
1.0126e-10	-0.000205519
1.01324e-10	-0.000205525
1.01388e-10	-0.00020553
1.01452e-10	-0.000205536
1.01516e-10	-0.000205541
1.0158e-10	-0.000205546
1.01644e-10	-0.000205551
1.01708e-10	-0.000205556
1.01772e-10	-0.000205561
1.01836e-10	-0.000205565
1.019e-10	-0.00020557
1.01964e-10	-0.000205574
1.02028e-10	-0.000205578
1.02092e-10	-0.000205582
1.02156e-10	-0.000205586
1.0222e-10	-0.000205589
1.02284e-10	-0.000205593
1.02348e-10	-0.000205596
1.02412e-10	-0.000205599
1.02476e-10	-0.000205602
1.0254e-10	-0.000205605
1.02604e-10	-0.000205608
1.02668e-10	-0.00020561
1.02732e-10	-0.000205613
1.02796e-10	-0.000205615
1.0286e-10	-0.000205617
1.02924e-10	-0.000205619
1.02988e-10	-0.000205621
1.03052e-10	-0.000205623
1.03116e-10	-0.000205624
1.0318e-10	-0.000205626
1.03244e-10	-0.000205627
1.03308e-10	-0.000205628
1.03372e-10	-0.000205629
1.03436e-10	-0.000205629
1.035e-10	-0.00020563
1.03564e-10	-0.00020563
1.03628e-10	-0.000205631
1.03692e-10	-0.000205631
1.03756e-10	-0.000205631
1.0382e-10	-0.000205631
1.03884e-10	-0.00020563
1.03948e-10	-0.00020563
1.04012e-10	-0.000205629
1.04076e-10	-0.000205628
1.0414e-10	-0.000205627
1.04204e-10	-0.000205626
1.04268e-10	-0.000205625
1.04332e-10	-0.000205624
1.04396e-10	-0.000205622
1.0446e-10	-0.00020562
1.04524e-10	-0.000205618
1.04588e-10	-0.000205616
1.04652e-10	-0.000205614
1.04716e-10	-0.000205612
1.0478e-10	-0.000205609
1.04844e-10	-0.000205606
1.04908e-10	-0.000205604
1.04972e-10	-0.000205601
1.05036e-10	-0.000205597
1.051e-10	-0.000205594
1.05164e-10	-0.00020559
1.05228e-10	-0.000205587
1.05292e-10	-0.000205583
1.05356e-10	-0.000205579
1.0542e-10	-0.000205575
1.05484e-10	-0.000205571
1.05548e-10	-0.000205566
1.05612e-10	-0.000205562
1.05676e-10	-0.000205557
1.0574e-10	-0.000205552
1.05804e-10	-0.000205547
1.05868e-10	-0.000205541
1.05932e-10	-0.000205536
1.05996e-10	-0.00020553
1.0606e-10	-0.000205525
1.06124e-10	-0.000205519
1.06188e-10	-0.000205513
1.06252e-10	-0.000205506
1.06316e-10	-0.0002055
1.0638e-10	-0.000205493
1.06444e-10	-0.000205487
1.06508e-10	-0.00020548
1.06572e-10	-0.000205473
1.06636e-10	-0.000205465
1.067e-10	-0.000205458
1.06764e-10	-0.00020545
1.06828e-10	-0.000205443
1.06892e-10	-0.000205435
1.06956e-10	-0.000205427
1.0702e-10	-0.000205418
1.07084e-10	-0.00020541
1.07148e-10	-0.000205402
1.07212e-10	-0.000205393
1.07276e-10	-0.000205384
1.0734e-10	-0.000205375
1.07404e-10	-0.000205366
1.07468e-10	-0.000205356
1.07532e-10	-0.000205347
1.07596e-10	-0.000205337
1.0766e-10	-0.000205327
1.07724e-10	-0.000205317
1.07788e-10	-0.000205307
1.07852e-10	-0.000205296
1.07916e-10	-0.000205286
1.0798e-10	-0.000205275
1.08044e-10	-0.000205264
1.08108e-10	-0.000205253
1.08172e-10	-0.000205242
1.08236e-10	-0.00020523
1.083e-10	-0.000205218
1.08364e-10	-0.000205207
1.08428e-10	-0.000205195
1.08492e-10	-0.000205183
1.08556e-10	-0.00020517
1.0862e-10	-0.000205158
1.08684e-10	-0.000205145
1.08748e-10	-0.000205132
1.08812e-10	-0.000205119
1.08876e-10	-0.000205106
1.0894e-10	-0.000205093
1.09004e-10	-0.000205079
1.09068e-10	-0.000205066
1.09132e-10	-0.000205052
1.09197e-10	-0.000205038
1.09261e-10	-0.000205024
1.09325e-10	-0.000205009
1.09389e-10	-0.000204995
1.09453e-10	-0.00020498
1.09517e-10	-0.000204965
1.09581e-10	-0.00020495
1.09645e-10	-0.000204935
1.09709e-10	-0.000204919
1.09773e-10	-0.000204904
1.09837e-10	-0.000204888
1.09901e-10	-0.000204872
1.09965e-10	-0.000204856
1.10029e-10	-0.000204839
1.10093e-10	-0.000204823
1.10157e-10	-0.000204806
1.10221e-10	-0.000204789
1.10285e-10	-0.000204772
1.10349e-10	-0.000204755
1.10413e-10	-0.000204738
1.10477e-10	-0.00020472
1.10541e-10	-0.000204702
1.10605e-10	-0.000204684
1.10669e-10	-0.000204666
1.10733e-10	-0.000204648
1.10797e-10	-0.000204629
1.10861e-10	-0.000204611
1.10925e-10	-0.000204592
1.10989e-10	-0.000204573
1.11053e-10	-0.000204554
1.11117e-10	-0.000204534
1.11181e-10	-0.000204515
1.11245e-10	-0.000204495
1.11309e-10	-0.000204475
1.11373e-10	-0.000204455
1.11437e-10	-0.000204435
1.11501e-10	-0.000204414
1.11565e-10	-0.000204394
1.11629e-10	-0.000204373
1.11693e-10	-0.000204352
1.11757e-10	-0.000204331
1.11821e-10	-0.000204309
1.11885e-10	-0.000204288
1.11949e-10	-0.000204266
1.12013e-10	-0.000204244
1.12077e-10	-0.000204222
1.12141e-10	-0.000204199
1.12205e-10	-0.000204177
1.12269e-10	-0.000204154
1.12333e-10	-0.000204131
1.12397e-10	-0.000204108
1.12461e-10	-0.000204085
1.12525e-10	-0.000204062
1.12589e-10	-0.000204038
1.12653e-10	-0.000204014
1.12717e-10	-0.00020399
1.12781e-10	-0.000203966
1.12845e-10	-0.000203942
1.12909e-10	-0.000203917
1.12973e-10	-0.000203892
1.13037e-10	-0.000203867
1.13101e-10	-0.000203842
1.13165e-10	-0.000203817
1.13229e-10	-0.000203791
1.13293e-10	-0.000203766
1.13357e-10	-0.00020374
1.13421e-10	-0.000203714
1.13485e-10	-0.000203687
1.13549e-10	-0.000203661
1.13613e-10	-0.000203634
1.13677e-10	-0.000203607
1.13741e-10	-0.00020358
1.13805e-10	-0.000203553
1.13869e-10	-0.000203526
1.13933e-10	-0.000203498
1.13997e-10	-0.00020347
1.14061e-10	-0.000203442
1.14125e-10	-0.000203414
1.14189e-10	-0.000203386
1.14253e-10	-0.000203357
1.14317e-10	-0.000203328
1.14381e-10	-0.000203299
1.14445e-10	-0.00020327
1.14509e-10	-0.000203241
1.14573e-10	-0.000203211
1.14637e-10	-0.000203181
1.14701e-10	-0.000203152
1.14765e-10	-0.000203121
1.14829e-10	-0.000203091
1.14893e-10	-0.000203061
1.14957e-10	-0.00020303
1.15021e-10	-0.000202999
1.15085e-10	-0.000202968
1.15149e-10	-0.000202936
1.15213e-10	-0.000202905
1.15277e-10	-0.000202873
1.15341e-10	-0.000202841
1.15405e-10	-0.000202809
1.15469e-10	-0.000202777
1.15533e-10	-0.000202744
1.15597e-10	-0.000202712
1.15661e-10	-0.000202679
1.15725e-10	-0.000202646
1.15789e-10	-0.000202612
1.15853e-10	-0.000202579
1.15917e-10	-0.000202545
1.15981e-10	-0.000202511
1.16045e-10	-0.000202477
1.16109e-10	-0.000202443
1.16173e-10	-0.000202408
1.16237e-10	-0.000202373
1.16301e-10	-0.000202339
1.16365e-10	-0.000202303
1.16429e-10	-0.000202268
1.16493e-10	-0.000202233
1.16557e-10	-0.000202197
1.16621e-10	-0.000202161
1.16685e-10	-0.000202125
1.16749e-10	-0.000202088
1.16813e-10	-0.000202052
1.16877e-10	-0.000202015
1.16941e-10	-0.000201978
1.17005e-10	-0.000201941
1.17069e-10	-0.000201904
1.17133e-10	-0.000201866
1.17197e-10	-0.000201828
1.17261e-10	-0.00020179
1.17325e-10	-0.000201752
1.17389e-10	-0.000201714
1.17453e-10	-0.000201675
1.17517e-10	-0.000201636
1.17581e-10	-0.000201597
1.17645e-10	-0.000201558
1.17709e-10	-0.000201519
1.17773e-10	-0.000201479
1.17837e-10	-0.000201439
1.17901e-10	-0.000201399
1.17966e-10	-0.000201359
1.1803e-10	-0.000201318
1.18094e-10	-0.000201278
1.18158e-10	-0.000201237
1.18222e-10	-0.000201196
1.18286e-10	-0.000201154
1.1835e-10	-0.000201113
1.18414e-10	-0.000201071
1.18478e-10	-0.000201029
1.18542e-10	-0.000200987
1.18606e-10	-0.000200945
1.1867e-10	-0.000200902
1.18734e-10	-0.000200859
1.18798e-10	-0.000200816
1.18862e-10	-0.000200773
1.18926e-10	-0.00020073
1.1899e-10	-0.000200686
1.19054e-10	-0.000200642
1.19118e-10	-0.000200598
1.19182e-10	-0.000200554
1.19246e-10	-0.000200509
1.1931e-10	-0.000200465
1.19374e-10	-0.00020042
1.19438e-10	-0.000200374
1.19502e-10	-0.000200329
1.19566e-10	-0.000200284
1.1963e-10	-0.000200238
1.19694e-10	-0.000200192
1.19758e-10	-0.000200146
1.19822e-10	-0.000200099
1.19886e-10	-0.000200052
1.1995e-10	-0.000200006
1.20014e-10	-0.000199958
1.20078e-10	-0.000199911
1.20142e-10	-0.000199864
1.20206e-10	-0.000199816
1.2027e-10	-0.000199768
1.20334e-10	-0.00019972
1.20398e-10	-0.000199671
1.20462e-10	-0.000199623
1.20526e-10	-0.000199574
1.2059e-10	-0.000199525
1.20654e-10	-0.000199476
1.20718e-10	-0.000199426
1.20782e-10	-0.000199376
1.20846e-10	-0.000199326
1.2091e-10	-0.000199276
1.20974e-10	-0.000199226
1.21038e-10	-0.000199175
1.21102e-10	-0.000199124
1.21166e-10	-0.000199073
1.2123e-10	-0.000199022
1.21294e-10	-0.000198971
1.21358e-10	-0.000198919
1.21422e-10	-0.000198867
1.21486e-10	-0.000198815
1.2155e-10	-0.000198762
1.21614e-10	-0.00019871
1.21678e-10	-0.000198657
1.21742e-10	-0.000198604
1.21806e-10	-0.000198551
1.2187e-10	-0.000198497
1.21934e-10	-0.000198443
1.21998e-10	-0.000198389
1.22062e-10	-0.000198335
1.22126e-10	-0.000198281
1.2219e-10	-0.000198226
1.22254e-10	-0.000198171
1.22318e-10	-0.000198116
1.22382e-10	-0.000198061
1.22446e-10	-0.000198005
1.2251e-10	-0.000197949
1.22574e-10	-0.000197893
1.22638e-10	-0.000197837
1.22702e-10	-0.000197781
1.22766e-10	-0.000197724
1.2283e-10	-0.000197667
1.22894e-10	-0.00019761
1.22958e-10	-0.000197553
1.23022e-10	-0.000197495
1.23086e-10	-0.000197437
1.2315e-10	-0.000197379
1.23214e-10	-0.000197321
1.23278e-10	-0.000197262
1.23342e-10	-0.000197203
1.23406e-10	-0.000197144
1.2347e-10	-0.000197085
1.23534e-10	-0.000197026
1.23598e-10	-0.000196966
1.23662e-10	-0.000196906
1.23726e-10	-0.000196846
1.2379e-10	-0.000196786
1.23854e-10	-0.000196725
1.23918e-10	-0.000196664
1.23982e-10	-0.000196603
1.24046e-10	-0.000196542
1.2411e-10	-0.00019648
1.24174e-10	-0.000196418
1.24238e-10	-0.000196356
1.24302e-10	-0.000196294
1.24366e-10	-0.000196231
1.2443e-10	-0.000196169
1.24494e-10	-0.000196106
1.24558e-10	-0.000196042
1.24622e-10	-0.000195979
1.24686e-10	-0.000195915
1.2475e-10	-0.000195851
1.24814e-10	-0.000195787
1.24878e-10	-0.000195723
1.24942e-10	-0.000195658
1.25006e-10	-0.000195593
1.2507e-10	-0.000195528
1.25134e-10	-0.000195462
1.25198e-10	-0.000195397
1.25262e-10	-0.000195331
1.25326e-10	-0.000195265
1.2539e-10	-0.000195199
1.25454e-10	-0.000195132
1.25518e-10	-0.000195065
1.25582e-10	-0.000194998
1.25646e-10	-0.000194931
1.2571e-10	-0.000194863
1.25774e-10	-0.000194795
1.25838e-10	-0.000194727
1.25902e-10	-0.000194659
1.25966e-10	-0.000194591
1.2603e-10	-0.000194522
1.26094e-10	-0.000194453
1.26158e-10	-0.000194384
1.26222e-10	-0.000194314
1.26286e-10	-0.000194244
1.2635e-10	-0.000194174
1.26414e-10	-0.000194104
1.26478e-10	-0.000194034
1.26542e-10	-0.000193963
1.26606e-10	-0.000193892
1.26671e-10	-0.000193821
1.26735e-10	-0.000193749
1.26799e-10	-0.000193677
1.26863e-10	-0.000193605
1.26927e-10	-0.000193533
1.26991e-10	-0.000193461
1.27055e-10	-0.000193388
1.27119e-10	-0.000193315
1.27183e-10	-0.000193242
1.27247e-10	-0.000193168
1.27311e-10	-0.000193095
1.27375e-10	-0.000193021
1.27439e-10	-0.000192947
1.27503e-10	-0.000192872
1.27567e-10	-0.000192797
1.27631e-10	-0.000192722
1.27695e-10	-0.000192647
1.27759e-10	-0.000192572
1.27823e-10	-0.000192496
1.27887e-10	-0.00019242
1.27951e-10	-0.000192344
1.28015e-10	-0.000192267
1.28079e-10	-0.000192191
1.28143e-10	-0.000192114
1.28207e-10	-0.000192036
1.28271e-10	-0.000191959
1.28335e-10	-0.000191881
1.28399e-10	-0.000191803
1.28463e-10	-0.000191725
1.28527e-10	-0.000191646
1.28591e-10	-0.000191568
1.28655e-10	-0.000191489
1.28719e-10	-0.000191409
1.28783e-10	-0.00019133
1.28847e-10	-0.00019125
1.28911e-10	-0.00019117
1.28975e-10	-0.00019109
1.29039e-10	-0.000191009
1.29103e-10	-0.000190928
1.29167e-10	-0.000190847
1.29231e-10	-0.000190766
1.29295e-10	-0.000190684
1.29359e-10	-0.000190602
1.29423e-10	-0.00019052
1.29487e-10	-0.000190438
1.29551e-10	-0.000190355
1.29615e-10	-0.000190272
1.29679e-10	-0.000190189
1.29743e-10	-0.000190106
1.29807e-10	-0.000190022
1.29871e-10	-0.000189938
1.29935e-10	-0.000189854
1.29999e-10	-0.000189769
1.30063e-10	-0.000189685
1.30127e-10	-0.0001896
1.30191e-10	-0.000189514
1.30255e-10	-0.000189429
1.30319e-10	-0.000189343
1.30383e-10	-0.000189257
1.30447e-10	-0.000189171
1.30511e-10	-0.000189084
1.30575e-10	-0.000188997
1.30639e-10	-0.00018891
1.30703e-10	-0.000188823
1.30767e-10	-0.000188735
1.30831e-10	-0.000188647
1.30895e-10	-0.000188559
1.30959e-10	-0.000188471
1.31023e-10	-0.000188382
1.31087e-10	-0.000188293
1.31151e-10	-0.000188204
1.31215e-10	-0.000188114
1.31279e-10	-0.000188024
1.31343e-10	-0.000187934
1.31407e-10	-0.000187844
1.31471e-10	-0.000187753
1.31535e-10	-0.000187663
1.31599e-10	-0.000187571
1.31663e-10	-0.00018748
1.31727e-10	-0.000187388
1.31791e-10	-0.000187296
1.31855e-10	-0.000187204
1.31919e-10	-0.000187112
1.31983e-10	-0.000187019
1.32047e-10	-0.000186926
1.32111e-10	-0.000186833
1.32175e-10	-0.000186739
1.32239e-10	-0.000186645
1.32303e-10	-0.000186551
1.32367e-10	-0.000186457
1.32431e-10	-0.000186362
1.32495e-10	-0.000186267
1.32559e-10	-0.000186172
1.32623e-10	-0.000186076
1.32687e-10	-0.000185981
1.32751e-10	-0.000185884
1.32815e-10	-0.000185788
1.32879e-10	-0.000185692
1.32943e-10	-0.000185595
1.33007e-10	-0.000185497
1.33071e-10	-0.0001854
1.33135e-10	-0.000185302
1.33199e-10	-0.000185204
1.33263e-10	-0.000185106
1.33327e-10	-0.000185008
1.33391e-10	-0.000184909
1.33455e-10	-0.00018481
1.33519e-10	-0.00018471
1.33583e-10	-0.000184611
1.33647e-10	-0.000184511
1.33711e-10	-0.00018441
1.33775e-10	-0.00018431
1.33839e-10	-0.000184209
1.33903e-10	-0.000184108
1.33967e-10	-0.000184007
1.34031e-10	-0.000183905
1.34095e-10	-0.000183803
1.34159e-10	-0.000183701
1.34223e-10	-0.000183598
1.34287e-10	-0.000183496
1.34351e-10	-0.000183393
1.34415e-10	-0.000183289
1.34479e-10	-0.000183186
1.34543e-10	-0.000183082
1.34607e-10	-0.000182978
1.34671e-10	-0.000182873
1.34735e-10	-0.000182768
1.34799e-10	-0.000182663
1.34863e-10	-0.000182558
1.34927e-10	-0.000182452
1.34991e-10	-0.000182346
1.35055e-10	-0.00018224
1.35119e-10	-0.000182134
1.35183e-10	-0.000182027
1.35247e-10	-0.00018192
1.35311e-10	-0.000181813
1.35376e-10	-0.000181705
1.3544e-10	-0.000181597
1.35504e-10	-0.000181489
1.35568e-10	-0.00018138
1.35632e-10	-0.000181272
1.35696e-10	-0.000181162
1.3576e-10	-0.000181053
1.35824e-10	-0.000180943
1.35888e-10	-0.000180833
1.35952e-10	-0.000180723
1.36016e-10	-0.000180613
1.3608e-10	-0.000180502
1.36144e-10	-0.000180391
1.36208e-10	-0.000180279
1.36272e-10	-0.000180168
1.36336e-10	-0.000180056
1.364e-10	-0.000179943
1.36464e-10	-0.000179831
1.36528e-10	-0.000179718
1.36592e-10	-0.000179605
1.36656e-10	-0.000179491
1.3672e-10	-0.000179377
1.36784e-10	-0.000179263
1.36848e-10	-0.000179149
1.36912e-10	-0.000179034
1.36976e-10	-0.000178919
1.3704e-10	-0.000178804
1.37104e-10	-0.000178688
1.37168e-10	-0.000178573
1.37232e-10	-0.000178456
1.37296e-10	-0.00017834
1.3736e-10	-0.000178223
1.37424e-10	-0.000178106
1.37488e-10	-0.000177989
1.37552e-10	-0.000177871
1.37616e-10	-0.000177753
1.3768e-10	-0.000177635
1.37744e-10	-0.000177516
1.37808e-10	-0.000177398
1.37872e-10	-0.000177278
1.37936e-10	-0.000177159
1.38e-10	-0.000177039
1.38064e-10	-0.000176919
1.38128e-10	-0.000176799
1.38192e-10	-0.000176678
1.38256e-10	-0.000176557
1.3832e-10	-0.000176436
1.38384e-10	-0.000176314
1.38448e-10	-0.000176192
1.38512e-10	-0.00017607
1.38576e-10	-0.000175948
1.3864e-10	-0.000175825
1.38704e-10	-0.000175702
1.38768e-10	-0.000175578
1.38832e-10	-0.000175455
1.38896e-10	-0.000175331
1.3896e-10	-0.000175206
1.39024e-10	-0.000175082
1.39088e-10	-0.000174957
1.39152e-10	-0.000174831
1.39216e-10	-0.000174706
1.3928e-10	-0.00017458
1.39344e-10	-0.000174454
1.39408e-10	-0.000174327
1.39472e-10	-0.0001742
1.39536e-10	-0.000174073
1.396e-10	-0.000173946
1.39664e-10	-0.000173818
1.39728e-10	-0.00017369
1.39792e-10	-0.000173562
1.39856e-10	-0.000173433
1.3992e-10	-0.000173304
1.39984e-10	-0.000173175
1.40048e-10	-0.000173045
1.40112e-10	-0.000172915
1.40176e-10	-0.000172785
1.4024e-10	-0.000172654
1.40304e-10	-0.000172523
1.40368e-10	-0.000172392
1.40432e-10	-0.000172261
1.40496e-10	-0.000172129
1.4056e-10	-0.000171997
1.40624e-10	-0.000171864
1.40688e-10	-0.000171731
1.40752e-10	-0.000171598
1.40816e-10	-0.000171465
1.4088e-10	-0.000171331
1.40944e-10	-0.000171197
1.41008e-10	-0.000171063
1.41072e-10	-0.000170928
1.41136e-10	-0.000170793
1.412e-10	-0.000170658
1.41264e-10	-0.000170522
1.41328e-10	-0.000170386
1.41392e-10	-0.00017025
1.41456e-10	-0.000170113
1.4152e-10	-0.000169976
1.41584e-10	-0.000169839
1.41648e-10	-0.000169702
1.41712e-10	-0.000169564
1.41776e-10	-0.000169425
1.4184e-10	-0.000169287
1.41904e-10	-0.000169148
1.41968e-10	-0.000169009
1.42032e-10	-0.000168869
1.42096e-10	-0.000168729
1.4216e-10	-0.000168589
1.42224e-10	-0.000168449
1.42288e-10	-0.000168308
1.42352e-10	-0.000168167
1.42416e-10	-0.000168025
1.4248e-10	-0.000167884
1.42544e-10	-0.000167742
1.42608e-10	-0.000167599
1.42672e-10	-0.000167456
1.42736e-10	-0.000167313
1.428e-10	-0.00016717
1.42864e-10	-0.000167026
1.42928e-10	-0.000166882
1.42992e-10	-0.000166738
1.43056e-10	-0.000166593
1.4312e-10	-0.000166448
1.43184e-10	-0.000166302
1.43248e-10	-0.000166157
1.43312e-10	-0.000166011
1.43376e-10	-0.000165864
1.4344e-10	-0.000165717
1.43504e-10	-0.00016557
1.43568e-10	-0.000165423
1.43632e-10	-0.000165275
1.43696e-10	-0.000165127
1.4376e-10	-0.000164979
1.43824e-10	-0.00016483
1.43888e-10	-0.000164681
1.43952e-10	-0.000164532
1.44016e-10	-0.000164382
1.4408e-10	-0.000164232
1.44145e-10	-0.000164081
1.44209e-10	-0.000163931
1.44273e-10	-0.00016378
1.44337e-10	-0.000163628
1.44401e-10	-0.000163476
1.44465e-10	-0.000163324
1.44529e-10	-0.000163172
1.44593e-10	-0.000163019
1.44657e-10	-0.000162866
1.44721e-10	-0.000162713
1.44785e-10	-0.000162559
1.44849e-10	-0.000162405
1.44913e-10	-0.00016225
1.44977e-10	-0.000162095
1.45041e-10	-0.00016194
1.45105e-10	-0.000161785
1.45169e-10	-0.000161629
1.45233e-10	-0.000161473
1.45297e-10	-0.000161316
1.45361e-10	-0.000161159
1.45425e-10	-0.000161002
1.45489e-10	-0.000160845
1.45553e-10	-0.000160687
1.45617e-10	-0.000160529
1.45681e-10	-0.00016037
1.45745e-10	-0.000160211
1.45809e-10	-0.000160052
1.45873e-10	-0.000159892
1.45937e-10	-0.000159732
1.46001e-10	-0.000159572
1.46065e-10	-0.000159411
1.46129e-10	-0.00015925
1.46193e-10	-0.000159089
1.46257e-10	-0.000158927
1.46321e-10	-0.000158765
1.46385e-10	-0.000158603
1.46449e-10	-0.00015844
1.46513e-10	-0.000158277
1.46577e-10	-0.000158114
1.46641e-10	-0.00015795
1.46705e-10	-0.000157786
1.46769e-10	-0.000157621
1.46833e-10	-0.000157457
1.46897e-10	-0.000157291
1.46961e-10	-0.000157126
1.47025e-10	-0.00015696
1.47089e-10	-0.000156794
1.47153e-10	-0.000156627
1.47217e-10	-0.00015646
1.47281e-10	-0.000156293
1.47345e-10	-0.000156125
1.47409e-10	-0.000155957
1.47473e-10	-0.000155789
1.47537e-10	-0.00015562
1.47601e-10	-0.000155451
1.47665e-10	-0.000155282
1.47729e-10	-0.000155112
1.47793e-10	-0.000154942
1.47857e-10	-0.000154771
1.47921e-10	-0.0001546
1.47985e-10	-0.000154429
1.48049e-10	-0.000154258
1.48113e-10	-0.000154086
1.48177e-10	-0.000153913
1.48241e-10	-0.000153741
1.48305e-10	-0.000153568
1.48369e-10	-0.000153394
1.48433e-10	-0.000153221
1.48497e-10	-0.000153046
1.48561e-10	-0.000152872
1.48625e-10	-0.000152697
1.48689e-10	-0.000152522
1.48753e-10	-0.000152347
1.48817e-10	-0.000152171
1.48881e-10	-0.000151994
1.48945e-10	-0.000151818
1.49009e-10	-0.000151641
1.49073e-10	-0.000151463
1.49137e-10	-0.000151286
1.49201e-10	-0.000151108
1.49265e-10	-0.000150929
1.49329e-10	-0.00015075
1.49393e-10	-0.000150571
1.49457e-10	-0.000150392
1.49521e-10	-0.000150212
1.49585e-10	-0.000150031
1.49649e-10	-0.000149851
1.49713e-10	-0.00014967
1.49777e-10	-0.000149488
1.49841e-10	-0.000149307
1.49905e-10	-0.000149124
1.49969e-10	-0.000148942
1.50033e-10	-0.000148759
1.50097e-10	-0.000148576
1.50161e-10	-0.000148392
1.50225e-10	-0.000148208
1.50289e-10	-0.000148024
1.50353e-10	-0.000147839
1.50417e-10	-0.000147654
1.50481e-10	-0.000147469
1.50545e-10	-0.000147283
1.50609e-10	-0.000147097
1.50673e-10	-0.00014691
1.50737e-10	-0.000146723
1.50801e-10	-0.000146536
1.50865e-10	-0.000146348
1.50929e-10	-0.00014616
1.50993e-10	-0.000145972
1.51057e-10	-0.000145783
1.51121e-10	-0.000145594
1.51185e-10	-0.000145404
1.51249e-10	-0.000145214
1.51313e-10	-0.000145024
1.51377e-10	-0.000144833
1.51441e-10	-0.000144642
1.51505e-10	-0.00014445
1.51569e-10	-0.000144259
1.51633e-10	-0.000144066
1.51697e-10	-0.000143874
1.51761e-10	-0.000143681
1.51825e-10	-0.000143487
1.51889e-10	-0.000143294
1.51953e-10	-0.0001431
1.52017e-10	-0.000142905
1.52081e-10	-0.00014271
1.52145e-10	-0.000142515
1.52209e-10	-0.000142319
1.52273e-10	-0.000142123
1.52337e-10	-0.000141927
1.52401e-10	-0.00014173
1.52465e-10	-0.000141533
1.52529e-10	-0.000141335
1.52593e-10	-0.000141137
1.52657e-10	-0.000140939
1.52721e-10	-0.00014074
1.52785e-10	-0.000140541
1.5285e-10	-0.000140341
1.52914e-10	-0.000140142
1.52978e-10	-0.000139941
1.53042e-10	-0.000139741
1.53106e-10	-0.00013954
1.5317e-10	-0.000139338
1.53234e-10	-0.000139136
1.53298e-10	-0.000138934
1.53362e-10	-0.000138731
1.53426e-10	-0.000138528
1.5349e-10	-0.000138325
1.53554e-10	-0.000138121
1.53618e-10	-0.000137917
1.53682e-10	-0.000137712
1.53746e-10	-0.000137507
1.5381e-10	-0.000137302
1.53874e-10	-0.000137096
1.53938e-10	-0.00013689
1.54002e-10	-0.000136684
1.54066e-10	-0.000136477
1.5413e-10	-0.000136269
1.54194e-10	-0.000136062
1.54258e-10	-0.000135854
1.54322e-10	-0.000135645
1.54386e-10	-0.000135436
1.5445e-10	-0.000135227
1.54514e-10	-0.000135017
1.54578e-10	-0.000134807
1.54642e-10	-0.000134597
1.54706e-10	-0.000134386
1.5477e-10	-0.000134174
1.54834e-10	-0.000133963
1.54898e-10	-0.000133751
1.54962e-10	-0.000133538
1.55026e-10	-0.000133325
1.5509e-10	-0.000133112
1.55154e-10	-0.000132898
1.55218e-10	-0.000132684
1.55282e-10	-0.00013247
1.55346e-10	-0.000132255
1.5541e-10	-0.000132039
1.55474e-10	-0.000131824
1.55538e-10	-0.000131608
1.55602e-10	-0.000131391
1.55666e-10	-0.000131174
1.5573e-10	-0.000130957
1.55794e-10	-0.000130739
1.55858e-10	-0.000130521
1.55922e-10	-0.000130302
1.55986e-10	-0.000130083
1.5605e-10	-0.000129864
1.56114e-10	-0.000129644
1.56178e-10	-0.000129424
1.56242e-10	-0.000129204
1.56306e-10	-0.000128983
1.5637e-10	-0.000128761
1.56434e-10	-0.000128539
1.56498e-10	-0.000128317
1.56562e-10	-0.000128095
1.56626e-10	-0.000127872
1.5669e-10	-0.000127648
1.56754e-10	-0.000127424
1.56818e-10	-0.0001272
1.56882e-10	-0.000126975
1.56946e-10	-0.00012675
1.5701e-10	-0.000126525
1.57074e-10	-0.000126299
1.57138e-10	-0.000126072
1.57202e-10	-0.000125846
1.57266e-10	-0.000125619
1.5733e-10	-0.000125391
1.57394e-10	-0.000125163
1.57458e-10	-0.000124935
1.57522e-10	-0.000124706
1.57586e-10	-0.000124477
1.5765e-10	-0.000124247
1.57714e-10	-0.000124017
1.57778e-10	-0.000123786
1.57842e-10	-0.000123555
1.57906e-10	-0.000123324
1.5797e-10	-0.000123092
1.58034e-10	-0.00012286
1.58098e-10	-0.000122628
1.58162e-10	-0.000122395
1.58226e-10	-0.000122161
1.5829e-10	-0.000121927
1.58354e-10	-0.000121693
1.58418e-10	-0.000121458
1.58482e-10	-0.000121223
1.58546e-10	-0.000120988
1.5861e-10	-0.000120752
1.58674e-10	-0.000120515
1.58738e-10	-0.000120279
1.58802e-10	-0.000120041
1.58866e-10	-0.000119804
1.5893e-10	-0.000119566
1.58994e-10	-0.000119327
1.59058e-10	-0.000119088
1.59122e-10	-0.000118849
1.59186e-10	-0.000118609
1.5925e-10	-0.000118369
1.59314e-10	-0.000118128
1.59378e-10	-0.000117887
1.59442e-10	-0.000117646
1.59506e-10	-0.000117404
1.5957e-10	-0.000117161
1.59634e-10	-0.000116919
1.59698e-10	-0.000116675
1.59762e-10	-0.000116432
1.59826e-10	-0.000116188
1.5989e-10	-0.000115943
1.59954e-10	-0.000115698
1.60018e-10	-0.000115453
1.60082e-10	-0.000115207
1.60146e-10	-0.000114961
1.6021e-10	-0.000114714
1.60274e-10	-0.000114467
1.60338e-10	-0.000114219
1.60402e-10	-0.000113971
1.60466e-10	-0.000113723
1.6053e-10	-0.000113474
1.60594e-10	-0.000113225
1.60658e-10	-0.000112975
1.60722e-10	-0.000112725
1.60786e-10	-0.000112474
1.6085e-10	-0.000112223
1.60914e-10	-0.000111972
1.60978e-10	-0.00011172
1.61042e-10	-0.000111468
1.61106e-10	-0.000111215
1.6117e-10	-0.000110962
1.61234e-10	-0.000110708
1.61298e-10	-0.000110454
1.61362e-10	-0.000110199
1.61426e-10	-0.000109944
1.6149e-10	-0.000109689
1.61554e-10	-0.000109433
1.61619e-10	-0.000109177
1.61683e-10	-0.00010892
1.61747e-10	-0.000108663
1.61811e-10	-0.000108405
1.61875e-10	-0.000108147
1.61939e-10	-0.000107889
1.62003e-10	-0.00010763
1.62067e-10	-0.00010737
1.62131e-10	-0.00010711
1.62195e-10	-0.00010685
1.62259e-10	-0.000106589
1.62323e-10	-0.000106328
1.62387e-10	-0.000106066
1.62451e-10	-0.000105804
1.62515e-10	-0.000105542
1.62579e-10	-0.000105279
1.62643e-10	-0.000105015
1.62707e-10	-0.000104751
1.62771e-10	-0.000104487
1.62835e-10	-0.000104222
1.62899e-10	-0.000103957
1.62963e-10	-0.000103691
1.63027e-10	-0.000103425
1.63091e-10	-0.000103158
1.63155e-10	-0.000102891
1.63219e-10	-0.000102624
1.63283e-10	-0.000102356
1.63347e-10	-0.000102087
1.63411e-10	-0.000101818
1.63475e-10	-0.000101549
1.63539e-10	-0.000101279
1.63603e-10	-0.000101009
1.63667e-10	-0.000100738
1.63731e-10	-0.000100467
1.63795e-10	-0.000100196
1.63859e-10	-9.99235e-05
1.63923e-10	-9.96509e-05
1.63987e-10	-9.93779e-05
1.64051e-10	-9.91045e-05
1.64115e-10	-9.88305e-05
1.64179e-10	-9.85562e-05
1.64243e-10	-9.82813e-05
1.64307e-10	-9.8006e-05
1.64371e-10	-9.77303e-05
1.64435e-10	-9.7454e-05
1.64499e-10	-9.71773e-05
1.64563e-10	-9.69002e-05
1.64627e-10	-9.66226e-05
1.64691e-10	-9.63445e-05
1.64755e-10	-9.6066e-05
1.64819e-10	-9.57869e-05
1.64883e-10	-9.55075e-05
1.64947e-10	-9.52275e-05
1.65011e-10	-9.49471e-05
1.65075e-10	-9.46663e-05
1.65139e-10	-9.43849e-05
1.65203e-10	-9.41031e-05
1.65267e-10	-9.38208e-05
1.65331e-10	-9.35381e-05
1.65395e-10	-9.32549e-05
1.65459e-10	-9.29712e-05
1.65523e-10	-9.26871e-05
1.65587e-10	-9.24025e-05
1.65651e-10	-9.21174e-05
1.65715e-10	-9.18318e-05
1.65779e-10	-9.15458e-05
1.65843e-10	-9.12593e-05
1.65907e-10	-9.09723e-05
1.65971e-10	-9.06849e-05
1.66035e-10	-9.03969e-05
1.66099e-10	-9.01086e-05
1.66163e-10	-8.98197e-05
1.66227e-10	-8.95303e-05
1.66291e-10	-8.92405e-05
1.66355e-10	-8.89502e-05
1.66419e-10	-8.86595e-05
1.66483e-10	-8.83682e-05
1.66547e-10	-8.80765e-05
1.66611e-10	-8.77843e-05
1.66675e-10	-8.74917e-05
1.66739e-10	-8.71985e-05
1.66803e-10	-8.69049e-05
1.66867e-10	-8.66108e-05
1.66931e-10	-8.63162e-05
1.66995e-10	-8.60211e-05
1.67059e-10	-8.57256e-05
1.67123e-10	-8.54295e-05
1.67187e-10	-8.5133e-05
1.67251e-10	-8.48361e-05
1.67315e-10	-8.45386e-05
1.67379e-10	-8.42406e-05
1.67443e-10	-8.39422e-05
1.67507e-10	-8.36433e-05
1.67571e-10	-8.33439e-05
1.67635e-10	-8.3044e-05
1.67699e-10	-8.27436e-05
1.67763e-10	-8.24427e-05
1.67827e-10	-8.21414e-05
1.67891e-10	-8.18396e-05
1.67955e-10	-8.15373e-05
1.68019e-10	-8.12345e-05
1.68083e-10	-8.09312e-05
1.68147e-10	-8.06274e-05
1.68211e-10	-8.03231e-05
1.68275e-10	-8.00184e-05
1.68339e-10	-7.97131e-05
1.68403e-10	-7.94074e-05
1.68467e-10	-7.91012e-05
1.68531e-10	-7.87945e-05
1.68595e-10	-7.84873e-05
1.68659e-10	-7.81796e-05
1.68723e-10	-7.78714e-05
1.68787e-10	-7.75627e-05
1.68851e-10	-7.72535e-05
1.68915e-10	-7.69439e-05
1.68979e-10	-7.66337e-05
1.69043e-10	-7.6323e-05
1.69107e-10	-7.60119e-05
1.69171e-10	-7.57003e-05
1.69235e-10	-7.53881e-05
1.69299e-10	-7.50755e-05
1.69363e-10	-7.47624e-05
1.69427e-10	-7.44487e-05
1.69491e-10	-7.41346e-05
1.69555e-10	-7.382e-05
1.69619e-10	-7.35049e-05
1.69683e-10	-7.31892e-05
1.69747e-10	-7.28731e-05
1.69811e-10	-7.25565e-05
1.69875e-10	-7.22394e-05
1.69939e-10	-7.19218e-05
1.70003e-10	-7.16036e-05
1.70067e-10	-7.1285e-05
1.70131e-10	-7.09659e-05
1.70195e-10	-7.06463e-05
1.70259e-10	-7.03261e-05
1.70324e-10	-7.00055e-05
1.70388e-10	-6.96844e-05
1.70452e-10	-6.93627e-05
1.70516e-10	-6.90406e-05
1.7058e-10	-6.87179e-05
1.70644e-10	-6.83948e-05
1.70708e-10	-6.80711e-05
1.70772e-10	-6.77469e-05
1.70836e-10	-6.74223e-05
1.709e-10	-6.70971e-05
1.70964e-10	-6.67714e-05
1.71028e-10	-6.64452e-05
1.71092e-10	-6.61185e-05
1.71156e-10	-6.57913e-05
1.7122e-10	-6.54635e-05
1.71284e-10	-6.51353e-05
1.71348e-10	-6.48065e-05
1.71412e-10	-6.44773e-05
1.71476e-10	-6.41475e-05
1.7154e-10	-6.38172e-05
1.71604e-10	-6.34864e-05
1.71668e-10	-6.31551e-05
1.71732e-10	-6.28233e-05
1.71796e-10	-6.2491e-05
1.7186e-10	-6.21581e-05
1.71924e-10	-6.18247e-05
1.71988e-10	-6.14908e-05
1.72052e-10	-6.11564e-05
1.72116e-10	-6.08215e-05
1.7218e-10	-6.04861e-05
1.72244e-10	-6.01501e-05
1.72308e-10	-5.98137e-05
1.72372e-10	-5.94767e-05
1.72436e-10	-5.91392e-05
1.725e-10	-5.88012e-05
1.72564e-10	-5.84626e-05
1.72628e-10	-5.81236e-05
1.72692e-10	-5.7784e-05
1.72756e-10	-5.74439e-05
1.7282e-10	-5.71032e-05
1.72884e-10	-5.67621e-05
1.72948e-10	-5.64204e-05
1.73012e-10	-5.60782e-05
1.73076e-10	-5.57355e-05
1.7314e-10	-5.53923e-05
1.73204e-10	-5.50485e-05
1.73268e-10	-5.47042e-05
1.73332e-10	-5.43594e-05
1.73396e-10	-5.4014e-05
1.7346e-10	-5.36682e-05
1.73524e-10	-5.33218e-05
1.73588e-10	-5.29749e-05
1.73652e-10	-5.26274e-05
1.73716e-10	-5.22794e-05
1.7378e-10	-5.19309e-05
1.73844e-10	-5.15819e-05
1.73908e-10	-5.12323e-05
1.73972e-10	-5.08822e-05
1.74036e-10	-5.05316e-05
1.741e-10	-5.01804e-05
1.74164e-10	-4.98287e-05
1.74228e-10	-4.94765e-05
1.74292e-10	-4.91238e-05
1.74356e-10	-4.87705e-05
1.7442e-10	-4.84166e-05
1.74484e-10	-4.80623e-05
1.74548e-10	-4.77074e-05
1.74612e-10	-4.7352e-05
1.74676e-10	-4.6996e-05
1.7474e-10	-4.66395e-05
1.74804e-10	-4.62825e-05
1.74868e-10	-4.59249e-05
1.74932e-10	-4.55668e-05
1.74996e-10	-4.52082e-05
1.7506e-10	-4.4849e-05
1.75124e-10	-4.44893e-05
1.75188e-10	-4.4129e-05
1.75252e-10	-4.37682e-05
1.75316e-10	-4.34068e-05
1.7538e-10	-4.3045e-05
1.75444e-10	-4.26825e-05
1.75508e-10	-4.23196e-05
1.75572e-10	-4.19561e-05
1.75636e-10	-4.1592e-05
1.757e-10	-4.12274e-05
1.75764e-10	-4.08623e-05
1.75828e-10	-4.04966e-05
1.75892e-10	-4.01304e-05
1.75956e-10	-3.97636e-05
1.7602e-10	-3.93963e-05
1.76084e-10	-3.90284e-05
1.76148e-10	-3.866e-05
1.76212e-10	-3.82911e-05
1.76276e-10	-3.79216e-05
1.7634e-10	-3.75515e-05
1.76404e-10	-3.71809e-05
1.76468e-10	-3.68098e-05
1.76532e-10	-3.64381e-05
1.76596e-10	-3.60658e-05
1.7666e-10	-3.5693e-05
1.76724e-10	-3.53197e-05
1.76788e-10	-3.49458e-05
1.76852e-10	-3.45713e-05
1.76916e-10	-3.41963e-05
1.7698e-10	-3.38208e-05
1.77044e-10	-3.34446e-05
1.77108e-10	-3.3068e-05
1.77172e-10	-3.26908e-05
1.77236e-10	-3.2313e-05
1.773e-10	-3.19347e-05
1.77364e-10	-3.15558e-05
1.77428e-10	-3.11763e-05
1.77492e-10	-3.07963e-05
1.77556e-10	-3.04158e-05
1.7762e-10	-3.00347e-05
1.77684e-10	-2.9653e-05
1.77748e-10	-2.92708e-05
1.77812e-10	-2.8888e-05
1.77876e-10	-2.85046e-05
1.7794e-10	-2.81207e-05
1.78004e-10	-2.77362e-05
1.78068e-10	-2.73512e-05
1.78132e-10	-2.69656e-05
1.78196e-10	-2.65794e-05
1.7826e-10	-2.61927e-05
1.78324e-10	-2.58054e-05
1.78388e-10	-2.54176e-05
1.78452e-10	-2.50292e-05
1.78516e-10	-2.46402e-05
1.7858e-10	-2.42507e-05
1.78644e-10	-2.38606e-05
1.78708e-10	-2.34699e-05
1.78772e-10	-2.30787e-05
1.78836e-10	-2.26868e-05
1.789e-10	-2.22945e-05
1.78964e-10	-2.19015e-05
1.79028e-10	-2.1508e-05
1.79093e-10	-2.11139e-05
1.79157e-10	-2.07193e-05
1.79221e-10	-2.03241e-05
1.79285e-10	-1.99283e-05
1.79349e-10	-1.95319e-05
1.79413e-10	-1.9135e-05
1.79477e-10	-1.87375e-05
1.79541e-10	-1.83394e-05
1.79605e-10	-1.79407e-05
1.79669e-10	-1.75415e-05
1.79733e-10	-1.71417e-05
1.79797e-10	-1.67413e-05
1.79861e-10	-1.63404e-05
1.79925e-10	-1.59389e-05
1.79989e-10	-1.55368e-05
1.80053e-10	-1.51341e-05
1.80117e-10	-1.47308e-05
1.80181e-10	-1.4327e-05
1.80245e-10	-1.39226e-05
1.80309e-10	-1.35176e-05
1.80373e-10	-1.3112e-05
1.80437e-10	-1.27059e-05
1.80501e-10	-1.22991e-05
1.80565e-10	-1.18918e-05
1.80629e-10	-1.14839e-05
1.80693e-10	-1.10755e-05
1.80757e-10	-1.06664e-05
1.80821e-10	-1.02568e-05
1.80885e-10	-9.84654e-06
1.80949e-10	-9.43574e-06
1.81013e-10	-9.02435e-06
1.81077e-10	-8.61237e-06
1.81141e-10	-8.19981e-06
1.81205e-10	-7.78666e-06
1.81269e-10	-7.37293e-06
1.81333e-10	-6.95861e-06
1.81397e-10	-6.5437e-06
1.81461e-10	-6.12821e-06
1.81525e-10	-5.71213e-06
1.81589e-10	-5.29545e-06
1.81653e-10	-4.87819e-06
1.81717e-10	-4.46034e-06
1.81781e-10	-4.0419e-06
1.81845e-10	-3.62287e-06
1.81909e-10	-3.20324e-06
1.81973e-10	-2.78303e-06
1.82037e-10	-2.36222e-06
1.82101e-10	-1.94082e-06
1.82165e-10	-1.51882e-06
1.82229e-10	-1.09623e-06
1.82293e-10	-6.73049e-07
1.82357e-10	-2.4927e-07
1.82421e-10	1.75104e-07
1.82485e-10	6.00074e-07
1.82549e-10	1.02564e-06
1.82613e-10	1.4518e-06
1.82677e-10	1.87857e-06
1.82741e-10	2.30592e-06
1.82805e-10	2.73388e-06
1.82869e-10	3.16244e-06
1.82933e-10	3.5916e-06
1.82997e-10	4.02135e-06
1.83061e-10	4.45171e-06
1.83125e-10	4.88267e-06
1.83189e-10	5.31423e-06
1.83253e-10	5.74639e-06
1.83317e-10	6.17916e-06
1.83381e-10	6.61253e-06
1.83445e-10	7.0465e-06
1.83509e-10	7.48108e-06
1.83573e-10	7.91626e-06
1.83637e-10	8.35204e-06
1.83701e-10	8.78844e-06
1.83765e-10	9.22543e-06
1.83829e-10	9.66304e-06
1.83893e-10	1.01013e-05
1.83957e-10	1.05401e-05
1.84021e-10	1.09795e-05
1.84085e-10	1.14195e-05
1.84149e-10	1.18602e-05
1.84213e-10	1.23014e-05
1.84277e-10	1.27433e-05
1.84341e-10	1.31858e-05
1.84405e-10	1.36289e-05
1.84469e-10	1.40726e-05
1.84533e-10	1.45169e-05
1.84597e-10	1.49618e-05
1.84661e-10	1.54074e-05
1.84725e-10	1.58535e-05
1.84789e-10	1.63003e-05
1.84853e-10	1.67477e-05
1.84917e-10	1.71957e-05
1.84981e-10	1.76443e-05
1.85045e-10	1.80935e-05
1.85109e-10	1.85434e-05
1.85173e-10	1.89939e-05
1.85237e-10	1.9445e-05
1.85301e-10	1.98967e-05
1.85365e-10	2.0349e-05
1.85429e-10	2.08019e-05
1.85493e-10	2.12555e-05
1.85557e-10	2.17097e-05
1.85621e-10	2.21645e-05
1.85685e-10	2.26199e-05
1.85749e-10	2.3076e-05
1.85813e-10	2.35327e-05
1.85877e-10	2.399e-05
1.85941e-10	2.44479e-05
1.86005e-10	2.49064e-05
1.86069e-10	2.53656e-05
1.86133e-10	2.58254e-05
1.86197e-10	2.62858e-05
1.86261e-10	2.67469e-05
1.86325e-10	2.72086e-05
1.86389e-10	2.76709e-05
1.86453e-10	2.81338e-05
1.86517e-10	2.85974e-05
1.86581e-10	2.90616e-05
1.86645e-10	2.95264e-05
1.86709e-10	2.99919e-05
1.86773e-10	3.0458e-05
1.86837e-10	3.09247e-05
1.86901e-10	3.1392e-05
1.86965e-10	3.186e-05
1.87029e-10	3.23286e-05
1.87093e-10	3.27979e-05
1.87157e-10	3.32678e-05
1.87221e-10	3.37383e-05
1.87285e-10	3.42094e-05
1.87349e-10	3.46812e-05
1.87413e-10	3.51536e-05
1.87477e-10	3.56267e-05
1.87541e-10	3.61004e-05
1.87605e-10	3.65747e-05
1.87669e-10	3.70497e-05
1.87733e-10	3.75253e-05
1.87798e-10	3.80016e-05
1.87862e-10	3.84785e-05
1.87926e-10	3.8956e-05
1.8799e-10	3.94342e-05
1.88054e-10	3.9913e-05
1.88118e-10	4.03925e-05
1.88182e-10	4.08726e-05
1.88246e-10	4.13533e-05
1.8831e-10	4.18347e-05
1.88374e-10	4.23168e-05
1.88438e-10	4.27994e-05
1.88502e-10	4.32828e-05
1.88566e-10	4.37667e-05
1.8863e-10	4.42514e-05
1.88694e-10	4.47366e-05
1.88758e-10	4.52225e-05
1.88822e-10	4.57091e-05
1.88886e-10	4.61963e-05
1.8895e-10	4.66842e-05
1.89014e-10	4.71727e-05
1.89078e-10	4.76618e-05
1.89142e-10	4.81516e-05
1.89206e-10	4.86421e-05
1.8927e-10	4.91332e-05
1.89334e-10	4.9625e-05
1.89398e-10	5.01174e-05
1.89462e-10	5.06105e-05
1.89526e-10	5.11042e-05
1.8959e-10	5.15986e-05
1.89654e-10	5.20936e-05
1.89718e-10	5.25893e-05
1.89782e-10	5.30856e-05
1.89846e-10	5.35827e-05
1.8991e-10	5.40803e-05
1.89974e-10	5.45786e-05
1.90038e-10	5.50776e-05
1.90102e-10	5.55772e-05
1.90166e-10	5.60775e-05
1.9023e-10	5.65785e-05
1.90294e-10	5.70801e-05
1.90358e-10	5.75824e-05
1.90422e-10	5.80853e-05
1.90486e-10	5.85889e-05
1.9055e-10	5.90932e-05
1.90614e-10	5.95981e-05
1.90678e-10	6.01037e-05
1.90742e-10	6.061e-05
1.90806e-10	6.11169e-05
1.9087e-10	6.16245e-05
1.90934e-10	6.21327e-05
1.90998e-10	6.26417e-05
1.91062e-10	6.31513e-05
1.91126e-10	6.36615e-05
1.9119e-10	6.41724e-05
1.91254e-10	6.4684e-05
1.91318e-10	6.51963e-05
1.91382e-10	6.57092e-05
1.91446e-10	6.62228e-05
1.9151e-10	6.67371e-05
1.91574e-10	6.7252e-05
1.91638e-10	6.77677e-05
1.91702e-10	6.82839e-05
1.91766e-10	6.88009e-05
1.9183e-10	6.93185e-05
1.91894e-10	6.98368e-05
1.91958e-10	7.03558e-05
1.92022e-10	7.08755e-05
1.92086e-10	7.13958e-05
1.9215e-10	7.19168e-05
1.92214e-10	7.24385e-05
1.92278e-10	7.29609e-05
1.92342e-10	7.34839e-05
1.92406e-10	7.40077e-05
1.9247e-10	7.45321e-05
1.92534e-10	7.50572e-05
1.92598e-10	7.55829e-05
1.92662e-10	7.61094e-05
1.92726e-10	7.66365e-05
1.9279e-10	7.71643e-05
1.92854e-10	7.76928e-05
1.92918e-10	7.8222e-05
1.92982e-10	7.87518e-05
1.93046e-10	7.92824e-05
1.9311e-10	7.98136e-05
1.93174e-10	8.03455e-05
1.93238e-10	8.08781e-05
1.93302e-10	8.14114e-05
1.93366e-10	8.19454e-05
1.9343e-10	8.248e-05
1.93494e-10	8.30154e-05
1.93558e-10	8.35514e-05
1.93622e-10	8.40881e-05
1.93686e-10	8.46256e-05
1.9375e-10	8.51637e-05
1.93814e-10	8.57025e-05
1.93878e-10	8.62419e-05
1.93942e-10	8.67821e-05
1.94006e-10	8.7323e-05
1.9407e-10	8.78646e-05
1.94134e-10	8.84068e-05
1.94198e-10	8.89498e-05
1.94262e-10	8.94934e-05
1.94326e-10	9.00378e-05
1.9439e-10	9.05828e-05
1.94454e-10	9.11286e-05
1.94518e-10	9.1675e-05
1.94582e-10	9.22221e-05
1.94646e-10	9.277e-05
1.9471e-10	9.33185e-05
1.94774e-10	9.38677e-05
1.94838e-10	9.44177e-05
1.94902e-10	9.49683e-05
1.94966e-10	9.55196e-05
1.9503e-10	9.60716e-05
1.95094e-10	9.66244e-05
1.95158e-10	9.71778e-05
1.95222e-10	9.7732e-05
1.95286e-10	9.82868e-05
1.9535e-10	9.88424e-05
1.95414e-10	9.93986e-05
1.95478e-10	9.99556e-05
1.95542e-10	0.000100513
1.95606e-10	0.000101072
1.9567e-10	0.000101631
1.95734e-10	0.00010219
1.95798e-10	0.000102751
1.95862e-10	0.000103312
1.95926e-10	0.000103874
1.9599e-10	0.000104437
1.96054e-10	0.000105
1.96118e-10	0.000105564
1.96182e-10	0.000106129
1.96246e-10	0.000106694
1.9631e-10	0.000107261
1.96374e-10	0.000107827
1.96438e-10	0.000108395
1.96502e-10	0.000108963
1.96567e-10	0.000109532
1.96631e-10	0.000110102
1.96695e-10	0.000110673
1.96759e-10	0.000111244
1.96823e-10	0.000111816
1.96887e-10	0.000112388
1.96951e-10	0.000112962
1.97015e-10	0.000113536
1.97079e-10	0.000114111
1.97143e-10	0.000114686
1.97207e-10	0.000115262
1.97271e-10	0.000115839
1.97335e-10	0.000116417
1.97399e-10	0.000116995
1.97463e-10	0.000117574
1.97527e-10	0.000118154
1.97591e-10	0.000118735
1.97655e-10	0.000119316
1.97719e-10	0.000119898
1.97783e-10	0.000120481
1.97847e-10	0.000121064
1.97911e-10	0.000121649
1.97975e-10	0.000122234
1.98039e-10	0.000122819
1.98103e-10	0.000123406
1.98167e-10	0.000123993
1.98231e-10	0.000124581
1.98295e-10	0.000125169
1.98359e-10	0.000125758
1.98423e-10	0.000126348
1.98487e-10	0.000126939
1.98551e-10	0.000127531
1.98615e-10	0.000128123
1.98679e-10	0.000128716
1.98743e-10	0.00012931
1.98807e-10	0.000129904
1.98871e-10	0.000130499
1.98935e-10	0.000131095
1.98999e-10	0.000131692
1.99063e-10	0.000132289
1.99127e-10	0.000132887
1.99191e-10	0.000133486
1.99255e-10	0.000134086
1.99319e-10	0.000134686
1.99383e-10	0.000135287
1.99447e-10	0.000135889
1.99511e-10	0.000136492
1.99575e-10	0.000137095
1.99639e-10	0.000137699
1.99703e-10	0.000138304
1.99767e-10	0.000138909
1.99831e-10	0.000139516
1.99895e-10	0.000140123
1.99959e-10	0.00014073
2.00023e-10	0.000141339
2.00087e-10	0.000141948
2.00151e-10	0.000142558
2.00215e-10	0.000143169
2.00279e-10	0.000143781
2.00343e-10	0.000144393
2.00407e-10	0.000145006
2.00471e-10	0.00014562
2.00535e-10	0.000146234
2.00599e-10	0.000146849
2.00663e-10	0.000147465
2.00727e-10	0.000148082
2.00791e-10	0.0001487
2.00855e-10	0.000149318
2.00919e-10	0.000149937
2.00983e-10	0.000150557
2.01047e-10	0.000151177
2.01111e-10	0.000151799
2.01175e-10	0.000152421
2.01239e-10	0.000153044
2.01303e-10	0.000153667
2.01367e-10	0.000154291
2.01431e-10	0.000154917
2.01495e-10	0.000155542
2.01559e-10	0.000156169
2.01623e-10	0.000156796
2.01687e-10	0.000157425
2.01751e-10	0.000158053
2.01815e-10	0.000158683
2.01879e-10	0.000159314
2.01943e-10	0.000159945
2.02007e-10	0.000160577
2.02071e-10	0.000161209
2.02135e-10	0.000161843
2.02199e-10	0.000162477
2.02263e-10	0.000163112
2.02327e-10	0.000163748
2.02391e-10	0.000164385
2.02455e-10	0.000165022
2.02519e-10	0.00016566
2.02583e-10	0.000166299
2.02647e-10	0.000166939
2.02711e-10	0.000167579
2.02775e-10	0.00016822
2.02839e-10	0.000168862
2.02903e-10	0.000169505
2.02967e-10	0.000170148
2.03031e-10	0.000170793
2.03095e-10	0.000171438
2.03159e-10	0.000172083
2.03223e-10	0.00017273
2.03287e-10	0.000173377
2.03351e-10	0.000174026
2.03415e-10	0.000174675
2.03479e-10	0.000175324
2.03543e-10	0.000175975
2.03607e-10	0.000176626
2.03671e-10	0.000177278
2.03735e-10	0.000177931
2.03799e-10	0.000178585
2.03863e-10	0.000179239
2.03927e-10	0.000179894
2.03991e-10	0.00018055
2.04055e-10	0.000181207
2.04119e-10	0.000181864
2.04183e-10	0.000182523
2.04247e-10	0.000183182
2.04311e-10	0.000183842
2.04375e-10	0.000184502
2.04439e-10	0.000185164
2.04503e-10	0.000185826
2.04567e-10	0.000186489
2.04631e-10	0.000187153
2.04695e-10	0.000187818
2.04759e-10	0.000188483
2.04823e-10	0.000189149
2.04887e-10	0.000189816
2.04951e-10	0.000190484
2.05015e-10	0.000191153
2.05079e-10	0.000191822
2.05143e-10	0.000192492
2.05207e-10	0.000193163
2.05272e-10	0.000193835
2.05336e-10	0.000194507
2.054e-10	0.000195181
2.05464e-10	0.000195855
2.05528e-10	0.00019653
2.05592e-10	0.000197205
2.05656e-10	0.000197882
2.0572e-10	0.000198559
2.05784e-10	0.000199238
2.05848e-10	0.000199916
2.05912e-10	0.000200596
2.05976e-10	0.000201277
2.0604e-10	0.000201958
2.06104e-10	0.00020264
2.06168e-10	0.000203323
2.06232e-10	0.000204007
2.06296e-10	0.000204692
2.0636e-10	0.000205377
2.06424e-10	0.000206063
2.06488e-10	0.00020675
2.06552e-10	0.000207438
2.06616e-10	0.000208126
2.0668e-10	0.000208816
2.06744e-10	0.000209506
2.06808e-10	0.000210197
2.06872e-10	0.000210889
2.06936e-10	0.000211582
2.07e-10	0.000212275
2.07064e-10	0.000212969
2.07128e-10	0.000213664
2.07192e-10	0.00021436
2.07256e-10	0.000215057
2.0732e-10	0.000215755
2.07384e-10	0.000216453
2.07448e-10	0.000217152
2.07512e-10	0.000217852
2.07576e-10	0.000218553
2.0764e-10	0.000219254
2.07704e-10	0.000219957
2.07768e-10	0.00022066
2.07832e-10	0.000221364
2.07896e-10	0.000222069
2.0796e-10	0.000222775
2.08024e-10	0.000223481
2.08088e-10	0.000224189
2.08152e-10	0.000224897
2.08216e-10	0.000225606
2.0828e-10	0.000226316
2.08344e-10	0.000227026
2.08408e-10	0.000227738
2.08472e-10	0.00022845
2.08536e-10	0.000229163
2.086e-10	0.000229877
2.08664e-10	0.000230592
2.08728e-10	0.000231308
2.08792e-10	0.000232024
2.08856e-10	0.000232741
2.0892e-10	0.000233459
2.08984e-10	0.000234178
2.09048e-10	0.000234898
2.09112e-10	0.000235619
2.09176e-10	0.00023634
2.0924e-10	0.000237062
2.09304e-10	0.000237785
2.09368e-10	0.000238509
2.09432e-10	0.000239234
2.09496e-10	0.00023996
2.0956e-10	0.000240686
2.09624e-10	0.000241414
2.09688e-10	0.000242142
2.09752e-10	0.000242871
2.09816e-10	0.0002436
2.0988e-10	0.000244331
2.09944e-10	0.000245062
2.10008e-10	0.000245795
2.10072e-10	0.000246528
2.10136e-10	0.000247262
2.102e-10	0.000247997
2.10264e-10	0.000248732
2.10328e-10	0.000249469
2.10392e-10	0.000250206
2.10456e-10	0.000250945
2.1052e-10	0.000251684
2.10584e-10	0.000252424
2.10648e-10	0.000253164
2.10712e-10	0.000253906
2.10776e-10	0.000254648
2.1084e-10	0.000255392
2.10904e-10	0.000256136
2.10968e-10	0.000256881
2.11032e-10	0.000257627
2.11096e-10	0.000258373
2.1116e-10	0.000259121
2.11224e-10	0.000259869
2.11288e-10	0.000260619
2.11352e-10	0.000261369
2.11416e-10	0.00026212
2.1148e-10	0.000262871
2.11544e-10	0.000263624
2.11608e-10	0.000264378
2.11672e-10	0.000265132
2.11736e-10	0.000265887
2.118e-10	0.000266643
2.11864e-10	0.0002674
2.11928e-10	0.000268158
2.11992e-10	0.000268917
2.12056e-10	0.000269677
2.1212e-10	0.000270437
2.12184e-10	0.000271198
2.12248e-10	0.00027196
2.12312e-10	0.000272723
2.12376e-10	0.000273487
2.1244e-10	0.000274252
2.12504e-10	0.000275018
2.12568e-10	0.000275784
2.12632e-10	0.000276551
2.12696e-10	0.00027732
2.1276e-10	0.000278089
2.12824e-10	0.000278858
2.12888e-10	0.000279629
2.12952e-10	0.000280401
2.13016e-10	0.000281174
2.1308e-10	0.000281947
2.13144e-10	0.000282721
2.13208e-10	0.000283496
2.13272e-10	0.000284272
2.13336e-10	0.000285049
2.134e-10	0.000285827
2.13464e-10	0.000286606
2.13528e-10	0.000287385
2.13592e-10	0.000288166
2.13656e-10	0.000288947
2.1372e-10	0.000289729
2.13784e-10	0.000290512
2.13848e-10	0.000291296
2.13912e-10	0.000292081
2.13977e-10	0.000292867
2.14041e-10	0.000293653
2.14105e-10	0.000294441
2.14169e-10	0.000295229
2.14233e-10	0.000296018
2.14297e-10	0.000296808
2.14361e-10	0.000297599
2.14425e-10	0.000298391
2.14489e-10	0.000299184
2.14553e-10	0.000299977
2.14617e-10	0.000300772
2.14681e-10	0.000301567
2.14745e-10	0.000302364
2.14809e-10	0.000303161
2.14873e-10	0.000303959
2.14937e-10	0.000304758
2.15001e-10	0.000305558
2.15065e-10	0.000306358
2.15129e-10	0.00030716
2.15193e-10	0.000307962
2.15257e-10	0.000308766
2.15321e-10	0.00030957
2.15385e-10	0.000310375
2.15449e-10	0.000311181
2.15513e-10	0.000311988
2.15577e-10	0.000312796
2.15641e-10	0.000313605
2.15705e-10	0.000314415
2.15769e-10	0.000315225
2.15833e-10	0.000316037
2.15897e-10	0.000316849
2.15961e-10	0.000317663
2.16025e-10	0.000318477
2.16089e-10	0.000319292
2.16153e-10	0.000320108
2.16217e-10	0.000320925
2.16281e-10	0.000321742
2.16345e-10	0.000322561
2.16409e-10	0.000323381
2.16473e-10	0.000324201
2.16537e-10	0.000325023
2.16601e-10	0.000325845
2.16665e-10	0.000326668
2.16729e-10	0.000327492
2.16793e-10	0.000328317
2.16857e-10	0.000329143
2.16921e-10	0.00032997
2.16985e-10	0.000330798
2.17049e-10	0.000331627
2.17113e-10	0.000332456
2.17177e-10	0.000333287
2.17241e-10	0.000334118
2.17305e-10	0.00033495
2.17369e-10	0.000335784
2.17433e-10	0.000336618
2.17497e-10	0.000337453
2.17561e-10	0.000338289
2.17625e-10	0.000339126
2.17689e-10	0.000339964
2.17753e-10	0.000340802
2.17817e-10	0.000341642
2.17881e-10	0.000342483
2.17945e-10	0.000343324
2.18009e-10	0.000344167
2.18073e-10	0.00034501
2.18137e-10	0.000345854
2.18201e-10	0.000346699
2.18265e-10	0.000347545
2.18329e-10	0.000348392
2.18393e-10	0.00034924
2.18457e-10	0.000350089
2.18521e-10	0.000350939
2.18585e-10	0.00035179
2.18649e-10	0.000352641
2.18713e-10	0.000353494
2.18777e-10	0.000354348
2.18841e-10	0.000355202
2.18905e-10	0.000356057
2.18969e-10	0.000356914
2.19033e-10	0.000357771
2.19097e-10	0.000358629
2.19161e-10	0.000359488
2.19225e-10	0.000360348
2.19289e-10	0.000361209
2.19353e-10	0.000362071
2.19417e-10	0.000362934
2.19481e-10	0.000363798
2.19545e-10	0.000364663
2.19609e-10	0.000365528
2.19673e-10	0.000366395
2.19737e-10	0.000367262
2.19801e-10	0.000368131
2.19865e-10	0.000369
2.19929e-10	0.000369871
2.19993e-10	0.000370742
2.20057e-10	0.000371614
2.20121e-10	0.000372487
2.20185e-10	0.000373361
2.20249e-10	0.000374236
2.20313e-10	0.000375112
2.20377e-10	0.000375989
2.20441e-10	0.000376867
2.20505e-10	0.000377746
2.20569e-10	0.000378626
2.20633e-10	0.000379507
2.20697e-10	0.000380388
2.20761e-10	0.000381271
2.20825e-10	0.000382155
2.20889e-10	0.000383039
2.20953e-10	0.000383925
2.21017e-10	0.000384811
2.21081e-10	0.000385698
2.21145e-10	0.000386587
2.21209e-10	0.000387476
2.21273e-10	0.000388366
2.21337e-10	0.000389258
2.21401e-10	0.00039015
2.21465e-10	0.000391043
2.21529e-10	0.000391937
2.21593e-10	0.000392832
2.21657e-10	0.000393728
2.21721e-10	0.000394625
2.21785e-10	0.000395523
2.21849e-10	0.000396422
2.21913e-10	0.000397322
2.21977e-10	0.000398222
2.22041e-10	0.000399124
2.22105e-10	0.000400027
2.22169e-10	0.00040093
2.22233e-10	0.000401835
2.22297e-10	0.000402741
2.22361e-10	0.000403647
2.22425e-10	0.000404555
2.22489e-10	0.000405463
2.22553e-10	0.000406373
2.22617e-10	0.000407283
2.22681e-10	0.000408195
2.22746e-10	0.000409107
2.2281e-10	0.000410021
2.22874e-10	0.000410935
2.22938e-10	0.00041185
2.23002e-10	0.000412766
2.23066e-10	0.000413684
2.2313e-10	0.000414602
2.23194e-10	0.000415521
2.23258e-10	0.000416441
2.23322e-10	0.000417362
2.23386e-10	0.000418285
2.2345e-10	0.000419208
2.23514e-10	0.000420132
2.23578e-10	0.000421057
2.23642e-10	0.000421983
2.23706e-10	0.00042291
2.2377e-10	0.000423838
2.23834e-10	0.000424767
2.23898e-10	0.000425697
2.23962e-10	0.000426628
2.24026e-10	0.00042756
2.2409e-10	0.000428493
2.24154e-10	0.000429427
2.24218e-10	0.000430361
2.24282e-10	0.000431297
2.24346e-10	0.000432234
2.2441e-10	0.000433172
2.24474e-10	0.000434111
2.24538e-10	0.000435051
2.24602e-10	0.000435991
2.24666e-10	0.000436933
2.2473e-10	0.000437876
2.24794e-10	0.00043882
2.24858e-10	0.000439765
2.24922e-10	0.00044071
2.24986e-10	0.000441657
2.2505e-10	0.000442605
2.25114e-10	0.000443554
2.25178e-10	0.000444503
2.25242e-10	0.000445454
2.25306e-10	0.000446406
2.2537e-10	0.000447359
2.25434e-10	0.000448312
2.25498e-10	0.000449267
2.25562e-10	0.000450223
2.25626e-10	0.00045118
2.2569e-10	0.000452137
2.25754e-10	0.000453096
2.25818e-10	0.000454056
2.25882e-10	0.000455016
2.25946e-10	0.000455978
2.2601e-10	0.000456941
2.26074e-10	0.000457905
2.26138e-10	0.000458869
2.26202e-10	0.000459835
2.26266e-10	0.000460802
2.2633e-10	0.00046177
2.26394e-10	0.000462739
2.26458e-10	0.000463708
2.26522e-10	0.000464679
2.26586e-10	0.000465651
2.2665e-10	0.000466624
2.26714e-10	0.000467598
2.26778e-10	0.000468573
2.26842e-10	0.000469548
2.26906e-10	0.000470525
2.2697e-10	0.000471503
2.27034e-10	0.000472482
2.27098e-10	0.000473462
2.27162e-10	0.000474443
2.27226e-10	0.000475425
2.2729e-10	0.000476408
2.27354e-10	0.000477392
2.27418e-10	0.000478377
2.27482e-10	0.000479363
2.27546e-10	0.00048035
2.2761e-10	0.000481338
2.27674e-10	0.000482327
2.27738e-10	0.000483317
2.27802e-10	0.000484308
2.27866e-10	0.000485301
2.2793e-10	0.000486294
2.27994e-10	0.000487288
2.28058e-10	0.000488283
2.28122e-10	0.00048928
2.28186e-10	0.000490277
2.2825e-10	0.000491275
2.28314e-10	0.000492275
2.28378e-10	0.000493275
2.28442e-10	0.000494276
2.28506e-10	0.000495279
2.2857e-10	0.000496282
2.28634e-10	0.000497287
2.28698e-10	0.000498292
2.28762e-10	0.000499299
2.28826e-10	0.000500307
2.2889e-10	0.000501315
2.28954e-10	0.000502325
2.29018e-10	0.000503336
2.29082e-10	0.000504347
2.29146e-10	0.00050536
2.2921e-10	0.000506374
2.29274e-10	0.000507389
2.29338e-10	0.000508405
2.29402e-10	0.000509422
2.29466e-10	0.00051044
2.2953e-10	0.000511459
2.29594e-10	0.000512479
2.29658e-10	0.0005135
2.29722e-10	0.000514522
2.29786e-10	0.000515546
2.2985e-10	0.00051657
2.29914e-10	0.000517595
2.29978e-10	0.000518622
2.30042e-10	0.000519649
2.30106e-10	0.000520677
2.3017e-10	0.000521707
2.30234e-10	0.000522737
2.30298e-10	0.000523769
2.30362e-10	0.000524802
2.30426e-10	0.000525835
2.3049e-10	0.00052687
2.30554e-10	0.000527906
2.30618e-10	0.000528943
2.30682e-10	0.000529981
2.30746e-10	0.00053102
2.3081e-10	0.00053206
2.30874e-10	0.000533101
2.30938e-10	0.000534143
2.31002e-10	0.000535186
2.31066e-10	0.000536231
2.3113e-10	0.000537276
2.31194e-10	0.000538322
2.31258e-10	0.00053937
2.31322e-10	0.000540418
2.31386e-10	0.000541468
2.31451e-10	0.000542518
2.31515e-10	0.00054357
2.31579e-10	0.000544623
2.31643e-10	0.000545677
2.31707e-10	0.000546732
2.31771e-10	0.000547788
2.31835e-10	0.000548845
2.31899e-10	0.000549903
2.31963e-10	0.000550962
2.32027e-10	0.000552022
2.32091e-10	0.000553083
2.32155e-10	0.000554146
2.32219e-10	0.000555209
2.32283e-10	0.000556274
2.32347e-10	0.000557339
2.32411e-10	0.000558406
2.32475e-10	0.000559474
2.32539e-10	0.000560543
2.32603e-10	0.000561612
2.32667e-10	0.000562683
2.32731e-10	0.000563755
2.32795e-10	0.000564829
2.32859e-10	0.000565903
2.32923e-10	0.000566978
2.32987e-10	0.000568054
2.33051e-10	0.000569132
2.33115e-10	0.00057021
2.33179e-10	0.00057129
2.33243e-10	0.000572371
2.33307e-10	0.000573452
2.33371e-10	0.000574535
2.33435e-10	0.000575619
2.33499e-10	0.000576704
2.33563e-10	0.00057779
2.33627e-10	0.000578878
2.33691e-10	0.000579966
2.33755e-10	0.000581055
2.33819e-10	0.000582146
2.33883e-10	0.000583237
2.33947e-10	0.00058433
2.34011e-10	0.000585424
2.34075e-10	0.000586518
2.34139e-10	0.000587614
2.34203e-10	0.000588711
2.34267e-10	0.000589809
2.34331e-10	0.000590909
2.34395e-10	0.000592009
2.34459e-10	0.00059311
2.34523e-10	0.000594213
2.34587e-10	0.000595316
2.34651e-10	0.000596421
2.34715e-10	0.000597527
2.34779e-10	0.000598634
2.34843e-10	0.000599742
2.34907e-10	0.000600851
2.34971e-10	0.000601961
2.35035e-10	0.000603072
2.35099e-10	0.000604185
2.35163e-10	0.000605298
2.35227e-10	0.000606413
2.35291e-10	0.000607528
2.35355e-10	0.000608645
2.35419e-10	0.000609763
2.35483e-10	0.000610882
2.35547e-10	0.000612002
2.35611e-10	0.000613124
2.35675e-10	0.000614246
2.35739e-10	0.000615369
2.35803e-10	0.000616494
2.35867e-10	0.00061762
2.35931e-10	0.000618747
2.35995e-10	0.000619874
2.36059e-10	0.000621003
2.36123e-10	0.000622134
2.36187e-10	0.000623265
2.36251e-10	0.000624397
2.36315e-10	0.000625531
2.36379e-10	0.000626665
2.36443e-10	0.000627801
2.36507e-10	0.000628938
2.36571e-10	0.000630076
2.36635e-10	0.000631215
2.36699e-10	0.000632355
2.36763e-10	0.000633497
2.36827e-10	0.000634639
2.36891e-10	0.000635782
2.36955e-10	0.000636927
2.37019e-10	0.000638073
2.37083e-10	0.00063922
2.37147e-10	0.000640368
2.37211e-10	0.000641517
2.37275e-10	0.000642668
2.37339e-10	0.000643819
2.37403e-10	0.000644972
2.37467e-10	0.000646125
2.37531e-10	0.00064728
2.37595e-10	0.000648436
2.37659e-10	0.000649593
2.37723e-10	0.000650752
2.37787e-10	0.000651911
2.37851e-10	0.000653071
2.37915e-10	0.000654233
2.37979e-10	0.000655396
2.38043e-10	0.00065656
2.38107e-10	0.000657725
2.38171e-10	0.000658891
2.38235e-10	0.000660058
2.38299e-10	0.000661227
2.38363e-10	0.000662396
2.38427e-10	0.000663567
2.38491e-10	0.000664739
2.38555e-10	0.000665912
2.38619e-10	0.000667086
2.38683e-10	0.000668261
2.38747e-10	0.000669438
2.38811e-10	0.000670616
2.38875e-10	0.000671794
2.38939e-10	0.000672974
2.39003e-10	0.000674155
2.39067e-10	0.000675337
2.39131e-10	0.000676521
2.39195e-10	0.000677705
2.39259e-10	0.000678891
2.39323e-10	0.000680078
2.39387e-10	0.000681266
2.39451e-10	0.000682455
2.39515e-10	0.000683645
2.39579e-10	0.000684836
2.39643e-10	0.000686029
2.39707e-10	0.000687223
2.39771e-10	0.000688417
2.39835e-10	0.000689614
2.39899e-10	0.000690811
2.39963e-10	0.000692009
2.40027e-10	0.000693208
2.40091e-10	0.000694409
2.40155e-10	0.000695611
2.4022e-10	0.000696814
2.40284e-10	0.000698018
2.40348e-10	0.000699223
2.40412e-10	0.00070043
2.40476e-10	0.000701637
2.4054e-10	0.000702846
2.40604e-10	0.000704056
2.40668e-10	0.000705267
2.40732e-10	0.00070648
2.40796e-10	0.000707693
2.4086e-10	0.000708908
2.40924e-10	0.000710123
2.40988e-10	0.00071134
2.41052e-10	0.000712559
2.41116e-10	0.000713778
2.4118e-10	0.000714998
2.41244e-10	0.00071622
2.41308e-10	0.000717443
2.41372e-10	0.000718667
2.41436e-10	0.000719892
2.415e-10	0.000721118
2.41564e-10	0.000722346
2.41628e-10	0.000723574
2.41692e-10	0.000724804
2.41756e-10	0.000726035
2.4182e-10	0.000727268
2.41884e-10	0.000728501
2.41948e-10	0.000729736
2.42012e-10	0.000730971
2.42076e-10	0.000732208
2.4214e-10	0.000733446
2.42204e-10	0.000734686
2.42268e-10	0.000735926
2.42332e-10	0.000737168
2.42396e-10	0.000738411
2.4246e-10	0.000739655
2.42524e-10	0.0007409
2.42588e-10	0.000742147
2.42652e-10	0.000743394
2.42716e-10	0.000744643
2.4278e-10	0.000745893
2.42844e-10	0.000747144
2.42908e-10	0.000748396
2.42972e-10	0.00074965
2.43036e-10	0.000750905
2.431e-10	0.000752161
2.43164e-10	0.000753418
2.43228e-10	0.000754676
2.43292e-10	0.000755936
2.43356e-10	0.000757197
2.4342e-10	0.000758458
2.43484e-10	0.000759722
2.43548e-10	0.000760986
2.43612e-10	0.000762251
2.43676e-10	0.000763518
2.4374e-10	0.000764786
2.43804e-10	0.000766055
2.43868e-10	0.000767326
2.43932e-10	0.000768597
2.43996e-10	0.00076987
2.4406e-10	0.000771144
2.44124e-10	0.000772419
2.44188e-10	0.000773695
2.44252e-10	0.000774973
2.44316e-10	0.000776252
2.4438e-10	0.000777532
2.44444e-10	0.000778813
2.44508e-10	0.000780095
2.44572e-10	0.000781379
2.44636e-10	0.000782664
2.447e-10	0.00078395
2.44764e-10	0.000785237
2.44828e-10	0.000786525
2.44892e-10	0.000787815
2.44956e-10	0.000789106
2.4502e-10	0.000790398
2.45084e-10	0.000791691
2.45148e-10	0.000792986
2.45212e-10	0.000794282
2.45276e-10	0.000795579
2.4534e-10	0.000796877
2.45404e-10	0.000798176
2.45468e-10	0.000799477
2.45532e-10	0.000800779
2.45596e-10	0.000802082
2.4566e-10	0.000803386
2.45724e-10	0.000804692
2.45788e-10	0.000805998
2.45852e-10	0.000807306
2.45916e-10	0.000808615
2.4598e-10	0.000809926
2.46044e-10	0.000811237
2.46108e-10	0.00081255
2.46172e-10	0.000813864
2.46236e-10	0.00081518
2.463e-10	0.000816496
2.46364e-10	0.000817814
2.46428e-10	0.000819133
2.46492e-10	0.000820453
2.46556e-10	0.000821775
2.4662e-10	0.000823098
2.46684e-10	0.000824422
2.46748e-10	0.000825747
2.46812e-10	0.000827073
2.46876e-10	0.000828401
2.4694e-10	0.00082973
2.47004e-10	0.00083106
2.47068e-10	0.000832391
2.47132e-10	0.000833724
2.47196e-10	0.000835058
2.4726e-10	0.000836393
2.47324e-10	0.000837729
2.47388e-10	0.000839067
2.47452e-10	0.000840406
2.47516e-10	0.000841746
2.4758e-10	0.000843087
2.47644e-10	0.00084443
2.47708e-10	0.000845773
2.47772e-10	0.000847119
2.47836e-10	0.000848465
2.479e-10	0.000849812
2.47964e-10	0.000851161
2.48028e-10	0.000852511
2.48092e-10	0.000853863
2.48156e-10	0.000855215
2.4822e-10	0.000856569
2.48284e-10	0.000857924
2.48348e-10	0.00085928
2.48412e-10	0.000860638
2.48476e-10	0.000861997
2.4854e-10	0.000863357
2.48604e-10	0.000864718
2.48668e-10	0.000866081
2.48732e-10	0.000867445
2.48796e-10	0.00086881
2.4886e-10	0.000870176
2.48925e-10	0.000871544
2.48989e-10	0.000872913
2.49053e-10	0.000874283
2.49117e-10	0.000875654
2.49181e-10	0.000877027
2.49245e-10	0.000878401
2.49309e-10	0.000879776
2.49373e-10	0.000881153
2.49437e-10	0.00088253
2.49501e-10	0.000883909
2.49565e-10	0.00088529
2.49629e-10	0.000886671
2.49693e-10	0.000888054
2.49757e-10	0.000889438
2.49821e-10	0.000890824
2.49885e-10	0.00089221
2.49949e-10	0.000893598
2.50013e-10	0.000894987
2.50077e-10	0.000896378
2.50141e-10	0.000897769
2.50205e-10	0.000899162
2.50269e-10	0.000900557
2.50333e-10	0.000901952
2.50397e-10	0.000903349
2.50461e-10	0.000904747
2.50525e-10	0.000906147
2.50589e-10	0.000907547
2.50653e-10	0.000908949
2.50717e-10	0.000910353
2.50781e-10	0.000911757
2.50845e-10	0.000913163
2.50909e-10	0.00091457
2.50973e-10	0.000915978
2.51037e-10	0.000917388
2.51101e-10	0.000918799
2.51165e-10	0.000920211
2.51229e-10	0.000921625
2.51293e-10	0.00092304
2.51357e-10	0.000924456
2.51421e-10	0.000925873
2.51485e-10	0.000927292
2.51549e-10	0.000928712
2.51613e-10	0.000930133
2.51677e-10	0.000931556
2.51741e-10	0.000932979
2.51805e-10	0.000934404
2.51869e-10	0.000935831
2.51933e-10	0.000937259
2.51997e-10	0.000938688
2.52061e-10	0.000940118
2.52125e-10	0.00094155
2.52189e-10	0.000942983
2.52253e-10	0.000944417
2.52317e-10	0.000945852
2.52381e-10	0.000947289
2.52445e-10	0.000948727
2.52509e-10	0.000950167
2.52573e-10	0.000951607
2.52637e-10	0.000953049
2.52701e-10	0.000954493
2.52765e-10	0.000955937
2.52829e-10	0.000957383
2.52893e-10	0.000958831
2.52957e-10	0.000960279
2.53021e-10	0.000961729
2.53085e-10	0.00096318
2.53149e-10	0.000964633
2.53213e-10	0.000966087
2.53277e-10	0.000967542
2.53341e-10	0.000968998
2.53405e-10	0.000970456
2.53469e-10	0.000971915
2.53533e-10	0.000973375
2.53597e-10	0.000974837
2.53661e-10	0.0009763
2.53725e-10	0.000977764
2.53789e-10	0.00097923
2.53853e-10	0.000980697
2.53917e-10	0.000982165
2.53981e-10	0.000983635
2.54045e-10	0.000985106
2.54109e-10	0.000986578
2.54173e-10	0.000988052
2.54237e-10	0.000989526
2.54301e-10	0.000991003
2.54365e-10	0.00099248
2.54429e-10	0.000993959
2.54493e-10	0.000995439
2.54557e-10	0.000996921
2.54621e-10	0.000998404
2.54685e-10	0.000999888
2.54749e-10	0.00100137
2.54813e-10	0.00100286
2.54877e-10	0.00100435
2.54941e-10	0.00100584
2.55005e-10	0.00100733
2.55069e-10	0.00100882
2.55133e-10	0.00101031
2.55197e-10	0.00101181
2.55261e-10	0.00101331
2.55325e-10	0.0010148
2.55389e-10	0.0010163
2.55453e-10	0.0010178
2.55517e-10	0.0010193
2.55581e-10	0.00102081
2.55645e-10	0.00102231
2.55709e-10	0.00102382
2.55773e-10	0.00102532
2.55837e-10	0.00102683
2.55901e-10	0.00102834
2.55965e-10	0.00102985
2.56029e-10	0.00103136
2.56093e-10	0.00103288
2.56157e-10	0.00103439
2.56221e-10	0.00103591
2.56285e-10	0.00103743
2.56349e-10	0.00103894
2.56413e-10	0.00104046
2.56477e-10	0.00104199
2.56541e-10	0.00104351
2.56605e-10	0.00104503
2.56669e-10	0.00104656
2.56733e-10	0.00104809
2.56797e-10	0.00104962
2.56861e-10	0.00105115
2.56925e-10	0.00105268
2.56989e-10	0.00105421
2.57053e-10	0.00105574
2.57117e-10	0.00105728
2.57181e-10	0.00105881
2.57245e-10	0.00106035
2.57309e-10	0.00106189
2.57373e-10	0.00106343
2.57437e-10	0.00106497
2.57501e-10	0.00106652
2.57565e-10	0.00106806
2.57629e-10	0.00106961
2.57694e-10	0.00107116
2.57758e-10	0.0010727
2.57822e-10	0.00107425
2.57886e-10	0.00107581
2.5795e-10	0.00107736
2.58014e-10	0.00107891
2.58078e-10	0.00108047
2.58142e-10	0.00108203
2.58206e-10	0.00108358
2.5827e-10	0.00108514
2.58334e-10	0.00108671
2.58398e-10	0.00108827
2.58462e-10	0.00108983
2.58526e-10	0.0010914
2.5859e-10	0.00109296
2.58654e-10	0.00109453
2.58718e-10	0.0010961
2.58782e-10	0.00109767
2.58846e-10	0.00109924
2.5891e-10	0.00110082
2.58974e-10	0.00110239
2.59038e-10	0.00110397
2.59102e-10	0.00110555
2.59166e-10	0.00110712
2.5923e-10	0.00110871
2.59294e-10	0.00111029
2.59358e-10	0.00111187
2.59422e-10	0.00111345
2.59486e-10	0.00111504
2.5955e-10	0.00111663
2.59614e-10	0.00111822
2.59678e-10	0.00111981
2.59742e-10	0.0011214
2.59806e-10	0.00112299
2.5987e-10	0.00112459
2.59934e-10	0.00112618
2.59998e-10	0.00112778
2.60062e-10	0.00112938
2.60126e-10	0.00113098
2.6019e-10	0.00113258
2.60254e-10	0.00113418
2.60318e-10	0.00113578
2.60382e-10	0.00113739
2.60446e-10	0.001139
2.6051e-10	0.0011406
2.60574e-10	0.00114221
2.60638e-10	0.00114383
2.60702e-10	0.00114544
2.60766e-10	0.00114705
2.6083e-10	0.00114867
2.60894e-10	0.00115028
2.60958e-10	0.0011519
2.61022e-10	0.00115352
2.61086e-10	0.00115514
2.6115e-10	0.00115676
2.61214e-10	0.00115839
2.61278e-10	0.00116001
2.61342e-10	0.00116164
2.61406e-10	0.00116327
2.6147e-10	0.0011649
2.61534e-10	0.00116653
2.61598e-10	0.00116816
2.61662e-10	0.00116979
2.61726e-10	0.00117143
2.6179e-10	0.00117306
2.61854e-10	0.0011747
2.61918e-10	0.00117634
2.61982e-10	0.00117798
2.62046e-10	0.00117962
2.6211e-10	0.00118127
2.62174e-10	0.00118291
2.62238e-10	0.00118456
2.62302e-10	0.00118621
2.62366e-10	0.00118785
2.6243e-10	0.0011895
2.62494e-10	0.00119116
2.62558e-10	0.00119281
2.62622e-10	0.00119446
2.62686e-10	0.00119612
2.6275e-10	0.00119778
2.62814e-10	0.00119944
2.62878e-10	0.0012011
2.62942e-10	0.00120276
2.63006e-10	0.00120442
2.6307e-10	0.00120609
2.63134e-10	0.00120775
2.63198e-10	0.00120942
2.63262e-10	0.00121109
2.63326e-10	0.00121276
2.6339e-10	0.00121443
2.63454e-10	0.00121611
2.63518e-10	0.00121778
2.63582e-10	0.00121946
2.63646e-10	0.00122113
2.6371e-10	0.00122281
2.63774e-10	0.00122449
2.63838e-10	0.00122618
2.63902e-10	0.00122786
2.63966e-10	0.00122954
2.6403e-10	0.00123123
2.64094e-10	0.00123292
2.64158e-10	0.00123461
2.64222e-10	0.0012363
2.64286e-10	0.00123799
2.6435e-10	0.00123968
2.64414e-10	0.00124138
2.64478e-10	0.00124307
2.64542e-10	0.00124477
2.64606e-10	0.00124647
2.6467e-10	0.00124817
2.64734e-10	0.00124987
2.64798e-10	0.00125158
2.64862e-10	0.00125328
2.64926e-10	0.00125499
2.6499e-10	0.0012567
2.65054e-10	0.00125841
2.65118e-10	0.00126012
2.65182e-10	0.00126183
2.65246e-10	0.00126354
2.6531e-10	0.00126526
2.65374e-10	0.00126698
2.65438e-10	0.00126869
2.65502e-10	0.00127041
2.65566e-10	0.00127213
2.6563e-10	0.00127386
2.65694e-10	0.00127558
2.65758e-10	0.00127731
2.65822e-10	0.00127903
2.65886e-10	0.00128076
2.6595e-10	0.00128249
2.66014e-10	0.00128422
2.66078e-10	0.00128595
2.66142e-10	0.00128769
2.66206e-10	0.00128942
2.6627e-10	0.00129116
2.66334e-10	0.0012929
2.66399e-10	0.00129464
2.66463e-10	0.00129638
2.66527e-10	0.00129812
2.66591e-10	0.00129987
2.66655e-10	0.00130161
2.66719e-10	0.00130336
2.66783e-10	0.00130511
2.66847e-10	0.00130686
2.66911e-10	0.00130861
2.66975e-10	0.00131037
2.67039e-10	0.00131212
2.67103e-10	0.00131388
2.67167e-10	0.00131564
2.67231e-10	0.00131739
2.67295e-10	0.00131916
2.67359e-10	0.00132092
2.67423e-10	0.00132268
2.67487e-10	0.00132445
2.67551e-10	0.00132621
2.67615e-10	0.00132798
2.67679e-10	0.00132975
2.67743e-10	0.00133152
2.67807e-10	0.00133329
2.67871e-10	0.00133507
2.67935e-10	0.00133684
2.67999e-10	0.00133862
2.68063e-10	0.0013404
2.68127e-10	0.00134218
2.68191e-10	0.00134396
2.68255e-10	0.00134574
2.68319e-10	0.00134753
2.68383e-10	0.00134931
2.68447e-10	0.0013511
2.68511e-10	0.00135289
2.68575e-10	0.00135468
2.68639e-10	0.00135647
2.68703e-10	0.00135827
2.68767e-10	0.00136006
2.68831e-10	0.00136186
2.68895e-10	0.00136365
2.68959e-10	0.00136545
2.69023e-10	0.00136725
2.69087e-10	0.00136906
2.69151e-10	0.00137086
2.69215e-10	0.00137267
2.69279e-10	0.00137447
2.69343e-10	0.00137628
2.69407e-10	0.00137809
2.69471e-10	0.0013799
2.69535e-10	0.00138172
2.69599e-10	0.00138353
2.69663e-10	0.00138535
2.69727e-10	0.00138716
2.69791e-10	0.00138898
2.69855e-10	0.0013908
2.69919e-10	0.00139263
2.69983e-10	0.00139445
2.70047e-10	0.00139627
2.70111e-10	0.0013981
2.70175e-10	0.00139993
2.70239e-10	0.00140176
2.70303e-10	0.00140359
2.70367e-10	0.00140542
2.70431e-10	0.00140726
2.70495e-10	0.00140909
2.70559e-10	0.00141093
2.70623e-10	0.00141277
2.70687e-10	0.00141461
2.70751e-10	0.00141645
2.70815e-10	0.00141829
2.70879e-10	0.00142014
2.70943e-10	0.00142198
2.71007e-10	0.00142383
2.71071e-10	0.00142568
2.71135e-10	0.00142753
2.71199e-10	0.00142938
2.71263e-10	0.00143124
2.71327e-10	0.00143309
2.71391e-10	0.00143495
2.71455e-10	0.00143681
2.71519e-10	0.00143867
2.71583e-10	0.00144053
2.71647e-10	0.00144239
2.71711e-10	0.00144426
2.71775e-10	0.00144612
2.71839e-10	0.00144799
2.71903e-10	0.00144986
2.71967e-10	0.00145173
2.72031e-10	0.0014536
2.72095e-10	0.00145548
2.72159e-10	0.00145735
2.72223e-10	0.00145923
2.72287e-10	0.00146111
2.72351e-10	0.00146299
2.72415e-10	0.00146487
2.72479e-10	0.00146675
2.72543e-10	0.00146863
2.72607e-10	0.00147052
2.72671e-10	0.00147241
2.72735e-10	0.0014743
2.72799e-10	0.00147619
2.72863e-10	0.00147808
2.72927e-10	0.00147997
2.72991e-10	0.00148187
2.73055e-10	0.00148377
2.73119e-10	0.00148566
2.73183e-10	0.00148756
2.73247e-10	0.00148947
2.73311e-10	0.00149137
2.73375e-10	0.00149327
2.73439e-10	0.00149518
2.73503e-10	0.00149709
2.73567e-10	0.001499
2.73631e-10	0.00150091
2.73695e-10	0.00150282
2.73759e-10	0.00150473
2.73823e-10	0.00150665
2.73887e-10	0.00150857
2.73951e-10	0.00151049
2.74015e-10	0.00151241
2.74079e-10	0.00151433
2.74143e-10	0.00151625
2.74207e-10	0.00151818
2.74271e-10	0.0015201
2.74335e-10	0.00152203
2.74399e-10	0.00152396
2.74463e-10	0.00152589
2.74527e-10	0.00152782
2.74591e-10	0.00152976
2.74655e-10	0.00153169
2.74719e-10	0.00153363
2.74783e-10	0.00153557
2.74847e-10	0.00153751
2.74911e-10	0.00153945
2.74975e-10	0.0015414
2.75039e-10	0.00154334
2.75103e-10	0.00154529
2.75168e-10	0.00154724
2.75232e-10	0.00154919
2.75296e-10	0.00155114
2.7536e-10	0.00155309
2.75424e-10	0.00155505
2.75488e-10	0.001557
2.75552e-10	0.00155896
2.75616e-10	0.00156092
2.7568e-10	0.00156288
2.75744e-10	0.00156484
2.75808e-10	0.00156681
2.75872e-10	0.00156877
2.75936e-10	0.00157074
2.76e-10	0.00157271
2.76064e-10	0.00157468
2.76128e-10	0.00157665
2.76192e-10	0.00157863
2.76256e-10	0.0015806
2.7632e-10	0.00158258
2.76384e-10	0.00158456
2.76448e-10	0.00158654
2.76512e-10	0.00158852
2.76576e-10	0.0015905
2.7664e-10	0.00159249
2.76704e-10	0.00159447
2.76768e-10	0.00159646
2.76832e-10	0.00159845
2.76896e-10	0.00160044
2.7696e-10	0.00160243
2.77024e-10	0.00160443
2.77088e-10	0.00160642
2.77152e-10	0.00160842
2.77216e-10	0.00161042
2.7728e-10	0.00161242
2.77344e-10	0.00161442
2.77408e-10	0.00161643
2.77472e-10	0.00161843
2.77536e-10	0.00162044
2.776e-10	0.00162245
2.77664e-10	0.00162446
2.77728e-10	0.00162647
2.77792e-10	0.00162849
2.77856e-10	0.0016305
2.7792e-10	0.00163252
2.77984e-10	0.00163454
2.78048e-10	0.00163656
2.78112e-10	0.00163858
2.78176e-10	0.0016406
2.7824e-10	0.00164263
2.78304e-10	0.00164465
2.78368e-10	0.00164668
2.78432e-10	0.00164871
2.78496e-10	0.00165074
2.7856e-10	0.00165277
2.78624e-10	0.00165481
2.78688e-10	0.00165684
2.78752e-10	0.00165888
2.78816e-10	0.00166092
2.7888e-10	0.00166296
2.78944e-10	0.00166501
2.79008e-10	0.00166705
2.79072e-10	0.0016691
2.79136e-10	0.00167114
2.792e-10	0.00167319
2.79264e-10	0.00167524
2.79328e-10	0.00167729
2.79392e-10	0.00167935
2.79456e-10	0.0016814
2.7952e-10	0.00168346
2.79584e-10	0.00168552
2.79648e-10	0.00168758
2.79712e-10	0.00168964
2.79776e-10	0.00169171
2.7984e-10	0.00169377
2.79904e-10	0.00169584
2.79968e-10	0.00169791
2.80032e-10	0.00169998
2.80096e-10	0.00170205
2.8016e-10	0.00170412
2.80224e-10	0.0017062
2.80288e-10	0.00170827
2.80352e-10	0.00171035
2.80416e-10	0.00171243
2.8048e-10	0.00171451
2.80544e-10	0.0017166
2.80608e-10	0.00171868
2.80672e-10	0.00172077
2.80736e-10	0.00172286
2.808e-10	0.00172495
2.80864e-10	0.00172704
2.80928e-10	0.00172913
2.80992e-10	0.00173123
2.81056e-10	0.00173332
2.8112e-10	0.00173542
2.81184e-10	0.00173752
2.81248e-10	0.00173962
2.81312e-10	0.00174173
2.81376e-10	0.00174383
2.8144e-10	0.00174594
2.81504e-10	0.00174804
2.81568e-10	0.00175015
2.81632e-10	0.00175227
2.81696e-10	0.00175438
2.8176e-10	0.00175649
2.81824e-10	0.00175861
2.81888e-10	0.00176073
2.81952e-10	0.00176285
2.82016e-10	0.00176497
2.8208e-10	0.00176709
2.82144e-10	0.00176922
2.82208e-10	0.00177134
2.82272e-10	0.00177347
2.82336e-10	0.0017756
2.824e-10	0.00177773
2.82464e-10	0.00177986
2.82528e-10	0.001782
2.82592e-10	0.00178413
2.82656e-10	0.00178627
2.8272e-10	0.00178841
2.82784e-10	0.00179055
2.82848e-10	0.00179269
2.82912e-10	0.00179484
2.82976e-10	0.00179698
2.8304e-10	0.00179913
2.83104e-10	0.00180128
2.83168e-10	0.00180343
2.83232e-10	0.00180559
2.83296e-10	0.00180774
2.8336e-10	0.0018099
2.83424e-10	0.00181205
2.83488e-10	0.00181421
2.83552e-10	0.00181637
2.83616e-10	0.00181854
2.8368e-10	0.0018207
2.83744e-10	0.00182287
2.83808e-10	0.00182504
2.83873e-10	0.00182721
2.83937e-10	0.00182938
2.84001e-10	0.00183155
2.84065e-10	0.00183372
2.84129e-10	0.0018359
2.84193e-10	0.00183808
2.84257e-10	0.00184026
2.84321e-10	0.00184244
2.84385e-10	0.00184462
2.84449e-10	0.00184681
2.84513e-10	0.00184899
2.84577e-10	0.00185118
2.84641e-10	0.00185337
2.84705e-10	0.00185556
2.84769e-10	0.00185776
2.84833e-10	0.00185995
2.84897e-10	0.00186215
2.84961e-10	0.00186434
2.85025e-10	0.00186654
2.85089e-10	0.00186875
2.85153e-10	0.00187095
2.85217e-10	0.00187315
2.85281e-10	0.00187536
2.85345e-10	0.00187757
2.85409e-10	0.00187978
2.85473e-10	0.00188199
2.85537e-10	0.0018842
2.85601e-10	0.00188642
2.85665e-10	0.00188864
2.85729e-10	0.00189085
2.85793e-10	0.00189307
2.85857e-10	0.0018953
2.85921e-10	0.00189752
2.85985e-10	0.00189975
2.86049e-10	0.00190197
2.86113e-10	0.0019042
2.86177e-10	0.00190643
2.86241e-10	0.00190866
2.86305e-10	0.0019109
2.86369e-10	0.00191313
2.86433e-10	0.00191537
2.86497e-10	0.00191761
2.86561e-10	0.00191985
2.86625e-10	0.00192209
2.86689e-10	0.00192434
2.86753e-10	0.00192658
2.86817e-10	0.00192883
2.86881e-10	0.00193108
2.86945e-10	0.00193333
2.87009e-10	0.00193558
2.87073e-10	0.00193784
2.87137e-10	0.00194009
2.87201e-10	0.00194235
2.87265e-10	0.00194461
2.87329e-10	0.00194687
2.87393e-10	0.00194913
2.87457e-10	0.0019514
2.87521e-10	0.00195367
2.87585e-10	0.00195593
2.87649e-10	0.0019582
2.87713e-10	0.00196047
2.87777e-10	0.00196275
2.87841e-10	0.00196502
2.87905e-10	0.0019673
2.87969e-10	0.00196958
2.88033e-10	0.00197186
2.88097e-10	0.00197414
2.88161e-10	0.00197642
2.88225e-10	0.00197871
2.88289e-10	0.001981
2.88353e-10	0.00198329
2.88417e-10	0.00198558
2.88481e-10	0.00198787
2.88545e-10	0.00199016
2.88609e-10	0.00199246
2.88673e-10	0.00199476
2.88737e-10	0.00199706
2.88801e-10	0.00199936
2.88865e-10	0.00200166
2.88929e-10	0.00200396
2.88993e-10	0.00200627
2.89057e-10	0.00200858
2.89121e-10	0.00201089
2.89185e-10	0.0020132
2.89249e-10	0.00201551
2.89313e-10	0.00201783
2.89377e-10	0.00202014
2.89441e-10	0.00202246
2.89505e-10	0.00202478
2.89569e-10	0.0020271
2.89633e-10	0.00202943
2.89697e-10	0.00203175
2.89761e-10	0.00203408
2.89825e-10	0.00203641
2.89889e-10	0.00203874
2.89953e-10	0.00204107
2.90017e-10	0.00204341
2.90081e-10	0.00204574
2.90145e-10	0.00204808
2.90209e-10	0.00205042
2.90273e-10	0.00205276
2.90337e-10	0.0020551
2.90401e-10	0.00205745
2.90465e-10	0.00205979
2.90529e-10	0.00206214
2.90593e-10	0.00206449
2.90657e-10	0.00206684
2.90721e-10	0.0020692
2.90785e-10	0.00207155
2.90849e-10	0.00207391
2.90913e-10	0.00207627
2.90977e-10	0.00207863
2.91041e-10	0.00208099
2.91105e-10	0.00208335
2.91169e-10	0.00208572
2.91233e-10	0.00208809
2.91297e-10	0.00209046
2.91361e-10	0.00209283
2.91425e-10	0.0020952
2.91489e-10	0.00209757
2.91553e-10	0.00209995
2.91617e-10	0.00210233
2.91681e-10	0.00210471
2.91745e-10	0.00210709
2.91809e-10	0.00210947
2.91873e-10	0.00211186
2.91937e-10	0.00211425
2.92001e-10	0.00211663
2.92065e-10	0.00211902
2.92129e-10	0.00212142
2.92193e-10	0.00212381
2.92257e-10	0.00212621
2.92321e-10	0.0021286
2.92385e-10	0.002131
2.92449e-10	0.0021334
2.92513e-10	0.00213581
2.92578e-10	0.00213821
2.92642e-10	0.00214062
2.92706e-10	0.00214303
2.9277e-10	0.00214544
2.92834e-10	0.00214785
2.92898e-10	0.00215026
2.92962e-10	0.00215268
2.93026e-10	0.0021551
2.9309e-10	0.00215751
2.93154e-10	0.00215993
2.93218e-10	0.00216236
2.93282e-10	0.00216478
2.93346e-10	0.00216721
2.9341e-10	0.00216964
2.93474e-10	0.00217207
2.93538e-10	0.0021745
2.93602e-10	0.00217693
2.93666e-10	0.00217937
2.9373e-10	0.0021818
2.93794e-10	0.00218424
2.93858e-10	0.00218668
2.93922e-10	0.00218912
2.93986e-10	0.00219157
2.9405e-10	0.00219401
2.94114e-10	0.00219646
2.94178e-10	0.00219891
2.94242e-10	0.00220136
2.94306e-10	0.00220381
2.9437e-10	0.00220627
2.94434e-10	0.00220873
2.94498e-10	0.00221118
2.94562e-10	0.00221365
2.94626e-10	0.00221611
2.9469e-10	0.00221857
2.94754e-10	0.00222104
2.94818e-10	0.0022235
2.94882e-10	0.00222597
2.94946e-10	0.00222844
2.9501e-10	0.00223092
2.95074e-10	0.00223339
2.95138e-10	0.00223587
2.95202e-10	0.00223835
2.95266e-10	0.00224083
2.9533e-10	0.00224331
2.95394e-10	0.00224579
2.95458e-10	0.00224828
2.95522e-10	0.00225077
2.95586e-10	0.00225326
2.9565e-10	0.00225575
2.95714e-10	0.00225824
2.95778e-10	0.00226073
2.95842e-10	0.00226323
2.95906e-10	0.00226573
2.9597e-10	0.00226823
2.96034e-10	0.00227073
2.96098e-10	0.00227323
2.96162e-10	0.00227574
2.96226e-10	0.00227825
2.9629e-10	0.00228076
2.96354e-10	0.00228327
2.96418e-10	0.00228578
2.96482e-10	0.00228829
2.96546e-10	0.00229081
2.9661e-10	0.00229333
2.96674e-10	0.00229585
2.96738e-10	0.00229837
2.96802e-10	0.0023009
2.96866e-10	0.00230342
2.9693e-10	0.00230595
2.96994e-10	0.00230848
2.97058e-10	0.00231101
2.97122e-10	0.00231354
2.97186e-10	0.00231608
2.9725e-10	0.00231861
2.97314e-10	0.00232115
2.97378e-10	0.00232369
2.97442e-10	0.00232623
2.97506e-10	0.00232878
2.9757e-10	0.00233132
2.97634e-10	0.00233387
2.97698e-10	0.00233642
2.97762e-10	0.00233897
2.97826e-10	0.00234153
2.9789e-10	0.00234408
2.97954e-10	0.00234664
2.98018e-10	0.0023492
2.98082e-10	0.00235176
2.98146e-10	0.00235432
2.9821e-10	0.00235688
2.98274e-10	0.00235945
2.98338e-10	0.00236202
2.98402e-10	0.00236459
2.98466e-10	0.00236716
2.9853e-10	0.00236973
2.98594e-10	0.00237231
2.98658e-10	0.00237489
2.98722e-10	0.00237746
2.98786e-10	0.00238005
2.9885e-10	0.00238263
2.98914e-10	0.00238521
2.98978e-10	0.0023878
2.99042e-10	0.00239039
2.99106e-10	0.00239298
2.9917e-10	0.00239557
2.99234e-10	0.00239816
2.99298e-10	0.00240076
2.99362e-10	0.00240336
2.99426e-10	0.00240596
2.9949e-10	0.00240856
2.99554e-10	0.00241116
2.99618e-10	0.00241377
2.99682e-10	0.00241637
2.99746e-10	0.00241898
2.9981e-10	0.00242159
2.99874e-10	0.0024242
2.99938e-10	0.00242682
3.00002e-10	0.00242943
3.00066e-10	0.00243205
3.0013e-10	0.00243467
3.00194e-10	0.00243729
3.00258e-10	0.00243992
3.00322e-10	0.00244254
3.00386e-10	0.00244517
3.0045e-10	0.0024478
3.00514e-10	0.00245043
3.00578e-10	0.00245306
3.00642e-10	0.0024557
3.00706e-10	0.00245834
3.0077e-10	0.00246097
3.00834e-10	0.00246362
3.00898e-10	0.00246626
3.00962e-10	0.0024689
3.01026e-10	0.00247155
3.0109e-10	0.0024742
3.01154e-10	0.00247685
3.01218e-10	0.0024795
3.01282e-10	0.00248215
3.01347e-10	0.00248481
3.01411e-10	0.00248746
3.01475e-10	0.00249012
3.01539e-10	0.00249278
3.01603e-10	0.00249545
3.01667e-10	0.00249811
3.01731e-10	0.00250078
3.01795e-10	0.00250345
3.01859e-10	0.00250612
3.01923e-10	0.00250879
3.01987e-10	0.00251147
3.02051e-10	0.00251414
3.02115e-10	0.00251682
3.02179e-10	0.0025195
3.02243e-10	0.00252218
3.02307e-10	0.00252487
3.02371e-10	0.00252755
3.02435e-10	0.00253024
3.02499e-10	0.00253293
3.02563e-10	0.00253562
3.02627e-10	0.00253831
3.02691e-10	0.00254101
3.02755e-10	0.00254371
3.02819e-10	0.0025464
3.02883e-10	0.00254911
3.02947e-10	0.00255181
3.03011e-10	0.00255451
3.03075e-10	0.00255722
3.03139e-10	0.00255993
3.03203e-10	0.00256264
3.03267e-10	0.00256535
3.03331e-10	0.00256806
3.03395e-10	0.00257078
3.03459e-10	0.0025735
3.03523e-10	0.00257622
3.03587e-10	0.00257894
3.03651e-10	0.00258166
3.03715e-10	0.00258439
3.03779e-10	0.00258712
3.03843e-10	0.00258985
3.03907e-10	0.00259258
3.03971e-10	0.00259531
3.04035e-10	0.00259805
3.04099e-10	0.00260078
3.04163e-10	0.00260352
3.04227e-10	0.00260626
3.04291e-10	0.00260901
3.04355e-10	0.00261175
3.04419e-10	0.0026145
3.04483e-10	0.00261725
3.04547e-10	0.00262
3.04611e-10	0.00262275
3.04675e-10	0.0026255
3.04739e-10	0.00262826
3.04803e-10	0.00263102
3.04867e-10	0.00263378
3.04931e-10	0.00263654
3.04995e-10	0.0026393
3.05059e-10	0.00264207
3.05123e-10	0.00264484
3.05187e-10	0.00264761
3.05251e-10	0.00265038
3.05315e-10	0.00265315
3.05379e-10	0.00265593
3.05443e-10	0.0026587
3.05507e-10	0.00266148
3.05571e-10	0.00266426
3.05635e-10	0.00266705
3.05699e-10	0.00266983
3.05763e-10	0.00267262
3.05827e-10	0.00267541
3.05891e-10	0.0026782
3.05955e-10	0.00268099
3.06019e-10	0.00268379
3.06083e-10	0.00268658
3.06147e-10	0.00268938
3.06211e-10	0.00269218
3.06275e-10	0.00269498
3.06339e-10	0.00269779
3.06403e-10	0.00270059
3.06467e-10	0.0027034
3.06531e-10	0.00270621
3.06595e-10	0.00270903
3.06659e-10	0.00271184
3.06723e-10	0.00271466
3.06787e-10	0.00271747
3.06851e-10	0.00272029
3.06915e-10	0.00272311
3.06979e-10	0.00272594
3.07043e-10	0.00272876
3.07107e-10	0.00273159
3.07171e-10	0.00273442
3.07235e-10	0.00273725
3.07299e-10	0.00274009
3.07363e-10	0.00274292
3.07427e-10	0.00274576
3.07491e-10	0.0027486
3.07555e-10	0.00275144
3.07619e-10	0.00275428
3.07683e-10	0.00275713
3.07747e-10	0.00275998
3.07811e-10	0.00276282
3.07875e-10	0.00276568
3.07939e-10	0.00276853
3.08003e-10	0.00277138
3.08067e-10	0.00277424
3.08131e-10	0.0027771
3.08195e-10	0.00277996
3.08259e-10	0.00278282
3.08323e-10	0.00278569
3.08387e-10	0.00278855
3.08451e-10	0.00279142
3.08515e-10	0.00279429
3.08579e-10	0.00279717
3.08643e-10	0.00280004
3.08707e-10	0.00280292
3.08771e-10	0.00280579
3.08835e-10	0.00280867
3.08899e-10	0.00281156
3.08963e-10	0.00281444
3.09027e-10	0.00281733
3.09091e-10	0.00282022
3.09155e-10	0.00282311
3.09219e-10	0.002826
3.09283e-10	0.00282889
3.09347e-10	0.00283179
3.09411e-10	0.00283469
3.09475e-10	0.00283759
3.09539e-10	0.00284049
3.09603e-10	0.00284339
3.09667e-10	0.0028463
3.09731e-10	0.00284921
3.09795e-10	0.00285212
3.09859e-10	0.00285503
3.09923e-10	0.00285794
3.09987e-10	0.00286086
3.10052e-10	0.00286378
3.10116e-10	0.00286669
3.1018e-10	0.00286962
3.10244e-10	0.00287254
3.10308e-10	0.00287547
3.10372e-10	0.00287839
3.10436e-10	0.00288132
3.105e-10	0.00288426
3.10564e-10	0.00288719
3.10628e-10	0.00289012
3.10692e-10	0.00289306
3.10756e-10	0.002896
3.1082e-10	0.00289894
3.10884e-10	0.00290189
3.10948e-10	0.00290483
3.11012e-10	0.00290778
3.11076e-10	0.00291073
3.1114e-10	0.00291368
3.11204e-10	0.00291663
3.11268e-10	0.00291959
3.11332e-10	0.00292255
3.11396e-10	0.00292551
3.1146e-10	0.00292847
3.11524e-10	0.00293143
3.11588e-10	0.0029344
3.11652e-10	0.00293736
3.11716e-10	0.00294033
3.1178e-10	0.0029433
3.11844e-10	0.00294628
3.11908e-10	0.00294925
3.11972e-10	0.00295223
3.12036e-10	0.00295521
3.121e-10	0.00295819
3.12164e-10	0.00296117
3.12228e-10	0.00296416
3.12292e-10	0.00296715
3.12356e-10	0.00297014
3.1242e-10	0.00297313
3.12484e-10	0.00297612
3.12548e-10	0.00297912
3.12612e-10	0.00298211
3.12676e-10	0.00298511
3.1274e-10	0.00298811
3.12804e-10	0.00299112
3.12868e-10	0.00299412
3.12932e-10	0.00299713
3.12996e-10	0.00300014
3.1306e-10	0.00300315
3.13124e-10	0.00300616
3.13188e-10	0.00300918
3.13252e-10	0.0030122
3.13316e-10	0.00301522
3.1338e-10	0.00301824
3.13444e-10	0.00302126
3.13508e-10	0.00302429
3.13572e-10	0.00302731
3.13636e-10	0.00303034
3.137e-10	0.00303337
3.13764e-10	0.00303641
3.13828e-10	0.00303944
3.13892e-10	0.00304248
3.13956e-10	0.00304552
3.1402e-10	0.00304856
3.14084e-10	0.0030516
3.14148e-10	0.00305465
3.14212e-10	0.0030577
3.14276e-10	0.00306075
3.1434e-10	0.0030638
3.14404e-10	0.00306685
3.14468e-10	0.00306991
3.14532e-10	0.00307297
3.14596e-10	0.00307603
3.1466e-10	0.00307909
3.14724e-10	0.00308215
3.14788e-10	0.00308522
3.14852e-10	0.00308828
3.14916e-10	0.00309135
3.1498e-10	0.00309443
3.15044e-10	0.0030975
3.15108e-10	0.00310058
3.15172e-10	0.00310365
3.15236e-10	0.00310673
3.153e-10	0.00310982
3.15364e-10	0.0031129
3.15428e-10	0.00311599
3.15492e-10	0.00311907
3.15556e-10	0.00312216
3.1562e-10	0.00312526
3.15684e-10	0.00312835
3.15748e-10	0.00313145
3.15812e-10	0.00313454
3.15876e-10	0.00313764
3.1594e-10	0.00314075
3.16004e-10	0.00314385
3.16068e-10	0.00314696
3.16132e-10	0.00315007
3.16196e-10	0.00315318
3.1626e-10	0.00315629
3.16324e-10	0.0031594
3.16388e-10	0.00316252
3.16452e-10	0.00316564
3.16516e-10	0.00316876
3.1658e-10	0.00317188
3.16644e-10	0.00317501
3.16708e-10	0.00317813
3.16772e-10	0.00318126
3.16836e-10	0.00318439
3.169e-10	0.00318753
3.16964e-10	0.00319066
3.17028e-10	0.0031938
3.17092e-10	0.00319694
3.17156e-10	0.00320008
3.1722e-10	0.00320322
3.17284e-10	0.00320637
3.17348e-10	0.00320951
3.17412e-10	0.00321266
3.17476e-10	0.00321581
3.1754e-10	0.00321897
3.17604e-10	0.00322212
3.17668e-10	0.00322528
3.17732e-10	0.00322844
3.17796e-10	0.0032316
3.1786e-10	0.00323476
3.17924e-10	0.00323793
3.17988e-10	0.0032411
3.18052e-10	0.00324427
3.18116e-10	0.00324744
3.1818e-10	0.00325061
3.18244e-10	0.00325379
3.18308e-10	0.00325697
3.18372e-10	0.00326015
3.18436e-10	0.00326333
3.185e-10	0.00326651
3.18564e-10	0.0032697
3.18628e-10	0.00327289
3.18692e-10	0.00327608
3.18756e-10	0.00327927
3.18821e-10	0.00328247
3.18885e-10	0.00328566
3.18949e-10	0.00328886
3.19013e-10	0.00329206
3.19077e-10	0.00329526
3.19141e-10	0.00329847
3.19205e-10	0.00330168
3.19269e-10	0.00330488
3.19333e-10	0.0033081
3.19397e-10	0.00331131
3.19461e-10	0.00331452
3.19525e-10	0.00331774
3.19589e-10	0.00332096
3.19653e-10	0.00332418
3.19717e-10	0.00332741
3.19781e-10	0.00333063
3.19845e-10	0.00333386
3.19909e-10	0.00333709
3.19973e-10	0.00334032
3.20037e-10	0.00334355
3.20101e-10	0.00334679
3.20165e-10	0.00335003
3.20229e-10	0.00335327
3.20293e-10	0.00335651
3.20357e-10	0.00335975
3.20421e-10	0.003363
3.20485e-10	0.00336625
3.20549e-10	0.0033695
3.20613e-10	0.00337275
3.20677e-10	0.00337601
3.20741e-10	0.00337926
3.20805e-10	0.00338252
3.20869e-10	0.00338578
3.20933e-10	0.00338905
3.20997e-10	0.00339231
3.21061e-10	0.00339558
3.21125e-10	0.00339885
3.21189e-10	0.00340212
3.21253e-10	0.00340539
3.21317e-10	0.00340867
3.21381e-10	0.00341194
3.21445e-10	0.00341522
3.21509e-10	0.00341851
3.21573e-10	0.00342179
3.21637e-10	0.00342508
3.21701e-10	0.00342836
3.21765e-10	0.00343165
3.21829e-10	0.00343495
3.21893e-10	0.00343824
3.21957e-10	0.00344154
3.22021e-10	0.00344483
3.22085e-10	0.00344814
3.22149e-10	0.00345144
3.22213e-10	0.00345474
3.22277e-10	0.00345805
3.22341e-10	0.00346136
3.22405e-10	0.00346467
3.22469e-10	0.00346798
3.22533e-10	0.0034713
3.22597e-10	0.00347462
3.22661e-10	0.00347793
3.22725e-10	0.00348126
3.22789e-10	0.00348458
3.22853e-10	0.00348791
3.22917e-10	0.00349123
3.22981e-10	0.00349456
3.23045e-10	0.0034979
3.23109e-10	0.00350123
3.23173e-10	0.00350457
3.23237e-10	0.0035079
3.23301e-10	0.00351124
3.23365e-10	0.00351459
3.23429e-10	0.00351793
3.23493e-10	0.00352128
3.23557e-10	0.00352463
3.23621e-10	0.00352798
3.23685e-10	0.00353133
3.23749e-10	0.00353469
3.23813e-10	0.00353804
3.23877e-10	0.0035414
3.23941e-10	0.00354476
3.24005e-10	0.00354813
3.24069e-10	0.00355149
3.24133e-10	0.00355486
3.24197e-10	0.00355823
3.24261e-10	0.0035616
3.24325e-10	0.00356498
3.24389e-10	0.00356835
3.24453e-10	0.00357173
3.24517e-10	0.00357511
3.24581e-10	0.0035785
3.24645e-10	0.00358188
3.24709e-10	0.00358527
3.24773e-10	0.00358866
3.24837e-10	0.00359205
3.24901e-10	0.00359544
3.24965e-10	0.00359884
3.25029e-10	0.00360223
3.25093e-10	0.00360563
3.25157e-10	0.00360904
3.25221e-10	0.00361244
3.25285e-10	0.00361585
3.25349e-10	0.00361925
3.25413e-10	0.00362266
3.25477e-10	0.00362608
3.25541e-10	0.00362949
3.25605e-10	0.00363291
3.25669e-10	0.00363633
3.25733e-10	0.00363975
3.25797e-10	0.00364317
3.25861e-10	0.0036466
3.25925e-10	0.00365002
3.25989e-10	0.00365345
3.26053e-10	0.00365688
3.26117e-10	0.00366032
3.26181e-10	0.00366375
3.26245e-10	0.00366719
3.26309e-10	0.00367063
3.26373e-10	0.00367407
3.26437e-10	0.00367752
3.26501e-10	0.00368096
3.26565e-10	0.00368441
3.26629e-10	0.00368786
3.26693e-10	0.00369132
3.26757e-10	0.00369477
3.26821e-10	0.00369823
3.26885e-10	0.00370169
3.26949e-10	0.00370515
3.27013e-10	0.00370861
3.27077e-10	0.00371208
3.27141e-10	0.00371555
3.27205e-10	0.00371902
3.27269e-10	0.00372249
3.27333e-10	0.00372596
3.27397e-10	0.00372944
3.27461e-10	0.00373292
3.27526e-10	0.0037364
3.2759e-10	0.00373988
3.27654e-10	0.00374337
3.27718e-10	0.00374685
3.27782e-10	0.00375034
3.27846e-10	0.00375383
3.2791e-10	0.00375733
3.27974e-10	0.00376082
3.28038e-10	0.00376432
3.28102e-10	0.00376782
3.28166e-10	0.00377132
3.2823e-10	0.00377483
3.28294e-10	0.00377833
3.28358e-10	0.00378184
3.28422e-10	0.00378535
3.28486e-10	0.00378887
3.2855e-10	0.00379238
3.28614e-10	0.0037959
3.28678e-10	0.00379942
3.28742e-10	0.00380294
3.28806e-10	0.00380646
3.2887e-10	0.00380999
3.28934e-10	0.00381352
3.28998e-10	0.00381705
3.29062e-10	0.00382058
3.29126e-10	0.00382411
3.2919e-10	0.00382765
3.29254e-10	0.00383119
3.29318e-10	0.00383473
3.29382e-10	0.00383827
3.29446e-10	0.00384182
3.2951e-10	0.00384537
3.29574e-10	0.00384891
3.29638e-10	0.00385247
3.29702e-10	0.00385602
3.29766e-10	0.00385958
3.2983e-10	0.00386313
3.29894e-10	0.0038667
3.29958e-10	0.00387026
3.30022e-10	0.00387382
3.30086e-10	0.00387739
3.3015e-10	0.00388096
3.30214e-10	0.00388453
3.30278e-10	0.0038881
3.30342e-10	0.00389168
3.30406e-10	0.00389526
3.3047e-10	0.00389884
3.30534e-10	0.00390242
3.30598e-10	0.003906
3.30662e-10	0.00390959
3.30726e-10	0.00391318
3.3079e-10	0.00391677
3.30854e-10	0.00392036
3.30918e-10	0.00392396
3.30982e-10	0.00392755
3.31046e-10	0.00393115
3.3111e-10	0.00393475
3.31174e-10	0.00393836
3.31238e-10	0.00394196
3.31302e-10	0.00394557
3.31366e-10	0.00394918
3.3143e-10	0.00395279
3.31494e-10	0.00395641
3.31558e-10	0.00396003
3.31622e-10	0.00396364
3.31686e-10	0.00396727
3.3175e-10	0.00397089
3.31814e-10	0.00397451
3.31878e-10	0.00397814
3.31942e-10	0.00398177
3.32006e-10	0.0039854
3.3207e-10	0.00398904
3.32134e-10	0.00399267
3.32198e-10	0.00399631
3.32262e-10	0.00399995
3.32326e-10	0.0040036
3.3239e-10	0.00400724
3.32454e-10	0.00401089
3.32518e-10	0.00401454
3.32582e-10	0.00401819
3.32646e-10	0.00402184
3.3271e-10	0.0040255
3.32774e-10	0.00402916
3.32838e-10	0.00403282
3.32902e-10	0.00403648
3.32966e-10	0.00404015
3.3303e-10	0.00404381
3.33094e-10	0.00404748
3.33158e-10	0.00405115
3.33222e-10	0.00405483
3.33286e-10	0.0040585
3.3335e-10	0.00406218
3.33414e-10	0.00406586
3.33478e-10	0.00406954
3.33542e-10	0.00407323
3.33606e-10	0.00407691
3.3367e-10	0.0040806
3.33734e-10	0.00408429
3.33798e-10	0.00408799
3.33862e-10	0.00409168
3.33926e-10	0.00409538
3.3399e-10	0.00409908
3.34054e-10	0.00410278
3.34118e-10	0.00410649
3.34182e-10	0.00411019
3.34246e-10	0.0041139
3.3431e-10	0.00411761
3.34374e-10	0.00412132
3.34438e-10	0.00412504
3.34502e-10	0.00412876
3.34566e-10	0.00413248
3.3463e-10	0.0041362
3.34694e-10	0.00413992
3.34758e-10	0.00414365
3.34822e-10	0.00414738
3.34886e-10	0.00415111
3.3495e-10	0.00415484
3.35014e-10	0.00415858
3.35078e-10	0.00416231
3.35142e-10	0.00416605
3.35206e-10	0.00416979
3.3527e-10	0.00417354
3.35334e-10	0.00417728
3.35398e-10	0.00418103
3.35462e-10	0.00418478
3.35526e-10	0.00418854
3.3559e-10	0.00419229
3.35654e-10	0.00419605
3.35718e-10	0.00419981
3.35782e-10	0.00420357
3.35846e-10	0.00420733
3.3591e-10	0.0042111
3.35974e-10	0.00421487
3.36038e-10	0.00421864
3.36102e-10	0.00422241
3.36166e-10	0.00422618
3.3623e-10	0.00422996
3.36295e-10	0.00423374
3.36359e-10	0.00423752
3.36423e-10	0.0042413
3.36487e-10	0.00424509
3.36551e-10	0.00424888
3.36615e-10	0.00425267
3.36679e-10	0.00425646
3.36743e-10	0.00426026
3.36807e-10	0.00426405
3.36871e-10	0.00426785
3.36935e-10	0.00427165
3.36999e-10	0.00427546
3.37063e-10	0.00427926
3.37127e-10	0.00428307
3.37191e-10	0.00428688
3.37255e-10	0.00429069
3.37319e-10	0.00429451
3.37383e-10	0.00429832
3.37447e-10	0.00430214
3.37511e-10	0.00430597
3.37575e-10	0.00430979
3.37639e-10	0.00431361
3.37703e-10	0.00431744
3.37767e-10	0.00432127
3.37831e-10	0.00432511
3.37895e-10	0.00432894
3.37959e-10	0.00433278
3.38023e-10	0.00433662
3.38087e-10	0.00434046
3.38151e-10	0.0043443
3.38215e-10	0.00434815
3.38279e-10	0.00435199
3.38343e-10	0.00435584
3.38407e-10	0.0043597
3.38471e-10	0.00436355
3.38535e-10	0.00436741
3.38599e-10	0.00437127
3.38663e-10	0.00437513
3.38727e-10	0.00437899
3.38791e-10	0.00438286
3.38855e-10	0.00438673
3.38919e-10	0.0043906
3.38983e-10	0.00439447
3.39047e-10	0.00439834
3.39111e-10	0.00440222
3.39175e-10	0.0044061
3.39239e-10	0.00440998
3.39303e-10	0.00441387
3.39367e-10	0.00441775
3.39431e-10	0.00442164
3.39495e-10	0.00442553
3.39559e-10	0.00442942
3.39623e-10	0.00443332
3.39687e-10	0.00443721
3.39751e-10	0.00444111
3.39815e-10	0.00444501
3.39879e-10	0.00444892
3.39943e-10	0.00445282
3.40007e-10	0.00445673
3.40071e-10	0.00446064
3.40135e-10	0.00446456
3.40199e-10	0.00446847
3.40263e-10	0.00447239
3.40327e-10	0.00447631
3.40391e-10	0.00448023
3.40455e-10	0.00448415
3.40519e-10	0.00448808
3.40583e-10	0.00449201
3.40647e-10	0.00449594
3.40711e-10	0.00449987
3.40775e-10	0.00450381
3.40839e-10	0.00450774
3.40903e-10	0.00451168
3.40967e-10	0.00451563
3.41031e-10	0.00451957
3.41095e-10	0.00452352
3.41159e-10	0.00452746
3.41223e-10	0.00453142
3.41287e-10	0.00453537
3.41351e-10	0.00453932
3.41415e-10	0.00454328
3.41479e-10	0.00454724
3.41543e-10	0.0045512
3.41607e-10	0.00455517
3.41671e-10	0.00455913
3.41735e-10	0.0045631
3.41799e-10	0.00456707
3.41863e-10	0.00457105
3.41927e-10	0.00457502
3.41991e-10	0.004579
3.42055e-10	0.00458298
3.42119e-10	0.00458696
3.42183e-10	0.00459095
3.42247e-10	0.00459493
3.42311e-10	0.00459892
3.42375e-10	0.00460292
3.42439e-10	0.00460691
3.42503e-10	0.0046109
3.42567e-10	0.0046149
3.42631e-10	0.0046189
3.42695e-10	0.00462291
3.42759e-10	0.00462691
3.42823e-10	0.00463092
3.42887e-10	0.00463493
3.42951e-10	0.00463894
3.43015e-10	0.00464295
3.43079e-10	0.00464697
3.43143e-10	0.00465099
3.43207e-10	0.00465501
3.43271e-10	0.00465903
3.43335e-10	0.00466306
3.43399e-10	0.00466708
3.43463e-10	0.00467111
3.43527e-10	0.00467514
3.43591e-10	0.00467918
3.43655e-10	0.00468322
3.43719e-10	0.00468725
3.43783e-10	0.0046913
3.43847e-10	0.00469534
3.43911e-10	0.00469938
3.43975e-10	0.00470343
3.44039e-10	0.00470748
3.44103e-10	0.00471153
3.44167e-10	0.00471559
3.44231e-10	0.00471965
3.44295e-10	0.0047237
3.44359e-10	0.00472777
3.44423e-10	0.00473183
3.44487e-10	0.0047359
3.44551e-10	0.00473996
3.44615e-10	0.00474403
3.44679e-10	0.00474811
3.44743e-10	0.00475218
3.44807e-10	0.00475626
3.44871e-10	0.00476034
3.44935e-10	0.00476442
3.45e-10	0.0047685
3.45064e-10	0.00477259
3.45128e-10	0.00477668
3.45192e-10	0.00478077
3.45256e-10	0.00478486
3.4532e-10	0.00478896
3.45384e-10	0.00479306
3.45448e-10	0.00479716
3.45512e-10	0.00480126
3.45576e-10	0.00480536
3.4564e-10	0.00480947
3.45704e-10	0.00481358
3.45768e-10	0.00481769
3.45832e-10	0.0048218
3.45896e-10	0.00482592
3.4596e-10	0.00483004
3.46024e-10	0.00483416
3.46088e-10	0.00483828
3.46152e-10	0.00484241
3.46216e-10	0.00484653
3.4628e-10	0.00485066
3.46344e-10	0.00485479
3.46408e-10	0.00485893
3.46472e-10	0.00486306
3.46536e-10	0.0048672
3.466e-10	0.00487134
3.46664e-10	0.00487549
3.46728e-10	0.00487963
3.46792e-10	0.00488378
3.46856e-10	0.00488793
3.4692e-10	0.00489208
3.46984e-10	0.00489624
3.47048e-10	0.00490039
3.47112e-10	0.00490455
3.47176e-10	0.00490871
3.4724e-10	0.00491288
3.47304e-10	0.00491704
3.47368e-10	0.00492121
3.47432e-10	0.00492538
3.47496e-10	0.00492955
3.4756e-10	0.00493373
3.47624e-10	0.00493791
3.47688e-10	0.00494209
3.47752e-10	0.00494627
3.47816e-10	0.00495045
3.4788e-10	0.00495464
3.47944e-10	0.00495883
3.48008e-10	0.00496302
3.48072e-10	0.00496721
3.48136e-10	0.00497141
3.482e-10	0.0049756
3.48264e-10	0.00497981
3.48328e-10	0.00498401
3.48392e-10	0.00498821
3.48456e-10	0.00499242
3.4852e-10	0.00499663
3.48584e-10	0.00500084
3.48648e-10	0.00500505
3.48712e-10	0.00500927
3.48776e-10	0.00501349
3.4884e-10	0.00501771
3.48904e-10	0.00502193
3.48968e-10	0.00502616
3.49032e-10	0.00503038
3.49096e-10	0.00503461
3.4916e-10	0.00503885
3.49224e-10	0.00504308
3.49288e-10	0.00504732
3.49352e-10	0.00505156
3.49416e-10	0.0050558
3.4948e-10	0.00506004
3.49544e-10	0.00506429
3.49608e-10	0.00506854
3.49672e-10	0.00507279
3.49736e-10	0.00507704
3.498e-10	0.00508129
3.49864e-10	0.00508555
3.49928e-10	0.00508981
3.49992e-10	0.00509407
3.50056e-10	0.00509834
3.5012e-10	0.0051026
3.50184e-10	0.00510687
3.50248e-10	0.00511114
3.50312e-10	0.00511542
3.50376e-10	0.00511969
3.5044e-10	0.00512397
3.50504e-10	0.00512825
3.50568e-10	0.00513253
3.50632e-10	0.00513682
3.50696e-10	0.00514111
3.5076e-10	0.0051454
3.50824e-10	0.00514969
3.50888e-10	0.00515398
3.50952e-10	0.00515828
3.51016e-10	0.00516258
3.5108e-10	0.00516688
3.51144e-10	0.00517118
3.51208e-10	0.00517549
3.51272e-10	0.00517979
3.51336e-10	0.0051841
3.514e-10	0.00518842
3.51464e-10	0.00519273
3.51528e-10	0.00519705
3.51592e-10	0.00520137
3.51656e-10	0.00520569
3.5172e-10	0.00521001
3.51784e-10	0.00521434
3.51848e-10	0.00521867
3.51912e-10	0.005223
3.51976e-10	0.00522733
3.5204e-10	0.00523167
3.52104e-10	0.00523601
3.52168e-10	0.00524035
3.52232e-10	0.00524469
3.52296e-10	0.00524903
3.5236e-10	0.00525338
3.52424e-10	0.00525773
3.52488e-10	0.00526208
3.52552e-10	0.00526643
3.52616e-10	0.00527079
3.5268e-10	0.00527515
3.52744e-10	0.00527951
3.52808e-10	0.00528387
3.52872e-10	0.00528824
3.52936e-10	0.00529261
3.53e-10	0.00529698
3.53064e-10	0.00530135
3.53128e-10	0.00530572
3.53192e-10	0.0053101
3.53256e-10	0.00531448
3.5332e-10	0.00531886
3.53384e-10	0.00532325
3.53448e-10	0.00532763
3.53512e-10	0.00533202
3.53576e-10	0.00533641
3.5364e-10	0.0053408
3.53704e-10	0.0053452
3.53769e-10	0.0053496
3.53833e-10	0.005354
3.53897e-10	0.0053584
3.53961e-10	0.0053628
3.54025e-10	0.00536721
3.54089e-10	0.00537162
3.54153e-10	0.00537603
3.54217e-10	0.00538045
3.54281e-10	0.00538486
3.54345e-10	0.00538928
3.54409e-10	0.0053937
3.54473e-10	0.00539812
3.54537e-10	0.00540255
3.54601e-10	0.00540698
3.54665e-10	0.00541141
3.54729e-10	0.00541584
3.54793e-10	0.00542028
3.54857e-10	0.00542471
3.54921e-10	0.00542915
3.54985e-10	0.00543359
3.55049e-10	0.00543804
3.55113e-10	0.00544248
3.55177e-10	0.00544693
3.55241e-10	0.00545138
3.55305e-10	0.00545584
3.55369e-10	0.00546029
3.55433e-10	0.00546475
3.55497e-10	0.00546921
3.55561e-10	0.00547367
3.55625e-10	0.00547814
3.55689e-10	0.0054826
3.55753e-10	0.00548707
3.55817e-10	0.00549154
3.55881e-10	0.00549602
3.55945e-10	0.00550049
3.56009e-10	0.00550497
3.56073e-10	0.00550945
3.56137e-10	0.00551394
3.56201e-10	0.00551842
3.56265e-10	0.00552291
3.56329e-10	0.0055274
3.56393e-10	0.00553189
3.56457e-10	0.00553639
3.56521e-10	0.00554089
3.56585e-10	0.00554539
3.56649e-10	0.00554989
3.56713e-10	0.00555439
3.56777e-10	0.0055589
3.56841e-10	0.00556341
3.56905e-10	0.00556792
3.56969e-10	0.00557243
3.57033e-10	0.00557695
3.57097e-10	0.00558147
3.57161e-10	0.00558599
3.57225e-10	0.00559051
3.57289e-10	0.00559503
3.57353e-10	0.00559956
3.57417e-10	0.00560409
3.57481e-10	0.00560862
3.57545e-10	0.00561316
3.57609e-10	0.00561769
3.57673e-10	0.00562223
3.57737e-10	0.00562677
3.57801e-10	0.00563132
3.57865e-10	0.00563586
3.57929e-10	0.00564041
3.57993e-10	0.00564496
3.58057e-10	0.00564951
3.58121e-10	0.00565407
3.58185e-10	0.00565863
3.58249e-10	0.00566319
3.58313e-10	0.00566775
3.58377e-10	0.00567231
3.58441e-10	0.00567688
3.58505e-10	0.00568145
3.58569e-10	0.00568602
3.58633e-10	0.00569059
3.58697e-10	0.00569517
3.58761e-10	0.00569975
3.58825e-10	0.00570433
3.58889e-10	0.00570891
3.58953e-10	0.0057135
3.59017e-10	0.00571809
3.59081e-10	0.00572268
3.59145e-10	0.00572727
3.59209e-10	0.00573186
3.59273e-10	0.00573646
3.59337e-10	0.00574106
3.59401e-10	0.00574566
3.59465e-10	0.00575026
3.59529e-10	0.00575487
3.59593e-10	0.00575948
3.59657e-10	0.00576409
3.59721e-10	0.0057687
3.59785e-10	0.00577332
3.59849e-10	0.00577794
3.59913e-10	0.00578256
3.59977e-10	0.00578718
3.60041e-10	0.0057918
3.60105e-10	0.00579643
3.60169e-10	0.00580106
3.60233e-10	0.00580569
3.60297e-10	0.00581033
3.60361e-10	0.00581496
3.60425e-10	0.0058196
3.60489e-10	0.00582424
3.60553e-10	0.00582889
3.60617e-10	0.00583353
3.60681e-10	0.00583818
3.60745e-10	0.00584283
3.60809e-10	0.00584749
3.60873e-10	0.00585214
3.60937e-10	0.0058568
3.61001e-10	0.00586146
3.61065e-10	0.00586612
3.61129e-10	0.00587078
3.61193e-10	0.00587545
3.61257e-10	0.00588012
3.61321e-10	0.00588479
3.61385e-10	0.00588947
3.61449e-10	0.00589414
3.61513e-10	0.00589882
3.61577e-10	0.0059035
3.61641e-10	0.00590818
3.61705e-10	0.00591287
3.61769e-10	0.00591756
3.61833e-10	0.00592225
3.61897e-10	0.00592694
3.61961e-10	0.00593163
3.62025e-10	0.00593633
3.62089e-10	0.00594103
3.62153e-10	0.00594573
3.62217e-10	0.00595044
3.62281e-10	0.00595514
3.62345e-10	0.00595985
3.62409e-10	0.00596456
3.62474e-10	0.00596928
3.62538e-10	0.00597399
3.62602e-10	0.00597871
3.62666e-10	0.00598343
3.6273e-10	0.00598815
3.62794e-10	0.00599288
3.62858e-10	0.00599761
3.62922e-10	0.00600233
3.62986e-10	0.00600707
3.6305e-10	0.0060118
3.63114e-10	0.00601654
3.63178e-10	0.00602128
3.63242e-10	0.00602602
3.63306e-10	0.00603076
3.6337e-10	0.00603551
3.63434e-10	0.00604026
3.63498e-10	0.00604501
3.63562e-10	0.00604976
3.63626e-10	0.00605452
3.6369e-10	0.00605927
3.63754e-10	0.00606403
3.63818e-10	0.00606879
3.63882e-10	0.00607356
3.63946e-10	0.00607833
3.6401e-10	0.0060831
3.64074e-10	0.00608787
3.64138e-10	0.00609264
3.64202e-10	0.00609742
3.64266e-10	0.0061022
3.6433e-10	0.00610698
3.64394e-10	0.00611176
3.64458e-10	0.00611655
3.64522e-10	0.00612133
3.64586e-10	0.00612612
3.6465e-10	0.00613092
3.64714e-10	0.00613571
3.64778e-10	0.00614051
3.64842e-10	0.00614531
3.64906e-10	0.00615011
3.6497e-10	0.00615492
3.65034e-10	0.00615972
3.65098e-10	0.00616453
3.65162e-10	0.00616934
3.65226e-10	0.00617416
3.6529e-10	0.00617897
3.65354e-10	0.00618379
3.65418e-10	0.00618861
3.65482e-10	0.00619343
3.65546e-10	0.00619826
3.6561e-10	0.00620309
3.65674e-10	0.00620792
3.65738e-10	0.00621275
3.65802e-10	0.00621758
3.65866e-10	0.00622242
3.6593e-10	0.00622726
3.65994e-10	0.0062321
3.66058e-10	0.00623695
3.66122e-10	0.00624179
3.66186e-10	0.00624664
3.6625e-10	0.00625149
3.66314e-10	0.00625635
3.66378e-10	0.0062612
3.66442e-10	0.00626606
3.66506e-10	0.00627092
3.6657e-10	0.00627578
3.66634e-10	0.00628065
3.66698e-10	0.00628551
3.66762e-10	0.00629038
3.66826e-10	0.00629526
3.6689e-10	0.00630013
3.66954e-10	0.00630501
3.67018e-10	0.00630989
3.67082e-10	0.00631477
3.67146e-10	0.00631965
3.6721e-10	0.00632454
3.67274e-10	0.00632942
3.67338e-10	0.00633432
3.67402e-10	0.00633921
3.67466e-10	0.0063441
3.6753e-10	0.006349
3.67594e-10	0.0063539
3.67658e-10	0.0063588
3.67722e-10	0.00636371
3.67786e-10	0.00636862
3.6785e-10	0.00637352
3.67914e-10	0.00637844
3.67978e-10	0.00638335
3.68042e-10	0.00638827
3.68106e-10	0.00639319
3.6817e-10	0.00639811
3.68234e-10	0.00640303
3.68298e-10	0.00640796
3.68362e-10	0.00641288
3.68426e-10	0.00641781
3.6849e-10	0.00642275
3.68554e-10	0.00642768
3.68618e-10	0.00643262
3.68682e-10	0.00643756
3.68746e-10	0.0064425
3.6881e-10	0.00644744
3.68874e-10	0.00645239
3.68938e-10	0.00645734
3.69002e-10	0.00646229
3.69066e-10	0.00646724
3.6913e-10	0.0064722
3.69194e-10	0.00647716
3.69258e-10	0.00648212
3.69322e-10	0.00648708
3.69386e-10	0.00649205
3.6945e-10	0.00649702
3.69514e-10	0.00650199
3.69578e-10	0.00650696
3.69642e-10	0.00651193
3.69706e-10	0.00651691
3.6977e-10	0.00652189
3.69834e-10	0.00652687
3.69898e-10	0.00653185
3.69962e-10	0.00653684
3.70026e-10	0.00654183
3.7009e-10	0.00654682
3.70154e-10	0.00655181
3.70218e-10	0.00655681
3.70282e-10	0.00656181
3.70346e-10	0.00656681
3.7041e-10	0.00657181
3.70474e-10	0.00657681
3.70538e-10	0.00658182
3.70602e-10	0.00658683
3.70666e-10	0.00659184
3.7073e-10	0.00659686
3.70794e-10	0.00660187
3.70858e-10	0.00660689
3.70922e-10	0.00661191
3.70986e-10	0.00661694
3.7105e-10	0.00662196
3.71114e-10	0.00662699
3.71179e-10	0.00663202
3.71243e-10	0.00663706
3.71307e-10	0.00664209
3.71371e-10	0.00664713
3.71435e-10	0.00665217
3.71499e-10	0.00665721
3.71563e-10	0.00666226
3.71627e-10	0.0066673
3.71691e-10	0.00667235
3.71755e-10	0.0066774
3.71819e-10	0.00668246
3.71883e-10	0.00668751
3.71947e-10	0.00669257
3.72011e-10	0.00669763
3.72075e-10	0.0067027
3.72139e-10	0.00670776
3.72203e-10	0.00671283
3.72267e-10	0.0067179
3.72331e-10	0.00672297
3.72395e-10	0.00672805
3.72459e-10	0.00673312
3.72523e-10	0.0067382
3.72587e-10	0.00674329
3.72651e-10	0.00674837
3.72715e-10	0.00675346
3.72779e-10	0.00675855
3.72843e-10	0.00676364
3.72907e-10	0.00676873
3.72971e-10	0.00677383
3.73035e-10	0.00677892
3.73099e-10	0.00678402
3.73163e-10	0.00678913
3.73227e-10	0.00679423
3.73291e-10	0.00679934
3.73355e-10	0.00680445
3.73419e-10	0.00680956
3.73483e-10	0.00681468
3.73547e-10	0.00681979
3.73611e-10	0.00682491
3.73675e-10	0.00683003
3.73739e-10	0.00683516
3.73803e-10	0.00684028
3.73867e-10	0.00684541
3.73931e-10	0.00685054
3.73995e-10	0.00685568
3.74059e-10	0.00686081
3.74123e-10	0.00686595
3.74187e-10	0.00687109
3.74251e-10	0.00687623
3.74315e-10	0.00688138
3.74379e-10	0.00688652
3.74443e-10	0.00689167
3.74507e-10	0.00689682
3.74571e-10	0.00690198
3.74635e-10	0.00690713
3.74699e-10	0.00691229
3.74763e-10	0.00691745
3.74827e-10	0.00692262
3.74891e-10	0.00692778
3.74955e-10	0.00693295
3.75019e-10	0.00693812
3.75083e-10	0.00694329
3.75147e-10	0.00694847
3.75211e-10	0.00695364
3.75275e-10	0.00695882
3.75339e-10	0.00696401
3.75403e-10	0.00696919
3.75467e-10	0.00697438
3.75531e-10	0.00697957
3.75595e-10	0.00698476
3.75659e-10	0.00698995
3.75723e-10	0.00699515
3.75787e-10	0.00700034
3.75851e-10	0.00700554
3.75915e-10	0.00701075
3.75979e-10	0.00701595
3.76043e-10	0.00702116
3.76107e-10	0.00702637
3.76171e-10	0.00703158
3.76235e-10	0.0070368
3.76299e-10	0.00704201
3.76363e-10	0.00704723
3.76427e-10	0.00705245
3.76491e-10	0.00705768
3.76555e-10	0.0070629
3.76619e-10	0.00706813
3.76683e-10	0.00707336
3.76747e-10	0.00707859
3.76811e-10	0.00708383
3.76875e-10	0.00708907
3.76939e-10	0.00709431
3.77003e-10	0.00709955
3.77067e-10	0.00710479
3.77131e-10	0.00711004
3.77195e-10	0.00711529
3.77259e-10	0.00712054
3.77323e-10	0.00712579
3.77387e-10	0.00713105
3.77451e-10	0.00713631
3.77515e-10	0.00714157
3.77579e-10	0.00714683
3.77643e-10	0.0071521
3.77707e-10	0.00715737
3.77771e-10	0.00716264
3.77835e-10	0.00716791
3.77899e-10	0.00717318
3.77963e-10	0.00717846
3.78027e-10	0.00718374
3.78091e-10	0.00718902
3.78155e-10	0.0071943
3.78219e-10	0.00719959
3.78283e-10	0.00720488
3.78347e-10	0.00721017
3.78411e-10	0.00721546
3.78475e-10	0.00722076
3.78539e-10	0.00722606
3.78603e-10	0.00723136
3.78667e-10	0.00723666
3.78731e-10	0.00724196
3.78795e-10	0.00724727
3.78859e-10	0.00725258
3.78923e-10	0.00725789
3.78987e-10	0.00726321
3.79051e-10	0.00726852
3.79115e-10	0.00727384
3.79179e-10	0.00727916
3.79243e-10	0.00728448
3.79307e-10	0.00728981
3.79371e-10	0.00729514
3.79435e-10	0.00730047
3.79499e-10	0.0073058
3.79563e-10	0.00731114
3.79627e-10	0.00731647
3.79691e-10	0.00732181
3.79755e-10	0.00732715
3.79819e-10	0.0073325
3.79883e-10	0.00733784
3.79948e-10	0.00734319
3.80012e-10	0.00734854
3.80076e-10	0.0073539
3.8014e-10	0.00735925
3.80204e-10	0.00736461
3.80268e-10	0.00736997
3.80332e-10	0.00737533
3.80396e-10	0.0073807
3.8046e-10	0.00738606
3.80524e-10	0.00739143
3.80588e-10	0.0073968
3.80652e-10	0.00740218
3.80716e-10	0.00740755
3.8078e-10	0.00741293
3.80844e-10	0.00741831
3.80908e-10	0.0074237
3.80972e-10	0.00742908
3.81036e-10	0.00743447
3.811e-10	0.00743986
3.81164e-10	0.00744525
3.81228e-10	0.00745065
3.81292e-10	0.00745604
3.81356e-10	0.00746144
3.8142e-10	0.00746685
3.81484e-10	0.00747225
3.81548e-10	0.00747766
3.81612e-10	0.00748306
3.81676e-10	0.00748848
3.8174e-10	0.00749389
3.81804e-10	0.0074993
3.81868e-10	0.00750472
3.81932e-10	0.00751014
3.81996e-10	0.00751556
3.8206e-10	0.00752099
3.82124e-10	0.00752641
3.82188e-10	0.00753184
3.82252e-10	0.00753728
3.82316e-10	0.00754271
3.8238e-10	0.00754815
3.82444e-10	0.00755358
3.82508e-10	0.00755902
3.82572e-10	0.00756447
3.82636e-10	0.00756991
3.827e-10	0.00757536
3.82764e-10	0.00758081
3.82828e-10	0.00758626
3.82892e-10	0.00759172
3.82956e-10	0.00759717
3.8302e-10	0.00760263
3.83084e-10	0.00760809
3.83148e-10	0.00761356
3.83212e-10	0.00761902
3.83276e-10	0.00762449
3.8334e-10	0.00762996
3.83404e-10	0.00763543
3.83468e-10	0.00764091
3.83532e-10	0.00764639
3.83596e-10	0.00765187
3.8366e-10	0.00765735
3.83724e-10	0.00766283
3.83788e-10	0.00766832
3.83852e-10	0.00767381
3.83916e-10	0.0076793
3.8398e-10	0.00768479
3.84044e-10	0.00769029
3.84108e-10	0.00769578
3.84172e-10	0.00770128
3.84236e-10	0.00770679
3.843e-10	0.00771229
3.84364e-10	0.0077178
3.84428e-10	0.00772331
3.84492e-10	0.00772882
3.84556e-10	0.00773433
3.8462e-10	0.00773985
3.84684e-10	0.00774537
3.84748e-10	0.00775089
3.84812e-10	0.00775641
3.84876e-10	0.00776194
3.8494e-10	0.00776747
3.85004e-10	0.007773
3.85068e-10	0.00777853
3.85132e-10	0.00778406
3.85196e-10	0.0077896
3.8526e-10	0.00779514
3.85324e-10	0.00780068
3.85388e-10	0.00780622
3.85452e-10	0.00781177
3.85516e-10	0.00781732
3.8558e-10	0.00782287
3.85644e-10	0.00782842
3.85708e-10	0.00783397
3.85772e-10	0.00783953
3.85836e-10	0.00784509
3.859e-10	0.00785065
3.85964e-10	0.00785622
3.86028e-10	0.00786178
3.86092e-10	0.00786735
3.86156e-10	0.00787292
3.8622e-10	0.0078785
3.86284e-10	0.00788407
3.86348e-10	0.00788965
3.86412e-10	0.00789523
3.86476e-10	0.00790081
3.8654e-10	0.0079064
3.86604e-10	0.00791198
3.86668e-10	0.00791757
3.86732e-10	0.00792316
3.86796e-10	0.00792876
3.8686e-10	0.00793435
3.86924e-10	0.00793995
3.86988e-10	0.00794555
3.87052e-10	0.00795115
3.87116e-10	0.00795676
3.8718e-10	0.00796236
3.87244e-10	0.00796797
3.87308e-10	0.00797359
3.87372e-10	0.0079792
3.87436e-10	0.00798482
3.875e-10	0.00799043
3.87564e-10	0.00799606
3.87628e-10	0.00800168
3.87692e-10	0.0080073
3.87756e-10	0.00801293
3.8782e-10	0.00801856
3.87884e-10	0.00802419
3.87948e-10	0.00802983
3.88012e-10	0.00803546
3.88076e-10	0.0080411
3.8814e-10	0.00804674
3.88204e-10	0.00805239
3.88268e-10	0.00805803
3.88332e-10	0.00806368
3.88396e-10	0.00806933
3.8846e-10	0.00807498
3.88524e-10	0.00808064
3.88588e-10	0.0080863
3.88653e-10	0.00809195
3.88717e-10	0.00809762
3.88781e-10	0.00810328
3.88845e-10	0.00810895
3.88909e-10	0.00811461
3.88973e-10	0.00812028
3.89037e-10	0.00812596
3.89101e-10	0.00813163
3.89165e-10	0.00813731
3.89229e-10	0.00814299
3.89293e-10	0.00814867
3.89357e-10	0.00815435
3.89421e-10	0.00816004
3.89485e-10	0.00816573
3.89549e-10	0.00817142
3.89613e-10	0.00817711
3.89677e-10	0.00818281
3.89741e-10	0.00818851
3.89805e-10	0.00819421
3.89869e-10	0.00819991
3.89933e-10	0.00820561
3.89997e-10	0.00821132
3.90061e-10	0.00821703
3.90125e-10	0.00822274
3.90189e-10	0.00822845
3.90253e-10	0.00823417
3.90317e-10	0.00823988
3.90381e-10	0.0082456
3.90445e-10	0.00825133
3.90509e-10	0.00825705
3.90573e-10	0.00826278
3.90637e-10	0.00826851
3.90701e-10	0.00827424
3.90765e-10	0.00827997
3.90829e-10	0.00828571
3.90893e-10	0.00829144
3.90957e-10	0.00829718
3.91021e-10	0.00830293
3.91085e-10	0.00830867
3.91149e-10	0.00831442
3.91213e-10	0.00832017
3.91277e-10	0.00832592
3.91341e-10	0.00833167
3.91405e-10	0.00833743
3.91469e-10	0.00834319
3.91533e-10	0.00834895
3.91597e-10	0.00835471
3.91661e-10	0.00836047
3.91725e-10	0.00836624
3.91789e-10	0.00837201
3.91853e-10	0.00837778
3.91917e-10	0.00838355
3.91981e-10	0.00838933
3.92045e-10	0.00839511
3.92109e-10	0.00840089
3.92173e-10	0.00840667
3.92237e-10	0.00841245
3.92301e-10	0.00841824
3.92365e-10	0.00842403
3.92429e-10	0.00842982
3.92493e-10	0.00843562
3.92557e-10	0.00844141
3.92621e-10	0.00844721
3.92685e-10	0.00845301
3.92749e-10	0.00845881
3.92813e-10	0.00846462
3.92877e-10	0.00847042
3.92941e-10	0.00847623
3.93005e-10	0.00848204
3.93069e-10	0.00848786
3.93133e-10	0.00849367
3.93197e-10	0.00849949
3.93261e-10	0.00850531
3.93325e-10	0.00851113
3.93389e-10	0.00851696
3.93453e-10	0.00852279
3.93517e-10	0.00852862
3.93581e-10	0.00853445
3.93645e-10	0.00854028
3.93709e-10	0.00854612
3.93773e-10	0.00855195
3.93837e-10	0.00855779
3.93901e-10	0.00856364
3.93965e-10	0.00856948
3.94029e-10	0.00857533
3.94093e-10	0.00858118
3.94157e-10	0.00858703
3.94221e-10	0.00859288
3.94285e-10	0.00859874
3.94349e-10	0.0086046
3.94413e-10	0.00861046
3.94477e-10	0.00861632
3.94541e-10	0.00862218
3.94605e-10	0.00862805
3.94669e-10	0.00863392
3.94733e-10	0.00863979
3.94797e-10	0.00864566
3.94861e-10	0.00865154
3.94925e-10	0.00865742
3.94989e-10	0.00866329
3.95053e-10	0.00866918
3.95117e-10	0.00867506
3.95181e-10	0.00868095
3.95245e-10	0.00868684
3.95309e-10	0.00869273
3.95373e-10	0.00869862
3.95437e-10	0.00870452
3.95501e-10	0.00871041
3.95565e-10	0.00871631
3.95629e-10	0.00872221
3.95693e-10	0.00872812
3.95757e-10	0.00873403
3.95821e-10	0.00873993
3.95885e-10	0.00874584
3.95949e-10	0.00875176
3.96013e-10	0.00875767
3.96077e-10	0.00876359
3.96141e-10	0.00876951
3.96205e-10	0.00877543
3.96269e-10	0.00878135
3.96333e-10	0.00878728
3.96397e-10	0.00879321
3.96461e-10	0.00879914
3.96525e-10	0.00880507
3.96589e-10	0.00881101
3.96653e-10	0.00881694
3.96717e-10	0.00882288
3.96781e-10	0.00882882
3.96845e-10	0.00883477
3.96909e-10	0.00884071
3.96973e-10	0.00884666
3.97037e-10	0.00885261
3.97101e-10	0.00885856
3.97165e-10	0.00886452
3.97229e-10	0.00887047
3.97293e-10	0.00887643
3.97357e-10	0.00888239
3.97422e-10	0.00888835
3.97486e-10	0.00889432
3.9755e-10	0.00890029
3.97614e-10	0.00890626
3.97678e-10	0.00891223
3.97742e-10	0.0089182
3.97806e-10	0.00892418
3.9787e-10	0.00893016
3.97934e-10	0.00893614
3.97998e-10	0.00894212
3.98062e-10	0.0089481
3.98126e-10	0.00895409
3.9819e-10	0.00896008
3.98254e-10	0.00896607
3.98318e-10	0.00897206
3.98382e-10	0.00897806
3.98446e-10	0.00898406
3.9851e-10	0.00899006
3.98574e-10	0.00899606
3.98638e-10	0.00900206
3.98702e-10	0.00900807
3.98766e-10	0.00901408
3.9883e-10	0.00902009
3.98894e-10	0.0090261
3.98958e-10	0.00903212
3.99022e-10	0.00903813
3.99086e-10	0.00904415
3.9915e-10	0.00905017
3.99214e-10	0.0090562
3.99278e-10	0.00906222
3.99342e-10	0.00906825
3.99406e-10	0.00907428
3.9947e-10	0.00908031
3.99534e-10	0.00908635
3.99598e-10	0.00909238
3.99662e-10	0.00909842
3.99726e-10	0.00910446
3.9979e-10	0.00911051
3.99854e-10	0.00911655
3.99918e-10	0.0091226
3.99982e-10	0.00912865
4.00046e-10	0.0091347
4.0011e-10	0.00914075
4.00174e-10	0.00914681
4.00238e-10	0.00915287
4.00302e-10	0.00915893
4.00366e-10	0.00916499
4.0043e-10	0.00917105
4.00494e-10	0.00917712
4.00558e-10	0.00918319
4.00622e-10	0.00918926
4.00686e-10	0.00919533
4.0075e-10	0.00920141
4.00814e-10	0.00920748
4.00878e-10	0.00921356
4.00942e-10	0.00921964
4.01006e-10	0.00922573
4.0107e-10	0.00923181
4.01134e-10	0.0092379
4.01198e-10	0.00924399
4.01262e-10	0.00925008
4.01326e-10	0.00925618
4.0139e-10	0.00926227
4.01454e-10	0.00926837
4.01518e-10	0.00927447
4.01582e-10	0.00928057
4.01646e-10	0.00928668
4.0171e-10	0.00929279
4.01774e-10	0.00929889
4.01838e-10	0.00930501
4.01902e-10	0.00931112
4.01966e-10	0.00931724
4.0203e-10	0.00932335
4.02094e-10	0.00932947
4.02158e-10	0.00933559
4.02222e-10	0.00934172
4.02286e-10	0.00934784
4.0235e-10	0.00935397
4.02414e-10	0.0093601
4.02478e-10	0.00936623
4.02542e-10	0.00937237
4.02606e-10	0.0093785
4.0267e-10	0.00938464
4.02734e-10	0.00939078
4.02798e-10	0.00939693
4.02862e-10	0.00940307
4.02926e-10	0.00940922
4.0299e-10	0.00941537
4.03054e-10	0.00942152
4.03118e-10	0.00942767
4.03182e-10	0.00943383
4.03246e-10	0.00943999
4.0331e-10	0.00944615
4.03374e-10	0.00945231
4.03438e-10	0.00945847
4.03502e-10	0.00946464
4.03566e-10	0.0094708
4.0363e-10	0.00947697
4.03694e-10	0.00948315
4.03758e-10	0.00948932
4.03822e-10	0.0094955
4.03886e-10	0.00950168
4.0395e-10	0.00950786
4.04014e-10	0.00951404
4.04078e-10	0.00952022
4.04142e-10	0.00952641
4.04206e-10	0.0095326
4.0427e-10	0.00953879
4.04334e-10	0.00954498
4.04398e-10	0.00955118
4.04462e-10	0.00955738
4.04526e-10	0.00956358
4.0459e-10	0.00956978
4.04654e-10	0.00957598
4.04718e-10	0.00958219
4.04782e-10	0.00958839
4.04846e-10	0.0095946
4.0491e-10	0.00960082
4.04974e-10	0.00960703
4.05038e-10	0.00961324
4.05102e-10	0.00961946
4.05166e-10	0.00962568
4.0523e-10	0.00963191
4.05294e-10	0.00963813
4.05358e-10	0.00964436
4.05422e-10	0.00965058
4.05486e-10	0.00965681
4.0555e-10	0.00966305
4.05614e-10	0.00966928
4.05678e-10	0.00967552
4.05742e-10	0.00968176
4.05806e-10	0.009688
4.0587e-10	0.00969424
4.05934e-10	0.00970049
4.05998e-10	0.00970673
4.06062e-10	0.00971298
4.06127e-10	0.00971923
4.06191e-10	0.00972549
4.06255e-10	0.00973174
4.06319e-10	0.009738
4.06383e-10	0.00974426
4.06447e-10	0.00975052
4.06511e-10	0.00975678
4.06575e-10	0.00976305
4.06639e-10	0.00976931
4.06703e-10	0.00977558
4.06767e-10	0.00978186
4.06831e-10	0.00978813
4.06895e-10	0.00979441
4.06959e-10	0.00980068
4.07023e-10	0.00980696
4.07087e-10	0.00981325
4.07151e-10	0.00981953
4.07215e-10	0.00982582
4.07279e-10	0.0098321
4.07343e-10	0.00983839
4.07407e-10	0.00984468
4.07471e-10	0.00985098
4.07535e-10	0.00985728
4.07599e-10	0.00986357
4.07663e-10	0.00986987
4.07727e-10	0.00987618
4.07791e-10	0.00988248
4.07855e-10	0.00988879
4.07919e-10	0.00989509
4.07983e-10	0.0099014
4.08047e-10	0.00990772
4.08111e-10	0.00991403
4.08175e-10	0.00992035
4.08239e-10	0.00992667
4.08303e-10	0.00993299
4.08367e-10	0.00993931
4.08431e-10	0.00994563
4.08495e-10	0.00995196
4.08559e-10	0.00995829
4.08623e-10	0.00996462
4.08687e-10	0.00997095
4.08751e-10	0.00997729
4.08815e-10	0.00998362
4.08879e-10	0.00998996
4.08943e-10	0.0099963
4.09007e-10	0.0100026
4.09071e-10	0.010009
4.09135e-10	0.0100153
4.09199e-10	0.0100217
4.09263e-10	0.010028
4.09327e-10	0.0100344
4.09391e-10	0.0100407
4.09455e-10	0.0100471
4.09519e-10	0.0100535
4.09583e-10	0.0100598
4.09647e-10	0.0100662
4.09711e-10	0.0100725
4.09775e-10	0.0100789
4.09839e-10	0.0100853
4.09903e-10	0.0100917
4.09967e-10	0.010098
4.10031e-10	0.0101044
4.10095e-10	0.0101108
4.10159e-10	0.0101172
4.10223e-10	0.0101235
4.10287e-10	0.0101299
4.10351e-10	0.0101363
4.10415e-10	0.0101427
4.10479e-10	0.0101491
4.10543e-10	0.0101555
4.10607e-10	0.0101619
4.10671e-10	0.0101683
4.10735e-10	0.0101747
4.10799e-10	0.0101811
4.10863e-10	0.0101875
4.10927e-10	0.0101939
4.10991e-10	0.0102003
4.11055e-10	0.0102067
4.11119e-10	0.0102131
4.11183e-10	0.0102195
4.11247e-10	0.0102259
4.11311e-10	0.0102323
4.11375e-10	0.0102387
4.11439e-10	0.0102451
4.11503e-10	0.0102516
4.11567e-10	0.010258
4.11631e-10	0.0102644
4.11695e-10	0.0102708
4.11759e-10	0.0102773
4.11823e-10	0.0102837
4.11887e-10	0.0102901
4.11951e-10	0.0102966
4.12015e-10	0.010303
4.12079e-10	0.0103094
4.12143e-10	0.0103159
4.12207e-10	0.0103223
4.12271e-10	0.0103288
4.12335e-10	0.0103352
4.12399e-10	0.0103417
4.12463e-10	0.0103481
4.12527e-10	0.0103546
4.12591e-10	0.010361
4.12655e-10	0.0103675
4.12719e-10	0.0103739
4.12783e-10	0.0103804
4.12847e-10	0.0103868
4.12911e-10	0.0103933
4.12975e-10	0.0103998
4.13039e-10	0.0104062
4.13103e-10	0.0104127
4.13167e-10	0.0104192
4.13231e-10	0.0104256
4.13295e-10	0.0104321
4.13359e-10	0.0104386
4.13423e-10	0.0104451
4.13487e-10	0.0104516
4.13551e-10	0.010458
4.13615e-10	0.0104645
4.13679e-10	0.010471
4.13743e-10	0.0104775
4.13807e-10	0.010484
4.13871e-10	0.0104905
4.13935e-10	0.010497
4.13999e-10	0.0105035
4.14063e-10	0.01051
4.14127e-10	0.0105165
4.14191e-10	0.010523
4.14255e-10	0.0105295
4.14319e-10	0.010536
4.14383e-10	0.0105425
4.14447e-10	0.010549
4.14511e-10	0.0105555
4.14575e-10	0.010562
4.14639e-10	0.0105685
4.14703e-10	0.0105751
4.14767e-10	0.0105816
4.14831e-10	0.0105881
4.14896e-10	0.0105946
4.1496e-10	0.0106011
4.15024e-10	0.0106077
4.15088e-10	0.0106142
4.15152e-10	0.0106207
4.15216e-10	0.0106273
4.1528e-10	0.0106338
4.15344e-10	0.0106403
4.15408e-10	0.0106469
4.15472e-10	0.0106534
4.15536e-10	0.01066
4.156e-10	0.0106665
4.15664e-10	0.010673
4.15728e-10	0.0106796
4.15792e-10	0.0106861
4.15856e-10	0.0106927
4.1592e-10	0.0106992
4.15984e-10	0.0107058
4.16048e-10	0.0107124
4.16112e-10	0.0107189
4.16176e-10	0.0107255
4.1624e-10	0.010732
4.16304e-10	0.0107386
4.16368e-10	0.0107452
4.16432e-10	0.0107517
4.16496e-10	0.0107583
4.1656e-10	0.0107649
4.16624e-10	0.0107714
4.16688e-10	0.010778
4.16752e-10	0.0107846
4.16816e-10	0.0107912
4.1688e-10	0.0107978
4.16944e-10	0.0108043
4.17008e-10	0.0108109
4.17072e-10	0.0108175
4.17136e-10	0.0108241
4.172e-10	0.0108307
4.17264e-10	0.0108373
4.17328e-10	0.0108439
4.17392e-10	0.0108505
4.17456e-10	0.0108571
4.1752e-10	0.0108637
4.17584e-10	0.0108703
4.17648e-10	0.0108769
4.17712e-10	0.0108835
4.17776e-10	0.0108901
4.1784e-10	0.0108967
4.17904e-10	0.0109033
4.17968e-10	0.0109099
4.18032e-10	0.0109165
4.18096e-10	0.0109232
4.1816e-10	0.0109298
4.18224e-10	0.0109364
4.18288e-10	0.010943
4.18352e-10	0.0109496
4.18416e-10	0.0109563
4.1848e-10	0.0109629
4.18544e-10	0.0109695
4.18608e-10	0.0109762
4.18672e-10	0.0109828
4.18736e-10	0.0109894
4.188e-10	0.0109961
4.18864e-10	0.0110027
4.18928e-10	0.0110093
4.18992e-10	0.011016
4.19056e-10	0.0110226
4.1912e-10	0.0110293
4.19184e-10	0.0110359
4.19248e-10	0.0110426
4.19312e-10	0.0110492
4.19376e-10	0.0110559
4.1944e-10	0.0110625
4.19504e-10	0.0110692
4.19568e-10	0.0110758
4.19632e-10	0.0110825
4.19696e-10	0.0110892
4.1976e-10	0.0110958
4.19824e-10	0.0111025
4.19888e-10	0.0111092
4.19952e-10	0.0111158
4.20016e-10	0.0111225
4.2008e-10	0.0111292
4.20144e-10	0.0111358
4.20208e-10	0.0111425
4.20272e-10	0.0111492
4.20336e-10	0.0111559
4.204e-10	0.0111626
4.20464e-10	0.0111692
4.20528e-10	0.0111759
4.20592e-10	0.0111826
4.20656e-10	0.0111893
4.2072e-10	0.011196
4.20784e-10	0.0112027
4.20848e-10	0.0112094
4.20912e-10	0.0112161
4.20976e-10	0.0112228
4.2104e-10	0.0112295
4.21104e-10	0.0112362
4.21168e-10	0.0112429
4.21232e-10	0.0112496
4.21296e-10	0.0112563
4.2136e-10	0.011263
4.21424e-10	0.0112697
4.21488e-10	0.0112764
4.21552e-10	0.0112831
4.21616e-10	0.0112898
4.2168e-10	0.0112966
4.21744e-10	0.0113033
4.21808e-10	0.01131
4.21872e-10	0.0113167
4.21936e-10	0.0113234
4.22e-10	0.0113302
4.22064e-10	0.0113369
4.22128e-10	0.0113436
4.22192e-10	0.0113504
4.22256e-10	0.0113571
4.2232e-10	0.0113638
4.22384e-10	0.0113706
4.22448e-10	0.0113773
4.22512e-10	0.011384
4.22576e-10	0.0113908
4.2264e-10	0.0113975
4.22704e-10	0.0114043
4.22768e-10	0.011411
4.22832e-10	0.0114178
4.22896e-10	0.0114245
4.2296e-10	0.0114313
4.23024e-10	0.011438
4.23088e-10	0.0114448
4.23152e-10	0.0114515
4.23216e-10	0.0114583
4.2328e-10	0.011465
4.23344e-10	0.0114718
4.23408e-10	0.0114786
4.23472e-10	0.0114853
4.23536e-10	0.0114921
4.23601e-10	0.0114989
4.23665e-10	0.0115056
4.23729e-10	0.0115124
4.23793e-10	0.0115192
4.23857e-10	0.011526
4.23921e-10	0.0115327
4.23985e-10	0.0115395
4.24049e-10	0.0115463
4.24113e-10	0.0115531
4.24177e-10	0.0115599
4.24241e-10	0.0115666
4.24305e-10	0.0115734
4.24369e-10	0.0115802
4.24433e-10	0.011587
4.24497e-10	0.0115938
4.24561e-10	0.0116006
4.24625e-10	0.0116074
4.24689e-10	0.0116142
4.24753e-10	0.011621
4.24817e-10	0.0116278
4.24881e-10	0.0116346
4.24945e-10	0.0116414
4.25009e-10	0.0116482
4.25073e-10	0.011655
4.25137e-10	0.0116618
4.25201e-10	0.0116686
4.25265e-10	0.0116754
4.25329e-10	0.0116823
4.25393e-10	0.0116891
4.25457e-10	0.0116959
4.25521e-10	0.0117027
4.25585e-10	0.0117095
4.25649e-10	0.0117164
4.25713e-10	0.0117232
4.25777e-10	0.01173
4.25841e-10	0.0117368
4.25905e-10	0.0117437
4.25969e-10	0.0117505
4.26033e-10	0.0117573
4.26097e-10	0.0117642
4.26161e-10	0.011771
4.26225e-10	0.0117778
4.26289e-10	0.0117847
4.26353e-10	0.0117915
4.26417e-10	0.0117984
4.26481e-10	0.0118052
4.26545e-10	0.011812
4.26609e-10	0.0118189
4.26673e-10	0.0118257
4.26737e-10	0.0118326
4.26801e-10	0.0118394
4.26865e-10	0.0118463
4.26929e-10	0.0118532
4.26993e-10	0.01186
4.27057e-10	0.0118669
4.27121e-10	0.0118737
4.27185e-10	0.0118806
4.27249e-10	0.0118875
4.27313e-10	0.0118943
4.27377e-10	0.0119012
4.27441e-10	0.0119081
4.27505e-10	0.0119149
4.27569e-10	0.0119218
4.27633e-10	0.0119287
4.27697e-10	0.0119355
4.27761e-10	0.0119424
4.27825e-10	0.0119493
4.27889e-10	0.0119562
4.27953e-10	0.0119631
4.28017e-10	0.0119699
4.28081e-10	0.0119768
4.28145e-10	0.0119837
4.28209e-10	0.0119906
4.28273e-10	0.0119975
4.28337e-10	0.0120044
4.28401e-10	0.0120113
4.28465e-10	0.0120182
4.28529e-10	0.0120251
4.28593e-10	0.012032
4.28657e-10	0.0120389
4.28721e-10	0.0120458
4.28785e-10	0.0120527
4.28849e-10	0.0120596
4.28913e-10	0.0120665
4.28977e-10	0.0120734
4.29041e-10	0.0120803
4.29105e-10	0.0120872
4.29169e-10	0.0120941
4.29233e-10	0.012101
4.29297e-10	0.0121079
4.29361e-10	0.0121148
4.29425e-10	0.0121218
4.29489e-10	0.0121287
4.29553e-10	0.0121356
4.29617e-10	0.0121425
4.29681e-10	0.0121494
4.29745e-10	0.0121564
4.29809e-10	0.0121633
4.29873e-10	0.0121702
4.29937e-10	0.0121771
4.30001e-10	0.0121841
4.30065e-10	0.012191
4.30129e-10	0.0121979
4.30193e-10	0.0122049
4.30257e-10	0.0122118
4.30321e-10	0.0122188
4.30385e-10	0.0122257
4.30449e-10	0.0122326
4.30513e-10	0.0122396
4.30577e-10	0.0122465
4.30641e-10	0.0122535
4.30705e-10	0.0122604
4.30769e-10	0.0122674
4.30833e-10	0.0122743
4.30897e-10	0.0122813
4.30961e-10	0.0122882
4.31025e-10	0.0122952
4.31089e-10	0.0123021
4.31153e-10	0.0123091
4.31217e-10	0.0123161
4.31281e-10	0.012323
4.31345e-10	0.01233
4.31409e-10	0.0123369
4.31473e-10	0.0123439
4.31537e-10	0.0123509
4.31601e-10	0.0123579
4.31665e-10	0.0123648
4.31729e-10	0.0123718
4.31793e-10	0.0123788
4.31857e-10	0.0123857
4.31921e-10	0.0123927
4.31985e-10	0.0123997
4.32049e-10	0.0124067
4.32113e-10	0.0124137
4.32177e-10	0.0124206
4.32241e-10	0.0124276
4.32305e-10	0.0124346
4.3237e-10	0.0124416
4.32434e-10	0.0124486
4.32498e-10	0.0124556
4.32562e-10	0.0124626
4.32626e-10	0.0124696
4.3269e-10	0.0124765
4.32754e-10	0.0124835
4.32818e-10	0.0124905
4.32882e-10	0.0124975
4.32946e-10	0.0125045
4.3301e-10	0.0125115
4.33074e-10	0.0125185
4.33138e-10	0.0125255
4.33202e-10	0.0125326
4.33266e-10	0.0125396
4.3333e-10	0.0125466
4.33394e-10	0.0125536
4.33458e-10	0.0125606
4.33522e-10	0.0125676
4.33586e-10	0.0125746
4.3365e-10	0.0125816
4.33714e-10	0.0125886
4.33778e-10	0.0125957
4.33842e-10	0.0126027
4.33906e-10	0.0126097
4.3397e-10	0.0126167
4.34034e-10	0.0126238
4.34098e-10	0.0126308
4.34162e-10	0.0126378
4.34226e-10	0.0126448
4.3429e-10	0.0126519
4.34354e-10	0.0126589
4.34418e-10	0.0126659
4.34482e-10	0.012673
4.34546e-10	0.01268
4.3461e-10	0.012687
4.34674e-10	0.0126941
4.34738e-10	0.0127011
4.34802e-10	0.0127082
4.34866e-10	0.0127152
4.3493e-10	0.0127222
4.34994e-10	0.0127293
4.35058e-10	0.0127363
4.35122e-10	0.0127434
4.35186e-10	0.0127504
4.3525e-10	0.0127575
4.35314e-10	0.0127645
4.35378e-10	0.0127716
4.35442e-10	0.0127786
4.35506e-10	0.0127857
4.3557e-10	0.0127928
4.35634e-10	0.0127998
4.35698e-10	0.0128069
4.35762e-10	0.0128139
4.35826e-10	0.012821
4.3589e-10	0.0128281
4.35954e-10	0.0128351
4.36018e-10	0.0128422
4.36082e-10	0.0128493
4.36146e-10	0.0128563
4.3621e-10	0.0128634
4.36274e-10	0.0128705
4.36338e-10	0.0128775
4.36402e-10	0.0128846
4.36466e-10	0.0128917
4.3653e-10	0.0128988
4.36594e-10	0.0129059
4.36658e-10	0.0129129
4.36722e-10	0.01292
4.36786e-10	0.0129271
4.3685e-10	0.0129342
4.36914e-10	0.0129413
4.36978e-10	0.0129484
4.37042e-10	0.0129554
4.37106e-10	0.0129625
4.3717e-10	0.0129696
4.37234e-10	0.0129767
4.37298e-10	0.0129838
4.37362e-10	0.0129909
4.37426e-10	0.012998
4.3749e-10	0.0130051
4.37554e-10	0.0130122
4.37618e-10	0.0130193
4.37682e-10	0.0130264
4.37746e-10	0.0130335
4.3781e-10	0.0130406
4.37874e-10	0.0130477
4.37938e-10	0.0130548
4.38002e-10	0.0130619
4.38066e-10	0.013069
4.3813e-10	0.0130761
4.38194e-10	0.0130833
4.38258e-10	0.0130904
4.38322e-10	0.0130975
4.38386e-10	0.0131046
4.3845e-10	0.0131117
4.38514e-10	0.0131188
4.38578e-10	0.013126
4.38642e-10	0.0131331
4.38706e-10	0.0131402
4.3877e-10	0.0131473
4.38834e-10	0.0131544
4.38898e-10	0.0131616
4.38962e-10	0.0131687
4.39026e-10	0.0131758
4.3909e-10	0.013183
4.39154e-10	0.0131901
4.39218e-10	0.0131972
4.39282e-10	0.0132043
4.39346e-10	0.0132115
4.3941e-10	0.0132186
4.39474e-10	0.0132258
4.39538e-10	0.0132329
4.39602e-10	0.01324
4.39666e-10	0.0132472
4.3973e-10	0.0132543
4.39794e-10	0.0132615
4.39858e-10	0.0132686
4.39922e-10	0.0132757
4.39986e-10	0.0132829
4.4005e-10	0.01329
4.40114e-10	0.0132972
4.40178e-10	0.0133043
4.40242e-10	0.0133115
4.40306e-10	0.0133186
4.4037e-10	0.0133258
4.40434e-10	0.013333
4.40498e-10	0.0133401
4.40562e-10	0.0133473
4.40626e-10	0.0133544
4.4069e-10	0.0133616
4.40754e-10	0.0133687
4.40818e-10	0.0133759
4.40882e-10	0.0133831
4.40946e-10	0.0133902
4.4101e-10	0.0133974
4.41075e-10	0.0134046
4.41139e-10	0.0134117
4.41203e-10	0.0134189
4.41267e-10	0.0134261
4.41331e-10	0.0134332
4.41395e-10	0.0134404
4.41459e-10	0.0134476
4.41523e-10	0.0134548
4.41587e-10	0.0134619
4.41651e-10	0.0134691
4.41715e-10	0.0134763
4.41779e-10	0.0134835
4.41843e-10	0.0134907
4.41907e-10	0.0134978
4.41971e-10	0.013505
4.42035e-10	0.0135122
4.42099e-10	0.0135194
4.42163e-10	0.0135266
4.42227e-10	0.0135338
4.42291e-10	0.013541
4.42355e-10	0.0135482
4.42419e-10	0.0135553
4.42483e-10	0.0135625
4.42547e-10	0.0135697
4.42611e-10	0.0135769
4.42675e-10	0.0135841
4.42739e-10	0.0135913
4.42803e-10	0.0135985
4.42867e-10	0.0136057
4.42931e-10	0.0136129
4.42995e-10	0.0136201
4.43059e-10	0.0136273
4.43123e-10	0.0136345
4.43187e-10	0.0136417
4.43251e-10	0.0136489
4.43315e-10	0.0136561
4.43379e-10	0.0136633
4.43443e-10	0.0136706
4.43507e-10	0.0136778
4.43571e-10	0.013685
4.43635e-10	0.0136922
4.43699e-10	0.0136994
4.43763e-10	0.0137066
4.43827e-10	0.0137138
4.43891e-10	0.013721
4.43955e-10	0.0137283
4.44019e-10	0.0137355
4.44083e-10	0.0137427
4.44147e-10	0.0137499
4.44211e-10	0.0137571
4.44275e-10	0.0137644
4.44339e-10	0.0137716
4.44403e-10	0.0137788
4.44467e-10	0.013786
4.44531e-10	0.0137933
4.44595e-10	0.0138005
4.44659e-10	0.0138077
4.44723e-10	0.013815
4.44787e-10	0.0138222
4.44851e-10	0.0138294
4.44915e-10	0.0138367
4.44979e-10	0.0138439
4.45043e-10	0.0138511
4.45107e-10	0.0138584
4.45171e-10	0.0138656
4.45235e-10	0.0138728
4.45299e-10	0.0138801
4.45363e-10	0.0138873
4.45427e-10	0.0138946
4.45491e-10	0.0139018
4.45555e-10	0.013909
4.45619e-10	0.0139163
4.45683e-10	0.0139235
4.45747e-10	0.0139308
4.45811e-10	0.013938
4.45875e-10	0.0139453
4.45939e-10	0.0139525
4.46003e-10	0.0139598
4.46067e-10	0.013967
4.46131e-10	0.0139743
4.46195e-10	0.0139815
4.46259e-10	0.0139888
4.46323e-10	0.013996
4.46387e-10	0.0140033
4.46451e-10	0.0140106
4.46515e-10	0.0140178
4.46579e-10	0.0140251
4.46643e-10	0.0140323
4.46707e-10	0.0140396
4.46771e-10	0.0140469
4.46835e-10	0.0140541
4.46899e-10	0.0140614
4.46963e-10	0.0140686
4.47027e-10	0.0140759
4.47091e-10	0.0140832
4.47155e-10	0.0140904
4.47219e-10	0.0140977
4.47283e-10	0.014105
4.47347e-10	0.0141123
4.47411e-10	0.0141195
4.47475e-10	0.0141268
4.47539e-10	0.0141341
4.47603e-10	0.0141414
4.47667e-10	0.0141486
4.47731e-10	0.0141559
4.47795e-10	0.0141632
4.47859e-10	0.0141705
4.47923e-10	0.0141777
4.47987e-10	0.014185
4.48051e-10	0.0141923
4.48115e-10	0.0141996
4.48179e-10	0.0142069
4.48243e-10	0.0142141
4.48307e-10	0.0142214
4.48371e-10	0.0142287
4.48435e-10	0.014236
4.48499e-10	0.0142433
4.48563e-10	0.0142506
4.48627e-10	0.0142579
4.48691e-10	0.0142652
4.48755e-10	0.0142724
4.48819e-10	0.0142797
4.48883e-10	0.014287
4.48947e-10	0.0142943
4.49011e-10	0.0143016
4.49075e-10	0.0143089
4.49139e-10	0.0143162
4.49203e-10	0.0143235
4.49267e-10	0.0143308
4.49331e-10	0.0143381
4.49395e-10	0.0143454
4.49459e-10	0.0143527
4.49523e-10	0.01436
4.49587e-10	0.0143673
4.49651e-10	0.0143746
4.49715e-10	0.0143819
4.4978e-10	0.0143892
4.49844e-10	0.0143965
4.49908e-10	0.0144038
4.49972e-10	0.0144111
4.50036e-10	0.0144184
4.501e-10	0.0144258
4.50164e-10	0.0144331
4.50228e-10	0.0144404
4.50292e-10	0.0144477
4.50356e-10	0.014455
4.5042e-10	0.0144623
4.50484e-10	0.0144696
4.50548e-10	0.0144769
4.50612e-10	0.0144843
4.50676e-10	0.0144916
4.5074e-10	0.0144989
4.50804e-10	0.0145062
4.50868e-10	0.0145135
4.50932e-10	0.0145208
4.50996e-10	0.0145282
4.5106e-10	0.0145355
4.51124e-10	0.0145428
4.51188e-10	0.0145501
4.51252e-10	0.0145574
4.51316e-10	0.0145648
4.5138e-10	0.0145721
4.51444e-10	0.0145794
4.51508e-10	0.0145867
4.51572e-10	0.0145941
4.51636e-10	0.0146014
4.517e-10	0.0146087
4.51764e-10	0.0146161
4.51828e-10	0.0146234
4.51892e-10	0.0146307
4.51956e-10	0.0146381
4.5202e-10	0.0146454
4.52084e-10	0.0146527
4.52148e-10	0.0146601
4.52212e-10	0.0146674
4.52276e-10	0.0146747
4.5234e-10	0.0146821
4.52404e-10	0.0146894
4.52468e-10	0.0146967
4.52532e-10	0.0147041
4.52596e-10	0.0147114
4.5266e-10	0.0147187
4.52724e-10	0.0147261
4.52788e-10	0.0147334
4.52852e-10	0.0147408
4.52916e-10	0.0147481
4.5298e-10	0.0147555
4.53044e-10	0.0147628
4.53108e-10	0.0147701
4.53172e-10	0.0147775
4.53236e-10	0.0147848
4.533e-10	0.0147922
4.53364e-10	0.0147995
4.53428e-10	0.0148069
4.53492e-10	0.0148142
4.53556e-10	0.0148216
4.5362e-10	0.0148289
4.53684e-10	0.0148363
4.53748e-10	0.0148436
4.53812e-10	0.014851
4.53876e-10	0.0148583
4.5394e-10	0.0148657
4.54004e-10	0.014873
4.54068e-10	0.0148804
4.54132e-10	0.0148877
4.54196e-10	0.0148951
4.5426e-10	0.0149025
4.54324e-10	0.0149098
4.54388e-10	0.0149172
4.54452e-10	0.0149245
4.54516e-10	0.0149319
4.5458e-10	0.0149392
4.54644e-10	0.0149466
4.54708e-10	0.014954
4.54772e-10	0.0149613
4.54836e-10	0.0149687
4.549e-10	0.0149761
4.54964e-10	0.0149834
4.55028e-10	0.0149908
4.55092e-10	0.0149981
4.55156e-10	0.0150055
4.5522e-10	0.0150129
4.55284e-10	0.0150202
4.55348e-10	0.0150276
4.55412e-10	0.015035
4.55476e-10	0.0150423
4.5554e-10	0.0150497
4.55604e-10	0.0150571
4.55668e-10	0.0150645
4.55732e-10	0.0150718
4.55796e-10	0.0150792
4.5586e-10	0.0150866
4.55924e-10	0.0150939
4.55988e-10	0.0151013
4.56052e-10	0.0151087
4.56116e-10	0.0151161
4.5618e-10	0.0151234
4.56244e-10	0.0151308
4.56308e-10	0.0151382
4.56372e-10	0.0151456
4.56436e-10	0.0151529
4.565e-10	0.0151603
4.56564e-10	0.0151677
4.56628e-10	0.0151751
4.56692e-10	0.0151824
4.56756e-10	0.0151898
4.5682e-10	0.0151972
4.56884e-10	0.0152046
4.56948e-10	0.015212
4.57012e-10	0.0152193
4.57076e-10	0.0152267
4.5714e-10	0.0152341
4.57204e-10	0.0152415
4.57268e-10	0.0152489
4.57332e-10	0.0152563
4.57396e-10	0.0152636
4.5746e-10	0.015271
4.57524e-10	0.0152784
4.57588e-10	0.0152858
4.57652e-10	0.0152932
4.57716e-10	0.0153006
4.5778e-10	0.015308
4.57844e-10	0.0153153
4.57908e-10	0.0153227
4.57972e-10	0.0153301
4.58036e-10	0.0153375
4.581e-10	0.0153449
4.58164e-10	0.0153523
4.58228e-10	0.0153597
4.58292e-10	0.0153671
4.58356e-10	0.0153745
4.5842e-10	0.0153819
4.58484e-10	0.0153892
4.58549e-10	0.0153966
4.58613e-10	0.015404
4.58677e-10	0.0154114
4.58741e-10	0.0154188
4.58805e-10	0.0154262
4.58869e-10	0.0154336
4.58933e-10	0.015441
4.58997e-10	0.0154484
4.59061e-10	0.0154558
4.59125e-10	0.0154632
4.59189e-10	0.0154706
4.59253e-10	0.015478
4.59317e-10	0.0154854
4.59381e-10	0.0154928
4.59445e-10	0.0155002
4.59509e-10	0.0155076
4.59573e-10	0.015515
4.59637e-10	0.0155224
4.59701e-10	0.0155298
4.59765e-10	0.0155372
4.59829e-10	0.0155446
4.59893e-10	0.015552
4.59957e-10	0.0155594
4.60021e-10	0.0155668
4.60085e-10	0.0155742
4.60149e-10	0.0155816
4.60213e-10	0.015589
4.60277e-10	0.0155964
4.60341e-10	0.0156038
4.60405e-10	0.0156112
4.60469e-10	0.0156186
4.60533e-10	0.015626
4.60597e-10	0.0156334
4.60661e-10	0.0156408
4.60725e-10	0.0156482
4.60789e-10	0.0156556
4.60853e-10	0.015663
4.60917e-10	0.0156704
4.60981e-10	0.0156779
4.61045e-10	0.0156853
4.61109e-10	0.0156927
4.61173e-10	0.0157001
4.61237e-10	0.0157075
4.61301e-10	0.0157149
4.61365e-10	0.0157223
4.61429e-10	0.0157297
4.61493e-10	0.0157371
4.61557e-10	0.0157445
4.61621e-10	0.0157519
4.61685e-10	0.0157594
4.61749e-10	0.0157668
4.61813e-10	0.0157742
4.61877e-10	0.0157816
4.61941e-10	0.015789
4.62005e-10	0.0157964
4.62069e-10	0.0158038
4.62133e-10	0.0158112
4.62197e-10	0.0158186
4.62261e-10	0.0158261
4.62325e-10	0.0158335
4.62389e-10	0.0158409
4.62453e-10	0.0158483
4.62517e-10	0.0158557
4.62581e-10	0.0158631
4.62645e-10	0.0158705
4.62709e-10	0.015878
4.62773e-10	0.0158854
4.62837e-10	0.0158928
4.62901e-10	0.0159002
4.62965e-10	0.0159076
4.63029e-10	0.015915
4.63093e-10	0.0159224
4.63157e-10	0.0159299
4.63221e-10	0.0159373
4.63285e-10	0.0159447
4.63349e-10	0.0159521
4.63413e-10	0.0159595
4.63477e-10	0.0159669
4.63541e-10	0.0159744
4.63605e-10	0.0159818
4.63669e-10	0.0159892
4.63733e-10	0.0159966
4.63797e-10	0.016004
4.63861e-10	0.0160114
4.63925e-10	0.0160189
4.63989e-10	0.0160263
4.64053e-10	0.0160337
4.64117e-10	0.0160411
4.64181e-10	0.0160485
4.64245e-10	0.016056
4.64309e-10	0.0160634
4.64373e-10	0.0160708
4.64437e-10	0.0160782
4.64501e-10	0.0160856
4.64565e-10	0.0160931
4.64629e-10	0.0161005
4.64693e-10	0.0161079
4.64757e-10	0.0161153
4.64821e-10	0.0161227
4.64885e-10	0.0161302
4.64949e-10	0.0161376
4.65013e-10	0.016145
4.65077e-10	0.0161524
4.65141e-10	0.0161598
4.65205e-10	0.0161673
4.65269e-10	0.0161747
4.65333e-10	0.0161821
4.65397e-10	0.0161895
4.65461e-10	0.0161969
4.65525e-10	0.0162044
4.65589e-10	0.0162118
4.65653e-10	0.0162192
4.65717e-10	0.0162266
4.65781e-10	0.016234
4.65845e-10	0.0162415
4.65909e-10	0.0162489
4.65973e-10	0.0162563
4.66037e-10	0.0162637
4.66101e-10	0.0162712
4.66165e-10	0.0162786
4.66229e-10	0.016286
4.66293e-10	0.0162934
4.66357e-10	0.0163008
4.66421e-10	0.0163083
4.66485e-10	0.0163157
4.66549e-10	0.0163231
4.66613e-10	0.0163305
4.66677e-10	0.016338
4.66741e-10	0.0163454
4.66805e-10	0.0163528
4.66869e-10	0.0163602
4.66933e-10	0.0163676
4.66997e-10	0.0163751
4.67061e-10	0.0163825
4.67125e-10	0.0163899
4.67189e-10	0.0163973
4.67254e-10	0.0164048
4.67318e-10	0.0164122
4.67382e-10	0.0164196
4.67446e-10	0.016427
4.6751e-10	0.0164344
4.67574e-10	0.0164419
4.67638e-10	0.0164493
4.67702e-10	0.0164567
4.67766e-10	0.0164641
4.6783e-10	0.0164716
4.67894e-10	0.016479
4.67958e-10	0.0164864
4.68022e-10	0.0164938
4.68086e-10	0.0165012
4.6815e-10	0.0165087
4.68214e-10	0.0165161
4.68278e-10	0.0165235
4.68342e-10	0.0165309
4.68406e-10	0.0165383
4.6847e-10	0.0165458
4.68534e-10	0.0165532
4.68598e-10	0.0165606
4.68662e-10	0.016568
4.68726e-10	0.0165755
4.6879e-10	0.0165829
4.68854e-10	0.0165903
4.68918e-10	0.0165977
4.68982e-10	0.0166051
4.69046e-10	0.0166126
4.6911e-10	0.01662
4.69174e-10	0.0166274
4.69238e-10	0.0166348
4.69302e-10	0.0166422
4.69366e-10	0.0166497
4.6943e-10	0.0166571
4.69494e-10	0.0166645
4.69558e-10	0.0166719
4.69622e-10	0.0166793
4.69686e-10	0.0166868
4.6975e-10	0.0166942
4.69814e-10	0.0167016
4.69878e-10	0.016709
4.69942e-10	0.0167164
4.70006e-10	0.0167238
4.7007e-10	0.0167313
4.70134e-10	0.0167387
4.70198e-10	0.0167461
4.70262e-10	0.0167535
4.70326e-10	0.0167609
4.7039e-10	0.0167684
4.70454e-10	0.0167758
4.70518e-10	0.0167832
4.70582e-10	0.0167906
4.70646e-10	0.016798
4.7071e-10	0.0168054
4.70774e-10	0.0168128
4.70838e-10	0.0168203
4.70902e-10	0.0168277
4.70966e-10	0.0168351
4.7103e-10	0.0168425
4.71094e-10	0.0168499
4.71158e-10	0.0168573
4.71222e-10	0.0168648
4.71286e-10	0.0168722
4.7135e-10	0.0168796
4.71414e-10	0.016887
4.71478e-10	0.0168944
4.71542e-10	0.0169018
4.71606e-10	0.0169092
4.7167e-10	0.0169166
4.71734e-10	0.0169241
4.71798e-10	0.0169315
4.71862e-10	0.0169389
4.71926e-10	0.0169463
4.7199e-10	0.0169537
4.72054e-10	0.0169611
4.72118e-10	0.0169685
4.72182e-10	0.0169759
4.72246e-10	0.0169833
4.7231e-10	0.0169908
4.72374e-10	0.0169982
4.72438e-10	0.0170056
4.72502e-10	0.017013
4.72566e-10	0.0170204
4.7263e-10	0.0170278
4.72694e-10	0.0170352
4.72758e-10	0.0170426
4.72822e-10	0.01705
4.72886e-10	0.0170574
4.7295e-10	0.0170648
4.73014e-10	0.0170722
4.73078e-10	0.0170796
4.73142e-10	0.0170871
4.73206e-10	0.0170945
4.7327e-10	0.0171019
4.73334e-10	0.0171093
4.73398e-10	0.0171167
4.73462e-10	0.0171241
4.73526e-10	0.0171315
4.7359e-10	0.0171389
4.73654e-10	0.0171463
4.73718e-10	0.0171537
4.73782e-10	0.0171611
4.73846e-10	0.0171685
4.7391e-10	0.0171759
4.73974e-10	0.0171833
4.74038e-10	0.0171907
4.74102e-10	0.0171981
4.74166e-10	0.0172055
4.7423e-10	0.0172129
4.74294e-10	0.0172203
4.74358e-10	0.0172277
4.74422e-10	0.0172351
4.74486e-10	0.0172425
4.7455e-10	0.0172499
4.74614e-10	0.0172573
4.74678e-10	0.0172647
4.74742e-10	0.0172721
4.74806e-10	0.0172795
4.7487e-10	0.0172868
4.74934e-10	0.0172942
4.74998e-10	0.0173016
4.75062e-10	0.017309
4.75126e-10	0.0173164
4.7519e-10	0.0173238
4.75254e-10	0.0173312
4.75318e-10	0.0173386
4.75382e-10	0.017346
4.75446e-10	0.0173534
4.7551e-10	0.0173608
4.75574e-10	0.0173682
4.75638e-10	0.0173755
4.75702e-10	0.0173829
4.75766e-10	0.0173903
4.7583e-10	0.0173977
4.75894e-10	0.0174051
4.75958e-10	0.0174125
4.76023e-10	0.0174199
4.76087e-10	0.0174272
4.76151e-10	0.0174346
4.76215e-10	0.017442
4.76279e-10	0.0174494
4.76343e-10	0.0174568
4.76407e-10	0.0174642
4.76471e-10	0.0174715
4.76535e-10	0.0174789
4.76599e-10	0.0174863
4.76663e-10	0.0174937
4.76727e-10	0.0175011
4.76791e-10	0.0175084
4.76855e-10	0.0175158
4.76919e-10	0.0175232
4.76983e-10	0.0175306
4.77047e-10	0.017538
4.77111e-10	0.0175453
4.77175e-10	0.0175527
4.77239e-10	0.0175601
4.77303e-10	0.0175675
4.77367e-10	0.0175748
4.77431e-10	0.0175822
4.77495e-10	0.0175896
4.77559e-10	0.0175969
4.77623e-10	0.0176043
4.77687e-10	0.0176117
4.77751e-10	0.0176191
4.77815e-10	0.0176264
4.77879e-10	0.0176338
4.77943e-10	0.0176412
4.78007e-10	0.0176485
4.78071e-10	0.0176559
4.78135e-10	0.0176633
4.78199e-10	0.0176706
4.78263e-10	0.017678
4.78327e-10	0.0176853
4.78391e-10	0.0176927
4.78455e-10	0.0177001
4.78519e-10	0.0177074
4.78583e-10	0.0177148
4.78647e-10	0.0177222
4.78711e-10	0.0177295
4.78775e-10	0.0177369
4.78839e-10	0.0177442
4.78903e-10	0.0177516
4.78967e-10	0.0177589
4.79031e-10	0.0177663
4.79095e-10	0.0177737
4.79159e-10	0.017781
4.79223e-10	0.0177884
4.79287e-10	0.0177957
4.79351e-10	0.0178031
4.79415e-10	0.0178104
4.79479e-10	0.0178178
4.79543e-10	0.0178251
4.79607e-10	0.0178325
4.79671e-10	0.0178398
4.79735e-10	0.0178472
4.79799e-10	0.0178545
4.79863e-10	0.0178619
4.79927e-10	0.0178692
4.79991e-10	0.0178765
4.80055e-10	0.0178839
4.80119e-10	0.0178912
4.80183e-10	0.0178986
4.80247e-10	0.0179059
4.80311e-10	0.0179133
4.80375e-10	0.0179206
4.80439e-10	0.0179279
4.80503e-10	0.0179353
4.80567e-10	0.0179426
4.80631e-10	0.0179499
4.80695e-10	0.0179573
4.80759e-10	0.0179646
4.80823e-10	0.0179719
4.80887e-10	0.0179793
4.80951e-10	0.0179866
4.81015e-10	0.0179939
4.81079e-10	0.0180013
4.81143e-10	0.0180086
4.81207e-10	0.0180159
4.81271e-10	0.0180233
4.81335e-10	0.0180306
4.81399e-10	0.0180379
4.81463e-10	0.0180452
4.81527e-10	0.0180526
4.81591e-10	0.0180599
4.81655e-10	0.0180672
4.81719e-10	0.0180745
4.81783e-10	0.0180819
4.81847e-10	0.0180892
4.81911e-10	0.0180965
4.81975e-10	0.0181038
4.82039e-10	0.0181111
4.82103e-10	0.0181184
4.82167e-10	0.0181258
4.82231e-10	0.0181331
4.82295e-10	0.0181404
4.82359e-10	0.0181477
4.82423e-10	0.018155
4.82487e-10	0.0181623
4.82551e-10	0.0181696
4.82615e-10	0.0181769
4.82679e-10	0.0181842
4.82743e-10	0.0181915
4.82807e-10	0.0181989
4.82871e-10	0.0182062
4.82935e-10	0.0182135
4.82999e-10	0.0182208
4.83063e-10	0.0182281
4.83127e-10	0.0182354
4.83191e-10	0.0182427
4.83255e-10	0.01825
4.83319e-10	0.0182573
4.83383e-10	0.0182646
4.83447e-10	0.0182719
4.83511e-10	0.0182792
4.83575e-10	0.0182864
4.83639e-10	0.0182937
4.83703e-10	0.018301
4.83767e-10	0.0183083
4.83831e-10	0.0183156
4.83895e-10	0.0183229
4.83959e-10	0.0183302
4.84023e-10	0.0183375
4.84087e-10	0.0183448
4.84151e-10	0.018352
4.84215e-10	0.0183593
4.84279e-10	0.0183666
4.84343e-10	0.0183739
4.84407e-10	0.0183812
4.84471e-10	0.0183884
4.84535e-10	0.0183957
4.84599e-10	0.018403
4.84663e-10	0.0184103
4.84728e-10	0.0184175
4.84792e-10	0.0184248
4.84856e-10	0.0184321
4.8492e-10	0.0184394
4.84984e-10	0.0184466
4.85048e-10	0.0184539
4.85112e-10	0.0184612
4.85176e-10	0.0184684
4.8524e-10	0.0184757
4.85304e-10	0.018483
4.85368e-10	0.0184902
4.85432e-10	0.0184975
4.85496e-10	0.0185047
4.8556e-10	0.018512
4.85624e-10	0.0185193
4.85688e-10	0.0185265
4.85752e-10	0.0185338
4.85816e-10	0.018541
4.8588e-10	0.0185483
4.85944e-10	0.0185555
4.86008e-10	0.0185628
4.86072e-10	0.01857
4.86136e-10	0.0185773
4.862e-10	0.0185845
4.86264e-10	0.0185918
4.86328e-10	0.018599
4.86392e-10	0.0186063
4.86456e-10	0.0186135
4.8652e-10	0.0186207
4.86584e-10	0.018628
4.86648e-10	0.0186352
4.86712e-10	0.0186425
4.86776e-10	0.0186497
4.8684e-10	0.0186569
4.86904e-10	0.0186642
4.86968e-10	0.0186714
4.87032e-10	0.0186786
4.87096e-10	0.0186859
4.8716e-10	0.0186931
4.87224e-10	0.0187003
4.87288e-10	0.0187075
4.87352e-10	0.0187148
4.87416e-10	0.018722
4.8748e-10	0.0187292
4.87544e-10	0.0187364
4.87608e-10	0.0187437
4.87672e-10	0.0187509
4.87736e-10	0.0187581
4.878e-10	0.0187653
4.87864e-10	0.0187725
4.87928e-10	0.0187797
4.87992e-10	0.0187869
4.88056e-10	0.0187942
4.8812e-10	0.0188014
4.88184e-10	0.0188086
4.88248e-10	0.0188158
4.88312e-10	0.018823
4.88376e-10	0.0188302
4.8844e-10	0.0188374
4.88504e-10	0.0188446
4.88568e-10	0.0188518
4.88632e-10	0.018859
4.88696e-10	0.0188662
4.8876e-10	0.0188734
4.88824e-10	0.0188806
4.88888e-10	0.0188878
4.88952e-10	0.018895
4.89016e-10	0.0189021
4.8908e-10	0.0189093
4.89144e-10	0.0189165
4.89208e-10	0.0189237
4.89272e-10	0.0189309
4.89336e-10	0.0189381
4.894e-10	0.0189452
4.89464e-10	0.0189524
4.89528e-10	0.0189596
4.89592e-10	0.0189668
4.89656e-10	0.018974
4.8972e-10	0.0189811
4.89784e-10	0.0189883
4.89848e-10	0.0189955
4.89912e-10	0.0190026
4.89976e-10	0.0190098
4.9004e-10	0.019017
4.90104e-10	0.0190241
4.90168e-10	0.0190313
4.90232e-10	0.0190385
4.90296e-10	0.0190456
4.9036e-10	0.0190528
4.90424e-10	0.0190599
4.90488e-10	0.0190671
4.90552e-10	0.0190742
4.90616e-10	0.0190814
4.9068e-10	0.0190885
4.90744e-10	0.0190957
4.90808e-10	0.0191028
4.90872e-10	0.01911
4.90936e-10	0.0191171
4.91e-10	0.0191243
4.91064e-10	0.0191314
4.91128e-10	0.0191386
4.91192e-10	0.0191457
4.91256e-10	0.0191528
4.9132e-10	0.01916
4.91384e-10	0.0191671
4.91448e-10	0.0191742
4.91512e-10	0.0191814
4.91576e-10	0.0191885
4.9164e-10	0.0191956
4.91704e-10	0.0192027
4.91768e-10	0.0192099
4.91832e-10	0.019217
4.91896e-10	0.0192241
4.9196e-10	0.0192312
4.92024e-10	0.0192383
4.92088e-10	0.0192455
4.92152e-10	0.0192526
4.92216e-10	0.0192597
4.9228e-10	0.0192668
4.92344e-10	0.0192739
4.92408e-10	0.019281
4.92472e-10	0.0192881
4.92536e-10	0.0192952
4.926e-10	0.0193023
4.92664e-10	0.0193094
4.92728e-10	0.0193165
4.92792e-10	0.0193236
4.92856e-10	0.0193307
4.9292e-10	0.0193378
4.92984e-10	0.0193449
4.93048e-10	0.019352
4.93112e-10	0.0193591
4.93176e-10	0.0193662
4.9324e-10	0.0193733
4.93304e-10	0.0193803
4.93368e-10	0.0193874
4.93432e-10	0.0193945
4.93497e-10	0.0194016
4.93561e-10	0.0194087
4.93625e-10	0.0194157
4.93689e-10	0.0194228
4.93753e-10	0.0194299
4.93817e-10	0.0194369
4.93881e-10	0.019444
4.93945e-10	0.0194511
4.94009e-10	0.0194581
4.94073e-10	0.0194652
4.94137e-10	0.0194723
4.94201e-10	0.0194793
4.94265e-10	0.0194864
4.94329e-10	0.0194934
4.94393e-10	0.0195005
4.94457e-10	0.0195075
4.94521e-10	0.0195146
4.94585e-10	0.0195216
4.94649e-10	0.0195287
4.94713e-10	0.0195357
4.94777e-10	0.0195428
4.94841e-10	0.0195498
4.94905e-10	0.0195568
4.94969e-10	0.0195639
4.95033e-10	0.0195709
4.95097e-10	0.0195779
4.95161e-10	0.019585
4.95225e-10	0.019592
4.95289e-10	0.019599
4.95353e-10	0.019606
4.95417e-10	0.0196131
4.95481e-10	0.0196201
4.95545e-10	0.0196271
4.95609e-10	0.0196341
4.95673e-10	0.0196411
4.95737e-10	0.0196482
4.95801e-10	0.0196552
4.95865e-10	0.0196622
4.95929e-10	0.0196692
4.95993e-10	0.0196762
4.96057e-10	0.0196832
4.96121e-10	0.0196902
4.96185e-10	0.0196972
4.96249e-10	0.0197042
4.96313e-10	0.0197112
4.96377e-10	0.0197182
4.96441e-10	0.0197252
4.96505e-10	0.0197322
4.96569e-10	0.0197391
4.96633e-10	0.0197461
4.96697e-10	0.0197531
4.96761e-10	0.0197601
4.96825e-10	0.0197671
4.96889e-10	0.019774
4.96953e-10	0.019781
4.97017e-10	0.019788
4.97081e-10	0.019795
4.97145e-10	0.0198019
4.97209e-10	0.0198089
4.97273e-10	0.0198159
4.97337e-10	0.0198228
4.97401e-10	0.0198298
4.97465e-10	0.0198368
4.97529e-10	0.0198437
4.97593e-10	0.0198507
4.97657e-10	0.0198576
4.97721e-10	0.0198646
4.97785e-10	0.0198715
4.97849e-10	0.0198785
4.97913e-10	0.0198854
4.97977e-10	0.0198923
4.98041e-10	0.0198993
4.98105e-10	0.0199062
4.98169e-10	0.0199132
4.98233e-10	0.0199201
4.98297e-10	0.019927
4.98361e-10	0.019934
4.98425e-10	0.0199409
4.98489e-10	0.0199478
4.98553e-10	0.0199547
4.98617e-10	0.0199616
4.98681e-10	0.0199686
4.98745e-10	0.0199755
4.98809e-10	0.0199824
4.98873e-10	0.0199893
4.98937e-10	0.0199962
4.99001e-10	0.0200031
4.99065e-10	0.02001
4.99129e-10	0.0200169
4.99193e-10	0.0200238
4.99257e-10	0.0200307
4.99321e-10	0.0200376
4.99385e-10	0.0200445
4.99449e-10	0.0200514
4.99513e-10	0.0200583
4.99577e-10	0.0200652
4.99641e-10	0.0200721
4.99705e-10	0.020079
4.99769e-10	0.0200858
4.99833e-10	0.0200927
4.99897e-10	0.0200996
4.99961e-10	0.0201065
5.00025e-10	0.0201133
5.00089e-10	0.0201202
5.00153e-10	0.0201271
5.00217e-10	0.0201339
5.00281e-10	0.0201408
5.00345e-10	0.0201477
5.00409e-10	0.0201545
5.00473e-10	0.0201614
5.00537e-10	0.0201682
5.00601e-10	0.0201751
5.00665e-10	0.0201819
5.00729e-10	0.0201888
5.00793e-10	0.0201956
5.00857e-10	0.0202025
5.00921e-10	0.0202093
5.00985e-10	0.0202161
5.01049e-10	0.020223
5.01113e-10	0.0202298
5.01177e-10	0.0202366
5.01241e-10	0.0202435
5.01305e-10	0.0202503
5.01369e-10	0.0202571
5.01433e-10	0.0202639
5.01497e-10	0.0202707
5.01561e-10	0.0202776
5.01625e-10	0.0202844
5.01689e-10	0.0202912
5.01753e-10	0.020298
5.01817e-10	0.0203048
5.01881e-10	0.0203116
5.01945e-10	0.0203184
5.02009e-10	0.0203252
5.02073e-10	0.020332
5.02137e-10	0.0203388
5.02202e-10	0.0203456
5.02266e-10	0.0203524
5.0233e-10	0.0203591
5.02394e-10	0.0203659
5.02458e-10	0.0203727
5.02522e-10	0.0203795
5.02586e-10	0.0203863
5.0265e-10	0.020393
5.02714e-10	0.0203998
5.02778e-10	0.0204066
5.02842e-10	0.0204133
5.02906e-10	0.0204201
5.0297e-10	0.0204269
5.03034e-10	0.0204336
5.03098e-10	0.0204404
5.03162e-10	0.0204471
5.03226e-10	0.0204539
5.0329e-10	0.0204606
5.03354e-10	0.0204674
5.03418e-10	0.0204741
5.03482e-10	0.0204808
5.03546e-10	0.0204876
5.0361e-10	0.0204943
5.03674e-10	0.020501
5.03738e-10	0.0205078
5.03802e-10	0.0205145
5.03866e-10	0.0205212
5.0393e-10	0.0205279
5.03994e-10	0.0205347
5.04058e-10	0.0205414
5.04122e-10	0.0205481
5.04186e-10	0.0205548
5.0425e-10	0.0205615
5.04314e-10	0.0205682
5.04378e-10	0.0205749
5.04442e-10	0.0205816
5.04506e-10	0.0205883
5.0457e-10	0.020595
5.04634e-10	0.0206017
5.04698e-10	0.0206084
5.04762e-10	0.0206151
5.04826e-10	0.0206218
5.0489e-10	0.0206284
5.04954e-10	0.0206351
5.05018e-10	0.0206418
5.05082e-10	0.0206485
5.05146e-10	0.0206551
5.0521e-10	0.0206618
5.05274e-10	0.0206685
5.05338e-10	0.0206751
5.05402e-10	0.0206818
5.05466e-10	0.0206885
5.0553e-10	0.0206951
5.05594e-10	0.0207018
5.05658e-10	0.0207084
5.05722e-10	0.0207151
5.05786e-10	0.0207217
5.0585e-10	0.0207283
5.05914e-10	0.020735
5.05978e-10	0.0207416
5.06042e-10	0.0207482
5.06106e-10	0.0207549
5.0617e-10	0.0207615
5.06234e-10	0.0207681
5.06298e-10	0.0207747
5.06362e-10	0.0207814
5.06426e-10	0.020788
5.0649e-10	0.0207946
5.06554e-10	0.0208012
5.06618e-10	0.0208078
5.06682e-10	0.0208144
5.06746e-10	0.020821
5.0681e-10	0.0208276
5.06874e-10	0.0208342
5.06938e-10	0.0208408
5.07002e-10	0.0208474
5.07066e-10	0.020854
5.0713e-10	0.0208605
5.07194e-10	0.0208671
5.07258e-10	0.0208737
5.07322e-10	0.0208803
5.07386e-10	0.0208868
5.0745e-10	0.0208934
5.07514e-10	0.0209
5.07578e-10	0.0209065
5.07642e-10	0.0209131
5.07706e-10	0.0209197
5.0777e-10	0.0209262
5.07834e-10	0.0209328
5.07898e-10	0.0209393
5.07962e-10	0.0209458
5.08026e-10	0.0209524
5.0809e-10	0.0209589
5.08154e-10	0.0209655
5.08218e-10	0.020972
5.08282e-10	0.0209785
5.08346e-10	0.0209851
5.0841e-10	0.0209916
5.08474e-10	0.0209981
5.08538e-10	0.0210046
5.08602e-10	0.0210111
5.08666e-10	0.0210176
5.0873e-10	0.0210241
5.08794e-10	0.0210307
5.08858e-10	0.0210372
5.08922e-10	0.0210437
5.08986e-10	0.0210501
5.0905e-10	0.0210566
5.09114e-10	0.0210631
5.09178e-10	0.0210696
5.09242e-10	0.0210761
5.09306e-10	0.0210826
5.0937e-10	0.0210891
5.09434e-10	0.0210955
5.09498e-10	0.021102
5.09562e-10	0.0211085
5.09626e-10	0.0211149
5.0969e-10	0.0211214
5.09754e-10	0.0211279
5.09818e-10	0.0211343
5.09882e-10	0.0211408
5.09946e-10	0.0211472
5.1001e-10	0.0211537
5.10074e-10	0.0211601
5.10138e-10	0.0211665
5.10202e-10	0.021173
5.10266e-10	0.0211794
5.1033e-10	0.0211858
5.10394e-10	0.0211923
5.10458e-10	0.0211987
5.10522e-10	0.0212051
5.10586e-10	0.0212115
5.1065e-10	0.0212179
5.10714e-10	0.0212243
5.10778e-10	0.0212308
5.10842e-10	0.0212372
5.10906e-10	0.0212436
5.10971e-10	0.02125
5.11035e-10	0.0212564
5.11099e-10	0.0212627
5.11163e-10	0.0212691
5.11227e-10	0.0212755
5.11291e-10	0.0212819
5.11355e-10	0.0212883
5.11419e-10	0.0212946
5.11483e-10	0.021301
5.11547e-10	0.0213074
5.11611e-10	0.0213138
5.11675e-10	0.0213201
5.11739e-10	0.0213265
5.11803e-10	0.0213328
5.11867e-10	0.0213392
5.11931e-10	0.0213455
5.11995e-10	0.0213519
5.12059e-10	0.0213582
5.12123e-10	0.0213645
5.12187e-10	0.0213709
5.12251e-10	0.0213772
5.12315e-10	0.0213835
5.12379e-10	0.0213899
5.12443e-10	0.0213962
5.12507e-10	0.0214025
5.12571e-10	0.0214088
5.12635e-10	0.0214151
5.12699e-10	0.0214214
5.12763e-10	0.0214277
5.12827e-10	0.021434
5.12891e-10	0.0214403
5.12955e-10	0.0214466
5.13019e-10	0.0214529
5.13083e-10	0.0214592
5.13147e-10	0.0214655
5.13211e-10	0.0214718
5.13275e-10	0.021478
5.13339e-10	0.0214843
5.13403e-10	0.0214906
5.13467e-10	0.0214968
5.13531e-10	0.0215031
5.13595e-10	0.0215094
5.13659e-10	0.0215156
5.13723e-10	0.0215219
5.13787e-10	0.0215281
5.13851e-10	0.0215344
5.13915e-10	0.0215406
5.13979e-10	0.0215468
5.14043e-10	0.0215531
5.14107e-10	0.0215593
5.14171e-10	0.0215655
5.14235e-10	0.0215718
5.14299e-10	0.021578
5.14363e-10	0.0215842
5.14427e-10	0.0215904
5.14491e-10	0.0215966
5.14555e-10	0.0216028
5.14619e-10	0.021609
5.14683e-10	0.0216152
5.14747e-10	0.0216214
5.14811e-10	0.0216276
5.14875e-10	0.0216338
5.14939e-10	0.02164
5.15003e-10	0.0216462
5.15067e-10	0.0216523
5.15131e-10	0.0216585
5.15195e-10	0.0216647
5.15259e-10	0.0216708
5.15323e-10	0.021677
5.15387e-10	0.0216832
5.15451e-10	0.0216893
5.15515e-10	0.0216955
5.15579e-10	0.0217016
5.15643e-10	0.0217077
5.15707e-10	0.0217139
5.15771e-10	0.02172
5.15835e-10	0.0217261
5.15899e-10	0.0217323
5.15963e-10	0.0217384
5.16027e-10	0.0217445
5.16091e-10	0.0217506
5.16155e-10	0.0217567
5.16219e-10	0.0217629
5.16283e-10	0.021769
5.16347e-10	0.0217751
5.16411e-10	0.0217812
5.16475e-10	0.0217873
5.16539e-10	0.0217933
5.16603e-10	0.0217994
5.16667e-10	0.0218055
5.16731e-10	0.0218116
5.16795e-10	0.0218177
5.16859e-10	0.0218237
5.16923e-10	0.0218298
5.16987e-10	0.0218359
5.17051e-10	0.0218419
5.17115e-10	0.021848
5.17179e-10	0.021854
5.17243e-10	0.0218601
5.17307e-10	0.0218661
5.17371e-10	0.0218722
5.17435e-10	0.0218782
5.17499e-10	0.0218842
5.17563e-10	0.0218903
5.17627e-10	0.0218963
5.17691e-10	0.0219023
5.17755e-10	0.0219083
5.17819e-10	0.0219143
5.17883e-10	0.0219203
5.17947e-10	0.0219263
5.18011e-10	0.0219323
5.18075e-10	0.0219383
5.18139e-10	0.0219443
5.18203e-10	0.0219503
5.18267e-10	0.0219563
5.18331e-10	0.0219623
5.18395e-10	0.0219683
5.18459e-10	0.0219742
5.18523e-10	0.0219802
5.18587e-10	0.0219862
5.18651e-10	0.0219921
5.18715e-10	0.0219981
5.18779e-10	0.022004
5.18843e-10	0.02201
5.18907e-10	0.0220159
5.18971e-10	0.0220219
5.19035e-10	0.0220278
5.19099e-10	0.0220337
5.19163e-10	0.0220397
5.19227e-10	0.0220456
5.19291e-10	0.0220515
5.19355e-10	0.0220574
5.19419e-10	0.0220633
5.19483e-10	0.0220693
5.19547e-10	0.0220752
5.19611e-10	0.0220811
5.19676e-10	0.022087
5.1974e-10	0.0220928
5.19804e-10	0.0220987
5.19868e-10	0.0221046
5.19932e-10	0.0221105
5.19996e-10	0.0221164
5.2006e-10	0.0221222
5.20124e-10	0.0221281
5.20188e-10	0.022134
5.20252e-10	0.0221398
5.20316e-10	0.0221457
5.2038e-10	0.0221515
5.20444e-10	0.0221574
5.20508e-10	0.0221632
5.20572e-10	0.0221691
5.20636e-10	0.0221749
5.207e-10	0.0221807
5.20764e-10	0.0221865
5.20828e-10	0.0221924
5.20892e-10	0.0221982
5.20956e-10	0.022204
5.2102e-10	0.0222098
5.21084e-10	0.0222156
5.21148e-10	0.0222214
5.21212e-10	0.0222272
5.21276e-10	0.022233
5.2134e-10	0.0222388
5.21404e-10	0.0222446
5.21468e-10	0.0222503
5.21532e-10	0.0222561
5.21596e-10	0.0222619
5.2166e-10	0.0222676
5.21724e-10	0.0222734
5.21788e-10	0.0222792
5.21852e-10	0.0222849
5.21916e-10	0.0222907
5.2198e-10	0.0222964
5.22044e-10	0.0223021
5.22108e-10	0.0223079
5.22172e-10	0.0223136
5.22236e-10	0.0223193
5.223e-10	0.022325
5.22364e-10	0.0223308
5.22428e-10	0.0223365
5.22492e-10	0.0223422
5.22556e-10	0.0223479
5.2262e-10	0.0223536
5.22684e-10	0.0223593
5.22748e-10	0.022365
5.22812e-10	0.0223707
5.22876e-10	0.0223763
5.2294e-10	0.022382
5.23004e-10	0.0223877
5.23068e-10	0.0223934
5.23132e-10	0.022399
5.23196e-10	0.0224047
5.2326e-10	0.0224103
5.23324e-10	0.022416
5.23388e-10	0.0224216
5.23452e-10	0.0224273
5.23516e-10	0.0224329
5.2358e-10	0.0224385
5.23644e-10	0.0224442
5.23708e-10	0.0224498
5.23772e-10	0.0224554
5.23836e-10	0.022461
5.239e-10	0.0224666
5.23964e-10	0.0224722
5.24028e-10	0.0224778
5.24092e-10	0.0224834
5.24156e-10	0.022489
5.2422e-10	0.0224946
5.24284e-10	0.0225002
5.24348e-10	0.0225058
5.24412e-10	0.0225113
5.24476e-10	0.0225169
5.2454e-10	0.0225225
5.24604e-10	0.022528
5.24668e-10	0.0225336
5.24732e-10	0.0225391
5.24796e-10	0.0225447
5.2486e-10	0.0225502
5.24924e-10	0.0225557
5.24988e-10	0.0225613
5.25052e-10	0.0225668
5.25116e-10	0.0225723
5.2518e-10	0.0225778
5.25244e-10	0.0225833
5.25308e-10	0.0225889
5.25372e-10	0.0225944
5.25436e-10	0.0225999
5.255e-10	0.0226053
5.25564e-10	0.0226108
5.25628e-10	0.0226163
5.25692e-10	0.0226218
5.25756e-10	0.0226273
5.2582e-10	0.0226327
5.25884e-10	0.0226382
5.25948e-10	0.0226437
5.26012e-10	0.0226491
5.26076e-10	0.0226546
5.2614e-10	0.02266
5.26204e-10	0.0226655
5.26268e-10	0.0226709
5.26332e-10	0.0226763
5.26396e-10	0.0226817
5.2646e-10	0.0226872
5.26524e-10	0.0226926
5.26588e-10	0.022698
5.26652e-10	0.0227034
5.26716e-10	0.0227088
5.2678e-10	0.0227142
5.26844e-10	0.0227196
5.26908e-10	0.022725
5.26972e-10	0.0227304
5.27036e-10	0.0227357
5.271e-10	0.0227411
5.27164e-10	0.0227465
5.27228e-10	0.0227518
5.27292e-10	0.0227572
5.27356e-10	0.0227625
5.2742e-10	0.0227679
5.27484e-10	0.0227732
5.27548e-10	0.0227786
5.27612e-10	0.0227839
5.27676e-10	0.0227892
5.2774e-10	0.0227946
5.27804e-10	0.0227999
5.27868e-10	0.0228052
5.27932e-10	0.0228105
5.27996e-10	0.0228158
5.2806e-10	0.0228211
5.28124e-10	0.0228264
5.28188e-10	0.0228317
5.28252e-10	0.022837
5.28316e-10	0.0228422
5.28381e-10	0.0228475
5.28445e-10	0.0228528
5.28509e-10	0.022858
5.28573e-10	0.0228633
5.28637e-10	0.0228686
5.28701e-10	0.0228738
5.28765e-10	0.022879
5.28829e-10	0.0228843
5.28893e-10	0.0228895
5.28957e-10	0.0228947
5.29021e-10	0.0229
5.29085e-10	0.0229052
5.29149e-10	0.0229104
5.29213e-10	0.0229156
5.29277e-10	0.0229208
5.29341e-10	0.022926
5.29405e-10	0.0229312
5.29469e-10	0.0229364
5.29533e-10	0.0229415
5.29597e-10	0.0229467
5.29661e-10	0.0229519
5.29725e-10	0.0229571
5.29789e-10	0.0229622
5.29853e-10	0.0229674
5.29917e-10	0.0229725
5.29981e-10	0.0229777
5.30045e-10	0.0229828
5.30109e-10	0.0229879
5.30173e-10	0.0229931
5.30237e-10	0.0229982
5.30301e-10	0.0230033
5.30365e-10	0.0230084
5.30429e-10	0.0230135
5.30493e-10	0.0230186
5.30557e-10	0.0230237
5.30621e-10	0.0230288
5.30685e-10	0.0230339
5.30749e-10	0.023039
5.30813e-10	0.0230441
5.30877e-10	0.0230491
5.30941e-10	0.0230542
5.31005e-10	0.0230593
5.31069e-10	0.0230643
5.31133e-10	0.0230694
5.31197e-10	0.0230744
5.31261e-10	0.0230794
5.31325e-10	0.0230845
5.31389e-10	0.0230895
5.31453e-10	0.0230945
5.31517e-10	0.0230995
5.31581e-10	0.0231046
5.31645e-10	0.0231096
5.31709e-10	0.0231146
5.31773e-10	0.0231196
5.31837e-10	0.0231245
5.31901e-10	0.0231295
5.31965e-10	0.0231345
5.32029e-10	0.0231395
5.32093e-10	0.0231444
5.32157e-10	0.0231494
5.32221e-10	0.0231544
5.32285e-10	0.0231593
5.32349e-10	0.0231643
5.32413e-10	0.0231692
5.32477e-10	0.0231741
5.32541e-10	0.0231791
5.32605e-10	0.023184
5.32669e-10	0.0231889
5.32733e-10	0.0231938
5.32797e-10	0.0231987
5.32861e-10	0.0232036
5.32925e-10	0.0232085
5.32989e-10	0.0232134
5.33053e-10	0.0232183
5.33117e-10	0.0232232
5.33181e-10	0.0232281
5.33245e-10	0.0232329
5.33309e-10	0.0232378
5.33373e-10	0.0232426
5.33437e-10	0.0232475
5.33501e-10	0.0232523
5.33565e-10	0.0232572
5.33629e-10	0.023262
5.33693e-10	0.0232668
5.33757e-10	0.0232717
5.33821e-10	0.0232765
5.33885e-10	0.0232813
5.33949e-10	0.0232861
5.34013e-10	0.0232909
5.34077e-10	0.0232957
5.34141e-10	0.0233005
5.34205e-10	0.0233053
5.34269e-10	0.02331
5.34333e-10	0.0233148
5.34397e-10	0.0233196
5.34461e-10	0.0233243
5.34525e-10	0.0233291
5.34589e-10	0.0233338
5.34653e-10	0.0233386
5.34717e-10	0.0233433
5.34781e-10	0.0233481
5.34845e-10	0.0233528
5.34909e-10	0.0233575
5.34973e-10	0.0233622
5.35037e-10	0.0233669
5.35101e-10	0.0233716
5.35165e-10	0.0233763
5.35229e-10	0.023381
5.35293e-10	0.0233857
5.35357e-10	0.0233904
5.35421e-10	0.0233951
5.35485e-10	0.0233997
5.35549e-10	0.0234044
5.35613e-10	0.023409
5.35677e-10	0.0234137
5.35741e-10	0.0234183
5.35805e-10	0.023423
5.35869e-10	0.0234276
5.35933e-10	0.0234322
5.35997e-10	0.0234368
5.36061e-10	0.0234415
5.36125e-10	0.0234461
5.36189e-10	0.0234507
5.36253e-10	0.0234553
5.36317e-10	0.0234599
5.36381e-10	0.0234644
5.36445e-10	0.023469
5.36509e-10	0.0234736
5.36573e-10	0.0234782
5.36637e-10	0.0234827
5.36701e-10	0.0234873
5.36765e-10	0.0234918
5.36829e-10	0.0234964
5.36893e-10	0.0235009
5.36957e-10	0.0235054
5.37021e-10	0.02351
5.37085e-10	0.0235145
5.3715e-10	0.023519
5.37214e-10	0.0235235
5.37278e-10	0.023528
5.37342e-10	0.0235325
5.37406e-10	0.023537
5.3747e-10	0.0235415
5.37534e-10	0.0235459
5.37598e-10	0.0235504
5.37662e-10	0.0235549
5.37726e-10	0.0235593
5.3779e-10	0.0235638
5.37854e-10	0.0235682
5.37918e-10	0.0235727
5.37982e-10	0.0235771
5.38046e-10	0.0235815
5.3811e-10	0.023586
5.38174e-10	0.0235904
5.38238e-10	0.0235948
5.38302e-10	0.0235992
5.38366e-10	0.0236036
5.3843e-10	0.023608
5.38494e-10	0.0236124
5.38558e-10	0.0236167
5.38622e-10	0.0236211
5.38686e-10	0.0236255
5.3875e-10	0.0236298
5.38814e-10	0.0236342
5.38878e-10	0.0236385
5.38942e-10	0.0236429
5.39006e-10	0.0236472
5.3907e-10	0.0236515
5.39134e-10	0.0236559
5.39198e-10	0.0236602
5.39262e-10	0.0236645
5.39326e-10	0.0236688
5.3939e-10	0.0236731
5.39454e-10	0.0236774
5.39518e-10	0.0236816
5.39582e-10	0.0236859
5.39646e-10	0.0236902
5.3971e-10	0.0236945
5.39774e-10	0.0236987
5.39838e-10	0.023703
5.39902e-10	0.0237072
5.39966e-10	0.0237115
5.4003e-10	0.0237157
5.40094e-10	0.0237199
5.40158e-10	0.0237241
5.40222e-10	0.0237283
5.40286e-10	0.0237326
5.4035e-10	0.0237368
5.40414e-10	0.0237409
5.40478e-10	0.0237451
5.40542e-10	0.0237493
5.40606e-10	0.0237535
5.4067e-10	0.0237577
5.40734e-10	0.0237618
5.40798e-10	0.023766
5.40862e-10	0.0237701
5.40926e-10	0.0237743
5.4099e-10	0.0237784
5.41054e-10	0.0237825
5.41118e-10	0.0237867
5.41182e-10	0.0237908
5.41246e-10	0.0237949
5.4131e-10	0.023799
5.41374e-10	0.0238031
5.41438e-10	0.0238072
5.41502e-10	0.0238112
5.41566e-10	0.0238153
5.4163e-10	0.0238194
5.41694e-10	0.0238235
5.41758e-10	0.0238275
5.41822e-10	0.0238316
5.41886e-10	0.0238356
5.4195e-10	0.0238396
5.42014e-10	0.0238437
5.42078e-10	0.0238477
5.42142e-10	0.0238517
5.42206e-10	0.0238557
5.4227e-10	0.0238597
5.42334e-10	0.0238637
5.42398e-10	0.0238677
5.42462e-10	0.0238717
5.42526e-10	0.0238757
5.4259e-10	0.0238796
5.42654e-10	0.0238836
5.42718e-10	0.0238876
5.42782e-10	0.0238915
5.42846e-10	0.0238955
5.4291e-10	0.0238994
5.42974e-10	0.0239033
5.43038e-10	0.0239073
5.43102e-10	0.0239112
5.43166e-10	0.0239151
5.4323e-10	0.023919
5.43294e-10	0.0239229
5.43358e-10	0.0239268
5.43422e-10	0.0239306
5.43486e-10	0.0239345
5.4355e-10	0.0239384
5.43614e-10	0.0239423
5.43678e-10	0.0239461
5.43742e-10	0.02395
5.43806e-10	0.0239538
5.4387e-10	0.0239576
5.43934e-10	0.0239615
5.43998e-10	0.0239653
5.44062e-10	0.0239691
5.44126e-10	0.0239729
5.4419e-10	0.0239767
5.44254e-10	0.0239805
5.44318e-10	0.0239843
5.44382e-10	0.0239881
5.44446e-10	0.0239918
5.4451e-10	0.0239956
5.44574e-10	0.0239994
5.44638e-10	0.0240031
5.44702e-10	0.0240069
5.44766e-10	0.0240106
5.4483e-10	0.0240143
5.44894e-10	0.024018
5.44958e-10	0.0240218
5.45022e-10	0.0240255
5.45086e-10	0.0240292
5.4515e-10	0.0240329
5.45214e-10	0.0240366
5.45278e-10	0.0240402
5.45342e-10	0.0240439
5.45406e-10	0.0240476
5.4547e-10	0.0240512
5.45534e-10	0.0240549
5.45598e-10	0.0240585
5.45662e-10	0.0240622
5.45726e-10	0.0240658
5.4579e-10	0.0240694
5.45855e-10	0.024073
5.45919e-10	0.0240767
5.45983e-10	0.0240803
5.46047e-10	0.0240839
5.46111e-10	0.0240874
5.46175e-10	0.024091
5.46239e-10	0.0240946
5.46303e-10	0.0240982
5.46367e-10	0.0241017
5.46431e-10	0.0241053
5.46495e-10	0.0241088
5.46559e-10	0.0241124
5.46623e-10	0.0241159
5.46687e-10	0.0241194
5.46751e-10	0.0241229
5.46815e-10	0.0241264
5.46879e-10	0.02413
5.46943e-10	0.0241334
5.47007e-10	0.0241369
5.47071e-10	0.0241404
5.47135e-10	0.0241439
5.47199e-10	0.0241474
5.47263e-10	0.0241508
5.47327e-10	0.0241543
5.47391e-10	0.0241577
5.47455e-10	0.0241611
5.47519e-10	0.0241646
5.47583e-10	0.024168
5.47647e-10	0.0241714
5.47711e-10	0.0241748
5.47775e-10	0.0241782
5.47839e-10	0.0241816
5.47903e-10	0.024185
5.47967e-10	0.0241884
5.48031e-10	0.0241917
5.48095e-10	0.0241951
5.48159e-10	0.0241985
5.48223e-10	0.0242018
5.48287e-10	0.0242052
5.48351e-10	0.0242085
5.48415e-10	0.0242118
5.48479e-10	0.0242151
5.48543e-10	0.0242184
5.48607e-10	0.0242217
5.48671e-10	0.024225
5.48735e-10	0.0242283
5.48799e-10	0.0242316
5.48863e-10	0.0242349
5.48927e-10	0.0242382
5.48991e-10	0.0242414
5.49055e-10	0.0242447
5.49119e-10	0.0242479
5.49183e-10	0.0242511
5.49247e-10	0.0242544
5.49311e-10	0.0242576
5.49375e-10	0.0242608
5.49439e-10	0.024264
5.49503e-10	0.0242672
5.49567e-10	0.0242704
5.49631e-10	0.0242736
5.49695e-10	0.0242768
5.49759e-10	0.0242799
5.49823e-10	0.0242831
5.49887e-10	0.0242862
5.49951e-10	0.0242894
5.50015e-10	0.0242925
5.50079e-10	0.0242956
5.50143e-10	0.0242988
5.50207e-10	0.0243019
5.50271e-10	0.024305
5.50335e-10	0.0243081
5.50399e-10	0.0243112
5.50463e-10	0.0243143
5.50527e-10	0.0243173
5.50591e-10	0.0243204
5.50655e-10	0.0243235
5.50719e-10	0.0243265
5.50783e-10	0.0243296
5.50847e-10	0.0243326
5.50911e-10	0.0243356
5.50975e-10	0.0243387
5.51039e-10	0.0243417
5.51103e-10	0.0243447
5.51167e-10	0.0243477
5.51231e-10	0.0243507
5.51295e-10	0.0243536
5.51359e-10	0.0243566
5.51423e-10	0.0243596
5.51487e-10	0.0243625
5.51551e-10	0.0243655
5.51615e-10	0.0243684
5.51679e-10	0.0243714
5.51743e-10	0.0243743
5.51807e-10	0.0243772
5.51871e-10	0.0243801
5.51935e-10	0.024383
5.51999e-10	0.0243859
5.52063e-10	0.0243888
5.52127e-10	0.0243917
5.52191e-10	0.0243946
5.52255e-10	0.0243974
5.52319e-10	0.0244003
5.52383e-10	0.0244031
5.52447e-10	0.024406
5.52511e-10	0.0244088
5.52575e-10	0.0244116
5.52639e-10	0.0244144
5.52703e-10	0.0244173
5.52767e-10	0.0244201
5.52831e-10	0.0244229
5.52895e-10	0.0244256
5.52959e-10	0.0244284
5.53023e-10	0.0244312
5.53087e-10	0.0244339
5.53151e-10	0.0244367
5.53215e-10	0.0244394
5.53279e-10	0.0244422
5.53343e-10	0.0244449
5.53407e-10	0.0244476
5.53471e-10	0.0244503
5.53535e-10	0.024453
5.53599e-10	0.0244557
5.53663e-10	0.0244584
5.53727e-10	0.0244611
5.53791e-10	0.0244638
5.53855e-10	0.0244664
5.53919e-10	0.0244691
5.53983e-10	0.0244717
5.54047e-10	0.0244744
5.54111e-10	0.024477
5.54175e-10	0.0244796
5.54239e-10	0.0244822
5.54303e-10	0.0244848
5.54367e-10	0.0244874
5.54431e-10	0.02449
5.54495e-10	0.0244926
5.54559e-10	0.0244952
5.54624e-10	0.0244977
5.54688e-10	0.0245003
5.54752e-10	0.0245028
5.54816e-10	0.0245054
5.5488e-10	0.0245079
5.54944e-10	0.0245104
5.55008e-10	0.0245129
5.55072e-10	0.0245155
5.55136e-10	0.024518
5.552e-10	0.0245204
5.55264e-10	0.0245229
5.55328e-10	0.0245254
5.55392e-10	0.0245279
5.55456e-10	0.0245303
5.5552e-10	0.0245328
5.55584e-10	0.0245352
5.55648e-10	0.0245376
5.55712e-10	0.0245401
5.55776e-10	0.0245425
5.5584e-10	0.0245449
5.55904e-10	0.0245473
5.55968e-10	0.0245497
5.56032e-10	0.024552
5.56096e-10	0.0245544
5.5616e-10	0.0245568
5.56224e-10	0.0245591
5.56288e-10	0.0245615
5.56352e-10	0.0245638
5.56416e-10	0.0245661
5.5648e-10	0.0245685
5.56544e-10	0.0245708
5.56608e-10	0.0245731
5.56672e-10	0.0245754
5.56736e-10	0.0245777
5.568e-10	0.0245799
5.56864e-10	0.0245822
5.56928e-10	0.0245845
5.56992e-10	0.0245867
5.57056e-10	0.024589
5.5712e-10	0.0245912
5.57184e-10	0.0245934
5.57248e-10	0.0245956
5.57312e-10	0.0245979
5.57376e-10	0.0246001
5.5744e-10	0.0246022
5.57504e-10	0.0246044
5.57568e-10	0.0246066
5.57632e-10	0.0246088
5.57696e-10	0.0246109
5.5776e-10	0.0246131
5.57824e-10	0.0246152
5.57888e-10	0.0246173
5.57952e-10	0.0246195
5.58016e-10	0.0246216
5.5808e-10	0.0246237
5.58144e-10	0.0246258
5.58208e-10	0.0246279
5.58272e-10	0.02463
5.58336e-10	0.024632
5.584e-10	0.0246341
5.58464e-10	0.0246361
5.58528e-10	0.0246382
5.58592e-10	0.0246402
5.58656e-10	0.0246422
5.5872e-10	0.0246443
5.58784e-10	0.0246463
5.58848e-10	0.0246483
5.58912e-10	0.0246503
5.58976e-10	0.0246522
5.5904e-10	0.0246542
5.59104e-10	0.0246562
5.59168e-10	0.0246581
5.59232e-10	0.0246601
5.59296e-10	0.024662
5.5936e-10	0.0246639
5.59424e-10	0.0246659
5.59488e-10	0.0246678
5.59552e-10	0.0246697
5.59616e-10	0.0246716
5.5968e-10	0.0246734
5.59744e-10	0.0246753
5.59808e-10	0.0246772
5.59872e-10	0.024679
5.59936e-10	0.0246809
5.6e-10	0.0246827
5.60064e-10	0.0246846
5.60128e-10	0.0246864
5.60192e-10	0.0246882
5.60256e-10	0.02469
5.6032e-10	0.0246918
5.60384e-10	0.0246936
5.60448e-10	0.0246954
5.60512e-10	0.0246971
5.60576e-10	0.0246989
5.6064e-10	0.0247006
5.60704e-10	0.0247024
5.60768e-10	0.0247041
5.60832e-10	0.0247058
5.60896e-10	0.0247075
5.6096e-10	0.0247092
5.61024e-10	0.0247109
5.61088e-10	0.0247126
5.61152e-10	0.0247143
5.61216e-10	0.024716
5.6128e-10	0.0247176
5.61344e-10	0.0247193
5.61408e-10	0.0247209
5.61472e-10	0.0247225
5.61536e-10	0.0247241
5.616e-10	0.0247258
5.61664e-10	0.0247274
5.61728e-10	0.024729
5.61792e-10	0.0247305
5.61856e-10	0.0247321
5.6192e-10	0.0247337
5.61984e-10	0.0247352
5.62048e-10	0.0247368
5.62112e-10	0.0247383
5.62176e-10	0.0247398
5.6224e-10	0.0247414
5.62304e-10	0.0247429
5.62368e-10	0.0247444
5.62432e-10	0.0247459
5.62496e-10	0.0247473
5.6256e-10	0.0247488
5.62624e-10	0.0247503
5.62688e-10	0.0247517
5.62752e-10	0.0247532
5.62816e-10	0.0247546
5.6288e-10	0.024756
5.62944e-10	0.0247574
5.63008e-10	0.0247589
5.63072e-10	0.0247602
5.63136e-10	0.0247616
5.632e-10	0.024763
5.63264e-10	0.0247644
5.63329e-10	0.0247657
5.63393e-10	0.0247671
5.63457e-10	0.0247684
5.63521e-10	0.0247698
5.63585e-10	0.0247711
5.63649e-10	0.0247724
5.63713e-10	0.0247737
5.63777e-10	0.024775
5.63841e-10	0.0247763
5.63905e-10	0.0247775
5.63969e-10	0.0247788
5.64033e-10	0.0247801
5.64097e-10	0.0247813
5.64161e-10	0.0247825
5.64225e-10	0.0247838
5.64289e-10	0.024785
5.64353e-10	0.0247862
5.64417e-10	0.0247874
5.64481e-10	0.0247886
5.64545e-10	0.0247897
5.64609e-10	0.0247909
5.64673e-10	0.0247921
5.64737e-10	0.0247932
5.64801e-10	0.0247944
5.64865e-10	0.0247955
5.64929e-10	0.0247966
5.64993e-10	0.0247977
5.65057e-10	0.0247988
5.65121e-10	0.0247999
5.65185e-10	0.024801
5.65249e-10	0.0248021
5.65313e-10	0.0248031
5.65377e-10	0.0248042
5.65441e-10	0.0248052
5.65505e-10	0.0248062
5.65569e-10	0.0248073
5.65633e-10	0.0248083
5.65697e-10	0.0248093
5.65761e-10	0.0248103
5.65825e-10	0.0248113
5.65889e-10	0.0248122
5.65953e-10	0.0248132
5.66017e-10	0.0248141
5.66081e-10	0.0248151
5.66145e-10	0.024816
5.66209e-10	0.0248169
5.66273e-10	0.0248179
5.66337e-10	0.0248188
5.66401e-10	0.0248197
5.66465e-10	0.0248205
5.66529e-10	0.0248214
5.66593e-10	0.0248223
5.66657e-10	0.0248231
5.66721e-10	0.024824
5.66785e-10	0.0248248
5.66849e-10	0.0248256
5.66913e-10	0.0248265
5.66977e-10	0.0248273
5.67041e-10	0.024828
5.67105e-10	0.0248288
5.67169e-10	0.0248296
5.67233e-10	0.0248304
5.67297e-10	0.0248311
5.67361e-10	0.0248319
5.67425e-10	0.0248326
5.67489e-10	0.0248333
5.67553e-10	0.024834
5.67617e-10	0.0248347
5.67681e-10	0.0248354
5.67745e-10	0.0248361
5.67809e-10	0.0248368
5.67873e-10	0.0248375
5.67937e-10	0.0248381
5.68001e-10	0.0248388
5.68065e-10	0.0248394
5.68129e-10	0.02484
5.68193e-10	0.0248406
5.68257e-10	0.0248412
5.68321e-10	0.0248418
5.68385e-10	0.0248424
5.68449e-10	0.024843
5.68513e-10	0.0248435
5.68577e-10	0.0248441
5.68641e-10	0.0248446
5.68705e-10	0.0248452
5.68769e-10	0.0248457
5.68833e-10	0.0248462
5.68897e-10	0.0248467
5.68961e-10	0.0248472
5.69025e-10	0.0248477
5.69089e-10	0.0248481
5.69153e-10	0.0248486
5.69217e-10	0.024849
5.69281e-10	0.0248495
5.69345e-10	0.0248499
5.69409e-10	0.0248503
5.69473e-10	0.0248507
5.69537e-10	0.0248511
5.69601e-10	0.0248515
5.69665e-10	0.0248519
5.69729e-10	0.0248523
5.69793e-10	0.0248526
5.69857e-10	0.024853
5.69921e-10	0.0248533
5.69985e-10	0.0248536
5.70049e-10	0.0248539
5.70113e-10	0.0248542
5.70177e-10	0.0248545
5.70241e-10	0.0248548
5.70305e-10	0.0248551
5.70369e-10	0.0248554
5.70433e-10	0.0248556
5.70497e-10	0.0248558
5.70561e-10	0.0248561
5.70625e-10	0.0248563
5.70689e-10	0.0248565
5.70753e-10	0.0248567
5.70817e-10	0.0248569
5.70881e-10	0.0248571
5.70945e-10	0.0248572
5.71009e-10	0.0248574
5.71073e-10	0.0248575
5.71137e-10	0.0248577
5.71201e-10	0.0248578
5.71265e-10	0.0248579
5.71329e-10	0.024858
5.71393e-10	0.0248581
5.71457e-10	0.0248582
5.71521e-10	0.0248583
5.71585e-10	0.0248583
5.71649e-10	0.0248584
5.71713e-10	0.0248584
5.71777e-10	0.0248584
5.71841e-10	0.0248585
5.71905e-10	0.0248585
5.71969e-10	0.0248585
5.72033e-10	0.0248584
5.72098e-10	0.0248584
5.72162e-10	0.0248584
5.72226e-10	0.0248583
5.7229e-10	0.0248583
5.72354e-10	0.0248582
5.72418e-10	0.0248581
5.72482e-10	0.0248581
5.72546e-10	0.0248579
5.7261e-10	0.0248578
5.72674e-10	0.0248577
5.72738e-10	0.0248576
5.72802e-10	0.0248574
5.72866e-10	0.0248573
5.7293e-10	0.0248571
5.72994e-10	0.0248569
5.73058e-10	0.0248568
5.73122e-10	0.0248566
5.73186e-10	0.0248564
5.7325e-10	0.0248561
5.73314e-10	0.0248559
5.73378e-10	0.0248557
5.73442e-10	0.0248554
5.73506e-10	0.0248551
5.7357e-10	0.0248549
5.73634e-10	0.0248546
5.73698e-10	0.0248543
5.73762e-10	0.024854
5.73826e-10	0.0248537
5.7389e-10	0.0248533
5.73954e-10	0.024853
5.74018e-10	0.0248526
5.74082e-10	0.0248523
5.74146e-10	0.0248519
5.7421e-10	0.0248515
5.74274e-10	0.0248511
5.74338e-10	0.0248507
5.74402e-10	0.0248503
5.74466e-10	0.0248499
5.7453e-10	0.0248494
5.74594e-10	0.024849
5.74658e-10	0.0248485
5.74722e-10	0.024848
5.74786e-10	0.0248476
5.7485e-10	0.0248471
5.74914e-10	0.0248466
5.74978e-10	0.024846
5.75042e-10	0.0248455
5.75106e-10	0.024845
5.7517e-10	0.0248444
5.75234e-10	0.0248439
5.75298e-10	0.0248433
5.75362e-10	0.0248427
5.75426e-10	0.0248421
5.7549e-10	0.0248415
5.75554e-10	0.0248409
5.75618e-10	0.0248403
5.75682e-10	0.0248396
5.75746e-10	0.024839
5.7581e-10	0.0248383
5.75874e-10	0.0248376
5.75938e-10	0.0248369
5.76002e-10	0.0248362
5.76066e-10	0.0248355
5.7613e-10	0.0248348
5.76194e-10	0.0248341
5.76258e-10	0.0248333
5.76322e-10	0.0248326
5.76386e-10	0.0248318
5.7645e-10	0.024831
5.76514e-10	0.0248302
5.76578e-10	0.0248294
5.76642e-10	0.0248286
5.76706e-10	0.0248278
5.7677e-10	0.024827
5.76834e-10	0.0248261
5.76898e-10	0.0248253
5.76962e-10	0.0248244
5.77026e-10	0.0248235
5.7709e-10	0.0248226
5.77154e-10	0.0248217
5.77218e-10	0.0248208
5.77282e-10	0.0248199
5.77346e-10	0.024819
5.7741e-10	0.024818
5.77474e-10	0.024817
5.77538e-10	0.0248161
5.77602e-10	0.0248151
5.77666e-10	0.0248141
5.7773e-10	0.0248131
5.77794e-10	0.0248121
5.77858e-10	0.024811
5.77922e-10	0.02481
5.77986e-10	0.0248089
5.7805e-10	0.0248079
5.78114e-10	0.0248068
5.78178e-10	0.0248057
5.78242e-10	0.0248046
5.78306e-10	0.0248035
5.7837e-10	0.0248024
5.78434e-10	0.0248012
5.78498e-10	0.0248001
5.78562e-10	0.0247989
5.78626e-10	0.0247978
5.7869e-10	0.0247966
5.78754e-10	0.0247954
5.78818e-10	0.0247942
5.78882e-10	0.024793
5.78946e-10	0.0247917
5.7901e-10	0.0247905
5.79074e-10	0.0247892
5.79138e-10	0.024788
5.79202e-10	0.0247867
5.79266e-10	0.0247854
5.7933e-10	0.0247841
5.79394e-10	0.0247828
5.79458e-10	0.0247815
5.79522e-10	0.0247802
5.79586e-10	0.0247788
5.7965e-10	0.0247774
5.79714e-10	0.0247761
5.79778e-10	0.0247747
5.79842e-10	0.0247733
5.79906e-10	0.0247719
5.7997e-10	0.0247705
5.80034e-10	0.024769
5.80098e-10	0.0247676
5.80162e-10	0.0247661
5.80226e-10	0.0247647
5.8029e-10	0.0247632
5.80354e-10	0.0247617
5.80418e-10	0.0247602
5.80482e-10	0.0247587
5.80546e-10	0.0247572
5.8061e-10	0.0247556
5.80674e-10	0.0247541
5.80738e-10	0.0247525
5.80803e-10	0.0247509
5.80867e-10	0.0247494
5.80931e-10	0.0247478
5.80995e-10	0.0247461
5.81059e-10	0.0247445
5.81123e-10	0.0247429
5.81187e-10	0.0247412
5.81251e-10	0.0247396
5.81315e-10	0.0247379
5.81379e-10	0.0247362
5.81443e-10	0.0247345
5.81507e-10	0.0247328
5.81571e-10	0.0247311
5.81635e-10	0.0247294
5.81699e-10	0.0247276
5.81763e-10	0.0247259
5.81827e-10	0.0247241
5.81891e-10	0.0247223
5.81955e-10	0.0247205
5.82019e-10	0.0247187
5.82083e-10	0.0247169
5.82147e-10	0.0247151
5.82211e-10	0.0247132
5.82275e-10	0.0247114
5.82339e-10	0.0247095
5.82403e-10	0.0247076
5.82467e-10	0.0247057
5.82531e-10	0.0247038
5.82595e-10	0.0247019
5.82659e-10	0.0247
5.82723e-10	0.0246981
5.82787e-10	0.0246961
5.82851e-10	0.0246941
5.82915e-10	0.0246922
5.82979e-10	0.0246902
5.83043e-10	0.0246882
5.83107e-10	0.0246862
5.83171e-10	0.0246841
5.83235e-10	0.0246821
5.83299e-10	0.02468
5.83363e-10	0.024678
5.83427e-10	0.0246759
5.83491e-10	0.0246738
5.83555e-10	0.0246717
5.83619e-10	0.0246696
5.83683e-10	0.0246675
5.83747e-10	0.0246653
5.83811e-10	0.0246632
5.83875e-10	0.024661
5.83939e-10	0.0246588
5.84003e-10	0.0246566
5.84067e-10	0.0246544
5.84131e-10	0.0246522
5.84195e-10	0.02465
5.84259e-10	0.0246477
5.84323e-10	0.0246455
5.84387e-10	0.0246432
5.84451e-10	0.0246409
5.84515e-10	0.0246387
5.84579e-10	0.0246364
5.84643e-10	0.024634
5.84707e-10	0.0246317
5.84771e-10	0.0246294
5.84835e-10	0.024627
5.84899e-10	0.0246246
5.84963e-10	0.0246223
5.85027e-10	0.0246199
5.85091e-10	0.0246175
5.85155e-10	0.0246151
5.85219e-10	0.0246126
5.85283e-10	0.0246102
5.85347e-10	0.0246077
5.85411e-10	0.0246053
5.85475e-10	0.0246028
5.85539e-10	0.0246003
5.85603e-10	0.0245978
5.85667e-10	0.0245953
5.85731e-10	0.0245927
5.85795e-10	0.0245902
5.85859e-10	0.0245876
5.85923e-10	0.024585
5.85987e-10	0.0245825
5.86051e-10	0.0245799
5.86115e-10	0.0245773
5.86179e-10	0.0245746
5.86243e-10	0.024572
5.86307e-10	0.0245694
5.86371e-10	0.0245667
5.86435e-10	0.024564
5.86499e-10	0.0245613
5.86563e-10	0.0245586
5.86627e-10	0.0245559
5.86691e-10	0.0245532
5.86755e-10	0.0245505
5.86819e-10	0.0245477
5.86883e-10	0.0245449
5.86947e-10	0.0245422
5.87011e-10	0.0245394
5.87075e-10	0.0245366
5.87139e-10	0.0245337
5.87203e-10	0.0245309
5.87267e-10	0.0245281
5.87331e-10	0.0245252
5.87395e-10	0.0245223
5.87459e-10	0.0245195
5.87523e-10	0.0245166
5.87587e-10	0.0245137
5.87651e-10	0.0245107
5.87715e-10	0.0245078
5.87779e-10	0.0245048
5.87843e-10	0.0245019
5.87907e-10	0.0244989
5.87971e-10	0.0244959
5.88035e-10	0.0244929
5.88099e-10	0.0244899
5.88163e-10	0.0244869
5.88227e-10	0.0244838
5.88291e-10	0.0244808
5.88355e-10	0.0244777
5.88419e-10	0.0244746
5.88483e-10	0.0244715
5.88547e-10	0.0244684
5.88611e-10	0.0244653
5.88675e-10	0.0244622
5.88739e-10	0.024459
5.88803e-10	0.0244559
5.88867e-10	0.0244527
5.88931e-10	0.0244495
5.88995e-10	0.0244463
5.89059e-10	0.0244431
5.89123e-10	0.0244399
5.89187e-10	0.0244366
5.89251e-10	0.0244334
5.89315e-10	0.0244301
5.89379e-10	0.0244268
5.89443e-10	0.0244235
5.89507e-10	0.0244202
5.89572e-10	0.0244169
5.89636e-10	0.0244136
5.897e-10	0.0244102
5.89764e-10	0.0244069
5.89828e-10	0.0244035
5.89892e-10	0.0244001
5.89956e-10	0.0243967
5.9002e-10	0.0243933
5.90084e-10	0.0243899
5.90148e-10	0.0243864
5.90212e-10	0.024383
5.90276e-10	0.0243795
5.9034e-10	0.024376
5.90404e-10	0.0243725
5.90468e-10	0.024369
5.90532e-10	0.0243655
5.90596e-10	0.024362
5.9066e-10	0.0243584
5.90724e-10	0.0243548
5.90788e-10	0.0243513
5.90852e-10	0.0243477
5.90916e-10	0.0243441
5.9098e-10	0.0243404
5.91044e-10	0.0243368
5.91108e-10	0.0243332
5.91172e-10	0.0243295
5.91236e-10	0.0243258
5.913e-10	0.0243221
5.91364e-10	0.0243184
5.91428e-10	0.0243147
5.91492e-10	0.024311
5.91556e-10	0.0243073
5.9162e-10	0.0243035
5.91684e-10	0.0242997
5.91748e-10	0.024296
5.91812e-10	0.0242922
5.91876e-10	0.0242883
5.9194e-10	0.0242845
5.92004e-10	0.0242807
5.92068e-10	0.0242768
5.92132e-10	0.024273
5.92196e-10	0.0242691
5.9226e-10	0.0242652
5.92324e-10	0.0242613
5.92388e-10	0.0242574
5.92452e-10	0.0242534
5.92516e-10	0.0242495
5.9258e-10	0.0242455
5.92644e-10	0.0242415
5.92708e-10	0.0242375
5.92772e-10	0.0242335
5.92836e-10	0.0242295
5.929e-10	0.0242255
5.92964e-10	0.0242214
5.93028e-10	0.0242174
5.93092e-10	0.0242133
5.93156e-10	0.0242092
5.9322e-10	0.0242051
5.93284e-10	0.024201
5.93348e-10	0.0241969
5.93412e-10	0.0241927
5.93476e-10	0.0241885
5.9354e-10	0.0241844
5.93604e-10	0.0241802
5.93668e-10	0.024176
5.93732e-10	0.0241718
5.93796e-10	0.0241675
5.9386e-10	0.0241633
5.93924e-10	0.024159
5.93988e-10	0.0241548
5.94052e-10	0.0241505
5.94116e-10	0.0241462
5.9418e-10	0.0241419
5.94244e-10	0.0241375
5.94308e-10	0.0241332
5.94372e-10	0.0241288
5.94436e-10	0.0241245
5.945e-10	0.0241201
5.94564e-10	0.0241157
5.94628e-10	0.0241113
5.94692e-10	0.0241068
5.94756e-10	0.0241024
5.9482e-10	0.0240979
5.94884e-10	0.0240935
5.94948e-10	0.024089
5.95012e-10	0.0240845
5.95076e-10	0.02408
5.9514e-10	0.0240754
5.95204e-10	0.0240709
5.95268e-10	0.0240663
5.95332e-10	0.0240618
5.95396e-10	0.0240572
5.9546e-10	0.0240526
5.95524e-10	0.024048
5.95588e-10	0.0240433
5.95652e-10	0.0240387
5.95716e-10	0.024034
5.9578e-10	0.0240293
5.95844e-10	0.0240247
5.95908e-10	0.02402
5.95972e-10	0.0240152
5.96036e-10	0.0240105
5.961e-10	0.0240058
5.96164e-10	0.024001
5.96228e-10	0.0239962
5.96292e-10	0.0239914
5.96356e-10	0.0239866
5.9642e-10	0.0239818
5.96484e-10	0.023977
5.96548e-10	0.0239721
5.96612e-10	0.0239673
5.96676e-10	0.0239624
5.9674e-10	0.0239575
5.96804e-10	0.0239526
5.96868e-10	0.0239477
5.96932e-10	0.0239428
5.96996e-10	0.0239378
5.9706e-10	0.0239328
5.97124e-10	0.0239279
5.97188e-10	0.0239229
5.97252e-10	0.0239179
5.97316e-10	0.0239128
5.9738e-10	0.0239078
5.97444e-10	0.0239027
5.97508e-10	0.0238977
5.97572e-10	0.0238926
5.97636e-10	0.0238875
5.977e-10	0.0238824
5.97764e-10	0.0238773
5.97828e-10	0.0238721
5.97892e-10	0.023867
5.97956e-10	0.0238618
5.9802e-10	0.0238566
5.98084e-10	0.0238514
5.98148e-10	0.0238462
5.98212e-10	0.023841
5.98277e-10	0.0238357
5.98341e-10	0.0238305
5.98405e-10	0.0238252
5.98469e-10	0.0238199
5.98533e-10	0.0238146
5.98597e-10	0.0238093
5.98661e-10	0.0238039
5.98725e-10	0.0237986
5.98789e-10	0.0237932
5.98853e-10	0.0237879
5.98917e-10	0.0237825
5.98981e-10	0.0237771
5.99045e-10	0.0237716
5.99109e-10	0.0237662
5.99173e-10	0.0237607
5.99237e-10	0.0237553
5.99301e-10	0.0237498
5.99365e-10	0.0237443
5.99429e-10	0.0237388
5.99493e-10	0.0237333
5.99557e-10	0.0237277
5.99621e-10	0.0237221
5.99685e-10	0.0237166
5.99749e-10	0.023711
5.99813e-10	0.0237054
5.99877e-10	0.0236998
5.99941e-10	0.0236941
6.00005e-10	0.0236885
6.00069e-10	0.0236828
6.00133e-10	0.0236771
6.00197e-10	0.0236714
6.00261e-10	0.0236657
6.00325e-10	0.02366
6.00389e-10	0.0236543
6.00453e-10	0.0236485
6.00517e-10	0.0236427
6.00581e-10	0.023637
6.00645e-10	0.0236312
6.00709e-10	0.0236253
6.00773e-10	0.0236195
6.00837e-10	0.0236137
6.00901e-10	0.0236078
6.00965e-10	0.0236019
6.01029e-10	0.023596
6.01093e-10	0.0235901
6.01157e-10	0.0235842
6.01221e-10	0.0235783
6.01285e-10	0.0235723
6.01349e-10	0.0235663
6.01413e-10	0.0235603
6.01477e-10	0.0235543
6.01541e-10	0.0235483
6.01605e-10	0.0235423
6.01669e-10	0.0235363
6.01733e-10	0.0235302
6.01797e-10	0.0235241
6.01861e-10	0.023518
6.01925e-10	0.0235119
6.01989e-10	0.0235058
6.02053e-10	0.0234997
6.02117e-10	0.0234935
6.02181e-10	0.0234873
6.02245e-10	0.0234811
6.02309e-10	0.0234749
6.02373e-10	0.0234687
6.02437e-10	0.0234625
6.02501e-10	0.0234562
6.02565e-10	0.02345
6.02629e-10	0.0234437
6.02693e-10	0.0234374
6.02757e-10	0.0234311
6.02821e-10	0.0234248
6.02885e-10	0.0234184
6.02949e-10	0.0234121
6.03013e-10	0.0234057
6.03077e-10	0.0233993
6.03141e-10	0.0233929
6.03205e-10	0.0233865
6.03269e-10	0.0233801
6.03333e-10	0.0233736
6.03397e-10	0.0233671
6.03461e-10	0.0233607
6.03525e-10	0.0233542
6.03589e-10	0.0233476
6.03653e-10	0.0233411
6.03717e-10	0.0233346
6.03781e-10	0.023328
6.03845e-10	0.0233214
6.03909e-10	0.0233148
6.03973e-10	0.0233082
6.04037e-10	0.0233016
6.04101e-10	0.023295
6.04165e-10	0.0232883
6.04229e-10	0.0232816
6.04293e-10	0.0232749
6.04357e-10	0.0232682
6.04421e-10	0.0232615
6.04485e-10	0.0232548
6.04549e-10	0.023248
6.04613e-10	0.0232413
6.04677e-10	0.0232345
6.04741e-10	0.0232277
6.04805e-10	0.0232209
6.04869e-10	0.023214
6.04933e-10	0.0232072
6.04997e-10	0.0232003
6.05061e-10	0.0231935
6.05125e-10	0.0231866
6.05189e-10	0.0231797
6.05253e-10	0.0231727
6.05317e-10	0.0231658
6.05381e-10	0.0231588
6.05445e-10	0.0231518
6.05509e-10	0.0231449
6.05573e-10	0.0231379
6.05637e-10	0.0231308
6.05701e-10	0.0231238
6.05765e-10	0.0231167
6.05829e-10	0.0231097
6.05893e-10	0.0231026
6.05957e-10	0.0230955
6.06021e-10	0.0230884
6.06085e-10	0.0230812
6.06149e-10	0.0230741
6.06213e-10	0.0230669
6.06277e-10	0.0230597
6.06341e-10	0.0230525
6.06405e-10	0.0230453
6.06469e-10	0.0230381
6.06533e-10	0.0230308
6.06597e-10	0.0230235
6.06661e-10	0.0230163
6.06725e-10	0.023009
6.06789e-10	0.0230017
6.06853e-10	0.0229943
6.06917e-10	0.022987
6.06982e-10	0.0229796
6.07046e-10	0.0229722
6.0711e-10	0.0229648
6.07174e-10	0.0229574
6.07238e-10	0.02295
6.07302e-10	0.0229426
6.07366e-10	0.0229351
6.0743e-10	0.0229276
6.07494e-10	0.0229201
6.07558e-10	0.0229126
6.07622e-10	0.0229051
6.07686e-10	0.0228975
6.0775e-10	0.02289
6.07814e-10	0.0228824
6.07878e-10	0.0228748
6.07942e-10	0.0228672
6.08006e-10	0.0228596
6.0807e-10	0.0228519
6.08134e-10	0.0228443
6.08198e-10	0.0228366
6.08262e-10	0.0228289
6.08326e-10	0.0228212
6.0839e-10	0.0228135
6.08454e-10	0.0228057
6.08518e-10	0.022798
6.08582e-10	0.0227902
6.08646e-10	0.0227824
6.0871e-10	0.0227746
6.08774e-10	0.0227668
6.08838e-10	0.022759
6.08902e-10	0.0227511
6.08966e-10	0.0227432
6.0903e-10	0.0227353
6.09094e-10	0.0227274
6.09158e-10	0.0227195
6.09222e-10	0.0227116
6.09286e-10	0.0227036
6.0935e-10	0.0226956
6.09414e-10	0.0226876
6.09478e-10	0.0226796
6.09542e-10	0.0226716
6.09606e-10	0.0226636
6.0967e-10	0.0226555
6.09734e-10	0.0226474
6.09798e-10	0.0226393
6.09862e-10	0.0226312
6.09926e-10	0.0226231
6.0999e-10	0.022615
6.10054e-10	0.0226068
6.10118e-10	0.0225986
6.10182e-10	0.0225904
6.10246e-10	0.0225822
6.1031e-10	0.022574
6.10374e-10	0.0225658
6.10438e-10	0.0225575
6.10502e-10	0.0225492
6.10566e-10	0.0225409
6.1063e-10	0.0225326
6.10694e-10	0.0225243
6.10758e-10	0.022516
6.10822e-10	0.0225076
6.10886e-10	0.0224992
6.1095e-10	0.0224908
6.11014e-10	0.0224824
6.11078e-10	0.022474
6.11142e-10	0.0224655
6.11206e-10	0.0224571
6.1127e-10	0.0224486
6.11334e-10	0.0224401
6.11398e-10	0.0224316
6.11462e-10	0.0224231
6.11526e-10	0.0224145
6.1159e-10	0.0224059
6.11654e-10	0.0223974
6.11718e-10	0.0223888
6.11782e-10	0.0223801
6.11846e-10	0.0223715
6.1191e-10	0.0223629
6.11974e-10	0.0223542
6.12038e-10	0.0223455
6.12102e-10	0.0223368
6.12166e-10	0.0223281
6.1223e-10	0.0223194
6.12294e-10	0.0223106
6.12358e-10	0.0223018
6.12422e-10	0.022293
6.12486e-10	0.0222842
6.1255e-10	0.0222754
6.12614e-10	0.0222666
6.12678e-10	0.0222577
6.12742e-10	0.0222488
6.12806e-10	0.0222399
6.1287e-10	0.022231
6.12934e-10	0.0222221
6.12998e-10	0.0222132
6.13062e-10	0.0222042
6.13126e-10	0.0221952
6.1319e-10	0.0221862
6.13254e-10	0.0221772
6.13318e-10	0.0221682
6.13382e-10	0.0221591
6.13446e-10	0.0221501
6.1351e-10	0.022141
6.13574e-10	0.0221319
6.13638e-10	0.0221228
6.13702e-10	0.0221136
6.13766e-10	0.0221045
6.1383e-10	0.0220953
6.13894e-10	0.0220861
6.13958e-10	0.0220769
6.14022e-10	0.0220677
6.14086e-10	0.0220585
6.1415e-10	0.0220492
6.14214e-10	0.0220399
6.14278e-10	0.0220306
6.14342e-10	0.0220213
6.14406e-10	0.022012
6.1447e-10	0.0220027
6.14534e-10	0.0219933
6.14598e-10	0.0219839
6.14662e-10	0.0219745
6.14726e-10	0.0219651
6.1479e-10	0.0219557
6.14854e-10	0.0219462
6.14918e-10	0.0219368
6.14982e-10	0.0219273
6.15046e-10	0.0219178
6.1511e-10	0.0219082
6.15174e-10	0.0218987
6.15238e-10	0.0218891
6.15302e-10	0.0218796
6.15366e-10	0.02187
6.1543e-10	0.0218604
6.15494e-10	0.0218507
6.15558e-10	0.0218411
6.15622e-10	0.0218314
6.15686e-10	0.0218217
6.15751e-10	0.021812
6.15815e-10	0.0218023
6.15879e-10	0.0217926
6.15943e-10	0.0217828
6.16007e-10	0.0217731
6.16071e-10	0.0217633
6.16135e-10	0.0217535
6.16199e-10	0.0217437
6.16263e-10	0.0217338
6.16327e-10	0.021724
6.16391e-10	0.0217141
6.16455e-10	0.0217042
6.16519e-10	0.0216943
6.16583e-10	0.0216843
6.16647e-10	0.0216744
6.16711e-10	0.0216644
6.16775e-10	0.0216544
6.16839e-10	0.0216444
6.16903e-10	0.0216344
6.16967e-10	0.0216244
6.17031e-10	0.0216143
6.17095e-10	0.0216042
6.17159e-10	0.0215942
6.17223e-10	0.021584
6.17287e-10	0.0215739
6.17351e-10	0.0215638
6.17415e-10	0.0215536
6.17479e-10	0.0215434
6.17543e-10	0.0215332
6.17607e-10	0.021523
6.17671e-10	0.0215128
6.17735e-10	0.0215025
6.17799e-10	0.0214922
6.17863e-10	0.0214819
6.17927e-10	0.0214716
6.17991e-10	0.0214613
6.18055e-10	0.021451
6.18119e-10	0.0214406
6.18183e-10	0.0214302
6.18247e-10	0.0214198
6.18311e-10	0.0214094
6.18375e-10	0.0213989
6.18439e-10	0.0213885
6.18503e-10	0.021378
6.18567e-10	0.0213675
6.18631e-10	0.021357
6.18695e-10	0.0213465
6.18759e-10	0.0213359
6.18823e-10	0.0213254
6.18887e-10	0.0213148
6.18951e-10	0.0213042
6.19015e-10	0.0212936
6.19079e-10	0.0212829
6.19143e-10	0.0212723
6.19207e-10	0.0212616
6.19271e-10	0.0212509
6.19335e-10	0.0212402
6.19399e-10	0.0212295
6.19463e-10	0.0212187
6.19527e-10	0.0212079
6.19591e-10	0.0211971
6.19655e-10	0.0211863
6.19719e-10	0.0211755
6.19783e-10	0.0211647
6.19847e-10	0.0211538
6.19911e-10	0.0211429
6.19975e-10	0.021132
6.20039e-10	0.0211211
6.20103e-10	0.0211102
6.20167e-10	0.0210992
6.20231e-10	0.0210883
6.20295e-10	0.0210773
6.20359e-10	0.0210663
6.20423e-10	0.0210552
6.20487e-10	0.0210442
6.20551e-10	0.0210331
6.20615e-10	0.021022
6.20679e-10	0.0210109
6.20743e-10	0.0209998
6.20807e-10	0.0209887
6.20871e-10	0.0209775
6.20935e-10	0.0209664
6.20999e-10	0.0209552
6.21063e-10	0.0209439
6.21127e-10	0.0209327
6.21191e-10	0.0209215
6.21255e-10	0.0209102
6.21319e-10	0.0208989
6.21383e-10	0.0208876
6.21447e-10	0.0208763
6.21511e-10	0.0208649
6.21575e-10	0.0208536
6.21639e-10	0.0208422
6.21703e-10	0.0208308
6.21767e-10	0.0208194
6.21831e-10	0.0208079
6.21895e-10	0.0207965
6.21959e-10	0.020785
6.22023e-10	0.0207735
6.22087e-10	0.020762
6.22151e-10	0.0207504
6.22215e-10	0.0207389
6.22279e-10	0.0207273
6.22343e-10	0.0207157
6.22407e-10	0.0207041
6.22471e-10	0.0206925
6.22535e-10	0.0206808
6.22599e-10	0.0206692
6.22663e-10	0.0206575
6.22727e-10	0.0206458
6.22791e-10	0.0206341
6.22855e-10	0.0206223
6.22919e-10	0.0206106
6.22983e-10	0.0205988
6.23047e-10	0.020587
6.23111e-10	0.0205752
6.23175e-10	0.0205633
6.23239e-10	0.0205515
6.23303e-10	0.0205396
6.23367e-10	0.0205277
6.23431e-10	0.0205158
6.23495e-10	0.0205039
6.23559e-10	0.0204919
6.23623e-10	0.0204799
6.23687e-10	0.0204679
6.23751e-10	0.0204559
6.23815e-10	0.0204439
6.23879e-10	0.0204319
6.23943e-10	0.0204198
6.24007e-10	0.0204077
6.24071e-10	0.0203956
6.24135e-10	0.0203835
6.24199e-10	0.0203713
6.24263e-10	0.0203592
6.24327e-10	0.020347
6.24391e-10	0.0203348
6.24456e-10	0.0203226
6.2452e-10	0.0203103
6.24584e-10	0.0202981
6.24648e-10	0.0202858
6.24712e-10	0.0202735
6.24776e-10	0.0202612
6.2484e-10	0.0202488
6.24904e-10	0.0202365
6.24968e-10	0.0202241
6.25032e-10	0.0202117
6.25096e-10	0.0201993
6.2516e-10	0.0201869
6.25224e-10	0.0201744
6.25288e-10	0.0201619
6.25352e-10	0.0201494
6.25416e-10	0.0201369
6.2548e-10	0.0201244
6.25544e-10	0.0201119
6.25608e-10	0.0200993
6.25672e-10	0.0200867
6.25736e-10	0.0200741
6.258e-10	0.0200615
6.25864e-10	0.0200488
6.25928e-10	0.0200361
6.25992e-10	0.0200235
6.26056e-10	0.0200108
6.2612e-10	0.019998
6.26184e-10	0.0199853
6.26248e-10	0.0199725
6.26312e-10	0.0199597
6.26376e-10	0.0199469
6.2644e-10	0.0199341
6.26504e-10	0.0199213
6.26568e-10	0.0199084
6.26632e-10	0.0198955
6.26696e-10	0.0198826
6.2676e-10	0.0198697
6.26824e-10	0.0198567
6.26888e-10	0.0198438
6.26952e-10	0.0198308
6.27016e-10	0.0198178
6.2708e-10	0.0198048
6.27144e-10	0.0197917
6.27208e-10	0.0197787
6.27272e-10	0.0197656
6.27336e-10	0.0197525
6.274e-10	0.0197394
6.27464e-10	0.0197262
6.27528e-10	0.0197131
6.27592e-10	0.0196999
6.27656e-10	0.0196867
6.2772e-10	0.0196735
6.27784e-10	0.0196602
6.27848e-10	0.019647
6.27912e-10	0.0196337
6.27976e-10	0.0196204
6.2804e-10	0.0196071
6.28104e-10	0.0195937
6.28168e-10	0.0195804
6.28232e-10	0.019567
6.28296e-10	0.0195536
6.2836e-10	0.0195402
6.28424e-10	0.0195268
6.28488e-10	0.0195133
6.28552e-10	0.0194998
6.28616e-10	0.0194863
6.2868e-10	0.0194728
6.28744e-10	0.0194593
6.28808e-10	0.0194457
6.28872e-10	0.0194321
6.28936e-10	0.0194185
6.29e-10	0.0194049
6.29064e-10	0.0193913
6.29128e-10	0.0193776
6.29192e-10	0.0193639
6.29256e-10	0.0193502
6.2932e-10	0.0193365
6.29384e-10	0.0193228
6.29448e-10	0.019309
6.29512e-10	0.0192952
6.29576e-10	0.0192814
6.2964e-10	0.0192676
6.29704e-10	0.0192538
6.29768e-10	0.0192399
6.29832e-10	0.019226
6.29896e-10	0.0192121
6.2996e-10	0.0191982
6.30024e-10	0.0191843
6.30088e-10	0.0191703
6.30152e-10	0.0191563
6.30216e-10	0.0191423
6.3028e-10	0.0191283
6.30344e-10	0.0191143
6.30408e-10	0.0191002
6.30472e-10	0.0190861
6.30536e-10	0.019072
6.306e-10	0.0190579
6.30664e-10	0.0190438
6.30728e-10	0.0190296
6.30792e-10	0.0190154
6.30856e-10	0.0190012
6.3092e-10	0.018987
6.30984e-10	0.0189727
6.31048e-10	0.0189585
6.31112e-10	0.0189442
6.31176e-10	0.0189299
6.3124e-10	0.0189155
6.31304e-10	0.0189012
6.31368e-10	0.0188868
6.31432e-10	0.0188724
6.31496e-10	0.018858
6.3156e-10	0.0188436
6.31624e-10	0.0188291
6.31688e-10	0.0188147
6.31752e-10	0.0188002
6.31816e-10	0.0187857
6.3188e-10	0.0187711
6.31944e-10	0.0187566
6.32008e-10	0.018742
6.32072e-10	0.0187274
6.32136e-10	0.0187128
6.322e-10	0.0186982
6.32264e-10	0.0186835
6.32328e-10	0.0186688
6.32392e-10	0.0186541
6.32456e-10	0.0186394
6.3252e-10	0.0186247
6.32584e-10	0.0186099
6.32648e-10	0.0185951
6.32712e-10	0.0185803
6.32776e-10	0.0185655
6.3284e-10	0.0185507
6.32904e-10	0.0185358
6.32968e-10	0.0185209
6.33032e-10	0.018506
6.33096e-10	0.0184911
6.3316e-10	0.0184761
6.33225e-10	0.0184612
6.33289e-10	0.0184462
6.33353e-10	0.0184312
6.33417e-10	0.0184161
6.33481e-10	0.0184011
6.33545e-10	0.018386
6.33609e-10	0.0183709
6.33673e-10	0.0183558
6.33737e-10	0.0183407
6.33801e-10	0.0183255
6.33865e-10	0.0183104
6.33929e-10	0.0182952
6.33993e-10	0.0182799
6.34057e-10	0.0182647
6.34121e-10	0.0182494
6.34185e-10	0.0182342
6.34249e-10	0.0182189
6.34313e-10	0.0182035
6.34377e-10	0.0181882
6.34441e-10	0.0181728
6.34505e-10	0.0181574
6.34569e-10	0.018142
6.34633e-10	0.0181266
6.34697e-10	0.0181112
6.34761e-10	0.0180957
6.34825e-10	0.0180802
6.34889e-10	0.0180647
6.34953e-10	0.0180492
6.35017e-10	0.0180336
6.35081e-10	0.018018
6.35145e-10	0.0180024
6.35209e-10	0.0179868
6.35273e-10	0.0179712
6.35337e-10	0.0179555
6.35401e-10	0.0179398
6.35465e-10	0.0179241
6.35529e-10	0.0179084
6.35593e-10	0.0178927
6.35657e-10	0.0178769
6.35721e-10	0.0178611
6.35785e-10	0.0178453
6.35849e-10	0.0178295
6.35913e-10	0.0178136
6.35977e-10	0.0177977
6.36041e-10	0.0177819
6.36105e-10	0.0177659
6.36169e-10	0.01775
6.36233e-10	0.017734
6.36297e-10	0.0177181
6.36361e-10	0.0177021
6.36425e-10	0.017686
6.36489e-10	0.01767
6.36553e-10	0.0176539
6.36617e-10	0.0176379
6.36681e-10	0.0176217
6.36745e-10	0.0176056
6.36809e-10	0.0175895
6.36873e-10	0.0175733
6.36937e-10	0.0175571
6.37001e-10	0.0175409
6.37065e-10	0.0175247
6.37129e-10	0.0175084
6.37193e-10	0.0174921
6.37257e-10	0.0174758
6.37321e-10	0.0174595
6.37385e-10	0.0174432
6.37449e-10	0.0174268
6.37513e-10	0.0174104
6.37577e-10	0.017394
6.37641e-10	0.0173776
6.37705e-10	0.0173611
6.37769e-10	0.0173446
6.37833e-10	0.0173282
6.37897e-10	0.0173116
6.37961e-10	0.0172951
6.38025e-10	0.0172785
6.38089e-10	0.017262
6.38153e-10	0.0172454
6.38217e-10	0.0172287
6.38281e-10	0.0172121
6.38345e-10	0.0171954
6.38409e-10	0.0171787
6.38473e-10	0.017162
6.38537e-10	0.0171453
6.38601e-10	0.0171285
6.38665e-10	0.0171118
6.38729e-10	0.017095
6.38793e-10	0.0170781
6.38857e-10	0.0170613
6.38921e-10	0.0170444
6.38985e-10	0.0170276
6.39049e-10	0.0170106
6.39113e-10	0.0169937
6.39177e-10	0.0169768
6.39241e-10	0.0169598
6.39305e-10	0.0169428
6.39369e-10	0.0169258
6.39433e-10	0.0169088
6.39497e-10	0.0168917
6.39561e-10	0.0168746
6.39625e-10	0.0168575
6.39689e-10	0.0168404
6.39753e-10	0.0168232
6.39817e-10	0.0168061
6.39881e-10	0.0167889
6.39945e-10	0.0167717
6.40009e-10	0.0167544
6.40073e-10	0.0167372
6.40137e-10	0.0167199
6.40201e-10	0.0167026
6.40265e-10	0.0166853
6.40329e-10	0.0166679
6.40393e-10	0.0166506
6.40457e-10	0.0166332
6.40521e-10	0.0166158
6.40585e-10	0.0165983
6.40649e-10	0.0165809
6.40713e-10	0.0165634
6.40777e-10	0.0165459
6.40841e-10	0.0165284
6.40905e-10	0.0165108
6.40969e-10	0.0164933
6.41033e-10	0.0164757
6.41097e-10	0.0164581
6.41161e-10	0.0164404
6.41225e-10	0.0164228
6.41289e-10	0.0164051
6.41353e-10	0.0163874
6.41417e-10	0.0163697
6.41481e-10	0.016352
6.41545e-10	0.0163342
6.41609e-10	0.0163164
6.41673e-10	0.0162986
6.41737e-10	0.0162808
6.41801e-10	0.0162629
6.41865e-10	0.016245
6.4193e-10	0.0162271
6.41994e-10	0.0162092
6.42058e-10	0.0161913
6.42122e-10	0.0161733
6.42186e-10	0.0161553
6.4225e-10	0.0161373
6.42314e-10	0.0161193
6.42378e-10	0.0161012
6.42442e-10	0.0160831
6.42506e-10	0.016065
6.4257e-10	0.0160469
6.42634e-10	0.0160288
6.42698e-10	0.0160106
6.42762e-10	0.0159924
6.42826e-10	0.0159742
6.4289e-10	0.015956
6.42954e-10	0.0159377
6.43018e-10	0.0159194
6.43082e-10	0.0159011
6.43146e-10	0.0158828
6.4321e-10	0.0158645
6.43274e-10	0.0158461
6.43338e-10	0.0158277
6.43402e-10	0.0158093
6.43466e-10	0.0157908
6.4353e-10	0.0157724
6.43594e-10	0.0157539
6.43658e-10	0.0157354
6.43722e-10	0.0157169
6.43786e-10	0.0156983
6.4385e-10	0.0156798
6.43914e-10	0.0156612
6.43978e-10	0.0156425
6.44042e-10	0.0156239
6.44106e-10	0.0156052
6.4417e-10	0.0155866
6.44234e-10	0.0155678
6.44298e-10	0.0155491
6.44362e-10	0.0155304
6.44426e-10	0.0155116
6.4449e-10	0.0154928
6.44554e-10	0.015474
6.44618e-10	0.0154551
6.44682e-10	0.0154362
6.44746e-10	0.0154174
6.4481e-10	0.0153984
6.44874e-10	0.0153795
6.44938e-10	0.0153605
6.45002e-10	0.0153416
6.45066e-10	0.0153226
6.4513e-10	0.0153035
6.45194e-10	0.0152845
6.45258e-10	0.0152654
6.45322e-10	0.0152463
6.45386e-10	0.0152272
6.4545e-10	0.0152081
6.45514e-10	0.0151889
6.45578e-10	0.0151697
6.45642e-10	0.0151505
6.45706e-10	0.0151313
6.4577e-10	0.015112
6.45834e-10	0.0150927
6.45898e-10	0.0150734
6.45962e-10	0.0150541
6.46026e-10	0.0150348
6.4609e-10	0.0150154
6.46154e-10	0.014996
6.46218e-10	0.0149766
6.46282e-10	0.0149571
6.46346e-10	0.0149377
6.4641e-10	0.0149182
6.46474e-10	0.0148987
6.46538e-10	0.0148791
6.46602e-10	0.0148596
6.46666e-10	0.01484
6.4673e-10	0.0148204
6.46794e-10	0.0148008
6.46858e-10	0.0147811
6.46922e-10	0.0147615
6.46986e-10	0.0147418
6.4705e-10	0.014722
6.47114e-10	0.0147023
6.47178e-10	0.0146825
6.47242e-10	0.0146628
6.47306e-10	0.0146429
6.4737e-10	0.0146231
6.47434e-10	0.0146033
6.47498e-10	0.0145834
6.47562e-10	0.0145635
6.47626e-10	0.0145435
6.4769e-10	0.0145236
6.47754e-10	0.0145036
6.47818e-10	0.0144836
6.47882e-10	0.0144636
6.47946e-10	0.0144436
6.4801e-10	0.0144235
6.48074e-10	0.0144034
6.48138e-10	0.0143833
6.48202e-10	0.0143632
6.48266e-10	0.014343
6.4833e-10	0.0143228
6.48394e-10	0.0143026
6.48458e-10	0.0142824
6.48522e-10	0.0142621
6.48586e-10	0.0142419
6.4865e-10	0.0142216
6.48714e-10	0.0142012
6.48778e-10	0.0141809
6.48842e-10	0.0141605
6.48906e-10	0.0141401
6.4897e-10	0.0141197
6.49034e-10	0.0140993
6.49098e-10	0.0140788
6.49162e-10	0.0140583
6.49226e-10	0.0140378
6.4929e-10	0.0140173
6.49354e-10	0.0139967
6.49418e-10	0.0139761
6.49482e-10	0.0139555
6.49546e-10	0.0139349
6.4961e-10	0.0139142
6.49674e-10	0.0138936
6.49738e-10	0.0138729
6.49802e-10	0.0138521
6.49866e-10	0.0138314
6.4993e-10	0.0138106
6.49994e-10	0.0137898
6.50058e-10	0.013769
6.50122e-10	0.0137482
6.50186e-10	0.0137273
6.5025e-10	0.0137064
6.50314e-10	0.0136855
6.50378e-10	0.0136646
6.50442e-10	0.0136436
6.50506e-10	0.0136226
6.5057e-10	0.0136016
6.50634e-10	0.0135806
6.50699e-10	0.0135595
6.50763e-10	0.0135384
6.50827e-10	0.0135173
6.50891e-10	0.0134962
6.50955e-10	0.0134751
6.51019e-10	0.0134539
6.51083e-10	0.0134327
6.51147e-10	0.0134115
6.51211e-10	0.0133902
6.51275e-10	0.0133689
6.51339e-10	0.0133477
6.51403e-10	0.0133263
6.51467e-10	0.013305
6.51531e-10	0.0132836
6.51595e-10	0.0132622
6.51659e-10	0.0132408
6.51723e-10	0.0132194
6.51787e-10	0.0131979
6.51851e-10	0.0131764
6.51915e-10	0.0131549
6.51979e-10	0.0131334
6.52043e-10	0.0131118
6.52107e-10	0.0130903
6.52171e-10	0.0130687
6.52235e-10	0.013047
6.52299e-10	0.0130254
6.52363e-10	0.0130037
6.52427e-10	0.012982
6.52491e-10	0.0129603
6.52555e-10	0.0129385
6.52619e-10	0.0129167
6.52683e-10	0.0128949
6.52747e-10	0.0128731
6.52811e-10	0.0128513
6.52875e-10	0.0128294
6.52939e-10	0.0128075
6.53003e-10	0.0127856
6.53067e-10	0.0127637
6.53131e-10	0.0127417
6.53195e-10	0.0127197
6.53259e-10	0.0126977
6.53323e-10	0.0126756
6.53387e-10	0.0126536
6.53451e-10	0.0126315
6.53515e-10	0.0126094
6.53579e-10	0.0125872
6.53643e-10	0.0125651
6.53707e-10	0.0125429
6.53771e-10	0.0125207
6.53835e-10	0.0124985
6.53899e-10	0.0124762
6.53963e-10	0.0124539
6.54027e-10	0.0124316
6.54091e-10	0.0124093
6.54155e-10	0.0123869
6.54219e-10	0.0123645
6.54283e-10	0.0123421
6.54347e-10	0.0123197
6.54411e-10	0.0122973
6.54475e-10	0.0122748
6.54539e-10	0.0122523
6.54603e-10	0.0122297
6.54667e-10	0.0122072
6.54731e-10	0.0121846
6.54795e-10	0.012162
6.54859e-10	0.0121394
6.54923e-10	0.0121168
6.54987e-10	0.0120941
6.55051e-10	0.0120714
6.55115e-10	0.0120487
6.55179e-10	0.0120259
6.55243e-10	0.0120031
6.55307e-10	0.0119803
6.55371e-10	0.0119575
6.55435e-10	0.0119347
6.55499e-10	0.0119118
6.55563e-10	0.0118889
6.55627e-10	0.011866
6.55691e-10	0.0118431
6.55755e-10	0.0118201
6.55819e-10	0.0117971
6.55883e-10	0.0117741
6.55947e-10	0.011751
6.56011e-10	0.011728
6.56075e-10	0.0117049
6.56139e-10	0.0116818
6.56203e-10	0.0116586
6.56267e-10	0.0116355
6.56331e-10	0.0116123
6.56395e-10	0.0115891
6.56459e-10	0.0115658
6.56523e-10	0.0115426
6.56587e-10	0.0115193
6.56651e-10	0.011496
6.56715e-10	0.0114726
6.56779e-10	0.0114493
6.56843e-10	0.0114259
6.56907e-10	0.0114025
6.56971e-10	0.011379
6.57035e-10	0.0113556
6.57099e-10	0.0113321
6.57163e-10	0.0113086
6.57227e-10	0.011285
6.57291e-10	0.0112615
6.57355e-10	0.0112379
6.57419e-10	0.0112143
6.57483e-10	0.0111906
6.57547e-10	0.011167
6.57611e-10	0.0111433
6.57675e-10	0.0111196
6.57739e-10	0.0110958
6.57803e-10	0.0110721
6.57867e-10	0.0110483
6.57931e-10	0.0110245
6.57995e-10	0.0110006
6.58059e-10	0.0109768
6.58123e-10	0.0109529
6.58187e-10	0.010929
6.58251e-10	0.010905
6.58315e-10	0.0108811
6.58379e-10	0.0108571
6.58443e-10	0.0108331
6.58507e-10	0.010809
6.58571e-10	0.010785
6.58635e-10	0.0107609
6.58699e-10	0.0107368
6.58763e-10	0.0107126
6.58827e-10	0.0106885
6.58891e-10	0.0106643
6.58955e-10	0.0106401
6.59019e-10	0.0106159
6.59083e-10	0.0105916
6.59147e-10	0.0105673
6.59211e-10	0.010543
6.59275e-10	0.0105187
6.59339e-10	0.0104943
6.59404e-10	0.0104699
6.59468e-10	0.0104455
6.59532e-10	0.010421
6.59596e-10	0.0103966
6.5966e-10	0.0103721
6.59724e-10	0.0103476
6.59788e-10	0.010323
6.59852e-10	0.0102985
6.59916e-10	0.0102739
6.5998e-10	0.0102493
6.60044e-10	0.0102246
6.60108e-10	0.0102
6.60172e-10	0.0101753
6.60236e-10	0.0101506
6.603e-10	0.0101258
6.60364e-10	0.010101
6.60428e-10	0.0100763
6.60492e-10	0.0100514
6.60556e-10	0.0100266
6.6062e-10	0.0100017
6.60684e-10	0.00997683
6.60748e-10	0.00995191
6.60812e-10	0.00992696
6.60876e-10	0.00990199
6.6094e-10	0.00987699
6.61004e-10	0.00985197
6.61068e-10	0.00982692
6.61132e-10	0.00980185
6.61196e-10	0.00977675
6.6126e-10	0.00975163
6.61324e-10	0.00972648
6.61388e-10	0.0097013
6.61452e-10	0.0096761
6.61516e-10	0.00965088
6.6158e-10	0.00962563
6.61644e-10	0.00960035
6.61708e-10	0.00957505
6.61772e-10	0.00954972
6.61836e-10	0.00952436
6.619e-10	0.00949898
6.61964e-10	0.00947358
6.62028e-10	0.00944815
6.62092e-10	0.00942269
6.62156e-10	0.00939721
6.6222e-10	0.0093717
6.62284e-10	0.00934617
6.62348e-10	0.00932061
6.62412e-10	0.00929502
6.62476e-10	0.00926941
6.6254e-10	0.00924378
6.62604e-10	0.00921811
6.62668e-10	0.00919243
6.62732e-10	0.00916671
6.62796e-10	0.00914097
6.6286e-10	0.00911521
6.62924e-10	0.00908942
6.62988e-10	0.0090636
6.63052e-10	0.00903776
6.63116e-10	0.00901189
6.6318e-10	0.008986
6.63244e-10	0.00896008
6.63308e-10	0.00893413
6.63372e-10	0.00890816
6.63436e-10	0.00888216
6.635e-10	0.00885614
6.63564e-10	0.00883009
6.63628e-10	0.00880401
6.63692e-10	0.00877791
6.63756e-10	0.00875178
6.6382e-10	0.00872563
6.63884e-10	0.00869945
6.63948e-10	0.00867325
6.64012e-10	0.00864702
6.64076e-10	0.00862076
6.6414e-10	0.00859448
6.64204e-10	0.00856817
6.64268e-10	0.00854183
6.64332e-10	0.00851547
6.64396e-10	0.00848909
6.6446e-10	0.00846267
6.64524e-10	0.00843624
6.64588e-10	0.00840977
6.64652e-10	0.00838328
6.64716e-10	0.00835676
6.6478e-10	0.00833022
6.64844e-10	0.00830365
6.64908e-10	0.00827705
6.64972e-10	0.00825043
6.65036e-10	0.00822379
6.651e-10	0.00819711
6.65164e-10	0.00817041
6.65228e-10	0.00814369
6.65292e-10	0.00811694
6.65356e-10	0.00809016
6.6542e-10	0.00806335
6.65484e-10	0.00803652
6.65548e-10	0.00800966
6.65612e-10	0.00798278
6.65676e-10	0.00795587
6.6574e-10	0.00792894
6.65804e-10	0.00790198
6.65868e-10	0.00787499
6.65932e-10	0.00784797
6.65996e-10	0.00782093
6.6606e-10	0.00779387
6.66124e-10	0.00776677
6.66188e-10	0.00773965
6.66252e-10	0.00771251
6.66316e-10	0.00768534
6.6638e-10	0.00765814
6.66444e-10	0.00763091
6.66508e-10	0.00760366
6.66572e-10	0.00757639
6.66636e-10	0.00754908
6.667e-10	0.00752175
6.66764e-10	0.0074944
6.66828e-10	0.00746701
6.66892e-10	0.0074396
6.66956e-10	0.00741217
6.6702e-10	0.00738471
6.67084e-10	0.00735722
6.67148e-10	0.0073297
6.67212e-10	0.00730216
6.67276e-10	0.00727459
6.6734e-10	0.007247
6.67404e-10	0.00721938
6.67468e-10	0.00719173
6.67532e-10	0.00716406
6.67596e-10	0.00713635
6.6766e-10	0.00710863
6.67724e-10	0.00708087
6.67788e-10	0.00705309
6.67852e-10	0.00702529
6.67916e-10	0.00699745
6.6798e-10	0.00696959
6.68044e-10	0.00694171
6.68108e-10	0.0069138
6.68173e-10	0.00688586
6.68237e-10	0.00685789
6.68301e-10	0.0068299
6.68365e-10	0.00680188
6.68429e-10	0.00677383
6.68493e-10	0.00674576
6.68557e-10	0.00671766
6.68621e-10	0.00668953
6.68685e-10	0.00666138
6.68749e-10	0.0066332
6.68813e-10	0.00660499
6.68877e-10	0.00657676
6.68941e-10	0.0065485
6.69005e-10	0.00652021
6.69069e-10	0.0064919
6.69133e-10	0.00646356
6.69197e-10	0.00643519
6.69261e-10	0.0064068
6.69325e-10	0.00637838
6.69389e-10	0.00634993
6.69453e-10	0.00632146
6.69517e-10	0.00629296
6.69581e-10	0.00626443
6.69645e-10	0.00623588
6.69709e-10	0.0062073
6.69773e-10	0.00617869
6.69837e-10	0.00615005
6.69901e-10	0.00612139
6.69965e-10	0.0060927
6.70029e-10	0.00606399
6.70093e-10	0.00603524
6.70157e-10	0.00600647
6.70221e-10	0.00597768
6.70285e-10	0.00594886
6.70349e-10	0.00592
6.70413e-10	0.00589113
6.70477e-10	0.00586222
6.70541e-10	0.00583329
6.70605e-10	0.00580433
6.70669e-10	0.00577535
6.70733e-10	0.00574634
6.70797e-10	0.0057173
6.70861e-10	0.00568823
6.70925e-10	0.00565914
6.70989e-10	0.00563002
6.71053e-10	0.00560087
6.71117e-10	0.0055717
6.71181e-10	0.00554249
6.71245e-10	0.00551327
6.71309e-10	0.00548401
6.71373e-10	0.00545473
6.71437e-10	0.00542542
6.71501e-10	0.00539608
6.71565e-10	0.00536672
6.71629e-10	0.00533733
6.71693e-10	0.00530791
6.71757e-10	0.00527846
6.71821e-10	0.00524899
6.71885e-10	0.00521949
6.71949e-10	0.00518996
6.72013e-10	0.00516041
6.72077e-10	0.00513083
6.72141e-10	0.00510122
6.72205e-10	0.00507158
6.72269e-10	0.00504192
6.72333e-10	0.00501223
6.72397e-10	0.00498251
6.72461e-10	0.00495276
6.72525e-10	0.00492299
6.72589e-10	0.00489319
6.72653e-10	0.00486337
6.72717e-10	0.00483351
6.72781e-10	0.00480363
6.72845e-10	0.00477372
6.72909e-10	0.00474379
6.72973e-10	0.00471382
6.73037e-10	0.00468383
6.73101e-10	0.00465381
6.73165e-10	0.00462377
6.73229e-10	0.00459369
6.73293e-10	0.00456359
6.73357e-10	0.00453347
6.73421e-10	0.00450331
6.73485e-10	0.00447313
6.73549e-10	0.00444292
6.73613e-10	0.00441268
6.73677e-10	0.00438242
6.73741e-10	0.00435212
6.73805e-10	0.0043218
6.73869e-10	0.00429146
6.73933e-10	0.00426108
6.73997e-10	0.00423068
6.74061e-10	0.00420025
6.74125e-10	0.00416979
6.74189e-10	0.00413931
6.74253e-10	0.00410879
6.74317e-10	0.00407825
6.74381e-10	0.00404769
6.74445e-10	0.00401709
6.74509e-10	0.00398647
6.74573e-10	0.00395582
6.74637e-10	0.00392514
6.74701e-10	0.00389444
6.74765e-10	0.0038637
6.74829e-10	0.00383294
6.74893e-10	0.00380215
6.74957e-10	0.00377134
6.75021e-10	0.00374049
6.75085e-10	0.00370962
6.75149e-10	0.00367872
6.75213e-10	0.0036478
6.75277e-10	0.00361684
6.75341e-10	0.00358586
6.75405e-10	0.00355485
6.75469e-10	0.00352381
6.75533e-10	0.00349275
6.75597e-10	0.00346165
6.75661e-10	0.00343053
6.75725e-10	0.00339939
6.75789e-10	0.00336821
6.75853e-10	0.003337
6.75917e-10	0.00330577
6.75981e-10	0.00327451
6.76045e-10	0.00324323
6.76109e-10	0.00321191
6.76173e-10	0.00318057
6.76237e-10	0.0031492
6.76301e-10	0.0031178
6.76365e-10	0.00308637
6.76429e-10	0.00305492
6.76493e-10	0.00302343
6.76557e-10	0.00299192
6.76621e-10	0.00296039
6.76685e-10	0.00292882
6.76749e-10	0.00289723
6.76813e-10	0.0028656
6.76878e-10	0.00283395
6.76942e-10	0.00280228
6.77006e-10	0.00277057
6.7707e-10	0.00273884
6.77134e-10	0.00270708
6.77198e-10	0.00267529
6.77262e-10	0.00264347
6.77326e-10	0.00261162
6.7739e-10	0.00257975
6.77454e-10	0.00254785
6.77518e-10	0.00251592
6.77582e-10	0.00248396
6.77646e-10	0.00245198
6.7771e-10	0.00241996
6.77774e-10	0.00238792
6.77838e-10	0.00235585
6.77902e-10	0.00232375
6.77966e-10	0.00229163
6.7803e-10	0.00225947
6.78094e-10	0.00222729
6.78158e-10	0.00219508
6.78222e-10	0.00216284
6.78286e-10	0.00213058
6.7835e-10	0.00209828
6.78414e-10	0.00206596
6.78478e-10	0.00203361
6.78542e-10	0.00200123
6.78606e-10	0.00196882
6.7867e-10	0.00193639
6.78734e-10	0.00190392
6.78798e-10	0.00187143
6.78862e-10	0.00183891
6.78926e-10	0.00180636
6.7899e-10	0.00177379
6.79054e-10	0.00174118
6.79118e-10	0.00170855
6.79182e-10	0.00167589
6.79246e-10	0.0016432
6.7931e-10	0.00161048
6.79374e-10	0.00157773
6.79438e-10	0.00154496
6.79502e-10	0.00151216
6.79566e-10	0.00147932
6.7963e-10	0.00144646
6.79694e-10	0.00141358
6.79758e-10	0.00138066
6.79822e-10	0.00134772
6.79886e-10	0.00131474
6.7995e-10	0.00128174
6.80014e-10	0.00124871
6.80078e-10	0.00121565
6.80142e-10	0.00118257
6.80206e-10	0.00114945
6.8027e-10	0.00111631
6.80334e-10	0.00108314
6.80398e-10	0.00104994
6.80462e-10	0.00101671
6.80526e-10	0.000983453
6.8059e-10	0.000950168
6.80654e-10	0.000916854
6.80718e-10	0.000883511
6.80782e-10	0.000850141
6.80846e-10	0.000816741
6.8091e-10	0.000783313
6.80974e-10	0.000749857
6.81038e-10	0.000716372
6.81102e-10	0.000682858
6.81166e-10	0.000649316
6.8123e-10	0.000615746
6.81294e-10	0.000582147
6.81358e-10	0.000548519
6.81422e-10	0.000514863
6.81486e-10	0.000481178
6.8155e-10	0.000447464
6.81614e-10	0.000413722
6.81678e-10	0.000379952
6.81742e-10	0.000346152
6.81806e-10	0.000312324
6.8187e-10	0.000278468
6.81934e-10	0.000244582
6.81998e-10	0.000210668
6.82062e-10	0.000176726
6.82126e-10	0.000142754
6.8219e-10	0.000108755
6.82254e-10	7.47258e-05
6.82318e-10	4.06684e-05
6.82382e-10	6.58234e-06
6.82446e-10	-2.75325e-05
6.8251e-10	-6.16761e-05
6.82574e-10	-9.58484e-05
6.82638e-10	-0.000130049
6.82702e-10	-0.000164279
6.82766e-10	-0.000198538
6.8283e-10	-0.000232825
6.82894e-10	-0.000267141
6.82958e-10	-0.000301486
6.83022e-10	-0.00033586
6.83086e-10	-0.000370263
6.8315e-10	-0.000404694
6.83214e-10	-0.000439154
6.83278e-10	-0.000473643
6.83342e-10	-0.000508161
6.83406e-10	-0.000542708
6.8347e-10	-0.000577284
6.83534e-10	-0.000611888
6.83598e-10	-0.000646522
6.83662e-10	-0.000681184
6.83726e-10	-0.000715875
6.8379e-10	-0.000750595
6.83854e-10	-0.000785344
6.83918e-10	-0.000820122
6.83982e-10	-0.000854929
6.84046e-10	-0.000889765
6.8411e-10	-0.00092463
6.84174e-10	-0.000959524
6.84238e-10	-0.000994447
6.84302e-10	-0.0010294
6.84366e-10	-0.00106438
6.8443e-10	-0.00109939
6.84494e-10	-0.00113443
6.84558e-10	-0.0011695
6.84622e-10	-0.00120459
6.84686e-10	-0.00123972
6.8475e-10	-0.00127487
6.84814e-10	-0.00131006
6.84878e-10	-0.00134527
6.84942e-10	-0.00138051
6.85006e-10	-0.00141578
6.8507e-10	-0.00145108
6.85134e-10	-0.00148641
6.85198e-10	-0.00152177
6.85262e-10	-0.00155716
6.85326e-10	-0.00159258
6.8539e-10	-0.00162802
6.85454e-10	-0.0016635
6.85518e-10	-0.001699
6.85583e-10	-0.00173453
6.85647e-10	-0.0017701
6.85711e-10	-0.00180569
6.85775e-10	-0.00184131
6.85839e-10	-0.00187696
6.85903e-10	-0.00191264
6.85967e-10	-0.00194835
6.86031e-10	-0.00198408
6.86095e-10	-0.00201985
6.86159e-10	-0.00205565
6.86223e-10	-0.00209147
6.86287e-10	-0.00212733
6.86351e-10	-0.00216321
6.86415e-10	-0.00219912
6.86479e-10	-0.00223507
6.86543e-10	-0.00227104
6.86607e-10	-0.00230704
6.86671e-10	-0.00234307
6.86735e-10	-0.00237913
6.86799e-10	-0.00241522
6.86863e-10	-0.00245134
6.86927e-10	-0.00248748
6.86991e-10	-0.00252366
6.87055e-10	-0.00255987
6.87119e-10	-0.0025961
6.87183e-10	-0.00263237
6.87247e-10	-0.00266866
6.87311e-10	-0.00270498
6.87375e-10	-0.00274134
6.87439e-10	-0.00277772
6.87503e-10	-0.00281413
6.87567e-10	-0.00285057
6.87631e-10	-0.00288704
6.87695e-10	-0.00292354
6.87759e-10	-0.00296007
6.87823e-10	-0.00299663
6.87887e-10	-0.00303322
6.87951e-10	-0.00306984
6.88015e-10	-0.00310649
6.88079e-10	-0.00314317
6.88143e-10	-0.00317987
6.88207e-10	-0.00321661
6.88271e-10	-0.00325337
6.88335e-10	-0.00329017
6.88399e-10	-0.00332699
6.88463e-10	-0.00336385
6.88527e-10	-0.00340073
6.88591e-10	-0.00343765
6.88655e-10	-0.00347459
6.88719e-10	-0.00351156
6.88783e-10	-0.00354856
6.88847e-10	-0.00358559
6.88911e-10	-0.00362266
6.88975e-10	-0.00365975
6.89039e-10	-0.00369687
6.89103e-10	-0.00373402
6.89167e-10	-0.0037712
6.89231e-10	-0.00380841
6.89295e-10	-0.00384565
6.89359e-10	-0.00388291
6.89423e-10	-0.00392021
6.89487e-10	-0.00395754
6.89551e-10	-0.0039949
6.89615e-10	-0.00403229
6.89679e-10	-0.0040697
6.89743e-10	-0.00410715
6.89807e-10	-0.00414463
6.89871e-10	-0.00418213
6.89935e-10	-0.00421967
6.89999e-10	-0.00425724
6.90063e-10	-0.00429483
6.90127e-10	-0.00433246
6.90191e-10	-0.00437011
6.90255e-10	-0.0044078
6.90319e-10	-0.00444551
6.90383e-10	-0.00448326
6.90447e-10	-0.00452103
6.90511e-10	-0.00455883
6.90575e-10	-0.00459667
6.90639e-10	-0.00463453
6.90703e-10	-0.00467243
6.90767e-10	-0.00471035
6.90831e-10	-0.0047483
6.90895e-10	-0.00478628
6.90959e-10	-0.0048243
6.91023e-10	-0.00486234
6.91087e-10	-0.00490041
6.91151e-10	-0.00493852
6.91215e-10	-0.00497665
6.91279e-10	-0.00501481
6.91343e-10	-0.005053
6.91407e-10	-0.00509123
6.91471e-10	-0.00512948
6.91535e-10	-0.00516776
6.91599e-10	-0.00520607
6.91663e-10	-0.00524441
6.91727e-10	-0.00528279
6.91791e-10	-0.00532119
6.91855e-10	-0.00535962
6.91919e-10	-0.00539808
6.91983e-10	-0.00543657
6.92047e-10	-0.0054751
6.92111e-10	-0.00551365
6.92175e-10	-0.00555223
6.92239e-10	-0.00559084
6.92303e-10	-0.00562948
6.92367e-10	-0.00566816
6.92431e-10	-0.00570686
6.92495e-10	-0.00574559
6.92559e-10	-0.00578435
6.92623e-10	-0.00582315
6.92687e-10	-0.00586197
6.92751e-10	-0.00590082
6.92815e-10	-0.0059397
6.92879e-10	-0.00597862
6.92943e-10	-0.00601756
6.93007e-10	-0.00605653
6.93071e-10	-0.00609553
6.93135e-10	-0.00613457
6.93199e-10	-0.00617363
6.93263e-10	-0.00621272
6.93327e-10	-0.00625185
6.93391e-10	-0.006291
6.93455e-10	-0.00633019
6.93519e-10	-0.0063694
6.93583e-10	-0.00640865
6.93647e-10	-0.00644792
6.93711e-10	-0.00648722
6.93775e-10	-0.00652656
6.93839e-10	-0.00656593
6.93903e-10	-0.00660532
6.93967e-10	-0.00664475
6.94031e-10	-0.0066842
6.94095e-10	-0.00672369
6.94159e-10	-0.00676321
6.94223e-10	-0.00680275
6.94287e-10	-0.00684233
6.94352e-10	-0.00688194
6.94416e-10	-0.00692157
6.9448e-10	-0.00696124
6.94544e-10	-0.00700094
6.94608e-10	-0.00704067
6.94672e-10	-0.00708043
6.94736e-10	-0.00712022
6.948e-10	-0.00716004
6.94864e-10	-0.00719989
6.94928e-10	-0.00723977
6.94992e-10	-0.00727968
6.95056e-10	-0.00731962
6.9512e-10	-0.00735959
6.95184e-10	-0.00739959
6.95248e-10	-0.00743963
6.95312e-10	-0.00747969
6.95376e-10	-0.00751978
6.9544e-10	-0.00755991
6.95504e-10	-0.00760006
6.95568e-10	-0.00764025
6.95632e-10	-0.00768046
6.95696e-10	-0.00772071
6.9576e-10	-0.00776098
6.95824e-10	-0.00780129
6.95888e-10	-0.00784162
6.95952e-10	-0.00788199
6.96016e-10	-0.00792239
6.9608e-10	-0.00796282
6.96144e-10	-0.00800328
6.96208e-10	-0.00804377
6.96272e-10	-0.00808429
6.96336e-10	-0.00812484
6.964e-10	-0.00816542
6.96464e-10	-0.00820603
6.96528e-10	-0.00824667
6.96592e-10	-0.00828734
6.96656e-10	-0.00832805
6.9672e-10	-0.00836878
6.96784e-10	-0.00840954
6.96848e-10	-0.00845034
6.96912e-10	-0.00849117
6.96976e-10	-0.00853202
6.9704e-10	-0.00857291
6.97104e-10	-0.00861382
6.97168e-10	-0.00865477
6.97232e-10	-0.00869575
6.97296e-10	-0.00873676
6.9736e-10	-0.0087778
6.97424e-10	-0.00881887
6.97488e-10	-0.00885997
6.97552e-10	-0.0089011
6.97616e-10	-0.00894227
6.9768e-10	-0.00898346
6.97744e-10	-0.00902468
6.97808e-10	-0.00906594
6.97872e-10	-0.00910722
6.97936e-10	-0.00914854
6.98e-10	-0.00918989
6.98064e-10	-0.00923126
6.98128e-10	-0.00927267
6.98192e-10	-0.00931411
6.98256e-10	-0.00935558
6.9832e-10	-0.00939708
6.98384e-10	-0.00943861
6.98448e-10	-0.00948018
6.98512e-10	-0.00952177
6.98576e-10	-0.00956339
6.9864e-10	-0.00960505
6.98704e-10	-0.00964673
6.98768e-10	-0.00968845
6.98832e-10	-0.0097302
6.98896e-10	-0.00977197
6.9896e-10	-0.00981378
6.99024e-10	-0.00985562
6.99088e-10	-0.00989749
6.99152e-10	-0.00993939
6.99216e-10	-0.00998133
6.9928e-10	-0.0100233
6.99344e-10	-0.0100653
6.99408e-10	-0.0101073
6.99472e-10	-0.0101494
6.99536e-10	-0.0101914
6.996e-10	-0.0102336
6.99664e-10	-0.0102757
6.99728e-10	-0.0103179
6.99792e-10	-0.0103601
6.99856e-10	-0.0104023
6.9992e-10	-0.0104446
6.99984e-10	-0.0104869
7.00048e-10	-0.0105293
7.00112e-10	-0.0105716
7.00176e-10	-0.010614
7.0024e-10	-0.0106564
7.00304e-10	-0.0106989
7.00368e-10	-0.0107414
7.00432e-10	-0.0107839
7.00496e-10	-0.0108265
7.0056e-10	-0.010869
7.00624e-10	-0.0109117
7.00688e-10	-0.0109543
7.00752e-10	-0.010997
7.00816e-10	-0.0110397
7.0088e-10	-0.0110824
7.00944e-10	-0.0111252
7.01008e-10	-0.011168
7.01072e-10	-0.0112108
7.01136e-10	-0.0112537
7.012e-10	-0.0112966
7.01264e-10	-0.0113395
7.01328e-10	-0.0113824
7.01392e-10	-0.0114254
7.01456e-10	-0.0114685
7.0152e-10	-0.0115115
7.01584e-10	-0.0115546
7.01648e-10	-0.0115977
7.01712e-10	-0.0116408
7.01776e-10	-0.011684
7.0184e-10	-0.0117272
7.01904e-10	-0.0117704
7.01968e-10	-0.0118137
7.02032e-10	-0.011857
7.02096e-10	-0.0119003
7.0216e-10	-0.0119437
7.02224e-10	-0.0119871
7.02288e-10	-0.0120305
7.02352e-10	-0.012074
7.02416e-10	-0.0121174
7.0248e-10	-0.012161
7.02544e-10	-0.0122045
7.02608e-10	-0.0122481
7.02672e-10	-0.0122917
7.02736e-10	-0.0123353
7.028e-10	-0.012379
7.02864e-10	-0.0124227
7.02928e-10	-0.0124664
7.02992e-10	-0.0125102
7.03057e-10	-0.012554
7.03121e-10	-0.0125978
7.03185e-10	-0.0126417
7.03249e-10	-0.0126856
7.03313e-10	-0.0127295
7.03377e-10	-0.0127735
7.03441e-10	-0.0128175
7.03505e-10	-0.0128615
7.03569e-10	-0.0129055
7.03633e-10	-0.0129496
7.03697e-10	-0.0129937
7.03761e-10	-0.0130378
7.03825e-10	-0.013082
7.03889e-10	-0.0131262
7.03953e-10	-0.0131705
7.04017e-10	-0.0132147
7.04081e-10	-0.013259
7.04145e-10	-0.0133034
7.04209e-10	-0.0133477
7.04273e-10	-0.0133921
7.04337e-10	-0.0134365
7.04401e-10	-0.013481
7.04465e-10	-0.0135255
7.04529e-10	-0.01357
7.04593e-10	-0.0136146
7.04657e-10	-0.0136591
7.04721e-10	-0.0137037
7.04785e-10	-0.0137484
7.04849e-10	-0.0137931
7.04913e-10	-0.0138378
7.04977e-10	-0.0138825
7.05041e-10	-0.0139273
7.05105e-10	-0.0139721
7.05169e-10	-0.0140169
7.05233e-10	-0.0140618
7.05297e-10	-0.0141067
7.05361e-10	-0.0141516
7.05425e-10	-0.0141966
7.05489e-10	-0.0142416
7.05553e-10	-0.0142866
7.05617e-10	-0.0143316
7.05681e-10	-0.0143767
7.05745e-10	-0.0144218
7.05809e-10	-0.014467
7.05873e-10	-0.0145122
7.05937e-10	-0.0145574
7.06001e-10	-0.0146026
7.06065e-10	-0.0146479
7.06129e-10	-0.0146932
7.06193e-10	-0.0147386
7.06257e-10	-0.0147839
7.06321e-10	-0.0148293
7.06385e-10	-0.0148748
7.06449e-10	-0.0149202
7.06513e-10	-0.0149657
7.06577e-10	-0.0150112
7.06641e-10	-0.0150568
7.06705e-10	-0.0151024
7.06769e-10	-0.015148
7.06833e-10	-0.0151937
7.06897e-10	-0.0152394
7.06961e-10	-0.0152851
7.07025e-10	-0.0153308
7.07089e-10	-0.0153766
7.07153e-10	-0.0154224
7.07217e-10	-0.0154683
7.07281e-10	-0.0155142
7.07345e-10	-0.0155601
7.07409e-10	-0.015606
7.07473e-10	-0.015652
7.07537e-10	-0.015698
7.07601e-10	-0.015744
7.07665e-10	-0.0157901
7.07729e-10	-0.0158362
7.07793e-10	-0.0158823
7.07857e-10	-0.0159285
7.07921e-10	-0.0159747
7.07985e-10	-0.0160209
7.08049e-10	-0.0160672
7.08113e-10	-0.0161134
7.08177e-10	-0.0161598
7.08241e-10	-0.0162061
7.08305e-10	-0.0162525
7.08369e-10	-0.0162989
7.08433e-10	-0.0163454
7.08497e-10	-0.0163919
7.08561e-10	-0.0164384
7.08625e-10	-0.0164849
7.08689e-10	-0.0165315
7.08753e-10	-0.0165781
7.08817e-10	-0.0166247
7.08881e-10	-0.0166714
7.08945e-10	-0.0167181
7.09009e-10	-0.0167649
7.09073e-10	-0.0168116
7.09137e-10	-0.0168584
7.09201e-10	-0.0169053
7.09265e-10	-0.0169521
7.09329e-10	-0.016999
7.09393e-10	-0.0170459
7.09457e-10	-0.0170929
7.09521e-10	-0.0171399
7.09585e-10	-0.0171869
7.09649e-10	-0.017234
7.09713e-10	-0.0172811
7.09777e-10	-0.0173282
7.09841e-10	-0.0173753
7.09905e-10	-0.0174225
7.09969e-10	-0.0174697
7.10033e-10	-0.017517
7.10097e-10	-0.0175643
7.10161e-10	-0.0176116
7.10225e-10	-0.0176589
7.10289e-10	-0.0177063
7.10353e-10	-0.0177537
7.10417e-10	-0.0178011
7.10481e-10	-0.0178486
7.10545e-10	-0.0178961
7.10609e-10	-0.0179437
7.10673e-10	-0.0179912
7.10737e-10	-0.0180388
7.10801e-10	-0.0180865
7.10865e-10	-0.0181341
7.10929e-10	-0.0181818
7.10993e-10	-0.0182295
7.11057e-10	-0.0182773
7.11121e-10	-0.0183251
7.11185e-10	-0.0183729
7.11249e-10	-0.0184208
7.11313e-10	-0.0184687
7.11377e-10	-0.0185166
7.11441e-10	-0.0185645
7.11505e-10	-0.0186125
7.11569e-10	-0.0186605
7.11633e-10	-0.0187086
7.11697e-10	-0.0187567
7.11761e-10	-0.0188048
7.11826e-10	-0.0188529
7.1189e-10	-0.0189011
7.11954e-10	-0.0189493
7.12018e-10	-0.0189976
7.12082e-10	-0.0190458
7.12146e-10	-0.0190941
7.1221e-10	-0.0191425
7.12274e-10	-0.0191908
7.12338e-10	-0.0192393
7.12402e-10	-0.0192877
7.12466e-10	-0.0193362
7.1253e-10	-0.0193847
7.12594e-10	-0.0194332
7.12658e-10	-0.0194817
7.12722e-10	-0.0195303
7.12786e-10	-0.019579
7.1285e-10	-0.0196276
7.12914e-10	-0.0196763
7.12978e-10	-0.0197251
7.13042e-10	-0.0197738
7.13106e-10	-0.0198226
7.1317e-10	-0.0198714
7.13234e-10	-0.0199203
7.13298e-10	-0.0199692
7.13362e-10	-0.0200181
7.13426e-10	-0.020067
7.1349e-10	-0.020116
7.13554e-10	-0.020165
7.13618e-10	-0.0202141
7.13682e-10	-0.0202632
7.13746e-10	-0.0203123
7.1381e-10	-0.0203614
7.13874e-10	-0.0204106
7.13938e-10	-0.0204598
7.14002e-10	-0.0205091
7.14066e-10	-0.0205583
7.1413e-10	-0.0206076
7.14194e-10	-0.020657
7.14258e-10	-0.0207063
7.14322e-10	-0.0207557
7.14386e-10	-0.0208052
7.1445e-10	-0.0208547
7.14514e-10	-0.0209042
7.14578e-10	-0.0209537
7.14642e-10	-0.0210033
7.14706e-10	-0.0210529
7.1477e-10	-0.0211025
7.14834e-10	-0.0211521
7.14898e-10	-0.0212018
7.14962e-10	-0.0212516
7.15026e-10	-0.0213013
7.1509e-10	-0.0213511
7.15154e-10	-0.021401
7.15218e-10	-0.0214508
7.15282e-10	-0.0215007
7.15346e-10	-0.0215506
7.1541e-10	-0.0216006
7.15474e-10	-0.0216506
7.15538e-10	-0.0217006
7.15602e-10	-0.0217506
7.15666e-10	-0.0218007
7.1573e-10	-0.0218508
7.15794e-10	-0.021901
7.15858e-10	-0.0219512
7.15922e-10	-0.0220014
7.15986e-10	-0.0220516
7.1605e-10	-0.0221019
7.16114e-10	-0.0221522
7.16178e-10	-0.0222026
7.16242e-10	-0.022253
7.16306e-10	-0.0223034
7.1637e-10	-0.0223538
7.16434e-10	-0.0224043
7.16498e-10	-0.0224548
7.16562e-10	-0.0225053
7.16626e-10	-0.0225559
7.1669e-10	-0.0226065
7.16754e-10	-0.0226571
7.16818e-10	-0.0227078
7.16882e-10	-0.0227585
7.16946e-10	-0.0228093
7.1701e-10	-0.02286
7.17074e-10	-0.0229108
7.17138e-10	-0.0229617
7.17202e-10	-0.0230125
7.17266e-10	-0.0230634
7.1733e-10	-0.0231144
7.17394e-10	-0.0231653
7.17458e-10	-0.0232163
7.17522e-10	-0.0232673
7.17586e-10	-0.0233184
7.1765e-10	-0.0233695
7.17714e-10	-0.0234206
7.17778e-10	-0.0234718
7.17842e-10	-0.023523
7.17906e-10	-0.0235742
7.1797e-10	-0.0236255
7.18034e-10	-0.0236768
7.18098e-10	-0.0237281
7.18162e-10	-0.0237794
7.18226e-10	-0.0238308
7.1829e-10	-0.0238822
7.18354e-10	-0.0239337
7.18418e-10	-0.0239852
7.18482e-10	-0.0240367
7.18546e-10	-0.0240883
7.1861e-10	-0.0241398
7.18674e-10	-0.0241915
7.18738e-10	-0.0242431
7.18802e-10	-0.0242948
7.18866e-10	-0.0243465
7.1893e-10	-0.0243983
7.18994e-10	-0.02445
7.19058e-10	-0.0245018
7.19122e-10	-0.0245537
7.19186e-10	-0.0246056
7.1925e-10	-0.0246575
7.19314e-10	-0.0247094
7.19378e-10	-0.0247614
7.19442e-10	-0.0248134
7.19506e-10	-0.0248655
7.1957e-10	-0.0249175
7.19634e-10	-0.0249696
7.19698e-10	-0.0250218
7.19762e-10	-0.025074
7.19826e-10	-0.0251262
7.1989e-10	-0.0251784
7.19954e-10	-0.0252307
7.20018e-10	-0.025283
7.20082e-10	-0.0253353
7.20146e-10	-0.0253877
7.2021e-10	-0.0254401
7.20274e-10	-0.0254925
7.20338e-10	-0.025545
7.20402e-10	-0.0255975
7.20466e-10	-0.02565
7.20531e-10	-0.0257026
7.20595e-10	-0.0257552
7.20659e-10	-0.0258079
7.20723e-10	-0.0258605
7.20787e-10	-0.0259132
7.20851e-10	-0.0259659
7.20915e-10	-0.0260187
7.20979e-10	-0.0260715
7.21043e-10	-0.0261243
7.21107e-10	-0.0261772
7.21171e-10	-0.0262301
7.21235e-10	-0.026283
7.21299e-10	-0.026336
7.21363e-10	-0.026389
7.21427e-10	-0.026442
7.21491e-10	-0.0264951
7.21555e-10	-0.0265482
7.21619e-10	-0.0266013
7.21683e-10	-0.0266545
7.21747e-10	-0.0267077
7.21811e-10	-0.0267609
7.21875e-10	-0.0268141
7.21939e-10	-0.0268674
7.22003e-10	-0.0269208
7.22067e-10	-0.0269741
7.22131e-10	-0.0270275
7.22195e-10	-0.0270809
7.22259e-10	-0.0271344
7.22323e-10	-0.0271879
7.22387e-10	-0.0272414
7.22451e-10	-0.027295
7.22515e-10	-0.0273485
7.22579e-10	-0.0274022
7.22643e-10	-0.0274558
7.22707e-10	-0.0275095
7.22771e-10	-0.0275632
7.22835e-10	-0.027617
7.22899e-10	-0.0276708
7.22963e-10	-0.0277246
7.23027e-10	-0.0277784
7.23091e-10	-0.0278323
7.23155e-10	-0.0278862
7.23219e-10	-0.0279402
7.23283e-10	-0.0279942
7.23347e-10	-0.0280482
7.23411e-10	-0.0281023
7.23475e-10	-0.0281563
7.23539e-10	-0.0282105
7.23603e-10	-0.0282646
7.23667e-10	-0.0283188
7.23731e-10	-0.028373
7.23795e-10	-0.0284273
7.23859e-10	-0.0284815
7.23923e-10	-0.0285359
7.23987e-10	-0.0285902
7.24051e-10	-0.0286446
7.24115e-10	-0.028699
7.24179e-10	-0.0287534
7.24243e-10	-0.0288079
7.24307e-10	-0.0288624
7.24371e-10	-0.028917
7.24435e-10	-0.0289716
7.24499e-10	-0.0290262
7.24563e-10	-0.0290808
7.24627e-10	-0.0291355
7.24691e-10	-0.0291902
7.24755e-10	-0.029245
7.24819e-10	-0.0292997
7.24883e-10	-0.0293545
7.24947e-10	-0.0294094
7.25011e-10	-0.0294643
7.25075e-10	-0.0295192
7.25139e-10	-0.0295741
7.25203e-10	-0.0296291
7.25267e-10	-0.0296841
7.25331e-10	-0.0297392
7.25395e-10	-0.0297942
7.25459e-10	-0.0298493
7.25523e-10	-0.0299045
7.25587e-10	-0.0299597
7.25651e-10	-0.0300149
7.25715e-10	-0.0300701
7.25779e-10	-0.0301254
7.25843e-10	-0.0301807
7.25907e-10	-0.030236
7.25971e-10	-0.0302914
7.26035e-10	-0.0303468
7.26099e-10	-0.0304023
7.26163e-10	-0.0304577
7.26227e-10	-0.0305133
7.26291e-10	-0.0305688
7.26355e-10	-0.0306244
7.26419e-10	-0.03068
7.26483e-10	-0.0307356
7.26547e-10	-0.0307913
7.26611e-10	-0.030847
7.26675e-10	-0.0309027
7.26739e-10	-0.0309585
7.26803e-10	-0.0310143
7.26867e-10	-0.0310702
7.26931e-10	-0.031126
7.26995e-10	-0.0311819
7.27059e-10	-0.0312379
7.27123e-10	-0.0312939
7.27187e-10	-0.0313499
7.27251e-10	-0.0314059
7.27315e-10	-0.031462
7.27379e-10	-0.0315181
7.27443e-10	-0.0315742
7.27507e-10	-0.0316304
7.27571e-10	-0.0316866
7.27635e-10	-0.0317428
7.27699e-10	-0.0317991
7.27763e-10	-0.0318554
7.27827e-10	-0.0319118
7.27891e-10	-0.0319681
7.27955e-10	-0.0320245
7.28019e-10	-0.032081
7.28083e-10	-0.0321374
7.28147e-10	-0.032194
7.28211e-10	-0.0322505
7.28275e-10	-0.0323071
7.28339e-10	-0.0323637
7.28403e-10	-0.0324203
7.28467e-10	-0.032477
7.28531e-10	-0.0325337
7.28595e-10	-0.0325904
7.28659e-10	-0.0326472
7.28723e-10	-0.032704
7.28787e-10	-0.0327608
7.28851e-10	-0.0328177
7.28915e-10	-0.0328746
7.28979e-10	-0.0329316
7.29043e-10	-0.0329885
7.29107e-10	-0.0330455
7.29171e-10	-0.0331026
7.29235e-10	-0.0331597
7.293e-10	-0.0332168
7.29364e-10	-0.0332739
7.29428e-10	-0.0333311
7.29492e-10	-0.0333883
7.29556e-10	-0.0334455
7.2962e-10	-0.0335028
7.29684e-10	-0.0335601
7.29748e-10	-0.0336174
7.29812e-10	-0.0336748
7.29876e-10	-0.0337322
7.2994e-10	-0.0337897
7.30004e-10	-0.0338471
7.30068e-10	-0.0339046
7.30132e-10	-0.0339622
7.30196e-10	-0.0340197
7.3026e-10	-0.0340774
7.30324e-10	-0.034135
7.30388e-10	-0.0341927
7.30452e-10	-0.0342504
7.30516e-10	-0.0343081
7.3058e-10	-0.0343659
7.30644e-10	-0.0344237
7.30708e-10	-0.0344815
7.30772e-10	-0.0345394
7.30836e-10	-0.0345973
7.309e-10	-0.0346553
7.30964e-10	-0.0347132
7.31028e-10	-0.0347712
7.31092e-10	-0.0348293
7.31156e-10	-0.0348874
7.3122e-10	-0.0349455
7.31284e-10	-0.0350036
7.31348e-10	-0.0350618
7.31412e-10	-0.03512
7.31476e-10	-0.0351782
7.3154e-10	-0.0352365
7.31604e-10	-0.0352948
7.31668e-10	-0.0353532
7.31732e-10	-0.0354115
7.31796e-10	-0.0354699
7.3186e-10	-0.0355284
7.31924e-10	-0.0355869
7.31988e-10	-0.0356454
7.32052e-10	-0.0357039
7.32116e-10	-0.0357625
7.3218e-10	-0.0358211
7.32244e-10	-0.0358797
7.32308e-10	-0.0359384
7.32372e-10	-0.0359971
7.32436e-10	-0.0360559
7.325e-10	-0.0361146
7.32564e-10	-0.0361735
7.32628e-10	-0.0362323
7.32692e-10	-0.0362912
7.32756e-10	-0.0363501
7.3282e-10	-0.036409
7.32884e-10	-0.036468
7.32948e-10	-0.036527
7.33012e-10	-0.0365861
7.33076e-10	-0.0366451
7.3314e-10	-0.0367043
7.33204e-10	-0.0367634
7.33268e-10	-0.0368226
7.33332e-10	-0.0368818
7.33396e-10	-0.036941
7.3346e-10	-0.0370003
7.33524e-10	-0.0370596
7.33588e-10	-0.037119
7.33652e-10	-0.0371784
7.33716e-10	-0.0372378
7.3378e-10	-0.0372972
7.33844e-10	-0.0373567
7.33908e-10	-0.0374162
7.33972e-10	-0.0374758
7.34036e-10	-0.0375354
7.341e-10	-0.037595
7.34164e-10	-0.0376546
7.34228e-10	-0.0377143
7.34292e-10	-0.037774
7.34356e-10	-0.0378338
7.3442e-10	-0.0378936
7.34484e-10	-0.0379534
7.34548e-10	-0.0380132
7.34612e-10	-0.0380731
7.34676e-10	-0.038133
7.3474e-10	-0.038193
7.34804e-10	-0.038253
7.34868e-10	-0.038313
7.34932e-10	-0.038373
7.34996e-10	-0.0384331
7.3506e-10	-0.0384932
7.35124e-10	-0.0385534
7.35188e-10	-0.0386136
7.35252e-10	-0.0386738
7.35316e-10	-0.038734
7.3538e-10	-0.0387943
7.35444e-10	-0.0388546
7.35508e-10	-0.038915
7.35572e-10	-0.0389754
7.35636e-10	-0.0390358
7.357e-10	-0.0390963
7.35764e-10	-0.0391568
7.35828e-10	-0.0392173
7.35892e-10	-0.0392778
7.35956e-10	-0.0393384
7.3602e-10	-0.039399
7.36084e-10	-0.0394597
7.36148e-10	-0.0395204
7.36212e-10	-0.0395811
7.36276e-10	-0.0396419
7.3634e-10	-0.0397027
7.36404e-10	-0.0397635
7.36468e-10	-0.0398243
7.36532e-10	-0.0398852
7.36596e-10	-0.0399462
7.3666e-10	-0.0400071
7.36724e-10	-0.0400681
7.36788e-10	-0.0401291
7.36852e-10	-0.0401902
7.36916e-10	-0.0402513
7.3698e-10	-0.0403124
7.37044e-10	-0.0403736
7.37108e-10	-0.0404348
7.37172e-10	-0.040496
7.37236e-10	-0.0405573
7.373e-10	-0.0406186
7.37364e-10	-0.0406799
7.37428e-10	-0.0407413
7.37492e-10	-0.0408027
7.37556e-10	-0.0408641
7.3762e-10	-0.0409255
7.37684e-10	-0.040987
7.37748e-10	-0.0410486
7.37812e-10	-0.0411101
7.37876e-10	-0.0411717
7.3794e-10	-0.0412334
7.38005e-10	-0.041295
7.38069e-10	-0.0413567
7.38133e-10	-0.0414185
7.38197e-10	-0.0414802
7.38261e-10	-0.041542
7.38325e-10	-0.0416039
7.38389e-10	-0.0416657
7.38453e-10	-0.0417276
7.38517e-10	-0.0417896
7.38581e-10	-0.0418515
7.38645e-10	-0.0419135
7.38709e-10	-0.0419756
7.38773e-10	-0.0420376
7.38837e-10	-0.0420998
7.38901e-10	-0.0421619
7.38965e-10	-0.0422241
7.39029e-10	-0.0422863
7.39093e-10	-0.0423485
7.39157e-10	-0.0424108
7.39221e-10	-0.0424731
7.39285e-10	-0.0425354
7.39349e-10	-0.0425978
7.39413e-10	-0.0426602
7.39477e-10	-0.0427226
7.39541e-10	-0.0427851
7.39605e-10	-0.0428476
7.39669e-10	-0.0429102
7.39733e-10	-0.0429727
7.39797e-10	-0.0430353
7.39861e-10	-0.043098
7.39925e-10	-0.0431607
7.39989e-10	-0.0432234
7.40053e-10	-0.0432861
7.40117e-10	-0.0433489
7.40181e-10	-0.0434117
7.40245e-10	-0.0434745
7.40309e-10	-0.0435374
7.40373e-10	-0.0436003
7.40437e-10	-0.0436633
7.40501e-10	-0.0437263
7.40565e-10	-0.0437893
7.40629e-10	-0.0438523
7.40693e-10	-0.0439154
7.40757e-10	-0.0439785
7.40821e-10	-0.0440417
7.40885e-10	-0.0441048
7.40949e-10	-0.0441681
7.41013e-10	-0.0442313
7.41077e-10	-0.0442946
7.41141e-10	-0.0443579
7.41205e-10	-0.0444213
7.41269e-10	-0.0444846
7.41333e-10	-0.0445481
7.41397e-10	-0.0446115
7.41461e-10	-0.044675
7.41525e-10	-0.0447385
7.41589e-10	-0.0448021
7.41653e-10	-0.0448657
7.41717e-10	-0.0449293
7.41781e-10	-0.0449929
7.41845e-10	-0.0450566
7.41909e-10	-0.0451203
7.41973e-10	-0.0451841
7.42037e-10	-0.0452479
7.42101e-10	-0.0453117
7.42165e-10	-0.0453756
7.42229e-10	-0.0454394
7.42293e-10	-0.0455034
7.42357e-10	-0.0455673
7.42421e-10	-0.0456313
7.42485e-10	-0.0456953
7.42549e-10	-0.0457594
7.42613e-10	-0.0458235
7.42677e-10	-0.0458876
7.42741e-10	-0.0459518
7.42805e-10	-0.046016
7.42869e-10	-0.0460802
7.42933e-10	-0.0461445
7.42997e-10	-0.0462088
7.43061e-10	-0.0462731
7.43125e-10	-0.0463374
7.43189e-10	-0.0464018
7.43253e-10	-0.0464663
7.43317e-10	-0.0465307
7.43381e-10	-0.0465952
7.43445e-10	-0.0466598
7.43509e-10	-0.0467243
7.43573e-10	-0.0467889
7.43637e-10	-0.0468536
7.43701e-10	-0.0469182
7.43765e-10	-0.0469829
7.43829e-10	-0.0470477
7.43893e-10	-0.0471124
7.43957e-10	-0.0471772
7.44021e-10	-0.0472421
7.44085e-10	-0.0473069
7.44149e-10	-0.0473718
7.44213e-10	-0.0474368
7.44277e-10	-0.0475017
7.44341e-10	-0.0475667
7.44405e-10	-0.0476318
7.44469e-10	-0.0476968
7.44533e-10	-0.0477619
7.44597e-10	-0.0478271
7.44661e-10	-0.0478923
7.44725e-10	-0.0479575
7.44789e-10	-0.0480227
7.44853e-10	-0.048088
7.44917e-10	-0.0481533
7.44981e-10	-0.0482186
7.45045e-10	-0.048284
7.45109e-10	-0.0483494
7.45173e-10	-0.0484148
7.45237e-10	-0.0484803
7.45301e-10	-0.0485458
7.45365e-10	-0.0486114
7.45429e-10	-0.0486769
7.45493e-10	-0.0487426
7.45557e-10	-0.0488082
7.45621e-10	-0.0488739
7.45685e-10	-0.0489396
7.45749e-10	-0.0490053
7.45813e-10	-0.0490711
7.45877e-10	-0.0491369
7.45941e-10	-0.0492028
7.46005e-10	-0.0492687
7.46069e-10	-0.0493346
7.46133e-10	-0.0494005
7.46197e-10	-0.0494665
7.46261e-10	-0.0495325
7.46325e-10	-0.0495986
7.46389e-10	-0.0496646
7.46453e-10	-0.0497308
7.46517e-10	-0.0497969
7.46581e-10	-0.0498631
7.46645e-10	-0.0499293
7.46709e-10	-0.0499956
7.46774e-10	-0.0500618
7.46838e-10	-0.0501282
7.46902e-10	-0.0501945
7.46966e-10	-0.0502609
7.4703e-10	-0.0503273
7.47094e-10	-0.0503938
7.47158e-10	-0.0504603
7.47222e-10	-0.0505268
7.47286e-10	-0.0505933
7.4735e-10	-0.0506599
7.47414e-10	-0.0507266
7.47478e-10	-0.0507932
7.47542e-10	-0.0508599
7.47606e-10	-0.0509266
7.4767e-10	-0.0509934
7.47734e-10	-0.0510602
7.47798e-10	-0.051127
7.47862e-10	-0.0511939
7.47926e-10	-0.0512607
7.4799e-10	-0.0513277
7.48054e-10	-0.0513946
7.48118e-10	-0.0514616
7.48182e-10	-0.0515287
7.48246e-10	-0.0515957
7.4831e-10	-0.0516628
7.48374e-10	-0.0517299
7.48438e-10	-0.0517971
7.48502e-10	-0.0518643
7.48566e-10	-0.0519315
7.4863e-10	-0.0519988
7.48694e-10	-0.0520661
7.48758e-10	-0.0521334
7.48822e-10	-0.0522008
7.48886e-10	-0.0522682
7.4895e-10	-0.0523356
7.49014e-10	-0.0524031
7.49078e-10	-0.0524706
7.49142e-10	-0.0525381
7.49206e-10	-0.0526057
7.4927e-10	-0.0526733
7.49334e-10	-0.0527409
7.49398e-10	-0.0528086
7.49462e-10	-0.0528763
7.49526e-10	-0.052944
7.4959e-10	-0.0530118
7.49654e-10	-0.0530796
7.49718e-10	-0.0531474
7.49782e-10	-0.0532153
7.49846e-10	-0.0532832
7.4991e-10	-0.0533511
7.49974e-10	-0.0534191
7.50038e-10	-0.0534871
7.50102e-10	-0.0535551
7.50166e-10	-0.0536232
7.5023e-10	-0.0536913
7.50294e-10	-0.0537595
7.50358e-10	-0.0538276
7.50422e-10	-0.0538958
7.50486e-10	-0.0539641
7.5055e-10	-0.0540324
7.50614e-10	-0.0541007
7.50678e-10	-0.054169
7.50742e-10	-0.0542374
7.50806e-10	-0.0543058
7.5087e-10	-0.0543742
7.50934e-10	-0.0544427
7.50998e-10	-0.0545112
7.51062e-10	-0.0545798
7.51126e-10	-0.0546483
7.5119e-10	-0.054717
7.51254e-10	-0.0547856
7.51318e-10	-0.0548543
7.51382e-10	-0.054923
7.51446e-10	-0.0549917
7.5151e-10	-0.0550605
7.51574e-10	-0.0551293
7.51638e-10	-0.0551982
7.51702e-10	-0.0552671
7.51766e-10	-0.055336
7.5183e-10	-0.0554049
7.51894e-10	-0.0554739
7.51958e-10	-0.0555429
7.52022e-10	-0.055612
7.52086e-10	-0.055681
7.5215e-10	-0.0557502
7.52214e-10	-0.0558193
7.52278e-10	-0.0558885
7.52342e-10	-0.0559577
7.52406e-10	-0.056027
7.5247e-10	-0.0560962
7.52534e-10	-0.0561656
7.52598e-10	-0.0562349
7.52662e-10	-0.0563043
7.52726e-10	-0.0563737
7.5279e-10	-0.0564432
7.52854e-10	-0.0565127
7.52918e-10	-0.0565822
7.52982e-10	-0.0566517
7.53046e-10	-0.0567213
7.5311e-10	-0.0567909
7.53174e-10	-0.0568606
7.53238e-10	-0.0569303
7.53302e-10	-0.057
7.53366e-10	-0.0570698
7.5343e-10	-0.0571396
7.53494e-10	-0.0572094
7.53558e-10	-0.0572792
7.53622e-10	-0.0573491
7.53686e-10	-0.057419
7.5375e-10	-0.057489
7.53814e-10	-0.057559
7.53878e-10	-0.057629
7.53942e-10	-0.0576991
7.54006e-10	-0.0577692
7.5407e-10	-0.0578393
7.54134e-10	-0.0579095
7.54198e-10	-0.0579796
7.54262e-10	-0.0580499
7.54326e-10	-0.0581201
7.5439e-10	-0.0581904
7.54454e-10	-0.0582608
7.54518e-10	-0.0583311
7.54582e-10	-0.0584015
7.54646e-10	-0.0584719
7.5471e-10	-0.0585424
7.54774e-10	-0.0586129
7.54838e-10	-0.0586834
7.54902e-10	-0.058754
7.54966e-10	-0.0588246
7.5503e-10	-0.0588952
7.55094e-10	-0.0589659
7.55158e-10	-0.0590366
7.55222e-10	-0.0591073
7.55286e-10	-0.0591781
7.5535e-10	-0.0592489
7.55414e-10	-0.0593197
7.55479e-10	-0.0593906
7.55543e-10	-0.0594615
7.55607e-10	-0.0595324
7.55671e-10	-0.0596033
7.55735e-10	-0.0596743
7.55799e-10	-0.0597454
7.55863e-10	-0.0598164
7.55927e-10	-0.0598875
7.55991e-10	-0.0599587
7.56055e-10	-0.0600298
7.56119e-10	-0.060101
7.56183e-10	-0.0601723
7.56247e-10	-0.0602435
7.56311e-10	-0.0603148
7.56375e-10	-0.0603862
7.56439e-10	-0.0604575
7.56503e-10	-0.0605289
7.56567e-10	-0.0606004
7.56631e-10	-0.0606719
7.56695e-10	-0.0607434
7.56759e-10	-0.0608149
7.56823e-10	-0.0608865
7.56887e-10	-0.0609581
7.56951e-10	-0.0610297
7.57015e-10	-0.0611014
7.57079e-10	-0.0611731
7.57143e-10	-0.0612448
7.57207e-10	-0.0613166
7.57271e-10	-0.0613884
7.57335e-10	-0.0614602
7.57399e-10	-0.0615321
7.57463e-10	-0.061604
7.57527e-10	-0.0616759
7.57591e-10	-0.0617479
7.57655e-10	-0.0618199
7.57719e-10	-0.0618919
7.57783e-10	-0.061964
7.57847e-10	-0.0620361
7.57911e-10	-0.0621082
7.57975e-10	-0.0621804
7.58039e-10	-0.0622526
7.58103e-10	-0.0623249
7.58167e-10	-0.0623971
7.58231e-10	-0.0624694
7.58295e-10	-0.0625418
7.58359e-10	-0.0626142
7.58423e-10	-0.0626866
7.58487e-10	-0.062759
7.58551e-10	-0.0628315
7.58615e-10	-0.062904
7.58679e-10	-0.0629765
7.58743e-10	-0.0630491
7.58807e-10	-0.0631217
7.58871e-10	-0.0631943
7.58935e-10	-0.063267
7.58999e-10	-0.0633397
7.59063e-10	-0.0634125
7.59127e-10	-0.0634852
7.59191e-10	-0.063558
7.59255e-10	-0.0636309
7.59319e-10	-0.0637038
7.59383e-10	-0.0637767
7.59447e-10	-0.0638496
7.59511e-10	-0.0639226
7.59575e-10	-0.0639956
7.59639e-10	-0.0640686
7.59703e-10	-0.0641417
7.59767e-10	-0.0642148
7.59831e-10	-0.0642879
7.59895e-10	-0.0643611
7.59959e-10	-0.0644343
7.60023e-10	-0.0645076
7.60087e-10	-0.0645808
7.60151e-10	-0.0646541
7.60215e-10	-0.0647275
7.60279e-10	-0.0648009
7.60343e-10	-0.0648743
7.60407e-10	-0.0649477
7.60471e-10	-0.0650212
7.60535e-10	-0.0650947
7.60599e-10	-0.0651682
7.60663e-10	-0.0652418
7.60727e-10	-0.0653154
7.60791e-10	-0.0653891
7.60855e-10	-0.0654627
7.60919e-10	-0.0655364
7.60983e-10	-0.0656102
7.61047e-10	-0.065684
7.61111e-10	-0.0657578
7.61175e-10	-0.0658316
7.61239e-10	-0.0659055
7.61303e-10	-0.0659794
7.61367e-10	-0.0660533
7.61431e-10	-0.0661273
7.61495e-10	-0.0662013
7.61559e-10	-0.0662754
7.61623e-10	-0.0663494
7.61687e-10	-0.0664235
7.61751e-10	-0.0664977
7.61815e-10	-0.0665719
7.61879e-10	-0.0666461
7.61943e-10	-0.0667203
7.62007e-10	-0.0667946
7.62071e-10	-0.0668689
7.62135e-10	-0.0669432
7.62199e-10	-0.0670176
7.62263e-10	-0.067092
7.62327e-10	-0.0671664
7.62391e-10	-0.0672409
7.62455e-10	-0.0673154
7.62519e-10	-0.06739
7.62583e-10	-0.0674645
7.62647e-10	-0.0675391
7.62711e-10	-0.0676138
7.62775e-10	-0.0676885
7.62839e-10	-0.0677632
7.62903e-10	-0.0678379
7.62967e-10	-0.0679127
7.63031e-10	-0.0679875
7.63095e-10	-0.0680623
7.63159e-10	-0.0681372
7.63223e-10	-0.0682121
7.63287e-10	-0.068287
7.63351e-10	-0.068362
7.63415e-10	-0.068437
7.63479e-10	-0.068512
7.63543e-10	-0.0685871
7.63607e-10	-0.0686622
7.63671e-10	-0.0687374
7.63735e-10	-0.0688125
7.63799e-10	-0.0688877
7.63863e-10	-0.068963
7.63927e-10	-0.0690382
7.63991e-10	-0.0691135
7.64055e-10	-0.0691889
7.64119e-10	-0.0692643
7.64183e-10	-0.0693397
7.64248e-10	-0.0694151
7.64312e-10	-0.0694906
7.64376e-10	-0.0695661
7.6444e-10	-0.0696416
7.64504e-10	-0.0697172
7.64568e-10	-0.0697928
7.64632e-10	-0.0698684
7.64696e-10	-0.0699441
7.6476e-10	-0.0700198
7.64824e-10	-0.0700955
7.64888e-10	-0.0701713
7.64952e-10	-0.0702471
7.65016e-10	-0.0703229
7.6508e-10	-0.0703988
7.65144e-10	-0.0704747
7.65208e-10	-0.0705506
7.65272e-10	-0.0706266
7.65336e-10	-0.0707026
7.654e-10	-0.0707786
7.65464e-10	-0.0708547
7.65528e-10	-0.0709308
7.65592e-10	-0.0710069
7.65656e-10	-0.0710831
7.6572e-10	-0.0711593
7.65784e-10	-0.0712355
7.65848e-10	-0.0713117
7.65912e-10	-0.071388
7.65976e-10	-0.0714644
7.6604e-10	-0.0715407
7.66104e-10	-0.0716171
7.66168e-10	-0.0716936
7.66232e-10	-0.07177
7.66296e-10	-0.0718465
7.6636e-10	-0.071923
7.66424e-10	-0.0719996
7.66488e-10	-0.0720762
7.66552e-10	-0.0721528
7.66616e-10	-0.0722295
7.6668e-10	-0.0723062
7.66744e-10	-0.0723829
7.66808e-10	-0.0724596
7.66872e-10	-0.0725364
7.66936e-10	-0.0726133
7.67e-10	-0.0726901
7.67064e-10	-0.072767
7.67128e-10	-0.0728439
7.67192e-10	-0.0729209
7.67256e-10	-0.0729979
7.6732e-10	-0.0730749
7.67384e-10	-0.0731519
7.67448e-10	-0.073229
7.67512e-10	-0.0733061
7.67576e-10	-0.0733833
7.6764e-10	-0.0734605
7.67704e-10	-0.0735377
7.67768e-10	-0.073615
7.67832e-10	-0.0736922
7.67896e-10	-0.0737696
7.6796e-10	-0.0738469
7.68024e-10	-0.0739243
7.68088e-10	-0.0740017
7.68152e-10	-0.0740791
7.68216e-10	-0.0741566
7.6828e-10	-0.0742341
7.68344e-10	-0.0743117
7.68408e-10	-0.0743893
7.68472e-10	-0.0744669
7.68536e-10	-0.0745445
7.686e-10	-0.0746222
7.68664e-10	-0.0746999
7.68728e-10	-0.0747777
7.68792e-10	-0.0748554
7.68856e-10	-0.0749332
7.6892e-10	-0.0750111
7.68984e-10	-0.075089
7.69048e-10	-0.0751669
7.69112e-10	-0.0752448
7.69176e-10	-0.0753228
7.6924e-10	-0.0754008
7.69304e-10	-0.0754788
7.69368e-10	-0.0755569
7.69432e-10	-0.075635
7.69496e-10	-0.0757131
7.6956e-10	-0.0757913
7.69624e-10	-0.0758695
7.69688e-10	-0.0759477
7.69752e-10	-0.076026
7.69816e-10	-0.0761043
7.6988e-10	-0.0761826
7.69944e-10	-0.076261
7.70008e-10	-0.0763394
7.70072e-10	-0.0764178
7.70136e-10	-0.0764963
7.702e-10	-0.0765748
7.70264e-10	-0.0766533
7.70328e-10	-0.0767319
7.70392e-10	-0.0768105
7.70456e-10	-0.0768891
7.7052e-10	-0.0769678
7.70584e-10	-0.0770465
7.70648e-10	-0.0771252
7.70712e-10	-0.0772039
7.70776e-10	-0.0772827
7.7084e-10	-0.0773616
7.70904e-10	-0.0774404
7.70968e-10	-0.0775193
7.71032e-10	-0.0775982
7.71096e-10	-0.0776772
7.7116e-10	-0.0777562
7.71224e-10	-0.0778352
7.71288e-10	-0.0779142
7.71352e-10	-0.0779933
7.71416e-10	-0.0780724
7.7148e-10	-0.0781516
7.71544e-10	-0.0782308
7.71608e-10	-0.07831
7.71672e-10	-0.0783892
7.71736e-10	-0.0784685
7.718e-10	-0.0785478
7.71864e-10	-0.0786271
7.71928e-10	-0.0787065
7.71992e-10	-0.0787859
7.72056e-10	-0.0788654
7.7212e-10	-0.0789448
7.72184e-10	-0.0790244
7.72248e-10	-0.0791039
7.72312e-10	-0.0791835
7.72376e-10	-0.0792631
7.7244e-10	-0.0793427
7.72504e-10	-0.0794224
7.72568e-10	-0.0795021
7.72632e-10	-0.0795818
7.72696e-10	-0.0796616
7.7276e-10	-0.0797414
7.72824e-10	-0.0798212
7.72888e-10	-0.0799011
7.72953e-10	-0.079981
7.73017e-10	-0.0800609
7.73081e-10	-0.0801409
7.73145e-10	-0.0802208
7.73209e-10	-0.0803009
7.73273e-10	-0.0803809
7.73337e-10	-0.080461
7.73401e-10	-0.0805411
7.73465e-10	-0.0806213
7.73529e-10	-0.0807015
7.73593e-10	-0.0807817
7.73657e-10	-0.0808619
7.73721e-10	-0.0809422
7.73785e-10	-0.0810226
7.73849e-10	-0.0811029
7.73913e-10	-0.0811833
7.73977e-10	-0.0812637
7.74041e-10	-0.0813441
7.74105e-10	-0.0814246
7.74169e-10	-0.0815051
7.74233e-10	-0.0815857
7.74297e-10	-0.0816662
7.74361e-10	-0.0817468
7.74425e-10	-0.0818275
7.74489e-10	-0.0819082
7.74553e-10	-0.0819889
7.74617e-10	-0.0820696
7.74681e-10	-0.0821504
7.74745e-10	-0.0822312
7.74809e-10	-0.082312
7.74873e-10	-0.0823929
7.74937e-10	-0.0824738
7.75001e-10	-0.0825547
7.75065e-10	-0.0826357
7.75129e-10	-0.0827166
7.75193e-10	-0.0827977
7.75257e-10	-0.0828787
7.75321e-10	-0.0829598
7.75385e-10	-0.0830409
7.75449e-10	-0.0831221
7.75513e-10	-0.0832033
7.75577e-10	-0.0832845
7.75641e-10	-0.0833658
7.75705e-10	-0.083447
7.75769e-10	-0.0835283
7.75833e-10	-0.0836097
7.75897e-10	-0.0836911
7.75961e-10	-0.0837725
7.76025e-10	-0.0838539
7.76089e-10	-0.0839354
7.76153e-10	-0.0840169
7.76217e-10	-0.0840985
7.76281e-10	-0.08418
7.76345e-10	-0.0842616
7.76409e-10	-0.0843433
7.76473e-10	-0.0844249
7.76537e-10	-0.0845066
7.76601e-10	-0.0845884
7.76665e-10	-0.0846701
7.76729e-10	-0.0847519
7.76793e-10	-0.0848338
7.76857e-10	-0.0849156
7.76921e-10	-0.0849975
7.76985e-10	-0.0850794
7.77049e-10	-0.0851614
7.77113e-10	-0.0852434
7.77177e-10	-0.0853254
7.77241e-10	-0.0854074
7.77305e-10	-0.0854895
7.77369e-10	-0.0855716
7.77433e-10	-0.0856538
7.77497e-10	-0.085736
7.77561e-10	-0.0858182
7.77625e-10	-0.0859004
7.77689e-10	-0.0859827
7.77753e-10	-0.086065
7.77817e-10	-0.0861473
7.77881e-10	-0.0862297
7.77945e-10	-0.0863121
7.78009e-10	-0.0863946
7.78073e-10	-0.086477
7.78137e-10	-0.0865595
7.78201e-10	-0.086642
7.78265e-10	-0.0867246
7.78329e-10	-0.0868072
7.78393e-10	-0.0868898
7.78457e-10	-0.0869725
7.78521e-10	-0.0870552
7.78585e-10	-0.0871379
7.78649e-10	-0.0872206
7.78713e-10	-0.0873034
7.78777e-10	-0.0873863
7.78841e-10	-0.0874691
7.78905e-10	-0.087552
7.78969e-10	-0.0876349
7.79033e-10	-0.0877178
7.79097e-10	-0.0878008
7.79161e-10	-0.0878838
7.79225e-10	-0.0879669
7.79289e-10	-0.0880499
7.79353e-10	-0.088133
7.79417e-10	-0.0882162
7.79481e-10	-0.0882993
7.79545e-10	-0.0883825
7.79609e-10	-0.0884658
7.79673e-10	-0.088549
7.79737e-10	-0.0886323
7.79801e-10	-0.0887156
7.79865e-10	-0.088799
7.79929e-10	-0.0888824
7.79993e-10	-0.0889658
7.80057e-10	-0.0890492
7.80121e-10	-0.0891327
7.80185e-10	-0.0892162
7.80249e-10	-0.0892998
7.80313e-10	-0.0893833
7.80377e-10	-0.089467
7.80441e-10	-0.0895506
7.80505e-10	-0.0896343
7.80569e-10	-0.089718
7.80633e-10	-0.0898017
7.80697e-10	-0.0898855
7.80761e-10	-0.0899693
7.80825e-10	-0.0900531
7.80889e-10	-0.090137
7.80953e-10	-0.0902208
7.81017e-10	-0.0903048
7.81081e-10	-0.0903887
7.81145e-10	-0.0904727
7.81209e-10	-0.0905567
7.81273e-10	-0.0906408
7.81337e-10	-0.0907249
7.81401e-10	-0.090809
7.81465e-10	-0.0908931
7.81529e-10	-0.0909773
7.81593e-10	-0.0910615
7.81658e-10	-0.0911457
7.81722e-10	-0.09123
7.81786e-10	-0.0913143
7.8185e-10	-0.0913986
7.81914e-10	-0.091483
7.81978e-10	-0.0915674
7.82042e-10	-0.0916518
7.82106e-10	-0.0917363
7.8217e-10	-0.0918208
7.82234e-10	-0.0919053
7.82298e-10	-0.0919898
7.82362e-10	-0.0920744
7.82426e-10	-0.092159
7.8249e-10	-0.0922437
7.82554e-10	-0.0923283
7.82618e-10	-0.092413
7.82682e-10	-0.0924978
7.82746e-10	-0.0925826
7.8281e-10	-0.0926674
7.82874e-10	-0.0927522
7.82938e-10	-0.0928371
7.83002e-10	-0.0929219
7.83066e-10	-0.0930069
7.8313e-10	-0.0930918
7.83194e-10	-0.0931768
7.83258e-10	-0.0932618
7.83322e-10	-0.0933469
7.83386e-10	-0.093432
7.8345e-10	-0.0935171
7.83514e-10	-0.0936022
7.83578e-10	-0.0936874
7.83642e-10	-0.0937726
7.83706e-10	-0.0938578
7.8377e-10	-0.0939431
7.83834e-10	-0.0940284
7.83898e-10	-0.0941137
7.83962e-10	-0.0941991
7.84026e-10	-0.0942845
7.8409e-10	-0.0943699
7.84154e-10	-0.0944554
7.84218e-10	-0.0945409
7.84282e-10	-0.0946264
7.84346e-10	-0.0947119
7.8441e-10	-0.0947975
7.84474e-10	-0.0948831
7.84538e-10	-0.0949688
7.84602e-10	-0.0950544
7.84666e-10	-0.0951401
7.8473e-10	-0.0952259
7.84794e-10	-0.0953116
7.84858e-10	-0.0953974
7.84922e-10	-0.0954832
7.84986e-10	-0.0955691
7.8505e-10	-0.095655
7.85114e-10	-0.0957409
7.85178e-10	-0.0958269
7.85242e-10	-0.0959128
7.85306e-10	-0.0959989
7.8537e-10	-0.0960849
7.85434e-10	-0.096171
7.85498e-10	-0.0962571
7.85562e-10	-0.0963432
7.85626e-10	-0.0964294
7.8569e-10	-0.0965156
7.85754e-10	-0.0966018
7.85818e-10	-0.0966881
7.85882e-10	-0.0967743
7.85946e-10	-0.0968607
7.8601e-10	-0.096947
7.86074e-10	-0.0970334
7.86138e-10	-0.0971198
7.86202e-10	-0.0972063
7.86266e-10	-0.0972927
7.8633e-10	-0.0973792
7.86394e-10	-0.0974658
7.86458e-10	-0.0975523
7.86522e-10	-0.0976389
7.86586e-10	-0.0977256
7.8665e-10	-0.0978122
7.86714e-10	-0.0978989
7.86778e-10	-0.0979856
7.86842e-10	-0.0980724
7.86906e-10	-0.0981592
7.8697e-10	-0.098246
7.87034e-10	-0.0983328
7.87098e-10	-0.0984197
7.87162e-10	-0.0985066
7.87226e-10	-0.0985935
7.8729e-10	-0.0986805
7.87354e-10	-0.0987675
7.87418e-10	-0.0988545
7.87482e-10	-0.0989416
7.87546e-10	-0.0990286
7.8761e-10	-0.0991158
7.87674e-10	-0.0992029
7.87738e-10	-0.0992901
7.87802e-10	-0.0993773
7.87866e-10	-0.0994645
7.8793e-10	-0.0995518
7.87994e-10	-0.0996391
7.88058e-10	-0.0997264
7.88122e-10	-0.0998138
7.88186e-10	-0.0999012
7.8825e-10	-0.0999886
7.88314e-10	-0.100076
7.88378e-10	-0.100164
7.88442e-10	-0.100251
7.88506e-10	-0.100339
7.8857e-10	-0.100426
7.88634e-10	-0.100514
7.88698e-10	-0.100601
7.88762e-10	-0.100689
7.88826e-10	-0.100777
7.8889e-10	-0.100864
7.88954e-10	-0.100952
7.89018e-10	-0.10104
7.89082e-10	-0.101128
7.89146e-10	-0.101216
7.8921e-10	-0.101304
7.89274e-10	-0.101391
7.89338e-10	-0.101479
7.89402e-10	-0.101567
7.89466e-10	-0.101655
7.8953e-10	-0.101743
7.89594e-10	-0.101831
7.89658e-10	-0.10192
7.89722e-10	-0.102008
7.89786e-10	-0.102096
7.8985e-10	-0.102184
7.89914e-10	-0.102272
7.89978e-10	-0.10236
7.90042e-10	-0.102449
7.90106e-10	-0.102537
7.9017e-10	-0.102625
7.90234e-10	-0.102714
7.90298e-10	-0.102802
7.90362e-10	-0.102891
7.90427e-10	-0.102979
7.90491e-10	-0.103067
7.90555e-10	-0.103156
7.90619e-10	-0.103244
7.90683e-10	-0.103333
7.90747e-10	-0.103422
7.90811e-10	-0.10351
7.90875e-10	-0.103599
7.90939e-10	-0.103688
7.91003e-10	-0.103776
7.91067e-10	-0.103865
7.91131e-10	-0.103954
7.91195e-10	-0.104043
7.91259e-10	-0.104132
7.91323e-10	-0.10422
7.91387e-10	-0.104309
7.91451e-10	-0.104398
7.91515e-10	-0.104487
7.91579e-10	-0.104576
7.91643e-10	-0.104665
7.91707e-10	-0.104754
7.91771e-10	-0.104843
7.91835e-10	-0.104932
7.91899e-10	-0.105022
7.91963e-10	-0.105111
7.92027e-10	-0.1052
7.92091e-10	-0.105289
7.92155e-10	-0.105378
7.92219e-10	-0.105468
7.92283e-10	-0.105557
7.92347e-10	-0.105646
7.92411e-10	-0.105736
7.92475e-10	-0.105825
7.92539e-10	-0.105915
7.92603e-10	-0.106004
7.92667e-10	-0.106094
7.92731e-10	-0.106183
7.92795e-10	-0.106273
7.92859e-10	-0.106362
7.92923e-10	-0.106452
7.92987e-10	-0.106541
7.93051e-10	-0.106631
7.93115e-10	-0.106721
7.93179e-10	-0.106811
7.93243e-10	-0.1069
7.93307e-10	-0.10699
7.93371e-10	-0.10708
7.93435e-10	-0.10717
7.93499e-10	-0.10726
7.93563e-10	-0.10735
7.93627e-10	-0.10744
7.93691e-10	-0.107529
7.93755e-10	-0.107619
7.93819e-10	-0.107709
7.93883e-10	-0.1078
7.93947e-10	-0.10789
7.94011e-10	-0.10798
7.94075e-10	-0.10807
7.94139e-10	-0.10816
7.94203e-10	-0.10825
7.94267e-10	-0.10834
7.94331e-10	-0.108431
7.94395e-10	-0.108521
7.94459e-10	-0.108611
7.94523e-10	-0.108702
7.94587e-10	-0.108792
7.94651e-10	-0.108883
7.94715e-10	-0.108973
7.94779e-10	-0.109063
7.94843e-10	-0.109154
7.94907e-10	-0.109244
7.94971e-10	-0.109335
7.95035e-10	-0.109426
7.95099e-10	-0.109516
7.95163e-10	-0.109607
7.95227e-10	-0.109697
7.95291e-10	-0.109788
7.95355e-10	-0.109879
7.95419e-10	-0.10997
7.95483e-10	-0.11006
7.95547e-10	-0.110151
7.95611e-10	-0.110242
7.95675e-10	-0.110333
7.95739e-10	-0.110424
7.95803e-10	-0.110515
7.95867e-10	-0.110606
7.95931e-10	-0.110697
7.95995e-10	-0.110788
7.96059e-10	-0.110879
7.96123e-10	-0.11097
7.96187e-10	-0.111061
7.96251e-10	-0.111152
7.96315e-10	-0.111243
7.96379e-10	-0.111335
7.96443e-10	-0.111426
7.96507e-10	-0.111517
7.96571e-10	-0.111608
7.96635e-10	-0.1117
7.96699e-10	-0.111791
7.96763e-10	-0.111882
7.96827e-10	-0.111974
7.96891e-10	-0.112065
7.96955e-10	-0.112157
7.97019e-10	-0.112248
7.97083e-10	-0.11234
7.97147e-10	-0.112431
7.97211e-10	-0.112523
7.97275e-10	-0.112614
7.97339e-10	-0.112706
7.97403e-10	-0.112798
7.97467e-10	-0.112889
7.97531e-10	-0.112981
7.97595e-10	-0.113073
7.97659e-10	-0.113164
7.97723e-10	-0.113256
7.97787e-10	-0.113348
7.97851e-10	-0.11344
7.97915e-10	-0.113532
7.97979e-10	-0.113624
7.98043e-10	-0.113716
7.98107e-10	-0.113808
7.98171e-10	-0.1139
7.98235e-10	-0.113992
7.98299e-10	-0.114084
7.98363e-10	-0.114176
7.98427e-10	-0.114268
7.98491e-10	-0.11436
7.98555e-10	-0.114452
7.98619e-10	-0.114544
7.98683e-10	-0.114637
7.98747e-10	-0.114729
7.98811e-10	-0.114821
7.98875e-10	-0.114914
7.98939e-10	-0.115006
7.99003e-10	-0.115098
7.99067e-10	-0.115191
7.99132e-10	-0.115283
7.99196e-10	-0.115376
7.9926e-10	-0.115468
7.99324e-10	-0.115561
7.99388e-10	-0.115653
7.99452e-10	-0.115746
7.99516e-10	-0.115838
7.9958e-10	-0.115931
7.99644e-10	-0.116024
7.99708e-10	-0.116116
7.99772e-10	-0.116209
7.99836e-10	-0.116302
7.999e-10	-0.116394
7.99964e-10	-0.116487
8.00028e-10	-0.11658
8.00092e-10	-0.116673
8.00156e-10	-0.116766
8.0022e-10	-0.116859
8.00284e-10	-0.116952
8.00348e-10	-0.117045
8.00412e-10	-0.117138
8.00476e-10	-0.117231
8.0054e-10	-0.117324
8.00604e-10	-0.117417
8.00668e-10	-0.11751
8.00732e-10	-0.117603
8.00796e-10	-0.117696
8.0086e-10	-0.117789
8.00924e-10	-0.117882
8.00988e-10	-0.117976
8.01052e-10	-0.118069
8.01116e-10	-0.118162
8.0118e-10	-0.118256
8.01244e-10	-0.118349
8.01308e-10	-0.118442
8.01372e-10	-0.118536
8.01436e-10	-0.118629
8.015e-10	-0.118723
8.01564e-10	-0.118816
8.01628e-10	-0.11891
8.01692e-10	-0.119003
8.01756e-10	-0.119097
8.0182e-10	-0.11919
8.01884e-10	-0.119284
8.01948e-10	-0.119378
8.02012e-10	-0.119471
8.02076e-10	-0.119565
8.0214e-10	-0.119659
8.02204e-10	-0.119753
8.02268e-10	-0.119846
8.02332e-10	-0.11994
8.02396e-10	-0.120034
8.0246e-10	-0.120128
8.02524e-10	-0.120222
8.02588e-10	-0.120316
8.02652e-10	-0.12041
8.02716e-10	-0.120504
8.0278e-10	-0.120598
8.02844e-10	-0.120692
8.02908e-10	-0.120786
8.02972e-10	-0.12088
8.03036e-10	-0.120974
8.031e-10	-0.121068
8.03164e-10	-0.121163
8.03228e-10	-0.121257
8.03292e-10	-0.121351
8.03356e-10	-0.121445
8.0342e-10	-0.12154
8.03484e-10	-0.121634
8.03548e-10	-0.121728
8.03612e-10	-0.121823
8.03676e-10	-0.121917
8.0374e-10	-0.122011
8.03804e-10	-0.122106
8.03868e-10	-0.1222
8.03932e-10	-0.122295
8.03996e-10	-0.122389
8.0406e-10	-0.122484
8.04124e-10	-0.122579
8.04188e-10	-0.122673
8.04252e-10	-0.122768
8.04316e-10	-0.122863
8.0438e-10	-0.122957
8.04444e-10	-0.123052
8.04508e-10	-0.123147
8.04572e-10	-0.123242
8.04636e-10	-0.123336
8.047e-10	-0.123431
8.04764e-10	-0.123526
8.04828e-10	-0.123621
8.04892e-10	-0.123716
8.04956e-10	-0.123811
8.0502e-10	-0.123906
8.05084e-10	-0.124001
8.05148e-10	-0.124096
8.05212e-10	-0.124191
8.05276e-10	-0.124286
8.0534e-10	-0.124381
8.05404e-10	-0.124476
8.05468e-10	-0.124571
8.05532e-10	-0.124667
8.05596e-10	-0.124762
8.0566e-10	-0.124857
8.05724e-10	-0.124952
8.05788e-10	-0.125048
8.05852e-10	-0.125143
8.05916e-10	-0.125238
8.0598e-10	-0.125334
8.06044e-10	-0.125429
8.06108e-10	-0.125525
8.06172e-10	-0.12562
8.06236e-10	-0.125716
8.063e-10	-0.125811
8.06364e-10	-0.125907
8.06428e-10	-0.126002
8.06492e-10	-0.126098
8.06556e-10	-0.126193
8.0662e-10	-0.126289
8.06684e-10	-0.126385
8.06748e-10	-0.12648
8.06812e-10	-0.126576
8.06876e-10	-0.126672
8.0694e-10	-0.126768
8.07004e-10	-0.126864
8.07068e-10	-0.126959
8.07132e-10	-0.127055
8.07196e-10	-0.127151
8.0726e-10	-0.127247
8.07324e-10	-0.127343
8.07388e-10	-0.127439
8.07452e-10	-0.127535
8.07516e-10	-0.127631
8.0758e-10	-0.127727
8.07644e-10	-0.127823
8.07708e-10	-0.127919
8.07772e-10	-0.128015
8.07836e-10	-0.128111
8.07901e-10	-0.128208
8.07965e-10	-0.128304
8.08029e-10	-0.1284
8.08093e-10	-0.128496
8.08157e-10	-0.128593
8.08221e-10	-0.128689
8.08285e-10	-0.128785
8.08349e-10	-0.128882
8.08413e-10	-0.128978
8.08477e-10	-0.129074
8.08541e-10	-0.129171
8.08605e-10	-0.129267
8.08669e-10	-0.129364
8.08733e-10	-0.12946
8.08797e-10	-0.129557
8.08861e-10	-0.129654
8.08925e-10	-0.12975
8.08989e-10	-0.129847
8.09053e-10	-0.129943
8.09117e-10	-0.13004
8.09181e-10	-0.130137
8.09245e-10	-0.130234
8.09309e-10	-0.13033
8.09373e-10	-0.130427
8.09437e-10	-0.130524
8.09501e-10	-0.130621
8.09565e-10	-0.130718
8.09629e-10	-0.130814
8.09693e-10	-0.130911
8.09757e-10	-0.131008
8.09821e-10	-0.131105
8.09885e-10	-0.131202
8.09949e-10	-0.131299
8.10013e-10	-0.131396
8.10077e-10	-0.131493
8.10141e-10	-0.13159
8.10205e-10	-0.131688
8.10269e-10	-0.131785
8.10333e-10	-0.131882
8.10397e-10	-0.131979
8.10461e-10	-0.132076
8.10525e-10	-0.132174
8.10589e-10	-0.132271
8.10653e-10	-0.132368
8.10717e-10	-0.132465
8.10781e-10	-0.132563
8.10845e-10	-0.13266
8.10909e-10	-0.132758
8.10973e-10	-0.132855
8.11037e-10	-0.132952
8.11101e-10	-0.13305
8.11165e-10	-0.133147
8.11229e-10	-0.133245
8.11293e-10	-0.133343
8.11357e-10	-0.13344
8.11421e-10	-0.133538
8.11485e-10	-0.133635
8.11549e-10	-0.133733
8.11613e-10	-0.133831
8.11677e-10	-0.133928
8.11741e-10	-0.134026
8.11805e-10	-0.134124
8.11869e-10	-0.134222
8.11933e-10	-0.134319
8.11997e-10	-0.134417
8.12061e-10	-0.134515
8.12125e-10	-0.134613
8.12189e-10	-0.134711
8.12253e-10	-0.134809
8.12317e-10	-0.134907
8.12381e-10	-0.135005
8.12445e-10	-0.135103
8.12509e-10	-0.135201
8.12573e-10	-0.135299
8.12637e-10	-0.135397
8.12701e-10	-0.135495
8.12765e-10	-0.135593
8.12829e-10	-0.135691
8.12893e-10	-0.13579
8.12957e-10	-0.135888
8.13021e-10	-0.135986
8.13085e-10	-0.136084
8.13149e-10	-0.136183
8.13213e-10	-0.136281
8.13277e-10	-0.136379
8.13341e-10	-0.136478
8.13405e-10	-0.136576
8.13469e-10	-0.136674
8.13533e-10	-0.136773
8.13597e-10	-0.136871
8.13661e-10	-0.13697
8.13725e-10	-0.137068
8.13789e-10	-0.137167
8.13853e-10	-0.137265
8.13917e-10	-0.137364
8.13981e-10	-0.137463
8.14045e-10	-0.137561
8.14109e-10	-0.13766
8.14173e-10	-0.137759
8.14237e-10	-0.137857
8.14301e-10	-0.137956
8.14365e-10	-0.138055
8.14429e-10	-0.138154
8.14493e-10	-0.138252
8.14557e-10	-0.138351
8.14621e-10	-0.13845
8.14685e-10	-0.138549
8.14749e-10	-0.138648
8.14813e-10	-0.138747
8.14877e-10	-0.138846
8.14941e-10	-0.138945
8.15005e-10	-0.139044
8.15069e-10	-0.139143
8.15133e-10	-0.139242
8.15197e-10	-0.139341
8.15261e-10	-0.13944
8.15325e-10	-0.139539
8.15389e-10	-0.139638
8.15453e-10	-0.139737
8.15517e-10	-0.139837
8.15581e-10	-0.139936
8.15645e-10	-0.140035
8.15709e-10	-0.140134
8.15773e-10	-0.140234
8.15837e-10	-0.140333
8.15901e-10	-0.140432
8.15965e-10	-0.140532
8.16029e-10	-0.140631
8.16093e-10	-0.140731
8.16157e-10	-0.14083
8.16221e-10	-0.140929
8.16285e-10	-0.141029
8.16349e-10	-0.141128
8.16413e-10	-0.141228
8.16477e-10	-0.141328
8.16541e-10	-0.141427
8.16606e-10	-0.141527
8.1667e-10	-0.141626
8.16734e-10	-0.141726
8.16798e-10	-0.141826
8.16862e-10	-0.141925
8.16926e-10	-0.142025
8.1699e-10	-0.142125
8.17054e-10	-0.142225
8.17118e-10	-0.142324
8.17182e-10	-0.142424
8.17246e-10	-0.142524
8.1731e-10	-0.142624
8.17374e-10	-0.142724
8.17438e-10	-0.142824
8.17502e-10	-0.142924
8.17566e-10	-0.143024
8.1763e-10	-0.143124
8.17694e-10	-0.143224
8.17758e-10	-0.143324
8.17822e-10	-0.143424
8.17886e-10	-0.143524
8.1795e-10	-0.143624
8.18014e-10	-0.143724
8.18078e-10	-0.143824
8.18142e-10	-0.143925
8.18206e-10	-0.144025
8.1827e-10	-0.144125
8.18334e-10	-0.144225
8.18398e-10	-0.144325
8.18462e-10	-0.144426
8.18526e-10	-0.144526
8.1859e-10	-0.144626
8.18654e-10	-0.144727
8.18718e-10	-0.144827
8.18782e-10	-0.144928
8.18846e-10	-0.145028
8.1891e-10	-0.145129
8.18974e-10	-0.145229
8.19038e-10	-0.14533
8.19102e-10	-0.14543
8.19166e-10	-0.145531
8.1923e-10	-0.145631
8.19294e-10	-0.145732
8.19358e-10	-0.145832
8.19422e-10	-0.145933
8.19486e-10	-0.146034
8.1955e-10	-0.146134
8.19614e-10	-0.146235
8.19678e-10	-0.146336
8.19742e-10	-0.146437
8.19806e-10	-0.146537
8.1987e-10	-0.146638
8.19934e-10	-0.146739
8.19998e-10	-0.14684
8.20062e-10	-0.146941
8.20126e-10	-0.147042
8.2019e-10	-0.147143
8.20254e-10	-0.147244
8.20318e-10	-0.147345
8.20382e-10	-0.147446
8.20446e-10	-0.147547
8.2051e-10	-0.147648
8.20574e-10	-0.147749
8.20638e-10	-0.14785
8.20702e-10	-0.147951
8.20766e-10	-0.148052
8.2083e-10	-0.148153
8.20894e-10	-0.148254
8.20958e-10	-0.148356
8.21022e-10	-0.148457
8.21086e-10	-0.148558
8.2115e-10	-0.148659
8.21214e-10	-0.148761
8.21278e-10	-0.148862
8.21342e-10	-0.148963
8.21406e-10	-0.149065
8.2147e-10	-0.149166
8.21534e-10	-0.149267
8.21598e-10	-0.149369
8.21662e-10	-0.14947
8.21726e-10	-0.149572
8.2179e-10	-0.149673
8.21854e-10	-0.149775
8.21918e-10	-0.149876
8.21982e-10	-0.149978
8.22046e-10	-0.150079
8.2211e-10	-0.150181
8.22174e-10	-0.150283
8.22238e-10	-0.150384
8.22302e-10	-0.150486
8.22366e-10	-0.150588
8.2243e-10	-0.150689
8.22494e-10	-0.150791
8.22558e-10	-0.150893
8.22622e-10	-0.150995
8.22686e-10	-0.151096
8.2275e-10	-0.151198
8.22814e-10	-0.1513
8.22878e-10	-0.151402
8.22942e-10	-0.151504
8.23006e-10	-0.151606
8.2307e-10	-0.151708
8.23134e-10	-0.15181
8.23198e-10	-0.151912
8.23262e-10	-0.152014
8.23326e-10	-0.152116
8.2339e-10	-0.152218
8.23454e-10	-0.15232
8.23518e-10	-0.152422
8.23582e-10	-0.152524
8.23646e-10	-0.152626
8.2371e-10	-0.152728
8.23774e-10	-0.15283
8.23838e-10	-0.152933
8.23902e-10	-0.153035
8.23966e-10	-0.153137
8.2403e-10	-0.153239
8.24094e-10	-0.153342
8.24158e-10	-0.153444
8.24222e-10	-0.153546
8.24286e-10	-0.153649
8.2435e-10	-0.153751
8.24414e-10	-0.153853
8.24478e-10	-0.153956
8.24542e-10	-0.154058
8.24606e-10	-0.154161
8.2467e-10	-0.154263
8.24734e-10	-0.154366
8.24798e-10	-0.154468
8.24862e-10	-0.154571
8.24926e-10	-0.154673
8.2499e-10	-0.154776
8.25054e-10	-0.154878
8.25118e-10	-0.154981
8.25182e-10	-0.155084
8.25246e-10	-0.155186
8.2531e-10	-0.155289
8.25375e-10	-0.155392
8.25439e-10	-0.155495
8.25503e-10	-0.155597
8.25567e-10	-0.1557
8.25631e-10	-0.155803
8.25695e-10	-0.155906
8.25759e-10	-0.156009
8.25823e-10	-0.156111
8.25887e-10	-0.156214
8.25951e-10	-0.156317
8.26015e-10	-0.15642
8.26079e-10	-0.156523
8.26143e-10	-0.156626
8.26207e-10	-0.156729
8.26271e-10	-0.156832
8.26335e-10	-0.156935
8.26399e-10	-0.157038
8.26463e-10	-0.157141
8.26527e-10	-0.157244
8.26591e-10	-0.157347
8.26655e-10	-0.157451
8.26719e-10	-0.157554
8.26783e-10	-0.157657
8.26847e-10	-0.15776
8.26911e-10	-0.157863
8.26975e-10	-0.157967
8.27039e-10	-0.15807
8.27103e-10	-0.158173
8.27167e-10	-0.158276
8.27231e-10	-0.15838
8.27295e-10	-0.158483
8.27359e-10	-0.158586
8.27423e-10	-0.15869
8.27487e-10	-0.158793
8.27551e-10	-0.158897
8.27615e-10	-0.159
8.27679e-10	-0.159104
8.27743e-10	-0.159207
8.27807e-10	-0.159311
8.27871e-10	-0.159414
8.27935e-10	-0.159518
8.27999e-10	-0.159621
8.28063e-10	-0.159725
8.28127e-10	-0.159828
8.28191e-10	-0.159932
8.28255e-10	-0.160036
8.28319e-10	-0.160139
8.28383e-10	-0.160243
8.28447e-10	-0.160347
8.28511e-10	-0.16045
8.28575e-10	-0.160554
8.28639e-10	-0.160658
8.28703e-10	-0.160762
8.28767e-10	-0.160866
8.28831e-10	-0.160969
8.28895e-10	-0.161073
8.28959e-10	-0.161177
8.29023e-10	-0.161281
8.29087e-10	-0.161385
8.29151e-10	-0.161489
8.29215e-10	-0.161593
8.29279e-10	-0.161697
8.29343e-10	-0.161801
8.29407e-10	-0.161905
8.29471e-10	-0.162009
8.29535e-10	-0.162113
8.29599e-10	-0.162217
8.29663e-10	-0.162321
8.29727e-10	-0.162425
8.29791e-10	-0.162529
8.29855e-10	-0.162633
8.29919e-10	-0.162738
8.29983e-10	-0.162842
8.30047e-10	-0.162946
8.30111e-10	-0.16305
8.30175e-10	-0.163155
8.30239e-10	-0.163259
8.30303e-10	-0.163363
8.30367e-10	-0.163467
8.30431e-10	-0.163572
8.30495e-10	-0.163676
8.30559e-10	-0.16378
8.30623e-10	-0.163885
8.30687e-10	-0.163989
8.30751e-10	-0.164094
8.30815e-10	-0.164198
8.30879e-10	-0.164303
8.30943e-10	-0.164407
8.31007e-10	-0.164512
8.31071e-10	-0.164616
8.31135e-10	-0.164721
8.31199e-10	-0.164825
8.31263e-10	-0.16493
8.31327e-10	-0.165034
8.31391e-10	-0.165139
8.31455e-10	-0.165244
8.31519e-10	-0.165348
8.31583e-10	-0.165453
8.31647e-10	-0.165558
8.31711e-10	-0.165662
8.31775e-10	-0.165767
8.31839e-10	-0.165872
8.31903e-10	-0.165977
8.31967e-10	-0.166081
8.32031e-10	-0.166186
8.32095e-10	-0.166291
8.32159e-10	-0.166396
8.32223e-10	-0.166501
8.32287e-10	-0.166606
8.32351e-10	-0.16671
8.32415e-10	-0.166815
8.32479e-10	-0.16692
8.32543e-10	-0.167025
8.32607e-10	-0.16713
8.32671e-10	-0.167235
8.32735e-10	-0.16734
8.32799e-10	-0.167445
8.32863e-10	-0.16755
8.32927e-10	-0.167655
8.32991e-10	-0.167761
8.33055e-10	-0.167866
8.33119e-10	-0.167971
8.33183e-10	-0.168076
8.33247e-10	-0.168181
8.33311e-10	-0.168286
8.33375e-10	-0.168391
8.33439e-10	-0.168497
8.33503e-10	-0.168602
8.33567e-10	-0.168707
8.33631e-10	-0.168812
8.33695e-10	-0.168918
8.33759e-10	-0.169023
8.33823e-10	-0.169128
8.33887e-10	-0.169234
8.33951e-10	-0.169339
8.34015e-10	-0.169444
8.3408e-10	-0.16955
8.34144e-10	-0.169655
8.34208e-10	-0.169761
8.34272e-10	-0.169866
8.34336e-10	-0.169972
8.344e-10	-0.170077
8.34464e-10	-0.170183
8.34528e-10	-0.170288
8.34592e-10	-0.170394
8.34656e-10	-0.170499
8.3472e-10	-0.170605
8.34784e-10	-0.170711
8.34848e-10	-0.170816
8.34912e-10	-0.170922
8.34976e-10	-0.171027
8.3504e-10	-0.171133
8.35104e-10	-0.171239
8.35168e-10	-0.171344
8.35232e-10	-0.17145
8.35296e-10	-0.171556
8.3536e-10	-0.171662
8.35424e-10	-0.171768
8.35488e-10	-0.171873
8.35552e-10	-0.171979
8.35616e-10	-0.172085
8.3568e-10	-0.172191
8.35744e-10	-0.172297
8.35808e-10	-0.172403
8.35872e-10	-0.172508
8.35936e-10	-0.172614
8.36e-10	-0.17272
8.36064e-10	-0.172826
8.36128e-10	-0.172932
8.36192e-10	-0.173038
8.36256e-10	-0.173144
8.3632e-10	-0.17325
8.36384e-10	-0.173356
8.36448e-10	-0.173462
8.36512e-10	-0.173568
8.36576e-10	-0.173675
8.3664e-10	-0.173781
8.36704e-10	-0.173887
8.36768e-10	-0.173993
8.36832e-10	-0.174099
8.36896e-10	-0.174205
8.3696e-10	-0.174311
8.37024e-10	-0.174418
8.37088e-10	-0.174524
8.37152e-10	-0.17463
8.37216e-10	-0.174736
8.3728e-10	-0.174843
8.37344e-10	-0.174949
8.37408e-10	-0.175055
8.37472e-10	-0.175162
8.37536e-10	-0.175268
8.376e-10	-0.175374
8.37664e-10	-0.175481
8.37728e-10	-0.175587
8.37792e-10	-0.175694
8.37856e-10	-0.1758
8.3792e-10	-0.175906
8.37984e-10	-0.176013
8.38048e-10	-0.176119
8.38112e-10	-0.176226
8.38176e-10	-0.176332
8.3824e-10	-0.176439
8.38304e-10	-0.176545
8.38368e-10	-0.176652
8.38432e-10	-0.176759
8.38496e-10	-0.176865
8.3856e-10	-0.176972
8.38624e-10	-0.177078
8.38688e-10	-0.177185
8.38752e-10	-0.177292
8.38816e-10	-0.177398
8.3888e-10	-0.177505
8.38944e-10	-0.177612
8.39008e-10	-0.177719
8.39072e-10	-0.177825
8.39136e-10	-0.177932
8.392e-10	-0.178039
8.39264e-10	-0.178146
8.39328e-10	-0.178252
8.39392e-10	-0.178359
8.39456e-10	-0.178466
8.3952e-10	-0.178573
8.39584e-10	-0.17868
8.39648e-10	-0.178787
8.39712e-10	-0.178894
8.39776e-10	-0.179001
8.3984e-10	-0.179108
8.39904e-10	-0.179215
8.39968e-10	-0.179321
8.40032e-10	-0.179428
8.40096e-10	-0.179535
8.4016e-10	-0.179642
8.40224e-10	-0.17975
8.40288e-10	-0.179857
8.40352e-10	-0.179964
8.40416e-10	-0.180071
8.4048e-10	-0.180178
8.40544e-10	-0.180285
8.40608e-10	-0.180392
8.40672e-10	-0.180499
8.40736e-10	-0.180606
8.408e-10	-0.180714
8.40864e-10	-0.180821
8.40928e-10	-0.180928
8.40992e-10	-0.181035
8.41056e-10	-0.181142
8.4112e-10	-0.18125
8.41184e-10	-0.181357
8.41248e-10	-0.181464
8.41312e-10	-0.181571
8.41376e-10	-0.181679
8.4144e-10	-0.181786
8.41504e-10	-0.181893
8.41568e-10	-0.182001
8.41632e-10	-0.182108
8.41696e-10	-0.182216
8.4176e-10	-0.182323
8.41824e-10	-0.18243
8.41888e-10	-0.182538
8.41952e-10	-0.182645
8.42016e-10	-0.182753
8.4208e-10	-0.18286
8.42144e-10	-0.182968
8.42208e-10	-0.183075
8.42272e-10	-0.183183
8.42336e-10	-0.18329
8.424e-10	-0.183398
8.42464e-10	-0.183505
8.42528e-10	-0.183613
8.42592e-10	-0.183721
8.42656e-10	-0.183828
8.4272e-10	-0.183936
8.42784e-10	-0.184044
8.42849e-10	-0.184151
8.42913e-10	-0.184259
8.42977e-10	-0.184367
8.43041e-10	-0.184474
8.43105e-10	-0.184582
8.43169e-10	-0.18469
8.43233e-10	-0.184797
8.43297e-10	-0.184905
8.43361e-10	-0.185013
8.43425e-10	-0.185121
8.43489e-10	-0.185229
8.43553e-10	-0.185336
8.43617e-10	-0.185444
8.43681e-10	-0.185552
8.43745e-10	-0.18566
8.43809e-10	-0.185768
8.43873e-10	-0.185876
8.43937e-10	-0.185984
8.44001e-10	-0.186092
8.44065e-10	-0.1862
8.44129e-10	-0.186307
8.44193e-10	-0.186415
8.44257e-10	-0.186523
8.44321e-10	-0.186631
8.44385e-10	-0.186739
8.44449e-10	-0.186847
8.44513e-10	-0.186955
8.44577e-10	-0.187064
8.44641e-10	-0.187172
8.44705e-10	-0.18728
8.44769e-10	-0.187388
8.44833e-10	-0.187496
8.44897e-10	-0.187604
8.44961e-10	-0.187712
8.45025e-10	-0.18782
8.45089e-10	-0.187928
8.45153e-10	-0.188037
8.45217e-10	-0.188145
8.45281e-10	-0.188253
8.45345e-10	-0.188361
8.45409e-10	-0.188469
8.45473e-10	-0.188578
8.45537e-10	-0.188686
8.45601e-10	-0.188794
8.45665e-10	-0.188902
8.45729e-10	-0.189011
8.45793e-10	-0.189119
8.45857e-10	-0.189227
8.45921e-10	-0.189336
8.45985e-10	-0.189444
8.46049e-10	-0.189552
8.46113e-10	-0.189661
8.46177e-10	-0.189769
8.46241e-10	-0.189878
8.46305e-10	-0.189986
8.46369e-10	-0.190094
8.46433e-10	-0.190203
8.46497e-10	-0.190311
8.46561e-10	-0.19042
8.46625e-10	-0.190528
8.46689e-10	-0.190637
8.46753e-10	-0.190745
8.46817e-10	-0.190854
8.46881e-10	-0.190962
8.46945e-10	-0.191071
8.47009e-10	-0.191179
8.47073e-10	-0.191288
8.47137e-10	-0.191397
8.47201e-10	-0.191505
8.47265e-10	-0.191614
8.47329e-10	-0.191722
8.47393e-10	-0.191831
8.47457e-10	-0.19194
8.47521e-10	-0.192048
8.47585e-10	-0.192157
8.47649e-10	-0.192266
8.47713e-10	-0.192374
8.47777e-10	-0.192483
8.47841e-10	-0.192592
8.47905e-10	-0.192701
8.47969e-10	-0.192809
8.48033e-10	-0.192918
8.48097e-10	-0.193027
8.48161e-10	-0.193136
8.48225e-10	-0.193244
8.48289e-10	-0.193353
8.48353e-10	-0.193462
8.48417e-10	-0.193571
8.48481e-10	-0.19368
8.48545e-10	-0.193789
8.48609e-10	-0.193898
8.48673e-10	-0.194006
8.48737e-10	-0.194115
8.48801e-10	-0.194224
8.48865e-10	-0.194333
8.48929e-10	-0.194442
8.48993e-10	-0.194551
8.49057e-10	-0.19466
8.49121e-10	-0.194769
8.49185e-10	-0.194878
8.49249e-10	-0.194987
8.49313e-10	-0.195096
8.49377e-10	-0.195205
8.49441e-10	-0.195314
8.49505e-10	-0.195423
8.49569e-10	-0.195532
8.49633e-10	-0.195641
8.49697e-10	-0.19575
8.49761e-10	-0.195859
8.49825e-10	-0.195968
8.49889e-10	-0.196078
8.49953e-10	-0.196187
8.50017e-10	-0.196296
8.50081e-10	-0.196405
8.50145e-10	-0.196514
8.50209e-10	-0.196623
8.50273e-10	-0.196732
8.50337e-10	-0.196842
8.50401e-10	-0.196951
8.50465e-10	-0.19706
8.50529e-10	-0.197169
8.50593e-10	-0.197279
8.50657e-10	-0.197388
8.50721e-10	-0.197497
8.50785e-10	-0.197606
8.50849e-10	-0.197716
8.50913e-10	-0.197825
8.50977e-10	-0.197934
8.51041e-10	-0.198044
8.51105e-10	-0.198153
8.51169e-10	-0.198262
8.51233e-10	-0.198372
8.51297e-10	-0.198481
8.51361e-10	-0.19859
8.51425e-10	-0.1987
8.51489e-10	-0.198809
8.51554e-10	-0.198918
8.51618e-10	-0.199028
8.51682e-10	-0.199137
8.51746e-10	-0.199247
8.5181e-10	-0.199356
8.51874e-10	-0.199466
8.51938e-10	-0.199575
8.52002e-10	-0.199685
8.52066e-10	-0.199794
8.5213e-10	-0.199904
8.52194e-10	-0.200013
8.52258e-10	-0.200123
8.52322e-10	-0.200232
8.52386e-10	-0.200342
8.5245e-10	-0.200451
8.52514e-10	-0.200561
8.52578e-10	-0.20067
8.52642e-10	-0.20078
8.52706e-10	-0.20089
8.5277e-10	-0.200999
8.52834e-10	-0.201109
8.52898e-10	-0.201218
8.52962e-10	-0.201328
8.53026e-10	-0.201438
8.5309e-10	-0.201547
8.53154e-10	-0.201657
8.53218e-10	-0.201767
8.53282e-10	-0.201876
8.53346e-10	-0.201986
8.5341e-10	-0.202096
8.53474e-10	-0.202206
8.53538e-10	-0.202315
8.53602e-10	-0.202425
8.53666e-10	-0.202535
8.5373e-10	-0.202645
8.53794e-10	-0.202754
8.53858e-10	-0.202864
8.53922e-10	-0.202974
8.53986e-10	-0.203084
8.5405e-10	-0.203194
8.54114e-10	-0.203303
8.54178e-10	-0.203413
8.54242e-10	-0.203523
8.54306e-10	-0.203633
8.5437e-10	-0.203743
8.54434e-10	-0.203853
8.54498e-10	-0.203962
8.54562e-10	-0.204072
8.54626e-10	-0.204182
8.5469e-10	-0.204292
8.54754e-10	-0.204402
8.54818e-10	-0.204512
8.54882e-10	-0.204622
8.54946e-10	-0.204732
8.5501e-10	-0.204842
8.55074e-10	-0.204952
8.55138e-10	-0.205062
8.55202e-10	-0.205172
8.55266e-10	-0.205282
8.5533e-10	-0.205392
8.55394e-10	-0.205502
8.55458e-10	-0.205612
8.55522e-10	-0.205722
8.55586e-10	-0.205832
8.5565e-10	-0.205942
8.55714e-10	-0.206052
8.55778e-10	-0.206162
8.55842e-10	-0.206272
8.55906e-10	-0.206382
8.5597e-10	-0.206492
8.56034e-10	-0.206602
8.56098e-10	-0.206712
8.56162e-10	-0.206822
8.56226e-10	-0.206933
8.5629e-10	-0.207043
8.56354e-10	-0.207153
8.56418e-10	-0.207263
8.56482e-10	-0.207373
8.56546e-10	-0.207483
8.5661e-10	-0.207594
8.56674e-10	-0.207704
8.56738e-10	-0.207814
8.56802e-10	-0.207924
8.56866e-10	-0.208034
8.5693e-10	-0.208145
8.56994e-10	-0.208255
8.57058e-10	-0.208365
8.57122e-10	-0.208475
8.57186e-10	-0.208586
8.5725e-10	-0.208696
8.57314e-10	-0.208806
8.57378e-10	-0.208916
8.57442e-10	-0.209027
8.57506e-10	-0.209137
8.5757e-10	-0.209247
8.57634e-10	-0.209357
8.57698e-10	-0.209468
8.57762e-10	-0.209578
8.57826e-10	-0.209688
8.5789e-10	-0.209799
8.57954e-10	-0.209909
8.58018e-10	-0.210019
8.58082e-10	-0.21013
8.58146e-10	-0.21024
8.5821e-10	-0.210351
8.58274e-10	-0.210461
8.58338e-10	-0.210571
8.58402e-10	-0.210682
8.58466e-10	-0.210792
8.5853e-10	-0.210903
8.58594e-10	-0.211013
8.58658e-10	-0.211123
8.58722e-10	-0.211234
8.58786e-10	-0.211344
8.5885e-10	-0.211455
8.58914e-10	-0.211565
8.58978e-10	-0.211676
8.59042e-10	-0.211786
8.59106e-10	-0.211897
8.5917e-10	-0.212007
8.59234e-10	-0.212118
8.59298e-10	-0.212228
8.59362e-10	-0.212339
8.59426e-10	-0.212449
8.5949e-10	-0.21256
8.59554e-10	-0.21267
8.59618e-10	-0.212781
8.59682e-10	-0.212891
8.59746e-10	-0.213002
8.5981e-10	-0.213112
8.59874e-10	-0.213223
8.59938e-10	-0.213334
8.60002e-10	-0.213444
8.60066e-10	-0.213555
8.6013e-10	-0.213665
8.60194e-10	-0.213776
8.60259e-10	-0.213887
8.60323e-10	-0.213997
8.60387e-10	-0.214108
8.60451e-10	-0.214218
8.60515e-10	-0.214329
8.60579e-10	-0.21444
8.60643e-10	-0.21455
8.60707e-10	-0.214661
8.60771e-10	-0.214772
8.60835e-10	-0.214882
8.60899e-10	-0.214993
8.60963e-10	-0.215104
8.61027e-10	-0.215214
8.61091e-10	-0.215325
8.61155e-10	-0.215436
8.61219e-10	-0.215547
8.61283e-10	-0.215657
8.61347e-10	-0.215768
8.61411e-10	-0.215879
8.61475e-10	-0.215989
8.61539e-10	-0.2161
8.61603e-10	-0.216211
8.61667e-10	-0.216322
8.61731e-10	-0.216432
8.61795e-10	-0.216543
8.61859e-10	-0.216654
8.61923e-10	-0.216765
8.61987e-10	-0.216875
8.62051e-10	-0.216986
8.62115e-10	-0.217097
8.62179e-10	-0.217208
8.62243e-10	-0.217319
8.62307e-10	-0.217429
8.62371e-10	-0.21754
8.62435e-10	-0.217651
8.62499e-10	-0.217762
8.62563e-10	-0.217873
8.62627e-10	-0.217984
8.62691e-10	-0.218094
8.62755e-10	-0.218205
8.62819e-10	-0.218316
8.62883e-10	-0.218427
8.62947e-10	-0.218538
8.63011e-10	-0.218649
8.63075e-10	-0.21876
8.63139e-10	-0.21887
8.63203e-10	-0.218981
8.63267e-10	-0.219092
8.63331e-10	-0.219203
8.63395e-10	-0.219314
8.63459e-10	-0.219425
8.63523e-10	-0.219536
8.63587e-10	-0.219647
8.63651e-10	-0.219758
8.63715e-10	-0.219869
8.63779e-10	-0.21998
8.63843e-10	-0.22009
8.63907e-10	-0.220201
8.63971e-10	-0.220312
8.64035e-10	-0.220423
8.64099e-10	-0.220534
8.64163e-10	-0.220645
8.64227e-10	-0.220756
8.64291e-10	-0.220867
8.64355e-10	-0.220978
8.64419e-10	-0.221089
8.64483e-10	-0.2212
8.64547e-10	-0.221311
8.64611e-10	-0.221422
8.64675e-10	-0.221533
8.64739e-10	-0.221644
8.64803e-10	-0.221755
8.64867e-10	-0.221866
8.64931e-10	-0.221977
8.64995e-10	-0.222088
8.65059e-10	-0.222199
8.65123e-10	-0.22231
8.65187e-10	-0.222421
8.65251e-10	-0.222532
8.65315e-10	-0.222643
8.65379e-10	-0.222754
8.65443e-10	-0.222865
8.65507e-10	-0.222976
8.65571e-10	-0.223087
8.65635e-10	-0.223199
8.65699e-10	-0.22331
8.65763e-10	-0.223421
8.65827e-10	-0.223532
8.65891e-10	-0.223643
8.65955e-10	-0.223754
8.66019e-10	-0.223865
8.66083e-10	-0.223976
8.66147e-10	-0.224087
8.66211e-10	-0.224198
8.66275e-10	-0.224309
8.66339e-10	-0.22442
8.66403e-10	-0.224532
8.66467e-10	-0.224643
8.66531e-10	-0.224754
8.66595e-10	-0.224865
8.66659e-10	-0.224976
8.66723e-10	-0.225087
8.66787e-10	-0.225198
8.66851e-10	-0.225309
8.66915e-10	-0.225421
8.66979e-10	-0.225532
8.67043e-10	-0.225643
8.67107e-10	-0.225754
8.67171e-10	-0.225865
8.67235e-10	-0.225976
8.67299e-10	-0.226087
8.67363e-10	-0.226199
8.67427e-10	-0.22631
8.67491e-10	-0.226421
8.67555e-10	-0.226532
8.67619e-10	-0.226643
8.67683e-10	-0.226754
8.67747e-10	-0.226866
8.67811e-10	-0.226977
8.67875e-10	-0.227088
8.67939e-10	-0.227199
8.68003e-10	-0.22731
8.68067e-10	-0.227421
8.68131e-10	-0.227533
8.68195e-10	-0.227644
8.68259e-10	-0.227755
8.68323e-10	-0.227866
8.68387e-10	-0.227977
8.68451e-10	-0.228089
8.68515e-10	-0.2282
8.68579e-10	-0.228311
8.68643e-10	-0.228422
8.68707e-10	-0.228533
8.68771e-10	-0.228645
8.68835e-10	-0.228756
8.68899e-10	-0.228867
8.68963e-10	-0.228978
8.69028e-10	-0.22909
8.69092e-10	-0.229201
8.69156e-10	-0.229312
8.6922e-10	-0.229423
8.69284e-10	-0.229534
8.69348e-10	-0.229646
8.69412e-10	-0.229757
8.69476e-10	-0.229868
8.6954e-10	-0.229979
8.69604e-10	-0.230091
8.69668e-10	-0.230202
8.69732e-10	-0.230313
8.69796e-10	-0.230424
8.6986e-10	-0.230536
8.69924e-10	-0.230647
8.69988e-10	-0.230758
8.70052e-10	-0.230869
8.70116e-10	-0.230981
8.7018e-10	-0.231092
8.70244e-10	-0.231203
8.70308e-10	-0.231314
8.70372e-10	-0.231426
8.70436e-10	-0.231537
8.705e-10	-0.231648
8.70564e-10	-0.23176
8.70628e-10	-0.231871
8.70692e-10	-0.231982
8.70756e-10	-0.232093
8.7082e-10	-0.232205
8.70884e-10	-0.232316
8.70948e-10	-0.232427
8.71012e-10	-0.232538
8.71076e-10	-0.23265
8.7114e-10	-0.232761
8.71204e-10	-0.232872
8.71268e-10	-0.232984
8.71332e-10	-0.233095
8.71396e-10	-0.233206
8.7146e-10	-0.233317
8.71524e-10	-0.233429
8.71588e-10	-0.23354
8.71652e-10	-0.233651
8.71716e-10	-0.233762
8.7178e-10	-0.233874
8.71844e-10	-0.233985
8.71908e-10	-0.234096
8.71972e-10	-0.234208
8.72036e-10	-0.234319
8.721e-10	-0.23443
8.72164e-10	-0.234541
8.72228e-10	-0.234653
8.72292e-10	-0.234764
8.72356e-10	-0.234875
8.7242e-10	-0.234987
8.72484e-10	-0.235098
8.72548e-10	-0.235209
8.72612e-10	-0.235321
8.72676e-10	-0.235432
8.7274e-10	-0.235543
8.72804e-10	-0.235654
8.72868e-10	-0.235766
8.72932e-10	-0.235877
8.72996e-10	-0.235988
8.7306e-10	-0.2361
8.73124e-10	-0.236211
8.73188e-10	-0.236322
8.73252e-10	-0.236433
8.73316e-10	-0.236545
8.7338e-10	-0.236656
8.73444e-10	-0.236767
8.73508e-10	-0.236879
8.73572e-10	-0.23699
8.73636e-10	-0.237101
8.737e-10	-0.237212
8.73764e-10	-0.237324
8.73828e-10	-0.237435
8.73892e-10	-0.237546
8.73956e-10	-0.237658
8.7402e-10	-0.237769
8.74084e-10	-0.23788
8.74148e-10	-0.237991
8.74212e-10	-0.238103
8.74276e-10	-0.238214
8.7434e-10	-0.238325
8.74404e-10	-0.238437
8.74468e-10	-0.238548
8.74532e-10	-0.238659
8.74596e-10	-0.23877
8.7466e-10	-0.238882
8.74724e-10	-0.238993
8.74788e-10	-0.239104
8.74852e-10	-0.239216
8.74916e-10	-0.239327
8.7498e-10	-0.239438
8.75044e-10	-0.239549
8.75108e-10	-0.239661
8.75172e-10	-0.239772
8.75236e-10	-0.239883
8.753e-10	-0.239994
8.75364e-10	-0.240106
8.75428e-10	-0.240217
8.75492e-10	-0.240328
8.75556e-10	-0.24044
8.7562e-10	-0.240551
8.75684e-10	-0.240662
8.75748e-10	-0.240773
8.75812e-10	-0.240885
8.75876e-10	-0.240996
8.7594e-10	-0.241107
8.76004e-10	-0.241218
8.76068e-10	-0.24133
8.76132e-10	-0.241441
8.76196e-10	-0.241552
8.7626e-10	-0.241663
8.76324e-10	-0.241775
8.76388e-10	-0.241886
8.76452e-10	-0.241997
8.76516e-10	-0.242108
8.7658e-10	-0.242219
8.76644e-10	-0.242331
8.76708e-10	-0.242442
8.76772e-10	-0.242553
8.76836e-10	-0.242664
8.769e-10	-0.242776
8.76964e-10	-0.242887
8.77028e-10	-0.242998
8.77092e-10	-0.243109
8.77156e-10	-0.243221
8.7722e-10	-0.243332
8.77284e-10	-0.243443
8.77348e-10	-0.243554
8.77412e-10	-0.243665
8.77476e-10	-0.243777
8.7754e-10	-0.243888
8.77604e-10	-0.243999
8.77668e-10	-0.24411
8.77733e-10	-0.244221
8.77797e-10	-0.244333
8.77861e-10	-0.244444
8.77925e-10	-0.244555
8.77989e-10	-0.244666
8.78053e-10	-0.244777
8.78117e-10	-0.244888
8.78181e-10	-0.245
8.78245e-10	-0.245111
8.78309e-10	-0.245222
8.78373e-10	-0.245333
8.78437e-10	-0.245444
8.78501e-10	-0.245555
8.78565e-10	-0.245667
8.78629e-10	-0.245778
8.78693e-10	-0.245889
8.78757e-10	-0.246
8.78821e-10	-0.246111
8.78885e-10	-0.246222
8.78949e-10	-0.246333
8.79013e-10	-0.246445
8.79077e-10	-0.246556
8.79141e-10	-0.246667
8.79205e-10	-0.246778
8.79269e-10	-0.246889
8.79333e-10	-0.247
8.79397e-10	-0.247111
8.79461e-10	-0.247222
8.79525e-10	-0.247333
8.79589e-10	-0.247445
8.79653e-10	-0.247556
8.79717e-10	-0.247667
8.79781e-10	-0.247778
8.79845e-10	-0.247889
8.79909e-10	-0.248
8.79973e-10	-0.248111
8.80037e-10	-0.248222
8.80101e-10	-0.248333
8.80165e-10	-0.248444
8.80229e-10	-0.248555
8.80293e-10	-0.248666
8.80357e-10	-0.248777
8.80421e-10	-0.248889
8.80485e-10	-0.249
8.80549e-10	-0.249111
8.80613e-10	-0.249222
8.80677e-10	-0.249333
8.80741e-10	-0.249444
8.80805e-10	-0.249555
8.80869e-10	-0.249666
8.80933e-10	-0.249777
8.80997e-10	-0.249888
8.81061e-10	-0.249999
8.81125e-10	-0.25011
8.81189e-10	-0.250221
8.81253e-10	-0.250332
8.81317e-10	-0.250443
8.81381e-10	-0.250554
8.81445e-10	-0.250665
8.81509e-10	-0.250776
8.81573e-10	-0.250887
8.81637e-10	-0.250998
8.81701e-10	-0.251108
8.81765e-10	-0.251219
8.81829e-10	-0.25133
8.81893e-10	-0.251441
8.81957e-10	-0.251552
8.82021e-10	-0.251663
8.82085e-10	-0.251774
8.82149e-10	-0.251885
8.82213e-10	-0.251996
8.82277e-10	-0.252107
8.82341e-10	-0.252218
8.82405e-10	-0.252329
8.82469e-10	-0.25244
8.82533e-10	-0.25255
8.82597e-10	-0.252661
8.82661e-10	-0.252772
8.82725e-10	-0.252883
8.82789e-10	-0.252994
8.82853e-10	-0.253105
8.82917e-10	-0.253216
8.82981e-10	-0.253326
8.83045e-10	-0.253437
8.83109e-10	-0.253548
8.83173e-10	-0.253659
8.83237e-10	-0.25377
8.83301e-10	-0.253881
8.83365e-10	-0.253991
8.83429e-10	-0.254102
8.83493e-10	-0.254213
8.83557e-10	-0.254324
8.83621e-10	-0.254435
8.83685e-10	-0.254545
8.83749e-10	-0.254656
8.83813e-10	-0.254767
8.83877e-10	-0.254878
8.83941e-10	-0.254988
8.84005e-10	-0.255099
8.84069e-10	-0.25521
8.84133e-10	-0.255321
8.84197e-10	-0.255431
8.84261e-10	-0.255542
8.84325e-10	-0.255653
8.84389e-10	-0.255764
8.84453e-10	-0.255874
8.84517e-10	-0.255985
8.84581e-10	-0.256096
8.84645e-10	-0.256206
8.84709e-10	-0.256317
8.84773e-10	-0.256428
8.84837e-10	-0.256538
8.84901e-10	-0.256649
8.84965e-10	-0.25676
8.85029e-10	-0.25687
8.85093e-10	-0.256981
8.85157e-10	-0.257092
8.85221e-10	-0.257202
8.85285e-10	-0.257313
8.85349e-10	-0.257423
8.85413e-10	-0.257534
8.85477e-10	-0.257645
8.85541e-10	-0.257755
8.85605e-10	-0.257866
8.85669e-10	-0.257976
8.85733e-10	-0.258087
8.85797e-10	-0.258197
8.85861e-10	-0.258308
8.85925e-10	-0.258419
8.85989e-10	-0.258529
8.86053e-10	-0.25864
8.86117e-10	-0.25875
8.86181e-10	-0.258861
8.86245e-10	-0.258971
8.86309e-10	-0.259082
8.86373e-10	-0.259192
8.86437e-10	-0.259303
8.86502e-10	-0.259413
8.86566e-10	-0.259523
8.8663e-10	-0.259634
8.86694e-10	-0.259744
8.86758e-10	-0.259855
8.86822e-10	-0.259965
8.86886e-10	-0.260076
8.8695e-10	-0.260186
8.87014e-10	-0.260296
8.87078e-10	-0.260407
8.87142e-10	-0.260517
8.87206e-10	-0.260628
8.8727e-10	-0.260738
8.87334e-10	-0.260848
8.87398e-10	-0.260959
8.87462e-10	-0.261069
8.87526e-10	-0.261179
8.8759e-10	-0.26129
8.87654e-10	-0.2614
8.87718e-10	-0.26151
8.87782e-10	-0.261621
8.87846e-10	-0.261731
8.8791e-10	-0.261841
8.87974e-10	-0.261952
8.88038e-10	-0.262062
8.88102e-10	-0.262172
8.88166e-10	-0.262282
8.8823e-10	-0.262393
8.88294e-10	-0.262503
8.88358e-10	-0.262613
8.88422e-10	-0.262723
8.88486e-10	-0.262833
8.8855e-10	-0.262944
8.88614e-10	-0.263054
8.88678e-10	-0.263164
8.88742e-10	-0.263274
8.88806e-10	-0.263384
8.8887e-10	-0.263494
8.88934e-10	-0.263605
8.88998e-10	-0.263715
8.89062e-10	-0.263825
8.89126e-10	-0.263935
8.8919e-10	-0.264045
8.89254e-10	-0.264155
8.89318e-10	-0.264265
8.89382e-10	-0.264375
8.89446e-10	-0.264485
8.8951e-10	-0.264595
8.89574e-10	-0.264706
8.89638e-10	-0.264816
8.89702e-10	-0.264926
8.89766e-10	-0.265036
8.8983e-10	-0.265146
8.89894e-10	-0.265256
8.89958e-10	-0.265366
8.90022e-10	-0.265476
8.90086e-10	-0.265586
8.9015e-10	-0.265695
8.90214e-10	-0.265805
8.90278e-10	-0.265915
8.90342e-10	-0.266025
8.90406e-10	-0.266135
8.9047e-10	-0.266245
8.90534e-10	-0.266355
8.90598e-10	-0.266465
8.90662e-10	-0.266575
8.90726e-10	-0.266685
8.9079e-10	-0.266794
8.90854e-10	-0.266904
8.90918e-10	-0.267014
8.90982e-10	-0.267124
8.91046e-10	-0.267234
8.9111e-10	-0.267344
8.91174e-10	-0.267453
8.91238e-10	-0.267563
8.91302e-10	-0.267673
8.91366e-10	-0.267783
8.9143e-10	-0.267892
8.91494e-10	-0.268002
8.91558e-10	-0.268112
8.91622e-10	-0.268222
8.91686e-10	-0.268331
8.9175e-10	-0.268441
8.91814e-10	-0.268551
8.91878e-10	-0.26866
8.91942e-10	-0.26877
8.92006e-10	-0.26888
8.9207e-10	-0.268989
8.92134e-10	-0.269099
8.92198e-10	-0.269208
8.92262e-10	-0.269318
8.92326e-10	-0.269428
8.9239e-10	-0.269537
8.92454e-10	-0.269647
8.92518e-10	-0.269756
8.92582e-10	-0.269866
8.92646e-10	-0.269975
8.9271e-10	-0.270085
8.92774e-10	-0.270194
8.92838e-10	-0.270304
8.92902e-10	-0.270413
8.92966e-10	-0.270523
8.9303e-10	-0.270632
8.93094e-10	-0.270742
8.93158e-10	-0.270851
8.93222e-10	-0.270961
8.93286e-10	-0.27107
8.9335e-10	-0.271179
8.93414e-10	-0.271289
8.93478e-10	-0.271398
8.93542e-10	-0.271507
8.93606e-10	-0.271617
8.9367e-10	-0.271726
8.93734e-10	-0.271835
8.93798e-10	-0.271945
8.93862e-10	-0.272054
8.93926e-10	-0.272163
8.9399e-10	-0.272273
8.94054e-10	-0.272382
8.94118e-10	-0.272491
8.94182e-10	-0.2726
8.94246e-10	-0.27271
8.9431e-10	-0.272819
8.94374e-10	-0.272928
8.94438e-10	-0.273037
8.94502e-10	-0.273146
8.94566e-10	-0.273255
8.9463e-10	-0.273365
8.94694e-10	-0.273474
8.94758e-10	-0.273583
8.94822e-10	-0.273692
8.94886e-10	-0.273801
8.9495e-10	-0.27391
8.95014e-10	-0.274019
8.95078e-10	-0.274128
8.95142e-10	-0.274237
8.95207e-10	-0.274346
8.95271e-10	-0.274455
8.95335e-10	-0.274564
8.95399e-10	-0.274673
8.95463e-10	-0.274782
8.95527e-10	-0.274891
8.95591e-10	-0.275
8.95655e-10	-0.275109
8.95719e-10	-0.275218
8.95783e-10	-0.275327
8.95847e-10	-0.275436
8.95911e-10	-0.275545
8.95975e-10	-0.275654
8.96039e-10	-0.275762
8.96103e-10	-0.275871
8.96167e-10	-0.27598
8.96231e-10	-0.276089
8.96295e-10	-0.276198
8.96359e-10	-0.276306
8.96423e-10	-0.276415
8.96487e-10	-0.276524
8.96551e-10	-0.276633
8.96615e-10	-0.276741
8.96679e-10	-0.27685
8.96743e-10	-0.276959
8.96807e-10	-0.277067
8.96871e-10	-0.277176
8.96935e-10	-0.277285
8.96999e-10	-0.277393
8.97063e-10	-0.277502
8.97127e-10	-0.277611
8.97191e-10	-0.277719
8.97255e-10	-0.277828
8.97319e-10	-0.277936
8.97383e-10	-0.278045
8.97447e-10	-0.278153
8.97511e-10	-0.278262
8.97575e-10	-0.27837
8.97639e-10	-0.278479
8.97703e-10	-0.278587
8.97767e-10	-0.278696
8.97831e-10	-0.278804
8.97895e-10	-0.278913
8.97959e-10	-0.279021
8.98023e-10	-0.279129
8.98087e-10	-0.279238
8.98151e-10	-0.279346
8.98215e-10	-0.279455
8.98279e-10	-0.279563
8.98343e-10	-0.279671
8.98407e-10	-0.279779
8.98471e-10	-0.279888
8.98535e-10	-0.279996
8.98599e-10	-0.280104
8.98663e-10	-0.280213
8.98727e-10	-0.280321
8.98791e-10	-0.280429
8.98855e-10	-0.280537
8.98919e-10	-0.280645
8.98983e-10	-0.280753
8.99047e-10	-0.280862
8.99111e-10	-0.28097
8.99175e-10	-0.281078
8.99239e-10	-0.281186
8.99303e-10	-0.281294
8.99367e-10	-0.281402
8.99431e-10	-0.28151
8.99495e-10	-0.281618
8.99559e-10	-0.281726
8.99623e-10	-0.281834
8.99687e-10	-0.281942
8.99751e-10	-0.28205
8.99815e-10	-0.282158
8.99879e-10	-0.282266
8.99943e-10	-0.282374
9.00007e-10	-0.282482
9.00071e-10	-0.28259
9.00135e-10	-0.282698
9.00199e-10	-0.282805
9.00263e-10	-0.282913
9.00327e-10	-0.283021
9.00391e-10	-0.283129
9.00455e-10	-0.283237
9.00519e-10	-0.283344
9.00583e-10	-0.283452
9.00647e-10	-0.28356
9.00711e-10	-0.283668
9.00775e-10	-0.283775
9.00839e-10	-0.283883
9.00903e-10	-0.283991
9.00967e-10	-0.284098
9.01031e-10	-0.284206
9.01095e-10	-0.284314
9.01159e-10	-0.284421
9.01223e-10	-0.284529
9.01287e-10	-0.284636
9.01351e-10	-0.284744
9.01415e-10	-0.284851
9.01479e-10	-0.284959
9.01543e-10	-0.285066
9.01607e-10	-0.285174
9.01671e-10	-0.285281
9.01735e-10	-0.285389
9.01799e-10	-0.285496
9.01863e-10	-0.285604
9.01927e-10	-0.285711
9.01991e-10	-0.285818
9.02055e-10	-0.285926
9.02119e-10	-0.286033
9.02183e-10	-0.28614
9.02247e-10	-0.286248
9.02311e-10	-0.286355
9.02375e-10	-0.286462
9.02439e-10	-0.286569
9.02503e-10	-0.286677
9.02567e-10	-0.286784
9.02631e-10	-0.286891
9.02695e-10	-0.286998
9.02759e-10	-0.287105
9.02823e-10	-0.287212
9.02887e-10	-0.28732
9.02951e-10	-0.287427
9.03015e-10	-0.287534
9.03079e-10	-0.287641
9.03143e-10	-0.287748
9.03207e-10	-0.287855
9.03271e-10	-0.287962
9.03335e-10	-0.288069
9.03399e-10	-0.288176
9.03463e-10	-0.288283
9.03527e-10	-0.28839
9.03591e-10	-0.288497
9.03655e-10	-0.288603
9.03719e-10	-0.28871
9.03783e-10	-0.288817
9.03847e-10	-0.288924
9.03911e-10	-0.289031
9.03976e-10	-0.289138
9.0404e-10	-0.289244
9.04104e-10	-0.289351
9.04168e-10	-0.289458
9.04232e-10	-0.289565
9.04296e-10	-0.289671
9.0436e-10	-0.289778
9.04424e-10	-0.289885
9.04488e-10	-0.289991
9.04552e-10	-0.290098
9.04616e-10	-0.290204
9.0468e-10	-0.290311
9.04744e-10	-0.290418
9.04808e-10	-0.290524
9.04872e-10	-0.290631
9.04936e-10	-0.290737
9.05e-10	-0.290844
9.05064e-10	-0.29095
9.05128e-10	-0.291057
9.05192e-10	-0.291163
9.05256e-10	-0.291269
9.0532e-10	-0.291376
9.05384e-10	-0.291482
9.05448e-10	-0.291588
9.05512e-10	-0.291695
9.05576e-10	-0.291801
9.0564e-10	-0.291907
9.05704e-10	-0.292014
9.05768e-10	-0.29212
9.05832e-10	-0.292226
9.05896e-10	-0.292332
9.0596e-10	-0.292438
9.06024e-10	-0.292545
9.06088e-10	-0.292651
9.06152e-10	-0.292757
9.06216e-10	-0.292863
9.0628e-10	-0.292969
9.06344e-10	-0.293075
9.06408e-10	-0.293181
9.06472e-10	-0.293287
9.06536e-10	-0.293393
9.066e-10	-0.293499
9.06664e-10	-0.293605
9.06728e-10	-0.293711
9.06792e-10	-0.293817
9.06856e-10	-0.293923
9.0692e-10	-0.294028
9.06984e-10	-0.294134
9.07048e-10	-0.29424
9.07112e-10	-0.294346
9.07176e-10	-0.294452
9.0724e-10	-0.294557
9.07304e-10	-0.294663
9.07368e-10	-0.294769
9.07432e-10	-0.294875
9.07496e-10	-0.29498
9.0756e-10	-0.295086
9.07624e-10	-0.295192
9.07688e-10	-0.295297
9.07752e-10	-0.295403
9.07816e-10	-0.295508
9.0788e-10	-0.295614
9.07944e-10	-0.295719
9.08008e-10	-0.295825
9.08072e-10	-0.29593
9.08136e-10	-0.296036
9.082e-10	-0.296141
9.08264e-10	-0.296247
9.08328e-10	-0.296352
9.08392e-10	-0.296457
9.08456e-10	-0.296563
9.0852e-10	-0.296668
9.08584e-10	-0.296773
9.08648e-10	-0.296879
9.08712e-10	-0.296984
9.08776e-10	-0.297089
9.0884e-10	-0.297194
9.08904e-10	-0.297299
9.08968e-10	-0.297405
9.09032e-10	-0.29751
9.09096e-10	-0.297615
9.0916e-10	-0.29772
9.09224e-10	-0.297825
9.09288e-10	-0.29793
9.09352e-10	-0.298035
9.09416e-10	-0.29814
9.0948e-10	-0.298245
9.09544e-10	-0.29835
9.09608e-10	-0.298455
9.09672e-10	-0.29856
9.09736e-10	-0.298665
9.098e-10	-0.29877
9.09864e-10	-0.298874
9.09928e-10	-0.298979
9.09992e-10	-0.299084
9.10056e-10	-0.299189
9.1012e-10	-0.299293
9.10184e-10	-0.299398
9.10248e-10	-0.299503
9.10312e-10	-0.299608
9.10376e-10	-0.299712
9.1044e-10	-0.299817
9.10504e-10	-0.299921
9.10568e-10	-0.300026
9.10632e-10	-0.300131
9.10696e-10	-0.300235
9.1076e-10	-0.30034
9.10824e-10	-0.300444
9.10888e-10	-0.300549
9.10952e-10	-0.300653
9.11016e-10	-0.300757
9.1108e-10	-0.300862
9.11144e-10	-0.300966
9.11208e-10	-0.301071
9.11272e-10	-0.301175
9.11336e-10	-0.301279
9.114e-10	-0.301383
9.11464e-10	-0.301488
9.11528e-10	-0.301592
9.11592e-10	-0.301696
9.11656e-10	-0.3018
9.1172e-10	-0.301904
9.11784e-10	-0.302008
9.11848e-10	-0.302113
9.11912e-10	-0.302217
9.11976e-10	-0.302321
9.1204e-10	-0.302425
9.12104e-10	-0.302529
9.12168e-10	-0.302633
9.12232e-10	-0.302737
9.12296e-10	-0.302841
9.1236e-10	-0.302944
9.12424e-10	-0.303048
9.12488e-10	-0.303152
9.12552e-10	-0.303256
9.12616e-10	-0.30336
9.12681e-10	-0.303464
9.12745e-10	-0.303567
9.12809e-10	-0.303671
9.12873e-10	-0.303775
9.12937e-10	-0.303878
9.13001e-10	-0.303982
9.13065e-10	-0.304086
9.13129e-10	-0.304189
9.13193e-10	-0.304293
9.13257e-10	-0.304396
9.13321e-10	-0.3045
9.13385e-10	-0.304603
9.13449e-10	-0.304707
9.13513e-10	-0.30481
9.13577e-10	-0.304914
9.13641e-10	-0.305017
9.13705e-10	-0.30512
9.13769e-10	-0.305224
9.13833e-10	-0.305327
9.13897e-10	-0.30543
9.13961e-10	-0.305534
9.14025e-10	-0.305637
9.14089e-10	-0.30574
9.14153e-10	-0.305843
9.14217e-10	-0.305946
9.14281e-10	-0.306049
9.14345e-10	-0.306153
9.14409e-10	-0.306256
9.14473e-10	-0.306359
9.14537e-10	-0.306462
9.14601e-10	-0.306565
9.14665e-10	-0.306668
9.14729e-10	-0.306771
9.14793e-10	-0.306873
9.14857e-10	-0.306976
9.14921e-10	-0.307079
9.14985e-10	-0.307182
9.15049e-10	-0.307285
9.15113e-10	-0.307388
9.15177e-10	-0.30749
9.15241e-10	-0.307593
9.15305e-10	-0.307696
9.15369e-10	-0.307798
9.15433e-10	-0.307901
9.15497e-10	-0.308004
9.15561e-10	-0.308106
9.15625e-10	-0.308209
9.15689e-10	-0.308311
9.15753e-10	-0.308414
9.15817e-10	-0.308516
9.15881e-10	-0.308619
9.15945e-10	-0.308721
9.16009e-10	-0.308824
9.16073e-10	-0.308926
9.16137e-10	-0.309028
9.16201e-10	-0.309131
9.16265e-10	-0.309233
9.16329e-10	-0.309335
9.16393e-10	-0.309437
9.16457e-10	-0.30954
9.16521e-10	-0.309642
9.16585e-10	-0.309744
9.16649e-10	-0.309846
9.16713e-10	-0.309948
9.16777e-10	-0.31005
9.16841e-10	-0.310152
9.16905e-10	-0.310254
9.16969e-10	-0.310356
9.17033e-10	-0.310458
9.17097e-10	-0.31056
9.17161e-10	-0.310662
9.17225e-10	-0.310764
9.17289e-10	-0.310866
9.17353e-10	-0.310968
9.17417e-10	-0.311069
9.17481e-10	-0.311171
9.17545e-10	-0.311273
9.17609e-10	-0.311374
9.17673e-10	-0.311476
9.17737e-10	-0.311578
9.17801e-10	-0.311679
9.17865e-10	-0.311781
9.17929e-10	-0.311882
9.17993e-10	-0.311984
9.18057e-10	-0.312085
9.18121e-10	-0.312187
9.18185e-10	-0.312288
9.18249e-10	-0.31239
9.18313e-10	-0.312491
9.18377e-10	-0.312592
9.18441e-10	-0.312694
9.18505e-10	-0.312795
9.18569e-10	-0.312896
9.18633e-10	-0.312998
9.18697e-10	-0.313099
9.18761e-10	-0.3132
9.18825e-10	-0.313301
9.18889e-10	-0.313402
9.18953e-10	-0.313503
9.19017e-10	-0.313604
9.19081e-10	-0.313705
9.19145e-10	-0.313806
9.19209e-10	-0.313907
9.19273e-10	-0.314008
9.19337e-10	-0.314109
9.19401e-10	-0.31421
9.19465e-10	-0.314311
9.19529e-10	-0.314412
9.19593e-10	-0.314512
9.19657e-10	-0.314613
9.19721e-10	-0.314714
9.19785e-10	-0.314814
9.19849e-10	-0.314915
9.19913e-10	-0.315016
9.19977e-10	-0.315116
9.20041e-10	-0.315217
9.20105e-10	-0.315317
9.20169e-10	-0.315418
9.20233e-10	-0.315518
9.20297e-10	-0.315619
9.20361e-10	-0.315719
9.20425e-10	-0.31582
9.20489e-10	-0.31592
9.20553e-10	-0.31602
9.20617e-10	-0.316121
9.20681e-10	-0.316221
9.20745e-10	-0.316321
9.20809e-10	-0.316421
9.20873e-10	-0.316521
9.20937e-10	-0.316622
9.21001e-10	-0.316722
9.21065e-10	-0.316822
9.21129e-10	-0.316922
9.21193e-10	-0.317022
9.21257e-10	-0.317122
9.21321e-10	-0.317222
9.21385e-10	-0.317322
9.2145e-10	-0.317421
9.21514e-10	-0.317521
9.21578e-10	-0.317621
9.21642e-10	-0.317721
9.21706e-10	-0.317821
9.2177e-10	-0.31792
9.21834e-10	-0.31802
9.21898e-10	-0.31812
9.21962e-10	-0.318219
9.22026e-10	-0.318319
9.2209e-10	-0.318419
9.22154e-10	-0.318518
9.22218e-10	-0.318618
9.22282e-10	-0.318717
9.22346e-10	-0.318817
9.2241e-10	-0.318916
9.22474e-10	-0.319015
9.22538e-10	-0.319115
9.22602e-10	-0.319214
9.22666e-10	-0.319313
9.2273e-10	-0.319412
9.22794e-10	-0.319512
9.22858e-10	-0.319611
9.22922e-10	-0.31971
9.22986e-10	-0.319809
9.2305e-10	-0.319908
9.23114e-10	-0.320007
9.23178e-10	-0.320106
9.23242e-10	-0.320205
9.23306e-10	-0.320304
9.2337e-10	-0.320403
9.23434e-10	-0.320502
9.23498e-10	-0.320601
9.23562e-10	-0.3207
9.23626e-10	-0.320798
9.2369e-10	-0.320897
9.23754e-10	-0.320996
9.23818e-10	-0.321095
9.23882e-10	-0.321193
9.23946e-10	-0.321292
9.2401e-10	-0.32139
9.24074e-10	-0.321489
9.24138e-10	-0.321587
9.24202e-10	-0.321686
9.24266e-10	-0.321784
9.2433e-10	-0.321883
9.24394e-10	-0.321981
9.24458e-10	-0.322079
9.24522e-10	-0.322178
9.24586e-10	-0.322276
9.2465e-10	-0.322374
9.24714e-10	-0.322473
9.24778e-10	-0.322571
9.24842e-10	-0.322669
9.24906e-10	-0.322767
9.2497e-10	-0.322865
9.25034e-10	-0.322963
9.25098e-10	-0.323061
9.25162e-10	-0.323159
9.25226e-10	-0.323257
9.2529e-10	-0.323355
9.25354e-10	-0.323453
9.25418e-10	-0.323551
9.25482e-10	-0.323648
9.25546e-10	-0.323746
9.2561e-10	-0.323844
9.25674e-10	-0.323942
9.25738e-10	-0.324039
9.25802e-10	-0.324137
9.25866e-10	-0.324234
9.2593e-10	-0.324332
9.25994e-10	-0.32443
9.26058e-10	-0.324527
9.26122e-10	-0.324625
9.26186e-10	-0.324722
9.2625e-10	-0.324819
9.26314e-10	-0.324917
9.26378e-10	-0.325014
9.26442e-10	-0.325111
9.26506e-10	-0.325208
9.2657e-10	-0.325306
9.26634e-10	-0.325403
9.26698e-10	-0.3255
9.26762e-10	-0.325597
9.26826e-10	-0.325694
9.2689e-10	-0.325791
9.26954e-10	-0.325888
9.27018e-10	-0.325985
9.27082e-10	-0.326082
9.27146e-10	-0.326179
9.2721e-10	-0.326276
9.27274e-10	-0.326373
9.27338e-10	-0.326469
9.27402e-10	-0.326566
9.27466e-10	-0.326663
9.2753e-10	-0.32676
9.27594e-10	-0.326856
9.27658e-10	-0.326953
9.27722e-10	-0.327049
9.27786e-10	-0.327146
9.2785e-10	-0.327242
9.27914e-10	-0.327339
9.27978e-10	-0.327435
9.28042e-10	-0.327532
9.28106e-10	-0.327628
9.2817e-10	-0.327724
9.28234e-10	-0.327821
9.28298e-10	-0.327917
9.28362e-10	-0.328013
9.28426e-10	-0.328109
9.2849e-10	-0.328205
9.28554e-10	-0.328301
9.28618e-10	-0.328397
9.28682e-10	-0.328493
9.28746e-10	-0.328589
9.2881e-10	-0.328685
9.28874e-10	-0.328781
9.28938e-10	-0.328877
9.29002e-10	-0.328973
9.29066e-10	-0.329069
9.2913e-10	-0.329164
9.29194e-10	-0.32926
9.29258e-10	-0.329356
9.29322e-10	-0.329452
9.29386e-10	-0.329547
9.2945e-10	-0.329643
9.29514e-10	-0.329738
9.29578e-10	-0.329834
9.29642e-10	-0.329929
9.29706e-10	-0.330025
9.2977e-10	-0.33012
9.29834e-10	-0.330215
9.29898e-10	-0.330311
9.29962e-10	-0.330406
9.30026e-10	-0.330501
9.3009e-10	-0.330596
9.30155e-10	-0.330691
9.30219e-10	-0.330787
9.30283e-10	-0.330882
9.30347e-10	-0.330977
9.30411e-10	-0.331072
9.30475e-10	-0.331167
9.30539e-10	-0.331262
9.30603e-10	-0.331356
9.30667e-10	-0.331451
9.30731e-10	-0.331546
9.30795e-10	-0.331641
9.30859e-10	-0.331736
9.30923e-10	-0.33183
9.30987e-10	-0.331925
9.31051e-10	-0.33202
9.31115e-10	-0.332114
9.31179e-10	-0.332209
9.31243e-10	-0.332303
9.31307e-10	-0.332398
9.31371e-10	-0.332492
9.31435e-10	-0.332587
9.31499e-10	-0.332681
9.31563e-10	-0.332775
9.31627e-10	-0.332869
9.31691e-10	-0.332964
9.31755e-10	-0.333058
9.31819e-10	-0.333152
9.31883e-10	-0.333246
9.31947e-10	-0.33334
9.32011e-10	-0.333434
9.32075e-10	-0.333528
9.32139e-10	-0.333622
9.32203e-10	-0.333716
9.32267e-10	-0.33381
9.32331e-10	-0.333904
9.32395e-10	-0.333998
9.32459e-10	-0.334091
9.32523e-10	-0.334185
9.32587e-10	-0.334279
9.32651e-10	-0.334372
9.32715e-10	-0.334466
9.32779e-10	-0.33456
9.32843e-10	-0.334653
9.32907e-10	-0.334747
9.32971e-10	-0.33484
9.33035e-10	-0.334933
9.33099e-10	-0.335027
9.33163e-10	-0.33512
9.33227e-10	-0.335213
9.33291e-10	-0.335307
9.33355e-10	-0.3354
9.33419e-10	-0.335493
9.33483e-10	-0.335586
9.33547e-10	-0.335679
9.33611e-10	-0.335772
9.33675e-10	-0.335865
9.33739e-10	-0.335958
9.33803e-10	-0.336051
9.33867e-10	-0.336144
9.33931e-10	-0.336237
9.33995e-10	-0.336329
9.34059e-10	-0.336422
9.34123e-10	-0.336515
9.34187e-10	-0.336608
9.34251e-10	-0.3367
9.34315e-10	-0.336793
9.34379e-10	-0.336885
9.34443e-10	-0.336978
9.34507e-10	-0.33707
9.34571e-10	-0.337163
9.34635e-10	-0.337255
9.34699e-10	-0.337347
9.34763e-10	-0.33744
9.34827e-10	-0.337532
9.34891e-10	-0.337624
9.34955e-10	-0.337716
9.35019e-10	-0.337808
9.35083e-10	-0.337901
9.35147e-10	-0.337993
9.35211e-10	-0.338085
9.35275e-10	-0.338177
9.35339e-10	-0.338268
9.35403e-10	-0.33836
9.35467e-10	-0.338452
9.35531e-10	-0.338544
9.35595e-10	-0.338636
9.35659e-10	-0.338727
9.35723e-10	-0.338819
9.35787e-10	-0.338911
9.35851e-10	-0.339002
9.35915e-10	-0.339094
9.35979e-10	-0.339185
9.36043e-10	-0.339277
9.36107e-10	-0.339368
9.36171e-10	-0.33946
9.36235e-10	-0.339551
9.36299e-10	-0.339642
9.36363e-10	-0.339733
9.36427e-10	-0.339825
9.36491e-10	-0.339916
9.36555e-10	-0.340007
9.36619e-10	-0.340098
9.36683e-10	-0.340189
9.36747e-10	-0.34028
9.36811e-10	-0.340371
9.36875e-10	-0.340462
9.36939e-10	-0.340553
9.37003e-10	-0.340644
9.37067e-10	-0.340734
9.37131e-10	-0.340825
9.37195e-10	-0.340916
9.37259e-10	-0.341006
9.37323e-10	-0.341097
9.37387e-10	-0.341187
9.37451e-10	-0.341278
9.37515e-10	-0.341368
9.37579e-10	-0.341459
9.37643e-10	-0.341549
9.37707e-10	-0.34164
9.37771e-10	-0.34173
9.37835e-10	-0.34182
9.37899e-10	-0.34191
9.37963e-10	-0.342001
9.38027e-10	-0.342091
9.38091e-10	-0.342181
9.38155e-10	-0.342271
9.38219e-10	-0.342361
9.38283e-10	-0.342451
9.38347e-10	-0.342541
9.38411e-10	-0.34263
9.38475e-10	-0.34272
9.38539e-10	-0.34281
9.38603e-10	-0.3429
9.38667e-10	-0.342989
9.38731e-10	-0.343079
9.38795e-10	-0.343169
9.3886e-10	-0.343258
9.38924e-10	-0.343348
9.38988e-10	-0.343437
9.39052e-10	-0.343526
9.39116e-10	-0.343616
9.3918e-10	-0.343705
9.39244e-10	-0.343794
9.39308e-10	-0.343884
9.39372e-10	-0.343973
9.39436e-10	-0.344062
9.395e-10	-0.344151
9.39564e-10	-0.34424
9.39628e-10	-0.344329
9.39692e-10	-0.344418
9.39756e-10	-0.344507
9.3982e-10	-0.344596
9.39884e-10	-0.344685
9.39948e-10	-0.344773
9.40012e-10	-0.344862
9.40076e-10	-0.344951
9.4014e-10	-0.34504
9.40204e-10	-0.345128
9.40268e-10	-0.345217
9.40332e-10	-0.345305
9.40396e-10	-0.345394
9.4046e-10	-0.345482
9.40524e-10	-0.34557
9.40588e-10	-0.345659
9.40652e-10	-0.345747
9.40716e-10	-0.345835
9.4078e-10	-0.345923
9.40844e-10	-0.346012
9.40908e-10	-0.3461
9.40972e-10	-0.346188
9.41036e-10	-0.346276
9.411e-10	-0.346364
9.41164e-10	-0.346452
9.41228e-10	-0.346539
9.41292e-10	-0.346627
9.41356e-10	-0.346715
9.4142e-10	-0.346803
9.41484e-10	-0.34689
9.41548e-10	-0.346978
9.41612e-10	-0.347066
9.41676e-10	-0.347153
9.4174e-10	-0.347241
9.41804e-10	-0.347328
9.41868e-10	-0.347415
9.41932e-10	-0.347503
9.41996e-10	-0.34759
9.4206e-10	-0.347677
9.42124e-10	-0.347764
9.42188e-10	-0.347852
9.42252e-10	-0.347939
9.42316e-10	-0.348026
9.4238e-10	-0.348113
9.42444e-10	-0.3482
9.42508e-10	-0.348287
9.42572e-10	-0.348374
9.42636e-10	-0.34846
9.427e-10	-0.348547
9.42764e-10	-0.348634
9.42828e-10	-0.348721
9.42892e-10	-0.348807
9.42956e-10	-0.348894
9.4302e-10	-0.34898
9.43084e-10	-0.349067
9.43148e-10	-0.349153
9.43212e-10	-0.34924
9.43276e-10	-0.349326
9.4334e-10	-0.349412
9.43404e-10	-0.349499
9.43468e-10	-0.349585
9.43532e-10	-0.349671
9.43596e-10	-0.349757
9.4366e-10	-0.349843
9.43724e-10	-0.349929
9.43788e-10	-0.350015
9.43852e-10	-0.350101
9.43916e-10	-0.350187
9.4398e-10	-0.350273
9.44044e-10	-0.350358
9.44108e-10	-0.350444
9.44172e-10	-0.35053
9.44236e-10	-0.350616
9.443e-10	-0.350701
9.44364e-10	-0.350787
9.44428e-10	-0.350872
9.44492e-10	-0.350958
9.44556e-10	-0.351043
9.4462e-10	-0.351128
9.44684e-10	-0.351214
9.44748e-10	-0.351299
9.44812e-10	-0.351384
9.44876e-10	-0.351469
9.4494e-10	-0.351554
9.45004e-10	-0.351639
9.45068e-10	-0.351724
9.45132e-10	-0.351809
9.45196e-10	-0.351894
9.4526e-10	-0.351979
9.45324e-10	-0.352064
9.45388e-10	-0.352148
9.45452e-10	-0.352233
9.45516e-10	-0.352318
9.4558e-10	-0.352402
9.45644e-10	-0.352487
9.45708e-10	-0.352571
9.45772e-10	-0.352656
9.45836e-10	-0.35274
9.459e-10	-0.352824
9.45964e-10	-0.352909
9.46028e-10	-0.352993
9.46092e-10	-0.353077
9.46156e-10	-0.353161
9.4622e-10	-0.353245
9.46284e-10	-0.353329
9.46348e-10	-0.353413
9.46412e-10	-0.353497
9.46476e-10	-0.353581
9.4654e-10	-0.353665
9.46604e-10	-0.353749
9.46668e-10	-0.353833
9.46732e-10	-0.353916
9.46796e-10	-0.354
9.4686e-10	-0.354084
9.46924e-10	-0.354167
9.46988e-10	-0.354251
9.47052e-10	-0.354334
9.47116e-10	-0.354417
9.4718e-10	-0.354501
9.47244e-10	-0.354584
9.47308e-10	-0.354667
9.47372e-10	-0.35475
9.47436e-10	-0.354834
9.475e-10	-0.354917
9.47564e-10	-0.355
9.47629e-10	-0.355083
9.47693e-10	-0.355166
9.47757e-10	-0.355248
9.47821e-10	-0.355331
9.47885e-10	-0.355414
9.47949e-10	-0.355497
9.48013e-10	-0.355579
9.48077e-10	-0.355662
9.48141e-10	-0.355745
9.48205e-10	-0.355827
9.48269e-10	-0.355909
9.48333e-10	-0.355992
9.48397e-10	-0.356074
9.48461e-10	-0.356157
9.48525e-10	-0.356239
9.48589e-10	-0.356321
9.48653e-10	-0.356403
9.48717e-10	-0.356485
9.48781e-10	-0.356567
9.48845e-10	-0.356649
9.48909e-10	-0.356731
9.48973e-10	-0.356813
9.49037e-10	-0.356895
9.49101e-10	-0.356977
9.49165e-10	-0.357058
9.49229e-10	-0.35714
9.49293e-10	-0.357222
9.49357e-10	-0.357303
9.49421e-10	-0.357385
9.49485e-10	-0.357466
9.49549e-10	-0.357548
9.49613e-10	-0.357629
9.49677e-10	-0.35771
9.49741e-10	-0.357792
9.49805e-10	-0.357873
9.49869e-10	-0.357954
9.49933e-10	-0.358035
9.49997e-10	-0.358116
9.50061e-10	-0.358197
9.50125e-10	-0.358278
9.50189e-10	-0.358359
9.50253e-10	-0.35844
9.50317e-10	-0.358521
9.50381e-10	-0.358601
9.50445e-10	-0.358682
9.50509e-10	-0.358763
9.50573e-10	-0.358843
9.50637e-10	-0.358924
9.50701e-10	-0.359004
9.50765e-10	-0.359084
9.50829e-10	-0.359165
9.50893e-10	-0.359245
9.50957e-10	-0.359325
9.51021e-10	-0.359405
9.51085e-10	-0.359486
9.51149e-10	-0.359566
9.51213e-10	-0.359646
9.51277e-10	-0.359726
9.51341e-10	-0.359806
9.51405e-10	-0.359885
9.51469e-10	-0.359965
9.51533e-10	-0.360045
9.51597e-10	-0.360125
9.51661e-10	-0.360204
9.51725e-10	-0.360284
9.51789e-10	-0.360363
9.51853e-10	-0.360443
9.51917e-10	-0.360522
9.51981e-10	-0.360602
9.52045e-10	-0.360681
9.52109e-10	-0.36076
9.52173e-10	-0.360839
9.52237e-10	-0.360919
9.52301e-10	-0.360998
9.52365e-10	-0.361077
9.52429e-10	-0.361156
9.52493e-10	-0.361235
9.52557e-10	-0.361314
9.52621e-10	-0.361392
9.52685e-10	-0.361471
9.52749e-10	-0.36155
9.52813e-10	-0.361629
9.52877e-10	-0.361707
9.52941e-10	-0.361786
9.53005e-10	-0.361864
9.53069e-10	-0.361943
9.53133e-10	-0.362021
9.53197e-10	-0.362099
9.53261e-10	-0.362178
9.53325e-10	-0.362256
9.53389e-10	-0.362334
9.53453e-10	-0.362412
9.53517e-10	-0.36249
9.53581e-10	-0.362568
9.53645e-10	-0.362646
9.53709e-10	-0.362724
9.53773e-10	-0.362802
9.53837e-10	-0.362879
9.53901e-10	-0.362957
9.53965e-10	-0.363035
9.54029e-10	-0.363112
9.54093e-10	-0.36319
9.54157e-10	-0.363267
9.54221e-10	-0.363345
9.54285e-10	-0.363422
9.54349e-10	-0.363499
9.54413e-10	-0.363577
9.54477e-10	-0.363654
9.54541e-10	-0.363731
9.54605e-10	-0.363808
9.54669e-10	-0.363885
9.54733e-10	-0.363962
9.54797e-10	-0.364039
9.54861e-10	-0.364116
9.54925e-10	-0.364193
9.54989e-10	-0.364269
9.55053e-10	-0.364346
9.55117e-10	-0.364423
9.55181e-10	-0.364499
9.55245e-10	-0.364576
9.55309e-10	-0.364652
9.55373e-10	-0.364729
9.55437e-10	-0.364805
9.55501e-10	-0.364881
9.55565e-10	-0.364958
9.55629e-10	-0.365034
9.55693e-10	-0.36511
9.55757e-10	-0.365186
9.55821e-10	-0.365262
9.55885e-10	-0.365338
9.55949e-10	-0.365414
9.56013e-10	-0.36549
9.56077e-10	-0.365565
9.56141e-10	-0.365641
9.56205e-10	-0.365717
9.56269e-10	-0.365792
9.56334e-10	-0.365868
9.56398e-10	-0.365943
9.56462e-10	-0.366019
9.56526e-10	-0.366094
9.5659e-10	-0.366169
9.56654e-10	-0.366245
9.56718e-10	-0.36632
9.56782e-10	-0.366395
9.56846e-10	-0.36647
9.5691e-10	-0.366545
9.56974e-10	-0.36662
9.57038e-10	-0.366695
9.57102e-10	-0.36677
9.57166e-10	-0.366844
9.5723e-10	-0.366919
9.57294e-10	-0.366994
9.57358e-10	-0.367068
9.57422e-10	-0.367143
9.57486e-10	-0.367217
9.5755e-10	-0.367292
9.57614e-10	-0.367366
9.57678e-10	-0.367441
9.57742e-10	-0.367515
9.57806e-10	-0.367589
9.5787e-10	-0.367663
9.57934e-10	-0.367737
9.57998e-10	-0.367811
9.58062e-10	-0.367885
9.58126e-10	-0.367959
9.5819e-10	-0.368033
9.58254e-10	-0.368107
9.58318e-10	-0.36818
9.58382e-10	-0.368254
9.58446e-10	-0.368328
9.5851e-10	-0.368401
9.58574e-10	-0.368475
9.58638e-10	-0.368548
9.58702e-10	-0.368621
9.58766e-10	-0.368695
9.5883e-10	-0.368768
9.58894e-10	-0.368841
9.58958e-10	-0.368914
9.59022e-10	-0.368987
9.59086e-10	-0.36906
9.5915e-10	-0.369133
9.59214e-10	-0.369206
9.59278e-10	-0.369279
9.59342e-10	-0.369352
9.59406e-10	-0.369424
9.5947e-10	-0.369497
9.59534e-10	-0.369569
9.59598e-10	-0.369642
9.59662e-10	-0.369714
9.59726e-10	-0.369787
9.5979e-10	-0.369859
9.59854e-10	-0.369931
9.59918e-10	-0.370004
9.59982e-10	-0.370076
9.60046e-10	-0.370148
9.6011e-10	-0.37022
9.60174e-10	-0.370292
9.60238e-10	-0.370364
9.60302e-10	-0.370435
9.60366e-10	-0.370507
9.6043e-10	-0.370579
9.60494e-10	-0.370651
9.60558e-10	-0.370722
9.60622e-10	-0.370794
9.60686e-10	-0.370865
9.6075e-10	-0.370937
9.60814e-10	-0.371008
9.60878e-10	-0.371079
9.60942e-10	-0.37115
9.61006e-10	-0.371222
9.6107e-10	-0.371293
9.61134e-10	-0.371364
9.61198e-10	-0.371435
9.61262e-10	-0.371506
9.61326e-10	-0.371577
9.6139e-10	-0.371647
9.61454e-10	-0.371718
9.61518e-10	-0.371789
9.61582e-10	-0.371859
9.61646e-10	-0.37193
9.6171e-10	-0.372
9.61774e-10	-0.372071
9.61838e-10	-0.372141
9.61902e-10	-0.372211
9.61966e-10	-0.372282
9.6203e-10	-0.372352
9.62094e-10	-0.372422
9.62158e-10	-0.372492
9.62222e-10	-0.372562
9.62286e-10	-0.372632
9.6235e-10	-0.372702
9.62414e-10	-0.372771
9.62478e-10	-0.372841
9.62542e-10	-0.372911
9.62606e-10	-0.37298
9.6267e-10	-0.37305
9.62734e-10	-0.37312
9.62798e-10	-0.373189
9.62862e-10	-0.373258
9.62926e-10	-0.373328
9.6299e-10	-0.373397
9.63054e-10	-0.373466
9.63118e-10	-0.373535
9.63182e-10	-0.373604
9.63246e-10	-0.373673
9.6331e-10	-0.373742
9.63374e-10	-0.373811
9.63438e-10	-0.37388
9.63502e-10	-0.373948
9.63566e-10	-0.374017
9.6363e-10	-0.374086
9.63694e-10	-0.374154
9.63758e-10	-0.374223
9.63822e-10	-0.374291
9.63886e-10	-0.374359
9.6395e-10	-0.374428
9.64014e-10	-0.374496
9.64078e-10	-0.374564
9.64142e-10	-0.374632
9.64206e-10	-0.3747
9.6427e-10	-0.374768
9.64334e-10	-0.374836
9.64398e-10	-0.374904
9.64462e-10	-0.374971
9.64526e-10	-0.375039
9.6459e-10	-0.375107
9.64654e-10	-0.375174
9.64718e-10	-0.375242
9.64782e-10	-0.375309
9.64846e-10	-0.375377
9.6491e-10	-0.375444
9.64974e-10	-0.375511
9.65038e-10	-0.375578
9.65103e-10	-0.375645
9.65167e-10	-0.375712
9.65231e-10	-0.375779
9.65295e-10	-0.375846
9.65359e-10	-0.375913
9.65423e-10	-0.37598
9.65487e-10	-0.376047
9.65551e-10	-0.376113
9.65615e-10	-0.37618
9.65679e-10	-0.376246
9.65743e-10	-0.376313
9.65807e-10	-0.376379
9.65871e-10	-0.376446
9.65935e-10	-0.376512
9.65999e-10	-0.376578
9.66063e-10	-0.376644
9.66127e-10	-0.37671
9.66191e-10	-0.376776
9.66255e-10	-0.376842
9.66319e-10	-0.376908
9.66383e-10	-0.376974
9.66447e-10	-0.37704
9.66511e-10	-0.377105
9.66575e-10	-0.377171
9.66639e-10	-0.377236
9.66703e-10	-0.377302
9.66767e-10	-0.377367
9.66831e-10	-0.377433
9.66895e-10	-0.377498
9.66959e-10	-0.377563
9.67023e-10	-0.377628
9.67087e-10	-0.377693
9.67151e-10	-0.377758
9.67215e-10	-0.377823
9.67279e-10	-0.377888
9.67343e-10	-0.377953
9.67407e-10	-0.378018
9.67471e-10	-0.378082
9.67535e-10	-0.378147
9.67599e-10	-0.378212
9.67663e-10	-0.378276
9.67727e-10	-0.37834
9.67791e-10	-0.378405
9.67855e-10	-0.378469
9.67919e-10	-0.378533
9.67983e-10	-0.378597
9.68047e-10	-0.378661
9.68111e-10	-0.378725
9.68175e-10	-0.378789
9.68239e-10	-0.378853
9.68303e-10	-0.378917
9.68367e-10	-0.378981
9.68431e-10	-0.379045
9.68495e-10	-0.379108
9.68559e-10	-0.379172
9.68623e-10	-0.379235
9.68687e-10	-0.379299
9.68751e-10	-0.379362
9.68815e-10	-0.379425
9.68879e-10	-0.379488
9.68943e-10	-0.379551
9.69007e-10	-0.379615
9.69071e-10	-0.379677
9.69135e-10	-0.37974
9.69199e-10	-0.379803
9.69263e-10	-0.379866
9.69327e-10	-0.379929
9.69391e-10	-0.379991
9.69455e-10	-0.380054
9.69519e-10	-0.380117
9.69583e-10	-0.380179
9.69647e-10	-0.380241
9.69711e-10	-0.380304
9.69775e-10	-0.380366
9.69839e-10	-0.380428
9.69903e-10	-0.38049
9.69967e-10	-0.380552
9.70031e-10	-0.380614
9.70095e-10	-0.380676
9.70159e-10	-0.380738
9.70223e-10	-0.3808
9.70287e-10	-0.380861
9.70351e-10	-0.380923
9.70415e-10	-0.380985
9.70479e-10	-0.381046
9.70543e-10	-0.381107
9.70607e-10	-0.381169
9.70671e-10	-0.38123
9.70735e-10	-0.381291
9.70799e-10	-0.381352
9.70863e-10	-0.381413
9.70927e-10	-0.381474
9.70991e-10	-0.381535
9.71055e-10	-0.381596
9.71119e-10	-0.381657
9.71183e-10	-0.381718
9.71247e-10	-0.381778
9.71311e-10	-0.381839
9.71375e-10	-0.3819
9.71439e-10	-0.38196
9.71503e-10	-0.38202
9.71567e-10	-0.382081
9.71631e-10	-0.382141
9.71695e-10	-0.382201
9.71759e-10	-0.382261
9.71823e-10	-0.382321
9.71887e-10	-0.382381
9.71951e-10	-0.382441
9.72015e-10	-0.382501
9.72079e-10	-0.382561
9.72143e-10	-0.38262
9.72207e-10	-0.38268
9.72271e-10	-0.382739
9.72335e-10	-0.382799
9.72399e-10	-0.382858
9.72463e-10	-0.382917
9.72527e-10	-0.382977
9.72591e-10	-0.383036
9.72655e-10	-0.383095
9.72719e-10	-0.383154
9.72783e-10	-0.383213
9.72847e-10	-0.383272
9.72911e-10	-0.383331
9.72975e-10	-0.38339
9.73039e-10	-0.383448
9.73103e-10	-0.383507
9.73167e-10	-0.383565
9.73231e-10	-0.383624
9.73295e-10	-0.383682
9.73359e-10	-0.383741
9.73423e-10	-0.383799
9.73487e-10	-0.383857
9.73551e-10	-0.383915
9.73615e-10	-0.383973
9.73679e-10	-0.384031
9.73743e-10	-0.384089
9.73808e-10	-0.384147
9.73872e-10	-0.384205
9.73936e-10	-0.384262
9.74e-10	-0.38432
9.74064e-10	-0.384377
9.74128e-10	-0.384435
9.74192e-10	-0.384492
9.74256e-10	-0.38455
9.7432e-10	-0.384607
9.74384e-10	-0.384664
9.74448e-10	-0.384721
9.74512e-10	-0.384778
9.74576e-10	-0.384835
9.7464e-10	-0.384892
9.74704e-10	-0.384949
9.74768e-10	-0.385006
9.74832e-10	-0.385062
9.74896e-10	-0.385119
9.7496e-10	-0.385175
9.75024e-10	-0.385232
9.75088e-10	-0.385288
9.75152e-10	-0.385345
9.75216e-10	-0.385401
9.7528e-10	-0.385457
9.75344e-10	-0.385513
9.75408e-10	-0.385569
9.75472e-10	-0.385625
9.75536e-10	-0.385681
9.756e-10	-0.385737
9.75664e-10	-0.385792
9.75728e-10	-0.385848
9.75792e-10	-0.385904
9.75856e-10	-0.385959
9.7592e-10	-0.386015
9.75984e-10	-0.38607
9.76048e-10	-0.386125
9.76112e-10	-0.38618
9.76176e-10	-0.386236
9.7624e-10	-0.386291
9.76304e-10	-0.386346
9.76368e-10	-0.386401
9.76432e-10	-0.386455
9.76496e-10	-0.38651
9.7656e-10	-0.386565
9.76624e-10	-0.38662
9.76688e-10	-0.386674
9.76752e-10	-0.386729
9.76816e-10	-0.386783
9.7688e-10	-0.386837
9.76944e-10	-0.386892
9.77008e-10	-0.386946
9.77072e-10	-0.387
9.77136e-10	-0.387054
9.772e-10	-0.387108
9.77264e-10	-0.387162
9.77328e-10	-0.387216
9.77392e-10	-0.387269
9.77456e-10	-0.387323
9.7752e-10	-0.387377
9.77584e-10	-0.38743
9.77648e-10	-0.387484
9.77712e-10	-0.387537
9.77776e-10	-0.38759
9.7784e-10	-0.387643
9.77904e-10	-0.387697
9.77968e-10	-0.38775
9.78032e-10	-0.387803
9.78096e-10	-0.387855
9.7816e-10	-0.387908
9.78224e-10	-0.387961
9.78288e-10	-0.388014
9.78352e-10	-0.388066
9.78416e-10	-0.388119
9.7848e-10	-0.388171
9.78544e-10	-0.388224
9.78608e-10	-0.388276
9.78672e-10	-0.388328
9.78736e-10	-0.388381
9.788e-10	-0.388433
9.78864e-10	-0.388485
9.78928e-10	-0.388537
9.78992e-10	-0.388588
9.79056e-10	-0.38864
9.7912e-10	-0.388692
9.79184e-10	-0.388744
9.79248e-10	-0.388795
9.79312e-10	-0.388847
9.79376e-10	-0.388898
9.7944e-10	-0.388949
9.79504e-10	-0.389001
9.79568e-10	-0.389052
9.79632e-10	-0.389103
9.79696e-10	-0.389154
9.7976e-10	-0.389205
9.79824e-10	-0.389256
9.79888e-10	-0.389307
9.79952e-10	-0.389357
9.80016e-10	-0.389408
9.8008e-10	-0.389459
9.80144e-10	-0.389509
9.80208e-10	-0.389559
9.80272e-10	-0.38961
9.80336e-10	-0.38966
9.804e-10	-0.38971
9.80464e-10	-0.38976
9.80528e-10	-0.38981
9.80592e-10	-0.38986
9.80656e-10	-0.38991
9.8072e-10	-0.38996
9.80784e-10	-0.39001
9.80848e-10	-0.390059
9.80912e-10	-0.390109
9.80976e-10	-0.390158
9.8104e-10	-0.390208
9.81104e-10	-0.390257
9.81168e-10	-0.390307
9.81232e-10	-0.390356
9.81296e-10	-0.390405
9.8136e-10	-0.390454
9.81424e-10	-0.390503
9.81488e-10	-0.390552
9.81552e-10	-0.3906
9.81616e-10	-0.390649
9.8168e-10	-0.390698
9.81744e-10	-0.390746
9.81808e-10	-0.390795
9.81872e-10	-0.390843
9.81936e-10	-0.390892
9.82e-10	-0.39094
9.82064e-10	-0.390988
9.82128e-10	-0.391036
9.82192e-10	-0.391084
9.82256e-10	-0.391132
9.8232e-10	-0.39118
9.82384e-10	-0.391228
9.82448e-10	-0.391276
9.82512e-10	-0.391323
9.82577e-10	-0.391371
9.82641e-10	-0.391418
9.82705e-10	-0.391466
9.82769e-10	-0.391513
9.82833e-10	-0.39156
9.82897e-10	-0.391607
9.82961e-10	-0.391654
9.83025e-10	-0.391701
9.83089e-10	-0.391748
9.83153e-10	-0.391795
9.83217e-10	-0.391842
9.83281e-10	-0.391889
9.83345e-10	-0.391935
9.83409e-10	-0.391982
9.83473e-10	-0.392028
9.83537e-10	-0.392075
9.83601e-10	-0.392121
9.83665e-10	-0.392167
9.83729e-10	-0.392213
9.83793e-10	-0.392259
9.83857e-10	-0.392305
9.83921e-10	-0.392351
9.83985e-10	-0.392397
9.84049e-10	-0.392443
9.84113e-10	-0.392488
9.84177e-10	-0.392534
9.84241e-10	-0.392579
9.84305e-10	-0.392625
9.84369e-10	-0.39267
9.84433e-10	-0.392716
9.84497e-10	-0.392761
9.84561e-10	-0.392806
9.84625e-10	-0.392851
9.84689e-10	-0.392896
9.84753e-10	-0.392941
9.84817e-10	-0.392985
9.84881e-10	-0.39303
9.84945e-10	-0.393075
9.85009e-10	-0.393119
9.85073e-10	-0.393164
9.85137e-10	-0.393208
9.85201e-10	-0.393252
9.85265e-10	-0.393297
9.85329e-10	-0.393341
9.85393e-10	-0.393385
9.85457e-10	-0.393429
9.85521e-10	-0.393473
9.85585e-10	-0.393517
9.85649e-10	-0.39356
9.85713e-10	-0.393604
9.85777e-10	-0.393648
9.85841e-10	-0.393691
9.85905e-10	-0.393734
9.85969e-10	-0.393778
9.86033e-10	-0.393821
9.86097e-10	-0.393864
9.86161e-10	-0.393907
9.86225e-10	-0.39395
9.86289e-10	-0.393993
9.86353e-10	-0.394036
9.86417e-10	-0.394079
9.86481e-10	-0.394122
9.86545e-10	-0.394164
9.86609e-10	-0.394207
9.86673e-10	-0.394249
9.86737e-10	-0.394292
9.86801e-10	-0.394334
9.86865e-10	-0.394376
9.86929e-10	-0.394418
9.86993e-10	-0.39446
9.87057e-10	-0.394502
9.87121e-10	-0.394544
9.87185e-10	-0.394586
9.87249e-10	-0.394627
9.87313e-10	-0.394669
9.87377e-10	-0.394711
9.87441e-10	-0.394752
9.87505e-10	-0.394793
9.87569e-10	-0.394835
9.87633e-10	-0.394876
9.87697e-10	-0.394917
9.87761e-10	-0.394958
9.87825e-10	-0.394999
9.87889e-10	-0.39504
9.87953e-10	-0.395081
9.88017e-10	-0.395122
9.88081e-10	-0.395162
9.88145e-10	-0.395203
9.88209e-10	-0.395243
9.88273e-10	-0.395284
9.88337e-10	-0.395324
9.88401e-10	-0.395364
9.88465e-10	-0.395404
9.88529e-10	-0.395444
9.88593e-10	-0.395484
9.88657e-10	-0.395524
9.88721e-10	-0.395564
9.88785e-10	-0.395604
9.88849e-10	-0.395643
9.88913e-10	-0.395683
9.88977e-10	-0.395723
9.89041e-10	-0.395762
9.89105e-10	-0.395801
9.89169e-10	-0.39584
9.89233e-10	-0.39588
9.89297e-10	-0.395919
9.89361e-10	-0.395958
9.89425e-10	-0.395997
9.89489e-10	-0.396035
9.89553e-10	-0.396074
9.89617e-10	-0.396113
9.89681e-10	-0.396151
9.89745e-10	-0.39619
9.89809e-10	-0.396228
9.89873e-10	-0.396267
9.89937e-10	-0.396305
9.90001e-10	-0.396343
9.90065e-10	-0.396381
9.90129e-10	-0.396419
9.90193e-10	-0.396457
9.90257e-10	-0.396495
9.90321e-10	-0.396532
9.90385e-10	-0.39657
9.90449e-10	-0.396608
9.90513e-10	-0.396645
9.90577e-10	-0.396682
9.90641e-10	-0.39672
9.90705e-10	-0.396757
9.90769e-10	-0.396794
9.90833e-10	-0.396831
9.90897e-10	-0.396868
9.90961e-10	-0.396905
9.91025e-10	-0.396942
9.91089e-10	-0.396979
9.91153e-10	-0.397015
9.91217e-10	-0.397052
9.91282e-10	-0.397088
9.91346e-10	-0.397125
9.9141e-10	-0.397161
9.91474e-10	-0.397197
9.91538e-10	-0.397233
9.91602e-10	-0.397269
9.91666e-10	-0.397305
9.9173e-10	-0.397341
9.91794e-10	-0.397377
9.91858e-10	-0.397413
9.91922e-10	-0.397448
9.91986e-10	-0.397484
9.9205e-10	-0.397519
9.92114e-10	-0.397554
9.92178e-10	-0.39759
9.92242e-10	-0.397625
9.92306e-10	-0.39766
9.9237e-10	-0.397695
9.92434e-10	-0.39773
9.92498e-10	-0.397765
9.92562e-10	-0.3978
9.92626e-10	-0.397834
9.9269e-10	-0.397869
9.92754e-10	-0.397903
9.92818e-10	-0.397938
9.92882e-10	-0.397972
9.92946e-10	-0.398006
9.9301e-10	-0.39804
9.93074e-10	-0.398075
9.93138e-10	-0.398108
9.93202e-10	-0.398142
9.93266e-10	-0.398176
9.9333e-10	-0.39821
9.93394e-10	-0.398244
9.93458e-10	-0.398277
9.93522e-10	-0.398311
9.93586e-10	-0.398344
9.9365e-10	-0.398377
9.93714e-10	-0.39841
9.93778e-10	-0.398444
9.93842e-10	-0.398477
9.93906e-10	-0.39851
9.9397e-10	-0.398542
9.94034e-10	-0.398575
9.94098e-10	-0.398608
9.94162e-10	-0.39864
9.94226e-10	-0.398673
9.9429e-10	-0.398705
9.94354e-10	-0.398738
9.94418e-10	-0.39877
9.94482e-10	-0.398802
9.94546e-10	-0.398834
9.9461e-10	-0.398866
9.94674e-10	-0.398898
9.94738e-10	-0.39893
9.94802e-10	-0.398962
9.94866e-10	-0.398993
9.9493e-10	-0.399025
9.94994e-10	-0.399056
9.95058e-10	-0.399088
9.95122e-10	-0.399119
9.95186e-10	-0.39915
9.9525e-10	-0.399181
9.95314e-10	-0.399212
9.95378e-10	-0.399243
9.95442e-10	-0.399274
9.95506e-10	-0.399305
9.9557e-10	-0.399336
9.95634e-10	-0.399366
9.95698e-10	-0.399397
9.95762e-10	-0.399427
9.95826e-10	-0.399457
9.9589e-10	-0.399488
9.95954e-10	-0.399518
9.96018e-10	-0.399548
9.96082e-10	-0.399578
9.96146e-10	-0.399608
9.9621e-10	-0.399637
9.96274e-10	-0.399667
9.96338e-10	-0.399697
9.96402e-10	-0.399726
9.96466e-10	-0.399756
9.9653e-10	-0.399785
9.96594e-10	-0.399814
9.96658e-10	-0.399844
9.96722e-10	-0.399873
9.96786e-10	-0.399902
9.9685e-10	-0.399931
9.96914e-10	-0.399959
9.96978e-10	-0.399988
9.97042e-10	-0.400017
9.97106e-10	-0.400045
9.9717e-10	-0.400074
9.97234e-10	-0.400102
9.97298e-10	-0.40013
9.97362e-10	-0.400159
9.97426e-10	-0.400187
9.9749e-10	-0.400215
9.97554e-10	-0.400243
9.97618e-10	-0.40027
9.97682e-10	-0.400298
9.97746e-10	-0.400326
9.9781e-10	-0.400353
9.97874e-10	-0.400381
9.97938e-10	-0.400408
9.98002e-10	-0.400436
9.98066e-10	-0.400463
9.9813e-10	-0.40049
9.98194e-10	-0.400517
9.98258e-10	-0.400544
9.98322e-10	-0.400571
9.98386e-10	-0.400598
9.9845e-10	-0.400624
9.98514e-10	-0.400651
9.98578e-10	-0.400677
9.98642e-10	-0.400704
9.98706e-10	-0.40073
9.9877e-10	-0.400756
9.98834e-10	-0.400782
9.98898e-10	-0.400808
9.98962e-10	-0.400834
9.99026e-10	-0.40086
9.9909e-10	-0.400886
9.99154e-10	-0.400912
9.99218e-10	-0.400937
9.99282e-10	-0.400963
9.99346e-10	-0.400988
9.9941e-10	-0.401013
9.99474e-10	-0.401039
9.99538e-10	-0.401064
9.99602e-10	-0.401089
9.99666e-10	-0.401114
9.9973e-10	-0.401139
9.99794e-10	-0.401163
9.99858e-10	-0.401188
9.99922e-10	-0.401213
9.99986e-10	-0.401237
1.00005e-09	-0.401262
1.00011e-09	-0.401286
1.00018e-09	-0.40131
1.00024e-09	-0.401334
1.00031e-09	-0.401358
1.00037e-09	-0.401382
1.00043e-09	-0.401406
1.0005e-09	-0.40143
1.00056e-09	-0.401454
1.00063e-09	-0.401477
1.00069e-09	-0.401501
1.00075e-09	-0.401524
1.00082e-09	-0.401547
1.00088e-09	-0.401571
1.00095e-09	-0.401594
1.00101e-09	-0.401617
1.00107e-09	-0.40164
1.00114e-09	-0.401663
1.0012e-09	-0.401685
1.00127e-09	-0.401708
1.00133e-09	-0.401731
1.00139e-09	-0.401753
1.00146e-09	-0.401775
1.00152e-09	-0.401798
1.00159e-09	-0.40182
1.00165e-09	-0.401842
1.00171e-09	-0.401864
1.00178e-09	-0.401886
1.00184e-09	-0.401908
1.00191e-09	-0.40193
1.00197e-09	-0.401951
1.00203e-09	-0.401973
1.0021e-09	-0.401994
1.00216e-09	-0.402016
1.00223e-09	-0.402037
1.00229e-09	-0.402058
1.00235e-09	-0.402079
1.00242e-09	-0.4021
1.00248e-09	-0.402121
1.00255e-09	-0.402142
1.00261e-09	-0.402163
1.00267e-09	-0.402183
1.00274e-09	-0.402204
1.0028e-09	-0.402224
1.00287e-09	-0.402245
1.00293e-09	-0.402265
1.00299e-09	-0.402285
1.00306e-09	-0.402305
1.00312e-09	-0.402325
1.00319e-09	-0.402345
1.00325e-09	-0.402365
1.00331e-09	-0.402385
1.00338e-09	-0.402404
1.00344e-09	-0.402424
1.00351e-09	-0.402443
1.00357e-09	-0.402462
1.00363e-09	-0.402482
1.0037e-09	-0.402501
1.00376e-09	-0.40252
1.00383e-09	-0.402539
1.00389e-09	-0.402558
1.00395e-09	-0.402576
1.00402e-09	-0.402595
1.00408e-09	-0.402614
1.00415e-09	-0.402632
1.00421e-09	-0.402651
1.00427e-09	-0.402669
1.00434e-09	-0.402687
1.0044e-09	-0.402705
1.00447e-09	-0.402723
1.00453e-09	-0.402741
1.0046e-09	-0.402759
1.00466e-09	-0.402777
1.00472e-09	-0.402794
1.00479e-09	-0.402812
1.00485e-09	-0.402829
1.00492e-09	-0.402847
1.00498e-09	-0.402864
1.00504e-09	-0.402881
1.00511e-09	-0.402898
1.00517e-09	-0.402915
1.00524e-09	-0.402932
1.0053e-09	-0.402949
1.00536e-09	-0.402965
1.00543e-09	-0.402982
1.00549e-09	-0.402999
1.00556e-09	-0.403015
1.00562e-09	-0.403031
1.00568e-09	-0.403048
1.00575e-09	-0.403064
1.00581e-09	-0.40308
1.00588e-09	-0.403096
1.00594e-09	-0.403111
1.006e-09	-0.403127
1.00607e-09	-0.403143
1.00613e-09	-0.403158
1.0062e-09	-0.403174
1.00626e-09	-0.403189
1.00632e-09	-0.403204
1.00639e-09	-0.40322
1.00645e-09	-0.403235
1.00652e-09	-0.40325
1.00658e-09	-0.403265
1.00664e-09	-0.403279
1.00671e-09	-0.403294
1.00677e-09	-0.403309
1.00684e-09	-0.403323
1.0069e-09	-0.403338
1.00696e-09	-0.403352
1.00703e-09	-0.403366
1.00709e-09	-0.40338
1.00716e-09	-0.403394
1.00722e-09	-0.403408
1.00728e-09	-0.403422
1.00735e-09	-0.403436
1.00741e-09	-0.403449
1.00748e-09	-0.403463
1.00754e-09	-0.403476
1.0076e-09	-0.40349
1.00767e-09	-0.403503
1.00773e-09	-0.403516
1.0078e-09	-0.403529
1.00786e-09	-0.403542
1.00792e-09	-0.403555
1.00799e-09	-0.403568
1.00805e-09	-0.40358
1.00812e-09	-0.403593
1.00818e-09	-0.403605
1.00824e-09	-0.403618
1.00831e-09	-0.40363
1.00837e-09	-0.403642
1.00844e-09	-0.403654
1.0085e-09	-0.403666
1.00856e-09	-0.403678
1.00863e-09	-0.40369
1.00869e-09	-0.403702
1.00876e-09	-0.403713
1.00882e-09	-0.403725
1.00888e-09	-0.403736
1.00895e-09	-0.403747
1.00901e-09	-0.403759
1.00908e-09	-0.40377
1.00914e-09	-0.403781
1.0092e-09	-0.403792
1.00927e-09	-0.403803
1.00933e-09	-0.403813
1.0094e-09	-0.403824
1.00946e-09	-0.403834
1.00952e-09	-0.403845
1.00959e-09	-0.403855
1.00965e-09	-0.403865
1.00972e-09	-0.403876
1.00978e-09	-0.403886
1.00984e-09	-0.403896
1.00991e-09	-0.403905
1.00997e-09	-0.403915
1.01004e-09	-0.403925
1.0101e-09	-0.403934
1.01016e-09	-0.403944
1.01023e-09	-0.403953
1.01029e-09	-0.403962
1.01036e-09	-0.403972
1.01042e-09	-0.403981
1.01048e-09	-0.40399
1.01055e-09	-0.403999
1.01061e-09	-0.404007
1.01068e-09	-0.404016
1.01074e-09	-0.404025
1.0108e-09	-0.404033
1.01087e-09	-0.404041
1.01093e-09	-0.40405
1.011e-09	-0.404058
1.01106e-09	-0.404066
1.01112e-09	-0.404074
1.01119e-09	-0.404082
1.01125e-09	-0.40409
1.01132e-09	-0.404097
1.01138e-09	-0.404105
1.01144e-09	-0.404112
1.01151e-09	-0.40412
1.01157e-09	-0.404127
1.01164e-09	-0.404134
1.0117e-09	-0.404141
1.01176e-09	-0.404148
1.01183e-09	-0.404155
1.01189e-09	-0.404162
1.01196e-09	-0.404169
1.01202e-09	-0.404175
1.01208e-09	-0.404182
1.01215e-09	-0.404188
1.01221e-09	-0.404194
1.01228e-09	-0.404201
1.01234e-09	-0.404207
1.0124e-09	-0.404213
1.01247e-09	-0.404219
1.01253e-09	-0.404224
1.0126e-09	-0.40423
1.01266e-09	-0.404236
1.01272e-09	-0.404241
1.01279e-09	-0.404247
1.01285e-09	-0.404252
1.01292e-09	-0.404257
1.01298e-09	-0.404262
1.01304e-09	-0.404267
1.01311e-09	-0.404272
1.01317e-09	-0.404277
1.01324e-09	-0.404282
1.0133e-09	-0.404286
1.01336e-09	-0.404291
1.01343e-09	-0.404295
1.01349e-09	-0.404299
1.01356e-09	-0.404304
1.01362e-09	-0.404308
1.01368e-09	-0.404312
1.01375e-09	-0.404316
1.01381e-09	-0.404319
1.01388e-09	-0.404323
1.01394e-09	-0.404327
1.014e-09	-0.40433
1.01407e-09	-0.404334
1.01413e-09	-0.404337
1.0142e-09	-0.40434
1.01426e-09	-0.404343
1.01432e-09	-0.404346
1.01439e-09	-0.404349
1.01445e-09	-0.404352
1.01452e-09	-0.404355
1.01458e-09	-0.404357
1.01464e-09	-0.40436
1.01471e-09	-0.404362
1.01477e-09	-0.404364
1.01484e-09	-0.404366
1.0149e-09	-0.404369
1.01496e-09	-0.404371
1.01503e-09	-0.404372
1.01509e-09	-0.404374
1.01516e-09	-0.404376
1.01522e-09	-0.404377
1.01528e-09	-0.404379
1.01535e-09	-0.40438
1.01541e-09	-0.404382
1.01548e-09	-0.404383
1.01554e-09	-0.404384
1.0156e-09	-0.404385
1.01567e-09	-0.404386
1.01573e-09	-0.404386
1.0158e-09	-0.404387
1.01586e-09	-0.404388
1.01592e-09	-0.404388
1.01599e-09	-0.404388
1.01605e-09	-0.404389
1.01612e-09	-0.404389
1.01618e-09	-0.404389
1.01624e-09	-0.404389
1.01631e-09	-0.404389
1.01637e-09	-0.404388
1.01644e-09	-0.404388
1.0165e-09	-0.404388
1.01656e-09	-0.404387
1.01663e-09	-0.404386
1.01669e-09	-0.404386
1.01676e-09	-0.404385
1.01682e-09	-0.404384
1.01688e-09	-0.404383
1.01695e-09	-0.404382
1.01701e-09	-0.40438
1.01708e-09	-0.404379
1.01714e-09	-0.404377
1.0172e-09	-0.404376
1.01727e-09	-0.404374
1.01733e-09	-0.404372
1.0174e-09	-0.40437
1.01746e-09	-0.404368
1.01752e-09	-0.404366
1.01759e-09	-0.404364
1.01765e-09	-0.404362
1.01772e-09	-0.404359
1.01778e-09	-0.404357
1.01784e-09	-0.404354
1.01791e-09	-0.404352
1.01797e-09	-0.404349
1.01804e-09	-0.404346
1.0181e-09	-0.404343
1.01816e-09	-0.40434
1.01823e-09	-0.404336
1.01829e-09	-0.404333
1.01836e-09	-0.40433
1.01842e-09	-0.404326
1.01848e-09	-0.404322
1.01855e-09	-0.404319
1.01861e-09	-0.404315
1.01868e-09	-0.404311
1.01874e-09	-0.404307
1.0188e-09	-0.404303
1.01887e-09	-0.404298
1.01893e-09	-0.404294
1.019e-09	-0.40429
1.01906e-09	-0.404285
1.01912e-09	-0.40428
1.01919e-09	-0.404275
1.01925e-09	-0.404271
1.01932e-09	-0.404266
1.01938e-09	-0.40426
1.01944e-09	-0.404255
1.01951e-09	-0.40425
1.01957e-09	-0.404245
1.01964e-09	-0.404239
1.0197e-09	-0.404233
1.01976e-09	-0.404228
1.01983e-09	-0.404222
1.01989e-09	-0.404216
1.01996e-09	-0.40421
1.02002e-09	-0.404204
1.02008e-09	-0.404197
1.02015e-09	-0.404191
1.02021e-09	-0.404185
1.02028e-09	-0.404178
1.02034e-09	-0.404171
1.0204e-09	-0.404165
1.02047e-09	-0.404158
1.02053e-09	-0.404151
1.0206e-09	-0.404144
1.02066e-09	-0.404137
1.02072e-09	-0.404129
1.02079e-09	-0.404122
1.02085e-09	-0.404114
1.02092e-09	-0.404107
1.02098e-09	-0.404099
1.02104e-09	-0.404091
1.02111e-09	-0.404083
1.02117e-09	-0.404075
1.02124e-09	-0.404067
1.0213e-09	-0.404059
1.02136e-09	-0.404051
1.02143e-09	-0.404042
1.02149e-09	-0.404034
1.02156e-09	-0.404025
1.02162e-09	-0.404016
1.02168e-09	-0.404007
1.02175e-09	-0.403998
1.02181e-09	-0.403989
1.02188e-09	-0.40398
1.02194e-09	-0.403971
1.02201e-09	-0.403961
1.02207e-09	-0.403952
1.02213e-09	-0.403942
1.0222e-09	-0.403932
1.02226e-09	-0.403923
1.02233e-09	-0.403913
1.02239e-09	-0.403903
1.02245e-09	-0.403893
1.02252e-09	-0.403882
1.02258e-09	-0.403872
1.02265e-09	-0.403861
1.02271e-09	-0.403851
1.02277e-09	-0.40384
1.02284e-09	-0.403829
1.0229e-09	-0.403819
1.02297e-09	-0.403808
1.02303e-09	-0.403797
1.02309e-09	-0.403785
1.02316e-09	-0.403774
1.02322e-09	-0.403763
1.02329e-09	-0.403751
1.02335e-09	-0.403739
1.02341e-09	-0.403728
1.02348e-09	-0.403716
1.02354e-09	-0.403704
1.02361e-09	-0.403692
1.02367e-09	-0.40368
1.02373e-09	-0.403667
1.0238e-09	-0.403655
1.02386e-09	-0.403643
1.02393e-09	-0.40363
1.02399e-09	-0.403617
1.02405e-09	-0.403605
1.02412e-09	-0.403592
1.02418e-09	-0.403579
1.02425e-09	-0.403565
1.02431e-09	-0.403552
1.02437e-09	-0.403539
1.02444e-09	-0.403525
1.0245e-09	-0.403512
1.02457e-09	-0.403498
1.02463e-09	-0.403484
1.02469e-09	-0.403471
1.02476e-09	-0.403457
1.02482e-09	-0.403443
1.02489e-09	-0.403428
1.02495e-09	-0.403414
1.02501e-09	-0.4034
1.02508e-09	-0.403385
1.02514e-09	-0.403371
1.02521e-09	-0.403356
1.02527e-09	-0.403341
1.02533e-09	-0.403326
1.0254e-09	-0.403311
1.02546e-09	-0.403296
1.02553e-09	-0.403281
1.02559e-09	-0.403265
1.02565e-09	-0.40325
1.02572e-09	-0.403234
1.02578e-09	-0.403218
1.02585e-09	-0.403203
1.02591e-09	-0.403187
1.02597e-09	-0.403171
1.02604e-09	-0.403155
1.0261e-09	-0.403138
1.02617e-09	-0.403122
1.02623e-09	-0.403105
1.02629e-09	-0.403089
1.02636e-09	-0.403072
1.02642e-09	-0.403055
1.02649e-09	-0.403039
1.02655e-09	-0.403022
1.02661e-09	-0.403004
1.02668e-09	-0.402987
1.02674e-09	-0.40297
1.02681e-09	-0.402952
1.02687e-09	-0.402935
1.02693e-09	-0.402917
1.027e-09	-0.4029
1.02706e-09	-0.402882
1.02713e-09	-0.402864
1.02719e-09	-0.402846
1.02725e-09	-0.402827
1.02732e-09	-0.402809
1.02738e-09	-0.402791
1.02745e-09	-0.402772
1.02751e-09	-0.402754
1.02757e-09	-0.402735
1.02764e-09	-0.402716
1.0277e-09	-0.402697
1.02777e-09	-0.402678
1.02783e-09	-0.402659
1.02789e-09	-0.40264
1.02796e-09	-0.40262
1.02802e-09	-0.402601
1.02809e-09	-0.402581
1.02815e-09	-0.402561
1.02821e-09	-0.402542
1.02828e-09	-0.402522
1.02834e-09	-0.402502
1.02841e-09	-0.402481
1.02847e-09	-0.402461
1.02853e-09	-0.402441
1.0286e-09	-0.40242
1.02866e-09	-0.4024
1.02873e-09	-0.402379
1.02879e-09	-0.402358
1.02885e-09	-0.402337
1.02892e-09	-0.402316
1.02898e-09	-0.402295
1.02905e-09	-0.402274
1.02911e-09	-0.402252
1.02917e-09	-0.402231
1.02924e-09	-0.402209
1.0293e-09	-0.402188
1.02937e-09	-0.402166
1.02943e-09	-0.402144
1.02949e-09	-0.402122
1.02956e-09	-0.4021
1.02962e-09	-0.402078
1.02969e-09	-0.402055
1.02975e-09	-0.402033
1.02981e-09	-0.40201
1.02988e-09	-0.401988
1.02994e-09	-0.401965
1.03001e-09	-0.401942
1.03007e-09	-0.401919
1.03013e-09	-0.401896
1.0302e-09	-0.401872
1.03026e-09	-0.401849
1.03033e-09	-0.401826
1.03039e-09	-0.401802
1.03045e-09	-0.401778
1.03052e-09	-0.401755
1.03058e-09	-0.401731
1.03065e-09	-0.401707
1.03071e-09	-0.401683
1.03077e-09	-0.401658
1.03084e-09	-0.401634
1.0309e-09	-0.40161
1.03097e-09	-0.401585
1.03103e-09	-0.40156
1.03109e-09	-0.401536
1.03116e-09	-0.401511
1.03122e-09	-0.401486
1.03129e-09	-0.401461
1.03135e-09	-0.401435
1.03141e-09	-0.40141
1.03148e-09	-0.401385
1.03154e-09	-0.401359
1.03161e-09	-0.401333
1.03167e-09	-0.401308
1.03173e-09	-0.401282
1.0318e-09	-0.401256
1.03186e-09	-0.40123
1.03193e-09	-0.401203
1.03199e-09	-0.401177
1.03205e-09	-0.401151
1.03212e-09	-0.401124
1.03218e-09	-0.401097
1.03225e-09	-0.401071
1.03231e-09	-0.401044
1.03237e-09	-0.401017
1.03244e-09	-0.400989
1.0325e-09	-0.400962
1.03257e-09	-0.400935
1.03263e-09	-0.400907
1.03269e-09	-0.40088
1.03276e-09	-0.400852
1.03282e-09	-0.400824
1.03289e-09	-0.400797
1.03295e-09	-0.400768
1.03301e-09	-0.40074
1.03308e-09	-0.400712
1.03314e-09	-0.400684
1.03321e-09	-0.400655
1.03327e-09	-0.400627
1.03333e-09	-0.400598
1.0334e-09	-0.400569
1.03346e-09	-0.40054
1.03353e-09	-0.400511
1.03359e-09	-0.400482
1.03365e-09	-0.400453
1.03372e-09	-0.400424
1.03378e-09	-0.400394
1.03385e-09	-0.400364
1.03391e-09	-0.400335
1.03397e-09	-0.400305
1.03404e-09	-0.400275
1.0341e-09	-0.400245
1.03417e-09	-0.400215
1.03423e-09	-0.400185
1.03429e-09	-0.400154
1.03436e-09	-0.400124
1.03442e-09	-0.400093
1.03449e-09	-0.400062
1.03455e-09	-0.400032
1.03461e-09	-0.400001
1.03468e-09	-0.39997
1.03474e-09	-0.399938
1.03481e-09	-0.399907
1.03487e-09	-0.399876
1.03493e-09	-0.399844
1.035e-09	-0.399813
1.03506e-09	-0.399781
1.03513e-09	-0.399749
1.03519e-09	-0.399717
1.03525e-09	-0.399685
1.03532e-09	-0.399653
1.03538e-09	-0.399621
1.03545e-09	-0.399588
1.03551e-09	-0.399556
1.03557e-09	-0.399523
1.03564e-09	-0.39949
1.0357e-09	-0.399457
1.03577e-09	-0.399424
1.03583e-09	-0.399391
1.03589e-09	-0.399358
1.03596e-09	-0.399325
1.03602e-09	-0.399291
1.03609e-09	-0.399258
1.03615e-09	-0.399224
1.03621e-09	-0.39919
1.03628e-09	-0.399157
1.03634e-09	-0.399123
1.03641e-09	-0.399088
1.03647e-09	-0.399054
1.03653e-09	-0.39902
1.0366e-09	-0.398985
1.03666e-09	-0.398951
1.03673e-09	-0.398916
1.03679e-09	-0.398881
1.03685e-09	-0.398847
1.03692e-09	-0.398811
1.03698e-09	-0.398776
1.03705e-09	-0.398741
1.03711e-09	-0.398706
1.03717e-09	-0.39867
1.03724e-09	-0.398635
1.0373e-09	-0.398599
1.03737e-09	-0.398563
1.03743e-09	-0.398527
1.03749e-09	-0.398491
1.03756e-09	-0.398455
1.03762e-09	-0.398419
1.03769e-09	-0.398382
1.03775e-09	-0.398346
1.03781e-09	-0.398309
1.03788e-09	-0.398272
1.03794e-09	-0.398236
1.03801e-09	-0.398199
1.03807e-09	-0.398162
1.03813e-09	-0.398124
1.0382e-09	-0.398087
1.03826e-09	-0.39805
1.03833e-09	-0.398012
1.03839e-09	-0.397974
1.03845e-09	-0.397937
1.03852e-09	-0.397899
1.03858e-09	-0.397861
1.03865e-09	-0.397823
1.03871e-09	-0.397784
1.03877e-09	-0.397746
1.03884e-09	-0.397708
1.0389e-09	-0.397669
1.03897e-09	-0.39763
1.03903e-09	-0.397592
1.03909e-09	-0.397553
1.03916e-09	-0.397514
1.03922e-09	-0.397474
1.03929e-09	-0.397435
1.03935e-09	-0.397396
1.03942e-09	-0.397356
1.03948e-09	-0.397317
1.03954e-09	-0.397277
1.03961e-09	-0.397237
1.03967e-09	-0.397197
1.03974e-09	-0.397157
1.0398e-09	-0.397117
1.03986e-09	-0.397077
1.03993e-09	-0.397036
1.03999e-09	-0.396996
1.04006e-09	-0.396955
1.04012e-09	-0.396914
1.04018e-09	-0.396873
1.04025e-09	-0.396832
1.04031e-09	-0.396791
1.04038e-09	-0.39675
1.04044e-09	-0.396709
1.0405e-09	-0.396667
1.04057e-09	-0.396626
1.04063e-09	-0.396584
1.0407e-09	-0.396542
1.04076e-09	-0.3965
1.04082e-09	-0.396458
1.04089e-09	-0.396416
1.04095e-09	-0.396374
1.04102e-09	-0.396331
1.04108e-09	-0.396289
1.04114e-09	-0.396246
1.04121e-09	-0.396203
1.04127e-09	-0.396161
1.04134e-09	-0.396118
1.0414e-09	-0.396075
1.04146e-09	-0.396031
1.04153e-09	-0.395988
1.04159e-09	-0.395945
1.04166e-09	-0.395901
1.04172e-09	-0.395857
1.04178e-09	-0.395814
1.04185e-09	-0.39577
1.04191e-09	-0.395726
1.04198e-09	-0.395682
1.04204e-09	-0.395637
1.0421e-09	-0.395593
1.04217e-09	-0.395548
1.04223e-09	-0.395504
1.0423e-09	-0.395459
1.04236e-09	-0.395414
1.04242e-09	-0.395369
1.04249e-09	-0.395324
1.04255e-09	-0.395279
1.04262e-09	-0.395234
1.04268e-09	-0.395188
1.04274e-09	-0.395143
1.04281e-09	-0.395097
1.04287e-09	-0.395051
1.04294e-09	-0.395005
1.043e-09	-0.394959
1.04306e-09	-0.394913
1.04313e-09	-0.394867
1.04319e-09	-0.394821
1.04326e-09	-0.394774
1.04332e-09	-0.394728
1.04338e-09	-0.394681
1.04345e-09	-0.394634
1.04351e-09	-0.394587
1.04358e-09	-0.39454
1.04364e-09	-0.394493
1.0437e-09	-0.394446
1.04377e-09	-0.394398
1.04383e-09	-0.394351
1.0439e-09	-0.394303
1.04396e-09	-0.394255
1.04402e-09	-0.394207
1.04409e-09	-0.394159
1.04415e-09	-0.394111
1.04422e-09	-0.394063
1.04428e-09	-0.394015
1.04434e-09	-0.393966
1.04441e-09	-0.393918
1.04447e-09	-0.393869
1.04454e-09	-0.39382
1.0446e-09	-0.393771
1.04466e-09	-0.393722
1.04473e-09	-0.393673
1.04479e-09	-0.393624
1.04486e-09	-0.393574
1.04492e-09	-0.393525
1.04498e-09	-0.393475
1.04505e-09	-0.393425
1.04511e-09	-0.393375
1.04518e-09	-0.393325
1.04524e-09	-0.393275
1.0453e-09	-0.393225
1.04537e-09	-0.393175
1.04543e-09	-0.393124
1.0455e-09	-0.393074
1.04556e-09	-0.393023
1.04562e-09	-0.392972
1.04569e-09	-0.392921
1.04575e-09	-0.39287
1.04582e-09	-0.392819
1.04588e-09	-0.392768
1.04594e-09	-0.392716
1.04601e-09	-0.392665
1.04607e-09	-0.392613
1.04614e-09	-0.392561
1.0462e-09	-0.392509
1.04626e-09	-0.392457
1.04633e-09	-0.392405
1.04639e-09	-0.392353
1.04646e-09	-0.392301
1.04652e-09	-0.392248
1.04658e-09	-0.392195
1.04665e-09	-0.392143
1.04671e-09	-0.39209
1.04678e-09	-0.392037
1.04684e-09	-0.391984
1.0469e-09	-0.391931
1.04697e-09	-0.391877
1.04703e-09	-0.391824
1.0471e-09	-0.39177
1.04716e-09	-0.391717
1.04722e-09	-0.391663
1.04729e-09	-0.391609
1.04735e-09	-0.391555
1.04742e-09	-0.391501
1.04748e-09	-0.391446
1.04754e-09	-0.391392
1.04761e-09	-0.391338
1.04767e-09	-0.391283
1.04774e-09	-0.391228
1.0478e-09	-0.391173
1.04786e-09	-0.391118
1.04793e-09	-0.391063
1.04799e-09	-0.391008
1.04806e-09	-0.390953
1.04812e-09	-0.390897
1.04818e-09	-0.390842
1.04825e-09	-0.390786
1.04831e-09	-0.39073
1.04838e-09	-0.390674
1.04844e-09	-0.390618
1.0485e-09	-0.390562
1.04857e-09	-0.390506
1.04863e-09	-0.390449
1.0487e-09	-0.390393
1.04876e-09	-0.390336
1.04882e-09	-0.390279
1.04889e-09	-0.390222
1.04895e-09	-0.390165
1.04902e-09	-0.390108
1.04908e-09	-0.390051
1.04914e-09	-0.389993
1.04921e-09	-0.389936
1.04927e-09	-0.389878
1.04934e-09	-0.389821
1.0494e-09	-0.389763
1.04946e-09	-0.389705
1.04953e-09	-0.389647
1.04959e-09	-0.389588
1.04966e-09	-0.38953
1.04972e-09	-0.389472
1.04978e-09	-0.389413
1.04985e-09	-0.389354
1.04991e-09	-0.389295
1.04998e-09	-0.389237
1.05004e-09	-0.389177
1.0501e-09	-0.389118
1.05017e-09	-0.389059
1.05023e-09	-0.389
1.0503e-09	-0.38894
1.05036e-09	-0.38888
1.05042e-09	-0.388821
1.05049e-09	-0.388761
1.05055e-09	-0.388701
1.05062e-09	-0.38864
1.05068e-09	-0.38858
1.05074e-09	-0.38852
1.05081e-09	-0.388459
1.05087e-09	-0.388399
1.05094e-09	-0.388338
1.051e-09	-0.388277
1.05106e-09	-0.388216
1.05113e-09	-0.388155
1.05119e-09	-0.388094
1.05126e-09	-0.388032
1.05132e-09	-0.387971
1.05138e-09	-0.387909
1.05145e-09	-0.387848
1.05151e-09	-0.387786
1.05158e-09	-0.387724
1.05164e-09	-0.387662
1.0517e-09	-0.3876
1.05177e-09	-0.387537
1.05183e-09	-0.387475
1.0519e-09	-0.387412
1.05196e-09	-0.38735
1.05202e-09	-0.387287
1.05209e-09	-0.387224
1.05215e-09	-0.387161
1.05222e-09	-0.387098
1.05228e-09	-0.387034
1.05234e-09	-0.386971
1.05241e-09	-0.386907
1.05247e-09	-0.386844
1.05254e-09	-0.38678
1.0526e-09	-0.386716
1.05266e-09	-0.386652
1.05273e-09	-0.386588
1.05279e-09	-0.386524
1.05286e-09	-0.386459
1.05292e-09	-0.386395
1.05298e-09	-0.38633
1.05305e-09	-0.386265
1.05311e-09	-0.386201
1.05318e-09	-0.386136
1.05324e-09	-0.38607
1.0533e-09	-0.386005
1.05337e-09	-0.38594
1.05343e-09	-0.385874
1.0535e-09	-0.385809
1.05356e-09	-0.385743
1.05362e-09	-0.385677
1.05369e-09	-0.385611
1.05375e-09	-0.385545
1.05382e-09	-0.385479
1.05388e-09	-0.385413
1.05394e-09	-0.385346
1.05401e-09	-0.38528
1.05407e-09	-0.385213
1.05414e-09	-0.385146
1.0542e-09	-0.385079
1.05426e-09	-0.385012
1.05433e-09	-0.384945
1.05439e-09	-0.384878
1.05446e-09	-0.38481
1.05452e-09	-0.384743
1.05458e-09	-0.384675
1.05465e-09	-0.384607
1.05471e-09	-0.384539
1.05478e-09	-0.384471
1.05484e-09	-0.384403
1.0549e-09	-0.384335
1.05497e-09	-0.384267
1.05503e-09	-0.384198
1.0551e-09	-0.384129
1.05516e-09	-0.384061
1.05522e-09	-0.383992
1.05529e-09	-0.383923
1.05535e-09	-0.383854
1.05542e-09	-0.383784
1.05548e-09	-0.383715
1.05554e-09	-0.383645
1.05561e-09	-0.383576
1.05567e-09	-0.383506
1.05574e-09	-0.383436
1.0558e-09	-0.383366
1.05586e-09	-0.383296
1.05593e-09	-0.383226
1.05599e-09	-0.383156
1.05606e-09	-0.383085
1.05612e-09	-0.383014
1.05618e-09	-0.382944
1.05625e-09	-0.382873
1.05631e-09	-0.382802
1.05638e-09	-0.382731
1.05644e-09	-0.38266
1.0565e-09	-0.382588
1.05657e-09	-0.382517
1.05663e-09	-0.382445
1.0567e-09	-0.382374
1.05676e-09	-0.382302
1.05683e-09	-0.38223
1.05689e-09	-0.382158
1.05695e-09	-0.382085
1.05702e-09	-0.382013
1.05708e-09	-0.381941
1.05715e-09	-0.381868
1.05721e-09	-0.381795
1.05727e-09	-0.381723
1.05734e-09	-0.38165
1.0574e-09	-0.381577
1.05747e-09	-0.381503
1.05753e-09	-0.38143
1.05759e-09	-0.381357
1.05766e-09	-0.381283
1.05772e-09	-0.381209
1.05779e-09	-0.381136
1.05785e-09	-0.381062
1.05791e-09	-0.380988
1.05798e-09	-0.380914
1.05804e-09	-0.380839
1.05811e-09	-0.380765
1.05817e-09	-0.38069
1.05823e-09	-0.380616
1.0583e-09	-0.380541
1.05836e-09	-0.380466
1.05843e-09	-0.380391
1.05849e-09	-0.380316
1.05855e-09	-0.38024
1.05862e-09	-0.380165
1.05868e-09	-0.38009
1.05875e-09	-0.380014
1.05881e-09	-0.379938
1.05887e-09	-0.379862
1.05894e-09	-0.379786
1.059e-09	-0.37971
1.05907e-09	-0.379634
1.05913e-09	-0.379557
1.05919e-09	-0.379481
1.05926e-09	-0.379404
1.05932e-09	-0.379327
1.05939e-09	-0.379251
1.05945e-09	-0.379174
1.05951e-09	-0.379096
1.05958e-09	-0.379019
1.05964e-09	-0.378942
1.05971e-09	-0.378864
1.05977e-09	-0.378787
1.05983e-09	-0.378709
1.0599e-09	-0.378631
1.05996e-09	-0.378553
1.06003e-09	-0.378475
1.06009e-09	-0.378397
1.06015e-09	-0.378318
1.06022e-09	-0.37824
1.06028e-09	-0.378161
1.06035e-09	-0.378082
1.06041e-09	-0.378003
1.06047e-09	-0.377925
1.06054e-09	-0.377845
1.0606e-09	-0.377766
1.06067e-09	-0.377687
1.06073e-09	-0.377607
1.06079e-09	-0.377528
1.06086e-09	-0.377448
1.06092e-09	-0.377368
1.06099e-09	-0.377288
1.06105e-09	-0.377208
1.06111e-09	-0.377128
1.06118e-09	-0.377047
1.06124e-09	-0.376967
1.06131e-09	-0.376886
1.06137e-09	-0.376805
1.06143e-09	-0.376725
1.0615e-09	-0.376644
1.06156e-09	-0.376563
1.06163e-09	-0.376481
1.06169e-09	-0.3764
1.06175e-09	-0.376318
1.06182e-09	-0.376237
1.06188e-09	-0.376155
1.06195e-09	-0.376073
1.06201e-09	-0.375991
1.06207e-09	-0.375909
1.06214e-09	-0.375827
1.0622e-09	-0.375745
1.06227e-09	-0.375662
1.06233e-09	-0.375579
1.06239e-09	-0.375497
1.06246e-09	-0.375414
1.06252e-09	-0.375331
1.06259e-09	-0.375248
1.06265e-09	-0.375165
1.06271e-09	-0.375081
1.06278e-09	-0.374998
1.06284e-09	-0.374914
1.06291e-09	-0.37483
1.06297e-09	-0.374747
1.06303e-09	-0.374663
1.0631e-09	-0.374578
1.06316e-09	-0.374494
1.06323e-09	-0.37441
1.06329e-09	-0.374325
1.06335e-09	-0.374241
1.06342e-09	-0.374156
1.06348e-09	-0.374071
1.06355e-09	-0.373986
1.06361e-09	-0.373901
1.06367e-09	-0.373816
1.06374e-09	-0.37373
1.0638e-09	-0.373645
1.06387e-09	-0.373559
1.06393e-09	-0.373474
1.06399e-09	-0.373388
1.06406e-09	-0.373302
1.06412e-09	-0.373216
1.06419e-09	-0.373129
1.06425e-09	-0.373043
1.06431e-09	-0.372957
1.06438e-09	-0.37287
1.06444e-09	-0.372783
1.06451e-09	-0.372696
1.06457e-09	-0.372609
1.06463e-09	-0.372522
1.0647e-09	-0.372435
1.06476e-09	-0.372348
1.06483e-09	-0.37226
1.06489e-09	-0.372173
1.06495e-09	-0.372085
1.06502e-09	-0.371997
1.06508e-09	-0.371909
1.06515e-09	-0.371821
1.06521e-09	-0.371733
1.06527e-09	-0.371644
1.06534e-09	-0.371556
1.0654e-09	-0.371467
1.06547e-09	-0.371378
1.06553e-09	-0.37129
1.06559e-09	-0.371201
1.06566e-09	-0.371111
1.06572e-09	-0.371022
1.06579e-09	-0.370933
1.06585e-09	-0.370843
1.06591e-09	-0.370754
1.06598e-09	-0.370664
1.06604e-09	-0.370574
1.06611e-09	-0.370484
1.06617e-09	-0.370394
1.06623e-09	-0.370304
1.0663e-09	-0.370213
1.06636e-09	-0.370123
1.06643e-09	-0.370032
1.06649e-09	-0.369941
1.06655e-09	-0.36985
1.06662e-09	-0.369759
1.06668e-09	-0.369668
1.06675e-09	-0.369577
1.06681e-09	-0.369486
1.06687e-09	-0.369394
1.06694e-09	-0.369302
1.067e-09	-0.369211
1.06707e-09	-0.369119
1.06713e-09	-0.369027
1.06719e-09	-0.368935
1.06726e-09	-0.368842
1.06732e-09	-0.36875
1.06739e-09	-0.368657
1.06745e-09	-0.368565
1.06751e-09	-0.368472
1.06758e-09	-0.368379
1.06764e-09	-0.368286
1.06771e-09	-0.368193
1.06777e-09	-0.3681
1.06783e-09	-0.368006
1.0679e-09	-0.367913
1.06796e-09	-0.367819
1.06803e-09	-0.367725
1.06809e-09	-0.367631
1.06815e-09	-0.367537
1.06822e-09	-0.367443
1.06828e-09	-0.367349
1.06835e-09	-0.367254
1.06841e-09	-0.36716
1.06847e-09	-0.367065
1.06854e-09	-0.36697
1.0686e-09	-0.366875
1.06867e-09	-0.36678
1.06873e-09	-0.366685
1.06879e-09	-0.36659
1.06886e-09	-0.366494
1.06892e-09	-0.366399
1.06899e-09	-0.366303
1.06905e-09	-0.366207
1.06911e-09	-0.366111
1.06918e-09	-0.366015
1.06924e-09	-0.365919
1.06931e-09	-0.365823
1.06937e-09	-0.365726
1.06943e-09	-0.36563
1.0695e-09	-0.365533
1.06956e-09	-0.365436
1.06963e-09	-0.365339
1.06969e-09	-0.365242
1.06975e-09	-0.365145
1.06982e-09	-0.365048
1.06988e-09	-0.36495
1.06995e-09	-0.364852
1.07001e-09	-0.364755
1.07007e-09	-0.364657
1.07014e-09	-0.364559
1.0702e-09	-0.364461
1.07027e-09	-0.364363
1.07033e-09	-0.364264
1.07039e-09	-0.364166
1.07046e-09	-0.364067
1.07052e-09	-0.363968
1.07059e-09	-0.36387
1.07065e-09	-0.363771
1.07071e-09	-0.363671
1.07078e-09	-0.363572
1.07084e-09	-0.363473
1.07091e-09	-0.363373
1.07097e-09	-0.363274
1.07103e-09	-0.363174
1.0711e-09	-0.363074
1.07116e-09	-0.362974
1.07123e-09	-0.362874
1.07129e-09	-0.362774
1.07135e-09	-0.362673
1.07142e-09	-0.362573
1.07148e-09	-0.362472
1.07155e-09	-0.362371
1.07161e-09	-0.36227
1.07167e-09	-0.362169
1.07174e-09	-0.362068
1.0718e-09	-0.361967
1.07187e-09	-0.361866
1.07193e-09	-0.361764
1.07199e-09	-0.361662
1.07206e-09	-0.361561
1.07212e-09	-0.361459
1.07219e-09	-0.361357
1.07225e-09	-0.361254
1.07231e-09	-0.361152
1.07238e-09	-0.36105
1.07244e-09	-0.360947
1.07251e-09	-0.360844
1.07257e-09	-0.360742
1.07263e-09	-0.360639
1.0727e-09	-0.360536
1.07276e-09	-0.360432
1.07283e-09	-0.360329
1.07289e-09	-0.360226
1.07295e-09	-0.360122
1.07302e-09	-0.360018
1.07308e-09	-0.359914
1.07315e-09	-0.359811
1.07321e-09	-0.359706
1.07327e-09	-0.359602
1.07334e-09	-0.359498
1.0734e-09	-0.359393
1.07347e-09	-0.359289
1.07353e-09	-0.359184
1.07359e-09	-0.359079
1.07366e-09	-0.358974
1.07372e-09	-0.358869
1.07379e-09	-0.358764
1.07385e-09	-0.358658
1.07391e-09	-0.358553
1.07398e-09	-0.358447
1.07404e-09	-0.358342
1.07411e-09	-0.358236
1.07417e-09	-0.35813
1.07424e-09	-0.358024
1.0743e-09	-0.357917
1.07436e-09	-0.357811
1.07443e-09	-0.357704
1.07449e-09	-0.357598
1.07456e-09	-0.357491
1.07462e-09	-0.357384
1.07468e-09	-0.357277
1.07475e-09	-0.35717
1.07481e-09	-0.357063
1.07488e-09	-0.356955
1.07494e-09	-0.356848
1.075e-09	-0.35674
1.07507e-09	-0.356632
1.07513e-09	-0.356524
1.0752e-09	-0.356416
1.07526e-09	-0.356308
1.07532e-09	-0.3562
1.07539e-09	-0.356091
1.07545e-09	-0.355983
1.07552e-09	-0.355874
1.07558e-09	-0.355765
1.07564e-09	-0.355656
1.07571e-09	-0.355547
1.07577e-09	-0.355438
1.07584e-09	-0.355329
1.0759e-09	-0.355219
1.07596e-09	-0.355109
1.07603e-09	-0.355
1.07609e-09	-0.35489
1.07616e-09	-0.35478
1.07622e-09	-0.35467
1.07628e-09	-0.35456
1.07635e-09	-0.354449
1.07641e-09	-0.354339
1.07648e-09	-0.354228
1.07654e-09	-0.354117
1.0766e-09	-0.354006
1.07667e-09	-0.353895
1.07673e-09	-0.353784
1.0768e-09	-0.353673
1.07686e-09	-0.353562
1.07692e-09	-0.35345
1.07699e-09	-0.353338
1.07705e-09	-0.353227
1.07712e-09	-0.353115
1.07718e-09	-0.353003
1.07724e-09	-0.352891
1.07731e-09	-0.352778
1.07737e-09	-0.352666
1.07744e-09	-0.352553
1.0775e-09	-0.352441
1.07756e-09	-0.352328
1.07763e-09	-0.352215
1.07769e-09	-0.352102
1.07776e-09	-0.351989
1.07782e-09	-0.351875
1.07788e-09	-0.351762
1.07795e-09	-0.351648
1.07801e-09	-0.351535
1.07808e-09	-0.351421
1.07814e-09	-0.351307
1.0782e-09	-0.351193
1.07827e-09	-0.351078
1.07833e-09	-0.350964
1.0784e-09	-0.35085
1.07846e-09	-0.350735
1.07852e-09	-0.35062
1.07859e-09	-0.350505
1.07865e-09	-0.35039
1.07872e-09	-0.350275
1.07878e-09	-0.35016
1.07884e-09	-0.350045
1.07891e-09	-0.349929
1.07897e-09	-0.349813
1.07904e-09	-0.349698
1.0791e-09	-0.349582
1.07916e-09	-0.349466
1.07923e-09	-0.34935
1.07929e-09	-0.349233
1.07936e-09	-0.349117
1.07942e-09	-0.349
1.07948e-09	-0.348884
1.07955e-09	-0.348767
1.07961e-09	-0.34865
1.07968e-09	-0.348533
1.07974e-09	-0.348416
1.0798e-09	-0.348298
1.07987e-09	-0.348181
1.07993e-09	-0.348063
1.08e-09	-0.347946
1.08006e-09	-0.347828
1.08012e-09	-0.34771
1.08019e-09	-0.347592
1.08025e-09	-0.347474
1.08032e-09	-0.347355
1.08038e-09	-0.347237
1.08044e-09	-0.347118
1.08051e-09	-0.346999
1.08057e-09	-0.346881
1.08064e-09	-0.346762
1.0807e-09	-0.346642
1.08076e-09	-0.346523
1.08083e-09	-0.346404
1.08089e-09	-0.346284
1.08096e-09	-0.346165
1.08102e-09	-0.346045
1.08108e-09	-0.345925
1.08115e-09	-0.345805
1.08121e-09	-0.345685
1.08128e-09	-0.345565
1.08134e-09	-0.345444
1.0814e-09	-0.345324
1.08147e-09	-0.345203
1.08153e-09	-0.345082
1.0816e-09	-0.344961
1.08166e-09	-0.34484
1.08172e-09	-0.344719
1.08179e-09	-0.344598
1.08185e-09	-0.344476
1.08192e-09	-0.344355
1.08198e-09	-0.344233
1.08204e-09	-0.344111
1.08211e-09	-0.343989
1.08217e-09	-0.343867
1.08224e-09	-0.343745
1.0823e-09	-0.343622
1.08236e-09	-0.3435
1.08243e-09	-0.343377
1.08249e-09	-0.343255
1.08256e-09	-0.343132
1.08262e-09	-0.343009
1.08268e-09	-0.342886
1.08275e-09	-0.342762
1.08281e-09	-0.342639
1.08288e-09	-0.342515
1.08294e-09	-0.342392
1.083e-09	-0.342268
1.08307e-09	-0.342144
1.08313e-09	-0.34202
1.0832e-09	-0.341896
1.08326e-09	-0.341772
1.08332e-09	-0.341647
1.08339e-09	-0.341523
1.08345e-09	-0.341398
1.08352e-09	-0.341273
1.08358e-09	-0.341148
1.08364e-09	-0.341023
1.08371e-09	-0.340898
1.08377e-09	-0.340773
1.08384e-09	-0.340647
1.0839e-09	-0.340522
1.08396e-09	-0.340396
1.08403e-09	-0.34027
1.08409e-09	-0.340144
1.08416e-09	-0.340018
1.08422e-09	-0.339892
1.08428e-09	-0.339765
1.08435e-09	-0.339639
1.08441e-09	-0.339512
1.08448e-09	-0.339385
1.08454e-09	-0.339258
1.0846e-09	-0.339131
1.08467e-09	-0.339004
1.08473e-09	-0.338877
1.0848e-09	-0.33875
1.08486e-09	-0.338622
1.08492e-09	-0.338494
1.08499e-09	-0.338367
1.08505e-09	-0.338239
1.08512e-09	-0.338111
1.08518e-09	-0.337983
1.08524e-09	-0.337854
1.08531e-09	-0.337726
1.08537e-09	-0.337597
1.08544e-09	-0.337469
1.0855e-09	-0.33734
1.08556e-09	-0.337211
1.08563e-09	-0.337082
1.08569e-09	-0.336952
1.08576e-09	-0.336823
1.08582e-09	-0.336694
1.08588e-09	-0.336564
1.08595e-09	-0.336434
1.08601e-09	-0.336304
1.08608e-09	-0.336174
1.08614e-09	-0.336044
1.0862e-09	-0.335914
1.08627e-09	-0.335784
1.08633e-09	-0.335653
1.0864e-09	-0.335522
1.08646e-09	-0.335392
1.08652e-09	-0.335261
1.08659e-09	-0.33513
1.08665e-09	-0.334999
1.08672e-09	-0.334867
1.08678e-09	-0.334736
1.08684e-09	-0.334604
1.08691e-09	-0.334473
1.08697e-09	-0.334341
1.08704e-09	-0.334209
1.0871e-09	-0.334077
1.08716e-09	-0.333945
1.08723e-09	-0.333812
1.08729e-09	-0.33368
1.08736e-09	-0.333547
1.08742e-09	-0.333414
1.08748e-09	-0.333282
1.08755e-09	-0.333149
1.08761e-09	-0.333015
1.08768e-09	-0.332882
1.08774e-09	-0.332749
1.0878e-09	-0.332615
1.08787e-09	-0.332482
1.08793e-09	-0.332348
1.088e-09	-0.332214
1.08806e-09	-0.33208
1.08812e-09	-0.331946
1.08819e-09	-0.331812
1.08825e-09	-0.331677
1.08832e-09	-0.331543
1.08838e-09	-0.331408
1.08844e-09	-0.331273
1.08851e-09	-0.331138
1.08857e-09	-0.331003
1.08864e-09	-0.330868
1.0887e-09	-0.330733
1.08876e-09	-0.330597
1.08883e-09	-0.330462
1.08889e-09	-0.330326
1.08896e-09	-0.33019
1.08902e-09	-0.330054
1.08908e-09	-0.329918
1.08915e-09	-0.329782
1.08921e-09	-0.329645
1.08928e-09	-0.329509
1.08934e-09	-0.329372
1.0894e-09	-0.329236
1.08947e-09	-0.329099
1.08953e-09	-0.328962
1.0896e-09	-0.328825
1.08966e-09	-0.328687
1.08972e-09	-0.32855
1.08979e-09	-0.328412
1.08985e-09	-0.328275
1.08992e-09	-0.328137
1.08998e-09	-0.327999
1.09004e-09	-0.327861
1.09011e-09	-0.327723
1.09017e-09	-0.327584
1.09024e-09	-0.327446
1.0903e-09	-0.327307
1.09036e-09	-0.327169
1.09043e-09	-0.32703
1.09049e-09	-0.326891
1.09056e-09	-0.326752
1.09062e-09	-0.326613
1.09068e-09	-0.326473
1.09075e-09	-0.326334
1.09081e-09	-0.326194
1.09088e-09	-0.326054
1.09094e-09	-0.325915
1.091e-09	-0.325775
1.09107e-09	-0.325634
1.09113e-09	-0.325494
1.0912e-09	-0.325354
1.09126e-09	-0.325213
1.09132e-09	-0.325073
1.09139e-09	-0.324932
1.09145e-09	-0.324791
1.09152e-09	-0.32465
1.09158e-09	-0.324509
1.09164e-09	-0.324367
1.09171e-09	-0.324226
1.09177e-09	-0.324084
1.09184e-09	-0.323943
1.0919e-09	-0.323801
1.09197e-09	-0.323659
1.09203e-09	-0.323517
1.09209e-09	-0.323375
1.09216e-09	-0.323232
1.09222e-09	-0.32309
1.09229e-09	-0.322947
1.09235e-09	-0.322804
1.09241e-09	-0.322662
1.09248e-09	-0.322519
1.09254e-09	-0.322375
1.09261e-09	-0.322232
1.09267e-09	-0.322089
1.09273e-09	-0.321945
1.0928e-09	-0.321802
1.09286e-09	-0.321658
1.09293e-09	-0.321514
1.09299e-09	-0.32137
1.09305e-09	-0.321226
1.09312e-09	-0.321081
1.09318e-09	-0.320937
1.09325e-09	-0.320792
1.09331e-09	-0.320648
1.09337e-09	-0.320503
1.09344e-09	-0.320358
1.0935e-09	-0.320213
1.09357e-09	-0.320068
1.09363e-09	-0.319922
1.09369e-09	-0.319777
1.09376e-09	-0.319631
1.09382e-09	-0.319486
1.09389e-09	-0.31934
1.09395e-09	-0.319194
1.09401e-09	-0.319048
1.09408e-09	-0.318901
1.09414e-09	-0.318755
1.09421e-09	-0.318609
1.09427e-09	-0.318462
1.09433e-09	-0.318315
1.0944e-09	-0.318168
1.09446e-09	-0.318021
1.09453e-09	-0.317874
1.09459e-09	-0.317727
1.09465e-09	-0.317579
1.09472e-09	-0.317432
1.09478e-09	-0.317284
1.09485e-09	-0.317136
1.09491e-09	-0.316988
1.09497e-09	-0.31684
1.09504e-09	-0.316692
1.0951e-09	-0.316544
1.09517e-09	-0.316395
1.09523e-09	-0.316247
1.09529e-09	-0.316098
1.09536e-09	-0.315949
1.09542e-09	-0.3158
1.09549e-09	-0.315651
1.09555e-09	-0.315502
1.09561e-09	-0.315352
1.09568e-09	-0.315203
1.09574e-09	-0.315053
1.09581e-09	-0.314904
1.09587e-09	-0.314754
1.09593e-09	-0.314604
1.096e-09	-0.314453
1.09606e-09	-0.314303
1.09613e-09	-0.314153
1.09619e-09	-0.314002
1.09625e-09	-0.313852
1.09632e-09	-0.313701
1.09638e-09	-0.31355
1.09645e-09	-0.313399
1.09651e-09	-0.313248
1.09657e-09	-0.313096
1.09664e-09	-0.312945
1.0967e-09	-0.312793
1.09677e-09	-0.312641
1.09683e-09	-0.31249
1.09689e-09	-0.312338
1.09696e-09	-0.312186
1.09702e-09	-0.312033
1.09709e-09	-0.311881
1.09715e-09	-0.311728
1.09721e-09	-0.311576
1.09728e-09	-0.311423
1.09734e-09	-0.31127
1.09741e-09	-0.311117
1.09747e-09	-0.310964
1.09753e-09	-0.310811
1.0976e-09	-0.310657
1.09766e-09	-0.310504
1.09773e-09	-0.31035
1.09779e-09	-0.310196
1.09785e-09	-0.310042
1.09792e-09	-0.309888
1.09798e-09	-0.309734
1.09805e-09	-0.30958
1.09811e-09	-0.309425
1.09817e-09	-0.309271
1.09824e-09	-0.309116
1.0983e-09	-0.308961
1.09837e-09	-0.308806
1.09843e-09	-0.308651
1.09849e-09	-0.308496
1.09856e-09	-0.308341
1.09862e-09	-0.308185
1.09869e-09	-0.30803
1.09875e-09	-0.307874
1.09881e-09	-0.307718
1.09888e-09	-0.307562
1.09894e-09	-0.307406
1.09901e-09	-0.30725
1.09907e-09	-0.307093
1.09913e-09	-0.306937
1.0992e-09	-0.30678
1.09926e-09	-0.306623
1.09933e-09	-0.306466
1.09939e-09	-0.306309
1.09945e-09	-0.306152
1.09952e-09	-0.305995
1.09958e-09	-0.305837
1.09965e-09	-0.30568
1.09971e-09	-0.305522
1.09977e-09	-0.305364
1.09984e-09	-0.305206
1.0999e-09	-0.305048
1.09997e-09	-0.30489
1.10003e-09	-0.304732
1.10009e-09	-0.304573
1.10016e-09	-0.304414
1.10022e-09	-0.304256
1.10029e-09	-0.304097
1.10035e-09	-0.303938
1.10041e-09	-0.303779
1.10048e-09	-0.30362
1.10054e-09	-0.30346
1.10061e-09	-0.303301
1.10067e-09	-0.303141
1.10073e-09	-0.302981
1.1008e-09	-0.302821
1.10086e-09	-0.302661
1.10093e-09	-0.302501
1.10099e-09	-0.302341
1.10105e-09	-0.30218
1.10112e-09	-0.30202
1.10118e-09	-0.301859
1.10125e-09	-0.301698
1.10131e-09	-0.301537
1.10137e-09	-0.301376
1.10144e-09	-0.301215
1.1015e-09	-0.301054
1.10157e-09	-0.300892
1.10163e-09	-0.300731
1.10169e-09	-0.300569
1.10176e-09	-0.300407
1.10182e-09	-0.300245
1.10189e-09	-0.300083
1.10195e-09	-0.299921
1.10201e-09	-0.299758
1.10208e-09	-0.299596
1.10214e-09	-0.299433
1.10221e-09	-0.29927
1.10227e-09	-0.299108
1.10233e-09	-0.298945
1.1024e-09	-0.298781
1.10246e-09	-0.298618
1.10253e-09	-0.298455
1.10259e-09	-0.298291
1.10265e-09	-0.298127
1.10272e-09	-0.297964
1.10278e-09	-0.2978
1.10285e-09	-0.297636
1.10291e-09	-0.297471
1.10297e-09	-0.297307
1.10304e-09	-0.297143
1.1031e-09	-0.296978
1.10317e-09	-0.296813
1.10323e-09	-0.296649
1.10329e-09	-0.296484
1.10336e-09	-0.296319
1.10342e-09	-0.296153
1.10349e-09	-0.295988
1.10355e-09	-0.295822
1.10361e-09	-0.295657
1.10368e-09	-0.295491
1.10374e-09	-0.295325
1.10381e-09	-0.295159
1.10387e-09	-0.294993
1.10393e-09	-0.294827
1.104e-09	-0.29466
1.10406e-09	-0.294494
1.10413e-09	-0.294327
1.10419e-09	-0.29416
1.10425e-09	-0.293994
1.10432e-09	-0.293826
1.10438e-09	-0.293659
1.10445e-09	-0.293492
1.10451e-09	-0.293325
1.10457e-09	-0.293157
1.10464e-09	-0.292989
1.1047e-09	-0.292821
1.10477e-09	-0.292654
1.10483e-09	-0.292485
1.10489e-09	-0.292317
1.10496e-09	-0.292149
1.10502e-09	-0.29198
1.10509e-09	-0.291812
1.10515e-09	-0.291643
1.10521e-09	-0.291474
1.10528e-09	-0.291305
1.10534e-09	-0.291136
1.10541e-09	-0.290967
1.10547e-09	-0.290797
1.10553e-09	-0.290628
1.1056e-09	-0.290458
1.10566e-09	-0.290289
1.10573e-09	-0.290119
1.10579e-09	-0.289949
1.10585e-09	-0.289779
1.10592e-09	-0.289608
1.10598e-09	-0.289438
1.10605e-09	-0.289267
1.10611e-09	-0.289097
1.10617e-09	-0.288926
1.10624e-09	-0.288755
1.1063e-09	-0.288584
1.10637e-09	-0.288413
1.10643e-09	-0.288241
1.10649e-09	-0.28807
1.10656e-09	-0.287898
1.10662e-09	-0.287727
1.10669e-09	-0.287555
1.10675e-09	-0.287383
1.10681e-09	-0.287211
1.10688e-09	-0.287038
1.10694e-09	-0.286866
1.10701e-09	-0.286694
1.10707e-09	-0.286521
1.10713e-09	-0.286348
1.1072e-09	-0.286175
1.10726e-09	-0.286002
1.10733e-09	-0.285829
1.10739e-09	-0.285656
1.10745e-09	-0.285483
1.10752e-09	-0.285309
1.10758e-09	-0.285135
1.10765e-09	-0.284962
1.10771e-09	-0.284788
1.10777e-09	-0.284614
1.10784e-09	-0.28444
1.1079e-09	-0.284265
1.10797e-09	-0.284091
1.10803e-09	-0.283916
1.10809e-09	-0.283742
1.10816e-09	-0.283567
1.10822e-09	-0.283392
1.10829e-09	-0.283217
1.10835e-09	-0.283042
1.10841e-09	-0.282866
1.10848e-09	-0.282691
1.10854e-09	-0.282515
1.10861e-09	-0.282339
1.10867e-09	-0.282164
1.10873e-09	-0.281988
1.1088e-09	-0.281812
1.10886e-09	-0.281635
1.10893e-09	-0.281459
1.10899e-09	-0.281283
1.10905e-09	-0.281106
1.10912e-09	-0.280929
1.10918e-09	-0.280752
1.10925e-09	-0.280575
1.10931e-09	-0.280398
1.10938e-09	-0.280221
1.10944e-09	-0.280043
1.1095e-09	-0.279866
1.10957e-09	-0.279688
1.10963e-09	-0.279511
1.1097e-09	-0.279333
1.10976e-09	-0.279155
1.10982e-09	-0.278976
1.10989e-09	-0.278798
1.10995e-09	-0.27862
1.11002e-09	-0.278441
1.11008e-09	-0.278262
1.11014e-09	-0.278084
1.11021e-09	-0.277905
1.11027e-09	-0.277726
1.11034e-09	-0.277546
1.1104e-09	-0.277367
1.11046e-09	-0.277188
1.11053e-09	-0.277008
1.11059e-09	-0.276828
1.11066e-09	-0.276649
1.11072e-09	-0.276469
1.11078e-09	-0.276289
1.11085e-09	-0.276108
1.11091e-09	-0.275928
1.11098e-09	-0.275747
1.11104e-09	-0.275567
1.1111e-09	-0.275386
1.11117e-09	-0.275205
1.11123e-09	-0.275024
1.1113e-09	-0.274843
1.11136e-09	-0.274662
1.11142e-09	-0.27448
1.11149e-09	-0.274299
1.11155e-09	-0.274117
1.11162e-09	-0.273936
1.11168e-09	-0.273754
1.11174e-09	-0.273572
1.11181e-09	-0.273389
1.11187e-09	-0.273207
1.11194e-09	-0.273025
1.112e-09	-0.272842
1.11206e-09	-0.27266
1.11213e-09	-0.272477
1.11219e-09	-0.272294
1.11226e-09	-0.272111
1.11232e-09	-0.271928
1.11238e-09	-0.271744
1.11245e-09	-0.271561
1.11251e-09	-0.271377
1.11258e-09	-0.271194
1.11264e-09	-0.27101
1.1127e-09	-0.270826
1.11277e-09	-0.270642
1.11283e-09	-0.270458
1.1129e-09	-0.270273
1.11296e-09	-0.270089
1.11302e-09	-0.269904
1.11309e-09	-0.269719
1.11315e-09	-0.269535
1.11322e-09	-0.26935
1.11328e-09	-0.269165
1.11334e-09	-0.268979
1.11341e-09	-0.268794
1.11347e-09	-0.268608
1.11354e-09	-0.268423
1.1136e-09	-0.268237
1.11366e-09	-0.268051
1.11373e-09	-0.267865
1.11379e-09	-0.267679
1.11386e-09	-0.267493
1.11392e-09	-0.267306
1.11398e-09	-0.26712
1.11405e-09	-0.266933
1.11411e-09	-0.266746
1.11418e-09	-0.26656
1.11424e-09	-0.266373
1.1143e-09	-0.266185
1.11437e-09	-0.265998
1.11443e-09	-0.265811
1.1145e-09	-0.265623
1.11456e-09	-0.265436
1.11462e-09	-0.265248
1.11469e-09	-0.26506
1.11475e-09	-0.264872
1.11482e-09	-0.264684
1.11488e-09	-0.264495
1.11494e-09	-0.264307
1.11501e-09	-0.264118
1.11507e-09	-0.26393
1.11514e-09	-0.263741
1.1152e-09	-0.263552
1.11526e-09	-0.263363
1.11533e-09	-0.263174
1.11539e-09	-0.262984
1.11546e-09	-0.262795
1.11552e-09	-0.262605
1.11558e-09	-0.262415
1.11565e-09	-0.262226
1.11571e-09	-0.262036
1.11578e-09	-0.261846
1.11584e-09	-0.261655
1.1159e-09	-0.261465
1.11597e-09	-0.261274
1.11603e-09	-0.261084
1.1161e-09	-0.260893
1.11616e-09	-0.260702
1.11622e-09	-0.260511
1.11629e-09	-0.26032
1.11635e-09	-0.260129
1.11642e-09	-0.259938
1.11648e-09	-0.259746
1.11654e-09	-0.259554
1.11661e-09	-0.259363
1.11667e-09	-0.259171
1.11674e-09	-0.258979
1.1168e-09	-0.258787
1.11686e-09	-0.258594
1.11693e-09	-0.258402
1.11699e-09	-0.258209
1.11706e-09	-0.258017
1.11712e-09	-0.257824
1.11718e-09	-0.257631
1.11725e-09	-0.257438
1.11731e-09	-0.257245
1.11738e-09	-0.257052
1.11744e-09	-0.256858
1.1175e-09	-0.256665
1.11757e-09	-0.256471
1.11763e-09	-0.256277
1.1177e-09	-0.256083
1.11776e-09	-0.255889
1.11782e-09	-0.255695
1.11789e-09	-0.255501
1.11795e-09	-0.255306
1.11802e-09	-0.255112
1.11808e-09	-0.254917
1.11814e-09	-0.254722
1.11821e-09	-0.254527
1.11827e-09	-0.254332
1.11834e-09	-0.254137
1.1184e-09	-0.253942
1.11846e-09	-0.253746
1.11853e-09	-0.253551
1.11859e-09	-0.253355
1.11866e-09	-0.253159
1.11872e-09	-0.252963
1.11878e-09	-0.252767
1.11885e-09	-0.252571
1.11891e-09	-0.252375
1.11898e-09	-0.252178
1.11904e-09	-0.251982
1.1191e-09	-0.251785
1.11917e-09	-0.251588
1.11923e-09	-0.251391
1.1193e-09	-0.251194
1.11936e-09	-0.250997
1.11942e-09	-0.2508
1.11949e-09	-0.250602
1.11955e-09	-0.250404
1.11962e-09	-0.250207
1.11968e-09	-0.250009
1.11974e-09	-0.249811
1.11981e-09	-0.249613
1.11987e-09	-0.249415
1.11994e-09	-0.249216
1.12e-09	-0.249018
1.12006e-09	-0.248819
1.12013e-09	-0.24862
1.12019e-09	-0.248422
1.12026e-09	-0.248223
1.12032e-09	-0.248023
1.12038e-09	-0.247824
1.12045e-09	-0.247625
1.12051e-09	-0.247425
1.12058e-09	-0.247226
1.12064e-09	-0.247026
1.1207e-09	-0.246826
1.12077e-09	-0.246626
1.12083e-09	-0.246426
1.1209e-09	-0.246226
1.12096e-09	-0.246025
1.12102e-09	-0.245825
1.12109e-09	-0.245624
1.12115e-09	-0.245423
1.12122e-09	-0.245222
1.12128e-09	-0.245021
1.12134e-09	-0.24482
1.12141e-09	-0.244619
1.12147e-09	-0.244418
1.12154e-09	-0.244216
1.1216e-09	-0.244014
1.12166e-09	-0.243813
1.12173e-09	-0.243611
1.12179e-09	-0.243409
1.12186e-09	-0.243207
1.12192e-09	-0.243004
1.12198e-09	-0.242802
1.12205e-09	-0.242599
1.12211e-09	-0.242397
1.12218e-09	-0.242194
1.12224e-09	-0.241991
1.1223e-09	-0.241788
1.12237e-09	-0.241585
1.12243e-09	-0.241382
1.1225e-09	-0.241178
1.12256e-09	-0.240975
1.12262e-09	-0.240771
1.12269e-09	-0.240567
1.12275e-09	-0.240363
1.12282e-09	-0.240159
1.12288e-09	-0.239955
1.12294e-09	-0.239751
1.12301e-09	-0.239546
1.12307e-09	-0.239342
1.12314e-09	-0.239137
1.1232e-09	-0.238932
1.12326e-09	-0.238728
1.12333e-09	-0.238522
1.12339e-09	-0.238317
1.12346e-09	-0.238112
1.12352e-09	-0.237907
1.12358e-09	-0.237701
1.12365e-09	-0.237495
1.12371e-09	-0.23729
1.12378e-09	-0.237084
1.12384e-09	-0.236878
1.1239e-09	-0.236671
1.12397e-09	-0.236465
1.12403e-09	-0.236259
1.1241e-09	-0.236052
1.12416e-09	-0.235846
1.12422e-09	-0.235639
1.12429e-09	-0.235432
1.12435e-09	-0.235225
1.12442e-09	-0.235018
1.12448e-09	-0.23481
1.12454e-09	-0.234603
1.12461e-09	-0.234395
1.12467e-09	-0.234188
1.12474e-09	-0.23398
1.1248e-09	-0.233772
1.12486e-09	-0.233564
1.12493e-09	-0.233356
1.12499e-09	-0.233147
1.12506e-09	-0.232939
1.12512e-09	-0.23273
1.12518e-09	-0.232522
1.12525e-09	-0.232313
1.12531e-09	-0.232104
1.12538e-09	-0.231895
1.12544e-09	-0.231686
1.1255e-09	-0.231477
1.12557e-09	-0.231267
1.12563e-09	-0.231058
1.1257e-09	-0.230848
1.12576e-09	-0.230638
1.12582e-09	-0.230428
1.12589e-09	-0.230218
1.12595e-09	-0.230008
1.12602e-09	-0.229798
1.12608e-09	-0.229587
1.12614e-09	-0.229377
1.12621e-09	-0.229166
1.12627e-09	-0.228955
1.12634e-09	-0.228744
1.1264e-09	-0.228533
1.12646e-09	-0.228322
1.12653e-09	-0.228111
1.12659e-09	-0.227899
1.12666e-09	-0.227688
1.12672e-09	-0.227476
1.12679e-09	-0.227264
1.12685e-09	-0.227052
1.12691e-09	-0.22684
1.12698e-09	-0.226628
1.12704e-09	-0.226416
1.12711e-09	-0.226204
1.12717e-09	-0.225991
1.12723e-09	-0.225778
1.1273e-09	-0.225566
1.12736e-09	-0.225353
1.12743e-09	-0.22514
1.12749e-09	-0.224927
1.12755e-09	-0.224713
1.12762e-09	-0.2245
1.12768e-09	-0.224286
1.12775e-09	-0.224073
1.12781e-09	-0.223859
1.12787e-09	-0.223645
1.12794e-09	-0.223431
1.128e-09	-0.223217
1.12807e-09	-0.223003
1.12813e-09	-0.222788
1.12819e-09	-0.222574
1.12826e-09	-0.222359
1.12832e-09	-0.222144
1.12839e-09	-0.221929
1.12845e-09	-0.221714
1.12851e-09	-0.221499
1.12858e-09	-0.221284
1.12864e-09	-0.221069
1.12871e-09	-0.220853
1.12877e-09	-0.220637
1.12883e-09	-0.220422
1.1289e-09	-0.220206
1.12896e-09	-0.21999
1.12903e-09	-0.219774
1.12909e-09	-0.219557
1.12915e-09	-0.219341
1.12922e-09	-0.219125
1.12928e-09	-0.218908
1.12935e-09	-0.218691
1.12941e-09	-0.218474
1.12947e-09	-0.218257
1.12954e-09	-0.21804
1.1296e-09	-0.217823
1.12967e-09	-0.217606
1.12973e-09	-0.217388
1.12979e-09	-0.21717
1.12986e-09	-0.216953
1.12992e-09	-0.216735
1.12999e-09	-0.216517
1.13005e-09	-0.216299
1.13011e-09	-0.216081
1.13018e-09	-0.215862
1.13024e-09	-0.215644
1.13031e-09	-0.215425
1.13037e-09	-0.215207
1.13043e-09	-0.214988
1.1305e-09	-0.214769
1.13056e-09	-0.21455
1.13063e-09	-0.21433
1.13069e-09	-0.214111
1.13075e-09	-0.213892
1.13082e-09	-0.213672
1.13088e-09	-0.213452
1.13095e-09	-0.213233
1.13101e-09	-0.213013
1.13107e-09	-0.212793
1.13114e-09	-0.212572
1.1312e-09	-0.212352
1.13127e-09	-0.212132
1.13133e-09	-0.211911
1.13139e-09	-0.21169
1.13146e-09	-0.21147
1.13152e-09	-0.211249
1.13159e-09	-0.211028
1.13165e-09	-0.210806
1.13171e-09	-0.210585
1.13178e-09	-0.210364
1.13184e-09	-0.210142
1.13191e-09	-0.209921
1.13197e-09	-0.209699
1.13203e-09	-0.209477
1.1321e-09	-0.209255
1.13216e-09	-0.209033
1.13223e-09	-0.20881
1.13229e-09	-0.208588
1.13235e-09	-0.208366
1.13242e-09	-0.208143
1.13248e-09	-0.20792
1.13255e-09	-0.207697
1.13261e-09	-0.207474
1.13267e-09	-0.207251
1.13274e-09	-0.207028
1.1328e-09	-0.206805
1.13287e-09	-0.206581
1.13293e-09	-0.206357
1.13299e-09	-0.206134
1.13306e-09	-0.20591
1.13312e-09	-0.205686
1.13319e-09	-0.205462
1.13325e-09	-0.205238
1.13331e-09	-0.205013
1.13338e-09	-0.204789
1.13344e-09	-0.204564
1.13351e-09	-0.204339
1.13357e-09	-0.204115
1.13363e-09	-0.20389
1.1337e-09	-0.203665
1.13376e-09	-0.203439
1.13383e-09	-0.203214
1.13389e-09	-0.202989
1.13395e-09	-0.202763
1.13402e-09	-0.202537
1.13408e-09	-0.202312
1.13415e-09	-0.202086
1.13421e-09	-0.20186
1.13427e-09	-0.201633
1.13434e-09	-0.201407
1.1344e-09	-0.201181
1.13447e-09	-0.200954
1.13453e-09	-0.200728
1.13459e-09	-0.200501
1.13466e-09	-0.200274
1.13472e-09	-0.200047
1.13479e-09	-0.19982
1.13485e-09	-0.199593
1.13491e-09	-0.199365
1.13498e-09	-0.199138
1.13504e-09	-0.19891
1.13511e-09	-0.198682
1.13517e-09	-0.198454
1.13523e-09	-0.198227
1.1353e-09	-0.197998
1.13536e-09	-0.19777
1.13543e-09	-0.197542
1.13549e-09	-0.197313
1.13555e-09	-0.197085
1.13562e-09	-0.196856
1.13568e-09	-0.196627
1.13575e-09	-0.196398
1.13581e-09	-0.196169
1.13587e-09	-0.19594
1.13594e-09	-0.195711
1.136e-09	-0.195481
1.13607e-09	-0.195252
1.13613e-09	-0.195022
1.13619e-09	-0.194792
1.13626e-09	-0.194562
1.13632e-09	-0.194332
1.13639e-09	-0.194102
1.13645e-09	-0.193872
1.13651e-09	-0.193642
1.13658e-09	-0.193411
1.13664e-09	-0.19318
1.13671e-09	-0.19295
1.13677e-09	-0.192719
1.13683e-09	-0.192488
1.1369e-09	-0.192257
1.13696e-09	-0.192025
1.13703e-09	-0.191794
1.13709e-09	-0.191563
1.13715e-09	-0.191331
1.13722e-09	-0.191099
1.13728e-09	-0.190868
1.13735e-09	-0.190636
1.13741e-09	-0.190404
1.13747e-09	-0.190171
1.13754e-09	-0.189939
1.1376e-09	-0.189707
1.13767e-09	-0.189474
1.13773e-09	-0.189241
1.13779e-09	-0.189009
1.13786e-09	-0.188776
1.13792e-09	-0.188543
1.13799e-09	-0.18831
1.13805e-09	-0.188076
1.13811e-09	-0.187843
1.13818e-09	-0.187609
1.13824e-09	-0.187376
1.13831e-09	-0.187142
1.13837e-09	-0.186908
1.13843e-09	-0.186674
1.1385e-09	-0.18644
1.13856e-09	-0.186206
1.13863e-09	-0.185971
1.13869e-09	-0.185737
1.13875e-09	-0.185502
1.13882e-09	-0.185268
1.13888e-09	-0.185033
1.13895e-09	-0.184798
1.13901e-09	-0.184563
1.13907e-09	-0.184328
1.13914e-09	-0.184092
1.1392e-09	-0.183857
1.13927e-09	-0.183622
1.13933e-09	-0.183386
1.13939e-09	-0.18315
1.13946e-09	-0.182914
1.13952e-09	-0.182678
1.13959e-09	-0.182442
1.13965e-09	-0.182206
1.13971e-09	-0.18197
1.13978e-09	-0.181733
1.13984e-09	-0.181496
1.13991e-09	-0.18126
1.13997e-09	-0.181023
1.14003e-09	-0.180786
1.1401e-09	-0.180549
1.14016e-09	-0.180312
1.14023e-09	-0.180074
1.14029e-09	-0.179837
1.14035e-09	-0.179599
1.14042e-09	-0.179362
1.14048e-09	-0.179124
1.14055e-09	-0.178886
1.14061e-09	-0.178648
1.14067e-09	-0.17841
1.14074e-09	-0.178172
1.1408e-09	-0.177933
1.14087e-09	-0.177695
1.14093e-09	-0.177456
1.14099e-09	-0.177217
1.14106e-09	-0.176979
1.14112e-09	-0.17674
1.14119e-09	-0.176501
1.14125e-09	-0.176261
1.14131e-09	-0.176022
1.14138e-09	-0.175783
1.14144e-09	-0.175543
1.14151e-09	-0.175303
1.14157e-09	-0.175064
1.14163e-09	-0.174824
1.1417e-09	-0.174584
1.14176e-09	-0.174344
1.14183e-09	-0.174103
1.14189e-09	-0.173863
1.14195e-09	-0.173622
1.14202e-09	-0.173382
1.14208e-09	-0.173141
1.14215e-09	-0.1729
1.14221e-09	-0.172659
1.14227e-09	-0.172418
1.14234e-09	-0.172177
1.1424e-09	-0.171936
1.14247e-09	-0.171694
1.14253e-09	-0.171453
1.14259e-09	-0.171211
1.14266e-09	-0.170969
1.14272e-09	-0.170727
1.14279e-09	-0.170485
1.14285e-09	-0.170243
1.14291e-09	-0.170001
1.14298e-09	-0.169759
1.14304e-09	-0.169516
1.14311e-09	-0.169273
1.14317e-09	-0.169031
1.14323e-09	-0.168788
1.1433e-09	-0.168545
1.14336e-09	-0.168302
1.14343e-09	-0.168059
1.14349e-09	-0.167815
1.14355e-09	-0.167572
1.14362e-09	-0.167329
1.14368e-09	-0.167085
1.14375e-09	-0.166841
1.14381e-09	-0.166597
1.14387e-09	-0.166353
1.14394e-09	-0.166109
1.144e-09	-0.165865
1.14407e-09	-0.165621
1.14413e-09	-0.165376
1.1442e-09	-0.165131
1.14426e-09	-0.164887
1.14432e-09	-0.164642
1.14439e-09	-0.164397
1.14445e-09	-0.164152
1.14452e-09	-0.163907
1.14458e-09	-0.163662
1.14464e-09	-0.163416
1.14471e-09	-0.163171
1.14477e-09	-0.162925
1.14484e-09	-0.162679
1.1449e-09	-0.162433
1.14496e-09	-0.162187
1.14503e-09	-0.161941
1.14509e-09	-0.161695
1.14516e-09	-0.161449
1.14522e-09	-0.161202
1.14528e-09	-0.160956
1.14535e-09	-0.160709
1.14541e-09	-0.160462
1.14548e-09	-0.160216
1.14554e-09	-0.159969
1.1456e-09	-0.159721
1.14567e-09	-0.159474
1.14573e-09	-0.159227
1.1458e-09	-0.158979
1.14586e-09	-0.158732
1.14592e-09	-0.158484
1.14599e-09	-0.158236
1.14605e-09	-0.157988
1.14612e-09	-0.15774
1.14618e-09	-0.157492
1.14624e-09	-0.157244
1.14631e-09	-0.156995
1.14637e-09	-0.156747
1.14644e-09	-0.156498
1.1465e-09	-0.15625
1.14656e-09	-0.156001
1.14663e-09	-0.155752
1.14669e-09	-0.155503
1.14676e-09	-0.155253
1.14682e-09	-0.155004
1.14688e-09	-0.154755
1.14695e-09	-0.154505
1.14701e-09	-0.154255
1.14708e-09	-0.154006
1.14714e-09	-0.153756
1.1472e-09	-0.153506
1.14727e-09	-0.153256
1.14733e-09	-0.153006
1.1474e-09	-0.152755
1.14746e-09	-0.152505
1.14752e-09	-0.152254
1.14759e-09	-0.152003
1.14765e-09	-0.151753
1.14772e-09	-0.151502
1.14778e-09	-0.151251
1.14784e-09	-0.151
1.14791e-09	-0.150748
1.14797e-09	-0.150497
1.14804e-09	-0.150245
1.1481e-09	-0.149994
1.14816e-09	-0.149742
1.14823e-09	-0.14949
1.14829e-09	-0.149238
1.14836e-09	-0.148986
1.14842e-09	-0.148734
1.14848e-09	-0.148482
1.14855e-09	-0.14823
1.14861e-09	-0.147977
1.14868e-09	-0.147724
1.14874e-09	-0.147472
1.1488e-09	-0.147219
1.14887e-09	-0.146966
1.14893e-09	-0.146713
1.149e-09	-0.14646
1.14906e-09	-0.146206
1.14912e-09	-0.145953
1.14919e-09	-0.145699
1.14925e-09	-0.145446
1.14932e-09	-0.145192
1.14938e-09	-0.144938
1.14944e-09	-0.144684
1.14951e-09	-0.14443
1.14957e-09	-0.144176
1.14964e-09	-0.143922
1.1497e-09	-0.143667
1.14976e-09	-0.143413
1.14983e-09	-0.143158
1.14989e-09	-0.142903
1.14996e-09	-0.142648
1.15002e-09	-0.142393
1.15008e-09	-0.142138
1.15015e-09	-0.141883
1.15021e-09	-0.141628
1.15028e-09	-0.141372
1.15034e-09	-0.141117
1.1504e-09	-0.140861
1.15047e-09	-0.140605
1.15053e-09	-0.140349
1.1506e-09	-0.140093
1.15066e-09	-0.139837
1.15072e-09	-0.139581
1.15079e-09	-0.139325
1.15085e-09	-0.139068
1.15092e-09	-0.138812
1.15098e-09	-0.138555
1.15104e-09	-0.138298
1.15111e-09	-0.138041
1.15117e-09	-0.137784
1.15124e-09	-0.137527
1.1513e-09	-0.13727
1.15136e-09	-0.137012
1.15143e-09	-0.136755
1.15149e-09	-0.136497
1.15156e-09	-0.13624
1.15162e-09	-0.135982
1.15168e-09	-0.135724
1.15175e-09	-0.135466
1.15181e-09	-0.135208
1.15188e-09	-0.13495
1.15194e-09	-0.134691
1.152e-09	-0.134433
1.15207e-09	-0.134174
1.15213e-09	-0.133916
1.1522e-09	-0.133657
1.15226e-09	-0.133398
1.15232e-09	-0.133139
1.15239e-09	-0.13288
1.15245e-09	-0.13262
1.15252e-09	-0.132361
1.15258e-09	-0.132102
1.15264e-09	-0.131842
1.15271e-09	-0.131582
1.15277e-09	-0.131323
1.15284e-09	-0.131063
1.1529e-09	-0.130803
1.15296e-09	-0.130543
1.15303e-09	-0.130282
1.15309e-09	-0.130022
1.15316e-09	-0.129761
1.15322e-09	-0.129501
1.15328e-09	-0.12924
1.15335e-09	-0.128979
1.15341e-09	-0.128718
1.15348e-09	-0.128457
1.15354e-09	-0.128196
1.1536e-09	-0.127935
1.15367e-09	-0.127674
1.15373e-09	-0.127412
1.1538e-09	-0.127151
1.15386e-09	-0.126889
1.15392e-09	-0.126627
1.15399e-09	-0.126365
1.15405e-09	-0.126103
1.15412e-09	-0.125841
1.15418e-09	-0.125579
1.15424e-09	-0.125317
1.15431e-09	-0.125054
1.15437e-09	-0.124792
1.15444e-09	-0.124529
1.1545e-09	-0.124266
1.15456e-09	-0.124003
1.15463e-09	-0.12374
1.15469e-09	-0.123477
1.15476e-09	-0.123214
1.15482e-09	-0.122951
1.15488e-09	-0.122687
1.15495e-09	-0.122424
1.15501e-09	-0.12216
1.15508e-09	-0.121896
1.15514e-09	-0.121633
1.1552e-09	-0.121369
1.15527e-09	-0.121104
1.15533e-09	-0.12084
1.1554e-09	-0.120576
1.15546e-09	-0.120312
1.15552e-09	-0.120047
1.15559e-09	-0.119782
1.15565e-09	-0.119518
1.15572e-09	-0.119253
1.15578e-09	-0.118988
1.15584e-09	-0.118723
1.15591e-09	-0.118458
1.15597e-09	-0.118192
1.15604e-09	-0.117927
1.1561e-09	-0.117661
1.15616e-09	-0.117396
1.15623e-09	-0.11713
1.15629e-09	-0.116864
1.15636e-09	-0.116598
1.15642e-09	-0.116332
1.15648e-09	-0.116066
1.15655e-09	-0.1158
1.15661e-09	-0.115533
1.15668e-09	-0.115267
1.15674e-09	-0.115
1.1568e-09	-0.114734
1.15687e-09	-0.114467
1.15693e-09	-0.1142
1.157e-09	-0.113933
1.15706e-09	-0.113666
1.15712e-09	-0.113399
1.15719e-09	-0.113131
1.15725e-09	-0.112864
1.15732e-09	-0.112596
1.15738e-09	-0.112329
1.15744e-09	-0.112061
1.15751e-09	-0.111793
1.15757e-09	-0.111525
1.15764e-09	-0.111257
1.1577e-09	-0.110989
1.15776e-09	-0.11072
1.15783e-09	-0.110452
1.15789e-09	-0.110183
1.15796e-09	-0.109915
1.15802e-09	-0.109646
1.15808e-09	-0.109377
1.15815e-09	-0.109108
1.15821e-09	-0.108839
1.15828e-09	-0.10857
1.15834e-09	-0.108301
1.1584e-09	-0.108031
1.15847e-09	-0.107762
1.15853e-09	-0.107492
1.1586e-09	-0.107223
1.15866e-09	-0.106953
1.15872e-09	-0.106683
1.15879e-09	-0.106413
1.15885e-09	-0.106143
1.15892e-09	-0.105873
1.15898e-09	-0.105602
1.15904e-09	-0.105332
1.15911e-09	-0.105061
1.15917e-09	-0.104791
1.15924e-09	-0.10452
1.1593e-09	-0.104249
1.15936e-09	-0.103978
1.15943e-09	-0.103707
1.15949e-09	-0.103436
1.15956e-09	-0.103164
1.15962e-09	-0.102893
1.15968e-09	-0.102622
1.15975e-09	-0.10235
1.15981e-09	-0.102078
1.15988e-09	-0.101806
1.15994e-09	-0.101534
1.16e-09	-0.101262
1.16007e-09	-0.10099
1.16013e-09	-0.100718
1.1602e-09	-0.100446
1.16026e-09	-0.100173
1.16032e-09	-0.0999007
1.16039e-09	-0.099628
1.16045e-09	-0.0993552
1.16052e-09	-0.0990823
1.16058e-09	-0.0988094
1.16064e-09	-0.0985363
1.16071e-09	-0.0982631
1.16077e-09	-0.0979898
1.16084e-09	-0.0977164
1.1609e-09	-0.0974429
1.16096e-09	-0.0971693
1.16103e-09	-0.0968955
1.16109e-09	-0.0966217
1.16116e-09	-0.0963478
1.16122e-09	-0.0960738
1.16128e-09	-0.0957996
1.16135e-09	-0.0955254
1.16141e-09	-0.095251
1.16148e-09	-0.0949766
1.16154e-09	-0.094702
1.16161e-09	-0.0944274
1.16167e-09	-0.0941526
1.16173e-09	-0.0938777
1.1618e-09	-0.0936028
1.16186e-09	-0.0933277
1.16193e-09	-0.0930525
1.16199e-09	-0.0927772
1.16205e-09	-0.0925018
1.16212e-09	-0.0922263
1.16218e-09	-0.0919507
1.16225e-09	-0.091675
1.16231e-09	-0.0913992
1.16237e-09	-0.0911233
1.16244e-09	-0.0908473
1.1625e-09	-0.0905712
1.16257e-09	-0.090295
1.16263e-09	-0.0900186
1.16269e-09	-0.0897422
1.16276e-09	-0.0894657
1.16282e-09	-0.089189
1.16289e-09	-0.0889123
1.16295e-09	-0.0886355
1.16301e-09	-0.0883585
1.16308e-09	-0.0880815
1.16314e-09	-0.0878043
1.16321e-09	-0.0875271
1.16327e-09	-0.0872497
1.16333e-09	-0.0869723
1.1634e-09	-0.0866947
1.16346e-09	-0.086417
1.16353e-09	-0.0861392
1.16359e-09	-0.0858614
1.16365e-09	-0.0855834
1.16372e-09	-0.0853053
1.16378e-09	-0.0850271
1.16385e-09	-0.0847489
1.16391e-09	-0.0844705
1.16397e-09	-0.084192
1.16404e-09	-0.0839134
1.1641e-09	-0.0836347
1.16417e-09	-0.0833559
1.16423e-09	-0.083077
1.16429e-09	-0.082798
1.16436e-09	-0.0825189
1.16442e-09	-0.0822397
1.16449e-09	-0.0819604
1.16455e-09	-0.081681
1.16461e-09	-0.0814015
1.16468e-09	-0.0811218
1.16474e-09	-0.0808421
1.16481e-09	-0.0805623
1.16487e-09	-0.0802824
1.16493e-09	-0.0800024
1.165e-09	-0.0797222
1.16506e-09	-0.079442
1.16513e-09	-0.0791617
1.16519e-09	-0.0788813
1.16525e-09	-0.0786007
1.16532e-09	-0.0783201
1.16538e-09	-0.0780394
1.16545e-09	-0.0777585
1.16551e-09	-0.0774776
1.16557e-09	-0.0771966
1.16564e-09	-0.0769154
1.1657e-09	-0.0766342
1.16577e-09	-0.0763528
1.16583e-09	-0.0760714
1.16589e-09	-0.0757899
1.16596e-09	-0.0755082
1.16602e-09	-0.0752265
1.16609e-09	-0.0749446
1.16615e-09	-0.0746627
1.16621e-09	-0.0743806
1.16628e-09	-0.0740985
1.16634e-09	-0.0738162
1.16641e-09	-0.0735339
1.16647e-09	-0.0732514
1.16653e-09	-0.0729689
1.1666e-09	-0.0726862
1.16666e-09	-0.0724035
1.16673e-09	-0.0721207
1.16679e-09	-0.0718377
1.16685e-09	-0.0715546
1.16692e-09	-0.0712715
1.16698e-09	-0.0709882
1.16705e-09	-0.0707049
1.16711e-09	-0.0704214
1.16717e-09	-0.0701379
1.16724e-09	-0.0698542
1.1673e-09	-0.0695705
1.16737e-09	-0.0692866
1.16743e-09	-0.0690027
1.16749e-09	-0.0687186
1.16756e-09	-0.0684345
1.16762e-09	-0.0681502
1.16769e-09	-0.0678659
1.16775e-09	-0.0675814
1.16781e-09	-0.0672969
1.16788e-09	-0.0670122
1.16794e-09	-0.0667275
1.16801e-09	-0.0664427
1.16807e-09	-0.0661577
1.16813e-09	-0.0658727
1.1682e-09	-0.0655875
1.16826e-09	-0.0653023
1.16833e-09	-0.0650169
1.16839e-09	-0.0647315
1.16845e-09	-0.064446
1.16852e-09	-0.0641603
1.16858e-09	-0.0638746
1.16865e-09	-0.0635887
1.16871e-09	-0.0633028
1.16877e-09	-0.0630168
1.16884e-09	-0.0627306
1.1689e-09	-0.0624444
1.16897e-09	-0.0621581
1.16903e-09	-0.0618717
1.16909e-09	-0.0615851
1.16916e-09	-0.0612985
1.16922e-09	-0.0610118
1.16929e-09	-0.060725
1.16935e-09	-0.0604381
1.16941e-09	-0.060151
1.16948e-09	-0.0598639
1.16954e-09	-0.0595767
1.16961e-09	-0.0592894
1.16967e-09	-0.059002
1.16973e-09	-0.0587145
1.1698e-09	-0.0584269
1.16986e-09	-0.0581392
1.16993e-09	-0.0578514
1.16999e-09	-0.0575635
1.17005e-09	-0.0572755
1.17012e-09	-0.0569874
1.17018e-09	-0.0566992
1.17025e-09	-0.0564109
1.17031e-09	-0.0561226
1.17037e-09	-0.0558341
1.17044e-09	-0.0555455
1.1705e-09	-0.0552568
1.17057e-09	-0.0549681
1.17063e-09	-0.0546792
1.17069e-09	-0.0543902
1.17076e-09	-0.0541012
1.17082e-09	-0.053812
1.17089e-09	-0.0535228
1.17095e-09	-0.0532334
1.17101e-09	-0.052944
1.17108e-09	-0.0526544
1.17114e-09	-0.0523648
1.17121e-09	-0.052075
1.17127e-09	-0.0517852
1.17133e-09	-0.0514953
1.1714e-09	-0.0512052
1.17146e-09	-0.0509151
1.17153e-09	-0.0506249
1.17159e-09	-0.0503346
1.17165e-09	-0.0500442
1.17172e-09	-0.0497537
1.17178e-09	-0.0494631
1.17185e-09	-0.0491724
1.17191e-09	-0.0488816
1.17197e-09	-0.0485907
1.17204e-09	-0.0482997
1.1721e-09	-0.0480086
1.17217e-09	-0.0477174
1.17223e-09	-0.0474262
1.17229e-09	-0.0471348
1.17236e-09	-0.0468433
1.17242e-09	-0.0465518
1.17249e-09	-0.0462601
1.17255e-09	-0.0459684
1.17261e-09	-0.0456765
1.17268e-09	-0.0453846
1.17274e-09	-0.0450925
1.17281e-09	-0.0448004
1.17287e-09	-0.0445082
1.17293e-09	-0.0442159
1.173e-09	-0.0439234
1.17306e-09	-0.0436309
1.17313e-09	-0.0433383
1.17319e-09	-0.0430456
1.17325e-09	-0.0427528
1.17332e-09	-0.0424599
1.17338e-09	-0.042167
1.17345e-09	-0.0418739
1.17351e-09	-0.0415807
1.17357e-09	-0.0412874
1.17364e-09	-0.0409941
1.1737e-09	-0.0407006
1.17377e-09	-0.0404071
1.17383e-09	-0.0401134
1.17389e-09	-0.0398197
1.17396e-09	-0.0395258
1.17402e-09	-0.0392319
1.17409e-09	-0.0389379
1.17415e-09	-0.0386438
1.17421e-09	-0.0383496
1.17428e-09	-0.0380553
1.17434e-09	-0.0377609
1.17441e-09	-0.0374664
1.17447e-09	-0.0371718
1.17453e-09	-0.0368771
1.1746e-09	-0.0365824
1.17466e-09	-0.0362875
1.17473e-09	-0.0359926
1.17479e-09	-0.0356975
1.17485e-09	-0.0354024
1.17492e-09	-0.0351071
1.17498e-09	-0.0348118
1.17505e-09	-0.0345164
1.17511e-09	-0.0342209
1.17517e-09	-0.0339253
1.17524e-09	-0.0336296
1.1753e-09	-0.0333338
1.17537e-09	-0.0330379
1.17543e-09	-0.0327419
1.17549e-09	-0.0324458
1.17556e-09	-0.0321497
1.17562e-09	-0.0318534
1.17569e-09	-0.0315571
1.17575e-09	-0.0312606
1.17581e-09	-0.0309641
1.17588e-09	-0.0306675
1.17594e-09	-0.0303707
1.17601e-09	-0.0300739
1.17607e-09	-0.029777
1.17613e-09	-0.02948
1.1762e-09	-0.029183
1.17626e-09	-0.0288858
1.17633e-09	-0.0285885
1.17639e-09	-0.0282912
1.17645e-09	-0.0279937
1.17652e-09	-0.0276962
1.17658e-09	-0.0273985
1.17665e-09	-0.0271008
1.17671e-09	-0.026803
1.17677e-09	-0.0265051
1.17684e-09	-0.0262071
1.1769e-09	-0.025909
1.17697e-09	-0.0256108
1.17703e-09	-0.0253125
1.17709e-09	-0.0250142
1.17716e-09	-0.0247157
1.17722e-09	-0.0244171
1.17729e-09	-0.0241185
1.17735e-09	-0.0238198
1.17741e-09	-0.023521
1.17748e-09	-0.023222
1.17754e-09	-0.022923
1.17761e-09	-0.022624
1.17767e-09	-0.0223248
1.17773e-09	-0.0220255
1.1778e-09	-0.0217261
1.17786e-09	-0.0214267
1.17793e-09	-0.0211271
1.17799e-09	-0.0208275
1.17805e-09	-0.0205278
1.17812e-09	-0.020228
1.17818e-09	-0.0199281
1.17825e-09	-0.0196281
1.17831e-09	-0.019328
1.17837e-09	-0.0190278
1.17844e-09	-0.0187275
1.1785e-09	-0.0184272
1.17857e-09	-0.0181267
1.17863e-09	-0.0178262
1.17869e-09	-0.0175256
1.17876e-09	-0.0172249
1.17882e-09	-0.0169241
1.17889e-09	-0.0166232
1.17895e-09	-0.0163222
1.17901e-09	-0.0160211
1.17908e-09	-0.01572
1.17914e-09	-0.0154187
1.17921e-09	-0.0151174
1.17927e-09	-0.014816
1.17934e-09	-0.0145144
1.1794e-09	-0.0142128
1.17946e-09	-0.0139112
1.17953e-09	-0.0136094
1.17959e-09	-0.0133075
1.17966e-09	-0.0130055
1.17972e-09	-0.0127035
1.17978e-09	-0.0124014
1.17985e-09	-0.0120991
1.17991e-09	-0.0117968
1.17998e-09	-0.0114944
1.18004e-09	-0.0111919
1.1801e-09	-0.0108894
1.18017e-09	-0.0105867
1.18023e-09	-0.0102839
1.1803e-09	-0.0099811
1.18036e-09	-0.00967817
1.18042e-09	-0.00937515
1.18049e-09	-0.00907204
1.18055e-09	-0.00876885
1.18062e-09	-0.00846557
1.18068e-09	-0.0081622
1.18074e-09	-0.00785875
1.18081e-09	-0.00755521
1.18087e-09	-0.00725157
1.18094e-09	-0.00694786
1.181e-09	-0.00664405
1.18106e-09	-0.00634016
1.18113e-09	-0.00603618
1.18119e-09	-0.00573211
1.18126e-09	-0.00542796
1.18132e-09	-0.00512372
1.18138e-09	-0.00481939
1.18145e-09	-0.00451498
1.18151e-09	-0.00421048
1.18158e-09	-0.00390589
1.18164e-09	-0.00360121
1.1817e-09	-0.00329645
1.18177e-09	-0.00299161
1.18183e-09	-0.00268667
1.1819e-09	-0.00238165
1.18196e-09	-0.00207654
1.18202e-09	-0.00177135
1.18209e-09	-0.00146607
1.18215e-09	-0.00116071
1.18222e-09	-0.000855254
1.18228e-09	-0.000549717
1.18234e-09	-0.000244093
1.18241e-09	6.16163e-05
1.18247e-09	0.000367412
1.18254e-09	0.000673293
1.1826e-09	0.000979259
1.18266e-09	0.00128531
1.18273e-09	0.00159145
1.18279e-09	0.00189767
1.18286e-09	0.00220398
1.18292e-09	0.00251038
1.18298e-09	0.00281686
1.18305e-09	0.00312342
1.18311e-09	0.00343007
1.18318e-09	0.00373681
1.18324e-09	0.00404363
1.1833e-09	0.00435053
1.18337e-09	0.00465752
1.18343e-09	0.0049646
1.1835e-09	0.00527176
1.18356e-09	0.005579
1.18362e-09	0.00588633
1.18369e-09	0.00619374
1.18375e-09	0.00650124
1.18382e-09	0.00680882
1.18388e-09	0.00711649
1.18394e-09	0.00742424
1.18401e-09	0.00773208
1.18407e-09	0.00804
1.18414e-09	0.008348
1.1842e-09	0.00865609
1.18426e-09	0.00896426
1.18433e-09	0.00927252
1.18439e-09	0.00958086
1.18446e-09	0.00988928
1.18452e-09	0.0101978
1.18458e-09	0.0105064
1.18465e-09	0.0108151
1.18471e-09	0.0111238
1.18478e-09	0.0114327
1.18484e-09	0.0117416
1.1849e-09	0.0120506
1.18497e-09	0.0123597
1.18503e-09	0.0126689
1.1851e-09	0.0129781
1.18516e-09	0.0132875
1.18522e-09	0.0135969
1.18529e-09	0.0139064
1.18535e-09	0.014216
1.18542e-09	0.0145257
1.18548e-09	0.0148354
1.18554e-09	0.0151452
1.18561e-09	0.0154552
1.18567e-09	0.0157652
1.18574e-09	0.0160753
1.1858e-09	0.0163854
1.18586e-09	0.0166957
1.18593e-09	0.017006
1.18599e-09	0.0173164
1.18606e-09	0.0176269
1.18612e-09	0.0179375
1.18618e-09	0.0182482
1.18625e-09	0.0185589
1.18631e-09	0.0188697
1.18638e-09	0.0191806
1.18644e-09	0.0194916
1.1865e-09	0.0198027
1.18657e-09	0.0201139
1.18663e-09	0.0204251
1.1867e-09	0.0207364
1.18676e-09	0.0210478
1.18682e-09	0.0213593
1.18689e-09	0.0216708
1.18695e-09	0.0219825
1.18702e-09	0.0222942
1.18708e-09	0.022606
1.18714e-09	0.0229179
1.18721e-09	0.0232299
1.18727e-09	0.0235419
1.18734e-09	0.023854
1.1874e-09	0.0241662
1.18746e-09	0.0244785
1.18753e-09	0.0247909
1.18759e-09	0.0251033
1.18766e-09	0.0254159
1.18772e-09	0.0257285
1.18778e-09	0.0260412
1.18785e-09	0.0263539
1.18791e-09	0.0266668
1.18798e-09	0.0269797
1.18804e-09	0.0272927
1.1881e-09	0.0276058
1.18817e-09	0.027919
1.18823e-09	0.0282322
1.1883e-09	0.0285456
1.18836e-09	0.028859
1.18842e-09	0.0291725
1.18849e-09	0.029486
1.18855e-09	0.0297997
1.18862e-09	0.0301134
1.18868e-09	0.0304272
1.18874e-09	0.0307411
1.18881e-09	0.0310551
1.18887e-09	0.0313691
1.18894e-09	0.0316833
1.189e-09	0.0319975
1.18906e-09	0.0323117
1.18913e-09	0.0326261
1.18919e-09	0.0329406
1.18926e-09	0.0332551
1.18932e-09	0.0335697
1.18938e-09	0.0338843
1.18945e-09	0.0341991
1.18951e-09	0.0345139
1.18958e-09	0.0348288
1.18964e-09	0.0351438
1.1897e-09	0.0354589
1.18977e-09	0.0357741
1.18983e-09	0.0360893
1.1899e-09	0.0364046
1.18996e-09	0.03672
1.19002e-09	0.0370354
1.19009e-09	0.037351
1.19015e-09	0.0376666
1.19022e-09	0.0379823
1.19028e-09	0.038298
1.19034e-09	0.0386139
1.19041e-09	0.0389298
1.19047e-09	0.0392458
1.19054e-09	0.0395619
1.1906e-09	0.0398781
1.19066e-09	0.0401943
1.19073e-09	0.0405106
1.19079e-09	0.040827
1.19086e-09	0.0411435
1.19092e-09	0.04146
1.19098e-09	0.0417766
1.19105e-09	0.0420933
1.19111e-09	0.0424101
1.19118e-09	0.0427269
1.19124e-09	0.0430439
1.1913e-09	0.0433609
1.19137e-09	0.043678
1.19143e-09	0.0439951
1.1915e-09	0.0443123
1.19156e-09	0.0446296
1.19162e-09	0.044947
1.19169e-09	0.0452645
1.19175e-09	0.045582
1.19182e-09	0.0458996
1.19188e-09	0.0462173
1.19194e-09	0.0465351
1.19201e-09	0.0468529
1.19207e-09	0.0471709
1.19214e-09	0.0474888
1.1922e-09	0.0478069
1.19226e-09	0.0481251
1.19233e-09	0.0484433
1.19239e-09	0.0487616
1.19246e-09	0.0490799
1.19252e-09	0.0493984
1.19258e-09	0.0497169
1.19265e-09	0.0500355
1.19271e-09	0.0503542
1.19278e-09	0.0506729
1.19284e-09	0.0509917
1.1929e-09	0.0513106
1.19297e-09	0.0516296
1.19303e-09	0.0519486
1.1931e-09	0.0522678
1.19316e-09	0.052587
1.19322e-09	0.0529062
1.19329e-09	0.0532256
1.19335e-09	0.053545
1.19342e-09	0.0538645
1.19348e-09	0.054184
1.19354e-09	0.0545037
1.19361e-09	0.0548234
1.19367e-09	0.0551432
1.19374e-09	0.055463
1.1938e-09	0.055783
1.19386e-09	0.056103
1.19393e-09	0.0564231
1.19399e-09	0.0567432
1.19406e-09	0.0570634
1.19412e-09	0.0573837
1.19418e-09	0.0577041
1.19425e-09	0.0580246
1.19431e-09	0.0583451
1.19438e-09	0.0586657
1.19444e-09	0.0589863
1.1945e-09	0.0593071
1.19457e-09	0.0596279
1.19463e-09	0.0599488
1.1947e-09	0.0602697
1.19476e-09	0.0605908
1.19482e-09	0.0609119
1.19489e-09	0.0612331
1.19495e-09	0.0615543
1.19502e-09	0.0618756
1.19508e-09	0.062197
1.19514e-09	0.0625185
1.19521e-09	0.06284
1.19527e-09	0.0631616
1.19534e-09	0.0634833
1.1954e-09	0.0638051
1.19546e-09	0.0641269
1.19553e-09	0.0644488
1.19559e-09	0.0647708
1.19566e-09	0.0650928
1.19572e-09	0.0654149
1.19578e-09	0.0657371
1.19585e-09	0.0660594
1.19591e-09	0.0663817
1.19598e-09	0.0667041
1.19604e-09	0.0670266
1.1961e-09	0.0673491
1.19617e-09	0.0676717
1.19623e-09	0.0679944
1.1963e-09	0.0683172
1.19636e-09	0.06864
1.19642e-09	0.0689629
1.19649e-09	0.0692859
1.19655e-09	0.0696089
1.19662e-09	0.069932
1.19668e-09	0.0702552
1.19675e-09	0.0705784
1.19681e-09	0.0709018
1.19687e-09	0.0712251
1.19694e-09	0.0715486
1.197e-09	0.0718721
1.19707e-09	0.0721957
1.19713e-09	0.0725194
1.19719e-09	0.0728431
1.19726e-09	0.073167
1.19732e-09	0.0734908
1.19739e-09	0.0738148
1.19745e-09	0.0741388
1.19751e-09	0.0744629
1.19758e-09	0.0747871
1.19764e-09	0.0751113
1.19771e-09	0.0754356
1.19777e-09	0.0757599
1.19783e-09	0.0760844
1.1979e-09	0.0764089
1.19796e-09	0.0767335
1.19803e-09	0.0770581
1.19809e-09	0.0773828
1.19815e-09	0.0777076
1.19822e-09	0.0780324
1.19828e-09	0.0783574
1.19835e-09	0.0786823
1.19841e-09	0.0790074
1.19847e-09	0.0793325
1.19854e-09	0.0796577
1.1986e-09	0.079983
1.19867e-09	0.0803083
1.19873e-09	0.0806337
1.19879e-09	0.0809592
1.19886e-09	0.0812847
1.19892e-09	0.0816103
1.19899e-09	0.081936
1.19905e-09	0.0822617
1.19911e-09	0.0825875
1.19918e-09	0.0829134
1.19924e-09	0.0832393
1.19931e-09	0.0835653
1.19937e-09	0.0838914
1.19943e-09	0.0842175
1.1995e-09	0.0845437
1.19956e-09	0.08487
1.19963e-09	0.0851964
1.19969e-09	0.0855228
1.19975e-09	0.0858493
1.19982e-09	0.0861758
1.19988e-09	0.0865024
1.19995e-09	0.0868291
1.20001e-09	0.0871558
1.20007e-09	0.0874826
1.20014e-09	0.0878095
1.2002e-09	0.0881365
1.20027e-09	0.0884635
1.20033e-09	0.0887906
1.20039e-09	0.0891177
1.20046e-09	0.0894449
1.20052e-09	0.0897722
1.20059e-09	0.0900995
1.20065e-09	0.0904269
1.20071e-09	0.0907544
1.20078e-09	0.0910819
1.20084e-09	0.0914095
1.20091e-09	0.0917372
1.20097e-09	0.0920649
1.20103e-09	0.0923927
1.2011e-09	0.0927206
1.20116e-09	0.0930485
1.20123e-09	0.0933765
1.20129e-09	0.0937046
1.20135e-09	0.0940327
1.20142e-09	0.0943609
1.20148e-09	0.0946892
1.20155e-09	0.0950175
1.20161e-09	0.0953459
1.20167e-09	0.0956743
1.20174e-09	0.0960028
1.2018e-09	0.0963314
1.20187e-09	0.0966601
1.20193e-09	0.0969888
1.20199e-09	0.0973175
1.20206e-09	0.0976464
1.20212e-09	0.0979753
1.20219e-09	0.0983042
1.20225e-09	0.0986333
1.20231e-09	0.0989624
1.20238e-09	0.0992915
1.20244e-09	0.0996207
1.20251e-09	0.09995
1.20257e-09	0.100279
1.20263e-09	0.100609
1.2027e-09	0.100938
1.20276e-09	0.101268
1.20283e-09	0.101597
1.20289e-09	0.101927
1.20295e-09	0.102257
1.20302e-09	0.102587
1.20308e-09	0.102916
1.20315e-09	0.103246
1.20321e-09	0.103576
1.20327e-09	0.103906
1.20334e-09	0.104236
1.2034e-09	0.104567
1.20347e-09	0.104897
1.20353e-09	0.105227
1.20359e-09	0.105558
1.20366e-09	0.105888
1.20372e-09	0.106218
1.20379e-09	0.106549
1.20385e-09	0.10688
1.20391e-09	0.10721
1.20398e-09	0.107541
1.20404e-09	0.107872
1.20411e-09	0.108203
1.20417e-09	0.108534
1.20423e-09	0.108864
1.2043e-09	0.109196
1.20436e-09	0.109527
1.20443e-09	0.109858
1.20449e-09	0.110189
1.20455e-09	0.11052
1.20462e-09	0.110852
1.20468e-09	0.111183
1.20475e-09	0.111514
1.20481e-09	0.111846
1.20487e-09	0.112178
1.20494e-09	0.112509
1.205e-09	0.112841
1.20507e-09	0.113173
1.20513e-09	0.113505
1.20519e-09	0.113836
1.20526e-09	0.114168
1.20532e-09	0.1145
1.20539e-09	0.114832
1.20545e-09	0.115165
1.20551e-09	0.115497
1.20558e-09	0.115829
1.20564e-09	0.116161
1.20571e-09	0.116494
1.20577e-09	0.116826
1.20583e-09	0.117159
1.2059e-09	0.117491
1.20596e-09	0.117824
1.20603e-09	0.118156
1.20609e-09	0.118489
1.20615e-09	0.118822
1.20622e-09	0.119155
1.20628e-09	0.119488
1.20635e-09	0.119821
1.20641e-09	0.120154
1.20647e-09	0.120487
1.20654e-09	0.12082
1.2066e-09	0.121153
1.20667e-09	0.121486
1.20673e-09	0.12182
1.20679e-09	0.122153
1.20686e-09	0.122486
1.20692e-09	0.12282
1.20699e-09	0.123154
1.20705e-09	0.123487
1.20711e-09	0.123821
1.20718e-09	0.124154
1.20724e-09	0.124488
1.20731e-09	0.124822
1.20737e-09	0.125156
1.20743e-09	0.12549
1.2075e-09	0.125824
1.20756e-09	0.126158
1.20763e-09	0.126492
1.20769e-09	0.126826
1.20775e-09	0.127161
1.20782e-09	0.127495
1.20788e-09	0.127829
1.20795e-09	0.128164
1.20801e-09	0.128498
1.20807e-09	0.128833
1.20814e-09	0.129167
1.2082e-09	0.129502
1.20827e-09	0.129837
1.20833e-09	0.130171
1.20839e-09	0.130506
1.20846e-09	0.130841
1.20852e-09	0.131176
1.20859e-09	0.131511
1.20865e-09	0.131846
1.20871e-09	0.132181
1.20878e-09	0.132516
1.20884e-09	0.132851
1.20891e-09	0.133187
1.20897e-09	0.133522
1.20903e-09	0.133857
1.2091e-09	0.134193
1.20916e-09	0.134528
1.20923e-09	0.134864
1.20929e-09	0.135199
1.20935e-09	0.135535
1.20942e-09	0.135871
1.20948e-09	0.136206
1.20955e-09	0.136542
1.20961e-09	0.136878
1.20967e-09	0.137214
1.20974e-09	0.13755
1.2098e-09	0.137886
1.20987e-09	0.138222
1.20993e-09	0.138558
1.20999e-09	0.138894
1.21006e-09	0.139231
1.21012e-09	0.139567
1.21019e-09	0.139903
1.21025e-09	0.14024
1.21031e-09	0.140576
1.21038e-09	0.140913
1.21044e-09	0.141249
1.21051e-09	0.141586
1.21057e-09	0.141923
1.21063e-09	0.142259
1.2107e-09	0.142596
1.21076e-09	0.142933
1.21083e-09	0.14327
1.21089e-09	0.143607
1.21095e-09	0.143944
1.21102e-09	0.144281
1.21108e-09	0.144618
1.21115e-09	0.144955
1.21121e-09	0.145292
1.21127e-09	0.14563
1.21134e-09	0.145967
1.2114e-09	0.146304
1.21147e-09	0.146642
1.21153e-09	0.146979
1.21159e-09	0.147317
1.21166e-09	0.147654
1.21172e-09	0.147992
1.21179e-09	0.14833
1.21185e-09	0.148667
1.21191e-09	0.149005
1.21198e-09	0.149343
1.21204e-09	0.149681
1.21211e-09	0.150019
1.21217e-09	0.150357
1.21223e-09	0.150695
1.2123e-09	0.151033
1.21236e-09	0.151371
1.21243e-09	0.151709
1.21249e-09	0.152048
1.21255e-09	0.152386
1.21262e-09	0.152724
1.21268e-09	0.153063
1.21275e-09	0.153401
1.21281e-09	0.15374
1.21287e-09	0.154078
1.21294e-09	0.154417
1.213e-09	0.154755
1.21307e-09	0.155094
1.21313e-09	0.155433
1.21319e-09	0.155772
1.21326e-09	0.156111
1.21332e-09	0.156449
1.21339e-09	0.156788
1.21345e-09	0.157127
1.21351e-09	0.157467
1.21358e-09	0.157806
1.21364e-09	0.158145
1.21371e-09	0.158484
1.21377e-09	0.158823
1.21383e-09	0.159163
1.2139e-09	0.159502
1.21396e-09	0.159841
1.21403e-09	0.160181
1.21409e-09	0.16052
1.21416e-09	0.16086
1.21422e-09	0.161199
1.21428e-09	0.161539
1.21435e-09	0.161879
1.21441e-09	0.162219
1.21448e-09	0.162558
1.21454e-09	0.162898
1.2146e-09	0.163238
1.21467e-09	0.163578
1.21473e-09	0.163918
1.2148e-09	0.164258
1.21486e-09	0.164598
1.21492e-09	0.164938
1.21499e-09	0.165279
1.21505e-09	0.165619
1.21512e-09	0.165959
1.21518e-09	0.166299
1.21524e-09	0.16664
1.21531e-09	0.16698
1.21537e-09	0.167321
1.21544e-09	0.167661
1.2155e-09	0.168002
1.21556e-09	0.168342
1.21563e-09	0.168683
1.21569e-09	0.169024
1.21576e-09	0.169365
1.21582e-09	0.169705
1.21588e-09	0.170046
1.21595e-09	0.170387
1.21601e-09	0.170728
1.21608e-09	0.171069
1.21614e-09	0.17141
1.2162e-09	0.171751
1.21627e-09	0.172092
1.21633e-09	0.172433
1.2164e-09	0.172775
1.21646e-09	0.173116
1.21652e-09	0.173457
1.21659e-09	0.173799
1.21665e-09	0.17414
1.21672e-09	0.174481
1.21678e-09	0.174823
1.21684e-09	0.175164
1.21691e-09	0.175506
1.21697e-09	0.175848
1.21704e-09	0.176189
1.2171e-09	0.176531
1.21716e-09	0.176873
1.21723e-09	0.177215
1.21729e-09	0.177557
1.21736e-09	0.177898
1.21742e-09	0.17824
1.21748e-09	0.178582
1.21755e-09	0.178924
1.21761e-09	0.179267
1.21768e-09	0.179609
1.21774e-09	0.179951
1.2178e-09	0.180293
1.21787e-09	0.180635
1.21793e-09	0.180978
1.218e-09	0.18132
1.21806e-09	0.181662
1.21812e-09	0.182005
1.21819e-09	0.182347
1.21825e-09	0.18269
1.21832e-09	0.183032
1.21838e-09	0.183375
1.21844e-09	0.183718
1.21851e-09	0.18406
1.21857e-09	0.184403
1.21864e-09	0.184746
1.2187e-09	0.185089
1.21876e-09	0.185432
1.21883e-09	0.185774
1.21889e-09	0.186117
1.21896e-09	0.18646
1.21902e-09	0.186803
1.21908e-09	0.187147
1.21915e-09	0.18749
1.21921e-09	0.187833
1.21928e-09	0.188176
1.21934e-09	0.188519
1.2194e-09	0.188863
1.21947e-09	0.189206
1.21953e-09	0.189549
1.2196e-09	0.189893
1.21966e-09	0.190236
1.21972e-09	0.19058
1.21979e-09	0.190923
1.21985e-09	0.191267
1.21992e-09	0.19161
1.21998e-09	0.191954
1.22004e-09	0.192298
1.22011e-09	0.192642
1.22017e-09	0.192985
1.22024e-09	0.193329
1.2203e-09	0.193673
1.22036e-09	0.194017
1.22043e-09	0.194361
1.22049e-09	0.194705
1.22056e-09	0.195049
1.22062e-09	0.195393
1.22068e-09	0.195737
1.22075e-09	0.196081
1.22081e-09	0.196426
1.22088e-09	0.19677
1.22094e-09	0.197114
1.221e-09	0.197458
1.22107e-09	0.197803
1.22113e-09	0.198147
1.2212e-09	0.198492
1.22126e-09	0.198836
1.22132e-09	0.199181
1.22139e-09	0.199525
1.22145e-09	0.19987
1.22152e-09	0.200214
1.22158e-09	0.200559
1.22164e-09	0.200904
1.22171e-09	0.201249
1.22177e-09	0.201593
1.22184e-09	0.201938
1.2219e-09	0.202283
1.22196e-09	0.202628
1.22203e-09	0.202973
1.22209e-09	0.203318
1.22216e-09	0.203663
1.22222e-09	0.204008
1.22228e-09	0.204353
1.22235e-09	0.204698
1.22241e-09	0.205044
1.22248e-09	0.205389
1.22254e-09	0.205734
1.2226e-09	0.206079
1.22267e-09	0.206425
1.22273e-09	0.20677
1.2228e-09	0.207115
1.22286e-09	0.207461
1.22292e-09	0.207806
1.22299e-09	0.208152
1.22305e-09	0.208497
1.22312e-09	0.208843
1.22318e-09	0.209189
1.22324e-09	0.209534
1.22331e-09	0.20988
1.22337e-09	0.210226
1.22344e-09	0.210572
1.2235e-09	0.210917
1.22356e-09	0.211263
1.22363e-09	0.211609
1.22369e-09	0.211955
1.22376e-09	0.212301
1.22382e-09	0.212647
1.22388e-09	0.212993
1.22395e-09	0.213339
1.22401e-09	0.213685
1.22408e-09	0.214031
1.22414e-09	0.214378
1.2242e-09	0.214724
1.22427e-09	0.21507
1.22433e-09	0.215416
1.2244e-09	0.215763
1.22446e-09	0.216109
1.22452e-09	0.216455
1.22459e-09	0.216802
1.22465e-09	0.217148
1.22472e-09	0.217495
1.22478e-09	0.217841
1.22484e-09	0.218188
1.22491e-09	0.218534
1.22497e-09	0.218881
1.22504e-09	0.219228
1.2251e-09	0.219574
1.22516e-09	0.219921
1.22523e-09	0.220268
1.22529e-09	0.220615
1.22536e-09	0.220962
1.22542e-09	0.221308
1.22548e-09	0.221655
1.22555e-09	0.222002
1.22561e-09	0.222349
1.22568e-09	0.222696
1.22574e-09	0.223043
1.2258e-09	0.22339
1.22587e-09	0.223737
1.22593e-09	0.224085
1.226e-09	0.224432
1.22606e-09	0.224779
1.22612e-09	0.225126
1.22619e-09	0.225474
1.22625e-09	0.225821
1.22632e-09	0.226168
1.22638e-09	0.226516
1.22644e-09	0.226863
1.22651e-09	0.22721
1.22657e-09	0.227558
1.22664e-09	0.227905
1.2267e-09	0.228253
1.22676e-09	0.2286
1.22683e-09	0.228948
1.22689e-09	0.229296
1.22696e-09	0.229643
1.22702e-09	0.229991
1.22708e-09	0.230339
1.22715e-09	0.230687
1.22721e-09	0.231034
1.22728e-09	0.231382
1.22734e-09	0.23173
1.2274e-09	0.232078
1.22747e-09	0.232426
1.22753e-09	0.232774
1.2276e-09	0.233122
1.22766e-09	0.23347
1.22772e-09	0.233818
1.22779e-09	0.234166
1.22785e-09	0.234514
1.22792e-09	0.234862
1.22798e-09	0.23521
1.22804e-09	0.235558
1.22811e-09	0.235907
1.22817e-09	0.236255
1.22824e-09	0.236603
1.2283e-09	0.236951
1.22836e-09	0.2373
1.22843e-09	0.237648
1.22849e-09	0.237997
1.22856e-09	0.238345
1.22862e-09	0.238693
1.22868e-09	0.239042
1.22875e-09	0.23939
1.22881e-09	0.239739
1.22888e-09	0.240088
1.22894e-09	0.240436
1.229e-09	0.240785
1.22907e-09	0.241134
1.22913e-09	0.241482
1.2292e-09	0.241831
1.22926e-09	0.24218
1.22932e-09	0.242528
1.22939e-09	0.242877
1.22945e-09	0.243226
1.22952e-09	0.243575
1.22958e-09	0.243924
1.22964e-09	0.244273
1.22971e-09	0.244622
1.22977e-09	0.244971
1.22984e-09	0.24532
1.2299e-09	0.245669
1.22996e-09	0.246018
1.23003e-09	0.246367
1.23009e-09	0.246716
1.23016e-09	0.247065
1.23022e-09	0.247414
1.23028e-09	0.247764
1.23035e-09	0.248113
1.23041e-09	0.248462
1.23048e-09	0.248811
1.23054e-09	0.249161
1.2306e-09	0.24951
1.23067e-09	0.249859
1.23073e-09	0.250209
1.2308e-09	0.250558
1.23086e-09	0.250907
1.23092e-09	0.251257
1.23099e-09	0.251606
1.23105e-09	0.251956
1.23112e-09	0.252305
1.23118e-09	0.252655
1.23124e-09	0.253005
1.23131e-09	0.253354
1.23137e-09	0.253704
1.23144e-09	0.254054
1.2315e-09	0.254403
1.23157e-09	0.254753
1.23163e-09	0.255103
1.23169e-09	0.255453
1.23176e-09	0.255802
1.23182e-09	0.256152
1.23189e-09	0.256502
1.23195e-09	0.256852
1.23201e-09	0.257202
1.23208e-09	0.257552
1.23214e-09	0.257902
1.23221e-09	0.258252
1.23227e-09	0.258602
1.23233e-09	0.258952
1.2324e-09	0.259302
1.23246e-09	0.259652
1.23253e-09	0.260002
1.23259e-09	0.260352
1.23265e-09	0.260702
1.23272e-09	0.261052
1.23278e-09	0.261402
1.23285e-09	0.261753
1.23291e-09	0.262103
1.23297e-09	0.262453
1.23304e-09	0.262803
1.2331e-09	0.263154
1.23317e-09	0.263504
1.23323e-09	0.263854
1.23329e-09	0.264205
1.23336e-09	0.264555
1.23342e-09	0.264906
1.23349e-09	0.265256
1.23355e-09	0.265606
1.23361e-09	0.265957
1.23368e-09	0.266307
1.23374e-09	0.266658
1.23381e-09	0.267008
1.23387e-09	0.267359
1.23393e-09	0.26771
1.234e-09	0.26806
1.23406e-09	0.268411
1.23413e-09	0.268762
1.23419e-09	0.269112
1.23425e-09	0.269463
1.23432e-09	0.269814
1.23438e-09	0.270164
1.23445e-09	0.270515
1.23451e-09	0.270866
1.23457e-09	0.271217
1.23464e-09	0.271568
1.2347e-09	0.271918
1.23477e-09	0.272269
1.23483e-09	0.27262
1.23489e-09	0.272971
1.23496e-09	0.273322
1.23502e-09	0.273673
1.23509e-09	0.274024
1.23515e-09	0.274375
1.23521e-09	0.274726
1.23528e-09	0.275077
1.23534e-09	0.275428
1.23541e-09	0.275779
1.23547e-09	0.27613
1.23553e-09	0.276481
1.2356e-09	0.276833
1.23566e-09	0.277184
1.23573e-09	0.277535
1.23579e-09	0.277886
1.23585e-09	0.278237
1.23592e-09	0.278589
1.23598e-09	0.27894
1.23605e-09	0.279291
1.23611e-09	0.279642
1.23617e-09	0.279994
1.23624e-09	0.280345
1.2363e-09	0.280696
1.23637e-09	0.281048
1.23643e-09	0.281399
1.23649e-09	0.28175
1.23656e-09	0.282102
1.23662e-09	0.282453
1.23669e-09	0.282805
1.23675e-09	0.283156
1.23681e-09	0.283508
1.23688e-09	0.283859
1.23694e-09	0.284211
1.23701e-09	0.284562
1.23707e-09	0.284914
1.23713e-09	0.285265
1.2372e-09	0.285617
1.23726e-09	0.285969
1.23733e-09	0.28632
1.23739e-09	0.286672
1.23745e-09	0.287024
1.23752e-09	0.287375
1.23758e-09	0.287727
1.23765e-09	0.288079
1.23771e-09	0.28843
1.23777e-09	0.288782
1.23784e-09	0.289134
1.2379e-09	0.289486
1.23797e-09	0.289837
1.23803e-09	0.290189
1.23809e-09	0.290541
1.23816e-09	0.290893
1.23822e-09	0.291245
1.23829e-09	0.291597
1.23835e-09	0.291949
1.23841e-09	0.2923
1.23848e-09	0.292652
1.23854e-09	0.293004
1.23861e-09	0.293356
1.23867e-09	0.293708
1.23873e-09	0.29406
1.2388e-09	0.294412
1.23886e-09	0.294764
1.23893e-09	0.295116
1.23899e-09	0.295468
1.23905e-09	0.29582
1.23912e-09	0.296172
1.23918e-09	0.296524
1.23925e-09	0.296877
1.23931e-09	0.297229
1.23937e-09	0.297581
1.23944e-09	0.297933
1.2395e-09	0.298285
1.23957e-09	0.298637
1.23963e-09	0.298989
1.23969e-09	0.299342
1.23976e-09	0.299694
1.23982e-09	0.300046
1.23989e-09	0.300398
1.23995e-09	0.300751
1.24001e-09	0.301103
1.24008e-09	0.301455
1.24014e-09	0.301807
1.24021e-09	0.30216
1.24027e-09	0.302512
1.24033e-09	0.302864
1.2404e-09	0.303217
1.24046e-09	0.303569
1.24053e-09	0.303921
1.24059e-09	0.304274
1.24065e-09	0.304626
1.24072e-09	0.304979
1.24078e-09	0.305331
1.24085e-09	0.305683
1.24091e-09	0.306036
1.24097e-09	0.306388
1.24104e-09	0.306741
1.2411e-09	0.307093
1.24117e-09	0.307446
1.24123e-09	0.307798
1.24129e-09	0.308151
1.24136e-09	0.308503
1.24142e-09	0.308856
1.24149e-09	0.309208
1.24155e-09	0.309561
1.24161e-09	0.309913
1.24168e-09	0.310266
1.24174e-09	0.310619
1.24181e-09	0.310971
1.24187e-09	0.311324
1.24193e-09	0.311676
1.242e-09	0.312029
1.24206e-09	0.312382
1.24213e-09	0.312734
1.24219e-09	0.313087
1.24225e-09	0.31344
1.24232e-09	0.313792
1.24238e-09	0.314145
1.24245e-09	0.314498
1.24251e-09	0.31485
1.24257e-09	0.315203
1.24264e-09	0.315556
1.2427e-09	0.315908
1.24277e-09	0.316261
1.24283e-09	0.316614
1.24289e-09	0.316967
1.24296e-09	0.31732
1.24302e-09	0.317672
1.24309e-09	0.318025
1.24315e-09	0.318378
1.24321e-09	0.318731
1.24328e-09	0.319083
1.24334e-09	0.319436
1.24341e-09	0.319789
1.24347e-09	0.320142
1.24353e-09	0.320495
1.2436e-09	0.320848
1.24366e-09	0.3212
1.24373e-09	0.321553
1.24379e-09	0.321906
1.24385e-09	0.322259
1.24392e-09	0.322612
1.24398e-09	0.322965
1.24405e-09	0.323318
1.24411e-09	0.323671
1.24417e-09	0.324024
1.24424e-09	0.324377
1.2443e-09	0.324729
1.24437e-09	0.325082
1.24443e-09	0.325435
1.24449e-09	0.325788
1.24456e-09	0.326141
1.24462e-09	0.326494
1.24469e-09	0.326847
1.24475e-09	0.3272
1.24481e-09	0.327553
1.24488e-09	0.327906
1.24494e-09	0.328259
1.24501e-09	0.328612
1.24507e-09	0.328965
1.24513e-09	0.329318
1.2452e-09	0.329671
1.24526e-09	0.330024
1.24533e-09	0.330377
1.24539e-09	0.33073
1.24545e-09	0.331083
1.24552e-09	0.331436
1.24558e-09	0.331789
1.24565e-09	0.332142
1.24571e-09	0.332495
1.24577e-09	0.332849
1.24584e-09	0.333202
1.2459e-09	0.333555
1.24597e-09	0.333908
1.24603e-09	0.334261
1.24609e-09	0.334614
1.24616e-09	0.334967
1.24622e-09	0.33532
1.24629e-09	0.335673
1.24635e-09	0.336026
1.24641e-09	0.336379
1.24648e-09	0.336732
1.24654e-09	0.337086
1.24661e-09	0.337439
1.24667e-09	0.337792
1.24673e-09	0.338145
1.2468e-09	0.338498
1.24686e-09	0.338851
1.24693e-09	0.339204
1.24699e-09	0.339557
1.24705e-09	0.339911
1.24712e-09	0.340264
1.24718e-09	0.340617
1.24725e-09	0.34097
1.24731e-09	0.341323
1.24737e-09	0.341676
1.24744e-09	0.342029
1.2475e-09	0.342383
1.24757e-09	0.342736
1.24763e-09	0.343089
1.24769e-09	0.343442
1.24776e-09	0.343795
1.24782e-09	0.344148
1.24789e-09	0.344501
1.24795e-09	0.344855
1.24801e-09	0.345208
1.24808e-09	0.345561
1.24814e-09	0.345914
1.24821e-09	0.346267
1.24827e-09	0.34662
1.24833e-09	0.346974
1.2484e-09	0.347327
1.24846e-09	0.34768
1.24853e-09	0.348033
1.24859e-09	0.348386
1.24865e-09	0.348739
1.24872e-09	0.349093
1.24878e-09	0.349446
1.24885e-09	0.349799
1.24891e-09	0.350152
1.24898e-09	0.350505
1.24904e-09	0.350859
1.2491e-09	0.351212
1.24917e-09	0.351565
1.24923e-09	0.351918
1.2493e-09	0.352271
1.24936e-09	0.352624
1.24942e-09	0.352978
1.24949e-09	0.353331
1.24955e-09	0.353684
1.24962e-09	0.354037
1.24968e-09	0.35439
1.24974e-09	0.354743
1.24981e-09	0.355096
1.24987e-09	0.35545
1.24994e-09	0.355803
1.25e-09	0.356156
1.25006e-09	0.356509
1.25013e-09	0.356862
1.25019e-09	0.357215
1.25026e-09	0.357569
1.25032e-09	0.357922
1.25038e-09	0.358275
1.25045e-09	0.358628
1.25051e-09	0.358981
1.25058e-09	0.359334
1.25064e-09	0.359687
1.2507e-09	0.360041
1.25077e-09	0.360394
1.25083e-09	0.360747
1.2509e-09	0.3611
1.25096e-09	0.361453
1.25102e-09	0.361806
1.25109e-09	0.362159
1.25115e-09	0.362512
1.25122e-09	0.362865
1.25128e-09	0.363219
1.25134e-09	0.363572
1.25141e-09	0.363925
1.25147e-09	0.364278
1.25154e-09	0.364631
1.2516e-09	0.364984
1.25166e-09	0.365337
1.25173e-09	0.36569
1.25179e-09	0.366043
1.25186e-09	0.366396
1.25192e-09	0.366749
1.25198e-09	0.367102
1.25205e-09	0.367455
1.25211e-09	0.367808
1.25218e-09	0.368161
1.25224e-09	0.368515
1.2523e-09	0.368868
1.25237e-09	0.369221
1.25243e-09	0.369574
1.2525e-09	0.369927
1.25256e-09	0.37028
1.25262e-09	0.370633
1.25269e-09	0.370986
1.25275e-09	0.371339
1.25282e-09	0.371692
1.25288e-09	0.372045
1.25294e-09	0.372398
1.25301e-09	0.37275
1.25307e-09	0.373103
1.25314e-09	0.373456
1.2532e-09	0.373809
1.25326e-09	0.374162
1.25333e-09	0.374515
1.25339e-09	0.374868
1.25346e-09	0.375221
1.25352e-09	0.375574
1.25358e-09	0.375927
1.25365e-09	0.37628
1.25371e-09	0.376633
1.25378e-09	0.376986
1.25384e-09	0.377338
1.2539e-09	0.377691
1.25397e-09	0.378044
1.25403e-09	0.378397
1.2541e-09	0.37875
1.25416e-09	0.379103
1.25422e-09	0.379456
1.25429e-09	0.379808
1.25435e-09	0.380161
1.25442e-09	0.380514
1.25448e-09	0.380867
1.25454e-09	0.38122
1.25461e-09	0.381572
1.25467e-09	0.381925
1.25474e-09	0.382278
1.2548e-09	0.382631
1.25486e-09	0.382983
1.25493e-09	0.383336
1.25499e-09	0.383689
1.25506e-09	0.384041
1.25512e-09	0.384394
1.25518e-09	0.384747
1.25525e-09	0.3851
1.25531e-09	0.385452
1.25538e-09	0.385805
1.25544e-09	0.386158
1.2555e-09	0.38651
1.25557e-09	0.386863
1.25563e-09	0.387215
1.2557e-09	0.387568
1.25576e-09	0.387921
1.25582e-09	0.388273
1.25589e-09	0.388626
1.25595e-09	0.388978
1.25602e-09	0.389331
1.25608e-09	0.389684
1.25614e-09	0.390036
1.25621e-09	0.390389
1.25627e-09	0.390741
1.25634e-09	0.391094
1.2564e-09	0.391446
1.25646e-09	0.391799
1.25653e-09	0.392151
1.25659e-09	0.392504
1.25666e-09	0.392856
1.25672e-09	0.393208
1.25678e-09	0.393561
1.25685e-09	0.393913
1.25691e-09	0.394266
1.25698e-09	0.394618
1.25704e-09	0.39497
1.2571e-09	0.395323
1.25717e-09	0.395675
1.25723e-09	0.396027
1.2573e-09	0.39638
1.25736e-09	0.396732
1.25742e-09	0.397084
1.25749e-09	0.397437
1.25755e-09	0.397789
1.25762e-09	0.398141
1.25768e-09	0.398493
1.25774e-09	0.398846
1.25781e-09	0.399198
1.25787e-09	0.39955
1.25794e-09	0.399902
1.258e-09	0.400254
1.25806e-09	0.400607
1.25813e-09	0.400959
1.25819e-09	0.401311
1.25826e-09	0.401663
1.25832e-09	0.402015
1.25838e-09	0.402367
1.25845e-09	0.402719
1.25851e-09	0.403071
1.25858e-09	0.403423
1.25864e-09	0.403775
1.2587e-09	0.404127
1.25877e-09	0.404479
1.25883e-09	0.404831
1.2589e-09	0.405183
1.25896e-09	0.405535
1.25902e-09	0.405887
1.25909e-09	0.406239
1.25915e-09	0.406591
1.25922e-09	0.406943
1.25928e-09	0.407295
1.25934e-09	0.407647
1.25941e-09	0.407999
1.25947e-09	0.40835
1.25954e-09	0.408702
1.2596e-09	0.409054
1.25966e-09	0.409406
1.25973e-09	0.409758
1.25979e-09	0.410109
1.25986e-09	0.410461
1.25992e-09	0.410813
1.25998e-09	0.411164
1.26005e-09	0.411516
1.26011e-09	0.411868
1.26018e-09	0.412219
1.26024e-09	0.412571
1.2603e-09	0.412923
1.26037e-09	0.413274
1.26043e-09	0.413626
1.2605e-09	0.413977
1.26056e-09	0.414329
1.26062e-09	0.41468
1.26069e-09	0.415032
1.26075e-09	0.415383
1.26082e-09	0.415735
1.26088e-09	0.416086
1.26094e-09	0.416438
1.26101e-09	0.416789
1.26107e-09	0.417141
1.26114e-09	0.417492
1.2612e-09	0.417843
1.26126e-09	0.418195
1.26133e-09	0.418546
1.26139e-09	0.418897
1.26146e-09	0.419249
1.26152e-09	0.4196
1.26158e-09	0.419951
1.26165e-09	0.420302
1.26171e-09	0.420654
1.26178e-09	0.421005
1.26184e-09	0.421356
1.2619e-09	0.421707
1.26197e-09	0.422058
1.26203e-09	0.422409
1.2621e-09	0.42276
1.26216e-09	0.423111
1.26222e-09	0.423462
1.26229e-09	0.423813
1.26235e-09	0.424164
1.26242e-09	0.424515
1.26248e-09	0.424866
1.26254e-09	0.425217
1.26261e-09	0.425568
1.26267e-09	0.425919
1.26274e-09	0.42627
1.2628e-09	0.426621
1.26286e-09	0.426972
1.26293e-09	0.427323
1.26299e-09	0.427673
1.26306e-09	0.428024
1.26312e-09	0.428375
1.26318e-09	0.428726
1.26325e-09	0.429076
1.26331e-09	0.429427
1.26338e-09	0.429778
1.26344e-09	0.430128
1.2635e-09	0.430479
1.26357e-09	0.430829
1.26363e-09	0.43118
1.2637e-09	0.431531
1.26376e-09	0.431881
1.26382e-09	0.432232
1.26389e-09	0.432582
1.26395e-09	0.432932
1.26402e-09	0.433283
1.26408e-09	0.433633
1.26414e-09	0.433984
1.26421e-09	0.434334
1.26427e-09	0.434684
1.26434e-09	0.435035
1.2644e-09	0.435385
1.26446e-09	0.435735
1.26453e-09	0.436085
1.26459e-09	0.436436
1.26466e-09	0.436786
1.26472e-09	0.437136
1.26478e-09	0.437486
1.26485e-09	0.437836
1.26491e-09	0.438186
1.26498e-09	0.438536
1.26504e-09	0.438887
1.2651e-09	0.439237
1.26517e-09	0.439587
1.26523e-09	0.439937
1.2653e-09	0.440286
1.26536e-09	0.440636
1.26542e-09	0.440986
1.26549e-09	0.441336
1.26555e-09	0.441686
1.26562e-09	0.442036
1.26568e-09	0.442386
1.26574e-09	0.442735
1.26581e-09	0.443085
1.26587e-09	0.443435
1.26594e-09	0.443785
1.266e-09	0.444134
1.26606e-09	0.444484
1.26613e-09	0.444833
1.26619e-09	0.445183
1.26626e-09	0.445533
1.26632e-09	0.445882
1.26639e-09	0.446232
1.26645e-09	0.446581
1.26651e-09	0.446931
1.26658e-09	0.44728
1.26664e-09	0.447629
1.26671e-09	0.447979
1.26677e-09	0.448328
1.26683e-09	0.448677
1.2669e-09	0.449027
1.26696e-09	0.449376
1.26703e-09	0.449725
1.26709e-09	0.450074
1.26715e-09	0.450424
1.26722e-09	0.450773
1.26728e-09	0.451122
1.26735e-09	0.451471
1.26741e-09	0.45182
1.26747e-09	0.452169
1.26754e-09	0.452518
1.2676e-09	0.452867
1.26767e-09	0.453216
1.26773e-09	0.453565
1.26779e-09	0.453914
1.26786e-09	0.454263
1.26792e-09	0.454611
1.26799e-09	0.45496
1.26805e-09	0.455309
1.26811e-09	0.455658
1.26818e-09	0.456006
1.26824e-09	0.456355
1.26831e-09	0.456704
1.26837e-09	0.457052
1.26843e-09	0.457401
1.2685e-09	0.45775
1.26856e-09	0.458098
1.26863e-09	0.458447
1.26869e-09	0.458795
1.26875e-09	0.459143
1.26882e-09	0.459492
1.26888e-09	0.45984
1.26895e-09	0.460189
1.26901e-09	0.460537
1.26907e-09	0.460885
1.26914e-09	0.461233
1.2692e-09	0.461582
1.26927e-09	0.46193
1.26933e-09	0.462278
1.26939e-09	0.462626
1.26946e-09	0.462974
1.26952e-09	0.463322
1.26959e-09	0.46367
1.26965e-09	0.464018
1.26971e-09	0.464366
1.26978e-09	0.464714
1.26984e-09	0.465062
1.26991e-09	0.46541
1.26997e-09	0.465758
1.27003e-09	0.466106
1.2701e-09	0.466454
1.27016e-09	0.466801
1.27023e-09	0.467149
1.27029e-09	0.467497
1.27035e-09	0.467844
1.27042e-09	0.468192
1.27048e-09	0.46854
1.27055e-09	0.468887
1.27061e-09	0.469235
1.27067e-09	0.469582
1.27074e-09	0.469929
1.2708e-09	0.470277
1.27087e-09	0.470624
1.27093e-09	0.470972
1.27099e-09	0.471319
1.27106e-09	0.471666
1.27112e-09	0.472013
1.27119e-09	0.472361
1.27125e-09	0.472708
1.27131e-09	0.473055
1.27138e-09	0.473402
1.27144e-09	0.473749
1.27151e-09	0.474096
1.27157e-09	0.474443
1.27163e-09	0.47479
1.2717e-09	0.475137
1.27176e-09	0.475484
1.27183e-09	0.475831
1.27189e-09	0.476178
1.27195e-09	0.476524
1.27202e-09	0.476871
1.27208e-09	0.477218
1.27215e-09	0.477565
1.27221e-09	0.477911
1.27227e-09	0.478258
1.27234e-09	0.478604
1.2724e-09	0.478951
1.27247e-09	0.479297
1.27253e-09	0.479644
1.27259e-09	0.47999
1.27266e-09	0.480337
1.27272e-09	0.480683
1.27279e-09	0.481029
1.27285e-09	0.481376
1.27291e-09	0.481722
1.27298e-09	0.482068
1.27304e-09	0.482414
1.27311e-09	0.48276
1.27317e-09	0.483107
1.27323e-09	0.483453
1.2733e-09	0.483799
1.27336e-09	0.484145
1.27343e-09	0.484491
1.27349e-09	0.484836
1.27355e-09	0.485182
1.27362e-09	0.485528
1.27368e-09	0.485874
1.27375e-09	0.48622
1.27381e-09	0.486565
1.27387e-09	0.486911
1.27394e-09	0.487257
1.274e-09	0.487602
1.27407e-09	0.487948
1.27413e-09	0.488293
1.27419e-09	0.488639
1.27426e-09	0.488984
1.27432e-09	0.48933
1.27439e-09	0.489675
1.27445e-09	0.49002
1.27451e-09	0.490366
1.27458e-09	0.490711
1.27464e-09	0.491056
1.27471e-09	0.491401
1.27477e-09	0.491747
1.27483e-09	0.492092
1.2749e-09	0.492437
1.27496e-09	0.492782
1.27503e-09	0.493127
1.27509e-09	0.493472
1.27515e-09	0.493816
1.27522e-09	0.494161
1.27528e-09	0.494506
1.27535e-09	0.494851
1.27541e-09	0.495196
1.27547e-09	0.49554
1.27554e-09	0.495885
1.2756e-09	0.496229
1.27567e-09	0.496574
1.27573e-09	0.496919
1.27579e-09	0.497263
1.27586e-09	0.497607
1.27592e-09	0.497952
1.27599e-09	0.498296
1.27605e-09	0.498641
1.27611e-09	0.498985
1.27618e-09	0.499329
1.27624e-09	0.499673
1.27631e-09	0.500017
1.27637e-09	0.500362
1.27643e-09	0.500706
1.2765e-09	0.50105
1.27656e-09	0.501393
1.27663e-09	0.501737
1.27669e-09	0.502081
1.27675e-09	0.502425
1.27682e-09	0.502769
1.27688e-09	0.503113
1.27695e-09	0.503456
1.27701e-09	0.5038
1.27707e-09	0.504144
1.27714e-09	0.504487
1.2772e-09	0.504831
1.27727e-09	0.505174
1.27733e-09	0.505518
1.27739e-09	0.505861
1.27746e-09	0.506205
1.27752e-09	0.506548
1.27759e-09	0.506891
1.27765e-09	0.507234
1.27771e-09	0.507578
1.27778e-09	0.507921
1.27784e-09	0.508264
1.27791e-09	0.508607
1.27797e-09	0.50895
1.27803e-09	0.509293
1.2781e-09	0.509636
1.27816e-09	0.509979
1.27823e-09	0.510321
1.27829e-09	0.510664
1.27835e-09	0.511007
1.27842e-09	0.51135
1.27848e-09	0.511692
1.27855e-09	0.512035
1.27861e-09	0.512378
1.27867e-09	0.51272
1.27874e-09	0.513062
1.2788e-09	0.513405
1.27887e-09	0.513747
1.27893e-09	0.51409
1.27899e-09	0.514432
1.27906e-09	0.514774
1.27912e-09	0.515116
1.27919e-09	0.515458
1.27925e-09	0.5158
1.27931e-09	0.516143
1.27938e-09	0.516485
1.27944e-09	0.516827
1.27951e-09	0.517168
1.27957e-09	0.51751
1.27963e-09	0.517852
1.2797e-09	0.518194
1.27976e-09	0.518535
1.27983e-09	0.518877
1.27989e-09	0.519219
1.27995e-09	0.51956
1.28002e-09	0.519902
1.28008e-09	0.520243
1.28015e-09	0.520585
1.28021e-09	0.520926
1.28027e-09	0.521267
1.28034e-09	0.521609
1.2804e-09	0.52195
1.28047e-09	0.522291
1.28053e-09	0.522632
1.28059e-09	0.522973
1.28066e-09	0.523314
1.28072e-09	0.523655
1.28079e-09	0.523996
1.28085e-09	0.524337
1.28091e-09	0.524678
1.28098e-09	0.525019
1.28104e-09	0.52536
1.28111e-09	0.5257
1.28117e-09	0.526041
1.28123e-09	0.526381
1.2813e-09	0.526722
1.28136e-09	0.527063
1.28143e-09	0.527403
1.28149e-09	0.527743
1.28155e-09	0.528084
1.28162e-09	0.528424
1.28168e-09	0.528764
1.28175e-09	0.529104
1.28181e-09	0.529445
1.28187e-09	0.529785
1.28194e-09	0.530125
1.282e-09	0.530465
1.28207e-09	0.530805
1.28213e-09	0.531144
1.28219e-09	0.531484
1.28226e-09	0.531824
1.28232e-09	0.532164
1.28239e-09	0.532503
1.28245e-09	0.532843
1.28251e-09	0.533183
1.28258e-09	0.533522
1.28264e-09	0.533862
1.28271e-09	0.534201
1.28277e-09	0.53454
1.28283e-09	0.53488
1.2829e-09	0.535219
1.28296e-09	0.535558
1.28303e-09	0.535897
1.28309e-09	0.536236
1.28315e-09	0.536575
1.28322e-09	0.536914
1.28328e-09	0.537253
1.28335e-09	0.537592
1.28341e-09	0.537931
1.28347e-09	0.53827
1.28354e-09	0.538609
1.2836e-09	0.538947
1.28367e-09	0.539286
1.28373e-09	0.539624
1.28379e-09	0.539963
1.28386e-09	0.540301
1.28392e-09	0.54064
1.28399e-09	0.540978
1.28405e-09	0.541316
1.28412e-09	0.541655
1.28418e-09	0.541993
1.28424e-09	0.542331
1.28431e-09	0.542669
1.28437e-09	0.543007
1.28444e-09	0.543345
1.2845e-09	0.543683
1.28456e-09	0.544021
1.28463e-09	0.544359
1.28469e-09	0.544696
1.28476e-09	0.545034
1.28482e-09	0.545372
1.28488e-09	0.545709
1.28495e-09	0.546047
1.28501e-09	0.546384
1.28508e-09	0.546722
1.28514e-09	0.547059
1.2852e-09	0.547396
1.28527e-09	0.547734
1.28533e-09	0.548071
1.2854e-09	0.548408
1.28546e-09	0.548745
1.28552e-09	0.549082
1.28559e-09	0.549419
1.28565e-09	0.549756
1.28572e-09	0.550093
1.28578e-09	0.550429
1.28584e-09	0.550766
1.28591e-09	0.551103
1.28597e-09	0.551439
1.28604e-09	0.551776
1.2861e-09	0.552113
1.28616e-09	0.552449
1.28623e-09	0.552785
1.28629e-09	0.553122
1.28636e-09	0.553458
1.28642e-09	0.553794
1.28648e-09	0.55413
1.28655e-09	0.554466
1.28661e-09	0.554802
1.28668e-09	0.555138
1.28674e-09	0.555474
1.2868e-09	0.55581
1.28687e-09	0.556146
1.28693e-09	0.556482
1.287e-09	0.556817
1.28706e-09	0.557153
1.28712e-09	0.557489
1.28719e-09	0.557824
1.28725e-09	0.55816
1.28732e-09	0.558495
1.28738e-09	0.55883
1.28744e-09	0.559166
1.28751e-09	0.559501
1.28757e-09	0.559836
1.28764e-09	0.560171
1.2877e-09	0.560506
1.28776e-09	0.560841
1.28783e-09	0.561176
1.28789e-09	0.561511
1.28796e-09	0.561846
1.28802e-09	0.56218
1.28808e-09	0.562515
1.28815e-09	0.56285
1.28821e-09	0.563184
1.28828e-09	0.563519
1.28834e-09	0.563853
1.2884e-09	0.564188
1.28847e-09	0.564522
1.28853e-09	0.564856
1.2886e-09	0.56519
1.28866e-09	0.565524
1.28872e-09	0.565858
1.28879e-09	0.566192
1.28885e-09	0.566526
1.28892e-09	0.56686
1.28898e-09	0.567194
1.28904e-09	0.567528
1.28911e-09	0.567861
1.28917e-09	0.568195
1.28924e-09	0.568529
1.2893e-09	0.568862
1.28936e-09	0.569196
1.28943e-09	0.569529
1.28949e-09	0.569862
1.28956e-09	0.570196
1.28962e-09	0.570529
1.28968e-09	0.570862
1.28975e-09	0.571195
1.28981e-09	0.571528
1.28988e-09	0.571861
1.28994e-09	0.572194
1.29e-09	0.572527
1.29007e-09	0.572859
1.29013e-09	0.573192
1.2902e-09	0.573525
1.29026e-09	0.573857
1.29032e-09	0.57419
1.29039e-09	0.574522
1.29045e-09	0.574854
1.29052e-09	0.575187
1.29058e-09	0.575519
1.29064e-09	0.575851
1.29071e-09	0.576183
1.29077e-09	0.576515
1.29084e-09	0.576847
1.2909e-09	0.577179
1.29096e-09	0.577511
1.29103e-09	0.577843
1.29109e-09	0.578174
1.29116e-09	0.578506
1.29122e-09	0.578838
1.29128e-09	0.579169
1.29135e-09	0.579501
1.29141e-09	0.579832
1.29148e-09	0.580163
1.29154e-09	0.580495
1.2916e-09	0.580826
1.29167e-09	0.581157
1.29173e-09	0.581488
1.2918e-09	0.581819
1.29186e-09	0.58215
1.29192e-09	0.582481
1.29199e-09	0.582812
1.29205e-09	0.583142
1.29212e-09	0.583473
1.29218e-09	0.583804
1.29224e-09	0.584134
1.29231e-09	0.584464
1.29237e-09	0.584795
1.29244e-09	0.585125
1.2925e-09	0.585455
1.29256e-09	0.585786
1.29263e-09	0.586116
1.29269e-09	0.586446
1.29276e-09	0.586776
1.29282e-09	0.587106
1.29288e-09	0.587436
1.29295e-09	0.587765
1.29301e-09	0.588095
1.29308e-09	0.588425
1.29314e-09	0.588754
1.2932e-09	0.589084
1.29327e-09	0.589413
1.29333e-09	0.589743
1.2934e-09	0.590072
1.29346e-09	0.590401
1.29352e-09	0.59073
1.29359e-09	0.591059
1.29365e-09	0.591388
1.29372e-09	0.591717
1.29378e-09	0.592046
1.29384e-09	0.592375
1.29391e-09	0.592704
1.29397e-09	0.593032
1.29404e-09	0.593361
1.2941e-09	0.59369
1.29416e-09	0.594018
1.29423e-09	0.594347
1.29429e-09	0.594675
1.29436e-09	0.595003
1.29442e-09	0.595331
1.29448e-09	0.595659
1.29455e-09	0.595987
1.29461e-09	0.596315
1.29468e-09	0.596643
1.29474e-09	0.596971
1.2948e-09	0.597299
1.29487e-09	0.597627
1.29493e-09	0.597954
1.295e-09	0.598282
1.29506e-09	0.598609
1.29512e-09	0.598937
1.29519e-09	0.599264
1.29525e-09	0.599591
1.29532e-09	0.599918
1.29538e-09	0.600246
1.29544e-09	0.600573
1.29551e-09	0.6009
1.29557e-09	0.601227
1.29564e-09	0.601553
1.2957e-09	0.60188
1.29576e-09	0.602207
1.29583e-09	0.602533
1.29589e-09	0.60286
1.29596e-09	0.603186
1.29602e-09	0.603513
1.29608e-09	0.603839
1.29615e-09	0.604165
1.29621e-09	0.604492
1.29628e-09	0.604818
1.29634e-09	0.605144
1.2964e-09	0.60547
1.29647e-09	0.605796
1.29653e-09	0.606121
1.2966e-09	0.606447
1.29666e-09	0.606773
1.29672e-09	0.607098
1.29679e-09	0.607424
1.29685e-09	0.607749
1.29692e-09	0.608075
1.29698e-09	0.6084
1.29704e-09	0.608725
1.29711e-09	0.60905
1.29717e-09	0.609375
1.29724e-09	0.6097
1.2973e-09	0.610025
1.29736e-09	0.61035
1.29743e-09	0.610675
1.29749e-09	0.611
1.29756e-09	0.611324
1.29762e-09	0.611649
1.29768e-09	0.611973
1.29775e-09	0.612298
1.29781e-09	0.612622
1.29788e-09	0.612946
1.29794e-09	0.61327
1.298e-09	0.613595
1.29807e-09	0.613919
1.29813e-09	0.614242
1.2982e-09	0.614566
1.29826e-09	0.61489
1.29832e-09	0.615214
1.29839e-09	0.615537
1.29845e-09	0.615861
1.29852e-09	0.616185
1.29858e-09	0.616508
1.29864e-09	0.616831
1.29871e-09	0.617155
1.29877e-09	0.617478
1.29884e-09	0.617801
1.2989e-09	0.618124
1.29896e-09	0.618447
1.29903e-09	0.61877
1.29909e-09	0.619092
1.29916e-09	0.619415
1.29922e-09	0.619738
1.29928e-09	0.62006
1.29935e-09	0.620383
1.29941e-09	0.620705
1.29948e-09	0.621028
1.29954e-09	0.62135
1.2996e-09	0.621672
1.29967e-09	0.621994
1.29973e-09	0.622316
1.2998e-09	0.622638
1.29986e-09	0.62296
1.29992e-09	0.623282
1.29999e-09	0.623603
1.30005e-09	0.623925
1.30012e-09	0.624246
1.30018e-09	0.624568
1.30024e-09	0.624889
1.30031e-09	0.625211
1.30037e-09	0.625532
1.30044e-09	0.625853
1.3005e-09	0.626174
1.30056e-09	0.626495
1.30063e-09	0.626816
1.30069e-09	0.627137
1.30076e-09	0.627457
1.30082e-09	0.627778
1.30088e-09	0.628099
1.30095e-09	0.628419
1.30101e-09	0.62874
1.30108e-09	0.62906
1.30114e-09	0.62938
1.3012e-09	0.6297
1.30127e-09	0.630021
1.30133e-09	0.630341
1.3014e-09	0.63066
1.30146e-09	0.63098
1.30153e-09	0.6313
1.30159e-09	0.63162
1.30165e-09	0.631939
1.30172e-09	0.632259
1.30178e-09	0.632578
1.30185e-09	0.632898
1.30191e-09	0.633217
1.30197e-09	0.633536
1.30204e-09	0.633855
1.3021e-09	0.634174
1.30217e-09	0.634493
1.30223e-09	0.634812
1.30229e-09	0.635131
1.30236e-09	0.63545
1.30242e-09	0.635768
1.30249e-09	0.636087
1.30255e-09	0.636405
1.30261e-09	0.636724
1.30268e-09	0.637042
1.30274e-09	0.63736
1.30281e-09	0.637678
1.30287e-09	0.637996
1.30293e-09	0.638314
1.303e-09	0.638632
1.30306e-09	0.63895
1.30313e-09	0.639268
1.30319e-09	0.639585
1.30325e-09	0.639903
1.30332e-09	0.640221
1.30338e-09	0.640538
1.30345e-09	0.640855
1.30351e-09	0.641172
1.30357e-09	0.64149
1.30364e-09	0.641807
1.3037e-09	0.642124
1.30377e-09	0.64244
1.30383e-09	0.642757
1.30389e-09	0.643074
1.30396e-09	0.643391
1.30402e-09	0.643707
1.30409e-09	0.644024
1.30415e-09	0.64434
1.30421e-09	0.644656
1.30428e-09	0.644972
1.30434e-09	0.645288
1.30441e-09	0.645605
1.30447e-09	0.64592
1.30453e-09	0.646236
1.3046e-09	0.646552
1.30466e-09	0.646868
1.30473e-09	0.647183
1.30479e-09	0.647499
1.30485e-09	0.647814
1.30492e-09	0.64813
1.30498e-09	0.648445
1.30505e-09	0.64876
1.30511e-09	0.649075
1.30517e-09	0.64939
1.30524e-09	0.649705
1.3053e-09	0.65002
1.30537e-09	0.650335
1.30543e-09	0.650649
1.30549e-09	0.650964
1.30556e-09	0.651278
1.30562e-09	0.651593
1.30569e-09	0.651907
1.30575e-09	0.652221
1.30581e-09	0.652535
1.30588e-09	0.652849
1.30594e-09	0.653163
1.30601e-09	0.653477
1.30607e-09	0.653791
1.30613e-09	0.654105
1.3062e-09	0.654418
1.30626e-09	0.654732
1.30633e-09	0.655045
1.30639e-09	0.655358
1.30645e-09	0.655672
1.30652e-09	0.655985
1.30658e-09	0.656298
1.30665e-09	0.656611
1.30671e-09	0.656924
1.30677e-09	0.657237
1.30684e-09	0.657549
1.3069e-09	0.657862
1.30697e-09	0.658174
1.30703e-09	0.658487
1.30709e-09	0.658799
1.30716e-09	0.659111
1.30722e-09	0.659424
1.30729e-09	0.659736
1.30735e-09	0.660048
1.30741e-09	0.66036
1.30748e-09	0.660671
1.30754e-09	0.660983
1.30761e-09	0.661295
1.30767e-09	0.661606
1.30773e-09	0.661918
1.3078e-09	0.662229
1.30786e-09	0.66254
1.30793e-09	0.662852
1.30799e-09	0.663163
1.30805e-09	0.663474
1.30812e-09	0.663785
1.30818e-09	0.664095
1.30825e-09	0.664406
1.30831e-09	0.664717
1.30837e-09	0.665027
1.30844e-09	0.665338
1.3085e-09	0.665648
1.30857e-09	0.665958
1.30863e-09	0.666269
1.30869e-09	0.666579
1.30876e-09	0.666889
1.30882e-09	0.667199
1.30889e-09	0.667508
1.30895e-09	0.667818
1.30901e-09	0.668128
1.30908e-09	0.668437
1.30914e-09	0.668747
1.30921e-09	0.669056
1.30927e-09	0.669365
1.30933e-09	0.669674
1.3094e-09	0.669983
1.30946e-09	0.670292
1.30953e-09	0.670601
1.30959e-09	0.67091
1.30965e-09	0.671219
1.30972e-09	0.671527
1.30978e-09	0.671836
1.30985e-09	0.672144
1.30991e-09	0.672453
1.30997e-09	0.672761
1.31004e-09	0.673069
1.3101e-09	0.673377
1.31017e-09	0.673685
1.31023e-09	0.673993
1.31029e-09	0.674301
1.31036e-09	0.674608
1.31042e-09	0.674916
1.31049e-09	0.675223
1.31055e-09	0.675531
1.31061e-09	0.675838
1.31068e-09	0.676145
1.31074e-09	0.676452
1.31081e-09	0.676759
1.31087e-09	0.677066
1.31093e-09	0.677373
1.311e-09	0.67768
1.31106e-09	0.677986
1.31113e-09	0.678293
1.31119e-09	0.678599
1.31125e-09	0.678906
1.31132e-09	0.679212
1.31138e-09	0.679518
1.31145e-09	0.679824
1.31151e-09	0.68013
1.31157e-09	0.680436
1.31164e-09	0.680742
1.3117e-09	0.681047
1.31177e-09	0.681353
1.31183e-09	0.681658
1.31189e-09	0.681964
1.31196e-09	0.682269
1.31202e-09	0.682574
1.31209e-09	0.682879
1.31215e-09	0.683184
1.31221e-09	0.683489
1.31228e-09	0.683794
1.31234e-09	0.684099
1.31241e-09	0.684403
1.31247e-09	0.684708
1.31253e-09	0.685012
1.3126e-09	0.685316
1.31266e-09	0.685621
1.31273e-09	0.685925
1.31279e-09	0.686229
1.31285e-09	0.686533
1.31292e-09	0.686836
1.31298e-09	0.68714
1.31305e-09	0.687444
1.31311e-09	0.687747
1.31317e-09	0.688051
1.31324e-09	0.688354
1.3133e-09	0.688657
1.31337e-09	0.68896
1.31343e-09	0.689263
1.31349e-09	0.689566
1.31356e-09	0.689869
1.31362e-09	0.690172
1.31369e-09	0.690475
1.31375e-09	0.690777
1.31381e-09	0.691079
1.31388e-09	0.691382
1.31394e-09	0.691684
1.31401e-09	0.691986
1.31407e-09	0.692288
1.31413e-09	0.69259
1.3142e-09	0.692892
1.31426e-09	0.693194
1.31433e-09	0.693495
1.31439e-09	0.693797
1.31445e-09	0.694098
1.31452e-09	0.6944
1.31458e-09	0.694701
1.31465e-09	0.695002
1.31471e-09	0.695303
1.31477e-09	0.695604
1.31484e-09	0.695905
1.3149e-09	0.696206
1.31497e-09	0.696506
1.31503e-09	0.696807
1.31509e-09	0.697107
1.31516e-09	0.697407
1.31522e-09	0.697708
1.31529e-09	0.698008
1.31535e-09	0.698308
1.31541e-09	0.698608
1.31548e-09	0.698908
1.31554e-09	0.699207
1.31561e-09	0.699507
1.31567e-09	0.699806
1.31573e-09	0.700106
1.3158e-09	0.700405
1.31586e-09	0.700704
1.31593e-09	0.701003
1.31599e-09	0.701302
1.31605e-09	0.701601
1.31612e-09	0.7019
1.31618e-09	0.702199
1.31625e-09	0.702497
1.31631e-09	0.702796
1.31637e-09	0.703094
1.31644e-09	0.703393
1.3165e-09	0.703691
1.31657e-09	0.703989
1.31663e-09	0.704287
1.31669e-09	0.704585
1.31676e-09	0.704883
1.31682e-09	0.70518
1.31689e-09	0.705478
1.31695e-09	0.705775
1.31701e-09	0.706073
1.31708e-09	0.70637
1.31714e-09	0.706667
1.31721e-09	0.706964
1.31727e-09	0.707261
1.31733e-09	0.707558
1.3174e-09	0.707854
1.31746e-09	0.708151
1.31753e-09	0.708448
1.31759e-09	0.708744
1.31765e-09	0.70904
1.31772e-09	0.709336
1.31778e-09	0.709633
1.31785e-09	0.709929
1.31791e-09	0.710224
1.31797e-09	0.71052
1.31804e-09	0.710816
1.3181e-09	0.711111
1.31817e-09	0.711407
1.31823e-09	0.711702
1.31829e-09	0.711998
1.31836e-09	0.712293
1.31842e-09	0.712588
1.31849e-09	0.712883
1.31855e-09	0.713178
1.31861e-09	0.713472
1.31868e-09	0.713767
1.31874e-09	0.714061
1.31881e-09	0.714356
1.31887e-09	0.71465
1.31894e-09	0.714944
1.319e-09	0.715238
1.31906e-09	0.715532
1.31913e-09	0.715826
1.31919e-09	0.71612
1.31926e-09	0.716414
1.31932e-09	0.716707
1.31938e-09	0.717001
1.31945e-09	0.717294
1.31951e-09	0.717587
1.31958e-09	0.71788
1.31964e-09	0.718173
1.3197e-09	0.718466
1.31977e-09	0.718759
1.31983e-09	0.719052
1.3199e-09	0.719344
1.31996e-09	0.719637
1.32002e-09	0.719929
1.32009e-09	0.720221
1.32015e-09	0.720513
1.32022e-09	0.720806
1.32028e-09	0.721097
1.32034e-09	0.721389
1.32041e-09	0.721681
1.32047e-09	0.721973
1.32054e-09	0.722264
1.3206e-09	0.722555
1.32066e-09	0.722847
1.32073e-09	0.723138
1.32079e-09	0.723429
1.32086e-09	0.72372
1.32092e-09	0.724011
1.32098e-09	0.724301
1.32105e-09	0.724592
1.32111e-09	0.724883
1.32118e-09	0.725173
1.32124e-09	0.725463
1.3213e-09	0.725753
1.32137e-09	0.726044
1.32143e-09	0.726333
1.3215e-09	0.726623
1.32156e-09	0.726913
1.32162e-09	0.727203
1.32169e-09	0.727492
1.32175e-09	0.727782
1.32182e-09	0.728071
1.32188e-09	0.72836
1.32194e-09	0.728649
1.32201e-09	0.728938
1.32207e-09	0.729227
1.32214e-09	0.729516
1.3222e-09	0.729804
1.32226e-09	0.730093
1.32233e-09	0.730381
1.32239e-09	0.73067
1.32246e-09	0.730958
1.32252e-09	0.731246
1.32258e-09	0.731534
1.32265e-09	0.731822
1.32271e-09	0.732109
1.32278e-09	0.732397
1.32284e-09	0.732685
1.3229e-09	0.732972
1.32297e-09	0.733259
1.32303e-09	0.733546
1.3231e-09	0.733833
1.32316e-09	0.73412
1.32322e-09	0.734407
1.32329e-09	0.734694
1.32335e-09	0.734981
1.32342e-09	0.735267
1.32348e-09	0.735554
1.32354e-09	0.73584
1.32361e-09	0.736126
1.32367e-09	0.736412
1.32374e-09	0.736698
1.3238e-09	0.736984
1.32386e-09	0.737269
1.32393e-09	0.737555
1.32399e-09	0.73784
1.32406e-09	0.738126
1.32412e-09	0.738411
1.32418e-09	0.738696
1.32425e-09	0.738981
1.32431e-09	0.739266
1.32438e-09	0.739551
1.32444e-09	0.739836
1.3245e-09	0.74012
1.32457e-09	0.740405
1.32463e-09	0.740689
1.3247e-09	0.740973
1.32476e-09	0.741257
1.32482e-09	0.741541
1.32489e-09	0.741825
1.32495e-09	0.742109
1.32502e-09	0.742393
1.32508e-09	0.742676
1.32514e-09	0.74296
1.32521e-09	0.743243
1.32527e-09	0.743526
1.32534e-09	0.743809
1.3254e-09	0.744092
1.32546e-09	0.744375
1.32553e-09	0.744658
1.32559e-09	0.74494
1.32566e-09	0.745223
1.32572e-09	0.745505
1.32578e-09	0.745787
1.32585e-09	0.746069
1.32591e-09	0.746351
1.32598e-09	0.746633
1.32604e-09	0.746915
1.3261e-09	0.747197
1.32617e-09	0.747478
1.32623e-09	0.74776
1.3263e-09	0.748041
1.32636e-09	0.748322
1.32642e-09	0.748604
1.32649e-09	0.748884
1.32655e-09	0.749165
1.32662e-09	0.749446
1.32668e-09	0.749727
1.32674e-09	0.750007
1.32681e-09	0.750288
1.32687e-09	0.750568
1.32694e-09	0.750848
1.327e-09	0.751128
1.32706e-09	0.751408
1.32713e-09	0.751688
1.32719e-09	0.751967
1.32726e-09	0.752247
1.32732e-09	0.752526
1.32738e-09	0.752806
1.32745e-09	0.753085
1.32751e-09	0.753364
1.32758e-09	0.753643
1.32764e-09	0.753922
1.3277e-09	0.754201
1.32777e-09	0.754479
1.32783e-09	0.754758
1.3279e-09	0.755036
1.32796e-09	0.755314
1.32802e-09	0.755592
1.32809e-09	0.75587
1.32815e-09	0.756148
1.32822e-09	0.756426
1.32828e-09	0.756704
1.32834e-09	0.756981
1.32841e-09	0.757259
1.32847e-09	0.757536
1.32854e-09	0.757813
1.3286e-09	0.75809
1.32866e-09	0.758367
1.32873e-09	0.758644
1.32879e-09	0.758921
1.32886e-09	0.759197
1.32892e-09	0.759474
1.32898e-09	0.75975
1.32905e-09	0.760026
1.32911e-09	0.760302
1.32918e-09	0.760578
1.32924e-09	0.760854
1.3293e-09	0.76113
1.32937e-09	0.761406
1.32943e-09	0.761681
1.3295e-09	0.761956
1.32956e-09	0.762232
1.32962e-09	0.762507
1.32969e-09	0.762782
1.32975e-09	0.763057
1.32982e-09	0.763331
1.32988e-09	0.763606
1.32994e-09	0.763881
1.33001e-09	0.764155
1.33007e-09	0.764429
1.33014e-09	0.764703
1.3302e-09	0.764977
1.33026e-09	0.765251
1.33033e-09	0.765525
1.33039e-09	0.765799
1.33046e-09	0.766072
1.33052e-09	0.766346
1.33058e-09	0.766619
1.33065e-09	0.766892
1.33071e-09	0.767165
1.33078e-09	0.767438
1.33084e-09	0.767711
1.3309e-09	0.767984
1.33097e-09	0.768256
1.33103e-09	0.768529
1.3311e-09	0.768801
1.33116e-09	0.769073
1.33122e-09	0.769345
1.33129e-09	0.769617
1.33135e-09	0.769889
1.33142e-09	0.770161
1.33148e-09	0.770432
1.33154e-09	0.770704
1.33161e-09	0.770975
1.33167e-09	0.771246
1.33174e-09	0.771517
1.3318e-09	0.771788
1.33186e-09	0.772059
1.33193e-09	0.77233
1.33199e-09	0.7726
1.33206e-09	0.772871
1.33212e-09	0.773141
1.33218e-09	0.773411
1.33225e-09	0.773681
1.33231e-09	0.773951
1.33238e-09	0.774221
1.33244e-09	0.774491
1.3325e-09	0.77476
1.33257e-09	0.77503
1.33263e-09	0.775299
1.3327e-09	0.775568
1.33276e-09	0.775837
1.33282e-09	0.776106
1.33289e-09	0.776375
1.33295e-09	0.776644
1.33302e-09	0.776912
1.33308e-09	0.777181
1.33314e-09	0.777449
1.33321e-09	0.777717
1.33327e-09	0.777985
1.33334e-09	0.778253
1.3334e-09	0.778521
1.33346e-09	0.778789
1.33353e-09	0.779056
1.33359e-09	0.779324
1.33366e-09	0.779591
1.33372e-09	0.779858
1.33378e-09	0.780125
1.33385e-09	0.780392
1.33391e-09	0.780659
1.33398e-09	0.780926
1.33404e-09	0.781192
1.3341e-09	0.781459
1.33417e-09	0.781725
1.33423e-09	0.781991
1.3343e-09	0.782257
1.33436e-09	0.782523
1.33442e-09	0.782789
1.33449e-09	0.783054
1.33455e-09	0.78332
1.33462e-09	0.783585
1.33468e-09	0.783851
1.33474e-09	0.784116
1.33481e-09	0.784381
1.33487e-09	0.784646
1.33494e-09	0.78491
1.335e-09	0.785175
1.33506e-09	0.785439
1.33513e-09	0.785704
1.33519e-09	0.785968
1.33526e-09	0.786232
1.33532e-09	0.786496
1.33538e-09	0.78676
1.33545e-09	0.787024
1.33551e-09	0.787287
1.33558e-09	0.787551
1.33564e-09	0.787814
1.3357e-09	0.788077
1.33577e-09	0.78834
1.33583e-09	0.788603
1.3359e-09	0.788866
1.33596e-09	0.789129
1.33602e-09	0.789391
1.33609e-09	0.789654
1.33615e-09	0.789916
1.33622e-09	0.790178
1.33628e-09	0.79044
1.33635e-09	0.790702
1.33641e-09	0.790964
1.33647e-09	0.791226
1.33654e-09	0.791487
1.3366e-09	0.791748
1.33667e-09	0.79201
1.33673e-09	0.792271
1.33679e-09	0.792532
1.33686e-09	0.792793
1.33692e-09	0.793053
1.33699e-09	0.793314
1.33705e-09	0.793574
1.33711e-09	0.793835
1.33718e-09	0.794095
1.33724e-09	0.794355
1.33731e-09	0.794615
1.33737e-09	0.794875
1.33743e-09	0.795134
1.3375e-09	0.795394
1.33756e-09	0.795653
1.33763e-09	0.795913
1.33769e-09	0.796172
1.33775e-09	0.796431
1.33782e-09	0.79669
1.33788e-09	0.796948
1.33795e-09	0.797207
1.33801e-09	0.797466
1.33807e-09	0.797724
1.33814e-09	0.797982
1.3382e-09	0.79824
1.33827e-09	0.798498
1.33833e-09	0.798756
1.33839e-09	0.799014
1.33846e-09	0.799271
1.33852e-09	0.799529
1.33859e-09	0.799786
1.33865e-09	0.800043
1.33871e-09	0.8003
1.33878e-09	0.800557
1.33884e-09	0.800814
1.33891e-09	0.80107
1.33897e-09	0.801327
1.33903e-09	0.801583
1.3391e-09	0.80184
1.33916e-09	0.802096
1.33923e-09	0.802352
1.33929e-09	0.802607
1.33935e-09	0.802863
1.33942e-09	0.803119
1.33948e-09	0.803374
1.33955e-09	0.803629
1.33961e-09	0.803884
1.33967e-09	0.804139
1.33974e-09	0.804394
1.3398e-09	0.804649
1.33987e-09	0.804904
1.33993e-09	0.805158
1.33999e-09	0.805413
1.34006e-09	0.805667
1.34012e-09	0.805921
1.34019e-09	0.806175
1.34025e-09	0.806429
1.34031e-09	0.806682
1.34038e-09	0.806936
1.34044e-09	0.807189
1.34051e-09	0.807442
1.34057e-09	0.807696
1.34063e-09	0.807948
1.3407e-09	0.808201
1.34076e-09	0.808454
1.34083e-09	0.808707
1.34089e-09	0.808959
1.34095e-09	0.809211
1.34102e-09	0.809464
1.34108e-09	0.809716
1.34115e-09	0.809967
1.34121e-09	0.810219
1.34127e-09	0.810471
1.34134e-09	0.810722
1.3414e-09	0.810974
1.34147e-09	0.811225
1.34153e-09	0.811476
1.34159e-09	0.811727
1.34166e-09	0.811978
1.34172e-09	0.812228
1.34179e-09	0.812479
1.34185e-09	0.812729
1.34191e-09	0.81298
1.34198e-09	0.81323
1.34204e-09	0.81348
1.34211e-09	0.81373
1.34217e-09	0.813979
1.34223e-09	0.814229
1.3423e-09	0.814478
1.34236e-09	0.814728
1.34243e-09	0.814977
1.34249e-09	0.815226
1.34255e-09	0.815475
1.34262e-09	0.815723
1.34268e-09	0.815972
1.34275e-09	0.81622
1.34281e-09	0.816469
1.34287e-09	0.816717
1.34294e-09	0.816965
1.343e-09	0.817213
1.34307e-09	0.817461
1.34313e-09	0.817708
1.34319e-09	0.817956
1.34326e-09	0.818203
1.34332e-09	0.81845
1.34339e-09	0.818697
1.34345e-09	0.818944
1.34351e-09	0.819191
1.34358e-09	0.819438
1.34364e-09	0.819684
1.34371e-09	0.819931
1.34377e-09	0.820177
1.34383e-09	0.820423
1.3439e-09	0.820669
1.34396e-09	0.820915
1.34403e-09	0.82116
1.34409e-09	0.821406
1.34415e-09	0.821651
1.34422e-09	0.821897
1.34428e-09	0.822142
1.34435e-09	0.822387
1.34441e-09	0.822632
1.34447e-09	0.822876
1.34454e-09	0.823121
1.3446e-09	0.823365
1.34467e-09	0.82361
1.34473e-09	0.823854
1.34479e-09	0.824098
1.34486e-09	0.824342
1.34492e-09	0.824585
1.34499e-09	0.824829
1.34505e-09	0.825072
1.34511e-09	0.825316
1.34518e-09	0.825559
1.34524e-09	0.825802
1.34531e-09	0.826045
1.34537e-09	0.826287
1.34543e-09	0.82653
1.3455e-09	0.826772
1.34556e-09	0.827015
1.34563e-09	0.827257
1.34569e-09	0.827499
1.34575e-09	0.827741
1.34582e-09	0.827982
1.34588e-09	0.828224
1.34595e-09	0.828465
1.34601e-09	0.828707
1.34607e-09	0.828948
1.34614e-09	0.829189
1.3462e-09	0.82943
1.34627e-09	0.829671
1.34633e-09	0.829911
1.34639e-09	0.830152
1.34646e-09	0.830392
1.34652e-09	0.830632
1.34659e-09	0.830872
1.34665e-09	0.831112
1.34671e-09	0.831352
1.34678e-09	0.831591
1.34684e-09	0.831831
1.34691e-09	0.83207
1.34697e-09	0.832309
1.34703e-09	0.832548
1.3471e-09	0.832787
1.34716e-09	0.833026
1.34723e-09	0.833264
1.34729e-09	0.833503
1.34735e-09	0.833741
1.34742e-09	0.833979
1.34748e-09	0.834217
1.34755e-09	0.834455
1.34761e-09	0.834693
1.34767e-09	0.83493
1.34774e-09	0.835168
1.3478e-09	0.835405
1.34787e-09	0.835642
1.34793e-09	0.835879
1.34799e-09	0.836116
1.34806e-09	0.836353
1.34812e-09	0.836589
1.34819e-09	0.836826
1.34825e-09	0.837062
1.34831e-09	0.837298
1.34838e-09	0.837534
1.34844e-09	0.83777
1.34851e-09	0.838006
1.34857e-09	0.838241
1.34863e-09	0.838477
1.3487e-09	0.838712
1.34876e-09	0.838947
1.34883e-09	0.839182
1.34889e-09	0.839417
1.34895e-09	0.839652
1.34902e-09	0.839886
1.34908e-09	0.840121
1.34915e-09	0.840355
1.34921e-09	0.840589
1.34927e-09	0.840823
1.34934e-09	0.841057
1.3494e-09	0.84129
1.34947e-09	0.841524
1.34953e-09	0.841757
1.34959e-09	0.84199
1.34966e-09	0.842223
1.34972e-09	0.842456
1.34979e-09	0.842689
1.34985e-09	0.842922
1.34991e-09	0.843154
1.34998e-09	0.843387
1.35004e-09	0.843619
1.35011e-09	0.843851
1.35017e-09	0.844083
1.35023e-09	0.844314
1.3503e-09	0.844546
1.35036e-09	0.844778
1.35043e-09	0.845009
1.35049e-09	0.84524
1.35055e-09	0.845471
1.35062e-09	0.845702
1.35068e-09	0.845933
1.35075e-09	0.846163
1.35081e-09	0.846394
1.35087e-09	0.846624
1.35094e-09	0.846854
1.351e-09	0.847084
1.35107e-09	0.847314
1.35113e-09	0.847543
1.35119e-09	0.847773
1.35126e-09	0.848002
1.35132e-09	0.848232
1.35139e-09	0.848461
1.35145e-09	0.84869
1.35151e-09	0.848918
1.35158e-09	0.849147
1.35164e-09	0.849375
1.35171e-09	0.849604
1.35177e-09	0.849832
1.35183e-09	0.85006
1.3519e-09	0.850288
1.35196e-09	0.850516
1.35203e-09	0.850743
1.35209e-09	0.850971
1.35215e-09	0.851198
1.35222e-09	0.851425
1.35228e-09	0.851652
1.35235e-09	0.851879
1.35241e-09	0.852106
1.35247e-09	0.852332
1.35254e-09	0.852559
1.3526e-09	0.852785
1.35267e-09	0.853011
1.35273e-09	0.853237
1.35279e-09	0.853463
1.35286e-09	0.853688
1.35292e-09	0.853914
1.35299e-09	0.854139
1.35305e-09	0.854364
1.35311e-09	0.854589
1.35318e-09	0.854814
1.35324e-09	0.855039
1.35331e-09	0.855264
1.35337e-09	0.855488
1.35343e-09	0.855712
1.3535e-09	0.855937
1.35356e-09	0.856161
1.35363e-09	0.856384
1.35369e-09	0.856608
1.35376e-09	0.856832
1.35382e-09	0.857055
1.35388e-09	0.857278
1.35395e-09	0.857501
1.35401e-09	0.857724
1.35408e-09	0.857947
1.35414e-09	0.85817
1.3542e-09	0.858392
1.35427e-09	0.858614
1.35433e-09	0.858837
1.3544e-09	0.859059
1.35446e-09	0.85928
1.35452e-09	0.859502
1.35459e-09	0.859724
1.35465e-09	0.859945
1.35472e-09	0.860166
1.35478e-09	0.860388
1.35484e-09	0.860609
1.35491e-09	0.860829
1.35497e-09	0.86105
1.35504e-09	0.86127
1.3551e-09	0.861491
1.35516e-09	0.861711
1.35523e-09	0.861931
1.35529e-09	0.862151
1.35536e-09	0.862371
1.35542e-09	0.86259
1.35548e-09	0.86281
1.35555e-09	0.863029
1.35561e-09	0.863248
1.35568e-09	0.863467
1.35574e-09	0.863686
1.3558e-09	0.863904
1.35587e-09	0.864123
1.35593e-09	0.864341
1.356e-09	0.86456
1.35606e-09	0.864778
1.35612e-09	0.864995
1.35619e-09	0.865213
1.35625e-09	0.865431
1.35632e-09	0.865648
1.35638e-09	0.865865
1.35644e-09	0.866083
1.35651e-09	0.8663
1.35657e-09	0.866516
1.35664e-09	0.866733
1.3567e-09	0.866949
1.35676e-09	0.867166
1.35683e-09	0.867382
1.35689e-09	0.867598
1.35696e-09	0.867814
1.35702e-09	0.86803
1.35708e-09	0.868245
1.35715e-09	0.868461
1.35721e-09	0.868676
1.35728e-09	0.868891
1.35734e-09	0.869106
1.3574e-09	0.869321
1.35747e-09	0.869535
1.35753e-09	0.86975
1.3576e-09	0.869964
1.35766e-09	0.870178
1.35772e-09	0.870392
1.35779e-09	0.870606
1.35785e-09	0.87082
1.35792e-09	0.871034
1.35798e-09	0.871247
1.35804e-09	0.87146
1.35811e-09	0.871673
1.35817e-09	0.871886
1.35824e-09	0.872099
1.3583e-09	0.872312
1.35836e-09	0.872524
1.35843e-09	0.872736
1.35849e-09	0.872949
1.35856e-09	0.873161
1.35862e-09	0.873372
1.35868e-09	0.873584
1.35875e-09	0.873796
1.35881e-09	0.874007
1.35888e-09	0.874218
1.35894e-09	0.874429
1.359e-09	0.87464
1.35907e-09	0.874851
1.35913e-09	0.875061
1.3592e-09	0.875272
1.35926e-09	0.875482
1.35932e-09	0.875692
1.35939e-09	0.875902
1.35945e-09	0.876112
1.35952e-09	0.876322
1.35958e-09	0.876531
1.35964e-09	0.87674
1.35971e-09	0.87695
1.35977e-09	0.877159
1.35984e-09	0.877367
1.3599e-09	0.877576
1.35996e-09	0.877785
1.36003e-09	0.877993
1.36009e-09	0.878201
1.36016e-09	0.878409
1.36022e-09	0.878617
1.36028e-09	0.878825
1.36035e-09	0.879032
1.36041e-09	0.87924
1.36048e-09	0.879447
1.36054e-09	0.879654
1.3606e-09	0.879861
1.36067e-09	0.880068
1.36073e-09	0.880275
1.3608e-09	0.880481
1.36086e-09	0.880687
1.36092e-09	0.880894
1.36099e-09	0.8811
1.36105e-09	0.881305
1.36112e-09	0.881511
1.36118e-09	0.881717
1.36124e-09	0.881922
1.36131e-09	0.882127
1.36137e-09	0.882332
1.36144e-09	0.882537
1.3615e-09	0.882742
1.36156e-09	0.882946
1.36163e-09	0.883151
1.36169e-09	0.883355
1.36176e-09	0.883559
1.36182e-09	0.883763
1.36188e-09	0.883967
1.36195e-09	0.88417
1.36201e-09	0.884374
1.36208e-09	0.884577
1.36214e-09	0.88478
1.3622e-09	0.884983
1.36227e-09	0.885186
1.36233e-09	0.885389
1.3624e-09	0.885591
1.36246e-09	0.885794
1.36252e-09	0.885996
1.36259e-09	0.886198
1.36265e-09	0.8864
1.36272e-09	0.886601
1.36278e-09	0.886803
1.36284e-09	0.887004
1.36291e-09	0.887205
1.36297e-09	0.887406
1.36304e-09	0.887607
1.3631e-09	0.887808
1.36316e-09	0.888008
1.36323e-09	0.888209
1.36329e-09	0.888409
1.36336e-09	0.888609
1.36342e-09	0.888809
1.36348e-09	0.889009
1.36355e-09	0.889208
1.36361e-09	0.889408
1.36368e-09	0.889607
1.36374e-09	0.889806
1.3638e-09	0.890005
1.36387e-09	0.890204
1.36393e-09	0.890402
1.364e-09	0.890601
1.36406e-09	0.890799
1.36412e-09	0.890997
1.36419e-09	0.891195
1.36425e-09	0.891393
1.36432e-09	0.891591
1.36438e-09	0.891788
1.36444e-09	0.891985
1.36451e-09	0.892183
1.36457e-09	0.89238
1.36464e-09	0.892576
1.3647e-09	0.892773
1.36476e-09	0.89297
1.36483e-09	0.893166
1.36489e-09	0.893362
1.36496e-09	0.893558
1.36502e-09	0.893754
1.36508e-09	0.89395
1.36515e-09	0.894145
1.36521e-09	0.894341
1.36528e-09	0.894536
1.36534e-09	0.894731
1.3654e-09	0.894926
1.36547e-09	0.89512
1.36553e-09	0.895315
1.3656e-09	0.895509
1.36566e-09	0.895703
1.36572e-09	0.895897
1.36579e-09	0.896091
1.36585e-09	0.896285
1.36592e-09	0.896479
1.36598e-09	0.896672
1.36604e-09	0.896865
1.36611e-09	0.897058
1.36617e-09	0.897251
1.36624e-09	0.897444
1.3663e-09	0.897637
1.36636e-09	0.897829
1.36643e-09	0.898021
1.36649e-09	0.898213
1.36656e-09	0.898405
1.36662e-09	0.898597
1.36668e-09	0.898789
1.36675e-09	0.89898
1.36681e-09	0.899171
1.36688e-09	0.899362
1.36694e-09	0.899553
1.367e-09	0.899744
1.36707e-09	0.899935
1.36713e-09	0.900125
1.3672e-09	0.900315
1.36726e-09	0.900505
1.36732e-09	0.900695
1.36739e-09	0.900885
1.36745e-09	0.901075
1.36752e-09	0.901264
1.36758e-09	0.901453
1.36764e-09	0.901642
1.36771e-09	0.901831
1.36777e-09	0.90202
1.36784e-09	0.902209
1.3679e-09	0.902397
1.36796e-09	0.902586
1.36803e-09	0.902774
1.36809e-09	0.902962
1.36816e-09	0.903149
1.36822e-09	0.903337
1.36828e-09	0.903524
1.36835e-09	0.903712
1.36841e-09	0.903899
1.36848e-09	0.904086
1.36854e-09	0.904273
1.3686e-09	0.904459
1.36867e-09	0.904646
1.36873e-09	0.904832
1.3688e-09	0.905018
1.36886e-09	0.905204
1.36892e-09	0.90539
1.36899e-09	0.905575
1.36905e-09	0.905761
1.36912e-09	0.905946
1.36918e-09	0.906131
1.36924e-09	0.906316
1.36931e-09	0.906501
1.36937e-09	0.906686
1.36944e-09	0.90687
1.3695e-09	0.907054
1.36956e-09	0.907238
1.36963e-09	0.907422
1.36969e-09	0.907606
1.36976e-09	0.90779
1.36982e-09	0.907973
1.36988e-09	0.908156
1.36995e-09	0.90834
1.37001e-09	0.908522
1.37008e-09	0.908705
1.37014e-09	0.908888
1.3702e-09	0.90907
1.37027e-09	0.909252
1.37033e-09	0.909435
1.3704e-09	0.909617
1.37046e-09	0.909798
1.37052e-09	0.90998
1.37059e-09	0.910161
1.37065e-09	0.910343
1.37072e-09	0.910524
1.37078e-09	0.910705
1.37084e-09	0.910885
1.37091e-09	0.911066
1.37097e-09	0.911246
1.37104e-09	0.911427
1.3711e-09	0.911607
1.37117e-09	0.911786
1.37123e-09	0.911966
1.37129e-09	0.912146
1.37136e-09	0.912325
1.37142e-09	0.912504
1.37149e-09	0.912683
1.37155e-09	0.912862
1.37161e-09	0.913041
1.37168e-09	0.91322
1.37174e-09	0.913398
1.37181e-09	0.913576
1.37187e-09	0.913754
1.37193e-09	0.913932
1.372e-09	0.91411
1.37206e-09	0.914287
1.37213e-09	0.914465
1.37219e-09	0.914642
1.37225e-09	0.914819
1.37232e-09	0.914996
1.37238e-09	0.915173
1.37245e-09	0.915349
1.37251e-09	0.915525
1.37257e-09	0.915702
1.37264e-09	0.915878
1.3727e-09	0.916053
1.37277e-09	0.916229
1.37283e-09	0.916405
1.37289e-09	0.91658
1.37296e-09	0.916755
1.37302e-09	0.91693
1.37309e-09	0.917105
1.37315e-09	0.917279
1.37321e-09	0.917454
1.37328e-09	0.917628
1.37334e-09	0.917802
1.37341e-09	0.917976
1.37347e-09	0.91815
1.37353e-09	0.918324
1.3736e-09	0.918497
1.37366e-09	0.91867
1.37373e-09	0.918844
1.37379e-09	0.919016
1.37385e-09	0.919189
1.37392e-09	0.919362
1.37398e-09	0.919534
1.37405e-09	0.919706
1.37411e-09	0.919879
1.37417e-09	0.92005
1.37424e-09	0.920222
1.3743e-09	0.920394
1.37437e-09	0.920565
1.37443e-09	0.920736
1.37449e-09	0.920907
1.37456e-09	0.921078
1.37462e-09	0.921249
1.37469e-09	0.92142
1.37475e-09	0.92159
1.37481e-09	0.92176
1.37488e-09	0.92193
1.37494e-09	0.9221
1.37501e-09	0.92227
1.37507e-09	0.922439
1.37513e-09	0.922608
1.3752e-09	0.922778
1.37526e-09	0.922947
1.37533e-09	0.923115
1.37539e-09	0.923284
1.37545e-09	0.923452
1.37552e-09	0.923621
1.37558e-09	0.923789
1.37565e-09	0.923957
1.37571e-09	0.924124
1.37577e-09	0.924292
1.37584e-09	0.92446
1.3759e-09	0.924627
1.37597e-09	0.924794
1.37603e-09	0.924961
1.37609e-09	0.925128
1.37616e-09	0.925294
1.37622e-09	0.92546
1.37629e-09	0.925627
1.37635e-09	0.925793
1.37641e-09	0.925959
1.37648e-09	0.926124
1.37654e-09	0.92629
1.37661e-09	0.926455
1.37667e-09	0.92662
1.37673e-09	0.926785
1.3768e-09	0.92695
1.37686e-09	0.927115
1.37693e-09	0.927279
1.37699e-09	0.927443
1.37705e-09	0.927608
1.37712e-09	0.927772
1.37718e-09	0.927935
1.37725e-09	0.928099
1.37731e-09	0.928262
1.37737e-09	0.928426
1.37744e-09	0.928589
1.3775e-09	0.928752
1.37757e-09	0.928914
1.37763e-09	0.929077
1.37769e-09	0.929239
1.37776e-09	0.929401
1.37782e-09	0.929564
1.37789e-09	0.929725
1.37795e-09	0.929887
1.37801e-09	0.930049
1.37808e-09	0.93021
1.37814e-09	0.930371
1.37821e-09	0.930532
1.37827e-09	0.930693
1.37833e-09	0.930853
1.3784e-09	0.931014
1.37846e-09	0.931174
1.37853e-09	0.931334
1.37859e-09	0.931494
1.37865e-09	0.931654
1.37872e-09	0.931814
1.37878e-09	0.931973
1.37885e-09	0.932132
1.37891e-09	0.932291
1.37897e-09	0.93245
1.37904e-09	0.932609
1.3791e-09	0.932767
1.37917e-09	0.932926
1.37923e-09	0.933084
1.37929e-09	0.933242
1.37936e-09	0.9334
1.37942e-09	0.933557
1.37949e-09	0.933715
1.37955e-09	0.933872
1.37961e-09	0.934029
1.37968e-09	0.934186
1.37974e-09	0.934343
1.37981e-09	0.9345
1.37987e-09	0.934656
1.37993e-09	0.934812
1.38e-09	0.934968
1.38006e-09	0.935124
1.38013e-09	0.93528
1.38019e-09	0.935435
1.38025e-09	0.935591
1.38032e-09	0.935746
1.38038e-09	0.935901
1.38045e-09	0.936056
1.38051e-09	0.93621
1.38057e-09	0.936365
1.38064e-09	0.936519
1.3807e-09	0.936673
1.38077e-09	0.936827
1.38083e-09	0.936981
1.38089e-09	0.937135
1.38096e-09	0.937288
1.38102e-09	0.937441
1.38109e-09	0.937594
1.38115e-09	0.937747
1.38121e-09	0.9379
1.38128e-09	0.938052
1.38134e-09	0.938205
1.38141e-09	0.938357
1.38147e-09	0.938509
1.38153e-09	0.938661
1.3816e-09	0.938812
1.38166e-09	0.938964
1.38173e-09	0.939115
1.38179e-09	0.939266
1.38185e-09	0.939417
1.38192e-09	0.939568
1.38198e-09	0.939718
1.38205e-09	0.939869
1.38211e-09	0.940019
1.38217e-09	0.940169
1.38224e-09	0.940319
1.3823e-09	0.940469
1.38237e-09	0.940618
1.38243e-09	0.940767
1.38249e-09	0.940917
1.38256e-09	0.941066
1.38262e-09	0.941214
1.38269e-09	0.941363
1.38275e-09	0.941511
1.38281e-09	0.94166
1.38288e-09	0.941808
1.38294e-09	0.941956
1.38301e-09	0.942103
1.38307e-09	0.942251
1.38313e-09	0.942398
1.3832e-09	0.942545
1.38326e-09	0.942692
1.38333e-09	0.942839
1.38339e-09	0.942986
1.38345e-09	0.943132
1.38352e-09	0.943279
1.38358e-09	0.943425
1.38365e-09	0.943571
1.38371e-09	0.943716
1.38377e-09	0.943862
1.38384e-09	0.944007
1.3839e-09	0.944153
1.38397e-09	0.944298
1.38403e-09	0.944442
1.38409e-09	0.944587
1.38416e-09	0.944732
1.38422e-09	0.944876
1.38429e-09	0.94502
1.38435e-09	0.945164
1.38441e-09	0.945308
1.38448e-09	0.945451
1.38454e-09	0.945595
1.38461e-09	0.945738
1.38467e-09	0.945881
1.38473e-09	0.946024
1.3848e-09	0.946167
1.38486e-09	0.946309
1.38493e-09	0.946451
1.38499e-09	0.946594
1.38505e-09	0.946736
1.38512e-09	0.946877
1.38518e-09	0.947019
1.38525e-09	0.94716
1.38531e-09	0.947302
1.38537e-09	0.947443
1.38544e-09	0.947584
1.3855e-09	0.947724
1.38557e-09	0.947865
1.38563e-09	0.948005
1.38569e-09	0.948145
1.38576e-09	0.948285
1.38582e-09	0.948425
1.38589e-09	0.948565
1.38595e-09	0.948704
1.38601e-09	0.948844
1.38608e-09	0.948983
1.38614e-09	0.949122
1.38621e-09	0.94926
1.38627e-09	0.949399
1.38633e-09	0.949537
1.3864e-09	0.949675
1.38646e-09	0.949813
1.38653e-09	0.949951
1.38659e-09	0.950089
1.38665e-09	0.950226
1.38672e-09	0.950363
1.38678e-09	0.950501
1.38685e-09	0.950637
1.38691e-09	0.950774
1.38697e-09	0.950911
1.38704e-09	0.951047
1.3871e-09	0.951183
1.38717e-09	0.951319
1.38723e-09	0.951455
1.38729e-09	0.951591
1.38736e-09	0.951726
1.38742e-09	0.951861
1.38749e-09	0.951997
1.38755e-09	0.952131
1.38761e-09	0.952266
1.38768e-09	0.952401
1.38774e-09	0.952535
1.38781e-09	0.952669
1.38787e-09	0.952803
1.38793e-09	0.952937
1.388e-09	0.953071
1.38806e-09	0.953204
1.38813e-09	0.953337
1.38819e-09	0.953471
1.38825e-09	0.953603
1.38832e-09	0.953736
1.38838e-09	0.953869
1.38845e-09	0.954001
1.38851e-09	0.954133
1.38857e-09	0.954265
1.38864e-09	0.954397
1.3887e-09	0.954529
1.38877e-09	0.95466
1.38883e-09	0.954791
1.3889e-09	0.954922
1.38896e-09	0.955053
1.38902e-09	0.955184
1.38909e-09	0.955315
1.38915e-09	0.955445
1.38922e-09	0.955575
1.38928e-09	0.955705
1.38934e-09	0.955835
1.38941e-09	0.955964
1.38947e-09	0.956094
1.38954e-09	0.956223
1.3896e-09	0.956352
1.38966e-09	0.956481
1.38973e-09	0.95661
1.38979e-09	0.956738
1.38986e-09	0.956867
1.38992e-09	0.956995
1.38998e-09	0.957123
1.39005e-09	0.95725
1.39011e-09	0.957378
1.39018e-09	0.957505
1.39024e-09	0.957633
1.3903e-09	0.95776
1.39037e-09	0.957887
1.39043e-09	0.958013
1.3905e-09	0.95814
1.39056e-09	0.958266
1.39062e-09	0.958392
1.39069e-09	0.958518
1.39075e-09	0.958644
1.39082e-09	0.958769
1.39088e-09	0.958895
1.39094e-09	0.95902
1.39101e-09	0.959145
1.39107e-09	0.95927
1.39114e-09	0.959394
1.3912e-09	0.959519
1.39126e-09	0.959643
1.39133e-09	0.959767
1.39139e-09	0.959891
1.39146e-09	0.960015
1.39152e-09	0.960138
1.39158e-09	0.960262
1.39165e-09	0.960385
1.39171e-09	0.960508
1.39178e-09	0.960631
1.39184e-09	0.960753
1.3919e-09	0.960876
1.39197e-09	0.960998
1.39203e-09	0.96112
1.3921e-09	0.961242
1.39216e-09	0.961364
1.39222e-09	0.961485
1.39229e-09	0.961607
1.39235e-09	0.961728
1.39242e-09	0.961849
1.39248e-09	0.961969
1.39254e-09	0.96209
1.39261e-09	0.96221
1.39267e-09	0.962331
1.39274e-09	0.962451
1.3928e-09	0.96257
1.39286e-09	0.96269
1.39293e-09	0.96281
1.39299e-09	0.962929
1.39306e-09	0.963048
1.39312e-09	0.963167
1.39318e-09	0.963286
1.39325e-09	0.963404
1.39331e-09	0.963522
1.39338e-09	0.963641
1.39344e-09	0.963759
1.3935e-09	0.963876
1.39357e-09	0.963994
1.39363e-09	0.964112
1.3937e-09	0.964229
1.39376e-09	0.964346
1.39382e-09	0.964463
1.39389e-09	0.964579
1.39395e-09	0.964696
1.39402e-09	0.964812
1.39408e-09	0.964928
1.39414e-09	0.965044
1.39421e-09	0.96516
1.39427e-09	0.965276
1.39434e-09	0.965391
1.3944e-09	0.965506
1.39446e-09	0.965621
1.39453e-09	0.965736
1.39459e-09	0.965851
1.39466e-09	0.965965
1.39472e-09	0.966079
1.39478e-09	0.966193
1.39485e-09	0.966307
1.39491e-09	0.966421
1.39498e-09	0.966534
1.39504e-09	0.966648
1.3951e-09	0.966761
1.39517e-09	0.966874
1.39523e-09	0.966987
1.3953e-09	0.967099
1.39536e-09	0.967212
1.39542e-09	0.967324
1.39549e-09	0.967436
1.39555e-09	0.967548
1.39562e-09	0.967659
1.39568e-09	0.967771
1.39574e-09	0.967882
1.39581e-09	0.967993
1.39587e-09	0.968104
1.39594e-09	0.968215
1.396e-09	0.968325
1.39606e-09	0.968436
1.39613e-09	0.968546
1.39619e-09	0.968656
1.39626e-09	0.968765
1.39632e-09	0.968875
1.39638e-09	0.968984
1.39645e-09	0.969094
1.39651e-09	0.969203
1.39658e-09	0.969311
1.39664e-09	0.96942
1.3967e-09	0.969529
1.39677e-09	0.969637
1.39683e-09	0.969745
1.3969e-09	0.969853
1.39696e-09	0.969961
1.39702e-09	0.970068
1.39709e-09	0.970175
1.39715e-09	0.970283
1.39722e-09	0.970389
1.39728e-09	0.970496
1.39734e-09	0.970603
1.39741e-09	0.970709
1.39747e-09	0.970815
1.39754e-09	0.970921
1.3976e-09	0.971027
1.39766e-09	0.971133
1.39773e-09	0.971238
1.39779e-09	0.971344
1.39786e-09	0.971449
1.39792e-09	0.971554
1.39798e-09	0.971658
1.39805e-09	0.971763
1.39811e-09	0.971867
1.39818e-09	0.971971
1.39824e-09	0.972075
1.3983e-09	0.972179
1.39837e-09	0.972283
1.39843e-09	0.972386
1.3985e-09	0.972489
1.39856e-09	0.972592
1.39862e-09	0.972695
1.39869e-09	0.972798
1.39875e-09	0.9729
1.39882e-09	0.973002
1.39888e-09	0.973104
1.39894e-09	0.973206
1.39901e-09	0.973308
1.39907e-09	0.973409
1.39914e-09	0.973511
1.3992e-09	0.973612
1.39926e-09	0.973713
1.39933e-09	0.973813
1.39939e-09	0.973914
1.39946e-09	0.974014
1.39952e-09	0.974114
1.39958e-09	0.974214
1.39965e-09	0.974314
1.39971e-09	0.974414
1.39978e-09	0.974513
1.39984e-09	0.974612
1.3999e-09	0.974711
1.39997e-09	0.97481
1.40003e-09	0.974909
1.4001e-09	0.975007
1.40016e-09	0.975106
1.40022e-09	0.975204
1.40029e-09	0.975302
1.40035e-09	0.975399
1.40042e-09	0.975497
1.40048e-09	0.975594
1.40054e-09	0.975691
1.40061e-09	0.975788
1.40067e-09	0.975885
1.40074e-09	0.975982
1.4008e-09	0.976078
1.40086e-09	0.976174
1.40093e-09	0.97627
1.40099e-09	0.976366
1.40106e-09	0.976462
1.40112e-09	0.976557
1.40118e-09	0.976652
1.40125e-09	0.976747
1.40131e-09	0.976842
1.40138e-09	0.976937
1.40144e-09	0.977031
1.4015e-09	0.977126
1.40157e-09	0.97722
1.40163e-09	0.977314
1.4017e-09	0.977407
1.40176e-09	0.977501
1.40182e-09	0.977594
1.40189e-09	0.977687
1.40195e-09	0.97778
1.40202e-09	0.977873
1.40208e-09	0.977966
1.40214e-09	0.978058
1.40221e-09	0.97815
1.40227e-09	0.978242
1.40234e-09	0.978334
1.4024e-09	0.978426
1.40246e-09	0.978517
1.40253e-09	0.978608
1.40259e-09	0.978699
1.40266e-09	0.97879
1.40272e-09	0.978881
1.40278e-09	0.978971
1.40285e-09	0.979062
1.40291e-09	0.979152
1.40298e-09	0.979242
1.40304e-09	0.979331
1.4031e-09	0.979421
1.40317e-09	0.97951
1.40323e-09	0.979599
1.4033e-09	0.979688
1.40336e-09	0.979777
1.40342e-09	0.979866
1.40349e-09	0.979954
1.40355e-09	0.980042
1.40362e-09	0.98013
1.40368e-09	0.980218
1.40374e-09	0.980306
1.40381e-09	0.980393
1.40387e-09	0.98048
1.40394e-09	0.980567
1.404e-09	0.980654
1.40406e-09	0.980741
1.40413e-09	0.980827
1.40419e-09	0.980914
1.40426e-09	0.981
1.40432e-09	0.981086
1.40438e-09	0.981171
1.40445e-09	0.981257
1.40451e-09	0.981342
1.40458e-09	0.981427
1.40464e-09	0.981512
1.4047e-09	0.981597
1.40477e-09	0.981681
1.40483e-09	0.981766
1.4049e-09	0.98185
1.40496e-09	0.981934
1.40502e-09	0.982018
1.40509e-09	0.982101
1.40515e-09	0.982185
1.40522e-09	0.982268
1.40528e-09	0.982351
1.40534e-09	0.982434
1.40541e-09	0.982516
1.40547e-09	0.982599
1.40554e-09	0.982681
1.4056e-09	0.982763
1.40566e-09	0.982845
1.40573e-09	0.982927
1.40579e-09	0.983008
1.40586e-09	0.983089
1.40592e-09	0.983171
1.40598e-09	0.983251
1.40605e-09	0.983332
1.40611e-09	0.983413
1.40618e-09	0.983493
1.40624e-09	0.983573
1.40631e-09	0.983653
1.40637e-09	0.983733
1.40643e-09	0.983812
1.4065e-09	0.983892
1.40656e-09	0.983971
1.40663e-09	0.98405
1.40669e-09	0.984129
1.40675e-09	0.984207
1.40682e-09	0.984286
1.40688e-09	0.984364
1.40695e-09	0.984442
1.40701e-09	0.98452
1.40707e-09	0.984597
1.40714e-09	0.984675
1.4072e-09	0.984752
1.40727e-09	0.984829
1.40733e-09	0.984906
1.40739e-09	0.984983
1.40746e-09	0.985059
1.40752e-09	0.985135
1.40759e-09	0.985211
1.40765e-09	0.985287
1.40771e-09	0.985363
1.40778e-09	0.985439
1.40784e-09	0.985514
1.40791e-09	0.985589
1.40797e-09	0.985664
1.40803e-09	0.985739
1.4081e-09	0.985813
1.40816e-09	0.985888
1.40823e-09	0.985962
1.40829e-09	0.986036
1.40835e-09	0.98611
1.40842e-09	0.986183
1.40848e-09	0.986256
1.40855e-09	0.98633
1.40861e-09	0.986403
1.40867e-09	0.986476
1.40874e-09	0.986548
1.4088e-09	0.986621
1.40887e-09	0.986693
1.40893e-09	0.986765
1.40899e-09	0.986837
1.40906e-09	0.986908
1.40912e-09	0.98698
1.40919e-09	0.987051
1.40925e-09	0.987122
1.40931e-09	0.987193
1.40938e-09	0.987264
1.40944e-09	0.987334
1.40951e-09	0.987404
1.40957e-09	0.987475
1.40963e-09	0.987544
1.4097e-09	0.987614
1.40976e-09	0.987684
1.40983e-09	0.987753
1.40989e-09	0.987822
1.40995e-09	0.987891
1.41002e-09	0.98796
1.41008e-09	0.988028
1.41015e-09	0.988097
1.41021e-09	0.988165
1.41027e-09	0.988233
1.41034e-09	0.988301
1.4104e-09	0.988368
1.41047e-09	0.988436
1.41053e-09	0.988503
1.41059e-09	0.98857
1.41066e-09	0.988637
1.41072e-09	0.988703
1.41079e-09	0.98877
1.41085e-09	0.988836
1.41091e-09	0.988902
1.41098e-09	0.988968
1.41104e-09	0.989033
1.41111e-09	0.989099
1.41117e-09	0.989164
1.41123e-09	0.989229
1.4113e-09	0.989294
1.41136e-09	0.989359
1.41143e-09	0.989423
1.41149e-09	0.989487
1.41155e-09	0.989552
1.41162e-09	0.989615
1.41168e-09	0.989679
1.41175e-09	0.989743
1.41181e-09	0.989806
1.41187e-09	0.989869
1.41194e-09	0.989932
1.412e-09	0.989995
1.41207e-09	0.990057
1.41213e-09	0.99012
1.41219e-09	0.990182
1.41226e-09	0.990244
1.41232e-09	0.990305
1.41239e-09	0.990367
1.41245e-09	0.990428
1.41251e-09	0.99049
1.41258e-09	0.990551
1.41264e-09	0.990611
1.41271e-09	0.990672
1.41277e-09	0.990732
1.41283e-09	0.990793
1.4129e-09	0.990853
1.41296e-09	0.990912
1.41303e-09	0.990972
1.41309e-09	0.991031
1.41315e-09	0.991091
1.41322e-09	0.99115
1.41328e-09	0.991208
1.41335e-09	0.991267
1.41341e-09	0.991326
1.41347e-09	0.991384
1.41354e-09	0.991442
1.4136e-09	0.9915
1.41367e-09	0.991557
1.41373e-09	0.991615
1.41379e-09	0.991672
1.41386e-09	0.991729
1.41392e-09	0.991786
1.41399e-09	0.991843
1.41405e-09	0.991899
1.41411e-09	0.991956
1.41418e-09	0.992012
1.41424e-09	0.992068
1.41431e-09	0.992123
1.41437e-09	0.992179
1.41443e-09	0.992234
1.4145e-09	0.992289
1.41456e-09	0.992344
1.41463e-09	0.992399
1.41469e-09	0.992454
1.41475e-09	0.992508
1.41482e-09	0.992562
1.41488e-09	0.992616
1.41495e-09	0.99267
1.41501e-09	0.992723
1.41507e-09	0.992777
1.41514e-09	0.99283
1.4152e-09	0.992883
1.41527e-09	0.992936
1.41533e-09	0.992988
1.41539e-09	0.993041
1.41546e-09	0.993093
1.41552e-09	0.993145
1.41559e-09	0.993197
1.41565e-09	0.993248
1.41571e-09	0.9933
1.41578e-09	0.993351
1.41584e-09	0.993402
1.41591e-09	0.993453
1.41597e-09	0.993504
1.41603e-09	0.993554
1.4161e-09	0.993604
1.41616e-09	0.993654
1.41623e-09	0.993704
1.41629e-09	0.993754
1.41635e-09	0.993803
1.41642e-09	0.993853
1.41648e-09	0.993902
1.41655e-09	0.993951
1.41661e-09	0.993999
1.41667e-09	0.994048
1.41674e-09	0.994096
1.4168e-09	0.994144
1.41687e-09	0.994192
1.41693e-09	0.99424
1.41699e-09	0.994287
1.41706e-09	0.994335
1.41712e-09	0.994382
1.41719e-09	0.994429
1.41725e-09	0.994475
1.41731e-09	0.994522
1.41738e-09	0.994568
1.41744e-09	0.994614
1.41751e-09	0.99466
1.41757e-09	0.994706
1.41763e-09	0.994752
1.4177e-09	0.994797
1.41776e-09	0.994842
1.41783e-09	0.994887
1.41789e-09	0.994932
1.41795e-09	0.994976
1.41802e-09	0.995021
1.41808e-09	0.995065
1.41815e-09	0.995109
1.41821e-09	0.995153
1.41827e-09	0.995196
1.41834e-09	0.99524
1.4184e-09	0.995283
1.41847e-09	0.995326
1.41853e-09	0.995369
1.41859e-09	0.995411
1.41866e-09	0.995454
1.41872e-09	0.995496
1.41879e-09	0.995538
1.41885e-09	0.99558
1.41891e-09	0.995621
1.41898e-09	0.995663
1.41904e-09	0.995704
1.41911e-09	0.995745
1.41917e-09	0.995786
1.41923e-09	0.995827
1.4193e-09	0.995867
1.41936e-09	0.995907
1.41943e-09	0.995947
1.41949e-09	0.995987
1.41955e-09	0.996027
1.41962e-09	0.996066
1.41968e-09	0.996106
1.41975e-09	0.996145
1.41981e-09	0.996184
1.41987e-09	0.996222
1.41994e-09	0.996261
1.42e-09	0.996299
1.42007e-09	0.996337
1.42013e-09	0.996375
1.42019e-09	0.996413
1.42026e-09	0.99645
1.42032e-09	0.996488
1.42039e-09	0.996525
1.42045e-09	0.996562
1.42051e-09	0.996598
1.42058e-09	0.996635
1.42064e-09	0.996671
1.42071e-09	0.996707
1.42077e-09	0.996743
1.42083e-09	0.996779
1.4209e-09	0.996815
1.42096e-09	0.99685
1.42103e-09	0.996885
1.42109e-09	0.99692
1.42115e-09	0.996955
1.42122e-09	0.996989
1.42128e-09	0.997024
1.42135e-09	0.997058
1.42141e-09	0.997092
1.42147e-09	0.997126
1.42154e-09	0.997159
1.4216e-09	0.997193
1.42167e-09	0.997226
1.42173e-09	0.997259
1.42179e-09	0.997291
1.42186e-09	0.997324
1.42192e-09	0.997356
1.42199e-09	0.997389
1.42205e-09	0.997421
1.42211e-09	0.997452
1.42218e-09	0.997484
1.42224e-09	0.997515
1.42231e-09	0.997547
1.42237e-09	0.997578
1.42243e-09	0.997608
1.4225e-09	0.997639
1.42256e-09	0.99767
1.42263e-09	0.9977
1.42269e-09	0.99773
1.42275e-09	0.99776
1.42282e-09	0.997789
1.42288e-09	0.997819
1.42295e-09	0.997848
1.42301e-09	0.997877
1.42307e-09	0.997906
1.42314e-09	0.997934
1.4232e-09	0.997963
1.42327e-09	0.997991
1.42333e-09	0.998019
1.42339e-09	0.998047
1.42346e-09	0.998075
1.42352e-09	0.998102
1.42359e-09	0.998129
1.42365e-09	0.998157
1.42372e-09	0.998183
1.42378e-09	0.99821
1.42384e-09	0.998237
1.42391e-09	0.998263
1.42397e-09	0.998289
1.42404e-09	0.998315
1.4241e-09	0.998341
1.42416e-09	0.998366
1.42423e-09	0.998391
1.42429e-09	0.998416
1.42436e-09	0.998441
1.42442e-09	0.998466
1.42448e-09	0.998491
1.42455e-09	0.998515
1.42461e-09	0.998539
1.42468e-09	0.998563
1.42474e-09	0.998587
1.4248e-09	0.99861
1.42487e-09	0.998634
1.42493e-09	0.998657
1.425e-09	0.99868
1.42506e-09	0.998702
1.42512e-09	0.998725
1.42519e-09	0.998747
1.42525e-09	0.998769
1.42532e-09	0.998791
1.42538e-09	0.998813
1.42544e-09	0.998835
1.42551e-09	0.998856
1.42557e-09	0.998877
1.42564e-09	0.998898
1.4257e-09	0.998919
1.42576e-09	0.998939
1.42583e-09	0.99896
1.42589e-09	0.99898
1.42596e-09	0.999
1.42602e-09	0.99902
1.42608e-09	0.999039
1.42615e-09	0.999059
1.42621e-09	0.999078
1.42628e-09	0.999097
1.42634e-09	0.999116
1.4264e-09	0.999134
1.42647e-09	0.999153
1.42653e-09	0.999171
1.4266e-09	0.999189
1.42666e-09	0.999207
1.42672e-09	0.999224
1.42679e-09	0.999242
1.42685e-09	0.999259
1.42692e-09	0.999276
1.42698e-09	0.999293
1.42704e-09	0.999309
1.42711e-09	0.999326
1.42717e-09	0.999342
1.42724e-09	0.999358
1.4273e-09	0.999374
1.42736e-09	0.999389
1.42743e-09	0.999405
1.42749e-09	0.99942
1.42756e-09	0.999435
1.42762e-09	0.99945
1.42768e-09	0.999465
1.42775e-09	0.999479
1.42781e-09	0.999493
1.42788e-09	0.999507
1.42794e-09	0.999521
1.428e-09	0.999535
1.42807e-09	0.999548
1.42813e-09	0.999562
1.4282e-09	0.999575
1.42826e-09	0.999588
1.42832e-09	0.9996
1.42839e-09	0.999613
1.42845e-09	0.999625
1.42852e-09	0.999637
1.42858e-09	0.999649
1.42864e-09	0.999661
1.42871e-09	0.999672
1.42877e-09	0.999683
1.42884e-09	0.999694
1.4289e-09	0.999705
1.42896e-09	0.999716
1.42903e-09	0.999727
1.42909e-09	0.999737
1.42916e-09	0.999747
1.42922e-09	0.999757
1.42928e-09	0.999767
1.42935e-09	0.999776
1.42941e-09	0.999785
1.42948e-09	0.999794
1.42954e-09	0.999803
1.4296e-09	0.999812
1.42967e-09	0.999821
1.42973e-09	0.999829
1.4298e-09	0.999837
1.42986e-09	0.999845
1.42992e-09	0.999853
1.42999e-09	0.99986
1.43005e-09	0.999868
1.43012e-09	0.999875
1.43018e-09	0.999882
1.43024e-09	0.999888
1.43031e-09	0.999895
1.43037e-09	0.999901
1.43044e-09	0.999907
1.4305e-09	0.999913
1.43056e-09	0.999919
1.43063e-09	0.999925
1.43069e-09	0.99993
1.43076e-09	0.999935
1.43082e-09	0.99994
1.43088e-09	0.999945
1.43095e-09	0.99995
1.43101e-09	0.999954
1.43108e-09	0.999958
1.43114e-09	0.999962
1.4312e-09	0.999966
1.43127e-09	0.999969
1.43133e-09	0.999973
1.4314e-09	0.999976
1.43146e-09	0.999979
1.43152e-09	0.999982
1.43159e-09	0.999984
1.43165e-09	0.999987
1.43172e-09	0.999989
1.43178e-09	0.999991
1.43184e-09	0.999993
1.43191e-09	0.999994
1.43197e-09	0.999996
1.43204e-09	0.999997
1.4321e-09	0.999998
1.43216e-09	0.999999
1.43223e-09	0.999999
1.43229e-09	1
1.43236e-09	1
1.43242e-09	1
1.43248e-09	1
1.43255e-09	0.999999
1.43261e-09	0.999999
1.43268e-09	0.999998
1.43274e-09	0.999997
1.4328e-09	0.999996
1.43287e-09	0.999995
1.43293e-09	0.999993
1.433e-09	0.999991
1.43306e-09	0.999989
1.43312e-09	0.999987
1.43319e-09	0.999985
1.43325e-09	0.999982
1.43332e-09	0.999979
1.43338e-09	0.999977
1.43344e-09	0.999973
1.43351e-09	0.99997
1.43357e-09	0.999967
1.43364e-09	0.999963
1.4337e-09	0.999959
1.43376e-09	0.999955
1.43383e-09	0.99995
1.43389e-09	0.999946
1.43396e-09	0.999941
1.43402e-09	0.999936
1.43408e-09	0.999931
1.43415e-09	0.999926
1.43421e-09	0.99992
1.43428e-09	0.999915
1.43434e-09	0.999909
1.4344e-09	0.999903
1.43447e-09	0.999896
1.43453e-09	0.99989
1.4346e-09	0.999883
1.43466e-09	0.999876
1.43472e-09	0.999869
1.43479e-09	0.999862
1.43485e-09	0.999854
1.43492e-09	0.999847
1.43498e-09	0.999839
1.43504e-09	0.999831
1.43511e-09	0.999822
1.43517e-09	0.999814
1.43524e-09	0.999805
1.4353e-09	0.999796
1.43536e-09	0.999787
1.43543e-09	0.999778
1.43549e-09	0.999768
1.43556e-09	0.999759
1.43562e-09	0.999749
1.43568e-09	0.999739
1.43575e-09	0.999729
1.43581e-09	0.999718
1.43588e-09	0.999708
1.43594e-09	0.999697
1.436e-09	0.999686
1.43607e-09	0.999674
1.43613e-09	0.999663
1.4362e-09	0.999651
1.43626e-09	0.999639
1.43632e-09	0.999627
1.43639e-09	0.999615
1.43645e-09	0.999603
1.43652e-09	0.99959
1.43658e-09	0.999577
1.43664e-09	0.999564
1.43671e-09	0.999551
1.43677e-09	0.999538
1.43684e-09	0.999524
1.4369e-09	0.99951
1.43696e-09	0.999496
1.43703e-09	0.999482
1.43709e-09	0.999468
1.43716e-09	0.999453
1.43722e-09	0.999438
1.43728e-09	0.999423
1.43735e-09	0.999408
1.43741e-09	0.999393
1.43748e-09	0.999377
1.43754e-09	0.999361
1.4376e-09	0.999345
1.43767e-09	0.999329
1.43773e-09	0.999313
1.4378e-09	0.999296
1.43786e-09	0.999279
1.43792e-09	0.999262
1.43799e-09	0.999245
1.43805e-09	0.999228
1.43812e-09	0.99921
1.43818e-09	0.999192
1.43824e-09	0.999174
1.43831e-09	0.999156
1.43837e-09	0.999138
1.43844e-09	0.999119
1.4385e-09	0.999101
1.43856e-09	0.999082
1.43863e-09	0.999063
1.43869e-09	0.999043
1.43876e-09	0.999024
1.43882e-09	0.999004
1.43888e-09	0.998984
1.43895e-09	0.998964
1.43901e-09	0.998944
1.43908e-09	0.998923
1.43914e-09	0.998902
1.4392e-09	0.998881
1.43927e-09	0.99886
1.43933e-09	0.998839
1.4394e-09	0.998817
1.43946e-09	0.998796
1.43952e-09	0.998774
1.43959e-09	0.998752
1.43965e-09	0.998729
1.43972e-09	0.998707
1.43978e-09	0.998684
1.43984e-09	0.998661
1.43991e-09	0.998638
1.43997e-09	0.998615
1.44004e-09	0.998591
1.4401e-09	0.998568
1.44016e-09	0.998544
1.44023e-09	0.99852
1.44029e-09	0.998496
1.44036e-09	0.998471
1.44042e-09	0.998446
1.44048e-09	0.998422
1.44055e-09	0.998396
1.44061e-09	0.998371
1.44068e-09	0.998346
1.44074e-09	0.99832
1.4408e-09	0.998294
1.44087e-09	0.998268
1.44093e-09	0.998242
1.441e-09	0.998215
1.44106e-09	0.998189
1.44113e-09	0.998162
1.44119e-09	0.998135
1.44125e-09	0.998108
1.44132e-09	0.99808
1.44138e-09	0.998053
1.44145e-09	0.998025
1.44151e-09	0.997997
1.44157e-09	0.997969
1.44164e-09	0.99794
1.4417e-09	0.997912
1.44177e-09	0.997883
1.44183e-09	0.997854
1.44189e-09	0.997825
1.44196e-09	0.997795
1.44202e-09	0.997766
1.44209e-09	0.997736
1.44215e-09	0.997706
1.44221e-09	0.997676
1.44228e-09	0.997645
1.44234e-09	0.997615
1.44241e-09	0.997584
1.44247e-09	0.997553
1.44253e-09	0.997522
1.4426e-09	0.99749
1.44266e-09	0.997459
1.44273e-09	0.997427
1.44279e-09	0.997395
1.44285e-09	0.997363
1.44292e-09	0.997331
1.44298e-09	0.997298
1.44305e-09	0.997265
1.44311e-09	0.997232
1.44317e-09	0.997199
1.44324e-09	0.997166
1.4433e-09	0.997132
1.44337e-09	0.997099
1.44343e-09	0.997065
1.44349e-09	0.997031
1.44356e-09	0.996996
1.44362e-09	0.996962
1.44369e-09	0.996927
1.44375e-09	0.996892
1.44381e-09	0.996857
1.44388e-09	0.996822
1.44394e-09	0.996786
1.44401e-09	0.99675
1.44407e-09	0.996715
1.44413e-09	0.996679
1.4442e-09	0.996642
1.44426e-09	0.996606
1.44433e-09	0.996569
1.44439e-09	0.996532
1.44445e-09	0.996495
1.44452e-09	0.996458
1.44458e-09	0.99642
1.44465e-09	0.996383
1.44471e-09	0.996345
1.44477e-09	0.996307
1.44484e-09	0.996269
1.4449e-09	0.99623
1.44497e-09	0.996191
1.44503e-09	0.996153
1.44509e-09	0.996114
1.44516e-09	0.996074
1.44522e-09	0.996035
1.44529e-09	0.995995
1.44535e-09	0.995955
1.44541e-09	0.995915
1.44548e-09	0.995875
1.44554e-09	0.995835
1.44561e-09	0.995794
1.44567e-09	0.995753
1.44573e-09	0.995712
1.4458e-09	0.995671
1.44586e-09	0.99563
1.44593e-09	0.995588
1.44599e-09	0.995546
1.44605e-09	0.995504
1.44612e-09	0.995462
1.44618e-09	0.99542
1.44625e-09	0.995377
1.44631e-09	0.995335
1.44637e-09	0.995292
1.44644e-09	0.995248
1.4465e-09	0.995205
1.44657e-09	0.995162
1.44663e-09	0.995118
1.44669e-09	0.995074
1.44676e-09	0.99503
1.44682e-09	0.994985
1.44689e-09	0.994941
1.44695e-09	0.994896
1.44701e-09	0.994851
1.44708e-09	0.994806
1.44714e-09	0.994761
1.44721e-09	0.994715
1.44727e-09	0.99467
1.44733e-09	0.994624
1.4474e-09	0.994578
1.44746e-09	0.994531
1.44753e-09	0.994485
1.44759e-09	0.994438
1.44765e-09	0.994391
1.44772e-09	0.994344
1.44778e-09	0.994297
1.44785e-09	0.994249
1.44791e-09	0.994202
1.44797e-09	0.994154
1.44804e-09	0.994106
1.4481e-09	0.994058
1.44817e-09	0.994009
1.44823e-09	0.99396
1.44829e-09	0.993912
1.44836e-09	0.993863
1.44842e-09	0.993813
1.44849e-09	0.993764
1.44855e-09	0.993714
1.44861e-09	0.993664
1.44868e-09	0.993614
1.44874e-09	0.993564
1.44881e-09	0.993514
1.44887e-09	0.993463
1.44893e-09	0.993412
1.449e-09	0.993361
1.44906e-09	0.99331
1.44913e-09	0.993259
1.44919e-09	0.993207
1.44925e-09	0.993155
1.44932e-09	0.993104
1.44938e-09	0.993051
1.44945e-09	0.992999
1.44951e-09	0.992946
1.44957e-09	0.992894
1.44964e-09	0.992841
1.4497e-09	0.992788
1.44977e-09	0.992734
1.44983e-09	0.992681
1.44989e-09	0.992627
1.44996e-09	0.992573
1.45002e-09	0.992519
1.45009e-09	0.992465
1.45015e-09	0.99241
1.45021e-09	0.992355
1.45028e-09	0.992301
1.45034e-09	0.992245
1.45041e-09	0.99219
1.45047e-09	0.992135
1.45053e-09	0.992079
1.4506e-09	0.992023
1.45066e-09	0.991967
1.45073e-09	0.991911
1.45079e-09	0.991854
1.45085e-09	0.991798
1.45092e-09	0.991741
1.45098e-09	0.991684
1.45105e-09	0.991627
1.45111e-09	0.991569
1.45117e-09	0.991511
1.45124e-09	0.991454
1.4513e-09	0.991396
1.45137e-09	0.991337
1.45143e-09	0.991279
1.45149e-09	0.99122
1.45156e-09	0.991162
1.45162e-09	0.991103
1.45169e-09	0.991043
1.45175e-09	0.990984
1.45181e-09	0.990924
1.45188e-09	0.990865
1.45194e-09	0.990805
1.45201e-09	0.990745
1.45207e-09	0.990684
1.45213e-09	0.990624
1.4522e-09	0.990563
1.45226e-09	0.990502
1.45233e-09	0.990441
1.45239e-09	0.99038
1.45245e-09	0.990318
1.45252e-09	0.990256
1.45258e-09	0.990194
1.45265e-09	0.990132
1.45271e-09	0.99007
1.45277e-09	0.990007
1.45284e-09	0.989945
1.4529e-09	0.989882
1.45297e-09	0.989819
1.45303e-09	0.989756
1.45309e-09	0.989692
1.45316e-09	0.989628
1.45322e-09	0.989564
1.45329e-09	0.9895
1.45335e-09	0.989436
1.45341e-09	0.989372
1.45348e-09	0.989307
1.45354e-09	0.989242
1.45361e-09	0.989177
1.45367e-09	0.989112
1.45373e-09	0.989047
1.4538e-09	0.988981
1.45386e-09	0.988915
1.45393e-09	0.988849
1.45399e-09	0.988783
1.45405e-09	0.988717
1.45412e-09	0.98865
1.45418e-09	0.988583
1.45425e-09	0.988516
1.45431e-09	0.988449
1.45437e-09	0.988382
1.45444e-09	0.988314
1.4545e-09	0.988247
1.45457e-09	0.988179
1.45463e-09	0.988111
1.45469e-09	0.988042
1.45476e-09	0.987974
1.45482e-09	0.987905
1.45489e-09	0.987836
1.45495e-09	0.987767
1.45501e-09	0.987698
1.45508e-09	0.987628
1.45514e-09	0.987559
1.45521e-09	0.987489
1.45527e-09	0.987419
1.45533e-09	0.987348
1.4554e-09	0.987278
1.45546e-09	0.987207
1.45553e-09	0.987136
1.45559e-09	0.987065
1.45565e-09	0.986994
1.45572e-09	0.986923
1.45578e-09	0.986851
1.45585e-09	0.986779
1.45591e-09	0.986707
1.45597e-09	0.986635
1.45604e-09	0.986563
1.4561e-09	0.98649
1.45617e-09	0.986417
1.45623e-09	0.986345
1.45629e-09	0.986271
1.45636e-09	0.986198
1.45642e-09	0.986124
1.45649e-09	0.986051
1.45655e-09	0.985977
1.45661e-09	0.985903
1.45668e-09	0.985828
1.45674e-09	0.985754
1.45681e-09	0.985679
1.45687e-09	0.985604
1.45693e-09	0.985529
1.457e-09	0.985454
1.45706e-09	0.985378
1.45713e-09	0.985303
1.45719e-09	0.985227
1.45725e-09	0.985151
1.45732e-09	0.985075
1.45738e-09	0.984998
1.45745e-09	0.984922
1.45751e-09	0.984845
1.45757e-09	0.984768
1.45764e-09	0.98469
1.4577e-09	0.984613
1.45777e-09	0.984535
1.45783e-09	0.984458
1.45789e-09	0.98438
1.45796e-09	0.984302
1.45802e-09	0.984223
1.45809e-09	0.984145
1.45815e-09	0.984066
1.45821e-09	0.983987
1.45828e-09	0.983908
1.45834e-09	0.983828
1.45841e-09	0.983749
1.45847e-09	0.983669
1.45854e-09	0.983589
1.4586e-09	0.983509
1.45866e-09	0.983429
1.45873e-09	0.983348
1.45879e-09	0.983268
1.45886e-09	0.983187
1.45892e-09	0.983106
1.45898e-09	0.983025
1.45905e-09	0.982943
1.45911e-09	0.982862
1.45918e-09	0.98278
1.45924e-09	0.982698
1.4593e-09	0.982616
1.45937e-09	0.982533
1.45943e-09	0.98245
1.4595e-09	0.982368
1.45956e-09	0.982285
1.45962e-09	0.982202
1.45969e-09	0.982118
1.45975e-09	0.982035
1.45982e-09	0.981951
1.45988e-09	0.981867
1.45994e-09	0.981783
1.46001e-09	0.981699
1.46007e-09	0.981614
1.46014e-09	0.981529
1.4602e-09	0.981444
1.46026e-09	0.981359
1.46033e-09	0.981274
1.46039e-09	0.981189
1.46046e-09	0.981103
1.46052e-09	0.981017
1.46058e-09	0.980931
1.46065e-09	0.980845
1.46071e-09	0.980758
1.46078e-09	0.980672
1.46084e-09	0.980585
1.4609e-09	0.980498
1.46097e-09	0.980411
1.46103e-09	0.980323
1.4611e-09	0.980236
1.46116e-09	0.980148
1.46122e-09	0.98006
1.46129e-09	0.979972
1.46135e-09	0.979884
1.46142e-09	0.979795
1.46148e-09	0.979706
1.46154e-09	0.979617
1.46161e-09	0.979528
1.46167e-09	0.979439
1.46174e-09	0.97935
1.4618e-09	0.97926
1.46186e-09	0.97917
1.46193e-09	0.97908
1.46199e-09	0.97899
1.46206e-09	0.978899
1.46212e-09	0.978809
1.46218e-09	0.978718
1.46225e-09	0.978627
1.46231e-09	0.978536
1.46238e-09	0.978444
1.46244e-09	0.978353
1.4625e-09	0.978261
1.46257e-09	0.978169
1.46263e-09	0.978077
1.4627e-09	0.977984
1.46276e-09	0.977892
1.46282e-09	0.977799
1.46289e-09	0.977706
1.46295e-09	0.977613
1.46302e-09	0.97752
1.46308e-09	0.977426
1.46314e-09	0.977333
1.46321e-09	0.977239
1.46327e-09	0.977145
1.46334e-09	0.97705
1.4634e-09	0.976956
1.46346e-09	0.976861
1.46353e-09	0.976767
1.46359e-09	0.976672
1.46366e-09	0.976576
1.46372e-09	0.976481
1.46378e-09	0.976385
1.46385e-09	0.97629
1.46391e-09	0.976194
1.46398e-09	0.976098
1.46404e-09	0.976001
1.4641e-09	0.975905
1.46417e-09	0.975808
1.46423e-09	0.975711
1.4643e-09	0.975614
1.46436e-09	0.975517
1.46442e-09	0.975419
1.46449e-09	0.975321
1.46455e-09	0.975224
1.46462e-09	0.975126
1.46468e-09	0.975027
1.46474e-09	0.974929
1.46481e-09	0.97483
1.46487e-09	0.974732
1.46494e-09	0.974633
1.465e-09	0.974533
1.46506e-09	0.974434
1.46513e-09	0.974334
1.46519e-09	0.974235
1.46526e-09	0.974135
1.46532e-09	0.974035
1.46538e-09	0.973934
1.46545e-09	0.973834
1.46551e-09	0.973733
1.46558e-09	0.973632
1.46564e-09	0.973531
1.4657e-09	0.97343
1.46577e-09	0.973328
1.46583e-09	0.973227
1.4659e-09	0.973125
1.46596e-09	0.973023
1.46602e-09	0.972921
1.46609e-09	0.972818
1.46615e-09	0.972716
1.46622e-09	0.972613
1.46628e-09	0.97251
1.46634e-09	0.972407
1.46641e-09	0.972303
1.46647e-09	0.9722
1.46654e-09	0.972096
1.4666e-09	0.971992
1.46666e-09	0.971888
1.46673e-09	0.971784
1.46679e-09	0.971679
1.46686e-09	0.971575
1.46692e-09	0.97147
1.46698e-09	0.971365
1.46705e-09	0.97126
1.46711e-09	0.971154
1.46718e-09	0.971049
1.46724e-09	0.970943
1.4673e-09	0.970837
1.46737e-09	0.970731
1.46743e-09	0.970624
1.4675e-09	0.970518
1.46756e-09	0.970411
1.46762e-09	0.970304
1.46769e-09	0.970197
1.46775e-09	0.97009
1.46782e-09	0.969982
1.46788e-09	0.969875
1.46794e-09	0.969767
1.46801e-09	0.969659
1.46807e-09	0.96955
1.46814e-09	0.969442
1.4682e-09	0.969333
1.46826e-09	0.969225
1.46833e-09	0.969116
1.46839e-09	0.969007
1.46846e-09	0.968897
1.46852e-09	0.968788
1.46858e-09	0.968678
1.46865e-09	0.968568
1.46871e-09	0.968458
1.46878e-09	0.968348
1.46884e-09	0.968237
1.4689e-09	0.968126
1.46897e-09	0.968016
1.46903e-09	0.967905
1.4691e-09	0.967793
1.46916e-09	0.967682
1.46922e-09	0.96757
1.46929e-09	0.967458
1.46935e-09	0.967346
1.46942e-09	0.967234
1.46948e-09	0.967122
1.46954e-09	0.967009
1.46961e-09	0.966897
1.46967e-09	0.966784
1.46974e-09	0.966671
1.4698e-09	0.966557
1.46986e-09	0.966444
1.46993e-09	0.96633
1.46999e-09	0.966216
1.47006e-09	0.966102
1.47012e-09	0.965988
1.47018e-09	0.965874
1.47025e-09	0.965759
1.47031e-09	0.965644
1.47038e-09	0.965529
1.47044e-09	0.965414
1.4705e-09	0.965299
1.47057e-09	0.965183
1.47063e-09	0.965068
1.4707e-09	0.964952
1.47076e-09	0.964836
1.47082e-09	0.964719
1.47089e-09	0.964603
1.47095e-09	0.964486
1.47102e-09	0.964369
1.47108e-09	0.964252
1.47114e-09	0.964135
1.47121e-09	0.964018
1.47127e-09	0.9639
1.47134e-09	0.963782
1.4714e-09	0.963665
1.47146e-09	0.963546
1.47153e-09	0.963428
1.47159e-09	0.96331
1.47166e-09	0.963191
1.47172e-09	0.963072
1.47178e-09	0.962953
1.47185e-09	0.962834
1.47191e-09	0.962714
1.47198e-09	0.962595
1.47204e-09	0.962475
1.4721e-09	0.962355
1.47217e-09	0.962235
1.47223e-09	0.962114
1.4723e-09	0.961994
1.47236e-09	0.961873
1.47242e-09	0.961752
1.47249e-09	0.961631
1.47255e-09	0.96151
1.47262e-09	0.961388
1.47268e-09	0.961267
1.47274e-09	0.961145
1.47281e-09	0.961023
1.47287e-09	0.960901
1.47294e-09	0.960778
1.473e-09	0.960656
1.47306e-09	0.960533
1.47313e-09	0.96041
1.47319e-09	0.960287
1.47326e-09	0.960163
1.47332e-09	0.96004
1.47338e-09	0.959916
1.47345e-09	0.959792
1.47351e-09	0.959668
1.47358e-09	0.959544
1.47364e-09	0.95942
1.4737e-09	0.959295
1.47377e-09	0.95917
1.47383e-09	0.959045
1.4739e-09	0.95892
1.47396e-09	0.958795
1.47402e-09	0.958669
1.47409e-09	0.958544
1.47415e-09	0.958418
1.47422e-09	0.958292
1.47428e-09	0.958165
1.47434e-09	0.958039
1.47441e-09	0.957912
1.47447e-09	0.957785
1.47454e-09	0.957658
1.4746e-09	0.957531
1.47466e-09	0.957404
1.47473e-09	0.957276
1.47479e-09	0.957148
1.47486e-09	0.957021
1.47492e-09	0.956892
1.47498e-09	0.956764
1.47505e-09	0.956636
1.47511e-09	0.956507
1.47518e-09	0.956378
1.47524e-09	0.956249
1.4753e-09	0.95612
1.47537e-09	0.955991
1.47543e-09	0.955861
1.4755e-09	0.955731
1.47556e-09	0.955601
1.47562e-09	0.955471
1.47569e-09	0.955341
1.47575e-09	0.95521
1.47582e-09	0.95508
1.47588e-09	0.954949
1.47594e-09	0.954818
1.47601e-09	0.954687
1.47607e-09	0.954555
1.47614e-09	0.954424
1.4762e-09	0.954292
1.47627e-09	0.95416
1.47633e-09	0.954028
1.47639e-09	0.953895
1.47646e-09	0.953763
1.47652e-09	0.95363
1.47659e-09	0.953497
1.47665e-09	0.953364
1.47671e-09	0.953231
1.47678e-09	0.953098
1.47684e-09	0.952964
1.47691e-09	0.95283
1.47697e-09	0.952696
1.47703e-09	0.952562
1.4771e-09	0.952428
1.47716e-09	0.952293
1.47723e-09	0.952159
1.47729e-09	0.952024
1.47735e-09	0.951889
1.47742e-09	0.951754
1.47748e-09	0.951618
1.47755e-09	0.951483
1.47761e-09	0.951347
1.47767e-09	0.951211
1.47774e-09	0.951075
1.4778e-09	0.950938
1.47787e-09	0.950802
1.47793e-09	0.950665
1.47799e-09	0.950528
1.47806e-09	0.950391
1.47812e-09	0.950254
1.47819e-09	0.950117
1.47825e-09	0.949979
1.47831e-09	0.949841
1.47838e-09	0.949703
1.47844e-09	0.949565
1.47851e-09	0.949427
1.47857e-09	0.949288
1.47863e-09	0.94915
1.4787e-09	0.949011
1.47876e-09	0.948872
1.47883e-09	0.948732
1.47889e-09	0.948593
1.47895e-09	0.948453
1.47902e-09	0.948314
1.47908e-09	0.948174
1.47915e-09	0.948034
1.47921e-09	0.947893
1.47927e-09	0.947753
1.47934e-09	0.947612
1.4794e-09	0.947471
1.47947e-09	0.94733
1.47953e-09	0.947189
1.47959e-09	0.947048
1.47966e-09	0.946906
1.47972e-09	0.946764
1.47979e-09	0.946622
1.47985e-09	0.94648
1.47991e-09	0.946338
1.47998e-09	0.946196
1.48004e-09	0.946053
1.48011e-09	0.94591
1.48017e-09	0.945767
1.48023e-09	0.945624
1.4803e-09	0.94548
1.48036e-09	0.945337
1.48043e-09	0.945193
1.48049e-09	0.945049
1.48055e-09	0.944905
1.48062e-09	0.944761
1.48068e-09	0.944616
1.48075e-09	0.944472
1.48081e-09	0.944327
1.48087e-09	0.944182
1.48094e-09	0.944037
1.481e-09	0.943891
1.48107e-09	0.943746
1.48113e-09	0.9436
1.48119e-09	0.943454
1.48126e-09	0.943308
1.48132e-09	0.943162
1.48139e-09	0.943016
1.48145e-09	0.942869
1.48151e-09	0.942722
1.48158e-09	0.942575
1.48164e-09	0.942428
1.48171e-09	0.942281
1.48177e-09	0.942133
1.48183e-09	0.941986
1.4819e-09	0.941838
1.48196e-09	0.94169
1.48203e-09	0.941541
1.48209e-09	0.941393
1.48215e-09	0.941244
1.48222e-09	0.941096
1.48228e-09	0.940947
1.48235e-09	0.940798
1.48241e-09	0.940648
1.48247e-09	0.940499
1.48254e-09	0.940349
1.4826e-09	0.940199
1.48267e-09	0.940049
1.48273e-09	0.939899
1.48279e-09	0.939749
1.48286e-09	0.939598
1.48292e-09	0.939448
1.48299e-09	0.939297
1.48305e-09	0.939146
1.48311e-09	0.938995
1.48318e-09	0.938843
1.48324e-09	0.938691
1.48331e-09	0.93854
1.48337e-09	0.938388
1.48343e-09	0.938236
1.4835e-09	0.938083
1.48356e-09	0.937931
1.48363e-09	0.937778
1.48369e-09	0.937625
1.48375e-09	0.937472
1.48382e-09	0.937319
1.48388e-09	0.937166
1.48395e-09	0.937012
1.48401e-09	0.936858
1.48407e-09	0.936705
1.48414e-09	0.93655
1.4842e-09	0.936396
1.48427e-09	0.936242
1.48433e-09	0.936087
1.48439e-09	0.935932
1.48446e-09	0.935777
1.48452e-09	0.935622
1.48459e-09	0.935467
1.48465e-09	0.935311
1.48471e-09	0.935156
1.48478e-09	0.935
1.48484e-09	0.934844
1.48491e-09	0.934688
1.48497e-09	0.934531
1.48503e-09	0.934375
1.4851e-09	0.934218
1.48516e-09	0.934061
1.48523e-09	0.933904
1.48529e-09	0.933747
1.48535e-09	0.933589
1.48542e-09	0.933432
1.48548e-09	0.933274
1.48555e-09	0.933116
1.48561e-09	0.932958
1.48567e-09	0.932799
1.48574e-09	0.932641
1.4858e-09	0.932482
1.48587e-09	0.932323
1.48593e-09	0.932164
1.48599e-09	0.932005
1.48606e-09	0.931846
1.48612e-09	0.931686
1.48619e-09	0.931527
1.48625e-09	0.931367
1.48631e-09	0.931207
1.48638e-09	0.931046
1.48644e-09	0.930886
1.48651e-09	0.930725
1.48657e-09	0.930565
1.48663e-09	0.930404
1.4867e-09	0.930243
1.48676e-09	0.930081
1.48683e-09	0.92992
1.48689e-09	0.929758
1.48695e-09	0.929596
1.48702e-09	0.929434
1.48708e-09	0.929272
1.48715e-09	0.92911
1.48721e-09	0.928947
1.48727e-09	0.928785
1.48734e-09	0.928622
1.4874e-09	0.928459
1.48747e-09	0.928295
1.48753e-09	0.928132
1.48759e-09	0.927968
1.48766e-09	0.927805
1.48772e-09	0.927641
1.48779e-09	0.927477
1.48785e-09	0.927312
1.48791e-09	0.927148
1.48798e-09	0.926983
1.48804e-09	0.926819
1.48811e-09	0.926654
1.48817e-09	0.926489
1.48823e-09	0.926323
1.4883e-09	0.926158
1.48836e-09	0.925992
1.48843e-09	0.925826
1.48849e-09	0.92566
1.48855e-09	0.925494
1.48862e-09	0.925328
1.48868e-09	0.925161
1.48875e-09	0.924995
1.48881e-09	0.924828
1.48887e-09	0.924661
1.48894e-09	0.924493
1.489e-09	0.924326
1.48907e-09	0.924158
1.48913e-09	0.923991
1.48919e-09	0.923823
1.48926e-09	0.923655
1.48932e-09	0.923486
1.48939e-09	0.923318
1.48945e-09	0.923149
1.48951e-09	0.922981
1.48958e-09	0.922812
1.48964e-09	0.922643
1.48971e-09	0.922473
1.48977e-09	0.922304
1.48983e-09	0.922134
1.4899e-09	0.921964
1.48996e-09	0.921794
1.49003e-09	0.921624
1.49009e-09	0.921454
1.49015e-09	0.921283
1.49022e-09	0.921113
1.49028e-09	0.920942
1.49035e-09	0.920771
1.49041e-09	0.9206
1.49047e-09	0.920428
1.49054e-09	0.920257
1.4906e-09	0.920085
1.49067e-09	0.919913
1.49073e-09	0.919741
1.49079e-09	0.919569
1.49086e-09	0.919397
1.49092e-09	0.919224
1.49099e-09	0.919051
1.49105e-09	0.918879
1.49111e-09	0.918706
1.49118e-09	0.918532
1.49124e-09	0.918359
1.49131e-09	0.918185
1.49137e-09	0.918012
1.49143e-09	0.917838
1.4915e-09	0.917664
1.49156e-09	0.917489
1.49163e-09	0.917315
1.49169e-09	0.91714
1.49175e-09	0.916965
1.49182e-09	0.91679
1.49188e-09	0.916615
1.49195e-09	0.91644
1.49201e-09	0.916265
1.49207e-09	0.916089
1.49214e-09	0.915913
1.4922e-09	0.915737
1.49227e-09	0.915561
1.49233e-09	0.915385
1.49239e-09	0.915208
1.49246e-09	0.915032
1.49252e-09	0.914855
1.49259e-09	0.914678
1.49265e-09	0.914501
1.49271e-09	0.914323
1.49278e-09	0.914146
1.49284e-09	0.913968
1.49291e-09	0.91379
1.49297e-09	0.913612
1.49303e-09	0.913434
1.4931e-09	0.913256
1.49316e-09	0.913077
1.49323e-09	0.912899
1.49329e-09	0.91272
1.49335e-09	0.912541
1.49342e-09	0.912362
1.49348e-09	0.912182
1.49355e-09	0.912003
1.49361e-09	0.911823
1.49368e-09	0.911643
1.49374e-09	0.911463
1.4938e-09	0.911283
1.49387e-09	0.911102
1.49393e-09	0.910922
1.494e-09	0.910741
1.49406e-09	0.91056
1.49412e-09	0.910379
1.49419e-09	0.910198
1.49425e-09	0.910017
1.49432e-09	0.909835
1.49438e-09	0.909653
1.49444e-09	0.909471
1.49451e-09	0.909289
1.49457e-09	0.909107
1.49464e-09	0.908925
1.4947e-09	0.908742
1.49476e-09	0.908559
1.49483e-09	0.908377
1.49489e-09	0.908193
1.49496e-09	0.90801
1.49502e-09	0.907827
1.49508e-09	0.907643
1.49515e-09	0.907459
1.49521e-09	0.907276
1.49528e-09	0.907091
1.49534e-09	0.906907
1.4954e-09	0.906723
1.49547e-09	0.906538
1.49553e-09	0.906354
1.4956e-09	0.906169
1.49566e-09	0.905984
1.49572e-09	0.905798
1.49579e-09	0.905613
1.49585e-09	0.905427
1.49592e-09	0.905242
1.49598e-09	0.905056
1.49604e-09	0.90487
1.49611e-09	0.904683
1.49617e-09	0.904497
1.49624e-09	0.90431
1.4963e-09	0.904124
1.49636e-09	0.903937
1.49643e-09	0.90375
1.49649e-09	0.903562
1.49656e-09	0.903375
1.49662e-09	0.903187
1.49668e-09	0.903
1.49675e-09	0.902812
1.49681e-09	0.902624
1.49688e-09	0.902435
1.49694e-09	0.902247
1.497e-09	0.902058
1.49707e-09	0.90187
1.49713e-09	0.901681
1.4972e-09	0.901492
1.49726e-09	0.901302
1.49732e-09	0.901113
1.49739e-09	0.900923
1.49745e-09	0.900734
1.49752e-09	0.900544
1.49758e-09	0.900354
1.49764e-09	0.900164
1.49771e-09	0.899973
1.49777e-09	0.899783
1.49784e-09	0.899592
1.4979e-09	0.899401
1.49796e-09	0.89921
1.49803e-09	0.899019
1.49809e-09	0.898827
1.49816e-09	0.898636
1.49822e-09	0.898444
1.49828e-09	0.898252
1.49835e-09	0.89806
1.49841e-09	0.897868
1.49848e-09	0.897675
1.49854e-09	0.897483
1.4986e-09	0.89729
1.49867e-09	0.897097
1.49873e-09	0.896904
1.4988e-09	0.896711
1.49886e-09	0.896518
1.49892e-09	0.896324
1.49899e-09	0.896131
1.49905e-09	0.895937
1.49912e-09	0.895743
1.49918e-09	0.895549
1.49924e-09	0.895354
1.49931e-09	0.89516
1.49937e-09	0.894965
1.49944e-09	0.89477
1.4995e-09	0.894575
1.49956e-09	0.89438
1.49963e-09	0.894185
1.49969e-09	0.893989
1.49976e-09	0.893794
1.49982e-09	0.893598
1.49988e-09	0.893402
1.49995e-09	0.893206
1.50001e-09	0.893009
1.50008e-09	0.892813
1.50014e-09	0.892616
1.5002e-09	0.892419
1.50027e-09	0.892222
1.50033e-09	0.892025
1.5004e-09	0.891828
1.50046e-09	0.891631
1.50052e-09	0.891433
1.50059e-09	0.891235
1.50065e-09	0.891037
1.50072e-09	0.890839
1.50078e-09	0.890641
1.50084e-09	0.890443
1.50091e-09	0.890244
1.50097e-09	0.890045
1.50104e-09	0.889846
1.5011e-09	0.889647
1.50116e-09	0.889448
1.50123e-09	0.889249
1.50129e-09	0.889049
1.50136e-09	0.888849
1.50142e-09	0.88865
1.50148e-09	0.88845
1.50155e-09	0.888249
1.50161e-09	0.888049
1.50168e-09	0.887848
1.50174e-09	0.887648
1.5018e-09	0.887447
1.50187e-09	0.887246
1.50193e-09	0.887045
1.502e-09	0.886843
1.50206e-09	0.886642
1.50212e-09	0.88644
1.50219e-09	0.886239
1.50225e-09	0.886037
1.50232e-09	0.885834
1.50238e-09	0.885632
1.50244e-09	0.88543
1.50251e-09	0.885227
1.50257e-09	0.885024
1.50264e-09	0.884821
1.5027e-09	0.884618
1.50276e-09	0.884415
1.50283e-09	0.884212
1.50289e-09	0.884008
1.50296e-09	0.883804
1.50302e-09	0.8836
1.50308e-09	0.883396
1.50315e-09	0.883192
1.50321e-09	0.882988
1.50328e-09	0.882783
1.50334e-09	0.882579
1.5034e-09	0.882374
1.50347e-09	0.882169
1.50353e-09	0.881964
1.5036e-09	0.881758
1.50366e-09	0.881553
1.50372e-09	0.881347
1.50379e-09	0.881141
1.50385e-09	0.880935
1.50392e-09	0.880729
1.50398e-09	0.880523
1.50404e-09	0.880316
1.50411e-09	0.88011
1.50417e-09	0.879903
1.50424e-09	0.879696
1.5043e-09	0.879489
1.50436e-09	0.879282
1.50443e-09	0.879075
1.50449e-09	0.878867
1.50456e-09	0.878659
1.50462e-09	0.878451
1.50468e-09	0.878243
1.50475e-09	0.878035
1.50481e-09	0.877827
1.50488e-09	0.877618
1.50494e-09	0.87741
1.505e-09	0.877201
1.50507e-09	0.876992
1.50513e-09	0.876783
1.5052e-09	0.876573
1.50526e-09	0.876364
1.50532e-09	0.876154
1.50539e-09	0.875945
1.50545e-09	0.875735
1.50552e-09	0.875525
1.50558e-09	0.875314
1.50564e-09	0.875104
1.50571e-09	0.874893
1.50577e-09	0.874683
1.50584e-09	0.874472
1.5059e-09	0.874261
1.50596e-09	0.87405
1.50603e-09	0.873838
1.50609e-09	0.873627
1.50616e-09	0.873415
1.50622e-09	0.873203
1.50628e-09	0.872991
1.50635e-09	0.872779
1.50641e-09	0.872567
1.50648e-09	0.872355
1.50654e-09	0.872142
1.5066e-09	0.871929
1.50667e-09	0.871716
1.50673e-09	0.871503
1.5068e-09	0.87129
1.50686e-09	0.871077
1.50692e-09	0.870863
1.50699e-09	0.87065
1.50705e-09	0.870436
1.50712e-09	0.870222
1.50718e-09	0.870008
1.50724e-09	0.869793
1.50731e-09	0.869579
1.50737e-09	0.869364
1.50744e-09	0.86915
1.5075e-09	0.868935
1.50756e-09	0.86872
1.50763e-09	0.868504
1.50769e-09	0.868289
1.50776e-09	0.868073
1.50782e-09	0.867858
1.50788e-09	0.867642
1.50795e-09	0.867426
1.50801e-09	0.86721
1.50808e-09	0.866993
1.50814e-09	0.866777
1.5082e-09	0.86656
1.50827e-09	0.866343
1.50833e-09	0.866126
1.5084e-09	0.865909
1.50846e-09	0.865692
1.50852e-09	0.865475
1.50859e-09	0.865257
1.50865e-09	0.86504
1.50872e-09	0.864822
1.50878e-09	0.864604
1.50884e-09	0.864385
1.50891e-09	0.864167
1.50897e-09	0.863949
1.50904e-09	0.86373
1.5091e-09	0.863511
1.50916e-09	0.863292
1.50923e-09	0.863073
1.50929e-09	0.862854
1.50936e-09	0.862635
1.50942e-09	0.862415
1.50948e-09	0.862195
1.50955e-09	0.861976
1.50961e-09	0.861756
1.50968e-09	0.861535
1.50974e-09	0.861315
1.5098e-09	0.861095
1.50987e-09	0.860874
1.50993e-09	0.860653
1.51e-09	0.860432
1.51006e-09	0.860211
1.51012e-09	0.85999
1.51019e-09	0.859769
1.51025e-09	0.859547
1.51032e-09	0.859325
1.51038e-09	0.859104
1.51044e-09	0.858882
1.51051e-09	0.858659
1.51057e-09	0.858437
1.51064e-09	0.858215
1.5107e-09	0.857992
1.51076e-09	0.857769
1.51083e-09	0.857546
1.51089e-09	0.857323
1.51096e-09	0.8571
1.51102e-09	0.856877
1.51109e-09	0.856653
1.51115e-09	0.85643
1.51121e-09	0.856206
1.51128e-09	0.855982
1.51134e-09	0.855758
1.51141e-09	0.855534
1.51147e-09	0.855309
1.51153e-09	0.855085
1.5116e-09	0.85486
1.51166e-09	0.854635
1.51173e-09	0.85441
1.51179e-09	0.854185
1.51185e-09	0.85396
1.51192e-09	0.853734
1.51198e-09	0.853508
1.51205e-09	0.853283
1.51211e-09	0.853057
1.51217e-09	0.852831
1.51224e-09	0.852604
1.5123e-09	0.852378
1.51237e-09	0.852152
1.51243e-09	0.851925
1.51249e-09	0.851698
1.51256e-09	0.851471
1.51262e-09	0.851244
1.51269e-09	0.851017
1.51275e-09	0.850789
1.51281e-09	0.850562
1.51288e-09	0.850334
1.51294e-09	0.850106
1.51301e-09	0.849878
1.51307e-09	0.84965
1.51313e-09	0.849422
1.5132e-09	0.849193
1.51326e-09	0.848965
1.51333e-09	0.848736
1.51339e-09	0.848507
1.51345e-09	0.848278
1.51352e-09	0.848049
1.51358e-09	0.847819
1.51365e-09	0.84759
1.51371e-09	0.84736
1.51377e-09	0.84713
1.51384e-09	0.846901
1.5139e-09	0.84667
1.51397e-09	0.84644
1.51403e-09	0.84621
1.51409e-09	0.845979
1.51416e-09	0.845749
1.51422e-09	0.845518
1.51429e-09	0.845287
1.51435e-09	0.845056
1.51441e-09	0.844824
1.51448e-09	0.844593
1.51454e-09	0.844361
1.51461e-09	0.84413
1.51467e-09	0.843898
1.51473e-09	0.843666
1.5148e-09	0.843434
1.51486e-09	0.843201
1.51493e-09	0.842969
1.51499e-09	0.842736
1.51505e-09	0.842503
1.51512e-09	0.842271
1.51518e-09	0.842038
1.51525e-09	0.841804
1.51531e-09	0.841571
1.51537e-09	0.841338
1.51544e-09	0.841104
1.5155e-09	0.84087
1.51557e-09	0.840636
1.51563e-09	0.840402
1.51569e-09	0.840168
1.51576e-09	0.839934
1.51582e-09	0.839699
1.51589e-09	0.839464
1.51595e-09	0.83923
1.51601e-09	0.838995
1.51608e-09	0.83876
1.51614e-09	0.838524
1.51621e-09	0.838289
1.51627e-09	0.838054
1.51633e-09	0.837818
1.5164e-09	0.837582
1.51646e-09	0.837346
1.51653e-09	0.83711
1.51659e-09	0.836874
1.51665e-09	0.836637
1.51672e-09	0.836401
1.51678e-09	0.836164
1.51685e-09	0.835927
1.51691e-09	0.83569
1.51697e-09	0.835453
1.51704e-09	0.835216
1.5171e-09	0.834979
1.51717e-09	0.834741
1.51723e-09	0.834503
1.51729e-09	0.834265
1.51736e-09	0.834027
1.51742e-09	0.833789
1.51749e-09	0.833551
1.51755e-09	0.833313
1.51761e-09	0.833074
1.51768e-09	0.832835
1.51774e-09	0.832597
1.51781e-09	0.832358
1.51787e-09	0.832118
1.51793e-09	0.831879
1.518e-09	0.83164
1.51806e-09	0.8314
1.51813e-09	0.83116
1.51819e-09	0.830921
1.51825e-09	0.830681
1.51832e-09	0.830441
1.51838e-09	0.8302
1.51845e-09	0.82996
1.51851e-09	0.829719
1.51857e-09	0.829479
1.51864e-09	0.829238
1.5187e-09	0.828997
1.51877e-09	0.828756
1.51883e-09	0.828514
1.51889e-09	0.828273
1.51896e-09	0.828031
1.51902e-09	0.82779
1.51909e-09	0.827548
1.51915e-09	0.827306
1.51921e-09	0.827064
1.51928e-09	0.826821
1.51934e-09	0.826579
1.51941e-09	0.826336
1.51947e-09	0.826094
1.51953e-09	0.825851
1.5196e-09	0.825608
1.51966e-09	0.825365
1.51973e-09	0.825122
1.51979e-09	0.824878
1.51985e-09	0.824635
1.51992e-09	0.824391
1.51998e-09	0.824147
1.52005e-09	0.823903
1.52011e-09	0.823659
1.52017e-09	0.823415
1.52024e-09	0.82317
1.5203e-09	0.822926
1.52037e-09	0.822681
1.52043e-09	0.822436
1.52049e-09	0.822191
1.52056e-09	0.821946
1.52062e-09	0.821701
1.52069e-09	0.821456
1.52075e-09	0.82121
1.52081e-09	0.820965
1.52088e-09	0.820719
1.52094e-09	0.820473
1.52101e-09	0.820227
1.52107e-09	0.819981
1.52113e-09	0.819734
1.5212e-09	0.819488
1.52126e-09	0.819241
1.52133e-09	0.818994
1.52139e-09	0.818747
1.52145e-09	0.8185
1.52152e-09	0.818253
1.52158e-09	0.818006
1.52165e-09	0.817758
1.52171e-09	0.817511
1.52177e-09	0.817263
1.52184e-09	0.817015
1.5219e-09	0.816767
1.52197e-09	0.816519
1.52203e-09	0.816271
1.52209e-09	0.816022
1.52216e-09	0.815774
1.52222e-09	0.815525
1.52229e-09	0.815276
1.52235e-09	0.815027
1.52241e-09	0.814778
1.52248e-09	0.814529
1.52254e-09	0.814279
1.52261e-09	0.81403
1.52267e-09	0.81378
1.52273e-09	0.81353
1.5228e-09	0.81328
1.52286e-09	0.81303
1.52293e-09	0.81278
1.52299e-09	0.81253
1.52305e-09	0.812279
1.52312e-09	0.812028
1.52318e-09	0.811778
1.52325e-09	0.811527
1.52331e-09	0.811276
1.52337e-09	0.811025
1.52344e-09	0.810773
1.5235e-09	0.810522
1.52357e-09	0.81027
1.52363e-09	0.810018
1.52369e-09	0.809767
1.52376e-09	0.809515
1.52382e-09	0.809262
1.52389e-09	0.80901
1.52395e-09	0.808758
1.52401e-09	0.808505
1.52408e-09	0.808253
1.52414e-09	0.808
1.52421e-09	0.807747
1.52427e-09	0.807494
1.52433e-09	0.80724
1.5244e-09	0.806987
1.52446e-09	0.806733
1.52453e-09	0.80648
1.52459e-09	0.806226
1.52465e-09	0.805972
1.52472e-09	0.805718
1.52478e-09	0.805464
1.52485e-09	0.80521
1.52491e-09	0.804955
1.52497e-09	0.804701
1.52504e-09	0.804446
1.5251e-09	0.804191
1.52517e-09	0.803936
1.52523e-09	0.803681
1.52529e-09	0.803426
1.52536e-09	0.80317
1.52542e-09	0.802915
1.52549e-09	0.802659
1.52555e-09	0.802403
1.52561e-09	0.802147
1.52568e-09	0.801891
1.52574e-09	0.801635
1.52581e-09	0.801379
1.52587e-09	0.801122
1.52593e-09	0.800866
1.526e-09	0.800609
1.52606e-09	0.800352
1.52613e-09	0.800095
1.52619e-09	0.799838
1.52625e-09	0.799581
1.52632e-09	0.799323
1.52638e-09	0.799066
1.52645e-09	0.798808
1.52651e-09	0.79855
1.52657e-09	0.798292
1.52664e-09	0.798034
1.5267e-09	0.797776
1.52677e-09	0.797518
1.52683e-09	0.797259
1.52689e-09	0.797001
1.52696e-09	0.796742
1.52702e-09	0.796483
1.52709e-09	0.796224
1.52715e-09	0.795965
1.52721e-09	0.795706
1.52728e-09	0.795447
1.52734e-09	0.795187
1.52741e-09	0.794927
1.52747e-09	0.794668
1.52753e-09	0.794408
1.5276e-09	0.794148
1.52766e-09	0.793887
1.52773e-09	0.793627
1.52779e-09	0.793367
1.52785e-09	0.793106
1.52792e-09	0.792845
1.52798e-09	0.792585
1.52805e-09	0.792324
1.52811e-09	0.792063
1.52817e-09	0.791801
1.52824e-09	0.79154
1.5283e-09	0.791278
1.52837e-09	0.791017
1.52843e-09	0.790755
1.5285e-09	0.790493
1.52856e-09	0.790231
1.52862e-09	0.789969
1.52869e-09	0.789707
1.52875e-09	0.789444
1.52882e-09	0.789182
1.52888e-09	0.788919
1.52894e-09	0.788657
1.52901e-09	0.788394
1.52907e-09	0.788131
1.52914e-09	0.787867
1.5292e-09	0.787604
1.52926e-09	0.787341
1.52933e-09	0.787077
1.52939e-09	0.786813
1.52946e-09	0.78655
1.52952e-09	0.786286
1.52958e-09	0.786022
1.52965e-09	0.785757
1.52971e-09	0.785493
1.52978e-09	0.785229
1.52984e-09	0.784964
1.5299e-09	0.784699
1.52997e-09	0.784434
1.53003e-09	0.784169
1.5301e-09	0.783904
1.53016e-09	0.783639
1.53022e-09	0.783374
1.53029e-09	0.783108
1.53035e-09	0.782843
1.53042e-09	0.782577
1.53048e-09	0.782311
1.53054e-09	0.782045
1.53061e-09	0.781779
1.53067e-09	0.781513
1.53074e-09	0.781246
1.5308e-09	0.78098
1.53086e-09	0.780713
1.53093e-09	0.780446
1.53099e-09	0.780179
1.53106e-09	0.779912
1.53112e-09	0.779645
1.53118e-09	0.779378
1.53125e-09	0.77911
1.53131e-09	0.778843
1.53138e-09	0.778575
1.53144e-09	0.778307
1.5315e-09	0.77804
1.53157e-09	0.777772
1.53163e-09	0.777503
1.5317e-09	0.777235
1.53176e-09	0.776967
1.53182e-09	0.776698
1.53189e-09	0.776429
1.53195e-09	0.776161
1.53202e-09	0.775892
1.53208e-09	0.775623
1.53214e-09	0.775354
1.53221e-09	0.775084
1.53227e-09	0.774815
1.53234e-09	0.774545
1.5324e-09	0.774276
1.53246e-09	0.774006
1.53253e-09	0.773736
1.53259e-09	0.773466
1.53266e-09	0.773196
1.53272e-09	0.772925
1.53278e-09	0.772655
1.53285e-09	0.772384
1.53291e-09	0.772114
1.53298e-09	0.771843
1.53304e-09	0.771572
1.5331e-09	0.771301
1.53317e-09	0.77103
1.53323e-09	0.770759
1.5333e-09	0.770487
1.53336e-09	0.770216
1.53342e-09	0.769944
1.53349e-09	0.769672
1.53355e-09	0.7694
1.53362e-09	0.769128
1.53368e-09	0.768856
1.53374e-09	0.768584
1.53381e-09	0.768311
1.53387e-09	0.768039
1.53394e-09	0.767766
1.534e-09	0.767493
1.53406e-09	0.76722
1.53413e-09	0.766948
1.53419e-09	0.766674
1.53426e-09	0.766401
1.53432e-09	0.766128
1.53438e-09	0.765854
1.53445e-09	0.765581
1.53451e-09	0.765307
1.53458e-09	0.765033
1.53464e-09	0.764759
1.5347e-09	0.764485
1.53477e-09	0.764211
1.53483e-09	0.763936
1.5349e-09	0.763662
1.53496e-09	0.763387
1.53502e-09	0.763112
1.53509e-09	0.762837
1.53515e-09	0.762562
1.53522e-09	0.762287
1.53528e-09	0.762012
1.53534e-09	0.761737
1.53541e-09	0.761461
1.53547e-09	0.761186
1.53554e-09	0.76091
1.5356e-09	0.760634
1.53566e-09	0.760358
1.53573e-09	0.760082
1.53579e-09	0.759806
1.53586e-09	0.75953
1.53592e-09	0.759253
1.53598e-09	0.758977
1.53605e-09	0.7587
1.53611e-09	0.758423
1.53618e-09	0.758146
1.53624e-09	0.757869
1.5363e-09	0.757592
1.53637e-09	0.757315
1.53643e-09	0.757038
1.5365e-09	0.75676
1.53656e-09	0.756482
1.53662e-09	0.756205
1.53669e-09	0.755927
1.53675e-09	0.755649
1.53682e-09	0.755371
1.53688e-09	0.755092
1.53694e-09	0.754814
1.53701e-09	0.754536
1.53707e-09	0.754257
1.53714e-09	0.753978
1.5372e-09	0.753699
1.53726e-09	0.753421
1.53733e-09	0.753141
1.53739e-09	0.752862
1.53746e-09	0.752583
1.53752e-09	0.752304
1.53758e-09	0.752024
1.53765e-09	0.751744
1.53771e-09	0.751465
1.53778e-09	0.751185
1.53784e-09	0.750905
1.5379e-09	0.750625
1.53797e-09	0.750344
1.53803e-09	0.750064
1.5381e-09	0.749783
1.53816e-09	0.749503
1.53822e-09	0.749222
1.53829e-09	0.748941
1.53835e-09	0.74866
1.53842e-09	0.748379
1.53848e-09	0.748098
1.53854e-09	0.747817
1.53861e-09	0.747535
1.53867e-09	0.747254
1.53874e-09	0.746972
1.5388e-09	0.74669
1.53886e-09	0.746409
1.53893e-09	0.746127
1.53899e-09	0.745844
1.53906e-09	0.745562
1.53912e-09	0.74528
1.53918e-09	0.744997
1.53925e-09	0.744715
1.53931e-09	0.744432
1.53938e-09	0.744149
1.53944e-09	0.743866
1.5395e-09	0.743583
1.53957e-09	0.7433
1.53963e-09	0.743017
1.5397e-09	0.742733
1.53976e-09	0.74245
1.53982e-09	0.742166
1.53989e-09	0.741883
1.53995e-09	0.741599
1.54002e-09	0.741315
1.54008e-09	0.741031
1.54014e-09	0.740747
1.54021e-09	0.740462
1.54027e-09	0.740178
1.54034e-09	0.739893
1.5404e-09	0.739609
1.54046e-09	0.739324
1.54053e-09	0.739039
1.54059e-09	0.738754
1.54066e-09	0.738469
1.54072e-09	0.738184
1.54078e-09	0.737898
1.54085e-09	0.737613
1.54091e-09	0.737327
1.54098e-09	0.737042
1.54104e-09	0.736756
1.5411e-09	0.73647
1.54117e-09	0.736184
1.54123e-09	0.735898
1.5413e-09	0.735611
1.54136e-09	0.735325
1.54142e-09	0.735039
1.54149e-09	0.734752
1.54155e-09	0.734465
1.54162e-09	0.734178
1.54168e-09	0.733892
1.54174e-09	0.733604
1.54181e-09	0.733317
1.54187e-09	0.73303
1.54194e-09	0.732743
1.542e-09	0.732455
1.54206e-09	0.732168
1.54213e-09	0.73188
1.54219e-09	0.731592
1.54226e-09	0.731304
1.54232e-09	0.731016
1.54238e-09	0.730728
1.54245e-09	0.73044
1.54251e-09	0.730151
1.54258e-09	0.729863
1.54264e-09	0.729574
1.5427e-09	0.729285
1.54277e-09	0.728997
1.54283e-09	0.728708
1.5429e-09	0.728419
1.54296e-09	0.728129
1.54302e-09	0.72784
1.54309e-09	0.727551
1.54315e-09	0.727261
1.54322e-09	0.726972
1.54328e-09	0.726682
1.54334e-09	0.726392
1.54341e-09	0.726102
1.54347e-09	0.725812
1.54354e-09	0.725522
1.5436e-09	0.725232
1.54366e-09	0.724941
1.54373e-09	0.724651
1.54379e-09	0.72436
1.54386e-09	0.72407
1.54392e-09	0.723779
1.54398e-09	0.723488
1.54405e-09	0.723197
1.54411e-09	0.722906
1.54418e-09	0.722614
1.54424e-09	0.722323
1.5443e-09	0.722032
1.54437e-09	0.72174
1.54443e-09	0.721448
1.5445e-09	0.721156
1.54456e-09	0.720865
1.54462e-09	0.720573
1.54469e-09	0.72028
1.54475e-09	0.719988
1.54482e-09	0.719696
1.54488e-09	0.719403
1.54494e-09	0.719111
1.54501e-09	0.718818
1.54507e-09	0.718525
1.54514e-09	0.718233
1.5452e-09	0.71794
1.54526e-09	0.717646
1.54533e-09	0.717353
1.54539e-09	0.71706
1.54546e-09	0.716767
1.54552e-09	0.716473
1.54558e-09	0.716179
1.54565e-09	0.715886
1.54571e-09	0.715592
1.54578e-09	0.715298
1.54584e-09	0.715004
1.54591e-09	0.71471
1.54597e-09	0.714415
1.54603e-09	0.714121
1.5461e-09	0.713826
1.54616e-09	0.713532
1.54623e-09	0.713237
1.54629e-09	0.712942
1.54635e-09	0.712647
1.54642e-09	0.712352
1.54648e-09	0.712057
1.54655e-09	0.711762
1.54661e-09	0.711467
1.54667e-09	0.711171
1.54674e-09	0.710876
1.5468e-09	0.71058
1.54687e-09	0.710284
1.54693e-09	0.709988
1.54699e-09	0.709692
1.54706e-09	0.709396
1.54712e-09	0.7091
1.54719e-09	0.708804
1.54725e-09	0.708508
1.54731e-09	0.708211
1.54738e-09	0.707914
1.54744e-09	0.707618
1.54751e-09	0.707321
1.54757e-09	0.707024
1.54763e-09	0.706727
1.5477e-09	0.70643
1.54776e-09	0.706133
1.54783e-09	0.705835
1.54789e-09	0.705538
1.54795e-09	0.70524
1.54802e-09	0.704943
1.54808e-09	0.704645
1.54815e-09	0.704347
1.54821e-09	0.704049
1.54827e-09	0.703751
1.54834e-09	0.703453
1.5484e-09	0.703155
1.54847e-09	0.702856
1.54853e-09	0.702558
1.54859e-09	0.702259
1.54866e-09	0.701961
1.54872e-09	0.701662
1.54879e-09	0.701363
1.54885e-09	0.701064
1.54891e-09	0.700765
1.54898e-09	0.700466
1.54904e-09	0.700166
1.54911e-09	0.699867
1.54917e-09	0.699568
1.54923e-09	0.699268
1.5493e-09	0.698968
1.54936e-09	0.698668
1.54943e-09	0.698369
1.54949e-09	0.698069
1.54955e-09	0.697769
1.54962e-09	0.697468
1.54968e-09	0.697168
1.54975e-09	0.696868
1.54981e-09	0.696567
1.54987e-09	0.696266
1.54994e-09	0.695966
1.55e-09	0.695665
1.55007e-09	0.695364
1.55013e-09	0.695063
1.55019e-09	0.694762
1.55026e-09	0.694461
1.55032e-09	0.694159
1.55039e-09	0.693858
1.55045e-09	0.693556
1.55051e-09	0.693255
1.55058e-09	0.692953
1.55064e-09	0.692651
1.55071e-09	0.692349
1.55077e-09	0.692047
1.55083e-09	0.691745
1.5509e-09	0.691443
1.55096e-09	0.691141
1.55103e-09	0.690838
1.55109e-09	0.690536
1.55115e-09	0.690233
1.55122e-09	0.68993
1.55128e-09	0.689628
1.55135e-09	0.689325
1.55141e-09	0.689022
1.55147e-09	0.688719
1.55154e-09	0.688415
1.5516e-09	0.688112
1.55167e-09	0.687809
1.55173e-09	0.687505
1.55179e-09	0.687202
1.55186e-09	0.686898
1.55192e-09	0.686594
1.55199e-09	0.68629
1.55205e-09	0.685986
1.55211e-09	0.685682
1.55218e-09	0.685378
1.55224e-09	0.685074
1.55231e-09	0.684769
1.55237e-09	0.684465
1.55243e-09	0.68416
1.5525e-09	0.683856
1.55256e-09	0.683551
1.55263e-09	0.683246
1.55269e-09	0.682941
1.55275e-09	0.682636
1.55282e-09	0.682331
1.55288e-09	0.682025
1.55295e-09	0.68172
1.55301e-09	0.681415
1.55307e-09	0.681109
1.55314e-09	0.680803
1.5532e-09	0.680498
1.55327e-09	0.680192
1.55333e-09	0.679886
1.55339e-09	0.67958
1.55346e-09	0.679274
1.55352e-09	0.678968
1.55359e-09	0.678661
1.55365e-09	0.678355
1.55371e-09	0.678048
1.55378e-09	0.677742
1.55384e-09	0.677435
1.55391e-09	0.677128
1.55397e-09	0.676821
1.55403e-09	0.676514
1.5541e-09	0.676207
1.55416e-09	0.6759
1.55423e-09	0.675593
1.55429e-09	0.675286
1.55435e-09	0.674978
1.55442e-09	0.674671
1.55448e-09	0.674363
1.55455e-09	0.674055
1.55461e-09	0.673747
1.55467e-09	0.673439
1.55474e-09	0.673131
1.5548e-09	0.672823
1.55487e-09	0.672515
1.55493e-09	0.672207
1.55499e-09	0.671898
1.55506e-09	0.67159
1.55512e-09	0.671281
1.55519e-09	0.670973
1.55525e-09	0.670664
1.55531e-09	0.670355
1.55538e-09	0.670046
1.55544e-09	0.669737
1.55551e-09	0.669428
1.55557e-09	0.669119
1.55563e-09	0.668809
1.5557e-09	0.6685
1.55576e-09	0.66819
1.55583e-09	0.667881
1.55589e-09	0.667571
1.55595e-09	0.667261
1.55602e-09	0.666951
1.55608e-09	0.666641
1.55615e-09	0.666331
1.55621e-09	0.666021
1.55627e-09	0.665711
1.55634e-09	0.665401
1.5564e-09	0.66509
1.55647e-09	0.66478
1.55653e-09	0.664469
1.55659e-09	0.664158
1.55666e-09	0.663848
1.55672e-09	0.663537
1.55679e-09	0.663226
1.55685e-09	0.662915
1.55691e-09	0.662603
1.55698e-09	0.662292
1.55704e-09	0.661981
1.55711e-09	0.661669
1.55717e-09	0.661358
1.55723e-09	0.661046
1.5573e-09	0.660735
1.55736e-09	0.660423
1.55743e-09	0.660111
1.55749e-09	0.659799
1.55755e-09	0.659487
1.55762e-09	0.659175
1.55768e-09	0.658862
1.55775e-09	0.65855
1.55781e-09	0.658238
1.55787e-09	0.657925
1.55794e-09	0.657613
1.558e-09	0.6573
1.55807e-09	0.656987
1.55813e-09	0.656674
1.55819e-09	0.656361
1.55826e-09	0.656048
1.55832e-09	0.655735
1.55839e-09	0.655422
1.55845e-09	0.655109
1.55851e-09	0.654795
1.55858e-09	0.654482
1.55864e-09	0.654168
1.55871e-09	0.653854
1.55877e-09	0.653541
1.55883e-09	0.653227
1.5589e-09	0.652913
1.55896e-09	0.652599
1.55903e-09	0.652285
1.55909e-09	0.651971
1.55915e-09	0.651656
1.55922e-09	0.651342
1.55928e-09	0.651027
1.55935e-09	0.650713
1.55941e-09	0.650398
1.55947e-09	0.650084
1.55954e-09	0.649769
1.5596e-09	0.649454
1.55967e-09	0.649139
1.55973e-09	0.648824
1.55979e-09	0.648509
1.55986e-09	0.648193
1.55992e-09	0.647878
1.55999e-09	0.647563
1.56005e-09	0.647247
1.56011e-09	0.646932
1.56018e-09	0.646616
1.56024e-09	0.6463
1.56031e-09	0.645984
1.56037e-09	0.645668
1.56043e-09	0.645352
1.5605e-09	0.645036
1.56056e-09	0.64472
1.56063e-09	0.644404
1.56069e-09	0.644088
1.56075e-09	0.643771
1.56082e-09	0.643455
1.56088e-09	0.643138
1.56095e-09	0.642821
1.56101e-09	0.642505
1.56107e-09	0.642188
1.56114e-09	0.641871
1.5612e-09	0.641554
1.56127e-09	0.641237
1.56133e-09	0.640919
1.56139e-09	0.640602
1.56146e-09	0.640285
1.56152e-09	0.639967
1.56159e-09	0.63965
1.56165e-09	0.639332
1.56171e-09	0.639014
1.56178e-09	0.638697
1.56184e-09	0.638379
1.56191e-09	0.638061
1.56197e-09	0.637743
1.56203e-09	0.637425
1.5621e-09	0.637107
1.56216e-09	0.636788
1.56223e-09	0.63647
1.56229e-09	0.636151
1.56235e-09	0.635833
1.56242e-09	0.635514
1.56248e-09	0.635196
1.56255e-09	0.634877
1.56261e-09	0.634558
1.56267e-09	0.634239
1.56274e-09	0.63392
1.5628e-09	0.633601
1.56287e-09	0.633282
1.56293e-09	0.632962
1.56299e-09	0.632643
1.56306e-09	0.632324
1.56312e-09	0.632004
1.56319e-09	0.631685
1.56325e-09	0.631365
1.56332e-09	0.631045
1.56338e-09	0.630725
1.56344e-09	0.630405
1.56351e-09	0.630085
1.56357e-09	0.629765
1.56364e-09	0.629445
1.5637e-09	0.629125
1.56376e-09	0.628805
1.56383e-09	0.628484
1.56389e-09	0.628164
1.56396e-09	0.627843
1.56402e-09	0.627522
1.56408e-09	0.627202
1.56415e-09	0.626881
1.56421e-09	0.62656
1.56428e-09	0.626239
1.56434e-09	0.625918
1.5644e-09	0.625597
1.56447e-09	0.625276
1.56453e-09	0.624954
1.5646e-09	0.624633
1.56466e-09	0.624312
1.56472e-09	0.62399
1.56479e-09	0.623668
1.56485e-09	0.623347
1.56492e-09	0.623025
1.56498e-09	0.622703
1.56504e-09	0.622381
1.56511e-09	0.622059
1.56517e-09	0.621737
1.56524e-09	0.621415
1.5653e-09	0.621093
1.56536e-09	0.62077
1.56543e-09	0.620448
1.56549e-09	0.620126
1.56556e-09	0.619803
1.56562e-09	0.61948
1.56568e-09	0.619158
1.56575e-09	0.618835
1.56581e-09	0.618512
1.56588e-09	0.618189
1.56594e-09	0.617866
1.566e-09	0.617543
1.56607e-09	0.61722
1.56613e-09	0.616897
1.5662e-09	0.616573
1.56626e-09	0.61625
1.56632e-09	0.615927
1.56639e-09	0.615603
1.56645e-09	0.615279
1.56652e-09	0.614956
1.56658e-09	0.614632
1.56664e-09	0.614308
1.56671e-09	0.613984
1.56677e-09	0.61366
1.56684e-09	0.613336
1.5669e-09	0.613012
1.56696e-09	0.612688
1.56703e-09	0.612363
1.56709e-09	0.612039
1.56716e-09	0.611714
1.56722e-09	0.61139
1.56728e-09	0.611065
1.56735e-09	0.610741
1.56741e-09	0.610416
1.56748e-09	0.610091
1.56754e-09	0.609766
1.5676e-09	0.609441
1.56767e-09	0.609116
1.56773e-09	0.608791
1.5678e-09	0.608466
1.56786e-09	0.608141
1.56792e-09	0.607815
1.56799e-09	0.60749
1.56805e-09	0.607164
1.56812e-09	0.606839
1.56818e-09	0.606513
1.56824e-09	0.606187
1.56831e-09	0.605861
1.56837e-09	0.605536
1.56844e-09	0.60521
1.5685e-09	0.604884
1.56856e-09	0.604558
1.56863e-09	0.604231
1.56869e-09	0.603905
1.56876e-09	0.603579
1.56882e-09	0.603252
1.56888e-09	0.602926
1.56895e-09	0.6026
1.56901e-09	0.602273
1.56908e-09	0.601946
1.56914e-09	0.601619
1.5692e-09	0.601293
1.56927e-09	0.600966
1.56933e-09	0.600639
1.5694e-09	0.600312
1.56946e-09	0.599985
1.56952e-09	0.599657
1.56959e-09	0.59933
1.56965e-09	0.599003
1.56972e-09	0.598676
1.56978e-09	0.598348
1.56984e-09	0.598021
1.56991e-09	0.597693
1.56997e-09	0.597365
1.57004e-09	0.597037
1.5701e-09	0.59671
1.57016e-09	0.596382
1.57023e-09	0.596054
1.57029e-09	0.595726
1.57036e-09	0.595398
1.57042e-09	0.59507
1.57048e-09	0.594741
1.57055e-09	0.594413
1.57061e-09	0.594085
1.57068e-09	0.593756
1.57074e-09	0.593428
1.5708e-09	0.593099
1.57087e-09	0.59277
1.57093e-09	0.592442
1.571e-09	0.592113
1.57106e-09	0.591784
1.57112e-09	0.591455
1.57119e-09	0.591126
1.57125e-09	0.590797
1.57132e-09	0.590468
1.57138e-09	0.590139
1.57144e-09	0.589809
1.57151e-09	0.58948
1.57157e-09	0.58915
1.57164e-09	0.588821
1.5717e-09	0.588491
1.57176e-09	0.588162
1.57183e-09	0.587832
1.57189e-09	0.587502
1.57196e-09	0.587173
1.57202e-09	0.586843
1.57208e-09	0.586513
1.57215e-09	0.586183
1.57221e-09	0.585853
1.57228e-09	0.585522
1.57234e-09	0.585192
1.5724e-09	0.584862
1.57247e-09	0.584531
1.57253e-09	0.584201
1.5726e-09	0.58387
1.57266e-09	0.58354
1.57272e-09	0.583209
1.57279e-09	0.582879
1.57285e-09	0.582548
1.57292e-09	0.582217
1.57298e-09	0.581886
1.57304e-09	0.581555
1.57311e-09	0.581224
1.57317e-09	0.580893
1.57324e-09	0.580562
1.5733e-09	0.58023
1.57336e-09	0.579899
1.57343e-09	0.579568
1.57349e-09	0.579236
1.57356e-09	0.578905
1.57362e-09	0.578573
1.57368e-09	0.578242
1.57375e-09	0.57791
1.57381e-09	0.577578
1.57388e-09	0.577246
1.57394e-09	0.576914
1.574e-09	0.576582
1.57407e-09	0.57625
1.57413e-09	0.575918
1.5742e-09	0.575586
1.57426e-09	0.575254
1.57432e-09	0.574922
1.57439e-09	0.574589
1.57445e-09	0.574257
1.57452e-09	0.573924
1.57458e-09	0.573592
1.57464e-09	0.573259
1.57471e-09	0.572927
1.57477e-09	0.572594
1.57484e-09	0.572261
1.5749e-09	0.571928
1.57496e-09	0.571595
1.57503e-09	0.571262
1.57509e-09	0.570929
1.57516e-09	0.570596
1.57522e-09	0.570263
1.57528e-09	0.56993
1.57535e-09	0.569596
1.57541e-09	0.569263
1.57548e-09	0.56893
1.57554e-09	0.568596
1.5756e-09	0.568263
1.57567e-09	0.567929
1.57573e-09	0.567595
1.5758e-09	0.567262
1.57586e-09	0.566928
1.57592e-09	0.566594
1.57599e-09	0.56626
1.57605e-09	0.565926
1.57612e-09	0.565592
1.57618e-09	0.565258
1.57624e-09	0.564924
1.57631e-09	0.564589
1.57637e-09	0.564255
1.57644e-09	0.563921
1.5765e-09	0.563586
1.57656e-09	0.563252
1.57663e-09	0.562917
1.57669e-09	0.562583
1.57676e-09	0.562248
1.57682e-09	0.561913
1.57688e-09	0.561579
1.57695e-09	0.561244
1.57701e-09	0.560909
1.57708e-09	0.560574
1.57714e-09	0.560239
1.5772e-09	0.559904
1.57727e-09	0.559569
1.57733e-09	0.559233
1.5774e-09	0.558898
1.57746e-09	0.558563
1.57752e-09	0.558228
1.57759e-09	0.557892
1.57765e-09	0.557557
1.57772e-09	0.557221
1.57778e-09	0.556885
1.57784e-09	0.55655
1.57791e-09	0.556214
1.57797e-09	0.555878
1.57804e-09	0.555542
1.5781e-09	0.555206
1.57816e-09	0.55487
1.57823e-09	0.554534
1.57829e-09	0.554198
1.57836e-09	0.553862
1.57842e-09	0.553526
1.57848e-09	0.55319
1.57855e-09	0.552853
1.57861e-09	0.552517
1.57868e-09	0.552181
1.57874e-09	0.551844
1.5788e-09	0.551508
1.57887e-09	0.551171
1.57893e-09	0.550834
1.579e-09	0.550498
1.57906e-09	0.550161
1.57912e-09	0.549824
1.57919e-09	0.549487
1.57925e-09	0.54915
1.57932e-09	0.548813
1.57938e-09	0.548476
1.57944e-09	0.548139
1.57951e-09	0.547802
1.57957e-09	0.547465
1.57964e-09	0.547127
1.5797e-09	0.54679
1.57976e-09	0.546453
1.57983e-09	0.546115
1.57989e-09	0.545778
1.57996e-09	0.54544
1.58002e-09	0.545102
1.58008e-09	0.544765
1.58015e-09	0.544427
1.58021e-09	0.544089
1.58028e-09	0.543751
1.58034e-09	0.543413
1.5804e-09	0.543076
1.58047e-09	0.542737
1.58053e-09	0.542399
1.5806e-09	0.542061
1.58066e-09	0.541723
1.58072e-09	0.541385
1.58079e-09	0.541047
1.58085e-09	0.540708
1.58092e-09	0.54037
1.58098e-09	0.540031
1.58105e-09	0.539693
1.58111e-09	0.539354
1.58117e-09	0.539016
1.58124e-09	0.538677
1.5813e-09	0.538338
1.58137e-09	0.538
1.58143e-09	0.537661
1.58149e-09	0.537322
1.58156e-09	0.536983
1.58162e-09	0.536644
1.58169e-09	0.536305
1.58175e-09	0.535966
1.58181e-09	0.535627
1.58188e-09	0.535288
1.58194e-09	0.534948
1.58201e-09	0.534609
1.58207e-09	0.53427
1.58213e-09	0.53393
1.5822e-09	0.533591
1.58226e-09	0.533251
1.58233e-09	0.532912
1.58239e-09	0.532572
1.58245e-09	0.532233
1.58252e-09	0.531893
1.58258e-09	0.531553
1.58265e-09	0.531213
1.58271e-09	0.530873
1.58277e-09	0.530533
1.58284e-09	0.530193
1.5829e-09	0.529853
1.58297e-09	0.529513
1.58303e-09	0.529173
1.58309e-09	0.528833
1.58316e-09	0.528493
1.58322e-09	0.528153
1.58329e-09	0.527812
1.58335e-09	0.527472
1.58341e-09	0.527131
1.58348e-09	0.526791
1.58354e-09	0.52645
1.58361e-09	0.52611
1.58367e-09	0.525769
1.58373e-09	0.525429
1.5838e-09	0.525088
1.58386e-09	0.524747
1.58393e-09	0.524406
1.58399e-09	0.524065
1.58405e-09	0.523724
1.58412e-09	0.523383
1.58418e-09	0.523042
1.58425e-09	0.522701
1.58431e-09	0.52236
1.58437e-09	0.522019
1.58444e-09	0.521678
1.5845e-09	0.521337
1.58457e-09	0.520995
1.58463e-09	0.520654
1.58469e-09	0.520312
1.58476e-09	0.519971
1.58482e-09	0.519629
1.58489e-09	0.519288
1.58495e-09	0.518946
1.58501e-09	0.518605
1.58508e-09	0.518263
1.58514e-09	0.517921
1.58521e-09	0.517579
1.58527e-09	0.517238
1.58533e-09	0.516896
1.5854e-09	0.516554
1.58546e-09	0.516212
1.58553e-09	0.51587
1.58559e-09	0.515528
1.58565e-09	0.515186
1.58572e-09	0.514843
1.58578e-09	0.514501
1.58585e-09	0.514159
1.58591e-09	0.513817
1.58597e-09	0.513474
1.58604e-09	0.513132
1.5861e-09	0.512789
1.58617e-09	0.512447
1.58623e-09	0.512104
1.58629e-09	0.511762
1.58636e-09	0.511419
1.58642e-09	0.511076
1.58649e-09	0.510734
1.58655e-09	0.510391
1.58661e-09	0.510048
1.58668e-09	0.509705
1.58674e-09	0.509362
1.58681e-09	0.509019
1.58687e-09	0.508676
1.58693e-09	0.508333
1.587e-09	0.50799
1.58706e-09	0.507647
1.58713e-09	0.507304
1.58719e-09	0.506961
1.58725e-09	0.506617
1.58732e-09	0.506274
1.58738e-09	0.505931
1.58745e-09	0.505587
1.58751e-09	0.505244
1.58757e-09	0.5049
1.58764e-09	0.504557
1.5877e-09	0.504213
1.58777e-09	0.50387
1.58783e-09	0.503526
1.58789e-09	0.503182
1.58796e-09	0.502839
1.58802e-09	0.502495
1.58809e-09	0.502151
1.58815e-09	0.501807
1.58821e-09	0.501463
1.58828e-09	0.501119
1.58834e-09	0.500775
1.58841e-09	0.500431
1.58847e-09	0.500087
1.58853e-09	0.499743
1.5886e-09	0.499399
1.58866e-09	0.499054
1.58873e-09	0.49871
1.58879e-09	0.498366
1.58885e-09	0.498022
1.58892e-09	0.497677
1.58898e-09	0.497333
1.58905e-09	0.496988
1.58911e-09	0.496644
1.58917e-09	0.496299
1.58924e-09	0.495955
1.5893e-09	0.49561
1.58937e-09	0.495265
1.58943e-09	0.494921
1.58949e-09	0.494576
1.58956e-09	0.494231
1.58962e-09	0.493886
1.58969e-09	0.493541
1.58975e-09	0.493196
1.58981e-09	0.492851
1.58988e-09	0.492506
1.58994e-09	0.492161
1.59001e-09	0.491816
1.59007e-09	0.491471
1.59013e-09	0.491126
1.5902e-09	0.490781
1.59026e-09	0.490436
1.59033e-09	0.49009
1.59039e-09	0.489745
1.59045e-09	0.4894
1.59052e-09	0.489054
1.59058e-09	0.488709
1.59065e-09	0.488363
1.59071e-09	0.488018
1.59077e-09	0.487672
1.59084e-09	0.487327
1.5909e-09	0.486981
1.59097e-09	0.486635
1.59103e-09	0.48629
1.59109e-09	0.485944
1.59116e-09	0.485598
1.59122e-09	0.485252
1.59129e-09	0.484906
1.59135e-09	0.484561
1.59141e-09	0.484215
1.59148e-09	0.483869
1.59154e-09	0.483523
1.59161e-09	0.483177
1.59167e-09	0.482831
1.59173e-09	0.482484
1.5918e-09	0.482138
1.59186e-09	0.481792
1.59193e-09	0.481446
1.59199e-09	0.4811
1.59205e-09	0.480753
1.59212e-09	0.480407
1.59218e-09	0.48006
1.59225e-09	0.479714
1.59231e-09	0.479368
1.59237e-09	0.479021
1.59244e-09	0.478675
1.5925e-09	0.478328
1.59257e-09	0.477981
1.59263e-09	0.477635
1.59269e-09	0.477288
1.59276e-09	0.476941
1.59282e-09	0.476595
1.59289e-09	0.476248
1.59295e-09	0.475901
1.59301e-09	0.475554
1.59308e-09	0.475207
1.59314e-09	0.47486
1.59321e-09	0.474513
1.59327e-09	0.474166
1.59333e-09	0.473819
1.5934e-09	0.473472
1.59346e-09	0.473125
1.59353e-09	0.472778
1.59359e-09	0.472431
1.59365e-09	0.472084
1.59372e-09	0.471736
1.59378e-09	0.471389
1.59385e-09	0.471042
1.59391e-09	0.470695
1.59397e-09	0.470347
1.59404e-09	0.47
1.5941e-09	0.469652
1.59417e-09	0.469305
1.59423e-09	0.468957
1.59429e-09	0.46861
1.59436e-09	0.468262
1.59442e-09	0.467915
1.59449e-09	0.467567
1.59455e-09	0.467219
1.59461e-09	0.466872
1.59468e-09	0.466524
1.59474e-09	0.466176
1.59481e-09	0.465828
1.59487e-09	0.465481
1.59493e-09	0.465133
1.595e-09	0.464785
1.59506e-09	0.464437
1.59513e-09	0.464089
1.59519e-09	0.463741
1.59525e-09	0.463393
1.59532e-09	0.463045
1.59538e-09	0.462697
1.59545e-09	0.462349
1.59551e-09	0.462
1.59557e-09	0.461652
1.59564e-09	0.461304
1.5957e-09	0.460956
1.59577e-09	0.460607
1.59583e-09	0.460259
1.59589e-09	0.459911
1.59596e-09	0.459562
1.59602e-09	0.459214
1.59609e-09	0.458866
1.59615e-09	0.458517
1.59621e-09	0.458169
1.59628e-09	0.45782
1.59634e-09	0.457472
1.59641e-09	0.457123
1.59647e-09	0.456774
1.59653e-09	0.456426
1.5966e-09	0.456077
1.59666e-09	0.455728
1.59673e-09	0.45538
1.59679e-09	0.455031
1.59685e-09	0.454682
1.59692e-09	0.454333
1.59698e-09	0.453984
1.59705e-09	0.453635
1.59711e-09	0.453287
1.59717e-09	0.452938
1.59724e-09	0.452589
1.5973e-09	0.45224
1.59737e-09	0.451891
1.59743e-09	0.451542
1.59749e-09	0.451192
1.59756e-09	0.450843
1.59762e-09	0.450494
1.59769e-09	0.450145
1.59775e-09	0.449796
1.59781e-09	0.449447
1.59788e-09	0.449097
1.59794e-09	0.448748
1.59801e-09	0.448399
1.59807e-09	0.448049
1.59813e-09	0.4477
1.5982e-09	0.447351
1.59826e-09	0.447001
1.59833e-09	0.446652
1.59839e-09	0.446302
1.59846e-09	0.445953
1.59852e-09	0.445603
1.59858e-09	0.445254
1.59865e-09	0.444904
1.59871e-09	0.444555
1.59878e-09	0.444205
1.59884e-09	0.443855
1.5989e-09	0.443506
1.59897e-09	0.443156
1.59903e-09	0.442806
1.5991e-09	0.442456
1.59916e-09	0.442107
1.59922e-09	0.441757
1.59929e-09	0.441407
1.59935e-09	0.441057
1.59942e-09	0.440707
1.59948e-09	0.440357
1.59954e-09	0.440007
1.59961e-09	0.439657
1.59967e-09	0.439307
1.59974e-09	0.438957
1.5998e-09	0.438607
1.59986e-09	0.438257
1.59993e-09	0.437907
1.59999e-09	0.437557
1.60006e-09	0.437207
1.60012e-09	0.436857
1.60018e-09	0.436507
1.60025e-09	0.436156
1.60031e-09	0.435806
1.60038e-09	0.435456
1.60044e-09	0.435106
1.6005e-09	0.434755
1.60057e-09	0.434405
1.60063e-09	0.434055
1.6007e-09	0.433704
1.60076e-09	0.433354
1.60082e-09	0.433003
1.60089e-09	0.432653
1.60095e-09	0.432302
1.60102e-09	0.431952
1.60108e-09	0.431601
1.60114e-09	0.431251
1.60121e-09	0.4309
1.60127e-09	0.43055
1.60134e-09	0.430199
1.6014e-09	0.429849
1.60146e-09	0.429498
1.60153e-09	0.429147
1.60159e-09	0.428796
1.60166e-09	0.428446
1.60172e-09	0.428095
1.60178e-09	0.427744
1.60185e-09	0.427393
1.60191e-09	0.427043
1.60198e-09	0.426692
1.60204e-09	0.426341
1.6021e-09	0.42599
1.60217e-09	0.425639
1.60223e-09	0.425288
1.6023e-09	0.424937
1.60236e-09	0.424586
1.60242e-09	0.424235
1.60249e-09	0.423884
1.60255e-09	0.423533
1.60262e-09	0.423182
1.60268e-09	0.422831
1.60274e-09	0.42248
1.60281e-09	0.422129
1.60287e-09	0.421778
1.60294e-09	0.421427
1.603e-09	0.421076
1.60306e-09	0.420725
1.60313e-09	0.420373
1.60319e-09	0.420022
1.60326e-09	0.419671
1.60332e-09	0.41932
1.60338e-09	0.418968
1.60345e-09	0.418617
1.60351e-09	0.418266
1.60358e-09	0.417914
1.60364e-09	0.417563
1.6037e-09	0.417212
1.60377e-09	0.41686
1.60383e-09	0.416509
1.6039e-09	0.416158
1.60396e-09	0.415806
1.60402e-09	0.415455
1.60409e-09	0.415103
1.60415e-09	0.414752
1.60422e-09	0.4144
1.60428e-09	0.414049
1.60434e-09	0.413697
1.60441e-09	0.413345
1.60447e-09	0.412994
1.60454e-09	0.412642
1.6046e-09	0.412291
1.60466e-09	0.411939
1.60473e-09	0.411587
1.60479e-09	0.411236
1.60486e-09	0.410884
1.60492e-09	0.410532
1.60498e-09	0.410181
1.60505e-09	0.409829
1.60511e-09	0.409477
1.60518e-09	0.409125
1.60524e-09	0.408773
1.6053e-09	0.408422
1.60537e-09	0.40807
1.60543e-09	0.407718
1.6055e-09	0.407366
1.60556e-09	0.407014
1.60562e-09	0.406662
1.60569e-09	0.40631
1.60575e-09	0.405959
1.60582e-09	0.405607
1.60588e-09	0.405255
1.60594e-09	0.404903
1.60601e-09	0.404551
1.60607e-09	0.404199
1.60614e-09	0.403847
1.6062e-09	0.403495
1.60626e-09	0.403143
1.60633e-09	0.402791
1.60639e-09	0.402438
1.60646e-09	0.402086
1.60652e-09	0.401734
1.60658e-09	0.401382
1.60665e-09	0.40103
1.60671e-09	0.400678
1.60678e-09	0.400326
1.60684e-09	0.399974
1.6069e-09	0.399621
1.60697e-09	0.399269
1.60703e-09	0.398917
1.6071e-09	0.398565
1.60716e-09	0.398212
1.60722e-09	0.39786
1.60729e-09	0.397508
1.60735e-09	0.397156
1.60742e-09	0.396803
1.60748e-09	0.396451
1.60754e-09	0.396099
1.60761e-09	0.395746
1.60767e-09	0.395394
1.60774e-09	0.395042
1.6078e-09	0.394689
1.60786e-09	0.394337
1.60793e-09	0.393985
1.60799e-09	0.393632
1.60806e-09	0.39328
1.60812e-09	0.392927
1.60818e-09	0.392575
1.60825e-09	0.392222
1.60831e-09	0.39187
1.60838e-09	0.391517
1.60844e-09	0.391165
1.6085e-09	0.390812
1.60857e-09	0.39046
1.60863e-09	0.390107
1.6087e-09	0.389755
1.60876e-09	0.389402
1.60882e-09	0.38905
1.60889e-09	0.388697
1.60895e-09	0.388345
1.60902e-09	0.387992
1.60908e-09	0.387639
1.60914e-09	0.387287
1.60921e-09	0.386934
1.60927e-09	0.386582
1.60934e-09	0.386229
1.6094e-09	0.385876
1.60946e-09	0.385524
1.60953e-09	0.385171
1.60959e-09	0.384818
1.60966e-09	0.384466
1.60972e-09	0.384113
1.60978e-09	0.38376
1.60985e-09	0.383407
1.60991e-09	0.383055
1.60998e-09	0.382702
1.61004e-09	0.382349
1.6101e-09	0.381996
1.61017e-09	0.381644
1.61023e-09	0.381291
1.6103e-09	0.380938
1.61036e-09	0.380585
1.61042e-09	0.380233
1.61049e-09	0.37988
1.61055e-09	0.379527
1.61062e-09	0.379174
1.61068e-09	0.378821
1.61074e-09	0.378468
1.61081e-09	0.378116
1.61087e-09	0.377763
1.61094e-09	0.37741
1.611e-09	0.377057
1.61106e-09	0.376704
1.61113e-09	0.376351
1.61119e-09	0.375998
1.61126e-09	0.375645
1.61132e-09	0.375293
1.61138e-09	0.37494
1.61145e-09	0.374587
1.61151e-09	0.374234
1.61158e-09	0.373881
1.61164e-09	0.373528
1.6117e-09	0.373175
1.61177e-09	0.372822
1.61183e-09	0.372469
1.6119e-09	0.372116
1.61196e-09	0.371763
1.61202e-09	0.37141
1.61209e-09	0.371057
1.61215e-09	0.370704
1.61222e-09	0.370351
1.61228e-09	0.369998
1.61234e-09	0.369645
1.61241e-09	0.369292
1.61247e-09	0.368939
1.61254e-09	0.368586
1.6126e-09	0.368233
1.61266e-09	0.36788
1.61273e-09	0.367527
1.61279e-09	0.367174
1.61286e-09	0.366821
1.61292e-09	0.366468
1.61298e-09	0.366115
1.61305e-09	0.365762
1.61311e-09	0.365409
1.61318e-09	0.365055
1.61324e-09	0.364702
1.6133e-09	0.364349
1.61337e-09	0.363996
1.61343e-09	0.363643
1.6135e-09	0.36329
1.61356e-09	0.362937
1.61362e-09	0.362584
1.61369e-09	0.362231
1.61375e-09	0.361878
1.61382e-09	0.361524
1.61388e-09	0.361171
1.61394e-09	0.360818
1.61401e-09	0.360465
1.61407e-09	0.360112
1.61414e-09	0.359759
1.6142e-09	0.359406
1.61426e-09	0.359053
1.61433e-09	0.358699
1.61439e-09	0.358346
1.61446e-09	0.357993
1.61452e-09	0.35764
1.61458e-09	0.357287
1.61465e-09	0.356934
1.61471e-09	0.356581
1.61478e-09	0.356227
1.61484e-09	0.355874
1.6149e-09	0.355521
1.61497e-09	0.355168
1.61503e-09	0.354815
1.6151e-09	0.354462
1.61516e-09	0.354108
1.61522e-09	0.353755
1.61529e-09	0.353402
1.61535e-09	0.353049
1.61542e-09	0.352696
1.61548e-09	0.352343
1.61554e-09	0.351989
1.61561e-09	0.351636
1.61567e-09	0.351283
1.61574e-09	0.35093
1.6158e-09	0.350577
1.61587e-09	0.350224
1.61593e-09	0.34987
1.61599e-09	0.349517
1.61606e-09	0.349164
1.61612e-09	0.348811
1.61619e-09	0.348458
1.61625e-09	0.348105
1.61631e-09	0.347751
1.61638e-09	0.347398
1.61644e-09	0.347045
1.61651e-09	0.346692
1.61657e-09	0.346339
1.61663e-09	0.345986
1.6167e-09	0.345632
1.61676e-09	0.345279
1.61683e-09	0.344926
1.61689e-09	0.344573
1.61695e-09	0.34422
1.61702e-09	0.343867
1.61708e-09	0.343513
1.61715e-09	0.34316
1.61721e-09	0.342807
1.61727e-09	0.342454
1.61734e-09	0.342101
1.6174e-09	0.341748
1.61747e-09	0.341395
1.61753e-09	0.341041
1.61759e-09	0.340688
1.61766e-09	0.340335
1.61772e-09	0.339982
1.61779e-09	0.339629
1.61785e-09	0.339276
1.61791e-09	0.338923
1.61798e-09	0.338569
1.61804e-09	0.338216
1.61811e-09	0.337863
1.61817e-09	0.33751
1.61823e-09	0.337157
1.6183e-09	0.336804
1.61836e-09	0.336451
1.61843e-09	0.336098
1.61849e-09	0.335745
1.61855e-09	0.335392
1.61862e-09	0.335038
1.61868e-09	0.334685
1.61875e-09	0.334332
1.61881e-09	0.333979
1.61887e-09	0.333626
1.61894e-09	0.333273
1.619e-09	0.33292
1.61907e-09	0.332567
1.61913e-09	0.332214
1.61919e-09	0.331861
1.61926e-09	0.331508
1.61932e-09	0.331155
1.61939e-09	0.330802
1.61945e-09	0.330449
1.61951e-09	0.330096
1.61958e-09	0.329743
1.61964e-09	0.32939
1.61971e-09	0.329037
1.61977e-09	0.328684
1.61983e-09	0.328331
1.6199e-09	0.327978
1.61996e-09	0.327625
1.62003e-09	0.327272
1.62009e-09	0.326919
1.62015e-09	0.326566
1.62022e-09	0.326213
1.62028e-09	0.32586
1.62035e-09	0.325507
1.62041e-09	0.325154
1.62047e-09	0.324801
1.62054e-09	0.324448
1.6206e-09	0.324095
1.62067e-09	0.323742
1.62073e-09	0.323389
1.62079e-09	0.323036
1.62086e-09	0.322683
1.62092e-09	0.322331
1.62099e-09	0.321978
1.62105e-09	0.321625
1.62111e-09	0.321272
1.62118e-09	0.320919
1.62124e-09	0.320566
1.62131e-09	0.320213
1.62137e-09	0.319861
1.62143e-09	0.319508
1.6215e-09	0.319155
1.62156e-09	0.318802
1.62163e-09	0.318449
1.62169e-09	0.318096
1.62175e-09	0.317744
1.62182e-09	0.317391
1.62188e-09	0.317038
1.62195e-09	0.316685
1.62201e-09	0.316333
1.62207e-09	0.31598
1.62214e-09	0.315627
1.6222e-09	0.315274
1.62227e-09	0.314922
1.62233e-09	0.314569
1.62239e-09	0.314216
1.62246e-09	0.313864
1.62252e-09	0.313511
1.62259e-09	0.313158
1.62265e-09	0.312806
1.62271e-09	0.312453
1.62278e-09	0.3121
1.62284e-09	0.311748
1.62291e-09	0.311395
1.62297e-09	0.311043
1.62303e-09	0.31069
1.6231e-09	0.310337
1.62316e-09	0.309985
1.62323e-09	0.309632
1.62329e-09	0.30928
1.62335e-09	0.308927
1.62342e-09	0.308575
1.62348e-09	0.308222
1.62355e-09	0.30787
1.62361e-09	0.307517
1.62367e-09	0.307165
1.62374e-09	0.306812
1.6238e-09	0.30646
1.62387e-09	0.306107
1.62393e-09	0.305755
1.62399e-09	0.305402
1.62406e-09	0.30505
1.62412e-09	0.304697
1.62419e-09	0.304345
1.62425e-09	0.303993
1.62431e-09	0.30364
1.62438e-09	0.303288
1.62444e-09	0.302936
1.62451e-09	0.302583
1.62457e-09	0.302231
1.62463e-09	0.301879
1.6247e-09	0.301526
1.62476e-09	0.301174
1.62483e-09	0.300822
1.62489e-09	0.30047
1.62495e-09	0.300117
1.62502e-09	0.299765
1.62508e-09	0.299413
1.62515e-09	0.299061
1.62521e-09	0.298709
1.62527e-09	0.298356
1.62534e-09	0.298004
1.6254e-09	0.297652
1.62547e-09	0.2973
1.62553e-09	0.296948
1.62559e-09	0.296596
1.62566e-09	0.296244
1.62572e-09	0.295892
1.62579e-09	0.29554
1.62585e-09	0.295188
1.62591e-09	0.294835
1.62598e-09	0.294483
1.62604e-09	0.294131
1.62611e-09	0.293779
1.62617e-09	0.293427
1.62623e-09	0.293076
1.6263e-09	0.292724
1.62636e-09	0.292372
1.62643e-09	0.29202
1.62649e-09	0.291668
1.62655e-09	0.291316
1.62662e-09	0.290964
1.62668e-09	0.290612
1.62675e-09	0.29026
1.62681e-09	0.289909
1.62687e-09	0.289557
1.62694e-09	0.289205
1.627e-09	0.288853
1.62707e-09	0.288502
1.62713e-09	0.28815
1.62719e-09	0.287798
1.62726e-09	0.287446
1.62732e-09	0.287095
1.62739e-09	0.286743
1.62745e-09	0.286391
1.62751e-09	0.28604
1.62758e-09	0.285688
1.62764e-09	0.285337
1.62771e-09	0.284985
1.62777e-09	0.284633
1.62783e-09	0.284282
1.6279e-09	0.28393
1.62796e-09	0.283579
1.62803e-09	0.283227
1.62809e-09	0.282876
1.62815e-09	0.282524
1.62822e-09	0.282173
1.62828e-09	0.281822
1.62835e-09	0.28147
1.62841e-09	0.281119
1.62847e-09	0.280767
1.62854e-09	0.280416
1.6286e-09	0.280065
1.62867e-09	0.279713
1.62873e-09	0.279362
1.62879e-09	0.279011
1.62886e-09	0.27866
1.62892e-09	0.278308
1.62899e-09	0.277957
1.62905e-09	0.277606
1.62911e-09	0.277255
1.62918e-09	0.276904
1.62924e-09	0.276552
1.62931e-09	0.276201
1.62937e-09	0.27585
1.62943e-09	0.275499
1.6295e-09	0.275148
1.62956e-09	0.274797
1.62963e-09	0.274446
1.62969e-09	0.274095
1.62975e-09	0.273744
1.62982e-09	0.273393
1.62988e-09	0.273042
1.62995e-09	0.272691
1.63001e-09	0.27234
1.63007e-09	0.271989
1.63014e-09	0.271639
1.6302e-09	0.271288
1.63027e-09	0.270937
1.63033e-09	0.270586
1.63039e-09	0.270235
1.63046e-09	0.269885
1.63052e-09	0.269534
1.63059e-09	0.269183
1.63065e-09	0.268833
1.63071e-09	0.268482
1.63078e-09	0.268131
1.63084e-09	0.267781
1.63091e-09	0.26743
1.63097e-09	0.267079
1.63103e-09	0.266729
1.6311e-09	0.266378
1.63116e-09	0.266028
1.63123e-09	0.265677
1.63129e-09	0.265327
1.63135e-09	0.264976
1.63142e-09	0.264626
1.63148e-09	0.264276
1.63155e-09	0.263925
1.63161e-09	0.263575
1.63167e-09	0.263225
1.63174e-09	0.262874
1.6318e-09	0.262524
1.63187e-09	0.262174
1.63193e-09	0.261823
1.63199e-09	0.261473
1.63206e-09	0.261123
1.63212e-09	0.260773
1.63219e-09	0.260423
1.63225e-09	0.260073
1.63231e-09	0.259723
1.63238e-09	0.259372
1.63244e-09	0.259022
1.63251e-09	0.258672
1.63257e-09	0.258322
1.63263e-09	0.257972
1.6327e-09	0.257622
1.63276e-09	0.257273
1.63283e-09	0.256923
1.63289e-09	0.256573
1.63295e-09	0.256223
1.63302e-09	0.255873
1.63308e-09	0.255523
1.63315e-09	0.255174
1.63321e-09	0.254824
1.63328e-09	0.254474
1.63334e-09	0.254124
1.6334e-09	0.253775
1.63347e-09	0.253425
1.63353e-09	0.253075
1.6336e-09	0.252726
1.63366e-09	0.252376
1.63372e-09	0.252027
1.63379e-09	0.251677
1.63385e-09	0.251328
1.63392e-09	0.250978
1.63398e-09	0.250629
1.63404e-09	0.250279
1.63411e-09	0.24993
1.63417e-09	0.249581
1.63424e-09	0.249231
1.6343e-09	0.248882
1.63436e-09	0.248533
1.63443e-09	0.248183
1.63449e-09	0.247834
1.63456e-09	0.247485
1.63462e-09	0.247136
1.63468e-09	0.246787
1.63475e-09	0.246438
1.63481e-09	0.246088
1.63488e-09	0.245739
1.63494e-09	0.24539
1.635e-09	0.245041
1.63507e-09	0.244692
1.63513e-09	0.244343
1.6352e-09	0.243994
1.63526e-09	0.243646
1.63532e-09	0.243297
1.63539e-09	0.242948
1.63545e-09	0.242599
1.63552e-09	0.24225
1.63558e-09	0.241902
1.63564e-09	0.241553
1.63571e-09	0.241204
1.63577e-09	0.240855
1.63584e-09	0.240507
1.6359e-09	0.240158
1.63596e-09	0.23981
1.63603e-09	0.239461
1.63609e-09	0.239113
1.63616e-09	0.238764
1.63622e-09	0.238416
1.63628e-09	0.238067
1.63635e-09	0.237719
1.63641e-09	0.23737
1.63648e-09	0.237022
1.63654e-09	0.236674
1.6366e-09	0.236325
1.63667e-09	0.235977
1.63673e-09	0.235629
1.6368e-09	0.235281
1.63686e-09	0.234933
1.63692e-09	0.234584
1.63699e-09	0.234236
1.63705e-09	0.233888
1.63712e-09	0.23354
1.63718e-09	0.233192
1.63724e-09	0.232844
1.63731e-09	0.232496
1.63737e-09	0.232148
1.63744e-09	0.2318
1.6375e-09	0.231453
1.63756e-09	0.231105
1.63763e-09	0.230757
1.63769e-09	0.230409
1.63776e-09	0.230061
1.63782e-09	0.229714
1.63788e-09	0.229366
1.63795e-09	0.229018
1.63801e-09	0.228671
1.63808e-09	0.228323
1.63814e-09	0.227976
1.6382e-09	0.227628
1.63827e-09	0.227281
1.63833e-09	0.226933
1.6384e-09	0.226586
1.63846e-09	0.226238
1.63852e-09	0.225891
1.63859e-09	0.225544
1.63865e-09	0.225197
1.63872e-09	0.224849
1.63878e-09	0.224502
1.63884e-09	0.224155
1.63891e-09	0.223808
1.63897e-09	0.223461
1.63904e-09	0.223114
1.6391e-09	0.222767
1.63916e-09	0.222419
1.63923e-09	0.222073
1.63929e-09	0.221726
1.63936e-09	0.221379
1.63942e-09	0.221032
1.63948e-09	0.220685
1.63955e-09	0.220338
1.63961e-09	0.219991
1.63968e-09	0.219645
1.63974e-09	0.219298
1.6398e-09	0.218951
1.63987e-09	0.218605
1.63993e-09	0.218258
1.64e-09	0.217911
1.64006e-09	0.217565
1.64012e-09	0.217218
1.64019e-09	0.216872
1.64025e-09	0.216525
1.64032e-09	0.216179
1.64038e-09	0.215833
1.64044e-09	0.215486
1.64051e-09	0.21514
1.64057e-09	0.214794
1.64064e-09	0.214448
1.6407e-09	0.214101
1.64076e-09	0.213755
1.64083e-09	0.213409
1.64089e-09	0.213063
1.64096e-09	0.212717
1.64102e-09	0.212371
1.64108e-09	0.212025
1.64115e-09	0.211679
1.64121e-09	0.211333
1.64128e-09	0.210987
1.64134e-09	0.210642
1.6414e-09	0.210296
1.64147e-09	0.20995
1.64153e-09	0.209604
1.6416e-09	0.209259
1.64166e-09	0.208913
1.64172e-09	0.208567
1.64179e-09	0.208222
1.64185e-09	0.207876
1.64192e-09	0.207531
1.64198e-09	0.207185
1.64204e-09	0.20684
1.64211e-09	0.206495
1.64217e-09	0.206149
1.64224e-09	0.205804
1.6423e-09	0.205459
1.64236e-09	0.205113
1.64243e-09	0.204768
1.64249e-09	0.204423
1.64256e-09	0.204078
1.64262e-09	0.203733
1.64268e-09	0.203388
1.64275e-09	0.203043
1.64281e-09	0.202698
1.64288e-09	0.202353
1.64294e-09	0.202008
1.643e-09	0.201663
1.64307e-09	0.201318
1.64313e-09	0.200974
1.6432e-09	0.200629
1.64326e-09	0.200284
1.64332e-09	0.19994
1.64339e-09	0.199595
1.64345e-09	0.19925
1.64352e-09	0.198906
1.64358e-09	0.198561
1.64364e-09	0.198217
1.64371e-09	0.197873
1.64377e-09	0.197528
1.64384e-09	0.197184
1.6439e-09	0.19684
1.64396e-09	0.196495
1.64403e-09	0.196151
1.64409e-09	0.195807
1.64416e-09	0.195463
1.64422e-09	0.195119
1.64428e-09	0.194775
1.64435e-09	0.194431
1.64441e-09	0.194087
1.64448e-09	0.193743
1.64454e-09	0.193399
1.6446e-09	0.193055
1.64467e-09	0.192711
1.64473e-09	0.192367
1.6448e-09	0.192024
1.64486e-09	0.19168
1.64492e-09	0.191336
1.64499e-09	0.190993
1.64505e-09	0.190649
1.64512e-09	0.190306
1.64518e-09	0.189962
1.64524e-09	0.189619
1.64531e-09	0.189275
1.64537e-09	0.188932
1.64544e-09	0.188589
1.6455e-09	0.188246
1.64556e-09	0.187902
1.64563e-09	0.187559
1.64569e-09	0.187216
1.64576e-09	0.186873
1.64582e-09	0.18653
1.64588e-09	0.186187
1.64595e-09	0.185844
1.64601e-09	0.185501
1.64608e-09	0.185158
1.64614e-09	0.184815
1.6462e-09	0.184472
1.64627e-09	0.18413
1.64633e-09	0.183787
1.6464e-09	0.183444
1.64646e-09	0.183102
1.64652e-09	0.182759
1.64659e-09	0.182417
1.64665e-09	0.182074
1.64672e-09	0.181732
1.64678e-09	0.181389
1.64684e-09	0.181047
1.64691e-09	0.180705
1.64697e-09	0.180362
1.64704e-09	0.18002
1.6471e-09	0.179678
1.64716e-09	0.179336
1.64723e-09	0.178994
1.64729e-09	0.178652
1.64736e-09	0.17831
1.64742e-09	0.177968
1.64748e-09	0.177626
1.64755e-09	0.177284
1.64761e-09	0.176942
1.64768e-09	0.1766
1.64774e-09	0.176259
1.6478e-09	0.175917
1.64787e-09	0.175575
1.64793e-09	0.175234
1.648e-09	0.174892
1.64806e-09	0.174551
1.64812e-09	0.174209
1.64819e-09	0.173868
1.64825e-09	0.173526
1.64832e-09	0.173185
1.64838e-09	0.172844
1.64844e-09	0.172502
1.64851e-09	0.172161
1.64857e-09	0.17182
1.64864e-09	0.171479
1.6487e-09	0.171138
1.64876e-09	0.170797
1.64883e-09	0.170456
1.64889e-09	0.170115
1.64896e-09	0.169774
1.64902e-09	0.169433
1.64908e-09	0.169093
1.64915e-09	0.168752
1.64921e-09	0.168411
1.64928e-09	0.168071
1.64934e-09	0.16773
1.6494e-09	0.16739
1.64947e-09	0.167049
1.64953e-09	0.166709
1.6496e-09	0.166368
1.64966e-09	0.166028
1.64972e-09	0.165688
1.64979e-09	0.165347
1.64985e-09	0.165007
1.64992e-09	0.164667
1.64998e-09	0.164327
1.65004e-09	0.163987
1.65011e-09	0.163647
1.65017e-09	0.163307
1.65024e-09	0.162967
1.6503e-09	0.162627
1.65036e-09	0.162287
1.65043e-09	0.161948
1.65049e-09	0.161608
1.65056e-09	0.161268
1.65062e-09	0.160929
1.65069e-09	0.160589
1.65075e-09	0.16025
1.65081e-09	0.15991
1.65088e-09	0.159571
1.65094e-09	0.159231
1.65101e-09	0.158892
1.65107e-09	0.158553
1.65113e-09	0.158213
1.6512e-09	0.157874
1.65126e-09	0.157535
1.65133e-09	0.157196
1.65139e-09	0.156857
1.65145e-09	0.156518
1.65152e-09	0.156179
1.65158e-09	0.15584
1.65165e-09	0.155501
1.65171e-09	0.155163
1.65177e-09	0.154824
1.65184e-09	0.154485
1.6519e-09	0.154147
1.65197e-09	0.153808
1.65203e-09	0.15347
1.65209e-09	0.153131
1.65216e-09	0.152793
1.65222e-09	0.152454
1.65229e-09	0.152116
1.65235e-09	0.151778
1.65241e-09	0.15144
1.65248e-09	0.151101
1.65254e-09	0.150763
1.65261e-09	0.150425
1.65267e-09	0.150087
1.65273e-09	0.149749
1.6528e-09	0.149411
1.65286e-09	0.149074
1.65293e-09	0.148736
1.65299e-09	0.148398
1.65305e-09	0.14806
1.65312e-09	0.147723
1.65318e-09	0.147385
1.65325e-09	0.147048
1.65331e-09	0.14671
1.65337e-09	0.146373
1.65344e-09	0.146035
1.6535e-09	0.145698
1.65357e-09	0.145361
1.65363e-09	0.145023
1.65369e-09	0.144686
1.65376e-09	0.144349
1.65382e-09	0.144012
1.65389e-09	0.143675
1.65395e-09	0.143338
1.65401e-09	0.143001
1.65408e-09	0.142664
1.65414e-09	0.142328
1.65421e-09	0.141991
1.65427e-09	0.141654
1.65433e-09	0.141317
1.6544e-09	0.140981
1.65446e-09	0.140644
1.65453e-09	0.140308
1.65459e-09	0.139971
1.65465e-09	0.139635
1.65472e-09	0.139299
1.65478e-09	0.138962
1.65485e-09	0.138626
1.65491e-09	0.13829
1.65497e-09	0.137954
1.65504e-09	0.137618
1.6551e-09	0.137282
1.65517e-09	0.136946
1.65523e-09	0.13661
1.65529e-09	0.136274
1.65536e-09	0.135939
1.65542e-09	0.135603
1.65549e-09	0.135267
1.65555e-09	0.134932
1.65561e-09	0.134596
1.65568e-09	0.134261
1.65574e-09	0.133925
1.65581e-09	0.13359
1.65587e-09	0.133254
1.65593e-09	0.132919
1.656e-09	0.132584
1.65606e-09	0.132249
1.65613e-09	0.131914
1.65619e-09	0.131579
1.65625e-09	0.131244
1.65632e-09	0.130909
1.65638e-09	0.130574
1.65645e-09	0.130239
1.65651e-09	0.129904
1.65657e-09	0.12957
1.65664e-09	0.129235
1.6567e-09	0.1289
1.65677e-09	0.128566
1.65683e-09	0.128231
1.65689e-09	0.127897
1.65696e-09	0.127563
1.65702e-09	0.127228
1.65709e-09	0.126894
1.65715e-09	0.12656
1.65721e-09	0.126226
1.65728e-09	0.125892
1.65734e-09	0.125558
1.65741e-09	0.125224
1.65747e-09	0.12489
1.65753e-09	0.124556
1.6576e-09	0.124222
1.65766e-09	0.123888
1.65773e-09	0.123555
1.65779e-09	0.123221
1.65785e-09	0.122887
1.65792e-09	0.122554
1.65798e-09	0.122221
1.65805e-09	0.121887
1.65811e-09	0.121554
1.65817e-09	0.121221
1.65824e-09	0.120887
1.6583e-09	0.120554
1.65837e-09	0.120221
1.65843e-09	0.119888
1.65849e-09	0.119555
1.65856e-09	0.119222
1.65862e-09	0.118889
1.65869e-09	0.118557
1.65875e-09	0.118224
1.65881e-09	0.117891
1.65888e-09	0.117558
1.65894e-09	0.117226
1.65901e-09	0.116893
1.65907e-09	0.116561
1.65913e-09	0.116229
1.6592e-09	0.115896
1.65926e-09	0.115564
1.65933e-09	0.115232
1.65939e-09	0.1149
1.65945e-09	0.114568
1.65952e-09	0.114236
1.65958e-09	0.113904
1.65965e-09	0.113572
1.65971e-09	0.11324
1.65977e-09	0.112908
1.65984e-09	0.112576
1.6599e-09	0.112245
1.65997e-09	0.111913
1.66003e-09	0.111582
1.66009e-09	0.11125
1.66016e-09	0.110919
1.66022e-09	0.110587
1.66029e-09	0.110256
1.66035e-09	0.109925
1.66041e-09	0.109594
1.66048e-09	0.109263
1.66054e-09	0.108931
1.66061e-09	0.1086
1.66067e-09	0.10827
1.66073e-09	0.107939
1.6608e-09	0.107608
1.66086e-09	0.107277
1.66093e-09	0.106946
1.66099e-09	0.106616
1.66105e-09	0.106285
1.66112e-09	0.105955
1.66118e-09	0.105624
1.66125e-09	0.105294
1.66131e-09	0.104964
1.66137e-09	0.104633
1.66144e-09	0.104303
1.6615e-09	0.103973
1.66157e-09	0.103643
1.66163e-09	0.103313
1.66169e-09	0.102983
1.66176e-09	0.102653
1.66182e-09	0.102324
1.66189e-09	0.101994
1.66195e-09	0.101664
1.66201e-09	0.101334
1.66208e-09	0.101005
1.66214e-09	0.100675
1.66221e-09	0.100346
1.66227e-09	0.100017
1.66233e-09	0.0996874
1.6624e-09	0.0993581
1.66246e-09	0.099029
1.66253e-09	0.0986999
1.66259e-09	0.0983708
1.66265e-09	0.0980419
1.66272e-09	0.0977129
1.66278e-09	0.0973841
1.66285e-09	0.0970553
1.66291e-09	0.0967266
1.66297e-09	0.0963979
1.66304e-09	0.0960693
1.6631e-09	0.0957408
1.66317e-09	0.0954123
1.66323e-09	0.0950839
1.66329e-09	0.0947556
1.66336e-09	0.0944273
1.66342e-09	0.0940991
1.66349e-09	0.093771
1.66355e-09	0.0934429
1.66361e-09	0.0931149
1.66368e-09	0.092787
1.66374e-09	0.0924591
1.66381e-09	0.0921313
1.66387e-09	0.0918035
1.66393e-09	0.0914759
1.664e-09	0.0911482
1.66406e-09	0.0908207
1.66413e-09	0.0904932
1.66419e-09	0.0901658
1.66425e-09	0.0898384
1.66432e-09	0.0895111
1.66438e-09	0.0891839
1.66445e-09	0.0888568
1.66451e-09	0.0885297
1.66457e-09	0.0882026
1.66464e-09	0.0878757
1.6647e-09	0.0875488
1.66477e-09	0.087222
1.66483e-09	0.0868952
1.66489e-09	0.0865685
1.66496e-09	0.0862419
1.66502e-09	0.0859153
1.66509e-09	0.0855889
1.66515e-09	0.0852624
1.66521e-09	0.0849361
1.66528e-09	0.0846098
1.66534e-09	0.0842836
1.66541e-09	0.0839574
1.66547e-09	0.0836313
1.66553e-09	0.0833053
1.6656e-09	0.0829793
1.66566e-09	0.0826535
1.66573e-09	0.0823276
1.66579e-09	0.0820019
1.66585e-09	0.0816762
1.66592e-09	0.0813506
1.66598e-09	0.081025
1.66605e-09	0.0806996
1.66611e-09	0.0803742
1.66617e-09	0.0800488
1.66624e-09	0.0797235
1.6663e-09	0.0793983
1.66637e-09	0.0790732
1.66643e-09	0.0787481
1.66649e-09	0.0784231
1.66656e-09	0.0780982
1.66662e-09	0.0777733
1.66669e-09	0.0774485
1.66675e-09	0.0771238
1.66681e-09	0.0767992
1.66688e-09	0.0764746
1.66694e-09	0.0761501
1.66701e-09	0.0758256
1.66707e-09	0.0755012
1.66713e-09	0.0751769
1.6672e-09	0.0748527
1.66726e-09	0.0745285
1.66733e-09	0.0742044
1.66739e-09	0.0738804
1.66745e-09	0.0735564
1.66752e-09	0.0732325
1.66758e-09	0.0729087
1.66765e-09	0.0725849
1.66771e-09	0.0722612
1.66777e-09	0.0719376
1.66784e-09	0.0716141
1.6679e-09	0.0712906
1.66797e-09	0.0709672
1.66803e-09	0.0706439
1.66809e-09	0.0703206
1.66816e-09	0.0699974
1.66822e-09	0.0696743
1.66829e-09	0.0693512
1.66835e-09	0.0690283
1.66842e-09	0.0687053
1.66848e-09	0.0683825
1.66854e-09	0.0680597
1.66861e-09	0.067737
1.66867e-09	0.0674144
1.66874e-09	0.0670918
1.6688e-09	0.0667694
1.66886e-09	0.0664469
1.66893e-09	0.0661246
1.66899e-09	0.0658023
1.66906e-09	0.0654801
1.66912e-09	0.065158
1.66918e-09	0.064836
1.66925e-09	0.064514
1.66931e-09	0.064192
1.66938e-09	0.0638702
1.66944e-09	0.0635484
1.6695e-09	0.0632267
1.66957e-09	0.0629051
1.66963e-09	0.0625836
1.6697e-09	0.0622621
1.66976e-09	0.0619407
1.66982e-09	0.0616193
1.66989e-09	0.0612981
1.66995e-09	0.0609769
1.67002e-09	0.0606558
1.67008e-09	0.0603347
1.67014e-09	0.0600137
1.67021e-09	0.0596928
1.67027e-09	0.059372
1.67034e-09	0.0590513
1.6704e-09	0.0587306
1.67046e-09	0.05841
1.67053e-09	0.0580894
1.67059e-09	0.057769
1.67066e-09	0.0574486
1.67072e-09	0.0571283
1.67078e-09	0.056808
1.67085e-09	0.0564878
1.67091e-09	0.0561678
1.67098e-09	0.0558477
1.67104e-09	0.0555278
1.6711e-09	0.0552079
1.67117e-09	0.0548881
1.67123e-09	0.0545684
1.6713e-09	0.0542487
1.67136e-09	0.0539291
1.67142e-09	0.0536096
1.67149e-09	0.0532902
1.67155e-09	0.0529709
1.67162e-09	0.0526516
1.67168e-09	0.0523324
1.67174e-09	0.0520132
1.67181e-09	0.0516942
1.67187e-09	0.0513752
1.67194e-09	0.0510563
1.672e-09	0.0507374
1.67206e-09	0.0504187
1.67213e-09	0.0501
1.67219e-09	0.0497814
1.67226e-09	0.0494629
1.67232e-09	0.0491444
1.67238e-09	0.048826
1.67245e-09	0.0485077
1.67251e-09	0.0481895
1.67258e-09	0.0478713
1.67264e-09	0.0475532
1.6727e-09	0.0472352
1.67277e-09	0.0469173
1.67283e-09	0.0465994
1.6729e-09	0.0462816
1.67296e-09	0.0459639
1.67302e-09	0.0456463
1.67309e-09	0.0453288
1.67315e-09	0.0450113
1.67322e-09	0.0446939
1.67328e-09	0.0443766
1.67334e-09	0.0440593
1.67341e-09	0.0437421
1.67347e-09	0.043425
1.67354e-09	0.043108
1.6736e-09	0.0427911
1.67366e-09	0.0424742
1.67373e-09	0.0421574
1.67379e-09	0.0418407
1.67386e-09	0.0415241
1.67392e-09	0.0412075
1.67398e-09	0.040891
1.67405e-09	0.0405746
1.67411e-09	0.0402583
1.67418e-09	0.0399421
1.67424e-09	0.0396259
1.6743e-09	0.0393098
1.67437e-09	0.0389938
1.67443e-09	0.0386778
1.6745e-09	0.038362
1.67456e-09	0.0380462
1.67462e-09	0.0377305
1.67469e-09	0.0374148
1.67475e-09	0.0370993
1.67482e-09	0.0367838
1.67488e-09	0.0364684
1.67494e-09	0.0361531
1.67501e-09	0.0358378
1.67507e-09	0.0355227
1.67514e-09	0.0352076
1.6752e-09	0.0348926
1.67526e-09	0.0345777
1.67533e-09	0.0342628
1.67539e-09	0.033948
1.67546e-09	0.0336334
1.67552e-09	0.0333187
1.67558e-09	0.0330042
1.67565e-09	0.0326897
1.67571e-09	0.0323754
1.67578e-09	0.0320611
1.67584e-09	0.0317468
1.6759e-09	0.0314327
1.67597e-09	0.0311186
1.67603e-09	0.0308047
1.6761e-09	0.0304908
1.67616e-09	0.0301769
1.67622e-09	0.0298632
1.67629e-09	0.0295495
1.67635e-09	0.0292359
1.67642e-09	0.0289224
1.67648e-09	0.028609
1.67654e-09	0.0282957
1.67661e-09	0.0279824
1.67667e-09	0.0276692
1.67674e-09	0.0273561
1.6768e-09	0.0270431
1.67686e-09	0.0267301
1.67693e-09	0.0264173
1.67699e-09	0.0261045
1.67706e-09	0.0257918
1.67712e-09	0.0254791
1.67718e-09	0.0251666
1.67725e-09	0.0248541
1.67731e-09	0.0245417
1.67738e-09	0.0242294
1.67744e-09	0.0239172
1.6775e-09	0.0236051
1.67757e-09	0.023293
1.67763e-09	0.022981
1.6777e-09	0.0226691
1.67776e-09	0.0223573
1.67782e-09	0.0220456
1.67789e-09	0.0217339
1.67795e-09	0.0214223
1.67802e-09	0.0211108
1.67808e-09	0.0207994
1.67814e-09	0.0204881
1.67821e-09	0.0201768
1.67827e-09	0.0198657
1.67834e-09	0.0195546
1.6784e-09	0.0192436
1.67846e-09	0.0189327
1.67853e-09	0.0186218
1.67859e-09	0.0183111
1.67866e-09	0.0180004
1.67872e-09	0.0176898
1.67878e-09	0.0173793
1.67885e-09	0.0170688
1.67891e-09	0.0167585
1.67898e-09	0.0164482
1.67904e-09	0.016138
1.6791e-09	0.0158279
1.67917e-09	0.0155179
1.67923e-09	0.015208
1.6793e-09	0.0148981
1.67936e-09	0.0145883
1.67942e-09	0.0142787
1.67949e-09	0.013969
1.67955e-09	0.0136595
1.67962e-09	0.0133501
1.67968e-09	0.0130407
1.67974e-09	0.0127314
1.67981e-09	0.0124223
1.67987e-09	0.0121131
1.67994e-09	0.0118041
1.68e-09	0.0114952
1.68006e-09	0.0111863
1.68013e-09	0.0108775
1.68019e-09	0.0105689
1.68026e-09	0.0102602
1.68032e-09	0.00995172
1.68038e-09	0.00964328
1.68045e-09	0.00933492
1.68051e-09	0.00902665
1.68058e-09	0.00871846
1.68064e-09	0.00841035
1.6807e-09	0.00810233
1.68077e-09	0.0077944
1.68083e-09	0.00748654
1.6809e-09	0.00717877
1.68096e-09	0.00687109
1.68102e-09	0.00656349
1.68109e-09	0.00625597
1.68115e-09	0.00594854
1.68122e-09	0.0056412
1.68128e-09	0.00533394
1.68134e-09	0.00502676
1.68141e-09	0.00471967
1.68147e-09	0.00441266
1.68154e-09	0.00410574
1.6816e-09	0.0037989
1.68166e-09	0.00349215
1.68173e-09	0.00318548
1.68179e-09	0.0028789
1.68186e-09	0.0025724
1.68192e-09	0.00226599
1.68198e-09	0.00195966
1.68205e-09	0.00165342
1.68211e-09	0.00134727
1.68218e-09	0.0010412
1.68224e-09	0.000735213
1.6823e-09	0.000429315
1.68237e-09	0.000123502
1.68243e-09	-0.000182224
1.6825e-09	-0.000487865
1.68256e-09	-0.00079342
1.68262e-09	-0.00109889
1.68269e-09	-0.00140427
1.68275e-09	-0.00170957
1.68282e-09	-0.00201478
1.68288e-09	-0.0023199
1.68294e-09	-0.00262494
1.68301e-09	-0.00292989
1.68307e-09	-0.00323476
1.68314e-09	-0.00353954
1.6832e-09	-0.00384423
1.68326e-09	-0.00414883
1.68333e-09	-0.00445335
1.68339e-09	-0.00475779
1.68346e-09	-0.00506213
1.68352e-09	-0.00536639
1.68358e-09	-0.00567056
1.68365e-09	-0.00597464
1.68371e-09	-0.00627864
1.68378e-09	-0.00658255
1.68384e-09	-0.00688637
1.6839e-09	-0.00719011
1.68397e-09	-0.00749376
1.68403e-09	-0.00779732
1.6841e-09	-0.00810079
1.68416e-09	-0.00840418
1.68422e-09	-0.00870747
1.68429e-09	-0.00901069
1.68435e-09	-0.00931381
1.68442e-09	-0.00961684
1.68448e-09	-0.00991979
1.68454e-09	-0.0102226
1.68461e-09	-0.0105254
1.68467e-09	-0.0108281
1.68474e-09	-0.0111307
1.6848e-09	-0.0114332
1.68486e-09	-0.0117356
1.68493e-09	-0.012038
1.68499e-09	-0.0123402
1.68506e-09	-0.0126424
1.68512e-09	-0.0129444
1.68518e-09	-0.0132464
1.68525e-09	-0.0135483
1.68531e-09	-0.0138501
1.68538e-09	-0.0141518
1.68544e-09	-0.0144534
1.6855e-09	-0.0147549
1.68557e-09	-0.0150564
1.68563e-09	-0.0153577
1.6857e-09	-0.015659
1.68576e-09	-0.0159602
1.68583e-09	-0.0162613
1.68589e-09	-0.0165623
1.68595e-09	-0.0168632
1.68602e-09	-0.017164
1.68608e-09	-0.0174647
1.68615e-09	-0.0177654
1.68621e-09	-0.0180659
1.68627e-09	-0.0183664
1.68634e-09	-0.0186668
1.6864e-09	-0.018967
1.68647e-09	-0.0192672
1.68653e-09	-0.0195673
1.68659e-09	-0.0198673
1.68666e-09	-0.0201673
1.68672e-09	-0.0204671
1.68679e-09	-0.0207668
1.68685e-09	-0.0210665
1.68691e-09	-0.0213661
1.68698e-09	-0.0216655
1.68704e-09	-0.0219649
1.68711e-09	-0.0222642
1.68717e-09	-0.0225634
1.68723e-09	-0.0228625
1.6873e-09	-0.0231615
1.68736e-09	-0.0234605
1.68743e-09	-0.0237593
1.68749e-09	-0.0240581
1.68755e-09	-0.0243567
1.68762e-09	-0.0246553
1.68768e-09	-0.0249538
1.68775e-09	-0.0252521
1.68781e-09	-0.0255504
1.68787e-09	-0.0258486
1.68794e-09	-0.0261467
1.688e-09	-0.0264448
1.68807e-09	-0.0267427
1.68813e-09	-0.0270405
1.68819e-09	-0.0273383
1.68826e-09	-0.0276359
1.68832e-09	-0.0279335
1.68839e-09	-0.028231
1.68845e-09	-0.0285283
1.68851e-09	-0.0288256
1.68858e-09	-0.0291228
1.68864e-09	-0.0294199
1.68871e-09	-0.0297169
1.68877e-09	-0.0300139
1.68883e-09	-0.0303107
1.6889e-09	-0.0306074
1.68896e-09	-0.0309041
1.68903e-09	-0.0312006
1.68909e-09	-0.0314971
1.68915e-09	-0.0317934
1.68922e-09	-0.0320897
1.68928e-09	-0.0323859
1.68935e-09	-0.032682
1.68941e-09	-0.032978
1.68947e-09	-0.0332739
1.68954e-09	-0.0335697
1.6896e-09	-0.0338654
1.68967e-09	-0.034161
1.68973e-09	-0.0344566
1.68979e-09	-0.034752
1.68986e-09	-0.0350474
1.68992e-09	-0.0353426
1.68999e-09	-0.0356378
1.69005e-09	-0.0359328
1.69011e-09	-0.0362278
1.69018e-09	-0.0365227
1.69024e-09	-0.0368175
1.69031e-09	-0.0371122
1.69037e-09	-0.0374068
1.69043e-09	-0.0377013
1.6905e-09	-0.0379957
1.69056e-09	-0.03829
1.69063e-09	-0.0385843
1.69069e-09	-0.0388784
1.69075e-09	-0.0391724
1.69082e-09	-0.0394664
1.69088e-09	-0.0397602
1.69095e-09	-0.040054
1.69101e-09	-0.0403476
1.69107e-09	-0.0406412
1.69114e-09	-0.0409347
1.6912e-09	-0.0412281
1.69127e-09	-0.0415213
1.69133e-09	-0.0418145
1.69139e-09	-0.0421076
1.69146e-09	-0.0424006
1.69152e-09	-0.0426936
1.69159e-09	-0.0429864
1.69165e-09	-0.0432791
1.69171e-09	-0.0435717
1.69178e-09	-0.0438642
1.69184e-09	-0.0441567
1.69191e-09	-0.044449
1.69197e-09	-0.0447413
1.69203e-09	-0.0450334
1.6921e-09	-0.0453255
1.69216e-09	-0.0456174
1.69223e-09	-0.0459093
1.69229e-09	-0.0462011
1.69235e-09	-0.0464927
1.69242e-09	-0.0467843
1.69248e-09	-0.0470758
1.69255e-09	-0.0473672
1.69261e-09	-0.0476585
1.69267e-09	-0.0479497
1.69274e-09	-0.0482408
1.6928e-09	-0.0485318
1.69287e-09	-0.0488227
1.69293e-09	-0.0491135
1.69299e-09	-0.0494042
1.69306e-09	-0.0496949
1.69312e-09	-0.0499854
1.69319e-09	-0.0502758
1.69325e-09	-0.0505661
1.69331e-09	-0.0508564
1.69338e-09	-0.0511465
1.69344e-09	-0.0514366
1.69351e-09	-0.0517265
1.69357e-09	-0.0520164
1.69363e-09	-0.0523061
1.6937e-09	-0.0525958
1.69376e-09	-0.0528854
1.69383e-09	-0.0531748
1.69389e-09	-0.0534642
1.69395e-09	-0.0537535
1.69402e-09	-0.0540427
1.69408e-09	-0.0543317
1.69415e-09	-0.0546207
1.69421e-09	-0.0549096
1.69427e-09	-0.0551984
1.69434e-09	-0.0554871
1.6944e-09	-0.0557757
1.69447e-09	-0.0560642
1.69453e-09	-0.0563526
1.69459e-09	-0.0566409
1.69466e-09	-0.0569291
1.69472e-09	-0.0572172
1.69479e-09	-0.0575052
1.69485e-09	-0.0577931
1.69491e-09	-0.058081
1.69498e-09	-0.0583687
1.69504e-09	-0.0586563
1.69511e-09	-0.0589438
1.69517e-09	-0.0592312
1.69523e-09	-0.0595186
1.6953e-09	-0.0598058
1.69536e-09	-0.0600929
1.69543e-09	-0.06038
1.69549e-09	-0.0606669
1.69555e-09	-0.0609538
1.69562e-09	-0.0612405
1.69568e-09	-0.0615271
1.69575e-09	-0.0618137
1.69581e-09	-0.0621001
1.69587e-09	-0.0623865
1.69594e-09	-0.0626727
1.696e-09	-0.0629589
1.69607e-09	-0.0632449
1.69613e-09	-0.0635309
1.69619e-09	-0.0638167
1.69626e-09	-0.0641025
1.69632e-09	-0.0643881
1.69639e-09	-0.0646737
1.69645e-09	-0.0649592
1.69651e-09	-0.0652445
1.69658e-09	-0.0655298
1.69664e-09	-0.065815
1.69671e-09	-0.0661
1.69677e-09	-0.066385
1.69683e-09	-0.0666699
1.6969e-09	-0.0669546
1.69696e-09	-0.0672393
1.69703e-09	-0.0675239
1.69709e-09	-0.0678083
1.69715e-09	-0.0680927
1.69722e-09	-0.068377
1.69728e-09	-0.0686611
1.69735e-09	-0.0689452
1.69741e-09	-0.0692292
1.69747e-09	-0.069513
1.69754e-09	-0.0697968
1.6976e-09	-0.0700805
1.69767e-09	-0.0703641
1.69773e-09	-0.0706475
1.69779e-09	-0.0709309
1.69786e-09	-0.0712142
1.69792e-09	-0.0714973
1.69799e-09	-0.0717804
1.69805e-09	-0.0720634
1.69811e-09	-0.0723463
1.69818e-09	-0.072629
1.69824e-09	-0.0729117
1.69831e-09	-0.0731943
1.69837e-09	-0.0734767
1.69843e-09	-0.0737591
1.6985e-09	-0.0740414
1.69856e-09	-0.0743235
1.69863e-09	-0.0746056
1.69869e-09	-0.0748876
1.69875e-09	-0.0751694
1.69882e-09	-0.0754512
1.69888e-09	-0.0757329
1.69895e-09	-0.0760144
1.69901e-09	-0.0762959
1.69907e-09	-0.0765773
1.69914e-09	-0.0768585
1.6992e-09	-0.0771397
1.69927e-09	-0.0774207
1.69933e-09	-0.0777017
1.69939e-09	-0.0779825
1.69946e-09	-0.0782633
1.69952e-09	-0.0785439
1.69959e-09	-0.0788245
1.69965e-09	-0.0791049
1.69971e-09	-0.0793853
1.69978e-09	-0.0796655
1.69984e-09	-0.0799457
1.69991e-09	-0.0802257
1.69997e-09	-0.0805057
1.70003e-09	-0.0807855
1.7001e-09	-0.0810652
1.70016e-09	-0.0813449
1.70023e-09	-0.0816244
1.70029e-09	-0.0819038
1.70035e-09	-0.0821832
1.70042e-09	-0.0824624
1.70048e-09	-0.0827415
1.70055e-09	-0.0830205
1.70061e-09	-0.0832995
1.70067e-09	-0.0835783
1.70074e-09	-0.083857
1.7008e-09	-0.0841356
1.70087e-09	-0.0844141
1.70093e-09	-0.0846925
1.70099e-09	-0.0849708
1.70106e-09	-0.085249
1.70112e-09	-0.0855271
1.70119e-09	-0.0858051
1.70125e-09	-0.086083
1.70131e-09	-0.0863608
1.70138e-09	-0.0866385
1.70144e-09	-0.0869161
1.70151e-09	-0.0871936
1.70157e-09	-0.0874709
1.70163e-09	-0.0877482
1.7017e-09	-0.0880254
1.70176e-09	-0.0883025
1.70183e-09	-0.0885794
1.70189e-09	-0.0888563
1.70195e-09	-0.089133
1.70202e-09	-0.0894097
1.70208e-09	-0.0896863
1.70215e-09	-0.0899627
1.70221e-09	-0.090239
1.70227e-09	-0.0905153
1.70234e-09	-0.0907914
1.7024e-09	-0.0910675
1.70247e-09	-0.0913434
1.70253e-09	-0.0916192
1.70259e-09	-0.0918949
1.70266e-09	-0.0921706
1.70272e-09	-0.0924461
1.70279e-09	-0.0927215
1.70285e-09	-0.0929968
1.70291e-09	-0.093272
1.70298e-09	-0.0935471
1.70304e-09	-0.0938221
1.70311e-09	-0.094097
1.70317e-09	-0.0943718
1.70324e-09	-0.0946464
1.7033e-09	-0.094921
1.70336e-09	-0.0951955
1.70343e-09	-0.0954699
1.70349e-09	-0.0957441
1.70356e-09	-0.0960183
1.70362e-09	-0.0962923
1.70368e-09	-0.0965663
1.70375e-09	-0.0968401
1.70381e-09	-0.0971139
1.70388e-09	-0.0973875
1.70394e-09	-0.097661
1.704e-09	-0.0979345
1.70407e-09	-0.0982078
1.70413e-09	-0.098481
1.7042e-09	-0.0987541
1.70426e-09	-0.0990271
1.70432e-09	-0.0993
1.70439e-09	-0.0995728
1.70445e-09	-0.0998455
1.70452e-09	-0.100118
1.70458e-09	-0.100391
1.70464e-09	-0.100663
1.70471e-09	-0.100935
1.70477e-09	-0.101207
1.70484e-09	-0.101479
1.7049e-09	-0.101751
1.70496e-09	-0.102023
1.70503e-09	-0.102295
1.70509e-09	-0.102567
1.70516e-09	-0.102838
1.70522e-09	-0.10311
1.70528e-09	-0.103381
1.70535e-09	-0.103652
1.70541e-09	-0.103923
1.70548e-09	-0.104194
1.70554e-09	-0.104465
1.7056e-09	-0.104736
1.70567e-09	-0.105006
1.70573e-09	-0.105277
1.7058e-09	-0.105548
1.70586e-09	-0.105818
1.70592e-09	-0.106088
1.70599e-09	-0.106358
1.70605e-09	-0.106628
1.70612e-09	-0.106898
1.70618e-09	-0.107168
1.70624e-09	-0.107438
1.70631e-09	-0.107707
1.70637e-09	-0.107977
1.70644e-09	-0.108246
1.7065e-09	-0.108516
1.70656e-09	-0.108785
1.70663e-09	-0.109054
1.70669e-09	-0.109323
1.70676e-09	-0.109592
1.70682e-09	-0.10986
1.70688e-09	-0.110129
1.70695e-09	-0.110398
1.70701e-09	-0.110666
1.70708e-09	-0.110934
1.70714e-09	-0.111203
1.7072e-09	-0.111471
1.70727e-09	-0.111739
1.70733e-09	-0.112007
1.7074e-09	-0.112274
1.70746e-09	-0.112542
1.70752e-09	-0.11281
1.70759e-09	-0.113077
1.70765e-09	-0.113345
1.70772e-09	-0.113612
1.70778e-09	-0.113879
1.70784e-09	-0.114146
1.70791e-09	-0.114413
1.70797e-09	-0.11468
1.70804e-09	-0.114946
1.7081e-09	-0.115213
1.70816e-09	-0.11548
1.70823e-09	-0.115746
1.70829e-09	-0.116012
1.70836e-09	-0.116278
1.70842e-09	-0.116544
1.70848e-09	-0.11681
1.70855e-09	-0.117076
1.70861e-09	-0.117342
1.70868e-09	-0.117608
1.70874e-09	-0.117873
1.7088e-09	-0.118139
1.70887e-09	-0.118404
1.70893e-09	-0.118669
1.709e-09	-0.118934
1.70906e-09	-0.119199
1.70912e-09	-0.119464
1.70919e-09	-0.119729
1.70925e-09	-0.119993
1.70932e-09	-0.120258
1.70938e-09	-0.120522
1.70944e-09	-0.120787
1.70951e-09	-0.121051
1.70957e-09	-0.121315
1.70964e-09	-0.121579
1.7097e-09	-0.121843
1.70976e-09	-0.122107
1.70983e-09	-0.12237
1.70989e-09	-0.122634
1.70996e-09	-0.122897
1.71002e-09	-0.123161
1.71008e-09	-0.123424
1.71015e-09	-0.123687
1.71021e-09	-0.12395
1.71028e-09	-0.124213
1.71034e-09	-0.124476
1.7104e-09	-0.124739
1.71047e-09	-0.125001
1.71053e-09	-0.125264
1.7106e-09	-0.125526
1.71066e-09	-0.125788
1.71072e-09	-0.12605
1.71079e-09	-0.126312
1.71085e-09	-0.126574
1.71092e-09	-0.126836
1.71098e-09	-0.127098
1.71104e-09	-0.127359
1.71111e-09	-0.127621
1.71117e-09	-0.127882
1.71124e-09	-0.128143
1.7113e-09	-0.128405
1.71136e-09	-0.128666
1.71143e-09	-0.128927
1.71149e-09	-0.129187
1.71156e-09	-0.129448
1.71162e-09	-0.129709
1.71168e-09	-0.129969
1.71175e-09	-0.13023
1.71181e-09	-0.13049
1.71188e-09	-0.13075
1.71194e-09	-0.13101
1.712e-09	-0.13127
1.71207e-09	-0.13153
1.71213e-09	-0.131789
1.7122e-09	-0.132049
1.71226e-09	-0.132309
1.71232e-09	-0.132568
1.71239e-09	-0.132827
1.71245e-09	-0.133086
1.71252e-09	-0.133345
1.71258e-09	-0.133604
1.71264e-09	-0.133863
1.71271e-09	-0.134122
1.71277e-09	-0.13438
1.71284e-09	-0.134639
1.7129e-09	-0.134897
1.71296e-09	-0.135156
1.71303e-09	-0.135414
1.71309e-09	-0.135672
1.71316e-09	-0.13593
1.71322e-09	-0.136188
1.71328e-09	-0.136445
1.71335e-09	-0.136703
1.71341e-09	-0.13696
1.71348e-09	-0.137218
1.71354e-09	-0.137475
1.7136e-09	-0.137732
1.71367e-09	-0.137989
1.71373e-09	-0.138246
1.7138e-09	-0.138503
1.71386e-09	-0.13876
1.71392e-09	-0.139016
1.71399e-09	-0.139273
1.71405e-09	-0.139529
1.71412e-09	-0.139785
1.71418e-09	-0.140041
1.71424e-09	-0.140297
1.71431e-09	-0.140553
1.71437e-09	-0.140809
1.71444e-09	-0.141065
1.7145e-09	-0.14132
1.71456e-09	-0.141576
1.71463e-09	-0.141831
1.71469e-09	-0.142086
1.71476e-09	-0.142342
1.71482e-09	-0.142597
1.71488e-09	-0.142852
1.71495e-09	-0.143106
1.71501e-09	-0.143361
1.71508e-09	-0.143616
1.71514e-09	-0.14387
1.7152e-09	-0.144124
1.71527e-09	-0.144379
1.71533e-09	-0.144633
1.7154e-09	-0.144887
1.71546e-09	-0.145141
1.71552e-09	-0.145394
1.71559e-09	-0.145648
1.71565e-09	-0.145902
1.71572e-09	-0.146155
1.71578e-09	-0.146408
1.71584e-09	-0.146662
1.71591e-09	-0.146915
1.71597e-09	-0.147168
1.71604e-09	-0.14742
1.7161e-09	-0.147673
1.71616e-09	-0.147926
1.71623e-09	-0.148178
1.71629e-09	-0.148431
1.71636e-09	-0.148683
1.71642e-09	-0.148935
1.71648e-09	-0.149187
1.71655e-09	-0.149439
1.71661e-09	-0.149691
1.71668e-09	-0.149943
1.71674e-09	-0.150195
1.7168e-09	-0.150446
1.71687e-09	-0.150697
1.71693e-09	-0.150949
1.717e-09	-0.1512
1.71706e-09	-0.151451
1.71712e-09	-0.151702
1.71719e-09	-0.151953
1.71725e-09	-0.152203
1.71732e-09	-0.152454
1.71738e-09	-0.152704
1.71744e-09	-0.152955
1.71751e-09	-0.153205
1.71757e-09	-0.153455
1.71764e-09	-0.153705
1.7177e-09	-0.153955
1.71776e-09	-0.154205
1.71783e-09	-0.154455
1.71789e-09	-0.154704
1.71796e-09	-0.154954
1.71802e-09	-0.155203
1.71808e-09	-0.155452
1.71815e-09	-0.155701
1.71821e-09	-0.15595
1.71828e-09	-0.156199
1.71834e-09	-0.156448
1.7184e-09	-0.156697
1.71847e-09	-0.156945
1.71853e-09	-0.157194
1.7186e-09	-0.157442
1.71866e-09	-0.15769
1.71872e-09	-0.157938
1.71879e-09	-0.158186
1.71885e-09	-0.158434
1.71892e-09	-0.158682
1.71898e-09	-0.158929
1.71904e-09	-0.159177
1.71911e-09	-0.159424
1.71917e-09	-0.159671
1.71924e-09	-0.159919
1.7193e-09	-0.160166
1.71936e-09	-0.160412
1.71943e-09	-0.160659
1.71949e-09	-0.160906
1.71956e-09	-0.161153
1.71962e-09	-0.161399
1.71968e-09	-0.161645
1.71975e-09	-0.161892
1.71981e-09	-0.162138
1.71988e-09	-0.162384
1.71994e-09	-0.16263
1.72e-09	-0.162875
1.72007e-09	-0.163121
1.72013e-09	-0.163366
1.7202e-09	-0.163612
1.72026e-09	-0.163857
1.72032e-09	-0.164102
1.72039e-09	-0.164347
1.72045e-09	-0.164592
1.72052e-09	-0.164837
1.72058e-09	-0.165082
1.72065e-09	-0.165327
1.72071e-09	-0.165571
1.72077e-09	-0.165815
1.72084e-09	-0.16606
1.7209e-09	-0.166304
1.72097e-09	-0.166548
1.72103e-09	-0.166792
1.72109e-09	-0.167036
1.72116e-09	-0.167279
1.72122e-09	-0.167523
1.72129e-09	-0.167766
1.72135e-09	-0.16801
1.72141e-09	-0.168253
1.72148e-09	-0.168496
1.72154e-09	-0.168739
1.72161e-09	-0.168982
1.72167e-09	-0.169224
1.72173e-09	-0.169467
1.7218e-09	-0.16971
1.72186e-09	-0.169952
1.72193e-09	-0.170194
1.72199e-09	-0.170436
1.72205e-09	-0.170678
1.72212e-09	-0.17092
1.72218e-09	-0.171162
1.72225e-09	-0.171404
1.72231e-09	-0.171645
1.72237e-09	-0.171887
1.72244e-09	-0.172128
1.7225e-09	-0.172369
1.72257e-09	-0.17261
1.72263e-09	-0.172851
1.72269e-09	-0.173092
1.72276e-09	-0.173333
1.72282e-09	-0.173574
1.72289e-09	-0.173814
1.72295e-09	-0.174055
1.72301e-09	-0.174295
1.72308e-09	-0.174535
1.72314e-09	-0.174775
1.72321e-09	-0.175015
1.72327e-09	-0.175255
1.72333e-09	-0.175495
1.7234e-09	-0.175734
1.72346e-09	-0.175974
1.72353e-09	-0.176213
1.72359e-09	-0.176452
1.72365e-09	-0.176691
1.72372e-09	-0.17693
1.72378e-09	-0.177169
1.72385e-09	-0.177408
1.72391e-09	-0.177646
1.72397e-09	-0.177885
1.72404e-09	-0.178123
1.7241e-09	-0.178362
1.72417e-09	-0.1786
1.72423e-09	-0.178838
1.72429e-09	-0.179076
1.72436e-09	-0.179314
1.72442e-09	-0.179551
1.72449e-09	-0.179789
1.72455e-09	-0.180026
1.72461e-09	-0.180264
1.72468e-09	-0.180501
1.72474e-09	-0.180738
1.72481e-09	-0.180975
1.72487e-09	-0.181212
1.72493e-09	-0.181449
1.725e-09	-0.181685
1.72506e-09	-0.181922
1.72513e-09	-0.182158
1.72519e-09	-0.182394
1.72525e-09	-0.18263
1.72532e-09	-0.182866
1.72538e-09	-0.183102
1.72545e-09	-0.183338
1.72551e-09	-0.183574
1.72557e-09	-0.183809
1.72564e-09	-0.184045
1.7257e-09	-0.18428
1.72577e-09	-0.184515
1.72583e-09	-0.18475
1.72589e-09	-0.184985
1.72596e-09	-0.18522
1.72602e-09	-0.185455
1.72609e-09	-0.18569
1.72615e-09	-0.185924
1.72621e-09	-0.186158
1.72628e-09	-0.186393
1.72634e-09	-0.186627
1.72641e-09	-0.186861
1.72647e-09	-0.187095
1.72653e-09	-0.187328
1.7266e-09	-0.187562
1.72666e-09	-0.187796
1.72673e-09	-0.188029
1.72679e-09	-0.188262
1.72685e-09	-0.188495
1.72692e-09	-0.188729
1.72698e-09	-0.188961
1.72705e-09	-0.189194
1.72711e-09	-0.189427
1.72717e-09	-0.18966
1.72724e-09	-0.189892
1.7273e-09	-0.190124
1.72737e-09	-0.190357
1.72743e-09	-0.190589
1.72749e-09	-0.190821
1.72756e-09	-0.191052
1.72762e-09	-0.191284
1.72769e-09	-0.191516
1.72775e-09	-0.191747
1.72781e-09	-0.191979
1.72788e-09	-0.19221
1.72794e-09	-0.192441
1.72801e-09	-0.192672
1.72807e-09	-0.192903
1.72813e-09	-0.193134
1.7282e-09	-0.193364
1.72826e-09	-0.193595
1.72833e-09	-0.193825
1.72839e-09	-0.194056
1.72845e-09	-0.194286
1.72852e-09	-0.194516
1.72858e-09	-0.194746
1.72865e-09	-0.194976
1.72871e-09	-0.195205
1.72877e-09	-0.195435
1.72884e-09	-0.195664
1.7289e-09	-0.195894
1.72897e-09	-0.196123
1.72903e-09	-0.196352
1.72909e-09	-0.196581
1.72916e-09	-0.19681
1.72922e-09	-0.197039
1.72929e-09	-0.197267
1.72935e-09	-0.197496
1.72941e-09	-0.197724
1.72948e-09	-0.197952
1.72954e-09	-0.19818
1.72961e-09	-0.198408
1.72967e-09	-0.198636
1.72973e-09	-0.198864
1.7298e-09	-0.199092
1.72986e-09	-0.199319
1.72993e-09	-0.199547
1.72999e-09	-0.199774
1.73005e-09	-0.200001
1.73012e-09	-0.200228
1.73018e-09	-0.200455
1.73025e-09	-0.200682
1.73031e-09	-0.200908
1.73037e-09	-0.201135
1.73044e-09	-0.201361
1.7305e-09	-0.201588
1.73057e-09	-0.201814
1.73063e-09	-0.20204
1.73069e-09	-0.202266
1.73076e-09	-0.202492
1.73082e-09	-0.202717
1.73089e-09	-0.202943
1.73095e-09	-0.203168
1.73101e-09	-0.203394
1.73108e-09	-0.203619
1.73114e-09	-0.203844
1.73121e-09	-0.204069
1.73127e-09	-0.204294
1.73133e-09	-0.204519
1.7314e-09	-0.204743
1.73146e-09	-0.204968
1.73153e-09	-0.205192
1.73159e-09	-0.205416
1.73165e-09	-0.205641
1.73172e-09	-0.205865
1.73178e-09	-0.206088
1.73185e-09	-0.206312
1.73191e-09	-0.206536
1.73197e-09	-0.206759
1.73204e-09	-0.206983
1.7321e-09	-0.207206
1.73217e-09	-0.207429
1.73223e-09	-0.207652
1.73229e-09	-0.207875
1.73236e-09	-0.208098
1.73242e-09	-0.20832
1.73249e-09	-0.208543
1.73255e-09	-0.208765
1.73261e-09	-0.208988
1.73268e-09	-0.20921
1.73274e-09	-0.209432
1.73281e-09	-0.209654
1.73287e-09	-0.209876
1.73293e-09	-0.210097
1.733e-09	-0.210319
1.73306e-09	-0.21054
1.73313e-09	-0.210762
1.73319e-09	-0.210983
1.73325e-09	-0.211204
1.73332e-09	-0.211425
1.73338e-09	-0.211646
1.73345e-09	-0.211866
1.73351e-09	-0.212087
1.73357e-09	-0.212307
1.73364e-09	-0.212528
1.7337e-09	-0.212748
1.73377e-09	-0.212968
1.73383e-09	-0.213188
1.73389e-09	-0.213408
1.73396e-09	-0.213628
1.73402e-09	-0.213847
1.73409e-09	-0.214067
1.73415e-09	-0.214286
1.73421e-09	-0.214505
1.73428e-09	-0.214724
1.73434e-09	-0.214943
1.73441e-09	-0.215162
1.73447e-09	-0.215381
1.73453e-09	-0.2156
1.7346e-09	-0.215818
1.73466e-09	-0.216036
1.73473e-09	-0.216255
1.73479e-09	-0.216473
1.73485e-09	-0.216691
1.73492e-09	-0.216909
1.73498e-09	-0.217126
1.73505e-09	-0.217344
1.73511e-09	-0.217562
1.73517e-09	-0.217779
1.73524e-09	-0.217996
1.7353e-09	-0.218213
1.73537e-09	-0.21843
1.73543e-09	-0.218647
1.73549e-09	-0.218864
1.73556e-09	-0.219081
1.73562e-09	-0.219297
1.73569e-09	-0.219514
1.73575e-09	-0.21973
1.73581e-09	-0.219946
1.73588e-09	-0.220162
1.73594e-09	-0.220378
1.73601e-09	-0.220594
1.73607e-09	-0.220809
1.73613e-09	-0.221025
1.7362e-09	-0.22124
1.73626e-09	-0.221456
1.73633e-09	-0.221671
1.73639e-09	-0.221886
1.73645e-09	-0.222101
1.73652e-09	-0.222316
1.73658e-09	-0.22253
1.73665e-09	-0.222745
1.73671e-09	-0.222959
1.73677e-09	-0.223173
1.73684e-09	-0.223388
1.7369e-09	-0.223602
1.73697e-09	-0.223816
1.73703e-09	-0.224029
1.73709e-09	-0.224243
1.73716e-09	-0.224457
1.73722e-09	-0.22467
1.73729e-09	-0.224883
1.73735e-09	-0.225097
1.73741e-09	-0.22531
1.73748e-09	-0.225523
1.73754e-09	-0.225735
1.73761e-09	-0.225948
1.73767e-09	-0.226161
1.73773e-09	-0.226373
1.7378e-09	-0.226585
1.73786e-09	-0.226798
1.73793e-09	-0.22701
1.73799e-09	-0.227222
1.73806e-09	-0.227433
1.73812e-09	-0.227645
1.73818e-09	-0.227857
1.73825e-09	-0.228068
1.73831e-09	-0.228279
1.73838e-09	-0.228491
1.73844e-09	-0.228702
1.7385e-09	-0.228913
1.73857e-09	-0.229123
1.73863e-09	-0.229334
1.7387e-09	-0.229545
1.73876e-09	-0.229755
1.73882e-09	-0.229965
1.73889e-09	-0.230176
1.73895e-09	-0.230386
1.73902e-09	-0.230596
1.73908e-09	-0.230805
1.73914e-09	-0.231015
1.73921e-09	-0.231225
1.73927e-09	-0.231434
1.73934e-09	-0.231643
1.7394e-09	-0.231853
1.73946e-09	-0.232062
1.73953e-09	-0.232271
1.73959e-09	-0.23248
1.73966e-09	-0.232688
1.73972e-09	-0.232897
1.73978e-09	-0.233105
1.73985e-09	-0.233314
1.73991e-09	-0.233522
1.73998e-09	-0.23373
1.74004e-09	-0.233938
1.7401e-09	-0.234146
1.74017e-09	-0.234353
1.74023e-09	-0.234561
1.7403e-09	-0.234768
1.74036e-09	-0.234976
1.74042e-09	-0.235183
1.74049e-09	-0.23539
1.74055e-09	-0.235597
1.74062e-09	-0.235804
1.74068e-09	-0.23601
1.74074e-09	-0.236217
1.74081e-09	-0.236423
1.74087e-09	-0.23663
1.74094e-09	-0.236836
1.741e-09	-0.237042
1.74106e-09	-0.237248
1.74113e-09	-0.237454
1.74119e-09	-0.237659
1.74126e-09	-0.237865
1.74132e-09	-0.23807
1.74138e-09	-0.238276
1.74145e-09	-0.238481
1.74151e-09	-0.238686
1.74158e-09	-0.238891
1.74164e-09	-0.239096
1.7417e-09	-0.2393
1.74177e-09	-0.239505
1.74183e-09	-0.239709
1.7419e-09	-0.239914
1.74196e-09	-0.240118
1.74202e-09	-0.240322
1.74209e-09	-0.240526
1.74215e-09	-0.24073
1.74222e-09	-0.240933
1.74228e-09	-0.241137
1.74234e-09	-0.24134
1.74241e-09	-0.241544
1.74247e-09	-0.241747
1.74254e-09	-0.24195
1.7426e-09	-0.242153
1.74266e-09	-0.242356
1.74273e-09	-0.242558
1.74279e-09	-0.242761
1.74286e-09	-0.242963
1.74292e-09	-0.243166
1.74298e-09	-0.243368
1.74305e-09	-0.24357
1.74311e-09	-0.243772
1.74318e-09	-0.243974
1.74324e-09	-0.244175
1.7433e-09	-0.244377
1.74337e-09	-0.244578
1.74343e-09	-0.24478
1.7435e-09	-0.244981
1.74356e-09	-0.245182
1.74362e-09	-0.245383
1.74369e-09	-0.245583
1.74375e-09	-0.245784
1.74382e-09	-0.245985
1.74388e-09	-0.246185
1.74394e-09	-0.246385
1.74401e-09	-0.246586
1.74407e-09	-0.246786
1.74414e-09	-0.246985
1.7442e-09	-0.247185
1.74426e-09	-0.247385
1.74433e-09	-0.247584
1.74439e-09	-0.247784
1.74446e-09	-0.247983
1.74452e-09	-0.248182
1.74458e-09	-0.248381
1.74465e-09	-0.24858
1.74471e-09	-0.248779
1.74478e-09	-0.248978
1.74484e-09	-0.249176
1.7449e-09	-0.249374
1.74497e-09	-0.249573
1.74503e-09	-0.249771
1.7451e-09	-0.249969
1.74516e-09	-0.250167
1.74522e-09	-0.250364
1.74529e-09	-0.250562
1.74535e-09	-0.25076
1.74542e-09	-0.250957
1.74548e-09	-0.251154
1.74554e-09	-0.251351
1.74561e-09	-0.251548
1.74567e-09	-0.251745
1.74574e-09	-0.251942
1.7458e-09	-0.252139
1.74586e-09	-0.252335
1.74593e-09	-0.252531
1.74599e-09	-0.252728
1.74606e-09	-0.252924
1.74612e-09	-0.25312
1.74618e-09	-0.253316
1.74625e-09	-0.253511
1.74631e-09	-0.253707
1.74638e-09	-0.253902
1.74644e-09	-0.254098
1.7465e-09	-0.254293
1.74657e-09	-0.254488
1.74663e-09	-0.254683
1.7467e-09	-0.254878
1.74676e-09	-0.255072
1.74682e-09	-0.255267
1.74689e-09	-0.255462
1.74695e-09	-0.255656
1.74702e-09	-0.25585
1.74708e-09	-0.256044
1.74714e-09	-0.256238
1.74721e-09	-0.256432
1.74727e-09	-0.256626
1.74734e-09	-0.256819
1.7474e-09	-0.257013
1.74746e-09	-0.257206
1.74753e-09	-0.257399
1.74759e-09	-0.257592
1.74766e-09	-0.257785
1.74772e-09	-0.257978
1.74778e-09	-0.25817
1.74785e-09	-0.258363
1.74791e-09	-0.258555
1.74798e-09	-0.258748
1.74804e-09	-0.25894
1.7481e-09	-0.259132
1.74817e-09	-0.259324
1.74823e-09	-0.259516
1.7483e-09	-0.259707
1.74836e-09	-0.259899
1.74842e-09	-0.26009
1.74849e-09	-0.260281
1.74855e-09	-0.260473
1.74862e-09	-0.260664
1.74868e-09	-0.260855
1.74874e-09	-0.261045
1.74881e-09	-0.261236
1.74887e-09	-0.261426
1.74894e-09	-0.261617
1.749e-09	-0.261807
1.74906e-09	-0.261997
1.74913e-09	-0.262187
1.74919e-09	-0.262377
1.74926e-09	-0.262567
1.74932e-09	-0.262756
1.74938e-09	-0.262946
1.74945e-09	-0.263135
1.74951e-09	-0.263324
1.74958e-09	-0.263514
1.74964e-09	-0.263703
1.7497e-09	-0.263891
1.74977e-09	-0.26408
1.74983e-09	-0.264269
1.7499e-09	-0.264457
1.74996e-09	-0.264645
1.75002e-09	-0.264834
1.75009e-09	-0.265022
1.75015e-09	-0.26521
1.75022e-09	-0.265398
1.75028e-09	-0.265585
1.75034e-09	-0.265773
1.75041e-09	-0.26596
1.75047e-09	-0.266148
1.75054e-09	-0.266335
1.7506e-09	-0.266522
1.75066e-09	-0.266709
1.75073e-09	-0.266895
1.75079e-09	-0.267082
1.75086e-09	-0.267269
1.75092e-09	-0.267455
1.75098e-09	-0.267641
1.75105e-09	-0.267828
1.75111e-09	-0.268014
1.75118e-09	-0.268199
1.75124e-09	-0.268385
1.7513e-09	-0.268571
1.75137e-09	-0.268756
1.75143e-09	-0.268942
1.7515e-09	-0.269127
1.75156e-09	-0.269312
1.75162e-09	-0.269497
1.75169e-09	-0.269682
1.75175e-09	-0.269867
1.75182e-09	-0.270051
1.75188e-09	-0.270236
1.75194e-09	-0.27042
1.75201e-09	-0.270605
1.75207e-09	-0.270789
1.75214e-09	-0.270973
1.7522e-09	-0.271156
1.75226e-09	-0.27134
1.75233e-09	-0.271524
1.75239e-09	-0.271707
1.75246e-09	-0.271891
1.75252e-09	-0.272074
1.75258e-09	-0.272257
1.75265e-09	-0.27244
1.75271e-09	-0.272623
1.75278e-09	-0.272805
1.75284e-09	-0.272988
1.7529e-09	-0.27317
1.75297e-09	-0.273353
1.75303e-09	-0.273535
1.7531e-09	-0.273717
1.75316e-09	-0.273899
1.75322e-09	-0.274081
1.75329e-09	-0.274262
1.75335e-09	-0.274444
1.75342e-09	-0.274625
1.75348e-09	-0.274806
1.75354e-09	-0.274988
1.75361e-09	-0.275169
1.75367e-09	-0.27535
1.75374e-09	-0.27553
1.7538e-09	-0.275711
1.75386e-09	-0.275891
1.75393e-09	-0.276072
1.75399e-09	-0.276252
1.75406e-09	-0.276432
1.75412e-09	-0.276612
1.75418e-09	-0.276792
1.75425e-09	-0.276972
1.75431e-09	-0.277151
1.75438e-09	-0.277331
1.75444e-09	-0.27751
1.7545e-09	-0.277689
1.75457e-09	-0.277869
1.75463e-09	-0.278047
1.7547e-09	-0.278226
1.75476e-09	-0.278405
1.75482e-09	-0.278584
1.75489e-09	-0.278762
1.75495e-09	-0.27894
1.75502e-09	-0.279119
1.75508e-09	-0.279297
1.75514e-09	-0.279475
1.75521e-09	-0.279652
1.75527e-09	-0.27983
1.75534e-09	-0.280008
1.7554e-09	-0.280185
1.75547e-09	-0.280362
1.75553e-09	-0.280539
1.75559e-09	-0.280716
1.75566e-09	-0.280893
1.75572e-09	-0.28107
1.75579e-09	-0.281247
1.75585e-09	-0.281423
1.75591e-09	-0.2816
1.75598e-09	-0.281776
1.75604e-09	-0.281952
1.75611e-09	-0.282128
1.75617e-09	-0.282304
1.75623e-09	-0.28248
1.7563e-09	-0.282655
1.75636e-09	-0.282831
1.75643e-09	-0.283006
1.75649e-09	-0.283181
1.75655e-09	-0.283356
1.75662e-09	-0.283531
1.75668e-09	-0.283706
1.75675e-09	-0.283881
1.75681e-09	-0.284056
1.75687e-09	-0.28423
1.75694e-09	-0.284404
1.757e-09	-0.284578
1.75707e-09	-0.284753
1.75713e-09	-0.284926
1.75719e-09	-0.2851
1.75726e-09	-0.285274
1.75732e-09	-0.285447
1.75739e-09	-0.285621
1.75745e-09	-0.285794
1.75751e-09	-0.285967
1.75758e-09	-0.28614
1.75764e-09	-0.286313
1.75771e-09	-0.286486
1.75777e-09	-0.286659
1.75783e-09	-0.286831
1.7579e-09	-0.287004
1.75796e-09	-0.287176
1.75803e-09	-0.287348
1.75809e-09	-0.28752
1.75815e-09	-0.287692
1.75822e-09	-0.287863
1.75828e-09	-0.288035
1.75835e-09	-0.288207
1.75841e-09	-0.288378
1.75847e-09	-0.288549
1.75854e-09	-0.28872
1.7586e-09	-0.288891
1.75867e-09	-0.289062
1.75873e-09	-0.289233
1.75879e-09	-0.289403
1.75886e-09	-0.289574
1.75892e-09	-0.289744
1.75899e-09	-0.289914
1.75905e-09	-0.290084
1.75911e-09	-0.290254
1.75918e-09	-0.290424
1.75924e-09	-0.290594
1.75931e-09	-0.290763
1.75937e-09	-0.290933
1.75943e-09	-0.291102
1.7595e-09	-0.291271
1.75956e-09	-0.29144
1.75963e-09	-0.291609
1.75969e-09	-0.291778
1.75975e-09	-0.291946
1.75982e-09	-0.292115
1.75988e-09	-0.292283
1.75995e-09	-0.292451
1.76001e-09	-0.292619
1.76007e-09	-0.292787
1.76014e-09	-0.292955
1.7602e-09	-0.293123
1.76027e-09	-0.293291
1.76033e-09	-0.293458
1.76039e-09	-0.293625
1.76046e-09	-0.293793
1.76052e-09	-0.29396
1.76059e-09	-0.294127
1.76065e-09	-0.294293
1.76071e-09	-0.29446
1.76078e-09	-0.294627
1.76084e-09	-0.294793
1.76091e-09	-0.294959
1.76097e-09	-0.295126
1.76103e-09	-0.295292
1.7611e-09	-0.295458
1.76116e-09	-0.295623
1.76123e-09	-0.295789
1.76129e-09	-0.295954
1.76135e-09	-0.29612
1.76142e-09	-0.296285
1.76148e-09	-0.29645
1.76155e-09	-0.296615
1.76161e-09	-0.29678
1.76167e-09	-0.296945
1.76174e-09	-0.297109
1.7618e-09	-0.297274
1.76187e-09	-0.297438
1.76193e-09	-0.297602
1.76199e-09	-0.297767
1.76206e-09	-0.297931
1.76212e-09	-0.298094
1.76219e-09	-0.298258
1.76225e-09	-0.298422
1.76231e-09	-0.298585
1.76238e-09	-0.298748
1.76244e-09	-0.298912
1.76251e-09	-0.299075
1.76257e-09	-0.299238
1.76263e-09	-0.2994
1.7627e-09	-0.299563
1.76276e-09	-0.299725
1.76283e-09	-0.299888
1.76289e-09	-0.30005
1.76295e-09	-0.300212
1.76302e-09	-0.300374
1.76308e-09	-0.300536
1.76315e-09	-0.300698
1.76321e-09	-0.30086
1.76327e-09	-0.301021
1.76334e-09	-0.301182
1.7634e-09	-0.301344
1.76347e-09	-0.301505
1.76353e-09	-0.301666
1.76359e-09	-0.301827
1.76366e-09	-0.301987
1.76372e-09	-0.302148
1.76379e-09	-0.302308
1.76385e-09	-0.302469
1.76391e-09	-0.302629
1.76398e-09	-0.302789
1.76404e-09	-0.302949
1.76411e-09	-0.303109
1.76417e-09	-0.303268
1.76423e-09	-0.303428
1.7643e-09	-0.303587
1.76436e-09	-0.303747
1.76443e-09	-0.303906
1.76449e-09	-0.304065
1.76455e-09	-0.304224
1.76462e-09	-0.304382
1.76468e-09	-0.304541
1.76475e-09	-0.3047
1.76481e-09	-0.304858
1.76487e-09	-0.305016
1.76494e-09	-0.305174
1.765e-09	-0.305332
1.76507e-09	-0.30549
1.76513e-09	-0.305648
1.76519e-09	-0.305805
1.76526e-09	-0.305963
1.76532e-09	-0.30612
1.76539e-09	-0.306277
1.76545e-09	-0.306434
1.76551e-09	-0.306591
1.76558e-09	-0.306748
1.76564e-09	-0.306905
1.76571e-09	-0.307061
1.76577e-09	-0.307218
1.76583e-09	-0.307374
1.7659e-09	-0.30753
1.76596e-09	-0.307686
1.76603e-09	-0.307842
1.76609e-09	-0.307998
1.76615e-09	-0.308154
1.76622e-09	-0.308309
1.76628e-09	-0.308465
1.76635e-09	-0.30862
1.76641e-09	-0.308775
1.76647e-09	-0.30893
1.76654e-09	-0.309085
1.7666e-09	-0.30924
1.76667e-09	-0.309394
1.76673e-09	-0.309549
1.76679e-09	-0.309703
1.76686e-09	-0.309857
1.76692e-09	-0.310011
1.76699e-09	-0.310165
1.76705e-09	-0.310319
1.76711e-09	-0.310473
1.76718e-09	-0.310626
1.76724e-09	-0.31078
1.76731e-09	-0.310933
1.76737e-09	-0.311086
1.76743e-09	-0.311239
1.7675e-09	-0.311392
1.76756e-09	-0.311545
1.76763e-09	-0.311698
1.76769e-09	-0.31185
1.76775e-09	-0.312002
1.76782e-09	-0.312155
1.76788e-09	-0.312307
1.76795e-09	-0.312459
1.76801e-09	-0.312611
1.76807e-09	-0.312762
1.76814e-09	-0.312914
1.7682e-09	-0.313066
1.76827e-09	-0.313217
1.76833e-09	-0.313368
1.76839e-09	-0.313519
1.76846e-09	-0.31367
1.76852e-09	-0.313821
1.76859e-09	-0.313972
1.76865e-09	-0.314122
1.76871e-09	-0.314273
1.76878e-09	-0.314423
1.76884e-09	-0.314573
1.76891e-09	-0.314723
1.76897e-09	-0.314873
1.76903e-09	-0.315023
1.7691e-09	-0.315173
1.76916e-09	-0.315322
1.76923e-09	-0.315472
1.76929e-09	-0.315621
1.76935e-09	-0.31577
1.76942e-09	-0.315919
1.76948e-09	-0.316068
1.76955e-09	-0.316217
1.76961e-09	-0.316365
1.76967e-09	-0.316514
1.76974e-09	-0.316662
1.7698e-09	-0.31681
1.76987e-09	-0.316958
1.76993e-09	-0.317106
1.76999e-09	-0.317254
1.77006e-09	-0.317402
1.77012e-09	-0.317549
1.77019e-09	-0.317697
1.77025e-09	-0.317844
1.77031e-09	-0.317991
1.77038e-09	-0.318138
1.77044e-09	-0.318285
1.77051e-09	-0.318432
1.77057e-09	-0.318579
1.77063e-09	-0.318725
1.7707e-09	-0.318872
1.77076e-09	-0.319018
1.77083e-09	-0.319164
1.77089e-09	-0.31931
1.77095e-09	-0.319456
1.77102e-09	-0.319602
1.77108e-09	-0.319747
1.77115e-09	-0.319893
1.77121e-09	-0.320038
1.77127e-09	-0.320184
1.77134e-09	-0.320329
1.7714e-09	-0.320474
1.77147e-09	-0.320618
1.77153e-09	-0.320763
1.77159e-09	-0.320908
1.77166e-09	-0.321052
1.77172e-09	-0.321197
1.77179e-09	-0.321341
1.77185e-09	-0.321485
1.77191e-09	-0.321629
1.77198e-09	-0.321773
1.77204e-09	-0.321916
1.77211e-09	-0.32206
1.77217e-09	-0.322203
1.77223e-09	-0.322346
1.7723e-09	-0.32249
1.77236e-09	-0.322633
1.77243e-09	-0.322776
1.77249e-09	-0.322918
1.77255e-09	-0.323061
1.77262e-09	-0.323203
1.77268e-09	-0.323346
1.77275e-09	-0.323488
1.77281e-09	-0.32363
1.77287e-09	-0.323772
1.77294e-09	-0.323914
1.773e-09	-0.324056
1.77307e-09	-0.324197
1.77313e-09	-0.324339
1.7732e-09	-0.32448
1.77326e-09	-0.324621
1.77332e-09	-0.324762
1.77339e-09	-0.324903
1.77345e-09	-0.325044
1.77352e-09	-0.325185
1.77358e-09	-0.325325
1.77364e-09	-0.325466
1.77371e-09	-0.325606
1.77377e-09	-0.325746
1.77384e-09	-0.325886
1.7739e-09	-0.326026
1.77396e-09	-0.326166
1.77403e-09	-0.326306
1.77409e-09	-0.326445
1.77416e-09	-0.326584
1.77422e-09	-0.326724
1.77428e-09	-0.326863
1.77435e-09	-0.327002
1.77441e-09	-0.327141
1.77448e-09	-0.327279
1.77454e-09	-0.327418
1.7746e-09	-0.327556
1.77467e-09	-0.327695
1.77473e-09	-0.327833
1.7748e-09	-0.327971
1.77486e-09	-0.328109
1.77492e-09	-0.328247
1.77499e-09	-0.328384
1.77505e-09	-0.328522
1.77512e-09	-0.328659
1.77518e-09	-0.328797
1.77524e-09	-0.328934
1.77531e-09	-0.329071
1.77537e-09	-0.329208
1.77544e-09	-0.329345
1.7755e-09	-0.329481
1.77556e-09	-0.329618
1.77563e-09	-0.329754
1.77569e-09	-0.32989
1.77576e-09	-0.330027
1.77582e-09	-0.330163
1.77588e-09	-0.330298
1.77595e-09	-0.330434
1.77601e-09	-0.33057
1.77608e-09	-0.330705
1.77614e-09	-0.330841
1.7762e-09	-0.330976
1.77627e-09	-0.331111
1.77633e-09	-0.331246
1.7764e-09	-0.331381
1.77646e-09	-0.331515
1.77652e-09	-0.33165
1.77659e-09	-0.331784
1.77665e-09	-0.331919
1.77672e-09	-0.332053
1.77678e-09	-0.332187
1.77684e-09	-0.332321
1.77691e-09	-0.332455
1.77697e-09	-0.332588
1.77704e-09	-0.332722
1.7771e-09	-0.332855
1.77716e-09	-0.332989
1.77723e-09	-0.333122
1.77729e-09	-0.333255
1.77736e-09	-0.333388
1.77742e-09	-0.33352
1.77748e-09	-0.333653
1.77755e-09	-0.333785
1.77761e-09	-0.333918
1.77768e-09	-0.33405
1.77774e-09	-0.334182
1.7778e-09	-0.334314
1.77787e-09	-0.334446
1.77793e-09	-0.334578
1.778e-09	-0.334709
1.77806e-09	-0.334841
1.77812e-09	-0.334972
1.77819e-09	-0.335103
1.77825e-09	-0.335234
1.77832e-09	-0.335365
1.77838e-09	-0.335496
1.77844e-09	-0.335627
1.77851e-09	-0.335757
1.77857e-09	-0.335888
1.77864e-09	-0.336018
1.7787e-09	-0.336148
1.77876e-09	-0.336278
1.77883e-09	-0.336408
1.77889e-09	-0.336538
1.77896e-09	-0.336667
1.77902e-09	-0.336797
1.77908e-09	-0.336926
1.77915e-09	-0.337055
1.77921e-09	-0.337185
1.77928e-09	-0.337314
1.77934e-09	-0.337442
1.7794e-09	-0.337571
1.77947e-09	-0.3377
1.77953e-09	-0.337828
1.7796e-09	-0.337957
1.77966e-09	-0.338085
1.77972e-09	-0.338213
1.77979e-09	-0.338341
1.77985e-09	-0.338469
1.77992e-09	-0.338596
1.77998e-09	-0.338724
1.78004e-09	-0.338851
1.78011e-09	-0.338979
1.78017e-09	-0.339106
1.78024e-09	-0.339233
1.7803e-09	-0.33936
1.78036e-09	-0.339486
1.78043e-09	-0.339613
1.78049e-09	-0.33974
1.78056e-09	-0.339866
1.78062e-09	-0.339992
1.78068e-09	-0.340118
1.78075e-09	-0.340244
1.78081e-09	-0.34037
1.78088e-09	-0.340496
1.78094e-09	-0.340622
1.781e-09	-0.340747
1.78107e-09	-0.340873
1.78113e-09	-0.340998
1.7812e-09	-0.341123
1.78126e-09	-0.341248
1.78132e-09	-0.341373
1.78139e-09	-0.341497
1.78145e-09	-0.341622
1.78152e-09	-0.341746
1.78158e-09	-0.341871
1.78164e-09	-0.341995
1.78171e-09	-0.342119
1.78177e-09	-0.342243
1.78184e-09	-0.342367
1.7819e-09	-0.34249
1.78196e-09	-0.342614
1.78203e-09	-0.342737
1.78209e-09	-0.342861
1.78216e-09	-0.342984
1.78222e-09	-0.343107
1.78228e-09	-0.34323
1.78235e-09	-0.343352
1.78241e-09	-0.343475
1.78248e-09	-0.343598
1.78254e-09	-0.34372
1.7826e-09	-0.343842
1.78267e-09	-0.343964
1.78273e-09	-0.344086
1.7828e-09	-0.344208
1.78286e-09	-0.34433
1.78292e-09	-0.344452
1.78299e-09	-0.344573
1.78305e-09	-0.344694
1.78312e-09	-0.344816
1.78318e-09	-0.344937
1.78324e-09	-0.345058
1.78331e-09	-0.345178
1.78337e-09	-0.345299
1.78344e-09	-0.34542
1.7835e-09	-0.34554
1.78356e-09	-0.345661
1.78363e-09	-0.345781
1.78369e-09	-0.345901
1.78376e-09	-0.346021
1.78382e-09	-0.34614
1.78388e-09	-0.34626
1.78395e-09	-0.34638
1.78401e-09	-0.346499
1.78408e-09	-0.346618
1.78414e-09	-0.346738
1.7842e-09	-0.346857
1.78427e-09	-0.346975
1.78433e-09	-0.347094
1.7844e-09	-0.347213
1.78446e-09	-0.347331
1.78452e-09	-0.34745
1.78459e-09	-0.347568
1.78465e-09	-0.347686
1.78472e-09	-0.347804
1.78478e-09	-0.347922
1.78484e-09	-0.34804
1.78491e-09	-0.348157
1.78497e-09	-0.348275
1.78504e-09	-0.348392
1.7851e-09	-0.348509
1.78516e-09	-0.348626
1.78523e-09	-0.348743
1.78529e-09	-0.34886
1.78536e-09	-0.348977
1.78542e-09	-0.349093
1.78548e-09	-0.34921
1.78555e-09	-0.349326
1.78561e-09	-0.349442
1.78568e-09	-0.349558
1.78574e-09	-0.349674
1.7858e-09	-0.34979
1.78587e-09	-0.349906
1.78593e-09	-0.350021
1.786e-09	-0.350137
1.78606e-09	-0.350252
1.78612e-09	-0.350367
1.78619e-09	-0.350482
1.78625e-09	-0.350597
1.78632e-09	-0.350712
1.78638e-09	-0.350826
1.78644e-09	-0.350941
1.78651e-09	-0.351055
1.78657e-09	-0.35117
1.78664e-09	-0.351284
1.7867e-09	-0.351398
1.78676e-09	-0.351512
1.78683e-09	-0.351625
1.78689e-09	-0.351739
1.78696e-09	-0.351852
1.78702e-09	-0.351966
1.78708e-09	-0.352079
1.78715e-09	-0.352192
1.78721e-09	-0.352305
1.78728e-09	-0.352418
1.78734e-09	-0.352531
1.7874e-09	-0.352643
1.78747e-09	-0.352756
1.78753e-09	-0.352868
1.7876e-09	-0.35298
1.78766e-09	-0.353092
1.78772e-09	-0.353204
1.78779e-09	-0.353316
1.78785e-09	-0.353428
1.78792e-09	-0.353539
1.78798e-09	-0.353651
1.78804e-09	-0.353762
1.78811e-09	-0.353873
1.78817e-09	-0.353984
1.78824e-09	-0.354095
1.7883e-09	-0.354206
1.78836e-09	-0.354316
1.78843e-09	-0.354427
1.78849e-09	-0.354537
1.78856e-09	-0.354648
1.78862e-09	-0.354758
1.78868e-09	-0.354868
1.78875e-09	-0.354978
1.78881e-09	-0.355087
1.78888e-09	-0.355197
1.78894e-09	-0.355306
1.789e-09	-0.355416
1.78907e-09	-0.355525
1.78913e-09	-0.355634
1.7892e-09	-0.355743
1.78926e-09	-0.355852
1.78932e-09	-0.355961
1.78939e-09	-0.356069
1.78945e-09	-0.356178
1.78952e-09	-0.356286
1.78958e-09	-0.356394
1.78964e-09	-0.356502
1.78971e-09	-0.35661
1.78977e-09	-0.356718
1.78984e-09	-0.356826
1.7899e-09	-0.356933
1.78996e-09	-0.357041
1.79003e-09	-0.357148
1.79009e-09	-0.357255
1.79016e-09	-0.357362
1.79022e-09	-0.357469
1.79028e-09	-0.357576
1.79035e-09	-0.357683
1.79041e-09	-0.357789
1.79048e-09	-0.357896
1.79054e-09	-0.358002
1.79061e-09	-0.358108
1.79067e-09	-0.358214
1.79073e-09	-0.35832
1.7908e-09	-0.358426
1.79086e-09	-0.358532
1.79093e-09	-0.358637
1.79099e-09	-0.358743
1.79105e-09	-0.358848
1.79112e-09	-0.358953
1.79118e-09	-0.359058
1.79125e-09	-0.359163
1.79131e-09	-0.359268
1.79137e-09	-0.359372
1.79144e-09	-0.359477
1.7915e-09	-0.359581
1.79157e-09	-0.359685
1.79163e-09	-0.359789
1.79169e-09	-0.359893
1.79176e-09	-0.359997
1.79182e-09	-0.360101
1.79189e-09	-0.360205
1.79195e-09	-0.360308
1.79201e-09	-0.360411
1.79208e-09	-0.360515
1.79214e-09	-0.360618
1.79221e-09	-0.360721
1.79227e-09	-0.360824
1.79233e-09	-0.360926
1.7924e-09	-0.361029
1.79246e-09	-0.361131
1.79253e-09	-0.361234
1.79259e-09	-0.361336
1.79265e-09	-0.361438
1.79272e-09	-0.36154
1.79278e-09	-0.361642
1.79285e-09	-0.361743
1.79291e-09	-0.361845
1.79297e-09	-0.361946
1.79304e-09	-0.362048
1.7931e-09	-0.362149
1.79317e-09	-0.36225
1.79323e-09	-0.362351
1.79329e-09	-0.362452
1.79336e-09	-0.362552
1.79342e-09	-0.362653
1.79349e-09	-0.362753
1.79355e-09	-0.362854
1.79361e-09	-0.362954
1.79368e-09	-0.363054
1.79374e-09	-0.363154
1.79381e-09	-0.363254
1.79387e-09	-0.363353
1.79393e-09	-0.363453
1.794e-09	-0.363552
1.79406e-09	-0.363651
1.79413e-09	-0.363751
1.79419e-09	-0.36385
1.79425e-09	-0.363948
1.79432e-09	-0.364047
1.79438e-09	-0.364146
1.79445e-09	-0.364244
1.79451e-09	-0.364343
1.79457e-09	-0.364441
1.79464e-09	-0.364539
1.7947e-09	-0.364637
1.79477e-09	-0.364735
1.79483e-09	-0.364833
1.79489e-09	-0.36493
1.79496e-09	-0.365028
1.79502e-09	-0.365125
1.79509e-09	-0.365222
1.79515e-09	-0.36532
1.79521e-09	-0.365417
1.79528e-09	-0.365513
1.79534e-09	-0.36561
1.79541e-09	-0.365707
1.79547e-09	-0.365803
1.79553e-09	-0.3659
1.7956e-09	-0.365996
1.79566e-09	-0.366092
1.79573e-09	-0.366188
1.79579e-09	-0.366284
1.79585e-09	-0.366379
1.79592e-09	-0.366475
1.79598e-09	-0.36657
1.79605e-09	-0.366666
1.79611e-09	-0.366761
1.79617e-09	-0.366856
1.79624e-09	-0.366951
1.7963e-09	-0.367046
1.79637e-09	-0.367141
1.79643e-09	-0.367235
1.79649e-09	-0.36733
1.79656e-09	-0.367424
1.79662e-09	-0.367518
1.79669e-09	-0.367612
1.79675e-09	-0.367706
1.79681e-09	-0.3678
1.79688e-09	-0.367894
1.79694e-09	-0.367987
1.79701e-09	-0.368081
1.79707e-09	-0.368174
1.79713e-09	-0.368267
1.7972e-09	-0.36836
1.79726e-09	-0.368453
1.79733e-09	-0.368546
1.79739e-09	-0.368639
1.79745e-09	-0.368731
1.79752e-09	-0.368824
1.79758e-09	-0.368916
1.79765e-09	-0.369008
1.79771e-09	-0.3691
1.79777e-09	-0.369192
1.79784e-09	-0.369284
1.7979e-09	-0.369376
1.79797e-09	-0.369467
1.79803e-09	-0.369559
1.79809e-09	-0.36965
1.79816e-09	-0.369741
1.79822e-09	-0.369832
1.79829e-09	-0.369923
1.79835e-09	-0.370014
1.79841e-09	-0.370104
1.79848e-09	-0.370195
1.79854e-09	-0.370285
1.79861e-09	-0.370376
1.79867e-09	-0.370466
1.79873e-09	-0.370556
1.7988e-09	-0.370646
1.79886e-09	-0.370735
1.79893e-09	-0.370825
1.79899e-09	-0.370915
1.79905e-09	-0.371004
1.79912e-09	-0.371093
1.79918e-09	-0.371182
1.79925e-09	-0.371272
1.79931e-09	-0.37136
1.79937e-09	-0.371449
1.79944e-09	-0.371538
1.7995e-09	-0.371626
1.79957e-09	-0.371715
1.79963e-09	-0.371803
1.79969e-09	-0.371891
1.79976e-09	-0.371979
1.79982e-09	-0.372067
1.79989e-09	-0.372155
1.79995e-09	-0.372242
1.80001e-09	-0.37233
1.80008e-09	-0.372417
1.80014e-09	-0.372505
1.80021e-09	-0.372592
1.80027e-09	-0.372679
1.80033e-09	-0.372766
1.8004e-09	-0.372852
1.80046e-09	-0.372939
1.80053e-09	-0.373026
1.80059e-09	-0.373112
1.80065e-09	-0.373198
1.80072e-09	-0.373284
1.80078e-09	-0.37337
1.80085e-09	-0.373456
1.80091e-09	-0.373542
1.80097e-09	-0.373628
1.80104e-09	-0.373713
1.8011e-09	-0.373799
1.80117e-09	-0.373884
1.80123e-09	-0.373969
1.80129e-09	-0.374054
1.80136e-09	-0.374139
1.80142e-09	-0.374224
1.80149e-09	-0.374308
1.80155e-09	-0.374393
1.80161e-09	-0.374477
1.80168e-09	-0.374561
1.80174e-09	-0.374646
1.80181e-09	-0.37473
1.80187e-09	-0.374813
1.80193e-09	-0.374897
1.802e-09	-0.374981
1.80206e-09	-0.375064
1.80213e-09	-0.375148
1.80219e-09	-0.375231
1.80225e-09	-0.375314
1.80232e-09	-0.375397
1.80238e-09	-0.37548
1.80245e-09	-0.375563
1.80251e-09	-0.375645
1.80257e-09	-0.375728
1.80264e-09	-0.37581
1.8027e-09	-0.375893
1.80277e-09	-0.375975
1.80283e-09	-0.376057
1.80289e-09	-0.376139
1.80296e-09	-0.37622
1.80302e-09	-0.376302
1.80309e-09	-0.376383
1.80315e-09	-0.376465
1.80321e-09	-0.376546
1.80328e-09	-0.376627
1.80334e-09	-0.376708
1.80341e-09	-0.376789
1.80347e-09	-0.37687
1.80353e-09	-0.376951
1.8036e-09	-0.377031
1.80366e-09	-0.377111
1.80373e-09	-0.377192
1.80379e-09	-0.377272
1.80385e-09	-0.377352
1.80392e-09	-0.377432
1.80398e-09	-0.377512
1.80405e-09	-0.377591
1.80411e-09	-0.377671
1.80417e-09	-0.37775
1.80424e-09	-0.377829
1.8043e-09	-0.377908
1.80437e-09	-0.377988
1.80443e-09	-0.378066
1.80449e-09	-0.378145
1.80456e-09	-0.378224
1.80462e-09	-0.378302
1.80469e-09	-0.378381
1.80475e-09	-0.378459
1.80481e-09	-0.378537
1.80488e-09	-0.378615
1.80494e-09	-0.378693
1.80501e-09	-0.378771
1.80507e-09	-0.378849
1.80513e-09	-0.378926
1.8052e-09	-0.379003
1.80526e-09	-0.379081
1.80533e-09	-0.379158
1.80539e-09	-0.379235
1.80545e-09	-0.379312
1.80552e-09	-0.379389
1.80558e-09	-0.379465
1.80565e-09	-0.379542
1.80571e-09	-0.379618
1.80577e-09	-0.379695
1.80584e-09	-0.379771
1.8059e-09	-0.379847
1.80597e-09	-0.379923
1.80603e-09	-0.379999
1.80609e-09	-0.380074
1.80616e-09	-0.38015
1.80622e-09	-0.380225
1.80629e-09	-0.380301
1.80635e-09	-0.380376
1.80641e-09	-0.380451
1.80648e-09	-0.380526
1.80654e-09	-0.380601
1.80661e-09	-0.380675
1.80667e-09	-0.38075
1.80673e-09	-0.380824
1.8068e-09	-0.380899
1.80686e-09	-0.380973
1.80693e-09	-0.381047
1.80699e-09	-0.381121
1.80705e-09	-0.381195
1.80712e-09	-0.381268
1.80718e-09	-0.381342
1.80725e-09	-0.381415
1.80731e-09	-0.381489
1.80737e-09	-0.381562
1.80744e-09	-0.381635
1.8075e-09	-0.381708
1.80757e-09	-0.381781
1.80763e-09	-0.381853
1.80769e-09	-0.381926
1.80776e-09	-0.381998
1.80782e-09	-0.382071
1.80789e-09	-0.382143
1.80795e-09	-0.382215
1.80802e-09	-0.382287
1.80808e-09	-0.382359
1.80814e-09	-0.382431
1.80821e-09	-0.382502
1.80827e-09	-0.382574
1.80834e-09	-0.382645
1.8084e-09	-0.382716
1.80846e-09	-0.382788
1.80853e-09	-0.382859
1.80859e-09	-0.382929
1.80866e-09	-0.383
1.80872e-09	-0.383071
1.80878e-09	-0.383141
1.80885e-09	-0.383212
1.80891e-09	-0.383282
1.80898e-09	-0.383352
1.80904e-09	-0.383422
1.8091e-09	-0.383492
1.80917e-09	-0.383562
1.80923e-09	-0.383631
1.8093e-09	-0.383701
1.80936e-09	-0.38377
1.80942e-09	-0.38384
1.80949e-09	-0.383909
1.80955e-09	-0.383978
1.80962e-09	-0.384047
1.80968e-09	-0.384115
1.80974e-09	-0.384184
1.80981e-09	-0.384253
1.80987e-09	-0.384321
1.80994e-09	-0.384389
1.81e-09	-0.384458
1.81006e-09	-0.384526
1.81013e-09	-0.384594
1.81019e-09	-0.384661
1.81026e-09	-0.384729
1.81032e-09	-0.384797
1.81038e-09	-0.384864
1.81045e-09	-0.384931
1.81051e-09	-0.384999
1.81058e-09	-0.385066
1.81064e-09	-0.385133
1.8107e-09	-0.3852
1.81077e-09	-0.385266
1.81083e-09	-0.385333
1.8109e-09	-0.385399
1.81096e-09	-0.385466
1.81102e-09	-0.385532
1.81109e-09	-0.385598
1.81115e-09	-0.385664
1.81122e-09	-0.38573
1.81128e-09	-0.385796
1.81134e-09	-0.385861
1.81141e-09	-0.385927
1.81147e-09	-0.385992
1.81154e-09	-0.386057
1.8116e-09	-0.386122
1.81166e-09	-0.386187
1.81173e-09	-0.386252
1.81179e-09	-0.386317
1.81186e-09	-0.386382
1.81192e-09	-0.386446
1.81198e-09	-0.386511
1.81205e-09	-0.386575
1.81211e-09	-0.386639
1.81218e-09	-0.386703
1.81224e-09	-0.386767
1.8123e-09	-0.386831
1.81237e-09	-0.386895
1.81243e-09	-0.386958
1.8125e-09	-0.387022
1.81256e-09	-0.387085
1.81262e-09	-0.387148
1.81269e-09	-0.387211
1.81275e-09	-0.387274
1.81282e-09	-0.387337
1.81288e-09	-0.3874
1.81294e-09	-0.387462
1.81301e-09	-0.387525
1.81307e-09	-0.387587
1.81314e-09	-0.387649
1.8132e-09	-0.387711
1.81326e-09	-0.387773
1.81333e-09	-0.387835
1.81339e-09	-0.387897
1.81346e-09	-0.387958
1.81352e-09	-0.38802
1.81358e-09	-0.388081
1.81365e-09	-0.388143
1.81371e-09	-0.388204
1.81378e-09	-0.388265
1.81384e-09	-0.388326
1.8139e-09	-0.388386
1.81397e-09	-0.388447
1.81403e-09	-0.388508
1.8141e-09	-0.388568
1.81416e-09	-0.388628
1.81422e-09	-0.388688
1.81429e-09	-0.388749
1.81435e-09	-0.388808
1.81442e-09	-0.388868
1.81448e-09	-0.388928
1.81454e-09	-0.388988
1.81461e-09	-0.389047
1.81467e-09	-0.389106
1.81474e-09	-0.389165
1.8148e-09	-0.389225
1.81486e-09	-0.389284
1.81493e-09	-0.389342
1.81499e-09	-0.389401
1.81506e-09	-0.38946
1.81512e-09	-0.389518
1.81518e-09	-0.389577
1.81525e-09	-0.389635
1.81531e-09	-0.389693
1.81538e-09	-0.389751
1.81544e-09	-0.389809
1.8155e-09	-0.389867
1.81557e-09	-0.389924
1.81563e-09	-0.389982
1.8157e-09	-0.390039
1.81576e-09	-0.390096
1.81582e-09	-0.390154
1.81589e-09	-0.390211
1.81595e-09	-0.390268
1.81602e-09	-0.390324
1.81608e-09	-0.390381
1.81614e-09	-0.390438
1.81621e-09	-0.390494
1.81627e-09	-0.39055
1.81634e-09	-0.390607
1.8164e-09	-0.390663
1.81646e-09	-0.390719
1.81653e-09	-0.390775
1.81659e-09	-0.39083
1.81666e-09	-0.390886
1.81672e-09	-0.390941
1.81678e-09	-0.390997
1.81685e-09	-0.391052
1.81691e-09	-0.391107
1.81698e-09	-0.391162
1.81704e-09	-0.391217
1.8171e-09	-0.391272
1.81717e-09	-0.391326
1.81723e-09	-0.391381
1.8173e-09	-0.391435
1.81736e-09	-0.39149
1.81742e-09	-0.391544
1.81749e-09	-0.391598
1.81755e-09	-0.391652
1.81762e-09	-0.391706
1.81768e-09	-0.391759
1.81774e-09	-0.391813
1.81781e-09	-0.391866
1.81787e-09	-0.39192
1.81794e-09	-0.391973
1.818e-09	-0.392026
1.81806e-09	-0.392079
1.81813e-09	-0.392132
1.81819e-09	-0.392185
1.81826e-09	-0.392237
1.81832e-09	-0.39229
1.81838e-09	-0.392342
1.81845e-09	-0.392395
1.81851e-09	-0.392447
1.81858e-09	-0.392499
1.81864e-09	-0.392551
1.8187e-09	-0.392603
1.81877e-09	-0.392654
1.81883e-09	-0.392706
1.8189e-09	-0.392757
1.81896e-09	-0.392809
1.81902e-09	-0.39286
1.81909e-09	-0.392911
1.81915e-09	-0.392962
1.81922e-09	-0.393013
1.81928e-09	-0.393063
1.81934e-09	-0.393114
1.81941e-09	-0.393165
1.81947e-09	-0.393215
1.81954e-09	-0.393265
1.8196e-09	-0.393315
1.81966e-09	-0.393365
1.81973e-09	-0.393415
1.81979e-09	-0.393465
1.81986e-09	-0.393515
1.81992e-09	-0.393564
1.81998e-09	-0.393614
1.82005e-09	-0.393663
1.82011e-09	-0.393712
1.82018e-09	-0.393761
1.82024e-09	-0.39381
1.8203e-09	-0.393859
1.82037e-09	-0.393908
1.82043e-09	-0.393956
1.8205e-09	-0.394005
1.82056e-09	-0.394053
1.82062e-09	-0.394102
1.82069e-09	-0.39415
1.82075e-09	-0.394198
1.82082e-09	-0.394246
1.82088e-09	-0.394293
1.82094e-09	-0.394341
1.82101e-09	-0.394389
1.82107e-09	-0.394436
1.82114e-09	-0.394483
1.8212e-09	-0.394531
1.82126e-09	-0.394578
1.82133e-09	-0.394625
1.82139e-09	-0.394671
1.82146e-09	-0.394718
1.82152e-09	-0.394765
1.82158e-09	-0.394811
1.82165e-09	-0.394858
1.82171e-09	-0.394904
1.82178e-09	-0.39495
1.82184e-09	-0.394996
1.8219e-09	-0.395042
1.82197e-09	-0.395088
1.82203e-09	-0.395134
1.8221e-09	-0.395179
1.82216e-09	-0.395225
1.82222e-09	-0.39527
1.82229e-09	-0.395315
1.82235e-09	-0.39536
1.82242e-09	-0.395405
1.82248e-09	-0.39545
1.82254e-09	-0.395495
1.82261e-09	-0.395539
1.82267e-09	-0.395584
1.82274e-09	-0.395628
1.8228e-09	-0.395673
1.82286e-09	-0.395717
1.82293e-09	-0.395761
1.82299e-09	-0.395805
1.82306e-09	-0.395849
1.82312e-09	-0.395892
1.82318e-09	-0.395936
1.82325e-09	-0.395979
1.82331e-09	-0.396023
1.82338e-09	-0.396066
1.82344e-09	-0.396109
1.8235e-09	-0.396152
1.82357e-09	-0.396195
1.82363e-09	-0.396238
1.8237e-09	-0.39628
1.82376e-09	-0.396323
1.82382e-09	-0.396365
1.82389e-09	-0.396407
1.82395e-09	-0.39645
1.82402e-09	-0.396492
1.82408e-09	-0.396534
1.82414e-09	-0.396575
1.82421e-09	-0.396617
1.82427e-09	-0.396659
1.82434e-09	-0.3967
1.8244e-09	-0.396742
1.82446e-09	-0.396783
1.82453e-09	-0.396824
1.82459e-09	-0.396865
1.82466e-09	-0.396906
1.82472e-09	-0.396947
1.82478e-09	-0.396987
1.82485e-09	-0.397028
1.82491e-09	-0.397068
1.82498e-09	-0.397109
1.82504e-09	-0.397149
1.8251e-09	-0.397189
1.82517e-09	-0.397229
1.82523e-09	-0.397269
1.8253e-09	-0.397309
1.82536e-09	-0.397348
1.82543e-09	-0.397388
1.82549e-09	-0.397427
1.82555e-09	-0.397467
1.82562e-09	-0.397506
1.82568e-09	-0.397545
1.82575e-09	-0.397584
1.82581e-09	-0.397622
1.82587e-09	-0.397661
1.82594e-09	-0.3977
1.826e-09	-0.397738
1.82607e-09	-0.397777
1.82613e-09	-0.397815
1.82619e-09	-0.397853
1.82626e-09	-0.397891
1.82632e-09	-0.397929
1.82639e-09	-0.397967
1.82645e-09	-0.398004
1.82651e-09	-0.398042
1.82658e-09	-0.398079
1.82664e-09	-0.398117
1.82671e-09	-0.398154
1.82677e-09	-0.398191
1.82683e-09	-0.398228
1.8269e-09	-0.398265
1.82696e-09	-0.398302
1.82703e-09	-0.398338
1.82709e-09	-0.398375
1.82715e-09	-0.398411
1.82722e-09	-0.398448
1.82728e-09	-0.398484
1.82735e-09	-0.39852
1.82741e-09	-0.398556
1.82747e-09	-0.398592
1.82754e-09	-0.398627
1.8276e-09	-0.398663
1.82767e-09	-0.398699
1.82773e-09	-0.398734
1.82779e-09	-0.398769
1.82786e-09	-0.398804
1.82792e-09	-0.398839
1.82799e-09	-0.398874
1.82805e-09	-0.398909
1.82811e-09	-0.398944
1.82818e-09	-0.398978
1.82824e-09	-0.399013
1.82831e-09	-0.399047
1.82837e-09	-0.399082
1.82843e-09	-0.399116
1.8285e-09	-0.39915
1.82856e-09	-0.399184
1.82863e-09	-0.399217
1.82869e-09	-0.399251
1.82875e-09	-0.399285
1.82882e-09	-0.399318
1.82888e-09	-0.399351
1.82895e-09	-0.399385
1.82901e-09	-0.399418
1.82907e-09	-0.399451
1.82914e-09	-0.399484
1.8292e-09	-0.399516
1.82927e-09	-0.399549
1.82933e-09	-0.399582
1.82939e-09	-0.399614
1.82946e-09	-0.399646
1.82952e-09	-0.399679
1.82959e-09	-0.399711
1.82965e-09	-0.399743
1.82971e-09	-0.399775
1.82978e-09	-0.399806
1.82984e-09	-0.399838
1.82991e-09	-0.399869
1.82997e-09	-0.399901
1.83003e-09	-0.399932
1.8301e-09	-0.399963
1.83016e-09	-0.399994
1.83023e-09	-0.400025
1.83029e-09	-0.400056
1.83035e-09	-0.400087
1.83042e-09	-0.400118
1.83048e-09	-0.400148
1.83055e-09	-0.400178
1.83061e-09	-0.400209
1.83067e-09	-0.400239
1.83074e-09	-0.400269
1.8308e-09	-0.400299
1.83087e-09	-0.400329
1.83093e-09	-0.400358
1.83099e-09	-0.400388
1.83106e-09	-0.400418
1.83112e-09	-0.400447
1.83119e-09	-0.400476
1.83125e-09	-0.400505
1.83131e-09	-0.400534
1.83138e-09	-0.400563
1.83144e-09	-0.400592
1.83151e-09	-0.400621
1.83157e-09	-0.40065
1.83163e-09	-0.400678
1.8317e-09	-0.400706
1.83176e-09	-0.400735
1.83183e-09	-0.400763
1.83189e-09	-0.400791
1.83195e-09	-0.400819
1.83202e-09	-0.400847
1.83208e-09	-0.400874
1.83215e-09	-0.400902
1.83221e-09	-0.400929
1.83227e-09	-0.400957
1.83234e-09	-0.400984
1.8324e-09	-0.401011
1.83247e-09	-0.401038
1.83253e-09	-0.401065
1.83259e-09	-0.401092
1.83266e-09	-0.401119
1.83272e-09	-0.401145
1.83279e-09	-0.401172
1.83285e-09	-0.401198
1.83291e-09	-0.401224
1.83298e-09	-0.40125
1.83304e-09	-0.401276
1.83311e-09	-0.401302
1.83317e-09	-0.401328
1.83323e-09	-0.401354
1.8333e-09	-0.401379
1.83336e-09	-0.401405
1.83343e-09	-0.40143
1.83349e-09	-0.401455
1.83355e-09	-0.401481
1.83362e-09	-0.401506
1.83368e-09	-0.401531
1.83375e-09	-0.401555
1.83381e-09	-0.40158
1.83387e-09	-0.401605
1.83394e-09	-0.401629
1.834e-09	-0.401653
1.83407e-09	-0.401678
1.83413e-09	-0.401702
1.83419e-09	-0.401726
1.83426e-09	-0.40175
1.83432e-09	-0.401774
1.83439e-09	-0.401797
1.83445e-09	-0.401821
1.83451e-09	-0.401844
1.83458e-09	-0.401868
1.83464e-09	-0.401891
1.83471e-09	-0.401914
1.83477e-09	-0.401937
1.83483e-09	-0.40196
1.8349e-09	-0.401983
1.83496e-09	-0.402006
1.83503e-09	-0.402028
1.83509e-09	-0.402051
1.83515e-09	-0.402073
1.83522e-09	-0.402095
1.83528e-09	-0.402117
1.83535e-09	-0.40214
1.83541e-09	-0.402161
1.83547e-09	-0.402183
1.83554e-09	-0.402205
1.8356e-09	-0.402227
1.83567e-09	-0.402248
1.83573e-09	-0.402269
1.83579e-09	-0.402291
1.83586e-09	-0.402312
1.83592e-09	-0.402333
1.83599e-09	-0.402354
1.83605e-09	-0.402375
1.83611e-09	-0.402395
1.83618e-09	-0.402416
1.83624e-09	-0.402437
1.83631e-09	-0.402457
1.83637e-09	-0.402477
1.83643e-09	-0.402497
1.8365e-09	-0.402518
1.83656e-09	-0.402537
1.83663e-09	-0.402557
1.83669e-09	-0.402577
1.83675e-09	-0.402597
1.83682e-09	-0.402616
1.83688e-09	-0.402636
1.83695e-09	-0.402655
1.83701e-09	-0.402674
1.83707e-09	-0.402693
1.83714e-09	-0.402712
1.8372e-09	-0.402731
1.83727e-09	-0.40275
1.83733e-09	-0.402768
1.83739e-09	-0.402787
1.83746e-09	-0.402805
1.83752e-09	-0.402824
1.83759e-09	-0.402842
1.83765e-09	-0.40286
1.83771e-09	-0.402878
1.83778e-09	-0.402896
1.83784e-09	-0.402914
1.83791e-09	-0.402931
1.83797e-09	-0.402949
1.83803e-09	-0.402966
1.8381e-09	-0.402984
1.83816e-09	-0.403001
1.83823e-09	-0.403018
1.83829e-09	-0.403035
1.83835e-09	-0.403052
1.83842e-09	-0.403069
1.83848e-09	-0.403086
1.83855e-09	-0.403102
1.83861e-09	-0.403119
1.83867e-09	-0.403135
1.83874e-09	-0.403151
1.8388e-09	-0.403167
1.83887e-09	-0.403183
1.83893e-09	-0.403199
1.83899e-09	-0.403215
1.83906e-09	-0.403231
1.83912e-09	-0.403247
1.83919e-09	-0.403262
1.83925e-09	-0.403277
1.83931e-09	-0.403293
1.83938e-09	-0.403308
1.83944e-09	-0.403323
1.83951e-09	-0.403338
1.83957e-09	-0.403353
1.83963e-09	-0.403368
1.8397e-09	-0.403382
1.83976e-09	-0.403397
1.83983e-09	-0.403411
1.83989e-09	-0.403425
1.83995e-09	-0.40344
1.84002e-09	-0.403454
1.84008e-09	-0.403468
1.84015e-09	-0.403482
1.84021e-09	-0.403495
1.84027e-09	-0.403509
1.84034e-09	-0.403523
1.8404e-09	-0.403536
1.84047e-09	-0.40355
1.84053e-09	-0.403563
1.84059e-09	-0.403576
1.84066e-09	-0.403589
1.84072e-09	-0.403602
1.84079e-09	-0.403615
1.84085e-09	-0.403627
1.84091e-09	-0.40364
1.84098e-09	-0.403653
1.84104e-09	-0.403665
1.84111e-09	-0.403677
1.84117e-09	-0.403689
1.84123e-09	-0.403701
1.8413e-09	-0.403713
1.84136e-09	-0.403725
1.84143e-09	-0.403737
1.84149e-09	-0.403749
1.84155e-09	-0.40376
1.84162e-09	-0.403772
1.84168e-09	-0.403783
1.84175e-09	-0.403794
1.84181e-09	-0.403805
1.84187e-09	-0.403816
1.84194e-09	-0.403827
1.842e-09	-0.403838
1.84207e-09	-0.403849
1.84213e-09	-0.403859
1.84219e-09	-0.40387
1.84226e-09	-0.40388
1.84232e-09	-0.40389
1.84239e-09	-0.403901
1.84245e-09	-0.403911
1.84251e-09	-0.403921
1.84258e-09	-0.40393
1.84264e-09	-0.40394
1.84271e-09	-0.40395
1.84277e-09	-0.403959
1.84284e-09	-0.403969
1.8429e-09	-0.403978
1.84296e-09	-0.403987
1.84303e-09	-0.403996
1.84309e-09	-0.404005
1.84316e-09	-0.404014
1.84322e-09	-0.404023
1.84328e-09	-0.404032
1.84335e-09	-0.40404
1.84341e-09	-0.404049
1.84348e-09	-0.404057
1.84354e-09	-0.404065
1.8436e-09	-0.404074
1.84367e-09	-0.404082
1.84373e-09	-0.40409
1.8438e-09	-0.404097
1.84386e-09	-0.404105
1.84392e-09	-0.404113
1.84399e-09	-0.40412
1.84405e-09	-0.404128
1.84412e-09	-0.404135
1.84418e-09	-0.404142
1.84424e-09	-0.404149
1.84431e-09	-0.404156
1.84437e-09	-0.404163
1.84444e-09	-0.40417
1.8445e-09	-0.404177
1.84456e-09	-0.404183
1.84463e-09	-0.40419
1.84469e-09	-0.404196
1.84476e-09	-0.404202
1.84482e-09	-0.404209
1.84488e-09	-0.404215
1.84495e-09	-0.404221
1.84501e-09	-0.404227
1.84508e-09	-0.404232
1.84514e-09	-0.404238
1.8452e-09	-0.404243
1.84527e-09	-0.404249
1.84533e-09	-0.404254
1.8454e-09	-0.404259
1.84546e-09	-0.404265
1.84552e-09	-0.40427
1.84559e-09	-0.404274
1.84565e-09	-0.404279
1.84572e-09	-0.404284
1.84578e-09	-0.404289
1.84584e-09	-0.404293
1.84591e-09	-0.404298
1.84597e-09	-0.404302
1.84604e-09	-0.404306
1.8461e-09	-0.40431
1.84616e-09	-0.404314
1.84623e-09	-0.404318
1.84629e-09	-0.404322
1.84636e-09	-0.404325
1.84642e-09	-0.404329
1.84648e-09	-0.404332
1.84655e-09	-0.404336
1.84661e-09	-0.404339
1.84668e-09	-0.404342
1.84674e-09	-0.404345
1.8468e-09	-0.404348
1.84687e-09	-0.404351
1.84693e-09	-0.404354
1.847e-09	-0.404356
1.84706e-09	-0.404359
1.84712e-09	-0.404361
1.84719e-09	-0.404364
1.84725e-09	-0.404366
1.84732e-09	-0.404368
1.84738e-09	-0.40437
1.84744e-09	-0.404372
1.84751e-09	-0.404374
1.84757e-09	-0.404375
1.84764e-09	-0.404377
1.8477e-09	-0.404379
1.84776e-09	-0.40438
1.84783e-09	-0.404381
1.84789e-09	-0.404382
1.84796e-09	-0.404384
1.84802e-09	-0.404385
1.84808e-09	-0.404385
1.84815e-09	-0.404386
1.84821e-09	-0.404387
1.84828e-09	-0.404388
1.84834e-09	-0.404388
1.8484e-09	-0.404388
1.84847e-09	-0.404389
1.84853e-09	-0.404389
1.8486e-09	-0.404389
1.84866e-09	-0.404389
1.84872e-09	-0.404389
1.84879e-09	-0.404388
1.84885e-09	-0.404388
1.84892e-09	-0.404388
1.84898e-09	-0.404387
1.84904e-09	-0.404387
1.84911e-09	-0.404386
1.84917e-09	-0.404385
1.84924e-09	-0.404384
1.8493e-09	-0.404383
1.84936e-09	-0.404382
1.84943e-09	-0.404381
1.84949e-09	-0.404379
1.84956e-09	-0.404378
1.84962e-09	-0.404376
1.84968e-09	-0.404375
1.84975e-09	-0.404373
1.84981e-09	-0.404371
1.84988e-09	-0.404369
1.84994e-09	-0.404367
1.85e-09	-0.404365
1.85007e-09	-0.404362
1.85013e-09	-0.40436
1.8502e-09	-0.404358
1.85026e-09	-0.404355
1.85032e-09	-0.404352
1.85039e-09	-0.40435
1.85045e-09	-0.404347
1.85052e-09	-0.404344
1.85058e-09	-0.404341
1.85064e-09	-0.404338
1.85071e-09	-0.404334
1.85077e-09	-0.404331
1.85084e-09	-0.404327
1.8509e-09	-0.404324
1.85096e-09	-0.40432
1.85103e-09	-0.404316
1.85109e-09	-0.404313
1.85116e-09	-0.404309
1.85122e-09	-0.404304
1.85128e-09	-0.4043
1.85135e-09	-0.404296
1.85141e-09	-0.404292
1.85148e-09	-0.404287
1.85154e-09	-0.404283
1.8516e-09	-0.404278
1.85167e-09	-0.404273
1.85173e-09	-0.404268
1.8518e-09	-0.404263
1.85186e-09	-0.404258
1.85192e-09	-0.404253
1.85199e-09	-0.404248
1.85205e-09	-0.404242
1.85212e-09	-0.404237
1.85218e-09	-0.404231
1.85224e-09	-0.404226
1.85231e-09	-0.40422
1.85237e-09	-0.404214
1.85244e-09	-0.404208
1.8525e-09	-0.404202
1.85256e-09	-0.404196
1.85263e-09	-0.404189
1.85269e-09	-0.404183
1.85276e-09	-0.404177
1.85282e-09	-0.40417
1.85288e-09	-0.404163
1.85295e-09	-0.404157
1.85301e-09	-0.40415
1.85308e-09	-0.404143
1.85314e-09	-0.404136
1.8532e-09	-0.404128
1.85327e-09	-0.404121
1.85333e-09	-0.404114
1.8534e-09	-0.404106
1.85346e-09	-0.404099
1.85352e-09	-0.404091
1.85359e-09	-0.404083
1.85365e-09	-0.404076
1.85372e-09	-0.404068
1.85378e-09	-0.404059
1.85384e-09	-0.404051
1.85391e-09	-0.404043
1.85397e-09	-0.404035
1.85404e-09	-0.404026
1.8541e-09	-0.404018
1.85416e-09	-0.404009
1.85423e-09	-0.404
1.85429e-09	-0.403991
1.85436e-09	-0.403983
1.85442e-09	-0.403973
1.85448e-09	-0.403964
1.85455e-09	-0.403955
1.85461e-09	-0.403946
1.85468e-09	-0.403936
1.85474e-09	-0.403927
1.8548e-09	-0.403917
1.85487e-09	-0.403907
1.85493e-09	-0.403898
1.855e-09	-0.403888
1.85506e-09	-0.403878
1.85512e-09	-0.403868
1.85519e-09	-0.403857
1.85525e-09	-0.403847
1.85532e-09	-0.403837
1.85538e-09	-0.403826
1.85544e-09	-0.403815
1.85551e-09	-0.403805
1.85557e-09	-0.403794
1.85564e-09	-0.403783
1.8557e-09	-0.403772
1.85576e-09	-0.403761
1.85583e-09	-0.40375
1.85589e-09	-0.403738
1.85596e-09	-0.403727
1.85602e-09	-0.403716
1.85608e-09	-0.403704
1.85615e-09	-0.403692
1.85621e-09	-0.403681
1.85628e-09	-0.403669
1.85634e-09	-0.403657
1.8564e-09	-0.403645
1.85647e-09	-0.403632
1.85653e-09	-0.40362
1.8566e-09	-0.403608
1.85666e-09	-0.403595
1.85672e-09	-0.403583
1.85679e-09	-0.40357
1.85685e-09	-0.403557
1.85692e-09	-0.403545
1.85698e-09	-0.403532
1.85704e-09	-0.403519
1.85711e-09	-0.403506
1.85717e-09	-0.403492
1.85724e-09	-0.403479
1.8573e-09	-0.403466
1.85736e-09	-0.403452
1.85743e-09	-0.403438
1.85749e-09	-0.403425
1.85756e-09	-0.403411
1.85762e-09	-0.403397
1.85768e-09	-0.403383
1.85775e-09	-0.403369
1.85781e-09	-0.403355
1.85788e-09	-0.40334
1.85794e-09	-0.403326
1.858e-09	-0.403312
1.85807e-09	-0.403297
1.85813e-09	-0.403282
1.8582e-09	-0.403268
1.85826e-09	-0.403253
1.85832e-09	-0.403238
1.85839e-09	-0.403223
1.85845e-09	-0.403208
1.85852e-09	-0.403192
1.85858e-09	-0.403177
1.85864e-09	-0.403161
1.85871e-09	-0.403146
1.85877e-09	-0.40313
1.85884e-09	-0.403115
1.8589e-09	-0.403099
1.85896e-09	-0.403083
1.85903e-09	-0.403067
1.85909e-09	-0.403051
1.85916e-09	-0.403035
1.85922e-09	-0.403018
1.85928e-09	-0.403002
1.85935e-09	-0.402985
1.85941e-09	-0.402969
1.85948e-09	-0.402952
1.85954e-09	-0.402935
1.8596e-09	-0.402919
1.85967e-09	-0.402902
1.85973e-09	-0.402885
1.8598e-09	-0.402867
1.85986e-09	-0.40285
1.85992e-09	-0.402833
1.85999e-09	-0.402815
1.86005e-09	-0.402798
1.86012e-09	-0.40278
1.86018e-09	-0.402763
1.86025e-09	-0.402745
1.86031e-09	-0.402727
1.86037e-09	-0.402709
1.86044e-09	-0.402691
1.8605e-09	-0.402673
1.86057e-09	-0.402654
1.86063e-09	-0.402636
1.86069e-09	-0.402617
1.86076e-09	-0.402599
1.86082e-09	-0.40258
1.86089e-09	-0.402561
1.86095e-09	-0.402543
1.86101e-09	-0.402524
1.86108e-09	-0.402505
1.86114e-09	-0.402486
1.86121e-09	-0.402466
1.86127e-09	-0.402447
1.86133e-09	-0.402428
1.8614e-09	-0.402408
1.86146e-09	-0.402389
1.86153e-09	-0.402369
1.86159e-09	-0.402349
1.86165e-09	-0.402329
1.86172e-09	-0.402309
1.86178e-09	-0.402289
1.86185e-09	-0.402269
1.86191e-09	-0.402249
1.86197e-09	-0.402228
1.86204e-09	-0.402208
1.8621e-09	-0.402188
1.86217e-09	-0.402167
1.86223e-09	-0.402146
1.86229e-09	-0.402125
1.86236e-09	-0.402104
1.86242e-09	-0.402084
1.86249e-09	-0.402062
1.86255e-09	-0.402041
1.86261e-09	-0.40202
1.86268e-09	-0.401999
1.86274e-09	-0.401977
1.86281e-09	-0.401956
1.86287e-09	-0.401934
1.86293e-09	-0.401912
1.863e-09	-0.40189
1.86306e-09	-0.401869
1.86313e-09	-0.401847
1.86319e-09	-0.401824
1.86325e-09	-0.401802
1.86332e-09	-0.40178
1.86338e-09	-0.401758
1.86345e-09	-0.401735
1.86351e-09	-0.401713
1.86357e-09	-0.40169
1.86364e-09	-0.401667
1.8637e-09	-0.401644
1.86377e-09	-0.401621
1.86383e-09	-0.401598
1.86389e-09	-0.401575
1.86396e-09	-0.401552
1.86402e-09	-0.401529
1.86409e-09	-0.401505
1.86415e-09	-0.401482
1.86421e-09	-0.401458
1.86428e-09	-0.401435
1.86434e-09	-0.401411
1.86441e-09	-0.401387
1.86447e-09	-0.401363
1.86453e-09	-0.401339
1.8646e-09	-0.401315
1.86466e-09	-0.401291
1.86473e-09	-0.401267
1.86479e-09	-0.401242
1.86485e-09	-0.401218
1.86492e-09	-0.401193
1.86498e-09	-0.401168
1.86505e-09	-0.401144
1.86511e-09	-0.401119
1.86517e-09	-0.401094
1.86524e-09	-0.401069
1.8653e-09	-0.401044
1.86537e-09	-0.401019
1.86543e-09	-0.400993
1.86549e-09	-0.400968
1.86556e-09	-0.400942
1.86562e-09	-0.400917
1.86569e-09	-0.400891
1.86575e-09	-0.400865
1.86581e-09	-0.40084
1.86588e-09	-0.400814
1.86594e-09	-0.400788
1.86601e-09	-0.400761
1.86607e-09	-0.400735
1.86613e-09	-0.400709
1.8662e-09	-0.400683
1.86626e-09	-0.400656
1.86633e-09	-0.40063
1.86639e-09	-0.400603
1.86645e-09	-0.400576
1.86652e-09	-0.400549
1.86658e-09	-0.400522
1.86665e-09	-0.400495
1.86671e-09	-0.400468
1.86677e-09	-0.400441
1.86684e-09	-0.400414
1.8669e-09	-0.400386
1.86697e-09	-0.400359
1.86703e-09	-0.400331
1.86709e-09	-0.400304
1.86716e-09	-0.400276
1.86722e-09	-0.400248
1.86729e-09	-0.40022
1.86735e-09	-0.400192
1.86741e-09	-0.400164
1.86748e-09	-0.400136
1.86754e-09	-0.400108
1.86761e-09	-0.400079
1.86767e-09	-0.400051
1.86773e-09	-0.400022
1.8678e-09	-0.399994
1.86786e-09	-0.399965
1.86793e-09	-0.399936
1.86799e-09	-0.399907
1.86805e-09	-0.399878
1.86812e-09	-0.399849
1.86818e-09	-0.39982
1.86825e-09	-0.399791
1.86831e-09	-0.399762
1.86837e-09	-0.399732
1.86844e-09	-0.399703
1.8685e-09	-0.399673
1.86857e-09	-0.399643
1.86863e-09	-0.399614
1.86869e-09	-0.399584
1.86876e-09	-0.399554
1.86882e-09	-0.399524
1.86889e-09	-0.399494
1.86895e-09	-0.399463
1.86901e-09	-0.399433
1.86908e-09	-0.399403
1.86914e-09	-0.399372
1.86921e-09	-0.399342
1.86927e-09	-0.399311
1.86933e-09	-0.39928
1.8694e-09	-0.399249
1.86946e-09	-0.399219
1.86953e-09	-0.399188
1.86959e-09	-0.399156
1.86965e-09	-0.399125
1.86972e-09	-0.399094
1.86978e-09	-0.399063
1.86985e-09	-0.399031
1.86991e-09	-0.399
1.86997e-09	-0.398968
1.87004e-09	-0.398936
1.8701e-09	-0.398905
1.87017e-09	-0.398873
1.87023e-09	-0.398841
1.87029e-09	-0.398809
1.87036e-09	-0.398777
1.87042e-09	-0.398744
1.87049e-09	-0.398712
1.87055e-09	-0.39868
1.87061e-09	-0.398647
1.87068e-09	-0.398614
1.87074e-09	-0.398582
1.87081e-09	-0.398549
1.87087e-09	-0.398516
1.87093e-09	-0.398483
1.871e-09	-0.39845
1.87106e-09	-0.398417
1.87113e-09	-0.398384
1.87119e-09	-0.398351
1.87125e-09	-0.398317
1.87132e-09	-0.398284
1.87138e-09	-0.39825
1.87145e-09	-0.398217
1.87151e-09	-0.398183
1.87157e-09	-0.398149
1.87164e-09	-0.398115
1.8717e-09	-0.398081
1.87177e-09	-0.398047
1.87183e-09	-0.398013
1.87189e-09	-0.397979
1.87196e-09	-0.397945
1.87202e-09	-0.39791
1.87209e-09	-0.397876
1.87215e-09	-0.397841
1.87221e-09	-0.397807
1.87228e-09	-0.397772
1.87234e-09	-0.397737
1.87241e-09	-0.397702
1.87247e-09	-0.397667
1.87253e-09	-0.397632
1.8726e-09	-0.397597
1.87266e-09	-0.397562
1.87273e-09	-0.397526
1.87279e-09	-0.397491
1.87285e-09	-0.397455
1.87292e-09	-0.39742
1.87298e-09	-0.397384
1.87305e-09	-0.397348
1.87311e-09	-0.397312
1.87317e-09	-0.397277
1.87324e-09	-0.39724
1.8733e-09	-0.397204
1.87337e-09	-0.397168
1.87343e-09	-0.397132
1.87349e-09	-0.397096
1.87356e-09	-0.397059
1.87362e-09	-0.397023
1.87369e-09	-0.396986
1.87375e-09	-0.396949
1.87381e-09	-0.396913
1.87388e-09	-0.396876
1.87394e-09	-0.396839
1.87401e-09	-0.396802
1.87407e-09	-0.396765
1.87413e-09	-0.396727
1.8742e-09	-0.39669
1.87426e-09	-0.396653
1.87433e-09	-0.396615
1.87439e-09	-0.396578
1.87445e-09	-0.39654
1.87452e-09	-0.396502
1.87458e-09	-0.396465
1.87465e-09	-0.396427
1.87471e-09	-0.396389
1.87477e-09	-0.396351
1.87484e-09	-0.396313
1.8749e-09	-0.396274
1.87497e-09	-0.396236
1.87503e-09	-0.396198
1.87509e-09	-0.396159
1.87516e-09	-0.396121
1.87522e-09	-0.396082
1.87529e-09	-0.396043
1.87535e-09	-0.396004
1.87541e-09	-0.395966
1.87548e-09	-0.395927
1.87554e-09	-0.395888
1.87561e-09	-0.395848
1.87567e-09	-0.395809
1.87573e-09	-0.39577
1.8758e-09	-0.395731
1.87586e-09	-0.395691
1.87593e-09	-0.395651
1.87599e-09	-0.395612
1.87605e-09	-0.395572
1.87612e-09	-0.395532
1.87618e-09	-0.395492
1.87625e-09	-0.395452
1.87631e-09	-0.395412
1.87637e-09	-0.395372
1.87644e-09	-0.395332
1.8765e-09	-0.395292
1.87657e-09	-0.395251
1.87663e-09	-0.395211
1.87669e-09	-0.39517
1.87676e-09	-0.39513
1.87682e-09	-0.395089
1.87689e-09	-0.395048
1.87695e-09	-0.395007
1.87701e-09	-0.394966
1.87708e-09	-0.394925
1.87714e-09	-0.394884
1.87721e-09	-0.394843
1.87727e-09	-0.394802
1.87733e-09	-0.39476
1.8774e-09	-0.394719
1.87746e-09	-0.394678
1.87753e-09	-0.394636
1.87759e-09	-0.394594
1.87765e-09	-0.394552
1.87772e-09	-0.394511
1.87778e-09	-0.394469
1.87785e-09	-0.394427
1.87791e-09	-0.394385
1.87798e-09	-0.394342
1.87804e-09	-0.3943
1.8781e-09	-0.394258
1.87817e-09	-0.394215
1.87823e-09	-0.394173
1.8783e-09	-0.39413
1.87836e-09	-0.394088
1.87842e-09	-0.394045
1.87849e-09	-0.394002
1.87855e-09	-0.393959
1.87862e-09	-0.393916
1.87868e-09	-0.393873
1.87874e-09	-0.39383
1.87881e-09	-0.393787
1.87887e-09	-0.393743
1.87894e-09	-0.3937
1.879e-09	-0.393656
1.87906e-09	-0.393613
1.87913e-09	-0.393569
1.87919e-09	-0.393525
1.87926e-09	-0.393482
1.87932e-09	-0.393438
1.87938e-09	-0.393394
1.87945e-09	-0.39335
1.87951e-09	-0.393306
1.87958e-09	-0.393261
1.87964e-09	-0.393217
1.8797e-09	-0.393173
1.87977e-09	-0.393128
1.87983e-09	-0.393084
1.8799e-09	-0.393039
1.87996e-09	-0.392994
1.88002e-09	-0.39295
1.88009e-09	-0.392905
1.88015e-09	-0.39286
1.88022e-09	-0.392815
1.88028e-09	-0.39277
1.88034e-09	-0.392725
1.88041e-09	-0.392679
1.88047e-09	-0.392634
1.88054e-09	-0.392589
1.8806e-09	-0.392543
1.88066e-09	-0.392498
1.88073e-09	-0.392452
1.88079e-09	-0.392406
1.88086e-09	-0.39236
1.88092e-09	-0.392315
1.88098e-09	-0.392269
1.88105e-09	-0.392223
1.88111e-09	-0.392176
1.88118e-09	-0.39213
1.88124e-09	-0.392084
1.8813e-09	-0.392038
1.88137e-09	-0.391991
1.88143e-09	-0.391945
1.8815e-09	-0.391898
1.88156e-09	-0.391851
1.88162e-09	-0.391805
1.88169e-09	-0.391758
1.88175e-09	-0.391711
1.88182e-09	-0.391664
1.88188e-09	-0.391617
1.88194e-09	-0.39157
1.88201e-09	-0.391522
1.88207e-09	-0.391475
1.88214e-09	-0.391428
1.8822e-09	-0.39138
1.88226e-09	-0.391333
1.88233e-09	-0.391285
1.88239e-09	-0.391237
1.88246e-09	-0.39119
1.88252e-09	-0.391142
1.88258e-09	-0.391094
1.88265e-09	-0.391046
1.88271e-09	-0.390998
1.88278e-09	-0.39095
1.88284e-09	-0.390901
1.8829e-09	-0.390853
1.88297e-09	-0.390805
1.88303e-09	-0.390756
1.8831e-09	-0.390708
1.88316e-09	-0.390659
1.88322e-09	-0.39061
1.88329e-09	-0.390562
1.88335e-09	-0.390513
1.88342e-09	-0.390464
1.88348e-09	-0.390415
1.88354e-09	-0.390366
1.88361e-09	-0.390316
1.88367e-09	-0.390267
1.88374e-09	-0.390218
1.8838e-09	-0.390168
1.88386e-09	-0.390119
1.88393e-09	-0.390069
1.88399e-09	-0.39002
1.88406e-09	-0.38997
1.88412e-09	-0.38992
1.88418e-09	-0.38987
1.88425e-09	-0.38982
1.88431e-09	-0.38977
1.88438e-09	-0.38972
1.88444e-09	-0.38967
1.8845e-09	-0.38962
1.88457e-09	-0.38957
1.88463e-09	-0.389519
1.8847e-09	-0.389469
1.88476e-09	-0.389418
1.88482e-09	-0.389368
1.88489e-09	-0.389317
1.88495e-09	-0.389266
1.88502e-09	-0.389215
1.88508e-09	-0.389164
1.88514e-09	-0.389113
1.88521e-09	-0.389062
1.88527e-09	-0.389011
1.88534e-09	-0.38896
1.8854e-09	-0.388908
1.88546e-09	-0.388857
1.88553e-09	-0.388806
1.88559e-09	-0.388754
1.88566e-09	-0.388702
1.88572e-09	-0.388651
1.88578e-09	-0.388599
1.88585e-09	-0.388547
1.88591e-09	-0.388495
1.88598e-09	-0.388443
1.88604e-09	-0.388391
1.8861e-09	-0.388339
1.88617e-09	-0.388287
1.88623e-09	-0.388234
1.8863e-09	-0.388182
1.88636e-09	-0.38813
1.88642e-09	-0.388077
1.88649e-09	-0.388024
1.88655e-09	-0.387972
1.88662e-09	-0.387919
1.88668e-09	-0.387866
1.88674e-09	-0.387813
1.88681e-09	-0.38776
1.88687e-09	-0.387707
1.88694e-09	-0.387654
1.887e-09	-0.387601
1.88706e-09	-0.387548
1.88713e-09	-0.387494
1.88719e-09	-0.387441
1.88726e-09	-0.387387
1.88732e-09	-0.387334
1.88738e-09	-0.38728
1.88745e-09	-0.387226
1.88751e-09	-0.387173
1.88758e-09	-0.387119
1.88764e-09	-0.387065
1.8877e-09	-0.387011
1.88777e-09	-0.386957
1.88783e-09	-0.386903
1.8879e-09	-0.386848
1.88796e-09	-0.386794
1.88802e-09	-0.38674
1.88809e-09	-0.386685
1.88815e-09	-0.386631
1.88822e-09	-0.386576
1.88828e-09	-0.386521
1.88834e-09	-0.386467
1.88841e-09	-0.386412
1.88847e-09	-0.386357
1.88854e-09	-0.386302
1.8886e-09	-0.386247
1.88866e-09	-0.386192
1.88873e-09	-0.386136
1.88879e-09	-0.386081
1.88886e-09	-0.386026
1.88892e-09	-0.38597
1.88898e-09	-0.385915
1.88905e-09	-0.385859
1.88911e-09	-0.385804
1.88918e-09	-0.385748
1.88924e-09	-0.385692
1.8893e-09	-0.385636
1.88937e-09	-0.38558
1.88943e-09	-0.385524
1.8895e-09	-0.385468
1.88956e-09	-0.385412
1.88962e-09	-0.385356
1.88969e-09	-0.3853
1.88975e-09	-0.385243
1.88982e-09	-0.385187
1.88988e-09	-0.38513
1.88994e-09	-0.385074
1.89001e-09	-0.385017
1.89007e-09	-0.38496
1.89014e-09	-0.384904
1.8902e-09	-0.384847
1.89026e-09	-0.38479
1.89033e-09	-0.384733
1.89039e-09	-0.384676
1.89046e-09	-0.384618
1.89052e-09	-0.384561
1.89058e-09	-0.384504
1.89065e-09	-0.384447
1.89071e-09	-0.384389
1.89078e-09	-0.384332
1.89084e-09	-0.384274
1.8909e-09	-0.384216
1.89097e-09	-0.384159
1.89103e-09	-0.384101
1.8911e-09	-0.384043
1.89116e-09	-0.383985
1.89122e-09	-0.383927
1.89129e-09	-0.383869
1.89135e-09	-0.383811
1.89142e-09	-0.383752
1.89148e-09	-0.383694
1.89154e-09	-0.383636
1.89161e-09	-0.383577
1.89167e-09	-0.383519
1.89174e-09	-0.38346
1.8918e-09	-0.383401
1.89186e-09	-0.383343
1.89193e-09	-0.383284
1.89199e-09	-0.383225
1.89206e-09	-0.383166
1.89212e-09	-0.383107
1.89218e-09	-0.383048
1.89225e-09	-0.382989
1.89231e-09	-0.38293
1.89238e-09	-0.38287
1.89244e-09	-0.382811
1.8925e-09	-0.382751
1.89257e-09	-0.382692
1.89263e-09	-0.382632
1.8927e-09	-0.382573
1.89276e-09	-0.382513
1.89282e-09	-0.382453
1.89289e-09	-0.382393
1.89295e-09	-0.382333
1.89302e-09	-0.382273
1.89308e-09	-0.382213
1.89314e-09	-0.382153
1.89321e-09	-0.382093
1.89327e-09	-0.382033
1.89334e-09	-0.381972
1.8934e-09	-0.381912
1.89346e-09	-0.381851
1.89353e-09	-0.381791
1.89359e-09	-0.38173
1.89366e-09	-0.381669
1.89372e-09	-0.381609
1.89378e-09	-0.381548
1.89385e-09	-0.381487
1.89391e-09	-0.381426
1.89398e-09	-0.381365
1.89404e-09	-0.381304
1.8941e-09	-0.381242
1.89417e-09	-0.381181
1.89423e-09	-0.38112
1.8943e-09	-0.381058
1.89436e-09	-0.380997
1.89442e-09	-0.380935
1.89449e-09	-0.380874
1.89455e-09	-0.380812
1.89462e-09	-0.38075
1.89468e-09	-0.380689
1.89474e-09	-0.380627
1.89481e-09	-0.380565
1.89487e-09	-0.380503
1.89494e-09	-0.380441
1.895e-09	-0.380378
1.89506e-09	-0.380316
1.89513e-09	-0.380254
1.89519e-09	-0.380192
1.89526e-09	-0.380129
1.89532e-09	-0.380067
1.89539e-09	-0.380004
1.89545e-09	-0.379941
1.89551e-09	-0.379879
1.89558e-09	-0.379816
1.89564e-09	-0.379753
1.89571e-09	-0.37969
1.89577e-09	-0.379627
1.89583e-09	-0.379564
1.8959e-09	-0.379501
1.89596e-09	-0.379438
1.89603e-09	-0.379375
1.89609e-09	-0.379311
1.89615e-09	-0.379248
1.89622e-09	-0.379185
1.89628e-09	-0.379121
1.89635e-09	-0.379057
1.89641e-09	-0.378994
1.89647e-09	-0.37893
1.89654e-09	-0.378866
1.8966e-09	-0.378802
1.89667e-09	-0.378738
1.89673e-09	-0.378674
1.89679e-09	-0.37861
1.89686e-09	-0.378546
1.89692e-09	-0.378482
1.89699e-09	-0.378418
1.89705e-09	-0.378353
1.89711e-09	-0.378289
1.89718e-09	-0.378225
1.89724e-09	-0.37816
1.89731e-09	-0.378096
1.89737e-09	-0.378031
1.89743e-09	-0.377966
1.8975e-09	-0.377901
1.89756e-09	-0.377836
1.89763e-09	-0.377772
1.89769e-09	-0.377707
1.89775e-09	-0.377641
1.89782e-09	-0.377576
1.89788e-09	-0.377511
1.89795e-09	-0.377446
1.89801e-09	-0.377381
1.89807e-09	-0.377315
1.89814e-09	-0.37725
1.8982e-09	-0.377184
1.89827e-09	-0.377119
1.89833e-09	-0.377053
1.89839e-09	-0.376987
1.89846e-09	-0.376921
1.89852e-09	-0.376856
1.89859e-09	-0.37679
1.89865e-09	-0.376724
1.89871e-09	-0.376658
1.89878e-09	-0.376592
1.89884e-09	-0.376525
1.89891e-09	-0.376459
1.89897e-09	-0.376393
1.89903e-09	-0.376326
1.8991e-09	-0.37626
1.89916e-09	-0.376193
1.89923e-09	-0.376127
1.89929e-09	-0.37606
1.89935e-09	-0.375993
1.89942e-09	-0.375927
1.89948e-09	-0.37586
1.89955e-09	-0.375793
1.89961e-09	-0.375726
1.89967e-09	-0.375659
1.89974e-09	-0.375592
1.8998e-09	-0.375525
1.89987e-09	-0.375457
1.89993e-09	-0.37539
1.89999e-09	-0.375323
1.90006e-09	-0.375255
1.90012e-09	-0.375188
1.90019e-09	-0.37512
1.90025e-09	-0.375053
1.90031e-09	-0.374985
1.90038e-09	-0.374917
1.90044e-09	-0.37485
1.90051e-09	-0.374782
1.90057e-09	-0.374714
1.90063e-09	-0.374646
1.9007e-09	-0.374578
1.90076e-09	-0.37451
1.90083e-09	-0.374441
1.90089e-09	-0.374373
1.90095e-09	-0.374305
1.90102e-09	-0.374236
1.90108e-09	-0.374168
1.90115e-09	-0.374099
1.90121e-09	-0.374031
1.90127e-09	-0.373962
1.90134e-09	-0.373893
1.9014e-09	-0.373825
1.90147e-09	-0.373756
1.90153e-09	-0.373687
1.90159e-09	-0.373618
1.90166e-09	-0.373549
1.90172e-09	-0.37348
1.90179e-09	-0.373411
1.90185e-09	-0.373342
1.90191e-09	-0.373272
1.90198e-09	-0.373203
1.90204e-09	-0.373134
1.90211e-09	-0.373064
1.90217e-09	-0.372995
1.90223e-09	-0.372925
1.9023e-09	-0.372855
1.90236e-09	-0.372786
1.90243e-09	-0.372716
1.90249e-09	-0.372646
1.90255e-09	-0.372576
1.90262e-09	-0.372506
1.90268e-09	-0.372436
1.90275e-09	-0.372366
1.90281e-09	-0.372296
1.90287e-09	-0.372226
1.90294e-09	-0.372155
1.903e-09	-0.372085
1.90307e-09	-0.372015
1.90313e-09	-0.371944
1.90319e-09	-0.371874
1.90326e-09	-0.371803
1.90332e-09	-0.371732
1.90339e-09	-0.371662
1.90345e-09	-0.371591
1.90351e-09	-0.37152
1.90358e-09	-0.371449
1.90364e-09	-0.371378
1.90371e-09	-0.371307
1.90377e-09	-0.371236
1.90383e-09	-0.371165
1.9039e-09	-0.371094
1.90396e-09	-0.371022
1.90403e-09	-0.370951
1.90409e-09	-0.37088
1.90415e-09	-0.370808
1.90422e-09	-0.370737
1.90428e-09	-0.370665
1.90435e-09	-0.370593
1.90441e-09	-0.370522
1.90447e-09	-0.37045
1.90454e-09	-0.370378
1.9046e-09	-0.370306
1.90467e-09	-0.370234
1.90473e-09	-0.370162
1.90479e-09	-0.37009
1.90486e-09	-0.370018
1.90492e-09	-0.369946
1.90499e-09	-0.369874
1.90505e-09	-0.369801
1.90511e-09	-0.369729
1.90518e-09	-0.369657
1.90524e-09	-0.369584
1.90531e-09	-0.369512
1.90537e-09	-0.369439
1.90543e-09	-0.369366
1.9055e-09	-0.369293
1.90556e-09	-0.369221
1.90563e-09	-0.369148
1.90569e-09	-0.369075
1.90575e-09	-0.369002
1.90582e-09	-0.368929
1.90588e-09	-0.368856
1.90595e-09	-0.368783
1.90601e-09	-0.368709
1.90607e-09	-0.368636
1.90614e-09	-0.368563
1.9062e-09	-0.368489
1.90627e-09	-0.368416
1.90633e-09	-0.368342
1.90639e-09	-0.368269
1.90646e-09	-0.368195
1.90652e-09	-0.368122
1.90659e-09	-0.368048
1.90665e-09	-0.367974
1.90671e-09	-0.3679
1.90678e-09	-0.367826
1.90684e-09	-0.367752
1.90691e-09	-0.367678
1.90697e-09	-0.367604
1.90703e-09	-0.36753
1.9071e-09	-0.367456
1.90716e-09	-0.367381
1.90723e-09	-0.367307
1.90729e-09	-0.367233
1.90735e-09	-0.367158
1.90742e-09	-0.367083
1.90748e-09	-0.367009
1.90755e-09	-0.366934
1.90761e-09	-0.36686
1.90767e-09	-0.366785
1.90774e-09	-0.36671
1.9078e-09	-0.366635
1.90787e-09	-0.36656
1.90793e-09	-0.366485
1.90799e-09	-0.36641
1.90806e-09	-0.366335
1.90812e-09	-0.36626
1.90819e-09	-0.366185
1.90825e-09	-0.366109
1.90831e-09	-0.366034
1.90838e-09	-0.365959
1.90844e-09	-0.365883
1.90851e-09	-0.365808
1.90857e-09	-0.365732
1.90863e-09	-0.365656
1.9087e-09	-0.365581
1.90876e-09	-0.365505
1.90883e-09	-0.365429
1.90889e-09	-0.365353
1.90895e-09	-0.365277
1.90902e-09	-0.365201
1.90908e-09	-0.365125
1.90915e-09	-0.365049
1.90921e-09	-0.364973
1.90927e-09	-0.364897
1.90934e-09	-0.36482
1.9094e-09	-0.364744
1.90947e-09	-0.364668
1.90953e-09	-0.364591
1.90959e-09	-0.364515
1.90966e-09	-0.364438
1.90972e-09	-0.364362
1.90979e-09	-0.364285
1.90985e-09	-0.364208
1.90991e-09	-0.364131
1.90998e-09	-0.364055
1.91004e-09	-0.363978
1.91011e-09	-0.363901
1.91017e-09	-0.363824
1.91023e-09	-0.363747
1.9103e-09	-0.36367
1.91036e-09	-0.363592
1.91043e-09	-0.363515
1.91049e-09	-0.363438
1.91055e-09	-0.36336
1.91062e-09	-0.363283
1.91068e-09	-0.363206
1.91075e-09	-0.363128
1.91081e-09	-0.36305
1.91087e-09	-0.362973
1.91094e-09	-0.362895
1.911e-09	-0.362817
1.91107e-09	-0.36274
1.91113e-09	-0.362662
1.91119e-09	-0.362584
1.91126e-09	-0.362506
1.91132e-09	-0.362428
1.91139e-09	-0.36235
1.91145e-09	-0.362272
1.91151e-09	-0.362193
1.91158e-09	-0.362115
1.91164e-09	-0.362037
1.91171e-09	-0.361958
1.91177e-09	-0.36188
1.91183e-09	-0.361802
1.9119e-09	-0.361723
1.91196e-09	-0.361644
1.91203e-09	-0.361566
1.91209e-09	-0.361487
1.91215e-09	-0.361408
1.91222e-09	-0.36133
1.91228e-09	-0.361251
1.91235e-09	-0.361172
1.91241e-09	-0.361093
1.91247e-09	-0.361014
1.91254e-09	-0.360935
1.9126e-09	-0.360856
1.91267e-09	-0.360776
1.91273e-09	-0.360697
1.9128e-09	-0.360618
1.91286e-09	-0.360538
1.91292e-09	-0.360459
1.91299e-09	-0.36038
1.91305e-09	-0.3603
1.91312e-09	-0.36022
1.91318e-09	-0.360141
1.91324e-09	-0.360061
1.91331e-09	-0.359981
1.91337e-09	-0.359902
1.91344e-09	-0.359822
1.9135e-09	-0.359742
1.91356e-09	-0.359662
1.91363e-09	-0.359582
1.91369e-09	-0.359502
1.91376e-09	-0.359422
1.91382e-09	-0.359342
1.91388e-09	-0.359261
1.91395e-09	-0.359181
1.91401e-09	-0.359101
1.91408e-09	-0.35902
1.91414e-09	-0.35894
1.9142e-09	-0.358859
1.91427e-09	-0.358779
1.91433e-09	-0.358698
1.9144e-09	-0.358618
1.91446e-09	-0.358537
1.91452e-09	-0.358456
1.91459e-09	-0.358375
1.91465e-09	-0.358294
1.91472e-09	-0.358213
1.91478e-09	-0.358132
1.91484e-09	-0.358051
1.91491e-09	-0.35797
1.91497e-09	-0.357889
1.91504e-09	-0.357808
1.9151e-09	-0.357727
1.91516e-09	-0.357646
1.91523e-09	-0.357564
1.91529e-09	-0.357483
1.91536e-09	-0.357401
1.91542e-09	-0.35732
1.91548e-09	-0.357238
1.91555e-09	-0.357157
1.91561e-09	-0.357075
1.91568e-09	-0.356993
1.91574e-09	-0.356911
1.9158e-09	-0.35683
1.91587e-09	-0.356748
1.91593e-09	-0.356666
1.916e-09	-0.356584
1.91606e-09	-0.356502
1.91612e-09	-0.35642
1.91619e-09	-0.356338
1.91625e-09	-0.356255
1.91632e-09	-0.356173
1.91638e-09	-0.356091
1.91644e-09	-0.356009
1.91651e-09	-0.355926
1.91657e-09	-0.355844
1.91664e-09	-0.355761
1.9167e-09	-0.355679
1.91676e-09	-0.355596
1.91683e-09	-0.355513
1.91689e-09	-0.355431
1.91696e-09	-0.355348
1.91702e-09	-0.355265
1.91708e-09	-0.355182
1.91715e-09	-0.355099
1.91721e-09	-0.355016
1.91728e-09	-0.354933
1.91734e-09	-0.35485
1.9174e-09	-0.354767
1.91747e-09	-0.354684
1.91753e-09	-0.354601
1.9176e-09	-0.354518
1.91766e-09	-0.354434
1.91772e-09	-0.354351
1.91779e-09	-0.354267
1.91785e-09	-0.354184
1.91792e-09	-0.3541
1.91798e-09	-0.354017
1.91804e-09	-0.353933
1.91811e-09	-0.35385
1.91817e-09	-0.353766
1.91824e-09	-0.353682
1.9183e-09	-0.353598
1.91836e-09	-0.353514
1.91843e-09	-0.35343
1.91849e-09	-0.353346
1.91856e-09	-0.353262
1.91862e-09	-0.353178
1.91868e-09	-0.353094
1.91875e-09	-0.35301
1.91881e-09	-0.352926
1.91888e-09	-0.352842
1.91894e-09	-0.352757
1.919e-09	-0.352673
1.91907e-09	-0.352588
1.91913e-09	-0.352504
1.9192e-09	-0.352419
1.91926e-09	-0.352335
1.91932e-09	-0.35225
1.91939e-09	-0.352165
1.91945e-09	-0.352081
1.91952e-09	-0.351996
1.91958e-09	-0.351911
1.91964e-09	-0.351826
1.91971e-09	-0.351741
1.91977e-09	-0.351656
1.91984e-09	-0.351571
1.9199e-09	-0.351486
1.91996e-09	-0.351401
1.92003e-09	-0.351316
1.92009e-09	-0.351231
1.92016e-09	-0.351145
1.92022e-09	-0.35106
1.92028e-09	-0.350975
1.92035e-09	-0.350889
1.92041e-09	-0.350804
1.92048e-09	-0.350718
1.92054e-09	-0.350633
1.9206e-09	-0.350547
1.92067e-09	-0.350462
1.92073e-09	-0.350376
1.9208e-09	-0.35029
1.92086e-09	-0.350204
1.92092e-09	-0.350118
1.92099e-09	-0.350033
1.92105e-09	-0.349947
1.92112e-09	-0.349861
1.92118e-09	-0.349775
1.92124e-09	-0.349688
1.92131e-09	-0.349602
1.92137e-09	-0.349516
1.92144e-09	-0.34943
1.9215e-09	-0.349344
1.92156e-09	-0.349257
1.92163e-09	-0.349171
1.92169e-09	-0.349084
1.92176e-09	-0.348998
1.92182e-09	-0.348911
1.92188e-09	-0.348825
1.92195e-09	-0.348738
1.92201e-09	-0.348651
1.92208e-09	-0.348565
1.92214e-09	-0.348478
1.9222e-09	-0.348391
1.92227e-09	-0.348304
1.92233e-09	-0.348217
1.9224e-09	-0.34813
1.92246e-09	-0.348043
1.92252e-09	-0.347956
1.92259e-09	-0.347869
1.92265e-09	-0.347782
1.92272e-09	-0.347695
1.92278e-09	-0.347608
1.92284e-09	-0.34752
1.92291e-09	-0.347433
1.92297e-09	-0.347346
1.92304e-09	-0.347258
1.9231e-09	-0.347171
1.92316e-09	-0.347083
1.92323e-09	-0.346996
1.92329e-09	-0.346908
1.92336e-09	-0.34682
1.92342e-09	-0.346733
1.92348e-09	-0.346645
1.92355e-09	-0.346557
1.92361e-09	-0.346469
1.92368e-09	-0.346381
1.92374e-09	-0.346293
1.9238e-09	-0.346205
1.92387e-09	-0.346117
1.92393e-09	-0.346029
1.924e-09	-0.345941
1.92406e-09	-0.345853
1.92412e-09	-0.345765
1.92419e-09	-0.345677
1.92425e-09	-0.345588
1.92432e-09	-0.3455
1.92438e-09	-0.345412
1.92444e-09	-0.345323
1.92451e-09	-0.345235
1.92457e-09	-0.345146
1.92464e-09	-0.345057
1.9247e-09	-0.344969
1.92476e-09	-0.34488
1.92483e-09	-0.344791
1.92489e-09	-0.344703
1.92496e-09	-0.344614
1.92502e-09	-0.344525
1.92508e-09	-0.344436
1.92515e-09	-0.344347
1.92521e-09	-0.344258
1.92528e-09	-0.344169
1.92534e-09	-0.34408
1.9254e-09	-0.343991
1.92547e-09	-0.343902
1.92553e-09	-0.343812
1.9256e-09	-0.343723
1.92566e-09	-0.343634
1.92572e-09	-0.343545
1.92579e-09	-0.343455
1.92585e-09	-0.343366
1.92592e-09	-0.343276
1.92598e-09	-0.343187
1.92604e-09	-0.343097
1.92611e-09	-0.343008
1.92617e-09	-0.342918
1.92624e-09	-0.342828
1.9263e-09	-0.342738
1.92636e-09	-0.342649
1.92643e-09	-0.342559
1.92649e-09	-0.342469
1.92656e-09	-0.342379
1.92662e-09	-0.342289
1.92668e-09	-0.342199
1.92675e-09	-0.342109
1.92681e-09	-0.342019
1.92688e-09	-0.341929
1.92694e-09	-0.341838
1.927e-09	-0.341748
1.92707e-09	-0.341658
1.92713e-09	-0.341568
1.9272e-09	-0.341477
1.92726e-09	-0.341387
1.92732e-09	-0.341296
1.92739e-09	-0.341206
1.92745e-09	-0.341115
1.92752e-09	-0.341025
1.92758e-09	-0.340934
1.92764e-09	-0.340843
1.92771e-09	-0.340753
1.92777e-09	-0.340662
1.92784e-09	-0.340571
1.9279e-09	-0.34048
1.92796e-09	-0.340389
1.92803e-09	-0.340298
1.92809e-09	-0.340207
1.92816e-09	-0.340116
1.92822e-09	-0.340025
1.92828e-09	-0.339934
1.92835e-09	-0.339843
1.92841e-09	-0.339752
1.92848e-09	-0.339661
1.92854e-09	-0.339569
1.9286e-09	-0.339478
1.92867e-09	-0.339387
1.92873e-09	-0.339295
1.9288e-09	-0.339204
1.92886e-09	-0.339112
1.92892e-09	-0.339021
1.92899e-09	-0.338929
1.92905e-09	-0.338838
1.92912e-09	-0.338746
1.92918e-09	-0.338654
1.92924e-09	-0.338563
1.92931e-09	-0.338471
1.92937e-09	-0.338379
1.92944e-09	-0.338287
1.9295e-09	-0.338195
1.92956e-09	-0.338103
1.92963e-09	-0.338011
1.92969e-09	-0.337919
1.92976e-09	-0.337827
1.92982e-09	-0.337735
1.92988e-09	-0.337643
1.92995e-09	-0.337551
1.93001e-09	-0.337458
1.93008e-09	-0.337366
1.93014e-09	-0.337274
1.93021e-09	-0.337181
1.93027e-09	-0.337089
1.93033e-09	-0.336997
1.9304e-09	-0.336904
1.93046e-09	-0.336812
1.93053e-09	-0.336719
1.93059e-09	-0.336626
1.93065e-09	-0.336534
1.93072e-09	-0.336441
1.93078e-09	-0.336348
1.93085e-09	-0.336255
1.93091e-09	-0.336163
1.93097e-09	-0.33607
1.93104e-09	-0.335977
1.9311e-09	-0.335884
1.93117e-09	-0.335791
1.93123e-09	-0.335698
1.93129e-09	-0.335605
1.93136e-09	-0.335512
1.93142e-09	-0.335419
1.93149e-09	-0.335325
1.93155e-09	-0.335232
1.93161e-09	-0.335139
1.93168e-09	-0.335046
1.93174e-09	-0.334952
1.93181e-09	-0.334859
1.93187e-09	-0.334765
1.93193e-09	-0.334672
1.932e-09	-0.334578
1.93206e-09	-0.334485
1.93213e-09	-0.334391
1.93219e-09	-0.334298
1.93225e-09	-0.334204
1.93232e-09	-0.33411
1.93238e-09	-0.334017
1.93245e-09	-0.333923
1.93251e-09	-0.333829
1.93257e-09	-0.333735
1.93264e-09	-0.333641
1.9327e-09	-0.333547
1.93277e-09	-0.333453
1.93283e-09	-0.333359
1.93289e-09	-0.333265
1.93296e-09	-0.333171
1.93302e-09	-0.333077
1.93309e-09	-0.332983
1.93315e-09	-0.332889
1.93321e-09	-0.332794
1.93328e-09	-0.3327
1.93334e-09	-0.332606
1.93341e-09	-0.332511
1.93347e-09	-0.332417
1.93353e-09	-0.332322
1.9336e-09	-0.332228
1.93366e-09	-0.332133
1.93373e-09	-0.332039
1.93379e-09	-0.331944
1.93385e-09	-0.33185
1.93392e-09	-0.331755
1.93398e-09	-0.33166
1.93405e-09	-0.331565
1.93411e-09	-0.331471
1.93417e-09	-0.331376
1.93424e-09	-0.331281
1.9343e-09	-0.331186
1.93437e-09	-0.331091
1.93443e-09	-0.330996
1.93449e-09	-0.330901
1.93456e-09	-0.330806
1.93462e-09	-0.330711
1.93469e-09	-0.330616
1.93475e-09	-0.33052
1.93481e-09	-0.330425
1.93488e-09	-0.33033
1.93494e-09	-0.330235
1.93501e-09	-0.330139
1.93507e-09	-0.330044
1.93513e-09	-0.329948
1.9352e-09	-0.329853
1.93526e-09	-0.329758
1.93533e-09	-0.329662
1.93539e-09	-0.329566
1.93545e-09	-0.329471
1.93552e-09	-0.329375
1.93558e-09	-0.32928
1.93565e-09	-0.329184
1.93571e-09	-0.329088
1.93577e-09	-0.328992
1.93584e-09	-0.328896
1.9359e-09	-0.328801
1.93597e-09	-0.328705
1.93603e-09	-0.328609
1.93609e-09	-0.328513
1.93616e-09	-0.328417
1.93622e-09	-0.328321
1.93629e-09	-0.328225
1.93635e-09	-0.328129
1.93641e-09	-0.328032
1.93648e-09	-0.327936
1.93654e-09	-0.32784
1.93661e-09	-0.327744
1.93667e-09	-0.327647
1.93673e-09	-0.327551
1.9368e-09	-0.327455
1.93686e-09	-0.327358
1.93693e-09	-0.327262
1.93699e-09	-0.327165
1.93705e-09	-0.327069
1.93712e-09	-0.326972
1.93718e-09	-0.326876
1.93725e-09	-0.326779
1.93731e-09	-0.326682
1.93737e-09	-0.326586
1.93744e-09	-0.326489
1.9375e-09	-0.326392
1.93757e-09	-0.326295
1.93763e-09	-0.326199
1.93769e-09	-0.326102
1.93776e-09	-0.326005
1.93782e-09	-0.325908
1.93789e-09	-0.325811
1.93795e-09	-0.325714
1.93801e-09	-0.325617
1.93808e-09	-0.32552
1.93814e-09	-0.325423
1.93821e-09	-0.325325
1.93827e-09	-0.325228
1.93833e-09	-0.325131
1.9384e-09	-0.325034
1.93846e-09	-0.324936
1.93853e-09	-0.324839
1.93859e-09	-0.324742
1.93865e-09	-0.324644
1.93872e-09	-0.324547
1.93878e-09	-0.324449
1.93885e-09	-0.324352
1.93891e-09	-0.324254
1.93897e-09	-0.324157
1.93904e-09	-0.324059
1.9391e-09	-0.323961
1.93917e-09	-0.323864
1.93923e-09	-0.323766
1.93929e-09	-0.323668
1.93936e-09	-0.32357
1.93942e-09	-0.323473
1.93949e-09	-0.323375
1.93955e-09	-0.323277
1.93961e-09	-0.323179
1.93968e-09	-0.323081
1.93974e-09	-0.322983
1.93981e-09	-0.322885
1.93987e-09	-0.322787
1.93993e-09	-0.322689
1.94e-09	-0.322591
1.94006e-09	-0.322492
1.94013e-09	-0.322394
1.94019e-09	-0.322296
1.94025e-09	-0.322198
1.94032e-09	-0.322099
1.94038e-09	-0.322001
1.94045e-09	-0.321903
1.94051e-09	-0.321804
1.94057e-09	-0.321706
1.94064e-09	-0.321607
1.9407e-09	-0.321509
1.94077e-09	-0.32141
1.94083e-09	-0.321312
1.94089e-09	-0.321213
1.94096e-09	-0.321114
1.94102e-09	-0.321016
1.94109e-09	-0.320917
1.94115e-09	-0.320818
1.94121e-09	-0.32072
1.94128e-09	-0.320621
1.94134e-09	-0.320522
1.94141e-09	-0.320423
1.94147e-09	-0.320324
1.94153e-09	-0.320225
1.9416e-09	-0.320126
1.94166e-09	-0.320027
1.94173e-09	-0.319928
1.94179e-09	-0.319829
1.94185e-09	-0.31973
1.94192e-09	-0.319631
1.94198e-09	-0.319532
1.94205e-09	-0.319433
1.94211e-09	-0.319333
1.94217e-09	-0.319234
1.94224e-09	-0.319135
1.9423e-09	-0.319035
1.94237e-09	-0.318936
1.94243e-09	-0.318837
1.94249e-09	-0.318737
1.94256e-09	-0.318638
1.94262e-09	-0.318538
1.94269e-09	-0.318439
1.94275e-09	-0.318339
1.94281e-09	-0.31824
1.94288e-09	-0.31814
1.94294e-09	-0.31804
1.94301e-09	-0.317941
1.94307e-09	-0.317841
1.94313e-09	-0.317741
1.9432e-09	-0.317641
1.94326e-09	-0.317542
1.94333e-09	-0.317442
1.94339e-09	-0.317342
1.94345e-09	-0.317242
1.94352e-09	-0.317142
1.94358e-09	-0.317042
1.94365e-09	-0.316942
1.94371e-09	-0.316842
1.94377e-09	-0.316742
1.94384e-09	-0.316642
1.9439e-09	-0.316542
1.94397e-09	-0.316442
1.94403e-09	-0.316341
1.94409e-09	-0.316241
1.94416e-09	-0.316141
1.94422e-09	-0.316041
1.94429e-09	-0.31594
1.94435e-09	-0.31584
1.94441e-09	-0.31574
1.94448e-09	-0.315639
1.94454e-09	-0.315539
1.94461e-09	-0.315438
1.94467e-09	-0.315338
1.94473e-09	-0.315237
1.9448e-09	-0.315137
1.94486e-09	-0.315036
1.94493e-09	-0.314936
1.94499e-09	-0.314835
1.94505e-09	-0.314734
1.94512e-09	-0.314633
1.94518e-09	-0.314533
1.94525e-09	-0.314432
1.94531e-09	-0.314331
1.94537e-09	-0.31423
1.94544e-09	-0.314129
1.9455e-09	-0.314029
1.94557e-09	-0.313928
1.94563e-09	-0.313827
1.94569e-09	-0.313726
1.94576e-09	-0.313625
1.94582e-09	-0.313524
1.94589e-09	-0.313423
1.94595e-09	-0.313322
1.94601e-09	-0.31322
1.94608e-09	-0.313119
1.94614e-09	-0.313018
1.94621e-09	-0.312917
1.94627e-09	-0.312816
1.94633e-09	-0.312714
1.9464e-09	-0.312613
1.94646e-09	-0.312512
1.94653e-09	-0.31241
1.94659e-09	-0.312309
1.94665e-09	-0.312207
1.94672e-09	-0.312106
1.94678e-09	-0.312005
1.94685e-09	-0.311903
1.94691e-09	-0.311801
1.94697e-09	-0.3117
1.94704e-09	-0.311598
1.9471e-09	-0.311497
1.94717e-09	-0.311395
1.94723e-09	-0.311293
1.94729e-09	-0.311192
1.94736e-09	-0.31109
1.94742e-09	-0.310988
1.94749e-09	-0.310886
1.94755e-09	-0.310784
1.94762e-09	-0.310683
1.94768e-09	-0.310581
1.94774e-09	-0.310479
1.94781e-09	-0.310377
1.94787e-09	-0.310275
1.94794e-09	-0.310173
1.948e-09	-0.310071
1.94806e-09	-0.309969
1.94813e-09	-0.309867
1.94819e-09	-0.309765
1.94826e-09	-0.309662
1.94832e-09	-0.30956
1.94838e-09	-0.309458
1.94845e-09	-0.309356
1.94851e-09	-0.309254
1.94858e-09	-0.309151
1.94864e-09	-0.309049
1.9487e-09	-0.308947
1.94877e-09	-0.308844
1.94883e-09	-0.308742
1.9489e-09	-0.30864
1.94896e-09	-0.308537
1.94902e-09	-0.308435
1.94909e-09	-0.308332
1.94915e-09	-0.30823
1.94922e-09	-0.308127
1.94928e-09	-0.308024
1.94934e-09	-0.307922
1.94941e-09	-0.307819
1.94947e-09	-0.307717
1.94954e-09	-0.307614
1.9496e-09	-0.307511
1.94966e-09	-0.307408
1.94973e-09	-0.307306
1.94979e-09	-0.307203
1.94986e-09	-0.3071
1.94992e-09	-0.306997
1.94998e-09	-0.306894
1.95005e-09	-0.306791
1.95011e-09	-0.306688
1.95018e-09	-0.306585
1.95024e-09	-0.306483
1.9503e-09	-0.306379
1.95037e-09	-0.306276
1.95043e-09	-0.306173
1.9505e-09	-0.30607
1.95056e-09	-0.305967
1.95062e-09	-0.305864
1.95069e-09	-0.305761
1.95075e-09	-0.305658
1.95082e-09	-0.305554
1.95088e-09	-0.305451
1.95094e-09	-0.305348
1.95101e-09	-0.305245
1.95107e-09	-0.305141
1.95114e-09	-0.305038
1.9512e-09	-0.304935
1.95126e-09	-0.304831
1.95133e-09	-0.304728
1.95139e-09	-0.304624
1.95146e-09	-0.304521
1.95152e-09	-0.304417
1.95158e-09	-0.304314
1.95165e-09	-0.30421
1.95171e-09	-0.304107
1.95178e-09	-0.304003
1.95184e-09	-0.303899
1.9519e-09	-0.303796
1.95197e-09	-0.303692
1.95203e-09	-0.303588
1.9521e-09	-0.303485
1.95216e-09	-0.303381
1.95222e-09	-0.303277
1.95229e-09	-0.303173
1.95235e-09	-0.303069
1.95242e-09	-0.302965
1.95248e-09	-0.302862
1.95254e-09	-0.302758
1.95261e-09	-0.302654
1.95267e-09	-0.30255
1.95274e-09	-0.302446
1.9528e-09	-0.302342
1.95286e-09	-0.302238
1.95293e-09	-0.302134
1.95299e-09	-0.30203
1.95306e-09	-0.301925
1.95312e-09	-0.301821
1.95318e-09	-0.301717
1.95325e-09	-0.301613
1.95331e-09	-0.301509
1.95338e-09	-0.301404
1.95344e-09	-0.3013
1.9535e-09	-0.301196
1.95357e-09	-0.301092
1.95363e-09	-0.300987
1.9537e-09	-0.300883
1.95376e-09	-0.300779
1.95382e-09	-0.300674
1.95389e-09	-0.30057
1.95395e-09	-0.300465
1.95402e-09	-0.300361
1.95408e-09	-0.300256
1.95414e-09	-0.300152
1.95421e-09	-0.300047
1.95427e-09	-0.299943
1.95434e-09	-0.299838
1.9544e-09	-0.299733
1.95446e-09	-0.299629
1.95453e-09	-0.299524
1.95459e-09	-0.299419
1.95466e-09	-0.299315
1.95472e-09	-0.29921
1.95478e-09	-0.299105
1.95485e-09	-0.299
1.95491e-09	-0.298896
1.95498e-09	-0.298791
1.95504e-09	-0.298686
1.9551e-09	-0.298581
1.95517e-09	-0.298476
1.95523e-09	-0.298371
1.9553e-09	-0.298266
1.95536e-09	-0.298161
1.95542e-09	-0.298056
1.95549e-09	-0.297951
1.95555e-09	-0.297846
1.95562e-09	-0.297741
1.95568e-09	-0.297636
1.95574e-09	-0.297531
1.95581e-09	-0.297426
1.95587e-09	-0.297321
1.95594e-09	-0.297216
1.956e-09	-0.29711
1.95606e-09	-0.297005
1.95613e-09	-0.2969
1.95619e-09	-0.296795
1.95626e-09	-0.296689
1.95632e-09	-0.296584
1.95638e-09	-0.296479
1.95645e-09	-0.296373
1.95651e-09	-0.296268
1.95658e-09	-0.296163
1.95664e-09	-0.296057
1.9567e-09	-0.295952
1.95677e-09	-0.295846
1.95683e-09	-0.295741
1.9569e-09	-0.295635
1.95696e-09	-0.29553
1.95702e-09	-0.295424
1.95709e-09	-0.295319
1.95715e-09	-0.295213
1.95722e-09	-0.295107
1.95728e-09	-0.295002
1.95734e-09	-0.294896
1.95741e-09	-0.29479
1.95747e-09	-0.294685
1.95754e-09	-0.294579
1.9576e-09	-0.294473
1.95766e-09	-0.294367
1.95773e-09	-0.294262
1.95779e-09	-0.294156
1.95786e-09	-0.29405
1.95792e-09	-0.293944
1.95798e-09	-0.293838
1.95805e-09	-0.293732
1.95811e-09	-0.293626
1.95818e-09	-0.29352
1.95824e-09	-0.293414
1.9583e-09	-0.293308
1.95837e-09	-0.293202
1.95843e-09	-0.293096
1.9585e-09	-0.29299
1.95856e-09	-0.292884
1.95862e-09	-0.292778
1.95869e-09	-0.292672
1.95875e-09	-0.292566
1.95882e-09	-0.29246
1.95888e-09	-0.292354
1.95894e-09	-0.292247
1.95901e-09	-0.292141
1.95907e-09	-0.292035
1.95914e-09	-0.291929
1.9592e-09	-0.291823
1.95926e-09	-0.291716
1.95933e-09	-0.29161
1.95939e-09	-0.291504
1.95946e-09	-0.291397
1.95952e-09	-0.291291
1.95958e-09	-0.291184
1.95965e-09	-0.291078
1.95971e-09	-0.290972
1.95978e-09	-0.290865
1.95984e-09	-0.290759
1.9599e-09	-0.290652
1.95997e-09	-0.290546
1.96003e-09	-0.290439
1.9601e-09	-0.290333
1.96016e-09	-0.290226
1.96022e-09	-0.290119
1.96029e-09	-0.290013
1.96035e-09	-0.289906
1.96042e-09	-0.2898
1.96048e-09	-0.289693
1.96054e-09	-0.289586
1.96061e-09	-0.289479
1.96067e-09	-0.289373
1.96074e-09	-0.289266
1.9608e-09	-0.289159
1.96086e-09	-0.289052
1.96093e-09	-0.288946
1.96099e-09	-0.288839
1.96106e-09	-0.288732
1.96112e-09	-0.288625
1.96118e-09	-0.288518
1.96125e-09	-0.288411
1.96131e-09	-0.288304
1.96138e-09	-0.288197
1.96144e-09	-0.28809
1.9615e-09	-0.287984
1.96157e-09	-0.287876
1.96163e-09	-0.287769
1.9617e-09	-0.287662
1.96176e-09	-0.287555
1.96182e-09	-0.287448
1.96189e-09	-0.287341
1.96195e-09	-0.287234
1.96202e-09	-0.287127
1.96208e-09	-0.28702
1.96214e-09	-0.286913
1.96221e-09	-0.286806
1.96227e-09	-0.286698
1.96234e-09	-0.286591
1.9624e-09	-0.286484
1.96246e-09	-0.286377
1.96253e-09	-0.286269
1.96259e-09	-0.286162
1.96266e-09	-0.286055
1.96272e-09	-0.285947
1.96278e-09	-0.28584
1.96285e-09	-0.285733
1.96291e-09	-0.285625
1.96298e-09	-0.285518
1.96304e-09	-0.28541
1.9631e-09	-0.285303
1.96317e-09	-0.285196
1.96323e-09	-0.285088
1.9633e-09	-0.284981
1.96336e-09	-0.284873
1.96342e-09	-0.284766
1.96349e-09	-0.284658
1.96355e-09	-0.284551
1.96362e-09	-0.284443
1.96368e-09	-0.284335
1.96374e-09	-0.284228
1.96381e-09	-0.28412
1.96387e-09	-0.284012
1.96394e-09	-0.283905
1.964e-09	-0.283797
1.96406e-09	-0.283689
1.96413e-09	-0.283582
1.96419e-09	-0.283474
1.96426e-09	-0.283366
1.96432e-09	-0.283258
1.96438e-09	-0.283151
1.96445e-09	-0.283043
1.96451e-09	-0.282935
1.96458e-09	-0.282827
1.96464e-09	-0.282719
1.9647e-09	-0.282612
1.96477e-09	-0.282504
1.96483e-09	-0.282396
1.9649e-09	-0.282288
1.96496e-09	-0.28218
1.96502e-09	-0.282072
1.96509e-09	-0.281964
1.96515e-09	-0.281856
1.96522e-09	-0.281748
1.96528e-09	-0.28164
1.96535e-09	-0.281532
1.96541e-09	-0.281424
1.96547e-09	-0.281316
1.96554e-09	-0.281208
1.9656e-09	-0.2811
1.96567e-09	-0.280992
1.96573e-09	-0.280884
1.96579e-09	-0.280775
1.96586e-09	-0.280667
1.96592e-09	-0.280559
1.96599e-09	-0.280451
1.96605e-09	-0.280343
1.96611e-09	-0.280234
1.96618e-09	-0.280126
1.96624e-09	-0.280018
1.96631e-09	-0.27991
1.96637e-09	-0.279801
1.96643e-09	-0.279693
1.9665e-09	-0.279585
1.96656e-09	-0.279476
1.96663e-09	-0.279368
1.96669e-09	-0.27926
1.96675e-09	-0.279151
1.96682e-09	-0.279043
1.96688e-09	-0.278935
1.96695e-09	-0.278826
1.96701e-09	-0.278718
1.96707e-09	-0.278609
1.96714e-09	-0.278501
1.9672e-09	-0.278392
1.96727e-09	-0.278284
1.96733e-09	-0.278175
1.96739e-09	-0.278067
1.96746e-09	-0.277958
1.96752e-09	-0.27785
1.96759e-09	-0.277741
1.96765e-09	-0.277633
1.96771e-09	-0.277524
1.96778e-09	-0.277415
1.96784e-09	-0.277307
1.96791e-09	-0.277198
1.96797e-09	-0.277089
1.96803e-09	-0.276981
1.9681e-09	-0.276872
1.96816e-09	-0.276763
1.96823e-09	-0.276655
1.96829e-09	-0.276546
1.96835e-09	-0.276437
1.96842e-09	-0.276328
1.96848e-09	-0.27622
1.96855e-09	-0.276111
1.96861e-09	-0.276002
1.96867e-09	-0.275893
1.96874e-09	-0.275784
1.9688e-09	-0.275676
1.96887e-09	-0.275567
1.96893e-09	-0.275458
1.96899e-09	-0.275349
1.96906e-09	-0.27524
1.96912e-09	-0.275131
1.96919e-09	-0.275022
1.96925e-09	-0.274913
1.96931e-09	-0.274804
1.96938e-09	-0.274695
1.96944e-09	-0.274586
1.96951e-09	-0.274477
1.96957e-09	-0.274368
1.96963e-09	-0.274259
1.9697e-09	-0.27415
1.96976e-09	-0.274041
1.96983e-09	-0.273932
1.96989e-09	-0.273823
1.96995e-09	-0.273714
1.97002e-09	-0.273605
1.97008e-09	-0.273496
1.97015e-09	-0.273387
1.97021e-09	-0.273278
1.97027e-09	-0.273168
1.97034e-09	-0.273059
1.9704e-09	-0.27295
1.97047e-09	-0.272841
1.97053e-09	-0.272732
1.97059e-09	-0.272622
1.97066e-09	-0.272513
1.97072e-09	-0.272404
1.97079e-09	-0.272295
1.97085e-09	-0.272185
1.97091e-09	-0.272076
1.97098e-09	-0.271967
1.97104e-09	-0.271858
1.97111e-09	-0.271748
1.97117e-09	-0.271639
1.97123e-09	-0.27153
1.9713e-09	-0.27142
1.97136e-09	-0.271311
1.97143e-09	-0.271201
1.97149e-09	-0.271092
1.97155e-09	-0.270983
1.97162e-09	-0.270873
1.97168e-09	-0.270764
1.97175e-09	-0.270654
1.97181e-09	-0.270545
1.97187e-09	-0.270435
1.97194e-09	-0.270326
1.972e-09	-0.270217
1.97207e-09	-0.270107
1.97213e-09	-0.269998
1.97219e-09	-0.269888
1.97226e-09	-0.269778
1.97232e-09	-0.269669
1.97239e-09	-0.269559
1.97245e-09	-0.26945
1.97251e-09	-0.26934
1.97258e-09	-0.269231
1.97264e-09	-0.269121
1.97271e-09	-0.269011
1.97277e-09	-0.268902
1.97283e-09	-0.268792
1.9729e-09	-0.268682
1.97296e-09	-0.268573
1.97303e-09	-0.268463
1.97309e-09	-0.268353
1.97315e-09	-0.268244
1.97322e-09	-0.268134
1.97328e-09	-0.268024
1.97335e-09	-0.267915
1.97341e-09	-0.267805
1.97347e-09	-0.267695
1.97354e-09	-0.267585
1.9736e-09	-0.267476
1.97367e-09	-0.267366
1.97373e-09	-0.267256
1.97379e-09	-0.267146
1.97386e-09	-0.267036
1.97392e-09	-0.266927
1.97399e-09	-0.266817
1.97405e-09	-0.266707
1.97411e-09	-0.266597
1.97418e-09	-0.266487
1.97424e-09	-0.266377
1.97431e-09	-0.266267
1.97437e-09	-0.266157
1.97443e-09	-0.266048
1.9745e-09	-0.265938
1.97456e-09	-0.265828
1.97463e-09	-0.265718
1.97469e-09	-0.265608
1.97475e-09	-0.265498
1.97482e-09	-0.265388
1.97488e-09	-0.265278
1.97495e-09	-0.265168
1.97501e-09	-0.265058
1.97507e-09	-0.264948
1.97514e-09	-0.264838
1.9752e-09	-0.264728
1.97527e-09	-0.264618
1.97533e-09	-0.264508
1.97539e-09	-0.264398
1.97546e-09	-0.264288
1.97552e-09	-0.264177
1.97559e-09	-0.264067
1.97565e-09	-0.263957
1.97571e-09	-0.263847
1.97578e-09	-0.263737
1.97584e-09	-0.263627
1.97591e-09	-0.263517
1.97597e-09	-0.263407
1.97603e-09	-0.263296
1.9761e-09	-0.263186
1.97616e-09	-0.263076
1.97623e-09	-0.262966
1.97629e-09	-0.262856
1.97635e-09	-0.262746
1.97642e-09	-0.262635
1.97648e-09	-0.262525
1.97655e-09	-0.262415
1.97661e-09	-0.262305
1.97667e-09	-0.262194
1.97674e-09	-0.262084
1.9768e-09	-0.261974
1.97687e-09	-0.261864
1.97693e-09	-0.261753
1.97699e-09	-0.261643
1.97706e-09	-0.261533
1.97712e-09	-0.261422
1.97719e-09	-0.261312
1.97725e-09	-0.261202
1.97731e-09	-0.261091
1.97738e-09	-0.260981
1.97744e-09	-0.260871
1.97751e-09	-0.26076
1.97757e-09	-0.26065
1.97763e-09	-0.26054
1.9777e-09	-0.260429
1.97776e-09	-0.260319
1.97783e-09	-0.260208
1.97789e-09	-0.260098
1.97795e-09	-0.259988
1.97802e-09	-0.259877
1.97808e-09	-0.259767
1.97815e-09	-0.259656
1.97821e-09	-0.259546
1.97827e-09	-0.259435
1.97834e-09	-0.259325
1.9784e-09	-0.259214
1.97847e-09	-0.259104
1.97853e-09	-0.258993
1.97859e-09	-0.258883
1.97866e-09	-0.258772
1.97872e-09	-0.258662
1.97879e-09	-0.258551
1.97885e-09	-0.258441
1.97891e-09	-0.25833
1.97898e-09	-0.25822
1.97904e-09	-0.258109
1.97911e-09	-0.257999
1.97917e-09	-0.257888
1.97923e-09	-0.257778
1.9793e-09	-0.257667
1.97936e-09	-0.257556
1.97943e-09	-0.257446
1.97949e-09	-0.257335
1.97955e-09	-0.257225
1.97962e-09	-0.257114
1.97968e-09	-0.257003
1.97975e-09	-0.256893
1.97981e-09	-0.256782
1.97987e-09	-0.256671
1.97994e-09	-0.256561
1.98e-09	-0.25645
1.98007e-09	-0.256339
1.98013e-09	-0.256229
1.98019e-09	-0.256118
1.98026e-09	-0.256007
1.98032e-09	-0.255897
1.98039e-09	-0.255786
1.98045e-09	-0.255675
1.98051e-09	-0.255565
1.98058e-09	-0.255454
1.98064e-09	-0.255343
1.98071e-09	-0.255232
1.98077e-09	-0.255122
1.98083e-09	-0.255011
1.9809e-09	-0.2549
1.98096e-09	-0.254789
1.98103e-09	-0.254679
1.98109e-09	-0.254568
1.98115e-09	-0.254457
1.98122e-09	-0.254346
1.98128e-09	-0.254235
1.98135e-09	-0.254125
1.98141e-09	-0.254014
1.98147e-09	-0.253903
1.98154e-09	-0.253792
1.9816e-09	-0.253681
1.98167e-09	-0.253571
1.98173e-09	-0.25346
1.98179e-09	-0.253349
1.98186e-09	-0.253238
1.98192e-09	-0.253127
1.98199e-09	-0.253016
1.98205e-09	-0.252905
1.98211e-09	-0.252795
1.98218e-09	-0.252684
1.98224e-09	-0.252573
1.98231e-09	-0.252462
1.98237e-09	-0.252351
1.98243e-09	-0.25224
1.9825e-09	-0.252129
1.98256e-09	-0.252018
1.98263e-09	-0.251907
1.98269e-09	-0.251797
1.98276e-09	-0.251686
1.98282e-09	-0.251575
1.98288e-09	-0.251464
1.98295e-09	-0.251353
1.98301e-09	-0.251242
1.98308e-09	-0.251131
1.98314e-09	-0.25102
1.9832e-09	-0.250909
1.98327e-09	-0.250798
1.98333e-09	-0.250687
1.9834e-09	-0.250576
1.98346e-09	-0.250465
1.98352e-09	-0.250354
1.98359e-09	-0.250243
1.98365e-09	-0.250132
1.98372e-09	-0.250021
1.98378e-09	-0.24991
1.98384e-09	-0.249799
1.98391e-09	-0.249688
1.98397e-09	-0.249577
1.98404e-09	-0.249466
1.9841e-09	-0.249355
1.98416e-09	-0.249244
1.98423e-09	-0.249133
1.98429e-09	-0.249022
1.98436e-09	-0.248911
1.98442e-09	-0.2488
1.98448e-09	-0.248689
1.98455e-09	-0.248578
1.98461e-09	-0.248467
1.98468e-09	-0.248356
1.98474e-09	-0.248245
1.9848e-09	-0.248134
1.98487e-09	-0.248023
1.98493e-09	-0.247911
1.985e-09	-0.2478
1.98506e-09	-0.247689
1.98512e-09	-0.247578
1.98519e-09	-0.247467
1.98525e-09	-0.247356
1.98532e-09	-0.247245
1.98538e-09	-0.247134
1.98544e-09	-0.247023
1.98551e-09	-0.246912
1.98557e-09	-0.2468
1.98564e-09	-0.246689
1.9857e-09	-0.246578
1.98576e-09	-0.246467
1.98583e-09	-0.246356
1.98589e-09	-0.246245
1.98596e-09	-0.246134
1.98602e-09	-0.246023
1.98608e-09	-0.245911
1.98615e-09	-0.2458
1.98621e-09	-0.245689
1.98628e-09	-0.245578
1.98634e-09	-0.245467
1.9864e-09	-0.245356
1.98647e-09	-0.245244
1.98653e-09	-0.245133
1.9866e-09	-0.245022
1.98666e-09	-0.244911
1.98672e-09	-0.2448
1.98679e-09	-0.244689
1.98685e-09	-0.244577
1.98692e-09	-0.244466
1.98698e-09	-0.244355
1.98704e-09	-0.244244
1.98711e-09	-0.244133
1.98717e-09	-0.244021
1.98724e-09	-0.24391
1.9873e-09	-0.243799
1.98736e-09	-0.243688
1.98743e-09	-0.243577
1.98749e-09	-0.243465
1.98756e-09	-0.243354
1.98762e-09	-0.243243
1.98768e-09	-0.243132
1.98775e-09	-0.243021
1.98781e-09	-0.242909
1.98788e-09	-0.242798
1.98794e-09	-0.242687
1.988e-09	-0.242576
1.98807e-09	-0.242464
1.98813e-09	-0.242353
1.9882e-09	-0.242242
1.98826e-09	-0.242131
1.98832e-09	-0.24202
1.98839e-09	-0.241908
1.98845e-09	-0.241797
1.98852e-09	-0.241686
1.98858e-09	-0.241575
1.98864e-09	-0.241463
1.98871e-09	-0.241352
1.98877e-09	-0.241241
1.98884e-09	-0.24113
1.9889e-09	-0.241018
1.98896e-09	-0.240907
1.98903e-09	-0.240796
1.98909e-09	-0.240685
1.98916e-09	-0.240573
1.98922e-09	-0.240462
1.98928e-09	-0.240351
1.98935e-09	-0.24024
1.98941e-09	-0.240128
1.98948e-09	-0.240017
1.98954e-09	-0.239906
1.9896e-09	-0.239794
1.98967e-09	-0.239683
1.98973e-09	-0.239572
1.9898e-09	-0.239461
1.98986e-09	-0.239349
1.98992e-09	-0.239238
1.98999e-09	-0.239127
1.99005e-09	-0.239016
1.99012e-09	-0.238904
1.99018e-09	-0.238793
1.99024e-09	-0.238682
1.99031e-09	-0.23857
1.99037e-09	-0.238459
1.99044e-09	-0.238348
1.9905e-09	-0.238237
1.99056e-09	-0.238125
1.99063e-09	-0.238014
1.99069e-09	-0.237903
1.99076e-09	-0.237791
1.99082e-09	-0.23768
1.99088e-09	-0.237569
1.99095e-09	-0.237458
1.99101e-09	-0.237346
1.99108e-09	-0.237235
1.99114e-09	-0.237124
1.9912e-09	-0.237012
1.99127e-09	-0.236901
1.99133e-09	-0.23679
1.9914e-09	-0.236679
1.99146e-09	-0.236567
1.99152e-09	-0.236456
1.99159e-09	-0.236345
1.99165e-09	-0.236233
1.99172e-09	-0.236122
1.99178e-09	-0.236011
1.99184e-09	-0.235899
1.99191e-09	-0.235788
1.99197e-09	-0.235677
1.99204e-09	-0.235566
1.9921e-09	-0.235454
1.99216e-09	-0.235343
1.99223e-09	-0.235232
1.99229e-09	-0.23512
1.99236e-09	-0.235009
1.99242e-09	-0.234898
1.99248e-09	-0.234787
1.99255e-09	-0.234675
1.99261e-09	-0.234564
1.99268e-09	-0.234453
1.99274e-09	-0.234341
1.9928e-09	-0.23423
1.99287e-09	-0.234119
1.99293e-09	-0.234008
1.993e-09	-0.233896
1.99306e-09	-0.233785
1.99312e-09	-0.233674
1.99319e-09	-0.233562
1.99325e-09	-0.233451
1.99332e-09	-0.23334
1.99338e-09	-0.233229
1.99344e-09	-0.233117
1.99351e-09	-0.233006
1.99357e-09	-0.232895
1.99364e-09	-0.232783
1.9937e-09	-0.232672
1.99376e-09	-0.232561
1.99383e-09	-0.23245
1.99389e-09	-0.232338
1.99396e-09	-0.232227
1.99402e-09	-0.232116
1.99408e-09	-0.232005
1.99415e-09	-0.231893
1.99421e-09	-0.231782
1.99428e-09	-0.231671
1.99434e-09	-0.23156
1.9944e-09	-0.231448
1.99447e-09	-0.231337
1.99453e-09	-0.231226
1.9946e-09	-0.231114
1.99466e-09	-0.231003
1.99472e-09	-0.230892
1.99479e-09	-0.230781
1.99485e-09	-0.230669
1.99492e-09	-0.230558
1.99498e-09	-0.230447
1.99504e-09	-0.230336
1.99511e-09	-0.230224
1.99517e-09	-0.230113
1.99524e-09	-0.230002
1.9953e-09	-0.229891
1.99536e-09	-0.229779
1.99543e-09	-0.229668
1.99549e-09	-0.229557
1.99556e-09	-0.229446
1.99562e-09	-0.229335
1.99568e-09	-0.229223
1.99575e-09	-0.229112
1.99581e-09	-0.229001
1.99588e-09	-0.22889
1.99594e-09	-0.228778
1.996e-09	-0.228667
1.99607e-09	-0.228556
1.99613e-09	-0.228445
1.9962e-09	-0.228334
1.99626e-09	-0.228222
1.99632e-09	-0.228111
1.99639e-09	-0.228
1.99645e-09	-0.227889
1.99652e-09	-0.227778
1.99658e-09	-0.227666
1.99664e-09	-0.227555
1.99671e-09	-0.227444
1.99677e-09	-0.227333
1.99684e-09	-0.227222
1.9969e-09	-0.22711
1.99696e-09	-0.226999
1.99703e-09	-0.226888
1.99709e-09	-0.226777
1.99716e-09	-0.226666
1.99722e-09	-0.226555
1.99728e-09	-0.226443
1.99735e-09	-0.226332
1.99741e-09	-0.226221
1.99748e-09	-0.22611
1.99754e-09	-0.225999
1.9976e-09	-0.225888
1.99767e-09	-0.225776
1.99773e-09	-0.225665
1.9978e-09	-0.225554
1.99786e-09	-0.225443
1.99792e-09	-0.225332
1.99799e-09	-0.225221
1.99805e-09	-0.22511
1.99812e-09	-0.224999
1.99818e-09	-0.224887
1.99824e-09	-0.224776
1.99831e-09	-0.224665
1.99837e-09	-0.224554
1.99844e-09	-0.224443
1.9985e-09	-0.224332
1.99856e-09	-0.224221
1.99863e-09	-0.22411
1.99869e-09	-0.223999
1.99876e-09	-0.223887
1.99882e-09	-0.223776
1.99888e-09	-0.223665
1.99895e-09	-0.223554
1.99901e-09	-0.223443
1.99908e-09	-0.223332
1.99914e-09	-0.223221
1.9992e-09	-0.22311
1.99927e-09	-0.222999
1.99933e-09	-0.222888
1.9994e-09	-0.222777
1.99946e-09	-0.222666
1.99952e-09	-0.222555
1.99959e-09	-0.222444
1.99965e-09	-0.222333
1.99972e-09	-0.222222
1.99978e-09	-0.222111
1.99984e-09	-0.222
1.99991e-09	-0.221889
1.99997e-09	-0.221778
2.00004e-09	-0.221667
2.0001e-09	-0.221556
2.00017e-09	-0.221445
2.00023e-09	-0.221334
2.00029e-09	-0.221223
2.00036e-09	-0.221112
2.00042e-09	-0.221001
2.00049e-09	-0.22089
2.00055e-09	-0.220779
2.00061e-09	-0.220668
2.00068e-09	-0.220557
2.00074e-09	-0.220446
2.00081e-09	-0.220335
2.00087e-09	-0.220224
2.00093e-09	-0.220113
2.001e-09	-0.220002
2.00106e-09	-0.219891
2.00113e-09	-0.21978
2.00119e-09	-0.219669
2.00125e-09	-0.219558
2.00132e-09	-0.219447
2.00138e-09	-0.219336
2.00145e-09	-0.219226
2.00151e-09	-0.219115
2.00157e-09	-0.219004
2.00164e-09	-0.218893
2.0017e-09	-0.218782
2.00177e-09	-0.218671
2.00183e-09	-0.21856
2.00189e-09	-0.218449
2.00196e-09	-0.218339
2.00202e-09	-0.218228
2.00209e-09	-0.218117
2.00215e-09	-0.218006
2.00221e-09	-0.217895
2.00228e-09	-0.217784
2.00234e-09	-0.217674
2.00241e-09	-0.217563
2.00247e-09	-0.217452
2.00253e-09	-0.217341
2.0026e-09	-0.21723
2.00266e-09	-0.217119
2.00273e-09	-0.217009
2.00279e-09	-0.216898
2.00285e-09	-0.216787
2.00292e-09	-0.216676
2.00298e-09	-0.216566
2.00305e-09	-0.216455
2.00311e-09	-0.216344
2.00317e-09	-0.216233
2.00324e-09	-0.216123
2.0033e-09	-0.216012
2.00337e-09	-0.215901
2.00343e-09	-0.21579
2.00349e-09	-0.21568
2.00356e-09	-0.215569
2.00362e-09	-0.215458
2.00369e-09	-0.215348
2.00375e-09	-0.215237
2.00381e-09	-0.215126
2.00388e-09	-0.215015
2.00394e-09	-0.214905
2.00401e-09	-0.214794
2.00407e-09	-0.214683
2.00413e-09	-0.214573
2.0042e-09	-0.214462
2.00426e-09	-0.214351
2.00433e-09	-0.214241
2.00439e-09	-0.21413
2.00445e-09	-0.21402
2.00452e-09	-0.213909
2.00458e-09	-0.213798
2.00465e-09	-0.213688
2.00471e-09	-0.213577
2.00477e-09	-0.213467
2.00484e-09	-0.213356
2.0049e-09	-0.213245
2.00497e-09	-0.213135
2.00503e-09	-0.213024
2.00509e-09	-0.212914
2.00516e-09	-0.212803
2.00522e-09	-0.212693
2.00529e-09	-0.212582
2.00535e-09	-0.212472
2.00541e-09	-0.212361
2.00548e-09	-0.212251
2.00554e-09	-0.21214
2.00561e-09	-0.21203
2.00567e-09	-0.211919
2.00573e-09	-0.211809
2.0058e-09	-0.211698
2.00586e-09	-0.211588
2.00593e-09	-0.211477
2.00599e-09	-0.211367
2.00605e-09	-0.211256
2.00612e-09	-0.211146
2.00618e-09	-0.211035
2.00625e-09	-0.210925
2.00631e-09	-0.210815
2.00637e-09	-0.210704
2.00644e-09	-0.210594
2.0065e-09	-0.210483
2.00657e-09	-0.210373
2.00663e-09	-0.210263
2.00669e-09	-0.210152
2.00676e-09	-0.210042
2.00682e-09	-0.209931
2.00689e-09	-0.209821
2.00695e-09	-0.209711
2.00701e-09	-0.2096
2.00708e-09	-0.20949
2.00714e-09	-0.20938
2.00721e-09	-0.209269
2.00727e-09	-0.209159
2.00733e-09	-0.209049
2.0074e-09	-0.208939
2.00746e-09	-0.208828
2.00753e-09	-0.208718
2.00759e-09	-0.208608
2.00765e-09	-0.208498
2.00772e-09	-0.208387
2.00778e-09	-0.208277
2.00785e-09	-0.208167
2.00791e-09	-0.208057
2.00797e-09	-0.207946
2.00804e-09	-0.207836
2.0081e-09	-0.207726
2.00817e-09	-0.207616
2.00823e-09	-0.207506
2.00829e-09	-0.207396
2.00836e-09	-0.207285
2.00842e-09	-0.207175
2.00849e-09	-0.207065
2.00855e-09	-0.206955
2.00861e-09	-0.206845
2.00868e-09	-0.206735
2.00874e-09	-0.206625
2.00881e-09	-0.206514
2.00887e-09	-0.206404
2.00893e-09	-0.206294
2.009e-09	-0.206184
2.00906e-09	-0.206074
2.00913e-09	-0.205964
2.00919e-09	-0.205854
2.00925e-09	-0.205744
2.00932e-09	-0.205634
2.00938e-09	-0.205524
2.00945e-09	-0.205414
2.00951e-09	-0.205304
2.00957e-09	-0.205194
2.00964e-09	-0.205084
2.0097e-09	-0.204974
2.00977e-09	-0.204864
2.00983e-09	-0.204754
2.00989e-09	-0.204644
2.00996e-09	-0.204534
2.01002e-09	-0.204424
2.01009e-09	-0.204314
2.01015e-09	-0.204204
2.01021e-09	-0.204095
2.01028e-09	-0.203985
2.01034e-09	-0.203875
2.01041e-09	-0.203765
2.01047e-09	-0.203655
2.01053e-09	-0.203545
2.0106e-09	-0.203435
2.01066e-09	-0.203326
2.01073e-09	-0.203216
2.01079e-09	-0.203106
2.01085e-09	-0.202996
2.01092e-09	-0.202886
2.01098e-09	-0.202777
2.01105e-09	-0.202667
2.01111e-09	-0.202557
2.01117e-09	-0.202447
2.01124e-09	-0.202338
2.0113e-09	-0.202228
2.01137e-09	-0.202118
2.01143e-09	-0.202008
2.01149e-09	-0.201899
2.01156e-09	-0.201789
2.01162e-09	-0.201679
2.01169e-09	-0.20157
2.01175e-09	-0.20146
2.01181e-09	-0.20135
2.01188e-09	-0.201241
2.01194e-09	-0.201131
2.01201e-09	-0.201021
2.01207e-09	-0.200912
2.01213e-09	-0.200802
2.0122e-09	-0.200693
2.01226e-09	-0.200583
2.01233e-09	-0.200473
2.01239e-09	-0.200364
2.01245e-09	-0.200254
2.01252e-09	-0.200145
2.01258e-09	-0.200035
2.01265e-09	-0.199926
2.01271e-09	-0.199816
2.01277e-09	-0.199707
2.01284e-09	-0.199597
2.0129e-09	-0.199488
2.01297e-09	-0.199378
2.01303e-09	-0.199269
2.01309e-09	-0.199159
2.01316e-09	-0.19905
2.01322e-09	-0.198941
2.01329e-09	-0.198831
2.01335e-09	-0.198722
2.01341e-09	-0.198612
2.01348e-09	-0.198503
2.01354e-09	-0.198394
2.01361e-09	-0.198284
2.01367e-09	-0.198175
2.01373e-09	-0.198066
2.0138e-09	-0.197956
2.01386e-09	-0.197847
2.01393e-09	-0.197738
2.01399e-09	-0.197628
2.01405e-09	-0.197519
2.01412e-09	-0.19741
2.01418e-09	-0.197301
2.01425e-09	-0.197191
2.01431e-09	-0.197082
2.01437e-09	-0.196973
2.01444e-09	-0.196864
2.0145e-09	-0.196755
2.01457e-09	-0.196645
2.01463e-09	-0.196536
2.01469e-09	-0.196427
2.01476e-09	-0.196318
2.01482e-09	-0.196209
2.01489e-09	-0.1961
2.01495e-09	-0.195991
2.01501e-09	-0.195881
2.01508e-09	-0.195772
2.01514e-09	-0.195663
2.01521e-09	-0.195554
2.01527e-09	-0.195445
2.01533e-09	-0.195336
2.0154e-09	-0.195227
2.01546e-09	-0.195118
2.01553e-09	-0.195009
2.01559e-09	-0.1949
2.01565e-09	-0.194791
2.01572e-09	-0.194682
2.01578e-09	-0.194573
2.01585e-09	-0.194464
2.01591e-09	-0.194355
2.01597e-09	-0.194246
2.01604e-09	-0.194137
2.0161e-09	-0.194028
2.01617e-09	-0.19392
2.01623e-09	-0.193811
2.01629e-09	-0.193702
2.01636e-09	-0.193593
2.01642e-09	-0.193484
2.01649e-09	-0.193375
2.01655e-09	-0.193267
2.01661e-09	-0.193158
2.01668e-09	-0.193049
2.01674e-09	-0.19294
2.01681e-09	-0.192831
2.01687e-09	-0.192723
2.01693e-09	-0.192614
2.017e-09	-0.192505
2.01706e-09	-0.192396
2.01713e-09	-0.192288
2.01719e-09	-0.192179
2.01725e-09	-0.19207
2.01732e-09	-0.191962
2.01738e-09	-0.191853
2.01745e-09	-0.191744
2.01751e-09	-0.191636
2.01758e-09	-0.191527
2.01764e-09	-0.191419
2.0177e-09	-0.19131
2.01777e-09	-0.191201
2.01783e-09	-0.191093
2.0179e-09	-0.190984
2.01796e-09	-0.190876
2.01802e-09	-0.190767
2.01809e-09	-0.190659
2.01815e-09	-0.19055
2.01822e-09	-0.190442
2.01828e-09	-0.190333
2.01834e-09	-0.190225
2.01841e-09	-0.190116
2.01847e-09	-0.190008
2.01854e-09	-0.1899
2.0186e-09	-0.189791
2.01866e-09	-0.189683
2.01873e-09	-0.189574
2.01879e-09	-0.189466
2.01886e-09	-0.189358
2.01892e-09	-0.189249
2.01898e-09	-0.189141
2.01905e-09	-0.189033
2.01911e-09	-0.188924
2.01918e-09	-0.188816
2.01924e-09	-0.188708
2.0193e-09	-0.1886
2.01937e-09	-0.188491
2.01943e-09	-0.188383
2.0195e-09	-0.188275
2.01956e-09	-0.188167
2.01962e-09	-0.188058
2.01969e-09	-0.18795
2.01975e-09	-0.187842
2.01982e-09	-0.187734
2.01988e-09	-0.187626
2.01994e-09	-0.187518
2.02001e-09	-0.18741
2.02007e-09	-0.187302
2.02014e-09	-0.187193
2.0202e-09	-0.187085
2.02026e-09	-0.186977
2.02033e-09	-0.186869
2.02039e-09	-0.186761
2.02046e-09	-0.186653
2.02052e-09	-0.186545
2.02058e-09	-0.186437
2.02065e-09	-0.186329
2.02071e-09	-0.186221
2.02078e-09	-0.186113
2.02084e-09	-0.186006
2.0209e-09	-0.185898
2.02097e-09	-0.18579
2.02103e-09	-0.185682
2.0211e-09	-0.185574
2.02116e-09	-0.185466
2.02122e-09	-0.185358
2.02129e-09	-0.18525
2.02135e-09	-0.185143
2.02142e-09	-0.185035
2.02148e-09	-0.184927
2.02154e-09	-0.184819
2.02161e-09	-0.184712
2.02167e-09	-0.184604
2.02174e-09	-0.184496
2.0218e-09	-0.184388
2.02186e-09	-0.184281
2.02193e-09	-0.184173
2.02199e-09	-0.184065
2.02206e-09	-0.183958
2.02212e-09	-0.18385
2.02218e-09	-0.183742
2.02225e-09	-0.183635
2.02231e-09	-0.183527
2.02238e-09	-0.18342
2.02244e-09	-0.183312
2.0225e-09	-0.183205
2.02257e-09	-0.183097
2.02263e-09	-0.18299
2.0227e-09	-0.182882
2.02276e-09	-0.182775
2.02282e-09	-0.182667
2.02289e-09	-0.18256
2.02295e-09	-0.182452
2.02302e-09	-0.182345
2.02308e-09	-0.182237
2.02314e-09	-0.18213
2.02321e-09	-0.182023
2.02327e-09	-0.181915
2.02334e-09	-0.181808
2.0234e-09	-0.181701
2.02346e-09	-0.181593
2.02353e-09	-0.181486
2.02359e-09	-0.181379
2.02366e-09	-0.181271
2.02372e-09	-0.181164
2.02378e-09	-0.181057
2.02385e-09	-0.18095
2.02391e-09	-0.180842
2.02398e-09	-0.180735
2.02404e-09	-0.180628
2.0241e-09	-0.180521
2.02417e-09	-0.180414
2.02423e-09	-0.180307
2.0243e-09	-0.180199
2.02436e-09	-0.180092
2.02442e-09	-0.179985
2.02449e-09	-0.179878
2.02455e-09	-0.179771
2.02462e-09	-0.179664
2.02468e-09	-0.179557
2.02474e-09	-0.17945
2.02481e-09	-0.179343
2.02487e-09	-0.179236
2.02494e-09	-0.179129
2.025e-09	-0.179022
2.02506e-09	-0.178915
2.02513e-09	-0.178808
2.02519e-09	-0.178702
2.02526e-09	-0.178595
2.02532e-09	-0.178488
2.02538e-09	-0.178381
2.02545e-09	-0.178274
2.02551e-09	-0.178167
2.02558e-09	-0.17806
2.02564e-09	-0.177954
2.0257e-09	-0.177847
2.02577e-09	-0.17774
2.02583e-09	-0.177633
2.0259e-09	-0.177527
2.02596e-09	-0.17742
2.02602e-09	-0.177313
2.02609e-09	-0.177207
2.02615e-09	-0.1771
2.02622e-09	-0.176993
2.02628e-09	-0.176887
2.02634e-09	-0.17678
2.02641e-09	-0.176674
2.02647e-09	-0.176567
2.02654e-09	-0.17646
2.0266e-09	-0.176354
2.02666e-09	-0.176247
2.02673e-09	-0.176141
2.02679e-09	-0.176034
2.02686e-09	-0.175928
2.02692e-09	-0.175821
2.02698e-09	-0.175715
2.02705e-09	-0.175609
2.02711e-09	-0.175502
2.02718e-09	-0.175396
2.02724e-09	-0.175289
2.0273e-09	-0.175183
2.02737e-09	-0.175077
2.02743e-09	-0.17497
2.0275e-09	-0.174864
2.02756e-09	-0.174758
2.02762e-09	-0.174652
2.02769e-09	-0.174545
2.02775e-09	-0.174439
2.02782e-09	-0.174333
2.02788e-09	-0.174227
2.02794e-09	-0.174121
2.02801e-09	-0.174014
2.02807e-09	-0.173908
2.02814e-09	-0.173802
2.0282e-09	-0.173696
2.02826e-09	-0.17359
2.02833e-09	-0.173484
2.02839e-09	-0.173378
2.02846e-09	-0.173272
2.02852e-09	-0.173166
2.02858e-09	-0.17306
2.02865e-09	-0.172954
2.02871e-09	-0.172848
2.02878e-09	-0.172742
2.02884e-09	-0.172636
2.0289e-09	-0.17253
2.02897e-09	-0.172424
2.02903e-09	-0.172318
2.0291e-09	-0.172212
2.02916e-09	-0.172106
2.02922e-09	-0.172001
2.02929e-09	-0.171895
2.02935e-09	-0.171789
2.02942e-09	-0.171683
2.02948e-09	-0.171577
2.02954e-09	-0.171472
2.02961e-09	-0.171366
2.02967e-09	-0.17126
2.02974e-09	-0.171154
2.0298e-09	-0.171049
2.02986e-09	-0.170943
2.02993e-09	-0.170838
2.02999e-09	-0.170732
2.03006e-09	-0.170626
2.03012e-09	-0.170521
2.03018e-09	-0.170415
2.03025e-09	-0.17031
2.03031e-09	-0.170204
2.03038e-09	-0.170099
2.03044e-09	-0.169993
2.0305e-09	-0.169888
2.03057e-09	-0.169782
2.03063e-09	-0.169677
2.0307e-09	-0.169571
2.03076e-09	-0.169466
2.03082e-09	-0.16936
2.03089e-09	-0.169255
2.03095e-09	-0.16915
2.03102e-09	-0.169044
2.03108e-09	-0.168939
2.03114e-09	-0.168834
2.03121e-09	-0.168728
2.03127e-09	-0.168623
2.03134e-09	-0.168518
2.0314e-09	-0.168413
2.03146e-09	-0.168308
2.03153e-09	-0.168202
2.03159e-09	-0.168097
2.03166e-09	-0.167992
2.03172e-09	-0.167887
2.03178e-09	-0.167782
2.03185e-09	-0.167677
2.03191e-09	-0.167572
2.03198e-09	-0.167467
2.03204e-09	-0.167362
2.0321e-09	-0.167257
2.03217e-09	-0.167152
2.03223e-09	-0.167047
2.0323e-09	-0.166942
2.03236e-09	-0.166837
2.03242e-09	-0.166732
2.03249e-09	-0.166627
2.03255e-09	-0.166522
2.03262e-09	-0.166417
2.03268e-09	-0.166312
2.03274e-09	-0.166207
2.03281e-09	-0.166103
2.03287e-09	-0.165998
2.03294e-09	-0.165893
2.033e-09	-0.165788
2.03306e-09	-0.165684
2.03313e-09	-0.165579
2.03319e-09	-0.165474
2.03326e-09	-0.165369
2.03332e-09	-0.165265
2.03338e-09	-0.16516
2.03345e-09	-0.165055
2.03351e-09	-0.164951
2.03358e-09	-0.164846
2.03364e-09	-0.164742
2.0337e-09	-0.164637
2.03377e-09	-0.164533
2.03383e-09	-0.164428
2.0339e-09	-0.164324
2.03396e-09	-0.164219
2.03402e-09	-0.164115
2.03409e-09	-0.16401
2.03415e-09	-0.163906
2.03422e-09	-0.163802
2.03428e-09	-0.163697
2.03434e-09	-0.163593
2.03441e-09	-0.163488
2.03447e-09	-0.163384
2.03454e-09	-0.16328
2.0346e-09	-0.163176
2.03466e-09	-0.163071
2.03473e-09	-0.162967
2.03479e-09	-0.162863
2.03486e-09	-0.162759
2.03492e-09	-0.162655
2.03499e-09	-0.16255
2.03505e-09	-0.162446
2.03511e-09	-0.162342
2.03518e-09	-0.162238
2.03524e-09	-0.162134
2.03531e-09	-0.16203
2.03537e-09	-0.161926
2.03543e-09	-0.161822
2.0355e-09	-0.161718
2.03556e-09	-0.161614
2.03563e-09	-0.16151
2.03569e-09	-0.161406
2.03575e-09	-0.161302
2.03582e-09	-0.161198
2.03588e-09	-0.161094
2.03595e-09	-0.16099
2.03601e-09	-0.160887
2.03607e-09	-0.160783
2.03614e-09	-0.160679
2.0362e-09	-0.160575
2.03627e-09	-0.160471
2.03633e-09	-0.160368
2.03639e-09	-0.160264
2.03646e-09	-0.16016
2.03652e-09	-0.160057
2.03659e-09	-0.159953
2.03665e-09	-0.159849
2.03671e-09	-0.159746
2.03678e-09	-0.159642
2.03684e-09	-0.159539
2.03691e-09	-0.159435
2.03697e-09	-0.159332
2.03703e-09	-0.159228
2.0371e-09	-0.159125
2.03716e-09	-0.159021
2.03723e-09	-0.158918
2.03729e-09	-0.158814
2.03735e-09	-0.158711
2.03742e-09	-0.158607
2.03748e-09	-0.158504
2.03755e-09	-0.158401
2.03761e-09	-0.158297
2.03767e-09	-0.158194
2.03774e-09	-0.158091
2.0378e-09	-0.157987
2.03787e-09	-0.157884
2.03793e-09	-0.157781
2.03799e-09	-0.157678
2.03806e-09	-0.157575
2.03812e-09	-0.157471
2.03819e-09	-0.157368
2.03825e-09	-0.157265
2.03831e-09	-0.157162
2.03838e-09	-0.157059
2.03844e-09	-0.156956
2.03851e-09	-0.156853
2.03857e-09	-0.15675
2.03863e-09	-0.156647
2.0387e-09	-0.156544
2.03876e-09	-0.156441
2.03883e-09	-0.156338
2.03889e-09	-0.156235
2.03895e-09	-0.156132
2.03902e-09	-0.156029
2.03908e-09	-0.155927
2.03915e-09	-0.155824
2.03921e-09	-0.155721
2.03927e-09	-0.155618
2.03934e-09	-0.155515
2.0394e-09	-0.155413
2.03947e-09	-0.15531
2.03953e-09	-0.155207
2.03959e-09	-0.155105
2.03966e-09	-0.155002
2.03972e-09	-0.154899
2.03979e-09	-0.154797
2.03985e-09	-0.154694
2.03991e-09	-0.154591
2.03998e-09	-0.154489
2.04004e-09	-0.154386
2.04011e-09	-0.154284
2.04017e-09	-0.154181
2.04023e-09	-0.154079
2.0403e-09	-0.153977
2.04036e-09	-0.153874
2.04043e-09	-0.153772
2.04049e-09	-0.153669
2.04055e-09	-0.153567
2.04062e-09	-0.153465
2.04068e-09	-0.153362
2.04075e-09	-0.15326
2.04081e-09	-0.153158
2.04087e-09	-0.153055
2.04094e-09	-0.152953
2.041e-09	-0.152851
2.04107e-09	-0.152749
2.04113e-09	-0.152647
2.04119e-09	-0.152545
2.04126e-09	-0.152442
2.04132e-09	-0.15234
2.04139e-09	-0.152238
2.04145e-09	-0.152136
2.04151e-09	-0.152034
2.04158e-09	-0.151932
2.04164e-09	-0.15183
2.04171e-09	-0.151728
2.04177e-09	-0.151626
2.04183e-09	-0.151524
2.0419e-09	-0.151423
2.04196e-09	-0.151321
2.04203e-09	-0.151219
2.04209e-09	-0.151117
2.04215e-09	-0.151015
2.04222e-09	-0.150913
2.04228e-09	-0.150812
2.04235e-09	-0.15071
2.04241e-09	-0.150608
2.04247e-09	-0.150506
2.04254e-09	-0.150405
2.0426e-09	-0.150303
2.04267e-09	-0.150201
2.04273e-09	-0.1501
2.04279e-09	-0.149998
2.04286e-09	-0.149897
2.04292e-09	-0.149795
2.04299e-09	-0.149694
2.04305e-09	-0.149592
2.04311e-09	-0.149491
2.04318e-09	-0.149389
2.04324e-09	-0.149288
2.04331e-09	-0.149186
2.04337e-09	-0.149085
2.04343e-09	-0.148984
2.0435e-09	-0.148882
2.04356e-09	-0.148781
2.04363e-09	-0.14868
2.04369e-09	-0.148578
2.04375e-09	-0.148477
2.04382e-09	-0.148376
2.04388e-09	-0.148275
2.04395e-09	-0.148174
2.04401e-09	-0.148072
2.04407e-09	-0.147971
2.04414e-09	-0.14787
2.0442e-09	-0.147769
2.04427e-09	-0.147668
2.04433e-09	-0.147567
2.04439e-09	-0.147466
2.04446e-09	-0.147365
2.04452e-09	-0.147264
2.04459e-09	-0.147163
2.04465e-09	-0.147062
2.04471e-09	-0.146961
2.04478e-09	-0.14686
2.04484e-09	-0.146759
2.04491e-09	-0.146659
2.04497e-09	-0.146558
2.04503e-09	-0.146457
2.0451e-09	-0.146356
2.04516e-09	-0.146256
2.04523e-09	-0.146155
2.04529e-09	-0.146054
2.04535e-09	-0.145953
2.04542e-09	-0.145853
2.04548e-09	-0.145752
2.04555e-09	-0.145652
2.04561e-09	-0.145551
2.04567e-09	-0.14545
2.04574e-09	-0.14535
2.0458e-09	-0.145249
2.04587e-09	-0.145149
2.04593e-09	-0.145048
2.04599e-09	-0.144948
2.04606e-09	-0.144848
2.04612e-09	-0.144747
2.04619e-09	-0.144647
2.04625e-09	-0.144546
2.04631e-09	-0.144446
2.04638e-09	-0.144346
2.04644e-09	-0.144246
2.04651e-09	-0.144145
2.04657e-09	-0.144045
2.04663e-09	-0.143945
2.0467e-09	-0.143845
2.04676e-09	-0.143744
2.04683e-09	-0.143644
2.04689e-09	-0.143544
2.04695e-09	-0.143444
2.04702e-09	-0.143344
2.04708e-09	-0.143244
2.04715e-09	-0.143144
2.04721e-09	-0.143044
2.04727e-09	-0.142944
2.04734e-09	-0.142844
2.0474e-09	-0.142744
2.04747e-09	-0.142644
2.04753e-09	-0.142544
2.04759e-09	-0.142445
2.04766e-09	-0.142345
2.04772e-09	-0.142245
2.04779e-09	-0.142145
2.04785e-09	-0.142045
2.04791e-09	-0.141946
2.04798e-09	-0.141846
2.04804e-09	-0.141746
2.04811e-09	-0.141647
2.04817e-09	-0.141547
2.04823e-09	-0.141447
2.0483e-09	-0.141348
2.04836e-09	-0.141248
2.04843e-09	-0.141149
2.04849e-09	-0.141049
2.04855e-09	-0.14095
2.04862e-09	-0.14085
2.04868e-09	-0.140751
2.04875e-09	-0.140651
2.04881e-09	-0.140552
2.04887e-09	-0.140452
2.04894e-09	-0.140353
2.049e-09	-0.140254
2.04907e-09	-0.140155
2.04913e-09	-0.140055
2.04919e-09	-0.139956
2.04926e-09	-0.139857
2.04932e-09	-0.139758
2.04939e-09	-0.139658
2.04945e-09	-0.139559
2.04951e-09	-0.13946
2.04958e-09	-0.139361
2.04964e-09	-0.139262
2.04971e-09	-0.139163
2.04977e-09	-0.139064
2.04983e-09	-0.138965
2.0499e-09	-0.138866
2.04996e-09	-0.138767
2.05003e-09	-0.138668
2.05009e-09	-0.138569
2.05015e-09	-0.13847
2.05022e-09	-0.138371
2.05028e-09	-0.138272
2.05035e-09	-0.138174
2.05041e-09	-0.138075
2.05047e-09	-0.137976
2.05054e-09	-0.137877
2.0506e-09	-0.137779
2.05067e-09	-0.13768
2.05073e-09	-0.137581
2.05079e-09	-0.137483
2.05086e-09	-0.137384
2.05092e-09	-0.137285
2.05099e-09	-0.137187
2.05105e-09	-0.137088
2.05111e-09	-0.13699
2.05118e-09	-0.136891
2.05124e-09	-0.136793
2.05131e-09	-0.136694
2.05137e-09	-0.136596
2.05143e-09	-0.136498
2.0515e-09	-0.136399
2.05156e-09	-0.136301
2.05163e-09	-0.136203
2.05169e-09	-0.136104
2.05175e-09	-0.136006
2.05182e-09	-0.135908
2.05188e-09	-0.13581
2.05195e-09	-0.135711
2.05201e-09	-0.135613
2.05207e-09	-0.135515
2.05214e-09	-0.135417
2.0522e-09	-0.135319
2.05227e-09	-0.135221
2.05233e-09	-0.135123
2.0524e-09	-0.135025
2.05246e-09	-0.134927
2.05252e-09	-0.134829
2.05259e-09	-0.134731
2.05265e-09	-0.134633
2.05272e-09	-0.134535
2.05278e-09	-0.134437
2.05284e-09	-0.134339
2.05291e-09	-0.134241
2.05297e-09	-0.134144
2.05304e-09	-0.134046
2.0531e-09	-0.133948
2.05316e-09	-0.13385
2.05323e-09	-0.133753
2.05329e-09	-0.133655
2.05336e-09	-0.133557
2.05342e-09	-0.13346
2.05348e-09	-0.133362
2.05355e-09	-0.133265
2.05361e-09	-0.133167
2.05368e-09	-0.13307
2.05374e-09	-0.132972
2.0538e-09	-0.132875
2.05387e-09	-0.132777
2.05393e-09	-0.13268
2.054e-09	-0.132583
2.05406e-09	-0.132485
2.05412e-09	-0.132388
2.05419e-09	-0.132291
2.05425e-09	-0.132193
2.05432e-09	-0.132096
2.05438e-09	-0.131999
2.05444e-09	-0.131902
2.05451e-09	-0.131804
2.05457e-09	-0.131707
2.05464e-09	-0.13161
2.0547e-09	-0.131513
2.05476e-09	-0.131416
2.05483e-09	-0.131319
2.05489e-09	-0.131222
2.05496e-09	-0.131125
2.05502e-09	-0.131028
2.05508e-09	-0.130931
2.05515e-09	-0.130834
2.05521e-09	-0.130737
2.05528e-09	-0.13064
2.05534e-09	-0.130543
2.0554e-09	-0.130447
2.05547e-09	-0.13035
2.05553e-09	-0.130253
2.0556e-09	-0.130156
2.05566e-09	-0.13006
2.05572e-09	-0.129963
2.05579e-09	-0.129866
2.05585e-09	-0.12977
2.05592e-09	-0.129673
2.05598e-09	-0.129577
2.05604e-09	-0.12948
2.05611e-09	-0.129383
2.05617e-09	-0.129287
2.05624e-09	-0.12919
2.0563e-09	-0.129094
2.05636e-09	-0.128998
2.05643e-09	-0.128901
2.05649e-09	-0.128805
2.05656e-09	-0.128708
2.05662e-09	-0.128612
2.05668e-09	-0.128516
2.05675e-09	-0.12842
2.05681e-09	-0.128323
2.05688e-09	-0.128227
2.05694e-09	-0.128131
2.057e-09	-0.128035
2.05707e-09	-0.127939
2.05713e-09	-0.127843
2.0572e-09	-0.127746
2.05726e-09	-0.12765
2.05732e-09	-0.127554
2.05739e-09	-0.127458
2.05745e-09	-0.127362
2.05752e-09	-0.127266
2.05758e-09	-0.127171
2.05764e-09	-0.127075
2.05771e-09	-0.126979
2.05777e-09	-0.126883
2.05784e-09	-0.126787
2.0579e-09	-0.126691
2.05796e-09	-0.126596
2.05803e-09	-0.1265
2.05809e-09	-0.126404
2.05816e-09	-0.126308
2.05822e-09	-0.126213
2.05828e-09	-0.126117
2.05835e-09	-0.126022
2.05841e-09	-0.125926
2.05848e-09	-0.12583
2.05854e-09	-0.125735
2.0586e-09	-0.125639
2.05867e-09	-0.125544
2.05873e-09	-0.125449
2.0588e-09	-0.125353
2.05886e-09	-0.125258
2.05892e-09	-0.125162
2.05899e-09	-0.125067
2.05905e-09	-0.124972
2.05912e-09	-0.124876
2.05918e-09	-0.124781
2.05924e-09	-0.124686
2.05931e-09	-0.124591
2.05937e-09	-0.124496
2.05944e-09	-0.1244
2.0595e-09	-0.124305
2.05956e-09	-0.12421
2.05963e-09	-0.124115
2.05969e-09	-0.12402
2.05976e-09	-0.123925
2.05982e-09	-0.12383
2.05988e-09	-0.123735
2.05995e-09	-0.12364
2.06001e-09	-0.123545
2.06008e-09	-0.12345
2.06014e-09	-0.123356
2.0602e-09	-0.123261
2.06027e-09	-0.123166
2.06033e-09	-0.123071
2.0604e-09	-0.122976
2.06046e-09	-0.122882
2.06052e-09	-0.122787
2.06059e-09	-0.122692
2.06065e-09	-0.122598
2.06072e-09	-0.122503
2.06078e-09	-0.122409
2.06084e-09	-0.122314
2.06091e-09	-0.12222
2.06097e-09	-0.122125
2.06104e-09	-0.122031
2.0611e-09	-0.121936
2.06116e-09	-0.121842
2.06123e-09	-0.121747
2.06129e-09	-0.121653
2.06136e-09	-0.121559
2.06142e-09	-0.121464
2.06148e-09	-0.12137
2.06155e-09	-0.121276
2.06161e-09	-0.121182
2.06168e-09	-0.121087
2.06174e-09	-0.120993
2.0618e-09	-0.120899
2.06187e-09	-0.120805
2.06193e-09	-0.120711
2.062e-09	-0.120617
2.06206e-09	-0.120523
2.06212e-09	-0.120429
2.06219e-09	-0.120335
2.06225e-09	-0.120241
2.06232e-09	-0.120147
2.06238e-09	-0.120053
2.06244e-09	-0.119959
2.06251e-09	-0.119865
2.06257e-09	-0.119772
2.06264e-09	-0.119678
2.0627e-09	-0.119584
2.06276e-09	-0.11949
2.06283e-09	-0.119397
2.06289e-09	-0.119303
2.06296e-09	-0.119209
2.06302e-09	-0.119116
2.06308e-09	-0.119022
2.06315e-09	-0.118929
2.06321e-09	-0.118835
2.06328e-09	-0.118742
2.06334e-09	-0.118648
2.0634e-09	-0.118555
2.06347e-09	-0.118461
2.06353e-09	-0.118368
2.0636e-09	-0.118275
2.06366e-09	-0.118181
2.06372e-09	-0.118088
2.06379e-09	-0.117995
2.06385e-09	-0.117901
2.06392e-09	-0.117808
2.06398e-09	-0.117715
2.06404e-09	-0.117622
2.06411e-09	-0.117529
2.06417e-09	-0.117436
2.06424e-09	-0.117342
2.0643e-09	-0.117249
2.06436e-09	-0.117156
2.06443e-09	-0.117063
2.06449e-09	-0.11697
2.06456e-09	-0.116877
2.06462e-09	-0.116785
2.06468e-09	-0.116692
2.06475e-09	-0.116599
2.06481e-09	-0.116506
2.06488e-09	-0.116413
2.06494e-09	-0.11632
2.065e-09	-0.116228
2.06507e-09	-0.116135
2.06513e-09	-0.116042
2.0652e-09	-0.11595
2.06526e-09	-0.115857
2.06532e-09	-0.115764
2.06539e-09	-0.115672
2.06545e-09	-0.115579
2.06552e-09	-0.115487
2.06558e-09	-0.115394
2.06564e-09	-0.115302
2.06571e-09	-0.115209
2.06577e-09	-0.115117
2.06584e-09	-0.115025
2.0659e-09	-0.114932
2.06596e-09	-0.11484
2.06603e-09	-0.114748
2.06609e-09	-0.114655
2.06616e-09	-0.114563
2.06622e-09	-0.114471
2.06628e-09	-0.114379
2.06635e-09	-0.114287
2.06641e-09	-0.114194
2.06648e-09	-0.114102
2.06654e-09	-0.11401
2.0666e-09	-0.113918
2.06667e-09	-0.113826
2.06673e-09	-0.113734
2.0668e-09	-0.113642
2.06686e-09	-0.11355
2.06692e-09	-0.113459
2.06699e-09	-0.113367
2.06705e-09	-0.113275
2.06712e-09	-0.113183
2.06718e-09	-0.113091
2.06724e-09	-0.113
2.06731e-09	-0.112908
2.06737e-09	-0.112816
2.06744e-09	-0.112724
2.0675e-09	-0.112633
2.06756e-09	-0.112541
2.06763e-09	-0.11245
2.06769e-09	-0.112358
2.06776e-09	-0.112267
2.06782e-09	-0.112175
2.06788e-09	-0.112084
2.06795e-09	-0.111992
2.06801e-09	-0.111901
2.06808e-09	-0.111809
2.06814e-09	-0.111718
2.0682e-09	-0.111627
2.06827e-09	-0.111535
2.06833e-09	-0.111444
2.0684e-09	-0.111353
2.06846e-09	-0.111262
2.06852e-09	-0.111171
2.06859e-09	-0.111079
2.06865e-09	-0.110988
2.06872e-09	-0.110897
2.06878e-09	-0.110806
2.06884e-09	-0.110715
2.06891e-09	-0.110624
2.06897e-09	-0.110533
2.06904e-09	-0.110442
2.0691e-09	-0.110351
2.06916e-09	-0.110261
2.06923e-09	-0.11017
2.06929e-09	-0.110079
2.06936e-09	-0.109988
2.06942e-09	-0.109897
2.06948e-09	-0.109807
2.06955e-09	-0.109716
2.06961e-09	-0.109625
2.06968e-09	-0.109535
2.06974e-09	-0.109444
2.0698e-09	-0.109353
2.06987e-09	-0.109263
2.06993e-09	-0.109172
2.07e-09	-0.109082
2.07006e-09	-0.108991
2.07013e-09	-0.108901
2.07019e-09	-0.10881
2.07025e-09	-0.10872
2.07032e-09	-0.10863
2.07038e-09	-0.108539
2.07045e-09	-0.108449
2.07051e-09	-0.108359
2.07057e-09	-0.108269
2.07064e-09	-0.108178
2.0707e-09	-0.108088
2.07077e-09	-0.107998
2.07083e-09	-0.107908
2.07089e-09	-0.107818
2.07096e-09	-0.107728
2.07102e-09	-0.107638
2.07109e-09	-0.107548
2.07115e-09	-0.107458
2.07121e-09	-0.107368
2.07128e-09	-0.107278
2.07134e-09	-0.107188
2.07141e-09	-0.107098
2.07147e-09	-0.107008
2.07153e-09	-0.106918
2.0716e-09	-0.106829
2.07166e-09	-0.106739
2.07173e-09	-0.106649
2.07179e-09	-0.10656
2.07185e-09	-0.10647
2.07192e-09	-0.10638
2.07198e-09	-0.106291
2.07205e-09	-0.106201
2.07211e-09	-0.106112
2.07217e-09	-0.106022
2.07224e-09	-0.105933
2.0723e-09	-0.105843
2.07237e-09	-0.105754
2.07243e-09	-0.105664
2.07249e-09	-0.105575
2.07256e-09	-0.105486
2.07262e-09	-0.105396
2.07269e-09	-0.105307
2.07275e-09	-0.105218
2.07281e-09	-0.105129
2.07288e-09	-0.10504
2.07294e-09	-0.10495
2.07301e-09	-0.104861
2.07307e-09	-0.104772
2.07313e-09	-0.104683
2.0732e-09	-0.104594
2.07326e-09	-0.104505
2.07333e-09	-0.104416
2.07339e-09	-0.104327
2.07345e-09	-0.104238
2.07352e-09	-0.10415
2.07358e-09	-0.104061
2.07365e-09	-0.103972
2.07371e-09	-0.103883
2.07377e-09	-0.103794
2.07384e-09	-0.103706
2.0739e-09	-0.103617
2.07397e-09	-0.103528
2.07403e-09	-0.10344
2.07409e-09	-0.103351
2.07416e-09	-0.103262
2.07422e-09	-0.103174
2.07429e-09	-0.103085
2.07435e-09	-0.102997
2.07441e-09	-0.102908
2.07448e-09	-0.10282
2.07454e-09	-0.102732
2.07461e-09	-0.102643
2.07467e-09	-0.102555
2.07473e-09	-0.102467
2.0748e-09	-0.102378
2.07486e-09	-0.10229
2.07493e-09	-0.102202
2.07499e-09	-0.102114
2.07505e-09	-0.102026
2.07512e-09	-0.101937
2.07518e-09	-0.101849
2.07525e-09	-0.101761
2.07531e-09	-0.101673
2.07537e-09	-0.101585
2.07544e-09	-0.101497
2.0755e-09	-0.101409
2.07557e-09	-0.101321
2.07563e-09	-0.101233
2.07569e-09	-0.101146
2.07576e-09	-0.101058
2.07582e-09	-0.10097
2.07589e-09	-0.100882
2.07595e-09	-0.100795
2.07601e-09	-0.100707
2.07608e-09	-0.100619
2.07614e-09	-0.100532
2.07621e-09	-0.100444
2.07627e-09	-0.100356
2.07633e-09	-0.100269
2.0764e-09	-0.100181
2.07646e-09	-0.100094
2.07653e-09	-0.100006
2.07659e-09	-0.0999189
2.07665e-09	-0.0998315
2.07672e-09	-0.0997441
2.07678e-09	-0.0996568
2.07685e-09	-0.0995695
2.07691e-09	-0.0994822
2.07697e-09	-0.099395
2.07704e-09	-0.0993077
2.0771e-09	-0.0992206
2.07717e-09	-0.0991334
2.07723e-09	-0.0990463
2.07729e-09	-0.0989592
2.07736e-09	-0.0988721
2.07742e-09	-0.0987851
2.07749e-09	-0.0986981
2.07755e-09	-0.0986111
2.07761e-09	-0.0985242
2.07768e-09	-0.0984373
2.07774e-09	-0.0983504
2.07781e-09	-0.0982635
2.07787e-09	-0.0981767
2.07793e-09	-0.0980899
2.078e-09	-0.0980032
2.07806e-09	-0.0979165
2.07813e-09	-0.0978298
2.07819e-09	-0.0977431
2.07825e-09	-0.0976565
2.07832e-09	-0.0975699
2.07838e-09	-0.0974833
2.07845e-09	-0.0973967
2.07851e-09	-0.0973102
2.07857e-09	-0.0972238
2.07864e-09	-0.0971373
2.0787e-09	-0.0970509
2.07877e-09	-0.0969645
2.07883e-09	-0.0968781
2.07889e-09	-0.0967918
2.07896e-09	-0.0967055
2.07902e-09	-0.0966193
2.07909e-09	-0.096533
2.07915e-09	-0.0964468
2.07921e-09	-0.0963606
2.07928e-09	-0.0962745
2.07934e-09	-0.0961884
2.07941e-09	-0.0961023
2.07947e-09	-0.0960163
2.07953e-09	-0.0959302
2.0796e-09	-0.0958443
2.07966e-09	-0.0957583
2.07973e-09	-0.0956724
2.07979e-09	-0.0955865
2.07985e-09	-0.0955006
2.07992e-09	-0.0954148
2.07998e-09	-0.095329
2.08005e-09	-0.0952432
2.08011e-09	-0.0951575
2.08017e-09	-0.0950718
2.08024e-09	-0.0949861
2.0803e-09	-0.0949004
2.08037e-09	-0.0948148
2.08043e-09	-0.0947292
2.08049e-09	-0.0946437
2.08056e-09	-0.0945582
2.08062e-09	-0.0944727
2.08069e-09	-0.0943872
2.08075e-09	-0.0943018
2.08081e-09	-0.0942164
2.08088e-09	-0.094131
2.08094e-09	-0.0940457
2.08101e-09	-0.0939604
2.08107e-09	-0.0938751
2.08113e-09	-0.0937899
2.0812e-09	-0.0937046
2.08126e-09	-0.0936195
2.08133e-09	-0.0935343
2.08139e-09	-0.0934492
2.08145e-09	-0.0933641
2.08152e-09	-0.093279
2.08158e-09	-0.093194
2.08165e-09	-0.093109
2.08171e-09	-0.0930241
2.08177e-09	-0.0929391
2.08184e-09	-0.0928542
2.0819e-09	-0.0927694
2.08197e-09	-0.0926845
2.08203e-09	-0.0925997
2.08209e-09	-0.0925149
2.08216e-09	-0.0924302
2.08222e-09	-0.0923455
2.08229e-09	-0.0922608
2.08235e-09	-0.0921761
2.08241e-09	-0.0920915
2.08248e-09	-0.0920069
2.08254e-09	-0.0919224
2.08261e-09	-0.0918379
2.08267e-09	-0.0917534
2.08273e-09	-0.0916689
2.0828e-09	-0.0915845
2.08286e-09	-0.0915001
2.08293e-09	-0.0914157
2.08299e-09	-0.0913314
2.08305e-09	-0.0912471
2.08312e-09	-0.0911628
2.08318e-09	-0.0910785
2.08325e-09	-0.0909943
2.08331e-09	-0.0909101
2.08337e-09	-0.090826
2.08344e-09	-0.0907419
2.0835e-09	-0.0906578
2.08357e-09	-0.0905737
2.08363e-09	-0.0904897
2.08369e-09	-0.0904057
2.08376e-09	-0.0903218
2.08382e-09	-0.0902378
2.08389e-09	-0.0901539
2.08395e-09	-0.0900701
2.08401e-09	-0.0899862
2.08408e-09	-0.0899024
2.08414e-09	-0.0898187
2.08421e-09	-0.0897349
2.08427e-09	-0.0896512
2.08433e-09	-0.0895675
2.0844e-09	-0.0894839
2.08446e-09	-0.0894003
2.08453e-09	-0.0893167
2.08459e-09	-0.0892331
2.08465e-09	-0.0891496
2.08472e-09	-0.0890661
2.08478e-09	-0.0889827
2.08485e-09	-0.0888992
2.08491e-09	-0.0888159
2.08497e-09	-0.0887325
2.08504e-09	-0.0886492
2.0851e-09	-0.0885659
2.08517e-09	-0.0884826
2.08523e-09	-0.0883994
2.08529e-09	-0.0883162
2.08536e-09	-0.088233
2.08542e-09	-0.0881498
2.08549e-09	-0.0880667
2.08555e-09	-0.0879837
2.08561e-09	-0.0879006
2.08568e-09	-0.0878176
2.08574e-09	-0.0877346
2.08581e-09	-0.0876517
2.08587e-09	-0.0875688
2.08593e-09	-0.0874859
2.086e-09	-0.087403
2.08606e-09	-0.0873202
2.08613e-09	-0.0872374
2.08619e-09	-0.0871546
2.08625e-09	-0.0870719
2.08632e-09	-0.0869892
2.08638e-09	-0.0869066
2.08645e-09	-0.0868239
2.08651e-09	-0.0867413
2.08657e-09	-0.0866588
2.08664e-09	-0.0865762
2.0867e-09	-0.0864937
2.08677e-09	-0.0864112
2.08683e-09	-0.0863288
2.08689e-09	-0.0862464
2.08696e-09	-0.086164
2.08702e-09	-0.0860817
2.08709e-09	-0.0859994
2.08715e-09	-0.0859171
2.08721e-09	-0.0858348
2.08728e-09	-0.0857526
2.08734e-09	-0.0856704
2.08741e-09	-0.0855883
2.08747e-09	-0.0855061
2.08754e-09	-0.0854241
2.0876e-09	-0.085342
2.08766e-09	-0.08526
2.08773e-09	-0.085178
2.08779e-09	-0.085096
2.08786e-09	-0.0850141
2.08792e-09	-0.0849322
2.08798e-09	-0.0848503
2.08805e-09	-0.0847685
2.08811e-09	-0.0846867
2.08818e-09	-0.0846049
2.08824e-09	-0.0845232
2.0883e-09	-0.0844415
2.08837e-09	-0.0843598
2.08843e-09	-0.0842782
2.0885e-09	-0.0841965
2.08856e-09	-0.084115
2.08862e-09	-0.0840334
2.08869e-09	-0.0839519
2.08875e-09	-0.0838704
2.08882e-09	-0.083789
2.08888e-09	-0.0837075
2.08894e-09	-0.0836262
2.08901e-09	-0.0835448
2.08907e-09	-0.0834635
2.08914e-09	-0.0833822
2.0892e-09	-0.0833009
2.08926e-09	-0.0832197
2.08933e-09	-0.0831385
2.08939e-09	-0.0830574
2.08946e-09	-0.0829762
2.08952e-09	-0.0828951
2.08958e-09	-0.0828141
2.08965e-09	-0.082733
2.08971e-09	-0.082652
2.08978e-09	-0.0825711
2.08984e-09	-0.0824901
2.0899e-09	-0.0824092
2.08997e-09	-0.0823284
2.09003e-09	-0.0822475
2.0901e-09	-0.0821667
2.09016e-09	-0.0820859
2.09022e-09	-0.0820052
2.09029e-09	-0.0819245
2.09035e-09	-0.0818438
2.09042e-09	-0.0817632
2.09048e-09	-0.0816826
2.09054e-09	-0.081602
2.09061e-09	-0.0815214
2.09067e-09	-0.0814409
2.09074e-09	-0.0813604
2.0908e-09	-0.08128
2.09086e-09	-0.0811995
2.09093e-09	-0.0811192
2.09099e-09	-0.0810388
2.09106e-09	-0.0809585
2.09112e-09	-0.0808782
2.09118e-09	-0.0807979
2.09125e-09	-0.0807177
2.09131e-09	-0.0806375
2.09138e-09	-0.0805574
2.09144e-09	-0.0804772
2.0915e-09	-0.0803971
2.09157e-09	-0.0803171
2.09163e-09	-0.080237
2.0917e-09	-0.080157
2.09176e-09	-0.0800771
2.09182e-09	-0.0799971
2.09189e-09	-0.0799172
2.09195e-09	-0.0798374
2.09202e-09	-0.0797575
2.09208e-09	-0.0796777
2.09214e-09	-0.0795979
2.09221e-09	-0.0795182
2.09227e-09	-0.0794385
2.09234e-09	-0.0793588
2.0924e-09	-0.0792792
2.09246e-09	-0.0791996
2.09253e-09	-0.07912
2.09259e-09	-0.0790405
2.09266e-09	-0.0789609
2.09272e-09	-0.0788815
2.09278e-09	-0.078802
2.09285e-09	-0.0787226
2.09291e-09	-0.0786432
2.09298e-09	-0.0785639
2.09304e-09	-0.0784845
2.0931e-09	-0.0784053
2.09317e-09	-0.078326
2.09323e-09	-0.0782468
2.0933e-09	-0.0781676
2.09336e-09	-0.0780884
2.09342e-09	-0.0780093
2.09349e-09	-0.0779302
2.09355e-09	-0.0778512
2.09362e-09	-0.0777721
2.09368e-09	-0.0776932
2.09374e-09	-0.0776142
2.09381e-09	-0.0775353
2.09387e-09	-0.0774564
2.09394e-09	-0.0773775
2.094e-09	-0.0772987
2.09406e-09	-0.0772199
2.09413e-09	-0.0771411
2.09419e-09	-0.0770624
2.09426e-09	-0.0769837
2.09432e-09	-0.076905
2.09438e-09	-0.0768264
2.09445e-09	-0.0767478
2.09451e-09	-0.0766692
2.09458e-09	-0.0765907
2.09464e-09	-0.0765122
2.0947e-09	-0.0764337
2.09477e-09	-0.0763553
2.09483e-09	-0.0762769
2.0949e-09	-0.0761985
2.09496e-09	-0.0761202
2.09502e-09	-0.0760419
2.09509e-09	-0.0759636
2.09515e-09	-0.0758853
2.09522e-09	-0.0758071
2.09528e-09	-0.075729
2.09534e-09	-0.0756508
2.09541e-09	-0.0755727
2.09547e-09	-0.0754946
2.09554e-09	-0.0754166
2.0956e-09	-0.0753386
2.09566e-09	-0.0752606
2.09573e-09	-0.0751826
2.09579e-09	-0.0751047
2.09586e-09	-0.0750268
2.09592e-09	-0.074949
2.09598e-09	-0.0748712
2.09605e-09	-0.0747934
2.09611e-09	-0.0747157
2.09618e-09	-0.0746379
2.09624e-09	-0.0745602
2.0963e-09	-0.0744826
2.09637e-09	-0.074405
2.09643e-09	-0.0743274
2.0965e-09	-0.0742498
2.09656e-09	-0.0741723
2.09662e-09	-0.0740948
2.09669e-09	-0.0740174
2.09675e-09	-0.0739399
2.09682e-09	-0.0738626
2.09688e-09	-0.0737852
2.09694e-09	-0.0737079
2.09701e-09	-0.0736306
2.09707e-09	-0.0735533
2.09714e-09	-0.0734761
2.0972e-09	-0.0733989
2.09726e-09	-0.0733218
2.09733e-09	-0.0732446
2.09739e-09	-0.0731675
2.09746e-09	-0.0730905
2.09752e-09	-0.0730135
2.09758e-09	-0.0729365
2.09765e-09	-0.0728595
2.09771e-09	-0.0727826
2.09778e-09	-0.0727057
2.09784e-09	-0.0726288
2.0979e-09	-0.072552
2.09797e-09	-0.0724752
2.09803e-09	-0.0723984
2.0981e-09	-0.0723217
2.09816e-09	-0.072245
2.09822e-09	-0.0721683
2.09829e-09	-0.0720917
2.09835e-09	-0.0720151
2.09842e-09	-0.0719385
2.09848e-09	-0.071862
2.09854e-09	-0.0717855
2.09861e-09	-0.071709
2.09867e-09	-0.0716326
2.09874e-09	-0.0715562
2.0988e-09	-0.0714798
2.09886e-09	-0.0714035
2.09893e-09	-0.0713272
2.09899e-09	-0.0712509
2.09906e-09	-0.0711747
2.09912e-09	-0.0710985
2.09918e-09	-0.0710223
2.09925e-09	-0.0709462
2.09931e-09	-0.0708701
2.09938e-09	-0.070794
2.09944e-09	-0.070718
2.0995e-09	-0.0706419
2.09957e-09	-0.070566
2.09963e-09	-0.07049
2.0997e-09	-0.0704141
2.09976e-09	-0.0703383
2.09982e-09	-0.0702624
2.09989e-09	-0.0701866
2.09995e-09	-0.0701108
2.10002e-09	-0.0700351
2.10008e-09	-0.0699594
2.10014e-09	-0.0698837
2.10021e-09	-0.0698081
2.10027e-09	-0.0697325
2.10034e-09	-0.0696569
2.1004e-09	-0.0695813
2.10046e-09	-0.0695058
2.10053e-09	-0.0694304
2.10059e-09	-0.0693549
2.10066e-09	-0.0692795
2.10072e-09	-0.0692041
2.10078e-09	-0.0691288
2.10085e-09	-0.0690535
2.10091e-09	-0.0689782
2.10098e-09	-0.068903
2.10104e-09	-0.0688277
2.1011e-09	-0.0687526
2.10117e-09	-0.0686774
2.10123e-09	-0.0686023
2.1013e-09	-0.0685272
2.10136e-09	-0.0684522
2.10142e-09	-0.0683772
2.10149e-09	-0.0683022
2.10155e-09	-0.0682273
2.10162e-09	-0.0681523
2.10168e-09	-0.0680775
2.10174e-09	-0.0680026
2.10181e-09	-0.0679278
2.10187e-09	-0.067853
2.10194e-09	-0.0677783
2.102e-09	-0.0677036
2.10206e-09	-0.0676289
2.10213e-09	-0.0675543
2.10219e-09	-0.0674796
2.10226e-09	-0.0674051
2.10232e-09	-0.0673305
2.10238e-09	-0.067256
2.10245e-09	-0.0671815
2.10251e-09	-0.0671071
2.10258e-09	-0.0670327
2.10264e-09	-0.0669583
2.1027e-09	-0.0668839
2.10277e-09	-0.0668096
2.10283e-09	-0.0667353
2.1029e-09	-0.0666611
2.10296e-09	-0.0665869
2.10302e-09	-0.0665127
2.10309e-09	-0.0664385
2.10315e-09	-0.0663644
2.10322e-09	-0.0662903
2.10328e-09	-0.0662163
2.10334e-09	-0.0661423
2.10341e-09	-0.0660683
2.10347e-09	-0.0659944
2.10354e-09	-0.0659204
2.1036e-09	-0.0658466
2.10366e-09	-0.0657727
2.10373e-09	-0.0656989
2.10379e-09	-0.0656251
2.10386e-09	-0.0655514
2.10392e-09	-0.0654777
2.10398e-09	-0.065404
2.10405e-09	-0.0653303
2.10411e-09	-0.0652567
2.10418e-09	-0.0651831
2.10424e-09	-0.0651096
2.1043e-09	-0.0650361
2.10437e-09	-0.0649626
2.10443e-09	-0.0648891
2.1045e-09	-0.0648157
2.10456e-09	-0.0647423
2.10462e-09	-0.064669
2.10469e-09	-0.0645957
2.10475e-09	-0.0645224
2.10482e-09	-0.0644491
2.10488e-09	-0.0643759
2.10495e-09	-0.0643027
2.10501e-09	-0.0642296
2.10507e-09	-0.0641565
2.10514e-09	-0.0640834
2.1052e-09	-0.0640104
2.10527e-09	-0.0639373
2.10533e-09	-0.0638644
2.10539e-09	-0.0637914
2.10546e-09	-0.0637185
2.10552e-09	-0.0636456
2.10559e-09	-0.0635728
2.10565e-09	-0.0635
2.10571e-09	-0.0634272
2.10578e-09	-0.0633544
2.10584e-09	-0.0632817
2.10591e-09	-0.063209
2.10597e-09	-0.0631364
2.10603e-09	-0.0630638
2.1061e-09	-0.0629912
2.10616e-09	-0.0629187
2.10623e-09	-0.0628461
2.10629e-09	-0.0627737
2.10635e-09	-0.0627012
2.10642e-09	-0.0626288
2.10648e-09	-0.0625564
2.10655e-09	-0.0624841
2.10661e-09	-0.0624118
2.10667e-09	-0.0623395
2.10674e-09	-0.0622672
2.1068e-09	-0.062195
2.10687e-09	-0.0621229
2.10693e-09	-0.0620507
2.10699e-09	-0.0619786
2.10706e-09	-0.0619065
2.10712e-09	-0.0618345
2.10719e-09	-0.0617625
2.10725e-09	-0.0616905
2.10731e-09	-0.0616185
2.10738e-09	-0.0615466
2.10744e-09	-0.0614748
2.10751e-09	-0.0614029
2.10757e-09	-0.0613311
2.10763e-09	-0.0612593
2.1077e-09	-0.0611876
2.10776e-09	-0.0611159
2.10783e-09	-0.0610442
2.10789e-09	-0.0609726
2.10795e-09	-0.0609009
2.10802e-09	-0.0608294
2.10808e-09	-0.0607578
2.10815e-09	-0.0606863
2.10821e-09	-0.0606148
2.10827e-09	-0.0605434
2.10834e-09	-0.060472
2.1084e-09	-0.0604006
2.10847e-09	-0.0603293
2.10853e-09	-0.060258
2.10859e-09	-0.0601867
2.10866e-09	-0.0601155
2.10872e-09	-0.0600443
2.10879e-09	-0.0599731
2.10885e-09	-0.0599019
2.10891e-09	-0.0598308
2.10898e-09	-0.0597598
2.10904e-09	-0.0596887
2.10911e-09	-0.0596177
2.10917e-09	-0.0595467
2.10923e-09	-0.0594758
2.1093e-09	-0.0594049
2.10936e-09	-0.059334
2.10943e-09	-0.0592632
2.10949e-09	-0.0591924
2.10955e-09	-0.0591216
2.10962e-09	-0.0590509
2.10968e-09	-0.0589802
2.10975e-09	-0.0589095
2.10981e-09	-0.0588389
2.10987e-09	-0.0587683
2.10994e-09	-0.0586977
2.11e-09	-0.0586272
2.11007e-09	-0.0585567
2.11013e-09	-0.0584862
2.11019e-09	-0.0584158
2.11026e-09	-0.0583454
2.11032e-09	-0.058275
2.11039e-09	-0.0582047
2.11045e-09	-0.0581344
2.11051e-09	-0.0580641
2.11058e-09	-0.0579939
2.11064e-09	-0.0579237
2.11071e-09	-0.0578535
2.11077e-09	-0.0577834
2.11083e-09	-0.0577133
2.1109e-09	-0.0576432
2.11096e-09	-0.0575732
2.11103e-09	-0.0575032
2.11109e-09	-0.0574332
2.11115e-09	-0.0573633
2.11122e-09	-0.0572934
2.11128e-09	-0.0572235
2.11135e-09	-0.0571537
2.11141e-09	-0.0570839
2.11147e-09	-0.0570141
2.11154e-09	-0.0569444
2.1116e-09	-0.0568747
2.11167e-09	-0.056805
2.11173e-09	-0.0567354
2.11179e-09	-0.0566658
2.11186e-09	-0.0565963
2.11192e-09	-0.0565267
2.11199e-09	-0.0564572
2.11205e-09	-0.0563878
2.11211e-09	-0.0563184
2.11218e-09	-0.056249
2.11224e-09	-0.0561796
2.11231e-09	-0.0561103
2.11237e-09	-0.056041
2.11243e-09	-0.0559717
2.1125e-09	-0.0559025
2.11256e-09	-0.0558333
2.11263e-09	-0.0557642
2.11269e-09	-0.055695
2.11275e-09	-0.0556259
2.11282e-09	-0.0555569
2.11288e-09	-0.0554879
2.11295e-09	-0.0554189
2.11301e-09	-0.0553499
2.11307e-09	-0.055281
2.11314e-09	-0.0552121
2.1132e-09	-0.0551433
2.11327e-09	-0.0550744
2.11333e-09	-0.0550057
2.11339e-09	-0.0549369
2.11346e-09	-0.0548682
2.11352e-09	-0.0547995
2.11359e-09	-0.0547308
2.11365e-09	-0.0546622
2.11371e-09	-0.0545936
2.11378e-09	-0.0545251
2.11384e-09	-0.0544566
2.11391e-09	-0.0543881
2.11397e-09	-0.0543196
2.11403e-09	-0.0542512
2.1141e-09	-0.0541828
2.11416e-09	-0.0541145
2.11423e-09	-0.0540462
2.11429e-09	-0.0539779
2.11435e-09	-0.0539096
2.11442e-09	-0.0538414
2.11448e-09	-0.0537733
2.11455e-09	-0.0537051
2.11461e-09	-0.053637
2.11467e-09	-0.0535689
2.11474e-09	-0.0535009
2.1148e-09	-0.0534329
2.11487e-09	-0.0533649
2.11493e-09	-0.0532969
2.11499e-09	-0.053229
2.11506e-09	-0.0531612
2.11512e-09	-0.0530933
2.11519e-09	-0.0530255
2.11525e-09	-0.0529577
2.11531e-09	-0.05289
2.11538e-09	-0.0528223
2.11544e-09	-0.0527546
2.11551e-09	-0.052687
2.11557e-09	-0.0526193
2.11563e-09	-0.0525518
2.1157e-09	-0.0524842
2.11576e-09	-0.0524167
2.11583e-09	-0.0523493
2.11589e-09	-0.0522818
2.11595e-09	-0.0522144
2.11602e-09	-0.052147
2.11608e-09	-0.0520797
2.11615e-09	-0.0520124
2.11621e-09	-0.0519451
2.11627e-09	-0.0518779
2.11634e-09	-0.0518107
2.1164e-09	-0.0517435
2.11647e-09	-0.0516764
2.11653e-09	-0.0516093
2.11659e-09	-0.0515422
2.11666e-09	-0.0514752
2.11672e-09	-0.0514082
2.11679e-09	-0.0513412
2.11685e-09	-0.0512743
2.11691e-09	-0.0512074
2.11698e-09	-0.0511405
2.11704e-09	-0.0510737
2.11711e-09	-0.0510069
2.11717e-09	-0.0509401
2.11723e-09	-0.0508734
2.1173e-09	-0.0508067
2.11736e-09	-0.05074
2.11743e-09	-0.0506734
2.11749e-09	-0.0506068
2.11755e-09	-0.0505403
2.11762e-09	-0.0504737
2.11768e-09	-0.0504072
2.11775e-09	-0.0503408
2.11781e-09	-0.0502743
2.11787e-09	-0.050208
2.11794e-09	-0.0501416
2.118e-09	-0.0500753
2.11807e-09	-0.050009
2.11813e-09	-0.0499427
2.11819e-09	-0.0498765
2.11826e-09	-0.0498103
2.11832e-09	-0.0497441
2.11839e-09	-0.049678
2.11845e-09	-0.0496119
2.11851e-09	-0.0495459
2.11858e-09	-0.0494799
2.11864e-09	-0.0494139
2.11871e-09	-0.0493479
2.11877e-09	-0.049282
2.11883e-09	-0.0492161
2.1189e-09	-0.0491503
2.11896e-09	-0.0490844
2.11903e-09	-0.0490186
2.11909e-09	-0.0489529
2.11915e-09	-0.0488872
2.11922e-09	-0.0488215
2.11928e-09	-0.0487558
2.11935e-09	-0.0486902
2.11941e-09	-0.0486246
2.11947e-09	-0.0485591
2.11954e-09	-0.0484936
2.1196e-09	-0.0484281
2.11967e-09	-0.0483626
2.11973e-09	-0.0482972
2.11979e-09	-0.0482318
2.11986e-09	-0.0481665
2.11992e-09	-0.0481012
2.11999e-09	-0.0480359
2.12005e-09	-0.0479707
2.12011e-09	-0.0479054
2.12018e-09	-0.0478403
2.12024e-09	-0.0477751
2.12031e-09	-0.04771
2.12037e-09	-0.0476449
2.12043e-09	-0.0475799
2.1205e-09	-0.0475149
2.12056e-09	-0.0474499
2.12063e-09	-0.047385
2.12069e-09	-0.0473201
2.12075e-09	-0.0472552
2.12082e-09	-0.0471903
2.12088e-09	-0.0471255
2.12095e-09	-0.0470608
2.12101e-09	-0.046996
2.12107e-09	-0.0469313
2.12114e-09	-0.0468666
2.1212e-09	-0.046802
2.12127e-09	-0.0467374
2.12133e-09	-0.0466728
2.12139e-09	-0.0466083
2.12146e-09	-0.0465438
2.12152e-09	-0.0464793
2.12159e-09	-0.0464149
2.12165e-09	-0.0463505
2.12171e-09	-0.0462861
2.12178e-09	-0.0462218
2.12184e-09	-0.0461575
2.12191e-09	-0.0460932
2.12197e-09	-0.046029
2.12203e-09	-0.0459648
2.1221e-09	-0.0459006
2.12216e-09	-0.0458365
2.12223e-09	-0.0457724
2.12229e-09	-0.0457083
2.12236e-09	-0.0456443
2.12242e-09	-0.0455803
2.12248e-09	-0.0455163
2.12255e-09	-0.0454524
2.12261e-09	-0.0453885
2.12268e-09	-0.0453246
2.12274e-09	-0.0452608
2.1228e-09	-0.045197
2.12287e-09	-0.0451332
2.12293e-09	-0.0450695
2.123e-09	-0.0450058
2.12306e-09	-0.0449422
2.12312e-09	-0.0448785
2.12319e-09	-0.0448149
2.12325e-09	-0.0447514
2.12332e-09	-0.0446879
2.12338e-09	-0.0446244
2.12344e-09	-0.0445609
2.12351e-09	-0.0444975
2.12357e-09	-0.0444341
2.12364e-09	-0.0443707
2.1237e-09	-0.0443074
2.12376e-09	-0.0442441
2.12383e-09	-0.0441809
2.12389e-09	-0.0441176
2.12396e-09	-0.0440545
2.12402e-09	-0.0439913
2.12408e-09	-0.0439282
2.12415e-09	-0.0438651
2.12421e-09	-0.043802
2.12428e-09	-0.043739
2.12434e-09	-0.043676
2.1244e-09	-0.0436131
2.12447e-09	-0.0435502
2.12453e-09	-0.0434873
2.1246e-09	-0.0434244
2.12466e-09	-0.0433616
2.12472e-09	-0.0432988
2.12479e-09	-0.0432361
2.12485e-09	-0.0431734
2.12492e-09	-0.0431107
2.12498e-09	-0.043048
2.12504e-09	-0.0429854
2.12511e-09	-0.0429228
2.12517e-09	-0.0428603
2.12524e-09	-0.0427978
2.1253e-09	-0.0427353
2.12536e-09	-0.0426728
2.12543e-09	-0.0426104
2.12549e-09	-0.042548
2.12556e-09	-0.0424857
2.12562e-09	-0.0424234
2.12568e-09	-0.0423611
2.12575e-09	-0.0422989
2.12581e-09	-0.0422366
2.12588e-09	-0.0421745
2.12594e-09	-0.0421123
2.126e-09	-0.0420502
2.12607e-09	-0.0419881
2.12613e-09	-0.0419261
2.1262e-09	-0.0418641
2.12626e-09	-0.0418021
2.12632e-09	-0.0417402
2.12639e-09	-0.0416783
2.12645e-09	-0.0416164
2.12652e-09	-0.0415545
2.12658e-09	-0.0414927
2.12664e-09	-0.041431
2.12671e-09	-0.0413692
2.12677e-09	-0.0413075
2.12684e-09	-0.0412458
2.1269e-09	-0.0411842
2.12696e-09	-0.0411226
2.12703e-09	-0.041061
2.12709e-09	-0.0409995
2.12716e-09	-0.040938
2.12722e-09	-0.0408765
2.12728e-09	-0.0408151
2.12735e-09	-0.0407537
2.12741e-09	-0.0406923
2.12748e-09	-0.040631
2.12754e-09	-0.0405697
2.1276e-09	-0.0405084
2.12767e-09	-0.0404472
2.12773e-09	-0.040386
2.1278e-09	-0.0403248
2.12786e-09	-0.0402637
2.12792e-09	-0.0402026
2.12799e-09	-0.0401415
2.12805e-09	-0.0400805
2.12812e-09	-0.0400195
2.12818e-09	-0.0399585
2.12824e-09	-0.0398976
2.12831e-09	-0.0398367
2.12837e-09	-0.0397758
2.12844e-09	-0.039715
2.1285e-09	-0.0396542
2.12856e-09	-0.0395934
2.12863e-09	-0.0395327
2.12869e-09	-0.039472
2.12876e-09	-0.0394113
2.12882e-09	-0.0393507
2.12888e-09	-0.0392901
2.12895e-09	-0.0392295
2.12901e-09	-0.039169
2.12908e-09	-0.0391085
2.12914e-09	-0.039048
2.1292e-09	-0.0389876
2.12927e-09	-0.0389272
2.12933e-09	-0.0388669
2.1294e-09	-0.0388065
2.12946e-09	-0.0387462
2.12952e-09	-0.038686
2.12959e-09	-0.0386258
2.12965e-09	-0.0385656
2.12972e-09	-0.0385054
2.12978e-09	-0.0384453
2.12984e-09	-0.0383852
2.12991e-09	-0.0383251
2.12997e-09	-0.0382651
2.13004e-09	-0.0382051
2.1301e-09	-0.0381452
2.13016e-09	-0.0380852
2.13023e-09	-0.0380253
2.13029e-09	-0.0379655
2.13036e-09	-0.0379057
2.13042e-09	-0.0378459
2.13048e-09	-0.0377861
2.13055e-09	-0.0377264
2.13061e-09	-0.0376667
2.13068e-09	-0.037607
2.13074e-09	-0.0375474
2.1308e-09	-0.0374878
2.13087e-09	-0.0374283
2.13093e-09	-0.0373688
2.131e-09	-0.0373093
2.13106e-09	-0.0372498
2.13112e-09	-0.0371904
2.13119e-09	-0.037131
2.13125e-09	-0.0370716
2.13132e-09	-0.0370123
2.13138e-09	-0.036953
2.13144e-09	-0.0368938
2.13151e-09	-0.0368346
2.13157e-09	-0.0367754
2.13164e-09	-0.0367162
2.1317e-09	-0.0366571
2.13176e-09	-0.036598
2.13183e-09	-0.036539
2.13189e-09	-0.03648
2.13196e-09	-0.036421
2.13202e-09	-0.036362
2.13208e-09	-0.0363031
2.13215e-09	-0.0362442
2.13221e-09	-0.0361854
2.13228e-09	-0.0361265
2.13234e-09	-0.0360678
2.1324e-09	-0.036009
2.13247e-09	-0.0359503
2.13253e-09	-0.0358916
2.1326e-09	-0.035833
2.13266e-09	-0.0357743
2.13272e-09	-0.0357158
2.13279e-09	-0.0356572
2.13285e-09	-0.0355987
2.13292e-09	-0.0355402
2.13298e-09	-0.0354818
2.13304e-09	-0.0354233
2.13311e-09	-0.035365
2.13317e-09	-0.0353066
2.13324e-09	-0.0352483
2.1333e-09	-0.03519
2.13336e-09	-0.0351318
2.13343e-09	-0.0350736
2.13349e-09	-0.0350154
2.13356e-09	-0.0349572
2.13362e-09	-0.0348991
2.13368e-09	-0.034841
2.13375e-09	-0.034783
2.13381e-09	-0.034725
2.13388e-09	-0.034667
2.13394e-09	-0.034609
2.134e-09	-0.0345511
2.13407e-09	-0.0344932
2.13413e-09	-0.0344354
2.1342e-09	-0.0343776
2.13426e-09	-0.0343198
2.13432e-09	-0.0342621
2.13439e-09	-0.0342043
2.13445e-09	-0.0341467
2.13452e-09	-0.034089
2.13458e-09	-0.0340314
2.13464e-09	-0.0339738
2.13471e-09	-0.0339163
2.13477e-09	-0.0338588
2.13484e-09	-0.0338013
2.1349e-09	-0.0337438
2.13496e-09	-0.0336864
2.13503e-09	-0.033629
2.13509e-09	-0.0335717
2.13516e-09	-0.0335144
2.13522e-09	-0.0334571
2.13528e-09	-0.0333999
2.13535e-09	-0.0333426
2.13541e-09	-0.0332855
2.13548e-09	-0.0332283
2.13554e-09	-0.0331712
2.1356e-09	-0.0331141
2.13567e-09	-0.0330571
2.13573e-09	-0.0330001
2.1358e-09	-0.0329431
2.13586e-09	-0.0328861
2.13592e-09	-0.0328292
2.13599e-09	-0.0327724
2.13605e-09	-0.0327155
2.13612e-09	-0.0326587
2.13618e-09	-0.0326019
2.13624e-09	-0.0325452
2.13631e-09	-0.0324885
2.13637e-09	-0.0324318
2.13644e-09	-0.0323751
2.1365e-09	-0.0323185
2.13656e-09	-0.0322619
2.13663e-09	-0.0322054
2.13669e-09	-0.0321489
2.13676e-09	-0.0320924
2.13682e-09	-0.032036
2.13688e-09	-0.0319795
2.13695e-09	-0.0319232
2.13701e-09	-0.0318668
2.13708e-09	-0.0318105
2.13714e-09	-0.0317542
2.1372e-09	-0.031698
2.13727e-09	-0.0316418
2.13733e-09	-0.0315856
2.1374e-09	-0.0315294
2.13746e-09	-0.0314733
2.13752e-09	-0.0314173
2.13759e-09	-0.0313612
2.13765e-09	-0.0313052
2.13772e-09	-0.0312492
2.13778e-09	-0.0311933
2.13784e-09	-0.0311373
2.13791e-09	-0.0310815
2.13797e-09	-0.0310256
2.13804e-09	-0.0309698
2.1381e-09	-0.030914
2.13816e-09	-0.0308583
2.13823e-09	-0.0308026
2.13829e-09	-0.0307469
2.13836e-09	-0.0306912
2.13842e-09	-0.0306356
2.13848e-09	-0.03058
2.13855e-09	-0.0305245
2.13861e-09	-0.030469
2.13868e-09	-0.0304135
2.13874e-09	-0.030358
2.1388e-09	-0.0303026
2.13887e-09	-0.0302473
2.13893e-09	-0.0301919
2.139e-09	-0.0301366
2.13906e-09	-0.0300813
2.13912e-09	-0.0300261
2.13919e-09	-0.0299708
2.13925e-09	-0.0299157
2.13932e-09	-0.0298605
2.13938e-09	-0.0298054
2.13944e-09	-0.0297503
2.13951e-09	-0.0296953
2.13957e-09	-0.0296402
2.13964e-09	-0.0295853
2.1397e-09	-0.0295303
2.13977e-09	-0.0294754
2.13983e-09	-0.0294205
2.13989e-09	-0.0293656
2.13996e-09	-0.0293108
2.14002e-09	-0.029256
2.14009e-09	-0.0292013
2.14015e-09	-0.0291466
2.14021e-09	-0.0290919
2.14028e-09	-0.0290372
2.14034e-09	-0.0289826
2.14041e-09	-0.028928
2.14047e-09	-0.0288735
2.14053e-09	-0.028819
2.1406e-09	-0.0287645
2.14066e-09	-0.02871
2.14073e-09	-0.0286556
2.14079e-09	-0.0286012
2.14085e-09	-0.0285468
2.14092e-09	-0.0284925
2.14098e-09	-0.0284382
2.14105e-09	-0.028384
2.14111e-09	-0.0283298
2.14117e-09	-0.0282756
2.14124e-09	-0.0282214
2.1413e-09	-0.0281673
2.14137e-09	-0.0281132
2.14143e-09	-0.0280591
2.14149e-09	-0.0280051
2.14156e-09	-0.0279511
2.14162e-09	-0.0278972
2.14169e-09	-0.0278432
2.14175e-09	-0.0277893
2.14181e-09	-0.0277355
2.14188e-09	-0.0276817
2.14194e-09	-0.0276279
2.14201e-09	-0.0275741
2.14207e-09	-0.0275204
2.14213e-09	-0.0274667
2.1422e-09	-0.027413
2.14226e-09	-0.0273594
2.14233e-09	-0.0273058
2.14239e-09	-0.0272522
2.14245e-09	-0.0271987
2.14252e-09	-0.0271452
2.14258e-09	-0.0270918
2.14265e-09	-0.0270383
2.14271e-09	-0.0269849
2.14277e-09	-0.0269316
2.14284e-09	-0.0268782
2.1429e-09	-0.0268249
2.14297e-09	-0.0267717
2.14303e-09	-0.0267184
2.14309e-09	-0.0266652
2.14316e-09	-0.0266121
2.14322e-09	-0.0265589
2.14329e-09	-0.0265058
2.14335e-09	-0.0264528
2.14341e-09	-0.0263997
2.14348e-09	-0.0263467
2.14354e-09	-0.0262938
2.14361e-09	-0.0262408
2.14367e-09	-0.0261879
2.14373e-09	-0.026135
2.1438e-09	-0.0260822
2.14386e-09	-0.0260294
2.14393e-09	-0.0259766
2.14399e-09	-0.0259239
2.14405e-09	-0.0258712
2.14412e-09	-0.0258185
2.14418e-09	-0.0257659
2.14425e-09	-0.0257133
2.14431e-09	-0.0256607
2.14437e-09	-0.0256081
2.14444e-09	-0.0255556
2.1445e-09	-0.0255032
2.14457e-09	-0.0254507
2.14463e-09	-0.0253983
2.14469e-09	-0.0253459
2.14476e-09	-0.0252936
2.14482e-09	-0.0252413
2.14489e-09	-0.025189
2.14495e-09	-0.0251367
2.14501e-09	-0.0250845
2.14508e-09	-0.0250323
2.14514e-09	-0.0249802
2.14521e-09	-0.0249281
2.14527e-09	-0.024876
2.14533e-09	-0.024824
2.1454e-09	-0.0247719
2.14546e-09	-0.0247199
2.14553e-09	-0.024668
2.14559e-09	-0.0246161
2.14565e-09	-0.0245642
2.14572e-09	-0.0245123
2.14578e-09	-0.0244605
2.14585e-09	-0.0244087
2.14591e-09	-0.024357
2.14597e-09	-0.0243053
2.14604e-09	-0.0242536
2.1461e-09	-0.0242019
2.14617e-09	-0.0241503
2.14623e-09	-0.0240987
2.14629e-09	-0.0240471
2.14636e-09	-0.0239956
2.14642e-09	-0.0239441
2.14649e-09	-0.0238927
2.14655e-09	-0.0238412
2.14661e-09	-0.0237898
2.14668e-09	-0.0237385
2.14674e-09	-0.0236871
2.14681e-09	-0.0236358
2.14687e-09	-0.0235846
2.14693e-09	-0.0235333
2.147e-09	-0.0234821
2.14706e-09	-0.023431
2.14713e-09	-0.0233798
2.14719e-09	-0.0233287
2.14725e-09	-0.0232777
2.14732e-09	-0.0232266
2.14738e-09	-0.0231756
2.14745e-09	-0.0231247
2.14751e-09	-0.0230737
2.14757e-09	-0.0230228
2.14764e-09	-0.022972
2.1477e-09	-0.0229211
2.14777e-09	-0.0228703
2.14783e-09	-0.0228195
2.14789e-09	-0.0227688
2.14796e-09	-0.0227181
2.14802e-09	-0.0226674
2.14809e-09	-0.0226168
2.14815e-09	-0.0225661
2.14821e-09	-0.0225156
2.14828e-09	-0.022465
2.14834e-09	-0.0224145
2.14841e-09	-0.022364
2.14847e-09	-0.0223136
2.14853e-09	-0.0222632
2.1486e-09	-0.0222128
2.14866e-09	-0.0221624
2.14873e-09	-0.0221121
2.14879e-09	-0.0220618
2.14885e-09	-0.0220116
2.14892e-09	-0.0219613
2.14898e-09	-0.0219111
2.14905e-09	-0.021861
2.14911e-09	-0.0218109
2.14917e-09	-0.0217608
2.14924e-09	-0.0217107
2.1493e-09	-0.0216607
2.14937e-09	-0.0216107
2.14943e-09	-0.0215607
2.14949e-09	-0.0215108
2.14956e-09	-0.0214609
2.14962e-09	-0.021411
2.14969e-09	-0.0213612
2.14975e-09	-0.0213114
2.14981e-09	-0.0212616
2.14988e-09	-0.0212119
2.14994e-09	-0.0211622
2.15001e-09	-0.0211125
2.15007e-09	-0.0210629
2.15013e-09	-0.0210133
2.1502e-09	-0.0209637
2.15026e-09	-0.0209142
2.15033e-09	-0.0208647
2.15039e-09	-0.0208152
2.15045e-09	-0.0207658
2.15052e-09	-0.0207163
2.15058e-09	-0.020667
2.15065e-09	-0.0206176
2.15071e-09	-0.0205683
2.15077e-09	-0.020519
2.15084e-09	-0.0204698
2.1509e-09	-0.0204206
2.15097e-09	-0.0203714
2.15103e-09	-0.0203222
2.15109e-09	-0.0202731
2.15116e-09	-0.020224
2.15122e-09	-0.020175
2.15129e-09	-0.0201259
2.15135e-09	-0.0200769
2.15141e-09	-0.020028
2.15148e-09	-0.0199791
2.15154e-09	-0.0199302
2.15161e-09	-0.0198813
2.15167e-09	-0.0198325
2.15173e-09	-0.0197837
2.1518e-09	-0.0197349
2.15186e-09	-0.0196862
2.15193e-09	-0.0196375
2.15199e-09	-0.0195888
2.15205e-09	-0.0195402
2.15212e-09	-0.0194916
2.15218e-09	-0.019443
2.15225e-09	-0.0193945
2.15231e-09	-0.019346
2.15237e-09	-0.0192975
2.15244e-09	-0.019249
2.1525e-09	-0.0192006
2.15257e-09	-0.0191523
2.15263e-09	-0.0191039
2.15269e-09	-0.0190556
2.15276e-09	-0.0190073
2.15282e-09	-0.0189591
2.15289e-09	-0.0189109
2.15295e-09	-0.0188627
2.15301e-09	-0.0188145
2.15308e-09	-0.0187664
2.15314e-09	-0.0187183
2.15321e-09	-0.0186703
2.15327e-09	-0.0186222
2.15333e-09	-0.0185742
2.1534e-09	-0.0185263
2.15346e-09	-0.0184784
2.15353e-09	-0.0184305
2.15359e-09	-0.0183826
2.15365e-09	-0.0183348
2.15372e-09	-0.018287
2.15378e-09	-0.0182392
2.15385e-09	-0.0181915
2.15391e-09	-0.0181438
2.15397e-09	-0.0180961
2.15404e-09	-0.0180485
2.1541e-09	-0.0180009
2.15417e-09	-0.0179533
2.15423e-09	-0.0179057
2.15429e-09	-0.0178582
2.15436e-09	-0.0178107
2.15442e-09	-0.0177633
2.15449e-09	-0.0177159
2.15455e-09	-0.0176685
2.15461e-09	-0.0176212
2.15468e-09	-0.0175738
2.15474e-09	-0.0175266
2.15481e-09	-0.0174793
2.15487e-09	-0.0174321
2.15493e-09	-0.0173849
2.155e-09	-0.0173377
2.15506e-09	-0.0172906
2.15513e-09	-0.0172435
2.15519e-09	-0.0171964
2.15525e-09	-0.0171494
2.15532e-09	-0.0171024
2.15538e-09	-0.0170554
2.15545e-09	-0.0170085
2.15551e-09	-0.0169616
2.15557e-09	-0.0169147
2.15564e-09	-0.0168679
2.1557e-09	-0.0168211
2.15577e-09	-0.0167743
2.15583e-09	-0.0167276
2.15589e-09	-0.0166809
2.15596e-09	-0.0166342
2.15602e-09	-0.0165875
2.15609e-09	-0.0165409
2.15615e-09	-0.0164943
2.15621e-09	-0.0164478
2.15628e-09	-0.0164013
2.15634e-09	-0.0163548
2.15641e-09	-0.0163083
2.15647e-09	-0.0162619
2.15653e-09	-0.0162155
2.1566e-09	-0.0161692
2.15666e-09	-0.0161228
2.15673e-09	-0.0160765
2.15679e-09	-0.0160303
2.15685e-09	-0.015984
2.15692e-09	-0.0159378
2.15698e-09	-0.0158917
2.15705e-09	-0.0158455
2.15711e-09	-0.0157994
2.15717e-09	-0.0157533
2.15724e-09	-0.0157073
2.1573e-09	-0.0156613
2.15737e-09	-0.0156153
2.15743e-09	-0.0155694
2.1575e-09	-0.0155234
2.15756e-09	-0.0154776
2.15762e-09	-0.0154317
2.15769e-09	-0.0153859
2.15775e-09	-0.0153401
2.15782e-09	-0.0152943
2.15788e-09	-0.0152486
2.15794e-09	-0.0152029
2.15801e-09	-0.0151573
2.15807e-09	-0.0151116
2.15814e-09	-0.015066
2.1582e-09	-0.0150205
2.15826e-09	-0.0149749
2.15833e-09	-0.0149294
2.15839e-09	-0.014884
2.15846e-09	-0.0148385
2.15852e-09	-0.0147931
2.15858e-09	-0.0147477
2.15865e-09	-0.0147024
2.15871e-09	-0.0146571
2.15878e-09	-0.0146118
2.15884e-09	-0.0145665
2.1589e-09	-0.0145213
2.15897e-09	-0.0144761
2.15903e-09	-0.014431
2.1591e-09	-0.0143859
2.15916e-09	-0.0143408
2.15922e-09	-0.0142957
2.15929e-09	-0.0142507
2.15935e-09	-0.0142057
2.15942e-09	-0.0141607
2.15948e-09	-0.0141158
2.15954e-09	-0.0140709
2.15961e-09	-0.014026
2.15967e-09	-0.0139812
2.15974e-09	-0.0139363
2.1598e-09	-0.0138916
2.15986e-09	-0.0138468
2.15993e-09	-0.0138021
2.15999e-09	-0.0137574
2.16006e-09	-0.0137128
2.16012e-09	-0.0136682
2.16018e-09	-0.0136236
2.16025e-09	-0.013579
2.16031e-09	-0.0135345
2.16038e-09	-0.01349
2.16044e-09	-0.0134455
2.1605e-09	-0.0134011
2.16057e-09	-0.0133567
2.16063e-09	-0.0133123
2.1607e-09	-0.013268
2.16076e-09	-0.0132237
2.16082e-09	-0.0131794
2.16089e-09	-0.0131352
2.16095e-09	-0.013091
2.16102e-09	-0.0130468
2.16108e-09	-0.0130026
2.16114e-09	-0.0129585
2.16121e-09	-0.0129144
2.16127e-09	-0.0128704
2.16134e-09	-0.0128264
2.1614e-09	-0.0127824
2.16146e-09	-0.0127384
2.16153e-09	-0.0126945
2.16159e-09	-0.0126506
2.16166e-09	-0.0126067
2.16172e-09	-0.0125629
2.16178e-09	-0.0125191
2.16185e-09	-0.0124753
2.16191e-09	-0.0124316
2.16198e-09	-0.0123879
2.16204e-09	-0.0123442
2.1621e-09	-0.0123005
2.16217e-09	-0.0122569
2.16223e-09	-0.0122133
2.1623e-09	-0.0121698
2.16236e-09	-0.0121263
2.16242e-09	-0.0120828
2.16249e-09	-0.0120393
2.16255e-09	-0.0119959
2.16262e-09	-0.0119525
2.16268e-09	-0.0119091
2.16274e-09	-0.0118658
2.16281e-09	-0.0118225
2.16287e-09	-0.0117792
2.16294e-09	-0.011736
2.163e-09	-0.0116927
2.16306e-09	-0.0116496
2.16313e-09	-0.0116064
2.16319e-09	-0.0115633
2.16326e-09	-0.0115202
2.16332e-09	-0.0114772
2.16338e-09	-0.0114341
2.16345e-09	-0.0113911
2.16351e-09	-0.0113482
2.16358e-09	-0.0113053
2.16364e-09	-0.0112624
2.1637e-09	-0.0112195
2.16377e-09	-0.0111767
2.16383e-09	-0.0111338
2.1639e-09	-0.0110911
2.16396e-09	-0.0110483
2.16402e-09	-0.0110056
2.16409e-09	-0.0109629
2.16415e-09	-0.0109203
2.16422e-09	-0.0108777
2.16428e-09	-0.0108351
2.16434e-09	-0.0107925
2.16441e-09	-0.01075
2.16447e-09	-0.0107075
2.16454e-09	-0.010665
2.1646e-09	-0.0106226
2.16466e-09	-0.0105802
2.16473e-09	-0.0105378
2.16479e-09	-0.0104955
2.16486e-09	-0.0104532
2.16492e-09	-0.0104109
2.16498e-09	-0.0103687
2.16505e-09	-0.0103264
2.16511e-09	-0.0102842
2.16518e-09	-0.0102421
2.16524e-09	-0.0102
2.1653e-09	-0.0101579
2.16537e-09	-0.0101158
2.16543e-09	-0.0100738
2.1655e-09	-0.0100318
2.16556e-09	-0.00998982
2.16562e-09	-0.00994788
2.16569e-09	-0.00990597
2.16575e-09	-0.00986409
2.16582e-09	-0.00982225
2.16588e-09	-0.00978043
2.16594e-09	-0.00973865
2.16601e-09	-0.0096969
2.16607e-09	-0.00965517
2.16614e-09	-0.00961348
2.1662e-09	-0.00957182
2.16626e-09	-0.00953019
2.16633e-09	-0.00948859
2.16639e-09	-0.00944702
2.16646e-09	-0.00940549
2.16652e-09	-0.00936398
2.16658e-09	-0.0093225
2.16665e-09	-0.00928106
2.16671e-09	-0.00923964
2.16678e-09	-0.00919826
2.16684e-09	-0.00915691
2.1669e-09	-0.00911558
2.16697e-09	-0.00907429
2.16703e-09	-0.00903303
2.1671e-09	-0.0089918
2.16716e-09	-0.0089506
2.16722e-09	-0.00890943
2.16729e-09	-0.00886829
2.16735e-09	-0.00882719
2.16742e-09	-0.00878611
2.16748e-09	-0.00874506
2.16754e-09	-0.00870405
2.16761e-09	-0.00866306
2.16767e-09	-0.00862211
2.16774e-09	-0.00858119
2.1678e-09	-0.00854029
2.16786e-09	-0.00849943
2.16793e-09	-0.0084586
2.16799e-09	-0.0084178
2.16806e-09	-0.00837703
2.16812e-09	-0.00833629
2.16818e-09	-0.00829558
2.16825e-09	-0.0082549
2.16831e-09	-0.00821425
2.16838e-09	-0.00817363
2.16844e-09	-0.00813305
2.1685e-09	-0.00809249
2.16857e-09	-0.00805196
2.16863e-09	-0.00801147
2.1687e-09	-0.007971
2.16876e-09	-0.00793057
2.16882e-09	-0.00789017
2.16889e-09	-0.00784979
2.16895e-09	-0.00780945
2.16902e-09	-0.00776914
2.16908e-09	-0.00772886
2.16914e-09	-0.0076886
2.16921e-09	-0.00764838
2.16927e-09	-0.00760819
2.16934e-09	-0.00756803
2.1694e-09	-0.0075279
2.16946e-09	-0.0074878
2.16953e-09	-0.00744773
2.16959e-09	-0.00740769
2.16966e-09	-0.00736769
2.16972e-09	-0.00732771
2.16978e-09	-0.00728776
2.16985e-09	-0.00724784
2.16991e-09	-0.00720796
2.16998e-09	-0.0071681
2.17004e-09	-0.00712828
2.1701e-09	-0.00708848
2.17017e-09	-0.00704871
2.17023e-09	-0.00700898
2.1703e-09	-0.00696928
2.17036e-09	-0.0069296
2.17042e-09	-0.00688996
2.17049e-09	-0.00685034
2.17055e-09	-0.00681076
2.17062e-09	-0.00677121
2.17068e-09	-0.00673168
2.17074e-09	-0.00669219
2.17081e-09	-0.00665273
2.17087e-09	-0.0066133
2.17094e-09	-0.0065739
2.171e-09	-0.00653453
2.17106e-09	-0.00649518
2.17113e-09	-0.00645587
2.17119e-09	-0.00641659
2.17126e-09	-0.00637734
2.17132e-09	-0.00633812
2.17138e-09	-0.00629893
2.17145e-09	-0.00625977
2.17151e-09	-0.00622064
2.17158e-09	-0.00618154
2.17164e-09	-0.00614247
2.1717e-09	-0.00610343
2.17177e-09	-0.00606442
2.17183e-09	-0.00602544
2.1719e-09	-0.00598649
2.17196e-09	-0.00594758
2.17202e-09	-0.00590869
2.17209e-09	-0.00586983
2.17215e-09	-0.005831
2.17222e-09	-0.0057922
2.17228e-09	-0.00575343
2.17234e-09	-0.00571469
2.17241e-09	-0.00567599
2.17247e-09	-0.00563731
2.17254e-09	-0.00559866
2.1726e-09	-0.00556004
2.17266e-09	-0.00552145
2.17273e-09	-0.0054829
2.17279e-09	-0.00544437
2.17286e-09	-0.00540587
2.17292e-09	-0.0053674
2.17298e-09	-0.00532896
2.17305e-09	-0.00529056
2.17311e-09	-0.00525218
2.17318e-09	-0.00521383
2.17324e-09	-0.00517551
2.1733e-09	-0.00513722
2.17337e-09	-0.00509897
2.17343e-09	-0.00506074
2.1735e-09	-0.00502254
2.17356e-09	-0.00498437
2.17362e-09	-0.00494623
2.17369e-09	-0.00490812
2.17375e-09	-0.00487004
2.17382e-09	-0.004832
2.17388e-09	-0.00479398
2.17394e-09	-0.00475599
2.17401e-09	-0.00471803
2.17407e-09	-0.0046801
2.17414e-09	-0.0046422
2.1742e-09	-0.00460433
2.17426e-09	-0.00456649
2.17433e-09	-0.00452868
2.17439e-09	-0.0044909
2.17446e-09	-0.00445315
2.17452e-09	-0.00441543
2.17458e-09	-0.00437774
2.17465e-09	-0.00434008
2.17471e-09	-0.00430244
2.17478e-09	-0.00426484
2.17484e-09	-0.00422727
2.17491e-09	-0.00418973
2.17497e-09	-0.00415222
2.17503e-09	-0.00411473
2.1751e-09	-0.00407728
2.17516e-09	-0.00403986
2.17523e-09	-0.00400246
2.17529e-09	-0.0039651
2.17535e-09	-0.00392777
2.17542e-09	-0.00389046
2.17548e-09	-0.00385319
2.17555e-09	-0.00381594
2.17561e-09	-0.00377873
2.17567e-09	-0.00374154
2.17574e-09	-0.00370438
2.1758e-09	-0.00366726
2.17587e-09	-0.00363016
2.17593e-09	-0.00359309
2.17599e-09	-0.00355606
2.17606e-09	-0.00351905
2.17612e-09	-0.00348207
2.17619e-09	-0.00344512
2.17625e-09	-0.0034082
2.17631e-09	-0.00337131
2.17638e-09	-0.00333445
2.17644e-09	-0.00329762
2.17651e-09	-0.00326082
2.17657e-09	-0.00322405
2.17663e-09	-0.00318731
2.1767e-09	-0.00315059
2.17676e-09	-0.00311391
2.17683e-09	-0.00307726
2.17689e-09	-0.00304063
2.17695e-09	-0.00300404
2.17702e-09	-0.00296747
2.17708e-09	-0.00293094
2.17715e-09	-0.00289443
2.17721e-09	-0.00285795
2.17727e-09	-0.00282151
2.17734e-09	-0.00278509
2.1774e-09	-0.0027487
2.17747e-09	-0.00271234
2.17753e-09	-0.00267601
2.17759e-09	-0.00263971
2.17766e-09	-0.00260344
2.17772e-09	-0.0025672
2.17779e-09	-0.00253099
2.17785e-09	-0.0024948
2.17791e-09	-0.00245865
2.17798e-09	-0.00242252
2.17804e-09	-0.00238643
2.17811e-09	-0.00235036
2.17817e-09	-0.00231433
2.17823e-09	-0.00227832
2.1783e-09	-0.00224234
2.17836e-09	-0.0022064
2.17843e-09	-0.00217048
2.17849e-09	-0.00213459
2.17855e-09	-0.00209873
2.17862e-09	-0.00206289
2.17868e-09	-0.00202709
2.17875e-09	-0.00199132
2.17881e-09	-0.00195558
2.17887e-09	-0.00191986
2.17894e-09	-0.00188418
2.179e-09	-0.00184852
2.17907e-09	-0.00181289
2.17913e-09	-0.0017773
2.17919e-09	-0.00174173
2.17926e-09	-0.00170619
2.17932e-09	-0.00167068
2.17939e-09	-0.0016352
2.17945e-09	-0.00159975
2.17951e-09	-0.00156432
2.17958e-09	-0.00152893
2.17964e-09	-0.00149357
2.17971e-09	-0.00145823
2.17977e-09	-0.00142293
2.17983e-09	-0.00138765
2.1799e-09	-0.0013524
2.17996e-09	-0.00131718
2.18003e-09	-0.00128199
2.18009e-09	-0.00124683
2.18015e-09	-0.0012117
2.18022e-09	-0.0011766
2.18028e-09	-0.00114152
2.18035e-09	-0.00110648
2.18041e-09	-0.00107146
2.18047e-09	-0.00103648
2.18054e-09	-0.00100152
2.1806e-09	-0.00096659
2.18067e-09	-0.00093169
2.18073e-09	-0.00089682
2.18079e-09	-0.000861978
2.18086e-09	-0.000827165
2.18092e-09	-0.000792381
2.18099e-09	-0.000757626
2.18105e-09	-0.0007229
2.18111e-09	-0.000688203
2.18118e-09	-0.000653535
2.18124e-09	-0.000618896
2.18131e-09	-0.000584285
2.18137e-09	-0.000549704
2.18143e-09	-0.000515151
2.1815e-09	-0.000480627
2.18156e-09	-0.000446133
2.18163e-09	-0.000411666
2.18169e-09	-0.000377229
2.18175e-09	-0.000342821
2.18182e-09	-0.000308441
2.18188e-09	-0.00027409
2.18195e-09	-0.000239768
2.18201e-09	-0.000205475
2.18207e-09	-0.000171211
2.18214e-09	-0.000136975
2.1822e-09	-0.000102768
2.18227e-09	-6.85902e-05
2.18233e-09	-3.44408e-05
2.18239e-09	-3.20191e-07
2.18246e-09	3.37717e-05
2.18252e-09	6.78349e-05
2.18259e-09	0.000101869
2.18265e-09	0.000135875
2.18271e-09	0.000169852
2.18278e-09	0.000203801
2.18284e-09	0.00023772
2.18291e-09	0.000271611
2.18297e-09	0.000305474
2.18303e-09	0.000339308
2.1831e-09	0.000373113
2.18316e-09	0.000406889
2.18323e-09	0.000440637
2.18329e-09	0.000474356
2.18335e-09	0.000508047
2.18342e-09	0.000541709
2.18348e-09	0.000575343
2.18355e-09	0.000608948
2.18361e-09	0.000642524
2.18367e-09	0.000676072
2.18374e-09	0.000709591
2.1838e-09	0.000743082
2.18387e-09	0.000776544
2.18393e-09	0.000809978
2.18399e-09	0.000843383
2.18406e-09	0.000876759
2.18412e-09	0.000910108
2.18419e-09	0.000943427
2.18425e-09	0.000976718
2.18431e-09	0.00100998
2.18438e-09	0.00104322
2.18444e-09	0.00107642
2.18451e-09	0.0011096
2.18457e-09	0.00114275
2.18463e-09	0.00117587
2.1847e-09	0.00120896
2.18476e-09	0.00124202
2.18483e-09	0.00127506
2.18489e-09	0.00130807
2.18495e-09	0.00134104
2.18502e-09	0.001374
2.18508e-09	0.00140692
2.18515e-09	0.00143981
2.18521e-09	0.00147268
2.18527e-09	0.00150551
2.18534e-09	0.00153832
2.1854e-09	0.0015711
2.18547e-09	0.00160385
2.18553e-09	0.00163658
2.18559e-09	0.00166927
2.18566e-09	0.00170194
2.18572e-09	0.00173458
2.18579e-09	0.00176719
2.18585e-09	0.00179977
2.18591e-09	0.00183232
2.18598e-09	0.00186485
2.18604e-09	0.00189735
2.18611e-09	0.00192982
2.18617e-09	0.00196226
2.18623e-09	0.00199467
2.1863e-09	0.00202706
2.18636e-09	0.00205941
2.18643e-09	0.00209174
2.18649e-09	0.00212404
2.18655e-09	0.00215631
2.18662e-09	0.00218856
2.18668e-09	0.00222077
2.18675e-09	0.00225296
2.18681e-09	0.00228512
2.18687e-09	0.00231725
2.18694e-09	0.00234936
2.187e-09	0.00238143
2.18707e-09	0.00241348
2.18713e-09	0.0024455
2.18719e-09	0.00247749
2.18726e-09	0.00250945
2.18732e-09	0.00254139
2.18739e-09	0.0025733
2.18745e-09	0.00260518
2.18751e-09	0.00263703
2.18758e-09	0.00266885
2.18764e-09	0.00270064
2.18771e-09	0.00273241
2.18777e-09	0.00276415
2.18783e-09	0.00279586
2.1879e-09	0.00282755
2.18796e-09	0.0028592
2.18803e-09	0.00289083
2.18809e-09	0.00292243
2.18815e-09	0.002954
2.18822e-09	0.00298554
2.18828e-09	0.00301706
2.18835e-09	0.00304855
2.18841e-09	0.00308001
2.18847e-09	0.00311144
2.18854e-09	0.00314284
2.1886e-09	0.00317422
2.18867e-09	0.00320557
2.18873e-09	0.00323689
2.18879e-09	0.00326818
2.18886e-09	0.00329945
2.18892e-09	0.00333069
2.18899e-09	0.0033619
2.18905e-09	0.00339308
2.18911e-09	0.00342423
2.18918e-09	0.00345536
2.18924e-09	0.00348646
2.18931e-09	0.00351753
2.18937e-09	0.00354857
2.18943e-09	0.00357959
2.1895e-09	0.00361057
2.18956e-09	0.00364153
2.18963e-09	0.00367247
2.18969e-09	0.00370337
2.18975e-09	0.00373425
2.18982e-09	0.0037651
2.18988e-09	0.00379592
2.18995e-09	0.00382671
2.19001e-09	0.00385748
2.19007e-09	0.00388822
2.19014e-09	0.00391893
2.1902e-09	0.00394961
2.19027e-09	0.00398027
2.19033e-09	0.0040109
2.19039e-09	0.0040415
2.19046e-09	0.00407207
2.19052e-09	0.00410262
2.19059e-09	0.00413313
2.19065e-09	0.00416362
2.19071e-09	0.00419409
2.19078e-09	0.00422452
2.19084e-09	0.00425493
2.19091e-09	0.00428531
2.19097e-09	0.00431566
2.19103e-09	0.00434599
2.1911e-09	0.00437629
2.19116e-09	0.00440656
2.19123e-09	0.0044368
2.19129e-09	0.00446702
2.19135e-09	0.0044972
2.19142e-09	0.00452736
2.19148e-09	0.0045575
2.19155e-09	0.0045876
2.19161e-09	0.00461768
2.19167e-09	0.00464773
2.19174e-09	0.00467776
2.1918e-09	0.00470775
2.19187e-09	0.00473772
2.19193e-09	0.00476766
2.19199e-09	0.00479758
2.19206e-09	0.00482747
2.19212e-09	0.00485733
2.19219e-09	0.00488716
2.19225e-09	0.00491696
2.19232e-09	0.00494674
2.19238e-09	0.00497649
2.19244e-09	0.00500621
2.19251e-09	0.00503591
2.19257e-09	0.00506558
2.19264e-09	0.00509522
2.1927e-09	0.00512484
2.19276e-09	0.00515442
2.19283e-09	0.00518398
2.19289e-09	0.00521351
2.19296e-09	0.00524302
2.19302e-09	0.0052725
2.19308e-09	0.00530195
2.19315e-09	0.00533137
2.19321e-09	0.00536077
2.19328e-09	0.00539014
2.19334e-09	0.00541948
2.1934e-09	0.0054488
2.19347e-09	0.00547809
2.19353e-09	0.00550735
2.1936e-09	0.00553658
2.19366e-09	0.00556579
2.19372e-09	0.00559497
2.19379e-09	0.00562412
2.19385e-09	0.00565325
2.19392e-09	0.00568235
2.19398e-09	0.00571142
2.19404e-09	0.00574046
2.19411e-09	0.00576948
2.19417e-09	0.00579847
2.19424e-09	0.00582743
2.1943e-09	0.00585637
2.19436e-09	0.00588528
2.19443e-09	0.00591416
2.19449e-09	0.00594302
2.19456e-09	0.00597185
2.19462e-09	0.00600065
2.19468e-09	0.00602942
2.19475e-09	0.00605817
2.19481e-09	0.00608689
2.19488e-09	0.00611559
2.19494e-09	0.00614425
2.195e-09	0.00617289
2.19507e-09	0.00620151
2.19513e-09	0.00623009
2.1952e-09	0.00625865
2.19526e-09	0.00628719
2.19532e-09	0.00631569
2.19539e-09	0.00634417
2.19545e-09	0.00637263
2.19552e-09	0.00640105
2.19558e-09	0.00642945
2.19564e-09	0.00645782
2.19571e-09	0.00648617
2.19577e-09	0.00651449
2.19584e-09	0.00654278
2.1959e-09	0.00657104
2.19596e-09	0.00659928
2.19603e-09	0.00662749
2.19609e-09	0.00665568
2.19616e-09	0.00668384
2.19622e-09	0.00671197
2.19628e-09	0.00674007
2.19635e-09	0.00676815
2.19641e-09	0.0067962
2.19648e-09	0.00682423
2.19654e-09	0.00685223
2.1966e-09	0.0068802
2.19667e-09	0.00690814
2.19673e-09	0.00693606
2.1968e-09	0.00696395
2.19686e-09	0.00699182
2.19692e-09	0.00701966
2.19699e-09	0.00704747
2.19705e-09	0.00707525
2.19712e-09	0.00710301
2.19718e-09	0.00713074
2.19724e-09	0.00715845
2.19731e-09	0.00718613
2.19737e-09	0.00721378
2.19744e-09	0.00724141
2.1975e-09	0.00726901
2.19756e-09	0.00729658
2.19763e-09	0.00732413
2.19769e-09	0.00735165
2.19776e-09	0.00737914
2.19782e-09	0.00740661
2.19788e-09	0.00743405
2.19795e-09	0.00746147
2.19801e-09	0.00748886
2.19808e-09	0.00751622
2.19814e-09	0.00754355
2.1982e-09	0.00757086
2.19827e-09	0.00759814
2.19833e-09	0.0076254
2.1984e-09	0.00765263
2.19846e-09	0.00767983
2.19852e-09	0.00770701
2.19859e-09	0.00773416
2.19865e-09	0.00776129
2.19872e-09	0.00778839
2.19878e-09	0.00781546
2.19884e-09	0.0078425
2.19891e-09	0.00786952
2.19897e-09	0.00789652
2.19904e-09	0.00792348
2.1991e-09	0.00795042
2.19916e-09	0.00797734
2.19923e-09	0.00800423
2.19929e-09	0.00803109
2.19936e-09	0.00805792
2.19942e-09	0.00808473
2.19948e-09	0.00811152
2.19955e-09	0.00813827
2.19961e-09	0.00816501
2.19968e-09	0.00819171
2.19974e-09	0.00821839
2.1998e-09	0.00824504
2.19987e-09	0.00827167
2.19993e-09	0.00829827
2.2e-09	0.00832484
2.20006e-09	0.00835139
2.20012e-09	0.00837791
2.20019e-09	0.00840441
2.20025e-09	0.00843088
2.20032e-09	0.00845732
2.20038e-09	0.00848374
2.20044e-09	0.00851014
2.20051e-09	0.0085365
2.20057e-09	0.00856284
2.20064e-09	0.00858916
2.2007e-09	0.00861544
2.20076e-09	0.0086417
2.20083e-09	0.00866794
2.20089e-09	0.00869415
2.20096e-09	0.00872034
2.20102e-09	0.00874649
2.20108e-09	0.00877263
2.20115e-09	0.00879873
2.20121e-09	0.00882481
2.20128e-09	0.00885087
2.20134e-09	0.0088769
2.2014e-09	0.0089029
2.20147e-09	0.00892888
2.20153e-09	0.00895483
2.2016e-09	0.00898075
2.20166e-09	0.00900665
2.20172e-09	0.00903252
2.20179e-09	0.00905837
2.20185e-09	0.00908419
2.20192e-09	0.00910999
2.20198e-09	0.00913576
2.20204e-09	0.0091615
2.20211e-09	0.00918722
2.20217e-09	0.00921292
2.20224e-09	0.00923858
2.2023e-09	0.00926423
2.20236e-09	0.00928984
2.20243e-09	0.00931543
2.20249e-09	0.009341
2.20256e-09	0.00936654
2.20262e-09	0.00939205
2.20268e-09	0.00941754
2.20275e-09	0.009443
2.20281e-09	0.00946843
2.20288e-09	0.00949384
2.20294e-09	0.00951923
2.203e-09	0.00954459
2.20307e-09	0.00956992
2.20313e-09	0.00959523
2.2032e-09	0.00962051
2.20326e-09	0.00964577
2.20332e-09	0.009671
2.20339e-09	0.00969621
2.20345e-09	0.00972139
2.20352e-09	0.00974654
2.20358e-09	0.00977167
2.20364e-09	0.00979677
2.20371e-09	0.00982185
2.20377e-09	0.0098469
2.20384e-09	0.00987193
2.2039e-09	0.00989693
2.20396e-09	0.00992191
2.20403e-09	0.00994686
2.20409e-09	0.00997178
2.20416e-09	0.00999668
2.20422e-09	0.0100216
2.20428e-09	0.0100464
2.20435e-09	0.0100712
2.20441e-09	0.010096
2.20448e-09	0.0101208
2.20454e-09	0.0101455
2.2046e-09	0.0101703
2.20467e-09	0.010195
2.20473e-09	0.0102196
2.2048e-09	0.0102443
2.20486e-09	0.0102689
2.20492e-09	0.0102935
2.20499e-09	0.0103181
2.20505e-09	0.0103426
2.20512e-09	0.0103671
2.20518e-09	0.0103916
2.20524e-09	0.0104161
2.20531e-09	0.0104405
2.20537e-09	0.010465
2.20544e-09	0.0104894
2.2055e-09	0.0105137
2.20556e-09	0.0105381
2.20563e-09	0.0105624
2.20569e-09	0.0105867
2.20576e-09	0.0106109
2.20582e-09	0.0106352
2.20588e-09	0.0106594
2.20595e-09	0.0106836
2.20601e-09	0.0107078
2.20608e-09	0.0107319
2.20614e-09	0.010756
2.2062e-09	0.0107801
2.20627e-09	0.0108042
2.20633e-09	0.0108282
2.2064e-09	0.0108522
2.20646e-09	0.0108762
2.20652e-09	0.0109002
2.20659e-09	0.0109241
2.20665e-09	0.010948
2.20672e-09	0.0109719
2.20678e-09	0.0109958
2.20684e-09	0.0110196
2.20691e-09	0.0110435
2.20697e-09	0.0110673
2.20704e-09	0.011091
2.2071e-09	0.0111148
2.20716e-09	0.0111385
2.20723e-09	0.0111622
2.20729e-09	0.0111858
2.20736e-09	0.0112095
2.20742e-09	0.0112331
2.20748e-09	0.0112567
2.20755e-09	0.0112802
2.20761e-09	0.0113038
2.20768e-09	0.0113273
2.20774e-09	0.0113508
2.2078e-09	0.0113743
2.20787e-09	0.0113977
2.20793e-09	0.0114211
2.208e-09	0.0114445
2.20806e-09	0.0114679
2.20812e-09	0.0114912
2.20819e-09	0.0115145
2.20825e-09	0.0115378
2.20832e-09	0.0115611
2.20838e-09	0.0115844
2.20844e-09	0.0116076
2.20851e-09	0.0116308
2.20857e-09	0.0116539
2.20864e-09	0.0116771
2.2087e-09	0.0117002
2.20876e-09	0.0117233
2.20883e-09	0.0117464
2.20889e-09	0.0117694
2.20896e-09	0.0117924
2.20902e-09	0.0118154
2.20908e-09	0.0118384
2.20915e-09	0.0118614
2.20921e-09	0.0118843
2.20928e-09	0.0119072
2.20934e-09	0.0119301
2.2094e-09	0.0119529
2.20947e-09	0.0119757
2.20953e-09	0.0119985
2.2096e-09	0.0120213
2.20966e-09	0.0120441
2.20973e-09	0.0120668
2.20979e-09	0.0120895
2.20985e-09	0.0121122
2.20992e-09	0.0121348
2.20998e-09	0.0121574
2.21005e-09	0.01218
2.21011e-09	0.0122026
2.21017e-09	0.0122252
2.21024e-09	0.0122477
2.2103e-09	0.0122702
2.21037e-09	0.0122927
2.21043e-09	0.0123152
2.21049e-09	0.0123376
2.21056e-09	0.01236
2.21062e-09	0.0123824
2.21069e-09	0.0124048
2.21075e-09	0.0124271
2.21081e-09	0.0124494
2.21088e-09	0.0124717
2.21094e-09	0.0124939
2.21101e-09	0.0125162
2.21107e-09	0.0125384
2.21113e-09	0.0125606
2.2112e-09	0.0125828
2.21126e-09	0.0126049
2.21133e-09	0.012627
2.21139e-09	0.0126491
2.21145e-09	0.0126712
2.21152e-09	0.0126932
2.21158e-09	0.0127152
2.21165e-09	0.0127372
2.21171e-09	0.0127592
2.21177e-09	0.0127812
2.21184e-09	0.0128031
2.2119e-09	0.012825
2.21197e-09	0.0128469
2.21203e-09	0.0128687
2.21209e-09	0.0128905
2.21216e-09	0.0129123
2.21222e-09	0.0129341
2.21229e-09	0.0129559
2.21235e-09	0.0129776
2.21241e-09	0.0129993
2.21248e-09	0.013021
2.21254e-09	0.0130426
2.21261e-09	0.0130643
2.21267e-09	0.0130859
2.21273e-09	0.0131075
2.2128e-09	0.013129
2.21286e-09	0.0131506
2.21293e-09	0.0131721
2.21299e-09	0.0131936
2.21305e-09	0.013215
2.21312e-09	0.0132365
2.21318e-09	0.0132579
2.21325e-09	0.0132793
2.21331e-09	0.0133007
2.21337e-09	0.013322
2.21344e-09	0.0133433
2.2135e-09	0.0133646
2.21357e-09	0.0133859
2.21363e-09	0.0134072
2.21369e-09	0.0134284
2.21376e-09	0.0134496
2.21382e-09	0.0134708
2.21389e-09	0.0134919
2.21395e-09	0.0135131
2.21401e-09	0.0135342
2.21408e-09	0.0135553
2.21414e-09	0.0135763
2.21421e-09	0.0135974
2.21427e-09	0.0136184
2.21433e-09	0.0136394
2.2144e-09	0.0136603
2.21446e-09	0.0136813
2.21453e-09	0.0137022
2.21459e-09	0.0137231
2.21465e-09	0.0137439
2.21472e-09	0.0137648
2.21478e-09	0.0137856
2.21485e-09	0.0138064
2.21491e-09	0.0138272
2.21497e-09	0.0138479
2.21504e-09	0.0138687
2.2151e-09	0.0138894
2.21517e-09	0.0139101
2.21523e-09	0.0139307
2.21529e-09	0.0139513
2.21536e-09	0.013972
2.21542e-09	0.0139925
2.21549e-09	0.0140131
2.21555e-09	0.0140336
2.21561e-09	0.0140542
2.21568e-09	0.0140747
2.21574e-09	0.0140951
2.21581e-09	0.0141156
2.21587e-09	0.014136
2.21593e-09	0.0141564
2.216e-09	0.0141768
2.21606e-09	0.0141971
2.21613e-09	0.0142174
2.21619e-09	0.0142377
2.21625e-09	0.014258
2.21632e-09	0.0142783
2.21638e-09	0.0142985
2.21645e-09	0.0143187
2.21651e-09	0.0143389
2.21657e-09	0.0143591
2.21664e-09	0.0143792
2.2167e-09	0.0143993
2.21677e-09	0.0144194
2.21683e-09	0.0144395
2.21689e-09	0.0144596
2.21696e-09	0.0144796
2.21702e-09	0.0144996
2.21709e-09	0.0145196
2.21715e-09	0.0145395
2.21721e-09	0.0145594
2.21728e-09	0.0145794
2.21734e-09	0.0145992
2.21741e-09	0.0146191
2.21747e-09	0.0146389
2.21753e-09	0.0146587
2.2176e-09	0.0146785
2.21766e-09	0.0146983
2.21773e-09	0.0147181
2.21779e-09	0.0147378
2.21785e-09	0.0147575
2.21792e-09	0.0147772
2.21798e-09	0.0147968
2.21805e-09	0.0148164
2.21811e-09	0.014836
2.21817e-09	0.0148556
2.21824e-09	0.0148752
2.2183e-09	0.0148947
2.21837e-09	0.0149142
2.21843e-09	0.0149337
2.21849e-09	0.0149532
2.21856e-09	0.0149726
2.21862e-09	0.0149921
2.21869e-09	0.0150115
2.21875e-09	0.0150308
2.21881e-09	0.0150502
2.21888e-09	0.0150695
2.21894e-09	0.0150888
2.21901e-09	0.0151081
2.21907e-09	0.0151274
2.21913e-09	0.0151466
2.2192e-09	0.0151658
2.21926e-09	0.015185
2.21933e-09	0.0152042
2.21939e-09	0.0152233
2.21945e-09	0.0152424
2.21952e-09	0.0152616
2.21958e-09	0.0152806
2.21965e-09	0.0152997
2.21971e-09	0.0153187
2.21977e-09	0.0153377
2.21984e-09	0.0153567
2.2199e-09	0.0153757
2.21997e-09	0.0153946
2.22003e-09	0.0154135
2.22009e-09	0.0154324
2.22016e-09	0.0154513
2.22022e-09	0.0154701
2.22029e-09	0.015489
2.22035e-09	0.0155078
2.22041e-09	0.0155266
2.22048e-09	0.0155453
2.22054e-09	0.0155641
2.22061e-09	0.0155828
2.22067e-09	0.0156015
2.22073e-09	0.0156201
2.2208e-09	0.0156388
2.22086e-09	0.0156574
2.22093e-09	0.015676
2.22099e-09	0.0156946
2.22105e-09	0.0157131
2.22112e-09	0.0157317
2.22118e-09	0.0157502
2.22125e-09	0.0157686
2.22131e-09	0.0157871
2.22137e-09	0.0158056
2.22144e-09	0.015824
2.2215e-09	0.0158424
2.22157e-09	0.0158607
2.22163e-09	0.0158791
2.22169e-09	0.0158974
2.22176e-09	0.0159157
2.22182e-09	0.015934
2.22189e-09	0.0159523
2.22195e-09	0.0159705
2.22201e-09	0.0159887
2.22208e-09	0.0160069
2.22214e-09	0.0160251
2.22221e-09	0.0160432
2.22227e-09	0.0160614
2.22233e-09	0.0160795
2.2224e-09	0.0160976
2.22246e-09	0.0161156
2.22253e-09	0.0161337
2.22259e-09	0.0161517
2.22265e-09	0.0161697
2.22272e-09	0.0161876
2.22278e-09	0.0162056
2.22285e-09	0.0162235
2.22291e-09	0.0162414
2.22297e-09	0.0162593
2.22304e-09	0.0162771
2.2231e-09	0.016295
2.22317e-09	0.0163128
2.22323e-09	0.0163306
2.22329e-09	0.0163484
2.22336e-09	0.0163661
2.22342e-09	0.0163838
2.22349e-09	0.0164015
2.22355e-09	0.0164192
2.22361e-09	0.0164369
2.22368e-09	0.0164545
2.22374e-09	0.0164721
2.22381e-09	0.0164897
2.22387e-09	0.0165073
2.22393e-09	0.0165248
2.224e-09	0.0165424
2.22406e-09	0.0165599
2.22413e-09	0.0165773
2.22419e-09	0.0165948
2.22425e-09	0.0166122
2.22432e-09	0.0166297
2.22438e-09	0.016647
2.22445e-09	0.0166644
2.22451e-09	0.0166818
2.22457e-09	0.0166991
2.22464e-09	0.0167164
2.2247e-09	0.0167337
2.22477e-09	0.0167509
2.22483e-09	0.0167682
2.22489e-09	0.0167854
2.22496e-09	0.0168026
2.22502e-09	0.0168198
2.22509e-09	0.0168369
2.22515e-09	0.016854
2.22521e-09	0.0168712
2.22528e-09	0.0168882
2.22534e-09	0.0169053
2.22541e-09	0.0169223
2.22547e-09	0.0169394
2.22553e-09	0.0169564
2.2256e-09	0.0169733
2.22566e-09	0.0169903
2.22573e-09	0.0170072
2.22579e-09	0.0170241
2.22585e-09	0.017041
2.22592e-09	0.0170579
2.22598e-09	0.0170747
2.22605e-09	0.0170916
2.22611e-09	0.0171084
2.22617e-09	0.0171251
2.22624e-09	0.0171419
2.2263e-09	0.0171586
2.22637e-09	0.0171754
2.22643e-09	0.017192
2.22649e-09	0.0172087
2.22656e-09	0.0172254
2.22662e-09	0.017242
2.22669e-09	0.0172586
2.22675e-09	0.0172752
2.22681e-09	0.0172917
2.22688e-09	0.0173083
2.22694e-09	0.0173248
2.22701e-09	0.0173413
2.22707e-09	0.0173578
2.22714e-09	0.0173742
2.2272e-09	0.0173907
2.22726e-09	0.0174071
2.22733e-09	0.0174235
2.22739e-09	0.0174398
2.22746e-09	0.0174562
2.22752e-09	0.0174725
2.22758e-09	0.0174888
2.22765e-09	0.0175051
2.22771e-09	0.0175214
2.22778e-09	0.0175376
2.22784e-09	0.0175538
2.2279e-09	0.01757
2.22797e-09	0.0175862
2.22803e-09	0.0176024
2.2281e-09	0.0176185
2.22816e-09	0.0176346
2.22822e-09	0.0176507
2.22829e-09	0.0176668
2.22835e-09	0.0176828
2.22842e-09	0.0176988
2.22848e-09	0.0177148
2.22854e-09	0.0177308
2.22861e-09	0.0177468
2.22867e-09	0.0177627
2.22874e-09	0.0177786
2.2288e-09	0.0177945
2.22886e-09	0.0178104
2.22893e-09	0.0178263
2.22899e-09	0.0178421
2.22906e-09	0.0178579
2.22912e-09	0.0178737
2.22918e-09	0.0178895
2.22925e-09	0.0179052
2.22931e-09	0.0179209
2.22938e-09	0.0179367
2.22944e-09	0.0179523
2.2295e-09	0.017968
2.22957e-09	0.0179836
2.22963e-09	0.0179993
2.2297e-09	0.0180149
2.22976e-09	0.0180304
2.22982e-09	0.018046
2.22989e-09	0.0180615
2.22995e-09	0.0180771
2.23002e-09	0.0180926
2.23008e-09	0.018108
2.23014e-09	0.0181235
2.23021e-09	0.0181389
2.23027e-09	0.0181543
2.23034e-09	0.0181697
2.2304e-09	0.0181851
2.23046e-09	0.0182004
2.23053e-09	0.0182158
2.23059e-09	0.0182311
2.23066e-09	0.0182464
2.23072e-09	0.0182616
2.23078e-09	0.0182769
2.23085e-09	0.0182921
2.23091e-09	0.0183073
2.23098e-09	0.0183225
2.23104e-09	0.0183376
2.2311e-09	0.0183528
2.23117e-09	0.0183679
2.23123e-09	0.018383
2.2313e-09	0.0183981
2.23136e-09	0.0184131
2.23142e-09	0.0184281
2.23149e-09	0.0184432
2.23155e-09	0.0184581
2.23162e-09	0.0184731
2.23168e-09	0.0184881
2.23174e-09	0.018503
2.23181e-09	0.0185179
2.23187e-09	0.0185328
2.23194e-09	0.0185477
2.232e-09	0.0185625
2.23206e-09	0.0185773
2.23213e-09	0.0185921
2.23219e-09	0.0186069
2.23226e-09	0.0186217
2.23232e-09	0.0186364
2.23238e-09	0.0186512
2.23245e-09	0.0186659
2.23251e-09	0.0186805
2.23258e-09	0.0186952
2.23264e-09	0.0187098
2.2327e-09	0.0187245
2.23277e-09	0.0187391
2.23283e-09	0.0187536
2.2329e-09	0.0187682
2.23296e-09	0.0187827
2.23302e-09	0.0187972
2.23309e-09	0.0188117
2.23315e-09	0.0188262
2.23322e-09	0.0188407
2.23328e-09	0.0188551
2.23334e-09	0.0188695
2.23341e-09	0.0188839
2.23347e-09	0.0188983
2.23354e-09	0.0189126
2.2336e-09	0.018927
2.23366e-09	0.0189413
2.23373e-09	0.0189556
2.23379e-09	0.0189698
2.23386e-09	0.0189841
2.23392e-09	0.0189983
2.23398e-09	0.0190125
2.23405e-09	0.0190267
2.23411e-09	0.0190409
2.23418e-09	0.019055
2.23424e-09	0.0190692
2.2343e-09	0.0190833
2.23437e-09	0.0190974
2.23443e-09	0.0191114
2.2345e-09	0.0191255
2.23456e-09	0.0191395
2.23462e-09	0.0191535
2.23469e-09	0.0191675
2.23475e-09	0.0191815
2.23482e-09	0.0191954
2.23488e-09	0.0192093
2.23494e-09	0.0192232
2.23501e-09	0.0192371
2.23507e-09	0.019251
2.23514e-09	0.0192648
2.2352e-09	0.0192786
2.23526e-09	0.0192925
2.23533e-09	0.0193062
2.23539e-09	0.01932
2.23546e-09	0.0193337
2.23552e-09	0.0193475
2.23558e-09	0.0193612
2.23565e-09	0.0193748
2.23571e-09	0.0193885
2.23578e-09	0.0194022
2.23584e-09	0.0194158
2.2359e-09	0.0194294
2.23597e-09	0.019443
2.23603e-09	0.0194565
2.2361e-09	0.0194701
2.23616e-09	0.0194836
2.23622e-09	0.0194971
2.23629e-09	0.0195106
2.23635e-09	0.019524
2.23642e-09	0.0195375
2.23648e-09	0.0195509
2.23654e-09	0.0195643
2.23661e-09	0.0195777
2.23667e-09	0.019591
2.23674e-09	0.0196044
2.2368e-09	0.0196177
2.23686e-09	0.019631
2.23693e-09	0.0196443
2.23699e-09	0.0196576
2.23706e-09	0.0196708
2.23712e-09	0.019684
2.23718e-09	0.0196972
2.23725e-09	0.0197104
2.23731e-09	0.0197236
2.23738e-09	0.0197367
2.23744e-09	0.0197498
2.2375e-09	0.0197629
2.23757e-09	0.019776
2.23763e-09	0.0197891
2.2377e-09	0.0198021
2.23776e-09	0.0198152
2.23782e-09	0.0198282
2.23789e-09	0.0198412
2.23795e-09	0.0198541
2.23802e-09	0.0198671
2.23808e-09	0.01988
2.23814e-09	0.0198929
2.23821e-09	0.0199058
2.23827e-09	0.0199187
2.23834e-09	0.0199315
2.2384e-09	0.0199443
2.23846e-09	0.0199571
2.23853e-09	0.0199699
2.23859e-09	0.0199827
2.23866e-09	0.0199954
2.23872e-09	0.0200082
2.23878e-09	0.0200209
2.23885e-09	0.0200336
2.23891e-09	0.0200462
2.23898e-09	0.0200589
2.23904e-09	0.0200715
2.2391e-09	0.0200841
2.23917e-09	0.0200967
2.23923e-09	0.0201093
2.2393e-09	0.0201219
2.23936e-09	0.0201344
2.23942e-09	0.0201469
2.23949e-09	0.0201594
2.23955e-09	0.0201719
2.23962e-09	0.0201843
2.23968e-09	0.0201968
2.23974e-09	0.0202092
2.23981e-09	0.0202216
2.23987e-09	0.020234
2.23994e-09	0.0202463
2.24e-09	0.0202587
2.24006e-09	0.020271
2.24013e-09	0.0202833
2.24019e-09	0.0202956
2.24026e-09	0.0203078
2.24032e-09	0.0203201
2.24038e-09	0.0203323
2.24045e-09	0.0203445
2.24051e-09	0.0203567
2.24058e-09	0.0203689
2.24064e-09	0.020381
2.2407e-09	0.0203932
2.24077e-09	0.0204053
2.24083e-09	0.0204173
2.2409e-09	0.0204294
2.24096e-09	0.0204415
2.24102e-09	0.0204535
2.24109e-09	0.0204655
2.24115e-09	0.0204775
2.24122e-09	0.0204895
2.24128e-09	0.0205014
2.24134e-09	0.0205134
2.24141e-09	0.0205253
2.24147e-09	0.0205372
2.24154e-09	0.0205491
2.2416e-09	0.0205609
2.24166e-09	0.0205728
2.24173e-09	0.0205846
2.24179e-09	0.0205964
2.24186e-09	0.0206082
2.24192e-09	0.0206199
2.24198e-09	0.0206317
2.24205e-09	0.0206434
2.24211e-09	0.0206551
2.24218e-09	0.0206668
2.24224e-09	0.0206785
2.2423e-09	0.0206901
2.24237e-09	0.0207018
2.24243e-09	0.0207134
2.2425e-09	0.020725
2.24256e-09	0.0207365
2.24262e-09	0.0207481
2.24269e-09	0.0207596
2.24275e-09	0.0207712
2.24282e-09	0.0207827
2.24288e-09	0.0207941
2.24294e-09	0.0208056
2.24301e-09	0.020817
2.24307e-09	0.0208285
2.24314e-09	0.0208399
2.2432e-09	0.0208513
2.24326e-09	0.0208626
2.24333e-09	0.020874
2.24339e-09	0.0208853
2.24346e-09	0.0208966
2.24352e-09	0.0209079
2.24358e-09	0.0209192
2.24365e-09	0.0209304
2.24371e-09	0.0209417
2.24378e-09	0.0209529
2.24384e-09	0.0209641
2.2439e-09	0.0209753
2.24397e-09	0.0209864
2.24403e-09	0.0209976
2.2441e-09	0.0210087
2.24416e-09	0.0210198
2.24422e-09	0.0210309
2.24429e-09	0.021042
2.24435e-09	0.021053
2.24442e-09	0.021064
2.24448e-09	0.0210751
2.24455e-09	0.021086
2.24461e-09	0.021097
2.24467e-09	0.021108
2.24474e-09	0.0211189
2.2448e-09	0.0211298
2.24487e-09	0.0211407
2.24493e-09	0.0211516
2.24499e-09	0.0211625
2.24506e-09	0.0211733
2.24512e-09	0.0211842
2.24519e-09	0.021195
2.24525e-09	0.0212058
2.24531e-09	0.0212165
2.24538e-09	0.0212273
2.24544e-09	0.021238
2.24551e-09	0.0212487
2.24557e-09	0.0212594
2.24563e-09	0.0212701
2.2457e-09	0.0212808
2.24576e-09	0.0212914
2.24583e-09	0.021302
2.24589e-09	0.0213126
2.24595e-09	0.0213232
2.24602e-09	0.0213338
2.24608e-09	0.0213444
2.24615e-09	0.0213549
2.24621e-09	0.0213654
2.24627e-09	0.0213759
2.24634e-09	0.0213864
2.2464e-09	0.0213968
2.24647e-09	0.0214073
2.24653e-09	0.0214177
2.24659e-09	0.0214281
2.24666e-09	0.0214385
2.24672e-09	0.0214489
2.24679e-09	0.0214592
2.24685e-09	0.0214695
2.24691e-09	0.0214799
2.24698e-09	0.0214901
2.24704e-09	0.0215004
2.24711e-09	0.0215107
2.24717e-09	0.0215209
2.24723e-09	0.0215311
2.2473e-09	0.0215414
2.24736e-09	0.0215515
2.24743e-09	0.0215617
2.24749e-09	0.0215719
2.24755e-09	0.021582
2.24762e-09	0.0215921
2.24768e-09	0.0216022
2.24775e-09	0.0216123
2.24781e-09	0.0216223
2.24787e-09	0.0216324
2.24794e-09	0.0216424
2.248e-09	0.0216524
2.24807e-09	0.0216624
2.24813e-09	0.0216724
2.24819e-09	0.0216823
2.24826e-09	0.0216923
2.24832e-09	0.0217022
2.24839e-09	0.0217121
2.24845e-09	0.021722
2.24851e-09	0.0217318
2.24858e-09	0.0217417
2.24864e-09	0.0217515
2.24871e-09	0.0217613
2.24877e-09	0.0217711
2.24883e-09	0.0217809
2.2489e-09	0.0217906
2.24896e-09	0.0218004
2.24903e-09	0.0218101
2.24909e-09	0.0218198
2.24915e-09	0.0218295
2.24922e-09	0.0218391
2.24928e-09	0.0218488
2.24935e-09	0.0218584
2.24941e-09	0.021868
2.24947e-09	0.0218776
2.24954e-09	0.0218872
2.2496e-09	0.0218968
2.24967e-09	0.0219063
2.24973e-09	0.0219158
2.24979e-09	0.0219253
2.24986e-09	0.0219348
2.24992e-09	0.0219443
2.24999e-09	0.0219538
2.25005e-09	0.0219632
2.25011e-09	0.0219726
2.25018e-09	0.021982
2.25024e-09	0.0219914
2.25031e-09	0.0220008
2.25037e-09	0.0220101
2.25043e-09	0.0220194
2.2505e-09	0.0220288
2.25056e-09	0.0220381
2.25063e-09	0.0220473
2.25069e-09	0.0220566
2.25075e-09	0.0220658
2.25082e-09	0.0220751
2.25088e-09	0.0220843
2.25095e-09	0.0220935
2.25101e-09	0.0221026
2.25107e-09	0.0221118
2.25114e-09	0.0221209
2.2512e-09	0.02213
2.25127e-09	0.0221392
2.25133e-09	0.0221482
2.25139e-09	0.0221573
2.25146e-09	0.0221664
2.25152e-09	0.0221754
2.25159e-09	0.0221844
2.25165e-09	0.0221934
2.25171e-09	0.0222024
2.25178e-09	0.0222114
2.25184e-09	0.0222203
2.25191e-09	0.0222292
2.25197e-09	0.0222381
2.25203e-09	0.022247
2.2521e-09	0.0222559
2.25216e-09	0.0222648
2.25223e-09	0.0222736
2.25229e-09	0.0222824
2.25235e-09	0.0222913
2.25242e-09	0.0223
2.25248e-09	0.0223088
2.25255e-09	0.0223176
2.25261e-09	0.0223263
2.25267e-09	0.022335
2.25274e-09	0.0223437
2.2528e-09	0.0223524
2.25287e-09	0.0223611
2.25293e-09	0.0223698
2.25299e-09	0.0223784
2.25306e-09	0.022387
2.25312e-09	0.0223956
2.25319e-09	0.0224042
2.25325e-09	0.0224128
2.25331e-09	0.0224213
2.25338e-09	0.0224299
2.25344e-09	0.0224384
2.25351e-09	0.0224469
2.25357e-09	0.0224554
2.25363e-09	0.0224638
2.2537e-09	0.0224723
2.25376e-09	0.0224807
2.25383e-09	0.0224891
2.25389e-09	0.0224975
2.25395e-09	0.0225059
2.25402e-09	0.0225143
2.25408e-09	0.0225226
2.25415e-09	0.0225309
2.25421e-09	0.0225393
2.25427e-09	0.0225476
2.25434e-09	0.0225558
2.2544e-09	0.0225641
2.25447e-09	0.0225723
2.25453e-09	0.0225806
2.25459e-09	0.0225888
2.25466e-09	0.022597
2.25472e-09	0.0226052
2.25479e-09	0.0226133
2.25485e-09	0.0226215
2.25491e-09	0.0226296
2.25498e-09	0.0226377
2.25504e-09	0.0226458
2.25511e-09	0.0226539
2.25517e-09	0.0226619
2.25523e-09	0.02267
2.2553e-09	0.022678
2.25536e-09	0.022686
2.25543e-09	0.022694
2.25549e-09	0.022702
2.25555e-09	0.02271
2.25562e-09	0.0227179
2.25568e-09	0.0227258
2.25575e-09	0.0227337
2.25581e-09	0.0227416
2.25587e-09	0.0227495
2.25594e-09	0.0227574
2.256e-09	0.0227652
2.25607e-09	0.022773
2.25613e-09	0.0227808
2.25619e-09	0.0227886
2.25626e-09	0.0227964
2.25632e-09	0.0228042
2.25639e-09	0.0228119
2.25645e-09	0.0228196
2.25651e-09	0.0228274
2.25658e-09	0.0228351
2.25664e-09	0.0228427
2.25671e-09	0.0228504
2.25677e-09	0.022858
2.25683e-09	0.0228657
2.2569e-09	0.0228733
2.25696e-09	0.0228809
2.25703e-09	0.0228885
2.25709e-09	0.022896
2.25715e-09	0.0229036
2.25722e-09	0.0229111
2.25728e-09	0.0229186
2.25735e-09	0.0229261
2.25741e-09	0.0229336
2.25747e-09	0.022941
2.25754e-09	0.0229485
2.2576e-09	0.0229559
2.25767e-09	0.0229633
2.25773e-09	0.0229707
2.25779e-09	0.0229781
2.25786e-09	0.0229855
2.25792e-09	0.0229928
2.25799e-09	0.0230002
2.25805e-09	0.0230075
2.25811e-09	0.0230148
2.25818e-09	0.0230221
2.25824e-09	0.0230293
2.25831e-09	0.0230366
2.25837e-09	0.0230438
2.25843e-09	0.0230511
2.2585e-09	0.0230583
2.25856e-09	0.0230654
2.25863e-09	0.0230726
2.25869e-09	0.0230798
2.25875e-09	0.0230869
2.25882e-09	0.023094
2.25888e-09	0.0231011
2.25895e-09	0.0231082
2.25901e-09	0.0231153
2.25907e-09	0.0231224
2.25914e-09	0.0231294
2.2592e-09	0.0231364
2.25927e-09	0.0231434
2.25933e-09	0.0231504
2.25939e-09	0.0231574
2.25946e-09	0.0231644
2.25952e-09	0.0231713
2.25959e-09	0.0231783
2.25965e-09	0.0231852
2.25971e-09	0.0231921
2.25978e-09	0.0231989
2.25984e-09	0.0232058
2.25991e-09	0.0232127
2.25997e-09	0.0232195
2.26003e-09	0.0232263
2.2601e-09	0.0232331
2.26016e-09	0.0232399
2.26023e-09	0.0232467
2.26029e-09	0.0232534
2.26035e-09	0.0232602
2.26042e-09	0.0232669
2.26048e-09	0.0232736
2.26055e-09	0.0232803
2.26061e-09	0.023287
2.26067e-09	0.0232936
2.26074e-09	0.0233003
2.2608e-09	0.0233069
2.26087e-09	0.0233135
2.26093e-09	0.0233201
2.26099e-09	0.0233267
2.26106e-09	0.0233332
2.26112e-09	0.0233398
2.26119e-09	0.0233463
2.26125e-09	0.0233528
2.26131e-09	0.0233593
2.26138e-09	0.0233658
2.26144e-09	0.0233723
2.26151e-09	0.0233787
2.26157e-09	0.0233852
2.26163e-09	0.0233916
2.2617e-09	0.023398
2.26176e-09	0.0234044
2.26183e-09	0.0234108
2.26189e-09	0.0234171
2.26195e-09	0.0234235
2.26202e-09	0.0234298
2.26208e-09	0.0234361
2.26215e-09	0.0234424
2.26221e-09	0.0234487
2.26228e-09	0.023455
2.26234e-09	0.0234612
2.2624e-09	0.0234675
2.26247e-09	0.0234737
2.26253e-09	0.0234799
2.2626e-09	0.0234861
2.26266e-09	0.0234922
2.26272e-09	0.0234984
2.26279e-09	0.0235045
2.26285e-09	0.0235107
2.26292e-09	0.0235168
2.26298e-09	0.0235229
2.26304e-09	0.023529
2.26311e-09	0.023535
2.26317e-09	0.0235411
2.26324e-09	0.0235471
2.2633e-09	0.0235531
2.26336e-09	0.0235591
2.26343e-09	0.0235651
2.26349e-09	0.0235711
2.26356e-09	0.0235771
2.26362e-09	0.023583
2.26368e-09	0.0235889
2.26375e-09	0.0235948
2.26381e-09	0.0236007
2.26388e-09	0.0236066
2.26394e-09	0.0236125
2.264e-09	0.0236183
2.26407e-09	0.0236242
2.26413e-09	0.02363
2.2642e-09	0.0236358
2.26426e-09	0.0236416
2.26432e-09	0.0236473
2.26439e-09	0.0236531
2.26445e-09	0.0236588
2.26452e-09	0.0236646
2.26458e-09	0.0236703
2.26464e-09	0.023676
2.26471e-09	0.0236817
2.26477e-09	0.0236873
2.26484e-09	0.023693
2.2649e-09	0.0236986
2.26496e-09	0.0237042
2.26503e-09	0.0237099
2.26509e-09	0.0237154
2.26516e-09	0.023721
2.26522e-09	0.0237266
2.26528e-09	0.0237321
2.26535e-09	0.0237377
2.26541e-09	0.0237432
2.26548e-09	0.0237487
2.26554e-09	0.0237542
2.2656e-09	0.0237596
2.26567e-09	0.0237651
2.26573e-09	0.0237705
2.2658e-09	0.023776
2.26586e-09	0.0237814
2.26592e-09	0.0237868
2.26599e-09	0.0237921
2.26605e-09	0.0237975
2.26612e-09	0.0238029
2.26618e-09	0.0238082
2.26624e-09	0.0238135
2.26631e-09	0.0238188
2.26637e-09	0.0238241
2.26644e-09	0.0238294
2.2665e-09	0.0238347
2.26656e-09	0.0238399
2.26663e-09	0.0238451
2.26669e-09	0.0238504
2.26676e-09	0.0238556
2.26682e-09	0.0238608
2.26688e-09	0.0238659
2.26695e-09	0.0238711
2.26701e-09	0.0238762
2.26708e-09	0.0238814
2.26714e-09	0.0238865
2.2672e-09	0.0238916
2.26727e-09	0.0238967
2.26733e-09	0.0239017
2.2674e-09	0.0239068
2.26746e-09	0.0239118
2.26752e-09	0.0239168
2.26759e-09	0.0239219
2.26765e-09	0.0239269
2.26772e-09	0.0239318
2.26778e-09	0.0239368
2.26784e-09	0.0239418
2.26791e-09	0.0239467
2.26797e-09	0.0239516
2.26804e-09	0.0239565
2.2681e-09	0.0239614
2.26816e-09	0.0239663
2.26823e-09	0.0239712
2.26829e-09	0.023976
2.26836e-09	0.0239808
2.26842e-09	0.0239857
2.26848e-09	0.0239905
2.26855e-09	0.0239953
2.26861e-09	0.024
2.26868e-09	0.0240048
2.26874e-09	0.0240095
2.2688e-09	0.0240143
2.26887e-09	0.024019
2.26893e-09	0.0240237
2.269e-09	0.0240284
2.26906e-09	0.0240331
2.26912e-09	0.0240377
2.26919e-09	0.0240424
2.26925e-09	0.024047
2.26932e-09	0.0240516
2.26938e-09	0.0240562
2.26944e-09	0.0240608
2.26951e-09	0.0240654
2.26957e-09	0.02407
2.26964e-09	0.0240745
2.2697e-09	0.024079
2.26976e-09	0.0240836
2.26983e-09	0.0240881
2.26989e-09	0.0240925
2.26996e-09	0.024097
2.27002e-09	0.0241015
2.27008e-09	0.0241059
2.27015e-09	0.0241104
2.27021e-09	0.0241148
2.27028e-09	0.0241192
2.27034e-09	0.0241236
2.2704e-09	0.0241279
2.27047e-09	0.0241323
2.27053e-09	0.0241367
2.2706e-09	0.024141
2.27066e-09	0.0241453
2.27072e-09	0.0241496
2.27079e-09	0.0241539
2.27085e-09	0.0241582
2.27092e-09	0.0241624
2.27098e-09	0.0241667
2.27104e-09	0.0241709
2.27111e-09	0.0241751
2.27117e-09	0.0241793
2.27124e-09	0.0241835
2.2713e-09	0.0241877
2.27136e-09	0.0241919
2.27143e-09	0.024196
2.27149e-09	0.0242001
2.27156e-09	0.0242043
2.27162e-09	0.0242084
2.27168e-09	0.0242125
2.27175e-09	0.0242165
2.27181e-09	0.0242206
2.27188e-09	0.0242247
2.27194e-09	0.0242287
2.272e-09	0.0242327
2.27207e-09	0.0242367
2.27213e-09	0.0242407
2.2722e-09	0.0242447
2.27226e-09	0.0242487
2.27232e-09	0.0242526
2.27239e-09	0.0242566
2.27245e-09	0.0242605
2.27252e-09	0.0242644
2.27258e-09	0.0242683
2.27264e-09	0.0242722
2.27271e-09	0.024276
2.27277e-09	0.0242799
2.27284e-09	0.0242837
2.2729e-09	0.0242876
2.27296e-09	0.0242914
2.27303e-09	0.0242952
2.27309e-09	0.024299
2.27316e-09	0.0243027
2.27322e-09	0.0243065
2.27328e-09	0.0243102
2.27335e-09	0.024314
2.27341e-09	0.0243177
2.27348e-09	0.0243214
2.27354e-09	0.0243251
2.2736e-09	0.0243288
2.27367e-09	0.0243324
2.27373e-09	0.0243361
2.2738e-09	0.0243397
2.27386e-09	0.0243433
2.27392e-09	0.0243469
2.27399e-09	0.0243505
2.27405e-09	0.0243541
2.27412e-09	0.0243577
2.27418e-09	0.0243612
2.27424e-09	0.0243648
2.27431e-09	0.0243683
2.27437e-09	0.0243718
2.27444e-09	0.0243753
2.2745e-09	0.0243788
2.27456e-09	0.0243823
2.27463e-09	0.0243857
2.27469e-09	0.0243892
2.27476e-09	0.0243926
2.27482e-09	0.024396
2.27488e-09	0.0243994
2.27495e-09	0.0244028
2.27501e-09	0.0244062
2.27508e-09	0.0244096
2.27514e-09	0.0244129
2.2752e-09	0.0244162
2.27527e-09	0.0244196
2.27533e-09	0.0244229
2.2754e-09	0.0244262
2.27546e-09	0.0244295
2.27552e-09	0.0244327
2.27559e-09	0.024436
2.27565e-09	0.0244392
2.27572e-09	0.0244425
2.27578e-09	0.0244457
2.27584e-09	0.0244489
2.27591e-09	0.0244521
2.27597e-09	0.0244552
2.27604e-09	0.0244584
2.2761e-09	0.0244616
2.27616e-09	0.0244647
2.27623e-09	0.0244678
2.27629e-09	0.0244709
2.27636e-09	0.024474
2.27642e-09	0.0244771
2.27648e-09	0.0244802
2.27655e-09	0.0244832
2.27661e-09	0.0244863
2.27668e-09	0.0244893
2.27674e-09	0.0244923
2.2768e-09	0.0244953
2.27687e-09	0.0244983
2.27693e-09	0.0245013
2.277e-09	0.0245043
2.27706e-09	0.0245072
2.27712e-09	0.0245101
2.27719e-09	0.0245131
2.27725e-09	0.024516
2.27732e-09	0.0245189
2.27738e-09	0.0245218
2.27744e-09	0.0245246
2.27751e-09	0.0245275
2.27757e-09	0.0245303
2.27764e-09	0.0245332
2.2777e-09	0.024536
2.27776e-09	0.0245388
2.27783e-09	0.0245416
2.27789e-09	0.0245444
2.27796e-09	0.0245471
2.27802e-09	0.0245499
2.27808e-09	0.0245526
2.27815e-09	0.0245554
2.27821e-09	0.0245581
2.27828e-09	0.0245608
2.27834e-09	0.0245635
2.2784e-09	0.0245662
2.27847e-09	0.0245688
2.27853e-09	0.0245715
2.2786e-09	0.0245741
2.27866e-09	0.0245767
2.27872e-09	0.0245793
2.27879e-09	0.0245819
2.27885e-09	0.0245845
2.27892e-09	0.0245871
2.27898e-09	0.0245897
2.27904e-09	0.0245922
2.27911e-09	0.0245947
2.27917e-09	0.0245973
2.27924e-09	0.0245998
2.2793e-09	0.0246023
2.27936e-09	0.0246048
2.27943e-09	0.0246072
2.27949e-09	0.0246097
2.27956e-09	0.0246121
2.27962e-09	0.0246146
2.27969e-09	0.024617
2.27975e-09	0.0246194
2.27981e-09	0.0246218
2.27988e-09	0.0246242
2.27994e-09	0.0246265
2.28001e-09	0.0246289
2.28007e-09	0.0246312
2.28013e-09	0.0246336
2.2802e-09	0.0246359
2.28026e-09	0.0246382
2.28033e-09	0.0246405
2.28039e-09	0.0246428
2.28045e-09	0.024645
2.28052e-09	0.0246473
2.28058e-09	0.0246495
2.28065e-09	0.0246518
2.28071e-09	0.024654
2.28077e-09	0.0246562
2.28084e-09	0.0246584
2.2809e-09	0.0246606
2.28097e-09	0.0246627
2.28103e-09	0.0246649
2.28109e-09	0.024667
2.28116e-09	0.0246692
2.28122e-09	0.0246713
2.28129e-09	0.0246734
2.28135e-09	0.0246755
2.28141e-09	0.0246775
2.28148e-09	0.0246796
2.28154e-09	0.0246817
2.28161e-09	0.0246837
2.28167e-09	0.0246857
2.28173e-09	0.0246878
2.2818e-09	0.0246898
2.28186e-09	0.0246918
2.28193e-09	0.0246937
2.28199e-09	0.0246957
2.28205e-09	0.0246977
2.28212e-09	0.0246996
2.28218e-09	0.0247015
2.28225e-09	0.0247035
2.28231e-09	0.0247054
2.28237e-09	0.0247073
2.28244e-09	0.0247091
2.2825e-09	0.024711
2.28257e-09	0.0247129
2.28263e-09	0.0247147
2.28269e-09	0.0247165
2.28276e-09	0.0247184
2.28282e-09	0.0247202
2.28289e-09	0.024722
2.28295e-09	0.0247237
2.28301e-09	0.0247255
2.28308e-09	0.0247273
2.28314e-09	0.024729
2.28321e-09	0.0247308
2.28327e-09	0.0247325
2.28333e-09	0.0247342
2.2834e-09	0.0247359
2.28346e-09	0.0247376
2.28353e-09	0.0247392
2.28359e-09	0.0247409
2.28365e-09	0.0247426
2.28372e-09	0.0247442
2.28378e-09	0.0247458
2.28385e-09	0.0247474
2.28391e-09	0.024749
2.28397e-09	0.0247506
2.28404e-09	0.0247522
2.2841e-09	0.0247538
2.28417e-09	0.0247553
2.28423e-09	0.0247569
2.28429e-09	0.0247584
2.28436e-09	0.0247599
2.28442e-09	0.0247614
2.28449e-09	0.0247629
2.28455e-09	0.0247644
2.28461e-09	0.0247658
2.28468e-09	0.0247673
2.28474e-09	0.0247687
2.28481e-09	0.0247702
2.28487e-09	0.0247716
2.28493e-09	0.024773
2.285e-09	0.0247744
2.28506e-09	0.0247758
2.28513e-09	0.0247772
2.28519e-09	0.0247785
2.28525e-09	0.0247799
2.28532e-09	0.0247812
2.28538e-09	0.0247825
2.28545e-09	0.0247839
2.28551e-09	0.0247852
2.28557e-09	0.0247864
2.28564e-09	0.0247877
2.2857e-09	0.024789
2.28577e-09	0.0247902
2.28583e-09	0.0247915
2.28589e-09	0.0247927
2.28596e-09	0.0247939
2.28602e-09	0.0247952
2.28609e-09	0.0247963
2.28615e-09	0.0247975
2.28621e-09	0.0247987
2.28628e-09	0.0247999
2.28634e-09	0.024801
2.28641e-09	0.0248022
2.28647e-09	0.0248033
2.28653e-09	0.0248044
2.2866e-09	0.0248055
2.28666e-09	0.0248066
2.28673e-09	0.0248077
2.28679e-09	0.0248087
2.28685e-09	0.0248098
2.28692e-09	0.0248108
2.28698e-09	0.0248119
2.28705e-09	0.0248129
2.28711e-09	0.0248139
2.28717e-09	0.0248149
2.28724e-09	0.0248159
2.2873e-09	0.0248169
2.28737e-09	0.0248178
2.28743e-09	0.0248188
2.28749e-09	0.0248197
2.28756e-09	0.0248206
2.28762e-09	0.0248215
2.28769e-09	0.0248225
2.28775e-09	0.0248233
2.28781e-09	0.0248242
2.28788e-09	0.0248251
2.28794e-09	0.024826
2.28801e-09	0.0248268
2.28807e-09	0.0248276
2.28813e-09	0.0248285
2.2882e-09	0.0248293
2.28826e-09	0.0248301
2.28833e-09	0.0248309
2.28839e-09	0.0248317
2.28845e-09	0.0248324
2.28852e-09	0.0248332
2.28858e-09	0.0248339
2.28865e-09	0.0248347
2.28871e-09	0.0248354
2.28877e-09	0.0248361
2.28884e-09	0.0248368
2.2889e-09	0.0248375
2.28897e-09	0.0248382
2.28903e-09	0.0248388
2.28909e-09	0.0248395
2.28916e-09	0.0248401
2.28922e-09	0.0248408
2.28929e-09	0.0248414
2.28935e-09	0.024842
2.28941e-09	0.0248426
2.28948e-09	0.0248432
2.28954e-09	0.0248437
2.28961e-09	0.0248443
2.28967e-09	0.0248449
2.28973e-09	0.0248454
2.2898e-09	0.0248459
2.28986e-09	0.0248465
2.28993e-09	0.024847
2.28999e-09	0.0248475
2.29005e-09	0.024848
2.29012e-09	0.0248484
2.29018e-09	0.0248489
2.29025e-09	0.0248493
2.29031e-09	0.0248498
2.29037e-09	0.0248502
2.29044e-09	0.0248506
2.2905e-09	0.024851
2.29057e-09	0.0248514
2.29063e-09	0.0248518
2.29069e-09	0.0248522
2.29076e-09	0.0248526
2.29082e-09	0.0248529
2.29089e-09	0.0248533
2.29095e-09	0.0248536
2.29101e-09	0.0248539
2.29108e-09	0.0248542
2.29114e-09	0.0248545
2.29121e-09	0.0248548
2.29127e-09	0.0248551
2.29133e-09	0.0248554
2.2914e-09	0.0248556
2.29146e-09	0.0248559
2.29153e-09	0.0248561
2.29159e-09	0.0248563
2.29165e-09	0.0248565
2.29172e-09	0.0248567
2.29178e-09	0.0248569
2.29185e-09	0.0248571
2.29191e-09	0.0248573
2.29197e-09	0.0248574
2.29204e-09	0.0248576
2.2921e-09	0.0248577
2.29217e-09	0.0248578
2.29223e-09	0.0248579
2.29229e-09	0.024858
2.29236e-09	0.0248581
2.29242e-09	0.0248582
2.29249e-09	0.0248583
2.29255e-09	0.0248583
2.29261e-09	0.0248584
2.29268e-09	0.0248584
2.29274e-09	0.0248584
2.29281e-09	0.0248585
2.29287e-09	0.0248585
2.29293e-09	0.0248585
2.293e-09	0.0248584
2.29306e-09	0.0248584
2.29313e-09	0.0248584
2.29319e-09	0.0248583
2.29325e-09	0.0248583
2.29332e-09	0.0248582
2.29338e-09	0.0248581
2.29345e-09	0.024858
2.29351e-09	0.0248579
2.29357e-09	0.0248578
2.29364e-09	0.0248577
2.2937e-09	0.0248576
2.29377e-09	0.0248574
2.29383e-09	0.0248573
2.29389e-09	0.0248571
2.29396e-09	0.0248569
2.29402e-09	0.0248567
2.29409e-09	0.0248565
2.29415e-09	0.0248563
2.29421e-09	0.0248561
2.29428e-09	0.0248559
2.29434e-09	0.0248557
2.29441e-09	0.0248554
2.29447e-09	0.0248551
2.29453e-09	0.0248549
2.2946e-09	0.0248546
2.29466e-09	0.0248543
2.29473e-09	0.024854
2.29479e-09	0.0248537
2.29485e-09	0.0248534
2.29492e-09	0.024853
2.29498e-09	0.0248527
2.29505e-09	0.0248523
2.29511e-09	0.024852
2.29517e-09	0.0248516
2.29524e-09	0.0248512
2.2953e-09	0.0248508
2.29537e-09	0.0248504
2.29543e-09	0.02485
2.29549e-09	0.0248496
2.29556e-09	0.0248491
2.29562e-09	0.0248487
2.29569e-09	0.0248482
2.29575e-09	0.0248478
2.29581e-09	0.0248473
2.29588e-09	0.0248468
2.29594e-09	0.0248463
2.29601e-09	0.0248458
2.29607e-09	0.0248453
2.29613e-09	0.0248447
2.2962e-09	0.0248442
2.29626e-09	0.0248436
2.29633e-09	0.0248431
2.29639e-09	0.0248425
2.29645e-09	0.0248419
2.29652e-09	0.0248413
2.29658e-09	0.0248407
2.29665e-09	0.0248401
2.29671e-09	0.0248395
2.29677e-09	0.0248389
2.29684e-09	0.0248382
2.2969e-09	0.0248376
2.29697e-09	0.0248369
2.29703e-09	0.0248363
2.2971e-09	0.0248356
2.29716e-09	0.0248349
2.29722e-09	0.0248342
2.29729e-09	0.0248335
2.29735e-09	0.0248328
2.29742e-09	0.024832
2.29748e-09	0.0248313
2.29754e-09	0.0248305
2.29761e-09	0.0248298
2.29767e-09	0.024829
2.29774e-09	0.0248282
2.2978e-09	0.0248274
2.29786e-09	0.0248266
2.29793e-09	0.0248258
2.29799e-09	0.024825
2.29806e-09	0.0248241
2.29812e-09	0.0248233
2.29818e-09	0.0248225
2.29825e-09	0.0248216
2.29831e-09	0.0248207
2.29838e-09	0.0248198
2.29844e-09	0.0248189
2.2985e-09	0.024818
2.29857e-09	0.0248171
2.29863e-09	0.0248162
2.2987e-09	0.0248153
2.29876e-09	0.0248143
2.29882e-09	0.0248134
2.29889e-09	0.0248124
2.29895e-09	0.0248115
2.29902e-09	0.0248105
2.29908e-09	0.0248095
2.29914e-09	0.0248085
2.29921e-09	0.0248075
2.29927e-09	0.0248065
2.29934e-09	0.0248054
2.2994e-09	0.0248044
2.29946e-09	0.0248033
2.29953e-09	0.0248023
2.29959e-09	0.0248012
2.29966e-09	0.0248001
2.29972e-09	0.024799
2.29978e-09	0.0247979
2.29985e-09	0.0247968
2.29991e-09	0.0247957
2.29998e-09	0.0247946
2.30004e-09	0.0247935
2.3001e-09	0.0247923
2.30017e-09	0.0247912
2.30023e-09	0.02479
2.3003e-09	0.0247888
2.30036e-09	0.0247876
2.30042e-09	0.0247864
2.30049e-09	0.0247852
2.30055e-09	0.024784
2.30062e-09	0.0247828
2.30068e-09	0.0247816
2.30074e-09	0.0247803
2.30081e-09	0.0247791
2.30087e-09	0.0247778
2.30094e-09	0.0247765
2.301e-09	0.0247752
2.30106e-09	0.024774
2.30113e-09	0.0247727
2.30119e-09	0.0247713
2.30126e-09	0.02477
2.30132e-09	0.0247687
2.30138e-09	0.0247674
2.30145e-09	0.024766
2.30151e-09	0.0247647
2.30158e-09	0.0247633
2.30164e-09	0.0247619
2.3017e-09	0.0247605
2.30177e-09	0.0247591
2.30183e-09	0.0247577
2.3019e-09	0.0247563
2.30196e-09	0.0247549
2.30202e-09	0.0247535
2.30209e-09	0.024752
2.30215e-09	0.0247506
2.30222e-09	0.0247491
2.30228e-09	0.0247476
2.30234e-09	0.0247462
2.30241e-09	0.0247447
2.30247e-09	0.0247432
2.30254e-09	0.0247417
2.3026e-09	0.0247402
2.30266e-09	0.0247386
2.30273e-09	0.0247371
2.30279e-09	0.0247355
2.30286e-09	0.024734
2.30292e-09	0.0247324
2.30298e-09	0.0247309
2.30305e-09	0.0247293
2.30311e-09	0.0247277
2.30318e-09	0.0247261
2.30324e-09	0.0247245
2.3033e-09	0.0247229
2.30337e-09	0.0247212
2.30343e-09	0.0247196
2.3035e-09	0.0247179
2.30356e-09	0.0247163
2.30362e-09	0.0247146
2.30369e-09	0.0247129
2.30375e-09	0.0247113
2.30382e-09	0.0247096
2.30388e-09	0.0247079
2.30394e-09	0.0247062
2.30401e-09	0.0247044
2.30407e-09	0.0247027
2.30414e-09	0.024701
2.3042e-09	0.0246992
2.30426e-09	0.0246975
2.30433e-09	0.0246957
2.30439e-09	0.0246939
2.30446e-09	0.0246922
2.30452e-09	0.0246904
2.30458e-09	0.0246886
2.30465e-09	0.0246868
2.30471e-09	0.0246849
2.30478e-09	0.0246831
2.30484e-09	0.0246813
2.3049e-09	0.0246794
2.30497e-09	0.0246776
2.30503e-09	0.0246757
2.3051e-09	0.0246738
2.30516e-09	0.0246719
2.30522e-09	0.0246701
2.30529e-09	0.0246682
2.30535e-09	0.0246662
2.30542e-09	0.0246643
2.30548e-09	0.0246624
2.30554e-09	0.0246605
2.30561e-09	0.0246585
2.30567e-09	0.0246566
2.30574e-09	0.0246546
2.3058e-09	0.0246526
2.30586e-09	0.0246507
2.30593e-09	0.0246487
2.30599e-09	0.0246467
2.30606e-09	0.0246447
2.30612e-09	0.0246426
2.30618e-09	0.0246406
2.30625e-09	0.0246386
2.30631e-09	0.0246365
2.30638e-09	0.0246345
2.30644e-09	0.0246324
2.3065e-09	0.0246304
2.30657e-09	0.0246283
2.30663e-09	0.0246262
2.3067e-09	0.0246241
2.30676e-09	0.024622
2.30682e-09	0.0246199
2.30689e-09	0.0246178
2.30695e-09	0.0246156
2.30702e-09	0.0246135
2.30708e-09	0.0246114
2.30714e-09	0.0246092
2.30721e-09	0.024607
2.30727e-09	0.0246049
2.30734e-09	0.0246027
2.3074e-09	0.0246005
2.30746e-09	0.0245983
2.30753e-09	0.0245961
2.30759e-09	0.0245939
2.30766e-09	0.0245917
2.30772e-09	0.0245894
2.30778e-09	0.0245872
2.30785e-09	0.0245849
2.30791e-09	0.0245827
2.30798e-09	0.0245804
2.30804e-09	0.0245781
2.3081e-09	0.0245758
2.30817e-09	0.0245735
2.30823e-09	0.0245712
2.3083e-09	0.0245689
2.30836e-09	0.0245666
2.30842e-09	0.0245643
2.30849e-09	0.0245619
2.30855e-09	0.0245596
2.30862e-09	0.0245573
2.30868e-09	0.0245549
2.30874e-09	0.0245525
2.30881e-09	0.0245501
2.30887e-09	0.0245478
2.30894e-09	0.0245454
2.309e-09	0.024543
2.30906e-09	0.0245405
2.30913e-09	0.0245381
2.30919e-09	0.0245357
2.30926e-09	0.0245333
2.30932e-09	0.0245308
2.30938e-09	0.0245284
2.30945e-09	0.0245259
2.30951e-09	0.0245234
2.30958e-09	0.0245209
2.30964e-09	0.0245185
2.3097e-09	0.024516
2.30977e-09	0.0245135
2.30983e-09	0.0245109
2.3099e-09	0.0245084
2.30996e-09	0.0245059
2.31002e-09	0.0245034
2.31009e-09	0.0245008
2.31015e-09	0.0244983
2.31022e-09	0.0244957
2.31028e-09	0.0244931
2.31034e-09	0.0244905
2.31041e-09	0.024488
2.31047e-09	0.0244854
2.31054e-09	0.0244828
2.3106e-09	0.0244801
2.31066e-09	0.0244775
2.31073e-09	0.0244749
2.31079e-09	0.0244723
2.31086e-09	0.0244696
2.31092e-09	0.024467
2.31098e-09	0.0244643
2.31105e-09	0.0244616
2.31111e-09	0.024459
2.31118e-09	0.0244563
2.31124e-09	0.0244536
2.3113e-09	0.0244509
2.31137e-09	0.0244482
2.31143e-09	0.0244454
2.3115e-09	0.0244427
2.31156e-09	0.02444
2.31162e-09	0.0244372
2.31169e-09	0.0244345
2.31175e-09	0.0244317
2.31182e-09	0.024429
2.31188e-09	0.0244262
2.31194e-09	0.0244234
2.31201e-09	0.0244206
2.31207e-09	0.0244178
2.31214e-09	0.024415
2.3122e-09	0.0244122
2.31226e-09	0.0244094
2.31233e-09	0.0244066
2.31239e-09	0.0244037
2.31246e-09	0.0244009
2.31252e-09	0.024398
2.31258e-09	0.0243951
2.31265e-09	0.0243923
2.31271e-09	0.0243894
2.31278e-09	0.0243865
2.31284e-09	0.0243836
2.3129e-09	0.0243807
2.31297e-09	0.0243778
2.31303e-09	0.0243749
2.3131e-09	0.024372
2.31316e-09	0.024369
2.31322e-09	0.0243661
2.31329e-09	0.0243631
2.31335e-09	0.0243602
2.31342e-09	0.0243572
2.31348e-09	0.0243542
2.31354e-09	0.0243513
2.31361e-09	0.0243483
2.31367e-09	0.0243453
2.31374e-09	0.0243423
2.3138e-09	0.0243393
2.31386e-09	0.0243362
2.31393e-09	0.0243332
2.31399e-09	0.0243302
2.31406e-09	0.0243271
2.31412e-09	0.0243241
2.31418e-09	0.024321
2.31425e-09	0.024318
2.31431e-09	0.0243149
2.31438e-09	0.0243118
2.31444e-09	0.0243087
2.31451e-09	0.0243056
2.31457e-09	0.0243025
2.31463e-09	0.0242994
2.3147e-09	0.0242963
2.31476e-09	0.0242932
2.31483e-09	0.02429
2.31489e-09	0.0242869
2.31495e-09	0.0242837
2.31502e-09	0.0242806
2.31508e-09	0.0242774
2.31515e-09	0.0242742
2.31521e-09	0.024271
2.31527e-09	0.0242679
2.31534e-09	0.0242647
2.3154e-09	0.0242615
2.31547e-09	0.0242582
2.31553e-09	0.024255
2.31559e-09	0.0242518
2.31566e-09	0.0242486
2.31572e-09	0.0242453
2.31579e-09	0.0242421
2.31585e-09	0.0242388
2.31591e-09	0.0242355
2.31598e-09	0.0242323
2.31604e-09	0.024229
2.31611e-09	0.0242257
2.31617e-09	0.0242224
2.31623e-09	0.0242191
2.3163e-09	0.0242158
2.31636e-09	0.0242125
2.31643e-09	0.0242092
2.31649e-09	0.0242058
2.31655e-09	0.0242025
2.31662e-09	0.0241991
2.31668e-09	0.0241958
2.31675e-09	0.0241924
2.31681e-09	0.0241891
2.31687e-09	0.0241857
2.31694e-09	0.0241823
2.317e-09	0.0241789
2.31707e-09	0.0241755
2.31713e-09	0.0241721
2.31719e-09	0.0241687
2.31726e-09	0.0241653
2.31732e-09	0.0241618
2.31739e-09	0.0241584
2.31745e-09	0.024155
2.31751e-09	0.0241515
2.31758e-09	0.0241481
2.31764e-09	0.0241446
2.31771e-09	0.0241411
2.31777e-09	0.0241376
2.31783e-09	0.0241342
2.3179e-09	0.0241307
2.31796e-09	0.0241272
2.31803e-09	0.0241237
2.31809e-09	0.0241201
2.31815e-09	0.0241166
2.31822e-09	0.0241131
2.31828e-09	0.0241095
2.31835e-09	0.024106
2.31841e-09	0.0241024
2.31847e-09	0.0240989
2.31854e-09	0.0240953
2.3186e-09	0.0240918
2.31867e-09	0.0240882
2.31873e-09	0.0240846
2.31879e-09	0.024081
2.31886e-09	0.0240774
2.31892e-09	0.0240738
2.31899e-09	0.0240702
2.31905e-09	0.0240665
2.31911e-09	0.0240629
2.31918e-09	0.0240593
2.31924e-09	0.0240556
2.31931e-09	0.024052
2.31937e-09	0.0240483
2.31943e-09	0.0240447
2.3195e-09	0.024041
2.31956e-09	0.0240373
2.31963e-09	0.0240336
2.31969e-09	0.0240299
2.31975e-09	0.0240262
2.31982e-09	0.0240225
2.31988e-09	0.0240188
2.31995e-09	0.0240151
2.32001e-09	0.0240113
2.32007e-09	0.0240076
2.32014e-09	0.0240039
2.3202e-09	0.0240001
2.32027e-09	0.0239964
2.32033e-09	0.0239926
2.32039e-09	0.0239888
2.32046e-09	0.023985
2.32052e-09	0.0239813
2.32059e-09	0.0239775
2.32065e-09	0.0239737
2.32071e-09	0.0239699
2.32078e-09	0.0239661
2.32084e-09	0.0239622
2.32091e-09	0.0239584
2.32097e-09	0.0239546
2.32103e-09	0.0239507
2.3211e-09	0.0239469
2.32116e-09	0.023943
2.32123e-09	0.0239392
2.32129e-09	0.0239353
2.32135e-09	0.0239314
2.32142e-09	0.0239276
2.32148e-09	0.0239237
2.32155e-09	0.0239198
2.32161e-09	0.0239159
2.32167e-09	0.023912
2.32174e-09	0.023908
2.3218e-09	0.0239041
2.32187e-09	0.0239002
2.32193e-09	0.0238963
2.32199e-09	0.0238923
2.32206e-09	0.0238884
2.32212e-09	0.0238844
2.32219e-09	0.0238805
2.32225e-09	0.0238765
2.32231e-09	0.0238725
2.32238e-09	0.0238685
2.32244e-09	0.0238645
2.32251e-09	0.0238605
2.32257e-09	0.0238565
2.32263e-09	0.0238525
2.3227e-09	0.0238485
2.32276e-09	0.0238445
2.32283e-09	0.0238405
2.32289e-09	0.0238364
2.32295e-09	0.0238324
2.32302e-09	0.0238283
2.32308e-09	0.0238243
2.32315e-09	0.0238202
2.32321e-09	0.0238161
2.32327e-09	0.0238121
2.32334e-09	0.023808
2.3234e-09	0.0238039
2.32347e-09	0.0237998
2.32353e-09	0.0237957
2.32359e-09	0.0237916
2.32366e-09	0.0237875
2.32372e-09	0.0237834
2.32379e-09	0.0237792
2.32385e-09	0.0237751
2.32391e-09	0.023771
2.32398e-09	0.0237668
2.32404e-09	0.0237627
2.32411e-09	0.0237585
2.32417e-09	0.0237543
2.32423e-09	0.0237502
2.3243e-09	0.023746
2.32436e-09	0.0237418
2.32443e-09	0.0237376
2.32449e-09	0.0237334
2.32455e-09	0.0237292
2.32462e-09	0.023725
2.32468e-09	0.0237208
2.32475e-09	0.0237165
2.32481e-09	0.0237123
2.32487e-09	0.0237081
2.32494e-09	0.0237038
2.325e-09	0.0236996
2.32507e-09	0.0236953
2.32513e-09	0.0236911
2.32519e-09	0.0236868
2.32526e-09	0.0236825
2.32532e-09	0.0236782
2.32539e-09	0.0236739
2.32545e-09	0.0236696
2.32551e-09	0.0236653
2.32558e-09	0.023661
2.32564e-09	0.0236567
2.32571e-09	0.0236524
2.32577e-09	0.0236481
2.32583e-09	0.0236437
2.3259e-09	0.0236394
2.32596e-09	0.0236351
2.32603e-09	0.0236307
2.32609e-09	0.0236264
2.32615e-09	0.023622
2.32622e-09	0.0236176
2.32628e-09	0.0236132
2.32635e-09	0.0236089
2.32641e-09	0.0236045
2.32647e-09	0.0236001
2.32654e-09	0.0235957
2.3266e-09	0.0235913
2.32667e-09	0.0235869
2.32673e-09	0.0235824
2.32679e-09	0.023578
2.32686e-09	0.0235736
2.32692e-09	0.0235691
2.32699e-09	0.0235647
2.32705e-09	0.0235602
2.32711e-09	0.0235558
2.32718e-09	0.0235513
2.32724e-09	0.0235469
2.32731e-09	0.0235424
2.32737e-09	0.0235379
2.32743e-09	0.0235334
2.3275e-09	0.0235289
2.32756e-09	0.0235244
2.32763e-09	0.0235199
2.32769e-09	0.0235154
2.32775e-09	0.0235109
2.32782e-09	0.0235064
2.32788e-09	0.0235018
2.32795e-09	0.0234973
2.32801e-09	0.0234928
2.32807e-09	0.0234882
2.32814e-09	0.0234837
2.3282e-09	0.0234791
2.32827e-09	0.0234745
2.32833e-09	0.02347
2.32839e-09	0.0234654
2.32846e-09	0.0234608
2.32852e-09	0.0234562
2.32859e-09	0.0234516
2.32865e-09	0.023447
2.32871e-09	0.0234424
2.32878e-09	0.0234378
2.32884e-09	0.0234332
2.32891e-09	0.0234285
2.32897e-09	0.0234239
2.32903e-09	0.0234193
2.3291e-09	0.0234146
2.32916e-09	0.02341
2.32923e-09	0.0234053
2.32929e-09	0.0234007
2.32935e-09	0.023396
2.32942e-09	0.0233913
2.32948e-09	0.0233866
2.32955e-09	0.023382
2.32961e-09	0.0233773
2.32967e-09	0.0233726
2.32974e-09	0.0233679
2.3298e-09	0.0233632
2.32987e-09	0.0233585
2.32993e-09	0.0233537
2.32999e-09	0.023349
2.33006e-09	0.0233443
2.33012e-09	0.0233395
2.33019e-09	0.0233348
2.33025e-09	0.0233301
2.33031e-09	0.0233253
2.33038e-09	0.0233205
2.33044e-09	0.0233158
2.33051e-09	0.023311
2.33057e-09	0.0233062
2.33063e-09	0.0233015
2.3307e-09	0.0232967
2.33076e-09	0.0232919
2.33083e-09	0.0232871
2.33089e-09	0.0232823
2.33095e-09	0.0232775
2.33102e-09	0.0232726
2.33108e-09	0.0232678
2.33115e-09	0.023263
2.33121e-09	0.0232582
2.33127e-09	0.0232533
2.33134e-09	0.0232485
2.3314e-09	0.0232436
2.33147e-09	0.0232388
2.33153e-09	0.0232339
2.33159e-09	0.023229
2.33166e-09	0.0232242
2.33172e-09	0.0232193
2.33179e-09	0.0232144
2.33185e-09	0.0232095
2.33192e-09	0.0232046
2.33198e-09	0.0231997
2.33204e-09	0.0231948
2.33211e-09	0.0231899
2.33217e-09	0.023185
2.33224e-09	0.0231801
2.3323e-09	0.0231751
2.33236e-09	0.0231702
2.33243e-09	0.0231653
2.33249e-09	0.0231603
2.33256e-09	0.0231554
2.33262e-09	0.0231504
2.33268e-09	0.0231455
2.33275e-09	0.0231405
2.33281e-09	0.0231355
2.33288e-09	0.0231305
2.33294e-09	0.0231255
2.333e-09	0.0231206
2.33307e-09	0.0231156
2.33313e-09	0.0231106
2.3332e-09	0.0231056
2.33326e-09	0.0231006
2.33332e-09	0.0230955
2.33339e-09	0.0230905
2.33345e-09	0.0230855
2.33352e-09	0.0230805
2.33358e-09	0.0230754
2.33364e-09	0.0230704
2.33371e-09	0.0230653
2.33377e-09	0.0230603
2.33384e-09	0.0230552
2.3339e-09	0.0230502
2.33396e-09	0.0230451
2.33403e-09	0.02304
2.33409e-09	0.0230349
2.33416e-09	0.0230298
2.33422e-09	0.0230248
2.33428e-09	0.0230197
2.33435e-09	0.0230146
2.33441e-09	0.0230095
2.33448e-09	0.0230043
2.33454e-09	0.0229992
2.3346e-09	0.0229941
2.33467e-09	0.022989
2.33473e-09	0.0229838
2.3348e-09	0.0229787
2.33486e-09	0.0229736
2.33492e-09	0.0229684
2.33499e-09	0.0229633
2.33505e-09	0.0229581
2.33512e-09	0.0229529
2.33518e-09	0.0229478
2.33524e-09	0.0229426
2.33531e-09	0.0229374
2.33537e-09	0.0229322
2.33544e-09	0.022927
2.3355e-09	0.0229218
2.33556e-09	0.0229166
2.33563e-09	0.0229114
2.33569e-09	0.0229062
2.33576e-09	0.022901
2.33582e-09	0.0228958
2.33588e-09	0.0228906
2.33595e-09	0.0228853
2.33601e-09	0.0228801
2.33608e-09	0.0228749
2.33614e-09	0.0228696
2.3362e-09	0.0228644
2.33627e-09	0.0228591
2.33633e-09	0.0228538
2.3364e-09	0.0228486
2.33646e-09	0.0228433
2.33652e-09	0.022838
2.33659e-09	0.0228327
2.33665e-09	0.0228275
2.33672e-09	0.0228222
2.33678e-09	0.0228169
2.33684e-09	0.0228116
2.33691e-09	0.0228063
2.33697e-09	0.022801
2.33704e-09	0.0227956
2.3371e-09	0.0227903
2.33716e-09	0.022785
2.33723e-09	0.0227797
2.33729e-09	0.0227743
2.33736e-09	0.022769
2.33742e-09	0.0227636
2.33748e-09	0.0227583
2.33755e-09	0.0227529
2.33761e-09	0.0227476
2.33768e-09	0.0227422
2.33774e-09	0.0227368
2.3378e-09	0.0227314
2.33787e-09	0.0227261
2.33793e-09	0.0227207
2.338e-09	0.0227153
2.33806e-09	0.0227099
2.33812e-09	0.0227045
2.33819e-09	0.0226991
2.33825e-09	0.0226937
2.33832e-09	0.0226883
2.33838e-09	0.0226828
2.33844e-09	0.0226774
2.33851e-09	0.022672
2.33857e-09	0.0226666
2.33864e-09	0.0226611
2.3387e-09	0.0226557
2.33876e-09	0.0226502
2.33883e-09	0.0226448
2.33889e-09	0.0226393
2.33896e-09	0.0226338
2.33902e-09	0.0226284
2.33908e-09	0.0226229
2.33915e-09	0.0226174
2.33921e-09	0.0226119
2.33928e-09	0.0226065
2.33934e-09	0.022601
2.3394e-09	0.0225955
2.33947e-09	0.02259
2.33953e-09	0.0225845
2.3396e-09	0.022579
2.33966e-09	0.0225734
2.33972e-09	0.0225679
2.33979e-09	0.0225624
2.33985e-09	0.0225569
2.33992e-09	0.0225513
2.33998e-09	0.0225458
2.34004e-09	0.0225402
2.34011e-09	0.0225347
2.34017e-09	0.0225291
2.34024e-09	0.0225236
2.3403e-09	0.022518
2.34036e-09	0.0225125
2.34043e-09	0.0225069
2.34049e-09	0.0225013
2.34056e-09	0.0224957
2.34062e-09	0.0224901
2.34068e-09	0.0224846
2.34075e-09	0.022479
2.34081e-09	0.0224734
2.34088e-09	0.0224678
2.34094e-09	0.0224622
2.341e-09	0.0224565
2.34107e-09	0.0224509
2.34113e-09	0.0224453
2.3412e-09	0.0224397
2.34126e-09	0.022434
2.34132e-09	0.0224284
2.34139e-09	0.0224228
2.34145e-09	0.0224171
2.34152e-09	0.0224115
2.34158e-09	0.0224058
2.34164e-09	0.0224002
2.34171e-09	0.0223945
2.34177e-09	0.0223888
2.34184e-09	0.0223832
2.3419e-09	0.0223775
2.34196e-09	0.0223718
2.34203e-09	0.0223661
2.34209e-09	0.0223604
2.34216e-09	0.0223547
2.34222e-09	0.022349
2.34228e-09	0.0223433
2.34235e-09	0.0223376
2.34241e-09	0.0223319
2.34248e-09	0.0223262
2.34254e-09	0.0223205
2.3426e-09	0.0223148
2.34267e-09	0.022309
2.34273e-09	0.0223033
2.3428e-09	0.0222976
2.34286e-09	0.0222918
2.34292e-09	0.0222861
2.34299e-09	0.0222803
2.34305e-09	0.0222746
2.34312e-09	0.0222688
2.34318e-09	0.022263
2.34324e-09	0.0222573
2.34331e-09	0.0222515
2.34337e-09	0.0222457
2.34344e-09	0.0222399
2.3435e-09	0.0222342
2.34356e-09	0.0222284
2.34363e-09	0.0222226
2.34369e-09	0.0222168
2.34376e-09	0.022211
2.34382e-09	0.0222052
2.34388e-09	0.0221994
2.34395e-09	0.0221935
2.34401e-09	0.0221877
2.34408e-09	0.0221819
2.34414e-09	0.0221761
2.3442e-09	0.0221702
2.34427e-09	0.0221644
2.34433e-09	0.0221586
2.3444e-09	0.0221527
2.34446e-09	0.0221469
2.34452e-09	0.022141
2.34459e-09	0.0221352
2.34465e-09	0.0221293
2.34472e-09	0.0221234
2.34478e-09	0.0221176
2.34484e-09	0.0221117
2.34491e-09	0.0221058
2.34497e-09	0.0220999
2.34504e-09	0.022094
2.3451e-09	0.0220881
2.34516e-09	0.0220823
2.34523e-09	0.0220764
2.34529e-09	0.0220705
2.34536e-09	0.0220645
2.34542e-09	0.0220586
2.34548e-09	0.0220527
2.34555e-09	0.0220468
2.34561e-09	0.0220409
2.34568e-09	0.0220349
2.34574e-09	0.022029
2.3458e-09	0.0220231
2.34587e-09	0.0220171
2.34593e-09	0.0220112
2.346e-09	0.0220052
2.34606e-09	0.0219993
2.34612e-09	0.0219933
2.34619e-09	0.0219874
2.34625e-09	0.0219814
2.34632e-09	0.0219754
2.34638e-09	0.0219695
2.34644e-09	0.0219635
2.34651e-09	0.0219575
2.34657e-09	0.0219515
2.34664e-09	0.0219455
2.3467e-09	0.0219396
2.34676e-09	0.0219336
2.34683e-09	0.0219276
2.34689e-09	0.0219216
2.34696e-09	0.0219156
2.34702e-09	0.0219095
2.34708e-09	0.0219035
2.34715e-09	0.0218975
2.34721e-09	0.0218915
2.34728e-09	0.0218855
2.34734e-09	0.0218794
2.3474e-09	0.0218734
2.34747e-09	0.0218673
2.34753e-09	0.0218613
2.3476e-09	0.0218553
2.34766e-09	0.0218492
2.34772e-09	0.0218432
2.34779e-09	0.0218371
2.34785e-09	0.021831
2.34792e-09	0.021825
2.34798e-09	0.0218189
2.34804e-09	0.0218128
2.34811e-09	0.0218067
2.34817e-09	0.0218007
2.34824e-09	0.0217946
2.3483e-09	0.0217885
2.34836e-09	0.0217824
2.34843e-09	0.0217763
2.34849e-09	0.0217702
2.34856e-09	0.0217641
2.34862e-09	0.021758
2.34868e-09	0.0217519
2.34875e-09	0.0217458
2.34881e-09	0.0217396
2.34888e-09	0.0217335
2.34894e-09	0.0217274
2.349e-09	0.0217213
2.34907e-09	0.0217151
2.34913e-09	0.021709
2.3492e-09	0.0217028
2.34926e-09	0.0216967
2.34933e-09	0.0216905
2.34939e-09	0.0216844
2.34945e-09	0.0216782
2.34952e-09	0.0216721
2.34958e-09	0.0216659
2.34965e-09	0.0216597
2.34971e-09	0.0216536
2.34977e-09	0.0216474
2.34984e-09	0.0216412
2.3499e-09	0.021635
2.34997e-09	0.0216289
2.35003e-09	0.0216227
2.35009e-09	0.0216165
2.35016e-09	0.0216103
2.35022e-09	0.0216041
2.35029e-09	0.0215979
2.35035e-09	0.0215917
2.35041e-09	0.0215854
2.35048e-09	0.0215792
2.35054e-09	0.021573
2.35061e-09	0.0215668
2.35067e-09	0.0215606
2.35073e-09	0.0215543
2.3508e-09	0.0215481
2.35086e-09	0.0215419
2.35093e-09	0.0215356
2.35099e-09	0.0215294
2.35105e-09	0.0215231
2.35112e-09	0.0215169
2.35118e-09	0.0215106
2.35125e-09	0.0215044
2.35131e-09	0.0214981
2.35137e-09	0.0214919
2.35144e-09	0.0214856
2.3515e-09	0.0214793
2.35157e-09	0.021473
2.35163e-09	0.0214668
2.35169e-09	0.0214605
2.35176e-09	0.0214542
2.35182e-09	0.0214479
2.35189e-09	0.0214416
2.35195e-09	0.0214353
2.35201e-09	0.021429
2.35208e-09	0.0214227
2.35214e-09	0.0214164
2.35221e-09	0.0214101
2.35227e-09	0.0214038
2.35233e-09	0.0213975
2.3524e-09	0.0213911
2.35246e-09	0.0213848
2.35253e-09	0.0213785
2.35259e-09	0.0213722
2.35265e-09	0.0213658
2.35272e-09	0.0213595
2.35278e-09	0.0213532
2.35285e-09	0.0213468
2.35291e-09	0.0213405
2.35297e-09	0.0213341
2.35304e-09	0.0213278
2.3531e-09	0.0213214
2.35317e-09	0.021315
2.35323e-09	0.0213087
2.35329e-09	0.0213023
2.35336e-09	0.0212959
2.35342e-09	0.0212896
2.35349e-09	0.0212832
2.35355e-09	0.0212768
2.35361e-09	0.0212704
2.35368e-09	0.021264
2.35374e-09	0.0212576
2.35381e-09	0.0212513
2.35387e-09	0.0212449
2.35393e-09	0.0212385
2.354e-09	0.0212321
2.35406e-09	0.0212256
2.35413e-09	0.0212192
2.35419e-09	0.0212128
2.35425e-09	0.0212064
2.35432e-09	0.0212
2.35438e-09	0.0211936
2.35445e-09	0.0211871
2.35451e-09	0.0211807
2.35457e-09	0.0211743
2.35464e-09	0.0211678
2.3547e-09	0.0211614
2.35477e-09	0.021155
2.35483e-09	0.0211485
2.35489e-09	0.0211421
2.35496e-09	0.0211356
2.35502e-09	0.0211292
2.35509e-09	0.0211227
2.35515e-09	0.0211162
2.35521e-09	0.0211098
2.35528e-09	0.0211033
2.35534e-09	0.0210968
2.35541e-09	0.0210904
2.35547e-09	0.0210839
2.35553e-09	0.0210774
2.3556e-09	0.0210709
2.35566e-09	0.0210644
2.35573e-09	0.021058
2.35579e-09	0.0210515
2.35585e-09	0.021045
2.35592e-09	0.0210385
2.35598e-09	0.021032
2.35605e-09	0.0210255
2.35611e-09	0.021019
2.35617e-09	0.0210124
2.35624e-09	0.0210059
2.3563e-09	0.0209994
2.35637e-09	0.0209929
2.35643e-09	0.0209864
2.35649e-09	0.0209798
2.35656e-09	0.0209733
2.35662e-09	0.0209668
2.35669e-09	0.0209602
2.35675e-09	0.0209537
2.35681e-09	0.0209472
2.35688e-09	0.0209406
2.35694e-09	0.0209341
2.35701e-09	0.0209275
2.35707e-09	0.020921
2.35713e-09	0.0209144
2.3572e-09	0.0209079
2.35726e-09	0.0209013
2.35733e-09	0.0208947
2.35739e-09	0.0208882
2.35745e-09	0.0208816
2.35752e-09	0.020875
2.35758e-09	0.0208684
2.35765e-09	0.0208619
2.35771e-09	0.0208553
2.35777e-09	0.0208487
2.35784e-09	0.0208421
2.3579e-09	0.0208355
2.35797e-09	0.0208289
2.35803e-09	0.0208223
2.35809e-09	0.0208157
2.35816e-09	0.0208091
2.35822e-09	0.0208025
2.35829e-09	0.0207959
2.35835e-09	0.0207893
2.35841e-09	0.0207827
2.35848e-09	0.0207761
2.35854e-09	0.0207695
2.35861e-09	0.0207628
2.35867e-09	0.0207562
2.35873e-09	0.0207496
2.3588e-09	0.0207429
2.35886e-09	0.0207363
2.35893e-09	0.0207297
2.35899e-09	0.020723
2.35905e-09	0.0207164
2.35912e-09	0.0207098
2.35918e-09	0.0207031
2.35925e-09	0.0206965
2.35931e-09	0.0206898
2.35937e-09	0.0206831
2.35944e-09	0.0206765
2.3595e-09	0.0206698
2.35957e-09	0.0206632
2.35963e-09	0.0206565
2.35969e-09	0.0206498
2.35976e-09	0.0206432
2.35982e-09	0.0206365
2.35989e-09	0.0206298
2.35995e-09	0.0206231
2.36001e-09	0.0206164
2.36008e-09	0.0206097
2.36014e-09	0.0206031
2.36021e-09	0.0205964
2.36027e-09	0.0205897
2.36033e-09	0.020583
2.3604e-09	0.0205763
2.36046e-09	0.0205696
2.36053e-09	0.0205629
2.36059e-09	0.0205562
2.36065e-09	0.0205495
2.36072e-09	0.0205427
2.36078e-09	0.020536
2.36085e-09	0.0205293
2.36091e-09	0.0205226
2.36097e-09	0.0205159
2.36104e-09	0.0205091
2.3611e-09	0.0205024
2.36117e-09	0.0204957
2.36123e-09	0.0204889
2.36129e-09	0.0204822
2.36136e-09	0.0204755
2.36142e-09	0.0204687
2.36149e-09	0.020462
2.36155e-09	0.0204552
2.36161e-09	0.0204485
2.36168e-09	0.0204417
2.36174e-09	0.020435
2.36181e-09	0.0204282
2.36187e-09	0.0204215
2.36193e-09	0.0204147
2.362e-09	0.0204079
2.36206e-09	0.0204012
2.36213e-09	0.0203944
2.36219e-09	0.0203876
2.36225e-09	0.0203808
2.36232e-09	0.0203741
2.36238e-09	0.0203673
2.36245e-09	0.0203605
2.36251e-09	0.0203537
2.36257e-09	0.0203469
2.36264e-09	0.0203401
2.3627e-09	0.0203334
2.36277e-09	0.0203266
2.36283e-09	0.0203198
2.36289e-09	0.020313
2.36296e-09	0.0203062
2.36302e-09	0.0202994
2.36309e-09	0.0202926
2.36315e-09	0.0202857
2.36321e-09	0.0202789
2.36328e-09	0.0202721
2.36334e-09	0.0202653
2.36341e-09	0.0202585
2.36347e-09	0.0202517
2.36353e-09	0.0202448
2.3636e-09	0.020238
2.36366e-09	0.0202312
2.36373e-09	0.0202243
2.36379e-09	0.0202175
2.36385e-09	0.0202107
2.36392e-09	0.0202038
2.36398e-09	0.020197
2.36405e-09	0.0201902
2.36411e-09	0.0201833
2.36417e-09	0.0201765
2.36424e-09	0.0201696
2.3643e-09	0.0201628
2.36437e-09	0.0201559
2.36443e-09	0.0201491
2.36449e-09	0.0201422
2.36456e-09	0.0201353
2.36462e-09	0.0201285
2.36469e-09	0.0201216
2.36475e-09	0.0201147
2.36481e-09	0.0201079
2.36488e-09	0.020101
2.36494e-09	0.0200941
2.36501e-09	0.0200872
2.36507e-09	0.0200804
2.36513e-09	0.0200735
2.3652e-09	0.0200666
2.36526e-09	0.0200597
2.36533e-09	0.0200528
2.36539e-09	0.0200459
2.36545e-09	0.020039
2.36552e-09	0.0200321
2.36558e-09	0.0200252
2.36565e-09	0.0200183
2.36571e-09	0.0200114
2.36577e-09	0.0200045
2.36584e-09	0.0199976
2.3659e-09	0.0199907
2.36597e-09	0.0199838
2.36603e-09	0.0199769
2.36609e-09	0.01997
2.36616e-09	0.0199631
2.36622e-09	0.0199561
2.36629e-09	0.0199492
2.36635e-09	0.0199423
2.36641e-09	0.0199354
2.36648e-09	0.0199284
2.36654e-09	0.0199215
2.36661e-09	0.0199146
2.36667e-09	0.0199076
2.36673e-09	0.0199007
2.3668e-09	0.0198938
2.36686e-09	0.0198868
2.36693e-09	0.0198799
2.36699e-09	0.0198729
2.36706e-09	0.019866
2.36712e-09	0.019859
2.36718e-09	0.0198521
2.36725e-09	0.0198451
2.36731e-09	0.0198382
2.36738e-09	0.0198312
2.36744e-09	0.0198242
2.3675e-09	0.0198173
2.36757e-09	0.0198103
2.36763e-09	0.0198033
2.3677e-09	0.0197964
2.36776e-09	0.0197894
2.36782e-09	0.0197824
2.36789e-09	0.0197755
2.36795e-09	0.0197685
2.36802e-09	0.0197615
2.36808e-09	0.0197545
2.36814e-09	0.0197475
2.36821e-09	0.0197406
2.36827e-09	0.0197336
2.36834e-09	0.0197266
2.3684e-09	0.0197196
2.36846e-09	0.0197126
2.36853e-09	0.0197056
2.36859e-09	0.0196986
2.36866e-09	0.0196916
2.36872e-09	0.0196846
2.36878e-09	0.0196776
2.36885e-09	0.0196706
2.36891e-09	0.0196636
2.36898e-09	0.0196566
2.36904e-09	0.0196496
2.3691e-09	0.0196426
2.36917e-09	0.0196355
2.36923e-09	0.0196285
2.3693e-09	0.0196215
2.36936e-09	0.0196145
2.36942e-09	0.0196075
2.36949e-09	0.0196004
2.36955e-09	0.0195934
2.36962e-09	0.0195864
2.36968e-09	0.0195794
2.36974e-09	0.0195723
2.36981e-09	0.0195653
2.36987e-09	0.0195583
2.36994e-09	0.0195512
2.37e-09	0.0195442
2.37006e-09	0.0195371
2.37013e-09	0.0195301
2.37019e-09	0.0195231
2.37026e-09	0.019516
2.37032e-09	0.019509
2.37038e-09	0.0195019
2.37045e-09	0.0194949
2.37051e-09	0.0194878
2.37058e-09	0.0194807
2.37064e-09	0.0194737
2.3707e-09	0.0194666
2.37077e-09	0.0194596
2.37083e-09	0.0194525
2.3709e-09	0.0194454
2.37096e-09	0.0194384
2.37102e-09	0.0194313
2.37109e-09	0.0194242
2.37115e-09	0.0194172
2.37122e-09	0.0194101
2.37128e-09	0.019403
2.37134e-09	0.0193959
2.37141e-09	0.0193889
2.37147e-09	0.0193818
2.37154e-09	0.0193747
2.3716e-09	0.0193676
2.37166e-09	0.0193605
2.37173e-09	0.0193534
2.37179e-09	0.0193463
2.37186e-09	0.0193392
2.37192e-09	0.0193322
2.37198e-09	0.0193251
2.37205e-09	0.019318
2.37211e-09	0.0193109
2.37218e-09	0.0193038
2.37224e-09	0.0192967
2.3723e-09	0.0192896
2.37237e-09	0.0192825
2.37243e-09	0.0192753
2.3725e-09	0.0192682
2.37256e-09	0.0192611
2.37262e-09	0.019254
2.37269e-09	0.0192469
2.37275e-09	0.0192398
2.37282e-09	0.0192327
2.37288e-09	0.0192256
2.37294e-09	0.0192184
2.37301e-09	0.0192113
2.37307e-09	0.0192042
2.37314e-09	0.0191971
2.3732e-09	0.0191899
2.37326e-09	0.0191828
2.37333e-09	0.0191757
2.37339e-09	0.0191685
2.37346e-09	0.0191614
2.37352e-09	0.0191543
2.37358e-09	0.0191471
2.37365e-09	0.01914
2.37371e-09	0.0191329
2.37378e-09	0.0191257
2.37384e-09	0.0191186
2.3739e-09	0.0191114
2.37397e-09	0.0191043
2.37403e-09	0.0190971
2.3741e-09	0.01909
2.37416e-09	0.0190828
2.37422e-09	0.0190757
2.37429e-09	0.0190685
2.37435e-09	0.0190614
2.37442e-09	0.0190542
2.37448e-09	0.0190471
2.37454e-09	0.0190399
2.37461e-09	0.0190327
2.37467e-09	0.0190256
2.37474e-09	0.0190184
2.3748e-09	0.0190113
2.37486e-09	0.0190041
2.37493e-09	0.0189969
2.37499e-09	0.0189898
2.37506e-09	0.0189826
2.37512e-09	0.0189754
2.37518e-09	0.0189682
2.37525e-09	0.0189611
2.37531e-09	0.0189539
2.37538e-09	0.0189467
2.37544e-09	0.0189395
2.3755e-09	0.0189323
2.37557e-09	0.0189252
2.37563e-09	0.018918
2.3757e-09	0.0189108
2.37576e-09	0.0189036
2.37582e-09	0.0188964
2.37589e-09	0.0188892
2.37595e-09	0.018882
2.37602e-09	0.0188748
2.37608e-09	0.0188676
2.37614e-09	0.0188604
2.37621e-09	0.0188532
2.37627e-09	0.018846
2.37634e-09	0.0188388
2.3764e-09	0.0188316
2.37646e-09	0.0188244
2.37653e-09	0.0188172
2.37659e-09	0.01881
2.37666e-09	0.0188028
2.37672e-09	0.0187956
2.37678e-09	0.0187884
2.37685e-09	0.0187812
2.37691e-09	0.018774
2.37698e-09	0.0187668
2.37704e-09	0.0187596
2.3771e-09	0.0187523
2.37717e-09	0.0187451
2.37723e-09	0.0187379
2.3773e-09	0.0187307
2.37736e-09	0.0187235
2.37742e-09	0.0187162
2.37749e-09	0.018709
2.37755e-09	0.0187018
2.37762e-09	0.0186946
2.37768e-09	0.0186873
2.37774e-09	0.0186801
2.37781e-09	0.0186729
2.37787e-09	0.0186656
2.37794e-09	0.0186584
2.378e-09	0.0186512
2.37806e-09	0.0186439
2.37813e-09	0.0186367
2.37819e-09	0.0186295
2.37826e-09	0.0186222
2.37832e-09	0.018615
2.37838e-09	0.0186077
2.37845e-09	0.0186005
2.37851e-09	0.0185932
2.37858e-09	0.018586
2.37864e-09	0.0185788
2.3787e-09	0.0185715
2.37877e-09	0.0185643
2.37883e-09	0.018557
2.3789e-09	0.0185497
2.37896e-09	0.0185425
2.37902e-09	0.0185352
2.37909e-09	0.018528
2.37915e-09	0.0185207
2.37922e-09	0.0185135
2.37928e-09	0.0185062
2.37934e-09	0.018499
2.37941e-09	0.0184917
2.37947e-09	0.0184844
2.37954e-09	0.0184772
2.3796e-09	0.0184699
2.37966e-09	0.0184626
2.37973e-09	0.0184554
2.37979e-09	0.0184481
2.37986e-09	0.0184408
2.37992e-09	0.0184336
2.37998e-09	0.0184263
2.38005e-09	0.018419
2.38011e-09	0.0184117
2.38018e-09	0.0184045
2.38024e-09	0.0183972
2.3803e-09	0.0183899
2.38037e-09	0.0183826
2.38043e-09	0.0183754
2.3805e-09	0.0183681
2.38056e-09	0.0183608
2.38062e-09	0.0183535
2.38069e-09	0.0183462
2.38075e-09	0.0183389
2.38082e-09	0.0183317
2.38088e-09	0.0183244
2.38094e-09	0.0183171
2.38101e-09	0.0183098
2.38107e-09	0.0183025
2.38114e-09	0.0182952
2.3812e-09	0.0182879
2.38126e-09	0.0182806
2.38133e-09	0.0182733
2.38139e-09	0.018266
2.38146e-09	0.0182587
2.38152e-09	0.0182514
2.38158e-09	0.0182441
2.38165e-09	0.0182368
2.38171e-09	0.0182295
2.38178e-09	0.0182222
2.38184e-09	0.0182149
2.3819e-09	0.0182076
2.38197e-09	0.0182003
2.38203e-09	0.018193
2.3821e-09	0.0181857
2.38216e-09	0.0181784
2.38222e-09	0.0181711
2.38229e-09	0.0181638
2.38235e-09	0.0181565
2.38242e-09	0.0181492
2.38248e-09	0.0181419
2.38254e-09	0.0181346
2.38261e-09	0.0181272
2.38267e-09	0.0181199
2.38274e-09	0.0181126
2.3828e-09	0.0181053
2.38286e-09	0.018098
2.38293e-09	0.0180907
2.38299e-09	0.0180833
2.38306e-09	0.018076
2.38312e-09	0.0180687
2.38318e-09	0.0180614
2.38325e-09	0.018054
2.38331e-09	0.0180467
2.38338e-09	0.0180394
2.38344e-09	0.0180321
2.3835e-09	0.0180247
2.38357e-09	0.0180174
2.38363e-09	0.0180101
2.3837e-09	0.0180028
2.38376e-09	0.0179954
2.38382e-09	0.0179881
2.38389e-09	0.0179808
2.38395e-09	0.0179734
2.38402e-09	0.0179661
2.38408e-09	0.0179588
2.38414e-09	0.0179514
2.38421e-09	0.0179441
2.38427e-09	0.0179368
2.38434e-09	0.0179294
2.3844e-09	0.0179221
2.38447e-09	0.0179147
2.38453e-09	0.0179074
2.38459e-09	0.0179001
2.38466e-09	0.0178927
2.38472e-09	0.0178854
2.38479e-09	0.017878
2.38485e-09	0.0178707
2.38491e-09	0.0178633
2.38498e-09	0.017856
2.38504e-09	0.0178486
2.38511e-09	0.0178413
2.38517e-09	0.017834
2.38523e-09	0.0178266
2.3853e-09	0.0178193
2.38536e-09	0.0178119
2.38543e-09	0.0178046
2.38549e-09	0.0177972
2.38555e-09	0.0177899
2.38562e-09	0.0177825
2.38568e-09	0.0177751
2.38575e-09	0.0177678
2.38581e-09	0.0177604
2.38587e-09	0.0177531
2.38594e-09	0.0177457
2.386e-09	0.0177384
2.38607e-09	0.017731
2.38613e-09	0.0177236
2.38619e-09	0.0177163
2.38626e-09	0.0177089
2.38632e-09	0.0177016
2.38639e-09	0.0176942
2.38645e-09	0.0176868
2.38651e-09	0.0176795
2.38658e-09	0.0176721
2.38664e-09	0.0176647
2.38671e-09	0.0176574
2.38677e-09	0.01765
2.38683e-09	0.0176426
2.3869e-09	0.0176353
2.38696e-09	0.0176279
2.38703e-09	0.0176205
2.38709e-09	0.0176132
2.38715e-09	0.0176058
2.38722e-09	0.0175984
2.38728e-09	0.0175911
2.38735e-09	0.0175837
2.38741e-09	0.0175763
2.38747e-09	0.0175689
2.38754e-09	0.0175616
2.3876e-09	0.0175542
2.38767e-09	0.0175468
2.38773e-09	0.0175394
2.38779e-09	0.0175321
2.38786e-09	0.0175247
2.38792e-09	0.0175173
2.38799e-09	0.0175099
2.38805e-09	0.0175026
2.38811e-09	0.0174952
2.38818e-09	0.0174878
2.38824e-09	0.0174804
2.38831e-09	0.017473
2.38837e-09	0.0174657
2.38843e-09	0.0174583
2.3885e-09	0.0174509
2.38856e-09	0.0174435
2.38863e-09	0.0174361
2.38869e-09	0.0174287
2.38875e-09	0.0174214
2.38882e-09	0.017414
2.38888e-09	0.0174066
2.38895e-09	0.0173992
2.38901e-09	0.0173918
2.38907e-09	0.0173844
2.38914e-09	0.017377
2.3892e-09	0.0173697
2.38927e-09	0.0173623
2.38933e-09	0.0173549
2.38939e-09	0.0173475
2.38946e-09	0.0173401
2.38952e-09	0.0173327
2.38959e-09	0.0173253
2.38965e-09	0.0173179
2.38971e-09	0.0173105
2.38978e-09	0.0173031
2.38984e-09	0.0172957
2.38991e-09	0.0172883
2.38997e-09	0.017281
2.39003e-09	0.0172736
2.3901e-09	0.0172662
2.39016e-09	0.0172588
2.39023e-09	0.0172514
2.39029e-09	0.017244
2.39035e-09	0.0172366
2.39042e-09	0.0172292
2.39048e-09	0.0172218
2.39055e-09	0.0172144
2.39061e-09	0.017207
2.39067e-09	0.0171996
2.39074e-09	0.0171922
2.3908e-09	0.0171848
2.39087e-09	0.0171774
2.39093e-09	0.01717
2.39099e-09	0.0171626
2.39106e-09	0.0171552
2.39112e-09	0.0171478
2.39119e-09	0.0171404
2.39125e-09	0.017133
2.39131e-09	0.0171256
2.39138e-09	0.0171182
2.39144e-09	0.0171108
2.39151e-09	0.0171034
2.39157e-09	0.017096
2.39163e-09	0.0170886
2.3917e-09	0.0170811
2.39176e-09	0.0170737
2.39183e-09	0.0170663
2.39189e-09	0.0170589
2.39195e-09	0.0170515
2.39202e-09	0.0170441
2.39208e-09	0.0170367
2.39215e-09	0.0170293
2.39221e-09	0.0170219
2.39227e-09	0.0170145
2.39234e-09	0.0170071
2.3924e-09	0.0169997
2.39247e-09	0.0169923
2.39253e-09	0.0169848
2.39259e-09	0.0169774
2.39266e-09	0.01697
2.39272e-09	0.0169626
2.39279e-09	0.0169552
2.39285e-09	0.0169478
2.39291e-09	0.0169404
2.39298e-09	0.016933
2.39304e-09	0.0169256
2.39311e-09	0.0169181
2.39317e-09	0.0169107
2.39323e-09	0.0169033
2.3933e-09	0.0168959
2.39336e-09	0.0168885
2.39343e-09	0.0168811
2.39349e-09	0.0168737
2.39355e-09	0.0168663
2.39362e-09	0.0168588
2.39368e-09	0.0168514
2.39375e-09	0.016844
2.39381e-09	0.0168366
2.39387e-09	0.0168292
2.39394e-09	0.0168218
2.394e-09	0.0168144
2.39407e-09	0.0168069
2.39413e-09	0.0167995
2.39419e-09	0.0167921
2.39426e-09	0.0167847
2.39432e-09	0.0167773
2.39439e-09	0.0167699
2.39445e-09	0.0167624
2.39451e-09	0.016755
2.39458e-09	0.0167476
2.39464e-09	0.0167402
2.39471e-09	0.0167328
2.39477e-09	0.0167253
2.39483e-09	0.0167179
2.3949e-09	0.0167105
2.39496e-09	0.0167031
2.39503e-09	0.0166957
2.39509e-09	0.0166883
2.39515e-09	0.0166808
2.39522e-09	0.0166734
2.39528e-09	0.016666
2.39535e-09	0.0166586
2.39541e-09	0.0166512
2.39547e-09	0.0166437
2.39554e-09	0.0166363
2.3956e-09	0.0166289
2.39567e-09	0.0166215
2.39573e-09	0.0166141
2.39579e-09	0.0166066
2.39586e-09	0.0165992
2.39592e-09	0.0165918
2.39599e-09	0.0165844
2.39605e-09	0.016577
2.39611e-09	0.0165695
2.39618e-09	0.0165621
2.39624e-09	0.0165547
2.39631e-09	0.0165473
2.39637e-09	0.0165399
2.39643e-09	0.0165324
2.3965e-09	0.016525
2.39656e-09	0.0165176
2.39663e-09	0.0165102
2.39669e-09	0.0165027
2.39675e-09	0.0164953
2.39682e-09	0.0164879
2.39688e-09	0.0164805
2.39695e-09	0.0164731
2.39701e-09	0.0164656
2.39707e-09	0.0164582
2.39714e-09	0.0164508
2.3972e-09	0.0164434
2.39727e-09	0.0164359
2.39733e-09	0.0164285
2.39739e-09	0.0164211
2.39746e-09	0.0164137
2.39752e-09	0.0164063
2.39759e-09	0.0163988
2.39765e-09	0.0163914
2.39771e-09	0.016384
2.39778e-09	0.0163766
2.39784e-09	0.0163691
2.39791e-09	0.0163617
2.39797e-09	0.0163543
2.39803e-09	0.0163469
2.3981e-09	0.0163395
2.39816e-09	0.016332
2.39823e-09	0.0163246
2.39829e-09	0.0163172
2.39835e-09	0.0163098
2.39842e-09	0.0163023
2.39848e-09	0.0162949
2.39855e-09	0.0162875
2.39861e-09	0.0162801
2.39867e-09	0.0162727
2.39874e-09	0.0162652
2.3988e-09	0.0162578
2.39887e-09	0.0162504
2.39893e-09	0.016243
2.39899e-09	0.0162356
2.39906e-09	0.0162281
2.39912e-09	0.0162207
2.39919e-09	0.0162133
2.39925e-09	0.0162059
2.39931e-09	0.0161984
2.39938e-09	0.016191
2.39944e-09	0.0161836
2.39951e-09	0.0161762
2.39957e-09	0.0161688
2.39963e-09	0.0161613
2.3997e-09	0.0161539
2.39976e-09	0.0161465
2.39983e-09	0.0161391
2.39989e-09	0.0161317
2.39995e-09	0.0161242
2.40002e-09	0.0161168
2.40008e-09	0.0161094
2.40015e-09	0.016102
2.40021e-09	0.0160946
2.40027e-09	0.0160871
2.40034e-09	0.0160797
2.4004e-09	0.0160723
2.40047e-09	0.0160649
2.40053e-09	0.0160575
2.40059e-09	0.01605
2.40066e-09	0.0160426
2.40072e-09	0.0160352
2.40079e-09	0.0160278
2.40085e-09	0.0160204
2.40091e-09	0.0160129
2.40098e-09	0.0160055
2.40104e-09	0.0159981
2.40111e-09	0.0159907
2.40117e-09	0.0159833
2.40123e-09	0.0159759
2.4013e-09	0.0159684
2.40136e-09	0.015961
2.40143e-09	0.0159536
2.40149e-09	0.0159462
2.40155e-09	0.0159388
2.40162e-09	0.0159314
2.40168e-09	0.0159239
2.40175e-09	0.0159165
2.40181e-09	0.0159091
2.40188e-09	0.0159017
2.40194e-09	0.0158943
2.402e-09	0.0158869
2.40207e-09	0.0158795
2.40213e-09	0.015872
2.4022e-09	0.0158646
2.40226e-09	0.0158572
2.40232e-09	0.0158498
2.40239e-09	0.0158424
2.40245e-09	0.015835
2.40252e-09	0.0158276
2.40258e-09	0.0158201
2.40264e-09	0.0158127
2.40271e-09	0.0158053
2.40277e-09	0.0157979
2.40284e-09	0.0157905
2.4029e-09	0.0157831
2.40296e-09	0.0157757
2.40303e-09	0.0157683
2.40309e-09	0.0157609
2.40316e-09	0.0157534
2.40322e-09	0.015746
2.40328e-09	0.0157386
2.40335e-09	0.0157312
2.40341e-09	0.0157238
2.40348e-09	0.0157164
2.40354e-09	0.015709
2.4036e-09	0.0157016
2.40367e-09	0.0156942
2.40373e-09	0.0156868
2.4038e-09	0.0156794
2.40386e-09	0.0156719
2.40392e-09	0.0156645
2.40399e-09	0.0156571
2.40405e-09	0.0156497
2.40412e-09	0.0156423
2.40418e-09	0.0156349
2.40424e-09	0.0156275
2.40431e-09	0.0156201
2.40437e-09	0.0156127
2.40444e-09	0.0156053
2.4045e-09	0.0155979
2.40456e-09	0.0155905
2.40463e-09	0.0155831
2.40469e-09	0.0155757
2.40476e-09	0.0155683
2.40482e-09	0.0155609
2.40488e-09	0.0155535
2.40495e-09	0.0155461
2.40501e-09	0.0155387
2.40508e-09	0.0155313
2.40514e-09	0.0155239
2.4052e-09	0.0155165
2.40527e-09	0.0155091
2.40533e-09	0.0155017
2.4054e-09	0.0154943
2.40546e-09	0.0154869
2.40552e-09	0.0154795
2.40559e-09	0.0154721
2.40565e-09	0.0154647
2.40572e-09	0.0154573
2.40578e-09	0.0154499
2.40584e-09	0.0154425
2.40591e-09	0.0154351
2.40597e-09	0.0154277
2.40604e-09	0.0154203
2.4061e-09	0.0154129
2.40616e-09	0.0154055
2.40623e-09	0.0153981
2.40629e-09	0.0153907
2.40636e-09	0.0153833
2.40642e-09	0.015376
2.40648e-09	0.0153686
2.40655e-09	0.0153612
2.40661e-09	0.0153538
2.40668e-09	0.0153464
2.40674e-09	0.015339
2.4068e-09	0.0153316
2.40687e-09	0.0153242
2.40693e-09	0.0153168
2.407e-09	0.0153095
2.40706e-09	0.0153021
2.40712e-09	0.0152947
2.40719e-09	0.0152873
2.40725e-09	0.0152799
2.40732e-09	0.0152725
2.40738e-09	0.0152651
2.40744e-09	0.0152578
2.40751e-09	0.0152504
2.40757e-09	0.015243
2.40764e-09	0.0152356
2.4077e-09	0.0152282
2.40776e-09	0.0152208
2.40783e-09	0.0152135
2.40789e-09	0.0152061
2.40796e-09	0.0151987
2.40802e-09	0.0151913
2.40808e-09	0.0151839
2.40815e-09	0.0151766
2.40821e-09	0.0151692
2.40828e-09	0.0151618
2.40834e-09	0.0151544
2.4084e-09	0.015147
2.40847e-09	0.0151397
2.40853e-09	0.0151323
2.4086e-09	0.0151249
2.40866e-09	0.0151175
2.40872e-09	0.0151102
2.40879e-09	0.0151028
2.40885e-09	0.0150954
2.40892e-09	0.0150881
2.40898e-09	0.0150807
2.40904e-09	0.0150733
2.40911e-09	0.0150659
2.40917e-09	0.0150586
2.40924e-09	0.0150512
2.4093e-09	0.0150438
2.40936e-09	0.0150365
2.40943e-09	0.0150291
2.40949e-09	0.0150217
2.40956e-09	0.0150144
2.40962e-09	0.015007
2.40968e-09	0.0149996
2.40975e-09	0.0149923
2.40981e-09	0.0149849
2.40988e-09	0.0149775
2.40994e-09	0.0149702
2.41e-09	0.0149628
2.41007e-09	0.0149555
2.41013e-09	0.0149481
2.4102e-09	0.0149407
2.41026e-09	0.0149334
2.41032e-09	0.014926
2.41039e-09	0.0149187
2.41045e-09	0.0149113
2.41052e-09	0.0149039
2.41058e-09	0.0148966
2.41064e-09	0.0148892
2.41071e-09	0.0148819
2.41077e-09	0.0148745
2.41084e-09	0.0148672
2.4109e-09	0.0148598
2.41096e-09	0.0148525
2.41103e-09	0.0148451
2.41109e-09	0.0148378
2.41116e-09	0.0148304
2.41122e-09	0.0148231
2.41128e-09	0.0148157
2.41135e-09	0.0148084
2.41141e-09	0.014801
2.41148e-09	0.0147937
2.41154e-09	0.0147863
2.4116e-09	0.014779
2.41167e-09	0.0147716
2.41173e-09	0.0147643
2.4118e-09	0.0147569
2.41186e-09	0.0147496
2.41192e-09	0.0147423
2.41199e-09	0.0147349
2.41205e-09	0.0147276
2.41212e-09	0.0147202
2.41218e-09	0.0147129
2.41224e-09	0.0147056
2.41231e-09	0.0146982
2.41237e-09	0.0146909
2.41244e-09	0.0146835
2.4125e-09	0.0146762
2.41256e-09	0.0146689
2.41263e-09	0.0146615
2.41269e-09	0.0146542
2.41276e-09	0.0146469
2.41282e-09	0.0146395
2.41288e-09	0.0146322
2.41295e-09	0.0146249
2.41301e-09	0.0146175
2.41308e-09	0.0146102
2.41314e-09	0.0146029
2.4132e-09	0.0145956
2.41327e-09	0.0145882
2.41333e-09	0.0145809
2.4134e-09	0.0145736
2.41346e-09	0.0145663
2.41352e-09	0.0145589
2.41359e-09	0.0145516
2.41365e-09	0.0145443
2.41372e-09	0.014537
2.41378e-09	0.0145296
2.41384e-09	0.0145223
2.41391e-09	0.014515
2.41397e-09	0.0145077
2.41404e-09	0.0145004
2.4141e-09	0.014493
2.41416e-09	0.0144857
2.41423e-09	0.0144784
2.41429e-09	0.0144711
2.41436e-09	0.0144638
2.41442e-09	0.0144565
2.41448e-09	0.0144492
2.41455e-09	0.0144419
2.41461e-09	0.0144345
2.41468e-09	0.0144272
2.41474e-09	0.0144199
2.4148e-09	0.0144126
2.41487e-09	0.0144053
2.41493e-09	0.014398
2.415e-09	0.0143907
2.41506e-09	0.0143834
2.41512e-09	0.0143761
2.41519e-09	0.0143688
2.41525e-09	0.0143615
2.41532e-09	0.0143542
2.41538e-09	0.0143469
2.41544e-09	0.0143396
2.41551e-09	0.0143323
2.41557e-09	0.014325
2.41564e-09	0.0143177
2.4157e-09	0.0143104
2.41576e-09	0.0143031
2.41583e-09	0.0142958
2.41589e-09	0.0142885
2.41596e-09	0.0142812
2.41602e-09	0.0142739
2.41608e-09	0.0142666
2.41615e-09	0.0142593
2.41621e-09	0.0142521
2.41628e-09	0.0142448
2.41634e-09	0.0142375
2.4164e-09	0.0142302
2.41647e-09	0.0142229
2.41653e-09	0.0142156
2.4166e-09	0.0142083
2.41666e-09	0.0142011
2.41672e-09	0.0141938
2.41679e-09	0.0141865
2.41685e-09	0.0141792
2.41692e-09	0.0141719
2.41698e-09	0.0141647
2.41704e-09	0.0141574
2.41711e-09	0.0141501
2.41717e-09	0.0141428
2.41724e-09	0.0141355
2.4173e-09	0.0141283
2.41736e-09	0.014121
2.41743e-09	0.0141137
2.41749e-09	0.0141065
2.41756e-09	0.0140992
2.41762e-09	0.0140919
2.41768e-09	0.0140847
2.41775e-09	0.0140774
2.41781e-09	0.0140701
2.41788e-09	0.0140629
2.41794e-09	0.0140556
2.418e-09	0.0140483
2.41807e-09	0.0140411
2.41813e-09	0.0140338
2.4182e-09	0.0140265
2.41826e-09	0.0140193
2.41832e-09	0.014012
2.41839e-09	0.0140048
2.41845e-09	0.0139975
2.41852e-09	0.0139903
2.41858e-09	0.013983
2.41864e-09	0.0139757
2.41871e-09	0.0139685
2.41877e-09	0.0139612
2.41884e-09	0.013954
2.4189e-09	0.0139467
2.41896e-09	0.0139395
2.41903e-09	0.0139322
2.41909e-09	0.013925
2.41916e-09	0.0139178
2.41922e-09	0.0139105
2.41929e-09	0.0139033
2.41935e-09	0.013896
2.41941e-09	0.0138888
2.41948e-09	0.0138815
2.41954e-09	0.0138743
2.41961e-09	0.0138671
2.41967e-09	0.0138598
2.41973e-09	0.0138526
2.4198e-09	0.0138454
2.41986e-09	0.0138381
2.41993e-09	0.0138309
2.41999e-09	0.0138236
2.42005e-09	0.0138164
2.42012e-09	0.0138092
2.42018e-09	0.013802
2.42025e-09	0.0137947
2.42031e-09	0.0137875
2.42037e-09	0.0137803
2.42044e-09	0.0137731
2.4205e-09	0.0137658
2.42057e-09	0.0137586
2.42063e-09	0.0137514
2.42069e-09	0.0137442
2.42076e-09	0.0137369
2.42082e-09	0.0137297
2.42089e-09	0.0137225
2.42095e-09	0.0137153
2.42101e-09	0.0137081
2.42108e-09	0.0137009
2.42114e-09	0.0136936
2.42121e-09	0.0136864
2.42127e-09	0.0136792
2.42133e-09	0.013672
2.4214e-09	0.0136648
2.42146e-09	0.0136576
2.42153e-09	0.0136504
2.42159e-09	0.0136432
2.42165e-09	0.013636
2.42172e-09	0.0136288
2.42178e-09	0.0136216
2.42185e-09	0.0136144
2.42191e-09	0.0136072
2.42197e-09	0.0136
2.42204e-09	0.0135928
2.4221e-09	0.0135856
2.42217e-09	0.0135784
2.42223e-09	0.0135712
2.42229e-09	0.013564
2.42236e-09	0.0135568
2.42242e-09	0.0135496
2.42249e-09	0.0135424
2.42255e-09	0.0135352
2.42261e-09	0.013528
2.42268e-09	0.0135209
2.42274e-09	0.0135137
2.42281e-09	0.0135065
2.42287e-09	0.0134993
2.42293e-09	0.0134921
2.423e-09	0.0134849
2.42306e-09	0.0134778
2.42313e-09	0.0134706
2.42319e-09	0.0134634
2.42325e-09	0.0134562
2.42332e-09	0.013449
2.42338e-09	0.0134419
2.42345e-09	0.0134347
2.42351e-09	0.0134275
2.42357e-09	0.0134204
2.42364e-09	0.0134132
2.4237e-09	0.013406
2.42377e-09	0.0133989
2.42383e-09	0.0133917
2.42389e-09	0.0133845
2.42396e-09	0.0133774
2.42402e-09	0.0133702
2.42409e-09	0.013363
2.42415e-09	0.0133559
2.42421e-09	0.0133487
2.42428e-09	0.0133416
2.42434e-09	0.0133344
2.42441e-09	0.0133272
2.42447e-09	0.0133201
2.42453e-09	0.0133129
2.4246e-09	0.0133058
2.42466e-09	0.0132986
2.42473e-09	0.0132915
2.42479e-09	0.0132843
2.42485e-09	0.0132772
2.42492e-09	0.01327
2.42498e-09	0.0132629
2.42505e-09	0.0132558
2.42511e-09	0.0132486
2.42517e-09	0.0132415
2.42524e-09	0.0132343
2.4253e-09	0.0132272
2.42537e-09	0.0132201
2.42543e-09	0.0132129
2.42549e-09	0.0132058
2.42556e-09	0.0131987
2.42562e-09	0.0131915
2.42569e-09	0.0131844
2.42575e-09	0.0131773
2.42581e-09	0.0131701
2.42588e-09	0.013163
2.42594e-09	0.0131559
2.42601e-09	0.0131488
2.42607e-09	0.0131416
2.42613e-09	0.0131345
2.4262e-09	0.0131274
2.42626e-09	0.0131203
2.42633e-09	0.0131132
2.42639e-09	0.013106
2.42645e-09	0.0130989
2.42652e-09	0.0130918
2.42658e-09	0.0130847
2.42665e-09	0.0130776
2.42671e-09	0.0130705
2.42677e-09	0.0130634
2.42684e-09	0.0130563
2.4269e-09	0.0130491
2.42697e-09	0.013042
2.42703e-09	0.0130349
2.42709e-09	0.0130278
2.42716e-09	0.0130207
2.42722e-09	0.0130136
2.42729e-09	0.0130065
2.42735e-09	0.0129994
2.42741e-09	0.0129923
2.42748e-09	0.0129852
2.42754e-09	0.0129782
2.42761e-09	0.0129711
2.42767e-09	0.012964
2.42773e-09	0.0129569
2.4278e-09	0.0129498
2.42786e-09	0.0129427
2.42793e-09	0.0129356
2.42799e-09	0.0129285
2.42805e-09	0.0129215
2.42812e-09	0.0129144
2.42818e-09	0.0129073
2.42825e-09	0.0129002
2.42831e-09	0.0128931
2.42837e-09	0.0128861
2.42844e-09	0.012879
2.4285e-09	0.0128719
2.42857e-09	0.0128648
2.42863e-09	0.0128578
2.42869e-09	0.0128507
2.42876e-09	0.0128436
2.42882e-09	0.0128366
2.42889e-09	0.0128295
2.42895e-09	0.0128224
2.42901e-09	0.0128154
2.42908e-09	0.0128083
2.42914e-09	0.0128012
2.42921e-09	0.0127942
2.42927e-09	0.0127871
2.42933e-09	0.0127801
2.4294e-09	0.012773
2.42946e-09	0.012766
2.42953e-09	0.0127589
2.42959e-09	0.0127519
2.42965e-09	0.0127448
2.42972e-09	0.0127378
2.42978e-09	0.0127307
2.42985e-09	0.0127237
2.42991e-09	0.0127166
2.42997e-09	0.0127096
2.43004e-09	0.0127025
2.4301e-09	0.0126955
2.43017e-09	0.0126885
2.43023e-09	0.0126814
2.43029e-09	0.0126744
2.43036e-09	0.0126674
2.43042e-09	0.0126603
2.43049e-09	0.0126533
2.43055e-09	0.0126463
2.43061e-09	0.0126392
2.43068e-09	0.0126322
2.43074e-09	0.0126252
2.43081e-09	0.0126182
2.43087e-09	0.0126111
2.43093e-09	0.0126041
2.431e-09	0.0125971
2.43106e-09	0.0125901
2.43113e-09	0.0125831
2.43119e-09	0.012576
2.43125e-09	0.012569
2.43132e-09	0.012562
2.43138e-09	0.012555
2.43145e-09	0.012548
2.43151e-09	0.012541
2.43157e-09	0.012534
2.43164e-09	0.012527
2.4317e-09	0.01252
2.43177e-09	0.012513
2.43183e-09	0.012506
2.43189e-09	0.012499
2.43196e-09	0.012492
2.43202e-09	0.012485
2.43209e-09	0.012478
2.43215e-09	0.012471
2.43221e-09	0.012464
2.43228e-09	0.012457
2.43234e-09	0.01245
2.43241e-09	0.012443
2.43247e-09	0.012436
2.43253e-09	0.012429
2.4326e-09	0.0124221
2.43266e-09	0.0124151
2.43273e-09	0.0124081
2.43279e-09	0.0124011
2.43285e-09	0.0123941
2.43292e-09	0.0123872
2.43298e-09	0.0123802
2.43305e-09	0.0123732
2.43311e-09	0.0123662
2.43317e-09	0.0123593
2.43324e-09	0.0123523
2.4333e-09	0.0123453
2.43337e-09	0.0123384
2.43343e-09	0.0123314
2.43349e-09	0.0123244
2.43356e-09	0.0123175
2.43362e-09	0.0123105
2.43369e-09	0.0123036
2.43375e-09	0.0122966
2.43381e-09	0.0122896
2.43388e-09	0.0122827
2.43394e-09	0.0122757
2.43401e-09	0.0122688
2.43407e-09	0.0122618
2.43413e-09	0.0122549
2.4342e-09	0.0122479
2.43426e-09	0.012241
2.43433e-09	0.012234
2.43439e-09	0.0122271
2.43445e-09	0.0122202
2.43452e-09	0.0122132
2.43458e-09	0.0122063
2.43465e-09	0.0121994
2.43471e-09	0.0121924
2.43477e-09	0.0121855
2.43484e-09	0.0121786
2.4349e-09	0.0121716
2.43497e-09	0.0121647
2.43503e-09	0.0121578
2.43509e-09	0.0121508
2.43516e-09	0.0121439
2.43522e-09	0.012137
2.43529e-09	0.0121301
2.43535e-09	0.0121232
2.43541e-09	0.0121162
2.43548e-09	0.0121093
2.43554e-09	0.0121024
2.43561e-09	0.0120955
2.43567e-09	0.0120886
2.43573e-09	0.0120817
2.4358e-09	0.0120748
2.43586e-09	0.0120679
2.43593e-09	0.012061
2.43599e-09	0.0120541
2.43605e-09	0.0120472
2.43612e-09	0.0120403
2.43618e-09	0.0120334
2.43625e-09	0.0120265
2.43631e-09	0.0120196
2.43637e-09	0.0120127
2.43644e-09	0.0120058
2.4365e-09	0.0119989
2.43657e-09	0.011992
2.43663e-09	0.0119851
2.4367e-09	0.0119782
2.43676e-09	0.0119713
2.43682e-09	0.0119645
2.43689e-09	0.0119576
2.43695e-09	0.0119507
2.43702e-09	0.0119438
2.43708e-09	0.0119369
2.43714e-09	0.0119301
2.43721e-09	0.0119232
2.43727e-09	0.0119163
2.43734e-09	0.0119094
2.4374e-09	0.0119026
2.43746e-09	0.0118957
2.43753e-09	0.0118888
2.43759e-09	0.011882
2.43766e-09	0.0118751
2.43772e-09	0.0118683
2.43778e-09	0.0118614
2.43785e-09	0.0118545
2.43791e-09	0.0118477
2.43798e-09	0.0118408
2.43804e-09	0.011834
2.4381e-09	0.0118271
2.43817e-09	0.0118203
2.43823e-09	0.0118134
2.4383e-09	0.0118066
2.43836e-09	0.0117997
2.43842e-09	0.0117929
2.43849e-09	0.0117861
2.43855e-09	0.0117792
2.43862e-09	0.0117724
2.43868e-09	0.0117655
2.43874e-09	0.0117587
2.43881e-09	0.0117519
2.43887e-09	0.011745
2.43894e-09	0.0117382
2.439e-09	0.0117314
2.43906e-09	0.0117246
2.43913e-09	0.0117177
2.43919e-09	0.0117109
2.43926e-09	0.0117041
2.43932e-09	0.0116973
2.43938e-09	0.0116905
2.43945e-09	0.0116836
2.43951e-09	0.0116768
2.43958e-09	0.01167
2.43964e-09	0.0116632
2.4397e-09	0.0116564
2.43977e-09	0.0116496
2.43983e-09	0.0116428
2.4399e-09	0.011636
2.43996e-09	0.0116292
2.44002e-09	0.0116224
2.44009e-09	0.0116156
2.44015e-09	0.0116088
2.44022e-09	0.011602
2.44028e-09	0.0115952
2.44034e-09	0.0115884
2.44041e-09	0.0115816
2.44047e-09	0.0115748
2.44054e-09	0.011568
2.4406e-09	0.0115612
2.44066e-09	0.0115545
2.44073e-09	0.0115477
2.44079e-09	0.0115409
2.44086e-09	0.0115341
2.44092e-09	0.0115273
2.44098e-09	0.0115206
2.44105e-09	0.0115138
2.44111e-09	0.011507
2.44118e-09	0.0115002
2.44124e-09	0.0114935
2.4413e-09	0.0114867
2.44137e-09	0.0114799
2.44143e-09	0.0114732
2.4415e-09	0.0114664
2.44156e-09	0.0114596
2.44162e-09	0.0114529
2.44169e-09	0.0114461
2.44175e-09	0.0114394
2.44182e-09	0.0114326
2.44188e-09	0.0114259
2.44194e-09	0.0114191
2.44201e-09	0.0114124
2.44207e-09	0.0114056
2.44214e-09	0.0113989
2.4422e-09	0.0113921
2.44226e-09	0.0113854
2.44233e-09	0.0113787
2.44239e-09	0.0113719
2.44246e-09	0.0113652
2.44252e-09	0.0113584
2.44258e-09	0.0113517
2.44265e-09	0.011345
2.44271e-09	0.0113383
2.44278e-09	0.0113315
2.44284e-09	0.0113248
2.4429e-09	0.0113181
2.44297e-09	0.0113114
2.44303e-09	0.0113046
2.4431e-09	0.0112979
2.44316e-09	0.0112912
2.44322e-09	0.0112845
2.44329e-09	0.0112778
2.44335e-09	0.0112711
2.44342e-09	0.0112643
2.44348e-09	0.0112576
2.44354e-09	0.0112509
2.44361e-09	0.0112442
2.44367e-09	0.0112375
2.44374e-09	0.0112308
2.4438e-09	0.0112241
2.44386e-09	0.0112174
2.44393e-09	0.0112107
2.44399e-09	0.011204
2.44406e-09	0.0111973
2.44412e-09	0.0111907
2.44418e-09	0.011184
2.44425e-09	0.0111773
2.44431e-09	0.0111706
2.44438e-09	0.0111639
2.44444e-09	0.0111572
2.4445e-09	0.0111505
2.44457e-09	0.0111439
2.44463e-09	0.0111372
2.4447e-09	0.0111305
2.44476e-09	0.0111238
2.44482e-09	0.0111172
2.44489e-09	0.0111105
2.44495e-09	0.0111038
2.44502e-09	0.0110972
2.44508e-09	0.0110905
2.44514e-09	0.0110838
2.44521e-09	0.0110772
2.44527e-09	0.0110705
2.44534e-09	0.0110639
2.4454e-09	0.0110572
2.44546e-09	0.0110506
2.44553e-09	0.0110439
2.44559e-09	0.0110373
2.44566e-09	0.0110306
2.44572e-09	0.011024
2.44578e-09	0.0110173
2.44585e-09	0.0110107
2.44591e-09	0.011004
2.44598e-09	0.0109974
2.44604e-09	0.0109908
2.4461e-09	0.0109841
2.44617e-09	0.0109775
2.44623e-09	0.0109709
2.4463e-09	0.0109642
2.44636e-09	0.0109576
2.44642e-09	0.010951
2.44649e-09	0.0109444
2.44655e-09	0.0109377
2.44662e-09	0.0109311
2.44668e-09	0.0109245
2.44674e-09	0.0109179
2.44681e-09	0.0109113
2.44687e-09	0.0109047
2.44694e-09	0.010898
2.447e-09	0.0108914
2.44706e-09	0.0108848
2.44713e-09	0.0108782
2.44719e-09	0.0108716
2.44726e-09	0.010865
2.44732e-09	0.0108584
2.44738e-09	0.0108518
2.44745e-09	0.0108452
2.44751e-09	0.0108386
2.44758e-09	0.010832
2.44764e-09	0.0108254
2.4477e-09	0.0108189
2.44777e-09	0.0108123
2.44783e-09	0.0108057
2.4479e-09	0.0107991
2.44796e-09	0.0107925
2.44802e-09	0.0107859
2.44809e-09	0.0107794
2.44815e-09	0.0107728
2.44822e-09	0.0107662
2.44828e-09	0.0107596
2.44834e-09	0.0107531
2.44841e-09	0.0107465
2.44847e-09	0.0107399
2.44854e-09	0.0107334
2.4486e-09	0.0107268
2.44866e-09	0.0107202
2.44873e-09	0.0107137
2.44879e-09	0.0107071
2.44886e-09	0.0107006
2.44892e-09	0.010694
2.44898e-09	0.0106875
2.44905e-09	0.0106809
2.44911e-09	0.0106744
2.44918e-09	0.0106678
2.44924e-09	0.0106613
2.4493e-09	0.0106547
2.44937e-09	0.0106482
2.44943e-09	0.0106417
2.4495e-09	0.0106351
2.44956e-09	0.0106286
2.44962e-09	0.0106221
2.44969e-09	0.0106155
2.44975e-09	0.010609
2.44982e-09	0.0106025
2.44988e-09	0.0105959
2.44994e-09	0.0105894
2.45001e-09	0.0105829
2.45007e-09	0.0105764
2.45014e-09	0.0105699
2.4502e-09	0.0105633
2.45026e-09	0.0105568
2.45033e-09	0.0105503
2.45039e-09	0.0105438
2.45046e-09	0.0105373
2.45052e-09	0.0105308
2.45058e-09	0.0105243
2.45065e-09	0.0105178
2.45071e-09	0.0105113
2.45078e-09	0.0105048
2.45084e-09	0.0104983
2.4509e-09	0.0104918
2.45097e-09	0.0104853
2.45103e-09	0.0104788
2.4511e-09	0.0104723
2.45116e-09	0.0104658
2.45122e-09	0.0104594
2.45129e-09	0.0104529
2.45135e-09	0.0104464
2.45142e-09	0.0104399
2.45148e-09	0.0104334
2.45154e-09	0.010427
2.45161e-09	0.0104205
2.45167e-09	0.010414
2.45174e-09	0.0104075
2.4518e-09	0.0104011
2.45186e-09	0.0103946
2.45193e-09	0.0103881
2.45199e-09	0.0103817
2.45206e-09	0.0103752
2.45212e-09	0.0103688
2.45218e-09	0.0103623
2.45225e-09	0.0103559
2.45231e-09	0.0103494
2.45238e-09	0.010343
2.45244e-09	0.0103365
2.4525e-09	0.0103301
2.45257e-09	0.0103236
2.45263e-09	0.0103172
2.4527e-09	0.0103107
2.45276e-09	0.0103043
2.45282e-09	0.0102979
2.45289e-09	0.0102914
2.45295e-09	0.010285
2.45302e-09	0.0102786
2.45308e-09	0.0102721
2.45314e-09	0.0102657
2.45321e-09	0.0102593
2.45327e-09	0.0102529
2.45334e-09	0.0102464
2.4534e-09	0.01024
2.45346e-09	0.0102336
2.45353e-09	0.0102272
2.45359e-09	0.0102208
2.45366e-09	0.0102144
2.45372e-09	0.010208
2.45378e-09	0.0102016
2.45385e-09	0.0101952
2.45391e-09	0.0101887
2.45398e-09	0.0101823
2.45404e-09	0.0101759
2.4541e-09	0.0101695
2.45417e-09	0.0101632
2.45423e-09	0.0101568
2.4543e-09	0.0101504
2.45436e-09	0.010144
2.45443e-09	0.0101376
2.45449e-09	0.0101312
2.45455e-09	0.0101248
2.45462e-09	0.0101184
2.45468e-09	0.0101121
2.45475e-09	0.0101057
2.45481e-09	0.0100993
2.45487e-09	0.0100929
2.45494e-09	0.0100866
2.455e-09	0.0100802
2.45507e-09	0.0100738
2.45513e-09	0.0100675
2.45519e-09	0.0100611
2.45526e-09	0.0100547
2.45532e-09	0.0100484
2.45539e-09	0.010042
2.45545e-09	0.0100357
2.45551e-09	0.0100293
2.45558e-09	0.010023
2.45564e-09	0.0100166
2.45571e-09	0.0100103
2.45577e-09	0.0100039
2.45583e-09	0.00999759
2.4559e-09	0.00999124
2.45596e-09	0.00998491
2.45603e-09	0.00997857
2.45609e-09	0.00997223
2.45615e-09	0.0099659
2.45622e-09	0.00995957
2.45628e-09	0.00995324
2.45635e-09	0.00994691
2.45641e-09	0.00994059
2.45647e-09	0.00993427
2.45654e-09	0.00992795
2.4566e-09	0.00992163
2.45667e-09	0.00991531
2.45673e-09	0.00990899
2.45679e-09	0.00990268
2.45686e-09	0.00989637
2.45692e-09	0.00989006
2.45699e-09	0.00988376
2.45705e-09	0.00987745
2.45711e-09	0.00987115
2.45718e-09	0.00986485
2.45724e-09	0.00985855
2.45731e-09	0.00985225
2.45737e-09	0.00984596
2.45743e-09	0.00983967
2.4575e-09	0.00983338
2.45756e-09	0.00982709
2.45763e-09	0.0098208
2.45769e-09	0.00981452
2.45775e-09	0.00980823
2.45782e-09	0.00980195
2.45788e-09	0.00979568
2.45795e-09	0.0097894
2.45801e-09	0.00978313
2.45807e-09	0.00977685
2.45814e-09	0.00977058
2.4582e-09	0.00976432
2.45827e-09	0.00975805
2.45833e-09	0.00975179
2.45839e-09	0.00974553
2.45846e-09	0.00973926
2.45852e-09	0.00973301
2.45859e-09	0.00972675
2.45865e-09	0.0097205
2.45871e-09	0.00971425
2.45878e-09	0.009708
2.45884e-09	0.00970175
2.45891e-09	0.0096955
2.45897e-09	0.00968926
2.45903e-09	0.00968302
2.4591e-09	0.00967678
2.45916e-09	0.00967054
2.45923e-09	0.00966431
2.45929e-09	0.00965808
2.45935e-09	0.00965185
2.45942e-09	0.00964562
2.45948e-09	0.00963939
2.45955e-09	0.00963316
2.45961e-09	0.00962694
2.45967e-09	0.00962072
2.45974e-09	0.0096145
2.4598e-09	0.00960829
2.45987e-09	0.00960207
2.45993e-09	0.00959586
2.45999e-09	0.00958965
2.46006e-09	0.00958344
2.46012e-09	0.00957724
2.46019e-09	0.00957103
2.46025e-09	0.00956483
2.46031e-09	0.00955863
2.46038e-09	0.00955243
2.46044e-09	0.00954624
2.46051e-09	0.00954004
2.46057e-09	0.00953385
2.46063e-09	0.00952766
2.4607e-09	0.00952148
2.46076e-09	0.00951529
2.46083e-09	0.00950911
2.46089e-09	0.00950293
2.46095e-09	0.00949675
2.46102e-09	0.00949057
2.46108e-09	0.0094844
2.46115e-09	0.00947822
2.46121e-09	0.00947205
2.46127e-09	0.00946588
2.46134e-09	0.00945972
2.4614e-09	0.00945355
2.46147e-09	0.00944739
2.46153e-09	0.00944123
2.46159e-09	0.00943507
2.46166e-09	0.00942892
2.46172e-09	0.00942276
2.46179e-09	0.00941661
2.46185e-09	0.00941046
2.46191e-09	0.00940432
2.46198e-09	0.00939817
2.46204e-09	0.00939203
2.46211e-09	0.00938589
2.46217e-09	0.00937975
2.46223e-09	0.00937361
2.4623e-09	0.00936748
2.46236e-09	0.00936134
2.46243e-09	0.00935521
2.46249e-09	0.00934908
2.46255e-09	0.00934296
2.46262e-09	0.00933683
2.46268e-09	0.00933071
2.46275e-09	0.00932459
2.46281e-09	0.00931847
2.46287e-09	0.00931236
2.46294e-09	0.00930624
2.463e-09	0.00930013
2.46307e-09	0.00929402
2.46313e-09	0.00928792
2.46319e-09	0.00928181
2.46326e-09	0.00927571
2.46332e-09	0.00926961
2.46339e-09	0.00926351
2.46345e-09	0.00925741
2.46351e-09	0.00925132
2.46358e-09	0.00924522
2.46364e-09	0.00923913
2.46371e-09	0.00923304
2.46377e-09	0.00922696
2.46383e-09	0.00922087
2.4639e-09	0.00921479
2.46396e-09	0.00920871
2.46403e-09	0.00920264
2.46409e-09	0.00919656
2.46415e-09	0.00919049
2.46422e-09	0.00918442
2.46428e-09	0.00917835
2.46435e-09	0.00917228
2.46441e-09	0.00916622
2.46447e-09	0.00916015
2.46454e-09	0.00915409
2.4646e-09	0.00914803
2.46467e-09	0.00914198
2.46473e-09	0.00913592
2.46479e-09	0.00912987
2.46486e-09	0.00912382
2.46492e-09	0.00911777
2.46499e-09	0.00911173
2.46505e-09	0.00910569
2.46511e-09	0.00909964
2.46518e-09	0.00909361
2.46524e-09	0.00908757
2.46531e-09	0.00908153
2.46537e-09	0.0090755
2.46543e-09	0.00906947
2.4655e-09	0.00906344
2.46556e-09	0.00905742
2.46563e-09	0.00905139
2.46569e-09	0.00904537
2.46575e-09	0.00903935
2.46582e-09	0.00903333
2.46588e-09	0.00902732
2.46595e-09	0.0090213
2.46601e-09	0.00901529
2.46607e-09	0.00900928
2.46614e-09	0.00900328
2.4662e-09	0.00899727
2.46627e-09	0.00899127
2.46633e-09	0.00898527
2.46639e-09	0.00897927
2.46646e-09	0.00897328
2.46652e-09	0.00896728
2.46659e-09	0.00896129
2.46665e-09	0.0089553
2.46671e-09	0.00894932
2.46678e-09	0.00894333
2.46684e-09	0.00893735
2.46691e-09	0.00893137
2.46697e-09	0.00892539
2.46703e-09	0.00891941
2.4671e-09	0.00891344
2.46716e-09	0.00890746
2.46723e-09	0.00890149
2.46729e-09	0.00889553
2.46735e-09	0.00888956
2.46742e-09	0.0088836
2.46748e-09	0.00887764
2.46755e-09	0.00887168
2.46761e-09	0.00886572
2.46767e-09	0.00885977
2.46774e-09	0.00885381
2.4678e-09	0.00884786
2.46787e-09	0.00884192
2.46793e-09	0.00883597
2.46799e-09	0.00883002
2.46806e-09	0.00882408
2.46812e-09	0.00881814
2.46819e-09	0.00881221
2.46825e-09	0.00880627
2.46831e-09	0.00880034
2.46838e-09	0.00879441
2.46844e-09	0.00878848
2.46851e-09	0.00878255
2.46857e-09	0.00877663
2.46863e-09	0.00877071
2.4687e-09	0.00876479
2.46876e-09	0.00875887
2.46883e-09	0.00875295
2.46889e-09	0.00874704
2.46895e-09	0.00874113
2.46902e-09	0.00873522
2.46908e-09	0.00872931
2.46915e-09	0.00872341
2.46921e-09	0.00871751
2.46927e-09	0.00871161
2.46934e-09	0.00870571
2.4694e-09	0.00869981
2.46947e-09	0.00869392
2.46953e-09	0.00868803
2.46959e-09	0.00868214
2.46966e-09	0.00867625
2.46972e-09	0.00867037
2.46979e-09	0.00866449
2.46985e-09	0.0086586
2.46991e-09	0.00865273
2.46998e-09	0.00864685
2.47004e-09	0.00864098
2.47011e-09	0.00863511
2.47017e-09	0.00862924
2.47023e-09	0.00862337
2.4703e-09	0.0086175
2.47036e-09	0.00861164
2.47043e-09	0.00860578
2.47049e-09	0.00859992
2.47055e-09	0.00859407
2.47062e-09	0.00858821
2.47068e-09	0.00858236
2.47075e-09	0.00857651
2.47081e-09	0.00857066
2.47087e-09	0.00856482
2.47094e-09	0.00855898
2.471e-09	0.00855314
2.47107e-09	0.0085473
2.47113e-09	0.00854146
2.47119e-09	0.00853563
2.47126e-09	0.0085298
2.47132e-09	0.00852397
2.47139e-09	0.00851814
2.47145e-09	0.00851231
2.47151e-09	0.00850649
2.47158e-09	0.00850067
2.47164e-09	0.00849485
2.47171e-09	0.00848904
2.47177e-09	0.00848322
2.47184e-09	0.00847741
2.4719e-09	0.0084716
2.47196e-09	0.00846579
2.47203e-09	0.00845999
2.47209e-09	0.00845418
2.47216e-09	0.00844838
2.47222e-09	0.00844258
2.47228e-09	0.00843679
2.47235e-09	0.00843099
2.47241e-09	0.0084252
2.47248e-09	0.00841941
2.47254e-09	0.00841363
2.4726e-09	0.00840784
2.47267e-09	0.00840206
2.47273e-09	0.00839628
2.4728e-09	0.0083905
2.47286e-09	0.00838472
2.47292e-09	0.00837895
2.47299e-09	0.00837318
2.47305e-09	0.00836741
2.47312e-09	0.00836164
2.47318e-09	0.00835587
2.47324e-09	0.00835011
2.47331e-09	0.00834435
2.47337e-09	0.00833859
2.47344e-09	0.00833284
2.4735e-09	0.00832708
2.47356e-09	0.00832133
2.47363e-09	0.00831558
2.47369e-09	0.00830983
2.47376e-09	0.00830409
2.47382e-09	0.00829835
2.47388e-09	0.00829261
2.47395e-09	0.00828687
2.47401e-09	0.00828113
2.47408e-09	0.0082754
2.47414e-09	0.00826967
2.4742e-09	0.00826394
2.47427e-09	0.00825821
2.47433e-09	0.00825248
2.4744e-09	0.00824676
2.47446e-09	0.00824104
2.47452e-09	0.00823532
2.47459e-09	0.00822961
2.47465e-09	0.00822389
2.47472e-09	0.00821818
2.47478e-09	0.00821247
2.47484e-09	0.00820677
2.47491e-09	0.00820106
2.47497e-09	0.00819536
2.47504e-09	0.00818966
2.4751e-09	0.00818396
2.47516e-09	0.00817827
2.47523e-09	0.00817257
2.47529e-09	0.00816688
2.47536e-09	0.00816119
2.47542e-09	0.00815551
2.47548e-09	0.00814982
2.47555e-09	0.00814414
2.47561e-09	0.00813846
2.47568e-09	0.00813278
2.47574e-09	0.00812711
2.4758e-09	0.00812143
2.47587e-09	0.00811576
2.47593e-09	0.00811009
2.476e-09	0.00810443
2.47606e-09	0.00809876
2.47612e-09	0.0080931
2.47619e-09	0.00808744
2.47625e-09	0.00808178
2.47632e-09	0.00807613
2.47638e-09	0.00807048
2.47644e-09	0.00806483
2.47651e-09	0.00805918
2.47657e-09	0.00805353
2.47664e-09	0.00804789
2.4767e-09	0.00804225
2.47676e-09	0.00803661
2.47683e-09	0.00803097
2.47689e-09	0.00802533
2.47696e-09	0.0080197
2.47702e-09	0.00801407
2.47708e-09	0.00800844
2.47715e-09	0.00800282
2.47721e-09	0.00799719
2.47728e-09	0.00799157
2.47734e-09	0.00798595
2.4774e-09	0.00798034
2.47747e-09	0.00797472
2.47753e-09	0.00796911
2.4776e-09	0.0079635
2.47766e-09	0.00795789
2.47772e-09	0.00795229
2.47779e-09	0.00794668
2.47785e-09	0.00794108
2.47792e-09	0.00793548
2.47798e-09	0.00792989
2.47804e-09	0.00792429
2.47811e-09	0.0079187
2.47817e-09	0.00791311
2.47824e-09	0.00790753
2.4783e-09	0.00790194
2.47836e-09	0.00789636
2.47843e-09	0.00789078
2.47849e-09	0.0078852
2.47856e-09	0.00787962
2.47862e-09	0.00787405
2.47868e-09	0.00786848
2.47875e-09	0.00786291
2.47881e-09	0.00785734
2.47888e-09	0.00785178
2.47894e-09	0.00784622
2.479e-09	0.00784066
2.47907e-09	0.0078351
2.47913e-09	0.00782954
2.4792e-09	0.00782399
2.47926e-09	0.00781844
2.47932e-09	0.00781289
2.47939e-09	0.00780734
2.47945e-09	0.0078018
2.47952e-09	0.00779626
2.47958e-09	0.00779072
2.47964e-09	0.00778518
2.47971e-09	0.00777965
2.47977e-09	0.00777411
2.47984e-09	0.00776858
2.4799e-09	0.00776306
2.47996e-09	0.00775753
2.48003e-09	0.00775201
2.48009e-09	0.00774649
2.48016e-09	0.00774097
2.48022e-09	0.00773545
2.48028e-09	0.00772994
2.48035e-09	0.00772442
2.48041e-09	0.00771891
2.48048e-09	0.00771341
2.48054e-09	0.0077079
2.4806e-09	0.0077024
2.48067e-09	0.0076969
2.48073e-09	0.0076914
2.4808e-09	0.0076859
2.48086e-09	0.00768041
2.48092e-09	0.00767492
2.48099e-09	0.00766943
2.48105e-09	0.00766394
2.48112e-09	0.00765846
2.48118e-09	0.00765298
2.48124e-09	0.00764749
2.48131e-09	0.00764202
2.48137e-09	0.00763654
2.48144e-09	0.00763107
2.4815e-09	0.0076256
2.48156e-09	0.00762013
2.48163e-09	0.00761466
2.48169e-09	0.0076092
2.48176e-09	0.00760374
2.48182e-09	0.00759828
2.48188e-09	0.00759282
2.48195e-09	0.00758737
2.48201e-09	0.00758191
2.48208e-09	0.00757646
2.48214e-09	0.00757101
2.4822e-09	0.00756557
2.48227e-09	0.00756013
2.48233e-09	0.00755468
2.4824e-09	0.00754925
2.48246e-09	0.00754381
2.48252e-09	0.00753837
2.48259e-09	0.00753294
2.48265e-09	0.00752751
2.48272e-09	0.00752209
2.48278e-09	0.00751666
2.48284e-09	0.00751124
2.48291e-09	0.00750582
2.48297e-09	0.0075004
2.48304e-09	0.00749498
2.4831e-09	0.00748957
2.48316e-09	0.00748416
2.48323e-09	0.00747875
2.48329e-09	0.00747334
2.48336e-09	0.00746794
2.48342e-09	0.00746254
2.48348e-09	0.00745714
2.48355e-09	0.00745174
2.48361e-09	0.00744634
2.48368e-09	0.00744095
2.48374e-09	0.00743556
2.4838e-09	0.00743017
2.48387e-09	0.00742479
2.48393e-09	0.0074194
2.484e-09	0.00741402
2.48406e-09	0.00740864
2.48412e-09	0.00740327
2.48419e-09	0.00739789
2.48425e-09	0.00739252
2.48432e-09	0.00738715
2.48438e-09	0.00738178
2.48444e-09	0.00737642
2.48451e-09	0.00737105
2.48457e-09	0.00736569
2.48464e-09	0.00736034
2.4847e-09	0.00735498
2.48476e-09	0.00734963
2.48483e-09	0.00734428
2.48489e-09	0.00733893
2.48496e-09	0.00733358
2.48502e-09	0.00732823
2.48508e-09	0.00732289
2.48515e-09	0.00731755
2.48521e-09	0.00731222
2.48528e-09	0.00730688
2.48534e-09	0.00730155
2.4854e-09	0.00729622
2.48547e-09	0.00729089
2.48553e-09	0.00728556
2.4856e-09	0.00728024
2.48566e-09	0.00727492
2.48572e-09	0.0072696
2.48579e-09	0.00726428
2.48585e-09	0.00725897
2.48592e-09	0.00725366
2.48598e-09	0.00724835
2.48604e-09	0.00724304
2.48611e-09	0.00723773
2.48617e-09	0.00723243
2.48624e-09	0.00722713
2.4863e-09	0.00722183
2.48636e-09	0.00721654
2.48643e-09	0.00721124
2.48649e-09	0.00720595
2.48656e-09	0.00720066
2.48662e-09	0.00719537
2.48668e-09	0.00719009
2.48675e-09	0.00718481
2.48681e-09	0.00717953
2.48688e-09	0.00717425
2.48694e-09	0.00716898
2.487e-09	0.0071637
2.48707e-09	0.00715843
2.48713e-09	0.00715316
2.4872e-09	0.0071479
2.48726e-09	0.00714264
2.48732e-09	0.00713737
2.48739e-09	0.00713212
2.48745e-09	0.00712686
2.48752e-09	0.0071216
2.48758e-09	0.00711635
2.48764e-09	0.0071111
2.48771e-09	0.00710586
2.48777e-09	0.00710061
2.48784e-09	0.00709537
2.4879e-09	0.00709013
2.48796e-09	0.00708489
2.48803e-09	0.00707965
2.48809e-09	0.00707442
2.48816e-09	0.00706919
2.48822e-09	0.00706396
2.48828e-09	0.00705873
2.48835e-09	0.00705351
2.48841e-09	0.00704829
2.48848e-09	0.00704307
2.48854e-09	0.00703785
2.4886e-09	0.00703264
2.48867e-09	0.00702742
2.48873e-09	0.00702221
2.4888e-09	0.00701701
2.48886e-09	0.0070118
2.48892e-09	0.0070066
2.48899e-09	0.0070014
2.48905e-09	0.0069962
2.48912e-09	0.006991
2.48918e-09	0.00698581
2.48925e-09	0.00698062
2.48931e-09	0.00697543
2.48937e-09	0.00697024
2.48944e-09	0.00696506
2.4895e-09	0.00695987
2.48957e-09	0.00695469
2.48963e-09	0.00694952
2.48969e-09	0.00694434
2.48976e-09	0.00693917
2.48982e-09	0.006934
2.48989e-09	0.00692883
2.48995e-09	0.00692366
2.49001e-09	0.0069185
2.49008e-09	0.00691334
2.49014e-09	0.00690818
2.49021e-09	0.00690302
2.49027e-09	0.00689787
2.49033e-09	0.00689271
2.4904e-09	0.00688756
2.49046e-09	0.00688242
2.49053e-09	0.00687727
2.49059e-09	0.00687213
2.49065e-09	0.00686699
2.49072e-09	0.00686185
2.49078e-09	0.00685671
2.49085e-09	0.00685158
2.49091e-09	0.00684645
2.49097e-09	0.00684132
2.49104e-09	0.00683619
2.4911e-09	0.00683107
2.49117e-09	0.00682595
2.49123e-09	0.00682083
2.49129e-09	0.00681571
2.49136e-09	0.0068106
2.49142e-09	0.00680548
2.49149e-09	0.00680037
2.49155e-09	0.00679527
2.49161e-09	0.00679016
2.49168e-09	0.00678506
2.49174e-09	0.00677996
2.49181e-09	0.00677486
2.49187e-09	0.00676976
2.49193e-09	0.00676467
2.492e-09	0.00675958
2.49206e-09	0.00675449
2.49213e-09	0.0067494
2.49219e-09	0.00674431
2.49225e-09	0.00673923
2.49232e-09	0.00673415
2.49238e-09	0.00672907
2.49245e-09	0.006724
2.49251e-09	0.00671893
2.49257e-09	0.00671386
2.49264e-09	0.00670879
2.4927e-09	0.00670372
2.49277e-09	0.00669866
2.49283e-09	0.0066936
2.49289e-09	0.00668854
2.49296e-09	0.00668348
2.49302e-09	0.00667843
2.49309e-09	0.00667337
2.49315e-09	0.00666832
2.49321e-09	0.00666328
2.49328e-09	0.00665823
2.49334e-09	0.00665319
2.49341e-09	0.00664815
2.49347e-09	0.00664311
2.49353e-09	0.00663807
2.4936e-09	0.00663304
2.49366e-09	0.00662801
2.49373e-09	0.00662298
2.49379e-09	0.00661796
2.49385e-09	0.00661293
2.49392e-09	0.00660791
2.49398e-09	0.00660289
2.49405e-09	0.00659787
2.49411e-09	0.00659286
2.49417e-09	0.00658785
2.49424e-09	0.00658284
2.4943e-09	0.00657783
2.49437e-09	0.00657282
2.49443e-09	0.00656782
2.49449e-09	0.00656282
2.49456e-09	0.00655782
2.49462e-09	0.00655282
2.49469e-09	0.00654783
2.49475e-09	0.00654284
2.49481e-09	0.00653785
2.49488e-09	0.00653286
2.49494e-09	0.00652788
2.49501e-09	0.0065229
2.49507e-09	0.00651792
2.49513e-09	0.00651294
2.4952e-09	0.00650796
2.49526e-09	0.00650299
2.49533e-09	0.00649802
2.49539e-09	0.00649305
2.49545e-09	0.00648809
2.49552e-09	0.00648312
2.49558e-09	0.00647816
2.49565e-09	0.0064732
2.49571e-09	0.00646825
2.49577e-09	0.00646329
2.49584e-09	0.00645834
2.4959e-09	0.00645339
2.49597e-09	0.00644845
2.49603e-09	0.0064435
2.49609e-09	0.00643856
2.49616e-09	0.00643362
2.49622e-09	0.00642868
2.49629e-09	0.00642374
2.49635e-09	0.00641881
2.49641e-09	0.00641388
2.49648e-09	0.00640895
2.49654e-09	0.00640403
2.49661e-09	0.0063991
2.49667e-09	0.00639418
2.49673e-09	0.00638926
2.4968e-09	0.00638435
2.49686e-09	0.00637943
2.49693e-09	0.00637452
2.49699e-09	0.00636961
2.49705e-09	0.0063647
2.49712e-09	0.0063598
2.49718e-09	0.00635489
2.49725e-09	0.00634999
2.49731e-09	0.0063451
2.49737e-09	0.0063402
2.49744e-09	0.00633531
2.4975e-09	0.00633041
2.49757e-09	0.00632553
2.49763e-09	0.00632064
2.49769e-09	0.00631576
2.49776e-09	0.00631087
2.49782e-09	0.00630599
2.49789e-09	0.00630112
2.49795e-09	0.00629624
2.49801e-09	0.00629137
2.49808e-09	0.0062865
2.49814e-09	0.00628163
2.49821e-09	0.00627677
2.49827e-09	0.0062719
2.49833e-09	0.00626704
2.4984e-09	0.00626218
2.49846e-09	0.00625733
2.49853e-09	0.00625247
2.49859e-09	0.00624762
2.49865e-09	0.00624277
2.49872e-09	0.00623793
2.49878e-09	0.00623308
2.49885e-09	0.00622824
2.49891e-09	0.0062234
2.49897e-09	0.00621856
2.49904e-09	0.00621373
2.4991e-09	0.0062089
2.49917e-09	0.00620406
2.49923e-09	0.00619924
2.49929e-09	0.00619441
2.49936e-09	0.00618959
2.49942e-09	0.00618477
2.49949e-09	0.00617995
2.49955e-09	0.00617513
2.49961e-09	0.00617032
2.49968e-09	0.0061655
2.49974e-09	0.0061607
2.49981e-09	0.00615589
2.49987e-09	0.00615108
2.49993e-09	0.00614628
2.5e-09	0.00614148
2.50006e-09	0.00613668
2.50013e-09	0.00613189
2.50019e-09	0.00612709
2.50025e-09	0.0061223
2.50032e-09	0.00611752
2.50038e-09	0.00611273
2.50045e-09	0.00610795
2.50051e-09	0.00610316
2.50057e-09	0.00609838
2.50064e-09	0.00609361
2.5007e-09	0.00608883
2.50077e-09	0.00608406
2.50083e-09	0.00607929
2.50089e-09	0.00607452
2.50096e-09	0.00606976
2.50102e-09	0.006065
2.50109e-09	0.00606024
2.50115e-09	0.00605548
2.50121e-09	0.00605072
2.50128e-09	0.00604597
2.50134e-09	0.00604122
2.50141e-09	0.00603647
2.50147e-09	0.00603172
2.50153e-09	0.00602698
2.5016e-09	0.00602224
2.50166e-09	0.0060175
2.50173e-09	0.00601276
2.50179e-09	0.00600802
2.50185e-09	0.00600329
2.50192e-09	0.00599856
2.50198e-09	0.00599383
2.50205e-09	0.00598911
2.50211e-09	0.00598439
2.50217e-09	0.00597966
2.50224e-09	0.00597495
2.5023e-09	0.00597023
2.50237e-09	0.00596552
2.50243e-09	0.0059608
2.50249e-09	0.0059561
2.50256e-09	0.00595139
2.50262e-09	0.00594668
2.50269e-09	0.00594198
2.50275e-09	0.00593728
2.50281e-09	0.00593258
2.50288e-09	0.00592789
2.50294e-09	0.0059232
2.50301e-09	0.00591851
2.50307e-09	0.00591382
2.50313e-09	0.00590913
2.5032e-09	0.00590445
2.50326e-09	0.00589977
2.50333e-09	0.00589509
2.50339e-09	0.00589041
2.50345e-09	0.00588574
2.50352e-09	0.00588107
2.50358e-09	0.0058764
2.50365e-09	0.00587173
2.50371e-09	0.00586706
2.50377e-09	0.0058624
2.50384e-09	0.00585774
2.5039e-09	0.00585308
2.50397e-09	0.00584843
2.50403e-09	0.00584377
2.50409e-09	0.00583912
2.50416e-09	0.00583447
2.50422e-09	0.00582983
2.50429e-09	0.00582518
2.50435e-09	0.00582054
2.50441e-09	0.0058159
2.50448e-09	0.00581127
2.50454e-09	0.00580663
2.50461e-09	0.005802
2.50467e-09	0.00579737
2.50473e-09	0.00579274
2.5048e-09	0.00578812
2.50486e-09	0.00578349
2.50493e-09	0.00577887
2.50499e-09	0.00577425
2.50505e-09	0.00576964
2.50512e-09	0.00576502
2.50518e-09	0.00576041
2.50525e-09	0.0057558
2.50531e-09	0.0057512
2.50537e-09	0.00574659
2.50544e-09	0.00574199
2.5055e-09	0.00573739
2.50557e-09	0.00573279
2.50563e-09	0.0057282
2.50569e-09	0.0057236
2.50576e-09	0.00571901
2.50582e-09	0.00571443
2.50589e-09	0.00570984
2.50595e-09	0.00570526
2.50601e-09	0.00570068
2.50608e-09	0.0056961
2.50614e-09	0.00569152
2.50621e-09	0.00568695
2.50627e-09	0.00568237
2.50633e-09	0.0056778
2.5064e-09	0.00567324
2.50646e-09	0.00566867
2.50653e-09	0.00566411
2.50659e-09	0.00565955
2.50666e-09	0.00565499
2.50672e-09	0.00565044
2.50678e-09	0.00564588
2.50685e-09	0.00564133
2.50691e-09	0.00563678
2.50698e-09	0.00563224
2.50704e-09	0.00562769
2.5071e-09	0.00562315
2.50717e-09	0.00561861
2.50723e-09	0.00561407
2.5073e-09	0.00560954
2.50736e-09	0.00560501
2.50742e-09	0.00560048
2.50749e-09	0.00559595
2.50755e-09	0.00559142
2.50762e-09	0.0055869
2.50768e-09	0.00558238
2.50774e-09	0.00557786
2.50781e-09	0.00557334
2.50787e-09	0.00556883
2.50794e-09	0.00556432
2.508e-09	0.00555981
2.50806e-09	0.0055553
2.50813e-09	0.0055508
2.50819e-09	0.0055463
2.50826e-09	0.0055418
2.50832e-09	0.0055373
2.50838e-09	0.0055328
2.50845e-09	0.00552831
2.50851e-09	0.00552382
2.50858e-09	0.00551933
2.50864e-09	0.00551485
2.5087e-09	0.00551036
2.50877e-09	0.00550588
2.50883e-09	0.0055014
2.5089e-09	0.00549692
2.50896e-09	0.00549245
2.50902e-09	0.00548798
2.50909e-09	0.00548351
2.50915e-09	0.00547904
2.50922e-09	0.00547457
2.50928e-09	0.00547011
2.50934e-09	0.00546565
2.50941e-09	0.00546119
2.50947e-09	0.00545674
2.50954e-09	0.00545228
2.5096e-09	0.00544783
2.50966e-09	0.00544338
2.50973e-09	0.00543894
2.50979e-09	0.00543449
2.50986e-09	0.00543005
2.50992e-09	0.00542561
2.50998e-09	0.00542117
2.51005e-09	0.00541674
2.51011e-09	0.0054123
2.51018e-09	0.00540787
2.51024e-09	0.00540345
2.5103e-09	0.00539902
2.51037e-09	0.0053946
2.51043e-09	0.00539018
2.5105e-09	0.00538576
2.51056e-09	0.00538134
2.51062e-09	0.00537693
2.51069e-09	0.00537251
2.51075e-09	0.0053681
2.51082e-09	0.0053637
2.51088e-09	0.00535929
2.51094e-09	0.00535489
2.51101e-09	0.00535049
2.51107e-09	0.00534609
2.51114e-09	0.00534169
2.5112e-09	0.0053373
2.51126e-09	0.00533291
2.51133e-09	0.00532852
2.51139e-09	0.00532413
2.51146e-09	0.00531975
2.51152e-09	0.00531537
2.51158e-09	0.00531099
2.51165e-09	0.00530661
2.51171e-09	0.00530223
2.51178e-09	0.00529786
2.51184e-09	0.00529349
2.5119e-09	0.00528912
2.51197e-09	0.00528476
2.51203e-09	0.00528039
2.5121e-09	0.00527603
2.51216e-09	0.00527167
2.51222e-09	0.00526732
2.51229e-09	0.00526296
2.51235e-09	0.00525861
2.51242e-09	0.00525426
2.51248e-09	0.00524991
2.51254e-09	0.00524557
2.51261e-09	0.00524123
2.51267e-09	0.00523688
2.51274e-09	0.00523255
2.5128e-09	0.00522821
2.51286e-09	0.00522388
2.51293e-09	0.00521955
2.51299e-09	0.00521522
2.51306e-09	0.00521089
2.51312e-09	0.00520656
2.51318e-09	0.00520224
2.51325e-09	0.00519792
2.51331e-09	0.00519361
2.51338e-09	0.00518929
2.51344e-09	0.00518498
2.5135e-09	0.00518067
2.51357e-09	0.00517636
2.51363e-09	0.00517205
2.5137e-09	0.00516775
2.51376e-09	0.00516345
2.51382e-09	0.00515915
2.51389e-09	0.00515485
2.51395e-09	0.00515056
2.51402e-09	0.00514626
2.51408e-09	0.00514197
2.51414e-09	0.00513769
2.51421e-09	0.0051334
2.51427e-09	0.00512912
2.51434e-09	0.00512484
2.5144e-09	0.00512056
2.51446e-09	0.00511628
2.51453e-09	0.00511201
2.51459e-09	0.00510774
2.51466e-09	0.00510347
2.51472e-09	0.0050992
2.51478e-09	0.00509494
2.51485e-09	0.00509067
2.51491e-09	0.00508641
2.51498e-09	0.00508216
2.51504e-09	0.0050779
2.5151e-09	0.00507365
2.51517e-09	0.0050694
2.51523e-09	0.00506515
2.5153e-09	0.0050609
2.51536e-09	0.00505666
2.51542e-09	0.00505242
2.51549e-09	0.00504818
2.51555e-09	0.00504394
2.51562e-09	0.0050397
2.51568e-09	0.00503547
2.51574e-09	0.00503124
2.51581e-09	0.00502701
2.51587e-09	0.00502279
2.51594e-09	0.00501856
2.516e-09	0.00501434
2.51606e-09	0.00501012
2.51613e-09	0.00500591
2.51619e-09	0.00500169
2.51626e-09	0.00499748
2.51632e-09	0.00499327
2.51638e-09	0.00498906
2.51645e-09	0.00498486
2.51651e-09	0.00498066
2.51658e-09	0.00497645
2.51664e-09	0.00497226
2.5167e-09	0.00496806
2.51677e-09	0.00496387
2.51683e-09	0.00495968
2.5169e-09	0.00495549
2.51696e-09	0.0049513
2.51702e-09	0.00494711
2.51709e-09	0.00494293
2.51715e-09	0.00493875
2.51722e-09	0.00493457
2.51728e-09	0.0049304
2.51734e-09	0.00492623
2.51741e-09	0.00492205
2.51747e-09	0.00491789
2.51754e-09	0.00491372
2.5176e-09	0.00490956
2.51766e-09	0.00490539
2.51773e-09	0.00490123
2.51779e-09	0.00489708
2.51786e-09	0.00489292
2.51792e-09	0.00488877
2.51798e-09	0.00488462
2.51805e-09	0.00488047
2.51811e-09	0.00487632
2.51818e-09	0.00487218
2.51824e-09	0.00486804
2.5183e-09	0.0048639
2.51837e-09	0.00485976
2.51843e-09	0.00485563
2.5185e-09	0.0048515
2.51856e-09	0.00484737
2.51862e-09	0.00484324
2.51869e-09	0.00483911
2.51875e-09	0.00483499
2.51882e-09	0.00483087
2.51888e-09	0.00482675
2.51894e-09	0.00482264
2.51901e-09	0.00481852
2.51907e-09	0.00481441
2.51914e-09	0.0048103
2.5192e-09	0.00480619
2.51926e-09	0.00480209
2.51933e-09	0.00479799
2.51939e-09	0.00479389
2.51946e-09	0.00478979
2.51952e-09	0.00478569
2.51958e-09	0.0047816
2.51965e-09	0.00477751
2.51971e-09	0.00477342
2.51978e-09	0.00476933
2.51984e-09	0.00476525
2.5199e-09	0.00476116
2.51997e-09	0.00475708
2.52003e-09	0.00475301
2.5201e-09	0.00474893
2.52016e-09	0.00474486
2.52022e-09	0.00474079
2.52029e-09	0.00473672
2.52035e-09	0.00473265
2.52042e-09	0.00472859
2.52048e-09	0.00472453
2.52054e-09	0.00472047
2.52061e-09	0.00471641
2.52067e-09	0.00471235
2.52074e-09	0.0047083
2.5208e-09	0.00470425
2.52086e-09	0.0047002
2.52093e-09	0.00469616
2.52099e-09	0.00469211
2.52106e-09	0.00468807
2.52112e-09	0.00468403
2.52118e-09	0.00468
2.52125e-09	0.00467596
2.52131e-09	0.00467193
2.52138e-09	0.0046679
2.52144e-09	0.00466387
2.5215e-09	0.00465985
2.52157e-09	0.00465582
2.52163e-09	0.0046518
2.5217e-09	0.00464778
2.52176e-09	0.00464377
2.52182e-09	0.00463975
2.52189e-09	0.00463574
2.52195e-09	0.00463173
2.52202e-09	0.00462772
2.52208e-09	0.00462372
2.52214e-09	0.00461971
2.52221e-09	0.00461571
2.52227e-09	0.00461171
2.52234e-09	0.00460772
2.5224e-09	0.00460372
2.52246e-09	0.00459973
2.52253e-09	0.00459574
2.52259e-09	0.00459175
2.52266e-09	0.00458777
2.52272e-09	0.00458379
2.52278e-09	0.00457981
2.52285e-09	0.00457583
2.52291e-09	0.00457185
2.52298e-09	0.00456788
2.52304e-09	0.00456391
2.5231e-09	0.00455994
2.52317e-09	0.00455597
2.52323e-09	0.00455201
2.5233e-09	0.00454804
2.52336e-09	0.00454408
2.52342e-09	0.00454012
2.52349e-09	0.00453617
2.52355e-09	0.00453222
2.52362e-09	0.00452826
2.52368e-09	0.00452432
2.52374e-09	0.00452037
2.52381e-09	0.00451642
2.52387e-09	0.00451248
2.52394e-09	0.00450854
2.524e-09	0.0045046
2.52407e-09	0.00450067
2.52413e-09	0.00449673
2.52419e-09	0.0044928
2.52426e-09	0.00448887
2.52432e-09	0.00448495
2.52439e-09	0.00448102
2.52445e-09	0.0044771
2.52451e-09	0.00447318
2.52458e-09	0.00446926
2.52464e-09	0.00446535
2.52471e-09	0.00446144
2.52477e-09	0.00445752
2.52483e-09	0.00445362
2.5249e-09	0.00444971
2.52496e-09	0.0044458
2.52503e-09	0.0044419
2.52509e-09	0.004438
2.52515e-09	0.00443411
2.52522e-09	0.00443021
2.52528e-09	0.00442632
2.52535e-09	0.00442243
2.52541e-09	0.00441854
2.52547e-09	0.00441465
2.52554e-09	0.00441077
2.5256e-09	0.00440689
2.52567e-09	0.00440301
2.52573e-09	0.00439913
2.52579e-09	0.00439525
2.52586e-09	0.00439138
2.52592e-09	0.00438751
2.52599e-09	0.00438364
2.52605e-09	0.00437977
2.52611e-09	0.00437591
2.52618e-09	0.00437205
2.52624e-09	0.00436819
2.52631e-09	0.00436433
2.52637e-09	0.00436048
2.52643e-09	0.00435662
2.5265e-09	0.00435277
2.52656e-09	0.00434892
2.52663e-09	0.00434508
2.52669e-09	0.00434123
2.52675e-09	0.00433739
2.52682e-09	0.00433355
2.52688e-09	0.00432972
2.52695e-09	0.00432588
2.52701e-09	0.00432205
2.52707e-09	0.00431822
2.52714e-09	0.00431439
2.5272e-09	0.00431056
2.52727e-09	0.00430674
2.52733e-09	0.00430292
2.52739e-09	0.0042991
2.52746e-09	0.00429528
2.52752e-09	0.00429147
2.52759e-09	0.00428765
2.52765e-09	0.00428384
2.52771e-09	0.00428003
2.52778e-09	0.00427623
2.52784e-09	0.00427242
2.52791e-09	0.00426862
2.52797e-09	0.00426482
2.52803e-09	0.00426102
2.5281e-09	0.00425723
2.52816e-09	0.00425344
2.52823e-09	0.00424965
2.52829e-09	0.00424586
2.52835e-09	0.00424207
2.52842e-09	0.00423829
2.52848e-09	0.0042345
2.52855e-09	0.00423073
2.52861e-09	0.00422695
2.52867e-09	0.00422317
2.52874e-09	0.0042194
2.5288e-09	0.00421563
2.52887e-09	0.00421186
2.52893e-09	0.00420809
2.52899e-09	0.00420433
2.52906e-09	0.00420057
2.52912e-09	0.00419681
2.52919e-09	0.00419305
2.52925e-09	0.0041893
2.52931e-09	0.00418554
2.52938e-09	0.00418179
2.52944e-09	0.00417804
2.52951e-09	0.0041743
2.52957e-09	0.00417055
2.52963e-09	0.00416681
2.5297e-09	0.00416307
2.52976e-09	0.00415933
2.52983e-09	0.0041556
2.52989e-09	0.00415186
2.52995e-09	0.00414813
2.53002e-09	0.0041444
2.53008e-09	0.00414068
2.53015e-09	0.00413695
2.53021e-09	0.00413323
2.53027e-09	0.00412951
2.53034e-09	0.00412579
2.5304e-09	0.00412208
2.53047e-09	0.00411836
2.53053e-09	0.00411465
2.53059e-09	0.00411094
2.53066e-09	0.00410724
2.53072e-09	0.00410353
2.53079e-09	0.00409983
2.53085e-09	0.00409613
2.53091e-09	0.00409243
2.53098e-09	0.00408873
2.53104e-09	0.00408504
2.53111e-09	0.00408135
2.53117e-09	0.00407766
2.53123e-09	0.00407397
2.5313e-09	0.00407029
2.53136e-09	0.00406661
2.53143e-09	0.00406292
2.53149e-09	0.00405925
2.53155e-09	0.00405557
2.53162e-09	0.0040519
2.53168e-09	0.00404822
2.53175e-09	0.00404456
2.53181e-09	0.00404089
2.53187e-09	0.00403722
2.53194e-09	0.00403356
2.532e-09	0.0040299
2.53207e-09	0.00402624
2.53213e-09	0.00402258
2.53219e-09	0.00401893
2.53226e-09	0.00401528
2.53232e-09	0.00401163
2.53239e-09	0.00400798
2.53245e-09	0.00400433
2.53251e-09	0.00400069
2.53258e-09	0.00399705
2.53264e-09	0.00399341
2.53271e-09	0.00398977
2.53277e-09	0.00398614
2.53283e-09	0.00398251
2.5329e-09	0.00397888
2.53296e-09	0.00397525
2.53303e-09	0.00397162
2.53309e-09	0.003968
2.53315e-09	0.00396438
2.53322e-09	0.00396076
2.53328e-09	0.00395714
2.53335e-09	0.00395353
2.53341e-09	0.00394991
2.53347e-09	0.0039463
2.53354e-09	0.00394269
2.5336e-09	0.00393909
2.53367e-09	0.00393548
2.53373e-09	0.00393188
2.53379e-09	0.00392828
2.53386e-09	0.00392468
2.53392e-09	0.00392109
2.53399e-09	0.00391749
2.53405e-09	0.0039139
2.53411e-09	0.00391031
2.53418e-09	0.00390673
2.53424e-09	0.00390314
2.53431e-09	0.00389956
2.53437e-09	0.00389598
2.53443e-09	0.0038924
2.5345e-09	0.00388883
2.53456e-09	0.00388525
2.53463e-09	0.00388168
2.53469e-09	0.00387811
2.53475e-09	0.00387454
2.53482e-09	0.00387098
2.53488e-09	0.00386742
2.53495e-09	0.00386386
2.53501e-09	0.0038603
2.53507e-09	0.00385674
2.53514e-09	0.00385319
2.5352e-09	0.00384963
2.53527e-09	0.00384608
2.53533e-09	0.00384254
2.53539e-09	0.00383899
2.53546e-09	0.00383545
2.53552e-09	0.00383191
2.53559e-09	0.00382837
2.53565e-09	0.00382483
2.53571e-09	0.00382129
2.53578e-09	0.00381776
2.53584e-09	0.00381423
2.53591e-09	0.0038107
2.53597e-09	0.00380718
2.53603e-09	0.00380365
2.5361e-09	0.00380013
2.53616e-09	0.00379661
2.53623e-09	0.00379309
2.53629e-09	0.00378958
2.53635e-09	0.00378606
2.53642e-09	0.00378255
2.53648e-09	0.00377904
2.53655e-09	0.00377554
2.53661e-09	0.00377203
2.53667e-09	0.00376853
2.53674e-09	0.00376503
2.5368e-09	0.00376153
2.53687e-09	0.00375803
2.53693e-09	0.00375454
2.53699e-09	0.00375105
2.53706e-09	0.00374756
2.53712e-09	0.00374407
2.53719e-09	0.00374059
2.53725e-09	0.0037371
2.53731e-09	0.00373362
2.53738e-09	0.00373014
2.53744e-09	0.00372667
2.53751e-09	0.00372319
2.53757e-09	0.00371972
2.53763e-09	0.00371625
2.5377e-09	0.00371278
2.53776e-09	0.00370931
2.53783e-09	0.00370585
2.53789e-09	0.00370239
2.53795e-09	0.00369893
2.53802e-09	0.00369547
2.53808e-09	0.00369202
2.53815e-09	0.00368856
2.53821e-09	0.00368511
2.53827e-09	0.00368166
2.53834e-09	0.00367822
2.5384e-09	0.00367477
2.53847e-09	0.00367133
2.53853e-09	0.00366789
2.53859e-09	0.00366445
2.53866e-09	0.00366101
2.53872e-09	0.00365758
2.53879e-09	0.00365415
2.53885e-09	0.00365072
2.53891e-09	0.00364729
2.53898e-09	0.00364386
2.53904e-09	0.00364044
2.53911e-09	0.00363702
2.53917e-09	0.0036336
2.53923e-09	0.00363018
2.5393e-09	0.00362677
2.53936e-09	0.00362335
2.53943e-09	0.00361994
2.53949e-09	0.00361654
2.53955e-09	0.00361313
2.53962e-09	0.00360972
2.53968e-09	0.00360632
2.53975e-09	0.00360292
2.53981e-09	0.00359952
2.53987e-09	0.00359613
2.53994e-09	0.00359273
2.54e-09	0.00358934
2.54007e-09	0.00358595
2.54013e-09	0.00358257
2.54019e-09	0.00357918
2.54026e-09	0.0035758
2.54032e-09	0.00357242
2.54039e-09	0.00356904
2.54045e-09	0.00356566
2.54051e-09	0.00356229
2.54058e-09	0.00355891
2.54064e-09	0.00355554
2.54071e-09	0.00355218
2.54077e-09	0.00354881
2.54083e-09	0.00354545
2.5409e-09	0.00354208
2.54096e-09	0.00353872
2.54103e-09	0.00353537
2.54109e-09	0.00353201
2.54115e-09	0.00352866
2.54122e-09	0.00352531
2.54128e-09	0.00352196
2.54135e-09	0.00351861
2.54141e-09	0.00351526
2.54148e-09	0.00351192
2.54154e-09	0.00350858
2.5416e-09	0.00350524
2.54167e-09	0.0035019
2.54173e-09	0.00349857
2.5418e-09	0.00349524
2.54186e-09	0.00349191
2.54192e-09	0.00348858
2.54199e-09	0.00348525
2.54205e-09	0.00348193
2.54212e-09	0.00347861
2.54218e-09	0.00347529
2.54224e-09	0.00347197
2.54231e-09	0.00346865
2.54237e-09	0.00346534
2.54244e-09	0.00346203
2.5425e-09	0.00345872
2.54256e-09	0.00345541
2.54263e-09	0.00345211
2.54269e-09	0.0034488
2.54276e-09	0.0034455
2.54282e-09	0.0034422
2.54288e-09	0.00343891
2.54295e-09	0.00343561
2.54301e-09	0.00343232
2.54308e-09	0.00342903
2.54314e-09	0.00342574
2.5432e-09	0.00342245
2.54327e-09	0.00341917
2.54333e-09	0.00341589
2.5434e-09	0.00341261
2.54346e-09	0.00340933
2.54352e-09	0.00340605
2.54359e-09	0.00340278
2.54365e-09	0.00339951
2.54372e-09	0.00339624
2.54378e-09	0.00339297
2.54384e-09	0.00338971
2.54391e-09	0.00338644
2.54397e-09	0.00338318
2.54404e-09	0.00337992
2.5441e-09	0.00337667
2.54416e-09	0.00337341
2.54423e-09	0.00337016
2.54429e-09	0.00336691
2.54436e-09	0.00336366
2.54442e-09	0.00336041
2.54448e-09	0.00335717
2.54455e-09	0.00335392
2.54461e-09	0.00335068
2.54468e-09	0.00334744
2.54474e-09	0.00334421
2.5448e-09	0.00334097
2.54487e-09	0.00333774
2.54493e-09	0.00333451
2.545e-09	0.00333128
2.54506e-09	0.00332806
2.54512e-09	0.00332483
2.54519e-09	0.00332161
2.54525e-09	0.00331839
2.54532e-09	0.00331517
2.54538e-09	0.00331196
2.54544e-09	0.00330875
2.54551e-09	0.00330553
2.54557e-09	0.00330232
2.54564e-09	0.00329912
2.5457e-09	0.00329591
2.54576e-09	0.00329271
2.54583e-09	0.00328951
2.54589e-09	0.00328631
2.54596e-09	0.00328311
2.54602e-09	0.00327992
2.54608e-09	0.00327672
2.54615e-09	0.00327353
2.54621e-09	0.00327034
2.54628e-09	0.00326716
2.54634e-09	0.00326397
2.5464e-09	0.00326079
2.54647e-09	0.00325761
2.54653e-09	0.00325443
2.5466e-09	0.00325126
2.54666e-09	0.00324808
2.54672e-09	0.00324491
2.54679e-09	0.00324174
2.54685e-09	0.00323857
2.54692e-09	0.0032354
2.54698e-09	0.00323224
2.54704e-09	0.00322908
2.54711e-09	0.00322592
2.54717e-09	0.00322276
2.54724e-09	0.0032196
2.5473e-09	0.00321645
2.54736e-09	0.0032133
2.54743e-09	0.00321015
2.54749e-09	0.003207
2.54756e-09	0.00320386
2.54762e-09	0.00320071
2.54768e-09	0.00319757
2.54775e-09	0.00319443
2.54781e-09	0.00319129
2.54788e-09	0.00318816
2.54794e-09	0.00318503
2.548e-09	0.00318189
2.54807e-09	0.00317877
2.54813e-09	0.00317564
2.5482e-09	0.00317251
2.54826e-09	0.00316939
2.54832e-09	0.00316627
2.54839e-09	0.00316315
2.54845e-09	0.00316003
2.54852e-09	0.00315692
2.54858e-09	0.00315381
2.54864e-09	0.00315069
2.54871e-09	0.00314759
2.54877e-09	0.00314448
2.54884e-09	0.00314137
2.5489e-09	0.00313827
2.54896e-09	0.00313517
2.54903e-09	0.00313207
2.54909e-09	0.00312898
2.54916e-09	0.00312588
2.54922e-09	0.00312279
2.54928e-09	0.0031197
2.54935e-09	0.00311661
2.54941e-09	0.00311352
2.54948e-09	0.00311044
2.54954e-09	0.00310736
2.5496e-09	0.00310428
2.54967e-09	0.0031012
2.54973e-09	0.00309812
2.5498e-09	0.00309505
2.54986e-09	0.00309198
2.54992e-09	0.00308891
2.54999e-09	0.00308584
2.55005e-09	0.00308277
2.55012e-09	0.00307971
2.55018e-09	0.00307664
2.55024e-09	0.00307358
2.55031e-09	0.00307053
2.55037e-09	0.00306747
2.55044e-09	0.00306442
2.5505e-09	0.00306136
2.55056e-09	0.00305831
2.55063e-09	0.00305527
2.55069e-09	0.00305222
2.55076e-09	0.00304918
2.55082e-09	0.00304613
2.55088e-09	0.00304309
2.55095e-09	0.00304006
2.55101e-09	0.00303702
2.55108e-09	0.00303399
2.55114e-09	0.00303096
2.5512e-09	0.00302793
2.55127e-09	0.0030249
2.55133e-09	0.00302187
2.5514e-09	0.00301885
2.55146e-09	0.00301583
2.55152e-09	0.00301281
2.55159e-09	0.00300979
2.55165e-09	0.00300677
2.55172e-09	0.00300376
2.55178e-09	0.00300075
2.55184e-09	0.00299774
2.55191e-09	0.00299473
2.55197e-09	0.00299172
2.55204e-09	0.00298872
2.5521e-09	0.00298572
2.55216e-09	0.00298272
2.55223e-09	0.00297972
2.55229e-09	0.00297673
2.55236e-09	0.00297373
2.55242e-09	0.00297074
2.55248e-09	0.00296775
2.55255e-09	0.00296476
2.55261e-09	0.00296178
2.55268e-09	0.00295879
2.55274e-09	0.00295581
2.5528e-09	0.00295283
2.55287e-09	0.00294985
2.55293e-09	0.00294688
2.553e-09	0.00294391
2.55306e-09	0.00294093
2.55312e-09	0.00293796
2.55319e-09	0.002935
2.55325e-09	0.00293203
2.55332e-09	0.00292907
2.55338e-09	0.0029261
2.55344e-09	0.00292314
2.55351e-09	0.00292019
2.55357e-09	0.00291723
2.55364e-09	0.00291428
2.5537e-09	0.00291133
2.55376e-09	0.00290838
2.55383e-09	0.00290543
2.55389e-09	0.00290248
2.55396e-09	0.00289954
2.55402e-09	0.0028966
2.55408e-09	0.00289366
2.55415e-09	0.00289072
2.55421e-09	0.00288778
2.55428e-09	0.00288485
2.55434e-09	0.00288192
2.5544e-09	0.00287899
2.55447e-09	0.00287606
2.55453e-09	0.00287313
2.5546e-09	0.00287021
2.55466e-09	0.00286729
2.55472e-09	0.00286437
2.55479e-09	0.00286145
2.55485e-09	0.00285853
2.55492e-09	0.00285562
2.55498e-09	0.00285271
2.55504e-09	0.00284979
2.55511e-09	0.00284689
2.55517e-09	0.00284398
2.55524e-09	0.00284108
2.5553e-09	0.00283817
2.55536e-09	0.00283527
2.55543e-09	0.00283237
2.55549e-09	0.00282948
2.55556e-09	0.00282658
2.55562e-09	0.00282369
2.55568e-09	0.0028208
2.55575e-09	0.00281791
2.55581e-09	0.00281503
2.55588e-09	0.00281214
2.55594e-09	0.00280926
2.556e-09	0.00280638
2.55607e-09	0.0028035
2.55613e-09	0.00280062
2.5562e-09	0.00279775
2.55626e-09	0.00279487
2.55632e-09	0.002792
2.55639e-09	0.00278913
2.55645e-09	0.00278627
2.55652e-09	0.0027834
2.55658e-09	0.00278054
2.55664e-09	0.00277768
2.55671e-09	0.00277482
2.55677e-09	0.00277196
2.55684e-09	0.00276911
2.5569e-09	0.00276625
2.55696e-09	0.0027634
2.55703e-09	0.00276055
2.55709e-09	0.0027577
2.55716e-09	0.00275486
2.55722e-09	0.00275201
2.55728e-09	0.00274917
2.55735e-09	0.00274633
2.55741e-09	0.0027435
2.55748e-09	0.00274066
2.55754e-09	0.00273783
2.5576e-09	0.00273499
2.55767e-09	0.00273216
2.55773e-09	0.00272934
2.5578e-09	0.00272651
2.55786e-09	0.00272369
2.55792e-09	0.00272086
2.55799e-09	0.00271804
2.55805e-09	0.00271523
2.55812e-09	0.00271241
2.55818e-09	0.00270959
2.55824e-09	0.00270678
2.55831e-09	0.00270397
2.55837e-09	0.00270116
2.55844e-09	0.00269836
2.5585e-09	0.00269555
2.55856e-09	0.00269275
2.55863e-09	0.00268995
2.55869e-09	0.00268715
2.55876e-09	0.00268435
2.55882e-09	0.00268156
2.55888e-09	0.00267876
2.55895e-09	0.00267597
2.55901e-09	0.00267318
2.55908e-09	0.0026704
2.55914e-09	0.00266761
2.55921e-09	0.00266483
2.55927e-09	0.00266205
2.55933e-09	0.00265927
2.5594e-09	0.00265649
2.55946e-09	0.00265371
2.55953e-09	0.00265094
2.55959e-09	0.00264817
2.55965e-09	0.0026454
2.55972e-09	0.00264263
2.55978e-09	0.00263986
2.55985e-09	0.0026371
2.55991e-09	0.00263434
2.55997e-09	0.00263158
2.56004e-09	0.00262882
2.5601e-09	0.00262606
2.56017e-09	0.00262331
2.56023e-09	0.00262055
2.56029e-09	0.0026178
2.56036e-09	0.00261505
2.56042e-09	0.00261231
2.56049e-09	0.00260956
2.56055e-09	0.00260682
2.56061e-09	0.00260408
2.56068e-09	0.00260134
2.56074e-09	0.0025986
2.56081e-09	0.00259586
2.56087e-09	0.00259313
2.56093e-09	0.0025904
2.561e-09	0.00258767
2.56106e-09	0.00258494
2.56113e-09	0.00258222
2.56119e-09	0.00257949
2.56125e-09	0.00257677
2.56132e-09	0.00257405
2.56138e-09	0.00257133
2.56145e-09	0.00256861
2.56151e-09	0.0025659
2.56157e-09	0.00256319
2.56164e-09	0.00256048
2.5617e-09	0.00255777
2.56177e-09	0.00255506
2.56183e-09	0.00255236
2.56189e-09	0.00254965
2.56196e-09	0.00254695
2.56202e-09	0.00254425
2.56209e-09	0.00254155
2.56215e-09	0.00253886
2.56221e-09	0.00253616
2.56228e-09	0.00253347
2.56234e-09	0.00253078
2.56241e-09	0.0025281
2.56247e-09	0.00252541
2.56253e-09	0.00252272
2.5626e-09	0.00252004
2.56266e-09	0.00251736
2.56273e-09	0.00251468
2.56279e-09	0.00251201
2.56285e-09	0.00250933
2.56292e-09	0.00250666
2.56298e-09	0.00250399
2.56305e-09	0.00250132
2.56311e-09	0.00249865
2.56317e-09	0.00249599
2.56324e-09	0.00249332
2.5633e-09	0.00249066
2.56337e-09	0.002488
2.56343e-09	0.00248534
2.56349e-09	0.00248269
2.56356e-09	0.00248003
2.56362e-09	0.00247738
2.56369e-09	0.00247473
2.56375e-09	0.00247208
2.56381e-09	0.00246944
2.56388e-09	0.00246679
2.56394e-09	0.00246415
2.56401e-09	0.00246151
2.56407e-09	0.00245887
2.56413e-09	0.00245623
2.5642e-09	0.0024536
2.56426e-09	0.00245096
2.56433e-09	0.00244833
2.56439e-09	0.0024457
2.56445e-09	0.00244308
2.56452e-09	0.00244045
2.56458e-09	0.00243783
2.56465e-09	0.0024352
2.56471e-09	0.00243258
2.56477e-09	0.00242996
2.56484e-09	0.00242735
2.5649e-09	0.00242473
2.56497e-09	0.00242212
2.56503e-09	0.00241951
2.56509e-09	0.0024169
2.56516e-09	0.00241429
2.56522e-09	0.00241169
2.56529e-09	0.00240908
2.56535e-09	0.00240648
2.56541e-09	0.00240388
2.56548e-09	0.00240128
2.56554e-09	0.00239869
2.56561e-09	0.00239609
2.56567e-09	0.0023935
2.56573e-09	0.00239091
2.5658e-09	0.00238832
2.56586e-09	0.00238574
2.56593e-09	0.00238315
2.56599e-09	0.00238057
2.56605e-09	0.00237799
2.56612e-09	0.00237541
2.56618e-09	0.00237283
2.56625e-09	0.00237025
2.56631e-09	0.00236768
2.56637e-09	0.00236511
2.56644e-09	0.00236254
2.5665e-09	0.00235997
2.56657e-09	0.0023574
2.56663e-09	0.00235484
2.56669e-09	0.00235228
2.56676e-09	0.00234971
2.56682e-09	0.00234716
2.56689e-09	0.0023446
2.56695e-09	0.00234204
2.56701e-09	0.00233949
2.56708e-09	0.00233694
2.56714e-09	0.00233439
2.56721e-09	0.00233184
2.56727e-09	0.00232929
2.56733e-09	0.00232675
2.5674e-09	0.00232421
2.56746e-09	0.00232167
2.56753e-09	0.00231913
2.56759e-09	0.00231659
2.56765e-09	0.00231406
2.56772e-09	0.00231152
2.56778e-09	0.00230899
2.56785e-09	0.00230646
2.56791e-09	0.00230393
2.56797e-09	0.00230141
2.56804e-09	0.00229888
2.5681e-09	0.00229636
2.56817e-09	0.00229384
2.56823e-09	0.00229132
2.56829e-09	0.0022888
2.56836e-09	0.00228629
2.56842e-09	0.00228378
2.56849e-09	0.00228126
2.56855e-09	0.00227875
2.56861e-09	0.00227625
2.56868e-09	0.00227374
2.56874e-09	0.00227124
2.56881e-09	0.00226873
2.56887e-09	0.00226623
2.56893e-09	0.00226374
2.569e-09	0.00226124
2.56906e-09	0.00225874
2.56913e-09	0.00225625
2.56919e-09	0.00225376
2.56925e-09	0.00225127
2.56932e-09	0.00224878
2.56938e-09	0.0022463
2.56945e-09	0.00224381
2.56951e-09	0.00224133
2.56957e-09	0.00223885
2.56964e-09	0.00223637
2.5697e-09	0.00223389
2.56977e-09	0.00223142
2.56983e-09	0.00222895
2.56989e-09	0.00222647
2.56996e-09	0.002224
2.57002e-09	0.00222154
2.57009e-09	0.00221907
2.57015e-09	0.00221661
2.57021e-09	0.00221414
2.57028e-09	0.00221168
2.57034e-09	0.00220922
2.57041e-09	0.00220677
2.57047e-09	0.00220431
2.57053e-09	0.00220186
2.5706e-09	0.00219941
2.57066e-09	0.00219696
2.57073e-09	0.00219451
2.57079e-09	0.00219206
2.57085e-09	0.00218962
2.57092e-09	0.00218718
2.57098e-09	0.00218473
2.57105e-09	0.0021823
2.57111e-09	0.00217986
2.57117e-09	0.00217742
2.57124e-09	0.00217499
2.5713e-09	0.00217256
2.57137e-09	0.00217013
2.57143e-09	0.0021677
2.57149e-09	0.00216527
2.57156e-09	0.00216285
2.57162e-09	0.00216043
2.57169e-09	0.002158
2.57175e-09	0.00215558
2.57181e-09	0.00215317
2.57188e-09	0.00215075
2.57194e-09	0.00214834
2.57201e-09	0.00214593
2.57207e-09	0.00214351
2.57213e-09	0.00214111
2.5722e-09	0.0021387
2.57226e-09	0.00213629
2.57233e-09	0.00213389
2.57239e-09	0.00213149
2.57245e-09	0.00212909
2.57252e-09	0.00212669
2.57258e-09	0.0021243
2.57265e-09	0.0021219
2.57271e-09	0.00211951
2.57277e-09	0.00211712
2.57284e-09	0.00211473
2.5729e-09	0.00211234
2.57297e-09	0.00210996
2.57303e-09	0.00210757
2.57309e-09	0.00210519
2.57316e-09	0.00210281
2.57322e-09	0.00210043
2.57329e-09	0.00209805
2.57335e-09	0.00209568
2.57341e-09	0.00209331
2.57348e-09	0.00209094
2.57354e-09	0.00208857
2.57361e-09	0.0020862
2.57367e-09	0.00208383
2.57373e-09	0.00208147
2.5738e-09	0.0020791
2.57386e-09	0.00207674
2.57393e-09	0.00207439
2.57399e-09	0.00207203
2.57405e-09	0.00206967
2.57412e-09	0.00206732
2.57418e-09	0.00206497
2.57425e-09	0.00206262
2.57431e-09	0.00206027
2.57437e-09	0.00205792
2.57444e-09	0.00205558
2.5745e-09	0.00205323
2.57457e-09	0.00205089
2.57463e-09	0.00204855
2.57469e-09	0.00204621
2.57476e-09	0.00204388
2.57482e-09	0.00204154
2.57489e-09	0.00203921
2.57495e-09	0.00203688
2.57501e-09	0.00203455
2.57508e-09	0.00203222
2.57514e-09	0.0020299
2.57521e-09	0.00202757
2.57527e-09	0.00202525
2.57533e-09	0.00202293
2.5754e-09	0.00202061
2.57546e-09	0.00201829
2.57553e-09	0.00201598
2.57559e-09	0.00201367
2.57565e-09	0.00201135
2.57572e-09	0.00200904
2.57578e-09	0.00200674
2.57585e-09	0.00200443
2.57591e-09	0.00200212
2.57597e-09	0.00199982
2.57604e-09	0.00199752
2.5761e-09	0.00199522
2.57617e-09	0.00199292
2.57623e-09	0.00199063
2.57629e-09	0.00198833
2.57636e-09	0.00198604
2.57642e-09	0.00198375
2.57649e-09	0.00198146
2.57655e-09	0.00197917
2.57662e-09	0.00197689
2.57668e-09	0.0019746
2.57674e-09	0.00197232
2.57681e-09	0.00197004
2.57687e-09	0.00196776
2.57694e-09	0.00196548
2.577e-09	0.00196321
2.57706e-09	0.00196094
2.57713e-09	0.00195866
2.57719e-09	0.00195639
2.57726e-09	0.00195412
2.57732e-09	0.00195186
2.57738e-09	0.00194959
2.57745e-09	0.00194733
2.57751e-09	0.00194507
2.57758e-09	0.00194281
2.57764e-09	0.00194055
2.5777e-09	0.00193829
2.57777e-09	0.00193604
2.57783e-09	0.00193379
2.5779e-09	0.00193153
2.57796e-09	0.00192928
2.57802e-09	0.00192704
2.57809e-09	0.00192479
2.57815e-09	0.00192255
2.57822e-09	0.0019203
2.57828e-09	0.00191806
2.57834e-09	0.00191582
2.57841e-09	0.00191359
2.57847e-09	0.00191135
2.57854e-09	0.00190912
2.5786e-09	0.00190688
2.57866e-09	0.00190465
2.57873e-09	0.00190242
2.57879e-09	0.0019002
2.57886e-09	0.00189797
2.57892e-09	0.00189575
2.57898e-09	0.00189352
2.57905e-09	0.0018913
2.57911e-09	0.00188909
2.57918e-09	0.00188687
2.57924e-09	0.00188465
2.5793e-09	0.00188244
2.57937e-09	0.00188023
2.57943e-09	0.00187802
2.5795e-09	0.00187581
2.57956e-09	0.0018736
2.57962e-09	0.0018714
2.57969e-09	0.00186919
2.57975e-09	0.00186699
2.57982e-09	0.00186479
2.57988e-09	0.00186259
2.57994e-09	0.00186039
2.58001e-09	0.0018582
2.58007e-09	0.00185601
2.58014e-09	0.00185381
2.5802e-09	0.00185162
2.58026e-09	0.00184944
2.58033e-09	0.00184725
2.58039e-09	0.00184506
2.58046e-09	0.00184288
2.58052e-09	0.0018407
2.58058e-09	0.00183852
2.58065e-09	0.00183634
2.58071e-09	0.00183416
2.58078e-09	0.00183199
2.58084e-09	0.00182982
2.5809e-09	0.00182764
2.58097e-09	0.00182548
2.58103e-09	0.00182331
2.5811e-09	0.00182114
2.58116e-09	0.00181898
2.58122e-09	0.00181681
2.58129e-09	0.00181465
2.58135e-09	0.00181249
2.58142e-09	0.00181033
2.58148e-09	0.00180818
2.58154e-09	0.00180602
2.58161e-09	0.00180387
2.58167e-09	0.00180172
2.58174e-09	0.00179957
2.5818e-09	0.00179742
2.58186e-09	0.00179527
2.58193e-09	0.00179313
2.58199e-09	0.00179098
2.58206e-09	0.00178884
2.58212e-09	0.0017867
2.58218e-09	0.00178457
2.58225e-09	0.00178243
2.58231e-09	0.00178029
2.58238e-09	0.00177816
2.58244e-09	0.00177603
2.5825e-09	0.0017739
2.58257e-09	0.00177177
2.58263e-09	0.00176965
2.5827e-09	0.00176752
2.58276e-09	0.0017654
2.58282e-09	0.00176328
2.58289e-09	0.00176116
2.58295e-09	0.00175904
2.58302e-09	0.00175692
2.58308e-09	0.00175481
2.58314e-09	0.00175269
2.58321e-09	0.00175058
2.58327e-09	0.00174847
2.58334e-09	0.00174636
2.5834e-09	0.00174426
2.58346e-09	0.00174215
2.58353e-09	0.00174005
2.58359e-09	0.00173795
2.58366e-09	0.00173585
2.58372e-09	0.00173375
2.58378e-09	0.00173165
2.58385e-09	0.00172956
2.58391e-09	0.00172746
2.58398e-09	0.00172537
2.58404e-09	0.00172328
2.5841e-09	0.00172119
2.58417e-09	0.00171911
2.58423e-09	0.00171702
2.5843e-09	0.00171494
2.58436e-09	0.00171285
2.58442e-09	0.00171077
2.58449e-09	0.0017087
2.58455e-09	0.00170662
2.58462e-09	0.00170454
2.58468e-09	0.00170247
2.58474e-09	0.0017004
2.58481e-09	0.00169833
2.58487e-09	0.00169626
2.58494e-09	0.00169419
2.585e-09	0.00169212
2.58506e-09	0.00169006
2.58513e-09	0.001688
2.58519e-09	0.00168594
2.58526e-09	0.00168388
2.58532e-09	0.00168182
2.58538e-09	0.00167976
2.58545e-09	0.00167771
2.58551e-09	0.00167566
2.58558e-09	0.00167361
2.58564e-09	0.00167156
2.5857e-09	0.00166951
2.58577e-09	0.00166746
2.58583e-09	0.00166542
2.5859e-09	0.00166338
2.58596e-09	0.00166133
2.58602e-09	0.00165929
2.58609e-09	0.00165726
2.58615e-09	0.00165522
2.58622e-09	0.00165319
2.58628e-09	0.00165115
2.58634e-09	0.00164912
2.58641e-09	0.00164709
2.58647e-09	0.00164506
2.58654e-09	0.00164304
2.5866e-09	0.00164101
2.58666e-09	0.00163899
2.58673e-09	0.00163697
2.58679e-09	0.00163494
2.58686e-09	0.00163293
2.58692e-09	0.00163091
2.58698e-09	0.00162889
2.58705e-09	0.00162688
2.58711e-09	0.00162487
2.58718e-09	0.00162286
2.58724e-09	0.00162085
2.5873e-09	0.00161884
2.58737e-09	0.00161683
2.58743e-09	0.00161483
2.5875e-09	0.00161283
2.58756e-09	0.00161083
2.58762e-09	0.00160883
2.58769e-09	0.00160683
2.58775e-09	0.00160483
2.58782e-09	0.00160284
2.58788e-09	0.00160084
2.58794e-09	0.00159885
2.58801e-09	0.00159686
2.58807e-09	0.00159488
2.58814e-09	0.00159289
2.5882e-09	0.0015909
2.58826e-09	0.00158892
2.58833e-09	0.00158694
2.58839e-09	0.00158496
2.58846e-09	0.00158298
2.58852e-09	0.001581
2.58858e-09	0.00157903
2.58865e-09	0.00157705
2.58871e-09	0.00157508
2.58878e-09	0.00157311
2.58884e-09	0.00157114
2.5889e-09	0.00156917
2.58897e-09	0.00156721
2.58903e-09	0.00156524
2.5891e-09	0.00156328
2.58916e-09	0.00156132
2.58922e-09	0.00155936
2.58929e-09	0.0015574
2.58935e-09	0.00155544
2.58942e-09	0.00155349
2.58948e-09	0.00155153
2.58954e-09	0.00154958
2.58961e-09	0.00154763
2.58967e-09	0.00154568
2.58974e-09	0.00154374
2.5898e-09	0.00154179
2.58986e-09	0.00153985
2.58993e-09	0.0015379
2.58999e-09	0.00153596
2.59006e-09	0.00153402
2.59012e-09	0.00153209
2.59018e-09	0.00153015
2.59025e-09	0.00152822
2.59031e-09	0.00152628
2.59038e-09	0.00152435
2.59044e-09	0.00152242
2.5905e-09	0.00152049
2.59057e-09	0.00151857
2.59063e-09	0.00151664
2.5907e-09	0.00151472
2.59076e-09	0.00151279
2.59082e-09	0.00151087
2.59089e-09	0.00150896
2.59095e-09	0.00150704
2.59102e-09	0.00150512
2.59108e-09	0.00150321
2.59114e-09	0.0015013
2.59121e-09	0.00149938
2.59127e-09	0.00149747
2.59134e-09	0.00149557
2.5914e-09	0.00149366
2.59146e-09	0.00149175
2.59153e-09	0.00148985
2.59159e-09	0.00148795
2.59166e-09	0.00148605
2.59172e-09	0.00148415
2.59178e-09	0.00148225
2.59185e-09	0.00148036
2.59191e-09	0.00147846
2.59198e-09	0.00147657
2.59204e-09	0.00147468
2.5921e-09	0.00147279
2.59217e-09	0.0014709
2.59223e-09	0.00146902
2.5923e-09	0.00146713
2.59236e-09	0.00146525
2.59242e-09	0.00146337
2.59249e-09	0.00146149
2.59255e-09	0.00145961
2.59262e-09	0.00145773
2.59268e-09	0.00145585
2.59274e-09	0.00145398
2.59281e-09	0.00145211
2.59287e-09	0.00145024
2.59294e-09	0.00144837
2.593e-09	0.0014465
2.59306e-09	0.00144463
2.59313e-09	0.00144277
2.59319e-09	0.00144091
2.59326e-09	0.00143904
2.59332e-09	0.00143718
2.59338e-09	0.00143532
2.59345e-09	0.00143347
2.59351e-09	0.00143161
2.59358e-09	0.00142976
2.59364e-09	0.0014279
2.5937e-09	0.00142605
2.59377e-09	0.0014242
2.59383e-09	0.00142236
2.5939e-09	0.00142051
2.59396e-09	0.00141866
2.59403e-09	0.00141682
2.59409e-09	0.00141498
2.59415e-09	0.00141314
2.59422e-09	0.0014113
2.59428e-09	0.00140946
2.59435e-09	0.00140763
2.59441e-09	0.00140579
2.59447e-09	0.00140396
2.59454e-09	0.00140213
2.5946e-09	0.0014003
2.59467e-09	0.00139847
2.59473e-09	0.00139664
2.59479e-09	0.00139482
2.59486e-09	0.00139299
2.59492e-09	0.00139117
2.59499e-09	0.00138935
2.59505e-09	0.00138753
2.59511e-09	0.00138571
2.59518e-09	0.0013839
2.59524e-09	0.00138208
2.59531e-09	0.00138027
2.59537e-09	0.00137846
2.59543e-09	0.00137665
2.5955e-09	0.00137484
2.59556e-09	0.00137303
2.59563e-09	0.00137123
2.59569e-09	0.00136942
2.59575e-09	0.00136762
2.59582e-09	0.00136582
2.59588e-09	0.00136402
2.59595e-09	0.00136222
2.59601e-09	0.00136042
2.59607e-09	0.00135863
2.59614e-09	0.00135683
2.5962e-09	0.00135504
2.59627e-09	0.00135325
2.59633e-09	0.00135146
2.59639e-09	0.00134968
2.59646e-09	0.00134789
2.59652e-09	0.0013461
2.59659e-09	0.00134432
2.59665e-09	0.00134254
2.59671e-09	0.00134076
2.59678e-09	0.00133898
2.59684e-09	0.0013372
2.59691e-09	0.00133543
2.59697e-09	0.00133365
2.59703e-09	0.00133188
2.5971e-09	0.00133011
2.59716e-09	0.00132834
2.59723e-09	0.00132657
2.59729e-09	0.0013248
2.59735e-09	0.00132304
2.59742e-09	0.00132127
2.59748e-09	0.00131951
2.59755e-09	0.00131775
2.59761e-09	0.00131599
2.59767e-09	0.00131423
2.59774e-09	0.00131248
2.5978e-09	0.00131072
2.59787e-09	0.00130897
2.59793e-09	0.00130722
2.59799e-09	0.00130547
2.59806e-09	0.00130372
2.59812e-09	0.00130197
2.59819e-09	0.00130022
2.59825e-09	0.00129848
2.59831e-09	0.00129673
2.59838e-09	0.00129499
2.59844e-09	0.00129325
2.59851e-09	0.00129151
2.59857e-09	0.00128978
2.59863e-09	0.00128804
2.5987e-09	0.00128631
2.59876e-09	0.00128457
2.59883e-09	0.00128284
2.59889e-09	0.00128111
2.59895e-09	0.00127938
2.59902e-09	0.00127766
2.59908e-09	0.00127593
2.59915e-09	0.00127421
2.59921e-09	0.00127248
2.59927e-09	0.00127076
2.59934e-09	0.00126904
2.5994e-09	0.00126732
2.59947e-09	0.00126561
2.59953e-09	0.00126389
2.59959e-09	0.00126218
2.59966e-09	0.00126046
2.59972e-09	0.00125875
2.59979e-09	0.00125704
2.59985e-09	0.00125533
2.59991e-09	0.00125363
2.59998e-09	0.00125192
2.60004e-09	0.00125022
2.60011e-09	0.00124852
2.60017e-09	0.00124682
2.60023e-09	0.00124512
2.6003e-09	0.00124342
2.60036e-09	0.00124172
2.60043e-09	0.00124003
2.60049e-09	0.00123833
2.60055e-09	0.00123664
2.60062e-09	0.00123495
2.60068e-09	0.00123326
2.60075e-09	0.00123157
2.60081e-09	0.00122989
2.60087e-09	0.0012282
2.60094e-09	0.00122652
2.601e-09	0.00122483
2.60107e-09	0.00122315
2.60113e-09	0.00122147
2.60119e-09	0.0012198
2.60126e-09	0.00121812
2.60132e-09	0.00121645
2.60139e-09	0.00121477
2.60145e-09	0.0012131
2.60151e-09	0.00121143
2.60158e-09	0.00120976
2.60164e-09	0.00120809
2.60171e-09	0.00120642
2.60177e-09	0.00120476
2.60183e-09	0.0012031
2.6019e-09	0.00120143
2.60196e-09	0.00119977
2.60203e-09	0.00119811
2.60209e-09	0.00119646
2.60215e-09	0.0011948
2.60222e-09	0.00119314
2.60228e-09	0.00119149
2.60235e-09	0.00118984
2.60241e-09	0.00118819
2.60247e-09	0.00118654
2.60254e-09	0.00118489
2.6026e-09	0.00118324
2.60267e-09	0.0011816
2.60273e-09	0.00117996
2.60279e-09	0.00117831
2.60286e-09	0.00117667
2.60292e-09	0.00117503
2.60299e-09	0.00117339
2.60305e-09	0.00117176
2.60311e-09	0.00117012
2.60318e-09	0.00116849
2.60324e-09	0.00116686
2.60331e-09	0.00116523
2.60337e-09	0.0011636
2.60343e-09	0.00116197
2.6035e-09	0.00116034
2.60356e-09	0.00115872
2.60363e-09	0.00115709
2.60369e-09	0.00115547
2.60375e-09	0.00115385
2.60382e-09	0.00115223
2.60388e-09	0.00115061
2.60395e-09	0.00114899
2.60401e-09	0.00114738
2.60407e-09	0.00114576
2.60414e-09	0.00114415
2.6042e-09	0.00114254
2.60427e-09	0.00114093
2.60433e-09	0.00113932
2.60439e-09	0.00113771
2.60446e-09	0.00113611
2.60452e-09	0.00113451
2.60459e-09	0.0011329
2.60465e-09	0.0011313
2.60471e-09	0.0011297
2.60478e-09	0.0011281
2.60484e-09	0.0011265
2.60491e-09	0.00112491
2.60497e-09	0.00112331
2.60503e-09	0.00112172
2.6051e-09	0.00112013
2.60516e-09	0.00111854
2.60523e-09	0.00111695
2.60529e-09	0.00111536
2.60535e-09	0.00111378
2.60542e-09	0.00111219
2.60548e-09	0.00111061
2.60555e-09	0.00110903
2.60561e-09	0.00110744
2.60567e-09	0.00110587
2.60574e-09	0.00110429
2.6058e-09	0.00110271
2.60587e-09	0.00110114
2.60593e-09	0.00109956
2.60599e-09	0.00109799
2.60606e-09	0.00109642
2.60612e-09	0.00109485
2.60619e-09	0.00109328
2.60625e-09	0.00109171
2.60631e-09	0.00109015
2.60638e-09	0.00108858
2.60644e-09	0.00108702
2.60651e-09	0.00108546
2.60657e-09	0.0010839
2.60663e-09	0.00108234
2.6067e-09	0.00108078
2.60676e-09	0.00107923
2.60683e-09	0.00107767
2.60689e-09	0.00107612
2.60695e-09	0.00107457
2.60702e-09	0.00107302
2.60708e-09	0.00107147
2.60715e-09	0.00106992
2.60721e-09	0.00106837
2.60727e-09	0.00106683
2.60734e-09	0.00106529
2.6074e-09	0.00106374
2.60747e-09	0.0010622
2.60753e-09	0.00106066
2.60759e-09	0.00105913
2.60766e-09	0.00105759
2.60772e-09	0.00105605
2.60779e-09	0.00105452
2.60785e-09	0.00105299
2.60791e-09	0.00105145
2.60798e-09	0.00104992
2.60804e-09	0.0010484
2.60811e-09	0.00104687
2.60817e-09	0.00104534
2.60823e-09	0.00104382
2.6083e-09	0.00104229
2.60836e-09	0.00104077
2.60843e-09	0.00103925
2.60849e-09	0.00103773
2.60855e-09	0.00103622
2.60862e-09	0.0010347
2.60868e-09	0.00103318
2.60875e-09	0.00103167
2.60881e-09	0.00103016
2.60887e-09	0.00102865
2.60894e-09	0.00102714
2.609e-09	0.00102563
2.60907e-09	0.00102412
2.60913e-09	0.00102261
2.60919e-09	0.00102111
2.60926e-09	0.00101961
2.60932e-09	0.00101811
2.60939e-09	0.0010166
2.60945e-09	0.00101511
2.60951e-09	0.00101361
2.60958e-09	0.00101211
2.60964e-09	0.00101062
2.60971e-09	0.00100912
2.60977e-09	0.00100763
2.60983e-09	0.00100614
2.6099e-09	0.00100465
2.60996e-09	0.00100316
2.61003e-09	0.00100167
2.61009e-09	0.00100019
2.61015e-09	0.000998704
2.61022e-09	0.000997221
2.61028e-09	0.000995739
2.61035e-09	0.000994259
2.61041e-09	0.000992779
2.61047e-09	0.000991302
2.61054e-09	0.000989825
2.6106e-09	0.00098835
2.61067e-09	0.000986876
2.61073e-09	0.000985404
2.61079e-09	0.000983932
2.61086e-09	0.000982463
2.61092e-09	0.000980994
2.61099e-09	0.000979527
2.61105e-09	0.000978061
2.61111e-09	0.000976596
2.61118e-09	0.000975133
2.61124e-09	0.000973671
2.61131e-09	0.00097221
2.61137e-09	0.000970751
2.61144e-09	0.000969293
2.6115e-09	0.000967836
2.61156e-09	0.000966381
2.61163e-09	0.000964927
2.61169e-09	0.000963474
2.61176e-09	0.000962023
2.61182e-09	0.000960573
2.61188e-09	0.000959124
2.61195e-09	0.000957676
2.61201e-09	0.00095623
2.61208e-09	0.000954785
2.61214e-09	0.000953341
2.6122e-09	0.000951899
2.61227e-09	0.000950458
2.61233e-09	0.000949019
2.6124e-09	0.00094758
2.61246e-09	0.000946143
2.61252e-09	0.000944707
2.61259e-09	0.000943273
2.61265e-09	0.00094184
2.61272e-09	0.000940408
2.61278e-09	0.000938977
2.61284e-09	0.000937548
2.61291e-09	0.00093612
2.61297e-09	0.000934693
2.61304e-09	0.000933268
2.6131e-09	0.000931844
2.61316e-09	0.000930421
2.61323e-09	0.000928999
2.61329e-09	0.000927579
2.61336e-09	0.00092616
2.61342e-09	0.000924742
2.61348e-09	0.000923326
2.61355e-09	0.000921911
2.61361e-09	0.000920497
2.61368e-09	0.000919085
2.61374e-09	0.000917674
2.6138e-09	0.000916264
2.61387e-09	0.000914855
2.61393e-09	0.000913448
2.614e-09	0.000912042
2.61406e-09	0.000910637
2.61412e-09	0.000909233
2.61419e-09	0.000907831
2.61425e-09	0.00090643
2.61432e-09	0.00090503
2.61438e-09	0.000903632
2.61444e-09	0.000902235
2.61451e-09	0.000900839
2.61457e-09	0.000899445
2.61464e-09	0.000898051
2.6147e-09	0.000896659
2.61476e-09	0.000895269
2.61483e-09	0.000893879
2.61489e-09	0.000892491
2.61496e-09	0.000891104
2.61502e-09	0.000889718
2.61508e-09	0.000888334
2.61515e-09	0.000886951
2.61521e-09	0.000885569
2.61528e-09	0.000884189
2.61534e-09	0.000882809
2.6154e-09	0.000881431
2.61547e-09	0.000880055
2.61553e-09	0.000878679
2.6156e-09	0.000877305
2.61566e-09	0.000875932
2.61572e-09	0.00087456
2.61579e-09	0.00087319
2.61585e-09	0.000871821
2.61592e-09	0.000870453
2.61598e-09	0.000869086
2.61604e-09	0.000867721
2.61611e-09	0.000866357
2.61617e-09	0.000864994
2.61624e-09	0.000863632
2.6163e-09	0.000862272
2.61636e-09	0.000860913
2.61643e-09	0.000859555
2.61649e-09	0.000858198
2.61656e-09	0.000856843
2.61662e-09	0.000855489
2.61668e-09	0.000854136
2.61675e-09	0.000852785
2.61681e-09	0.000851434
2.61688e-09	0.000850085
2.61694e-09	0.000848737
2.617e-09	0.000847391
2.61707e-09	0.000846046
2.61713e-09	0.000844702
2.6172e-09	0.000843359
2.61726e-09	0.000842017
2.61732e-09	0.000840677
2.61739e-09	0.000839338
2.61745e-09	0.000838
2.61752e-09	0.000836663
2.61758e-09	0.000835328
2.61764e-09	0.000833994
2.61771e-09	0.000832661
2.61777e-09	0.000831329
2.61784e-09	0.000829999
2.6179e-09	0.00082867
2.61796e-09	0.000827342
2.61803e-09	0.000826015
2.61809e-09	0.00082469
2.61816e-09	0.000823366
2.61822e-09	0.000822043
2.61828e-09	0.000820721
2.61835e-09	0.0008194
2.61841e-09	0.000818081
2.61848e-09	0.000816763
2.61854e-09	0.000815446
2.6186e-09	0.000814131
2.61867e-09	0.000812816
2.61873e-09	0.000811503
2.6188e-09	0.000810191
2.61886e-09	0.000808881
2.61892e-09	0.000807571
2.61899e-09	0.000806263
2.61905e-09	0.000804956
2.61912e-09	0.00080365
2.61918e-09	0.000802346
2.61924e-09	0.000801042
2.61931e-09	0.00079974
2.61937e-09	0.000798439
2.61944e-09	0.00079714
2.6195e-09	0.000795841
2.61956e-09	0.000794544
2.61963e-09	0.000793248
2.61969e-09	0.000791953
2.61976e-09	0.00079066
2.61982e-09	0.000789367
2.61988e-09	0.000788076
2.61995e-09	0.000786786
2.62001e-09	0.000785498
2.62008e-09	0.00078421
2.62014e-09	0.000782924
2.6202e-09	0.000781639
2.62027e-09	0.000780355
2.62033e-09	0.000779072
2.6204e-09	0.000777791
2.62046e-09	0.000776511
2.62052e-09	0.000775232
2.62059e-09	0.000773954
2.62065e-09	0.000772677
2.62072e-09	0.000771402
2.62078e-09	0.000770128
2.62084e-09	0.000768855
2.62091e-09	0.000767583
2.62097e-09	0.000766312
2.62104e-09	0.000765043
2.6211e-09	0.000763775
2.62116e-09	0.000762508
2.62123e-09	0.000761242
2.62129e-09	0.000759977
2.62136e-09	0.000758714
2.62142e-09	0.000757452
2.62148e-09	0.000756191
2.62155e-09	0.000754931
2.62161e-09	0.000753673
2.62168e-09	0.000752415
2.62174e-09	0.000751159
2.6218e-09	0.000749904
2.62187e-09	0.00074865
2.62193e-09	0.000747397
2.622e-09	0.000746146
2.62206e-09	0.000744896
2.62212e-09	0.000743647
2.62219e-09	0.000742399
2.62225e-09	0.000741152
2.62232e-09	0.000739907
2.62238e-09	0.000738662
2.62244e-09	0.000737419
2.62251e-09	0.000736177
2.62257e-09	0.000734937
2.62264e-09	0.000733697
2.6227e-09	0.000732459
2.62276e-09	0.000731222
2.62283e-09	0.000729986
2.62289e-09	0.000728751
2.62296e-09	0.000727517
2.62302e-09	0.000726285
2.62308e-09	0.000725053
2.62315e-09	0.000723823
2.62321e-09	0.000722594
2.62328e-09	0.000721367
2.62334e-09	0.00072014
2.6234e-09	0.000718915
2.62347e-09	0.00071769
2.62353e-09	0.000716467
2.6236e-09	0.000715245
2.62366e-09	0.000714025
2.62372e-09	0.000712805
2.62379e-09	0.000711587
2.62385e-09	0.00071037
2.62392e-09	0.000709154
2.62398e-09	0.000707939
2.62404e-09	0.000706725
2.62411e-09	0.000705513
2.62417e-09	0.000704301
2.62424e-09	0.000703091
2.6243e-09	0.000701882
2.62436e-09	0.000700674
2.62443e-09	0.000699467
2.62449e-09	0.000698262
2.62456e-09	0.000697058
2.62462e-09	0.000695854
2.62468e-09	0.000694652
2.62475e-09	0.000693451
2.62481e-09	0.000692252
2.62488e-09	0.000691053
2.62494e-09	0.000689856
2.625e-09	0.000688659
2.62507e-09	0.000687464
2.62513e-09	0.00068627
2.6252e-09	0.000685078
2.62526e-09	0.000683886
2.62532e-09	0.000682696
2.62539e-09	0.000681506
2.62545e-09	0.000680318
2.62552e-09	0.000679131
2.62558e-09	0.000677945
2.62564e-09	0.00067676
2.62571e-09	0.000675577
2.62577e-09	0.000674394
2.62584e-09	0.000673213
2.6259e-09	0.000672033
2.62596e-09	0.000670854
2.62603e-09	0.000669676
2.62609e-09	0.0006685
2.62616e-09	0.000667324
2.62622e-09	0.00066615
2.62628e-09	0.000664976
2.62635e-09	0.000663804
2.62641e-09	0.000662633
2.62648e-09	0.000661463
2.62654e-09	0.000660295
2.6266e-09	0.000659127
2.62667e-09	0.000657961
2.62673e-09	0.000656795
2.6268e-09	0.000655631
2.62686e-09	0.000654468
2.62692e-09	0.000653306
2.62699e-09	0.000652146
2.62705e-09	0.000650986
2.62712e-09	0.000649828
2.62718e-09	0.00064867
2.62724e-09	0.000647514
2.62731e-09	0.000646359
2.62737e-09	0.000645205
2.62744e-09	0.000644052
2.6275e-09	0.000642901
2.62756e-09	0.00064175
2.62763e-09	0.000640601
2.62769e-09	0.000639452
2.62776e-09	0.000638305
2.62782e-09	0.000637159
2.62788e-09	0.000636014
2.62795e-09	0.00063487
2.62801e-09	0.000633728
2.62808e-09	0.000632586
2.62814e-09	0.000631446
2.6282e-09	0.000630306
2.62827e-09	0.000629168
2.62833e-09	0.000628031
2.6284e-09	0.000626895
2.62846e-09	0.00062576
2.62852e-09	0.000624627
2.62859e-09	0.000623494
2.62865e-09	0.000622362
2.62872e-09	0.000621232
2.62878e-09	0.000620103
2.62885e-09	0.000618975
2.62891e-09	0.000617848
2.62897e-09	0.000616722
2.62904e-09	0.000615597
2.6291e-09	0.000614473
2.62917e-09	0.000613351
2.62923e-09	0.000612229
2.62929e-09	0.000611109
2.62936e-09	0.00060999
2.62942e-09	0.000608871
2.62949e-09	0.000607754
2.62955e-09	0.000606638
2.62961e-09	0.000605524
2.62968e-09	0.00060441
2.62974e-09	0.000603297
2.62981e-09	0.000602186
2.62987e-09	0.000601075
2.62993e-09	0.000599966
2.63e-09	0.000598858
2.63006e-09	0.000597751
2.63013e-09	0.000596645
2.63019e-09	0.00059554
2.63025e-09	0.000594436
2.63032e-09	0.000593333
2.63038e-09	0.000592232
2.63045e-09	0.000591131
2.63051e-09	0.000590032
2.63057e-09	0.000588933
2.63064e-09	0.000587836
2.6307e-09	0.00058674
2.63077e-09	0.000585645
2.63083e-09	0.000584551
2.63089e-09	0.000583458
2.63096e-09	0.000582366
2.63102e-09	0.000581276
2.63109e-09	0.000580186
2.63115e-09	0.000579098
2.63121e-09	0.00057801
2.63128e-09	0.000576924
2.63134e-09	0.000575839
2.63141e-09	0.000574755
2.63147e-09	0.000573671
2.63153e-09	0.000572589
2.6316e-09	0.000571509
2.63166e-09	0.000570429
2.63173e-09	0.00056935
2.63179e-09	0.000568272
2.63185e-09	0.000567196
2.63192e-09	0.00056612
2.63198e-09	0.000565046
2.63205e-09	0.000563973
2.63211e-09	0.0005629
2.63217e-09	0.000561829
2.63224e-09	0.000560759
2.6323e-09	0.00055969
2.63237e-09	0.000558622
2.63243e-09	0.000557555
2.63249e-09	0.000556489
2.63256e-09	0.000555425
2.63262e-09	0.000554361
2.63269e-09	0.000553298
2.63275e-09	0.000552237
2.63281e-09	0.000551176
2.63288e-09	0.000550117
2.63294e-09	0.000549059
2.63301e-09	0.000548001
2.63307e-09	0.000546945
2.63313e-09	0.00054589
2.6332e-09	0.000544836
2.63326e-09	0.000543783
2.63333e-09	0.000542731
2.63339e-09	0.00054168
2.63345e-09	0.000540631
2.63352e-09	0.000539582
2.63358e-09	0.000538534
2.63365e-09	0.000537488
2.63371e-09	0.000536442
2.63377e-09	0.000535397
2.63384e-09	0.000534354
2.6339e-09	0.000533312
2.63397e-09	0.00053227
2.63403e-09	0.00053123
2.63409e-09	0.000530191
2.63416e-09	0.000529153
2.63422e-09	0.000528116
2.63429e-09	0.00052708
2.63435e-09	0.000526045
2.63441e-09	0.000525011
2.63448e-09	0.000523978
2.63454e-09	0.000522946
2.63461e-09	0.000521915
2.63467e-09	0.000520886
2.63473e-09	0.000519857
2.6348e-09	0.000518829
2.63486e-09	0.000517803
2.63493e-09	0.000516777
2.63499e-09	0.000515753
2.63505e-09	0.000514729
2.63512e-09	0.000513707
2.63518e-09	0.000512686
2.63525e-09	0.000511665
2.63531e-09	0.000510646
2.63537e-09	0.000509628
2.63544e-09	0.000508611
2.6355e-09	0.000507595
2.63557e-09	0.000506579
2.63563e-09	0.000505565
2.63569e-09	0.000504552
2.63576e-09	0.00050354
2.63582e-09	0.000502529
2.63589e-09	0.00050152
2.63595e-09	0.000500511
2.63601e-09	0.000499503
2.63608e-09	0.000498496
2.63614e-09	0.00049749
2.63621e-09	0.000496486
2.63627e-09	0.000495482
2.63633e-09	0.000494479
2.6364e-09	0.000493478
2.63646e-09	0.000492477
2.63653e-09	0.000491477
2.63659e-09	0.000490479
2.63665e-09	0.000489481
2.63672e-09	0.000488485
2.63678e-09	0.000487489
2.63685e-09	0.000486495
2.63691e-09	0.000485502
2.63697e-09	0.000484509
2.63704e-09	0.000483518
2.6371e-09	0.000482528
2.63717e-09	0.000481538
2.63723e-09	0.00048055
2.63729e-09	0.000479563
2.63736e-09	0.000478576
2.63742e-09	0.000477591
2.63749e-09	0.000476607
2.63755e-09	0.000475624
2.63761e-09	0.000474642
2.63768e-09	0.000473661
2.63774e-09	0.00047268
2.63781e-09	0.000471701
2.63787e-09	0.000470723
2.63793e-09	0.000469746
2.638e-09	0.00046877
2.63806e-09	0.000467795
2.63813e-09	0.000466821
2.63819e-09	0.000465848
2.63825e-09	0.000464876
2.63832e-09	0.000463905
2.63838e-09	0.000462935
2.63845e-09	0.000461966
2.63851e-09	0.000460998
2.63857e-09	0.000460031
2.63864e-09	0.000459065
2.6387e-09	0.0004581
2.63877e-09	0.000457136
2.63883e-09	0.000456173
2.63889e-09	0.000455211
2.63896e-09	0.00045425
2.63902e-09	0.00045329
2.63909e-09	0.000452331
2.63915e-09	0.000451373
2.63921e-09	0.000450416
2.63928e-09	0.00044946
2.63934e-09	0.000448505
2.63941e-09	0.000447552
2.63947e-09	0.000446599
2.63953e-09	0.000445647
2.6396e-09	0.000444696
2.63966e-09	0.000443746
2.63973e-09	0.000442797
2.63979e-09	0.000441849
2.63985e-09	0.000440902
2.63992e-09	0.000439956
2.63998e-09	0.000439011
2.64005e-09	0.000438067
2.64011e-09	0.000437124
2.64017e-09	0.000436182
2.64024e-09	0.000435241
2.6403e-09	0.000434301
2.64037e-09	0.000433362
2.64043e-09	0.000432424
2.64049e-09	0.000431487
2.64056e-09	0.000430551
2.64062e-09	0.000429616
2.64069e-09	0.000428682
2.64075e-09	0.000427748
2.64081e-09	0.000426816
2.64088e-09	0.000425885
2.64094e-09	0.000424955
2.64101e-09	0.000424026
2.64107e-09	0.000423098
2.64113e-09	0.00042217
2.6412e-09	0.000421244
2.64126e-09	0.000420319
2.64133e-09	0.000419395
2.64139e-09	0.000418471
2.64145e-09	0.000417549
2.64152e-09	0.000416628
2.64158e-09	0.000415707
2.64165e-09	0.000414788
2.64171e-09	0.000413869
2.64177e-09	0.000412952
2.64184e-09	0.000412036
2.6419e-09	0.00041112
2.64197e-09	0.000410205
2.64203e-09	0.000409292
2.64209e-09	0.000408379
2.64216e-09	0.000407468
2.64222e-09	0.000406557
2.64229e-09	0.000405647
2.64235e-09	0.000404739
2.64241e-09	0.000403831
2.64248e-09	0.000402924
2.64254e-09	0.000402018
2.64261e-09	0.000401114
2.64267e-09	0.00040021
2.64273e-09	0.000399307
2.6428e-09	0.000398405
2.64286e-09	0.000397504
2.64293e-09	0.000396604
2.64299e-09	0.000395705
2.64305e-09	0.000394807
2.64312e-09	0.000393909
2.64318e-09	0.000393013
2.64325e-09	0.000392118
2.64331e-09	0.000391224
2.64337e-09	0.00039033
2.64344e-09	0.000389438
2.6435e-09	0.000388547
2.64357e-09	0.000387656
2.64363e-09	0.000386767
2.64369e-09	0.000385878
2.64376e-09	0.000384991
2.64382e-09	0.000384104
2.64389e-09	0.000383218
2.64395e-09	0.000382333
2.64401e-09	0.00038145
2.64408e-09	0.000380567
2.64414e-09	0.000379685
2.64421e-09	0.000378804
2.64427e-09	0.000377924
2.64433e-09	0.000377045
2.6444e-09	0.000376167
2.64446e-09	0.00037529
2.64453e-09	0.000374414
2.64459e-09	0.000373538
2.64465e-09	0.000372664
2.64472e-09	0.000371791
2.64478e-09	0.000370918
2.64485e-09	0.000370047
2.64491e-09	0.000369176
2.64497e-09	0.000368307
2.64504e-09	0.000367438
2.6451e-09	0.00036657
2.64517e-09	0.000365704
2.64523e-09	0.000364838
2.64529e-09	0.000363973
2.64536e-09	0.000363109
2.64542e-09	0.000362246
2.64549e-09	0.000361384
2.64555e-09	0.000360522
2.64561e-09	0.000359662
2.64568e-09	0.000358803
2.64574e-09	0.000357945
2.64581e-09	0.000357087
2.64587e-09	0.000356231
2.64593e-09	0.000355375
2.646e-09	0.00035452
2.64606e-09	0.000353667
2.64613e-09	0.000352814
2.64619e-09	0.000351962
2.64625e-09	0.000351111
2.64632e-09	0.000350261
2.64638e-09	0.000349412
2.64645e-09	0.000348564
2.64651e-09	0.000347717
2.64658e-09	0.00034687
2.64664e-09	0.000346025
2.6467e-09	0.000345181
2.64677e-09	0.000344337
2.64683e-09	0.000343494
2.6469e-09	0.000342653
2.64696e-09	0.000341812
2.64702e-09	0.000340972
2.64709e-09	0.000340133
2.64715e-09	0.000339295
2.64722e-09	0.000338458
2.64728e-09	0.000337622
2.64734e-09	0.000336787
2.64741e-09	0.000335952
2.64747e-09	0.000335119
2.64754e-09	0.000334286
2.6476e-09	0.000333455
2.64766e-09	0.000332624
2.64773e-09	0.000331794
2.64779e-09	0.000330966
2.64786e-09	0.000330138
2.64792e-09	0.000329311
2.64798e-09	0.000328484
2.64805e-09	0.000327659
2.64811e-09	0.000326835
2.64818e-09	0.000326012
2.64824e-09	0.000325189
2.6483e-09	0.000324367
2.64837e-09	0.000323547
2.64843e-09	0.000322727
2.6485e-09	0.000321908
2.64856e-09	0.00032109
2.64862e-09	0.000320273
2.64869e-09	0.000319457
2.64875e-09	0.000318642
2.64882e-09	0.000317827
2.64888e-09	0.000317014
2.64894e-09	0.000316201
2.64901e-09	0.00031539
2.64907e-09	0.000314579
2.64914e-09	0.000313769
2.6492e-09	0.00031296
2.64926e-09	0.000312152
2.64933e-09	0.000311345
2.64939e-09	0.000310538
2.64946e-09	0.000309733
2.64952e-09	0.000308929
2.64958e-09	0.000308125
2.64965e-09	0.000307322
2.64971e-09	0.00030652
2.64978e-09	0.00030572
2.64984e-09	0.00030492
2.6499e-09	0.00030412
2.64997e-09	0.000303322
2.65003e-09	0.000302525
2.6501e-09	0.000301728
2.65016e-09	0.000300933
2.65022e-09	0.000300138
2.65029e-09	0.000299344
2.65035e-09	0.000298551
2.65042e-09	0.000297759
2.65048e-09	0.000296968
2.65054e-09	0.000296178
2.65061e-09	0.000295389
2.65067e-09	0.0002946
2.65074e-09	0.000293812
2.6508e-09	0.000293026
2.65086e-09	0.00029224
2.65093e-09	0.000291455
2.65099e-09	0.000290671
2.65106e-09	0.000289888
2.65112e-09	0.000289105
2.65118e-09	0.000288324
2.65125e-09	0.000287543
2.65131e-09	0.000286763
2.65138e-09	0.000285985
2.65144e-09	0.000285207
2.6515e-09	0.00028443
2.65157e-09	0.000283653
2.65163e-09	0.000282878
2.6517e-09	0.000282104
2.65176e-09	0.00028133
2.65182e-09	0.000280557
2.65189e-09	0.000279785
2.65195e-09	0.000279014
2.65202e-09	0.000278244
2.65208e-09	0.000277475
2.65214e-09	0.000276707
2.65221e-09	0.000275939
2.65227e-09	0.000275173
2.65234e-09	0.000274407
2.6524e-09	0.000273642
2.65246e-09	0.000272878
2.65253e-09	0.000272115
2.65259e-09	0.000271352
2.65266e-09	0.000270591
2.65272e-09	0.00026983
2.65278e-09	0.000269071
2.65285e-09	0.000268312
2.65291e-09	0.000267554
2.65298e-09	0.000266797
2.65304e-09	0.00026604
2.6531e-09	0.000265285
2.65317e-09	0.00026453
2.65323e-09	0.000263777
2.6533e-09	0.000263024
2.65336e-09	0.000262272
2.65342e-09	0.000261521
2.65349e-09	0.00026077
2.65355e-09	0.000260021
2.65362e-09	0.000259272
2.65368e-09	0.000258525
2.65374e-09	0.000257778
2.65381e-09	0.000257032
2.65387e-09	0.000256286
2.65394e-09	0.000255542
2.654e-09	0.000254799
2.65406e-09	0.000254056
2.65413e-09	0.000253314
2.65419e-09	0.000252573
2.65426e-09	0.000251833
2.65432e-09	0.000251094
2.65438e-09	0.000250356
2.65445e-09	0.000249618
2.65451e-09	0.000248881
2.65458e-09	0.000248146
2.65464e-09	0.000247411
2.6547e-09	0.000246676
2.65477e-09	0.000245943
2.65483e-09	0.000245211
2.6549e-09	0.000244479
2.65496e-09	0.000243748
2.65502e-09	0.000243018
2.65509e-09	0.000242289
2.65515e-09	0.000241561
2.65522e-09	0.000240833
2.65528e-09	0.000240107
2.65534e-09	0.000239381
2.65541e-09	0.000238656
2.65547e-09	0.000237932
2.65554e-09	0.000237209
2.6556e-09	0.000236486
2.65566e-09	0.000235765
2.65573e-09	0.000235044
2.65579e-09	0.000234324
2.65586e-09	0.000233605
2.65592e-09	0.000232887
2.65598e-09	0.000232169
2.65605e-09	0.000231453
2.65611e-09	0.000230737
2.65618e-09	0.000230022
2.65624e-09	0.000229308
2.6563e-09	0.000228594
2.65637e-09	0.000227882
2.65643e-09	0.00022717
2.6565e-09	0.000226459
2.65656e-09	0.000225749
2.65662e-09	0.00022504
2.65669e-09	0.000224332
2.65675e-09	0.000223624
2.65682e-09	0.000222918
2.65688e-09	0.000222212
2.65694e-09	0.000221507
2.65701e-09	0.000220803
2.65707e-09	0.000220099
2.65714e-09	0.000219397
2.6572e-09	0.000218695
2.65726e-09	0.000217994
2.65733e-09	0.000217294
2.65739e-09	0.000216594
2.65746e-09	0.000215896
2.65752e-09	0.000215198
2.65758e-09	0.000214501
2.65765e-09	0.000213805
2.65771e-09	0.00021311
2.65778e-09	0.000212415
2.65784e-09	0.000211722
2.6579e-09	0.000211029
2.65797e-09	0.000210337
2.65803e-09	0.000209646
2.6581e-09	0.000208955
2.65816e-09	0.000208266
2.65822e-09	0.000207577
2.65829e-09	0.000206889
2.65835e-09	0.000206202
2.65842e-09	0.000205516
2.65848e-09	0.00020483
2.65854e-09	0.000204145
2.65861e-09	0.000203462
2.65867e-09	0.000202778
2.65874e-09	0.000202096
2.6588e-09	0.000201415
2.65886e-09	0.000200734
2.65893e-09	0.000200054
2.65899e-09	0.000199375
2.65906e-09	0.000198697
2.65912e-09	0.000198019
2.65918e-09	0.000197342
2.65925e-09	0.000196666
2.65931e-09	0.000195991
2.65938e-09	0.000195317
2.65944e-09	0.000194644
2.6595e-09	0.000193971
2.65957e-09	0.000193299
2.65963e-09	0.000192628
2.6597e-09	0.000191957
2.65976e-09	0.000191288
2.65982e-09	0.000190619
2.65989e-09	0.000189951
2.65995e-09	0.000189284
2.66002e-09	0.000188618
2.66008e-09	0.000187952
2.66014e-09	0.000187287
2.66021e-09	0.000186623
2.66027e-09	0.00018596
2.66034e-09	0.000185298
2.6604e-09	0.000184636
2.66046e-09	0.000183975
2.66053e-09	0.000183315
2.66059e-09	0.000182656
2.66066e-09	0.000181998
2.66072e-09	0.00018134
2.66078e-09	0.000180683
2.66085e-09	0.000180027
2.66091e-09	0.000179371
2.66098e-09	0.000178717
2.66104e-09	0.000178063
2.6611e-09	0.00017741
2.66117e-09	0.000176758
2.66123e-09	0.000176107
2.6613e-09	0.000175456
2.66136e-09	0.000174806
2.66142e-09	0.000174157
2.66149e-09	0.000173509
2.66155e-09	0.000172861
2.66162e-09	0.000172214
2.66168e-09	0.000171568
2.66174e-09	0.000170923
2.66181e-09	0.000170279
2.66187e-09	0.000169635
2.66194e-09	0.000168992
2.662e-09	0.00016835
2.66206e-09	0.000167709
2.66213e-09	0.000167068
2.66219e-09	0.000166428
2.66226e-09	0.000165789
2.66232e-09	0.000165151
2.66238e-09	0.000164514
2.66245e-09	0.000163877
2.66251e-09	0.000163241
2.66258e-09	0.000162606
2.66264e-09	0.000161971
2.6627e-09	0.000161338
2.66277e-09	0.000160705
2.66283e-09	0.000160073
2.6629e-09	0.000159441
2.66296e-09	0.000158811
2.66302e-09	0.000158181
2.66309e-09	0.000157552
2.66315e-09	0.000156924
2.66322e-09	0.000156296
2.66328e-09	0.000155669
2.66334e-09	0.000155043
2.66341e-09	0.000154418
2.66347e-09	0.000153793
2.66354e-09	0.00015317
2.6636e-09	0.000152547
2.66366e-09	0.000151925
2.66373e-09	0.000151303
2.66379e-09	0.000150682
2.66386e-09	0.000150062
2.66392e-09	0.000149443
2.66399e-09	0.000148825
2.66405e-09	0.000148207
2.66411e-09	0.00014759
2.66418e-09	0.000146974
2.66424e-09	0.000146359
2.66431e-09	0.000145744
2.66437e-09	0.00014513
2.66443e-09	0.000144517
2.6645e-09	0.000143904
2.66456e-09	0.000143293
2.66463e-09	0.000142682
2.66469e-09	0.000142072
2.66475e-09	0.000141462
2.66482e-09	0.000140854
2.66488e-09	0.000140246
2.66495e-09	0.000139638
2.66501e-09	0.000139032
2.66507e-09	0.000138426
2.66514e-09	0.000137821
2.6652e-09	0.000137217
2.66527e-09	0.000136614
2.66533e-09	0.000136011
2.66539e-09	0.000135409
2.66546e-09	0.000134808
2.66552e-09	0.000134207
2.66559e-09	0.000133607
2.66565e-09	0.000133008
2.66571e-09	0.00013241
2.66578e-09	0.000131813
2.66584e-09	0.000131216
2.66591e-09	0.00013062
2.66597e-09	0.000130024
2.66603e-09	0.00012943
2.6661e-09	0.000128836
2.66616e-09	0.000128243
2.66623e-09	0.000127651
2.66629e-09	0.000127059
2.66635e-09	0.000126468
2.66642e-09	0.000125878
2.66648e-09	0.000125288
2.66655e-09	0.0001247
2.66661e-09	0.000124112
2.66667e-09	0.000123524
2.66674e-09	0.000122938
2.6668e-09	0.000122352
2.66687e-09	0.000121767
2.66693e-09	0.000121183
2.66699e-09	0.000120599
2.66706e-09	0.000120016
2.66712e-09	0.000119434
2.66719e-09	0.000118852
2.66725e-09	0.000118272
2.66731e-09	0.000117692
2.66738e-09	0.000117113
2.66744e-09	0.000116534
2.66751e-09	0.000115956
2.66757e-09	0.000115379
2.66763e-09	0.000114803
2.6677e-09	0.000114227
2.66776e-09	0.000113652
2.66783e-09	0.000113078
2.66789e-09	0.000112504
2.66795e-09	0.000111932
2.66802e-09	0.00011136
2.66808e-09	0.000110788
2.66815e-09	0.000110218
2.66821e-09	0.000109648
2.66827e-09	0.000109079
2.66834e-09	0.00010851
2.6684e-09	0.000107942
2.66847e-09	0.000107375
2.66853e-09	0.000106809
2.66859e-09	0.000106243
2.66866e-09	0.000105678
2.66872e-09	0.000105114
2.66879e-09	0.000104551
2.66885e-09	0.000103988
2.66891e-09	0.000103426
2.66898e-09	0.000102865
2.66904e-09	0.000102304
2.66911e-09	0.000101744
2.66917e-09	0.000101185
2.66923e-09	0.000100626
2.6693e-09	0.000100068
2.66936e-09	9.95113e-05
2.66943e-09	9.89549e-05
2.66949e-09	9.83992e-05
2.66955e-09	9.78442e-05
2.66962e-09	9.72899e-05
2.66968e-09	9.67363e-05
2.66975e-09	9.61835e-05
2.66981e-09	9.56313e-05
2.66987e-09	9.50798e-05
2.66994e-09	9.4529e-05
2.67e-09	9.3979e-05
2.67007e-09	9.34296e-05
2.67013e-09	9.28809e-05
2.67019e-09	9.2333e-05
2.67026e-09	9.17857e-05
2.67032e-09	9.12391e-05
2.67039e-09	9.06932e-05
2.67045e-09	9.0148e-05
2.67051e-09	8.96036e-05
2.67058e-09	8.90598e-05
2.67064e-09	8.85167e-05
2.67071e-09	8.79743e-05
2.67077e-09	8.74326e-05
2.67083e-09	8.68915e-05
2.6709e-09	8.63512e-05
2.67096e-09	8.58116e-05
2.67103e-09	8.52727e-05
2.67109e-09	8.47344e-05
2.67115e-09	8.41969e-05
2.67122e-09	8.366e-05
2.67128e-09	8.31238e-05
2.67135e-09	8.25883e-05
2.67141e-09	8.20535e-05
2.67147e-09	8.15194e-05
2.67154e-09	8.0986e-05
2.6716e-09	8.04533e-05
2.67167e-09	7.99212e-05
2.67173e-09	7.93898e-05
2.67179e-09	7.88591e-05
2.67186e-09	7.83292e-05
2.67192e-09	7.77998e-05
2.67199e-09	7.72712e-05
2.67205e-09	7.67433e-05
2.67211e-09	7.6216e-05
2.67218e-09	7.56894e-05
2.67224e-09	7.51635e-05
2.67231e-09	7.46383e-05
2.67237e-09	7.41138e-05
2.67243e-09	7.35899e-05
2.6725e-09	7.30667e-05
2.67256e-09	7.25442e-05
2.67263e-09	7.20224e-05
2.67269e-09	7.15012e-05
2.67275e-09	7.09808e-05
2.67282e-09	7.0461e-05
2.67288e-09	6.99418e-05
2.67295e-09	6.94234e-05
2.67301e-09	6.89056e-05
2.67307e-09	6.83885e-05
2.67314e-09	6.78721e-05
2.6732e-09	6.73563e-05
2.67327e-09	6.68413e-05
2.67333e-09	6.63269e-05
2.67339e-09	6.58131e-05
2.67346e-09	6.53e-05
2.67352e-09	6.47877e-05
2.67359e-09	6.42759e-05
2.67365e-09	6.37649e-05
2.67371e-09	6.32545e-05
2.67378e-09	6.27448e-05
2.67384e-09	6.22357e-05
2.67391e-09	6.17273e-05
2.67397e-09	6.12196e-05
2.67403e-09	6.07125e-05
2.6741e-09	6.02061e-05
2.67416e-09	5.97004e-05
2.67423e-09	5.91954e-05
2.67429e-09	5.8691e-05
2.67435e-09	5.81872e-05
2.67442e-09	5.76841e-05
2.67448e-09	5.71817e-05
2.67455e-09	5.668e-05
2.67461e-09	5.61789e-05
2.67467e-09	5.56785e-05
2.67474e-09	5.51787e-05
2.6748e-09	5.46796e-05
2.67487e-09	5.41811e-05
2.67493e-09	5.36833e-05
2.67499e-09	5.31862e-05
2.67506e-09	5.26897e-05
2.67512e-09	5.21939e-05
2.67519e-09	5.16987e-05
2.67525e-09	5.12042e-05
2.67531e-09	5.07103e-05
2.67538e-09	5.02171e-05
2.67544e-09	4.97246e-05
2.67551e-09	4.92327e-05
2.67557e-09	4.87414e-05
2.67563e-09	4.82509e-05
2.6757e-09	4.77609e-05
2.67576e-09	4.72716e-05
2.67583e-09	4.6783e-05
2.67589e-09	4.6295e-05
2.67595e-09	4.58077e-05
2.67602e-09	4.5321e-05
2.67608e-09	4.48349e-05
2.67615e-09	4.43495e-05
2.67621e-09	4.38648e-05
2.67627e-09	4.33807e-05
2.67634e-09	4.28972e-05
2.6764e-09	4.24144e-05
2.67647e-09	4.19322e-05
2.67653e-09	4.14507e-05
2.67659e-09	4.09698e-05
2.67666e-09	4.04896e-05
2.67672e-09	4.001e-05
2.67679e-09	3.95311e-05
2.67685e-09	3.90528e-05
2.67691e-09	3.85751e-05
2.67698e-09	3.80981e-05
2.67704e-09	3.76217e-05
2.67711e-09	3.71459e-05
2.67717e-09	3.66708e-05
2.67723e-09	3.61964e-05
2.6773e-09	3.57225e-05
2.67736e-09	3.52493e-05
2.67743e-09	3.47768e-05
2.67749e-09	3.43049e-05
2.67755e-09	3.38336e-05
2.67762e-09	3.33629e-05
2.67768e-09	3.28929e-05
2.67775e-09	3.24235e-05
2.67781e-09	3.19548e-05
2.67787e-09	3.14867e-05
2.67794e-09	3.10192e-05
2.678e-09	3.05524e-05
2.67807e-09	3.00862e-05
2.67813e-09	2.96206e-05
2.67819e-09	2.91556e-05
2.67826e-09	2.86913e-05
2.67832e-09	2.82276e-05
2.67839e-09	2.77645e-05
2.67845e-09	2.73021e-05
2.67851e-09	2.68403e-05
2.67858e-09	2.63791e-05
2.67864e-09	2.59186e-05
2.67871e-09	2.54586e-05
2.67877e-09	2.49993e-05
2.67883e-09	2.45407e-05
2.6789e-09	2.40826e-05
2.67896e-09	2.36252e-05
2.67903e-09	2.31684e-05
2.67909e-09	2.27122e-05
2.67915e-09	2.22566e-05
2.67922e-09	2.18017e-05
2.67928e-09	2.13474e-05
2.67935e-09	2.08937e-05
2.67941e-09	2.04406e-05
2.67947e-09	1.99882e-05
2.67954e-09	1.95363e-05
2.6796e-09	1.90851e-05
2.67967e-09	1.86345e-05
2.67973e-09	1.81845e-05
2.67979e-09	1.77352e-05
2.67986e-09	1.72864e-05
2.67992e-09	1.68383e-05
2.67999e-09	1.63908e-05
2.68005e-09	1.59439e-05
2.68011e-09	1.54976e-05
2.68018e-09	1.5052e-05
2.68024e-09	1.46069e-05
2.68031e-09	1.41625e-05
2.68037e-09	1.37186e-05
2.68043e-09	1.32754e-05
2.6805e-09	1.28328e-05
2.68056e-09	1.23908e-05
2.68063e-09	1.19495e-05
2.68069e-09	1.15087e-05
2.68075e-09	1.10685e-05
2.68082e-09	1.0629e-05
2.68088e-09	1.019e-05
2.68095e-09	9.75169e-06
2.68101e-09	9.31396e-06
2.68107e-09	8.87684e-06
2.68114e-09	8.44032e-06
2.6812e-09	8.00441e-06
2.68127e-09	7.56911e-06
2.68133e-09	7.13441e-06
2.6814e-09	6.70031e-06
2.68146e-09	6.26682e-06
2.68152e-09	5.83394e-06
2.68159e-09	5.40165e-06
2.68165e-09	4.96997e-06
2.68172e-09	4.53889e-06
2.68178e-09	4.10841e-06
2.68184e-09	3.67853e-06
2.68191e-09	3.24925e-06
2.68197e-09	2.82057e-06
2.68204e-09	2.39249e-06
2.6821e-09	1.96501e-06
2.68216e-09	1.53813e-06
2.68223e-09	1.11185e-06
2.68229e-09	6.8616e-07
2.68236e-09	2.6107e-07
2.68242e-09	-1.63425e-07
2.68248e-09	-5.87324e-07
2.68255e-09	-1.01063e-06
2.68261e-09	-1.43334e-06
2.68268e-09	-1.85545e-06
2.68274e-09	-2.27697e-06
2.6828e-09	-2.6979e-06
2.68287e-09	-3.11824e-06
2.68293e-09	-3.53798e-06
2.683e-09	-3.95713e-06
2.68306e-09	-4.3757e-06
2.68312e-09	-4.79367e-06
2.68319e-09	-5.21105e-06
2.68325e-09	-5.62784e-06
2.68332e-09	-6.04404e-06
2.68338e-09	-6.45966e-06
2.68344e-09	-6.87468e-06
2.68351e-09	-7.28912e-06
2.68357e-09	-7.70297e-06
2.68364e-09	-8.11624e-06
2.6837e-09	-8.52891e-06
2.68376e-09	-8.94101e-06
2.68383e-09	-9.35252e-06
2.68389e-09	-9.76344e-06
2.68396e-09	-1.01738e-05
2.68402e-09	-1.05835e-05
2.68408e-09	-1.09927e-05
2.68415e-09	-1.14013e-05
2.68421e-09	-1.18093e-05
2.68428e-09	-1.22167e-05
2.68434e-09	-1.26236e-05
2.6844e-09	-1.30299e-05
2.68447e-09	-1.34355e-05
2.68453e-09	-1.38407e-05
2.6846e-09	-1.42452e-05
2.68466e-09	-1.46491e-05
2.68472e-09	-1.50525e-05
2.68479e-09	-1.54553e-05
2.68485e-09	-1.58575e-05
2.68492e-09	-1.62592e-05
2.68498e-09	-1.66602e-05
2.68504e-09	-1.70607e-05
2.68511e-09	-1.74606e-05
2.68517e-09	-1.786e-05
2.68524e-09	-1.82588e-05
2.6853e-09	-1.86569e-05
2.68536e-09	-1.90546e-05
2.68543e-09	-1.94516e-05
2.68549e-09	-1.98481e-05
2.68556e-09	-2.0244e-05
2.68562e-09	-2.06393e-05
2.68568e-09	-2.10341e-05
2.68575e-09	-2.14283e-05
2.68581e-09	-2.18219e-05
2.68588e-09	-2.2215e-05
2.68594e-09	-2.26075e-05
2.686e-09	-2.29994e-05
2.68607e-09	-2.33908e-05
2.68613e-09	-2.37815e-05
2.6862e-09	-2.41718e-05
2.68626e-09	-2.45614e-05
2.68632e-09	-2.49505e-05
2.68639e-09	-2.5339e-05
2.68645e-09	-2.5727e-05
2.68652e-09	-2.61144e-05
2.68658e-09	-2.65012e-05
2.68664e-09	-2.68875e-05
2.68671e-09	-2.72732e-05
2.68677e-09	-2.76583e-05
2.68684e-09	-2.80429e-05
2.6869e-09	-2.8427e-05
2.68696e-09	-2.88104e-05
2.68703e-09	-2.91933e-05
2.68709e-09	-2.95757e-05
2.68716e-09	-2.99575e-05
2.68722e-09	-3.03387e-05
2.68728e-09	-3.07193e-05
2.68735e-09	-3.10995e-05
2.68741e-09	-3.1479e-05
2.68748e-09	-3.1858e-05
2.68754e-09	-3.22365e-05
2.6876e-09	-3.26143e-05
2.68767e-09	-3.29917e-05
2.68773e-09	-3.33685e-05
2.6878e-09	-3.37447e-05
2.68786e-09	-3.41203e-05
2.68792e-09	-3.44955e-05
2.68799e-09	-3.487e-05
2.68805e-09	-3.5244e-05
2.68812e-09	-3.56175e-05
2.68818e-09	-3.59904e-05
2.68824e-09	-3.63628e-05
2.68831e-09	-3.67346e-05
2.68837e-09	-3.71058e-05
2.68844e-09	-3.74766e-05
2.6885e-09	-3.78467e-05
2.68856e-09	-3.82163e-05
2.68863e-09	-3.85854e-05
2.68869e-09	-3.89539e-05
2.68876e-09	-3.93219e-05
2.68882e-09	-3.96893e-05
2.68888e-09	-4.00562e-05
2.68895e-09	-4.04225e-05
2.68901e-09	-4.07883e-05
2.68908e-09	-4.11536e-05
2.68914e-09	-4.15183e-05
2.6892e-09	-4.18824e-05
2.68927e-09	-4.22461e-05
2.68933e-09	-4.26091e-05
2.6894e-09	-4.29717e-05
2.68946e-09	-4.33336e-05
2.68952e-09	-4.36951e-05
2.68959e-09	-4.4056e-05
2.68965e-09	-4.44164e-05
2.68972e-09	-4.47762e-05
2.68978e-09	-4.51355e-05
2.68984e-09	-4.54943e-05
2.68991e-09	-4.58525e-05
2.68997e-09	-4.62102e-05
2.69004e-09	-4.65673e-05
2.6901e-09	-4.69239e-05
2.69016e-09	-4.728e-05
2.69023e-09	-4.76355e-05
2.69029e-09	-4.79905e-05
2.69036e-09	-4.8345e-05
2.69042e-09	-4.86989e-05
2.69048e-09	-4.90523e-05
2.69055e-09	-4.94052e-05
2.69061e-09	-4.97575e-05
2.69068e-09	-5.01093e-05
2.69074e-09	-5.04606e-05
2.6908e-09	-5.08113e-05
2.69087e-09	-5.11615e-05
2.69093e-09	-5.15112e-05
2.691e-09	-5.18603e-05
2.69106e-09	-5.22089e-05
2.69112e-09	-5.2557e-05
2.69119e-09	-5.29046e-05
2.69125e-09	-5.32516e-05
2.69132e-09	-5.35981e-05
2.69138e-09	-5.39441e-05
2.69144e-09	-5.42895e-05
2.69151e-09	-5.46345e-05
2.69157e-09	-5.49789e-05
2.69164e-09	-5.53227e-05
2.6917e-09	-5.56661e-05
2.69176e-09	-5.60089e-05
2.69183e-09	-5.63512e-05
2.69189e-09	-5.6693e-05
2.69196e-09	-5.70342e-05
2.69202e-09	-5.7375e-05
2.69208e-09	-5.77152e-05
2.69215e-09	-5.80549e-05
2.69221e-09	-5.8394e-05
2.69228e-09	-5.87327e-05
2.69234e-09	-5.90708e-05
2.6924e-09	-5.94084e-05
2.69247e-09	-5.97455e-05
2.69253e-09	-6.00821e-05
2.6926e-09	-6.04181e-05
2.69266e-09	-6.07537e-05
2.69272e-09	-6.10887e-05
2.69279e-09	-6.14232e-05
2.69285e-09	-6.17572e-05
2.69292e-09	-6.20907e-05
2.69298e-09	-6.24236e-05
2.69304e-09	-6.27561e-05
2.69311e-09	-6.3088e-05
2.69317e-09	-6.34194e-05
2.69324e-09	-6.37503e-05
2.6933e-09	-6.40807e-05
2.69336e-09	-6.44106e-05
2.69343e-09	-6.47399e-05
2.69349e-09	-6.50688e-05
2.69356e-09	-6.53971e-05
2.69362e-09	-6.5725e-05
2.69368e-09	-6.60523e-05
2.69375e-09	-6.63791e-05
2.69381e-09	-6.67054e-05
2.69388e-09	-6.70312e-05
2.69394e-09	-6.73565e-05
2.694e-09	-6.76813e-05
2.69407e-09	-6.80055e-05
2.69413e-09	-6.83293e-05
2.6942e-09	-6.86526e-05
2.69426e-09	-6.89753e-05
2.69432e-09	-6.92976e-05
2.69439e-09	-6.96193e-05
2.69445e-09	-6.99405e-05
2.69452e-09	-7.02613e-05
2.69458e-09	-7.05815e-05
2.69464e-09	-7.09012e-05
2.69471e-09	-7.12205e-05
2.69477e-09	-7.15392e-05
2.69484e-09	-7.18574e-05
2.6949e-09	-7.21751e-05
2.69496e-09	-7.24924e-05
2.69503e-09	-7.28091e-05
2.69509e-09	-7.31253e-05
2.69516e-09	-7.3441e-05
2.69522e-09	-7.37562e-05
2.69528e-09	-7.4071e-05
2.69535e-09	-7.43852e-05
2.69541e-09	-7.46989e-05
2.69548e-09	-7.50121e-05
2.69554e-09	-7.53249e-05
2.6956e-09	-7.56371e-05
2.69567e-09	-7.59489e-05
2.69573e-09	-7.62601e-05
2.6958e-09	-7.65709e-05
2.69586e-09	-7.68811e-05
2.69592e-09	-7.71909e-05
2.69599e-09	-7.75002e-05
2.69605e-09	-7.78089e-05
2.69612e-09	-7.81172e-05
2.69618e-09	-7.8425e-05
2.69624e-09	-7.87323e-05
2.69631e-09	-7.90391e-05
2.69637e-09	-7.93455e-05
2.69644e-09	-7.96513e-05
2.6965e-09	-7.99566e-05
2.69656e-09	-8.02615e-05
2.69663e-09	-8.05658e-05
2.69669e-09	-8.08697e-05
2.69676e-09	-8.11731e-05
2.69682e-09	-8.1476e-05
2.69688e-09	-8.17784e-05
2.69695e-09	-8.20804e-05
2.69701e-09	-8.23818e-05
2.69708e-09	-8.26828e-05
2.69714e-09	-8.29832e-05
2.6972e-09	-8.32832e-05
2.69727e-09	-8.35827e-05
2.69733e-09	-8.38817e-05
2.6974e-09	-8.41803e-05
2.69746e-09	-8.44783e-05
2.69752e-09	-8.47759e-05
2.69759e-09	-8.5073e-05
2.69765e-09	-8.53696e-05
2.69772e-09	-8.56657e-05
2.69778e-09	-8.59613e-05
2.69784e-09	-8.62565e-05
2.69791e-09	-8.65512e-05
2.69797e-09	-8.68454e-05
2.69804e-09	-8.71391e-05
2.6981e-09	-8.74324e-05
2.69816e-09	-8.77251e-05
2.69823e-09	-8.80174e-05
2.69829e-09	-8.83092e-05
2.69836e-09	-8.86006e-05
2.69842e-09	-8.88914e-05
2.69848e-09	-8.91818e-05
2.69855e-09	-8.94717e-05
2.69861e-09	-8.97612e-05
2.69868e-09	-9.00501e-05
2.69874e-09	-9.03386e-05
2.69881e-09	-9.06266e-05
2.69887e-09	-9.09142e-05
2.69893e-09	-9.12012e-05
2.699e-09	-9.14878e-05
2.69906e-09	-9.1774e-05
2.69913e-09	-9.20596e-05
2.69919e-09	-9.23448e-05
2.69925e-09	-9.26295e-05
2.69932e-09	-9.29137e-05
2.69938e-09	-9.31975e-05
2.69945e-09	-9.34808e-05
2.69951e-09	-9.37637e-05
2.69957e-09	-9.4046e-05
2.69964e-09	-9.43279e-05
2.6997e-09	-9.46093e-05
2.69977e-09	-9.48903e-05
2.69983e-09	-9.51708e-05
2.69989e-09	-9.54508e-05
2.69996e-09	-9.57304e-05
2.70002e-09	-9.60095e-05
2.70009e-09	-9.62882e-05
2.70015e-09	-9.65663e-05
2.70021e-09	-9.6844e-05
2.70028e-09	-9.71213e-05
2.70034e-09	-9.73981e-05
2.70041e-09	-9.76744e-05
2.70047e-09	-9.79502e-05
2.70053e-09	-9.82256e-05
2.7006e-09	-9.85006e-05
2.70066e-09	-9.87751e-05
2.70073e-09	-9.90491e-05
2.70079e-09	-9.93226e-05
2.70085e-09	-9.95957e-05
2.70092e-09	-9.98684e-05
2.70098e-09	-0.000100141
2.70105e-09	-0.000100412
2.70111e-09	-0.000100684
2.70117e-09	-0.000100954
2.70124e-09	-0.000101225
2.7013e-09	-0.000101495
2.70137e-09	-0.000101764
2.70143e-09	-0.000102033
2.70149e-09	-0.000102302
2.70156e-09	-0.00010257
2.70162e-09	-0.000102837
2.70169e-09	-0.000103104
2.70175e-09	-0.000103371
2.70181e-09	-0.000103637
2.70188e-09	-0.000103903
2.70194e-09	-0.000104168
2.70201e-09	-0.000104433
2.70207e-09	-0.000104698
2.70213e-09	-0.000104962
2.7022e-09	-0.000105225
2.70226e-09	-0.000105488
2.70233e-09	-0.000105751
2.70239e-09	-0.000106013
2.70245e-09	-0.000106275
2.70252e-09	-0.000106536
2.70258e-09	-0.000106797
2.70265e-09	-0.000107058
2.70271e-09	-0.000107318
2.70277e-09	-0.000107577
2.70284e-09	-0.000107836
2.7029e-09	-0.000108095
2.70297e-09	-0.000108353
2.70303e-09	-0.000108611
2.70309e-09	-0.000108868
2.70316e-09	-0.000109125
2.70322e-09	-0.000109381
2.70329e-09	-0.000109637
2.70335e-09	-0.000109893
2.70341e-09	-0.000110148
2.70348e-09	-0.000110402
2.70354e-09	-0.000110657
2.70361e-09	-0.00011091
2.70367e-09	-0.000111164
2.70373e-09	-0.000111417
2.7038e-09	-0.000111669
2.70386e-09	-0.000111921
2.70393e-09	-0.000112173
2.70399e-09	-0.000112424
2.70405e-09	-0.000112674
2.70412e-09	-0.000112925
2.70418e-09	-0.000113174
2.70425e-09	-0.000113424
2.70431e-09	-0.000113673
2.70437e-09	-0.000113921
2.70444e-09	-0.000114169
2.7045e-09	-0.000114417
2.70457e-09	-0.000114664
2.70463e-09	-0.000114911
2.70469e-09	-0.000115157
2.70476e-09	-0.000115403
2.70482e-09	-0.000115649
2.70489e-09	-0.000115894
2.70495e-09	-0.000116138
2.70501e-09	-0.000116382
2.70508e-09	-0.000116626
2.70514e-09	-0.000116869
2.70521e-09	-0.000117112
2.70527e-09	-0.000117355
2.70533e-09	-0.000117597
2.7054e-09	-0.000117838
2.70546e-09	-0.000118079
2.70553e-09	-0.00011832
2.70559e-09	-0.00011856
2.70565e-09	-0.0001188
2.70572e-09	-0.00011904
2.70578e-09	-0.000119279
2.70585e-09	-0.000119517
2.70591e-09	-0.000119756
2.70597e-09	-0.000119993
2.70604e-09	-0.000120231
2.7061e-09	-0.000120467
2.70617e-09	-0.000120704
2.70623e-09	-0.00012094
2.70629e-09	-0.000121176
2.70636e-09	-0.000121411
2.70642e-09	-0.000121646
2.70649e-09	-0.00012188
2.70655e-09	-0.000122114
2.70661e-09	-0.000122347
2.70668e-09	-0.00012258
2.70674e-09	-0.000122813
2.70681e-09	-0.000123045
2.70687e-09	-0.000123277
2.70693e-09	-0.000123509
2.707e-09	-0.00012374
2.70706e-09	-0.00012397
2.70713e-09	-0.0001242
2.70719e-09	-0.00012443
2.70725e-09	-0.000124659
2.70732e-09	-0.000124888
2.70738e-09	-0.000125117
2.70745e-09	-0.000125345
2.70751e-09	-0.000125572
2.70757e-09	-0.0001258
2.70764e-09	-0.000126027
2.7077e-09	-0.000126253
2.70777e-09	-0.000126479
2.70783e-09	-0.000126705
2.70789e-09	-0.00012693
2.70796e-09	-0.000127155
2.70802e-09	-0.000127379
2.70809e-09	-0.000127603
2.70815e-09	-0.000127826
2.70821e-09	-0.000128049
2.70828e-09	-0.000128272
2.70834e-09	-0.000128494
2.70841e-09	-0.000128716
2.70847e-09	-0.000128938
2.70853e-09	-0.000129159
2.7086e-09	-0.00012938
2.70866e-09	-0.0001296
2.70873e-09	-0.00012982
2.70879e-09	-0.000130039
2.70885e-09	-0.000130258
2.70892e-09	-0.000130477
2.70898e-09	-0.000130695
2.70905e-09	-0.000130913
2.70911e-09	-0.00013113
2.70917e-09	-0.000131347
2.70924e-09	-0.000131564
2.7093e-09	-0.00013178
2.70937e-09	-0.000131996
2.70943e-09	-0.000132211
2.70949e-09	-0.000132426
2.70956e-09	-0.000132641
2.70962e-09	-0.000132855
2.70969e-09	-0.000133069
2.70975e-09	-0.000133282
2.70981e-09	-0.000133495
2.70988e-09	-0.000133708
2.70994e-09	-0.00013392
2.71001e-09	-0.000134132
2.71007e-09	-0.000134343
2.71013e-09	-0.000134554
2.7102e-09	-0.000134764
2.71026e-09	-0.000134975
2.71033e-09	-0.000135184
2.71039e-09	-0.000135394
2.71045e-09	-0.000135603
2.71052e-09	-0.000135811
2.71058e-09	-0.00013602
2.71065e-09	-0.000136227
2.71071e-09	-0.000136435
2.71077e-09	-0.000136642
2.71084e-09	-0.000136848
2.7109e-09	-0.000137055
2.71097e-09	-0.000137261
2.71103e-09	-0.000137466
2.71109e-09	-0.000137671
2.71116e-09	-0.000137876
2.71122e-09	-0.00013808
2.71129e-09	-0.000138284
2.71135e-09	-0.000138487
2.71141e-09	-0.00013869
2.71148e-09	-0.000138893
2.71154e-09	-0.000139095
2.71161e-09	-0.000139297
2.71167e-09	-0.000139499
2.71173e-09	-0.0001397
2.7118e-09	-0.000139901
2.71186e-09	-0.000140101
2.71193e-09	-0.000140301
2.71199e-09	-0.000140501
2.71205e-09	-0.0001407
2.71212e-09	-0.000140899
2.71218e-09	-0.000141097
2.71225e-09	-0.000141295
2.71231e-09	-0.000141493
2.71237e-09	-0.00014169
2.71244e-09	-0.000141887
2.7125e-09	-0.000142083
2.71257e-09	-0.00014228
2.71263e-09	-0.000142475
2.71269e-09	-0.000142671
2.71276e-09	-0.000142866
2.71282e-09	-0.00014306
2.71289e-09	-0.000143254
2.71295e-09	-0.000143448
2.71301e-09	-0.000143642
2.71308e-09	-0.000143835
2.71314e-09	-0.000144027
2.71321e-09	-0.00014422
2.71327e-09	-0.000144412
2.71333e-09	-0.000144603
2.7134e-09	-0.000144794
2.71346e-09	-0.000144985
2.71353e-09	-0.000145176
2.71359e-09	-0.000145366
2.71365e-09	-0.000145555
2.71372e-09	-0.000145745
2.71378e-09	-0.000145933
2.71385e-09	-0.000146122
2.71391e-09	-0.00014631
2.71397e-09	-0.000146498
2.71404e-09	-0.000146685
2.7141e-09	-0.000146872
2.71417e-09	-0.000147059
2.71423e-09	-0.000147245
2.71429e-09	-0.000147431
2.71436e-09	-0.000147617
2.71442e-09	-0.000147802
2.71449e-09	-0.000147987
2.71455e-09	-0.000148171
2.71461e-09	-0.000148355
2.71468e-09	-0.000148539
2.71474e-09	-0.000148722
2.71481e-09	-0.000148905
2.71487e-09	-0.000149088
2.71493e-09	-0.00014927
2.715e-09	-0.000149452
2.71506e-09	-0.000149633
2.71513e-09	-0.000149814
2.71519e-09	-0.000149995
2.71525e-09	-0.000150175
2.71532e-09	-0.000150355
2.71538e-09	-0.000150535
2.71545e-09	-0.000150714
2.71551e-09	-0.000150893
2.71557e-09	-0.000151071
2.71564e-09	-0.00015125
2.7157e-09	-0.000151427
2.71577e-09	-0.000151605
2.71583e-09	-0.000151782
2.71589e-09	-0.000151959
2.71596e-09	-0.000152135
2.71602e-09	-0.000152311
2.71609e-09	-0.000152487
2.71615e-09	-0.000152662
2.71622e-09	-0.000152837
2.71628e-09	-0.000153011
2.71634e-09	-0.000153185
2.71641e-09	-0.000153359
2.71647e-09	-0.000153533
2.71654e-09	-0.000153706
2.7166e-09	-0.000153878
2.71666e-09	-0.000154051
2.71673e-09	-0.000154223
2.71679e-09	-0.000154394
2.71686e-09	-0.000154566
2.71692e-09	-0.000154737
2.71698e-09	-0.000154907
2.71705e-09	-0.000155077
2.71711e-09	-0.000155247
2.71718e-09	-0.000155417
2.71724e-09	-0.000155586
2.7173e-09	-0.000155755
2.71737e-09	-0.000155923
2.71743e-09	-0.000156091
2.7175e-09	-0.000156259
2.71756e-09	-0.000156426
2.71762e-09	-0.000156593
2.71769e-09	-0.00015676
2.71775e-09	-0.000156926
2.71782e-09	-0.000157092
2.71788e-09	-0.000157258
2.71794e-09	-0.000157423
2.71801e-09	-0.000157588
2.71807e-09	-0.000157753
2.71814e-09	-0.000157917
2.7182e-09	-0.000158081
2.71826e-09	-0.000158244
2.71833e-09	-0.000158407
2.71839e-09	-0.00015857
2.71846e-09	-0.000158733
2.71852e-09	-0.000158895
2.71858e-09	-0.000159056
2.71865e-09	-0.000159218
2.71871e-09	-0.000159379
2.71878e-09	-0.00015954
2.71884e-09	-0.0001597
2.7189e-09	-0.00015986
2.71897e-09	-0.00016002
2.71903e-09	-0.000160179
2.7191e-09	-0.000160338
2.71916e-09	-0.000160497
2.71922e-09	-0.000160655
2.71929e-09	-0.000160813
2.71935e-09	-0.00016097
2.71942e-09	-0.000161128
2.71948e-09	-0.000161285
2.71954e-09	-0.000161441
2.71961e-09	-0.000161597
2.71967e-09	-0.000161753
2.71974e-09	-0.000161909
2.7198e-09	-0.000162064
2.71986e-09	-0.000162219
2.71993e-09	-0.000162373
2.71999e-09	-0.000162528
2.72006e-09	-0.000162682
2.72012e-09	-0.000162835
2.72018e-09	-0.000162988
2.72025e-09	-0.000163141
2.72031e-09	-0.000163294
2.72038e-09	-0.000163446
2.72044e-09	-0.000163597
2.7205e-09	-0.000163749
2.72057e-09	-0.0001639
2.72063e-09	-0.000164051
2.7207e-09	-0.000164201
2.72076e-09	-0.000164352
2.72082e-09	-0.000164501
2.72089e-09	-0.000164651
2.72095e-09	-0.0001648
2.72102e-09	-0.000164949
2.72108e-09	-0.000165097
2.72114e-09	-0.000165245
2.72121e-09	-0.000165393
2.72127e-09	-0.000165541
2.72134e-09	-0.000165688
2.7214e-09	-0.000165834
2.72146e-09	-0.000165981
2.72153e-09	-0.000166127
2.72159e-09	-0.000166273
2.72166e-09	-0.000166418
2.72172e-09	-0.000166563
2.72178e-09	-0.000166708
2.72185e-09	-0.000166853
2.72191e-09	-0.000166997
2.72198e-09	-0.000167141
2.72204e-09	-0.000167284
2.7221e-09	-0.000167427
2.72217e-09	-0.00016757
2.72223e-09	-0.000167713
2.7223e-09	-0.000167855
2.72236e-09	-0.000167997
2.72242e-09	-0.000168138
2.72249e-09	-0.000168279
2.72255e-09	-0.00016842
2.72262e-09	-0.000168561
2.72268e-09	-0.000168701
2.72274e-09	-0.000168841
2.72281e-09	-0.000168981
2.72287e-09	-0.00016912
2.72294e-09	-0.000169259
2.723e-09	-0.000169397
2.72306e-09	-0.000169536
2.72313e-09	-0.000169674
2.72319e-09	-0.000169811
2.72326e-09	-0.000169949
2.72332e-09	-0.000170086
2.72338e-09	-0.000170222
2.72345e-09	-0.000170359
2.72351e-09	-0.000170495
2.72358e-09	-0.00017063
2.72364e-09	-0.000170766
2.7237e-09	-0.000170901
2.72377e-09	-0.000171036
2.72383e-09	-0.00017117
2.7239e-09	-0.000171304
2.72396e-09	-0.000171438
2.72402e-09	-0.000171571
2.72409e-09	-0.000171704
2.72415e-09	-0.000171837
2.72422e-09	-0.00017197
2.72428e-09	-0.000172102
2.72434e-09	-0.000172234
2.72441e-09	-0.000172366
2.72447e-09	-0.000172497
2.72454e-09	-0.000172628
2.7246e-09	-0.000172758
2.72466e-09	-0.000172889
2.72473e-09	-0.000173019
2.72479e-09	-0.000173148
2.72486e-09	-0.000173278
2.72492e-09	-0.000173407
2.72498e-09	-0.000173536
2.72505e-09	-0.000173664
2.72511e-09	-0.000173792
2.72518e-09	-0.00017392
2.72524e-09	-0.000174047
2.7253e-09	-0.000174175
2.72537e-09	-0.000174301
2.72543e-09	-0.000174428
2.7255e-09	-0.000174554
2.72556e-09	-0.00017468
2.72562e-09	-0.000174806
2.72569e-09	-0.000174931
2.72575e-09	-0.000175056
2.72582e-09	-0.000175181
2.72588e-09	-0.000175305
2.72594e-09	-0.000175429
2.72601e-09	-0.000175553
2.72607e-09	-0.000175677
2.72614e-09	-0.0001758
2.7262e-09	-0.000175923
2.72626e-09	-0.000176045
2.72633e-09	-0.000176168
2.72639e-09	-0.00017629
2.72646e-09	-0.000176411
2.72652e-09	-0.000176533
2.72658e-09	-0.000176654
2.72665e-09	-0.000176774
2.72671e-09	-0.000176895
2.72678e-09	-0.000177015
2.72684e-09	-0.000177135
2.7269e-09	-0.000177254
2.72697e-09	-0.000177373
2.72703e-09	-0.000177492
2.7271e-09	-0.000177611
2.72716e-09	-0.000177729
2.72722e-09	-0.000177847
2.72729e-09	-0.000177965
2.72735e-09	-0.000178082
2.72742e-09	-0.0001782
2.72748e-09	-0.000178316
2.72754e-09	-0.000178433
2.72761e-09	-0.000178549
2.72767e-09	-0.000178665
2.72774e-09	-0.000178781
2.7278e-09	-0.000178896
2.72786e-09	-0.000179011
2.72793e-09	-0.000179126
2.72799e-09	-0.00017924
2.72806e-09	-0.000179354
2.72812e-09	-0.000179468
2.72818e-09	-0.000179582
2.72825e-09	-0.000179695
2.72831e-09	-0.000179808
2.72838e-09	-0.000179921
2.72844e-09	-0.000180033
2.7285e-09	-0.000180145
2.72857e-09	-0.000180257
2.72863e-09	-0.000180368
2.7287e-09	-0.000180479
2.72876e-09	-0.00018059
2.72882e-09	-0.000180701
2.72889e-09	-0.000180811
2.72895e-09	-0.000180921
2.72902e-09	-0.000181031
2.72908e-09	-0.00018114
2.72914e-09	-0.00018125
2.72921e-09	-0.000181358
2.72927e-09	-0.000181467
2.72934e-09	-0.000181575
2.7294e-09	-0.000181683
2.72946e-09	-0.000181791
2.72953e-09	-0.000181898
2.72959e-09	-0.000182005
2.72966e-09	-0.000182112
2.72972e-09	-0.000182219
2.72978e-09	-0.000182325
2.72985e-09	-0.000182431
2.72991e-09	-0.000182537
2.72998e-09	-0.000182642
2.73004e-09	-0.000182747
2.7301e-09	-0.000182852
2.73017e-09	-0.000182956
2.73023e-09	-0.000183061
2.7303e-09	-0.000183165
2.73036e-09	-0.000183268
2.73042e-09	-0.000183372
2.73049e-09	-0.000183475
2.73055e-09	-0.000183578
2.73062e-09	-0.00018368
2.73068e-09	-0.000183782
2.73074e-09	-0.000183884
2.73081e-09	-0.000183986
2.73087e-09	-0.000184088
2.73094e-09	-0.000184189
2.731e-09	-0.00018429
2.73106e-09	-0.00018439
2.73113e-09	-0.00018449
2.73119e-09	-0.00018459
2.73126e-09	-0.00018469
2.73132e-09	-0.00018479
2.73138e-09	-0.000184889
2.73145e-09	-0.000184988
2.73151e-09	-0.000185086
2.73158e-09	-0.000185185
2.73164e-09	-0.000185283
2.7317e-09	-0.00018538
2.73177e-09	-0.000185478
2.73183e-09	-0.000185575
2.7319e-09	-0.000185672
2.73196e-09	-0.000185769
2.73202e-09	-0.000185865
2.73209e-09	-0.000185961
2.73215e-09	-0.000186057
2.73222e-09	-0.000186152
2.73228e-09	-0.000186248
2.73234e-09	-0.000186343
2.73241e-09	-0.000186437
2.73247e-09	-0.000186532
2.73254e-09	-0.000186626
2.7326e-09	-0.00018672
2.73266e-09	-0.000186814
2.73273e-09	-0.000186907
2.73279e-09	-0.000187
2.73286e-09	-0.000187093
2.73292e-09	-0.000187185
2.73298e-09	-0.000187278
2.73305e-09	-0.00018737
2.73311e-09	-0.000187461
2.73318e-09	-0.000187553
2.73324e-09	-0.000187644
2.7333e-09	-0.000187735
2.73337e-09	-0.000187826
2.73343e-09	-0.000187916
2.7335e-09	-0.000188006
2.73356e-09	-0.000188096
2.73363e-09	-0.000188186
2.73369e-09	-0.000188275
2.73375e-09	-0.000188364
2.73382e-09	-0.000188453
2.73388e-09	-0.000188541
2.73395e-09	-0.000188629
2.73401e-09	-0.000188717
2.73407e-09	-0.000188805
2.73414e-09	-0.000188893
2.7342e-09	-0.00018898
2.73427e-09	-0.000189067
2.73433e-09	-0.000189153
2.73439e-09	-0.00018924
2.73446e-09	-0.000189326
2.73452e-09	-0.000189412
2.73459e-09	-0.000189497
2.73465e-09	-0.000189582
2.73471e-09	-0.000189667
2.73478e-09	-0.000189752
2.73484e-09	-0.000189837
2.73491e-09	-0.000189921
2.73497e-09	-0.000190005
2.73503e-09	-0.000190089
2.7351e-09	-0.000190172
2.73516e-09	-0.000190255
2.73523e-09	-0.000190338
2.73529e-09	-0.000190421
2.73535e-09	-0.000190504
2.73542e-09	-0.000190586
2.73548e-09	-0.000190668
2.73555e-09	-0.000190749
2.73561e-09	-0.000190831
2.73567e-09	-0.000190912
2.73574e-09	-0.000190993
2.7358e-09	-0.000191073
2.73587e-09	-0.000191154
2.73593e-09	-0.000191234
2.73599e-09	-0.000191314
2.73606e-09	-0.000191393
2.73612e-09	-0.000191473
2.73619e-09	-0.000191552
2.73625e-09	-0.00019163
2.73631e-09	-0.000191709
2.73638e-09	-0.000191787
2.73644e-09	-0.000191865
2.73651e-09	-0.000191943
2.73657e-09	-0.000192021
2.73663e-09	-0.000192098
2.7367e-09	-0.000192175
2.73676e-09	-0.000192252
2.73683e-09	-0.000192328
2.73689e-09	-0.000192405
2.73695e-09	-0.000192481
2.73702e-09	-0.000192556
2.73708e-09	-0.000192632
2.73715e-09	-0.000192707
2.73721e-09	-0.000192782
2.73727e-09	-0.000192857
2.73734e-09	-0.000192932
2.7374e-09	-0.000193006
2.73747e-09	-0.00019308
2.73753e-09	-0.000193154
2.73759e-09	-0.000193227
2.73766e-09	-0.0001933
2.73772e-09	-0.000193373
2.73779e-09	-0.000193446
2.73785e-09	-0.000193519
2.73791e-09	-0.000193591
2.73798e-09	-0.000193663
2.73804e-09	-0.000193735
2.73811e-09	-0.000193806
2.73817e-09	-0.000193877
2.73823e-09	-0.000193948
2.7383e-09	-0.000194019
2.73836e-09	-0.00019409
2.73843e-09	-0.00019416
2.73849e-09	-0.00019423
2.73855e-09	-0.0001943
2.73862e-09	-0.000194369
2.73868e-09	-0.000194439
2.73875e-09	-0.000194508
2.73881e-09	-0.000194577
2.73887e-09	-0.000194645
2.73894e-09	-0.000194714
2.739e-09	-0.000194782
2.73907e-09	-0.00019485
2.73913e-09	-0.000194917
2.73919e-09	-0.000194984
2.73926e-09	-0.000195052
2.73932e-09	-0.000195118
2.73939e-09	-0.000195185
2.73945e-09	-0.000195251
2.73951e-09	-0.000195318
2.73958e-09	-0.000195384
2.73964e-09	-0.000195449
2.73971e-09	-0.000195515
2.73977e-09	-0.00019558
2.73983e-09	-0.000195645
2.7399e-09	-0.00019571
2.73996e-09	-0.000195774
2.74003e-09	-0.000195838
2.74009e-09	-0.000195902
2.74015e-09	-0.000195966
2.74022e-09	-0.000196029
2.74028e-09	-0.000196093
2.74035e-09	-0.000196156
2.74041e-09	-0.000196219
2.74047e-09	-0.000196281
2.74054e-09	-0.000196344
2.7406e-09	-0.000196406
2.74067e-09	-0.000196467
2.74073e-09	-0.000196529
2.74079e-09	-0.00019659
2.74086e-09	-0.000196652
2.74092e-09	-0.000196713
2.74099e-09	-0.000196773
2.74105e-09	-0.000196834
2.74111e-09	-0.000196894
2.74118e-09	-0.000196954
2.74124e-09	-0.000197014
2.74131e-09	-0.000197073
2.74137e-09	-0.000197132
2.74143e-09	-0.000197192
2.7415e-09	-0.00019725
2.74156e-09	-0.000197309
2.74163e-09	-0.000197367
2.74169e-09	-0.000197425
2.74175e-09	-0.000197483
2.74182e-09	-0.000197541
2.74188e-09	-0.000197598
2.74195e-09	-0.000197656
2.74201e-09	-0.000197713
2.74207e-09	-0.000197769
2.74214e-09	-0.000197826
2.7422e-09	-0.000197882
2.74227e-09	-0.000197938
2.74233e-09	-0.000197994
2.74239e-09	-0.00019805
2.74246e-09	-0.000198105
2.74252e-09	-0.00019816
2.74259e-09	-0.000198215
2.74265e-09	-0.00019827
2.74271e-09	-0.000198324
2.74278e-09	-0.000198378
2.74284e-09	-0.000198432
2.74291e-09	-0.000198486
2.74297e-09	-0.00019854
2.74303e-09	-0.000198593
2.7431e-09	-0.000198646
2.74316e-09	-0.000198699
2.74323e-09	-0.000198752
2.74329e-09	-0.000198804
2.74335e-09	-0.000198856
2.74342e-09	-0.000198908
2.74348e-09	-0.00019896
2.74355e-09	-0.000199012
2.74361e-09	-0.000199063
2.74367e-09	-0.000199114
2.74374e-09	-0.000199165
2.7438e-09	-0.000199216
2.74387e-09	-0.000199266
2.74393e-09	-0.000199316
2.74399e-09	-0.000199366
2.74406e-09	-0.000199416
2.74412e-09	-0.000199466
2.74419e-09	-0.000199515
2.74425e-09	-0.000199564
2.74431e-09	-0.000199613
2.74438e-09	-0.000199662
2.74444e-09	-0.00019971
2.74451e-09	-0.000199758
2.74457e-09	-0.000199806
2.74463e-09	-0.000199854
2.7447e-09	-0.000199902
2.74476e-09	-0.000199949
2.74483e-09	-0.000199996
2.74489e-09	-0.000200043
2.74495e-09	-0.00020009
2.74502e-09	-0.000200136
2.74508e-09	-0.000200182
2.74515e-09	-0.000200228
2.74521e-09	-0.000200274
2.74527e-09	-0.00020032
2.74534e-09	-0.000200365
2.7454e-09	-0.00020041
2.74547e-09	-0.000200455
2.74553e-09	-0.0002005
2.74559e-09	-0.000200545
2.74566e-09	-0.000200589
2.74572e-09	-0.000200633
2.74579e-09	-0.000200677
2.74585e-09	-0.000200721
2.74591e-09	-0.000200764
2.74598e-09	-0.000200808
2.74604e-09	-0.000200851
2.74611e-09	-0.000200893
2.74617e-09	-0.000200936
2.74623e-09	-0.000200978
2.7463e-09	-0.000201021
2.74636e-09	-0.000201063
2.74643e-09	-0.000201104
2.74649e-09	-0.000201146
2.74655e-09	-0.000201187
2.74662e-09	-0.000201228
2.74668e-09	-0.000201269
2.74675e-09	-0.00020131
2.74681e-09	-0.000201351
2.74687e-09	-0.000201391
2.74694e-09	-0.000201431
2.747e-09	-0.000201471
2.74707e-09	-0.000201511
2.74713e-09	-0.00020155
2.74719e-09	-0.000201589
2.74726e-09	-0.000201628
2.74732e-09	-0.000201667
2.74739e-09	-0.000201706
2.74745e-09	-0.000201744
2.74751e-09	-0.000201783
2.74758e-09	-0.000201821
2.74764e-09	-0.000201858
2.74771e-09	-0.000201896
2.74777e-09	-0.000201933
2.74783e-09	-0.000201971
2.7479e-09	-0.000202008
2.74796e-09	-0.000202044
2.74803e-09	-0.000202081
2.74809e-09	-0.000202117
2.74815e-09	-0.000202154
2.74822e-09	-0.00020219
2.74828e-09	-0.000202225
2.74835e-09	-0.000202261
2.74841e-09	-0.000202296
2.74847e-09	-0.000202331
2.74854e-09	-0.000202366
2.7486e-09	-0.000202401
2.74867e-09	-0.000202436
2.74873e-09	-0.00020247
2.74879e-09	-0.000202504
2.74886e-09	-0.000202538
2.74892e-09	-0.000202572
2.74899e-09	-0.000202605
2.74905e-09	-0.000202639
2.74911e-09	-0.000202672
2.74918e-09	-0.000202705
2.74924e-09	-0.000202738
2.74931e-09	-0.00020277
2.74937e-09	-0.000202803
2.74943e-09	-0.000202835
2.7495e-09	-0.000202867
2.74956e-09	-0.000202898
2.74963e-09	-0.00020293
2.74969e-09	-0.000202961
2.74975e-09	-0.000202993
2.74982e-09	-0.000203024
2.74988e-09	-0.000203054
2.74995e-09	-0.000203085
2.75001e-09	-0.000203115
2.75007e-09	-0.000203145
2.75014e-09	-0.000203175
2.7502e-09	-0.000203205
2.75027e-09	-0.000203235
2.75033e-09	-0.000203264
2.75039e-09	-0.000203293
2.75046e-09	-0.000203322
2.75052e-09	-0.000203351
2.75059e-09	-0.00020338
2.75065e-09	-0.000203408
2.75071e-09	-0.000203437
2.75078e-09	-0.000203465
2.75084e-09	-0.000203492
2.75091e-09	-0.00020352
2.75097e-09	-0.000203548
2.75103e-09	-0.000203575
2.7511e-09	-0.000203602
2.75116e-09	-0.000203629
2.75123e-09	-0.000203656
2.75129e-09	-0.000203682
2.75136e-09	-0.000203708
2.75142e-09	-0.000203734
2.75148e-09	-0.00020376
2.75155e-09	-0.000203786
2.75161e-09	-0.000203812
2.75168e-09	-0.000203837
2.75174e-09	-0.000203862
2.7518e-09	-0.000203887
2.75187e-09	-0.000203912
2.75193e-09	-0.000203937
2.752e-09	-0.000203961
2.75206e-09	-0.000203985
2.75212e-09	-0.000204009
2.75219e-09	-0.000204033
2.75225e-09	-0.000204057
2.75232e-09	-0.00020408
2.75238e-09	-0.000204104
2.75244e-09	-0.000204127
2.75251e-09	-0.00020415
2.75257e-09	-0.000204172
2.75264e-09	-0.000204195
2.7527e-09	-0.000204217
2.75276e-09	-0.000204239
2.75283e-09	-0.000204261
2.75289e-09	-0.000204283
2.75296e-09	-0.000204305
2.75302e-09	-0.000204326
2.75308e-09	-0.000204347
2.75315e-09	-0.000204369
2.75321e-09	-0.000204389
2.75328e-09	-0.00020441
2.75334e-09	-0.000204431
2.7534e-09	-0.000204451
2.75347e-09	-0.000204471
2.75353e-09	-0.000204491
2.7536e-09	-0.000204511
2.75366e-09	-0.00020453
2.75372e-09	-0.00020455
2.75379e-09	-0.000204569
2.75385e-09	-0.000204588
2.75392e-09	-0.000204607
2.75398e-09	-0.000204626
2.75404e-09	-0.000204644
2.75411e-09	-0.000204663
2.75417e-09	-0.000204681
2.75424e-09	-0.000204699
2.7543e-09	-0.000204716
2.75436e-09	-0.000204734
2.75443e-09	-0.000204752
2.75449e-09	-0.000204769
2.75456e-09	-0.000204786
2.75462e-09	-0.000204803
2.75468e-09	-0.000204819
2.75475e-09	-0.000204836
2.75481e-09	-0.000204852
2.75488e-09	-0.000204869
2.75494e-09	-0.000204885
2.755e-09	-0.0002049
2.75507e-09	-0.000204916
2.75513e-09	-0.000204931
2.7552e-09	-0.000204947
2.75526e-09	-0.000204962
2.75532e-09	-0.000204977
2.75539e-09	-0.000204992
2.75545e-09	-0.000205006
2.75552e-09	-0.000205021
2.75558e-09	-0.000205035
2.75564e-09	-0.000205049
2.75571e-09	-0.000205063
2.75577e-09	-0.000205077
2.75584e-09	-0.00020509
2.7559e-09	-0.000205104
2.75596e-09	-0.000205117
2.75603e-09	-0.00020513
2.75609e-09	-0.000205143
2.75616e-09	-0.000205155
2.75622e-09	-0.000205168
2.75628e-09	-0.00020518
2.75635e-09	-0.000205192
2.75641e-09	-0.000205204
2.75648e-09	-0.000205216
2.75654e-09	-0.000205228
2.7566e-09	-0.000205239
2.75667e-09	-0.000205251
2.75673e-09	-0.000205262
2.7568e-09	-0.000205273
2.75686e-09	-0.000205283
2.75692e-09	-0.000205294
2.75699e-09	-0.000205304
2.75705e-09	-0.000205315
2.75712e-09	-0.000205325
2.75718e-09	-0.000205335
2.75724e-09	-0.000205345
2.75731e-09	-0.000205354
2.75737e-09	-0.000205364
2.75744e-09	-0.000205373
2.7575e-09	-0.000205382
2.75756e-09	-0.000205391
2.75763e-09	-0.0002054
2.75769e-09	-0.000205408
2.75776e-09	-0.000205417
2.75782e-09	-0.000205425
2.75788e-09	-0.000205433
2.75795e-09	-0.000205441
2.75801e-09	-0.000205449
2.75808e-09	-0.000205456
2.75814e-09	-0.000205464
2.7582e-09	-0.000205471
2.75827e-09	-0.000205478
2.75833e-09	-0.000205485
2.7584e-09	-0.000205492
2.75846e-09	-0.000205499
2.75852e-09	-0.000205505
2.75859e-09	-0.000205511
2.75865e-09	-0.000205517
2.75872e-09	-0.000205523
2.75878e-09	-0.000205529
2.75884e-09	-0.000205535
2.75891e-09	-0.00020554
2.75897e-09	-0.000205546
2.75904e-09	-0.000205551
2.7591e-09	-0.000205556
2.75916e-09	-0.000205561
2.75923e-09	-0.000205565
2.75929e-09	-0.00020557
2.75936e-09	-0.000205574
2.75942e-09	-0.000205578
2.75948e-09	-0.000205582
2.75955e-09	-0.000205586
2.75961e-09	-0.00020559
2.75968e-09	-0.000205593
2.75974e-09	-0.000205597
2.7598e-09	-0.0002056
2.75987e-09	-0.000205603
2.75993e-09	-0.000205606
2.76e-09	-0.000205609
2.76006e-09	-0.000205611
2.76012e-09	-0.000205614
2.76019e-09	-0.000205616
2.76025e-09	-0.000205618
2.76032e-09	-0.00020562
2.76038e-09	-0.000205622
2.76044e-09	-0.000205623
2.76051e-09	-0.000205625
2.76057e-09	-0.000205626
2.76064e-09	-0.000205627
2.7607e-09	-0.000205628
2.76076e-09	-0.000205629
2.76083e-09	-0.00020563
2.76089e-09	-0.00020563
2.76096e-09	-0.000205631
2.76102e-09	-0.000205631
2.76108e-09	-0.000205631
2.76115e-09	-0.000205631
2.76121e-09	-0.000205631
2.76128e-09	-0.00020563
2.76134e-09	-0.00020563
2.7614e-09	-0.000205629
2.76147e-09	-0.000205628
2.76153e-09	-0.000205627
2.7616e-09	-0.000205626
2.76166e-09	-0.000205624
2.76172e-09	-0.000205623
2.76179e-09	-0.000205621
2.76185e-09	-0.00020562
2.76192e-09	-0.000205618
2.76198e-09	-0.000205616
2.76204e-09	-0.000205613
2.76211e-09	-0.000205611
2.76217e-09	-0.000205608
2.76224e-09	-0.000205606
2.7623e-09	-0.000205603
2.76236e-09	-0.0002056
2.76243e-09	-0.000205597
2.76249e-09	-0.000205593
2.76256e-09	-0.00020559
2.76262e-09	-0.000205586
2.76268e-09	-0.000205583
2.76275e-09	-0.000205579
2.76281e-09	-0.000205575
2.76288e-09	-0.00020557
2.76294e-09	-0.000205566
2.763e-09	-0.000205562
2.76307e-09	-0.000205557
2.76313e-09	-0.000205552
2.7632e-09	-0.000205547
2.76326e-09	-0.000205542
2.76332e-09	-0.000205537
2.76339e-09	-0.000205531
2.76345e-09	-0.000205526
2.76352e-09	-0.00020552
2.76358e-09	-0.000205514
2.76364e-09	-0.000205508
2.76371e-09	-0.000205502
2.76377e-09	-0.000205496
2.76384e-09	-0.00020549
2.7639e-09	-0.000205483
2.76396e-09	-0.000205476
2.76403e-09	-0.00020547
2.76409e-09	-0.000205463
2.76416e-09	-0.000205455
2.76422e-09	-0.000205448
2.76428e-09	-0.000205441
2.76435e-09	-0.000205433
2.76441e-09	-0.000205425
2.76448e-09	-0.000205418
2.76454e-09	-0.00020541
2.7646e-09	-0.000205401
2.76467e-09	-0.000205393
2.76473e-09	-0.000205385
2.7648e-09	-0.000205376
2.76486e-09	-0.000205367
2.76492e-09	-0.000205359
2.76499e-09	-0.00020535
2.76505e-09	-0.00020534
2.76512e-09	-0.000205331
2.76518e-09	-0.000205322
2.76524e-09	-0.000205312
2.76531e-09	-0.000205302
2.76537e-09	-0.000205293
2.76544e-09	-0.000205283
2.7655e-09	-0.000205272
2.76556e-09	-0.000205262
2.76563e-09	-0.000205252
2.76569e-09	-0.000205241
2.76576e-09	-0.000205231
2.76582e-09	-0.00020522
2.76588e-09	-0.000205209
2.76595e-09	-0.000205198
2.76601e-09	-0.000205186
2.76608e-09	-0.000205175
2.76614e-09	-0.000205163
2.7662e-09	-0.000205152
2.76627e-09	-0.00020514
2.76633e-09	-0.000205128
2.7664e-09	-0.000205116
2.76646e-09	-0.000205104
2.76652e-09	-0.000205091
2.76659e-09	-0.000205079
2.76665e-09	-0.000205066
2.76672e-09	-0.000205053
2.76678e-09	-0.000205041
2.76684e-09	-0.000205028
2.76691e-09	-0.000205014
2.76697e-09	-0.000205001
2.76704e-09	-0.000204988
2.7671e-09	-0.000204974
2.76716e-09	-0.00020496
2.76723e-09	-0.000204946
2.76729e-09	-0.000204933
2.76736e-09	-0.000204918
2.76742e-09	-0.000204904
2.76748e-09	-0.00020489
2.76755e-09	-0.000204875
2.76761e-09	-0.000204861
2.76768e-09	-0.000204846
2.76774e-09	-0.000204831
2.7678e-09	-0.000204816
2.76787e-09	-0.000204801
2.76793e-09	-0.000204785
2.768e-09	-0.00020477
2.76806e-09	-0.000204754
2.76812e-09	-0.000204739
2.76819e-09	-0.000204723
2.76825e-09	-0.000204707
2.76832e-09	-0.000204691
2.76838e-09	-0.000204674
2.76844e-09	-0.000204658
2.76851e-09	-0.000204641
2.76857e-09	-0.000204625
2.76864e-09	-0.000204608
2.7687e-09	-0.000204591
2.76877e-09	-0.000204574
2.76883e-09	-0.000204557
2.76889e-09	-0.00020454
2.76896e-09	-0.000204522
2.76902e-09	-0.000204505
2.76909e-09	-0.000204487
2.76915e-09	-0.000204469
2.76921e-09	-0.000204451
2.76928e-09	-0.000204433
2.76934e-09	-0.000204415
2.76941e-09	-0.000204397
2.76947e-09	-0.000204378
2.76953e-09	-0.00020436
2.7696e-09	-0.000204341
2.76966e-09	-0.000204322
2.76973e-09	-0.000204303
2.76979e-09	-0.000204284
2.76985e-09	-0.000204265
2.76992e-09	-0.000204246
2.76998e-09	-0.000204226
2.77005e-09	-0.000204207
2.77011e-09	-0.000204187
2.77017e-09	-0.000204167
2.77024e-09	-0.000204147
2.7703e-09	-0.000204127
2.77037e-09	-0.000204107
2.77043e-09	-0.000204086
2.77049e-09	-0.000204066
2.77056e-09	-0.000204045
2.77062e-09	-0.000204025
2.77069e-09	-0.000204004
2.77075e-09	-0.000203983
2.77081e-09	-0.000203962
2.77088e-09	-0.00020394
2.77094e-09	-0.000203919
2.77101e-09	-0.000203898
2.77107e-09	-0.000203876
2.77113e-09	-0.000203854
2.7712e-09	-0.000203832
2.77126e-09	-0.000203811
2.77133e-09	-0.000203788
2.77139e-09	-0.000203766
2.77145e-09	-0.000203744
2.77152e-09	-0.000203722
2.77158e-09	-0.000203699
2.77165e-09	-0.000203676
2.77171e-09	-0.000203653
2.77177e-09	-0.000203631
2.77184e-09	-0.000203607
2.7719e-09	-0.000203584
2.77197e-09	-0.000203561
2.77203e-09	-0.000203538
2.77209e-09	-0.000203514
2.77216e-09	-0.00020349
2.77222e-09	-0.000203467
2.77229e-09	-0.000203443
2.77235e-09	-0.000203419
2.77241e-09	-0.000203395
2.77248e-09	-0.00020337
2.77254e-09	-0.000203346
2.77261e-09	-0.000203322
2.77267e-09	-0.000203297
2.77273e-09	-0.000203272
2.7728e-09	-0.000203247
2.77286e-09	-0.000203222
2.77293e-09	-0.000203197
2.77299e-09	-0.000203172
2.77305e-09	-0.000203147
2.77312e-09	-0.000203121
2.77318e-09	-0.000203096
2.77325e-09	-0.00020307
2.77331e-09	-0.000203044
2.77337e-09	-0.000203019
2.77344e-09	-0.000202993
2.7735e-09	-0.000202966
2.77357e-09	-0.00020294
2.77363e-09	-0.000202914
2.77369e-09	-0.000202887
2.77376e-09	-0.000202861
2.77382e-09	-0.000202834
2.77389e-09	-0.000202807
2.77395e-09	-0.00020278
2.77401e-09	-0.000202753
2.77408e-09	-0.000202726
2.77414e-09	-0.000202699
2.77421e-09	-0.000202671
2.77427e-09	-0.000202644
2.77433e-09	-0.000202616
2.7744e-09	-0.000202589
2.77446e-09	-0.000202561
2.77453e-09	-0.000202533
2.77459e-09	-0.000202505
2.77465e-09	-0.000202477
2.77472e-09	-0.000202448
2.77478e-09	-0.00020242
2.77485e-09	-0.000202391
2.77491e-09	-0.000202363
2.77497e-09	-0.000202334
2.77504e-09	-0.000202305
2.7751e-09	-0.000202276
2.77517e-09	-0.000202247
2.77523e-09	-0.000202218
2.77529e-09	-0.000202189
2.77536e-09	-0.000202159
2.77542e-09	-0.00020213
2.77549e-09	-0.0002021
2.77555e-09	-0.00020207
2.77561e-09	-0.00020204
2.77568e-09	-0.00020201
2.77574e-09	-0.00020198
2.77581e-09	-0.00020195
2.77587e-09	-0.00020192
2.77593e-09	-0.00020189
2.776e-09	-0.000201859
2.77606e-09	-0.000201828
2.77613e-09	-0.000201798
2.77619e-09	-0.000201767
2.77625e-09	-0.000201736
2.77632e-09	-0.000201705
2.77638e-09	-0.000201674
2.77645e-09	-0.000201642
2.77651e-09	-0.000201611
2.77657e-09	-0.00020158
2.77664e-09	-0.000201548
2.7767e-09	-0.000201516
2.77677e-09	-0.000201485
2.77683e-09	-0.000201453
2.77689e-09	-0.000201421
2.77696e-09	-0.000201389
2.77702e-09	-0.000201356
2.77709e-09	-0.000201324
2.77715e-09	-0.000201292
2.77721e-09	-0.000201259
2.77728e-09	-0.000201226
2.77734e-09	-0.000201194
2.77741e-09	-0.000201161
2.77747e-09	-0.000201128
2.77753e-09	-0.000201095
2.7776e-09	-0.000201062
2.77766e-09	-0.000201028
2.77773e-09	-0.000200995
2.77779e-09	-0.000200961
2.77785e-09	-0.000200928
2.77792e-09	-0.000200894
2.77798e-09	-0.00020086
2.77805e-09	-0.000200826
2.77811e-09	-0.000200792
2.77817e-09	-0.000200758
2.77824e-09	-0.000200724
2.7783e-09	-0.00020069
2.77837e-09	-0.000200655
2.77843e-09	-0.000200621
2.77849e-09	-0.000200586
2.77856e-09	-0.000200552
2.77862e-09	-0.000200517
2.77869e-09	-0.000200482
2.77875e-09	-0.000200447
2.77881e-09	-0.000200412
2.77888e-09	-0.000200377
2.77894e-09	-0.000200341
2.77901e-09	-0.000200306
2.77907e-09	-0.00020027
2.77913e-09	-0.000200235
2.7792e-09	-0.000200199
2.77926e-09	-0.000200163
2.77933e-09	-0.000200127
2.77939e-09	-0.000200091
2.77945e-09	-0.000200055
2.77952e-09	-0.000200019
2.77958e-09	-0.000199982
2.77965e-09	-0.000199946
2.77971e-09	-0.00019991
2.77977e-09	-0.000199873
2.77984e-09	-0.000199836
2.7799e-09	-0.000199799
2.77997e-09	-0.000199762
2.78003e-09	-0.000199725
2.78009e-09	-0.000199688
2.78016e-09	-0.000199651
2.78022e-09	-0.000199614
2.78029e-09	-0.000199576
2.78035e-09	-0.000199539
2.78041e-09	-0.000199501
2.78048e-09	-0.000199464
2.78054e-09	-0.000199426
2.78061e-09	-0.000199388
2.78067e-09	-0.00019935
2.78073e-09	-0.000199312
2.7808e-09	-0.000199274
2.78086e-09	-0.000199235
2.78093e-09	-0.000199197
2.78099e-09	-0.000199159
2.78105e-09	-0.00019912
2.78112e-09	-0.000199081
2.78118e-09	-0.000199043
2.78125e-09	-0.000199004
2.78131e-09	-0.000198965
2.78137e-09	-0.000198926
2.78144e-09	-0.000198887
2.7815e-09	-0.000198848
2.78157e-09	-0.000198808
2.78163e-09	-0.000198769
2.78169e-09	-0.000198729
2.78176e-09	-0.00019869
2.78182e-09	-0.00019865
2.78189e-09	-0.00019861
2.78195e-09	-0.00019857
2.78201e-09	-0.00019853
2.78208e-09	-0.00019849
2.78214e-09	-0.00019845
2.78221e-09	-0.00019841
2.78227e-09	-0.00019837
2.78233e-09	-0.000198329
2.7824e-09	-0.000198289
2.78246e-09	-0.000198248
2.78253e-09	-0.000198207
2.78259e-09	-0.000198167
2.78265e-09	-0.000198126
2.78272e-09	-0.000198085
2.78278e-09	-0.000198044
2.78285e-09	-0.000198003
2.78291e-09	-0.000197961
2.78297e-09	-0.00019792
2.78304e-09	-0.000197879
2.7831e-09	-0.000197837
2.78317e-09	-0.000197795
2.78323e-09	-0.000197754
2.78329e-09	-0.000197712
2.78336e-09	-0.00019767
2.78342e-09	-0.000197628
2.78349e-09	-0.000197586
2.78355e-09	-0.000197544
2.78361e-09	-0.000197502
2.78368e-09	-0.000197459
2.78374e-09	-0.000197417
2.78381e-09	-0.000197374
2.78387e-09	-0.000197332
2.78393e-09	-0.000197289
2.784e-09	-0.000197246
2.78406e-09	-0.000197204
2.78413e-09	-0.000197161
2.78419e-09	-0.000197118
2.78425e-09	-0.000197075
2.78432e-09	-0.000197031
2.78438e-09	-0.000196988
2.78445e-09	-0.000196945
2.78451e-09	-0.000196901
2.78457e-09	-0.000196858
2.78464e-09	-0.000196814
2.7847e-09	-0.00019677
2.78477e-09	-0.000196727
2.78483e-09	-0.000196683
2.78489e-09	-0.000196639
2.78496e-09	-0.000196595
2.78502e-09	-0.00019655
2.78509e-09	-0.000196506
2.78515e-09	-0.000196462
2.78521e-09	-0.000196418
2.78528e-09	-0.000196373
2.78534e-09	-0.000196328
2.78541e-09	-0.000196284
2.78547e-09	-0.000196239
2.78553e-09	-0.000196194
2.7856e-09	-0.000196149
2.78566e-09	-0.000196104
2.78573e-09	-0.000196059
2.78579e-09	-0.000196014
2.78585e-09	-0.000195969
2.78592e-09	-0.000195924
2.78598e-09	-0.000195878
2.78605e-09	-0.000195833
2.78611e-09	-0.000195787
2.78618e-09	-0.000195741
2.78624e-09	-0.000195696
2.7863e-09	-0.00019565
2.78637e-09	-0.000195604
2.78643e-09	-0.000195558
2.7865e-09	-0.000195512
2.78656e-09	-0.000195466
2.78662e-09	-0.00019542
2.78669e-09	-0.000195373
2.78675e-09	-0.000195327
2.78682e-09	-0.00019528
2.78688e-09	-0.000195234
2.78694e-09	-0.000195187
2.78701e-09	-0.000195141
2.78707e-09	-0.000195094
2.78714e-09	-0.000195047
2.7872e-09	-0.000195
2.78726e-09	-0.000194953
2.78733e-09	-0.000194906
2.78739e-09	-0.000194859
2.78746e-09	-0.000194811
2.78752e-09	-0.000194764
2.78758e-09	-0.000194717
2.78765e-09	-0.000194669
2.78771e-09	-0.000194621
2.78778e-09	-0.000194574
2.78784e-09	-0.000194526
2.7879e-09	-0.000194478
2.78797e-09	-0.00019443
2.78803e-09	-0.000194382
2.7881e-09	-0.000194334
2.78816e-09	-0.000194286
2.78822e-09	-0.000194238
2.78829e-09	-0.00019419
2.78835e-09	-0.000194141
2.78842e-09	-0.000194093
2.78848e-09	-0.000194044
2.78854e-09	-0.000193996
2.78861e-09	-0.000193947
2.78867e-09	-0.000193898
2.78874e-09	-0.00019385
2.7888e-09	-0.000193801
2.78886e-09	-0.000193752
2.78893e-09	-0.000193703
2.78899e-09	-0.000193653
2.78906e-09	-0.000193604
2.78912e-09	-0.000193555
2.78918e-09	-0.000193506
2.78925e-09	-0.000193456
2.78931e-09	-0.000193407
2.78938e-09	-0.000193357
2.78944e-09	-0.000193307
2.7895e-09	-0.000193258
2.78957e-09	-0.000193208
2.78963e-09	-0.000193158
2.7897e-09	-0.000193108
2.78976e-09	-0.000193058
2.78982e-09	-0.000193008
2.78989e-09	-0.000192958
2.78995e-09	-0.000192907
2.79002e-09	-0.000192857
2.79008e-09	-0.000192807
2.79014e-09	-0.000192756
2.79021e-09	-0.000192706
2.79027e-09	-0.000192655
2.79034e-09	-0.000192604
2.7904e-09	-0.000192554
2.79046e-09	-0.000192503
2.79053e-09	-0.000192452
2.79059e-09	-0.000192401
2.79066e-09	-0.00019235
2.79072e-09	-0.000192299
2.79078e-09	-0.000192248
2.79085e-09	-0.000192196
2.79091e-09	-0.000192145
2.79098e-09	-0.000192093
2.79104e-09	-0.000192042
2.7911e-09	-0.00019199
2.79117e-09	-0.000191939
2.79123e-09	-0.000191887
2.7913e-09	-0.000191835
2.79136e-09	-0.000191784
2.79142e-09	-0.000191732
2.79149e-09	-0.00019168
2.79155e-09	-0.000191628
2.79162e-09	-0.000191575
2.79168e-09	-0.000191523
2.79174e-09	-0.000191471
2.79181e-09	-0.000191419
2.79187e-09	-0.000191366
2.79194e-09	-0.000191314
2.792e-09	-0.000191261
2.79206e-09	-0.000191209
2.79213e-09	-0.000191156
2.79219e-09	-0.000191103
2.79226e-09	-0.00019105
2.79232e-09	-0.000190998
2.79238e-09	-0.000190945
2.79245e-09	-0.000190892
2.79251e-09	-0.000190839
2.79258e-09	-0.000190785
2.79264e-09	-0.000190732
2.7927e-09	-0.000190679
2.79277e-09	-0.000190626
2.79283e-09	-0.000190572
2.7929e-09	-0.000190519
2.79296e-09	-0.000190465
2.79302e-09	-0.000190411
2.79309e-09	-0.000190358
2.79315e-09	-0.000190304
2.79322e-09	-0.00019025
2.79328e-09	-0.000190196
2.79334e-09	-0.000190142
2.79341e-09	-0.000190088
2.79347e-09	-0.000190034
2.79354e-09	-0.00018998
2.7936e-09	-0.000189926
2.79366e-09	-0.000189872
2.79373e-09	-0.000189817
2.79379e-09	-0.000189763
2.79386e-09	-0.000189708
2.79392e-09	-0.000189654
2.79398e-09	-0.000189599
2.79405e-09	-0.000189544
2.79411e-09	-0.00018949
2.79418e-09	-0.000189435
2.79424e-09	-0.00018938
2.7943e-09	-0.000189325
2.79437e-09	-0.00018927
2.79443e-09	-0.000189215
2.7945e-09	-0.00018916
2.79456e-09	-0.000189105
2.79462e-09	-0.000189049
2.79469e-09	-0.000188994
2.79475e-09	-0.000188939
2.79482e-09	-0.000188883
2.79488e-09	-0.000188828
2.79494e-09	-0.000188772
2.79501e-09	-0.000188717
2.79507e-09	-0.000188661
2.79514e-09	-0.000188605
2.7952e-09	-0.000188549
2.79526e-09	-0.000188493
2.79533e-09	-0.000188438
2.79539e-09	-0.000188382
2.79546e-09	-0.000188325
2.79552e-09	-0.000188269
2.79558e-09	-0.000188213
2.79565e-09	-0.000188157
2.79571e-09	-0.000188101
2.79578e-09	-0.000188044
2.79584e-09	-0.000187988
2.7959e-09	-0.000187931
2.79597e-09	-0.000187875
2.79603e-09	-0.000187818
2.7961e-09	-0.000187761
2.79616e-09	-0.000187705
2.79622e-09	-0.000187648
2.79629e-09	-0.000187591
2.79635e-09	-0.000187534
2.79642e-09	-0.000187477
2.79648e-09	-0.00018742
2.79654e-09	-0.000187363
2.79661e-09	-0.000187306
2.79667e-09	-0.000187249
2.79674e-09	-0.000187191
2.7968e-09	-0.000187134
2.79686e-09	-0.000187077
2.79693e-09	-0.000187019
2.79699e-09	-0.000186962
2.79706e-09	-0.000186904
2.79712e-09	-0.000186846
2.79718e-09	-0.000186789
2.79725e-09	-0.000186731
2.79731e-09	-0.000186673
2.79738e-09	-0.000186615
2.79744e-09	-0.000186557
2.7975e-09	-0.000186499
2.79757e-09	-0.000186441
2.79763e-09	-0.000186383
2.7977e-09	-0.000186325
2.79776e-09	-0.000186267
2.79782e-09	-0.000186209
2.79789e-09	-0.00018615
2.79795e-09	-0.000186092
2.79802e-09	-0.000186034
2.79808e-09	-0.000185975
2.79814e-09	-0.000185917
2.79821e-09	-0.000185858
2.79827e-09	-0.000185799
2.79834e-09	-0.000185741
2.7984e-09	-0.000185682
2.79846e-09	-0.000185623
2.79853e-09	-0.000185564
2.79859e-09	-0.000185505
2.79866e-09	-0.000185446
2.79872e-09	-0.000185387
2.79878e-09	-0.000185328
2.79885e-09	-0.000185269
2.79891e-09	-0.00018521
2.79898e-09	-0.00018515
2.79904e-09	-0.000185091
2.7991e-09	-0.000185032
2.79917e-09	-0.000184972
2.79923e-09	-0.000184913
2.7993e-09	-0.000184853
2.79936e-09	-0.000184794
2.79942e-09	-0.000184734
2.79949e-09	-0.000184674
2.79955e-09	-0.000184615
2.79962e-09	-0.000184555
2.79968e-09	-0.000184495
2.79974e-09	-0.000184435
2.79981e-09	-0.000184375
2.79987e-09	-0.000184315
2.79994e-09	-0.000184255
2.8e-09	-0.000184195
2.80006e-09	-0.000184135
2.80013e-09	-0.000184074
2.80019e-09	-0.000184014
2.80026e-09	-0.000183954
2.80032e-09	-0.000183893
2.80038e-09	-0.000183833
2.80045e-09	-0.000183772
2.80051e-09	-0.000183712
2.80058e-09	-0.000183651
2.80064e-09	-0.000183591
2.8007e-09	-0.00018353
2.80077e-09	-0.000183469
2.80083e-09	-0.000183408
2.8009e-09	-0.000183348
2.80096e-09	-0.000183287
2.80102e-09	-0.000183226
2.80109e-09	-0.000183165
2.80115e-09	-0.000183104
2.80122e-09	-0.000183043
2.80128e-09	-0.000182981
2.80134e-09	-0.00018292
2.80141e-09	-0.000182859
2.80147e-09	-0.000182798
2.80154e-09	-0.000182736
2.8016e-09	-0.000182675
2.80166e-09	-0.000182613
2.80173e-09	-0.000182552
2.80179e-09	-0.00018249
2.80186e-09	-0.000182429
2.80192e-09	-0.000182367
2.80198e-09	-0.000182305
2.80205e-09	-0.000182244
2.80211e-09	-0.000182182
2.80218e-09	-0.00018212
2.80224e-09	-0.000182058
2.8023e-09	-0.000181996
2.80237e-09	-0.000181934
2.80243e-09	-0.000181872
2.8025e-09	-0.00018181
2.80256e-09	-0.000181748
2.80262e-09	-0.000181686
2.80269e-09	-0.000181623
2.80275e-09	-0.000181561
2.80282e-09	-0.000181499
2.80288e-09	-0.000181436
2.80294e-09	-0.000181374
2.80301e-09	-0.000181312
2.80307e-09	-0.000181249
2.80314e-09	-0.000181186
2.8032e-09	-0.000181124
2.80326e-09	-0.000181061
2.80333e-09	-0.000180998
2.80339e-09	-0.000180936
2.80346e-09	-0.000180873
2.80352e-09	-0.00018081
2.80359e-09	-0.000180747
2.80365e-09	-0.000180684
2.80371e-09	-0.000180621
2.80378e-09	-0.000180558
2.80384e-09	-0.000180495
2.80391e-09	-0.000180432
2.80397e-09	-0.000180369
2.80403e-09	-0.000180306
2.8041e-09	-0.000180242
2.80416e-09	-0.000180179
2.80423e-09	-0.000180116
2.80429e-09	-0.000180052
2.80435e-09	-0.000179989
2.80442e-09	-0.000179925
2.80448e-09	-0.000179862
2.80455e-09	-0.000179798
2.80461e-09	-0.000179735
2.80467e-09	-0.000179671
2.80474e-09	-0.000179607
2.8048e-09	-0.000179544
2.80487e-09	-0.00017948
2.80493e-09	-0.000179416
2.80499e-09	-0.000179352
2.80506e-09	-0.000179288
2.80512e-09	-0.000179224
2.80519e-09	-0.00017916
2.80525e-09	-0.000179096
2.80531e-09	-0.000179032
2.80538e-09	-0.000178968
2.80544e-09	-0.000178904
2.80551e-09	-0.00017884
2.80557e-09	-0.000178775
2.80563e-09	-0.000178711
2.8057e-09	-0.000178647
2.80576e-09	-0.000178582
2.80583e-09	-0.000178518
2.80589e-09	-0.000178453
2.80595e-09	-0.000178389
2.80602e-09	-0.000178324
2.80608e-09	-0.00017826
2.80615e-09	-0.000178195
2.80621e-09	-0.00017813
2.80627e-09	-0.000178066
2.80634e-09	-0.000178001
2.8064e-09	-0.000177936
2.80647e-09	-0.000177871
2.80653e-09	-0.000177806
2.80659e-09	-0.000177741
2.80666e-09	-0.000177676
2.80672e-09	-0.000177611
2.80679e-09	-0.000177546
2.80685e-09	-0.000177481
2.80691e-09	-0.000177416
2.80698e-09	-0.000177351
2.80704e-09	-0.000177286
2.80711e-09	-0.000177221
2.80717e-09	-0.000177155
2.80723e-09	-0.00017709
2.8073e-09	-0.000177025
2.80736e-09	-0.000176959
2.80743e-09	-0.000176894
2.80749e-09	-0.000176828
2.80755e-09	-0.000176763
2.80762e-09	-0.000176697
2.80768e-09	-0.000176631
2.80775e-09	-0.000176566
2.80781e-09	-0.0001765
2.80787e-09	-0.000176434
2.80794e-09	-0.000176369
2.808e-09	-0.000176303
2.80807e-09	-0.000176237
2.80813e-09	-0.000176171
2.80819e-09	-0.000176105
2.80826e-09	-0.000176039
2.80832e-09	-0.000175973
2.80839e-09	-0.000175907
2.80845e-09	-0.000175841
2.80851e-09	-0.000175775
2.80858e-09	-0.000175709
2.80864e-09	-0.000175643
2.80871e-09	-0.000175577
2.80877e-09	-0.00017551
2.80883e-09	-0.000175444
2.8089e-09	-0.000175378
2.80896e-09	-0.000175311
2.80903e-09	-0.000175245
2.80909e-09	-0.000175178
2.80915e-09	-0.000175112
2.80922e-09	-0.000175045
2.80928e-09	-0.000174979
2.80935e-09	-0.000174912
2.80941e-09	-0.000174846
2.80947e-09	-0.000174779
2.80954e-09	-0.000174712
2.8096e-09	-0.000174646
2.80967e-09	-0.000174579
2.80973e-09	-0.000174512
2.80979e-09	-0.000174445
2.80986e-09	-0.000174378
2.80992e-09	-0.000174311
2.80999e-09	-0.000174244
2.81005e-09	-0.000174178
2.81011e-09	-0.00017411
2.81018e-09	-0.000174043
2.81024e-09	-0.000173976
2.81031e-09	-0.000173909
2.81037e-09	-0.000173842
2.81043e-09	-0.000173775
2.8105e-09	-0.000173708
2.81056e-09	-0.00017364
2.81063e-09	-0.000173573
2.81069e-09	-0.000173506
2.81075e-09	-0.000173438
2.81082e-09	-0.000173371
2.81088e-09	-0.000173304
2.81095e-09	-0.000173236
2.81101e-09	-0.000173169
2.81107e-09	-0.000173101
2.81114e-09	-0.000173034
2.8112e-09	-0.000172966
2.81127e-09	-0.000172898
2.81133e-09	-0.000172831
2.81139e-09	-0.000172763
2.81146e-09	-0.000172695
2.81152e-09	-0.000172628
2.81159e-09	-0.00017256
2.81165e-09	-0.000172492
2.81171e-09	-0.000172424
2.81178e-09	-0.000172356
2.81184e-09	-0.000172288
2.81191e-09	-0.00017222
2.81197e-09	-0.000172152
2.81203e-09	-0.000172084
2.8121e-09	-0.000172016
2.81216e-09	-0.000171948
2.81223e-09	-0.00017188
2.81229e-09	-0.000171812
2.81235e-09	-0.000171744
2.81242e-09	-0.000171676
2.81248e-09	-0.000171607
2.81255e-09	-0.000171539
2.81261e-09	-0.000171471
2.81267e-09	-0.000171402
2.81274e-09	-0.000171334
2.8128e-09	-0.000171266
2.81287e-09	-0.000171197
2.81293e-09	-0.000171129
2.81299e-09	-0.00017106
2.81306e-09	-0.000170992
2.81312e-09	-0.000170923
2.81319e-09	-0.000170855
2.81325e-09	-0.000170786
2.81331e-09	-0.000170717
2.81338e-09	-0.000170649
2.81344e-09	-0.00017058
2.81351e-09	-0.000170511
2.81357e-09	-0.000170443
2.81363e-09	-0.000170374
2.8137e-09	-0.000170305
2.81376e-09	-0.000170236
2.81383e-09	-0.000170167
2.81389e-09	-0.000170098
2.81395e-09	-0.00017003
2.81402e-09	-0.000169961
2.81408e-09	-0.000169892
2.81415e-09	-0.000169823
2.81421e-09	-0.000169754
2.81427e-09	-0.000169684
2.81434e-09	-0.000169615
2.8144e-09	-0.000169546
2.81447e-09	-0.000169477
2.81453e-09	-0.000169408
2.81459e-09	-0.000169339
2.81466e-09	-0.000169269
2.81472e-09	-0.0001692
2.81479e-09	-0.000169131
2.81485e-09	-0.000169062
2.81491e-09	-0.000168992
2.81498e-09	-0.000168923
2.81504e-09	-0.000168853
2.81511e-09	-0.000168784
2.81517e-09	-0.000168714
2.81523e-09	-0.000168645
2.8153e-09	-0.000168575
2.81536e-09	-0.000168506
2.81543e-09	-0.000168436
2.81549e-09	-0.000168367
2.81555e-09	-0.000168297
2.81562e-09	-0.000168227
2.81568e-09	-0.000168158
2.81575e-09	-0.000168088
2.81581e-09	-0.000168018
2.81587e-09	-0.000167949
2.81594e-09	-0.000167879
2.816e-09	-0.000167809
2.81607e-09	-0.000167739
2.81613e-09	-0.000167669
2.81619e-09	-0.000167599
2.81626e-09	-0.00016753
2.81632e-09	-0.00016746
2.81639e-09	-0.00016739
2.81645e-09	-0.00016732
2.81651e-09	-0.00016725
2.81658e-09	-0.00016718
2.81664e-09	-0.000167109
2.81671e-09	-0.000167039
2.81677e-09	-0.000166969
2.81683e-09	-0.000166899
2.8169e-09	-0.000166829
2.81696e-09	-0.000166759
2.81703e-09	-0.000166689
2.81709e-09	-0.000166618
2.81715e-09	-0.000166548
2.81722e-09	-0.000166478
2.81728e-09	-0.000166407
2.81735e-09	-0.000166337
2.81741e-09	-0.000166267
2.81747e-09	-0.000166196
2.81754e-09	-0.000166126
2.8176e-09	-0.000166056
2.81767e-09	-0.000165985
2.81773e-09	-0.000165915
2.81779e-09	-0.000165844
2.81786e-09	-0.000165774
2.81792e-09	-0.000165703
2.81799e-09	-0.000165632
2.81805e-09	-0.000165562
2.81811e-09	-0.000165491
2.81818e-09	-0.000165421
2.81824e-09	-0.00016535
2.81831e-09	-0.000165279
2.81837e-09	-0.000165209
2.81843e-09	-0.000165138
2.8185e-09	-0.000165067
2.81856e-09	-0.000164996
2.81863e-09	-0.000164925
2.81869e-09	-0.000164855
2.81875e-09	-0.000164784
2.81882e-09	-0.000164713
2.81888e-09	-0.000164642
2.81895e-09	-0.000164571
2.81901e-09	-0.0001645
2.81907e-09	-0.000164429
2.81914e-09	-0.000164358
2.8192e-09	-0.000164287
2.81927e-09	-0.000164216
2.81933e-09	-0.000164145
2.81939e-09	-0.000164074
2.81946e-09	-0.000164003
2.81952e-09	-0.000163932
2.81959e-09	-0.000163861
2.81965e-09	-0.00016379
2.81971e-09	-0.000163719
2.81978e-09	-0.000163647
2.81984e-09	-0.000163576
2.81991e-09	-0.000163505
2.81997e-09	-0.000163434
2.82003e-09	-0.000163362
2.8201e-09	-0.000163291
2.82016e-09	-0.00016322
2.82023e-09	-0.000163148
2.82029e-09	-0.000163077
2.82035e-09	-0.000163006
2.82042e-09	-0.000162934
2.82048e-09	-0.000162863
2.82055e-09	-0.000162792
2.82061e-09	-0.00016272
2.82067e-09	-0.000162649
2.82074e-09	-0.000162577
2.8208e-09	-0.000162506
2.82087e-09	-0.000162434
2.82093e-09	-0.000162363
2.821e-09	-0.000162291
2.82106e-09	-0.000162219
2.82112e-09	-0.000162148
2.82119e-09	-0.000162076
2.82125e-09	-0.000162004
2.82132e-09	-0.000161933
2.82138e-09	-0.000161861
2.82144e-09	-0.000161789
2.82151e-09	-0.000161718
2.82157e-09	-0.000161646
2.82164e-09	-0.000161574
2.8217e-09	-0.000161502
2.82176e-09	-0.000161431
2.82183e-09	-0.000161359
2.82189e-09	-0.000161287
2.82196e-09	-0.000161215
2.82202e-09	-0.000161143
2.82208e-09	-0.000161071
2.82215e-09	-0.000161
2.82221e-09	-0.000160928
2.82228e-09	-0.000160856
2.82234e-09	-0.000160784
2.8224e-09	-0.000160712
2.82247e-09	-0.00016064
2.82253e-09	-0.000160568
2.8226e-09	-0.000160496
2.82266e-09	-0.000160424
2.82272e-09	-0.000160352
2.82279e-09	-0.00016028
2.82285e-09	-0.000160207
2.82292e-09	-0.000160135
2.82298e-09	-0.000160063
2.82304e-09	-0.000159991
2.82311e-09	-0.000159919
2.82317e-09	-0.000159847
2.82324e-09	-0.000159775
2.8233e-09	-0.000159702
2.82336e-09	-0.00015963
2.82343e-09	-0.000159558
2.82349e-09	-0.000159486
2.82356e-09	-0.000159413
2.82362e-09	-0.000159341
2.82368e-09	-0.000159269
2.82375e-09	-0.000159197
2.82381e-09	-0.000159124
2.82388e-09	-0.000159052
2.82394e-09	-0.000158979
2.824e-09	-0.000158907
2.82407e-09	-0.000158835
2.82413e-09	-0.000158762
2.8242e-09	-0.00015869
2.82426e-09	-0.000158617
2.82432e-09	-0.000158545
2.82439e-09	-0.000158473
2.82445e-09	-0.0001584
2.82452e-09	-0.000158328
2.82458e-09	-0.000158255
2.82464e-09	-0.000158182
2.82471e-09	-0.00015811
2.82477e-09	-0.000158037
2.82484e-09	-0.000157965
2.8249e-09	-0.000157892
2.82496e-09	-0.00015782
2.82503e-09	-0.000157747
2.82509e-09	-0.000157674
2.82516e-09	-0.000157602
2.82522e-09	-0.000157529
2.82528e-09	-0.000157456
2.82535e-09	-0.000157384
2.82541e-09	-0.000157311
2.82548e-09	-0.000157238
2.82554e-09	-0.000157166
2.8256e-09	-0.000157093
2.82567e-09	-0.00015702
2.82573e-09	-0.000156947
2.8258e-09	-0.000156875
2.82586e-09	-0.000156802
2.82592e-09	-0.000156729
2.82599e-09	-0.000156656
2.82605e-09	-0.000156583
2.82612e-09	-0.00015651
2.82618e-09	-0.000156438
2.82624e-09	-0.000156365
2.82631e-09	-0.000156292
2.82637e-09	-0.000156219
2.82644e-09	-0.000156146
2.8265e-09	-0.000156073
2.82656e-09	-0.000156
2.82663e-09	-0.000155927
2.82669e-09	-0.000155854
2.82676e-09	-0.000155781
2.82682e-09	-0.000155708
2.82688e-09	-0.000155635
2.82695e-09	-0.000155562
2.82701e-09	-0.000155489
2.82708e-09	-0.000155416
2.82714e-09	-0.000155343
2.8272e-09	-0.00015527
2.82727e-09	-0.000155197
2.82733e-09	-0.000155124
2.8274e-09	-0.000155051
2.82746e-09	-0.000154978
2.82752e-09	-0.000154905
2.82759e-09	-0.000154832
2.82765e-09	-0.000154759
2.82772e-09	-0.000154685
2.82778e-09	-0.000154612
2.82784e-09	-0.000154539
2.82791e-09	-0.000154466
2.82797e-09	-0.000154393
2.82804e-09	-0.00015432
2.8281e-09	-0.000154246
2.82816e-09	-0.000154173
2.82823e-09	-0.0001541
2.82829e-09	-0.000154027
2.82836e-09	-0.000153953
2.82842e-09	-0.00015388
2.82848e-09	-0.000153807
2.82855e-09	-0.000153734
2.82861e-09	-0.00015366
2.82868e-09	-0.000153587
2.82874e-09	-0.000153514
2.8288e-09	-0.00015344
2.82887e-09	-0.000153367
2.82893e-09	-0.000153294
2.829e-09	-0.00015322
2.82906e-09	-0.000153147
2.82912e-09	-0.000153074
2.82919e-09	-0.000153
2.82925e-09	-0.000152927
2.82932e-09	-0.000152854
2.82938e-09	-0.00015278
2.82944e-09	-0.000152707
2.82951e-09	-0.000152633
2.82957e-09	-0.00015256
2.82964e-09	-0.000152487
2.8297e-09	-0.000152413
2.82976e-09	-0.00015234
2.82983e-09	-0.000152266
2.82989e-09	-0.000152193
2.82996e-09	-0.000152119
2.83002e-09	-0.000152046
2.83008e-09	-0.000151972
2.83015e-09	-0.000151899
2.83021e-09	-0.000151825
2.83028e-09	-0.000151752
2.83034e-09	-0.000151678
2.8304e-09	-0.000151605
2.83047e-09	-0.000151531
2.83053e-09	-0.000151458
2.8306e-09	-0.000151384
2.83066e-09	-0.00015131
2.83072e-09	-0.000151237
2.83079e-09	-0.000151163
2.83085e-09	-0.00015109
2.83092e-09	-0.000151016
2.83098e-09	-0.000150942
2.83104e-09	-0.000150869
2.83111e-09	-0.000150795
2.83117e-09	-0.000150722
2.83124e-09	-0.000150648
2.8313e-09	-0.000150574
2.83136e-09	-0.000150501
2.83143e-09	-0.000150427
2.83149e-09	-0.000150353
2.83156e-09	-0.00015028
2.83162e-09	-0.000150206
2.83168e-09	-0.000150132
2.83175e-09	-0.000150059
2.83181e-09	-0.000149985
2.83188e-09	-0.000149911
2.83194e-09	-0.000149837
2.832e-09	-0.000149764
2.83207e-09	-0.00014969
2.83213e-09	-0.000149616
2.8322e-09	-0.000149543
2.83226e-09	-0.000149469
2.83232e-09	-0.000149395
2.83239e-09	-0.000149321
2.83245e-09	-0.000149248
2.83252e-09	-0.000149174
2.83258e-09	-0.0001491
2.83264e-09	-0.000149026
2.83271e-09	-0.000148953
2.83277e-09	-0.000148879
2.83284e-09	-0.000148805
2.8329e-09	-0.000148731
2.83296e-09	-0.000148657
2.83303e-09	-0.000148584
2.83309e-09	-0.00014851
2.83316e-09	-0.000148436
2.83322e-09	-0.000148362
2.83328e-09	-0.000148288
2.83335e-09	-0.000148214
2.83341e-09	-0.000148141
2.83348e-09	-0.000148067
2.83354e-09	-0.000147993
2.8336e-09	-0.000147919
2.83367e-09	-0.000147845
2.83373e-09	-0.000147771
2.8338e-09	-0.000147697
2.83386e-09	-0.000147624
2.83392e-09	-0.00014755
2.83399e-09	-0.000147476
2.83405e-09	-0.000147402
2.83412e-09	-0.000147328
2.83418e-09	-0.000147254
2.83424e-09	-0.00014718
2.83431e-09	-0.000147106
2.83437e-09	-0.000147033
2.83444e-09	-0.000146959
2.8345e-09	-0.000146885
2.83456e-09	-0.000146811
2.83463e-09	-0.000146737
2.83469e-09	-0.000146663
2.83476e-09	-0.000146589
2.83482e-09	-0.000146515
2.83488e-09	-0.000146441
2.83495e-09	-0.000146367
2.83501e-09	-0.000146293
2.83508e-09	-0.000146219
2.83514e-09	-0.000146145
2.8352e-09	-0.000146071
2.83527e-09	-0.000145998
2.83533e-09	-0.000145924
2.8354e-09	-0.00014585
2.83546e-09	-0.000145776
2.83552e-09	-0.000145702
2.83559e-09	-0.000145628
2.83565e-09	-0.000145554
2.83572e-09	-0.00014548
2.83578e-09	-0.000145406
2.83584e-09	-0.000145332
2.83591e-09	-0.000145258
2.83597e-09	-0.000145184
2.83604e-09	-0.00014511
2.8361e-09	-0.000145036
2.83616e-09	-0.000144962
2.83623e-09	-0.000144888
2.83629e-09	-0.000144814
2.83636e-09	-0.00014474
2.83642e-09	-0.000144666
2.83648e-09	-0.000144592
2.83655e-09	-0.000144518
2.83661e-09	-0.000144444
2.83668e-09	-0.00014437
2.83674e-09	-0.000144296
2.8368e-09	-0.000144222
2.83687e-09	-0.000144148
2.83693e-09	-0.000144074
2.837e-09	-0.000144
2.83706e-09	-0.000143926
2.83712e-09	-0.000143852
2.83719e-09	-0.000143778
2.83725e-09	-0.000143704
2.83732e-09	-0.00014363
2.83738e-09	-0.000143556
2.83744e-09	-0.000143482
2.83751e-09	-0.000143408
2.83757e-09	-0.000143334
2.83764e-09	-0.00014326
2.8377e-09	-0.000143186
2.83776e-09	-0.000143112
2.83783e-09	-0.000143038
2.83789e-09	-0.000142964
2.83796e-09	-0.00014289
2.83802e-09	-0.000142816
2.83808e-09	-0.000142742
2.83815e-09	-0.000142668
2.83821e-09	-0.000142594
2.83828e-09	-0.00014252
2.83834e-09	-0.000142446
2.83841e-09	-0.000142372
2.83847e-09	-0.000142298
2.83853e-09	-0.000142224
2.8386e-09	-0.000142149
2.83866e-09	-0.000142075
2.83873e-09	-0.000142001
2.83879e-09	-0.000141927
2.83885e-09	-0.000141853
2.83892e-09	-0.000141779
2.83898e-09	-0.000141705
2.83905e-09	-0.000141631
2.83911e-09	-0.000141557
2.83917e-09	-0.000141483
2.83924e-09	-0.000141409
2.8393e-09	-0.000141335
2.83937e-09	-0.000141261
2.83943e-09	-0.000141187
2.83949e-09	-0.000141113
2.83956e-09	-0.000141039
2.83962e-09	-0.000140965
2.83969e-09	-0.000140891
2.83975e-09	-0.000140817
2.83981e-09	-0.000140743
2.83988e-09	-0.000140669
2.83994e-09	-0.000140595
2.84001e-09	-0.000140521
2.84007e-09	-0.000140447
2.84013e-09	-0.000140373
2.8402e-09	-0.000140299
2.84026e-09	-0.000140225
2.84033e-09	-0.000140151
2.84039e-09	-0.000140077
2.84045e-09	-0.000140003
2.84052e-09	-0.000139929
2.84058e-09	-0.000139855
2.84065e-09	-0.000139781
2.84071e-09	-0.000139707
2.84077e-09	-0.000139633
2.84084e-09	-0.000139559
2.8409e-09	-0.000139485
2.84097e-09	-0.000139411
2.84103e-09	-0.000139337
2.84109e-09	-0.000139263
2.84116e-09	-0.000139189
2.84122e-09	-0.000139115
2.84129e-09	-0.000139041
2.84135e-09	-0.000138967
2.84141e-09	-0.000138893
2.84148e-09	-0.00013882
2.84154e-09	-0.000138746
2.84161e-09	-0.000138672
2.84167e-09	-0.000138598
2.84173e-09	-0.000138524
2.8418e-09	-0.00013845
2.84186e-09	-0.000138376
2.84193e-09	-0.000138302
2.84199e-09	-0.000138228
2.84205e-09	-0.000138154
2.84212e-09	-0.00013808
2.84218e-09	-0.000138006
2.84225e-09	-0.000137932
2.84231e-09	-0.000137858
2.84237e-09	-0.000137784
2.84244e-09	-0.00013771
2.8425e-09	-0.000137637
2.84257e-09	-0.000137563
2.84263e-09	-0.000137489
2.84269e-09	-0.000137415
2.84276e-09	-0.000137341
2.84282e-09	-0.000137267
2.84289e-09	-0.000137193
2.84295e-09	-0.000137119
2.84301e-09	-0.000137045
2.84308e-09	-0.000136972
2.84314e-09	-0.000136898
2.84321e-09	-0.000136824
2.84327e-09	-0.00013675
2.84333e-09	-0.000136676
2.8434e-09	-0.000136602
2.84346e-09	-0.000136528
2.84353e-09	-0.000136455
2.84359e-09	-0.000136381
2.84365e-09	-0.000136307
2.84372e-09	-0.000136233
2.84378e-09	-0.000136159
2.84385e-09	-0.000136085
2.84391e-09	-0.000136012
2.84397e-09	-0.000135938
2.84404e-09	-0.000135864
2.8441e-09	-0.00013579
2.84417e-09	-0.000135716
2.84423e-09	-0.000135643
2.84429e-09	-0.000135569
2.84436e-09	-0.000135495
2.84442e-09	-0.000135421
2.84449e-09	-0.000135347
2.84455e-09	-0.000135274
2.84461e-09	-0.0001352
2.84468e-09	-0.000135126
2.84474e-09	-0.000135052
2.84481e-09	-0.000134979
2.84487e-09	-0.000134905
2.84493e-09	-0.000134831
2.845e-09	-0.000134757
2.84506e-09	-0.000134684
2.84513e-09	-0.00013461
2.84519e-09	-0.000134536
2.84525e-09	-0.000134462
2.84532e-09	-0.000134389
2.84538e-09	-0.000134315
2.84545e-09	-0.000134241
2.84551e-09	-0.000134168
2.84557e-09	-0.000134094
2.84564e-09	-0.00013402
2.8457e-09	-0.000133947
2.84577e-09	-0.000133873
2.84583e-09	-0.000133799
2.84589e-09	-0.000133726
2.84596e-09	-0.000133652
2.84602e-09	-0.000133578
2.84609e-09	-0.000133505
2.84615e-09	-0.000133431
2.84621e-09	-0.000133358
2.84628e-09	-0.000133284
2.84634e-09	-0.00013321
2.84641e-09	-0.000133137
2.84647e-09	-0.000133063
2.84653e-09	-0.00013299
2.8466e-09	-0.000132916
2.84666e-09	-0.000132842
2.84673e-09	-0.000132769
2.84679e-09	-0.000132695
2.84685e-09	-0.000132622
2.84692e-09	-0.000132548
2.84698e-09	-0.000132475
2.84705e-09	-0.000132401
2.84711e-09	-0.000132328
2.84717e-09	-0.000132254
2.84724e-09	-0.000132181
2.8473e-09	-0.000132107
2.84737e-09	-0.000132034
2.84743e-09	-0.00013196
2.84749e-09	-0.000131887
2.84756e-09	-0.000131813
2.84762e-09	-0.00013174
2.84769e-09	-0.000131666
2.84775e-09	-0.000131593
2.84781e-09	-0.000131519
2.84788e-09	-0.000131446
2.84794e-09	-0.000131372
2.84801e-09	-0.000131299
2.84807e-09	-0.000131226
2.84813e-09	-0.000131152
2.8482e-09	-0.000131079
2.84826e-09	-0.000131005
2.84833e-09	-0.000130932
2.84839e-09	-0.000130859
2.84845e-09	-0.000130785
2.84852e-09	-0.000130712
2.84858e-09	-0.000130639
2.84865e-09	-0.000130565
2.84871e-09	-0.000130492
2.84877e-09	-0.000130419
2.84884e-09	-0.000130345
2.8489e-09	-0.000130272
2.84897e-09	-0.000130199
2.84903e-09	-0.000130125
2.84909e-09	-0.000130052
2.84916e-09	-0.000129979
2.84922e-09	-0.000129906
2.84929e-09	-0.000129832
2.84935e-09	-0.000129759
2.84941e-09	-0.000129686
2.84948e-09	-0.000129613
2.84954e-09	-0.000129539
2.84961e-09	-0.000129466
2.84967e-09	-0.000129393
2.84973e-09	-0.00012932
2.8498e-09	-0.000129247
2.84986e-09	-0.000129173
2.84993e-09	-0.0001291
2.84999e-09	-0.000129027
2.85005e-09	-0.000128954
2.85012e-09	-0.000128881
2.85018e-09	-0.000128808
2.85025e-09	-0.000128735
2.85031e-09	-0.000128661
2.85037e-09	-0.000128588
2.85044e-09	-0.000128515
2.8505e-09	-0.000128442
2.85057e-09	-0.000128369
2.85063e-09	-0.000128296
2.85069e-09	-0.000128223
2.85076e-09	-0.00012815
2.85082e-09	-0.000128077
2.85089e-09	-0.000128004
2.85095e-09	-0.000127931
2.85101e-09	-0.000127858
2.85108e-09	-0.000127785
2.85114e-09	-0.000127712
2.85121e-09	-0.000127639
2.85127e-09	-0.000127566
2.85133e-09	-0.000127493
2.8514e-09	-0.00012742
2.85146e-09	-0.000127347
2.85153e-09	-0.000127274
2.85159e-09	-0.000127201
2.85165e-09	-0.000127128
2.85172e-09	-0.000127055
2.85178e-09	-0.000126983
2.85185e-09	-0.00012691
2.85191e-09	-0.000126837
2.85197e-09	-0.000126764
2.85204e-09	-0.000126691
2.8521e-09	-0.000126618
2.85217e-09	-0.000126545
2.85223e-09	-0.000126473
2.85229e-09	-0.0001264
2.85236e-09	-0.000126327
2.85242e-09	-0.000126254
2.85249e-09	-0.000126182
2.85255e-09	-0.000126109
2.85261e-09	-0.000126036
2.85268e-09	-0.000125963
2.85274e-09	-0.000125891
2.85281e-09	-0.000125818
2.85287e-09	-0.000125745
2.85293e-09	-0.000125672
2.853e-09	-0.0001256
2.85306e-09	-0.000125527
2.85313e-09	-0.000125454
2.85319e-09	-0.000125382
2.85325e-09	-0.000125309
2.85332e-09	-0.000125237
2.85338e-09	-0.000125164
2.85345e-09	-0.000125091
2.85351e-09	-0.000125019
2.85357e-09	-0.000124946
2.85364e-09	-0.000124874
2.8537e-09	-0.000124801
2.85377e-09	-0.000124729
2.85383e-09	-0.000124656
2.85389e-09	-0.000124583
2.85396e-09	-0.000124511
2.85402e-09	-0.000124438
2.85409e-09	-0.000124366
2.85415e-09	-0.000124294
2.85421e-09	-0.000124221
2.85428e-09	-0.000124149
2.85434e-09	-0.000124076
2.85441e-09	-0.000124004
2.85447e-09	-0.000123931
2.85453e-09	-0.000123859
2.8546e-09	-0.000123787
2.85466e-09	-0.000123714
2.85473e-09	-0.000123642
2.85479e-09	-0.000123569
2.85485e-09	-0.000123497
2.85492e-09	-0.000123425
2.85498e-09	-0.000123352
2.85505e-09	-0.00012328
2.85511e-09	-0.000123208
2.85517e-09	-0.000123136
2.85524e-09	-0.000123063
2.8553e-09	-0.000122991
2.85537e-09	-0.000122919
2.85543e-09	-0.000122847
2.85549e-09	-0.000122774
2.85556e-09	-0.000122702
2.85562e-09	-0.00012263
2.85569e-09	-0.000122558
2.85575e-09	-0.000122486
2.85581e-09	-0.000122414
2.85588e-09	-0.000122341
2.85594e-09	-0.000122269
2.85601e-09	-0.000122197
2.85607e-09	-0.000122125
2.85614e-09	-0.000122053
2.8562e-09	-0.000121981
2.85626e-09	-0.000121909
2.85633e-09	-0.000121837
2.85639e-09	-0.000121765
2.85646e-09	-0.000121693
2.85652e-09	-0.000121621
2.85658e-09	-0.000121549
2.85665e-09	-0.000121477
2.85671e-09	-0.000121405
2.85678e-09	-0.000121333
2.85684e-09	-0.000121261
2.8569e-09	-0.000121189
2.85697e-09	-0.000121117
2.85703e-09	-0.000121045
2.8571e-09	-0.000120973
2.85716e-09	-0.000120901
2.85722e-09	-0.00012083
2.85729e-09	-0.000120758
2.85735e-09	-0.000120686
2.85742e-09	-0.000120614
2.85748e-09	-0.000120542
2.85754e-09	-0.000120471
2.85761e-09	-0.000120399
2.85767e-09	-0.000120327
2.85774e-09	-0.000120255
2.8578e-09	-0.000120184
2.85786e-09	-0.000120112
2.85793e-09	-0.00012004
2.85799e-09	-0.000119968
2.85806e-09	-0.000119897
2.85812e-09	-0.000119825
2.85818e-09	-0.000119753
2.85825e-09	-0.000119682
2.85831e-09	-0.00011961
2.85838e-09	-0.000119539
2.85844e-09	-0.000119467
2.8585e-09	-0.000119395
2.85857e-09	-0.000119324
2.85863e-09	-0.000119252
2.8587e-09	-0.000119181
2.85876e-09	-0.000119109
2.85882e-09	-0.000119038
2.85889e-09	-0.000118966
2.85895e-09	-0.000118895
2.85902e-09	-0.000118823
2.85908e-09	-0.000118752
2.85914e-09	-0.000118681
2.85921e-09	-0.000118609
2.85927e-09	-0.000118538
2.85934e-09	-0.000118466
2.8594e-09	-0.000118395
2.85946e-09	-0.000118324
2.85953e-09	-0.000118252
2.85959e-09	-0.000118181
2.85966e-09	-0.00011811
2.85972e-09	-0.000118038
2.85978e-09	-0.000117967
2.85985e-09	-0.000117896
2.85991e-09	-0.000117825
2.85998e-09	-0.000117753
2.86004e-09	-0.000117682
2.8601e-09	-0.000117611
2.86017e-09	-0.00011754
2.86023e-09	-0.000117469
2.8603e-09	-0.000117397
2.86036e-09	-0.000117326
2.86042e-09	-0.000117255
2.86049e-09	-0.000117184
2.86055e-09	-0.000117113
2.86062e-09	-0.000117042
2.86068e-09	-0.000116971
2.86074e-09	-0.0001169
2.86081e-09	-0.000116829
2.86087e-09	-0.000116758
2.86094e-09	-0.000116687
2.861e-09	-0.000116616
2.86106e-09	-0.000116545
2.86113e-09	-0.000116474
2.86119e-09	-0.000116403
2.86126e-09	-0.000116332
2.86132e-09	-0.000116261
2.86138e-09	-0.00011619
2.86145e-09	-0.000116119
2.86151e-09	-0.000116048
2.86158e-09	-0.000115978
2.86164e-09	-0.000115907
2.8617e-09	-0.000115836
2.86177e-09	-0.000115765
2.86183e-09	-0.000115694
2.8619e-09	-0.000115624
2.86196e-09	-0.000115553
2.86202e-09	-0.000115482
2.86209e-09	-0.000115411
2.86215e-09	-0.000115341
2.86222e-09	-0.00011527
2.86228e-09	-0.000115199
2.86234e-09	-0.000115129
2.86241e-09	-0.000115058
2.86247e-09	-0.000114987
2.86254e-09	-0.000114917
2.8626e-09	-0.000114846
2.86266e-09	-0.000114776
2.86273e-09	-0.000114705
2.86279e-09	-0.000114635
2.86286e-09	-0.000114564
2.86292e-09	-0.000114494
2.86298e-09	-0.000114423
2.86305e-09	-0.000114353
2.86311e-09	-0.000114282
2.86318e-09	-0.000114212
2.86324e-09	-0.000114141
2.8633e-09	-0.000114071
2.86337e-09	-0.000114001
2.86343e-09	-0.00011393
2.8635e-09	-0.00011386
2.86356e-09	-0.00011379
2.86362e-09	-0.000113719
2.86369e-09	-0.000113649
2.86375e-09	-0.000113579
2.86382e-09	-0.000113508
2.86388e-09	-0.000113438
2.86394e-09	-0.000113368
2.86401e-09	-0.000113298
2.86407e-09	-0.000113228
2.86414e-09	-0.000113157
2.8642e-09	-0.000113087
2.86426e-09	-0.000113017
2.86433e-09	-0.000112947
2.86439e-09	-0.000112877
2.86446e-09	-0.000112807
2.86452e-09	-0.000112737
2.86458e-09	-0.000112667
2.86465e-09	-0.000112597
2.86471e-09	-0.000112527
2.86478e-09	-0.000112457
