3.20037e-14	0
9.6011e-14	-0.000112547
1.60018e-13	-0.000112617
2.24026e-13	-0.000112687
2.88033e-13	-0.000112758
3.5204e-13	-0.000112828
4.16048e-13	-0.000112898
4.80055e-13	-0.000112968
5.44062e-13	-0.000113038
6.0807e-13	-0.000113108
6.72077e-13	-0.000113178
7.36084e-13	-0.000113248
8.00092e-13	-0.000113319
8.64099e-13	-0.000113389
9.28106e-13	-0.000113459
9.92114e-13	-0.000113529
1.05612e-12	-0.0001136
1.12013e-12	-0.00011367
1.18414e-12	-0.00011374
1.24814e-12	-0.00011381
1.31215e-12	-0.000113881
1.37616e-12	-0.000113951
1.44016e-12	-0.000114022
1.50417e-12	-0.000114092
1.56818e-12	-0.000114162
1.63219e-12	-0.000114233
1.69619e-12	-0.000114303
1.7602e-12	-0.000114374
1.82421e-12	-0.000114444
1.88822e-12	-0.000114515
1.95222e-12	-0.000114585
2.01623e-12	-0.000114656
2.08024e-12	-0.000114726
2.14425e-12	-0.000114797
2.20825e-12	-0.000114867
2.27226e-12	-0.000114938
2.33627e-12	-0.000115008
2.40027e-12	-0.000115079
2.46428e-12	-0.00011515
2.52829e-12	-0.00011522
2.5923e-12	-0.000115291
2.6563e-12	-0.000115362
2.72031e-12	-0.000115432
2.78432e-12	-0.000115503
2.84833e-12	-0.000115574
2.91233e-12	-0.000115645
2.97634e-12	-0.000115715
3.04035e-12	-0.000115786
3.10436e-12	-0.000115857
3.16836e-12	-0.000115928
3.23237e-12	-0.000115999
3.29638e-12	-0.000116069
3.36038e-12	-0.00011614
3.42439e-12	-0.000116211
3.4884e-12	-0.000116282
3.55241e-12	-0.000116353
3.61641e-12	-0.000116424
3.68042e-12	-0.000116495
3.74443e-12	-0.000116566
3.80844e-12	-0.000116637
3.87244e-12	-0.000116708
3.93645e-12	-0.000116779
4.00046e-12	-0.00011685
4.06447e-12	-0.000116921
4.12847e-12	-0.000116992
4.19248e-12	-0.000117063
4.25649e-12	-0.000117134
4.32049e-12	-0.000117205
4.3845e-12	-0.000117276
4.44851e-12	-0.000117347
4.51252e-12	-0.000117419
4.57652e-12	-0.00011749
4.64053e-12	-0.000117561
4.70454e-12	-0.000117632
4.76855e-12	-0.000117703
4.83255e-12	-0.000117775
4.89656e-12	-0.000117846
4.96057e-12	-0.000117917
5.02458e-12	-0.000117988
5.08858e-12	-0.00011806
5.15259e-12	-0.000118131
5.2166e-12	-0.000118202
5.2806e-12	-0.000118273
5.34461e-12	-0.000118345
5.40862e-12	-0.000118416
5.47263e-12	-0.000118488
5.53663e-12	-0.000118559
5.60064e-12	-0.00011863
5.66465e-12	-0.000118702
5.72866e-12	-0.000118773
5.79266e-12	-0.000118845
5.85667e-12	-0.000118916
5.92068e-12	-0.000118988
5.98469e-12	-0.000119059
6.04869e-12	-0.000119131
6.1127e-12	-0.000119202
6.17671e-12	-0.000119274
6.24071e-12	-0.000119345
6.30472e-12	-0.000119417
6.36873e-12	-0.000119488
6.43274e-12	-0.00011956
6.49674e-12	-0.000119632
6.56075e-12	-0.000119703
6.62476e-12	-0.000119775
6.68877e-12	-0.000119846
6.75277e-12	-0.000119918
6.81678e-12	-0.00011999
6.88079e-12	-0.000120061
6.9448e-12	-0.000120133
7.0088e-12	-0.000120205
7.07281e-12	-0.000120277
7.13682e-12	-0.000120348
7.20082e-12	-0.00012042
7.26483e-12	-0.000120492
7.32884e-12	-0.000120564
7.39285e-12	-0.000120636
7.45685e-12	-0.000120707
7.52086e-12	-0.000120779
7.58487e-12	-0.000120851
7.64888e-12	-0.000120923
7.71288e-12	-0.000120995
7.77689e-12	-0.000121067
7.8409e-12	-0.000121139
7.90491e-12	-0.00012121
7.96891e-12	-0.000121282
8.03292e-12	-0.000121354
8.09693e-12	-0.000121426
8.16093e-12	-0.000121498
8.22494e-12	-0.00012157
8.28895e-12	-0.000121642
8.35296e-12	-0.000121714
8.41696e-12	-0.000121786
8.48097e-12	-0.000121858
8.54498e-12	-0.00012193
8.60899e-12	-0.000122002
8.67299e-12	-0.000122074
8.737e-12	-0.000122147
8.80101e-12	-0.000122219
8.86502e-12	-0.000122291
8.92902e-12	-0.000122363
8.99303e-12	-0.000122435
9.05704e-12	-0.000122507
9.12104e-12	-0.000122579
9.18505e-12	-0.000122652
9.24906e-12	-0.000122724
9.31307e-12	-0.000122796
9.37707e-12	-0.000122868
9.44108e-12	-0.00012294
9.50509e-12	-0.000123013
9.5691e-12	-0.000123085
9.6331e-12	-0.000123157
9.69711e-12	-0.000123229
9.76112e-12	-0.000123302
9.82512e-12	-0.000123374
9.88913e-12	-0.000123446
9.95314e-12	-0.000123519
1.00171e-11	-0.000123591
1.00812e-11	-0.000123663
1.01452e-11	-0.000123736
1.02092e-11	-0.000123808
1.02732e-11	-0.00012388
1.03372e-11	-0.000123953
1.04012e-11	-0.000124025
1.04652e-11	-0.000124098
1.05292e-11	-0.00012417
1.05932e-11	-0.000124243
1.06572e-11	-0.000124315
1.07212e-11	-0.000124388
1.07852e-11	-0.00012446
1.08492e-11	-0.000124533
1.09132e-11	-0.000124605
1.09773e-11	-0.000124678
1.10413e-11	-0.00012475
1.11053e-11	-0.000124823
1.11693e-11	-0.000124895
1.12333e-11	-0.000124968
1.12973e-11	-0.00012504
1.13613e-11	-0.000125113
1.14253e-11	-0.000125186
1.14893e-11	-0.000125258
1.15533e-11	-0.000125331
1.16173e-11	-0.000125403
1.16813e-11	-0.000125476
1.17453e-11	-0.000125549
1.18094e-11	-0.000125621
1.18734e-11	-0.000125694
1.19374e-11	-0.000125767
1.20014e-11	-0.000125839
1.20654e-11	-0.000125912
1.21294e-11	-0.000125985
1.21934e-11	-0.000126058
1.22574e-11	-0.00012613
1.23214e-11	-0.000126203
1.23854e-11	-0.000126276
1.24494e-11	-0.000126349
1.25134e-11	-0.000126422
1.25774e-11	-0.000126494
1.26414e-11	-0.000126567
1.27055e-11	-0.00012664
1.27695e-11	-0.000126713
1.28335e-11	-0.000126786
1.28975e-11	-0.000126858
1.29615e-11	-0.000126931
1.30255e-11	-0.000127004
1.30895e-11	-0.000127077
1.31535e-11	-0.00012715
1.32175e-11	-0.000127223
1.32815e-11	-0.000127296
1.33455e-11	-0.000127369
1.34095e-11	-0.000127442
1.34735e-11	-0.000127515
1.35376e-11	-0.000127588
1.36016e-11	-0.000127661
1.36656e-11	-0.000127734
1.37296e-11	-0.000127807
1.37936e-11	-0.00012788
1.38576e-11	-0.000127953
1.39216e-11	-0.000128026
1.39856e-11	-0.000128099
1.40496e-11	-0.000128172
1.41136e-11	-0.000128245
1.41776e-11	-0.000128318
1.42416e-11	-0.000128391
1.43056e-11	-0.000128464
1.43696e-11	-0.000128537
1.44337e-11	-0.00012861
1.44977e-11	-0.000128683
1.45617e-11	-0.000128756
1.46257e-11	-0.000128829
1.46897e-11	-0.000128903
1.47537e-11	-0.000128976
1.48177e-11	-0.000129049
1.48817e-11	-0.000129122
1.49457e-11	-0.000129195
1.50097e-11	-0.000129268
1.50737e-11	-0.000129342
1.51377e-11	-0.000129415
1.52017e-11	-0.000129488
1.52657e-11	-0.000129561
1.53298e-11	-0.000129634
1.53938e-11	-0.000129708
1.54578e-11	-0.000129781
1.55218e-11	-0.000129854
1.55858e-11	-0.000129927
1.56498e-11	-0.000130001
1.57138e-11	-0.000130074
1.57778e-11	-0.000130147
1.58418e-11	-0.00013022
1.59058e-11	-0.000130294
1.59698e-11	-0.000130367
1.60338e-11	-0.00013044
1.60978e-11	-0.000130514
1.61619e-11	-0.000130587
1.62259e-11	-0.00013066
1.62899e-11	-0.000130734
1.63539e-11	-0.000130807
1.64179e-11	-0.00013088
1.64819e-11	-0.000130954
1.65459e-11	-0.000131027
1.66099e-11	-0.000131101
1.66739e-11	-0.000131174
1.67379e-11	-0.000131247
1.68019e-11	-0.000131321
1.68659e-11	-0.000131394
1.69299e-11	-0.000131468
1.69939e-11	-0.000131541
1.7058e-11	-0.000131615
1.7122e-11	-0.000131688
1.7186e-11	-0.000131761
1.725e-11	-0.000131835
1.7314e-11	-0.000131908
1.7378e-11	-0.000131982
1.7442e-11	-0.000132055
1.7506e-11	-0.000132129
1.757e-11	-0.000132202
1.7634e-11	-0.000132276
1.7698e-11	-0.000132349
1.7762e-11	-0.000132423
1.7826e-11	-0.000132497
1.789e-11	-0.00013257
1.79541e-11	-0.000132644
1.80181e-11	-0.000132717
1.80821e-11	-0.000132791
1.81461e-11	-0.000132864
1.82101e-11	-0.000132938
1.82741e-11	-0.000133011
1.83381e-11	-0.000133085
1.84021e-11	-0.000133159
1.84661e-11	-0.000133232
1.85301e-11	-0.000133306
1.85941e-11	-0.000133379
1.86581e-11	-0.000133453
1.87221e-11	-0.000133527
1.87862e-11	-0.0001336
1.88502e-11	-0.000133674
1.89142e-11	-0.000133748
1.89782e-11	-0.000133821
1.90422e-11	-0.000133895
1.91062e-11	-0.000133969
1.91702e-11	-0.000134042
1.92342e-11	-0.000134116
1.92982e-11	-0.00013419
1.93622e-11	-0.000134263
1.94262e-11	-0.000134337
1.94902e-11	-0.000134411
1.95542e-11	-0.000134484
1.96182e-11	-0.000134558
1.96823e-11	-0.000134632
1.97463e-11	-0.000134706
1.98103e-11	-0.000134779
1.98743e-11	-0.000134853
1.99383e-11	-0.000134927
2.00023e-11	-0.000135001
2.00663e-11	-0.000135074
2.01303e-11	-0.000135148
2.01943e-11	-0.000135222
2.02583e-11	-0.000135296
2.03223e-11	-0.000135369
2.03863e-11	-0.000135443
2.04503e-11	-0.000135517
2.05143e-11	-0.000135591
2.05784e-11	-0.000135664
2.06424e-11	-0.000135738
2.07064e-11	-0.000135812
2.07704e-11	-0.000135886
2.08344e-11	-0.00013596
2.08984e-11	-0.000136034
2.09624e-11	-0.000136107
2.10264e-11	-0.000136181
2.10904e-11	-0.000136255
2.11544e-11	-0.000136329
2.12184e-11	-0.000136403
2.12824e-11	-0.000136477
2.13464e-11	-0.00013655
2.14105e-11	-0.000136624
2.14745e-11	-0.000136698
2.15385e-11	-0.000136772
2.16025e-11	-0.000136846
2.16665e-11	-0.00013692
2.17305e-11	-0.000136994
2.17945e-11	-0.000137067
2.18585e-11	-0.000137141
2.19225e-11	-0.000137215
2.19865e-11	-0.000137289
2.20505e-11	-0.000137363
2.21145e-11	-0.000137437
2.21785e-11	-0.000137511
2.22425e-11	-0.000137585
2.23066e-11	-0.000137659
2.23706e-11	-0.000137732
2.24346e-11	-0.000137806
2.24986e-11	-0.00013788
2.25626e-11	-0.000137954
2.26266e-11	-0.000138028
2.26906e-11	-0.000138102
2.27546e-11	-0.000138176
2.28186e-11	-0.00013825
2.28826e-11	-0.000138324
2.29466e-11	-0.000138398
2.30106e-11	-0.000138472
2.30746e-11	-0.000138546
2.31386e-11	-0.00013862
2.32027e-11	-0.000138694
2.32667e-11	-0.000138768
2.33307e-11	-0.000138842
2.33947e-11	-0.000138915
2.34587e-11	-0.000138989
2.35227e-11	-0.000139063
2.35867e-11	-0.000139137
2.36507e-11	-0.000139211
2.37147e-11	-0.000139285
2.37787e-11	-0.000139359
2.38427e-11	-0.000139433
2.39067e-11	-0.000139507
2.39707e-11	-0.000139581
2.40348e-11	-0.000139655
2.40988e-11	-0.000139729
2.41628e-11	-0.000139803
2.42268e-11	-0.000139877
2.42908e-11	-0.000139951
2.43548e-11	-0.000140025
2.44188e-11	-0.000140099
2.44828e-11	-0.000140173
2.45468e-11	-0.000140247
2.46108e-11	-0.000140321
2.46748e-11	-0.000140395
2.47388e-11	-0.000140469
2.48028e-11	-0.000140543
2.48668e-11	-0.000140617
2.49309e-11	-0.000140691
2.49949e-11	-0.000140765
2.50589e-11	-0.000140839
2.51229e-11	-0.000140913
2.51869e-11	-0.000140987
2.52509e-11	-0.000141061
2.53149e-11	-0.000141135
2.53789e-11	-0.000141209
2.54429e-11	-0.000141283
2.55069e-11	-0.000141357
2.55709e-11	-0.000141431
2.56349e-11	-0.000141505
2.56989e-11	-0.000141579
2.57629e-11	-0.000141653
2.5827e-11	-0.000141727
2.5891e-11	-0.000141801
2.5955e-11	-0.000141875
2.6019e-11	-0.000141949
2.6083e-11	-0.000142023
2.6147e-11	-0.000142098
2.6211e-11	-0.000142172
2.6275e-11	-0.000142246
2.6339e-11	-0.00014232
2.6403e-11	-0.000142394
2.6467e-11	-0.000142468
2.6531e-11	-0.000142542
2.6595e-11	-0.000142616
2.66591e-11	-0.00014269
2.67231e-11	-0.000142764
2.67871e-11	-0.000142838
2.68511e-11	-0.000142912
2.69151e-11	-0.000142986
2.69791e-11	-0.00014306
2.70431e-11	-0.000143134
2.71071e-11	-0.000143208
2.71711e-11	-0.000143282
2.72351e-11	-0.000143356
2.72991e-11	-0.00014343
2.73631e-11	-0.000143504
2.74271e-11	-0.000143578
2.74911e-11	-0.000143652
2.75552e-11	-0.000143726
2.76192e-11	-0.0001438
2.76832e-11	-0.000143874
2.77472e-11	-0.000143948
2.78112e-11	-0.000144022
2.78752e-11	-0.000144096
2.79392e-11	-0.00014417
2.80032e-11	-0.000144244
2.80672e-11	-0.000144318
2.81312e-11	-0.000144392
2.81952e-11	-0.000144466
2.82592e-11	-0.00014454
2.83232e-11	-0.000144614
2.83873e-11	-0.000144688
2.84513e-11	-0.000144762
2.85153e-11	-0.000144836
2.85793e-11	-0.00014491
2.86433e-11	-0.000144984
2.87073e-11	-0.000145058
2.87713e-11	-0.000145132
2.88353e-11	-0.000145206
2.88993e-11	-0.00014528
2.89633e-11	-0.000145354
2.90273e-11	-0.000145428
2.90913e-11	-0.000145502
2.91553e-11	-0.000145576
2.92193e-11	-0.00014565
2.92834e-11	-0.000145724
2.93474e-11	-0.000145798
2.94114e-11	-0.000145872
2.94754e-11	-0.000145946
2.95394e-11	-0.00014602
2.96034e-11	-0.000146093
2.96674e-11	-0.000146167
2.97314e-11	-0.000146241
2.97954e-11	-0.000146315
2.98594e-11	-0.000146389
2.99234e-11	-0.000146463
2.99874e-11	-0.000146537
3.00514e-11	-0.000146611
3.01154e-11	-0.000146685
3.01795e-11	-0.000146759
3.02435e-11	-0.000146833
3.03075e-11	-0.000146907
3.03715e-11	-0.000146981
3.04355e-11	-0.000147055
3.04995e-11	-0.000147128
3.05635e-11	-0.000147202
3.06275e-11	-0.000147276
3.06915e-11	-0.00014735
3.07555e-11	-0.000147424
3.08195e-11	-0.000147498
3.08835e-11	-0.000147572
3.09475e-11	-0.000147646
3.10116e-11	-0.000147719
3.10756e-11	-0.000147793
3.11396e-11	-0.000147867
3.12036e-11	-0.000147941
3.12676e-11	-0.000148015
3.13316e-11	-0.000148089
3.13956e-11	-0.000148163
3.14596e-11	-0.000148236
3.15236e-11	-0.00014831
3.15876e-11	-0.000148384
3.16516e-11	-0.000148458
3.17156e-11	-0.000148532
3.17796e-11	-0.000148606
3.18436e-11	-0.000148679
3.19077e-11	-0.000148753
3.19717e-11	-0.000148827
3.20357e-11	-0.000148901
3.20997e-11	-0.000148974
3.21637e-11	-0.000149048
3.22277e-11	-0.000149122
3.22917e-11	-0.000149196
3.23557e-11	-0.00014927
3.24197e-11	-0.000149343
3.24837e-11	-0.000149417
3.25477e-11	-0.000149491
3.26117e-11	-0.000149565
3.26757e-11	-0.000149638
3.27397e-11	-0.000149712
3.28038e-11	-0.000149786
3.28678e-11	-0.000149859
3.29318e-11	-0.000149933
3.29958e-11	-0.000150007
3.30598e-11	-0.000150081
3.31238e-11	-0.000150154
3.31878e-11	-0.000150228
3.32518e-11	-0.000150302
3.33158e-11	-0.000150375
3.33798e-11	-0.000150449
3.34438e-11	-0.000150523
3.35078e-11	-0.000150596
3.35718e-11	-0.00015067
3.36359e-11	-0.000150743
3.36999e-11	-0.000150817
3.37639e-11	-0.000150891
3.38279e-11	-0.000150964
3.38919e-11	-0.000151038
3.39559e-11	-0.000151112
3.40199e-11	-0.000151185
3.40839e-11	-0.000151259
3.41479e-11	-0.000151332
3.42119e-11	-0.000151406
3.42759e-11	-0.000151479
3.43399e-11	-0.000151553
3.44039e-11	-0.000151626
3.44679e-11	-0.0001517
3.4532e-11	-0.000151774
3.4596e-11	-0.000151847
3.466e-11	-0.000151921
3.4724e-11	-0.000151994
3.4788e-11	-0.000152068
3.4852e-11	-0.000152141
3.4916e-11	-0.000152215
3.498e-11	-0.000152288
3.5044e-11	-0.000152361
3.5108e-11	-0.000152435
3.5172e-11	-0.000152508
3.5236e-11	-0.000152582
3.53e-11	-0.000152655
3.5364e-11	-0.000152729
3.54281e-11	-0.000152802
3.54921e-11	-0.000152875
3.55561e-11	-0.000152949
3.56201e-11	-0.000153022
3.56841e-11	-0.000153096
3.57481e-11	-0.000153169
3.58121e-11	-0.000153242
3.58761e-11	-0.000153316
3.59401e-11	-0.000153389
3.60041e-11	-0.000153462
3.60681e-11	-0.000153536
3.61321e-11	-0.000153609
3.61961e-11	-0.000153682
3.62602e-11	-0.000153755
3.63242e-11	-0.000153829
3.63882e-11	-0.000153902
3.64522e-11	-0.000153975
3.65162e-11	-0.000154049
3.65802e-11	-0.000154122
3.66442e-11	-0.000154195
3.67082e-11	-0.000154268
3.67722e-11	-0.000154341
3.68362e-11	-0.000154415
3.69002e-11	-0.000154488
3.69642e-11	-0.000154561
3.70282e-11	-0.000154634
3.70922e-11	-0.000154707
3.71563e-11	-0.00015478
3.72203e-11	-0.000154853
3.72843e-11	-0.000154927
3.73483e-11	-0.000155
3.74123e-11	-0.000155073
3.74763e-11	-0.000155146
3.75403e-11	-0.000155219
3.76043e-11	-0.000155292
3.76683e-11	-0.000155365
3.77323e-11	-0.000155438
3.77963e-11	-0.000155511
3.78603e-11	-0.000155584
3.79243e-11	-0.000155657
3.79883e-11	-0.00015573
3.80524e-11	-0.000155803
3.81164e-11	-0.000155876
3.81804e-11	-0.000155949
3.82444e-11	-0.000156022
3.83084e-11	-0.000156095
3.83724e-11	-0.000156168
3.84364e-11	-0.000156241
3.85004e-11	-0.000156314
3.85644e-11	-0.000156386
3.86284e-11	-0.000156459
3.86924e-11	-0.000156532
3.87564e-11	-0.000156605
3.88204e-11	-0.000156678
3.88845e-11	-0.000156751
3.89485e-11	-0.000156823
3.90125e-11	-0.000156896
3.90765e-11	-0.000156969
3.91405e-11	-0.000157042
3.92045e-11	-0.000157115
3.92685e-11	-0.000157187
3.93325e-11	-0.00015726
3.93965e-11	-0.000157333
3.94605e-11	-0.000157405
3.95245e-11	-0.000157478
3.95885e-11	-0.000157551
3.96525e-11	-0.000157623
3.97165e-11	-0.000157696
3.97806e-11	-0.000157769
3.98446e-11	-0.000157841
3.99086e-11	-0.000157914
3.99726e-11	-0.000157986
4.00366e-11	-0.000158059
4.01006e-11	-0.000158132
4.01646e-11	-0.000158204
4.02286e-11	-0.000158277
4.02926e-11	-0.000158349
4.03566e-11	-0.000158422
4.04206e-11	-0.000158494
4.04846e-11	-0.000158567
4.05486e-11	-0.000158639
4.06127e-11	-0.000158711
4.06767e-11	-0.000158784
4.07407e-11	-0.000158856
4.08047e-11	-0.000158929
4.08687e-11	-0.000159001
4.09327e-11	-0.000159073
4.09967e-11	-0.000159146
4.10607e-11	-0.000159218
4.11247e-11	-0.00015929
4.11887e-11	-0.000159363
4.12527e-11	-0.000159435
4.13167e-11	-0.000159507
4.13807e-11	-0.000159579
4.14447e-11	-0.000159652
4.15088e-11	-0.000159724
4.15728e-11	-0.000159796
4.16368e-11	-0.000159868
4.17008e-11	-0.00015994
4.17648e-11	-0.000160013
4.18288e-11	-0.000160085
4.18928e-11	-0.000160157
4.19568e-11	-0.000160229
4.20208e-11	-0.000160301
4.20848e-11	-0.000160373
4.21488e-11	-0.000160445
4.22128e-11	-0.000160517
4.22768e-11	-0.000160589
4.23408e-11	-0.000160661
4.24049e-11	-0.000160733
4.24689e-11	-0.000160805
4.25329e-11	-0.000160877
4.25969e-11	-0.000160949
4.26609e-11	-0.000161021
4.27249e-11	-0.000161093
4.27889e-11	-0.000161165
4.28529e-11	-0.000161237
4.29169e-11	-0.000161308
4.29809e-11	-0.00016138
4.30449e-11	-0.000161452
4.31089e-11	-0.000161524
4.31729e-11	-0.000161596
4.3237e-11	-0.000161667
4.3301e-11	-0.000161739
4.3365e-11	-0.000161811
4.3429e-11	-0.000161882
4.3493e-11	-0.000161954
4.3557e-11	-0.000162026
4.3621e-11	-0.000162097
4.3685e-11	-0.000162169
4.3749e-11	-0.000162241
4.3813e-11	-0.000162312
4.3877e-11	-0.000162384
4.3941e-11	-0.000162455
4.4005e-11	-0.000162527
4.4069e-11	-0.000162598
4.41331e-11	-0.00016267
4.41971e-11	-0.000162741
4.42611e-11	-0.000162813
4.43251e-11	-0.000162884
4.43891e-11	-0.000162956
4.44531e-11	-0.000163027
4.45171e-11	-0.000163098
4.45811e-11	-0.00016317
4.46451e-11	-0.000163241
4.47091e-11	-0.000163312
4.47731e-11	-0.000163384
4.48371e-11	-0.000163455
4.49011e-11	-0.000163526
4.49651e-11	-0.000163597
4.50292e-11	-0.000163669
4.50932e-11	-0.00016374
4.51572e-11	-0.000163811
4.52212e-11	-0.000163882
4.52852e-11	-0.000163953
4.53492e-11	-0.000164024
4.54132e-11	-0.000164095
4.54772e-11	-0.000164166
4.55412e-11	-0.000164237
4.56052e-11	-0.000164308
4.56692e-11	-0.000164379
4.57332e-11	-0.00016445
4.57972e-11	-0.000164521
4.58613e-11	-0.000164592
4.59253e-11	-0.000164663
4.59893e-11	-0.000164734
4.60533e-11	-0.000164805
4.61173e-11	-0.000164876
4.61813e-11	-0.000164947
4.62453e-11	-0.000165017
4.63093e-11	-0.000165088
4.63733e-11	-0.000165159
4.64373e-11	-0.00016523
4.65013e-11	-0.0001653
4.65653e-11	-0.000165371
4.66293e-11	-0.000165442
4.66933e-11	-0.000165512
4.67574e-11	-0.000165583
4.68214e-11	-0.000165653
4.68854e-11	-0.000165724
4.69494e-11	-0.000165795
4.70134e-11	-0.000165865
4.70774e-11	-0.000165936
4.71414e-11	-0.000166006
4.72054e-11	-0.000166077
4.72694e-11	-0.000166147
4.73334e-11	-0.000166217
4.73974e-11	-0.000166288
4.74614e-11	-0.000166358
4.75254e-11	-0.000166428
4.75894e-11	-0.000166499
4.76535e-11	-0.000166569
4.77175e-11	-0.000166639
4.77815e-11	-0.000166709
4.78455e-11	-0.00016678
4.79095e-11	-0.00016685
4.79735e-11	-0.00016692
4.80375e-11	-0.00016699
4.81015e-11	-0.00016706
4.81655e-11	-0.00016713
4.82295e-11	-0.0001672
4.82935e-11	-0.00016727
4.83575e-11	-0.00016734
4.84215e-11	-0.00016741
4.84856e-11	-0.00016748
4.85496e-11	-0.00016755
4.86136e-11	-0.00016762
4.86776e-11	-0.00016769
4.87416e-11	-0.00016776
4.88056e-11	-0.00016783
4.88696e-11	-0.0001679
4.89336e-11	-0.000167969
4.89976e-11	-0.000168039
4.90616e-11	-0.000168109
4.91256e-11	-0.000168179
4.91896e-11	-0.000168248
4.92536e-11	-0.000168318
4.93176e-11	-0.000168387
4.93817e-11	-0.000168457
4.94457e-11	-0.000168527
4.95097e-11	-0.000168596
4.95737e-11	-0.000168666
4.96377e-11	-0.000168735
4.97017e-11	-0.000168805
4.97657e-11	-0.000168874
4.98297e-11	-0.000168943
4.98937e-11	-0.000169013
4.99577e-11	-0.000169082
5.00217e-11	-0.000169151
5.00857e-11	-0.000169221
5.01497e-11	-0.00016929
5.02137e-11	-0.000169359
5.02778e-11	-0.000169428
5.03418e-11	-0.000169498
5.04058e-11	-0.000169567
5.04698e-11	-0.000169636
5.05338e-11	-0.000169705
5.05978e-11	-0.000169774
5.06618e-11	-0.000169843
5.07258e-11	-0.000169912
5.07898e-11	-0.000169981
5.08538e-11	-0.00017005
5.09178e-11	-0.000170119
5.09818e-11	-0.000170188
5.10458e-11	-0.000170257
5.11099e-11	-0.000170326
5.11739e-11	-0.000170394
5.12379e-11	-0.000170463
5.13019e-11	-0.000170532
5.13659e-11	-0.000170601
5.14299e-11	-0.000170669
5.14939e-11	-0.000170738
5.15579e-11	-0.000170807
5.16219e-11	-0.000170875
5.16859e-11	-0.000170944
5.17499e-11	-0.000171012
5.18139e-11	-0.000171081
5.18779e-11	-0.000171149
5.19419e-11	-0.000171218
5.2006e-11	-0.000171286
5.207e-11	-0.000171354
5.2134e-11	-0.000171423
5.2198e-11	-0.000171491
5.2262e-11	-0.000171559
5.2326e-11	-0.000171628
5.239e-11	-0.000171696
5.2454e-11	-0.000171764
5.2518e-11	-0.000171832
5.2582e-11	-0.0001719
5.2646e-11	-0.000171969
5.271e-11	-0.000172037
5.2774e-11	-0.000172105
5.28381e-11	-0.000172173
5.29021e-11	-0.000172241
5.29661e-11	-0.000172309
5.30301e-11	-0.000172376
5.30941e-11	-0.000172444
5.31581e-11	-0.000172512
5.32221e-11	-0.00017258
5.32861e-11	-0.000172648
5.33501e-11	-0.000172716
5.34141e-11	-0.000172783
5.34781e-11	-0.000172851
5.35421e-11	-0.000172919
5.36061e-11	-0.000172986
5.36701e-11	-0.000173054
5.37342e-11	-0.000173121
5.37982e-11	-0.000173189
5.38622e-11	-0.000173256
5.39262e-11	-0.000173324
5.39902e-11	-0.000173391
5.40542e-11	-0.000173459
5.41182e-11	-0.000173526
5.41822e-11	-0.000173593
5.42462e-11	-0.00017366
5.43102e-11	-0.000173728
5.43742e-11	-0.000173795
5.44382e-11	-0.000173862
5.45022e-11	-0.000173929
5.45662e-11	-0.000173996
5.46303e-11	-0.000174063
5.46943e-11	-0.00017413
5.47583e-11	-0.000174197
5.48223e-11	-0.000174264
5.48863e-11	-0.000174331
5.49503e-11	-0.000174398
5.50143e-11	-0.000174465
5.50783e-11	-0.000174532
5.51423e-11	-0.000174599
5.52063e-11	-0.000174665
5.52703e-11	-0.000174732
5.53343e-11	-0.000174799
5.53983e-11	-0.000174866
5.54624e-11	-0.000174932
5.55264e-11	-0.000174999
5.55904e-11	-0.000175065
5.56544e-11	-0.000175132
5.57184e-11	-0.000175198
5.57824e-11	-0.000175265
5.58464e-11	-0.000175331
5.59104e-11	-0.000175397
5.59744e-11	-0.000175464
5.60384e-11	-0.00017553
5.61024e-11	-0.000175596
5.61664e-11	-0.000175662
5.62304e-11	-0.000175729
5.62944e-11	-0.000175795
5.63585e-11	-0.000175861
5.64225e-11	-0.000175927
5.64865e-11	-0.000175993
5.65505e-11	-0.000176059
5.66145e-11	-0.000176125
5.66785e-11	-0.000176191
5.67425e-11	-0.000176257
5.68065e-11	-0.000176322
5.68705e-11	-0.000176388
5.69345e-11	-0.000176454
5.69985e-11	-0.00017652
5.70625e-11	-0.000176585
5.71265e-11	-0.000176651
5.71905e-11	-0.000176717
5.72546e-11	-0.000176782
5.73186e-11	-0.000176848
5.73826e-11	-0.000176913
5.74466e-11	-0.000176979
5.75106e-11	-0.000177044
5.75746e-11	-0.000177109
5.76386e-11	-0.000177175
5.77026e-11	-0.00017724
5.77666e-11	-0.000177305
5.78306e-11	-0.00017737
5.78946e-11	-0.000177436
5.79586e-11	-0.000177501
5.80226e-11	-0.000177566
5.80867e-11	-0.000177631
5.81507e-11	-0.000177696
5.82147e-11	-0.000177761
5.82787e-11	-0.000177826
5.83427e-11	-0.000177891
5.84067e-11	-0.000177955
5.84707e-11	-0.00017802
5.85347e-11	-0.000178085
5.85987e-11	-0.00017815
5.86627e-11	-0.000178214
5.87267e-11	-0.000178279
5.87907e-11	-0.000178344
5.88547e-11	-0.000178408
5.89187e-11	-0.000178473
5.89828e-11	-0.000178537
5.90468e-11	-0.000178601
5.91108e-11	-0.000178666
5.91748e-11	-0.00017873
5.92388e-11	-0.000178794
5.93028e-11	-0.000178859
5.93668e-11	-0.000178923
5.94308e-11	-0.000178987
5.94948e-11	-0.000179051
5.95588e-11	-0.000179115
5.96228e-11	-0.000179179
5.96868e-11	-0.000179243
5.97508e-11	-0.000179307
5.98148e-11	-0.000179371
5.98789e-11	-0.000179435
5.99429e-11	-0.000179499
6.00069e-11	-0.000179563
6.00709e-11	-0.000179626
6.01349e-11	-0.00017969
6.01989e-11	-0.000179754
6.02629e-11	-0.000179817
6.03269e-11	-0.000179881
6.03909e-11	-0.000179944
6.04549e-11	-0.000180008
6.05189e-11	-0.000180071
6.05829e-11	-0.000180135
6.06469e-11	-0.000180198
6.0711e-11	-0.000180261
6.0775e-11	-0.000180324
6.0839e-11	-0.000180388
6.0903e-11	-0.000180451
6.0967e-11	-0.000180514
6.1031e-11	-0.000180577
6.1095e-11	-0.00018064
6.1159e-11	-0.000180703
6.1223e-11	-0.000180766
6.1287e-11	-0.000180829
6.1351e-11	-0.000180892
6.1415e-11	-0.000180954
6.1479e-11	-0.000181017
6.1543e-11	-0.00018108
6.16071e-11	-0.000181142
6.16711e-11	-0.000181205
6.17351e-11	-0.000181268
6.17991e-11	-0.00018133
6.18631e-11	-0.000181393
6.19271e-11	-0.000181455
6.19911e-11	-0.000181517
6.20551e-11	-0.00018158
6.21191e-11	-0.000181642
6.21831e-11	-0.000181704
6.22471e-11	-0.000181766
6.23111e-11	-0.000181828
6.23751e-11	-0.000181891
6.24391e-11	-0.000181953
6.25032e-11	-0.000182015
6.25672e-11	-0.000182076
6.26312e-11	-0.000182138
6.26952e-11	-0.0001822
6.27592e-11	-0.000182262
6.28232e-11	-0.000182324
6.28872e-11	-0.000182385
6.29512e-11	-0.000182447
6.30152e-11	-0.000182509
6.30792e-11	-0.00018257
6.31432e-11	-0.000182632
6.32072e-11	-0.000182693
6.32712e-11	-0.000182754
6.33353e-11	-0.000182816
6.33993e-11	-0.000182877
6.34633e-11	-0.000182938
6.35273e-11	-0.000183
6.35913e-11	-0.000183061
6.36553e-11	-0.000183122
6.37193e-11	-0.000183183
6.37833e-11	-0.000183244
6.38473e-11	-0.000183305
6.39113e-11	-0.000183366
6.39753e-11	-0.000183426
6.40393e-11	-0.000183487
6.41033e-11	-0.000183548
6.41673e-11	-0.000183609
6.42314e-11	-0.000183669
6.42954e-11	-0.00018373
6.43594e-11	-0.00018379
6.44234e-11	-0.000183851
6.44874e-11	-0.000183911
6.45514e-11	-0.000183972
6.46154e-11	-0.000184032
6.46794e-11	-0.000184092
6.47434e-11	-0.000184153
6.48074e-11	-0.000184213
6.48714e-11	-0.000184273
6.49354e-11	-0.000184333
6.49994e-11	-0.000184393
6.50634e-11	-0.000184453
6.51275e-11	-0.000184513
6.51915e-11	-0.000184573
6.52555e-11	-0.000184632
6.53195e-11	-0.000184692
6.53835e-11	-0.000184752
6.54475e-11	-0.000184811
6.55115e-11	-0.000184871
6.55755e-11	-0.00018493
6.56395e-11	-0.00018499
6.57035e-11	-0.000185049
6.57675e-11	-0.000185109
6.58315e-11	-0.000185168
6.58955e-11	-0.000185227
6.59596e-11	-0.000185286
6.60236e-11	-0.000185346
6.60876e-11	-0.000185405
6.61516e-11	-0.000185464
6.62156e-11	-0.000185523
6.62796e-11	-0.000185582
6.63436e-11	-0.00018564
6.64076e-11	-0.000185699
6.64716e-11	-0.000185758
6.65356e-11	-0.000185817
6.65996e-11	-0.000185875
6.66636e-11	-0.000185934
6.67276e-11	-0.000185993
6.67916e-11	-0.000186051
6.68557e-11	-0.000186109
6.69197e-11	-0.000186168
6.69837e-11	-0.000186226
6.70477e-11	-0.000186284
6.71117e-11	-0.000186342
6.71757e-11	-0.000186401
6.72397e-11	-0.000186459
6.73037e-11	-0.000186517
6.73677e-11	-0.000186575
6.74317e-11	-0.000186633
6.74957e-11	-0.00018669
6.75597e-11	-0.000186748
6.76237e-11	-0.000186806
6.76878e-11	-0.000186864
6.77518e-11	-0.000186921
6.78158e-11	-0.000186979
6.78798e-11	-0.000187036
6.79438e-11	-0.000187094
6.80078e-11	-0.000187151
6.80718e-11	-0.000187208
6.81358e-11	-0.000187266
6.81998e-11	-0.000187323
6.82638e-11	-0.00018738
6.83278e-11	-0.000187437
6.83918e-11	-0.000187494
6.84558e-11	-0.000187551
6.85198e-11	-0.000187608
6.85839e-11	-0.000187665
6.86479e-11	-0.000187722
6.87119e-11	-0.000187778
6.87759e-11	-0.000187835
6.88399e-11	-0.000187892
6.89039e-11	-0.000187948
6.89679e-11	-0.000188005
6.90319e-11	-0.000188061
6.90959e-11	-0.000188117
6.91599e-11	-0.000188174
6.92239e-11	-0.00018823
6.92879e-11	-0.000188286
6.93519e-11	-0.000188342
6.94159e-11	-0.000188398
6.948e-11	-0.000188454
6.9544e-11	-0.00018851
6.9608e-11	-0.000188566
6.9672e-11	-0.000188622
6.9736e-11	-0.000188678
6.98e-11	-0.000188733
6.9864e-11	-0.000188789
6.9928e-11	-0.000188844
6.9992e-11	-0.0001889
7.0056e-11	-0.000188955
7.012e-11	-0.000189011
7.0184e-11	-0.000189066
7.0248e-11	-0.000189121
7.03121e-11	-0.000189176
7.03761e-11	-0.000189231
7.04401e-11	-0.000189286
7.05041e-11	-0.000189341
7.05681e-11	-0.000189396
7.06321e-11	-0.000189451
7.06961e-11	-0.000189506
7.07601e-11	-0.000189561
7.08241e-11	-0.000189615
7.08881e-11	-0.00018967
7.09521e-11	-0.000189724
7.10161e-11	-0.000189779
7.10801e-11	-0.000189833
7.11441e-11	-0.000189888
7.12082e-11	-0.000189942
7.12722e-11	-0.000189996
7.13362e-11	-0.00019005
7.14002e-11	-0.000190104
7.14642e-11	-0.000190158
7.15282e-11	-0.000190212
7.15922e-11	-0.000190266
7.16562e-11	-0.00019032
7.17202e-11	-0.000190374
7.17842e-11	-0.000190427
7.18482e-11	-0.000190481
7.19122e-11	-0.000190535
7.19762e-11	-0.000190588
7.20402e-11	-0.000190641
7.21043e-11	-0.000190695
7.21683e-11	-0.000190748
7.22323e-11	-0.000190801
7.22963e-11	-0.000190854
7.23603e-11	-0.000190907
7.24243e-11	-0.00019096
7.24883e-11	-0.000191013
7.25523e-11	-0.000191066
7.26163e-11	-0.000191119
7.26803e-11	-0.000191172
7.27443e-11	-0.000191224
7.28083e-11	-0.000191277
7.28723e-11	-0.000191329
7.29364e-11	-0.000191382
7.30004e-11	-0.000191434
7.30644e-11	-0.000191487
7.31284e-11	-0.000191539
7.31924e-11	-0.000191591
7.32564e-11	-0.000191643
7.33204e-11	-0.000191695
7.33844e-11	-0.000191747
7.34484e-11	-0.000191799
7.35124e-11	-0.000191851
7.35764e-11	-0.000191903
7.36404e-11	-0.000191954
7.37044e-11	-0.000192006
7.37684e-11	-0.000192057
7.38325e-11	-0.000192109
7.38965e-11	-0.00019216
7.39605e-11	-0.000192212
7.40245e-11	-0.000192263
7.40885e-11	-0.000192314
7.41525e-11	-0.000192365
7.42165e-11	-0.000192416
7.42805e-11	-0.000192467
7.43445e-11	-0.000192518
7.44085e-11	-0.000192569
7.44725e-11	-0.000192619
7.45365e-11	-0.00019267
7.46005e-11	-0.000192721
7.46645e-11	-0.000192771
7.47286e-11	-0.000192822
7.47926e-11	-0.000192872
7.48566e-11	-0.000192922
7.49206e-11	-0.000192973
7.49846e-11	-0.000193023
7.50486e-11	-0.000193073
7.51126e-11	-0.000193123
7.51766e-11	-0.000193173
7.52406e-11	-0.000193223
7.53046e-11	-0.000193272
7.53686e-11	-0.000193322
7.54326e-11	-0.000193372
7.54966e-11	-0.000193421
7.55607e-11	-0.000193471
7.56247e-11	-0.00019352
7.56887e-11	-0.00019357
7.57527e-11	-0.000193619
7.58167e-11	-0.000193668
7.58807e-11	-0.000193717
7.59447e-11	-0.000193766
7.60087e-11	-0.000193815
7.60727e-11	-0.000193864
7.61367e-11	-0.000193913
7.62007e-11	-0.000193962
7.62647e-11	-0.00019401
7.63287e-11	-0.000194059
7.63927e-11	-0.000194107
7.64568e-11	-0.000194156
7.65208e-11	-0.000194204
7.65848e-11	-0.000194252
7.66488e-11	-0.000194301
7.67128e-11	-0.000194349
7.67768e-11	-0.000194397
7.68408e-11	-0.000194445
7.69048e-11	-0.000194493
7.69688e-11	-0.00019454
7.70328e-11	-0.000194588
7.70968e-11	-0.000194636
7.71608e-11	-0.000194683
7.72248e-11	-0.000194731
7.72888e-11	-0.000194778
7.73529e-11	-0.000194825
7.74169e-11	-0.000194873
7.74809e-11	-0.00019492
7.75449e-11	-0.000194967
7.76089e-11	-0.000195014
7.76729e-11	-0.000195061
7.77369e-11	-0.000195108
7.78009e-11	-0.000195154
7.78649e-11	-0.000195201
7.79289e-11	-0.000195248
7.79929e-11	-0.000195294
7.80569e-11	-0.000195341
7.81209e-11	-0.000195387
7.8185e-11	-0.000195433
7.8249e-11	-0.00019548
7.8313e-11	-0.000195526
7.8377e-11	-0.000195572
7.8441e-11	-0.000195618
7.8505e-11	-0.000195664
7.8569e-11	-0.000195709
7.8633e-11	-0.000195755
7.8697e-11	-0.000195801
7.8761e-11	-0.000195846
7.8825e-11	-0.000195892
7.8889e-11	-0.000195937
7.8953e-11	-0.000195982
7.9017e-11	-0.000196028
7.90811e-11	-0.000196073
7.91451e-11	-0.000196118
7.92091e-11	-0.000196163
7.92731e-11	-0.000196208
7.93371e-11	-0.000196252
7.94011e-11	-0.000196297
7.94651e-11	-0.000196342
7.95291e-11	-0.000196386
7.95931e-11	-0.000196431
7.96571e-11	-0.000196475
7.97211e-11	-0.000196519
7.97851e-11	-0.000196564
7.98491e-11	-0.000196608
7.99132e-11	-0.000196652
7.99772e-11	-0.000196696
8.00412e-11	-0.00019674
8.01052e-11	-0.000196783
8.01692e-11	-0.000196827
8.02332e-11	-0.000196871
8.02972e-11	-0.000196914
8.03612e-11	-0.000196958
8.04252e-11	-0.000197001
8.04892e-11	-0.000197044
8.05532e-11	-0.000197087
8.06172e-11	-0.00019713
8.06812e-11	-0.000197173
8.07452e-11	-0.000197216
8.08093e-11	-0.000197259
8.08733e-11	-0.000197302
8.09373e-11	-0.000197345
8.10013e-11	-0.000197387
8.10653e-11	-0.00019743
8.11293e-11	-0.000197472
8.11933e-11	-0.000197514
8.12573e-11	-0.000197556
8.13213e-11	-0.000197599
8.13853e-11	-0.000197641
8.14493e-11	-0.000197683
8.15133e-11	-0.000197724
8.15773e-11	-0.000197766
8.16413e-11	-0.000197808
8.17054e-11	-0.000197849
8.17694e-11	-0.000197891
8.18334e-11	-0.000197932
8.18974e-11	-0.000197974
8.19614e-11	-0.000198015
8.20254e-11	-0.000198056
8.20894e-11	-0.000198097
8.21534e-11	-0.000198138
8.22174e-11	-0.000198179
8.22814e-11	-0.00019822
8.23454e-11	-0.00019826
8.24094e-11	-0.000198301
8.24734e-11	-0.000198341
8.25375e-11	-0.000198382
8.26015e-11	-0.000198422
8.26655e-11	-0.000198462
8.27295e-11	-0.000198502
8.27935e-11	-0.000198542
8.28575e-11	-0.000198582
8.29215e-11	-0.000198622
8.29855e-11	-0.000198662
8.30495e-11	-0.000198702
8.31135e-11	-0.000198741
8.31775e-11	-0.000198781
8.32415e-11	-0.00019882
8.33055e-11	-0.000198859
8.33695e-11	-0.000198898
8.34336e-11	-0.000198938
8.34976e-11	-0.000198977
8.35616e-11	-0.000199015
8.36256e-11	-0.000199054
8.36896e-11	-0.000199093
8.37536e-11	-0.000199132
8.38176e-11	-0.00019917
8.38816e-11	-0.000199209
8.39456e-11	-0.000199247
8.40096e-11	-0.000199285
8.40736e-11	-0.000199323
8.41376e-11	-0.000199361
8.42016e-11	-0.000199399
8.42656e-11	-0.000199437
8.43297e-11	-0.000199475
8.43937e-11	-0.000199513
8.44577e-11	-0.00019955
8.45217e-11	-0.000199588
8.45857e-11	-0.000199625
8.46497e-11	-0.000199662
8.47137e-11	-0.000199699
8.47777e-11	-0.000199736
8.48417e-11	-0.000199773
8.49057e-11	-0.00019981
8.49697e-11	-0.000199847
8.50337e-11	-0.000199884
8.50977e-11	-0.00019992
8.51618e-11	-0.000199957
8.52258e-11	-0.000199993
8.52898e-11	-0.00020003
8.53538e-11	-0.000200066
8.54178e-11	-0.000200102
8.54818e-11	-0.000200138
8.55458e-11	-0.000200174
8.56098e-11	-0.00020021
8.56738e-11	-0.000200245
8.57378e-11	-0.000200281
8.58018e-11	-0.000200316
8.58658e-11	-0.000200352
8.59298e-11	-0.000200387
8.59938e-11	-0.000200422
8.60579e-11	-0.000200457
8.61219e-11	-0.000200492
8.61859e-11	-0.000200527
8.62499e-11	-0.000200562
8.63139e-11	-0.000200597
8.63779e-11	-0.000200631
8.64419e-11	-0.000200666
8.65059e-11	-0.0002007
8.65699e-11	-0.000200734
8.66339e-11	-0.000200769
8.66979e-11	-0.000200803
8.67619e-11	-0.000200837
8.68259e-11	-0.00020087
8.68899e-11	-0.000200904
8.6954e-11	-0.000200938
8.7018e-11	-0.000200971
8.7082e-11	-0.000201005
8.7146e-11	-0.000201038
8.721e-11	-0.000201071
8.7274e-11	-0.000201105
8.7338e-11	-0.000201138
8.7402e-11	-0.000201171
8.7466e-11	-0.000201203
8.753e-11	-0.000201236
8.7594e-11	-0.000201269
8.7658e-11	-0.000201301
8.7722e-11	-0.000201334
8.77861e-11	-0.000201366
8.78501e-11	-0.000201398
8.79141e-11	-0.00020143
8.79781e-11	-0.000201462
8.80421e-11	-0.000201494
8.81061e-11	-0.000201526
8.81701e-11	-0.000201557
8.82341e-11	-0.000201589
8.82981e-11	-0.00020162
8.83621e-11	-0.000201652
8.84261e-11	-0.000201683
8.84901e-11	-0.000201714
8.85541e-11	-0.000201745
8.86181e-11	-0.000201776
8.86822e-11	-0.000201807
8.87462e-11	-0.000201838
8.88102e-11	-0.000201868
8.88742e-11	-0.000201899
8.89382e-11	-0.000201929
8.90022e-11	-0.000201959
8.90662e-11	-0.000201989
8.91302e-11	-0.000202019
8.91942e-11	-0.000202049
8.92582e-11	-0.000202079
8.93222e-11	-0.000202109
8.93862e-11	-0.000202138
8.94502e-11	-0.000202168
8.95142e-11	-0.000202197
8.95783e-11	-0.000202227
8.96423e-11	-0.000202256
8.97063e-11	-0.000202285
8.97703e-11	-0.000202314
8.98343e-11	-0.000202343
8.98983e-11	-0.000202371
8.99623e-11	-0.0002024
9.00263e-11	-0.000202428
9.00903e-11	-0.000202457
9.01543e-11	-0.000202485
9.02183e-11	-0.000202513
9.02823e-11	-0.000202541
9.03463e-11	-0.000202569
9.04104e-11	-0.000202597
9.04744e-11	-0.000202625
9.05384e-11	-0.000202652
9.06024e-11	-0.00020268
9.06664e-11	-0.000202707
9.07304e-11	-0.000202734
9.07944e-11	-0.000202761
9.08584e-11	-0.000202788
9.09224e-11	-0.000202815
9.09864e-11	-0.000202842
9.10504e-11	-0.000202869
9.11144e-11	-0.000202895
9.11784e-11	-0.000202922
9.12424e-11	-0.000202948
9.13065e-11	-0.000202974
9.13705e-11	-0.000203
9.14345e-11	-0.000203026
9.14985e-11	-0.000203052
9.15625e-11	-0.000203078
9.16265e-11	-0.000203103
9.16905e-11	-0.000203129
9.17545e-11	-0.000203154
9.18185e-11	-0.00020318
9.18825e-11	-0.000203205
9.19465e-11	-0.00020323
9.20105e-11	-0.000203255
9.20745e-11	-0.00020328
9.21385e-11	-0.000203304
9.22026e-11	-0.000203329
9.22666e-11	-0.000203353
9.23306e-11	-0.000203378
9.23946e-11	-0.000203402
9.24586e-11	-0.000203426
9.25226e-11	-0.00020345
9.25866e-11	-0.000203474
9.26506e-11	-0.000203497
9.27146e-11	-0.000203521
9.27786e-11	-0.000203545
9.28426e-11	-0.000203568
9.29066e-11	-0.000203591
9.29706e-11	-0.000203614
9.30347e-11	-0.000203637
9.30987e-11	-0.00020366
9.31627e-11	-0.000203683
9.32267e-11	-0.000203706
9.32907e-11	-0.000203728
9.33547e-11	-0.000203751
9.34187e-11	-0.000203773
9.34827e-11	-0.000203795
9.35467e-11	-0.000203817
9.36107e-11	-0.000203839
9.36747e-11	-0.000203861
9.37387e-11	-0.000203882
9.38027e-11	-0.000203904
9.38667e-11	-0.000203925
9.39308e-11	-0.000203947
9.39948e-11	-0.000203968
9.40588e-11	-0.000203989
9.41228e-11	-0.00020401
9.41868e-11	-0.000204031
9.42508e-11	-0.000204051
9.43148e-11	-0.000204072
9.43788e-11	-0.000204092
9.44428e-11	-0.000204113
9.45068e-11	-0.000204133
9.45708e-11	-0.000204153
9.46348e-11	-0.000204173
9.46988e-11	-0.000204193
9.47629e-11	-0.000204212
9.48269e-11	-0.000204232
9.48909e-11	-0.000204251
9.49549e-11	-0.000204271
9.50189e-11	-0.00020429
9.50829e-11	-0.000204309
9.51469e-11	-0.000204328
9.52109e-11	-0.000204347
9.52749e-11	-0.000204365
9.53389e-11	-0.000204384
9.54029e-11	-0.000204402
9.54669e-11	-0.00020442
9.55309e-11	-0.000204439
9.55949e-11	-0.000204457
9.5659e-11	-0.000204475
9.5723e-11	-0.000204492
9.5787e-11	-0.00020451
9.5851e-11	-0.000204527
9.5915e-11	-0.000204545
9.5979e-11	-0.000204562
9.6043e-11	-0.000204579
9.6107e-11	-0.000204596
9.6171e-11	-0.000204613
9.6235e-11	-0.00020463
9.6299e-11	-0.000204646
9.6363e-11	-0.000204663
9.6427e-11	-0.000204679
9.6491e-11	-0.000204695
9.65551e-11	-0.000204711
9.66191e-11	-0.000204727
9.66831e-11	-0.000204743
9.67471e-11	-0.000204759
9.68111e-11	-0.000204774
9.68751e-11	-0.00020479
9.69391e-11	-0.000204805
9.70031e-11	-0.00020482
9.70671e-11	-0.000204835
9.71311e-11	-0.00020485
9.71951e-11	-0.000204865
9.72591e-11	-0.00020488
9.73231e-11	-0.000204894
9.73872e-11	-0.000204908
9.74512e-11	-0.000204923
9.75152e-11	-0.000204937
9.75792e-11	-0.000204951
9.76432e-11	-0.000204964
9.77072e-11	-0.000204978
9.77712e-11	-0.000204992
9.78352e-11	-0.000205005
9.78992e-11	-0.000205018
9.79632e-11	-0.000205031
9.80272e-11	-0.000205044
9.80912e-11	-0.000205057
9.81552e-11	-0.00020507
9.82192e-11	-0.000205083
9.82833e-11	-0.000205095
9.83473e-11	-0.000205107
9.84113e-11	-0.00020512
9.84753e-11	-0.000205132
9.85393e-11	-0.000205144
9.86033e-11	-0.000205155
9.86673e-11	-0.000205167
9.87313e-11	-0.000205178
9.87953e-11	-0.00020519
9.88593e-11	-0.000205201
9.89233e-11	-0.000205212
9.89873e-11	-0.000205223
9.90513e-11	-0.000205234
9.91153e-11	-0.000205244
9.91794e-11	-0.000205255
9.92434e-11	-0.000205265
9.93074e-11	-0.000205275
9.93714e-11	-0.000205286
9.94354e-11	-0.000205296
9.94994e-11	-0.000205305
9.95634e-11	-0.000205315
9.96274e-11	-0.000205325
9.96914e-11	-0.000205334
9.97554e-11	-0.000205343
9.98194e-11	-0.000205352
9.98834e-11	-0.000205361
9.99474e-11	-0.00020537
1.00011e-10	-0.000205379
1.00075e-10	-0.000205387
1.00139e-10	-0.000205396
1.00203e-10	-0.000205404
1.00267e-10	-0.000205412
1.00331e-10	-0.00020542
1.00395e-10	-0.000205428
1.0046e-10	-0.000205435
1.00524e-10	-0.000205443
1.00588e-10	-0.00020545
1.00652e-10	-0.000205458
1.00716e-10	-0.000205465
1.0078e-10	-0.000205472
1.00844e-10	-0.000205478
1.00908e-10	-0.000205485
1.00972e-10	-0.000205492
1.01036e-10	-0.000205498
1.011e-10	-0.000205504
1.01164e-10	-0.00020551
1.01228e-10	-0.000205516
1.01292e-10	-0.000205522
1.01356e-10	-0.000205528
1.0142e-10	-0.000205533
1.01484e-10	-0.000205538
1.01548e-10	-0.000205544
1.01612e-10	-0.000205549
1.01676e-10	-0.000205554
1.0174e-10	-0.000205558
1.01804e-10	-0.000205563
1.01868e-10	-0.000205567
1.01932e-10	-0.000205572
1.01996e-10	-0.000205576
1.0206e-10	-0.00020558
1.02124e-10	-0.000205584
1.02188e-10	-0.000205587
1.02252e-10	-0.000205591
1.02316e-10	-0.000205594
1.0238e-10	-0.000205598
1.02444e-10	-0.000205601
1.02508e-10	-0.000205604
1.02572e-10	-0.000205606
1.02636e-10	-0.000205609
1.027e-10	-0.000205612
1.02764e-10	-0.000205614
1.02828e-10	-0.000205616
1.02892e-10	-0.000205618
1.02956e-10	-0.00020562
1.0302e-10	-0.000205622
1.03084e-10	-0.000205623
1.03148e-10	-0.000205625
1.03212e-10	-0.000205626
1.03276e-10	-0.000205627
1.0334e-10	-0.000205628
1.03404e-10	-0.000205629
1.03468e-10	-0.00020563
1.03532e-10	-0.00020563
1.03596e-10	-0.000205631
1.0366e-10	-0.000205631
1.03724e-10	-0.000205631
1.03788e-10	-0.000205631
1.03852e-10	-0.00020563
1.03916e-10	-0.00020563
1.0398e-10	-0.00020563
1.04044e-10	-0.000205629
1.04108e-10	-0.000205628
1.04172e-10	-0.000205627
1.04236e-10	-0.000205626
1.043e-10	-0.000205624
1.04364e-10	-0.000205623
1.04428e-10	-0.000205621
1.04492e-10	-0.000205619
1.04556e-10	-0.000205617
1.0462e-10	-0.000205615
1.04684e-10	-0.000205613
1.04748e-10	-0.00020561
1.04812e-10	-0.000205608
1.04876e-10	-0.000205605
1.0494e-10	-0.000205602
1.05004e-10	-0.000205599
1.05068e-10	-0.000205596
1.05132e-10	-0.000205592
1.05196e-10	-0.000205589
1.0526e-10	-0.000205585
1.05324e-10	-0.000205581
1.05388e-10	-0.000205577
1.05452e-10	-0.000205573
1.05516e-10	-0.000205568
1.0558e-10	-0.000205564
1.05644e-10	-0.000205559
1.05708e-10	-0.000205554
1.05772e-10	-0.000205549
1.05836e-10	-0.000205544
1.059e-10	-0.000205539
1.05964e-10	-0.000205533
1.06028e-10	-0.000205528
1.06092e-10	-0.000205522
1.06156e-10	-0.000205516
1.0622e-10	-0.000205509
1.06284e-10	-0.000205503
1.06348e-10	-0.000205497
1.06412e-10	-0.00020549
1.06476e-10	-0.000205483
1.0654e-10	-0.000205476
1.06604e-10	-0.000205469
1.06668e-10	-0.000205462
1.06732e-10	-0.000205454
1.06796e-10	-0.000205447
1.0686e-10	-0.000205439
1.06924e-10	-0.000205431
1.06988e-10	-0.000205423
1.07052e-10	-0.000205414
1.07116e-10	-0.000205406
1.0718e-10	-0.000205397
1.07244e-10	-0.000205388
1.07308e-10	-0.000205379
1.07372e-10	-0.00020537
1.07436e-10	-0.000205361
1.075e-10	-0.000205351
1.07564e-10	-0.000205342
1.07628e-10	-0.000205332
1.07692e-10	-0.000205322
1.07756e-10	-0.000205312
1.0782e-10	-0.000205301
1.07884e-10	-0.000205291
1.07948e-10	-0.00020528
1.08012e-10	-0.000205269
1.08076e-10	-0.000205258
1.0814e-10	-0.000205247
1.08204e-10	-0.000205236
1.08268e-10	-0.000205224
1.08332e-10	-0.000205213
1.08396e-10	-0.000205201
1.0846e-10	-0.000205189
1.08524e-10	-0.000205176
1.08588e-10	-0.000205164
1.08652e-10	-0.000205152
1.08716e-10	-0.000205139
1.0878e-10	-0.000205126
1.08844e-10	-0.000205113
1.08908e-10	-0.0002051
1.08972e-10	-0.000205086
1.09036e-10	-0.000205073
1.091e-10	-0.000205059
1.09164e-10	-0.000205045
1.09229e-10	-0.000205031
1.09293e-10	-0.000205016
1.09357e-10	-0.000205002
1.09421e-10	-0.000204987
1.09485e-10	-0.000204972
1.09549e-10	-0.000204957
1.09613e-10	-0.000204942
1.09677e-10	-0.000204927
1.09741e-10	-0.000204911
1.09805e-10	-0.000204896
1.09869e-10	-0.00020488
1.09933e-10	-0.000204864
1.09997e-10	-0.000204847
1.10061e-10	-0.000204831
1.10125e-10	-0.000204814
1.10189e-10	-0.000204798
1.10253e-10	-0.000204781
1.10317e-10	-0.000204764
1.10381e-10	-0.000204746
1.10445e-10	-0.000204729
1.10509e-10	-0.000204711
1.10573e-10	-0.000204693
1.10637e-10	-0.000204675
1.10701e-10	-0.000204657
1.10765e-10	-0.000204639
1.10829e-10	-0.00020462
1.10893e-10	-0.000204601
1.10957e-10	-0.000204583
1.11021e-10	-0.000204563
1.11085e-10	-0.000204544
1.11149e-10	-0.000204525
1.11213e-10	-0.000204505
1.11277e-10	-0.000204485
1.11341e-10	-0.000204465
1.11405e-10	-0.000204445
1.11469e-10	-0.000204425
1.11533e-10	-0.000204404
1.11597e-10	-0.000204383
1.11661e-10	-0.000204362
1.11725e-10	-0.000204341
1.11789e-10	-0.00020432
1.11853e-10	-0.000204298
1.11917e-10	-0.000204277
1.11981e-10	-0.000204255
1.12045e-10	-0.000204233
1.12109e-10	-0.000204211
1.12173e-10	-0.000204188
1.12237e-10	-0.000204166
1.12301e-10	-0.000204143
1.12365e-10	-0.00020412
1.12429e-10	-0.000204097
1.12493e-10	-0.000204073
1.12557e-10	-0.00020405
1.12621e-10	-0.000204026
1.12685e-10	-0.000204002
1.12749e-10	-0.000203978
1.12813e-10	-0.000203954
1.12877e-10	-0.000203929
1.12941e-10	-0.000203905
1.13005e-10	-0.00020388
1.13069e-10	-0.000203855
1.13133e-10	-0.00020383
1.13197e-10	-0.000203804
1.13261e-10	-0.000203778
1.13325e-10	-0.000203753
1.13389e-10	-0.000203727
1.13453e-10	-0.000203701
1.13517e-10	-0.000203674
1.13581e-10	-0.000203648
1.13645e-10	-0.000203621
1.13709e-10	-0.000203594
1.13773e-10	-0.000203567
1.13837e-10	-0.000203539
1.13901e-10	-0.000203512
1.13965e-10	-0.000203484
1.14029e-10	-0.000203456
1.14093e-10	-0.000203428
1.14157e-10	-0.0002034
1.14221e-10	-0.000203371
1.14285e-10	-0.000203343
1.14349e-10	-0.000203314
1.14413e-10	-0.000203285
1.14477e-10	-0.000203256
1.14541e-10	-0.000203226
1.14605e-10	-0.000203196
1.14669e-10	-0.000203167
1.14733e-10	-0.000203137
1.14797e-10	-0.000203106
1.14861e-10	-0.000203076
1.14925e-10	-0.000203045
1.14989e-10	-0.000203014
1.15053e-10	-0.000202983
1.15117e-10	-0.000202952
1.15181e-10	-0.000202921
1.15245e-10	-0.000202889
1.15309e-10	-0.000202857
1.15373e-10	-0.000202825
1.15437e-10	-0.000202793
1.15501e-10	-0.000202761
1.15565e-10	-0.000202728
1.15629e-10	-0.000202695
1.15693e-10	-0.000202662
1.15757e-10	-0.000202629
1.15821e-10	-0.000202596
1.15885e-10	-0.000202562
1.15949e-10	-0.000202528
1.16013e-10	-0.000202494
1.16077e-10	-0.00020246
1.16141e-10	-0.000202425
1.16205e-10	-0.000202391
1.16269e-10	-0.000202356
1.16333e-10	-0.000202321
1.16397e-10	-0.000202286
1.16461e-10	-0.00020225
1.16525e-10	-0.000202215
1.16589e-10	-0.000202179
1.16653e-10	-0.000202143
1.16717e-10	-0.000202107
1.16781e-10	-0.00020207
1.16845e-10	-0.000202034
1.16909e-10	-0.000201997
1.16973e-10	-0.00020196
1.17037e-10	-0.000201922
1.17101e-10	-0.000201885
1.17165e-10	-0.000201847
1.17229e-10	-0.000201809
1.17293e-10	-0.000201771
1.17357e-10	-0.000201733
1.17421e-10	-0.000201694
1.17485e-10	-0.000201656
1.17549e-10	-0.000201617
1.17613e-10	-0.000201578
1.17677e-10	-0.000201538
1.17741e-10	-0.000201499
1.17805e-10	-0.000201459
1.17869e-10	-0.000201419
1.17934e-10	-0.000201379
1.17998e-10	-0.000201339
1.18062e-10	-0.000201298
1.18126e-10	-0.000201257
1.1819e-10	-0.000201216
1.18254e-10	-0.000201175
1.18318e-10	-0.000201134
1.18382e-10	-0.000201092
1.18446e-10	-0.00020105
1.1851e-10	-0.000201008
1.18574e-10	-0.000200966
1.18638e-10	-0.000200923
1.18702e-10	-0.000200881
1.18766e-10	-0.000200838
1.1883e-10	-0.000200795
1.18894e-10	-0.000200751
1.18958e-10	-0.000200708
1.19022e-10	-0.000200664
1.19086e-10	-0.00020062
1.1915e-10	-0.000200576
1.19214e-10	-0.000200532
1.19278e-10	-0.000200487
1.19342e-10	-0.000200442
1.19406e-10	-0.000200397
1.1947e-10	-0.000200352
1.19534e-10	-0.000200306
1.19598e-10	-0.000200261
1.19662e-10	-0.000200215
1.19726e-10	-0.000200169
1.1979e-10	-0.000200122
1.19854e-10	-0.000200076
1.19918e-10	-0.000200029
1.19982e-10	-0.000199982
1.20046e-10	-0.000199935
1.2011e-10	-0.000199887
1.20174e-10	-0.00019984
1.20238e-10	-0.000199792
1.20302e-10	-0.000199744
1.20366e-10	-0.000199696
1.2043e-10	-0.000199647
1.20494e-10	-0.000199598
1.20558e-10	-0.000199549
1.20622e-10	-0.0001995
1.20686e-10	-0.000199451
1.2075e-10	-0.000199401
1.20814e-10	-0.000199351
1.20878e-10	-0.000199301
1.20942e-10	-0.000199251
1.21006e-10	-0.000199201
1.2107e-10	-0.00019915
1.21134e-10	-0.000199099
1.21198e-10	-0.000199048
1.21262e-10	-0.000198996
1.21326e-10	-0.000198945
1.2139e-10	-0.000198893
1.21454e-10	-0.000198841
1.21518e-10	-0.000198789
1.21582e-10	-0.000198736
1.21646e-10	-0.000198683
1.2171e-10	-0.00019863
1.21774e-10	-0.000198577
1.21838e-10	-0.000198524
1.21902e-10	-0.00019847
1.21966e-10	-0.000198416
1.2203e-10	-0.000198362
1.22094e-10	-0.000198308
1.22158e-10	-0.000198253
1.22222e-10	-0.000198199
1.22286e-10	-0.000198144
1.2235e-10	-0.000198089
1.22414e-10	-0.000198033
1.22478e-10	-0.000197977
1.22542e-10	-0.000197922
1.22606e-10	-0.000197865
1.2267e-10	-0.000197809
1.22734e-10	-0.000197752
1.22798e-10	-0.000197696
1.22862e-10	-0.000197639
1.22926e-10	-0.000197581
1.2299e-10	-0.000197524
1.23054e-10	-0.000197466
1.23118e-10	-0.000197408
1.23182e-10	-0.00019735
1.23246e-10	-0.000197292
1.2331e-10	-0.000197233
1.23374e-10	-0.000197174
1.23438e-10	-0.000197115
1.23502e-10	-0.000197055
1.23566e-10	-0.000196996
1.2363e-10	-0.000196936
1.23694e-10	-0.000196876
1.23758e-10	-0.000196816
1.23822e-10	-0.000196755
1.23886e-10	-0.000196694
1.2395e-10	-0.000196633
1.24014e-10	-0.000196572
1.24078e-10	-0.000196511
1.24142e-10	-0.000196449
1.24206e-10	-0.000196387
1.2427e-10	-0.000196325
1.24334e-10	-0.000196263
1.24398e-10	-0.0001962
1.24462e-10	-0.000196137
1.24526e-10	-0.000196074
1.2459e-10	-0.000196011
1.24654e-10	-0.000195947
1.24718e-10	-0.000195883
1.24782e-10	-0.000195819
1.24846e-10	-0.000195755
1.2491e-10	-0.00019569
1.24974e-10	-0.000195625
1.25038e-10	-0.00019556
1.25102e-10	-0.000195495
1.25166e-10	-0.00019543
1.2523e-10	-0.000195364
1.25294e-10	-0.000195298
1.25358e-10	-0.000195232
1.25422e-10	-0.000195165
1.25486e-10	-0.000195099
1.2555e-10	-0.000195032
1.25614e-10	-0.000194964
1.25678e-10	-0.000194897
1.25742e-10	-0.000194829
1.25806e-10	-0.000194761
1.2587e-10	-0.000194693
1.25934e-10	-0.000194625
1.25998e-10	-0.000194556
1.26062e-10	-0.000194487
1.26126e-10	-0.000194418
1.2619e-10	-0.000194349
1.26254e-10	-0.000194279
1.26318e-10	-0.000194209
1.26382e-10	-0.000194139
1.26446e-10	-0.000194069
1.2651e-10	-0.000193998
1.26574e-10	-0.000193927
1.26639e-10	-0.000193856
1.26703e-10	-0.000193785
1.26767e-10	-0.000193713
1.26831e-10	-0.000193641
1.26895e-10	-0.000193569
1.26959e-10	-0.000193497
1.27023e-10	-0.000193424
1.27087e-10	-0.000193352
1.27151e-10	-0.000193279
1.27215e-10	-0.000193205
1.27279e-10	-0.000193132
1.27343e-10	-0.000193058
1.27407e-10	-0.000192984
1.27471e-10	-0.000192909
1.27535e-10	-0.000192835
1.27599e-10	-0.00019276
1.27663e-10	-0.000192685
1.27727e-10	-0.00019261
1.27791e-10	-0.000192534
1.27855e-10	-0.000192458
1.27919e-10	-0.000192382
1.27983e-10	-0.000192306
1.28047e-10	-0.000192229
1.28111e-10	-0.000192152
1.28175e-10	-0.000192075
1.28239e-10	-0.000191998
1.28303e-10	-0.00019192
1.28367e-10	-0.000191842
1.28431e-10	-0.000191764
1.28495e-10	-0.000191686
1.28559e-10	-0.000191607
1.28623e-10	-0.000191528
1.28687e-10	-0.000191449
1.28751e-10	-0.00019137
1.28815e-10	-0.00019129
1.28879e-10	-0.00019121
1.28943e-10	-0.00019113
1.29007e-10	-0.000191049
1.29071e-10	-0.000190969
1.29135e-10	-0.000190888
1.29199e-10	-0.000190807
1.29263e-10	-0.000190725
1.29327e-10	-0.000190643
1.29391e-10	-0.000190561
1.29455e-10	-0.000190479
1.29519e-10	-0.000190397
1.29583e-10	-0.000190314
1.29647e-10	-0.000190231
1.29711e-10	-0.000190147
1.29775e-10	-0.000190064
1.29839e-10	-0.00018998
1.29903e-10	-0.000189896
1.29967e-10	-0.000189812
1.30031e-10	-0.000189727
1.30095e-10	-0.000189642
1.30159e-10	-0.000189557
1.30223e-10	-0.000189472
1.30287e-10	-0.000189386
1.30351e-10	-0.0001893
1.30415e-10	-0.000189214
1.30479e-10	-0.000189127
1.30543e-10	-0.000189041
1.30607e-10	-0.000188954
1.30671e-10	-0.000188867
1.30735e-10	-0.000188779
1.30799e-10	-0.000188691
1.30863e-10	-0.000188603
1.30927e-10	-0.000188515
1.30991e-10	-0.000188426
1.31055e-10	-0.000188337
1.31119e-10	-0.000188248
1.31183e-10	-0.000188159
1.31247e-10	-0.000188069
1.31311e-10	-0.000187979
1.31375e-10	-0.000187889
1.31439e-10	-0.000187799
1.31503e-10	-0.000187708
1.31567e-10	-0.000187617
1.31631e-10	-0.000187526
1.31695e-10	-0.000187434
1.31759e-10	-0.000187342
1.31823e-10	-0.00018725
1.31887e-10	-0.000187158
1.31951e-10	-0.000187065
1.32015e-10	-0.000186972
1.32079e-10	-0.000186879
1.32143e-10	-0.000186786
1.32207e-10	-0.000186692
1.32271e-10	-0.000186598
1.32335e-10	-0.000186504
1.32399e-10	-0.000186409
1.32463e-10	-0.000186315
1.32527e-10	-0.000186219
1.32591e-10	-0.000186124
1.32655e-10	-0.000186028
1.32719e-10	-0.000185933
1.32783e-10	-0.000185836
1.32847e-10	-0.00018574
1.32911e-10	-0.000185643
1.32975e-10	-0.000185546
1.33039e-10	-0.000185449
1.33103e-10	-0.000185351
1.33167e-10	-0.000185253
1.33231e-10	-0.000185155
1.33295e-10	-0.000185057
1.33359e-10	-0.000184958
1.33423e-10	-0.000184859
1.33487e-10	-0.00018476
1.33551e-10	-0.00018466
1.33615e-10	-0.000184561
1.33679e-10	-0.000184461
1.33743e-10	-0.00018436
1.33807e-10	-0.00018426
1.33871e-10	-0.000184159
1.33935e-10	-0.000184057
1.33999e-10	-0.000183956
1.34063e-10	-0.000183854
1.34127e-10	-0.000183752
1.34191e-10	-0.00018365
1.34255e-10	-0.000183547
1.34319e-10	-0.000183444
1.34383e-10	-0.000183341
1.34447e-10	-0.000183238
1.34511e-10	-0.000183134
1.34575e-10	-0.00018303
1.34639e-10	-0.000182925
1.34703e-10	-0.000182821
1.34767e-10	-0.000182716
1.34831e-10	-0.000182611
1.34895e-10	-0.000182505
1.34959e-10	-0.000182399
1.35023e-10	-0.000182293
1.35087e-10	-0.000182187
1.35151e-10	-0.00018208
1.35215e-10	-0.000181974
1.35279e-10	-0.000181866
1.35343e-10	-0.000181759
1.35408e-10	-0.000181651
1.35472e-10	-0.000181543
1.35536e-10	-0.000181435
1.356e-10	-0.000181326
1.35664e-10	-0.000181217
1.35728e-10	-0.000181108
1.35792e-10	-0.000180998
1.35856e-10	-0.000180888
1.3592e-10	-0.000180778
1.35984e-10	-0.000180668
1.36048e-10	-0.000180557
1.36112e-10	-0.000180446
1.36176e-10	-0.000180335
1.3624e-10	-0.000180223
1.36304e-10	-0.000180112
1.36368e-10	-0.000179999
1.36432e-10	-0.000179887
1.36496e-10	-0.000179774
1.3656e-10	-0.000179661
1.36624e-10	-0.000179548
1.36688e-10	-0.000179434
1.36752e-10	-0.00017932
1.36816e-10	-0.000179206
1.3688e-10	-0.000179092
1.36944e-10	-0.000178977
1.37008e-10	-0.000178862
1.37072e-10	-0.000178746
1.37136e-10	-0.000178631
1.372e-10	-0.000178515
1.37264e-10	-0.000178398
1.37328e-10	-0.000178282
1.37392e-10	-0.000178165
1.37456e-10	-0.000178048
1.3752e-10	-0.00017793
1.37584e-10	-0.000177812
1.37648e-10	-0.000177694
1.37712e-10	-0.000177576
1.37776e-10	-0.000177457
1.3784e-10	-0.000177338
1.37904e-10	-0.000177219
1.37968e-10	-0.000177099
1.38032e-10	-0.000176979
1.38096e-10	-0.000176859
1.3816e-10	-0.000176738
1.38224e-10	-0.000176618
1.38288e-10	-0.000176496
1.38352e-10	-0.000176375
1.38416e-10	-0.000176253
1.3848e-10	-0.000176131
1.38544e-10	-0.000176009
1.38608e-10	-0.000175886
1.38672e-10	-0.000175763
1.38736e-10	-0.00017564
1.388e-10	-0.000175516
1.38864e-10	-0.000175393
1.38928e-10	-0.000175268
1.38992e-10	-0.000175144
1.39056e-10	-0.000175019
1.3912e-10	-0.000174894
1.39184e-10	-0.000174769
1.39248e-10	-0.000174643
1.39312e-10	-0.000174517
1.39376e-10	-0.00017439
1.3944e-10	-0.000174264
1.39504e-10	-0.000174137
1.39568e-10	-0.00017401
1.39632e-10	-0.000173882
1.39696e-10	-0.000173754
1.3976e-10	-0.000173626
1.39824e-10	-0.000173497
1.39888e-10	-0.000173368
1.39952e-10	-0.000173239
1.40016e-10	-0.00017311
1.4008e-10	-0.00017298
1.40144e-10	-0.00017285
1.40208e-10	-0.00017272
1.40272e-10	-0.000172589
1.40336e-10	-0.000172458
1.404e-10	-0.000172326
1.40464e-10	-0.000172195
1.40528e-10	-0.000172063
1.40592e-10	-0.00017193
1.40656e-10	-0.000171798
1.4072e-10	-0.000171665
1.40784e-10	-0.000171532
1.40848e-10	-0.000171398
1.40912e-10	-0.000171264
1.40976e-10	-0.00017113
1.4104e-10	-0.000170995
1.41104e-10	-0.000170861
1.41168e-10	-0.000170725
1.41232e-10	-0.00017059
1.41296e-10	-0.000170454
1.4136e-10	-0.000170318
1.41424e-10	-0.000170182
1.41488e-10	-0.000170045
1.41552e-10	-0.000169908
1.41616e-10	-0.00016977
1.4168e-10	-0.000169633
1.41744e-10	-0.000169495
1.41808e-10	-0.000169356
1.41872e-10	-0.000169217
1.41936e-10	-0.000169078
1.42e-10	-0.000168939
1.42064e-10	-0.000168799
1.42128e-10	-0.000168659
1.42192e-10	-0.000168519
1.42256e-10	-0.000168378
1.4232e-10	-0.000168238
1.42384e-10	-0.000168096
1.42448e-10	-0.000167955
1.42512e-10	-0.000167813
1.42576e-10	-0.00016767
1.4264e-10	-0.000167528
1.42704e-10	-0.000167385
1.42768e-10	-0.000167242
1.42832e-10	-0.000167098
1.42896e-10	-0.000166954
1.4296e-10	-0.00016681
1.43024e-10	-0.000166665
1.43088e-10	-0.00016652
1.43152e-10	-0.000166375
1.43216e-10	-0.00016623
1.4328e-10	-0.000166084
1.43344e-10	-0.000165937
1.43408e-10	-0.000165791
1.43472e-10	-0.000165644
1.43536e-10	-0.000165497
1.436e-10	-0.000165349
1.43664e-10	-0.000165201
1.43728e-10	-0.000165053
1.43792e-10	-0.000164904
1.43856e-10	-0.000164756
1.4392e-10	-0.000164606
1.43984e-10	-0.000164457
1.44048e-10	-0.000164307
1.44113e-10	-0.000164157
1.44177e-10	-0.000164006
1.44241e-10	-0.000163855
1.44305e-10	-0.000163704
1.44369e-10	-0.000163552
1.44433e-10	-0.0001634
1.44497e-10	-0.000163248
1.44561e-10	-0.000163096
1.44625e-10	-0.000162943
1.44689e-10	-0.000162789
1.44753e-10	-0.000162636
1.44817e-10	-0.000162482
1.44881e-10	-0.000162328
1.44945e-10	-0.000162173
1.45009e-10	-0.000162018
1.45073e-10	-0.000161863
1.45137e-10	-0.000161707
1.45201e-10	-0.000161551
1.45265e-10	-0.000161395
1.45329e-10	-0.000161238
1.45393e-10	-0.000161081
1.45457e-10	-0.000160924
1.45521e-10	-0.000160766
1.45585e-10	-0.000160608
1.45649e-10	-0.000160449
1.45713e-10	-0.000160291
1.45777e-10	-0.000160132
1.45841e-10	-0.000159972
1.45905e-10	-0.000159812
1.45969e-10	-0.000159652
1.46033e-10	-0.000159492
1.46097e-10	-0.000159331
1.46161e-10	-0.00015917
1.46225e-10	-0.000159008
1.46289e-10	-0.000158846
1.46353e-10	-0.000158684
1.46417e-10	-0.000158522
1.46481e-10	-0.000158359
1.46545e-10	-0.000158196
1.46609e-10	-0.000158032
1.46673e-10	-0.000157868
1.46737e-10	-0.000157704
1.46801e-10	-0.000157539
1.46865e-10	-0.000157374
1.46929e-10	-0.000157209
1.46993e-10	-0.000157043
1.47057e-10	-0.000156877
1.47121e-10	-0.00015671
1.47185e-10	-0.000156544
1.47249e-10	-0.000156377
1.47313e-10	-0.000156209
1.47377e-10	-0.000156041
1.47441e-10	-0.000155873
1.47505e-10	-0.000155705
1.47569e-10	-0.000155536
1.47633e-10	-0.000155366
1.47697e-10	-0.000155197
1.47761e-10	-0.000155027
1.47825e-10	-0.000154856
1.47889e-10	-0.000154686
1.47953e-10	-0.000154515
1.48017e-10	-0.000154343
1.48081e-10	-0.000154172
1.48145e-10	-0.000153999
1.48209e-10	-0.000153827
1.48273e-10	-0.000153654
1.48337e-10	-0.000153481
1.48401e-10	-0.000153307
1.48465e-10	-0.000153134
1.48529e-10	-0.000152959
1.48593e-10	-0.000152785
1.48657e-10	-0.00015261
1.48721e-10	-0.000152434
1.48785e-10	-0.000152259
1.48849e-10	-0.000152083
1.48913e-10	-0.000151906
1.48977e-10	-0.000151729
1.49041e-10	-0.000151552
1.49105e-10	-0.000151375
1.49169e-10	-0.000151197
1.49233e-10	-0.000151018
1.49297e-10	-0.00015084
1.49361e-10	-0.000150661
1.49425e-10	-0.000150481
1.49489e-10	-0.000150302
1.49553e-10	-0.000150122
1.49617e-10	-0.000149941
1.49681e-10	-0.00014976
1.49745e-10	-0.000149579
1.49809e-10	-0.000149398
1.49873e-10	-0.000149216
1.49937e-10	-0.000149033
1.50001e-10	-0.000148851
1.50065e-10	-0.000148668
1.50129e-10	-0.000148484
1.50193e-10	-0.0001483
1.50257e-10	-0.000148116
1.50321e-10	-0.000147932
1.50385e-10	-0.000147747
1.50449e-10	-0.000147562
1.50513e-10	-0.000147376
1.50577e-10	-0.00014719
1.50641e-10	-0.000147003
1.50705e-10	-0.000146817
1.50769e-10	-0.00014663
1.50833e-10	-0.000146442
1.50897e-10	-0.000146254
1.50961e-10	-0.000146066
1.51025e-10	-0.000145877
1.51089e-10	-0.000145688
1.51153e-10	-0.000145499
1.51217e-10	-0.000145309
1.51281e-10	-0.000145119
1.51345e-10	-0.000144928
1.51409e-10	-0.000144738
1.51473e-10	-0.000144546
1.51537e-10	-0.000144355
1.51601e-10	-0.000144163
1.51665e-10	-0.00014397
1.51729e-10	-0.000143777
1.51793e-10	-0.000143584
1.51857e-10	-0.000143391
1.51921e-10	-0.000143197
1.51985e-10	-0.000143002
1.52049e-10	-0.000142808
1.52113e-10	-0.000142613
1.52177e-10	-0.000142417
1.52241e-10	-0.000142221
1.52305e-10	-0.000142025
1.52369e-10	-0.000141828
1.52433e-10	-0.000141631
1.52497e-10	-0.000141434
1.52561e-10	-0.000141236
1.52625e-10	-0.000141038
1.52689e-10	-0.000140839
1.52753e-10	-0.000140641
1.52817e-10	-0.000140441
1.52882e-10	-0.000140242
1.52946e-10	-0.000140041
1.5301e-10	-0.000139841
1.53074e-10	-0.00013964
1.53138e-10	-0.000139439
1.53202e-10	-0.000139237
1.53266e-10	-0.000139035
1.5333e-10	-0.000138833
1.53394e-10	-0.00013863
1.53458e-10	-0.000138427
1.53522e-10	-0.000138223
1.53586e-10	-0.000138019
1.5365e-10	-0.000137815
1.53714e-10	-0.00013761
1.53778e-10	-0.000137405
1.53842e-10	-0.000137199
1.53906e-10	-0.000136993
1.5397e-10	-0.000136787
1.54034e-10	-0.00013658
1.54098e-10	-0.000136373
1.54162e-10	-0.000136166
1.54226e-10	-0.000135958
1.5429e-10	-0.000135749
1.54354e-10	-0.000135541
1.54418e-10	-0.000135332
1.54482e-10	-0.000135122
1.54546e-10	-0.000134912
1.5461e-10	-0.000134702
1.54674e-10	-0.000134491
1.54738e-10	-0.00013428
1.54802e-10	-0.000134069
1.54866e-10	-0.000133857
1.5493e-10	-0.000133644
1.54994e-10	-0.000133432
1.55058e-10	-0.000133219
1.55122e-10	-0.000133005
1.55186e-10	-0.000132791
1.5525e-10	-0.000132577
1.55314e-10	-0.000132362
1.55378e-10	-0.000132147
1.55442e-10	-0.000131932
1.55506e-10	-0.000131716
1.5557e-10	-0.000131499
1.55634e-10	-0.000131283
1.55698e-10	-0.000131065
1.55762e-10	-0.000130848
1.55826e-10	-0.00013063
1.5589e-10	-0.000130412
1.55954e-10	-0.000130193
1.56018e-10	-0.000129974
1.56082e-10	-0.000129754
1.56146e-10	-0.000129534
1.5621e-10	-0.000129314
1.56274e-10	-0.000129093
1.56338e-10	-0.000128872
1.56402e-10	-0.00012865
1.56466e-10	-0.000128428
1.5653e-10	-0.000128206
1.56594e-10	-0.000127983
1.56658e-10	-0.00012776
1.56722e-10	-0.000127536
1.56786e-10	-0.000127312
1.5685e-10	-0.000127088
1.56914e-10	-0.000126863
1.56978e-10	-0.000126637
1.57042e-10	-0.000126412
1.57106e-10	-0.000126186
1.5717e-10	-0.000125959
1.57234e-10	-0.000125732
1.57298e-10	-0.000125505
1.57362e-10	-0.000125277
1.57426e-10	-0.000125049
1.5749e-10	-0.00012482
1.57554e-10	-0.000124591
1.57618e-10	-0.000124362
1.57682e-10	-0.000124132
1.57746e-10	-0.000123902
1.5781e-10	-0.000123671
1.57874e-10	-0.00012344
1.57938e-10	-0.000123208
1.58002e-10	-0.000122976
1.58066e-10	-0.000122744
1.5813e-10	-0.000122511
1.58194e-10	-0.000122278
1.58258e-10	-0.000122044
1.58322e-10	-0.00012181
1.58386e-10	-0.000121576
1.5845e-10	-0.000121341
1.58514e-10	-0.000121106
1.58578e-10	-0.00012087
1.58642e-10	-0.000120634
1.58706e-10	-0.000120397
1.5877e-10	-0.00012016
1.58834e-10	-0.000119923
1.58898e-10	-0.000119685
1.58962e-10	-0.000119446
1.59026e-10	-0.000119208
1.5909e-10	-0.000118969
1.59154e-10	-0.000118729
1.59218e-10	-0.000118489
1.59282e-10	-0.000118249
1.59346e-10	-0.000118008
1.5941e-10	-0.000117766
1.59474e-10	-0.000117525
1.59538e-10	-0.000117283
1.59602e-10	-0.00011704
1.59666e-10	-0.000116797
1.5973e-10	-0.000116554
1.59794e-10	-0.00011631
1.59858e-10	-0.000116065
1.59922e-10	-0.000115821
1.59986e-10	-0.000115576
1.6005e-10	-0.00011533
1.60114e-10	-0.000115084
1.60178e-10	-0.000114837
1.60242e-10	-0.000114591
1.60306e-10	-0.000114343
1.6037e-10	-0.000114096
1.60434e-10	-0.000113847
1.60498e-10	-0.000113599
1.60562e-10	-0.00011335
1.60626e-10	-0.0001131
1.6069e-10	-0.00011285
1.60754e-10	-0.0001126
1.60818e-10	-0.000112349
1.60882e-10	-0.000112098
1.60946e-10	-0.000111846
1.6101e-10	-0.000111594
1.61074e-10	-0.000111341
1.61138e-10	-0.000111088
1.61202e-10	-0.000110835
1.61266e-10	-0.000110581
1.6133e-10	-0.000110327
1.61394e-10	-0.000110072
1.61458e-10	-0.000109817
1.61522e-10	-0.000109561
1.61587e-10	-0.000109305
1.61651e-10	-0.000109049
1.61715e-10	-0.000108792
1.61779e-10	-0.000108534
1.61843e-10	-0.000108276
1.61907e-10	-0.000108018
1.61971e-10	-0.000107759
1.62035e-10	-0.0001075
1.62099e-10	-0.00010724
1.62163e-10	-0.00010698
1.62227e-10	-0.00010672
1.62291e-10	-0.000106459
1.62355e-10	-0.000106197
1.62419e-10	-0.000105935
1.62483e-10	-0.000105673
1.62547e-10	-0.00010541
1.62611e-10	-0.000105147
1.62675e-10	-0.000104883
1.62739e-10	-0.000104619
1.62803e-10	-0.000104355
1.62867e-10	-0.00010409
1.62931e-10	-0.000103824
1.62995e-10	-0.000103558
1.63059e-10	-0.000103292
1.63123e-10	-0.000103025
1.63187e-10	-0.000102758
1.63251e-10	-0.00010249
1.63315e-10	-0.000102222
1.63379e-10	-0.000101953
1.63443e-10	-0.000101684
1.63507e-10	-0.000101414
1.63571e-10	-0.000101144
1.63635e-10	-0.000100874
1.63699e-10	-0.000100603
1.63763e-10	-0.000100331
1.63827e-10	-0.00010006
1.63891e-10	-9.97873e-05
1.63955e-10	-9.95145e-05
1.64019e-10	-9.92413e-05
1.64083e-10	-9.89676e-05
1.64147e-10	-9.86934e-05
1.64211e-10	-9.84188e-05
1.64275e-10	-9.81437e-05
1.64339e-10	-9.78682e-05
1.64403e-10	-9.75922e-05
1.64467e-10	-9.73157e-05
1.64531e-10	-9.70388e-05
1.64595e-10	-9.67614e-05
1.64659e-10	-9.64836e-05
1.64723e-10	-9.62053e-05
1.64787e-10	-9.59265e-05
1.64851e-10	-9.56473e-05
1.64915e-10	-9.53676e-05
1.64979e-10	-9.50874e-05
1.65043e-10	-9.48067e-05
1.65107e-10	-9.45256e-05
1.65171e-10	-9.42441e-05
1.65235e-10	-9.3962e-05
1.65299e-10	-9.36795e-05
1.65363e-10	-9.33966e-05
1.65427e-10	-9.31131e-05
1.65491e-10	-9.28292e-05
1.65555e-10	-9.25448e-05
1.65619e-10	-9.226e-05
1.65683e-10	-9.19746e-05
1.65747e-10	-9.16889e-05
1.65811e-10	-9.14026e-05
1.65875e-10	-9.11158e-05
1.65939e-10	-9.08286e-05
1.66003e-10	-9.0541e-05
1.66067e-10	-9.02528e-05
1.66131e-10	-8.99642e-05
1.66195e-10	-8.96751e-05
1.66259e-10	-8.93855e-05
1.66323e-10	-8.90954e-05
1.66387e-10	-8.88049e-05
1.66451e-10	-8.85139e-05
1.66515e-10	-8.82224e-05
1.66579e-10	-8.79305e-05
1.66643e-10	-8.76381e-05
1.66707e-10	-8.73451e-05
1.66771e-10	-8.70517e-05
1.66835e-10	-8.67579e-05
1.66899e-10	-8.64635e-05
1.66963e-10	-8.61687e-05
1.67027e-10	-8.58734e-05
1.67091e-10	-8.55776e-05
1.67155e-10	-8.52814e-05
1.67219e-10	-8.49846e-05
1.67283e-10	-8.46874e-05
1.67347e-10	-8.43897e-05
1.67411e-10	-8.40915e-05
1.67475e-10	-8.37928e-05
1.67539e-10	-8.34936e-05
1.67603e-10	-8.3194e-05
1.67667e-10	-8.28939e-05
1.67731e-10	-8.25932e-05
1.67795e-10	-8.22921e-05
1.67859e-10	-8.19906e-05
1.67923e-10	-8.16885e-05
1.67987e-10	-8.13859e-05
1.68051e-10	-8.10829e-05
1.68115e-10	-8.07793e-05
1.68179e-10	-8.04753e-05
1.68243e-10	-8.01708e-05
1.68307e-10	-7.98658e-05
1.68371e-10	-7.95603e-05
1.68435e-10	-7.92544e-05
1.68499e-10	-7.89479e-05
1.68563e-10	-7.86409e-05
1.68627e-10	-7.83335e-05
1.68691e-10	-7.80255e-05
1.68755e-10	-7.77171e-05
1.68819e-10	-7.74082e-05
1.68883e-10	-7.70988e-05
1.68947e-10	-7.67888e-05
1.69011e-10	-7.64784e-05
1.69075e-10	-7.61675e-05
1.69139e-10	-7.58561e-05
1.69203e-10	-7.55443e-05
1.69267e-10	-7.52319e-05
1.69331e-10	-7.4919e-05
1.69395e-10	-7.46056e-05
1.69459e-10	-7.42917e-05
1.69523e-10	-7.39774e-05
1.69587e-10	-7.36625e-05
1.69651e-10	-7.33471e-05
1.69715e-10	-7.30312e-05
1.69779e-10	-7.27149e-05
1.69843e-10	-7.2398e-05
1.69907e-10	-7.20806e-05
1.69971e-10	-7.17628e-05
1.70035e-10	-7.14444e-05
1.70099e-10	-7.11255e-05
1.70163e-10	-7.08061e-05
1.70227e-10	-7.04863e-05
1.70291e-10	-7.01659e-05
1.70356e-10	-6.9845e-05
1.7042e-10	-6.95236e-05
1.70484e-10	-6.92017e-05
1.70548e-10	-6.88793e-05
1.70612e-10	-6.85564e-05
1.70676e-10	-6.8233e-05
1.7074e-10	-6.79091e-05
1.70804e-10	-6.75847e-05
1.70868e-10	-6.72597e-05
1.70932e-10	-6.69343e-05
1.70996e-10	-6.66084e-05
1.7106e-10	-6.62819e-05
1.71124e-10	-6.59549e-05
1.71188e-10	-6.56275e-05
1.71252e-10	-6.52995e-05
1.71316e-10	-6.4971e-05
1.7138e-10	-6.4642e-05
1.71444e-10	-6.43125e-05
1.71508e-10	-6.39824e-05
1.71572e-10	-6.36519e-05
1.71636e-10	-6.33208e-05
1.717e-10	-6.29893e-05
1.71764e-10	-6.26572e-05
1.71828e-10	-6.23246e-05
1.71892e-10	-6.19915e-05
1.71956e-10	-6.16579e-05
1.7202e-10	-6.13237e-05
1.72084e-10	-6.09891e-05
1.72148e-10	-6.06539e-05
1.72212e-10	-6.03182e-05
1.72276e-10	-5.9982e-05
1.7234e-10	-5.96453e-05
1.72404e-10	-5.9308e-05
1.72468e-10	-5.89702e-05
1.72532e-10	-5.8632e-05
1.72596e-10	-5.82932e-05
1.7266e-10	-5.79538e-05
1.72724e-10	-5.7614e-05
1.72788e-10	-5.72736e-05
1.72852e-10	-5.69327e-05
1.72916e-10	-5.65913e-05
1.7298e-10	-5.62494e-05
1.73044e-10	-5.59069e-05
1.73108e-10	-5.55639e-05
1.73172e-10	-5.52204e-05
1.73236e-10	-5.48764e-05
1.733e-10	-5.45319e-05
1.73364e-10	-5.41868e-05
1.73428e-10	-5.38412e-05
1.73492e-10	-5.3495e-05
1.73556e-10	-5.31484e-05
1.7362e-10	-5.28012e-05
1.73684e-10	-5.24535e-05
1.73748e-10	-5.21052e-05
1.73812e-10	-5.17565e-05
1.73876e-10	-5.14072e-05
1.7394e-10	-5.10573e-05
1.74004e-10	-5.0707e-05
1.74068e-10	-5.03561e-05
1.74132e-10	-5.00046e-05
1.74196e-10	-4.96527e-05
1.7426e-10	-4.93002e-05
1.74324e-10	-4.89472e-05
1.74388e-10	-4.85936e-05
1.74452e-10	-4.82395e-05
1.74516e-10	-4.78849e-05
1.7458e-10	-4.75298e-05
1.74644e-10	-4.71741e-05
1.74708e-10	-4.68178e-05
1.74772e-10	-4.64611e-05
1.74836e-10	-4.61038e-05
1.749e-10	-4.57459e-05
1.74964e-10	-4.53876e-05
1.75028e-10	-4.50286e-05
1.75092e-10	-4.46692e-05
1.75156e-10	-4.43092e-05
1.7522e-10	-4.39487e-05
1.75284e-10	-4.35876e-05
1.75348e-10	-4.3226e-05
1.75412e-10	-4.28638e-05
1.75476e-10	-4.25011e-05
1.7554e-10	-4.21379e-05
1.75604e-10	-4.17741e-05
1.75668e-10	-4.14098e-05
1.75732e-10	-4.10449e-05
1.75796e-10	-4.06795e-05
1.7586e-10	-4.03136e-05
1.75924e-10	-3.99471e-05
1.75988e-10	-3.958e-05
1.76052e-10	-3.92124e-05
1.76116e-10	-3.88443e-05
1.7618e-10	-3.84756e-05
1.76244e-10	-3.81064e-05
1.76308e-10	-3.77366e-05
1.76372e-10	-3.73663e-05
1.76436e-10	-3.69954e-05
1.765e-10	-3.6624e-05
1.76564e-10	-3.6252e-05
1.76628e-10	-3.58795e-05
1.76692e-10	-3.55064e-05
1.76756e-10	-3.51328e-05
1.7682e-10	-3.47586e-05
1.76884e-10	-3.43839e-05
1.76948e-10	-3.40086e-05
1.77012e-10	-3.36328e-05
1.77076e-10	-3.32564e-05
1.7714e-10	-3.28794e-05
1.77204e-10	-3.25019e-05
1.77268e-10	-3.21239e-05
1.77332e-10	-3.17453e-05
1.77396e-10	-3.13661e-05
1.7746e-10	-3.09864e-05
1.77524e-10	-3.06061e-05
1.77588e-10	-3.02253e-05
1.77652e-10	-2.98439e-05
1.77716e-10	-2.94619e-05
1.7778e-10	-2.90794e-05
1.77844e-10	-2.86964e-05
1.77908e-10	-2.83127e-05
1.77972e-10	-2.79285e-05
1.78036e-10	-2.75438e-05
1.781e-10	-2.71585e-05
1.78164e-10	-2.67726e-05
1.78228e-10	-2.63862e-05
1.78292e-10	-2.59992e-05
1.78356e-10	-2.56116e-05
1.7842e-10	-2.52235e-05
1.78484e-10	-2.48348e-05
1.78548e-10	-2.44455e-05
1.78612e-10	-2.40557e-05
1.78676e-10	-2.36653e-05
1.7874e-10	-2.32743e-05
1.78804e-10	-2.28828e-05
1.78868e-10	-2.24907e-05
1.78932e-10	-2.20981e-05
1.78996e-10	-2.17048e-05
1.79061e-10	-2.1311e-05
1.79125e-10	-2.09167e-05
1.79189e-10	-2.05217e-05
1.79253e-10	-2.01262e-05
1.79317e-10	-1.97302e-05
1.79381e-10	-1.93335e-05
1.79445e-10	-1.89363e-05
1.79509e-10	-1.85385e-05
1.79573e-10	-1.81401e-05
1.79637e-10	-1.77412e-05
1.79701e-10	-1.73417e-05
1.79765e-10	-1.69416e-05
1.79829e-10	-1.65409e-05
1.79893e-10	-1.61397e-05
1.79957e-10	-1.57379e-05
1.80021e-10	-1.53355e-05
1.80085e-10	-1.49325e-05
1.80149e-10	-1.4529e-05
1.80213e-10	-1.41249e-05
1.80277e-10	-1.37202e-05
1.80341e-10	-1.33149e-05
1.80405e-10	-1.2909e-05
1.80469e-10	-1.25026e-05
1.80533e-10	-1.20956e-05
1.80597e-10	-1.1688e-05
1.80661e-10	-1.12798e-05
1.80725e-10	-1.0871e-05
1.80789e-10	-1.04617e-05
1.80853e-10	-1.00517e-05
1.80917e-10	-9.64121e-06
1.80981e-10	-9.23011e-06
1.81045e-10	-8.81843e-06
1.81109e-10	-8.40616e-06
1.81173e-10	-7.99331e-06
1.81237e-10	-7.57987e-06
1.81301e-10	-7.16584e-06
1.81365e-10	-6.75123e-06
1.81429e-10	-6.33603e-06
1.81493e-10	-5.92024e-06
1.81557e-10	-5.50386e-06
1.81621e-10	-5.0869e-06
1.81685e-10	-4.66934e-06
1.81749e-10	-4.25119e-06
1.81813e-10	-3.83246e-06
1.81877e-10	-3.41313e-06
1.81941e-10	-2.99321e-06
1.82005e-10	-2.5727e-06
1.82069e-10	-2.15159e-06
1.82133e-10	-1.72989e-06
1.82197e-10	-1.3076e-06
1.82261e-10	-8.84715e-07
1.82325e-10	-4.61234e-07
1.82389e-10	-3.71577e-08
1.82453e-10	3.87514e-07
1.82517e-10	8.12783e-07
1.82581e-10	1.23865e-06
1.82645e-10	1.66511e-06
1.82709e-10	2.09217e-06
1.82773e-10	2.51983e-06
1.82837e-10	2.94809e-06
1.82901e-10	3.37694e-06
1.82965e-10	3.8064e-06
1.83029e-10	4.23646e-06
1.83093e-10	4.66711e-06
1.83157e-10	5.09837e-06
1.83221e-10	5.53024e-06
1.83285e-10	5.9627e-06
1.83349e-10	6.39577e-06
1.83413e-10	6.82944e-06
1.83477e-10	7.26371e-06
1.83541e-10	7.69859e-06
1.83605e-10	8.13407e-06
1.83669e-10	8.57016e-06
1.83733e-10	9.00686e-06
1.83797e-10	9.44416e-06
1.83861e-10	9.88207e-06
1.83925e-10	1.03206e-05
1.83989e-10	1.07597e-05
1.84053e-10	1.11994e-05
1.84117e-10	1.16398e-05
1.84181e-10	1.20807e-05
1.84245e-10	1.25223e-05
1.84309e-10	1.29645e-05
1.84373e-10	1.34073e-05
1.84437e-10	1.38507e-05
1.84501e-10	1.42947e-05
1.84565e-10	1.47393e-05
1.84629e-10	1.51845e-05
1.84693e-10	1.56304e-05
1.84757e-10	1.60768e-05
1.84821e-10	1.65239e-05
1.84885e-10	1.69716e-05
1.84949e-10	1.74199e-05
1.85013e-10	1.78689e-05
1.85077e-10	1.83184e-05
1.85141e-10	1.87686e-05
1.85205e-10	1.92193e-05
1.85269e-10	1.96707e-05
1.85333e-10	2.01228e-05
1.85397e-10	2.05754e-05
1.85461e-10	2.10286e-05
1.85525e-10	2.14825e-05
1.85589e-10	2.1937e-05
1.85653e-10	2.23921e-05
1.85717e-10	2.28479e-05
1.85781e-10	2.33043e-05
1.85845e-10	2.37612e-05
1.85909e-10	2.42189e-05
1.85973e-10	2.46771e-05
1.86037e-10	2.5136e-05
1.86101e-10	2.55954e-05
1.86165e-10	2.60556e-05
1.86229e-10	2.65163e-05
1.86293e-10	2.69777e-05
1.86357e-10	2.74397e-05
1.86421e-10	2.79023e-05
1.86485e-10	2.83655e-05
1.86549e-10	2.88294e-05
1.86613e-10	2.92939e-05
1.86677e-10	2.97591e-05
1.86741e-10	3.02248e-05
1.86805e-10	3.06912e-05
1.86869e-10	3.11583e-05
1.86933e-10	3.16259e-05
1.86997e-10	3.20942e-05
1.87061e-10	3.25632e-05
1.87125e-10	3.30327e-05
1.87189e-10	3.35029e-05
1.87253e-10	3.39738e-05
1.87317e-10	3.44452e-05
1.87381e-10	3.49174e-05
1.87445e-10	3.53901e-05
1.87509e-10	3.58635e-05
1.87573e-10	3.63375e-05
1.87637e-10	3.68122e-05
1.87701e-10	3.72875e-05
1.87765e-10	3.77634e-05
1.8783e-10	3.824e-05
1.87894e-10	3.87172e-05
1.87958e-10	3.9195e-05
1.88022e-10	3.96735e-05
1.88086e-10	4.01527e-05
1.8815e-10	4.06325e-05
1.88214e-10	4.11129e-05
1.88278e-10	4.1594e-05
1.88342e-10	4.20757e-05
1.88406e-10	4.2558e-05
1.8847e-10	4.3041e-05
1.88534e-10	4.35247e-05
1.88598e-10	4.4009e-05
1.88662e-10	4.44939e-05
1.88726e-10	4.49795e-05
1.8879e-10	4.54657e-05
1.88854e-10	4.59526e-05
1.88918e-10	4.64402e-05
1.88982e-10	4.69283e-05
1.89046e-10	4.74172e-05
1.8911e-10	4.79067e-05
1.89174e-10	4.83968e-05
1.89238e-10	4.88876e-05
1.89302e-10	4.9379e-05
1.89366e-10	4.98711e-05
1.8943e-10	5.03639e-05
1.89494e-10	5.08572e-05
1.89558e-10	5.13513e-05
1.89622e-10	5.1846e-05
1.89686e-10	5.23414e-05
1.8975e-10	5.28374e-05
1.89814e-10	5.33341e-05
1.89878e-10	5.38314e-05
1.89942e-10	5.43294e-05
1.90006e-10	5.4828e-05
1.9007e-10	5.53273e-05
1.90134e-10	5.58273e-05
1.90198e-10	5.63279e-05
1.90262e-10	5.68292e-05
1.90326e-10	5.73312e-05
1.9039e-10	5.78338e-05
1.90454e-10	5.83371e-05
1.90518e-10	5.8841e-05
1.90582e-10	5.93456e-05
1.90646e-10	5.98508e-05
1.9071e-10	6.03568e-05
1.90774e-10	6.08634e-05
1.90838e-10	6.13706e-05
1.90902e-10	6.18785e-05
1.90966e-10	6.23871e-05
1.9103e-10	6.28964e-05
1.91094e-10	6.34063e-05
1.91158e-10	6.39169e-05
1.91222e-10	6.44281e-05
1.91286e-10	6.49401e-05
1.9135e-10	6.54527e-05
1.91414e-10	6.59659e-05
1.91478e-10	6.64799e-05
1.91542e-10	6.69945e-05
1.91606e-10	6.75098e-05
1.9167e-10	6.80257e-05
1.91734e-10	6.85423e-05
1.91798e-10	6.90596e-05
1.91862e-10	6.95776e-05
1.91926e-10	7.00963e-05
1.9199e-10	7.06156e-05
1.92054e-10	7.11356e-05
1.92118e-10	7.16562e-05
1.92182e-10	7.21776e-05
1.92246e-10	7.26996e-05
1.9231e-10	7.32223e-05
1.92374e-10	7.37457e-05
1.92438e-10	7.42698e-05
1.92502e-10	7.47945e-05
1.92566e-10	7.532e-05
1.9263e-10	7.58461e-05
1.92694e-10	7.63728e-05
1.92758e-10	7.69003e-05
1.92822e-10	7.74285e-05
1.92886e-10	7.79573e-05
1.9295e-10	7.84868e-05
1.93014e-10	7.9017e-05
1.93078e-10	7.95479e-05
1.93142e-10	8.00795e-05
1.93206e-10	8.06117e-05
1.9327e-10	8.11447e-05
1.93334e-10	8.16783e-05
1.93398e-10	8.22126e-05
1.93462e-10	8.27476e-05
1.93526e-10	8.32833e-05
1.9359e-10	8.38197e-05
1.93654e-10	8.43568e-05
1.93718e-10	8.48945e-05
1.93782e-10	8.5433e-05
1.93846e-10	8.59721e-05
1.9391e-10	8.6512e-05
1.93974e-10	8.70525e-05
1.94038e-10	8.75937e-05
1.94102e-10	8.81356e-05
1.94166e-10	8.86782e-05
1.9423e-10	8.92215e-05
1.94294e-10	8.97655e-05
1.94358e-10	9.03102e-05
1.94422e-10	9.08556e-05
1.94486e-10	9.14017e-05
1.9455e-10	9.19485e-05
1.94614e-10	9.2496e-05
1.94678e-10	9.30441e-05
1.94742e-10	9.3593e-05
1.94806e-10	9.41426e-05
1.9487e-10	9.46929e-05
1.94934e-10	9.52439e-05
1.94998e-10	9.57955e-05
1.95062e-10	9.63479e-05
1.95126e-10	9.6901e-05
1.9519e-10	9.74548e-05
1.95254e-10	9.80093e-05
1.95318e-10	9.85645e-05
1.95382e-10	9.91204e-05
1.95446e-10	9.9677e-05
1.9551e-10	0.000100234
1.95574e-10	0.000100792
1.95638e-10	0.000101351
1.95702e-10	0.000101911
1.95766e-10	0.000102471
1.9583e-10	0.000103032
1.95894e-10	0.000103593
1.95958e-10	0.000104155
1.96022e-10	0.000104718
1.96086e-10	0.000105282
1.9615e-10	0.000105846
1.96214e-10	0.000106412
1.96278e-10	0.000106977
1.96342e-10	0.000107544
1.96406e-10	0.000108111
1.9647e-10	0.000108679
1.96535e-10	0.000109248
1.96599e-10	0.000109817
1.96663e-10	0.000110387
1.96727e-10	0.000110958
1.96791e-10	0.00011153
1.96855e-10	0.000112102
1.96919e-10	0.000112675
1.96983e-10	0.000113249
1.97047e-10	0.000113823
1.97111e-10	0.000114398
1.97175e-10	0.000114974
1.97239e-10	0.000115551
1.97303e-10	0.000116128
1.97367e-10	0.000116706
1.97431e-10	0.000117285
1.97495e-10	0.000117864
1.97559e-10	0.000118445
1.97623e-10	0.000119025
1.97687e-10	0.000119607
1.97751e-10	0.000120189
1.97815e-10	0.000120773
1.97879e-10	0.000121356
1.97943e-10	0.000121941
1.98007e-10	0.000122526
1.98071e-10	0.000123112
1.98135e-10	0.000123699
1.98199e-10	0.000124287
1.98263e-10	0.000124875
1.98327e-10	0.000125464
1.98391e-10	0.000126053
1.98455e-10	0.000126644
1.98519e-10	0.000127235
1.98583e-10	0.000127827
1.98647e-10	0.000128419
1.98711e-10	0.000129013
1.98775e-10	0.000129607
1.98839e-10	0.000130202
1.98903e-10	0.000130797
1.98967e-10	0.000131393
1.99031e-10	0.00013199
1.99095e-10	0.000132588
1.99159e-10	0.000133187
1.99223e-10	0.000133786
1.99287e-10	0.000134386
1.99351e-10	0.000134987
1.99415e-10	0.000135588
1.99479e-10	0.00013619
1.99543e-10	0.000136793
1.99607e-10	0.000137397
1.99671e-10	0.000138001
1.99735e-10	0.000138606
1.99799e-10	0.000139212
1.99863e-10	0.000139819
1.99927e-10	0.000140426
1.99991e-10	0.000141035
2.00055e-10	0.000141643
2.00119e-10	0.000142253
2.00183e-10	0.000142864
2.00247e-10	0.000143475
2.00311e-10	0.000144087
2.00375e-10	0.000144699
2.00439e-10	0.000145313
2.00503e-10	0.000145927
2.00567e-10	0.000146542
2.00631e-10	0.000147157
2.00695e-10	0.000147774
2.00759e-10	0.000148391
2.00823e-10	0.000149009
2.00887e-10	0.000149627
2.00951e-10	0.000150247
2.01015e-10	0.000150867
2.01079e-10	0.000151488
2.01143e-10	0.00015211
2.01207e-10	0.000152732
2.01271e-10	0.000153355
2.01335e-10	0.000153979
2.01399e-10	0.000154604
2.01463e-10	0.000155229
2.01527e-10	0.000155856
2.01591e-10	0.000156483
2.01655e-10	0.00015711
2.01719e-10	0.000157739
2.01783e-10	0.000158368
2.01847e-10	0.000158998
2.01911e-10	0.000159629
2.01975e-10	0.000160261
2.02039e-10	0.000160893
2.02103e-10	0.000161526
2.02167e-10	0.00016216
2.02231e-10	0.000162795
2.02295e-10	0.00016343
2.02359e-10	0.000164066
2.02423e-10	0.000164703
2.02487e-10	0.000165341
2.02551e-10	0.000165979
2.02615e-10	0.000166619
2.02679e-10	0.000167259
2.02743e-10	0.000167899
2.02807e-10	0.000168541
2.02871e-10	0.000169183
2.02935e-10	0.000169826
2.02999e-10	0.00017047
2.03063e-10	0.000171115
2.03127e-10	0.00017176
2.03191e-10	0.000172407
2.03255e-10	0.000173054
2.03319e-10	0.000173701
2.03383e-10	0.00017435
2.03447e-10	0.000174999
2.03511e-10	0.000175649
2.03575e-10	0.0001763
2.03639e-10	0.000176952
2.03703e-10	0.000177604
2.03767e-10	0.000178258
2.03831e-10	0.000178912
2.03895e-10	0.000179566
2.03959e-10	0.000180222
2.04023e-10	0.000180878
2.04087e-10	0.000181535
2.04151e-10	0.000182193
2.04215e-10	0.000182852
2.04279e-10	0.000183512
2.04343e-10	0.000184172
2.04407e-10	0.000184833
2.04471e-10	0.000185495
2.04535e-10	0.000186157
2.04599e-10	0.000186821
2.04663e-10	0.000187485
2.04727e-10	0.00018815
2.04791e-10	0.000188816
2.04855e-10	0.000189483
2.04919e-10	0.00019015
2.04983e-10	0.000190818
2.05047e-10	0.000191487
2.05111e-10	0.000192157
2.05175e-10	0.000192827
2.0524e-10	0.000193499
2.05304e-10	0.000194171
2.05368e-10	0.000194844
2.05432e-10	0.000195518
2.05496e-10	0.000196192
2.0556e-10	0.000196868
2.05624e-10	0.000197544
2.05688e-10	0.000198221
2.05752e-10	0.000198898
2.05816e-10	0.000199577
2.0588e-10	0.000200256
2.05944e-10	0.000200936
2.06008e-10	0.000201617
2.06072e-10	0.000202299
2.06136e-10	0.000202982
2.062e-10	0.000203665
2.06264e-10	0.000204349
2.06328e-10	0.000205034
2.06392e-10	0.00020572
2.06456e-10	0.000206406
2.0652e-10	0.000207094
2.06584e-10	0.000207782
2.06648e-10	0.000208471
2.06712e-10	0.000209161
2.06776e-10	0.000209851
2.0684e-10	0.000210543
2.06904e-10	0.000211235
2.06968e-10	0.000211928
2.07032e-10	0.000212622
2.07096e-10	0.000213317
2.0716e-10	0.000214012
2.07224e-10	0.000214709
2.07288e-10	0.000215406
2.07352e-10	0.000216104
2.07416e-10	0.000216802
2.0748e-10	0.000217502
2.07544e-10	0.000218202
2.07608e-10	0.000218904
2.07672e-10	0.000219606
2.07736e-10	0.000220308
2.078e-10	0.000221012
2.07864e-10	0.000221717
2.07928e-10	0.000222422
2.07992e-10	0.000223128
2.08056e-10	0.000223835
2.0812e-10	0.000224543
2.08184e-10	0.000225251
2.08248e-10	0.000225961
2.08312e-10	0.000226671
2.08376e-10	0.000227382
2.0844e-10	0.000228094
2.08504e-10	0.000228807
2.08568e-10	0.00022952
2.08632e-10	0.000230234
2.08696e-10	0.00023095
2.0876e-10	0.000231666
2.08824e-10	0.000232383
2.08888e-10	0.0002331
2.08952e-10	0.000233819
2.09016e-10	0.000234538
2.0908e-10	0.000235258
2.09144e-10	0.000235979
2.09208e-10	0.000236701
2.09272e-10	0.000237424
2.09336e-10	0.000238147
2.094e-10	0.000238872
2.09464e-10	0.000239597
2.09528e-10	0.000240323
2.09592e-10	0.00024105
2.09656e-10	0.000241777
2.0972e-10	0.000242506
2.09784e-10	0.000243235
2.09848e-10	0.000243966
2.09912e-10	0.000244697
2.09976e-10	0.000245429
2.1004e-10	0.000246161
2.10104e-10	0.000246895
2.10168e-10	0.000247629
2.10232e-10	0.000248364
2.10296e-10	0.000249101
2.1036e-10	0.000249838
2.10424e-10	0.000250575
2.10488e-10	0.000251314
2.10552e-10	0.000252053
2.10616e-10	0.000252794
2.1068e-10	0.000253535
2.10744e-10	0.000254277
2.10808e-10	0.00025502
2.10872e-10	0.000255764
2.10936e-10	0.000256508
2.11e-10	0.000257254
2.11064e-10	0.000258
2.11128e-10	0.000258747
2.11192e-10	0.000259495
2.11256e-10	0.000260244
2.1132e-10	0.000260994
2.11384e-10	0.000261744
2.11448e-10	0.000262495
2.11512e-10	0.000263248
2.11576e-10	0.000264001
2.1164e-10	0.000264755
2.11704e-10	0.00026551
2.11768e-10	0.000266265
2.11832e-10	0.000267022
2.11896e-10	0.000267779
2.1196e-10	0.000268537
2.12024e-10	0.000269297
2.12088e-10	0.000270057
2.12152e-10	0.000270817
2.12216e-10	0.000271579
2.1228e-10	0.000272342
2.12344e-10	0.000273105
2.12408e-10	0.000273869
2.12472e-10	0.000274635
2.12536e-10	0.000275401
2.126e-10	0.000276168
2.12664e-10	0.000276935
2.12728e-10	0.000277704
2.12792e-10	0.000278473
2.12856e-10	0.000279244
2.1292e-10	0.000280015
2.12984e-10	0.000280787
2.13048e-10	0.00028156
2.13112e-10	0.000282334
2.13176e-10	0.000283109
2.1324e-10	0.000283884
2.13304e-10	0.000284661
2.13368e-10	0.000285438
2.13432e-10	0.000286216
2.13496e-10	0.000286995
2.1356e-10	0.000287775
2.13624e-10	0.000288556
2.13688e-10	0.000289338
2.13752e-10	0.000290121
2.13816e-10	0.000290904
2.1388e-10	0.000291688
2.13944e-10	0.000292474
2.14009e-10	0.00029326
2.14073e-10	0.000294047
2.14137e-10	0.000294835
2.14201e-10	0.000295623
2.14265e-10	0.000296413
2.14329e-10	0.000297204
2.14393e-10	0.000297995
2.14457e-10	0.000298787
2.14521e-10	0.00029958
2.14585e-10	0.000300374
2.14649e-10	0.000301169
2.14713e-10	0.000301965
2.14777e-10	0.000302762
2.14841e-10	0.00030356
2.14905e-10	0.000304358
2.14969e-10	0.000305158
2.15033e-10	0.000305958
2.15097e-10	0.000306759
2.15161e-10	0.000307561
2.15225e-10	0.000308364
2.15289e-10	0.000309168
2.15353e-10	0.000309973
2.15417e-10	0.000310778
2.15481e-10	0.000311585
2.15545e-10	0.000312392
2.15609e-10	0.000313201
2.15673e-10	0.00031401
2.15737e-10	0.00031482
2.15801e-10	0.000315631
2.15865e-10	0.000316443
2.15929e-10	0.000317256
2.15993e-10	0.00031807
2.16057e-10	0.000318884
2.16121e-10	0.0003197
2.16185e-10	0.000320516
2.16249e-10	0.000321333
2.16313e-10	0.000322152
2.16377e-10	0.000322971
2.16441e-10	0.000323791
2.16505e-10	0.000324612
2.16569e-10	0.000325434
2.16633e-10	0.000326256
2.16697e-10	0.00032708
2.16761e-10	0.000327905
2.16825e-10	0.00032873
2.16889e-10	0.000329557
2.16953e-10	0.000330384
2.17017e-10	0.000331212
2.17081e-10	0.000332041
2.17145e-10	0.000332871
2.17209e-10	0.000333702
2.17273e-10	0.000334534
2.17337e-10	0.000335367
2.17401e-10	0.000336201
2.17465e-10	0.000337035
2.17529e-10	0.000337871
2.17593e-10	0.000338707
2.17657e-10	0.000339545
2.17721e-10	0.000340383
2.17785e-10	0.000341222
2.17849e-10	0.000342062
2.17913e-10	0.000342903
2.17977e-10	0.000343745
2.18041e-10	0.000344588
2.18105e-10	0.000345432
2.18169e-10	0.000346277
2.18233e-10	0.000347122
2.18297e-10	0.000347969
2.18361e-10	0.000348816
2.18425e-10	0.000349665
2.18489e-10	0.000350514
2.18553e-10	0.000351364
2.18617e-10	0.000352216
2.18681e-10	0.000353068
2.18745e-10	0.000353921
2.18809e-10	0.000354775
2.18873e-10	0.00035563
2.18937e-10	0.000356485
2.19001e-10	0.000357342
2.19065e-10	0.0003582
2.19129e-10	0.000359059
2.19193e-10	0.000359918
2.19257e-10	0.000360779
2.19321e-10	0.00036164
2.19385e-10	0.000362502
2.19449e-10	0.000363366
2.19513e-10	0.00036423
2.19577e-10	0.000365095
2.19641e-10	0.000365961
2.19705e-10	0.000366828
2.19769e-10	0.000367696
2.19833e-10	0.000368565
2.19897e-10	0.000369435
2.19961e-10	0.000370306
2.20025e-10	0.000371178
2.20089e-10	0.000372051
2.20153e-10	0.000372924
2.20217e-10	0.000373799
2.20281e-10	0.000374674
2.20345e-10	0.000375551
2.20409e-10	0.000376428
2.20473e-10	0.000377307
2.20537e-10	0.000378186
2.20601e-10	0.000379066
2.20665e-10	0.000379947
2.20729e-10	0.00038083
2.20793e-10	0.000381713
2.20857e-10	0.000382597
2.20921e-10	0.000383482
2.20985e-10	0.000384368
2.21049e-10	0.000385255
2.21113e-10	0.000386142
2.21177e-10	0.000387031
2.21241e-10	0.000387921
2.21305e-10	0.000388812
2.21369e-10	0.000389703
2.21433e-10	0.000390596
2.21497e-10	0.00039149
2.21561e-10	0.000392384
2.21625e-10	0.00039328
2.21689e-10	0.000394176
2.21753e-10	0.000395074
2.21817e-10	0.000395972
2.21881e-10	0.000396871
2.21945e-10	0.000397772
2.22009e-10	0.000398673
2.22073e-10	0.000399575
2.22137e-10	0.000400479
2.22201e-10	0.000401383
2.22265e-10	0.000402288
2.22329e-10	0.000403194
2.22393e-10	0.000404101
2.22457e-10	0.000405009
2.22521e-10	0.000405918
2.22585e-10	0.000406828
2.22649e-10	0.000407739
2.22714e-10	0.000408651
2.22778e-10	0.000409564
2.22842e-10	0.000410478
2.22906e-10	0.000411392
2.2297e-10	0.000412308
2.23034e-10	0.000413225
2.23098e-10	0.000414143
2.23162e-10	0.000415061
2.23226e-10	0.000415981
2.2329e-10	0.000416902
2.23354e-10	0.000417823
2.23418e-10	0.000418746
2.23482e-10	0.00041967
2.23546e-10	0.000420594
2.2361e-10	0.00042152
2.23674e-10	0.000422446
2.23738e-10	0.000423374
2.23802e-10	0.000424302
2.23866e-10	0.000425232
2.2393e-10	0.000426162
2.23994e-10	0.000427094
2.24058e-10	0.000428026
2.24122e-10	0.000428959
2.24186e-10	0.000429894
2.2425e-10	0.000430829
2.24314e-10	0.000431766
2.24378e-10	0.000432703
2.24442e-10	0.000433641
2.24506e-10	0.000434581
2.2457e-10	0.000435521
2.24634e-10	0.000436462
2.24698e-10	0.000437404
2.24762e-10	0.000438348
2.24826e-10	0.000439292
2.2489e-10	0.000440237
2.24954e-10	0.000441184
2.25018e-10	0.000442131
2.25082e-10	0.000443079
2.25146e-10	0.000444028
2.2521e-10	0.000444979
2.25274e-10	0.00044593
2.25338e-10	0.000446882
2.25402e-10	0.000447835
2.25466e-10	0.00044879
2.2553e-10	0.000449745
2.25594e-10	0.000450701
2.25658e-10	0.000451658
2.25722e-10	0.000452616
2.25786e-10	0.000453576
2.2585e-10	0.000454536
2.25914e-10	0.000455497
2.25978e-10	0.000456459
2.26042e-10	0.000457423
2.26106e-10	0.000458387
2.2617e-10	0.000459352
2.26234e-10	0.000460318
2.26298e-10	0.000461286
2.26362e-10	0.000462254
2.26426e-10	0.000463223
2.2649e-10	0.000464194
2.26554e-10	0.000465165
2.26618e-10	0.000466137
2.26682e-10	0.000467111
2.26746e-10	0.000468085
2.2681e-10	0.00046906
2.26874e-10	0.000470037
2.26938e-10	0.000471014
2.27002e-10	0.000471993
2.27066e-10	0.000472972
2.2713e-10	0.000473952
2.27194e-10	0.000474934
2.27258e-10	0.000475916
2.27322e-10	0.0004769
2.27386e-10	0.000477884
2.2745e-10	0.00047887
2.27514e-10	0.000479856
2.27578e-10	0.000480844
2.27642e-10	0.000481833
2.27706e-10	0.000482822
2.2777e-10	0.000483813
2.27834e-10	0.000484804
2.27898e-10	0.000485797
2.27962e-10	0.000486791
2.28026e-10	0.000487786
2.2809e-10	0.000488781
2.28154e-10	0.000489778
2.28218e-10	0.000490776
2.28282e-10	0.000491775
2.28346e-10	0.000492775
2.2841e-10	0.000493776
2.28474e-10	0.000494778
2.28538e-10	0.00049578
2.28602e-10	0.000496785
2.28666e-10	0.00049779
2.2873e-10	0.000498796
2.28794e-10	0.000499803
2.28858e-10	0.000500811
2.28922e-10	0.00050182
2.28986e-10	0.00050283
2.2905e-10	0.000503841
2.29114e-10	0.000504854
2.29178e-10	0.000505867
2.29242e-10	0.000506881
2.29306e-10	0.000507897
2.2937e-10	0.000508913
2.29434e-10	0.000509931
2.29498e-10	0.000510949
2.29562e-10	0.000511969
2.29626e-10	0.000512989
2.2969e-10	0.000514011
2.29754e-10	0.000515034
2.29818e-10	0.000516058
2.29882e-10	0.000517082
2.29946e-10	0.000518108
2.3001e-10	0.000519135
2.30074e-10	0.000520163
2.30138e-10	0.000521192
2.30202e-10	0.000522222
2.30266e-10	0.000523253
2.3033e-10	0.000524285
2.30394e-10	0.000525318
2.30458e-10	0.000526353
2.30522e-10	0.000527388
2.30586e-10	0.000528424
2.3065e-10	0.000529462
2.30714e-10	0.0005305
2.30778e-10	0.00053154
2.30842e-10	0.00053258
2.30906e-10	0.000533622
2.3097e-10	0.000534664
2.31034e-10	0.000535708
2.31098e-10	0.000536753
2.31162e-10	0.000537799
2.31226e-10	0.000538846
2.3129e-10	0.000539894
2.31354e-10	0.000540943
2.31418e-10	0.000541993
2.31483e-10	0.000543044
2.31547e-10	0.000544096
2.31611e-10	0.00054515
2.31675e-10	0.000546204
2.31739e-10	0.000547259
2.31803e-10	0.000548316
2.31867e-10	0.000549373
2.31931e-10	0.000550432
2.31995e-10	0.000551492
2.32059e-10	0.000552553
2.32123e-10	0.000553614
2.32187e-10	0.000554677
2.32251e-10	0.000555741
2.32315e-10	0.000556806
2.32379e-10	0.000557872
2.32443e-10	0.00055894
2.32507e-10	0.000560008
2.32571e-10	0.000561077
2.32635e-10	0.000562148
2.32699e-10	0.000563219
2.32763e-10	0.000564292
2.32827e-10	0.000565365
2.32891e-10	0.00056644
2.32955e-10	0.000567516
2.33019e-10	0.000568593
2.33083e-10	0.000569671
2.33147e-10	0.00057075
2.33211e-10	0.00057183
2.33275e-10	0.000572911
2.33339e-10	0.000573994
2.33403e-10	0.000575077
2.33467e-10	0.000576162
2.33531e-10	0.000577247
2.33595e-10	0.000578334
2.33659e-10	0.000579422
2.33723e-10	0.00058051
2.33787e-10	0.0005816
2.33851e-10	0.000582691
2.33915e-10	0.000583783
2.33979e-10	0.000584877
2.34043e-10	0.000585971
2.34107e-10	0.000587066
2.34171e-10	0.000588163
2.34235e-10	0.00058926
2.34299e-10	0.000590359
2.34363e-10	0.000591459
2.34427e-10	0.000592559
2.34491e-10	0.000593661
2.34555e-10	0.000594764
2.34619e-10	0.000595869
2.34683e-10	0.000596974
2.34747e-10	0.00059808
2.34811e-10	0.000599188
2.34875e-10	0.000600296
2.34939e-10	0.000601406
2.35003e-10	0.000602517
2.35067e-10	0.000603628
2.35131e-10	0.000604741
2.35195e-10	0.000605855
2.35259e-10	0.000606971
2.35323e-10	0.000608087
2.35387e-10	0.000609204
2.35451e-10	0.000610323
2.35515e-10	0.000611442
2.35579e-10	0.000612563
2.35643e-10	0.000613685
2.35707e-10	0.000614808
2.35771e-10	0.000615932
2.35835e-10	0.000617057
2.35899e-10	0.000618183
2.35963e-10	0.00061931
2.36027e-10	0.000620439
2.36091e-10	0.000621568
2.36155e-10	0.000622699
2.36219e-10	0.000623831
2.36283e-10	0.000624964
2.36347e-10	0.000626098
2.36411e-10	0.000627233
2.36475e-10	0.000628369
2.36539e-10	0.000629507
2.36603e-10	0.000630645
2.36667e-10	0.000631785
2.36731e-10	0.000632926
2.36795e-10	0.000634068
2.36859e-10	0.000635211
2.36923e-10	0.000636355
2.36987e-10	0.0006375
2.37051e-10	0.000638646
2.37115e-10	0.000639794
2.37179e-10	0.000640942
2.37243e-10	0.000642092
2.37307e-10	0.000643243
2.37371e-10	0.000644395
2.37435e-10	0.000645548
2.37499e-10	0.000646703
2.37563e-10	0.000647858
2.37627e-10	0.000649015
2.37691e-10	0.000650172
2.37755e-10	0.000651331
2.37819e-10	0.000652491
2.37883e-10	0.000653652
2.37947e-10	0.000654814
2.38011e-10	0.000655978
2.38075e-10	0.000657142
2.38139e-10	0.000658308
2.38203e-10	0.000659474
2.38267e-10	0.000660642
2.38331e-10	0.000661811
2.38395e-10	0.000662982
2.38459e-10	0.000664153
2.38523e-10	0.000665325
2.38587e-10	0.000666499
2.38651e-10	0.000667674
2.38715e-10	0.00066885
2.38779e-10	0.000670027
2.38843e-10	0.000671205
2.38907e-10	0.000672384
2.38971e-10	0.000673565
2.39035e-10	0.000674746
2.39099e-10	0.000675929
2.39163e-10	0.000677113
2.39227e-10	0.000678298
2.39291e-10	0.000679484
2.39355e-10	0.000680672
2.39419e-10	0.00068186
2.39483e-10	0.00068305
2.39547e-10	0.000684241
2.39611e-10	0.000685433
2.39675e-10	0.000686626
2.39739e-10	0.00068782
2.39803e-10	0.000689015
2.39867e-10	0.000690212
2.39931e-10	0.00069141
2.39995e-10	0.000692609
2.40059e-10	0.000693809
2.40123e-10	0.00069501
2.40188e-10	0.000696212
2.40252e-10	0.000697416
2.40316e-10	0.000698621
2.4038e-10	0.000699826
2.40444e-10	0.000701034
2.40508e-10	0.000702242
2.40572e-10	0.000703451
2.40636e-10	0.000704662
2.407e-10	0.000705873
2.40764e-10	0.000707086
2.40828e-10	0.0007083
2.40892e-10	0.000709515
2.40956e-10	0.000710732
2.4102e-10	0.000711949
2.41084e-10	0.000713168
2.41148e-10	0.000714388
2.41212e-10	0.000715609
2.41276e-10	0.000716831
2.4134e-10	0.000718055
2.41404e-10	0.000719279
2.41468e-10	0.000720505
2.41532e-10	0.000721732
2.41596e-10	0.00072296
2.4166e-10	0.000724189
2.41724e-10	0.00072542
2.41788e-10	0.000726651
2.41852e-10	0.000727884
2.41916e-10	0.000729118
2.4198e-10	0.000730353
2.42044e-10	0.00073159
2.42108e-10	0.000732827
2.42172e-10	0.000734066
2.42236e-10	0.000735306
2.423e-10	0.000736547
2.42364e-10	0.000737789
2.42428e-10	0.000739033
2.42492e-10	0.000740277
2.42556e-10	0.000741523
2.4262e-10	0.00074277
2.42684e-10	0.000744018
2.42748e-10	0.000745268
2.42812e-10	0.000746518
2.42876e-10	0.00074777
2.4294e-10	0.000749023
2.43004e-10	0.000750277
2.43068e-10	0.000751533
2.43132e-10	0.000752789
2.43196e-10	0.000754047
2.4326e-10	0.000755306
2.43324e-10	0.000756566
2.43388e-10	0.000757827
2.43452e-10	0.00075909
2.43516e-10	0.000760354
2.4358e-10	0.000761619
2.43644e-10	0.000762885
2.43708e-10	0.000764152
2.43772e-10	0.00076542
2.43836e-10	0.00076669
2.439e-10	0.000767961
2.43964e-10	0.000769233
2.44028e-10	0.000770507
2.44092e-10	0.000771781
2.44156e-10	0.000773057
2.4422e-10	0.000774334
2.44284e-10	0.000775612
2.44348e-10	0.000776891
2.44412e-10	0.000778172
2.44476e-10	0.000779454
2.4454e-10	0.000780737
2.44604e-10	0.000782021
2.44668e-10	0.000783306
2.44732e-10	0.000784593
2.44796e-10	0.000785881
2.4486e-10	0.00078717
2.44924e-10	0.00078846
2.44988e-10	0.000789752
2.45052e-10	0.000791044
2.45116e-10	0.000792338
2.4518e-10	0.000793634
2.45244e-10	0.00079493
2.45308e-10	0.000796227
2.45372e-10	0.000797526
2.45436e-10	0.000798826
2.455e-10	0.000800128
2.45564e-10	0.00080143
2.45628e-10	0.000802734
2.45692e-10	0.000804039
2.45756e-10	0.000805345
2.4582e-10	0.000806652
2.45884e-10	0.000807961
2.45948e-10	0.00080927
2.46012e-10	0.000810581
2.46076e-10	0.000811894
2.4614e-10	0.000813207
2.46204e-10	0.000814522
2.46268e-10	0.000815838
2.46332e-10	0.000817155
2.46396e-10	0.000818473
2.4646e-10	0.000819793
2.46524e-10	0.000821114
2.46588e-10	0.000822436
2.46652e-10	0.000823759
2.46716e-10	0.000825084
2.4678e-10	0.00082641
2.46844e-10	0.000827737
2.46908e-10	0.000829065
2.46972e-10	0.000830395
2.47036e-10	0.000831725
2.471e-10	0.000833057
2.47164e-10	0.000834391
2.47228e-10	0.000835725
2.47292e-10	0.000837061
2.47356e-10	0.000838398
2.4742e-10	0.000839736
2.47484e-10	0.000841076
2.47548e-10	0.000842416
2.47612e-10	0.000843758
2.47676e-10	0.000845101
2.4774e-10	0.000846446
2.47804e-10	0.000847792
2.47868e-10	0.000849138
2.47932e-10	0.000850487
2.47996e-10	0.000851836
2.4806e-10	0.000853187
2.48124e-10	0.000854539
2.48188e-10	0.000855892
2.48252e-10	0.000857246
2.48316e-10	0.000858602
2.4838e-10	0.000859959
2.48444e-10	0.000861317
2.48508e-10	0.000862677
2.48572e-10	0.000864037
2.48636e-10	0.000865399
2.487e-10	0.000866763
2.48764e-10	0.000868127
2.48828e-10	0.000869493
2.48892e-10	0.00087086
2.48957e-10	0.000872228
2.49021e-10	0.000873598
2.49085e-10	0.000874968
2.49149e-10	0.00087634
2.49213e-10	0.000877714
2.49277e-10	0.000879088
2.49341e-10	0.000880464
2.49405e-10	0.000881841
2.49469e-10	0.00088322
2.49533e-10	0.000884599
2.49597e-10	0.00088598
2.49661e-10	0.000887363
2.49725e-10	0.000888746
2.49789e-10	0.000890131
2.49853e-10	0.000891517
2.49917e-10	0.000892904
2.49981e-10	0.000894293
2.50045e-10	0.000895682
2.50109e-10	0.000897073
2.50173e-10	0.000898466
2.50237e-10	0.000899859
2.50301e-10	0.000901254
2.50365e-10	0.000902651
2.50429e-10	0.000904048
2.50493e-10	0.000905447
2.50557e-10	0.000906847
2.50621e-10	0.000908248
2.50685e-10	0.000909651
2.50749e-10	0.000911055
2.50813e-10	0.00091246
2.50877e-10	0.000913866
2.50941e-10	0.000915274
2.51005e-10	0.000916683
2.51069e-10	0.000918093
2.51133e-10	0.000919505
2.51197e-10	0.000920918
2.51261e-10	0.000922332
2.51325e-10	0.000923747
2.51389e-10	0.000925164
2.51453e-10	0.000926582
2.51517e-10	0.000928002
2.51581e-10	0.000929422
2.51645e-10	0.000930844
2.51709e-10	0.000932267
2.51773e-10	0.000933692
2.51837e-10	0.000935118
2.51901e-10	0.000936545
2.51965e-10	0.000937973
2.52029e-10	0.000939403
2.52093e-10	0.000940834
2.52157e-10	0.000942266
2.52221e-10	0.0009437
2.52285e-10	0.000945134
2.52349e-10	0.000946571
2.52413e-10	0.000948008
2.52477e-10	0.000949447
2.52541e-10	0.000950887
2.52605e-10	0.000952328
2.52669e-10	0.000953771
2.52733e-10	0.000955215
2.52797e-10	0.00095666
2.52861e-10	0.000958107
2.52925e-10	0.000959555
2.52989e-10	0.000961004
2.53053e-10	0.000962455
2.53117e-10	0.000963906
2.53181e-10	0.00096536
2.53245e-10	0.000966814
2.53309e-10	0.00096827
2.53373e-10	0.000969727
2.53437e-10	0.000971185
2.53501e-10	0.000972645
2.53565e-10	0.000974106
2.53629e-10	0.000975568
2.53693e-10	0.000977032
2.53757e-10	0.000978497
2.53821e-10	0.000979963
2.53885e-10	0.000981431
2.53949e-10	0.0009829
2.54013e-10	0.00098437
2.54077e-10	0.000985842
2.54141e-10	0.000987315
2.54205e-10	0.000988789
2.54269e-10	0.000990264
2.54333e-10	0.000991741
2.54397e-10	0.000993219
2.54461e-10	0.000994699
2.54525e-10	0.00099618
2.54589e-10	0.000997662
2.54653e-10	0.000999145
2.54717e-10	0.00100063
2.54781e-10	0.00100212
2.54845e-10	0.0010036
2.54909e-10	0.00100509
2.54973e-10	0.00100658
2.55037e-10	0.00100807
2.55101e-10	0.00100957
2.55165e-10	0.00101106
2.55229e-10	0.00101256
2.55293e-10	0.00101405
2.55357e-10	0.00101555
2.55421e-10	0.00101705
2.55485e-10	0.00101855
2.55549e-10	0.00102005
2.55613e-10	0.00102156
2.55677e-10	0.00102306
2.55741e-10	0.00102457
2.55805e-10	0.00102608
2.55869e-10	0.00102759
2.55933e-10	0.0010291
2.55997e-10	0.00103061
2.56061e-10	0.00103212
2.56125e-10	0.00103363
2.56189e-10	0.00103515
2.56253e-10	0.00103667
2.56317e-10	0.00103819
2.56381e-10	0.0010397
2.56445e-10	0.00104123
2.56509e-10	0.00104275
2.56573e-10	0.00104427
2.56637e-10	0.0010458
2.56701e-10	0.00104732
2.56765e-10	0.00104885
2.56829e-10	0.00105038
2.56893e-10	0.00105191
2.56957e-10	0.00105344
2.57021e-10	0.00105498
2.57085e-10	0.00105651
2.57149e-10	0.00105805
2.57213e-10	0.00105958
2.57277e-10	0.00106112
2.57341e-10	0.00106266
2.57405e-10	0.0010642
2.57469e-10	0.00106575
2.57533e-10	0.00106729
2.57597e-10	0.00106884
2.57662e-10	0.00107038
2.57726e-10	0.00107193
2.5779e-10	0.00107348
2.57854e-10	0.00107503
2.57918e-10	0.00107658
2.57982e-10	0.00107814
2.58046e-10	0.00107969
2.5811e-10	0.00108125
2.58174e-10	0.0010828
2.58238e-10	0.00108436
2.58302e-10	0.00108592
2.58366e-10	0.00108749
2.5843e-10	0.00108905
2.58494e-10	0.00109061
2.58558e-10	0.00109218
2.58622e-10	0.00109375
2.58686e-10	0.00109532
2.5875e-10	0.00109689
2.58814e-10	0.00109846
2.58878e-10	0.00110003
2.58942e-10	0.0011016
2.59006e-10	0.00110318
2.5907e-10	0.00110476
2.59134e-10	0.00110634
2.59198e-10	0.00110792
2.59262e-10	0.0011095
2.59326e-10	0.00111108
2.5939e-10	0.00111266
2.59454e-10	0.00111425
2.59518e-10	0.00111583
2.59582e-10	0.00111742
2.59646e-10	0.00111901
2.5971e-10	0.0011206
2.59774e-10	0.00112219
2.59838e-10	0.00112379
2.59902e-10	0.00112538
2.59966e-10	0.00112698
2.6003e-10	0.00112858
2.60094e-10	0.00113018
2.60158e-10	0.00113178
2.60222e-10	0.00113338
2.60286e-10	0.00113498
2.6035e-10	0.00113659
2.60414e-10	0.00113819
2.60478e-10	0.0011398
2.60542e-10	0.00114141
2.60606e-10	0.00114302
2.6067e-10	0.00114463
2.60734e-10	0.00114624
2.60798e-10	0.00114786
2.60862e-10	0.00114948
2.60926e-10	0.00115109
2.6099e-10	0.00115271
2.61054e-10	0.00115433
2.61118e-10	0.00115595
2.61182e-10	0.00115758
2.61246e-10	0.0011592
2.6131e-10	0.00116083
2.61374e-10	0.00116245
2.61438e-10	0.00116408
2.61502e-10	0.00116571
2.61566e-10	0.00116734
2.6163e-10	0.00116898
2.61694e-10	0.00117061
2.61758e-10	0.00117225
2.61822e-10	0.00117388
2.61886e-10	0.00117552
2.6195e-10	0.00117716
2.62014e-10	0.0011788
2.62078e-10	0.00118044
2.62142e-10	0.00118209
2.62206e-10	0.00118373
2.6227e-10	0.00118538
2.62334e-10	0.00118703
2.62398e-10	0.00118868
2.62462e-10	0.00119033
2.62526e-10	0.00119198
2.6259e-10	0.00119364
2.62654e-10	0.00119529
2.62718e-10	0.00119695
2.62782e-10	0.00119861
2.62846e-10	0.00120027
2.6291e-10	0.00120193
2.62974e-10	0.00120359
2.63038e-10	0.00120526
2.63102e-10	0.00120692
2.63166e-10	0.00120859
2.6323e-10	0.00121026
2.63294e-10	0.00121193
2.63358e-10	0.0012136
2.63422e-10	0.00121527
2.63486e-10	0.00121694
2.6355e-10	0.00121862
2.63614e-10	0.0012203
2.63678e-10	0.00122197
2.63742e-10	0.00122365
2.63806e-10	0.00122533
2.6387e-10	0.00122702
2.63934e-10	0.0012287
2.63998e-10	0.00123039
2.64062e-10	0.00123207
2.64126e-10	0.00123376
2.6419e-10	0.00123545
2.64254e-10	0.00123714
2.64318e-10	0.00123884
2.64382e-10	0.00124053
2.64446e-10	0.00124223
2.6451e-10	0.00124392
2.64574e-10	0.00124562
2.64638e-10	0.00124732
2.64702e-10	0.00124902
2.64766e-10	0.00125073
2.6483e-10	0.00125243
2.64894e-10	0.00125414
2.64958e-10	0.00125584
2.65022e-10	0.00125755
2.65086e-10	0.00125926
2.6515e-10	0.00126097
2.65214e-10	0.00126269
2.65278e-10	0.0012644
2.65342e-10	0.00126612
2.65406e-10	0.00126783
2.6547e-10	0.00126955
2.65534e-10	0.00127127
2.65598e-10	0.001273
2.65662e-10	0.00127472
2.65726e-10	0.00127644
2.6579e-10	0.00127817
2.65854e-10	0.0012799
2.65918e-10	0.00128163
2.65982e-10	0.00128336
2.66046e-10	0.00128509
2.6611e-10	0.00128682
2.66174e-10	0.00128856
2.66238e-10	0.00129029
2.66302e-10	0.00129203
2.66366e-10	0.00129377
2.66431e-10	0.00129551
2.66495e-10	0.00129725
2.66559e-10	0.001299
2.66623e-10	0.00130074
2.66687e-10	0.00130249
2.66751e-10	0.00130424
2.66815e-10	0.00130599
2.66879e-10	0.00130774
2.66943e-10	0.00130949
2.67007e-10	0.00131124
2.67071e-10	0.001313
2.67135e-10	0.00131476
2.67199e-10	0.00131651
2.67263e-10	0.00131827
2.67327e-10	0.00132004
2.67391e-10	0.0013218
2.67455e-10	0.00132356
2.67519e-10	0.00132533
2.67583e-10	0.0013271
2.67647e-10	0.00132887
2.67711e-10	0.00133064
2.67775e-10	0.00133241
2.67839e-10	0.00133418
2.67903e-10	0.00133596
2.67967e-10	0.00133773
2.68031e-10	0.00133951
2.68095e-10	0.00134129
2.68159e-10	0.00134307
2.68223e-10	0.00134485
2.68287e-10	0.00134664
2.68351e-10	0.00134842
2.68415e-10	0.00135021
2.68479e-10	0.001352
2.68543e-10	0.00135378
2.68607e-10	0.00135558
2.68671e-10	0.00135737
2.68735e-10	0.00135916
2.68799e-10	0.00136096
2.68863e-10	0.00136276
2.68927e-10	0.00136455
2.68991e-10	0.00136635
2.69055e-10	0.00136816
2.69119e-10	0.00136996
2.69183e-10	0.00137176
2.69247e-10	0.00137357
2.69311e-10	0.00137538
2.69375e-10	0.00137719
2.69439e-10	0.001379
2.69503e-10	0.00138081
2.69567e-10	0.00138262
2.69631e-10	0.00138444
2.69695e-10	0.00138625
2.69759e-10	0.00138807
2.69823e-10	0.00138989
2.69887e-10	0.00139171
2.69951e-10	0.00139354
2.70015e-10	0.00139536
2.70079e-10	0.00139719
2.70143e-10	0.00139901
2.70207e-10	0.00140084
2.70271e-10	0.00140267
2.70335e-10	0.0014045
2.70399e-10	0.00140634
2.70463e-10	0.00140817
2.70527e-10	0.00141001
2.70591e-10	0.00141185
2.70655e-10	0.00141369
2.70719e-10	0.00141553
2.70783e-10	0.00141737
2.70847e-10	0.00141921
2.70911e-10	0.00142106
2.70975e-10	0.00142291
2.71039e-10	0.00142475
2.71103e-10	0.0014266
2.71167e-10	0.00142846
2.71231e-10	0.00143031
2.71295e-10	0.00143216
2.71359e-10	0.00143402
2.71423e-10	0.00143588
2.71487e-10	0.00143774
2.71551e-10	0.0014396
2.71615e-10	0.00144146
2.71679e-10	0.00144332
2.71743e-10	0.00144519
2.71807e-10	0.00144706
2.71871e-10	0.00144892
2.71935e-10	0.00145079
2.71999e-10	0.00145267
2.72063e-10	0.00145454
2.72127e-10	0.00145641
2.72191e-10	0.00145829
2.72255e-10	0.00146017
2.72319e-10	0.00146205
2.72383e-10	0.00146393
2.72447e-10	0.00146581
2.72511e-10	0.00146769
2.72575e-10	0.00146958
2.72639e-10	0.00147146
2.72703e-10	0.00147335
2.72767e-10	0.00147524
2.72831e-10	0.00147713
2.72895e-10	0.00147903
2.72959e-10	0.00148092
2.73023e-10	0.00148282
2.73087e-10	0.00148472
2.73151e-10	0.00148661
2.73215e-10	0.00148852
2.73279e-10	0.00149042
2.73343e-10	0.00149232
2.73407e-10	0.00149423
2.73471e-10	0.00149613
2.73535e-10	0.00149804
2.73599e-10	0.00149995
2.73663e-10	0.00150186
2.73727e-10	0.00150378
2.73791e-10	0.00150569
2.73855e-10	0.00150761
2.73919e-10	0.00150953
2.73983e-10	0.00151145
2.74047e-10	0.00151337
2.74111e-10	0.00151529
2.74175e-10	0.00151721
2.74239e-10	0.00151914
2.74303e-10	0.00152107
2.74367e-10	0.001523
2.74431e-10	0.00152493
2.74495e-10	0.00152686
2.74559e-10	0.00152879
2.74623e-10	0.00153073
2.74687e-10	0.00153266
2.74751e-10	0.0015346
2.74815e-10	0.00153654
2.74879e-10	0.00153848
2.74943e-10	0.00154042
2.75007e-10	0.00154237
2.75071e-10	0.00154432
2.75136e-10	0.00154626
2.752e-10	0.00154821
2.75264e-10	0.00155016
2.75328e-10	0.00155212
2.75392e-10	0.00155407
2.75456e-10	0.00155602
2.7552e-10	0.00155798
2.75584e-10	0.00155994
2.75648e-10	0.0015619
2.75712e-10	0.00156386
2.75776e-10	0.00156583
2.7584e-10	0.00156779
2.75904e-10	0.00156976
2.75968e-10	0.00157173
2.76032e-10	0.00157369
2.76096e-10	0.00157567
2.7616e-10	0.00157764
2.76224e-10	0.00157961
2.76288e-10	0.00158159
2.76352e-10	0.00158357
2.76416e-10	0.00158555
2.7648e-10	0.00158753
2.76544e-10	0.00158951
2.76608e-10	0.00159149
2.76672e-10	0.00159348
2.76736e-10	0.00159547
2.768e-10	0.00159746
2.76864e-10	0.00159945
2.76928e-10	0.00160144
2.76992e-10	0.00160343
2.77056e-10	0.00160543
2.7712e-10	0.00160742
2.77184e-10	0.00160942
2.77248e-10	0.00161142
2.77312e-10	0.00161342
2.77376e-10	0.00161543
2.7744e-10	0.00161743
2.77504e-10	0.00161944
2.77568e-10	0.00162145
2.77632e-10	0.00162345
2.77696e-10	0.00162547
2.7776e-10	0.00162748
2.77824e-10	0.00162949
2.77888e-10	0.00163151
2.77952e-10	0.00163353
2.78016e-10	0.00163555
2.7808e-10	0.00163757
2.78144e-10	0.00163959
2.78208e-10	0.00164161
2.78272e-10	0.00164364
2.78336e-10	0.00164567
2.784e-10	0.00164769
2.78464e-10	0.00164973
2.78528e-10	0.00165176
2.78592e-10	0.00165379
2.78656e-10	0.00165583
2.7872e-10	0.00165786
2.78784e-10	0.0016599
2.78848e-10	0.00166194
2.78912e-10	0.00166398
2.78976e-10	0.00166603
2.7904e-10	0.00166807
2.79104e-10	0.00167012
2.79168e-10	0.00167217
2.79232e-10	0.00167422
2.79296e-10	0.00167627
2.7936e-10	0.00167832
2.79424e-10	0.00168038
2.79488e-10	0.00168243
2.79552e-10	0.00168449
2.79616e-10	0.00168655
2.7968e-10	0.00168861
2.79744e-10	0.00169067
2.79808e-10	0.00169274
2.79872e-10	0.00169481
2.79936e-10	0.00169687
2.8e-10	0.00169894
2.80064e-10	0.00170101
2.80128e-10	0.00170309
2.80192e-10	0.00170516
2.80256e-10	0.00170724
2.8032e-10	0.00170931
2.80384e-10	0.00171139
2.80448e-10	0.00171347
2.80512e-10	0.00171556
2.80576e-10	0.00171764
2.8064e-10	0.00171973
2.80704e-10	0.00172181
2.80768e-10	0.0017239
2.80832e-10	0.00172599
2.80896e-10	0.00172809
2.8096e-10	0.00173018
2.81024e-10	0.00173228
2.81088e-10	0.00173437
2.81152e-10	0.00173647
2.81216e-10	0.00173857
2.8128e-10	0.00174067
2.81344e-10	0.00174278
2.81408e-10	0.00174488
2.81472e-10	0.00174699
2.81536e-10	0.0017491
2.816e-10	0.00175121
2.81664e-10	0.00175332
2.81728e-10	0.00175544
2.81792e-10	0.00175755
2.81856e-10	0.00175967
2.8192e-10	0.00176179
2.81984e-10	0.00176391
2.82048e-10	0.00176603
2.82112e-10	0.00176815
2.82176e-10	0.00177028
2.8224e-10	0.0017724
2.82304e-10	0.00177453
2.82368e-10	0.00177666
2.82432e-10	0.0017788
2.82496e-10	0.00178093
2.8256e-10	0.00178306
2.82624e-10	0.0017852
2.82688e-10	0.00178734
2.82752e-10	0.00178948
2.82816e-10	0.00179162
2.8288e-10	0.00179377
2.82944e-10	0.00179591
2.83008e-10	0.00179806
2.83072e-10	0.00180021
2.83136e-10	0.00180236
2.832e-10	0.00180451
2.83264e-10	0.00180666
2.83328e-10	0.00180882
2.83392e-10	0.00181098
2.83456e-10	0.00181313
2.8352e-10	0.00181529
2.83584e-10	0.00181746
2.83648e-10	0.00181962
2.83712e-10	0.00182178
2.83776e-10	0.00182395
2.83841e-10	0.00182612
2.83905e-10	0.00182829
2.83969e-10	0.00183046
2.84033e-10	0.00183264
2.84097e-10	0.00183481
2.84161e-10	0.00183699
2.84225e-10	0.00183917
2.84289e-10	0.00184135
2.84353e-10	0.00184353
2.84417e-10	0.00184571
2.84481e-10	0.0018479
2.84545e-10	0.00185009
2.84609e-10	0.00185228
2.84673e-10	0.00185447
2.84737e-10	0.00185666
2.84801e-10	0.00185885
2.84865e-10	0.00186105
2.84929e-10	0.00186325
2.84993e-10	0.00186544
2.85057e-10	0.00186765
2.85121e-10	0.00186985
2.85185e-10	0.00187205
2.85249e-10	0.00187426
2.85313e-10	0.00187646
2.85377e-10	0.00187867
2.85441e-10	0.00188088
2.85505e-10	0.0018831
2.85569e-10	0.00188531
2.85633e-10	0.00188753
2.85697e-10	0.00188975
2.85761e-10	0.00189196
2.85825e-10	0.00189419
2.85889e-10	0.00189641
2.85953e-10	0.00189863
2.86017e-10	0.00190086
2.86081e-10	0.00190309
2.86145e-10	0.00190532
2.86209e-10	0.00190755
2.86273e-10	0.00190978
2.86337e-10	0.00191202
2.86401e-10	0.00191425
2.86465e-10	0.00191649
2.86529e-10	0.00191873
2.86593e-10	0.00192097
2.86657e-10	0.00192321
2.86721e-10	0.00192546
2.86785e-10	0.00192771
2.86849e-10	0.00192995
2.86913e-10	0.0019322
2.86977e-10	0.00193446
2.87041e-10	0.00193671
2.87105e-10	0.00193896
2.87169e-10	0.00194122
2.87233e-10	0.00194348
2.87297e-10	0.00194574
2.87361e-10	0.001948
2.87425e-10	0.00195027
2.87489e-10	0.00195253
2.87553e-10	0.0019548
2.87617e-10	0.00195707
2.87681e-10	0.00195934
2.87745e-10	0.00196161
2.87809e-10	0.00196389
2.87873e-10	0.00196616
2.87937e-10	0.00196844
2.88001e-10	0.00197072
2.88065e-10	0.001973
2.88129e-10	0.00197528
2.88193e-10	0.00197757
2.88257e-10	0.00197985
2.88321e-10	0.00198214
2.88385e-10	0.00198443
2.88449e-10	0.00198672
2.88513e-10	0.00198902
2.88577e-10	0.00199131
2.88641e-10	0.00199361
2.88705e-10	0.00199591
2.88769e-10	0.00199821
2.88833e-10	0.00200051
2.88897e-10	0.00200281
2.88961e-10	0.00200512
2.89025e-10	0.00200742
2.89089e-10	0.00200973
2.89153e-10	0.00201204
2.89217e-10	0.00201435
2.89281e-10	0.00201667
2.89345e-10	0.00201898
2.89409e-10	0.0020213
2.89473e-10	0.00202362
2.89537e-10	0.00202594
2.89601e-10	0.00202826
2.89665e-10	0.00203059
2.89729e-10	0.00203292
2.89793e-10	0.00203524
2.89857e-10	0.00203757
2.89921e-10	0.0020399
2.89985e-10	0.00204224
2.90049e-10	0.00204457
2.90113e-10	0.00204691
2.90177e-10	0.00204925
2.90241e-10	0.00205159
2.90305e-10	0.00205393
2.90369e-10	0.00205627
2.90433e-10	0.00205862
2.90497e-10	0.00206097
2.90561e-10	0.00206332
2.90625e-10	0.00206567
2.90689e-10	0.00206802
2.90753e-10	0.00207037
2.90817e-10	0.00207273
2.90881e-10	0.00207509
2.90945e-10	0.00207745
2.91009e-10	0.00207981
2.91073e-10	0.00208217
2.91137e-10	0.00208454
2.91201e-10	0.0020869
2.91265e-10	0.00208927
2.91329e-10	0.00209164
2.91393e-10	0.00209401
2.91457e-10	0.00209639
2.91521e-10	0.00209876
2.91585e-10	0.00210114
2.91649e-10	0.00210352
2.91713e-10	0.0021059
2.91777e-10	0.00210828
2.91841e-10	0.00211067
2.91905e-10	0.00211305
2.91969e-10	0.00211544
2.92033e-10	0.00211783
2.92097e-10	0.00212022
2.92161e-10	0.00212261
2.92225e-10	0.00212501
2.92289e-10	0.00212741
2.92353e-10	0.0021298
2.92417e-10	0.0021322
2.92481e-10	0.00213461
2.92545e-10	0.00213701
2.9261e-10	0.00213942
2.92674e-10	0.00214182
2.92738e-10	0.00214423
2.92802e-10	0.00214664
2.92866e-10	0.00214906
2.9293e-10	0.00215147
2.92994e-10	0.00215389
2.93058e-10	0.0021563
2.93122e-10	0.00215872
2.93186e-10	0.00216115
2.9325e-10	0.00216357
2.93314e-10	0.00216599
2.93378e-10	0.00216842
2.93442e-10	0.00217085
2.93506e-10	0.00217328
2.9357e-10	0.00217571
2.93634e-10	0.00217815
2.93698e-10	0.00218058
2.93762e-10	0.00218302
2.93826e-10	0.00218546
2.9389e-10	0.0021879
2.93954e-10	0.00219035
2.94018e-10	0.00219279
2.94082e-10	0.00219524
2.94146e-10	0.00219769
2.9421e-10	0.00220014
2.94274e-10	0.00220259
2.94338e-10	0.00220504
2.94402e-10	0.0022075
2.94466e-10	0.00220996
2.9453e-10	0.00221241
2.94594e-10	0.00221488
2.94658e-10	0.00221734
2.94722e-10	0.0022198
2.94786e-10	0.00222227
2.9485e-10	0.00222474
2.94914e-10	0.00222721
2.94978e-10	0.00222968
2.95042e-10	0.00223215
2.95106e-10	0.00223463
2.9517e-10	0.00223711
2.95234e-10	0.00223959
2.95298e-10	0.00224207
2.95362e-10	0.00224455
2.95426e-10	0.00224704
2.9549e-10	0.00224952
2.95554e-10	0.00225201
2.95618e-10	0.0022545
2.95682e-10	0.00225699
2.95746e-10	0.00225949
2.9581e-10	0.00226198
2.95874e-10	0.00226448
2.95938e-10	0.00226698
2.96002e-10	0.00226948
2.96066e-10	0.00227198
2.9613e-10	0.00227449
2.96194e-10	0.00227699
2.96258e-10	0.0022795
2.96322e-10	0.00228201
2.96386e-10	0.00228452
2.9645e-10	0.00228704
2.96514e-10	0.00228955
2.96578e-10	0.00229207
2.96642e-10	0.00229459
2.96706e-10	0.00229711
2.9677e-10	0.00229963
2.96834e-10	0.00230216
2.96898e-10	0.00230468
2.96962e-10	0.00230721
2.97026e-10	0.00230974
2.9709e-10	0.00231228
2.97154e-10	0.00231481
2.97218e-10	0.00231735
2.97282e-10	0.00231988
2.97346e-10	0.00232242
2.9741e-10	0.00232496
2.97474e-10	0.00232751
2.97538e-10	0.00233005
2.97602e-10	0.0023326
2.97666e-10	0.00233515
2.9773e-10	0.0023377
2.97794e-10	0.00234025
2.97858e-10	0.0023428
2.97922e-10	0.00234536
2.97986e-10	0.00234792
2.9805e-10	0.00235048
2.98114e-10	0.00235304
2.98178e-10	0.0023556
2.98242e-10	0.00235817
2.98306e-10	0.00236073
2.9837e-10	0.0023633
2.98434e-10	0.00236587
2.98498e-10	0.00236845
2.98562e-10	0.00237102
2.98626e-10	0.0023736
2.9869e-10	0.00237617
2.98754e-10	0.00237875
2.98818e-10	0.00238134
2.98882e-10	0.00238392
2.98946e-10	0.00238651
2.9901e-10	0.00238909
2.99074e-10	0.00239168
2.99138e-10	0.00239427
2.99202e-10	0.00239687
2.99266e-10	0.00239946
2.9933e-10	0.00240206
2.99394e-10	0.00240466
2.99458e-10	0.00240726
2.99522e-10	0.00240986
2.99586e-10	0.00241246
2.9965e-10	0.00241507
2.99714e-10	0.00241768
2.99778e-10	0.00242029
2.99842e-10	0.0024229
2.99906e-10	0.00242551
2.9997e-10	0.00242813
3.00034e-10	0.00243074
3.00098e-10	0.00243336
3.00162e-10	0.00243598
3.00226e-10	0.00243861
3.0029e-10	0.00244123
3.00354e-10	0.00244386
3.00418e-10	0.00244649
3.00482e-10	0.00244912
3.00546e-10	0.00245175
3.0061e-10	0.00245438
3.00674e-10	0.00245702
3.00738e-10	0.00245966
3.00802e-10	0.00246229
3.00866e-10	0.00246494
3.0093e-10	0.00246758
3.00994e-10	0.00247022
3.01058e-10	0.00247287
3.01122e-10	0.00247552
3.01186e-10	0.00247817
3.0125e-10	0.00248082
3.01315e-10	0.00248348
3.01379e-10	0.00248614
3.01443e-10	0.00248879
3.01507e-10	0.00249145
3.01571e-10	0.00249412
3.01635e-10	0.00249678
3.01699e-10	0.00249945
3.01763e-10	0.00250211
3.01827e-10	0.00250478
3.01891e-10	0.00250745
3.01955e-10	0.00251013
3.02019e-10	0.0025128
3.02083e-10	0.00251548
3.02147e-10	0.00251816
3.02211e-10	0.00252084
3.02275e-10	0.00252352
3.02339e-10	0.00252621
3.02403e-10	0.00252889
3.02467e-10	0.00253158
3.02531e-10	0.00253427
3.02595e-10	0.00253697
3.02659e-10	0.00253966
3.02723e-10	0.00254236
3.02787e-10	0.00254505
3.02851e-10	0.00254775
3.02915e-10	0.00255046
3.02979e-10	0.00255316
3.03043e-10	0.00255587
3.03107e-10	0.00255857
3.03171e-10	0.00256128
3.03235e-10	0.00256399
3.03299e-10	0.00256671
3.03363e-10	0.00256942
3.03427e-10	0.00257214
3.03491e-10	0.00257486
3.03555e-10	0.00257758
3.03619e-10	0.0025803
3.03683e-10	0.00258303
3.03747e-10	0.00258575
3.03811e-10	0.00258848
3.03875e-10	0.00259121
3.03939e-10	0.00259394
3.04003e-10	0.00259668
3.04067e-10	0.00259941
3.04131e-10	0.00260215
3.04195e-10	0.00260489
3.04259e-10	0.00260763
3.04323e-10	0.00261038
3.04387e-10	0.00261312
3.04451e-10	0.00261587
3.04515e-10	0.00261862
3.04579e-10	0.00262137
3.04643e-10	0.00262412
3.04707e-10	0.00262688
3.04771e-10	0.00262964
3.04835e-10	0.0026324
3.04899e-10	0.00263516
3.04963e-10	0.00263792
3.05027e-10	0.00264069
3.05091e-10	0.00264345
3.05155e-10	0.00264622
3.05219e-10	0.00264899
3.05283e-10	0.00265176
3.05347e-10	0.00265454
3.05411e-10	0.00265731
3.05475e-10	0.00266009
3.05539e-10	0.00266287
3.05603e-10	0.00266565
3.05667e-10	0.00266844
3.05731e-10	0.00267122
3.05795e-10	0.00267401
3.05859e-10	0.0026768
3.05923e-10	0.00267959
3.05987e-10	0.00268239
3.06051e-10	0.00268518
3.06115e-10	0.00268798
3.06179e-10	0.00269078
3.06243e-10	0.00269358
3.06307e-10	0.00269639
3.06371e-10	0.00269919
3.06435e-10	0.002702
3.06499e-10	0.00270481
3.06563e-10	0.00270762
3.06627e-10	0.00271043
3.06691e-10	0.00271325
3.06755e-10	0.00271606
3.06819e-10	0.00271888
3.06883e-10	0.0027217
3.06947e-10	0.00272453
3.07011e-10	0.00272735
3.07075e-10	0.00273018
3.07139e-10	0.00273301
3.07203e-10	0.00273584
3.07267e-10	0.00273867
3.07331e-10	0.0027415
3.07395e-10	0.00274434
3.07459e-10	0.00274718
3.07523e-10	0.00275002
3.07587e-10	0.00275286
3.07651e-10	0.00275571
3.07715e-10	0.00275855
3.07779e-10	0.0027614
3.07843e-10	0.00276425
3.07907e-10	0.0027671
3.07971e-10	0.00276996
3.08035e-10	0.00277281
3.08099e-10	0.00277567
3.08163e-10	0.00277853
3.08227e-10	0.00278139
3.08291e-10	0.00278425
3.08355e-10	0.00278712
3.08419e-10	0.00278999
3.08483e-10	0.00279286
3.08547e-10	0.00279573
3.08611e-10	0.0027986
3.08675e-10	0.00280148
3.08739e-10	0.00280435
3.08803e-10	0.00280723
3.08867e-10	0.00281012
3.08931e-10	0.002813
3.08995e-10	0.00281588
3.09059e-10	0.00281877
3.09123e-10	0.00282166
3.09187e-10	0.00282455
3.09251e-10	0.00282745
3.09315e-10	0.00283034
3.09379e-10	0.00283324
3.09443e-10	0.00283614
3.09507e-10	0.00283904
3.09571e-10	0.00284194
3.09635e-10	0.00284485
3.09699e-10	0.00284775
3.09763e-10	0.00285066
3.09827e-10	0.00285357
3.09891e-10	0.00285648
3.09955e-10	0.0028594
3.10019e-10	0.00286232
3.10084e-10	0.00286523
3.10148e-10	0.00286816
3.10212e-10	0.00287108
3.10276e-10	0.002874
3.1034e-10	0.00287693
3.10404e-10	0.00287986
3.10468e-10	0.00288279
3.10532e-10	0.00288572
3.10596e-10	0.00288866
3.1066e-10	0.00289159
3.10724e-10	0.00289453
3.10788e-10	0.00289747
3.10852e-10	0.00290041
3.10916e-10	0.00290336
3.1098e-10	0.00290631
3.11044e-10	0.00290925
3.11108e-10	0.0029122
3.11172e-10	0.00291516
3.11236e-10	0.00291811
3.113e-10	0.00292107
3.11364e-10	0.00292403
3.11428e-10	0.00292699
3.11492e-10	0.00292995
3.11556e-10	0.00293291
3.1162e-10	0.00293588
3.11684e-10	0.00293885
3.11748e-10	0.00294182
3.11812e-10	0.00294479
3.11876e-10	0.00294776
3.1194e-10	0.00295074
3.12004e-10	0.00295372
3.12068e-10	0.0029567
3.12132e-10	0.00295968
3.12196e-10	0.00296267
3.1226e-10	0.00296565
3.12324e-10	0.00296864
3.12388e-10	0.00297163
3.12452e-10	0.00297462
3.12516e-10	0.00297762
3.1258e-10	0.00298061
3.12644e-10	0.00298361
3.12708e-10	0.00298661
3.12772e-10	0.00298961
3.12836e-10	0.00299262
3.129e-10	0.00299563
3.12964e-10	0.00299863
3.13028e-10	0.00300164
3.13092e-10	0.00300466
3.13156e-10	0.00300767
3.1322e-10	0.00301069
3.13284e-10	0.00301371
3.13348e-10	0.00301673
3.13412e-10	0.00301975
3.13476e-10	0.00302277
3.1354e-10	0.0030258
3.13604e-10	0.00302883
3.13668e-10	0.00303186
3.13732e-10	0.00303489
3.13796e-10	0.00303792
3.1386e-10	0.00304096
3.13924e-10	0.003044
3.13988e-10	0.00304704
3.14052e-10	0.00305008
3.14116e-10	0.00305313
3.1418e-10	0.00305617
3.14244e-10	0.00305922
3.14308e-10	0.00306227
3.14372e-10	0.00306533
3.14436e-10	0.00306838
3.145e-10	0.00307144
3.14564e-10	0.0030745
3.14628e-10	0.00307756
3.14692e-10	0.00308062
3.14756e-10	0.00308368
3.1482e-10	0.00308675
3.14884e-10	0.00308982
3.14948e-10	0.00309289
3.15012e-10	0.00309596
3.15076e-10	0.00309904
3.1514e-10	0.00310211
3.15204e-10	0.00310519
3.15268e-10	0.00310827
3.15332e-10	0.00311136
3.15396e-10	0.00311444
3.1546e-10	0.00311753
3.15524e-10	0.00312062
3.15588e-10	0.00312371
3.15652e-10	0.0031268
3.15716e-10	0.0031299
3.1578e-10	0.00313299
3.15844e-10	0.00313609
3.15908e-10	0.0031392
3.15972e-10	0.0031423
3.16036e-10	0.0031454
3.161e-10	0.00314851
3.16164e-10	0.00315162
3.16228e-10	0.00315473
3.16292e-10	0.00315785
3.16356e-10	0.00316096
3.1642e-10	0.00316408
3.16484e-10	0.0031672
3.16548e-10	0.00317032
3.16612e-10	0.00317344
3.16676e-10	0.00317657
3.1674e-10	0.0031797
3.16804e-10	0.00318283
3.16868e-10	0.00318596
3.16932e-10	0.00318909
3.16996e-10	0.00319223
3.1706e-10	0.00319537
3.17124e-10	0.00319851
3.17188e-10	0.00320165
3.17252e-10	0.00320479
3.17316e-10	0.00320794
3.1738e-10	0.00321109
3.17444e-10	0.00321424
3.17508e-10	0.00321739
3.17572e-10	0.00322054
3.17636e-10	0.0032237
3.177e-10	0.00322686
3.17764e-10	0.00323002
3.17828e-10	0.00323318
3.17892e-10	0.00323635
3.17956e-10	0.00323951
3.1802e-10	0.00324268
3.18084e-10	0.00324585
3.18148e-10	0.00324903
3.18212e-10	0.0032522
3.18276e-10	0.00325538
3.1834e-10	0.00325856
3.18404e-10	0.00326174
3.18468e-10	0.00326492
3.18532e-10	0.00326811
3.18596e-10	0.00327129
3.1866e-10	0.00327448
3.18724e-10	0.00327767
3.18789e-10	0.00328087
3.18853e-10	0.00328406
3.18917e-10	0.00328726
3.18981e-10	0.00329046
3.19045e-10	0.00329366
3.19109e-10	0.00329687
3.19173e-10	0.00330007
3.19237e-10	0.00330328
3.19301e-10	0.00330649
3.19365e-10	0.0033097
3.19429e-10	0.00331292
3.19493e-10	0.00331613
3.19557e-10	0.00331935
3.19621e-10	0.00332257
3.19685e-10	0.00332579
3.19749e-10	0.00332902
3.19813e-10	0.00333224
3.19877e-10	0.00333547
3.19941e-10	0.0033387
3.20005e-10	0.00334194
3.20069e-10	0.00334517
3.20133e-10	0.00334841
3.20197e-10	0.00335165
3.20261e-10	0.00335489
3.20325e-10	0.00335813
3.20389e-10	0.00336138
3.20453e-10	0.00336462
3.20517e-10	0.00336787
3.20581e-10	0.00337112
3.20645e-10	0.00337438
3.20709e-10	0.00337763
3.20773e-10	0.00338089
3.20837e-10	0.00338415
3.20901e-10	0.00338741
3.20965e-10	0.00339068
3.21029e-10	0.00339394
3.21093e-10	0.00339721
3.21157e-10	0.00340048
3.21221e-10	0.00340375
3.21285e-10	0.00340703
3.21349e-10	0.00341031
3.21413e-10	0.00341358
3.21477e-10	0.00341686
3.21541e-10	0.00342015
3.21605e-10	0.00342343
3.21669e-10	0.00342672
3.21733e-10	0.00343001
3.21797e-10	0.0034333
3.21861e-10	0.00343659
3.21925e-10	0.00343989
3.21989e-10	0.00344319
3.22053e-10	0.00344648
3.22117e-10	0.00344979
3.22181e-10	0.00345309
3.22245e-10	0.0034564
3.22309e-10	0.0034597
3.22373e-10	0.00346301
3.22437e-10	0.00346633
3.22501e-10	0.00346964
3.22565e-10	0.00347296
3.22629e-10	0.00347627
3.22693e-10	0.0034796
3.22757e-10	0.00348292
3.22821e-10	0.00348624
3.22885e-10	0.00348957
3.22949e-10	0.0034929
3.23013e-10	0.00349623
3.23077e-10	0.00349956
3.23141e-10	0.0035029
3.23205e-10	0.00350623
3.23269e-10	0.00350957
3.23333e-10	0.00351292
3.23397e-10	0.00351626
3.23461e-10	0.0035196
3.23525e-10	0.00352295
3.23589e-10	0.0035263
3.23653e-10	0.00352965
3.23717e-10	0.00353301
3.23781e-10	0.00353636
3.23845e-10	0.00353972
3.23909e-10	0.00354308
3.23973e-10	0.00354645
3.24037e-10	0.00354981
3.24101e-10	0.00355318
3.24165e-10	0.00355655
3.24229e-10	0.00355992
3.24293e-10	0.00356329
3.24357e-10	0.00356667
3.24421e-10	0.00357004
3.24485e-10	0.00357342
3.24549e-10	0.0035768
3.24613e-10	0.00358019
3.24677e-10	0.00358357
3.24741e-10	0.00358696
3.24805e-10	0.00359035
3.24869e-10	0.00359374
3.24933e-10	0.00359714
3.24997e-10	0.00360054
3.25061e-10	0.00360393
3.25125e-10	0.00360733
3.25189e-10	0.00361074
3.25253e-10	0.00361414
3.25317e-10	0.00361755
3.25381e-10	0.00362096
3.25445e-10	0.00362437
3.25509e-10	0.00362778
3.25573e-10	0.0036312
3.25637e-10	0.00363462
3.25701e-10	0.00363804
3.25765e-10	0.00364146
3.25829e-10	0.00364488
3.25893e-10	0.00364831
3.25957e-10	0.00365174
3.26021e-10	0.00365517
3.26085e-10	0.0036586
3.26149e-10	0.00366204
3.26213e-10	0.00366547
3.26277e-10	0.00366891
3.26341e-10	0.00367235
3.26405e-10	0.0036758
3.26469e-10	0.00367924
3.26533e-10	0.00368269
3.26597e-10	0.00368614
3.26661e-10	0.00368959
3.26725e-10	0.00369304
3.26789e-10	0.0036965
3.26853e-10	0.00369996
3.26917e-10	0.00370342
3.26981e-10	0.00370688
3.27045e-10	0.00371035
3.27109e-10	0.00371381
3.27173e-10	0.00371728
3.27237e-10	0.00372075
3.27301e-10	0.00372423
3.27365e-10	0.0037277
3.27429e-10	0.00373118
3.27493e-10	0.00373466
3.27558e-10	0.00373814
3.27622e-10	0.00374162
3.27686e-10	0.00374511
3.2775e-10	0.0037486
3.27814e-10	0.00375209
3.27878e-10	0.00375558
3.27942e-10	0.00375908
3.28006e-10	0.00376257
3.2807e-10	0.00376607
3.28134e-10	0.00376957
3.28198e-10	0.00377308
3.28262e-10	0.00377658
3.28326e-10	0.00378009
3.2839e-10	0.0037836
3.28454e-10	0.00378711
3.28518e-10	0.00379062
3.28582e-10	0.00379414
3.28646e-10	0.00379766
3.2871e-10	0.00380118
3.28774e-10	0.0038047
3.28838e-10	0.00380823
3.28902e-10	0.00381175
3.28966e-10	0.00381528
3.2903e-10	0.00381881
3.29094e-10	0.00382235
3.29158e-10	0.00382588
3.29222e-10	0.00382942
3.29286e-10	0.00383296
3.2935e-10	0.0038365
3.29414e-10	0.00384005
3.29478e-10	0.00384359
3.29542e-10	0.00384714
3.29606e-10	0.00385069
3.2967e-10	0.00385424
3.29734e-10	0.0038578
3.29798e-10	0.00386136
3.29862e-10	0.00386491
3.29926e-10	0.00386848
3.2999e-10	0.00387204
3.30054e-10	0.00387561
3.30118e-10	0.00387917
3.30182e-10	0.00388274
3.30246e-10	0.00388632
3.3031e-10	0.00388989
3.30374e-10	0.00389347
3.30438e-10	0.00389705
3.30502e-10	0.00390063
3.30566e-10	0.00390421
3.3063e-10	0.00390779
3.30694e-10	0.00391138
3.30758e-10	0.00391497
3.30822e-10	0.00391856
3.30886e-10	0.00392216
3.3095e-10	0.00392575
3.31014e-10	0.00392935
3.31078e-10	0.00393295
3.31142e-10	0.00393655
3.31206e-10	0.00394016
3.3127e-10	0.00394377
3.31334e-10	0.00394738
3.31398e-10	0.00395099
3.31462e-10	0.0039546
3.31526e-10	0.00395822
3.3159e-10	0.00396183
3.31654e-10	0.00396545
3.31718e-10	0.00396908
3.31782e-10	0.0039727
3.31846e-10	0.00397633
3.3191e-10	0.00397996
3.31974e-10	0.00398359
3.32038e-10	0.00398722
3.32102e-10	0.00399086
3.32166e-10	0.00399449
3.3223e-10	0.00399813
3.32294e-10	0.00400177
3.32358e-10	0.00400542
3.32422e-10	0.00400906
3.32486e-10	0.00401271
3.3255e-10	0.00401636
3.32614e-10	0.00402002
3.32678e-10	0.00402367
3.32742e-10	0.00402733
3.32806e-10	0.00403099
3.3287e-10	0.00403465
3.32934e-10	0.00403831
3.32998e-10	0.00404198
3.33062e-10	0.00404565
3.33126e-10	0.00404932
3.3319e-10	0.00405299
3.33254e-10	0.00405666
3.33318e-10	0.00406034
3.33382e-10	0.00406402
3.33446e-10	0.0040677
3.3351e-10	0.00407138
3.33574e-10	0.00407507
3.33638e-10	0.00407876
3.33702e-10	0.00408245
3.33766e-10	0.00408614
3.3383e-10	0.00408983
3.33894e-10	0.00409353
3.33958e-10	0.00409723
3.34022e-10	0.00410093
3.34086e-10	0.00410463
3.3415e-10	0.00410834
3.34214e-10	0.00411205
3.34278e-10	0.00411576
3.34342e-10	0.00411947
3.34406e-10	0.00412318
3.3447e-10	0.0041269
3.34534e-10	0.00413062
3.34598e-10	0.00413434
3.34662e-10	0.00413806
3.34726e-10	0.00414179
3.3479e-10	0.00414551
3.34854e-10	0.00414924
3.34918e-10	0.00415297
3.34982e-10	0.00415671
3.35046e-10	0.00416044
3.3511e-10	0.00416418
3.35174e-10	0.00416792
3.35238e-10	0.00417167
3.35302e-10	0.00417541
3.35366e-10	0.00417916
3.3543e-10	0.00418291
3.35494e-10	0.00418666
3.35558e-10	0.00419041
3.35622e-10	0.00419417
3.35686e-10	0.00419793
3.3575e-10	0.00420169
3.35814e-10	0.00420545
3.35878e-10	0.00420921
3.35942e-10	0.00421298
3.36006e-10	0.00421675
3.3607e-10	0.00422052
3.36134e-10	0.0042243
3.36198e-10	0.00422807
3.36263e-10	0.00423185
3.36327e-10	0.00423563
3.36391e-10	0.00423941
3.36455e-10	0.0042432
3.36519e-10	0.00424698
3.36583e-10	0.00425077
3.36647e-10	0.00425457
3.36711e-10	0.00425836
3.36775e-10	0.00426215
3.36839e-10	0.00426595
3.36903e-10	0.00426975
3.36967e-10	0.00427356
3.37031e-10	0.00427736
3.37095e-10	0.00428117
3.37159e-10	0.00428498
3.37223e-10	0.00428879
3.37287e-10	0.0042926
3.37351e-10	0.00429642
3.37415e-10	0.00430023
3.37479e-10	0.00430405
3.37543e-10	0.00430788
3.37607e-10	0.0043117
3.37671e-10	0.00431553
3.37735e-10	0.00431936
3.37799e-10	0.00432319
3.37863e-10	0.00432702
3.37927e-10	0.00433086
3.37991e-10	0.0043347
3.38055e-10	0.00433854
3.38119e-10	0.00434238
3.38183e-10	0.00434622
3.38247e-10	0.00435007
3.38311e-10	0.00435392
3.38375e-10	0.00435777
3.38439e-10	0.00436162
3.38503e-10	0.00436548
3.38567e-10	0.00436934
3.38631e-10	0.0043732
3.38695e-10	0.00437706
3.38759e-10	0.00438093
3.38823e-10	0.00438479
3.38887e-10	0.00438866
3.38951e-10	0.00439253
3.39015e-10	0.00439641
3.39079e-10	0.00440028
3.39143e-10	0.00440416
3.39207e-10	0.00440804
3.39271e-10	0.00441192
3.39335e-10	0.00441581
3.39399e-10	0.00441969
3.39463e-10	0.00442358
3.39527e-10	0.00442748
3.39591e-10	0.00443137
3.39655e-10	0.00443527
3.39719e-10	0.00443916
3.39783e-10	0.00444306
3.39847e-10	0.00444697
3.39911e-10	0.00445087
3.39975e-10	0.00445478
3.40039e-10	0.00445869
3.40103e-10	0.0044626
3.40167e-10	0.00446651
3.40231e-10	0.00447043
3.40295e-10	0.00447435
3.40359e-10	0.00447827
3.40423e-10	0.00448219
3.40487e-10	0.00448612
3.40551e-10	0.00449004
3.40615e-10	0.00449397
3.40679e-10	0.0044979
3.40743e-10	0.00450184
3.40807e-10	0.00450577
3.40871e-10	0.00450971
3.40935e-10	0.00451365
3.40999e-10	0.0045176
3.41063e-10	0.00452154
3.41127e-10	0.00452549
3.41191e-10	0.00452944
3.41255e-10	0.00453339
3.41319e-10	0.00453735
3.41383e-10	0.0045413
3.41447e-10	0.00454526
3.41511e-10	0.00454922
3.41575e-10	0.00455319
3.41639e-10	0.00455715
3.41703e-10	0.00456112
3.41767e-10	0.00456509
3.41831e-10	0.00456906
3.41895e-10	0.00457304
3.41959e-10	0.00457701
3.42023e-10	0.00458099
3.42087e-10	0.00458497
3.42151e-10	0.00458896
3.42215e-10	0.00459294
3.42279e-10	0.00459693
3.42343e-10	0.00460092
3.42407e-10	0.00460491
3.42471e-10	0.00460891
3.42535e-10	0.0046129
3.42599e-10	0.0046169
3.42663e-10	0.0046209
3.42727e-10	0.00462491
3.42791e-10	0.00462891
3.42855e-10	0.00463292
3.42919e-10	0.00463693
3.42983e-10	0.00464095
3.43047e-10	0.00464496
3.43111e-10	0.00464898
3.43175e-10	0.004653
3.43239e-10	0.00465702
3.43303e-10	0.00466104
3.43367e-10	0.00466507
3.43431e-10	0.0046691
3.43495e-10	0.00467313
3.43559e-10	0.00467716
3.43623e-10	0.0046812
3.43687e-10	0.00468523
3.43751e-10	0.00468927
3.43815e-10	0.00469332
3.43879e-10	0.00469736
3.43943e-10	0.00470141
3.44007e-10	0.00470546
3.44071e-10	0.00470951
3.44135e-10	0.00471356
3.44199e-10	0.00471762
3.44263e-10	0.00472168
3.44327e-10	0.00472574
3.44391e-10	0.0047298
3.44455e-10	0.00473386
3.44519e-10	0.00473793
3.44583e-10	0.004742
3.44647e-10	0.00474607
3.44711e-10	0.00475014
3.44775e-10	0.00475422
3.44839e-10	0.0047583
3.44903e-10	0.00476238
3.44967e-10	0.00476646
3.45032e-10	0.00477055
3.45096e-10	0.00477463
3.4516e-10	0.00477872
3.45224e-10	0.00478282
3.45288e-10	0.00478691
3.45352e-10	0.00479101
3.45416e-10	0.00479511
3.4548e-10	0.00479921
3.45544e-10	0.00480331
3.45608e-10	0.00480742
3.45672e-10	0.00481152
3.45736e-10	0.00481563
3.458e-10	0.00481975
3.45864e-10	0.00482386
3.45928e-10	0.00482798
3.45992e-10	0.0048321
3.46056e-10	0.00483622
3.4612e-10	0.00484034
3.46184e-10	0.00484447
3.46248e-10	0.0048486
3.46312e-10	0.00485273
3.46376e-10	0.00485686
3.4644e-10	0.004861
3.46504e-10	0.00486513
3.46568e-10	0.00486927
3.46632e-10	0.00487341
3.46696e-10	0.00487756
3.4676e-10	0.00488171
3.46824e-10	0.00488585
3.46888e-10	0.00489001
3.46952e-10	0.00489416
3.47016e-10	0.00489831
3.4708e-10	0.00490247
3.47144e-10	0.00490663
3.47208e-10	0.00491079
3.47272e-10	0.00491496
3.47336e-10	0.00491913
3.474e-10	0.0049233
3.47464e-10	0.00492747
3.47528e-10	0.00493164
3.47592e-10	0.00493582
3.47656e-10	0.00494
3.4772e-10	0.00494418
3.47784e-10	0.00494836
3.47848e-10	0.00495254
3.47912e-10	0.00495673
3.47976e-10	0.00496092
3.4804e-10	0.00496511
3.48104e-10	0.00496931
3.48168e-10	0.00497351
3.48232e-10	0.0049777
3.48296e-10	0.00498191
3.4836e-10	0.00498611
3.48424e-10	0.00499032
3.48488e-10	0.00499452
3.48552e-10	0.00499873
3.48616e-10	0.00500295
3.4868e-10	0.00500716
3.48744e-10	0.00501138
3.48808e-10	0.0050156
3.48872e-10	0.00501982
3.48936e-10	0.00502404
3.49e-10	0.00502827
3.49064e-10	0.0050325
3.49128e-10	0.00503673
3.49192e-10	0.00504096
3.49256e-10	0.0050452
3.4932e-10	0.00504944
3.49384e-10	0.00505368
3.49448e-10	0.00505792
3.49512e-10	0.00506216
3.49576e-10	0.00506641
3.4964e-10	0.00507066
3.49704e-10	0.00507491
3.49768e-10	0.00507917
3.49832e-10	0.00508342
3.49896e-10	0.00508768
3.4996e-10	0.00509194
3.50024e-10	0.00509621
3.50088e-10	0.00510047
3.50152e-10	0.00510474
3.50216e-10	0.00510901
3.5028e-10	0.00511328
3.50344e-10	0.00511756
3.50408e-10	0.00512183
3.50472e-10	0.00512611
3.50536e-10	0.00513039
3.506e-10	0.00513468
3.50664e-10	0.00513896
3.50728e-10	0.00514325
3.50792e-10	0.00514754
3.50856e-10	0.00515183
3.5092e-10	0.00515613
3.50984e-10	0.00516043
3.51048e-10	0.00516473
3.51112e-10	0.00516903
3.51176e-10	0.00517333
3.5124e-10	0.00517764
3.51304e-10	0.00518195
3.51368e-10	0.00518626
3.51432e-10	0.00519057
3.51496e-10	0.00519489
3.5156e-10	0.00519921
3.51624e-10	0.00520353
3.51688e-10	0.00520785
3.51752e-10	0.00521218
3.51816e-10	0.0052165
3.5188e-10	0.00522083
3.51944e-10	0.00522517
3.52008e-10	0.0052295
3.52072e-10	0.00523384
3.52136e-10	0.00523818
3.522e-10	0.00524252
3.52264e-10	0.00524686
3.52328e-10	0.00525121
3.52392e-10	0.00525555
3.52456e-10	0.00525991
3.5252e-10	0.00526426
3.52584e-10	0.00526861
3.52648e-10	0.00527297
3.52712e-10	0.00527733
3.52776e-10	0.00528169
3.5284e-10	0.00528606
3.52904e-10	0.00529042
3.52968e-10	0.00529479
3.53032e-10	0.00529916
3.53096e-10	0.00530354
3.5316e-10	0.00530791
3.53224e-10	0.00531229
3.53288e-10	0.00531667
3.53352e-10	0.00532105
3.53416e-10	0.00532544
3.5348e-10	0.00532983
3.53544e-10	0.00533422
3.53608e-10	0.00533861
3.53672e-10	0.005343
3.53737e-10	0.0053474
3.53801e-10	0.0053518
3.53865e-10	0.0053562
3.53929e-10	0.0053606
3.53993e-10	0.00536501
3.54057e-10	0.00536942
3.54121e-10	0.00537383
3.54185e-10	0.00537824
3.54249e-10	0.00538265
3.54313e-10	0.00538707
3.54377e-10	0.00539149
3.54441e-10	0.00539591
3.54505e-10	0.00540034
3.54569e-10	0.00540476
3.54633e-10	0.00540919
3.54697e-10	0.00541362
3.54761e-10	0.00541806
3.54825e-10	0.00542249
3.54889e-10	0.00542693
3.54953e-10	0.00543137
3.55017e-10	0.00543581
3.55081e-10	0.00544026
3.55145e-10	0.00544471
3.55209e-10	0.00544916
3.55273e-10	0.00545361
3.55337e-10	0.00545806
3.55401e-10	0.00546252
3.55465e-10	0.00546698
3.55529e-10	0.00547144
3.55593e-10	0.0054759
3.55657e-10	0.00548037
3.55721e-10	0.00548484
3.55785e-10	0.00548931
3.55849e-10	0.00549378
3.55913e-10	0.00549826
3.55977e-10	0.00550273
3.56041e-10	0.00550721
3.56105e-10	0.0055117
3.56169e-10	0.00551618
3.56233e-10	0.00552067
3.56297e-10	0.00552516
3.56361e-10	0.00552965
3.56425e-10	0.00553414
3.56489e-10	0.00553864
3.56553e-10	0.00554314
3.56617e-10	0.00554764
3.56681e-10	0.00555214
3.56745e-10	0.00555664
3.56809e-10	0.00556115
3.56873e-10	0.00556566
3.56937e-10	0.00557017
3.57001e-10	0.00557469
3.57065e-10	0.00557921
3.57129e-10	0.00558372
3.57193e-10	0.00558825
3.57257e-10	0.00559277
3.57321e-10	0.0055973
3.57385e-10	0.00560182
3.57449e-10	0.00560636
3.57513e-10	0.00561089
3.57577e-10	0.00561542
3.57641e-10	0.00561996
3.57705e-10	0.0056245
3.57769e-10	0.00562904
3.57833e-10	0.00563359
3.57897e-10	0.00563814
3.57961e-10	0.00564269
3.58025e-10	0.00564724
3.58089e-10	0.00565179
3.58153e-10	0.00565635
3.58217e-10	0.00566091
3.58281e-10	0.00566547
3.58345e-10	0.00567003
3.58409e-10	0.0056746
3.58473e-10	0.00567916
3.58537e-10	0.00568373
3.58601e-10	0.00568831
3.58665e-10	0.00569288
3.58729e-10	0.00569746
3.58793e-10	0.00570204
3.58857e-10	0.00570662
3.58921e-10	0.0057112
3.58985e-10	0.00571579
3.59049e-10	0.00572038
3.59113e-10	0.00572497
3.59177e-10	0.00572956
3.59241e-10	0.00573416
3.59305e-10	0.00573876
3.59369e-10	0.00574336
3.59433e-10	0.00574796
3.59497e-10	0.00575257
3.59561e-10	0.00575717
3.59625e-10	0.00576178
3.59689e-10	0.0057664
3.59753e-10	0.00577101
3.59817e-10	0.00577563
3.59881e-10	0.00578025
3.59945e-10	0.00578487
3.60009e-10	0.00578949
3.60073e-10	0.00579412
3.60137e-10	0.00579875
3.60201e-10	0.00580338
3.60265e-10	0.00580801
3.60329e-10	0.00581265
3.60393e-10	0.00581728
3.60457e-10	0.00582192
3.60521e-10	0.00582657
3.60585e-10	0.00583121
3.60649e-10	0.00583586
3.60713e-10	0.00584051
3.60777e-10	0.00584516
3.60841e-10	0.00584981
3.60905e-10	0.00585447
3.60969e-10	0.00585913
3.61033e-10	0.00586379
3.61097e-10	0.00586845
3.61161e-10	0.00587312
3.61225e-10	0.00587779
3.61289e-10	0.00588246
3.61353e-10	0.00588713
3.61417e-10	0.0058918
3.61481e-10	0.00589648
3.61545e-10	0.00590116
3.61609e-10	0.00590584
3.61673e-10	0.00591053
3.61737e-10	0.00591521
3.61801e-10	0.0059199
3.61865e-10	0.00592459
3.61929e-10	0.00592929
3.61993e-10	0.00593398
3.62057e-10	0.00593868
3.62121e-10	0.00594338
3.62185e-10	0.00594808
3.62249e-10	0.00595279
3.62313e-10	0.0059575
3.62377e-10	0.00596221
3.62442e-10	0.00596692
3.62506e-10	0.00597163
3.6257e-10	0.00597635
3.62634e-10	0.00598107
3.62698e-10	0.00598579
3.62762e-10	0.00599051
3.62826e-10	0.00599524
3.6289e-10	0.00599997
3.62954e-10	0.0060047
3.63018e-10	0.00600943
3.63082e-10	0.00601417
3.63146e-10	0.00601891
3.6321e-10	0.00602365
3.63274e-10	0.00602839
3.63338e-10	0.00603313
3.63402e-10	0.00603788
3.63466e-10	0.00604263
3.6353e-10	0.00604738
3.63594e-10	0.00605214
3.63658e-10	0.00605689
3.63722e-10	0.00606165
3.63786e-10	0.00606641
3.6385e-10	0.00607118
3.63914e-10	0.00607594
3.63978e-10	0.00608071
3.64042e-10	0.00608548
3.64106e-10	0.00609025
3.6417e-10	0.00609503
3.64234e-10	0.00609981
3.64298e-10	0.00610459
3.64362e-10	0.00610937
3.64426e-10	0.00611415
3.6449e-10	0.00611894
3.64554e-10	0.00612373
3.64618e-10	0.00612852
3.64682e-10	0.00613331
3.64746e-10	0.00613811
3.6481e-10	0.00614291
3.64874e-10	0.00614771
3.64938e-10	0.00615251
3.65002e-10	0.00615732
3.65066e-10	0.00616213
3.6513e-10	0.00616694
3.65194e-10	0.00617175
3.65258e-10	0.00617656
3.65322e-10	0.00618138
3.65386e-10	0.0061862
3.6545e-10	0.00619102
3.65514e-10	0.00619585
3.65578e-10	0.00620067
3.65642e-10	0.0062055
3.65706e-10	0.00621033
3.6577e-10	0.00621517
3.65834e-10	0.00622
3.65898e-10	0.00622484
3.65962e-10	0.00622968
3.66026e-10	0.00623452
3.6609e-10	0.00623937
3.66154e-10	0.00624422
3.66218e-10	0.00624907
3.66282e-10	0.00625392
3.66346e-10	0.00625877
3.6641e-10	0.00626363
3.66474e-10	0.00626849
3.66538e-10	0.00627335
3.66602e-10	0.00627821
3.66666e-10	0.00628308
3.6673e-10	0.00628795
3.66794e-10	0.00629282
3.66858e-10	0.00629769
3.66922e-10	0.00630257
3.66986e-10	0.00630745
3.6705e-10	0.00631233
3.67114e-10	0.00631721
3.67178e-10	0.00632209
3.67242e-10	0.00632698
3.67306e-10	0.00633187
3.6737e-10	0.00633676
3.67434e-10	0.00634166
3.67498e-10	0.00634655
3.67562e-10	0.00635145
3.67626e-10	0.00635635
3.6769e-10	0.00636126
3.67754e-10	0.00636616
3.67818e-10	0.00637107
3.67882e-10	0.00637598
3.67946e-10	0.00638089
3.6801e-10	0.00638581
3.68074e-10	0.00639073
3.68138e-10	0.00639565
3.68202e-10	0.00640057
3.68266e-10	0.00640549
3.6833e-10	0.00641042
3.68394e-10	0.00641535
3.68458e-10	0.00642028
3.68522e-10	0.00642521
3.68586e-10	0.00643015
3.6865e-10	0.00643509
3.68714e-10	0.00644003
3.68778e-10	0.00644497
3.68842e-10	0.00644992
3.68906e-10	0.00645486
3.6897e-10	0.00645981
3.69034e-10	0.00646477
3.69098e-10	0.00646972
3.69162e-10	0.00647468
3.69226e-10	0.00647964
3.6929e-10	0.0064846
3.69354e-10	0.00648957
3.69418e-10	0.00649453
3.69482e-10	0.0064995
3.69546e-10	0.00650447
3.6961e-10	0.00650944
3.69674e-10	0.00651442
3.69738e-10	0.0065194
3.69802e-10	0.00652438
3.69866e-10	0.00652936
3.6993e-10	0.00653435
3.69994e-10	0.00653933
3.70058e-10	0.00654432
3.70122e-10	0.00654932
3.70186e-10	0.00655431
3.7025e-10	0.00655931
3.70314e-10	0.00656431
3.70378e-10	0.00656931
3.70442e-10	0.00657431
3.70506e-10	0.00657932
3.7057e-10	0.00658433
3.70634e-10	0.00658934
3.70698e-10	0.00659435
3.70762e-10	0.00659937
3.70826e-10	0.00660438
3.7089e-10	0.0066094
3.70954e-10	0.00661443
3.71018e-10	0.00661945
3.71082e-10	0.00662448
3.71146e-10	0.00662951
3.71211e-10	0.00663454
3.71275e-10	0.00663957
3.71339e-10	0.00664461
3.71403e-10	0.00664965
3.71467e-10	0.00665469
3.71531e-10	0.00665973
3.71595e-10	0.00666478
3.71659e-10	0.00666983
3.71723e-10	0.00667488
3.71787e-10	0.00667993
3.71851e-10	0.00668499
3.71915e-10	0.00669004
3.71979e-10	0.0066951
3.72043e-10	0.00670016
3.72107e-10	0.00670523
3.72171e-10	0.0067103
3.72235e-10	0.00671536
3.72299e-10	0.00672044
3.72363e-10	0.00672551
3.72427e-10	0.00673059
3.72491e-10	0.00673566
3.72555e-10	0.00674074
3.72619e-10	0.00674583
3.72683e-10	0.00675091
3.72747e-10	0.006756
3.72811e-10	0.00676109
3.72875e-10	0.00676618
3.72939e-10	0.00677128
3.73003e-10	0.00677637
3.73067e-10	0.00678147
3.73131e-10	0.00678658
3.73195e-10	0.00679168
3.73259e-10	0.00679679
3.73323e-10	0.00680189
3.73387e-10	0.00680701
3.73451e-10	0.00681212
3.73515e-10	0.00681723
3.73579e-10	0.00682235
3.73643e-10	0.00682747
3.73707e-10	0.00683259
3.73771e-10	0.00683772
3.73835e-10	0.00684285
3.73899e-10	0.00684798
3.73963e-10	0.00685311
3.74027e-10	0.00685824
3.74091e-10	0.00686338
3.74155e-10	0.00686852
3.74219e-10	0.00687366
3.74283e-10	0.0068788
3.74347e-10	0.00688395
3.74411e-10	0.0068891
3.74475e-10	0.00689425
3.74539e-10	0.0068994
3.74603e-10	0.00690456
3.74667e-10	0.00690971
3.74731e-10	0.00691487
3.74795e-10	0.00692003
3.74859e-10	0.0069252
3.74923e-10	0.00693037
3.74987e-10	0.00693553
3.75051e-10	0.00694071
3.75115e-10	0.00694588
3.75179e-10	0.00695106
3.75243e-10	0.00695623
3.75307e-10	0.00696142
3.75371e-10	0.0069666
3.75435e-10	0.00697178
3.75499e-10	0.00697697
3.75563e-10	0.00698216
3.75627e-10	0.00698735
3.75691e-10	0.00699255
3.75755e-10	0.00699775
3.75819e-10	0.00700294
3.75883e-10	0.00700815
3.75947e-10	0.00701335
3.76011e-10	0.00701856
3.76075e-10	0.00702376
3.76139e-10	0.00702898
3.76203e-10	0.00703419
3.76267e-10	0.0070394
3.76331e-10	0.00704462
3.76395e-10	0.00704984
3.76459e-10	0.00705506
3.76523e-10	0.00706029
3.76587e-10	0.00706552
3.76651e-10	0.00707075
3.76715e-10	0.00707598
3.76779e-10	0.00708121
3.76843e-10	0.00708645
3.76907e-10	0.00709169
3.76971e-10	0.00709693
3.77035e-10	0.00710217
3.77099e-10	0.00710742
3.77163e-10	0.00711267
3.77227e-10	0.00711791
3.77291e-10	0.00712317
3.77355e-10	0.00712842
3.77419e-10	0.00713368
3.77483e-10	0.00713894
3.77547e-10	0.0071442
3.77611e-10	0.00714947
3.77675e-10	0.00715473
3.77739e-10	0.00716
3.77803e-10	0.00716527
3.77867e-10	0.00717055
3.77931e-10	0.00717582
3.77995e-10	0.0071811
3.78059e-10	0.00718638
3.78123e-10	0.00719166
3.78187e-10	0.00719695
3.78251e-10	0.00720224
3.78315e-10	0.00720752
3.78379e-10	0.00721282
3.78443e-10	0.00721811
3.78507e-10	0.00722341
3.78571e-10	0.00722871
3.78635e-10	0.00723401
3.78699e-10	0.00723931
3.78763e-10	0.00724462
3.78827e-10	0.00724993
3.78891e-10	0.00725524
3.78955e-10	0.00726055
3.79019e-10	0.00726586
3.79083e-10	0.00727118
3.79147e-10	0.0072765
3.79211e-10	0.00728182
3.79275e-10	0.00728715
3.79339e-10	0.00729247
3.79403e-10	0.0072978
3.79467e-10	0.00730313
3.79531e-10	0.00730847
3.79595e-10	0.0073138
3.79659e-10	0.00731914
3.79723e-10	0.00732448
3.79787e-10	0.00732983
3.79851e-10	0.00733517
3.79916e-10	0.00734052
3.7998e-10	0.00734587
3.80044e-10	0.00735122
3.80108e-10	0.00735657
3.80172e-10	0.00736193
3.80236e-10	0.00736729
3.803e-10	0.00737265
3.80364e-10	0.00737801
3.80428e-10	0.00738338
3.80492e-10	0.00738875
3.80556e-10	0.00739412
3.8062e-10	0.00739949
3.80684e-10	0.00740487
3.80748e-10	0.00741024
3.80812e-10	0.00741562
3.80876e-10	0.00742101
3.8094e-10	0.00742639
3.81004e-10	0.00743178
3.81068e-10	0.00743717
3.81132e-10	0.00744256
3.81196e-10	0.00744795
3.8126e-10	0.00745335
3.81324e-10	0.00745874
3.81388e-10	0.00746414
3.81452e-10	0.00746955
3.81516e-10	0.00747495
3.8158e-10	0.00748036
3.81644e-10	0.00748577
3.81708e-10	0.00749118
3.81772e-10	0.0074966
3.81836e-10	0.00750201
3.819e-10	0.00750743
3.81964e-10	0.00751285
3.82028e-10	0.00751828
3.82092e-10	0.0075237
3.82156e-10	0.00752913
3.8222e-10	0.00753456
3.82284e-10	0.00753999
3.82348e-10	0.00754543
3.82412e-10	0.00755086
3.82476e-10	0.0075563
3.8254e-10	0.00756175
3.82604e-10	0.00756719
3.82668e-10	0.00757264
3.82732e-10	0.00757808
3.82796e-10	0.00758354
3.8286e-10	0.00758899
3.82924e-10	0.00759444
3.82988e-10	0.0075999
3.83052e-10	0.00760536
3.83116e-10	0.00761082
3.8318e-10	0.00761629
3.83244e-10	0.00762176
3.83308e-10	0.00762723
3.83372e-10	0.0076327
3.83436e-10	0.00763817
3.835e-10	0.00764365
3.83564e-10	0.00764913
3.83628e-10	0.00765461
3.83692e-10	0.00766009
3.83756e-10	0.00766557
3.8382e-10	0.00767106
3.83884e-10	0.00767655
3.83948e-10	0.00768204
3.84012e-10	0.00768754
3.84076e-10	0.00769304
3.8414e-10	0.00769853
3.84204e-10	0.00770404
3.84268e-10	0.00770954
3.84332e-10	0.00771505
3.84396e-10	0.00772055
3.8446e-10	0.00772606
3.84524e-10	0.00773158
3.84588e-10	0.00773709
3.84652e-10	0.00774261
3.84716e-10	0.00774813
3.8478e-10	0.00775365
3.84844e-10	0.00775917
3.84908e-10	0.0077647
3.84972e-10	0.00777023
3.85036e-10	0.00777576
3.851e-10	0.00778129
3.85164e-10	0.00778683
3.85228e-10	0.00779237
3.85292e-10	0.00779791
3.85356e-10	0.00780345
3.8542e-10	0.00780899
3.85484e-10	0.00781454
3.85548e-10	0.00782009
3.85612e-10	0.00782564
3.85676e-10	0.0078312
3.8574e-10	0.00783675
3.85804e-10	0.00784231
3.85868e-10	0.00784787
3.85932e-10	0.00785343
3.85996e-10	0.007859
3.8606e-10	0.00786457
3.86124e-10	0.00787014
3.86188e-10	0.00787571
3.86252e-10	0.00788128
3.86316e-10	0.00788686
3.8638e-10	0.00789244
3.86444e-10	0.00789802
3.86508e-10	0.0079036
3.86572e-10	0.00790919
3.86636e-10	0.00791478
3.867e-10	0.00792037
3.86764e-10	0.00792596
3.86828e-10	0.00793155
3.86892e-10	0.00793715
3.86956e-10	0.00794275
3.8702e-10	0.00794835
3.87084e-10	0.00795395
3.87148e-10	0.00795956
3.87212e-10	0.00796517
3.87276e-10	0.00797078
3.8734e-10	0.00797639
3.87404e-10	0.00798201
3.87468e-10	0.00798762
3.87532e-10	0.00799324
3.87596e-10	0.00799887
3.8766e-10	0.00800449
3.87724e-10	0.00801012
3.87788e-10	0.00801575
3.87852e-10	0.00802138
3.87916e-10	0.00802701
3.8798e-10	0.00803265
3.88044e-10	0.00803828
3.88108e-10	0.00804392
3.88172e-10	0.00804957
3.88236e-10	0.00805521
3.883e-10	0.00806086
3.88364e-10	0.00806651
3.88428e-10	0.00807216
3.88492e-10	0.00807781
3.88556e-10	0.00808347
3.8862e-10	0.00808913
3.88685e-10	0.00809478
3.88749e-10	0.00810045
3.88813e-10	0.00810611
3.88877e-10	0.00811178
3.88941e-10	0.00811745
3.89005e-10	0.00812312
3.89069e-10	0.00812879
3.89133e-10	0.00813447
3.89197e-10	0.00814015
3.89261e-10	0.00814583
3.89325e-10	0.00815151
3.89389e-10	0.0081572
3.89453e-10	0.00816288
3.89517e-10	0.00816857
3.89581e-10	0.00817427
3.89645e-10	0.00817996
3.89709e-10	0.00818566
3.89773e-10	0.00819136
3.89837e-10	0.00819706
3.89901e-10	0.00820276
3.89965e-10	0.00820846
3.90029e-10	0.00821417
3.90093e-10	0.00821988
3.90157e-10	0.00822559
3.90221e-10	0.00823131
3.90285e-10	0.00823702
3.90349e-10	0.00824274
3.90413e-10	0.00824847
3.90477e-10	0.00825419
3.90541e-10	0.00825991
3.90605e-10	0.00826564
3.90669e-10	0.00827137
3.90733e-10	0.0082771
3.90797e-10	0.00828284
3.90861e-10	0.00828857
3.90925e-10	0.00829431
3.90989e-10	0.00830005
3.91053e-10	0.0083058
3.91117e-10	0.00831154
3.91181e-10	0.00831729
3.91245e-10	0.00832304
3.91309e-10	0.00832879
3.91373e-10	0.00833455
3.91437e-10	0.00834031
3.91501e-10	0.00834606
3.91565e-10	0.00835183
3.91629e-10	0.00835759
3.91693e-10	0.00836336
3.91757e-10	0.00836912
3.91821e-10	0.00837489
3.91885e-10	0.00838067
3.91949e-10	0.00838644
3.92013e-10	0.00839222
3.92077e-10	0.008398
3.92141e-10	0.00840378
3.92205e-10	0.00840956
3.92269e-10	0.00841535
3.92333e-10	0.00842114
3.92397e-10	0.00842693
3.92461e-10	0.00843272
3.92525e-10	0.00843851
3.92589e-10	0.00844431
3.92653e-10	0.00845011
3.92717e-10	0.00845591
3.92781e-10	0.00846171
3.92845e-10	0.00846752
3.92909e-10	0.00847333
3.92973e-10	0.00847914
3.93037e-10	0.00848495
3.93101e-10	0.00849077
3.93165e-10	0.00849658
3.93229e-10	0.0085024
3.93293e-10	0.00850822
3.93357e-10	0.00851405
3.93421e-10	0.00851987
3.93485e-10	0.0085257
3.93549e-10	0.00853153
3.93613e-10	0.00853736
3.93677e-10	0.0085432
3.93741e-10	0.00854903
3.93805e-10	0.00855487
3.93869e-10	0.00856072
3.93933e-10	0.00856656
3.93997e-10	0.0085724
3.94061e-10	0.00857825
3.94125e-10	0.0085841
3.94189e-10	0.00858996
3.94253e-10	0.00859581
3.94317e-10	0.00860167
3.94381e-10	0.00860753
3.94445e-10	0.00861339
3.94509e-10	0.00861925
3.94573e-10	0.00862512
3.94637e-10	0.00863098
3.94701e-10	0.00863685
3.94765e-10	0.00864272
3.94829e-10	0.0086486
3.94893e-10	0.00865448
3.94957e-10	0.00866035
3.95021e-10	0.00866624
3.95085e-10	0.00867212
3.95149e-10	0.008678
3.95213e-10	0.00868389
3.95277e-10	0.00868978
3.95341e-10	0.00869567
3.95405e-10	0.00870157
3.95469e-10	0.00870746
3.95533e-10	0.00871336
3.95597e-10	0.00871926
3.95661e-10	0.00872517
3.95725e-10	0.00873107
3.95789e-10	0.00873698
3.95853e-10	0.00874289
3.95917e-10	0.0087488
3.95981e-10	0.00875471
3.96045e-10	0.00876063
3.96109e-10	0.00876655
3.96173e-10	0.00877247
3.96237e-10	0.00877839
3.96301e-10	0.00878432
3.96365e-10	0.00879024
3.96429e-10	0.00879617
3.96493e-10	0.0088021
3.96557e-10	0.00880804
3.96621e-10	0.00881397
3.96685e-10	0.00881991
3.96749e-10	0.00882585
3.96813e-10	0.00883179
3.96877e-10	0.00883774
3.96941e-10	0.00884368
3.97005e-10	0.00884963
3.97069e-10	0.00885559
3.97133e-10	0.00886154
3.97197e-10	0.00886749
3.97261e-10	0.00887345
3.97325e-10	0.00887941
3.9739e-10	0.00888537
3.97454e-10	0.00889134
3.97518e-10	0.0088973
3.97582e-10	0.00890327
3.97646e-10	0.00890924
3.9771e-10	0.00891521
3.97774e-10	0.00892119
3.97838e-10	0.00892717
3.97902e-10	0.00893315
3.97966e-10	0.00893913
3.9803e-10	0.00894511
3.98094e-10	0.0089511
3.98158e-10	0.00895708
3.98222e-10	0.00896307
3.98286e-10	0.00896907
3.9835e-10	0.00897506
3.98414e-10	0.00898106
3.98478e-10	0.00898706
3.98542e-10	0.00899306
3.98606e-10	0.00899906
3.9867e-10	0.00900507
3.98734e-10	0.00901107
3.98798e-10	0.00901708
3.98862e-10	0.00902309
3.98926e-10	0.00902911
3.9899e-10	0.00903512
3.99054e-10	0.00904114
3.99118e-10	0.00904716
3.99182e-10	0.00905318
3.99246e-10	0.00905921
3.9931e-10	0.00906524
3.99374e-10	0.00907127
3.99438e-10	0.0090773
3.99502e-10	0.00908333
3.99566e-10	0.00908936
3.9963e-10	0.0090954
3.99694e-10	0.00910144
3.99758e-10	0.00910748
3.99822e-10	0.00911353
3.99886e-10	0.00911957
3.9995e-10	0.00912562
4.00014e-10	0.00913167
4.00078e-10	0.00913773
4.00142e-10	0.00914378
4.00206e-10	0.00914984
4.0027e-10	0.0091559
4.00334e-10	0.00916196
4.00398e-10	0.00916802
4.00462e-10	0.00917409
4.00526e-10	0.00918015
4.0059e-10	0.00918622
4.00654e-10	0.00919229
4.00718e-10	0.00919837
4.00782e-10	0.00920444
4.00846e-10	0.00921052
4.0091e-10	0.0092166
4.00974e-10	0.00922269
4.01038e-10	0.00922877
4.01102e-10	0.00923486
4.01166e-10	0.00924094
4.0123e-10	0.00924704
4.01294e-10	0.00925313
4.01358e-10	0.00925922
4.01422e-10	0.00926532
4.01486e-10	0.00927142
4.0155e-10	0.00927752
4.01614e-10	0.00928363
4.01678e-10	0.00928973
4.01742e-10	0.00929584
4.01806e-10	0.00930195
4.0187e-10	0.00930806
4.01934e-10	0.00931418
4.01998e-10	0.00932029
4.02062e-10	0.00932641
4.02126e-10	0.00933253
4.0219e-10	0.00933866
4.02254e-10	0.00934478
4.02318e-10	0.00935091
4.02382e-10	0.00935704
4.02446e-10	0.00936317
4.0251e-10	0.0093693
4.02574e-10	0.00937544
4.02638e-10	0.00938157
4.02702e-10	0.00938771
4.02766e-10	0.00939385
4.0283e-10	0.0094
4.02894e-10	0.00940614
4.02958e-10	0.00941229
4.03022e-10	0.00941844
4.03086e-10	0.0094246
4.0315e-10	0.00943075
4.03214e-10	0.00943691
4.03278e-10	0.00944307
4.03342e-10	0.00944923
4.03406e-10	0.00945539
4.0347e-10	0.00946155
4.03534e-10	0.00946772
4.03598e-10	0.00947389
4.03662e-10	0.00948006
4.03726e-10	0.00948623
4.0379e-10	0.00949241
4.03854e-10	0.00949859
4.03918e-10	0.00950477
4.03982e-10	0.00951095
4.04046e-10	0.00951713
4.0411e-10	0.00952332
4.04174e-10	0.0095295
4.04238e-10	0.00953569
4.04302e-10	0.00954189
4.04366e-10	0.00954808
4.0443e-10	0.00955428
4.04494e-10	0.00956048
4.04558e-10	0.00956668
4.04622e-10	0.00957288
4.04686e-10	0.00957908
4.0475e-10	0.00958529
4.04814e-10	0.0095915
4.04878e-10	0.00959771
4.04942e-10	0.00960392
4.05006e-10	0.00961014
4.0507e-10	0.00961635
4.05134e-10	0.00962257
4.05198e-10	0.00962879
4.05262e-10	0.00963502
4.05326e-10	0.00964124
4.0539e-10	0.00964747
4.05454e-10	0.0096537
4.05518e-10	0.00965993
4.05582e-10	0.00966616
4.05646e-10	0.0096724
4.0571e-10	0.00967864
4.05774e-10	0.00968488
4.05838e-10	0.00969112
4.05902e-10	0.00969736
4.05966e-10	0.00970361
4.0603e-10	0.00970986
4.06094e-10	0.00971611
4.06159e-10	0.00972236
4.06223e-10	0.00972861
4.06287e-10	0.00973487
4.06351e-10	0.00974113
4.06415e-10	0.00974739
4.06479e-10	0.00975365
4.06543e-10	0.00975992
4.06607e-10	0.00976618
4.06671e-10	0.00977245
4.06735e-10	0.00977872
4.06799e-10	0.00978499
4.06863e-10	0.00979127
4.06927e-10	0.00979754
4.06991e-10	0.00980382
4.07055e-10	0.0098101
4.07119e-10	0.00981639
4.07183e-10	0.00982267
4.07247e-10	0.00982896
4.07311e-10	0.00983525
4.07375e-10	0.00984154
4.07439e-10	0.00984783
4.07503e-10	0.00985413
4.07567e-10	0.00986042
4.07631e-10	0.00986672
4.07695e-10	0.00987302
4.07759e-10	0.00987933
4.07823e-10	0.00988563
4.07887e-10	0.00989194
4.07951e-10	0.00989825
4.08015e-10	0.00990456
4.08079e-10	0.00991087
4.08143e-10	0.00991719
4.08207e-10	0.00992351
4.08271e-10	0.00992983
4.08335e-10	0.00993615
4.08399e-10	0.00994247
4.08463e-10	0.0099488
4.08527e-10	0.00995512
4.08591e-10	0.00996145
4.08655e-10	0.00996779
4.08719e-10	0.00997412
4.08783e-10	0.00998045
4.08847e-10	0.00998679
4.08911e-10	0.00999313
4.08975e-10	0.00999947
4.09039e-10	0.0100058
4.09103e-10	0.0100122
4.09167e-10	0.0100185
4.09231e-10	0.0100249
4.09295e-10	0.0100312
4.09359e-10	0.0100376
4.09423e-10	0.0100439
4.09487e-10	0.0100503
4.09551e-10	0.0100566
4.09615e-10	0.010063
4.09679e-10	0.0100694
4.09743e-10	0.0100757
4.09807e-10	0.0100821
4.09871e-10	0.0100885
4.09935e-10	0.0100948
4.09999e-10	0.0101012
4.10063e-10	0.0101076
4.10127e-10	0.010114
4.10191e-10	0.0101203
4.10255e-10	0.0101267
4.10319e-10	0.0101331
4.10383e-10	0.0101395
4.10447e-10	0.0101459
4.10511e-10	0.0101523
4.10575e-10	0.0101587
4.10639e-10	0.0101651
4.10703e-10	0.0101715
4.10767e-10	0.0101779
4.10831e-10	0.0101843
4.10895e-10	0.0101907
4.10959e-10	0.0101971
4.11023e-10	0.0102035
4.11087e-10	0.0102099
4.11151e-10	0.0102163
4.11215e-10	0.0102227
4.11279e-10	0.0102291
4.11343e-10	0.0102355
4.11407e-10	0.0102419
4.11471e-10	0.0102484
4.11535e-10	0.0102548
4.11599e-10	0.0102612
4.11663e-10	0.0102676
4.11727e-10	0.0102741
4.11791e-10	0.0102805
4.11855e-10	0.0102869
4.11919e-10	0.0102933
4.11983e-10	0.0102998
4.12047e-10	0.0103062
4.12111e-10	0.0103127
4.12175e-10	0.0103191
4.12239e-10	0.0103255
4.12303e-10	0.010332
4.12367e-10	0.0103384
4.12431e-10	0.0103449
4.12495e-10	0.0103513
4.12559e-10	0.0103578
4.12623e-10	0.0103642
4.12687e-10	0.0103707
4.12751e-10	0.0103772
4.12815e-10	0.0103836
4.12879e-10	0.0103901
4.12943e-10	0.0103965
4.13007e-10	0.010403
4.13071e-10	0.0104095
4.13135e-10	0.0104159
4.13199e-10	0.0104224
4.13263e-10	0.0104289
4.13327e-10	0.0104354
4.13391e-10	0.0104418
4.13455e-10	0.0104483
4.13519e-10	0.0104548
4.13583e-10	0.0104613
4.13647e-10	0.0104678
4.13711e-10	0.0104743
4.13775e-10	0.0104807
4.13839e-10	0.0104872
4.13903e-10	0.0104937
4.13967e-10	0.0105002
4.14031e-10	0.0105067
4.14095e-10	0.0105132
4.14159e-10	0.0105197
4.14223e-10	0.0105262
4.14287e-10	0.0105327
4.14351e-10	0.0105392
4.14415e-10	0.0105457
4.14479e-10	0.0105523
4.14543e-10	0.0105588
4.14607e-10	0.0105653
4.14671e-10	0.0105718
4.14735e-10	0.0105783
4.14799e-10	0.0105848
4.14864e-10	0.0105914
4.14928e-10	0.0105979
4.14992e-10	0.0106044
4.15056e-10	0.0106109
4.1512e-10	0.0106175
4.15184e-10	0.010624
4.15248e-10	0.0106305
4.15312e-10	0.0106371
4.15376e-10	0.0106436
4.1544e-10	0.0106501
4.15504e-10	0.0106567
4.15568e-10	0.0106632
4.15632e-10	0.0106698
4.15696e-10	0.0106763
4.1576e-10	0.0106829
4.15824e-10	0.0106894
4.15888e-10	0.010696
4.15952e-10	0.0107025
4.16016e-10	0.0107091
4.1608e-10	0.0107156
4.16144e-10	0.0107222
4.16208e-10	0.0107288
4.16272e-10	0.0107353
4.16336e-10	0.0107419
4.164e-10	0.0107484
4.16464e-10	0.010755
4.16528e-10	0.0107616
4.16592e-10	0.0107682
4.16656e-10	0.0107747
4.1672e-10	0.0107813
4.16784e-10	0.0107879
4.16848e-10	0.0107945
4.16912e-10	0.0108011
4.16976e-10	0.0108076
4.1704e-10	0.0108142
4.17104e-10	0.0108208
4.17168e-10	0.0108274
4.17232e-10	0.010834
4.17296e-10	0.0108406
4.1736e-10	0.0108472
4.17424e-10	0.0108538
4.17488e-10	0.0108604
4.17552e-10	0.010867
4.17616e-10	0.0108736
4.1768e-10	0.0108802
4.17744e-10	0.0108868
4.17808e-10	0.0108934
4.17872e-10	0.0109
4.17936e-10	0.0109066
4.18e-10	0.0109132
4.18064e-10	0.0109198
4.18128e-10	0.0109265
4.18192e-10	0.0109331
4.18256e-10	0.0109397
4.1832e-10	0.0109463
4.18384e-10	0.010953
4.18448e-10	0.0109596
4.18512e-10	0.0109662
4.18576e-10	0.0109728
4.1864e-10	0.0109795
4.18704e-10	0.0109861
4.18768e-10	0.0109927
4.18832e-10	0.0109994
4.18896e-10	0.011006
4.1896e-10	0.0110127
4.19024e-10	0.0110193
4.19088e-10	0.0110259
4.19152e-10	0.0110326
4.19216e-10	0.0110392
4.1928e-10	0.0110459
4.19344e-10	0.0110525
4.19408e-10	0.0110592
4.19472e-10	0.0110658
4.19536e-10	0.0110725
4.196e-10	0.0110792
4.19664e-10	0.0110858
4.19728e-10	0.0110925
4.19792e-10	0.0110992
4.19856e-10	0.0111058
4.1992e-10	0.0111125
4.19984e-10	0.0111192
4.20048e-10	0.0111258
4.20112e-10	0.0111325
4.20176e-10	0.0111392
4.2024e-10	0.0111459
4.20304e-10	0.0111525
4.20368e-10	0.0111592
4.20432e-10	0.0111659
4.20496e-10	0.0111726
4.2056e-10	0.0111793
4.20624e-10	0.011186
4.20688e-10	0.0111926
4.20752e-10	0.0111993
4.20816e-10	0.011206
4.2088e-10	0.0112127
4.20944e-10	0.0112194
4.21008e-10	0.0112261
4.21072e-10	0.0112328
4.21136e-10	0.0112395
4.212e-10	0.0112462
4.21264e-10	0.0112529
4.21328e-10	0.0112596
4.21392e-10	0.0112663
4.21456e-10	0.0112731
4.2152e-10	0.0112798
4.21584e-10	0.0112865
4.21648e-10	0.0112932
4.21712e-10	0.0112999
4.21776e-10	0.0113066
4.2184e-10	0.0113134
4.21904e-10	0.0113201
4.21968e-10	0.0113268
4.22032e-10	0.0113335
4.22096e-10	0.0113403
4.2216e-10	0.011347
4.22224e-10	0.0113537
4.22288e-10	0.0113605
4.22352e-10	0.0113672
4.22416e-10	0.0113739
4.2248e-10	0.0113807
4.22544e-10	0.0113874
4.22608e-10	0.0113941
4.22672e-10	0.0114009
4.22736e-10	0.0114076
4.228e-10	0.0114144
4.22864e-10	0.0114211
4.22928e-10	0.0114279
4.22992e-10	0.0114346
4.23056e-10	0.0114414
4.2312e-10	0.0114481
4.23184e-10	0.0114549
4.23248e-10	0.0114617
4.23312e-10	0.0114684
4.23376e-10	0.0114752
4.2344e-10	0.0114819
4.23504e-10	0.0114887
4.23568e-10	0.0114955
4.23633e-10	0.0115023
4.23697e-10	0.011509
4.23761e-10	0.0115158
4.23825e-10	0.0115226
4.23889e-10	0.0115293
4.23953e-10	0.0115361
4.24017e-10	0.0115429
4.24081e-10	0.0115497
4.24145e-10	0.0115565
4.24209e-10	0.0115633
4.24273e-10	0.01157
4.24337e-10	0.0115768
4.24401e-10	0.0115836
4.24465e-10	0.0115904
4.24529e-10	0.0115972
4.24593e-10	0.011604
4.24657e-10	0.0116108
4.24721e-10	0.0116176
4.24785e-10	0.0116244
4.24849e-10	0.0116312
4.24913e-10	0.011638
4.24977e-10	0.0116448
4.25041e-10	0.0116516
4.25105e-10	0.0116584
4.25169e-10	0.0116652
4.25233e-10	0.011672
4.25297e-10	0.0116789
4.25361e-10	0.0116857
4.25425e-10	0.0116925
4.25489e-10	0.0116993
4.25553e-10	0.0117061
4.25617e-10	0.0117129
4.25681e-10	0.0117198
4.25745e-10	0.0117266
4.25809e-10	0.0117334
4.25873e-10	0.0117402
4.25937e-10	0.0117471
4.26001e-10	0.0117539
4.26065e-10	0.0117607
4.26129e-10	0.0117676
4.26193e-10	0.0117744
4.26257e-10	0.0117813
4.26321e-10	0.0117881
4.26385e-10	0.0117949
4.26449e-10	0.0118018
4.26513e-10	0.0118086
4.26577e-10	0.0118155
4.26641e-10	0.0118223
4.26705e-10	0.0118292
4.26769e-10	0.011836
4.26833e-10	0.0118429
4.26897e-10	0.0118497
4.26961e-10	0.0118566
4.27025e-10	0.0118634
4.27089e-10	0.0118703
4.27153e-10	0.0118772
4.27217e-10	0.011884
4.27281e-10	0.0118909
4.27345e-10	0.0118978
4.27409e-10	0.0119046
4.27473e-10	0.0119115
4.27537e-10	0.0119184
4.27601e-10	0.0119252
4.27665e-10	0.0119321
4.27729e-10	0.011939
4.27793e-10	0.0119459
4.27857e-10	0.0119527
4.27921e-10	0.0119596
4.27985e-10	0.0119665
4.28049e-10	0.0119734
4.28113e-10	0.0119803
4.28177e-10	0.0119872
4.28241e-10	0.011994
4.28305e-10	0.0120009
4.28369e-10	0.0120078
4.28433e-10	0.0120147
4.28497e-10	0.0120216
4.28561e-10	0.0120285
4.28625e-10	0.0120354
4.28689e-10	0.0120423
4.28753e-10	0.0120492
4.28817e-10	0.0120561
4.28881e-10	0.012063
4.28945e-10	0.0120699
4.29009e-10	0.0120768
4.29073e-10	0.0120837
4.29137e-10	0.0120906
4.29201e-10	0.0120976
4.29265e-10	0.0121045
4.29329e-10	0.0121114
4.29393e-10	0.0121183
4.29457e-10	0.0121252
4.29521e-10	0.0121321
4.29585e-10	0.0121391
4.29649e-10	0.012146
4.29713e-10	0.0121529
4.29777e-10	0.0121598
4.29841e-10	0.0121668
4.29905e-10	0.0121737
4.29969e-10	0.0121806
4.30033e-10	0.0121875
4.30097e-10	0.0121945
4.30161e-10	0.0122014
4.30225e-10	0.0122084
4.30289e-10	0.0122153
4.30353e-10	0.0122222
4.30417e-10	0.0122292
4.30481e-10	0.0122361
4.30545e-10	0.0122431
4.30609e-10	0.01225
4.30673e-10	0.012257
4.30737e-10	0.0122639
4.30801e-10	0.0122708
4.30865e-10	0.0122778
4.30929e-10	0.0122848
4.30993e-10	0.0122917
4.31057e-10	0.0122987
4.31121e-10	0.0123056
4.31185e-10	0.0123126
4.31249e-10	0.0123195
4.31313e-10	0.0123265
4.31377e-10	0.0123335
4.31441e-10	0.0123404
4.31505e-10	0.0123474
4.31569e-10	0.0123544
4.31633e-10	0.0123613
4.31697e-10	0.0123683
4.31761e-10	0.0123753
4.31825e-10	0.0123823
4.31889e-10	0.0123892
4.31953e-10	0.0123962
4.32017e-10	0.0124032
4.32081e-10	0.0124102
4.32145e-10	0.0124171
4.32209e-10	0.0124241
4.32273e-10	0.0124311
4.32338e-10	0.0124381
4.32402e-10	0.0124451
4.32466e-10	0.0124521
4.3253e-10	0.0124591
4.32594e-10	0.0124661
4.32658e-10	0.0124731
4.32722e-10	0.01248
4.32786e-10	0.012487
4.3285e-10	0.012494
4.32914e-10	0.012501
4.32978e-10	0.012508
4.33042e-10	0.012515
4.33106e-10	0.012522
4.3317e-10	0.0125291
4.33234e-10	0.0125361
4.33298e-10	0.0125431
4.33362e-10	0.0125501
4.33426e-10	0.0125571
4.3349e-10	0.0125641
4.33554e-10	0.0125711
4.33618e-10	0.0125781
4.33682e-10	0.0125851
4.33746e-10	0.0125922
4.3381e-10	0.0125992
4.33874e-10	0.0126062
4.33938e-10	0.0126132
4.34002e-10	0.0126202
4.34066e-10	0.0126273
4.3413e-10	0.0126343
4.34194e-10	0.0126413
4.34258e-10	0.0126484
4.34322e-10	0.0126554
4.34386e-10	0.0126624
4.3445e-10	0.0126694
4.34514e-10	0.0126765
4.34578e-10	0.0126835
4.34642e-10	0.0126906
4.34706e-10	0.0126976
4.3477e-10	0.0127046
4.34834e-10	0.0127117
4.34898e-10	0.0127187
4.34962e-10	0.0127258
4.35026e-10	0.0127328
4.3509e-10	0.0127399
4.35154e-10	0.0127469
4.35218e-10	0.012754
4.35282e-10	0.012761
4.35346e-10	0.0127681
4.3541e-10	0.0127751
4.35474e-10	0.0127822
4.35538e-10	0.0127892
4.35602e-10	0.0127963
4.35666e-10	0.0128033
4.3573e-10	0.0128104
4.35794e-10	0.0128175
4.35858e-10	0.0128245
4.35922e-10	0.0128316
4.35986e-10	0.0128387
4.3605e-10	0.0128457
4.36114e-10	0.0128528
4.36178e-10	0.0128599
4.36242e-10	0.0128669
4.36306e-10	0.012874
4.3637e-10	0.0128811
4.36434e-10	0.0128882
4.36498e-10	0.0128952
4.36562e-10	0.0129023
4.36626e-10	0.0129094
4.3669e-10	0.0129165
4.36754e-10	0.0129236
4.36818e-10	0.0129306
4.36882e-10	0.0129377
4.36946e-10	0.0129448
4.3701e-10	0.0129519
4.37074e-10	0.012959
4.37138e-10	0.0129661
4.37202e-10	0.0129732
4.37266e-10	0.0129803
4.3733e-10	0.0129874
4.37394e-10	0.0129945
4.37458e-10	0.0130016
4.37522e-10	0.0130086
4.37586e-10	0.0130157
4.3765e-10	0.0130228
4.37714e-10	0.01303
4.37778e-10	0.0130371
4.37842e-10	0.0130442
4.37906e-10	0.0130513
4.3797e-10	0.0130584
4.38034e-10	0.0130655
4.38098e-10	0.0130726
4.38162e-10	0.0130797
4.38226e-10	0.0130868
4.3829e-10	0.0130939
4.38354e-10	0.013101
4.38418e-10	0.0131082
4.38482e-10	0.0131153
4.38546e-10	0.0131224
4.3861e-10	0.0131295
4.38674e-10	0.0131366
4.38738e-10	0.0131438
4.38802e-10	0.0131509
4.38866e-10	0.013158
4.3893e-10	0.0131651
4.38994e-10	0.0131723
4.39058e-10	0.0131794
4.39122e-10	0.0131865
4.39186e-10	0.0131936
4.3925e-10	0.0132008
4.39314e-10	0.0132079
4.39378e-10	0.0132151
4.39442e-10	0.0132222
4.39506e-10	0.0132293
4.3957e-10	0.0132365
4.39634e-10	0.0132436
4.39698e-10	0.0132507
4.39762e-10	0.0132579
4.39826e-10	0.013265
4.3989e-10	0.0132722
4.39954e-10	0.0132793
4.40018e-10	0.0132865
4.40082e-10	0.0132936
4.40146e-10	0.0133008
4.4021e-10	0.0133079
4.40274e-10	0.0133151
4.40338e-10	0.0133222
4.40402e-10	0.0133294
4.40466e-10	0.0133365
4.4053e-10	0.0133437
4.40594e-10	0.0133508
4.40658e-10	0.013358
4.40722e-10	0.0133652
4.40786e-10	0.0133723
4.4085e-10	0.0133795
4.40914e-10	0.0133867
4.40978e-10	0.0133938
4.41042e-10	0.013401
4.41107e-10	0.0134082
4.41171e-10	0.0134153
4.41235e-10	0.0134225
4.41299e-10	0.0134297
4.41363e-10	0.0134368
4.41427e-10	0.013444
4.41491e-10	0.0134512
4.41555e-10	0.0134584
4.41619e-10	0.0134655
4.41683e-10	0.0134727
4.41747e-10	0.0134799
4.41811e-10	0.0134871
4.41875e-10	0.0134943
4.41939e-10	0.0135014
4.42003e-10	0.0135086
4.42067e-10	0.0135158
4.42131e-10	0.013523
4.42195e-10	0.0135302
4.42259e-10	0.0135374
4.42323e-10	0.0135446
4.42387e-10	0.0135517
4.42451e-10	0.0135589
4.42515e-10	0.0135661
4.42579e-10	0.0135733
4.42643e-10	0.0135805
4.42707e-10	0.0135877
4.42771e-10	0.0135949
4.42835e-10	0.0136021
4.42899e-10	0.0136093
4.42963e-10	0.0136165
4.43027e-10	0.0136237
4.43091e-10	0.0136309
4.43155e-10	0.0136381
4.43219e-10	0.0136453
4.43283e-10	0.0136525
4.43347e-10	0.0136597
4.43411e-10	0.0136669
4.43475e-10	0.0136742
4.43539e-10	0.0136814
4.43603e-10	0.0136886
4.43667e-10	0.0136958
4.43731e-10	0.013703
4.43795e-10	0.0137102
4.43859e-10	0.0137174
4.43923e-10	0.0137247
4.43987e-10	0.0137319
4.44051e-10	0.0137391
4.44115e-10	0.0137463
4.44179e-10	0.0137535
4.44243e-10	0.0137608
4.44307e-10	0.013768
4.44371e-10	0.0137752
4.44435e-10	0.0137824
4.44499e-10	0.0137897
4.44563e-10	0.0137969
4.44627e-10	0.0138041
4.44691e-10	0.0138113
4.44755e-10	0.0138186
4.44819e-10	0.0138258
4.44883e-10	0.013833
4.44947e-10	0.0138403
4.45011e-10	0.0138475
4.45075e-10	0.0138547
4.45139e-10	0.013862
4.45203e-10	0.0138692
4.45267e-10	0.0138765
4.45331e-10	0.0138837
4.45395e-10	0.0138909
4.45459e-10	0.0138982
4.45523e-10	0.0139054
4.45587e-10	0.0139127
4.45651e-10	0.0139199
4.45715e-10	0.0139272
4.45779e-10	0.0139344
4.45843e-10	0.0139416
4.45907e-10	0.0139489
4.45971e-10	0.0139561
4.46035e-10	0.0139634
4.46099e-10	0.0139707
4.46163e-10	0.0139779
4.46227e-10	0.0139852
4.46291e-10	0.0139924
4.46355e-10	0.0139997
4.46419e-10	0.0140069
4.46483e-10	0.0140142
4.46547e-10	0.0140214
4.46611e-10	0.0140287
4.46675e-10	0.014036
4.46739e-10	0.0140432
4.46803e-10	0.0140505
4.46867e-10	0.0140578
4.46931e-10	0.014065
4.46995e-10	0.0140723
4.47059e-10	0.0140795
4.47123e-10	0.0140868
4.47187e-10	0.0140941
4.47251e-10	0.0141014
4.47315e-10	0.0141086
4.47379e-10	0.0141159
4.47443e-10	0.0141232
4.47507e-10	0.0141304
4.47571e-10	0.0141377
4.47635e-10	0.014145
4.47699e-10	0.0141523
4.47763e-10	0.0141595
4.47827e-10	0.0141668
4.47891e-10	0.0141741
4.47955e-10	0.0141814
4.48019e-10	0.0141887
4.48083e-10	0.0141959
4.48147e-10	0.0142032
4.48211e-10	0.0142105
4.48275e-10	0.0142178
4.48339e-10	0.0142251
4.48403e-10	0.0142324
4.48467e-10	0.0142396
4.48531e-10	0.0142469
4.48595e-10	0.0142542
4.48659e-10	0.0142615
4.48723e-10	0.0142688
4.48787e-10	0.0142761
4.48851e-10	0.0142834
4.48915e-10	0.0142907
4.48979e-10	0.014298
4.49043e-10	0.0143053
4.49107e-10	0.0143126
4.49171e-10	0.0143199
4.49235e-10	0.0143272
4.49299e-10	0.0143345
4.49363e-10	0.0143418
4.49427e-10	0.0143491
4.49491e-10	0.0143564
4.49555e-10	0.0143637
4.49619e-10	0.014371
4.49683e-10	0.0143783
4.49747e-10	0.0143856
4.49812e-10	0.0143929
4.49876e-10	0.0144002
4.4994e-10	0.0144075
4.50004e-10	0.0144148
4.50068e-10	0.0144221
4.50132e-10	0.0144294
4.50196e-10	0.0144367
4.5026e-10	0.014444
4.50324e-10	0.0144513
4.50388e-10	0.0144587
4.50452e-10	0.014466
4.50516e-10	0.0144733
4.5058e-10	0.0144806
4.50644e-10	0.0144879
4.50708e-10	0.0144952
4.50772e-10	0.0145025
4.50836e-10	0.0145099
4.509e-10	0.0145172
4.50964e-10	0.0145245
4.51028e-10	0.0145318
4.51092e-10	0.0145391
4.51156e-10	0.0145465
4.5122e-10	0.0145538
4.51284e-10	0.0145611
4.51348e-10	0.0145684
4.51412e-10	0.0145758
4.51476e-10	0.0145831
4.5154e-10	0.0145904
4.51604e-10	0.0145977
4.51668e-10	0.0146051
4.51732e-10	0.0146124
4.51796e-10	0.0146197
4.5186e-10	0.0146271
4.51924e-10	0.0146344
4.51988e-10	0.0146417
4.52052e-10	0.0146491
4.52116e-10	0.0146564
4.5218e-10	0.0146637
4.52244e-10	0.0146711
4.52308e-10	0.0146784
4.52372e-10	0.0146857
4.52436e-10	0.0146931
4.525e-10	0.0147004
4.52564e-10	0.0147077
4.52628e-10	0.0147151
4.52692e-10	0.0147224
4.52756e-10	0.0147298
4.5282e-10	0.0147371
4.52884e-10	0.0147444
4.52948e-10	0.0147518
4.53012e-10	0.0147591
4.53076e-10	0.0147665
4.5314e-10	0.0147738
4.53204e-10	0.0147812
4.53268e-10	0.0147885
4.53332e-10	0.0147959
4.53396e-10	0.0148032
4.5346e-10	0.0148105
4.53524e-10	0.0148179
4.53588e-10	0.0148252
4.53652e-10	0.0148326
4.53716e-10	0.0148399
4.5378e-10	0.0148473
4.53844e-10	0.0148547
4.53908e-10	0.014862
4.53972e-10	0.0148694
4.54036e-10	0.0148767
4.541e-10	0.0148841
4.54164e-10	0.0148914
4.54228e-10	0.0148988
4.54292e-10	0.0149061
4.54356e-10	0.0149135
4.5442e-10	0.0149208
4.54484e-10	0.0149282
4.54548e-10	0.0149356
4.54612e-10	0.0149429
4.54676e-10	0.0149503
4.5474e-10	0.0149576
4.54804e-10	0.014965
4.54868e-10	0.0149724
4.54932e-10	0.0149797
4.54996e-10	0.0149871
4.5506e-10	0.0149945
4.55124e-10	0.0150018
4.55188e-10	0.0150092
4.55252e-10	0.0150166
4.55316e-10	0.0150239
4.5538e-10	0.0150313
4.55444e-10	0.0150387
4.55508e-10	0.015046
4.55572e-10	0.0150534
4.55636e-10	0.0150608
4.557e-10	0.0150681
4.55764e-10	0.0150755
4.55828e-10	0.0150829
4.55892e-10	0.0150902
4.55956e-10	0.0150976
4.5602e-10	0.015105
4.56084e-10	0.0151124
4.56148e-10	0.0151197
4.56212e-10	0.0151271
4.56276e-10	0.0151345
4.5634e-10	0.0151419
4.56404e-10	0.0151492
4.56468e-10	0.0151566
4.56532e-10	0.015164
4.56596e-10	0.0151714
4.5666e-10	0.0151788
4.56724e-10	0.0151861
4.56788e-10	0.0151935
4.56852e-10	0.0152009
4.56916e-10	0.0152083
4.5698e-10	0.0152157
4.57044e-10	0.015223
4.57108e-10	0.0152304
4.57172e-10	0.0152378
4.57236e-10	0.0152452
4.573e-10	0.0152526
4.57364e-10	0.0152599
4.57428e-10	0.0152673
4.57492e-10	0.0152747
4.57556e-10	0.0152821
4.5762e-10	0.0152895
4.57684e-10	0.0152969
4.57748e-10	0.0153043
4.57812e-10	0.0153117
4.57876e-10	0.015319
4.5794e-10	0.0153264
4.58004e-10	0.0153338
4.58068e-10	0.0153412
4.58132e-10	0.0153486
4.58196e-10	0.015356
4.5826e-10	0.0153634
4.58324e-10	0.0153708
4.58388e-10	0.0153782
4.58452e-10	0.0153855
4.58517e-10	0.0153929
4.58581e-10	0.0154003
4.58645e-10	0.0154077
4.58709e-10	0.0154151
4.58773e-10	0.0154225
4.58837e-10	0.0154299
4.58901e-10	0.0154373
4.58965e-10	0.0154447
4.59029e-10	0.0154521
4.59093e-10	0.0154595
4.59157e-10	0.0154669
4.59221e-10	0.0154743
4.59285e-10	0.0154817
4.59349e-10	0.0154891
4.59413e-10	0.0154965
4.59477e-10	0.0155039
4.59541e-10	0.0155113
4.59605e-10	0.0155187
4.59669e-10	0.0155261
4.59733e-10	0.0155335
4.59797e-10	0.0155409
4.59861e-10	0.0155483
4.59925e-10	0.0155557
4.59989e-10	0.0155631
4.60053e-10	0.0155705
4.60117e-10	0.0155779
4.60181e-10	0.0155853
4.60245e-10	0.0155927
4.60309e-10	0.0156001
4.60373e-10	0.0156075
4.60437e-10	0.0156149
4.60501e-10	0.0156223
4.60565e-10	0.0156297
4.60629e-10	0.0156371
4.60693e-10	0.0156445
4.60757e-10	0.0156519
4.60821e-10	0.0156593
4.60885e-10	0.0156667
4.60949e-10	0.0156741
4.61013e-10	0.0156816
4.61077e-10	0.015689
4.61141e-10	0.0156964
4.61205e-10	0.0157038
4.61269e-10	0.0157112
4.61333e-10	0.0157186
4.61397e-10	0.015726
4.61461e-10	0.0157334
4.61525e-10	0.0157408
4.61589e-10	0.0157482
4.61653e-10	0.0157556
4.61717e-10	0.0157631
4.61781e-10	0.0157705
4.61845e-10	0.0157779
4.61909e-10	0.0157853
4.61973e-10	0.0157927
4.62037e-10	0.0158001
4.62101e-10	0.0158075
4.62165e-10	0.0158149
4.62229e-10	0.0158223
4.62293e-10	0.0158298
4.62357e-10	0.0158372
4.62421e-10	0.0158446
4.62485e-10	0.015852
4.62549e-10	0.0158594
4.62613e-10	0.0158668
4.62677e-10	0.0158742
4.62741e-10	0.0158817
4.62805e-10	0.0158891
4.62869e-10	0.0158965
4.62933e-10	0.0159039
4.62997e-10	0.0159113
4.63061e-10	0.0159187
4.63125e-10	0.0159262
4.63189e-10	0.0159336
4.63253e-10	0.015941
4.63317e-10	0.0159484
4.63381e-10	0.0159558
4.63445e-10	0.0159632
4.63509e-10	0.0159706
4.63573e-10	0.0159781
4.63637e-10	0.0159855
4.63701e-10	0.0159929
4.63765e-10	0.0160003
4.63829e-10	0.0160077
4.63893e-10	0.0160152
4.63957e-10	0.0160226
4.64021e-10	0.01603
4.64085e-10	0.0160374
4.64149e-10	0.0160448
4.64213e-10	0.0160522
4.64277e-10	0.0160597
4.64341e-10	0.0160671
4.64405e-10	0.0160745
4.64469e-10	0.0160819
4.64533e-10	0.0160893
4.64597e-10	0.0160968
4.64661e-10	0.0161042
4.64725e-10	0.0161116
4.64789e-10	0.016119
4.64853e-10	0.0161264
4.64917e-10	0.0161339
4.64981e-10	0.0161413
4.65045e-10	0.0161487
4.65109e-10	0.0161561
4.65173e-10	0.0161635
4.65237e-10	0.016171
4.65301e-10	0.0161784
4.65365e-10	0.0161858
4.65429e-10	0.0161932
4.65493e-10	0.0162007
4.65557e-10	0.0162081
4.65621e-10	0.0162155
4.65685e-10	0.0162229
4.65749e-10	0.0162303
4.65813e-10	0.0162378
4.65877e-10	0.0162452
4.65941e-10	0.0162526
4.66005e-10	0.01626
4.66069e-10	0.0162674
4.66133e-10	0.0162749
4.66197e-10	0.0162823
4.66261e-10	0.0162897
4.66325e-10	0.0162971
4.66389e-10	0.0163046
4.66453e-10	0.016312
4.66517e-10	0.0163194
4.66581e-10	0.0163268
4.66645e-10	0.0163342
4.66709e-10	0.0163417
4.66773e-10	0.0163491
4.66837e-10	0.0163565
4.66901e-10	0.0163639
4.66965e-10	0.0163714
4.67029e-10	0.0163788
4.67093e-10	0.0163862
4.67157e-10	0.0163936
4.67221e-10	0.016401
4.67286e-10	0.0164085
4.6735e-10	0.0164159
4.67414e-10	0.0164233
4.67478e-10	0.0164307
4.67542e-10	0.0164382
4.67606e-10	0.0164456
4.6767e-10	0.016453
4.67734e-10	0.0164604
4.67798e-10	0.0164678
4.67862e-10	0.0164753
4.67926e-10	0.0164827
4.6799e-10	0.0164901
4.68054e-10	0.0164975
4.68118e-10	0.016505
4.68182e-10	0.0165124
4.68246e-10	0.0165198
4.6831e-10	0.0165272
4.68374e-10	0.0165346
4.68438e-10	0.0165421
4.68502e-10	0.0165495
4.68566e-10	0.0165569
4.6863e-10	0.0165643
4.68694e-10	0.0165717
4.68758e-10	0.0165792
4.68822e-10	0.0165866
4.68886e-10	0.016594
4.6895e-10	0.0166014
4.69014e-10	0.0166088
4.69078e-10	0.0166163
4.69142e-10	0.0166237
4.69206e-10	0.0166311
4.6927e-10	0.0166385
4.69334e-10	0.0166459
4.69398e-10	0.0166534
4.69462e-10	0.0166608
4.69526e-10	0.0166682
4.6959e-10	0.0166756
4.69654e-10	0.016683
4.69718e-10	0.0166905
4.69782e-10	0.0166979
4.69846e-10	0.0167053
4.6991e-10	0.0167127
4.69974e-10	0.0167201
4.70038e-10	0.0167276
4.70102e-10	0.016735
4.70166e-10	0.0167424
4.7023e-10	0.0167498
4.70294e-10	0.0167572
4.70358e-10	0.0167646
4.70422e-10	0.0167721
4.70486e-10	0.0167795
4.7055e-10	0.0167869
4.70614e-10	0.0167943
4.70678e-10	0.0168017
4.70742e-10	0.0168091
4.70806e-10	0.0168166
4.7087e-10	0.016824
4.70934e-10	0.0168314
4.70998e-10	0.0168388
4.71062e-10	0.0168462
4.71126e-10	0.0168536
4.7119e-10	0.016861
4.71254e-10	0.0168685
4.71318e-10	0.0168759
4.71382e-10	0.0168833
4.71446e-10	0.0168907
4.7151e-10	0.0168981
4.71574e-10	0.0169055
4.71638e-10	0.0169129
4.71702e-10	0.0169204
4.71766e-10	0.0169278
4.7183e-10	0.0169352
4.71894e-10	0.0169426
4.71958e-10	0.01695
4.72022e-10	0.0169574
4.72086e-10	0.0169648
4.7215e-10	0.0169722
4.72214e-10	0.0169796
4.72278e-10	0.0169871
4.72342e-10	0.0169945
4.72406e-10	0.0170019
4.7247e-10	0.0170093
4.72534e-10	0.0170167
4.72598e-10	0.0170241
4.72662e-10	0.0170315
4.72726e-10	0.0170389
4.7279e-10	0.0170463
4.72854e-10	0.0170537
4.72918e-10	0.0170611
4.72982e-10	0.0170685
4.73046e-10	0.0170759
4.7311e-10	0.0170834
4.73174e-10	0.0170908
4.73238e-10	0.0170982
4.73302e-10	0.0171056
4.73366e-10	0.017113
4.7343e-10	0.0171204
4.73494e-10	0.0171278
4.73558e-10	0.0171352
4.73622e-10	0.0171426
4.73686e-10	0.01715
4.7375e-10	0.0171574
4.73814e-10	0.0171648
4.73878e-10	0.0171722
4.73942e-10	0.0171796
4.74006e-10	0.017187
4.7407e-10	0.0171944
4.74134e-10	0.0172018
4.74198e-10	0.0172092
4.74262e-10	0.0172166
4.74326e-10	0.017224
4.7439e-10	0.0172314
4.74454e-10	0.0172388
4.74518e-10	0.0172462
4.74582e-10	0.0172536
4.74646e-10	0.017261
4.7471e-10	0.0172684
4.74774e-10	0.0172758
4.74838e-10	0.0172832
4.74902e-10	0.0172905
4.74966e-10	0.0172979
4.7503e-10	0.0173053
4.75094e-10	0.0173127
4.75158e-10	0.0173201
4.75222e-10	0.0173275
4.75286e-10	0.0173349
4.7535e-10	0.0173423
4.75414e-10	0.0173497
4.75478e-10	0.0173571
4.75542e-10	0.0173645
4.75606e-10	0.0173718
4.7567e-10	0.0173792
4.75734e-10	0.0173866
4.75798e-10	0.017394
4.75862e-10	0.0174014
4.75926e-10	0.0174088
4.75991e-10	0.0174162
4.76055e-10	0.0174236
4.76119e-10	0.0174309
4.76183e-10	0.0174383
4.76247e-10	0.0174457
4.76311e-10	0.0174531
4.76375e-10	0.0174605
4.76439e-10	0.0174679
4.76503e-10	0.0174752
4.76567e-10	0.0174826
4.76631e-10	0.01749
4.76695e-10	0.0174974
4.76759e-10	0.0175048
4.76823e-10	0.0175121
4.76887e-10	0.0175195
4.76951e-10	0.0175269
4.77015e-10	0.0175343
4.77079e-10	0.0175416
4.77143e-10	0.017549
4.77207e-10	0.0175564
4.77271e-10	0.0175638
4.77335e-10	0.0175711
4.77399e-10	0.0175785
4.77463e-10	0.0175859
4.77527e-10	0.0175933
4.77591e-10	0.0176006
4.77655e-10	0.017608
4.77719e-10	0.0176154
4.77783e-10	0.0176227
4.77847e-10	0.0176301
4.77911e-10	0.0176375
4.77975e-10	0.0176448
4.78039e-10	0.0176522
4.78103e-10	0.0176596
4.78167e-10	0.0176669
4.78231e-10	0.0176743
4.78295e-10	0.0176817
4.78359e-10	0.017689
4.78423e-10	0.0176964
4.78487e-10	0.0177038
4.78551e-10	0.0177111
4.78615e-10	0.0177185
4.78679e-10	0.0177258
4.78743e-10	0.0177332
4.78807e-10	0.0177406
4.78871e-10	0.0177479
4.78935e-10	0.0177553
4.78999e-10	0.0177626
4.79063e-10	0.01777
4.79127e-10	0.0177773
4.79191e-10	0.0177847
4.79255e-10	0.017792
4.79319e-10	0.0177994
4.79383e-10	0.0178067
4.79447e-10	0.0178141
4.79511e-10	0.0178214
4.79575e-10	0.0178288
4.79639e-10	0.0178361
4.79703e-10	0.0178435
4.79767e-10	0.0178508
4.79831e-10	0.0178582
4.79895e-10	0.0178655
4.79959e-10	0.0178729
4.80023e-10	0.0178802
4.80087e-10	0.0178876
4.80151e-10	0.0178949
4.80215e-10	0.0179022
4.80279e-10	0.0179096
4.80343e-10	0.0179169
4.80407e-10	0.0179243
4.80471e-10	0.0179316
4.80535e-10	0.0179389
4.80599e-10	0.0179463
4.80663e-10	0.0179536
4.80727e-10	0.0179609
4.80791e-10	0.0179683
4.80855e-10	0.0179756
4.80919e-10	0.0179829
4.80983e-10	0.0179903
4.81047e-10	0.0179976
4.81111e-10	0.0180049
4.81175e-10	0.0180123
4.81239e-10	0.0180196
4.81303e-10	0.0180269
4.81367e-10	0.0180343
4.81431e-10	0.0180416
4.81495e-10	0.0180489
4.81559e-10	0.0180562
4.81623e-10	0.0180635
4.81687e-10	0.0180709
4.81751e-10	0.0180782
4.81815e-10	0.0180855
4.81879e-10	0.0180928
4.81943e-10	0.0181001
4.82007e-10	0.0181075
4.82071e-10	0.0181148
4.82135e-10	0.0181221
4.82199e-10	0.0181294
4.82263e-10	0.0181367
4.82327e-10	0.018144
4.82391e-10	0.0181514
4.82455e-10	0.0181587
4.82519e-10	0.018166
4.82583e-10	0.0181733
4.82647e-10	0.0181806
4.82711e-10	0.0181879
4.82775e-10	0.0181952
4.82839e-10	0.0182025
4.82903e-10	0.0182098
4.82967e-10	0.0182171
4.83031e-10	0.0182244
4.83095e-10	0.0182317
4.83159e-10	0.018239
4.83223e-10	0.0182463
4.83287e-10	0.0182536
4.83351e-10	0.0182609
4.83415e-10	0.0182682
4.83479e-10	0.0182755
4.83543e-10	0.0182828
4.83607e-10	0.0182901
4.83671e-10	0.0182974
4.83735e-10	0.0183047
4.83799e-10	0.018312
4.83863e-10	0.0183193
4.83927e-10	0.0183265
4.83991e-10	0.0183338
4.84055e-10	0.0183411
4.84119e-10	0.0183484
4.84183e-10	0.0183557
4.84247e-10	0.018363
4.84311e-10	0.0183702
4.84375e-10	0.0183775
4.84439e-10	0.0183848
4.84503e-10	0.0183921
4.84567e-10	0.0183994
4.84631e-10	0.0184066
4.84695e-10	0.0184139
4.8476e-10	0.0184212
4.84824e-10	0.0184285
4.84888e-10	0.0184357
4.84952e-10	0.018443
4.85016e-10	0.0184503
4.8508e-10	0.0184575
4.85144e-10	0.0184648
4.85208e-10	0.0184721
4.85272e-10	0.0184793
4.85336e-10	0.0184866
4.854e-10	0.0184939
4.85464e-10	0.0185011
4.85528e-10	0.0185084
4.85592e-10	0.0185156
4.85656e-10	0.0185229
4.8572e-10	0.0185301
4.85784e-10	0.0185374
4.85848e-10	0.0185447
4.85912e-10	0.0185519
4.85976e-10	0.0185592
4.8604e-10	0.0185664
4.86104e-10	0.0185737
4.86168e-10	0.0185809
4.86232e-10	0.0185882
4.86296e-10	0.0185954
4.8636e-10	0.0186026
4.86424e-10	0.0186099
4.86488e-10	0.0186171
4.86552e-10	0.0186244
4.86616e-10	0.0186316
4.8668e-10	0.0186388
4.86744e-10	0.0186461
4.86808e-10	0.0186533
4.86872e-10	0.0186606
4.86936e-10	0.0186678
4.87e-10	0.018675
4.87064e-10	0.0186822
4.87128e-10	0.0186895
4.87192e-10	0.0186967
4.87256e-10	0.0187039
4.8732e-10	0.0187112
4.87384e-10	0.0187184
4.87448e-10	0.0187256
4.87512e-10	0.0187328
4.87576e-10	0.01874
4.8764e-10	0.0187473
4.87704e-10	0.0187545
4.87768e-10	0.0187617
4.87832e-10	0.0187689
4.87896e-10	0.0187761
4.8796e-10	0.0187833
4.88024e-10	0.0187906
4.88088e-10	0.0187978
4.88152e-10	0.018805
4.88216e-10	0.0188122
4.8828e-10	0.0188194
4.88344e-10	0.0188266
4.88408e-10	0.0188338
4.88472e-10	0.018841
4.88536e-10	0.0188482
4.886e-10	0.0188554
4.88664e-10	0.0188626
4.88728e-10	0.0188698
4.88792e-10	0.018877
4.88856e-10	0.0188842
4.8892e-10	0.0188914
4.88984e-10	0.0188985
4.89048e-10	0.0189057
4.89112e-10	0.0189129
4.89176e-10	0.0189201
4.8924e-10	0.0189273
4.89304e-10	0.0189345
4.89368e-10	0.0189417
4.89432e-10	0.0189488
4.89496e-10	0.018956
4.8956e-10	0.0189632
4.89624e-10	0.0189704
4.89688e-10	0.0189775
4.89752e-10	0.0189847
4.89816e-10	0.0189919
4.8988e-10	0.0189991
4.89944e-10	0.0190062
4.90008e-10	0.0190134
4.90072e-10	0.0190206
4.90136e-10	0.0190277
4.902e-10	0.0190349
4.90264e-10	0.019042
4.90328e-10	0.0190492
4.90392e-10	0.0190564
4.90456e-10	0.0190635
4.9052e-10	0.0190707
4.90584e-10	0.0190778
4.90648e-10	0.019085
4.90712e-10	0.0190921
4.90776e-10	0.0190993
4.9084e-10	0.0191064
4.90904e-10	0.0191136
4.90968e-10	0.0191207
4.91032e-10	0.0191278
4.91096e-10	0.019135
4.9116e-10	0.0191421
4.91224e-10	0.0191493
4.91288e-10	0.0191564
4.91352e-10	0.0191635
4.91416e-10	0.0191707
4.9148e-10	0.0191778
4.91544e-10	0.0191849
4.91608e-10	0.0191921
4.91672e-10	0.0191992
4.91736e-10	0.0192063
4.918e-10	0.0192134
4.91864e-10	0.0192206
4.91928e-10	0.0192277
4.91992e-10	0.0192348
4.92056e-10	0.0192419
4.9212e-10	0.019249
4.92184e-10	0.0192561
4.92248e-10	0.0192632
4.92312e-10	0.0192704
4.92376e-10	0.0192775
4.9244e-10	0.0192846
4.92504e-10	0.0192917
4.92568e-10	0.0192988
4.92632e-10	0.0193059
4.92696e-10	0.019313
4.9276e-10	0.0193201
4.92824e-10	0.0193272
4.92888e-10	0.0193343
4.92952e-10	0.0193414
4.93016e-10	0.0193484
4.9308e-10	0.0193555
4.93144e-10	0.0193626
4.93208e-10	0.0193697
4.93272e-10	0.0193768
4.93336e-10	0.0193839
4.934e-10	0.019391
4.93465e-10	0.019398
4.93529e-10	0.0194051
4.93593e-10	0.0194122
4.93657e-10	0.0194193
4.93721e-10	0.0194263
4.93785e-10	0.0194334
4.93849e-10	0.0194405
4.93913e-10	0.0194475
4.93977e-10	0.0194546
4.94041e-10	0.0194617
4.94105e-10	0.0194687
4.94169e-10	0.0194758
4.94233e-10	0.0194828
4.94297e-10	0.0194899
4.94361e-10	0.019497
4.94425e-10	0.019504
4.94489e-10	0.0195111
4.94553e-10	0.0195181
4.94617e-10	0.0195251
4.94681e-10	0.0195322
4.94745e-10	0.0195392
4.94809e-10	0.0195463
4.94873e-10	0.0195533
4.94937e-10	0.0195604
4.95001e-10	0.0195674
4.95065e-10	0.0195744
4.95129e-10	0.0195815
4.95193e-10	0.0195885
4.95257e-10	0.0195955
4.95321e-10	0.0196025
4.95385e-10	0.0196096
4.95449e-10	0.0196166
4.95513e-10	0.0196236
4.95577e-10	0.0196306
4.95641e-10	0.0196376
4.95705e-10	0.0196446
4.95769e-10	0.0196517
4.95833e-10	0.0196587
4.95897e-10	0.0196657
4.95961e-10	0.0196727
4.96025e-10	0.0196797
4.96089e-10	0.0196867
4.96153e-10	0.0196937
4.96217e-10	0.0197007
4.96281e-10	0.0197077
4.96345e-10	0.0197147
4.96409e-10	0.0197217
4.96473e-10	0.0197287
4.96537e-10	0.0197356
4.96601e-10	0.0197426
4.96665e-10	0.0197496
4.96729e-10	0.0197566
4.96793e-10	0.0197636
4.96857e-10	0.0197706
4.96921e-10	0.0197775
4.96985e-10	0.0197845
4.97049e-10	0.0197915
4.97113e-10	0.0197985
4.97177e-10	0.0198054
4.97241e-10	0.0198124
4.97305e-10	0.0198194
4.97369e-10	0.0198263
4.97433e-10	0.0198333
4.97497e-10	0.0198402
4.97561e-10	0.0198472
4.97625e-10	0.0198541
4.97689e-10	0.0198611
4.97753e-10	0.019868
4.97817e-10	0.019875
4.97881e-10	0.0198819
4.97945e-10	0.0198889
4.98009e-10	0.0198958
4.98073e-10	0.0199028
4.98137e-10	0.0199097
4.98201e-10	0.0199166
4.98265e-10	0.0199236
4.98329e-10	0.0199305
4.98393e-10	0.0199374
4.98457e-10	0.0199443
4.98521e-10	0.0199513
4.98585e-10	0.0199582
4.98649e-10	0.0199651
4.98713e-10	0.019972
4.98777e-10	0.0199789
4.98841e-10	0.0199859
4.98905e-10	0.0199928
4.98969e-10	0.0199997
4.99033e-10	0.0200066
4.99097e-10	0.0200135
4.99161e-10	0.0200204
4.99225e-10	0.0200273
4.99289e-10	0.0200342
4.99353e-10	0.0200411
4.99417e-10	0.020048
4.99481e-10	0.0200549
4.99545e-10	0.0200617
4.99609e-10	0.0200686
4.99673e-10	0.0200755
4.99737e-10	0.0200824
4.99801e-10	0.0200893
4.99865e-10	0.0200962
4.99929e-10	0.020103
4.99993e-10	0.0201099
5.00057e-10	0.0201168
5.00121e-10	0.0201236
5.00185e-10	0.0201305
5.00249e-10	0.0201374
5.00313e-10	0.0201442
5.00377e-10	0.0201511
5.00441e-10	0.0201579
5.00505e-10	0.0201648
5.00569e-10	0.0201717
5.00633e-10	0.0201785
5.00697e-10	0.0201853
5.00761e-10	0.0201922
5.00825e-10	0.020199
5.00889e-10	0.0202059
5.00953e-10	0.0202127
5.01017e-10	0.0202195
5.01081e-10	0.0202264
5.01145e-10	0.0202332
5.01209e-10	0.02024
5.01273e-10	0.0202469
5.01337e-10	0.0202537
5.01401e-10	0.0202605
5.01465e-10	0.0202673
5.01529e-10	0.0202741
5.01593e-10	0.020281
5.01657e-10	0.0202878
5.01721e-10	0.0202946
5.01785e-10	0.0203014
5.01849e-10	0.0203082
5.01913e-10	0.020315
5.01977e-10	0.0203218
5.02041e-10	0.0203286
5.02105e-10	0.0203354
5.02169e-10	0.0203422
5.02234e-10	0.020349
5.02298e-10	0.0203557
5.02362e-10	0.0203625
5.02426e-10	0.0203693
5.0249e-10	0.0203761
5.02554e-10	0.0203829
5.02618e-10	0.0203896
5.02682e-10	0.0203964
5.02746e-10	0.0204032
5.0281e-10	0.0204099
5.02874e-10	0.0204167
5.02938e-10	0.0204235
5.03002e-10	0.0204302
5.03066e-10	0.020437
5.0313e-10	0.0204437
5.03194e-10	0.0204505
5.03258e-10	0.0204572
5.03322e-10	0.020464
5.03386e-10	0.0204707
5.0345e-10	0.0204775
5.03514e-10	0.0204842
5.03578e-10	0.0204909
5.03642e-10	0.0204977
5.03706e-10	0.0205044
5.0377e-10	0.0205111
5.03834e-10	0.0205179
5.03898e-10	0.0205246
5.03962e-10	0.0205313
5.04026e-10	0.020538
5.0409e-10	0.0205447
5.04154e-10	0.0205514
5.04218e-10	0.0205582
5.04282e-10	0.0205649
5.04346e-10	0.0205716
5.0441e-10	0.0205783
5.04474e-10	0.020585
5.04538e-10	0.0205917
5.04602e-10	0.0205984
5.04666e-10	0.020605
5.0473e-10	0.0206117
5.04794e-10	0.0206184
5.04858e-10	0.0206251
5.04922e-10	0.0206318
5.04986e-10	0.0206385
5.0505e-10	0.0206451
5.05114e-10	0.0206518
5.05178e-10	0.0206585
5.05242e-10	0.0206651
5.05306e-10	0.0206718
5.0537e-10	0.0206785
5.05434e-10	0.0206851
5.05498e-10	0.0206918
5.05562e-10	0.0206984
5.05626e-10	0.0207051
5.0569e-10	0.0207117
5.05754e-10	0.0207184
5.05818e-10	0.020725
5.05882e-10	0.0207317
5.05946e-10	0.0207383
5.0601e-10	0.0207449
5.06074e-10	0.0207516
5.06138e-10	0.0207582
5.06202e-10	0.0207648
5.06266e-10	0.0207714
5.0633e-10	0.020778
5.06394e-10	0.0207847
5.06458e-10	0.0207913
5.06522e-10	0.0207979
5.06586e-10	0.0208045
5.0665e-10	0.0208111
5.06714e-10	0.0208177
5.06778e-10	0.0208243
5.06842e-10	0.0208309
5.06906e-10	0.0208375
5.0697e-10	0.0208441
5.07034e-10	0.0208507
5.07098e-10	0.0208572
5.07162e-10	0.0208638
5.07226e-10	0.0208704
5.0729e-10	0.020877
5.07354e-10	0.0208836
5.07418e-10	0.0208901
5.07482e-10	0.0208967
5.07546e-10	0.0209033
5.0761e-10	0.0209098
5.07674e-10	0.0209164
5.07738e-10	0.0209229
5.07802e-10	0.0209295
5.07866e-10	0.020936
5.0793e-10	0.0209426
5.07994e-10	0.0209491
5.08058e-10	0.0209557
5.08122e-10	0.0209622
5.08186e-10	0.0209687
5.0825e-10	0.0209753
5.08314e-10	0.0209818
5.08378e-10	0.0209883
5.08442e-10	0.0209948
5.08506e-10	0.0210014
5.0857e-10	0.0210079
5.08634e-10	0.0210144
5.08698e-10	0.0210209
5.08762e-10	0.0210274
5.08826e-10	0.0210339
5.0889e-10	0.0210404
5.08954e-10	0.0210469
5.09018e-10	0.0210534
5.09082e-10	0.0210599
5.09146e-10	0.0210664
5.0921e-10	0.0210729
5.09274e-10	0.0210793
5.09338e-10	0.0210858
5.09402e-10	0.0210923
5.09466e-10	0.0210988
5.0953e-10	0.0211052
5.09594e-10	0.0211117
5.09658e-10	0.0211182
5.09722e-10	0.0211246
5.09786e-10	0.0211311
5.0985e-10	0.0211375
5.09914e-10	0.021144
5.09978e-10	0.0211504
5.10042e-10	0.0211569
5.10106e-10	0.0211633
5.1017e-10	0.0211698
5.10234e-10	0.0211762
5.10298e-10	0.0211826
5.10362e-10	0.0211891
5.10426e-10	0.0211955
5.1049e-10	0.0212019
5.10554e-10	0.0212083
5.10618e-10	0.0212147
5.10682e-10	0.0212211
5.10746e-10	0.0212276
5.1081e-10	0.021234
5.10874e-10	0.0212404
5.10939e-10	0.0212468
5.11003e-10	0.0212532
5.11067e-10	0.0212596
5.11131e-10	0.0212659
5.11195e-10	0.0212723
5.11259e-10	0.0212787
5.11323e-10	0.0212851
5.11387e-10	0.0212915
5.11451e-10	0.0212978
5.11515e-10	0.0213042
5.11579e-10	0.0213106
5.11643e-10	0.0213169
5.11707e-10	0.0213233
5.11771e-10	0.0213297
5.11835e-10	0.021336
5.11899e-10	0.0213424
5.11963e-10	0.0213487
5.12027e-10	0.021355
5.12091e-10	0.0213614
5.12155e-10	0.0213677
5.12219e-10	0.021374
5.12283e-10	0.0213804
5.12347e-10	0.0213867
5.12411e-10	0.021393
5.12475e-10	0.0213993
5.12539e-10	0.0214057
5.12603e-10	0.021412
5.12667e-10	0.0214183
5.12731e-10	0.0214246
5.12795e-10	0.0214309
5.12859e-10	0.0214372
5.12923e-10	0.0214435
5.12987e-10	0.0214498
5.13051e-10	0.0214561
5.13115e-10	0.0214623
5.13179e-10	0.0214686
5.13243e-10	0.0214749
5.13307e-10	0.0214812
5.13371e-10	0.0214875
5.13435e-10	0.0214937
5.13499e-10	0.0215
5.13563e-10	0.0215062
5.13627e-10	0.0215125
5.13691e-10	0.0215188
5.13755e-10	0.021525
5.13819e-10	0.0215312
5.13883e-10	0.0215375
5.13947e-10	0.0215437
5.14011e-10	0.02155
5.14075e-10	0.0215562
5.14139e-10	0.0215624
5.14203e-10	0.0215686
5.14267e-10	0.0215749
5.14331e-10	0.0215811
5.14395e-10	0.0215873
5.14459e-10	0.0215935
5.14523e-10	0.0215997
5.14587e-10	0.0216059
5.14651e-10	0.0216121
5.14715e-10	0.0216183
5.14779e-10	0.0216245
5.14843e-10	0.0216307
5.14907e-10	0.0216369
5.14971e-10	0.0216431
5.15035e-10	0.0216492
5.15099e-10	0.0216554
5.15163e-10	0.0216616
5.15227e-10	0.0216678
5.15291e-10	0.0216739
5.15355e-10	0.0216801
5.15419e-10	0.0216862
5.15483e-10	0.0216924
5.15547e-10	0.0216985
5.15611e-10	0.0217047
5.15675e-10	0.0217108
5.15739e-10	0.0217169
5.15803e-10	0.0217231
5.15867e-10	0.0217292
5.15931e-10	0.0217353
5.15995e-10	0.0217415
5.16059e-10	0.0217476
5.16123e-10	0.0217537
5.16187e-10	0.0217598
5.16251e-10	0.0217659
5.16315e-10	0.021772
5.16379e-10	0.0217781
5.16443e-10	0.0217842
5.16507e-10	0.0217903
5.16571e-10	0.0217964
5.16635e-10	0.0218025
5.16699e-10	0.0218086
5.16763e-10	0.0218146
5.16827e-10	0.0218207
5.16891e-10	0.0218268
5.16955e-10	0.0218328
5.17019e-10	0.0218389
5.17083e-10	0.021845
5.17147e-10	0.021851
5.17211e-10	0.0218571
5.17275e-10	0.0218631
5.17339e-10	0.0218691
5.17403e-10	0.0218752
5.17467e-10	0.0218812
5.17531e-10	0.0218872
5.17595e-10	0.0218933
5.17659e-10	0.0218993
5.17723e-10	0.0219053
5.17787e-10	0.0219113
5.17851e-10	0.0219173
5.17915e-10	0.0219233
5.17979e-10	0.0219293
5.18043e-10	0.0219353
5.18107e-10	0.0219413
5.18171e-10	0.0219473
5.18235e-10	0.0219533
5.18299e-10	0.0219593
5.18363e-10	0.0219653
5.18427e-10	0.0219713
5.18491e-10	0.0219772
5.18555e-10	0.0219832
5.18619e-10	0.0219892
5.18683e-10	0.0219951
5.18747e-10	0.0220011
5.18811e-10	0.022007
5.18875e-10	0.022013
5.18939e-10	0.0220189
5.19003e-10	0.0220248
5.19067e-10	0.0220308
5.19131e-10	0.0220367
5.19195e-10	0.0220426
5.19259e-10	0.0220486
5.19323e-10	0.0220545
5.19387e-10	0.0220604
5.19451e-10	0.0220663
5.19515e-10	0.0220722
5.19579e-10	0.0220781
5.19643e-10	0.022084
5.19708e-10	0.0220899
5.19772e-10	0.0220958
5.19836e-10	0.0221017
5.199e-10	0.0221076
5.19964e-10	0.0221134
5.20028e-10	0.0221193
5.20092e-10	0.0221252
5.20156e-10	0.022131
5.2022e-10	0.0221369
5.20284e-10	0.0221428
5.20348e-10	0.0221486
5.20412e-10	0.0221545
5.20476e-10	0.0221603
5.2054e-10	0.0221661
5.20604e-10	0.022172
5.20668e-10	0.0221778
5.20732e-10	0.0221836
5.20796e-10	0.0221895
5.2086e-10	0.0221953
5.20924e-10	0.0222011
5.20988e-10	0.0222069
5.21052e-10	0.0222127
5.21116e-10	0.0222185
5.2118e-10	0.0222243
5.21244e-10	0.0222301
5.21308e-10	0.0222359
5.21372e-10	0.0222417
5.21436e-10	0.0222474
5.215e-10	0.0222532
5.21564e-10	0.022259
5.21628e-10	0.0222648
5.21692e-10	0.0222705
5.21756e-10	0.0222763
5.2182e-10	0.022282
5.21884e-10	0.0222878
5.21948e-10	0.0222935
5.22012e-10	0.0222993
5.22076e-10	0.022305
5.2214e-10	0.0223107
5.22204e-10	0.0223165
5.22268e-10	0.0223222
5.22332e-10	0.0223279
5.22396e-10	0.0223336
5.2246e-10	0.0223393
5.22524e-10	0.022345
5.22588e-10	0.0223507
5.22652e-10	0.0223564
5.22716e-10	0.0223621
5.2278e-10	0.0223678
5.22844e-10	0.0223735
5.22908e-10	0.0223792
5.22972e-10	0.0223849
5.23036e-10	0.0223905
5.231e-10	0.0223962
5.23164e-10	0.0224018
5.23228e-10	0.0224075
5.23292e-10	0.0224132
5.23356e-10	0.0224188
5.2342e-10	0.0224244
5.23484e-10	0.0224301
5.23548e-10	0.0224357
5.23612e-10	0.0224413
5.23676e-10	0.022447
5.2374e-10	0.0224526
5.23804e-10	0.0224582
5.23868e-10	0.0224638
5.23932e-10	0.0224694
5.23996e-10	0.022475
5.2406e-10	0.0224806
5.24124e-10	0.0224862
5.24188e-10	0.0224918
5.24252e-10	0.0224974
5.24316e-10	0.022503
5.2438e-10	0.0225085
5.24444e-10	0.0225141
5.24508e-10	0.0225197
5.24572e-10	0.0225252
5.24636e-10	0.0225308
5.247e-10	0.0225364
5.24764e-10	0.0225419
5.24828e-10	0.0225474
5.24892e-10	0.022553
5.24956e-10	0.0225585
5.2502e-10	0.022564
5.25084e-10	0.0225696
5.25148e-10	0.0225751
5.25212e-10	0.0225806
5.25276e-10	0.0225861
5.2534e-10	0.0225916
5.25404e-10	0.0225971
5.25468e-10	0.0226026
5.25532e-10	0.0226081
5.25596e-10	0.0226136
5.2566e-10	0.0226191
5.25724e-10	0.0226245
5.25788e-10	0.02263
5.25852e-10	0.0226355
5.25916e-10	0.0226409
5.2598e-10	0.0226464
5.26044e-10	0.0226518
5.26108e-10	0.0226573
5.26172e-10	0.0226627
5.26236e-10	0.0226682
5.263e-10	0.0226736
5.26364e-10	0.022679
5.26428e-10	0.0226845
5.26492e-10	0.0226899
5.26556e-10	0.0226953
5.2662e-10	0.0227007
5.26684e-10	0.0227061
5.26748e-10	0.0227115
5.26812e-10	0.0227169
5.26876e-10	0.0227223
5.2694e-10	0.0227277
5.27004e-10	0.022733
5.27068e-10	0.0227384
5.27132e-10	0.0227438
5.27196e-10	0.0227492
5.2726e-10	0.0227545
5.27324e-10	0.0227599
5.27388e-10	0.0227652
5.27452e-10	0.0227706
5.27516e-10	0.0227759
5.2758e-10	0.0227812
5.27644e-10	0.0227866
5.27708e-10	0.0227919
5.27772e-10	0.0227972
5.27836e-10	0.0228025
5.279e-10	0.0228078
5.27964e-10	0.0228132
5.28028e-10	0.0228184
5.28092e-10	0.0228237
5.28156e-10	0.022829
5.2822e-10	0.0228343
5.28284e-10	0.0228396
5.28348e-10	0.0228449
5.28413e-10	0.0228501
5.28477e-10	0.0228554
5.28541e-10	0.0228607
5.28605e-10	0.0228659
5.28669e-10	0.0228712
5.28733e-10	0.0228764
5.28797e-10	0.0228817
5.28861e-10	0.0228869
5.28925e-10	0.0228921
5.28989e-10	0.0228973
5.29053e-10	0.0229026
5.29117e-10	0.0229078
5.29181e-10	0.022913
5.29245e-10	0.0229182
5.29309e-10	0.0229234
5.29373e-10	0.0229286
5.29437e-10	0.0229338
5.29501e-10	0.022939
5.29565e-10	0.0229441
5.29629e-10	0.0229493
5.29693e-10	0.0229545
5.29757e-10	0.0229596
5.29821e-10	0.0229648
5.29885e-10	0.0229699
5.29949e-10	0.0229751
5.30013e-10	0.0229802
5.30077e-10	0.0229854
5.30141e-10	0.0229905
5.30205e-10	0.0229956
5.30269e-10	0.0230008
5.30333e-10	0.0230059
5.30397e-10	0.023011
5.30461e-10	0.0230161
5.30525e-10	0.0230212
5.30589e-10	0.0230263
5.30653e-10	0.0230314
5.30717e-10	0.0230364
5.30781e-10	0.0230415
5.30845e-10	0.0230466
5.30909e-10	0.0230517
5.30973e-10	0.0230567
5.31037e-10	0.0230618
5.31101e-10	0.0230668
5.31165e-10	0.0230719
5.31229e-10	0.0230769
5.31293e-10	0.023082
5.31357e-10	0.023087
5.31421e-10	0.023092
5.31485e-10	0.023097
5.31549e-10	0.023102
5.31613e-10	0.0231071
5.31677e-10	0.0231121
5.31741e-10	0.0231171
5.31805e-10	0.023122
5.31869e-10	0.023127
5.31933e-10	0.023132
5.31997e-10	0.023137
5.32061e-10	0.023142
5.32125e-10	0.0231469
5.32189e-10	0.0231519
5.32253e-10	0.0231568
5.32317e-10	0.0231618
5.32381e-10	0.0231667
5.32445e-10	0.0231717
5.32509e-10	0.0231766
5.32573e-10	0.0231815
5.32637e-10	0.0231864
5.32701e-10	0.0231914
5.32765e-10	0.0231963
5.32829e-10	0.0232012
5.32893e-10	0.0232061
5.32957e-10	0.023211
5.33021e-10	0.0232159
5.33085e-10	0.0232207
5.33149e-10	0.0232256
5.33213e-10	0.0232305
5.33277e-10	0.0232354
5.33341e-10	0.0232402
5.33405e-10	0.0232451
5.33469e-10	0.0232499
5.33533e-10	0.0232548
5.33597e-10	0.0232596
5.33661e-10	0.0232644
5.33725e-10	0.0232693
5.33789e-10	0.0232741
5.33853e-10	0.0232789
5.33917e-10	0.0232837
5.33981e-10	0.0232885
5.34045e-10	0.0232933
5.34109e-10	0.0232981
5.34173e-10	0.0233029
5.34237e-10	0.0233077
5.34301e-10	0.0233124
5.34365e-10	0.0233172
5.34429e-10	0.023322
5.34493e-10	0.0233267
5.34557e-10	0.0233315
5.34621e-10	0.0233362
5.34685e-10	0.023341
5.34749e-10	0.0233457
5.34813e-10	0.0233504
5.34877e-10	0.0233551
5.34941e-10	0.0233599
5.35005e-10	0.0233646
5.35069e-10	0.0233693
5.35133e-10	0.023374
5.35197e-10	0.0233787
5.35261e-10	0.0233834
5.35325e-10	0.023388
5.35389e-10	0.0233927
5.35453e-10	0.0233974
5.35517e-10	0.0234021
5.35581e-10	0.0234067
5.35645e-10	0.0234114
5.35709e-10	0.023416
5.35773e-10	0.0234207
5.35837e-10	0.0234253
5.35901e-10	0.0234299
5.35965e-10	0.0234345
5.36029e-10	0.0234392
5.36093e-10	0.0234438
5.36157e-10	0.0234484
5.36221e-10	0.023453
5.36285e-10	0.0234576
5.36349e-10	0.0234622
5.36413e-10	0.0234667
5.36477e-10	0.0234713
5.36541e-10	0.0234759
5.36605e-10	0.0234804
5.36669e-10	0.023485
5.36733e-10	0.0234896
5.36797e-10	0.0234941
5.36861e-10	0.0234986
5.36925e-10	0.0235032
5.36989e-10	0.0235077
5.37053e-10	0.0235122
5.37118e-10	0.0235167
5.37182e-10	0.0235213
5.37246e-10	0.0235258
5.3731e-10	0.0235303
5.37374e-10	0.0235347
5.37438e-10	0.0235392
5.37502e-10	0.0235437
5.37566e-10	0.0235482
5.3763e-10	0.0235527
5.37694e-10	0.0235571
5.37758e-10	0.0235616
5.37822e-10	0.023566
5.37886e-10	0.0235705
5.3795e-10	0.0235749
5.38014e-10	0.0235793
5.38078e-10	0.0235837
5.38142e-10	0.0235882
5.38206e-10	0.0235926
5.3827e-10	0.023597
5.38334e-10	0.0236014
5.38398e-10	0.0236058
5.38462e-10	0.0236102
5.38526e-10	0.0236145
5.3859e-10	0.0236189
5.38654e-10	0.0236233
5.38718e-10	0.0236276
5.38782e-10	0.023632
5.38846e-10	0.0236364
5.3891e-10	0.0236407
5.38974e-10	0.023645
5.39038e-10	0.0236494
5.39102e-10	0.0236537
5.39166e-10	0.023658
5.3923e-10	0.0236623
5.39294e-10	0.0236666
5.39358e-10	0.0236709
5.39422e-10	0.0236752
5.39486e-10	0.0236795
5.3955e-10	0.0236838
5.39614e-10	0.0236881
5.39678e-10	0.0236923
5.39742e-10	0.0236966
5.39806e-10	0.0237008
5.3987e-10	0.0237051
5.39934e-10	0.0237093
5.39998e-10	0.0237136
5.40062e-10	0.0237178
5.40126e-10	0.023722
5.4019e-10	0.0237262
5.40254e-10	0.0237304
5.40318e-10	0.0237347
5.40382e-10	0.0237388
5.40446e-10	0.023743
5.4051e-10	0.0237472
5.40574e-10	0.0237514
5.40638e-10	0.0237556
5.40702e-10	0.0237597
5.40766e-10	0.0237639
5.4083e-10	0.023768
5.40894e-10	0.0237722
5.40958e-10	0.0237763
5.41022e-10	0.0237805
5.41086e-10	0.0237846
5.4115e-10	0.0237887
5.41214e-10	0.0237928
5.41278e-10	0.0237969
5.41342e-10	0.023801
5.41406e-10	0.0238051
5.4147e-10	0.0238092
5.41534e-10	0.0238133
5.41598e-10	0.0238174
5.41662e-10	0.0238214
5.41726e-10	0.0238255
5.4179e-10	0.0238295
5.41854e-10	0.0238336
5.41918e-10	0.0238376
5.41982e-10	0.0238417
5.42046e-10	0.0238457
5.4211e-10	0.0238497
5.42174e-10	0.0238537
5.42238e-10	0.0238577
5.42302e-10	0.0238617
5.42366e-10	0.0238657
5.4243e-10	0.0238697
5.42494e-10	0.0238737
5.42558e-10	0.0238777
5.42622e-10	0.0238816
5.42686e-10	0.0238856
5.4275e-10	0.0238895
5.42814e-10	0.0238935
5.42878e-10	0.0238974
5.42942e-10	0.0239014
5.43006e-10	0.0239053
5.4307e-10	0.0239092
5.43134e-10	0.0239131
5.43198e-10	0.023917
5.43262e-10	0.0239209
5.43326e-10	0.0239248
5.4339e-10	0.0239287
5.43454e-10	0.0239326
5.43518e-10	0.0239365
5.43582e-10	0.0239403
5.43646e-10	0.0239442
5.4371e-10	0.023948
5.43774e-10	0.0239519
5.43838e-10	0.0239557
5.43902e-10	0.0239595
5.43966e-10	0.0239634
5.4403e-10	0.0239672
5.44094e-10	0.023971
5.44158e-10	0.0239748
5.44222e-10	0.0239786
5.44286e-10	0.0239824
5.4435e-10	0.0239862
5.44414e-10	0.0239899
5.44478e-10	0.0239937
5.44542e-10	0.0239975
5.44606e-10	0.0240012
5.4467e-10	0.024005
5.44734e-10	0.0240087
5.44798e-10	0.0240125
5.44862e-10	0.0240162
5.44926e-10	0.0240199
5.4499e-10	0.0240236
5.45054e-10	0.0240273
5.45118e-10	0.024031
5.45182e-10	0.0240347
5.45246e-10	0.0240384
5.4531e-10	0.0240421
5.45374e-10	0.0240457
5.45438e-10	0.0240494
5.45502e-10	0.0240531
5.45566e-10	0.0240567
5.4563e-10	0.0240604
5.45694e-10	0.024064
5.45758e-10	0.0240676
5.45822e-10	0.0240712
5.45887e-10	0.0240749
5.45951e-10	0.0240785
5.46015e-10	0.0240821
5.46079e-10	0.0240857
5.46143e-10	0.0240892
5.46207e-10	0.0240928
5.46271e-10	0.0240964
5.46335e-10	0.0240999
5.46399e-10	0.0241035
5.46463e-10	0.0241071
5.46527e-10	0.0241106
5.46591e-10	0.0241141
5.46655e-10	0.0241177
5.46719e-10	0.0241212
5.46783e-10	0.0241247
5.46847e-10	0.0241282
5.46911e-10	0.0241317
5.46975e-10	0.0241352
5.47039e-10	0.0241387
5.47103e-10	0.0241422
5.47167e-10	0.0241456
5.47231e-10	0.0241491
5.47295e-10	0.0241525
5.47359e-10	0.024156
5.47423e-10	0.0241594
5.47487e-10	0.0241629
5.47551e-10	0.0241663
5.47615e-10	0.0241697
5.47679e-10	0.0241731
5.47743e-10	0.0241765
5.47807e-10	0.0241799
5.47871e-10	0.0241833
5.47935e-10	0.0241867
5.47999e-10	0.0241901
5.48063e-10	0.0241934
5.48127e-10	0.0241968
5.48191e-10	0.0242001
5.48255e-10	0.0242035
5.48319e-10	0.0242068
5.48383e-10	0.0242102
5.48447e-10	0.0242135
5.48511e-10	0.0242168
5.48575e-10	0.0242201
5.48639e-10	0.0242234
5.48703e-10	0.0242267
5.48767e-10	0.02423
5.48831e-10	0.0242332
5.48895e-10	0.0242365
5.48959e-10	0.0242398
5.49023e-10	0.024243
5.49087e-10	0.0242463
5.49151e-10	0.0242495
5.49215e-10	0.0242528
5.49279e-10	0.024256
5.49343e-10	0.0242592
5.49407e-10	0.0242624
5.49471e-10	0.0242656
5.49535e-10	0.0242688
5.49599e-10	0.024272
5.49663e-10	0.0242752
5.49727e-10	0.0242783
5.49791e-10	0.0242815
5.49855e-10	0.0242847
5.49919e-10	0.0242878
5.49983e-10	0.024291
5.50047e-10	0.0242941
5.50111e-10	0.0242972
5.50175e-10	0.0243003
5.50239e-10	0.0243034
5.50303e-10	0.0243065
5.50367e-10	0.0243096
5.50431e-10	0.0243127
5.50495e-10	0.0243158
5.50559e-10	0.0243189
5.50623e-10	0.0243219
5.50687e-10	0.024325
5.50751e-10	0.024328
5.50815e-10	0.0243311
5.50879e-10	0.0243341
5.50943e-10	0.0243371
5.51007e-10	0.0243402
5.51071e-10	0.0243432
5.51135e-10	0.0243462
5.51199e-10	0.0243492
5.51263e-10	0.0243522
5.51327e-10	0.0243551
5.51391e-10	0.0243581
5.51455e-10	0.0243611
5.51519e-10	0.024364
5.51583e-10	0.024367
5.51647e-10	0.0243699
5.51711e-10	0.0243728
5.51775e-10	0.0243758
5.51839e-10	0.0243787
5.51903e-10	0.0243816
5.51967e-10	0.0243845
5.52031e-10	0.0243874
5.52095e-10	0.0243903
5.52159e-10	0.0243931
5.52223e-10	0.024396
5.52287e-10	0.0243989
5.52351e-10	0.0244017
5.52415e-10	0.0244046
5.52479e-10	0.0244074
5.52543e-10	0.0244102
5.52607e-10	0.024413
5.52671e-10	0.0244159
5.52735e-10	0.0244187
5.52799e-10	0.0244215
5.52863e-10	0.0244242
5.52927e-10	0.024427
5.52991e-10	0.0244298
5.53055e-10	0.0244326
5.53119e-10	0.0244353
5.53183e-10	0.0244381
5.53247e-10	0.0244408
5.53311e-10	0.0244435
5.53375e-10	0.0244463
5.53439e-10	0.024449
5.53503e-10	0.0244517
5.53567e-10	0.0244544
5.53631e-10	0.0244571
5.53695e-10	0.0244598
5.53759e-10	0.0244624
5.53823e-10	0.0244651
5.53887e-10	0.0244678
5.53951e-10	0.0244704
5.54015e-10	0.024473
5.54079e-10	0.0244757
5.54143e-10	0.0244783
5.54207e-10	0.0244809
5.54271e-10	0.0244835
5.54335e-10	0.0244861
5.54399e-10	0.0244887
5.54463e-10	0.0244913
5.54527e-10	0.0244939
5.54592e-10	0.0244965
5.54656e-10	0.024499
5.5472e-10	0.0245016
5.54784e-10	0.0245041
5.54848e-10	0.0245066
5.54912e-10	0.0245092
5.54976e-10	0.0245117
5.5504e-10	0.0245142
5.55104e-10	0.0245167
5.55168e-10	0.0245192
5.55232e-10	0.0245217
5.55296e-10	0.0245242
5.5536e-10	0.0245266
5.55424e-10	0.0245291
5.55488e-10	0.0245315
5.55552e-10	0.024534
5.55616e-10	0.0245364
5.5568e-10	0.0245388
5.55744e-10	0.0245413
5.55808e-10	0.0245437
5.55872e-10	0.0245461
5.55936e-10	0.0245485
5.56e-10	0.0245509
5.56064e-10	0.0245532
5.56128e-10	0.0245556
5.56192e-10	0.024558
5.56256e-10	0.0245603
5.5632e-10	0.0245626
5.56384e-10	0.024565
5.56448e-10	0.0245673
5.56512e-10	0.0245696
5.56576e-10	0.0245719
5.5664e-10	0.0245742
5.56704e-10	0.0245765
5.56768e-10	0.0245788
5.56832e-10	0.0245811
5.56896e-10	0.0245833
5.5696e-10	0.0245856
5.57024e-10	0.0245878
5.57088e-10	0.0245901
5.57152e-10	0.0245923
5.57216e-10	0.0245945
5.5728e-10	0.0245967
5.57344e-10	0.024599
5.57408e-10	0.0246012
5.57472e-10	0.0246033
5.57536e-10	0.0246055
5.576e-10	0.0246077
5.57664e-10	0.0246098
5.57728e-10	0.024612
5.57792e-10	0.0246141
5.57856e-10	0.0246163
5.5792e-10	0.0246184
5.57984e-10	0.0246205
5.58048e-10	0.0246226
5.58112e-10	0.0246247
5.58176e-10	0.0246268
5.5824e-10	0.0246289
5.58304e-10	0.024631
5.58368e-10	0.0246331
5.58432e-10	0.0246351
5.58496e-10	0.0246372
5.5856e-10	0.0246392
5.58624e-10	0.0246412
5.58688e-10	0.0246432
5.58752e-10	0.0246453
5.58816e-10	0.0246473
5.5888e-10	0.0246493
5.58944e-10	0.0246512
5.59008e-10	0.0246532
5.59072e-10	0.0246552
5.59136e-10	0.0246572
5.592e-10	0.0246591
5.59264e-10	0.024661
5.59328e-10	0.024663
5.59392e-10	0.0246649
5.59456e-10	0.0246668
5.5952e-10	0.0246687
5.59584e-10	0.0246706
5.59648e-10	0.0246725
5.59712e-10	0.0246744
5.59776e-10	0.0246763
5.5984e-10	0.0246781
5.59904e-10	0.02468
5.59968e-10	0.0246818
5.60032e-10	0.0246836
5.60096e-10	0.0246855
5.6016e-10	0.0246873
5.60224e-10	0.0246891
5.60288e-10	0.0246909
5.60352e-10	0.0246927
5.60416e-10	0.0246945
5.6048e-10	0.0246962
5.60544e-10	0.024698
5.60608e-10	0.0246998
5.60672e-10	0.0247015
5.60736e-10	0.0247032
5.608e-10	0.024705
5.60864e-10	0.0247067
5.60928e-10	0.0247084
5.60992e-10	0.0247101
5.61056e-10	0.0247118
5.6112e-10	0.0247134
5.61184e-10	0.0247151
5.61248e-10	0.0247168
5.61312e-10	0.0247184
5.61376e-10	0.0247201
5.6144e-10	0.0247217
5.61504e-10	0.0247233
5.61568e-10	0.024725
5.61632e-10	0.0247266
5.61696e-10	0.0247282
5.6176e-10	0.0247297
5.61824e-10	0.0247313
5.61888e-10	0.0247329
5.61952e-10	0.0247345
5.62016e-10	0.024736
5.6208e-10	0.0247375
5.62144e-10	0.0247391
5.62208e-10	0.0247406
5.62272e-10	0.0247421
5.62336e-10	0.0247436
5.624e-10	0.0247451
5.62464e-10	0.0247466
5.62528e-10	0.0247481
5.62592e-10	0.0247495
5.62656e-10	0.024751
5.6272e-10	0.0247525
5.62784e-10	0.0247539
5.62848e-10	0.0247553
5.62912e-10	0.0247567
5.62976e-10	0.0247582
5.6304e-10	0.0247596
5.63104e-10	0.0247609
5.63168e-10	0.0247623
5.63232e-10	0.0247637
5.63296e-10	0.0247651
5.63361e-10	0.0247664
5.63425e-10	0.0247678
5.63489e-10	0.0247691
5.63553e-10	0.0247704
5.63617e-10	0.0247717
5.63681e-10	0.024773
5.63745e-10	0.0247743
5.63809e-10	0.0247756
5.63873e-10	0.0247769
5.63937e-10	0.0247782
5.64001e-10	0.0247794
5.64065e-10	0.0247807
5.64129e-10	0.0247819
5.64193e-10	0.0247832
5.64257e-10	0.0247844
5.64321e-10	0.0247856
5.64385e-10	0.0247868
5.64449e-10	0.024788
5.64513e-10	0.0247892
5.64577e-10	0.0247903
5.64641e-10	0.0247915
5.64705e-10	0.0247926
5.64769e-10	0.0247938
5.64833e-10	0.0247949
5.64897e-10	0.0247961
5.64961e-10	0.0247972
5.65025e-10	0.0247983
5.65089e-10	0.0247994
5.65153e-10	0.0248004
5.65217e-10	0.0248015
5.65281e-10	0.0248026
5.65345e-10	0.0248036
5.65409e-10	0.0248047
5.65473e-10	0.0248057
5.65537e-10	0.0248068
5.65601e-10	0.0248078
5.65665e-10	0.0248088
5.65729e-10	0.0248098
5.65793e-10	0.0248108
5.65857e-10	0.0248117
5.65921e-10	0.0248127
5.65985e-10	0.0248137
5.66049e-10	0.0248146
5.66113e-10	0.0248156
5.66177e-10	0.0248165
5.66241e-10	0.0248174
5.66305e-10	0.0248183
5.66369e-10	0.0248192
5.66433e-10	0.0248201
5.66497e-10	0.024821
5.66561e-10	0.0248218
5.66625e-10	0.0248227
5.66689e-10	0.0248236
5.66753e-10	0.0248244
5.66817e-10	0.0248252
5.66881e-10	0.024826
5.66945e-10	0.0248269
5.67009e-10	0.0248277
5.67073e-10	0.0248284
5.67137e-10	0.0248292
5.67201e-10	0.02483
5.67265e-10	0.0248307
5.67329e-10	0.0248315
5.67393e-10	0.0248322
5.67457e-10	0.024833
5.67521e-10	0.0248337
5.67585e-10	0.0248344
5.67649e-10	0.0248351
5.67713e-10	0.0248358
5.67777e-10	0.0248365
5.67841e-10	0.0248371
5.67905e-10	0.0248378
5.67969e-10	0.0248384
5.68033e-10	0.0248391
5.68097e-10	0.0248397
5.68161e-10	0.0248403
5.68225e-10	0.0248409
5.68289e-10	0.0248415
5.68353e-10	0.0248421
5.68417e-10	0.0248427
5.68481e-10	0.0248433
5.68545e-10	0.0248438
5.68609e-10	0.0248444
5.68673e-10	0.0248449
5.68737e-10	0.0248454
5.68801e-10	0.0248459
5.68865e-10	0.0248464
5.68929e-10	0.0248469
5.68993e-10	0.0248474
5.69057e-10	0.0248479
5.69121e-10	0.0248484
5.69185e-10	0.0248488
5.69249e-10	0.0248493
5.69313e-10	0.0248497
5.69377e-10	0.0248501
5.69441e-10	0.0248505
5.69505e-10	0.0248509
5.69569e-10	0.0248513
5.69633e-10	0.0248517
5.69697e-10	0.0248521
5.69761e-10	0.0248524
5.69825e-10	0.0248528
5.69889e-10	0.0248531
5.69953e-10	0.0248535
5.70017e-10	0.0248538
5.70081e-10	0.0248541
5.70145e-10	0.0248544
5.70209e-10	0.0248547
5.70273e-10	0.024855
5.70337e-10	0.0248552
5.70401e-10	0.0248555
5.70465e-10	0.0248557
5.70529e-10	0.024856
5.70593e-10	0.0248562
5.70657e-10	0.0248564
5.70721e-10	0.0248566
5.70785e-10	0.0248568
5.70849e-10	0.024857
5.70913e-10	0.0248572
5.70977e-10	0.0248573
5.71041e-10	0.0248575
5.71105e-10	0.0248576
5.71169e-10	0.0248577
5.71233e-10	0.0248579
5.71297e-10	0.024858
5.71361e-10	0.0248581
5.71425e-10	0.0248581
5.71489e-10	0.0248582
5.71553e-10	0.0248583
5.71617e-10	0.0248583
5.71681e-10	0.0248584
5.71745e-10	0.0248584
5.71809e-10	0.0248585
5.71873e-10	0.0248585
5.71937e-10	0.0248585
5.72001e-10	0.0248585
5.72066e-10	0.0248584
5.7213e-10	0.0248584
5.72194e-10	0.0248584
5.72258e-10	0.0248583
5.72322e-10	0.0248583
5.72386e-10	0.0248582
5.7245e-10	0.0248581
5.72514e-10	0.024858
5.72578e-10	0.0248579
5.72642e-10	0.0248578
5.72706e-10	0.0248577
5.7277e-10	0.0248575
5.72834e-10	0.0248574
5.72898e-10	0.0248572
5.72962e-10	0.024857
5.73026e-10	0.0248569
5.7309e-10	0.0248567
5.73154e-10	0.0248565
5.73218e-10	0.0248562
5.73282e-10	0.024856
5.73346e-10	0.0248558
5.7341e-10	0.0248555
5.73474e-10	0.0248553
5.73538e-10	0.024855
5.73602e-10	0.0248547
5.73666e-10	0.0248544
5.7373e-10	0.0248541
5.73794e-10	0.0248538
5.73858e-10	0.0248535
5.73922e-10	0.0248532
5.73986e-10	0.0248528
5.7405e-10	0.0248525
5.74114e-10	0.0248521
5.74178e-10	0.0248517
5.74242e-10	0.0248513
5.74306e-10	0.0248509
5.7437e-10	0.0248505
5.74434e-10	0.0248501
5.74498e-10	0.0248497
5.74562e-10	0.0248492
5.74626e-10	0.0248488
5.7469e-10	0.0248483
5.74754e-10	0.0248478
5.74818e-10	0.0248473
5.74882e-10	0.0248468
5.74946e-10	0.0248463
5.7501e-10	0.0248458
5.75074e-10	0.0248452
5.75138e-10	0.0248447
5.75202e-10	0.0248441
5.75266e-10	0.0248436
5.7533e-10	0.024843
5.75394e-10	0.0248424
5.75458e-10	0.0248418
5.75522e-10	0.0248412
5.75586e-10	0.0248406
5.7565e-10	0.0248399
5.75714e-10	0.0248393
5.75778e-10	0.0248386
5.75842e-10	0.024838
5.75906e-10	0.0248373
5.7597e-10	0.0248366
5.76034e-10	0.0248359
5.76098e-10	0.0248352
5.76162e-10	0.0248344
5.76226e-10	0.0248337
5.7629e-10	0.024833
5.76354e-10	0.0248322
5.76418e-10	0.0248314
5.76482e-10	0.0248306
5.76546e-10	0.0248298
5.7661e-10	0.024829
5.76674e-10	0.0248282
5.76738e-10	0.0248274
5.76802e-10	0.0248266
5.76866e-10	0.0248257
5.7693e-10	0.0248248
5.76994e-10	0.024824
5.77058e-10	0.0248231
5.77122e-10	0.0248222
5.77186e-10	0.0248213
5.7725e-10	0.0248204
5.77314e-10	0.0248194
5.77378e-10	0.0248185
5.77442e-10	0.0248175
5.77506e-10	0.0248166
5.7757e-10	0.0248156
5.77634e-10	0.0248146
5.77698e-10	0.0248136
5.77762e-10	0.0248126
5.77826e-10	0.0248116
5.7789e-10	0.0248105
5.77954e-10	0.0248095
5.78018e-10	0.0248084
5.78082e-10	0.0248073
5.78146e-10	0.0248063
5.7821e-10	0.0248052
5.78274e-10	0.0248041
5.78338e-10	0.0248029
5.78402e-10	0.0248018
5.78466e-10	0.0248007
5.7853e-10	0.0247995
5.78594e-10	0.0247984
5.78658e-10	0.0247972
5.78722e-10	0.024796
5.78786e-10	0.0247948
5.7885e-10	0.0247936
5.78914e-10	0.0247924
5.78978e-10	0.0247911
5.79042e-10	0.0247899
5.79106e-10	0.0247886
5.7917e-10	0.0247873
5.79234e-10	0.0247861
5.79298e-10	0.0247848
5.79362e-10	0.0247835
5.79426e-10	0.0247821
5.7949e-10	0.0247808
5.79554e-10	0.0247795
5.79618e-10	0.0247781
5.79682e-10	0.0247768
5.79746e-10	0.0247754
5.7981e-10	0.024774
5.79874e-10	0.0247726
5.79938e-10	0.0247712
5.80002e-10	0.0247698
5.80066e-10	0.0247683
5.8013e-10	0.0247669
5.80194e-10	0.0247654
5.80258e-10	0.0247639
5.80322e-10	0.0247625
5.80386e-10	0.024761
5.8045e-10	0.0247595
5.80514e-10	0.0247579
5.80578e-10	0.0247564
5.80642e-10	0.0247549
5.80706e-10	0.0247533
5.8077e-10	0.0247517
5.80835e-10	0.0247501
5.80899e-10	0.0247486
5.80963e-10	0.024747
5.81027e-10	0.0247453
5.81091e-10	0.0247437
5.81155e-10	0.0247421
5.81219e-10	0.0247404
5.81283e-10	0.0247387
5.81347e-10	0.0247371
5.81411e-10	0.0247354
5.81475e-10	0.0247337
5.81539e-10	0.024732
5.81603e-10	0.0247302
5.81667e-10	0.0247285
5.81731e-10	0.0247268
5.81795e-10	0.024725
5.81859e-10	0.0247232
5.81923e-10	0.0247214
5.81987e-10	0.0247196
5.82051e-10	0.0247178
5.82115e-10	0.024716
5.82179e-10	0.0247142
5.82243e-10	0.0247123
5.82307e-10	0.0247104
5.82371e-10	0.0247086
5.82435e-10	0.0247067
5.82499e-10	0.0247048
5.82563e-10	0.0247029
5.82627e-10	0.024701
5.82691e-10	0.024699
5.82755e-10	0.0246971
5.82819e-10	0.0246951
5.82883e-10	0.0246931
5.82947e-10	0.0246912
5.83011e-10	0.0246892
5.83075e-10	0.0246872
5.83139e-10	0.0246851
5.83203e-10	0.0246831
5.83267e-10	0.0246811
5.83331e-10	0.024679
5.83395e-10	0.0246769
5.83459e-10	0.0246748
5.83523e-10	0.0246727
5.83587e-10	0.0246706
5.83651e-10	0.0246685
5.83715e-10	0.0246664
5.83779e-10	0.0246642
5.83843e-10	0.0246621
5.83907e-10	0.0246599
5.83971e-10	0.0246577
5.84035e-10	0.0246555
5.84099e-10	0.0246533
5.84163e-10	0.0246511
5.84227e-10	0.0246489
5.84291e-10	0.0246466
5.84355e-10	0.0246444
5.84419e-10	0.0246421
5.84483e-10	0.0246398
5.84547e-10	0.0246375
5.84611e-10	0.0246352
5.84675e-10	0.0246329
5.84739e-10	0.0246305
5.84803e-10	0.0246282
5.84867e-10	0.0246258
5.84931e-10	0.0246235
5.84995e-10	0.0246211
5.85059e-10	0.0246187
5.85123e-10	0.0246163
5.85187e-10	0.0246138
5.85251e-10	0.0246114
5.85315e-10	0.024609
5.85379e-10	0.0246065
5.85443e-10	0.024604
5.85507e-10	0.0246015
5.85571e-10	0.024599
5.85635e-10	0.0245965
5.85699e-10	0.024594
5.85763e-10	0.0245915
5.85827e-10	0.0245889
5.85891e-10	0.0245863
5.85955e-10	0.0245838
5.86019e-10	0.0245812
5.86083e-10	0.0245786
5.86147e-10	0.0245759
5.86211e-10	0.0245733
5.86275e-10	0.0245707
5.86339e-10	0.024568
5.86403e-10	0.0245654
5.86467e-10	0.0245627
5.86531e-10	0.02456
5.86595e-10	0.0245573
5.86659e-10	0.0245546
5.86723e-10	0.0245518
5.86787e-10	0.0245491
5.86851e-10	0.0245463
5.86915e-10	0.0245435
5.86979e-10	0.0245408
5.87043e-10	0.024538
5.87107e-10	0.0245352
5.87171e-10	0.0245323
5.87235e-10	0.0245295
5.87299e-10	0.0245266
5.87363e-10	0.0245238
5.87427e-10	0.0245209
5.87491e-10	0.024518
5.87555e-10	0.0245151
5.87619e-10	0.0245122
5.87683e-10	0.0245093
5.87747e-10	0.0245063
5.87811e-10	0.0245034
5.87875e-10	0.0245004
5.87939e-10	0.0244974
5.88003e-10	0.0244944
5.88067e-10	0.0244914
5.88131e-10	0.0244884
5.88195e-10	0.0244854
5.88259e-10	0.0244823
5.88323e-10	0.0244793
5.88387e-10	0.0244762
5.88451e-10	0.0244731
5.88515e-10	0.02447
5.88579e-10	0.0244669
5.88643e-10	0.0244638
5.88707e-10	0.0244606
5.88771e-10	0.0244575
5.88835e-10	0.0244543
5.88899e-10	0.0244511
5.88963e-10	0.0244479
5.89027e-10	0.0244447
5.89091e-10	0.0244415
5.89155e-10	0.0244383
5.89219e-10	0.024435
5.89283e-10	0.0244318
5.89347e-10	0.0244285
5.89411e-10	0.0244252
5.89475e-10	0.0244219
5.8954e-10	0.0244186
5.89604e-10	0.0244153
5.89668e-10	0.0244119
5.89732e-10	0.0244086
5.89796e-10	0.0244052
5.8986e-10	0.0244018
5.89924e-10	0.0243984
5.89988e-10	0.024395
5.90052e-10	0.0243916
5.90116e-10	0.0243881
5.9018e-10	0.0243847
5.90244e-10	0.0243812
5.90308e-10	0.0243778
5.90372e-10	0.0243743
5.90436e-10	0.0243708
5.905e-10	0.0243673
5.90564e-10	0.0243637
5.90628e-10	0.0243602
5.90692e-10	0.0243566
5.90756e-10	0.0243531
5.9082e-10	0.0243495
5.90884e-10	0.0243459
5.90948e-10	0.0243423
5.91012e-10	0.0243386
5.91076e-10	0.024335
5.9114e-10	0.0243313
5.91204e-10	0.0243277
5.91268e-10	0.024324
5.91332e-10	0.0243203
5.91396e-10	0.0243166
5.9146e-10	0.0243129
5.91524e-10	0.0243091
5.91588e-10	0.0243054
5.91652e-10	0.0243016
5.91716e-10	0.0242978
5.9178e-10	0.0242941
5.91844e-10	0.0242902
5.91908e-10	0.0242864
5.91972e-10	0.0242826
5.92036e-10	0.0242788
5.921e-10	0.0242749
5.92164e-10	0.024271
5.92228e-10	0.0242671
5.92292e-10	0.0242632
5.92356e-10	0.0242593
5.9242e-10	0.0242554
5.92484e-10	0.0242514
5.92548e-10	0.0242475
5.92612e-10	0.0242435
5.92676e-10	0.0242395
5.9274e-10	0.0242355
5.92804e-10	0.0242315
5.92868e-10	0.0242275
5.92932e-10	0.0242235
5.92996e-10	0.0242194
5.9306e-10	0.0242153
5.93124e-10	0.0242113
5.93188e-10	0.0242072
5.93252e-10	0.024203
5.93316e-10	0.0241989
5.9338e-10	0.0241948
5.93444e-10	0.0241906
5.93508e-10	0.0241865
5.93572e-10	0.0241823
5.93636e-10	0.0241781
5.937e-10	0.0241739
5.93764e-10	0.0241697
5.93828e-10	0.0241654
5.93892e-10	0.0241612
5.93956e-10	0.0241569
5.9402e-10	0.0241526
5.94084e-10	0.0241483
5.94148e-10	0.024144
5.94212e-10	0.0241397
5.94276e-10	0.0241354
5.9434e-10	0.024131
5.94404e-10	0.0241266
5.94468e-10	0.0241223
5.94532e-10	0.0241179
5.94596e-10	0.0241135
5.9466e-10	0.024109
5.94724e-10	0.0241046
5.94788e-10	0.0241002
5.94852e-10	0.0240957
5.94916e-10	0.0240912
5.9498e-10	0.0240867
5.95044e-10	0.0240822
5.95108e-10	0.0240777
5.95172e-10	0.0240732
5.95236e-10	0.0240686
5.953e-10	0.024064
5.95364e-10	0.0240595
5.95428e-10	0.0240549
5.95492e-10	0.0240503
5.95556e-10	0.0240456
5.9562e-10	0.024041
5.95684e-10	0.0240363
5.95748e-10	0.0240317
5.95812e-10	0.024027
5.95876e-10	0.0240223
5.9594e-10	0.0240176
5.96004e-10	0.0240129
5.96068e-10	0.0240081
5.96132e-10	0.0240034
5.96196e-10	0.0239986
5.9626e-10	0.0239938
5.96324e-10	0.023989
5.96388e-10	0.0239842
5.96452e-10	0.0239794
5.96516e-10	0.0239746
5.9658e-10	0.0239697
5.96644e-10	0.0239648
5.96708e-10	0.02396
5.96772e-10	0.0239551
5.96836e-10	0.0239501
5.969e-10	0.0239452
5.96964e-10	0.0239403
5.97028e-10	0.0239353
5.97092e-10	0.0239304
5.97156e-10	0.0239254
5.9722e-10	0.0239204
5.97284e-10	0.0239154
5.97348e-10	0.0239103
5.97412e-10	0.0239053
5.97476e-10	0.0239002
5.9754e-10	0.0238951
5.97604e-10	0.0238901
5.97668e-10	0.023885
5.97732e-10	0.0238798
5.97796e-10	0.0238747
5.9786e-10	0.0238695
5.97924e-10	0.0238644
5.97988e-10	0.0238592
5.98052e-10	0.023854
5.98116e-10	0.0238488
5.9818e-10	0.0238436
5.98244e-10	0.0238384
5.98309e-10	0.0238331
5.98373e-10	0.0238278
5.98437e-10	0.0238226
5.98501e-10	0.0238173
5.98565e-10	0.0238119
5.98629e-10	0.0238066
5.98693e-10	0.0238013
5.98757e-10	0.0237959
5.98821e-10	0.0237906
5.98885e-10	0.0237852
5.98949e-10	0.0237798
5.99013e-10	0.0237743
5.99077e-10	0.0237689
5.99141e-10	0.0237635
5.99205e-10	0.023758
5.99269e-10	0.0237525
5.99333e-10	0.023747
5.99397e-10	0.0237415
5.99461e-10	0.023736
5.99525e-10	0.0237305
5.99589e-10	0.0237249
5.99653e-10	0.0237194
5.99717e-10	0.0237138
5.99781e-10	0.0237082
5.99845e-10	0.0237026
5.99909e-10	0.0236969
5.99973e-10	0.0236913
6.00037e-10	0.0236857
6.00101e-10	0.02368
6.00165e-10	0.0236743
6.00229e-10	0.0236686
6.00293e-10	0.0236629
6.00357e-10	0.0236571
6.00421e-10	0.0236514
6.00485e-10	0.0236456
6.00549e-10	0.0236399
6.00613e-10	0.0236341
6.00677e-10	0.0236282
6.00741e-10	0.0236224
6.00805e-10	0.0236166
6.00869e-10	0.0236107
6.00933e-10	0.0236049
6.00997e-10	0.023599
6.01061e-10	0.0235931
6.01125e-10	0.0235872
6.01189e-10	0.0235812
6.01253e-10	0.0235753
6.01317e-10	0.0235693
6.01381e-10	0.0235633
6.01445e-10	0.0235574
6.01509e-10	0.0235513
6.01573e-10	0.0235453
6.01637e-10	0.0235393
6.01701e-10	0.0235332
6.01765e-10	0.0235272
6.01829e-10	0.0235211
6.01893e-10	0.023515
6.01957e-10	0.0235089
6.02021e-10	0.0235027
6.02085e-10	0.0234966
6.02149e-10	0.0234904
6.02213e-10	0.0234842
6.02277e-10	0.023478
6.02341e-10	0.0234718
6.02405e-10	0.0234656
6.02469e-10	0.0234594
6.02533e-10	0.0234531
6.02597e-10	0.0234468
6.02661e-10	0.0234406
6.02725e-10	0.0234343
6.02789e-10	0.0234279
6.02853e-10	0.0234216
6.02917e-10	0.0234153
6.02981e-10	0.0234089
6.03045e-10	0.0234025
6.03109e-10	0.0233961
6.03173e-10	0.0233897
6.03237e-10	0.0233833
6.03301e-10	0.0233768
6.03365e-10	0.0233704
6.03429e-10	0.0233639
6.03493e-10	0.0233574
6.03557e-10	0.0233509
6.03621e-10	0.0233444
6.03685e-10	0.0233378
6.03749e-10	0.0233313
6.03813e-10	0.0233247
6.03877e-10	0.0233181
6.03941e-10	0.0233115
6.04005e-10	0.0233049
6.04069e-10	0.0232983
6.04133e-10	0.0232916
6.04197e-10	0.023285
6.04261e-10	0.0232783
6.04325e-10	0.0232716
6.04389e-10	0.0232649
6.04453e-10	0.0232582
6.04517e-10	0.0232514
6.04581e-10	0.0232447
6.04645e-10	0.0232379
6.04709e-10	0.0232311
6.04773e-10	0.0232243
6.04837e-10	0.0232175
6.04901e-10	0.0232106
6.04965e-10	0.0232038
6.05029e-10	0.0231969
6.05093e-10	0.02319
6.05157e-10	0.0231831
6.05221e-10	0.0231762
6.05285e-10	0.0231693
6.05349e-10	0.0231623
6.05413e-10	0.0231553
6.05477e-10	0.0231484
6.05541e-10	0.0231414
6.05605e-10	0.0231343
6.05669e-10	0.0231273
6.05733e-10	0.0231203
6.05797e-10	0.0231132
6.05861e-10	0.0231061
6.05925e-10	0.023099
6.05989e-10	0.0230919
6.06053e-10	0.0230848
6.06117e-10	0.0230776
6.06181e-10	0.0230705
6.06245e-10	0.0230633
6.06309e-10	0.0230561
6.06373e-10	0.0230489
6.06437e-10	0.0230417
6.06501e-10	0.0230344
6.06565e-10	0.0230272
6.06629e-10	0.0230199
6.06693e-10	0.0230126
6.06757e-10	0.0230053
6.06821e-10	0.022998
6.06885e-10	0.0229907
6.06949e-10	0.0229833
6.07014e-10	0.0229759
6.07078e-10	0.0229685
6.07142e-10	0.0229611
6.07206e-10	0.0229537
6.0727e-10	0.0229463
6.07334e-10	0.0229388
6.07398e-10	0.0229314
6.07462e-10	0.0229239
6.07526e-10	0.0229164
6.0759e-10	0.0229089
6.07654e-10	0.0229013
6.07718e-10	0.0228938
6.07782e-10	0.0228862
6.07846e-10	0.0228786
6.0791e-10	0.022871
6.07974e-10	0.0228634
6.08038e-10	0.0228558
6.08102e-10	0.0228481
6.08166e-10	0.0228404
6.0823e-10	0.0228328
6.08294e-10	0.0228251
6.08358e-10	0.0228173
6.08422e-10	0.0228096
6.08486e-10	0.0228019
6.0855e-10	0.0227941
6.08614e-10	0.0227863
6.08678e-10	0.0227785
6.08742e-10	0.0227707
6.08806e-10	0.0227629
6.0887e-10	0.022755
6.08934e-10	0.0227472
6.08998e-10	0.0227393
6.09062e-10	0.0227314
6.09126e-10	0.0227235
6.0919e-10	0.0227155
6.09254e-10	0.0227076
6.09318e-10	0.0226996
6.09382e-10	0.0226916
6.09446e-10	0.0226836
6.0951e-10	0.0226756
6.09574e-10	0.0226676
6.09638e-10	0.0226595
6.09702e-10	0.0226515
6.09766e-10	0.0226434
6.0983e-10	0.0226353
6.09894e-10	0.0226272
6.09958e-10	0.022619
6.10022e-10	0.0226109
6.10086e-10	0.0226027
6.1015e-10	0.0225945
6.10214e-10	0.0225863
6.10278e-10	0.0225781
6.10342e-10	0.0225699
6.10406e-10	0.0225616
6.1047e-10	0.0225534
6.10534e-10	0.0225451
6.10598e-10	0.0225368
6.10662e-10	0.0225285
6.10726e-10	0.0225201
6.1079e-10	0.0225118
6.10854e-10	0.0225034
6.10918e-10	0.022495
6.10982e-10	0.0224866
6.11046e-10	0.0224782
6.1111e-10	0.0224698
6.11174e-10	0.0224613
6.11238e-10	0.0224528
6.11302e-10	0.0224444
6.11366e-10	0.0224358
6.1143e-10	0.0224273
6.11494e-10	0.0224188
6.11558e-10	0.0224102
6.11622e-10	0.0224017
6.11686e-10	0.0223931
6.1175e-10	0.0223845
6.11814e-10	0.0223758
6.11878e-10	0.0223672
6.11942e-10	0.0223585
6.12006e-10	0.0223499
6.1207e-10	0.0223412
6.12134e-10	0.0223324
6.12198e-10	0.0223237
6.12262e-10	0.022315
6.12326e-10	0.0223062
6.1239e-10	0.0222974
6.12454e-10	0.0222886
6.12518e-10	0.0222798
6.12582e-10	0.022271
6.12646e-10	0.0222621
6.1271e-10	0.0222533
6.12774e-10	0.0222444
6.12838e-10	0.0222355
6.12902e-10	0.0222266
6.12966e-10	0.0222176
6.1303e-10	0.0222087
6.13094e-10	0.0221997
6.13158e-10	0.0221907
6.13222e-10	0.0221817
6.13286e-10	0.0221727
6.1335e-10	0.0221637
6.13414e-10	0.0221546
6.13478e-10	0.0221455
6.13542e-10	0.0221364
6.13606e-10	0.0221273
6.1367e-10	0.0221182
6.13734e-10	0.0221091
6.13798e-10	0.0220999
6.13862e-10	0.0220907
6.13926e-10	0.0220815
6.1399e-10	0.0220723
6.14054e-10	0.0220631
6.14118e-10	0.0220538
6.14182e-10	0.0220446
6.14246e-10	0.0220353
6.1431e-10	0.022026
6.14374e-10	0.0220167
6.14438e-10	0.0220073
6.14502e-10	0.021998
6.14566e-10	0.0219886
6.1463e-10	0.0219792
6.14694e-10	0.0219698
6.14758e-10	0.0219604
6.14822e-10	0.0219509
6.14886e-10	0.0219415
6.1495e-10	0.021932
6.15014e-10	0.0219225
6.15078e-10	0.021913
6.15142e-10	0.0219035
6.15206e-10	0.0218939
6.1527e-10	0.0218844
6.15334e-10	0.0218748
6.15398e-10	0.0218652
6.15462e-10	0.0218556
6.15526e-10	0.0218459
6.1559e-10	0.0218363
6.15654e-10	0.0218266
6.15719e-10	0.0218169
6.15783e-10	0.0218072
6.15847e-10	0.0217975
6.15911e-10	0.0217877
6.15975e-10	0.021778
6.16039e-10	0.0217682
6.16103e-10	0.0217584
6.16167e-10	0.0217486
6.16231e-10	0.0217387
6.16295e-10	0.0217289
6.16359e-10	0.021719
6.16423e-10	0.0217091
6.16487e-10	0.0216992
6.16551e-10	0.0216893
6.16615e-10	0.0216794
6.16679e-10	0.0216694
6.16743e-10	0.0216594
6.16807e-10	0.0216494
6.16871e-10	0.0216394
6.16935e-10	0.0216294
6.16999e-10	0.0216194
6.17063e-10	0.0216093
6.17127e-10	0.0215992
6.17191e-10	0.0215891
6.17255e-10	0.021579
6.17319e-10	0.0215688
6.17383e-10	0.0215587
6.17447e-10	0.0215485
6.17511e-10	0.0215383
6.17575e-10	0.0215281
6.17639e-10	0.0215179
6.17703e-10	0.0215076
6.17767e-10	0.0214974
6.17831e-10	0.0214871
6.17895e-10	0.0214768
6.17959e-10	0.0214665
6.18023e-10	0.0214561
6.18087e-10	0.0214458
6.18151e-10	0.0214354
6.18215e-10	0.021425
6.18279e-10	0.0214146
6.18343e-10	0.0214042
6.18407e-10	0.0213937
6.18471e-10	0.0213833
6.18535e-10	0.0213728
6.18599e-10	0.0213623
6.18663e-10	0.0213518
6.18727e-10	0.0213412
6.18791e-10	0.0213307
6.18855e-10	0.0213201
6.18919e-10	0.0213095
6.18983e-10	0.0212989
6.19047e-10	0.0212882
6.19111e-10	0.0212776
6.19175e-10	0.0212669
6.19239e-10	0.0212562
6.19303e-10	0.0212455
6.19367e-10	0.0212348
6.19431e-10	0.0212241
6.19495e-10	0.0212133
6.19559e-10	0.0212025
6.19623e-10	0.0211917
6.19687e-10	0.0211809
6.19751e-10	0.0211701
6.19815e-10	0.0211593
6.19879e-10	0.0211484
6.19943e-10	0.0211375
6.20007e-10	0.0211266
6.20071e-10	0.0211157
6.20135e-10	0.0211047
6.20199e-10	0.0210938
6.20263e-10	0.0210828
6.20327e-10	0.0210718
6.20391e-10	0.0210608
6.20455e-10	0.0210497
6.20519e-10	0.0210387
6.20583e-10	0.0210276
6.20647e-10	0.0210165
6.20711e-10	0.0210054
6.20775e-10	0.0209943
6.20839e-10	0.0209831
6.20903e-10	0.0209719
6.20967e-10	0.0209608
6.21031e-10	0.0209496
6.21095e-10	0.0209383
6.21159e-10	0.0209271
6.21223e-10	0.0209158
6.21287e-10	0.0209046
6.21351e-10	0.0208933
6.21415e-10	0.0208819
6.21479e-10	0.0208706
6.21543e-10	0.0208592
6.21607e-10	0.0208479
6.21671e-10	0.0208365
6.21735e-10	0.0208251
6.21799e-10	0.0208136
6.21863e-10	0.0208022
6.21927e-10	0.0207907
6.21991e-10	0.0207792
6.22055e-10	0.0207677
6.22119e-10	0.0207562
6.22183e-10	0.0207447
6.22247e-10	0.0207331
6.22311e-10	0.0207215
6.22375e-10	0.0207099
6.22439e-10	0.0206983
6.22503e-10	0.0206867
6.22567e-10	0.020675
6.22631e-10	0.0206633
6.22695e-10	0.0206516
6.22759e-10	0.0206399
6.22823e-10	0.0206282
6.22887e-10	0.0206164
6.22951e-10	0.0206047
6.23015e-10	0.0205929
6.23079e-10	0.0205811
6.23143e-10	0.0205693
6.23207e-10	0.0205574
6.23271e-10	0.0205455
6.23335e-10	0.0205337
6.23399e-10	0.0205218
6.23463e-10	0.0205098
6.23527e-10	0.0204979
6.23591e-10	0.0204859
6.23655e-10	0.0204739
6.23719e-10	0.0204619
6.23783e-10	0.0204499
6.23847e-10	0.0204379
6.23911e-10	0.0204258
6.23975e-10	0.0204138
6.24039e-10	0.0204017
6.24103e-10	0.0203895
6.24167e-10	0.0203774
6.24231e-10	0.0203653
6.24295e-10	0.0203531
6.24359e-10	0.0203409
6.24423e-10	0.0203287
6.24488e-10	0.0203164
6.24552e-10	0.0203042
6.24616e-10	0.0202919
6.2468e-10	0.0202796
6.24744e-10	0.0202673
6.24808e-10	0.020255
6.24872e-10	0.0202427
6.24936e-10	0.0202303
6.25e-10	0.0202179
6.25064e-10	0.0202055
6.25128e-10	0.0201931
6.25192e-10	0.0201806
6.25256e-10	0.0201682
6.2532e-10	0.0201557
6.25384e-10	0.0201432
6.25448e-10	0.0201307
6.25512e-10	0.0201181
6.25576e-10	0.0201056
6.2564e-10	0.020093
6.25704e-10	0.0200804
6.25768e-10	0.0200678
6.25832e-10	0.0200551
6.25896e-10	0.0200425
6.2596e-10	0.0200298
6.26024e-10	0.0200171
6.26088e-10	0.0200044
6.26152e-10	0.0199917
6.26216e-10	0.0199789
6.2628e-10	0.0199661
6.26344e-10	0.0199533
6.26408e-10	0.0199405
6.26472e-10	0.0199277
6.26536e-10	0.0199148
6.266e-10	0.019902
6.26664e-10	0.0198891
6.26728e-10	0.0198761
6.26792e-10	0.0198632
6.26856e-10	0.0198503
6.2692e-10	0.0198373
6.26984e-10	0.0198243
6.27048e-10	0.0198113
6.27112e-10	0.0197983
6.27176e-10	0.0197852
6.2724e-10	0.0197721
6.27304e-10	0.019759
6.27368e-10	0.0197459
6.27432e-10	0.0197328
6.27496e-10	0.0197197
6.2756e-10	0.0197065
6.27624e-10	0.0196933
6.27688e-10	0.0196801
6.27752e-10	0.0196669
6.27816e-10	0.0196536
6.2788e-10	0.0196403
6.27944e-10	0.0196271
6.28008e-10	0.0196137
6.28072e-10	0.0196004
6.28136e-10	0.0195871
6.282e-10	0.0195737
6.28264e-10	0.0195603
6.28328e-10	0.0195469
6.28392e-10	0.0195335
6.28456e-10	0.01952
6.2852e-10	0.0195066
6.28584e-10	0.0194931
6.28648e-10	0.0194796
6.28712e-10	0.019466
6.28776e-10	0.0194525
6.2884e-10	0.0194389
6.28904e-10	0.0194253
6.28968e-10	0.0194117
6.29032e-10	0.0193981
6.29096e-10	0.0193844
6.2916e-10	0.0193708
6.29224e-10	0.0193571
6.29288e-10	0.0193434
6.29352e-10	0.0193297
6.29416e-10	0.0193159
6.2948e-10	0.0193021
6.29544e-10	0.0192883
6.29608e-10	0.0192745
6.29672e-10	0.0192607
6.29736e-10	0.0192469
6.298e-10	0.019233
6.29864e-10	0.0192191
6.29928e-10	0.0192052
6.29992e-10	0.0191913
6.30056e-10	0.0191773
6.3012e-10	0.0191633
6.30184e-10	0.0191493
6.30248e-10	0.0191353
6.30312e-10	0.0191213
6.30376e-10	0.0191072
6.3044e-10	0.0190932
6.30504e-10	0.0190791
6.30568e-10	0.019065
6.30632e-10	0.0190508
6.30696e-10	0.0190367
6.3076e-10	0.0190225
6.30824e-10	0.0190083
6.30888e-10	0.0189941
6.30952e-10	0.0189799
6.31016e-10	0.0189656
6.3108e-10	0.0189513
6.31144e-10	0.018937
6.31208e-10	0.0189227
6.31272e-10	0.0189084
6.31336e-10	0.018894
6.314e-10	0.0188796
6.31464e-10	0.0188652
6.31528e-10	0.0188508
6.31592e-10	0.0188364
6.31656e-10	0.0188219
6.3172e-10	0.0188074
6.31784e-10	0.0187929
6.31848e-10	0.0187784
6.31912e-10	0.0187639
6.31976e-10	0.0187493
6.3204e-10	0.0187347
6.32104e-10	0.0187201
6.32168e-10	0.0187055
6.32232e-10	0.0186908
6.32296e-10	0.0186762
6.3236e-10	0.0186615
6.32424e-10	0.0186468
6.32488e-10	0.018632
6.32552e-10	0.0186173
6.32616e-10	0.0186025
6.3268e-10	0.0185877
6.32744e-10	0.0185729
6.32808e-10	0.0185581
6.32872e-10	0.0185432
6.32936e-10	0.0185284
6.33e-10	0.0185135
6.33064e-10	0.0184986
6.33128e-10	0.0184836
6.33193e-10	0.0184687
6.33257e-10	0.0184537
6.33321e-10	0.0184387
6.33385e-10	0.0184237
6.33449e-10	0.0184086
6.33513e-10	0.0183936
6.33577e-10	0.0183785
6.33641e-10	0.0183634
6.33705e-10	0.0183483
6.33769e-10	0.0183331
6.33833e-10	0.0183179
6.33897e-10	0.0183028
6.33961e-10	0.0182876
6.34025e-10	0.0182723
6.34089e-10	0.0182571
6.34153e-10	0.0182418
6.34217e-10	0.0182265
6.34281e-10	0.0182112
6.34345e-10	0.0181959
6.34409e-10	0.0181805
6.34473e-10	0.0181651
6.34537e-10	0.0181497
6.34601e-10	0.0181343
6.34665e-10	0.0181189
6.34729e-10	0.0181034
6.34793e-10	0.0180879
6.34857e-10	0.0180724
6.34921e-10	0.0180569
6.34985e-10	0.0180414
6.35049e-10	0.0180258
6.35113e-10	0.0180102
6.35177e-10	0.0179946
6.35241e-10	0.017979
6.35305e-10	0.0179633
6.35369e-10	0.0179477
6.35433e-10	0.017932
6.35497e-10	0.0179163
6.35561e-10	0.0179005
6.35625e-10	0.0178848
6.35689e-10	0.017869
6.35753e-10	0.0178532
6.35817e-10	0.0178374
6.35881e-10	0.0178215
6.35945e-10	0.0178057
6.36009e-10	0.0177898
6.36073e-10	0.0177739
6.36137e-10	0.017758
6.36201e-10	0.017742
6.36265e-10	0.0177261
6.36329e-10	0.0177101
6.36393e-10	0.0176941
6.36457e-10	0.017678
6.36521e-10	0.017662
6.36585e-10	0.0176459
6.36649e-10	0.0176298
6.36713e-10	0.0176137
6.36777e-10	0.0175975
6.36841e-10	0.0175814
6.36905e-10	0.0175652
6.36969e-10	0.017549
6.37033e-10	0.0175328
6.37097e-10	0.0175165
6.37161e-10	0.0175003
6.37225e-10	0.017484
6.37289e-10	0.0174677
6.37353e-10	0.0174513
6.37417e-10	0.017435
6.37481e-10	0.0174186
6.37545e-10	0.0174022
6.37609e-10	0.0173858
6.37673e-10	0.0173693
6.37737e-10	0.0173529
6.37801e-10	0.0173364
6.37865e-10	0.0173199
6.37929e-10	0.0173034
6.37993e-10	0.0172868
6.38057e-10	0.0172703
6.38121e-10	0.0172537
6.38185e-10	0.017237
6.38249e-10	0.0172204
6.38313e-10	0.0172038
6.38377e-10	0.0171871
6.38441e-10	0.0171704
6.38505e-10	0.0171537
6.38569e-10	0.0171369
6.38633e-10	0.0171202
6.38697e-10	0.0171034
6.38761e-10	0.0170866
6.38825e-10	0.0170697
6.38889e-10	0.0170529
6.38953e-10	0.017036
6.39017e-10	0.0170191
6.39081e-10	0.0170022
6.39145e-10	0.0169853
6.39209e-10	0.0169683
6.39273e-10	0.0169513
6.39337e-10	0.0169343
6.39401e-10	0.0169173
6.39465e-10	0.0169002
6.39529e-10	0.0168832
6.39593e-10	0.0168661
6.39657e-10	0.016849
6.39721e-10	0.0168318
6.39785e-10	0.0168147
6.39849e-10	0.0167975
6.39913e-10	0.0167803
6.39977e-10	0.0167631
6.40041e-10	0.0167458
6.40105e-10	0.0167285
6.40169e-10	0.0167113
6.40233e-10	0.0166939
6.40297e-10	0.0166766
6.40361e-10	0.0166593
6.40425e-10	0.0166419
6.40489e-10	0.0166245
6.40553e-10	0.0166071
6.40617e-10	0.0165896
6.40681e-10	0.0165721
6.40745e-10	0.0165547
6.40809e-10	0.0165371
6.40873e-10	0.0165196
6.40937e-10	0.0165021
6.41001e-10	0.0164845
6.41065e-10	0.0164669
6.41129e-10	0.0164493
6.41193e-10	0.0164316
6.41257e-10	0.016414
6.41321e-10	0.0163963
6.41385e-10	0.0163786
6.41449e-10	0.0163608
6.41513e-10	0.0163431
6.41577e-10	0.0163253
6.41641e-10	0.0163075
6.41705e-10	0.0162897
6.41769e-10	0.0162718
6.41833e-10	0.016254
6.41897e-10	0.0162361
6.41962e-10	0.0162182
6.42026e-10	0.0162002
6.4209e-10	0.0161823
6.42154e-10	0.0161643
6.42218e-10	0.0161463
6.42282e-10	0.0161283
6.42346e-10	0.0161102
6.4241e-10	0.0160922
6.42474e-10	0.0160741
6.42538e-10	0.016056
6.42602e-10	0.0160378
6.42666e-10	0.0160197
6.4273e-10	0.0160015
6.42794e-10	0.0159833
6.42858e-10	0.0159651
6.42922e-10	0.0159468
6.42986e-10	0.0159286
6.4305e-10	0.0159103
6.43114e-10	0.015892
6.43178e-10	0.0158736
6.43242e-10	0.0158553
6.43306e-10	0.0158369
6.4337e-10	0.0158185
6.43434e-10	0.0158001
6.43498e-10	0.0157816
6.43562e-10	0.0157632
6.43626e-10	0.0157447
6.4369e-10	0.0157261
6.43754e-10	0.0157076
6.43818e-10	0.015689
6.43882e-10	0.0156705
6.43946e-10	0.0156519
6.4401e-10	0.0156332
6.44074e-10	0.0156146
6.44138e-10	0.0155959
6.44202e-10	0.0155772
6.44266e-10	0.0155585
6.4433e-10	0.0155397
6.44394e-10	0.015521
6.44458e-10	0.0155022
6.44522e-10	0.0154834
6.44586e-10	0.0154645
6.4465e-10	0.0154457
6.44714e-10	0.0154268
6.44778e-10	0.0154079
6.44842e-10	0.015389
6.44906e-10	0.01537
6.4497e-10	0.0153511
6.45034e-10	0.0153321
6.45098e-10	0.0153131
6.45162e-10	0.015294
6.45226e-10	0.015275
6.4529e-10	0.0152559
6.45354e-10	0.0152368
6.45418e-10	0.0152176
6.45482e-10	0.0151985
6.45546e-10	0.0151793
6.4561e-10	0.0151601
6.45674e-10	0.0151409
6.45738e-10	0.0151216
6.45802e-10	0.0151024
6.45866e-10	0.0150831
6.4593e-10	0.0150638
6.45994e-10	0.0150444
6.46058e-10	0.0150251
6.46122e-10	0.0150057
6.46186e-10	0.0149863
6.4625e-10	0.0149669
6.46314e-10	0.0149474
6.46378e-10	0.0149279
6.46442e-10	0.0149084
6.46506e-10	0.0148889
6.4657e-10	0.0148694
6.46634e-10	0.0148498
6.46698e-10	0.0148302
6.46762e-10	0.0148106
6.46826e-10	0.014791
6.4689e-10	0.0147713
6.46954e-10	0.0147516
6.47018e-10	0.0147319
6.47082e-10	0.0147122
6.47146e-10	0.0146924
6.4721e-10	0.0146727
6.47274e-10	0.0146529
6.47338e-10	0.014633
6.47402e-10	0.0146132
6.47466e-10	0.0145933
6.4753e-10	0.0145734
6.47594e-10	0.0145535
6.47658e-10	0.0145336
6.47722e-10	0.0145136
6.47786e-10	0.0144936
6.4785e-10	0.0144736
6.47914e-10	0.0144536
6.47978e-10	0.0144335
6.48042e-10	0.0144135
6.48106e-10	0.0143934
6.4817e-10	0.0143732
6.48234e-10	0.0143531
6.48298e-10	0.0143329
6.48362e-10	0.0143127
6.48426e-10	0.0142925
6.4849e-10	0.0142723
6.48554e-10	0.014252
6.48618e-10	0.0142317
6.48682e-10	0.0142114
6.48746e-10	0.0141911
6.4881e-10	0.0141707
6.48874e-10	0.0141503
6.48938e-10	0.0141299
6.49002e-10	0.0141095
6.49066e-10	0.014089
6.4913e-10	0.0140686
6.49194e-10	0.0140481
6.49258e-10	0.0140275
6.49322e-10	0.014007
6.49386e-10	0.0139864
6.4945e-10	0.0139658
6.49514e-10	0.0139452
6.49578e-10	0.0139246
6.49642e-10	0.0139039
6.49706e-10	0.0138832
6.4977e-10	0.0138625
6.49834e-10	0.0138418
6.49898e-10	0.013821
6.49962e-10	0.0138002
6.50026e-10	0.0137794
6.5009e-10	0.0137586
6.50154e-10	0.0137377
6.50218e-10	0.0137169
6.50282e-10	0.013696
6.50346e-10	0.013675
6.5041e-10	0.0136541
6.50474e-10	0.0136331
6.50538e-10	0.0136121
6.50602e-10	0.0135911
6.50667e-10	0.0135701
6.50731e-10	0.013549
6.50795e-10	0.0135279
6.50859e-10	0.0135068
6.50923e-10	0.0134856
6.50987e-10	0.0134645
6.51051e-10	0.0134433
6.51115e-10	0.0134221
6.51179e-10	0.0134008
6.51243e-10	0.0133796
6.51307e-10	0.0133583
6.51371e-10	0.013337
6.51435e-10	0.0133157
6.51499e-10	0.0132943
6.51563e-10	0.0132729
6.51627e-10	0.0132515
6.51691e-10	0.0132301
6.51755e-10	0.0132087
6.51819e-10	0.0131872
6.51883e-10	0.0131657
6.51947e-10	0.0131442
6.52011e-10	0.0131226
6.52075e-10	0.0131011
6.52139e-10	0.0130795
6.52203e-10	0.0130578
6.52267e-10	0.0130362
6.52331e-10	0.0130145
6.52395e-10	0.0129928
6.52459e-10	0.0129711
6.52523e-10	0.0129494
6.52587e-10	0.0129276
6.52651e-10	0.0129059
6.52715e-10	0.012884
6.52779e-10	0.0128622
6.52843e-10	0.0128403
6.52907e-10	0.0128185
6.52971e-10	0.0127966
6.53035e-10	0.0127746
6.53099e-10	0.0127527
6.53163e-10	0.0127307
6.53227e-10	0.0127087
6.53291e-10	0.0126867
6.53355e-10	0.0126646
6.53419e-10	0.0126425
6.53483e-10	0.0126204
6.53547e-10	0.0125983
6.53611e-10	0.0125762
6.53675e-10	0.012554
6.53739e-10	0.0125318
6.53803e-10	0.0125096
6.53867e-10	0.0124873
6.53931e-10	0.0124651
6.53995e-10	0.0124428
6.54059e-10	0.0124204
6.54123e-10	0.0123981
6.54187e-10	0.0123757
6.54251e-10	0.0123533
6.54315e-10	0.0123309
6.54379e-10	0.0123085
6.54443e-10	0.012286
6.54507e-10	0.0122635
6.54571e-10	0.012241
6.54635e-10	0.0122185
6.54699e-10	0.0121959
6.54763e-10	0.0121733
6.54827e-10	0.0121507
6.54891e-10	0.0121281
6.54955e-10	0.0121054
6.55019e-10	0.0120827
6.55083e-10	0.01206
6.55147e-10	0.0120373
6.55211e-10	0.0120145
6.55275e-10	0.0119917
6.55339e-10	0.0119689
6.55403e-10	0.0119461
6.55467e-10	0.0119232
6.55531e-10	0.0119004
6.55595e-10	0.0118775
6.55659e-10	0.0118545
6.55723e-10	0.0118316
6.55787e-10	0.0118086
6.55851e-10	0.0117856
6.55915e-10	0.0117626
6.55979e-10	0.0117395
6.56043e-10	0.0117164
6.56107e-10	0.0116933
6.56171e-10	0.0116702
6.56235e-10	0.011647
6.56299e-10	0.0116239
6.56363e-10	0.0116007
6.56427e-10	0.0115774
6.56491e-10	0.0115542
6.56555e-10	0.0115309
6.56619e-10	0.0115076
6.56683e-10	0.0114843
6.56747e-10	0.0114609
6.56811e-10	0.0114376
6.56875e-10	0.0114142
6.56939e-10	0.0113907
6.57003e-10	0.0113673
6.57067e-10	0.0113438
6.57131e-10	0.0113203
6.57195e-10	0.0112968
6.57259e-10	0.0112732
6.57323e-10	0.0112497
6.57387e-10	0.0112261
6.57451e-10	0.0112024
6.57515e-10	0.0111788
6.57579e-10	0.0111551
6.57643e-10	0.0111314
6.57707e-10	0.0111077
6.57771e-10	0.0110839
6.57835e-10	0.0110602
6.57899e-10	0.0110364
6.57963e-10	0.0110126
6.58027e-10	0.0109887
6.58091e-10	0.0109648
6.58155e-10	0.0109409
6.58219e-10	0.010917
6.58283e-10	0.0108931
6.58347e-10	0.0108691
6.58411e-10	0.0108451
6.58475e-10	0.0108211
6.58539e-10	0.010797
6.58603e-10	0.0107729
6.58667e-10	0.0107488
6.58731e-10	0.0107247
6.58795e-10	0.0107006
6.58859e-10	0.0106764
6.58923e-10	0.0106522
6.58987e-10	0.010628
6.59051e-10	0.0106037
6.59115e-10	0.0105794
6.59179e-10	0.0105551
6.59243e-10	0.0105308
6.59307e-10	0.0105065
6.59371e-10	0.0104821
6.59436e-10	0.0104577
6.595e-10	0.0104333
6.59564e-10	0.0104088
6.59628e-10	0.0103843
6.59692e-10	0.0103598
6.59756e-10	0.0103353
6.5982e-10	0.0103108
6.59884e-10	0.0102862
6.59948e-10	0.0102616
6.60012e-10	0.010237
6.60076e-10	0.0102123
6.6014e-10	0.0101876
6.60204e-10	0.0101629
6.60268e-10	0.0101382
6.60332e-10	0.0101134
6.60396e-10	0.0100887
6.6046e-10	0.0100638
6.60524e-10	0.010039
6.60588e-10	0.0100142
6.60652e-10	0.00998928
6.60716e-10	0.00996437
6.6078e-10	0.00993944
6.60844e-10	0.00991448
6.60908e-10	0.00988949
6.60972e-10	0.00986448
6.61036e-10	0.00983945
6.611e-10	0.00981439
6.61164e-10	0.0097893
6.61228e-10	0.00976419
6.61292e-10	0.00973906
6.61356e-10	0.00971389
6.6142e-10	0.00968871
6.61484e-10	0.00966349
6.61548e-10	0.00963825
6.61612e-10	0.00961299
6.61676e-10	0.0095877
6.6174e-10	0.00956239
6.61804e-10	0.00953704
6.61868e-10	0.00951168
6.61932e-10	0.00948628
6.61996e-10	0.00946087
6.6206e-10	0.00943542
6.62124e-10	0.00940995
6.62188e-10	0.00938446
6.62252e-10	0.00935894
6.62316e-10	0.00933339
6.6238e-10	0.00930782
6.62444e-10	0.00928222
6.62508e-10	0.0092566
6.62572e-10	0.00923095
6.62636e-10	0.00920527
6.627e-10	0.00917957
6.62764e-10	0.00915385
6.62828e-10	0.00912809
6.62892e-10	0.00910232
6.62956e-10	0.00907651
6.6302e-10	0.00905068
6.63084e-10	0.00902483
6.63148e-10	0.00899895
6.63212e-10	0.00897304
6.63276e-10	0.00894711
6.6334e-10	0.00892115
6.63404e-10	0.00889516
6.63468e-10	0.00886915
6.63532e-10	0.00884312
6.63596e-10	0.00881705
6.6366e-10	0.00879097
6.63724e-10	0.00876485
6.63788e-10	0.00873871
6.63852e-10	0.00871255
6.63916e-10	0.00868635
6.6398e-10	0.00866014
6.64044e-10	0.00863389
6.64108e-10	0.00860762
6.64172e-10	0.00858133
6.64236e-10	0.00855501
6.643e-10	0.00852866
6.64364e-10	0.00850228
6.64428e-10	0.00847588
6.64492e-10	0.00844946
6.64556e-10	0.00842301
6.6462e-10	0.00839653
6.64684e-10	0.00837002
6.64748e-10	0.00834349
6.64812e-10	0.00831694
6.64876e-10	0.00829036
6.6494e-10	0.00826375
6.65004e-10	0.00823711
6.65068e-10	0.00821045
6.65132e-10	0.00818377
6.65196e-10	0.00815705
6.6526e-10	0.00813031
6.65324e-10	0.00810355
6.65388e-10	0.00807676
6.65452e-10	0.00804994
6.65516e-10	0.0080231
6.6558e-10	0.00799623
6.65644e-10	0.00796933
6.65708e-10	0.00794241
6.65772e-10	0.00791546
6.65836e-10	0.00788848
6.659e-10	0.00786148
6.65964e-10	0.00783446
6.66028e-10	0.0078074
6.66092e-10	0.00778032
6.66156e-10	0.00775322
6.6622e-10	0.00772608
6.66284e-10	0.00769893
6.66348e-10	0.00767174
6.66412e-10	0.00764453
6.66476e-10	0.00761729
6.6654e-10	0.00759003
6.66604e-10	0.00756274
6.66668e-10	0.00753542
6.66732e-10	0.00750808
6.66796e-10	0.00748071
6.6686e-10	0.00745331
6.66924e-10	0.00742589
6.66988e-10	0.00739844
6.67052e-10	0.00737096
6.67116e-10	0.00734346
6.6718e-10	0.00731593
6.67244e-10	0.00728838
6.67308e-10	0.0072608
6.67372e-10	0.00723319
6.67436e-10	0.00720556
6.675e-10	0.0071779
6.67564e-10	0.00715021
6.67628e-10	0.00712249
6.67692e-10	0.00709475
6.67756e-10	0.00706699
6.6782e-10	0.00703919
6.67884e-10	0.00701137
6.67948e-10	0.00698353
6.68012e-10	0.00695565
6.68076e-10	0.00692776
6.68141e-10	0.00689983
6.68205e-10	0.00687188
6.68269e-10	0.0068439
6.68333e-10	0.00681589
6.68397e-10	0.00678786
6.68461e-10	0.0067598
6.68525e-10	0.00673171
6.68589e-10	0.0067036
6.68653e-10	0.00667546
6.68717e-10	0.00664729
6.68781e-10	0.0066191
6.68845e-10	0.00659088
6.68909e-10	0.00656263
6.68973e-10	0.00653436
6.69037e-10	0.00650606
6.69101e-10	0.00647773
6.69165e-10	0.00644938
6.69229e-10	0.006421
6.69293e-10	0.00639259
6.69357e-10	0.00636416
6.69421e-10	0.0063357
6.69485e-10	0.00630721
6.69549e-10	0.0062787
6.69613e-10	0.00625016
6.69677e-10	0.00622159
6.69741e-10	0.006193
6.69805e-10	0.00616437
6.69869e-10	0.00613573
6.69933e-10	0.00610705
6.69997e-10	0.00607835
6.70061e-10	0.00604962
6.70125e-10	0.00602086
6.70189e-10	0.00599208
6.70253e-10	0.00596327
6.70317e-10	0.00593443
6.70381e-10	0.00590557
6.70445e-10	0.00587668
6.70509e-10	0.00584776
6.70573e-10	0.00581882
6.70637e-10	0.00578984
6.70701e-10	0.00576085
6.70765e-10	0.00573182
6.70829e-10	0.00570277
6.70893e-10	0.00567369
6.70957e-10	0.00564458
6.71021e-10	0.00561545
6.71085e-10	0.00558629
6.71149e-10	0.0055571
6.71213e-10	0.00552788
6.71277e-10	0.00549864
6.71341e-10	0.00546937
6.71405e-10	0.00544008
6.71469e-10	0.00541075
6.71533e-10	0.0053814
6.71597e-10	0.00535202
6.71661e-10	0.00532262
6.71725e-10	0.00529319
6.71789e-10	0.00526373
6.71853e-10	0.00523424
6.71917e-10	0.00520473
6.71981e-10	0.00517519
6.72045e-10	0.00514562
6.72109e-10	0.00511602
6.72173e-10	0.0050864
6.72237e-10	0.00505675
6.72301e-10	0.00502708
6.72365e-10	0.00499737
6.72429e-10	0.00496764
6.72493e-10	0.00493788
6.72557e-10	0.0049081
6.72621e-10	0.00487828
6.72685e-10	0.00484844
6.72749e-10	0.00481857
6.72813e-10	0.00478868
6.72877e-10	0.00475876
6.72941e-10	0.00472881
6.73005e-10	0.00469883
6.73069e-10	0.00466883
6.73133e-10	0.00463879
6.73197e-10	0.00460873
6.73261e-10	0.00457865
6.73325e-10	0.00454853
6.73389e-10	0.00451839
6.73453e-10	0.00448822
6.73517e-10	0.00445803
6.73581e-10	0.0044278
6.73645e-10	0.00439755
6.73709e-10	0.00436727
6.73773e-10	0.00433697
6.73837e-10	0.00430663
6.73901e-10	0.00427627
6.73965e-10	0.00424588
6.74029e-10	0.00421547
6.74093e-10	0.00418502
6.74157e-10	0.00415455
6.74221e-10	0.00412405
6.74285e-10	0.00409353
6.74349e-10	0.00406297
6.74413e-10	0.00403239
6.74477e-10	0.00400178
6.74541e-10	0.00397115
6.74605e-10	0.00394048
6.74669e-10	0.00390979
6.74733e-10	0.00387907
6.74797e-10	0.00384832
6.74861e-10	0.00381755
6.74925e-10	0.00378675
6.74989e-10	0.00375592
6.75053e-10	0.00372506
6.75117e-10	0.00369418
6.75181e-10	0.00366326
6.75245e-10	0.00363232
6.75309e-10	0.00360135
6.75373e-10	0.00357036
6.75437e-10	0.00353933
6.75501e-10	0.00350828
6.75565e-10	0.0034772
6.75629e-10	0.0034461
6.75693e-10	0.00341496
6.75757e-10	0.0033838
6.75821e-10	0.00335261
6.75885e-10	0.00332139
6.75949e-10	0.00329015
6.76013e-10	0.00325887
6.76077e-10	0.00322757
6.76141e-10	0.00319624
6.76205e-10	0.00316489
6.76269e-10	0.0031335
6.76333e-10	0.00310209
6.76397e-10	0.00307065
6.76461e-10	0.00303918
6.76525e-10	0.00300768
6.76589e-10	0.00297616
6.76653e-10	0.00294461
6.76717e-10	0.00291303
6.76781e-10	0.00288142
6.76845e-10	0.00284978
6.7691e-10	0.00281812
6.76974e-10	0.00278643
6.77038e-10	0.00275471
6.77102e-10	0.00272296
6.77166e-10	0.00269119
6.7723e-10	0.00265938
6.77294e-10	0.00262755
6.77358e-10	0.00259569
6.77422e-10	0.0025638
6.77486e-10	0.00253189
6.7755e-10	0.00249994
6.77614e-10	0.00246797
6.77678e-10	0.00243597
6.77742e-10	0.00240395
6.77806e-10	0.00237189
6.7787e-10	0.00233981
6.77934e-10	0.00230769
6.77998e-10	0.00227555
6.78062e-10	0.00224339
6.78126e-10	0.00221119
6.7819e-10	0.00217897
6.78254e-10	0.00214671
6.78318e-10	0.00211443
6.78382e-10	0.00208212
6.78446e-10	0.00204979
6.7851e-10	0.00201742
6.78574e-10	0.00198503
6.78638e-10	0.00195261
6.78702e-10	0.00192016
6.78766e-10	0.00188768
6.7883e-10	0.00185517
6.78894e-10	0.00182264
6.78958e-10	0.00179008
6.79022e-10	0.00175749
6.79086e-10	0.00172487
6.7915e-10	0.00169222
6.79214e-10	0.00165954
6.79278e-10	0.00162684
6.79342e-10	0.00159411
6.79406e-10	0.00156135
6.7947e-10	0.00152856
6.79534e-10	0.00149574
6.79598e-10	0.0014629
6.79662e-10	0.00143002
6.79726e-10	0.00139712
6.7979e-10	0.00136419
6.79854e-10	0.00133123
6.79918e-10	0.00129825
6.79982e-10	0.00126523
6.80046e-10	0.00123219
6.8011e-10	0.00119912
6.80174e-10	0.00116601
6.80238e-10	0.00113289
6.80302e-10	0.00109973
6.80366e-10	0.00106654
6.8043e-10	0.00103333
6.80494e-10	0.00100009
6.80558e-10	0.000966814
6.80622e-10	0.000933514
6.80686e-10	0.000900186
6.8075e-10	0.000866829
6.80814e-10	0.000833444
6.80878e-10	0.000800031
6.80942e-10	0.000766589
6.81006e-10	0.000733118
6.8107e-10	0.000699619
6.81134e-10	0.000666091
6.81198e-10	0.000632535
6.81262e-10	0.00059895
6.81326e-10	0.000565336
6.8139e-10	0.000531694
6.81454e-10	0.000498024
6.81518e-10	0.000464325
6.81582e-10	0.000430597
6.81646e-10	0.00039684
6.8171e-10	0.000363055
6.81774e-10	0.000329242
6.81838e-10	0.000295399
6.81902e-10	0.000261529
6.81966e-10	0.000227629
6.8203e-10	0.000193701
6.82094e-10	0.000159744
6.82158e-10	0.000125758
6.82222e-10	9.17438e-05
6.82286e-10	5.77007e-05
6.8235e-10	2.3629e-05
6.82414e-10	-1.04715e-05
6.82478e-10	-4.46007e-05
6.82542e-10	-7.87586e-05
6.82606e-10	-0.000112945
6.8267e-10	-0.000147161
6.82734e-10	-0.000181405
6.82798e-10	-0.000215678
6.82862e-10	-0.00024998
6.82926e-10	-0.00028431
6.8299e-10	-0.00031867
6.83054e-10	-0.000353058
6.83118e-10	-0.000387475
6.83182e-10	-0.000421921
6.83246e-10	-0.000456395
6.8331e-10	-0.000490899
6.83374e-10	-0.000525431
6.83438e-10	-0.000559992
6.83502e-10	-0.000594582
6.83566e-10	-0.000629201
6.8363e-10	-0.000663849
6.83694e-10	-0.000698526
6.83758e-10	-0.000733232
6.83822e-10	-0.000767966
6.83886e-10	-0.00080273
6.8395e-10	-0.000837522
6.84014e-10	-0.000872344
6.84078e-10	-0.000907194
6.84142e-10	-0.000942073
6.84206e-10	-0.000976982
6.8427e-10	-0.00101192
6.84334e-10	-0.00104689
6.84398e-10	-0.00108188
6.84462e-10	-0.0011169
6.84526e-10	-0.00115196
6.8459e-10	-0.00118704
6.84654e-10	-0.00122215
6.84718e-10	-0.00125729
6.84782e-10	-0.00129246
6.84846e-10	-0.00132766
6.8491e-10	-0.00136289
6.84974e-10	-0.00139814
6.85038e-10	-0.00143343
6.85102e-10	-0.00146874
6.85166e-10	-0.00150409
6.8523e-10	-0.00153946
6.85294e-10	-0.00157486
6.85358e-10	-0.00161029
6.85422e-10	-0.00164575
6.85486e-10	-0.00168124
6.8555e-10	-0.00171676
6.85615e-10	-0.00175231
6.85679e-10	-0.00178789
6.85743e-10	-0.00182349
6.85807e-10	-0.00185913
6.85871e-10	-0.00189479
6.85935e-10	-0.00193049
6.85999e-10	-0.00196621
6.86063e-10	-0.00200196
6.86127e-10	-0.00203774
6.86191e-10	-0.00207356
6.86255e-10	-0.0021094
6.86319e-10	-0.00214526
6.86383e-10	-0.00218116
6.86447e-10	-0.00221709
6.86511e-10	-0.00225305
6.86575e-10	-0.00228903
6.86639e-10	-0.00232505
6.86703e-10	-0.00236109
6.86767e-10	-0.00239717
6.86831e-10	-0.00243327
6.86895e-10	-0.00246941
6.86959e-10	-0.00250557
6.87023e-10	-0.00254176
6.87087e-10	-0.00257798
6.87151e-10	-0.00261423
6.87215e-10	-0.00265051
6.87279e-10	-0.00268682
6.87343e-10	-0.00272316
6.87407e-10	-0.00275953
6.87471e-10	-0.00279592
6.87535e-10	-0.00283235
6.87599e-10	-0.00286881
6.87663e-10	-0.00290529
6.87727e-10	-0.00294181
6.87791e-10	-0.00297835
6.87855e-10	-0.00301492
6.87919e-10	-0.00305153
6.87983e-10	-0.00308816
6.88047e-10	-0.00312482
6.88111e-10	-0.00316152
6.88175e-10	-0.00319824
6.88239e-10	-0.00323499
6.88303e-10	-0.00327177
6.88367e-10	-0.00330858
6.88431e-10	-0.00334542
6.88495e-10	-0.00338229
6.88559e-10	-0.00341919
6.88623e-10	-0.00345611
6.88687e-10	-0.00349307
6.88751e-10	-0.00353006
6.88815e-10	-0.00356708
6.88879e-10	-0.00360412
6.88943e-10	-0.0036412
6.89007e-10	-0.0036783
6.89071e-10	-0.00371544
6.89135e-10	-0.0037526
6.89199e-10	-0.0037898
6.89263e-10	-0.00382702
6.89327e-10	-0.00386428
6.89391e-10	-0.00390156
6.89455e-10	-0.00393887
6.89519e-10	-0.00397622
6.89583e-10	-0.00401359
6.89647e-10	-0.00405099
6.89711e-10	-0.00408842
6.89775e-10	-0.00412589
6.89839e-10	-0.00416338
6.89903e-10	-0.0042009
6.89967e-10	-0.00423845
6.90031e-10	-0.00427603
6.90095e-10	-0.00431364
6.90159e-10	-0.00435128
6.90223e-10	-0.00438895
6.90287e-10	-0.00442665
6.90351e-10	-0.00446438
6.90415e-10	-0.00450214
6.90479e-10	-0.00453993
6.90543e-10	-0.00457775
6.90607e-10	-0.0046156
6.90671e-10	-0.00465347
6.90735e-10	-0.00469138
6.90799e-10	-0.00472932
6.90863e-10	-0.00476729
6.90927e-10	-0.00480529
6.90991e-10	-0.00484332
6.91055e-10	-0.00488137
6.91119e-10	-0.00491946
6.91183e-10	-0.00495758
6.91247e-10	-0.00499573
6.91311e-10	-0.0050339
6.91375e-10	-0.00507211
6.91439e-10	-0.00511035
6.91503e-10	-0.00514862
6.91567e-10	-0.00518691
6.91631e-10	-0.00522524
6.91695e-10	-0.0052636
6.91759e-10	-0.00530198
6.91823e-10	-0.0053404
6.91887e-10	-0.00537885
6.91951e-10	-0.00541732
6.92015e-10	-0.00545583
6.92079e-10	-0.00549437
6.92143e-10	-0.00553293
6.92207e-10	-0.00557153
6.92271e-10	-0.00561016
6.92335e-10	-0.00564882
6.92399e-10	-0.0056875
6.92463e-10	-0.00572622
6.92527e-10	-0.00576497
6.92591e-10	-0.00580375
6.92655e-10	-0.00584255
6.92719e-10	-0.00588139
6.92783e-10	-0.00592026
6.92847e-10	-0.00595916
6.92911e-10	-0.00599808
6.92975e-10	-0.00603704
6.93039e-10	-0.00607603
6.93103e-10	-0.00611505
6.93167e-10	-0.0061541
6.93231e-10	-0.00619317
6.93295e-10	-0.00623228
6.93359e-10	-0.00627142
6.93423e-10	-0.00631059
6.93487e-10	-0.00634979
6.93551e-10	-0.00638902
6.93615e-10	-0.00642828
6.93679e-10	-0.00646757
6.93743e-10	-0.00650689
6.93807e-10	-0.00654624
6.93871e-10	-0.00658562
6.93935e-10	-0.00662503
6.93999e-10	-0.00666447
6.94063e-10	-0.00670394
6.94127e-10	-0.00674344
6.94191e-10	-0.00678298
6.94255e-10	-0.00682254
6.9432e-10	-0.00686213
6.94384e-10	-0.00690175
6.94448e-10	-0.00694141
6.94512e-10	-0.00698109
6.94576e-10	-0.0070208
6.9464e-10	-0.00706055
6.94704e-10	-0.00710032
6.94768e-10	-0.00714012
6.94832e-10	-0.00717996
6.94896e-10	-0.00721982
6.9496e-10	-0.00725972
6.95024e-10	-0.00729965
6.95088e-10	-0.0073396
6.95152e-10	-0.00737959
6.95216e-10	-0.00741961
6.9528e-10	-0.00745965
6.95344e-10	-0.00749973
6.95408e-10	-0.00753984
6.95472e-10	-0.00757998
6.95536e-10	-0.00762015
6.956e-10	-0.00766035
6.95664e-10	-0.00770058
6.95728e-10	-0.00774084
6.95792e-10	-0.00778113
6.95856e-10	-0.00782145
6.9592e-10	-0.0078618
6.95984e-10	-0.00790219
6.96048e-10	-0.0079426
6.96112e-10	-0.00798304
6.96176e-10	-0.00802352
6.9624e-10	-0.00806402
6.96304e-10	-0.00810456
6.96368e-10	-0.00814512
6.96432e-10	-0.00818572
6.96496e-10	-0.00822635
6.9656e-10	-0.008267
6.96624e-10	-0.00830769
6.96688e-10	-0.00834841
6.96752e-10	-0.00838916
6.96816e-10	-0.00842994
6.9688e-10	-0.00847075
6.96944e-10	-0.00851159
6.97008e-10	-0.00855246
6.97072e-10	-0.00859336
6.97136e-10	-0.0086343
6.972e-10	-0.00867526
6.97264e-10	-0.00871625
6.97328e-10	-0.00875728
6.97392e-10	-0.00879833
6.97456e-10	-0.00883942
6.9752e-10	-0.00888053
6.97584e-10	-0.00892168
6.97648e-10	-0.00896286
6.97712e-10	-0.00900407
6.97776e-10	-0.00904531
6.9784e-10	-0.00908658
6.97904e-10	-0.00912788
6.97968e-10	-0.00916921
6.98032e-10	-0.00921057
6.98096e-10	-0.00925197
6.9816e-10	-0.00929339
6.98224e-10	-0.00933484
6.98288e-10	-0.00937633
6.98352e-10	-0.00941784
6.98416e-10	-0.00945939
6.9848e-10	-0.00950097
6.98544e-10	-0.00954258
6.98608e-10	-0.00958422
6.98672e-10	-0.00962589
6.98736e-10	-0.00966759
6.988e-10	-0.00970932
6.98864e-10	-0.00975108
6.98928e-10	-0.00979287
6.98992e-10	-0.0098347
6.99056e-10	-0.00987655
6.9912e-10	-0.00991844
6.99184e-10	-0.00996036
6.99248e-10	-0.0100023
6.99312e-10	-0.0100443
6.99376e-10	-0.0100863
6.9944e-10	-0.0101283
6.99504e-10	-0.0101704
6.99568e-10	-0.0102125
6.99632e-10	-0.0102546
6.99696e-10	-0.0102968
6.9976e-10	-0.010339
6.99824e-10	-0.0103812
6.99888e-10	-0.0104235
6.99952e-10	-0.0104658
7.00016e-10	-0.0105081
7.0008e-10	-0.0105504
7.00144e-10	-0.0105928
7.00208e-10	-0.0106352
7.00272e-10	-0.0106777
7.00336e-10	-0.0107201
7.004e-10	-0.0107626
7.00464e-10	-0.0108052
7.00528e-10	-0.0108477
7.00592e-10	-0.0108903
7.00656e-10	-0.010933
7.0072e-10	-0.0109756
7.00784e-10	-0.0110183
7.00848e-10	-0.011061
7.00912e-10	-0.0111038
7.00976e-10	-0.0111466
7.0104e-10	-0.0111894
7.01104e-10	-0.0112322
7.01168e-10	-0.0112751
7.01232e-10	-0.011318
7.01296e-10	-0.011361
7.0136e-10	-0.0114039
7.01424e-10	-0.0114469
7.01488e-10	-0.01149
7.01552e-10	-0.011533
7.01616e-10	-0.0115761
7.0168e-10	-0.0116193
7.01744e-10	-0.0116624
7.01808e-10	-0.0117056
7.01872e-10	-0.0117488
7.01936e-10	-0.0117921
7.02e-10	-0.0118354
7.02064e-10	-0.0118787
7.02128e-10	-0.011922
7.02192e-10	-0.0119654
7.02256e-10	-0.0120088
7.0232e-10	-0.0120522
7.02384e-10	-0.0120957
7.02448e-10	-0.0121392
7.02512e-10	-0.0121827
7.02576e-10	-0.0122263
7.0264e-10	-0.0122699
7.02704e-10	-0.0123135
7.02768e-10	-0.0123572
7.02832e-10	-0.0124009
7.02896e-10	-0.0124446
7.0296e-10	-0.0124883
7.03024e-10	-0.0125321
7.03089e-10	-0.0125759
7.03153e-10	-0.0126198
7.03217e-10	-0.0126636
7.03281e-10	-0.0127075
7.03345e-10	-0.0127515
7.03409e-10	-0.0127955
7.03473e-10	-0.0128395
7.03537e-10	-0.0128835
7.03601e-10	-0.0129276
7.03665e-10	-0.0129716
7.03729e-10	-0.0130158
7.03793e-10	-0.0130599
7.03857e-10	-0.0131041
7.03921e-10	-0.0131483
7.03985e-10	-0.0131926
7.04049e-10	-0.0132369
7.04113e-10	-0.0132812
7.04177e-10	-0.0133255
7.04241e-10	-0.0133699
7.04305e-10	-0.0134143
7.04369e-10	-0.0134588
7.04433e-10	-0.0135032
7.04497e-10	-0.0135477
7.04561e-10	-0.0135923
7.04625e-10	-0.0136368
7.04689e-10	-0.0136814
7.04753e-10	-0.0137261
7.04817e-10	-0.0137707
7.04881e-10	-0.0138154
7.04945e-10	-0.0138601
7.05009e-10	-0.0139049
7.05073e-10	-0.0139497
7.05137e-10	-0.0139945
7.05201e-10	-0.0140393
7.05265e-10	-0.0140842
7.05329e-10	-0.0141291
7.05393e-10	-0.0141741
7.05457e-10	-0.0142191
7.05521e-10	-0.0142641
7.05585e-10	-0.0143091
7.05649e-10	-0.0143542
7.05713e-10	-0.0143993
7.05777e-10	-0.0144444
7.05841e-10	-0.0144896
7.05905e-10	-0.0145348
7.05969e-10	-0.01458
7.06033e-10	-0.0146253
7.06097e-10	-0.0146706
7.06161e-10	-0.0147159
7.06225e-10	-0.0147612
7.06289e-10	-0.0148066
7.06353e-10	-0.014852
7.06417e-10	-0.0148975
7.06481e-10	-0.014943
7.06545e-10	-0.0149885
7.06609e-10	-0.015034
7.06673e-10	-0.0150796
7.06737e-10	-0.0151252
7.06801e-10	-0.0151708
7.06865e-10	-0.0152165
7.06929e-10	-0.0152622
7.06993e-10	-0.015308
7.07057e-10	-0.0153537
7.07121e-10	-0.0153995
7.07185e-10	-0.0154453
7.07249e-10	-0.0154912
7.07313e-10	-0.0155371
7.07377e-10	-0.015583
7.07441e-10	-0.015629
7.07505e-10	-0.015675
7.07569e-10	-0.015721
7.07633e-10	-0.015767
7.07697e-10	-0.0158131
7.07761e-10	-0.0158592
7.07825e-10	-0.0159054
7.07889e-10	-0.0159516
7.07953e-10	-0.0159978
7.08017e-10	-0.016044
7.08081e-10	-0.0160903
7.08145e-10	-0.0161366
7.08209e-10	-0.0161829
7.08273e-10	-0.0162293
7.08337e-10	-0.0162757
7.08401e-10	-0.0163222
7.08465e-10	-0.0163686
7.08529e-10	-0.0164151
7.08593e-10	-0.0164616
7.08657e-10	-0.0165082
7.08721e-10	-0.0165548
7.08785e-10	-0.0166014
7.08849e-10	-0.0166481
7.08913e-10	-0.0166948
7.08977e-10	-0.0167415
7.09041e-10	-0.0167882
7.09105e-10	-0.016835
7.09169e-10	-0.0168818
7.09233e-10	-0.0169287
7.09297e-10	-0.0169756
7.09361e-10	-0.0170225
7.09425e-10	-0.0170694
7.09489e-10	-0.0171164
7.09553e-10	-0.0171634
7.09617e-10	-0.0172104
7.09681e-10	-0.0172575
7.09745e-10	-0.0173046
7.09809e-10	-0.0173518
7.09873e-10	-0.0173989
7.09937e-10	-0.0174461
7.10001e-10	-0.0174934
7.10065e-10	-0.0175406
7.10129e-10	-0.0175879
7.10193e-10	-0.0176352
7.10257e-10	-0.0176826
7.10321e-10	-0.01773
7.10385e-10	-0.0177774
7.10449e-10	-0.0178249
7.10513e-10	-0.0178724
7.10577e-10	-0.0179199
7.10641e-10	-0.0179674
7.10705e-10	-0.018015
7.10769e-10	-0.0180626
7.10833e-10	-0.0181103
7.10897e-10	-0.018158
7.10961e-10	-0.0182057
7.11025e-10	-0.0182534
7.11089e-10	-0.0183012
7.11153e-10	-0.018349
7.11217e-10	-0.0183968
7.11281e-10	-0.0184447
7.11345e-10	-0.0184926
7.11409e-10	-0.0185406
7.11473e-10	-0.0185885
7.11537e-10	-0.0186365
7.11601e-10	-0.0186846
7.11665e-10	-0.0187326
7.11729e-10	-0.0187807
7.11794e-10	-0.0188288
7.11858e-10	-0.018877
7.11922e-10	-0.0189252
7.11986e-10	-0.0189734
7.1205e-10	-0.0190217
7.12114e-10	-0.01907
7.12178e-10	-0.0191183
7.12242e-10	-0.0191667
7.12306e-10	-0.019215
7.1237e-10	-0.0192635
7.12434e-10	-0.0193119
7.12498e-10	-0.0193604
7.12562e-10	-0.0194089
7.12626e-10	-0.0194575
7.1269e-10	-0.019506
7.12754e-10	-0.0195547
7.12818e-10	-0.0196033
7.12882e-10	-0.019652
7.12946e-10	-0.0197007
7.1301e-10	-0.0197494
7.13074e-10	-0.0197982
7.13138e-10	-0.019847
7.13202e-10	-0.0198958
7.13266e-10	-0.0199447
7.1333e-10	-0.0199936
7.13394e-10	-0.0200426
7.13458e-10	-0.0200915
7.13522e-10	-0.0201405
7.13586e-10	-0.0201896
7.1365e-10	-0.0202386
7.13714e-10	-0.0202877
7.13778e-10	-0.0203368
7.13842e-10	-0.020386
7.13906e-10	-0.0204352
7.1397e-10	-0.0204844
7.14034e-10	-0.0205337
7.14098e-10	-0.020583
7.14162e-10	-0.0206323
7.14226e-10	-0.0206817
7.1429e-10	-0.020731
7.14354e-10	-0.0207805
7.14418e-10	-0.0208299
7.14482e-10	-0.0208794
7.14546e-10	-0.0209289
7.1461e-10	-0.0209785
7.14674e-10	-0.0210281
7.14738e-10	-0.0210777
7.14802e-10	-0.0211273
7.14866e-10	-0.021177
7.1493e-10	-0.0212267
7.14994e-10	-0.0212764
7.15058e-10	-0.0213262
7.15122e-10	-0.021376
7.15186e-10	-0.0214259
7.1525e-10	-0.0214757
7.15314e-10	-0.0215257
7.15378e-10	-0.0215756
7.15442e-10	-0.0216256
7.15506e-10	-0.0216756
7.1557e-10	-0.0217256
7.15634e-10	-0.0217757
7.15698e-10	-0.0218258
7.15762e-10	-0.0218759
7.15826e-10	-0.0219261
7.1589e-10	-0.0219763
7.15954e-10	-0.0220265
7.16018e-10	-0.0220768
7.16082e-10	-0.0221271
7.16146e-10	-0.0221774
7.1621e-10	-0.0222278
7.16274e-10	-0.0222782
7.16338e-10	-0.0223286
7.16402e-10	-0.022379
7.16466e-10	-0.0224295
7.1653e-10	-0.0224801
7.16594e-10	-0.0225306
7.16658e-10	-0.0225812
7.16722e-10	-0.0226318
7.16786e-10	-0.0226825
7.1685e-10	-0.0227332
7.16914e-10	-0.0227839
7.16978e-10	-0.0228346
7.17042e-10	-0.0228854
7.17106e-10	-0.0229362
7.1717e-10	-0.0229871
7.17234e-10	-0.023038
7.17298e-10	-0.0230889
7.17362e-10	-0.0231398
7.17426e-10	-0.0231908
7.1749e-10	-0.0232418
7.17554e-10	-0.0232929
7.17618e-10	-0.023344
7.17682e-10	-0.0233951
7.17746e-10	-0.0234462
7.1781e-10	-0.0234974
7.17874e-10	-0.0235486
7.17938e-10	-0.0235998
7.18002e-10	-0.0236511
7.18066e-10	-0.0237024
7.1813e-10	-0.0237538
7.18194e-10	-0.0238051
7.18258e-10	-0.0238565
7.18322e-10	-0.023908
7.18386e-10	-0.0239594
7.1845e-10	-0.0240109
7.18514e-10	-0.0240625
7.18578e-10	-0.024114
7.18642e-10	-0.0241656
7.18706e-10	-0.0242173
7.1877e-10	-0.0242689
7.18834e-10	-0.0243206
7.18898e-10	-0.0243724
7.18962e-10	-0.0244241
7.19026e-10	-0.0244759
7.1909e-10	-0.0245278
7.19154e-10	-0.0245796
7.19218e-10	-0.0246315
7.19282e-10	-0.0246835
7.19346e-10	-0.0247354
7.1941e-10	-0.0247874
7.19474e-10	-0.0248394
7.19538e-10	-0.0248915
7.19602e-10	-0.0249436
7.19666e-10	-0.0249957
7.1973e-10	-0.0250479
7.19794e-10	-0.0251001
7.19858e-10	-0.0251523
7.19922e-10	-0.0252045
7.19986e-10	-0.0252568
7.2005e-10	-0.0253092
7.20114e-10	-0.0253615
7.20178e-10	-0.0254139
7.20242e-10	-0.0254663
7.20306e-10	-0.0255188
7.2037e-10	-0.0255713
7.20434e-10	-0.0256238
7.20498e-10	-0.0256763
7.20563e-10	-0.0257289
7.20627e-10	-0.0257815
7.20691e-10	-0.0258342
7.20755e-10	-0.0258869
7.20819e-10	-0.0259396
7.20883e-10	-0.0259923
7.20947e-10	-0.0260451
7.21011e-10	-0.0260979
7.21075e-10	-0.0261508
7.21139e-10	-0.0262037
7.21203e-10	-0.0262566
7.21267e-10	-0.0263095
7.21331e-10	-0.0263625
7.21395e-10	-0.0264155
7.21459e-10	-0.0264685
7.21523e-10	-0.0265216
7.21587e-10	-0.0265747
7.21651e-10	-0.0266279
7.21715e-10	-0.0266811
7.21779e-10	-0.0267343
7.21843e-10	-0.0267875
7.21907e-10	-0.0268408
7.21971e-10	-0.0268941
7.22035e-10	-0.0269474
7.22099e-10	-0.0270008
7.22163e-10	-0.0270542
7.22227e-10	-0.0271077
7.22291e-10	-0.0271611
7.22355e-10	-0.0272146
7.22419e-10	-0.0272682
7.22483e-10	-0.0273217
7.22547e-10	-0.0273754
7.22611e-10	-0.027429
7.22675e-10	-0.0274827
7.22739e-10	-0.0275364
7.22803e-10	-0.0275901
7.22867e-10	-0.0276439
7.22931e-10	-0.0276977
7.22995e-10	-0.0277515
7.23059e-10	-0.0278054
7.23123e-10	-0.0278593
7.23187e-10	-0.0279132
7.23251e-10	-0.0279672
7.23315e-10	-0.0280212
7.23379e-10	-0.0280752
7.23443e-10	-0.0281293
7.23507e-10	-0.0281834
7.23571e-10	-0.0282375
7.23635e-10	-0.0282917
7.23699e-10	-0.0283459
7.23763e-10	-0.0284001
7.23827e-10	-0.0284544
7.23891e-10	-0.0285087
7.23955e-10	-0.028563
7.24019e-10	-0.0286174
7.24083e-10	-0.0286718
7.24147e-10	-0.0287262
7.24211e-10	-0.0287807
7.24275e-10	-0.0288352
7.24339e-10	-0.0288897
7.24403e-10	-0.0289443
7.24467e-10	-0.0289989
7.24531e-10	-0.0290535
7.24595e-10	-0.0291082
7.24659e-10	-0.0291629
7.24723e-10	-0.0292176
7.24787e-10	-0.0292723
7.24851e-10	-0.0293271
7.24915e-10	-0.029382
7.24979e-10	-0.0294368
7.25043e-10	-0.0294917
7.25107e-10	-0.0295467
7.25171e-10	-0.0296016
7.25235e-10	-0.0296566
7.25299e-10	-0.0297116
7.25363e-10	-0.0297667
7.25427e-10	-0.0298218
7.25491e-10	-0.0298769
7.25555e-10	-0.0299321
7.25619e-10	-0.0299873
7.25683e-10	-0.0300425
7.25747e-10	-0.0300978
7.25811e-10	-0.030153
7.25875e-10	-0.0302084
7.25939e-10	-0.0302637
7.26003e-10	-0.0303191
7.26067e-10	-0.0303745
7.26131e-10	-0.03043
7.26195e-10	-0.0304855
7.26259e-10	-0.030541
7.26323e-10	-0.0305966
7.26387e-10	-0.0306522
7.26451e-10	-0.0307078
7.26515e-10	-0.0307635
7.26579e-10	-0.0308191
7.26643e-10	-0.0308749
7.26707e-10	-0.0309306
7.26771e-10	-0.0309864
7.26835e-10	-0.0310422
7.26899e-10	-0.0310981
7.26963e-10	-0.031154
7.27027e-10	-0.0312099
7.27091e-10	-0.0312659
7.27155e-10	-0.0313219
7.27219e-10	-0.0313779
7.27283e-10	-0.0314339
7.27347e-10	-0.03149
7.27411e-10	-0.0315461
7.27475e-10	-0.0316023
7.27539e-10	-0.0316585
7.27603e-10	-0.0317147
7.27667e-10	-0.031771
7.27731e-10	-0.0318273
7.27795e-10	-0.0318836
7.27859e-10	-0.0319399
7.27923e-10	-0.0319963
7.27987e-10	-0.0320528
7.28051e-10	-0.0321092
7.28115e-10	-0.0321657
7.28179e-10	-0.0322222
7.28243e-10	-0.0322788
7.28307e-10	-0.0323354
7.28371e-10	-0.032392
7.28435e-10	-0.0324486
7.28499e-10	-0.0325053
7.28563e-10	-0.0325621
7.28627e-10	-0.0326188
7.28691e-10	-0.0326756
7.28755e-10	-0.0327324
7.28819e-10	-0.0327893
7.28883e-10	-0.0328462
7.28947e-10	-0.0329031
7.29011e-10	-0.03296
7.29075e-10	-0.033017
7.29139e-10	-0.0330741
7.29203e-10	-0.0331311
7.29268e-10	-0.0331882
7.29332e-10	-0.0332453
7.29396e-10	-0.0333025
7.2946e-10	-0.0333597
7.29524e-10	-0.0334169
7.29588e-10	-0.0334741
7.29652e-10	-0.0335314
7.29716e-10	-0.0335888
7.2978e-10	-0.0336461
7.29844e-10	-0.0337035
7.29908e-10	-0.0337609
7.29972e-10	-0.0338184
7.30036e-10	-0.0338759
7.301e-10	-0.0339334
7.30164e-10	-0.033991
7.30228e-10	-0.0340485
7.30292e-10	-0.0341062
7.30356e-10	-0.0341638
7.3042e-10	-0.0342215
7.30484e-10	-0.0342792
7.30548e-10	-0.034337
7.30612e-10	-0.0343948
7.30676e-10	-0.0344526
7.3074e-10	-0.0345105
7.30804e-10	-0.0345684
7.30868e-10	-0.0346263
7.30932e-10	-0.0346842
7.30996e-10	-0.0347422
7.3106e-10	-0.0348003
7.31124e-10	-0.0348583
7.31188e-10	-0.0349164
7.31252e-10	-0.0349745
7.31316e-10	-0.0350327
7.3138e-10	-0.0350909
7.31444e-10	-0.0351491
7.31508e-10	-0.0352074
7.31572e-10	-0.0352657
7.31636e-10	-0.035324
7.317e-10	-0.0353823
7.31764e-10	-0.0354407
7.31828e-10	-0.0354992
7.31892e-10	-0.0355576
7.31956e-10	-0.0356161
7.3202e-10	-0.0356746
7.32084e-10	-0.0357332
7.32148e-10	-0.0357918
7.32212e-10	-0.0358504
7.32276e-10	-0.0359091
7.3234e-10	-0.0359678
7.32404e-10	-0.0360265
7.32468e-10	-0.0360853
7.32532e-10	-0.036144
7.32596e-10	-0.0362029
7.3266e-10	-0.0362617
7.32724e-10	-0.0363206
7.32788e-10	-0.0363796
7.32852e-10	-0.0364385
7.32916e-10	-0.0364975
7.3298e-10	-0.0365565
7.33044e-10	-0.0366156
7.33108e-10	-0.0366747
7.33172e-10	-0.0367338
7.33236e-10	-0.036793
7.333e-10	-0.0368522
7.33364e-10	-0.0369114
7.33428e-10	-0.0369707
7.33492e-10	-0.03703
7.33556e-10	-0.0370893
7.3362e-10	-0.0371487
7.33684e-10	-0.0372081
7.33748e-10	-0.0372675
7.33812e-10	-0.037327
7.33876e-10	-0.0373865
7.3394e-10	-0.037446
7.34004e-10	-0.0375056
7.34068e-10	-0.0375652
7.34132e-10	-0.0376248
7.34196e-10	-0.0376845
7.3426e-10	-0.0377442
7.34324e-10	-0.0378039
7.34388e-10	-0.0378637
7.34452e-10	-0.0379235
7.34516e-10	-0.0379833
7.3458e-10	-0.0380432
7.34644e-10	-0.0381031
7.34708e-10	-0.038163
7.34772e-10	-0.038223
7.34836e-10	-0.038283
7.349e-10	-0.038343
7.34964e-10	-0.0384031
7.35028e-10	-0.0384632
7.35092e-10	-0.0385233
7.35156e-10	-0.0385835
7.3522e-10	-0.0386437
7.35284e-10	-0.0387039
7.35348e-10	-0.0387642
7.35412e-10	-0.0388245
7.35476e-10	-0.0388848
7.3554e-10	-0.0389452
7.35604e-10	-0.0390056
7.35668e-10	-0.039066
7.35732e-10	-0.0391265
7.35796e-10	-0.039187
7.3586e-10	-0.0392476
7.35924e-10	-0.0393081
7.35988e-10	-0.0393687
7.36052e-10	-0.0394294
7.36116e-10	-0.03949
7.3618e-10	-0.0395508
7.36244e-10	-0.0396115
7.36308e-10	-0.0396723
7.36372e-10	-0.0397331
7.36436e-10	-0.0397939
7.365e-10	-0.0398548
7.36564e-10	-0.0399157
7.36628e-10	-0.0399766
7.36692e-10	-0.0400376
7.36756e-10	-0.0400986
7.3682e-10	-0.0401597
7.36884e-10	-0.0402207
7.36948e-10	-0.0402819
7.37012e-10	-0.040343
7.37076e-10	-0.0404042
7.3714e-10	-0.0404654
7.37204e-10	-0.0405266
7.37268e-10	-0.0405879
7.37332e-10	-0.0406492
7.37396e-10	-0.0407106
7.3746e-10	-0.040772
7.37524e-10	-0.0408334
7.37588e-10	-0.0408948
7.37652e-10	-0.0409563
7.37716e-10	-0.0410178
7.3778e-10	-0.0410794
7.37844e-10	-0.0411409
7.37908e-10	-0.0412025
7.37972e-10	-0.0412642
7.38037e-10	-0.0413259
7.38101e-10	-0.0413876
7.38165e-10	-0.0414493
7.38229e-10	-0.0415111
7.38293e-10	-0.0415729
7.38357e-10	-0.0416348
7.38421e-10	-0.0416967
7.38485e-10	-0.0417586
7.38549e-10	-0.0418206
7.38613e-10	-0.0418825
7.38677e-10	-0.0419446
7.38741e-10	-0.0420066
7.38805e-10	-0.0420687
7.38869e-10	-0.0421308
7.38933e-10	-0.042193
7.38997e-10	-0.0422552
7.39061e-10	-0.0423174
7.39125e-10	-0.0423796
7.39189e-10	-0.0424419
7.39253e-10	-0.0425042
7.39317e-10	-0.0425666
7.39381e-10	-0.042629
7.39445e-10	-0.0426914
7.39509e-10	-0.0427539
7.39573e-10	-0.0428164
7.39637e-10	-0.0428789
7.39701e-10	-0.0429414
7.39765e-10	-0.043004
7.39829e-10	-0.0430667
7.39893e-10	-0.0431293
7.39957e-10	-0.043192
7.40021e-10	-0.0432547
7.40085e-10	-0.0433175
7.40149e-10	-0.0433803
7.40213e-10	-0.0434431
7.40277e-10	-0.043506
7.40341e-10	-0.0435689
7.40405e-10	-0.0436318
7.40469e-10	-0.0436948
7.40533e-10	-0.0437578
7.40597e-10	-0.0438208
7.40661e-10	-0.0438839
7.40725e-10	-0.043947
7.40789e-10	-0.0440101
7.40853e-10	-0.0440733
7.40917e-10	-0.0441364
7.40981e-10	-0.0441997
7.41045e-10	-0.0442629
7.41109e-10	-0.0443262
7.41173e-10	-0.0443896
7.41237e-10	-0.044453
7.41301e-10	-0.0445164
7.41365e-10	-0.0445798
7.41429e-10	-0.0446433
7.41493e-10	-0.0447068
7.41557e-10	-0.0447703
7.41621e-10	-0.0448339
7.41685e-10	-0.0448975
7.41749e-10	-0.0449611
7.41813e-10	-0.0450248
7.41877e-10	-0.0450885
7.41941e-10	-0.0451522
7.42005e-10	-0.045216
7.42069e-10	-0.0452798
7.42133e-10	-0.0453436
7.42197e-10	-0.0454075
7.42261e-10	-0.0454714
7.42325e-10	-0.0455353
7.42389e-10	-0.0455993
7.42453e-10	-0.0456633
7.42517e-10	-0.0457274
7.42581e-10	-0.0457914
7.42645e-10	-0.0458556
7.42709e-10	-0.0459197
7.42773e-10	-0.0459839
7.42837e-10	-0.0460481
7.42901e-10	-0.0461123
7.42965e-10	-0.0461766
7.43029e-10	-0.0462409
7.43093e-10	-0.0463053
7.43157e-10	-0.0463696
7.43221e-10	-0.0464341
7.43285e-10	-0.0464985
7.43349e-10	-0.046563
7.43413e-10	-0.0466275
7.43477e-10	-0.046692
7.43541e-10	-0.0467566
7.43605e-10	-0.0468212
7.43669e-10	-0.0468859
7.43733e-10	-0.0469506
7.43797e-10	-0.0470153
7.43861e-10	-0.04708
7.43925e-10	-0.0471448
7.43989e-10	-0.0472096
7.44053e-10	-0.0472745
7.44117e-10	-0.0473394
7.44181e-10	-0.0474043
7.44245e-10	-0.0474692
7.44309e-10	-0.0475342
7.44373e-10	-0.0475992
7.44437e-10	-0.0476643
7.44501e-10	-0.0477294
7.44565e-10	-0.0477945
7.44629e-10	-0.0478597
7.44693e-10	-0.0479249
7.44757e-10	-0.0479901
7.44821e-10	-0.0480553
7.44885e-10	-0.0481206
7.44949e-10	-0.0481859
7.45013e-10	-0.0482513
7.45077e-10	-0.0483167
7.45141e-10	-0.0483821
7.45205e-10	-0.0484476
7.45269e-10	-0.0485131
7.45333e-10	-0.0485786
7.45397e-10	-0.0486442
7.45461e-10	-0.0487097
7.45525e-10	-0.0487754
7.45589e-10	-0.048841
7.45653e-10	-0.0489067
7.45717e-10	-0.0489725
7.45781e-10	-0.0490382
7.45845e-10	-0.049104
7.45909e-10	-0.0491698
7.45973e-10	-0.0492357
7.46037e-10	-0.0493016
7.46101e-10	-0.0493675
7.46165e-10	-0.0494335
7.46229e-10	-0.0494995
7.46293e-10	-0.0495655
7.46357e-10	-0.0496316
7.46421e-10	-0.0496977
7.46485e-10	-0.0497638
7.46549e-10	-0.04983
7.46613e-10	-0.0498962
7.46677e-10	-0.0499624
7.46742e-10	-0.0500287
7.46806e-10	-0.050095
7.4687e-10	-0.0501613
7.46934e-10	-0.0502277
7.46998e-10	-0.0502941
7.47062e-10	-0.0503605
7.47126e-10	-0.050427
7.4719e-10	-0.0504935
7.47254e-10	-0.0505601
7.47318e-10	-0.0506266
7.47382e-10	-0.0506932
7.47446e-10	-0.0507599
7.4751e-10	-0.0508265
7.47574e-10	-0.0508933
7.47638e-10	-0.05096
7.47702e-10	-0.0510268
7.47766e-10	-0.0510936
7.4783e-10	-0.0511604
7.47894e-10	-0.0512273
7.47958e-10	-0.0512942
7.48022e-10	-0.0513611
7.48086e-10	-0.0514281
7.4815e-10	-0.0514951
7.48214e-10	-0.0515622
7.48278e-10	-0.0516293
7.48342e-10	-0.0516964
7.48406e-10	-0.0517635
7.4847e-10	-0.0518307
7.48534e-10	-0.0518979
7.48598e-10	-0.0519651
7.48662e-10	-0.0520324
7.48726e-10	-0.0520997
7.4879e-10	-0.0521671
7.48854e-10	-0.0522345
7.48918e-10	-0.0523019
7.48982e-10	-0.0523693
7.49046e-10	-0.0524368
7.4911e-10	-0.0525043
7.49174e-10	-0.0525719
7.49238e-10	-0.0526395
7.49302e-10	-0.0527071
7.49366e-10	-0.0527747
7.4943e-10	-0.0528424
7.49494e-10	-0.0529101
7.49558e-10	-0.0529779
7.49622e-10	-0.0530457
7.49686e-10	-0.0531135
7.4975e-10	-0.0531813
7.49814e-10	-0.0532492
7.49878e-10	-0.0533172
7.49942e-10	-0.0533851
7.50006e-10	-0.0534531
7.5007e-10	-0.0535211
7.50134e-10	-0.0535892
7.50198e-10	-0.0536573
7.50262e-10	-0.0537254
7.50326e-10	-0.0537935
7.5039e-10	-0.0538617
7.50454e-10	-0.05393
7.50518e-10	-0.0539982
7.50582e-10	-0.0540665
7.50646e-10	-0.0541348
7.5071e-10	-0.0542032
7.50774e-10	-0.0542716
7.50838e-10	-0.05434
7.50902e-10	-0.0544085
7.50966e-10	-0.054477
7.5103e-10	-0.0545455
7.51094e-10	-0.054614
7.51158e-10	-0.0546826
7.51222e-10	-0.0547513
7.51286e-10	-0.0548199
7.5135e-10	-0.0548886
7.51414e-10	-0.0549574
7.51478e-10	-0.0550261
7.51542e-10	-0.0550949
7.51606e-10	-0.0551637
7.5167e-10	-0.0552326
7.51734e-10	-0.0553015
7.51798e-10	-0.0553704
7.51862e-10	-0.0554394
7.51926e-10	-0.0555084
7.5199e-10	-0.0555774
7.52054e-10	-0.0556465
7.52118e-10	-0.0557156
7.52182e-10	-0.0557847
7.52246e-10	-0.0558539
7.5231e-10	-0.0559231
7.52374e-10	-0.0559923
7.52438e-10	-0.0560616
7.52502e-10	-0.0561309
7.52566e-10	-0.0562002
7.5263e-10	-0.0562696
7.52694e-10	-0.056339
7.52758e-10	-0.0564084
7.52822e-10	-0.0564779
7.52886e-10	-0.0565474
7.5295e-10	-0.056617
7.53014e-10	-0.0566865
7.53078e-10	-0.0567561
7.53142e-10	-0.0568258
7.53206e-10	-0.0568954
7.5327e-10	-0.0569651
7.53334e-10	-0.0570349
7.53398e-10	-0.0571047
7.53462e-10	-0.0571745
7.53526e-10	-0.0572443
7.5359e-10	-0.0573142
7.53654e-10	-0.0573841
7.53718e-10	-0.057454
7.53782e-10	-0.057524
7.53846e-10	-0.057594
7.5391e-10	-0.057664
7.53974e-10	-0.0577341
7.54038e-10	-0.0578042
7.54102e-10	-0.0578744
7.54166e-10	-0.0579445
7.5423e-10	-0.0580148
7.54294e-10	-0.058085
7.54358e-10	-0.0581553
7.54422e-10	-0.0582256
7.54486e-10	-0.0582959
7.5455e-10	-0.0583663
7.54614e-10	-0.0584367
7.54678e-10	-0.0585072
7.54742e-10	-0.0585776
7.54806e-10	-0.0586482
7.5487e-10	-0.0587187
7.54934e-10	-0.0587893
7.54998e-10	-0.0588599
7.55062e-10	-0.0589305
7.55126e-10	-0.0590012
7.5519e-10	-0.0590719
7.55254e-10	-0.0591427
7.55318e-10	-0.0592135
7.55382e-10	-0.0592843
7.55446e-10	-0.0593551
7.55511e-10	-0.059426
7.55575e-10	-0.0594969
7.55639e-10	-0.0595679
7.55703e-10	-0.0596388
7.55767e-10	-0.0597099
7.55831e-10	-0.0597809
7.55895e-10	-0.059852
7.55959e-10	-0.0599231
7.56023e-10	-0.0599943
7.56087e-10	-0.0600654
7.56151e-10	-0.0601367
7.56215e-10	-0.0602079
7.56279e-10	-0.0602792
7.56343e-10	-0.0603505
7.56407e-10	-0.0604219
7.56471e-10	-0.0604932
7.56535e-10	-0.0605647
7.56599e-10	-0.0606361
7.56663e-10	-0.0607076
7.56727e-10	-0.0607791
7.56791e-10	-0.0608507
7.56855e-10	-0.0609223
7.56919e-10	-0.0609939
7.56983e-10	-0.0610655
7.57047e-10	-0.0611372
7.57111e-10	-0.0612089
7.57175e-10	-0.0612807
7.57239e-10	-0.0613525
7.57303e-10	-0.0614243
7.57367e-10	-0.0614961
7.57431e-10	-0.061568
7.57495e-10	-0.0616399
7.57559e-10	-0.0617119
7.57623e-10	-0.0617839
7.57687e-10	-0.0618559
7.57751e-10	-0.061928
7.57815e-10	-0.0620001
7.57879e-10	-0.0620722
7.57943e-10	-0.0621443
7.58007e-10	-0.0622165
7.58071e-10	-0.0622887
7.58135e-10	-0.062361
7.58199e-10	-0.0624333
7.58263e-10	-0.0625056
7.58327e-10	-0.062578
7.58391e-10	-0.0626504
7.58455e-10	-0.0627228
7.58519e-10	-0.0627952
7.58583e-10	-0.0628677
7.58647e-10	-0.0629402
7.58711e-10	-0.0630128
7.58775e-10	-0.0630854
7.58839e-10	-0.063158
7.58903e-10	-0.0632307
7.58967e-10	-0.0633034
7.59031e-10	-0.0633761
7.59095e-10	-0.0634488
7.59159e-10	-0.0635216
7.59223e-10	-0.0635945
7.59287e-10	-0.0636673
7.59351e-10	-0.0637402
7.59415e-10	-0.0638131
7.59479e-10	-0.0638861
7.59543e-10	-0.0639591
7.59607e-10	-0.0640321
7.59671e-10	-0.0641052
7.59735e-10	-0.0641782
7.59799e-10	-0.0642514
7.59863e-10	-0.0643245
7.59927e-10	-0.0643977
7.59991e-10	-0.0644709
7.60055e-10	-0.0645442
7.60119e-10	-0.0646175
7.60183e-10	-0.0646908
7.60247e-10	-0.0647642
7.60311e-10	-0.0648376
7.60375e-10	-0.064911
7.60439e-10	-0.0649844
7.60503e-10	-0.0650579
7.60567e-10	-0.0651315
7.60631e-10	-0.065205
7.60695e-10	-0.0652786
7.60759e-10	-0.0653522
7.60823e-10	-0.0654259
7.60887e-10	-0.0654996
7.60951e-10	-0.0655733
7.61015e-10	-0.0656471
7.61079e-10	-0.0657209
7.61143e-10	-0.0657947
7.61207e-10	-0.0658685
7.61271e-10	-0.0659424
7.61335e-10	-0.0660164
7.61399e-10	-0.0660903
7.61463e-10	-0.0661643
7.61527e-10	-0.0662383
7.61591e-10	-0.0663124
7.61655e-10	-0.0663865
7.61719e-10	-0.0664606
7.61783e-10	-0.0665348
7.61847e-10	-0.066609
7.61911e-10	-0.0666832
7.61975e-10	-0.0667574
7.62039e-10	-0.0668317
7.62103e-10	-0.066906
7.62167e-10	-0.0669804
7.62231e-10	-0.0670548
7.62295e-10	-0.0671292
7.62359e-10	-0.0672037
7.62423e-10	-0.0672782
7.62487e-10	-0.0673527
7.62551e-10	-0.0674272
7.62615e-10	-0.0675018
7.62679e-10	-0.0675765
7.62743e-10	-0.0676511
7.62807e-10	-0.0677258
7.62871e-10	-0.0678005
7.62935e-10	-0.0678753
7.62999e-10	-0.0679501
7.63063e-10	-0.0680249
7.63127e-10	-0.0680998
7.63191e-10	-0.0681746
7.63255e-10	-0.0682496
7.63319e-10	-0.0683245
7.63383e-10	-0.0683995
7.63447e-10	-0.0684745
7.63511e-10	-0.0685496
7.63575e-10	-0.0686247
7.63639e-10	-0.0686998
7.63703e-10	-0.0687749
7.63767e-10	-0.0688501
7.63831e-10	-0.0689254
7.63895e-10	-0.0690006
7.63959e-10	-0.0690759
7.64023e-10	-0.0691512
7.64087e-10	-0.0692266
7.64151e-10	-0.0693019
7.64216e-10	-0.0693774
7.6428e-10	-0.0694528
7.64344e-10	-0.0695283
7.64408e-10	-0.0696038
7.64472e-10	-0.0696794
7.64536e-10	-0.069755
7.646e-10	-0.0698306
7.64664e-10	-0.0699062
7.64728e-10	-0.0699819
7.64792e-10	-0.0700576
7.64856e-10	-0.0701334
7.6492e-10	-0.0702092
7.64984e-10	-0.070285
7.65048e-10	-0.0703608
7.65112e-10	-0.0704367
7.65176e-10	-0.0705126
7.6524e-10	-0.0705886
7.65304e-10	-0.0706646
7.65368e-10	-0.0707406
7.65432e-10	-0.0708166
7.65496e-10	-0.0708927
7.6556e-10	-0.0709688
7.65624e-10	-0.071045
7.65688e-10	-0.0711211
7.65752e-10	-0.0711974
7.65816e-10	-0.0712736
7.6588e-10	-0.0713499
7.65944e-10	-0.0714262
7.66008e-10	-0.0715025
7.66072e-10	-0.0715789
7.66136e-10	-0.0716553
7.662e-10	-0.0717318
7.66264e-10	-0.0718083
7.66328e-10	-0.0718848
7.66392e-10	-0.0719613
7.66456e-10	-0.0720379
7.6652e-10	-0.0721145
7.66584e-10	-0.0721911
7.66648e-10	-0.0722678
7.66712e-10	-0.0723445
7.66776e-10	-0.0724213
7.6684e-10	-0.072498
7.66904e-10	-0.0725748
7.66968e-10	-0.0726517
7.67032e-10	-0.0727286
7.67096e-10	-0.0728055
7.6716e-10	-0.0728824
7.67224e-10	-0.0729594
7.67288e-10	-0.0730364
7.67352e-10	-0.0731134
7.67416e-10	-0.0731905
7.6748e-10	-0.0732676
7.67544e-10	-0.0733447
7.67608e-10	-0.0734219
7.67672e-10	-0.0734991
7.67736e-10	-0.0735763
7.678e-10	-0.0736536
7.67864e-10	-0.0737309
7.67928e-10	-0.0738082
7.67992e-10	-0.0738856
7.68056e-10	-0.073963
7.6812e-10	-0.0740404
7.68184e-10	-0.0741179
7.68248e-10	-0.0741954
7.68312e-10	-0.0742729
7.68376e-10	-0.0743505
7.6844e-10	-0.0744281
7.68504e-10	-0.0745057
7.68568e-10	-0.0745834
7.68632e-10	-0.0746611
7.68696e-10	-0.0747388
7.6876e-10	-0.0748165
7.68824e-10	-0.0748943
7.68888e-10	-0.0749722
7.68952e-10	-0.07505
7.69016e-10	-0.0751279
7.6908e-10	-0.0752058
7.69144e-10	-0.0752838
7.69208e-10	-0.0753618
7.69272e-10	-0.0754398
7.69336e-10	-0.0755179
7.694e-10	-0.0755959
7.69464e-10	-0.0756741
7.69528e-10	-0.0757522
7.69592e-10	-0.0758304
7.69656e-10	-0.0759086
7.6972e-10	-0.0759869
7.69784e-10	-0.0760652
7.69848e-10	-0.0761435
7.69912e-10	-0.0762218
7.69976e-10	-0.0763002
7.7004e-10	-0.0763786
7.70104e-10	-0.0764571
7.70168e-10	-0.0765355
7.70232e-10	-0.0766141
7.70296e-10	-0.0766926
7.7036e-10	-0.0767712
7.70424e-10	-0.0768498
7.70488e-10	-0.0769284
7.70552e-10	-0.0770071
7.70616e-10	-0.0770858
7.7068e-10	-0.0771646
7.70744e-10	-0.0772433
7.70808e-10	-0.0773221
7.70872e-10	-0.077401
7.70936e-10	-0.0774799
7.71e-10	-0.0775588
7.71064e-10	-0.0776377
7.71128e-10	-0.0777167
7.71192e-10	-0.0777957
7.71256e-10	-0.0778747
7.7132e-10	-0.0779538
7.71384e-10	-0.0780329
7.71448e-10	-0.078112
7.71512e-10	-0.0781912
7.71576e-10	-0.0782704
7.7164e-10	-0.0783496
7.71704e-10	-0.0784288
7.71768e-10	-0.0785081
7.71832e-10	-0.0785875
7.71896e-10	-0.0786668
7.7196e-10	-0.0787462
7.72024e-10	-0.0788257
7.72088e-10	-0.0789051
7.72152e-10	-0.0789846
7.72216e-10	-0.0790641
7.7228e-10	-0.0791437
7.72344e-10	-0.0792233
7.72408e-10	-0.0793029
7.72472e-10	-0.0793825
7.72536e-10	-0.0794622
7.726e-10	-0.0795419
7.72664e-10	-0.0796217
7.72728e-10	-0.0797015
7.72792e-10	-0.0797813
7.72856e-10	-0.0798611
7.72921e-10	-0.079941
7.72985e-10	-0.0800209
7.73049e-10	-0.0801009
7.73113e-10	-0.0801808
7.73177e-10	-0.0802609
7.73241e-10	-0.0803409
7.73305e-10	-0.080421
7.73369e-10	-0.0805011
7.73433e-10	-0.0805812
7.73497e-10	-0.0806614
7.73561e-10	-0.0807416
7.73625e-10	-0.0808218
7.73689e-10	-0.0809021
7.73753e-10	-0.0809824
7.73817e-10	-0.0810627
7.73881e-10	-0.0811431
7.73945e-10	-0.0812235
7.74009e-10	-0.0813039
7.74073e-10	-0.0813844
7.74137e-10	-0.0814649
7.74201e-10	-0.0815454
7.74265e-10	-0.081626
7.74329e-10	-0.0817065
7.74393e-10	-0.0817872
7.74457e-10	-0.0818678
7.74521e-10	-0.0819485
7.74585e-10	-0.0820292
7.74649e-10	-0.08211
7.74713e-10	-0.0821908
7.74777e-10	-0.0822716
7.74841e-10	-0.0823524
7.74905e-10	-0.0824333
7.74969e-10	-0.0825142
7.75033e-10	-0.0825952
7.75097e-10	-0.0826761
7.75161e-10	-0.0827572
7.75225e-10	-0.0828382
7.75289e-10	-0.0829193
7.75353e-10	-0.0830004
7.75417e-10	-0.0830815
7.75481e-10	-0.0831627
7.75545e-10	-0.0832439
7.75609e-10	-0.0833251
7.75673e-10	-0.0834064
7.75737e-10	-0.0834877
7.75801e-10	-0.083569
7.75865e-10	-0.0836504
7.75929e-10	-0.0837318
7.75993e-10	-0.0838132
7.76057e-10	-0.0838947
7.76121e-10	-0.0839762
7.76185e-10	-0.0840577
7.76249e-10	-0.0841392
7.76313e-10	-0.0842208
7.76377e-10	-0.0843024
7.76441e-10	-0.0843841
7.76505e-10	-0.0844658
7.76569e-10	-0.0845475
7.76633e-10	-0.0846292
7.76697e-10	-0.084711
7.76761e-10	-0.0847928
7.76825e-10	-0.0848747
7.76889e-10	-0.0849566
7.76953e-10	-0.0850385
7.77017e-10	-0.0851204
7.77081e-10	-0.0852024
7.77145e-10	-0.0852844
7.77209e-10	-0.0853664
7.77273e-10	-0.0854485
7.77337e-10	-0.0855306
7.77401e-10	-0.0856127
7.77465e-10	-0.0856949
7.77529e-10	-0.0857771
7.77593e-10	-0.0858593
7.77657e-10	-0.0859416
7.77721e-10	-0.0860239
7.77785e-10	-0.0861062
7.77849e-10	-0.0861885
7.77913e-10	-0.0862709
7.77977e-10	-0.0863533
7.78041e-10	-0.0864358
7.78105e-10	-0.0865183
7.78169e-10	-0.0866008
7.78233e-10	-0.0866833
7.78297e-10	-0.0867659
7.78361e-10	-0.0868485
7.78425e-10	-0.0869312
7.78489e-10	-0.0870138
7.78553e-10	-0.0870965
7.78617e-10	-0.0871793
7.78681e-10	-0.087262
7.78745e-10	-0.0873448
7.78809e-10	-0.0874277
7.78873e-10	-0.0875105
7.78937e-10	-0.0875934
7.79001e-10	-0.0876764
7.79065e-10	-0.0877593
7.79129e-10	-0.0878423
7.79193e-10	-0.0879253
7.79257e-10	-0.0880084
7.79321e-10	-0.0880915
7.79385e-10	-0.0881746
7.79449e-10	-0.0882577
7.79513e-10	-0.0883409
7.79577e-10	-0.0884241
7.79641e-10	-0.0885074
7.79705e-10	-0.0885907
7.79769e-10	-0.088674
7.79833e-10	-0.0887573
7.79897e-10	-0.0888407
7.79961e-10	-0.0889241
7.80025e-10	-0.0890075
7.80089e-10	-0.089091
7.80153e-10	-0.0891745
7.80217e-10	-0.089258
7.80281e-10	-0.0893416
7.80345e-10	-0.0894251
7.80409e-10	-0.0895088
7.80473e-10	-0.0895924
7.80537e-10	-0.0896761
7.80601e-10	-0.0897598
7.80665e-10	-0.0898436
7.80729e-10	-0.0899274
7.80793e-10	-0.0900112
7.80857e-10	-0.090095
7.80921e-10	-0.0901789
7.80985e-10	-0.0902628
7.81049e-10	-0.0903467
7.81113e-10	-0.0904307
7.81177e-10	-0.0905147
7.81241e-10	-0.0905987
7.81305e-10	-0.0906828
7.81369e-10	-0.0907669
7.81433e-10	-0.090851
7.81497e-10	-0.0909352
7.81561e-10	-0.0910194
7.81625e-10	-0.0911036
7.8169e-10	-0.0911879
7.81754e-10	-0.0912721
7.81818e-10	-0.0913565
7.81882e-10	-0.0914408
7.81946e-10	-0.0915252
7.8201e-10	-0.0916096
7.82074e-10	-0.091694
7.82138e-10	-0.0917785
7.82202e-10	-0.091863
7.82266e-10	-0.0919475
7.8233e-10	-0.0920321
7.82394e-10	-0.0921167
7.82458e-10	-0.0922013
7.82522e-10	-0.092286
7.82586e-10	-0.0923707
7.8265e-10	-0.0924554
7.82714e-10	-0.0925402
7.82778e-10	-0.0926249
7.82842e-10	-0.0927098
7.82906e-10	-0.0927946
7.8297e-10	-0.0928795
7.83034e-10	-0.0929644
7.83098e-10	-0.0930493
7.83162e-10	-0.0931343
7.83226e-10	-0.0932193
7.8329e-10	-0.0933044
7.83354e-10	-0.0933894
7.83418e-10	-0.0934745
7.83482e-10	-0.0935596
7.83546e-10	-0.0936448
7.8361e-10	-0.09373
7.83674e-10	-0.0938152
7.83738e-10	-0.0939005
7.83802e-10	-0.0939858
7.83866e-10	-0.0940711
7.8393e-10	-0.0941564
7.83994e-10	-0.0942418
7.84058e-10	-0.0943272
7.84122e-10	-0.0944126
7.84186e-10	-0.0944981
7.8425e-10	-0.0945836
7.84314e-10	-0.0946691
7.84378e-10	-0.0947547
7.84442e-10	-0.0948403
7.84506e-10	-0.0949259
7.8457e-10	-0.0950116
7.84634e-10	-0.0950973
7.84698e-10	-0.095183
7.84762e-10	-0.0952687
7.84826e-10	-0.0953545
7.8489e-10	-0.0954403
7.84954e-10	-0.0955262
7.85018e-10	-0.095612
7.85082e-10	-0.0956979
7.85146e-10	-0.0957839
7.8521e-10	-0.0958698
7.85274e-10	-0.0959558
7.85338e-10	-0.0960419
7.85402e-10	-0.0961279
7.85466e-10	-0.096214
7.8553e-10	-0.0963001
7.85594e-10	-0.0963863
7.85658e-10	-0.0964725
7.85722e-10	-0.0965587
7.85786e-10	-0.0966449
7.8585e-10	-0.0967312
7.85914e-10	-0.0968175
7.85978e-10	-0.0969038
7.86042e-10	-0.0969902
7.86106e-10	-0.0970766
7.8617e-10	-0.097163
7.86234e-10	-0.0972495
7.86298e-10	-0.097336
7.86362e-10	-0.0974225
7.86426e-10	-0.097509
7.8649e-10	-0.0975956
7.86554e-10	-0.0976822
7.86618e-10	-0.0977689
7.86682e-10	-0.0978556
7.86746e-10	-0.0979423
7.8681e-10	-0.098029
7.86874e-10	-0.0981158
7.86938e-10	-0.0982026
7.87002e-10	-0.0982894
7.87066e-10	-0.0983762
7.8713e-10	-0.0984631
7.87194e-10	-0.0985501
7.87258e-10	-0.098637
7.87322e-10	-0.098724
7.87386e-10	-0.098811
7.8745e-10	-0.098898
7.87514e-10	-0.0989851
7.87578e-10	-0.0990722
7.87642e-10	-0.0991593
7.87706e-10	-0.0992465
7.8777e-10	-0.0993337
7.87834e-10	-0.0994209
7.87898e-10	-0.0995082
7.87962e-10	-0.0995954
7.88026e-10	-0.0996828
7.8809e-10	-0.0997701
7.88154e-10	-0.0998575
7.88218e-10	-0.0999449
7.88282e-10	-0.100032
7.88346e-10	-0.10012
7.8841e-10	-0.100207
7.88474e-10	-0.100295
7.88538e-10	-0.100382
7.88602e-10	-0.10047
7.88666e-10	-0.100558
7.8873e-10	-0.100645
7.88794e-10	-0.100733
7.88858e-10	-0.100821
7.88922e-10	-0.100908
7.88986e-10	-0.100996
7.8905e-10	-0.101084
7.89114e-10	-0.101172
7.89178e-10	-0.10126
7.89242e-10	-0.101348
7.89306e-10	-0.101435
7.8937e-10	-0.101523
7.89434e-10	-0.101611
7.89498e-10	-0.101699
7.89562e-10	-0.101787
7.89626e-10	-0.101876
7.8969e-10	-0.101964
7.89754e-10	-0.102052
7.89818e-10	-0.10214
7.89882e-10	-0.102228
7.89946e-10	-0.102316
7.9001e-10	-0.102405
7.90074e-10	-0.102493
7.90138e-10	-0.102581
7.90202e-10	-0.10267
7.90266e-10	-0.102758
7.9033e-10	-0.102846
7.90395e-10	-0.102935
7.90459e-10	-0.103023
7.90523e-10	-0.103112
7.90587e-10	-0.1032
7.90651e-10	-0.103289
7.90715e-10	-0.103377
7.90779e-10	-0.103466
7.90843e-10	-0.103555
7.90907e-10	-0.103643
7.90971e-10	-0.103732
7.91035e-10	-0.103821
7.91099e-10	-0.103909
7.91163e-10	-0.103998
7.91227e-10	-0.104087
7.91291e-10	-0.104176
7.91355e-10	-0.104265
7.91419e-10	-0.104354
7.91483e-10	-0.104443
7.91547e-10	-0.104532
7.91611e-10	-0.104621
7.91675e-10	-0.10471
7.91739e-10	-0.104799
7.91803e-10	-0.104888
7.91867e-10	-0.104977
7.91931e-10	-0.105066
7.91995e-10	-0.105155
7.92059e-10	-0.105245
7.92123e-10	-0.105334
7.92187e-10	-0.105423
7.92251e-10	-0.105512
7.92315e-10	-0.105602
7.92379e-10	-0.105691
7.92443e-10	-0.10578
7.92507e-10	-0.10587
7.92571e-10	-0.105959
7.92635e-10	-0.106049
7.92699e-10	-0.106138
7.92763e-10	-0.106228
7.92827e-10	-0.106317
7.92891e-10	-0.106407
7.92955e-10	-0.106497
7.93019e-10	-0.106586
7.93083e-10	-0.106676
7.93147e-10	-0.106766
7.93211e-10	-0.106855
7.93275e-10	-0.106945
7.93339e-10	-0.107035
7.93403e-10	-0.107125
7.93467e-10	-0.107215
7.93531e-10	-0.107305
7.93595e-10	-0.107395
7.93659e-10	-0.107484
7.93723e-10	-0.107574
7.93787e-10	-0.107664
7.93851e-10	-0.107755
7.93915e-10	-0.107845
7.93979e-10	-0.107935
7.94043e-10	-0.108025
7.94107e-10	-0.108115
7.94171e-10	-0.108205
7.94235e-10	-0.108295
7.94299e-10	-0.108386
7.94363e-10	-0.108476
7.94427e-10	-0.108566
7.94491e-10	-0.108657
7.94555e-10	-0.108747
7.94619e-10	-0.108837
7.94683e-10	-0.108928
7.94747e-10	-0.109018
7.94811e-10	-0.109109
7.94875e-10	-0.109199
7.94939e-10	-0.10929
7.95003e-10	-0.10938
7.95067e-10	-0.109471
7.95131e-10	-0.109561
7.95195e-10	-0.109652
7.95259e-10	-0.109743
7.95323e-10	-0.109834
7.95387e-10	-0.109924
7.95451e-10	-0.110015
7.95515e-10	-0.110106
7.95579e-10	-0.110197
7.95643e-10	-0.110288
7.95707e-10	-0.110378
7.95771e-10	-0.110469
7.95835e-10	-0.11056
7.95899e-10	-0.110651
7.95963e-10	-0.110742
7.96027e-10	-0.110833
7.96091e-10	-0.110924
7.96155e-10	-0.111015
7.96219e-10	-0.111107
7.96283e-10	-0.111198
7.96347e-10	-0.111289
7.96411e-10	-0.11138
7.96475e-10	-0.111471
7.96539e-10	-0.111563
7.96603e-10	-0.111654
7.96667e-10	-0.111745
7.96731e-10	-0.111837
7.96795e-10	-0.111928
7.96859e-10	-0.112019
7.96923e-10	-0.112111
7.96987e-10	-0.112202
7.97051e-10	-0.112294
7.97115e-10	-0.112385
7.97179e-10	-0.112477
7.97243e-10	-0.112568
7.97307e-10	-0.11266
7.97371e-10	-0.112752
7.97435e-10	-0.112843
7.97499e-10	-0.112935
7.97563e-10	-0.113027
7.97627e-10	-0.113119
7.97691e-10	-0.11321
7.97755e-10	-0.113302
7.97819e-10	-0.113394
7.97883e-10	-0.113486
7.97947e-10	-0.113578
7.98011e-10	-0.11367
7.98075e-10	-0.113762
7.98139e-10	-0.113854
7.98203e-10	-0.113946
7.98267e-10	-0.114038
7.98331e-10	-0.11413
7.98395e-10	-0.114222
7.98459e-10	-0.114314
7.98523e-10	-0.114406
7.98587e-10	-0.114498
7.98651e-10	-0.114591
7.98715e-10	-0.114683
7.98779e-10	-0.114775
7.98843e-10	-0.114867
7.98907e-10	-0.11496
7.98971e-10	-0.115052
7.99035e-10	-0.115144
7.99099e-10	-0.115237
7.99164e-10	-0.115329
7.99228e-10	-0.115422
7.99292e-10	-0.115514
7.99356e-10	-0.115607
7.9942e-10	-0.115699
7.99484e-10	-0.115792
7.99548e-10	-0.115885
7.99612e-10	-0.115977
7.99676e-10	-0.11607
7.9974e-10	-0.116163
7.99804e-10	-0.116255
7.99868e-10	-0.116348
7.99932e-10	-0.116441
7.99996e-10	-0.116534
8.0006e-10	-0.116626
8.00124e-10	-0.116719
8.00188e-10	-0.116812
8.00252e-10	-0.116905
8.00316e-10	-0.116998
8.0038e-10	-0.117091
8.00444e-10	-0.117184
8.00508e-10	-0.117277
8.00572e-10	-0.11737
8.00636e-10	-0.117463
8.007e-10	-0.117556
8.00764e-10	-0.117649
8.00828e-10	-0.117743
8.00892e-10	-0.117836
8.00956e-10	-0.117929
8.0102e-10	-0.118022
8.01084e-10	-0.118116
8.01148e-10	-0.118209
8.01212e-10	-0.118302
8.01276e-10	-0.118396
8.0134e-10	-0.118489
8.01404e-10	-0.118582
8.01468e-10	-0.118676
8.01532e-10	-0.118769
8.01596e-10	-0.118863
8.0166e-10	-0.118956
8.01724e-10	-0.11905
8.01788e-10	-0.119144
8.01852e-10	-0.119237
8.01916e-10	-0.119331
8.0198e-10	-0.119425
8.02044e-10	-0.119518
8.02108e-10	-0.119612
8.02172e-10	-0.119706
8.02236e-10	-0.1198
8.023e-10	-0.119893
8.02364e-10	-0.119987
8.02428e-10	-0.120081
8.02492e-10	-0.120175
8.02556e-10	-0.120269
8.0262e-10	-0.120363
8.02684e-10	-0.120457
8.02748e-10	-0.120551
8.02812e-10	-0.120645
8.02876e-10	-0.120739
8.0294e-10	-0.120833
8.03004e-10	-0.120927
8.03068e-10	-0.121021
8.03132e-10	-0.121115
8.03196e-10	-0.12121
8.0326e-10	-0.121304
8.03324e-10	-0.121398
8.03388e-10	-0.121492
8.03452e-10	-0.121587
8.03516e-10	-0.121681
8.0358e-10	-0.121775
8.03644e-10	-0.12187
8.03708e-10	-0.121964
8.03772e-10	-0.122059
8.03836e-10	-0.122153
8.039e-10	-0.122248
8.03964e-10	-0.122342
8.04028e-10	-0.122437
8.04092e-10	-0.122531
8.04156e-10	-0.122626
8.0422e-10	-0.122721
8.04284e-10	-0.122815
8.04348e-10	-0.12291
8.04412e-10	-0.123005
8.04476e-10	-0.123099
8.0454e-10	-0.123194
8.04604e-10	-0.123289
8.04668e-10	-0.123384
8.04732e-10	-0.123479
8.04796e-10	-0.123574
8.0486e-10	-0.123668
8.04924e-10	-0.123763
8.04988e-10	-0.123858
8.05052e-10	-0.123953
8.05116e-10	-0.124048
8.0518e-10	-0.124143
8.05244e-10	-0.124239
8.05308e-10	-0.124334
8.05372e-10	-0.124429
8.05436e-10	-0.124524
8.055e-10	-0.124619
8.05564e-10	-0.124714
8.05628e-10	-0.12481
8.05692e-10	-0.124905
8.05756e-10	-0.125
8.0582e-10	-0.125095
8.05884e-10	-0.125191
8.05948e-10	-0.125286
8.06012e-10	-0.125381
8.06076e-10	-0.125477
8.0614e-10	-0.125572
8.06204e-10	-0.125668
8.06268e-10	-0.125763
8.06332e-10	-0.125859
8.06396e-10	-0.125954
8.0646e-10	-0.12605
8.06524e-10	-0.126146
8.06588e-10	-0.126241
8.06652e-10	-0.126337
8.06716e-10	-0.126433
8.0678e-10	-0.126528
8.06844e-10	-0.126624
8.06908e-10	-0.12672
8.06972e-10	-0.126816
8.07036e-10	-0.126911
8.071e-10	-0.127007
8.07164e-10	-0.127103
8.07228e-10	-0.127199
8.07292e-10	-0.127295
8.07356e-10	-0.127391
8.0742e-10	-0.127487
8.07484e-10	-0.127583
8.07548e-10	-0.127679
8.07612e-10	-0.127775
8.07676e-10	-0.127871
8.0774e-10	-0.127967
8.07804e-10	-0.128063
8.07869e-10	-0.12816
8.07933e-10	-0.128256
8.07997e-10	-0.128352
8.08061e-10	-0.128448
8.08125e-10	-0.128545
8.08189e-10	-0.128641
8.08253e-10	-0.128737
8.08317e-10	-0.128834
8.08381e-10	-0.12893
8.08445e-10	-0.129026
8.08509e-10	-0.129123
8.08573e-10	-0.129219
8.08637e-10	-0.129316
8.08701e-10	-0.129412
8.08765e-10	-0.129509
8.08829e-10	-0.129605
8.08893e-10	-0.129702
8.08957e-10	-0.129798
8.09021e-10	-0.129895
8.09085e-10	-0.129992
8.09149e-10	-0.130088
8.09213e-10	-0.130185
8.09277e-10	-0.130282
8.09341e-10	-0.130379
8.09405e-10	-0.130475
8.09469e-10	-0.130572
8.09533e-10	-0.130669
8.09597e-10	-0.130766
8.09661e-10	-0.130863
8.09725e-10	-0.13096
8.09789e-10	-0.131057
8.09853e-10	-0.131154
8.09917e-10	-0.131251
8.09981e-10	-0.131348
8.10045e-10	-0.131445
8.10109e-10	-0.131542
8.10173e-10	-0.131639
8.10237e-10	-0.131736
8.10301e-10	-0.131833
8.10365e-10	-0.131931
8.10429e-10	-0.132028
8.10493e-10	-0.132125
8.10557e-10	-0.132222
8.10621e-10	-0.13232
8.10685e-10	-0.132417
8.10749e-10	-0.132514
8.10813e-10	-0.132612
8.10877e-10	-0.132709
8.10941e-10	-0.132806
8.11005e-10	-0.132904
8.11069e-10	-0.133001
8.11133e-10	-0.133099
8.11197e-10	-0.133196
8.11261e-10	-0.133294
8.11325e-10	-0.133391
8.11389e-10	-0.133489
8.11453e-10	-0.133587
8.11517e-10	-0.133684
8.11581e-10	-0.133782
8.11645e-10	-0.13388
8.11709e-10	-0.133977
8.11773e-10	-0.134075
8.11837e-10	-0.134173
8.11901e-10	-0.134271
8.11965e-10	-0.134368
8.12029e-10	-0.134466
8.12093e-10	-0.134564
8.12157e-10	-0.134662
8.12221e-10	-0.13476
8.12285e-10	-0.134858
8.12349e-10	-0.134956
8.12413e-10	-0.135054
8.12477e-10	-0.135152
8.12541e-10	-0.13525
8.12605e-10	-0.135348
8.12669e-10	-0.135446
8.12733e-10	-0.135544
8.12797e-10	-0.135642
8.12861e-10	-0.135741
8.12925e-10	-0.135839
8.12989e-10	-0.135937
8.13053e-10	-0.136035
8.13117e-10	-0.136134
8.13181e-10	-0.136232
8.13245e-10	-0.13633
8.13309e-10	-0.136428
8.13373e-10	-0.136527
8.13437e-10	-0.136625
8.13501e-10	-0.136724
8.13565e-10	-0.136822
8.13629e-10	-0.136921
8.13693e-10	-0.137019
8.13757e-10	-0.137118
8.13821e-10	-0.137216
8.13885e-10	-0.137315
8.13949e-10	-0.137413
8.14013e-10	-0.137512
8.14077e-10	-0.137611
8.14141e-10	-0.137709
8.14205e-10	-0.137808
8.14269e-10	-0.137907
8.14333e-10	-0.138005
8.14397e-10	-0.138104
8.14461e-10	-0.138203
8.14525e-10	-0.138302
8.14589e-10	-0.138401
8.14653e-10	-0.1385
8.14717e-10	-0.138598
8.14781e-10	-0.138697
8.14845e-10	-0.138796
8.14909e-10	-0.138895
8.14973e-10	-0.138994
8.15037e-10	-0.139093
8.15101e-10	-0.139192
8.15165e-10	-0.139291
8.15229e-10	-0.13939
8.15293e-10	-0.13949
8.15357e-10	-0.139589
8.15421e-10	-0.139688
8.15485e-10	-0.139787
8.15549e-10	-0.139886
8.15613e-10	-0.139986
8.15677e-10	-0.140085
8.15741e-10	-0.140184
8.15805e-10	-0.140283
8.15869e-10	-0.140383
8.15933e-10	-0.140482
8.15997e-10	-0.140581
8.16061e-10	-0.140681
8.16125e-10	-0.14078
8.16189e-10	-0.14088
8.16253e-10	-0.140979
8.16317e-10	-0.141079
8.16381e-10	-0.141178
8.16445e-10	-0.141278
8.16509e-10	-0.141377
8.16573e-10	-0.141477
8.16638e-10	-0.141577
8.16702e-10	-0.141676
8.16766e-10	-0.141776
8.1683e-10	-0.141876
8.16894e-10	-0.141975
8.16958e-10	-0.142075
8.17022e-10	-0.142175
8.17086e-10	-0.142275
8.1715e-10	-0.142374
8.17214e-10	-0.142474
8.17278e-10	-0.142574
8.17342e-10	-0.142674
8.17406e-10	-0.142774
8.1747e-10	-0.142874
8.17534e-10	-0.142974
8.17598e-10	-0.143074
8.17662e-10	-0.143174
8.17726e-10	-0.143274
8.1779e-10	-0.143374
8.17854e-10	-0.143474
8.17918e-10	-0.143574
8.17982e-10	-0.143674
8.18046e-10	-0.143774
8.1811e-10	-0.143874
8.18174e-10	-0.143975
8.18238e-10	-0.144075
8.18302e-10	-0.144175
8.18366e-10	-0.144275
8.1843e-10	-0.144376
8.18494e-10	-0.144476
8.18558e-10	-0.144576
8.18622e-10	-0.144677
8.18686e-10	-0.144777
8.1875e-10	-0.144877
8.18814e-10	-0.144978
8.18878e-10	-0.145078
8.18942e-10	-0.145179
8.19006e-10	-0.145279
8.1907e-10	-0.14538
8.19134e-10	-0.14548
8.19198e-10	-0.145581
8.19262e-10	-0.145681
8.19326e-10	-0.145782
8.1939e-10	-0.145883
8.19454e-10	-0.145983
8.19518e-10	-0.146084
8.19582e-10	-0.146185
8.19646e-10	-0.146286
8.1971e-10	-0.146386
8.19774e-10	-0.146487
8.19838e-10	-0.146588
8.19902e-10	-0.146689
8.19966e-10	-0.14679
8.2003e-10	-0.14689
8.20094e-10	-0.146991
8.20158e-10	-0.147092
8.20222e-10	-0.147193
8.20286e-10	-0.147294
8.2035e-10	-0.147395
8.20414e-10	-0.147496
8.20478e-10	-0.147597
8.20542e-10	-0.147698
8.20606e-10	-0.147799
8.2067e-10	-0.1479
8.20734e-10	-0.148001
8.20798e-10	-0.148103
8.20862e-10	-0.148204
8.20926e-10	-0.148305
8.2099e-10	-0.148406
8.21054e-10	-0.148507
8.21118e-10	-0.148609
8.21182e-10	-0.14871
8.21246e-10	-0.148811
8.2131e-10	-0.148913
8.21374e-10	-0.149014
8.21438e-10	-0.149115
8.21502e-10	-0.149217
8.21566e-10	-0.149318
8.2163e-10	-0.149419
8.21694e-10	-0.149521
8.21758e-10	-0.149622
8.21822e-10	-0.149724
8.21886e-10	-0.149825
8.2195e-10	-0.149927
8.22014e-10	-0.150029
8.22078e-10	-0.15013
8.22142e-10	-0.150232
8.22206e-10	-0.150333
8.2227e-10	-0.150435
8.22334e-10	-0.150537
8.22398e-10	-0.150638
8.22462e-10	-0.15074
8.22526e-10	-0.150842
8.2259e-10	-0.150944
8.22654e-10	-0.151045
8.22718e-10	-0.151147
8.22782e-10	-0.151249
8.22846e-10	-0.151351
8.2291e-10	-0.151453
8.22974e-10	-0.151555
8.23038e-10	-0.151657
8.23102e-10	-0.151759
8.23166e-10	-0.151861
8.2323e-10	-0.151963
8.23294e-10	-0.152065
8.23358e-10	-0.152167
8.23422e-10	-0.152269
8.23486e-10	-0.152371
8.2355e-10	-0.152473
8.23614e-10	-0.152575
8.23678e-10	-0.152677
8.23742e-10	-0.152779
8.23806e-10	-0.152881
8.2387e-10	-0.152984
8.23934e-10	-0.153086
8.23998e-10	-0.153188
8.24062e-10	-0.15329
8.24126e-10	-0.153393
8.2419e-10	-0.153495
8.24254e-10	-0.153597
8.24318e-10	-0.1537
8.24382e-10	-0.153802
8.24446e-10	-0.153905
8.2451e-10	-0.154007
8.24574e-10	-0.154109
8.24638e-10	-0.154212
8.24702e-10	-0.154314
8.24766e-10	-0.154417
8.2483e-10	-0.154519
8.24894e-10	-0.154622
8.24958e-10	-0.154725
8.25022e-10	-0.154827
8.25086e-10	-0.15493
8.2515e-10	-0.155032
8.25214e-10	-0.155135
8.25278e-10	-0.155238
8.25343e-10	-0.15534
8.25407e-10	-0.155443
8.25471e-10	-0.155546
8.25535e-10	-0.155649
8.25599e-10	-0.155751
8.25663e-10	-0.155854
8.25727e-10	-0.155957
8.25791e-10	-0.15606
8.25855e-10	-0.156163
8.25919e-10	-0.156266
8.25983e-10	-0.156369
8.26047e-10	-0.156472
8.26111e-10	-0.156575
8.26175e-10	-0.156678
8.26239e-10	-0.156781
8.26303e-10	-0.156884
8.26367e-10	-0.156987
8.26431e-10	-0.15709
8.26495e-10	-0.157193
8.26559e-10	-0.157296
8.26623e-10	-0.157399
8.26687e-10	-0.157502
8.26751e-10	-0.157605
8.26815e-10	-0.157708
8.26879e-10	-0.157812
8.26943e-10	-0.157915
8.27007e-10	-0.158018
8.27071e-10	-0.158121
8.27135e-10	-0.158225
8.27199e-10	-0.158328
8.27263e-10	-0.158431
8.27327e-10	-0.158535
8.27391e-10	-0.158638
8.27455e-10	-0.158742
8.27519e-10	-0.158845
8.27583e-10	-0.158948
8.27647e-10	-0.159052
8.27711e-10	-0.159155
8.27775e-10	-0.159259
8.27839e-10	-0.159362
8.27903e-10	-0.159466
8.27967e-10	-0.159569
8.28031e-10	-0.159673
8.28095e-10	-0.159777
8.28159e-10	-0.15988
8.28223e-10	-0.159984
8.28287e-10	-0.160088
8.28351e-10	-0.160191
8.28415e-10	-0.160295
8.28479e-10	-0.160399
8.28543e-10	-0.160502
8.28607e-10	-0.160606
8.28671e-10	-0.16071
8.28735e-10	-0.160814
8.28799e-10	-0.160918
8.28863e-10	-0.161021
8.28927e-10	-0.161125
8.28991e-10	-0.161229
8.29055e-10	-0.161333
8.29119e-10	-0.161437
8.29183e-10	-0.161541
8.29247e-10	-0.161645
8.29311e-10	-0.161749
8.29375e-10	-0.161853
8.29439e-10	-0.161957
8.29503e-10	-0.162061
8.29567e-10	-0.162165
8.29631e-10	-0.162269
8.29695e-10	-0.162373
8.29759e-10	-0.162477
8.29823e-10	-0.162581
8.29887e-10	-0.162686
8.29951e-10	-0.16279
8.30015e-10	-0.162894
8.30079e-10	-0.162998
8.30143e-10	-0.163102
8.30207e-10	-0.163207
8.30271e-10	-0.163311
8.30335e-10	-0.163415
8.30399e-10	-0.16352
8.30463e-10	-0.163624
8.30527e-10	-0.163728
8.30591e-10	-0.163833
8.30655e-10	-0.163937
8.30719e-10	-0.164041
8.30783e-10	-0.164146
8.30847e-10	-0.16425
8.30911e-10	-0.164355
8.30975e-10	-0.164459
8.31039e-10	-0.164564
8.31103e-10	-0.164668
8.31167e-10	-0.164773
8.31231e-10	-0.164877
8.31295e-10	-0.164982
8.31359e-10	-0.165087
8.31423e-10	-0.165191
8.31487e-10	-0.165296
8.31551e-10	-0.165401
8.31615e-10	-0.165505
8.31679e-10	-0.16561
8.31743e-10	-0.165715
8.31807e-10	-0.165819
8.31871e-10	-0.165924
8.31935e-10	-0.166029
8.31999e-10	-0.166134
8.32063e-10	-0.166239
8.32127e-10	-0.166343
8.32191e-10	-0.166448
8.32255e-10	-0.166553
8.32319e-10	-0.166658
8.32383e-10	-0.166763
8.32447e-10	-0.166868
8.32511e-10	-0.166973
8.32575e-10	-0.167078
8.32639e-10	-0.167183
8.32703e-10	-0.167288
8.32767e-10	-0.167393
8.32831e-10	-0.167498
8.32895e-10	-0.167603
8.32959e-10	-0.167708
8.33023e-10	-0.167813
8.33087e-10	-0.167918
8.33151e-10	-0.168023
8.33215e-10	-0.168129
8.33279e-10	-0.168234
8.33343e-10	-0.168339
8.33407e-10	-0.168444
8.33471e-10	-0.168549
8.33535e-10	-0.168655
8.33599e-10	-0.16876
8.33663e-10	-0.168865
8.33727e-10	-0.16897
8.33791e-10	-0.169076
8.33855e-10	-0.169181
8.33919e-10	-0.169286
8.33983e-10	-0.169392
8.34047e-10	-0.169497
8.34112e-10	-0.169603
8.34176e-10	-0.169708
8.3424e-10	-0.169813
8.34304e-10	-0.169919
8.34368e-10	-0.170024
8.34432e-10	-0.17013
8.34496e-10	-0.170235
8.3456e-10	-0.170341
8.34624e-10	-0.170447
8.34688e-10	-0.170552
8.34752e-10	-0.170658
8.34816e-10	-0.170763
8.3488e-10	-0.170869
8.34944e-10	-0.170975
8.35008e-10	-0.17108
8.35072e-10	-0.171186
8.35136e-10	-0.171292
8.352e-10	-0.171397
8.35264e-10	-0.171503
8.35328e-10	-0.171609
8.35392e-10	-0.171715
8.35456e-10	-0.17182
8.3552e-10	-0.171926
8.35584e-10	-0.172032
8.35648e-10	-0.172138
8.35712e-10	-0.172244
8.35776e-10	-0.17235
8.3584e-10	-0.172455
8.35904e-10	-0.172561
8.35968e-10	-0.172667
8.36032e-10	-0.172773
8.36096e-10	-0.172879
8.3616e-10	-0.172985
8.36224e-10	-0.173091
8.36288e-10	-0.173197
8.36352e-10	-0.173303
8.36416e-10	-0.173409
8.3648e-10	-0.173515
8.36544e-10	-0.173621
8.36608e-10	-0.173728
8.36672e-10	-0.173834
8.36736e-10	-0.17394
8.368e-10	-0.174046
8.36864e-10	-0.174152
8.36928e-10	-0.174258
8.36992e-10	-0.174365
8.37056e-10	-0.174471
8.3712e-10	-0.174577
8.37184e-10	-0.174683
8.37248e-10	-0.17479
8.37312e-10	-0.174896
8.37376e-10	-0.175002
8.3744e-10	-0.175108
8.37504e-10	-0.175215
8.37568e-10	-0.175321
8.37632e-10	-0.175428
8.37696e-10	-0.175534
8.3776e-10	-0.17564
8.37824e-10	-0.175747
8.37888e-10	-0.175853
8.37952e-10	-0.17596
8.38016e-10	-0.176066
8.3808e-10	-0.176173
8.38144e-10	-0.176279
8.38208e-10	-0.176386
8.38272e-10	-0.176492
8.38336e-10	-0.176599
8.384e-10	-0.176705
8.38464e-10	-0.176812
8.38528e-10	-0.176919
8.38592e-10	-0.177025
8.38656e-10	-0.177132
8.3872e-10	-0.177238
8.38784e-10	-0.177345
8.38848e-10	-0.177452
8.38912e-10	-0.177558
8.38976e-10	-0.177665
8.3904e-10	-0.177772
8.39104e-10	-0.177879
8.39168e-10	-0.177985
8.39232e-10	-0.178092
8.39296e-10	-0.178199
8.3936e-10	-0.178306
8.39424e-10	-0.178413
8.39488e-10	-0.17852
8.39552e-10	-0.178626
8.39616e-10	-0.178733
8.3968e-10	-0.17884
8.39744e-10	-0.178947
8.39808e-10	-0.179054
8.39872e-10	-0.179161
8.39936e-10	-0.179268
8.4e-10	-0.179375
8.40064e-10	-0.179482
8.40128e-10	-0.179589
8.40192e-10	-0.179696
8.40256e-10	-0.179803
8.4032e-10	-0.17991
8.40384e-10	-0.180017
8.40448e-10	-0.180124
8.40512e-10	-0.180231
8.40576e-10	-0.180338
8.4064e-10	-0.180446
8.40704e-10	-0.180553
8.40768e-10	-0.18066
8.40832e-10	-0.180767
8.40896e-10	-0.180874
8.4096e-10	-0.180982
8.41024e-10	-0.181089
8.41088e-10	-0.181196
8.41152e-10	-0.181303
8.41216e-10	-0.181411
8.4128e-10	-0.181518
8.41344e-10	-0.181625
8.41408e-10	-0.181732
8.41472e-10	-0.18184
8.41536e-10	-0.181947
8.416e-10	-0.182055
8.41664e-10	-0.182162
8.41728e-10	-0.182269
8.41792e-10	-0.182377
8.41856e-10	-0.182484
8.4192e-10	-0.182592
8.41984e-10	-0.182699
8.42048e-10	-0.182807
8.42112e-10	-0.182914
8.42176e-10	-0.183022
8.4224e-10	-0.183129
8.42304e-10	-0.183237
8.42368e-10	-0.183344
8.42432e-10	-0.183452
8.42496e-10	-0.183559
8.4256e-10	-0.183667
8.42624e-10	-0.183774
8.42688e-10	-0.183882
8.42752e-10	-0.18399
8.42817e-10	-0.184097
8.42881e-10	-0.184205
8.42945e-10	-0.184313
8.43009e-10	-0.18442
8.43073e-10	-0.184528
8.43137e-10	-0.184636
8.43201e-10	-0.184744
8.43265e-10	-0.184851
8.43329e-10	-0.184959
8.43393e-10	-0.185067
8.43457e-10	-0.185175
8.43521e-10	-0.185283
8.43585e-10	-0.18539
8.43649e-10	-0.185498
8.43713e-10	-0.185606
8.43777e-10	-0.185714
8.43841e-10	-0.185822
8.43905e-10	-0.18593
8.43969e-10	-0.186038
8.44033e-10	-0.186146
8.44097e-10	-0.186254
8.44161e-10	-0.186361
8.44225e-10	-0.186469
8.44289e-10	-0.186577
8.44353e-10	-0.186685
8.44417e-10	-0.186793
8.44481e-10	-0.186901
8.44545e-10	-0.187009
8.44609e-10	-0.187118
8.44673e-10	-0.187226
8.44737e-10	-0.187334
8.44801e-10	-0.187442
8.44865e-10	-0.18755
8.44929e-10	-0.187658
8.44993e-10	-0.187766
8.45057e-10	-0.187874
8.45121e-10	-0.187982
8.45185e-10	-0.188091
8.45249e-10	-0.188199
8.45313e-10	-0.188307
8.45377e-10	-0.188415
8.45441e-10	-0.188524
8.45505e-10	-0.188632
8.45569e-10	-0.18874
8.45633e-10	-0.188848
8.45697e-10	-0.188957
8.45761e-10	-0.189065
8.45825e-10	-0.189173
8.45889e-10	-0.189282
8.45953e-10	-0.18939
8.46017e-10	-0.189498
8.46081e-10	-0.189607
8.46145e-10	-0.189715
8.46209e-10	-0.189823
8.46273e-10	-0.189932
8.46337e-10	-0.19004
8.46401e-10	-0.190149
8.46465e-10	-0.190257
8.46529e-10	-0.190366
8.46593e-10	-0.190474
8.46657e-10	-0.190583
8.46721e-10	-0.190691
8.46785e-10	-0.1908
8.46849e-10	-0.190908
8.46913e-10	-0.191017
8.46977e-10	-0.191125
8.47041e-10	-0.191234
8.47105e-10	-0.191342
8.47169e-10	-0.191451
8.47233e-10	-0.191559
8.47297e-10	-0.191668
8.47361e-10	-0.191777
8.47425e-10	-0.191885
8.47489e-10	-0.191994
8.47553e-10	-0.192103
8.47617e-10	-0.192211
8.47681e-10	-0.19232
8.47745e-10	-0.192429
8.47809e-10	-0.192538
8.47873e-10	-0.192646
8.47937e-10	-0.192755
8.48001e-10	-0.192864
8.48065e-10	-0.192973
8.48129e-10	-0.193081
8.48193e-10	-0.19319
8.48257e-10	-0.193299
8.48321e-10	-0.193408
8.48385e-10	-0.193517
8.48449e-10	-0.193625
8.48513e-10	-0.193734
8.48577e-10	-0.193843
8.48641e-10	-0.193952
8.48705e-10	-0.194061
8.48769e-10	-0.19417
8.48833e-10	-0.194279
8.48897e-10	-0.194388
8.48961e-10	-0.194497
8.49025e-10	-0.194606
8.49089e-10	-0.194714
8.49153e-10	-0.194823
8.49217e-10	-0.194932
8.49281e-10	-0.195041
8.49345e-10	-0.19515
8.49409e-10	-0.195259
8.49473e-10	-0.195369
8.49537e-10	-0.195478
8.49601e-10	-0.195587
8.49665e-10	-0.195696
8.49729e-10	-0.195805
8.49793e-10	-0.195914
8.49857e-10	-0.196023
8.49921e-10	-0.196132
8.49985e-10	-0.196241
8.50049e-10	-0.19635
8.50113e-10	-0.19646
8.50177e-10	-0.196569
8.50241e-10	-0.196678
8.50305e-10	-0.196787
8.50369e-10	-0.196896
8.50433e-10	-0.197005
8.50497e-10	-0.197115
8.50561e-10	-0.197224
8.50625e-10	-0.197333
8.50689e-10	-0.197442
8.50753e-10	-0.197552
8.50817e-10	-0.197661
8.50881e-10	-0.19777
8.50945e-10	-0.19788
8.51009e-10	-0.197989
8.51073e-10	-0.198098
8.51137e-10	-0.198208
8.51201e-10	-0.198317
8.51265e-10	-0.198426
8.51329e-10	-0.198536
8.51393e-10	-0.198645
8.51457e-10	-0.198754
8.51522e-10	-0.198864
8.51586e-10	-0.198973
8.5165e-10	-0.199083
8.51714e-10	-0.199192
8.51778e-10	-0.199301
8.51842e-10	-0.199411
8.51906e-10	-0.19952
8.5197e-10	-0.19963
8.52034e-10	-0.199739
8.52098e-10	-0.199849
8.52162e-10	-0.199958
8.52226e-10	-0.200068
8.5229e-10	-0.200177
8.52354e-10	-0.200287
8.52418e-10	-0.200397
8.52482e-10	-0.200506
8.52546e-10	-0.200616
8.5261e-10	-0.200725
8.52674e-10	-0.200835
8.52738e-10	-0.200944
8.52802e-10	-0.201054
8.52866e-10	-0.201164
8.5293e-10	-0.201273
8.52994e-10	-0.201383
8.53058e-10	-0.201493
8.53122e-10	-0.201602
8.53186e-10	-0.201712
8.5325e-10	-0.201822
8.53314e-10	-0.201931
8.53378e-10	-0.202041
8.53442e-10	-0.202151
8.53506e-10	-0.20226
8.5357e-10	-0.20237
8.53634e-10	-0.20248
8.53698e-10	-0.20259
8.53762e-10	-0.202699
8.53826e-10	-0.202809
8.5389e-10	-0.202919
8.53954e-10	-0.203029
8.54018e-10	-0.203139
8.54082e-10	-0.203248
8.54146e-10	-0.203358
8.5421e-10	-0.203468
8.54274e-10	-0.203578
8.54338e-10	-0.203688
8.54402e-10	-0.203798
8.54466e-10	-0.203908
8.5453e-10	-0.204017
8.54594e-10	-0.204127
8.54658e-10	-0.204237
8.54722e-10	-0.204347
8.54786e-10	-0.204457
8.5485e-10	-0.204567
8.54914e-10	-0.204677
8.54978e-10	-0.204787
8.55042e-10	-0.204897
8.55106e-10	-0.205007
8.5517e-10	-0.205117
8.55234e-10	-0.205227
8.55298e-10	-0.205337
8.55362e-10	-0.205447
8.55426e-10	-0.205557
8.5549e-10	-0.205667
8.55554e-10	-0.205777
8.55618e-10	-0.205887
8.55682e-10	-0.205997
8.55746e-10	-0.206107
8.5581e-10	-0.206217
8.55874e-10	-0.206327
8.55938e-10	-0.206437
8.56002e-10	-0.206547
8.56066e-10	-0.206657
8.5613e-10	-0.206767
8.56194e-10	-0.206878
8.56258e-10	-0.206988
8.56322e-10	-0.207098
8.56386e-10	-0.207208
8.5645e-10	-0.207318
8.56514e-10	-0.207428
8.56578e-10	-0.207538
8.56642e-10	-0.207649
8.56706e-10	-0.207759
8.5677e-10	-0.207869
8.56834e-10	-0.207979
8.56898e-10	-0.208089
8.56962e-10	-0.2082
8.57026e-10	-0.20831
8.5709e-10	-0.20842
8.57154e-10	-0.20853
8.57218e-10	-0.208641
8.57282e-10	-0.208751
8.57346e-10	-0.208861
8.5741e-10	-0.208971
8.57474e-10	-0.209082
8.57538e-10	-0.209192
8.57602e-10	-0.209302
8.57666e-10	-0.209413
8.5773e-10	-0.209523
8.57794e-10	-0.209633
8.57858e-10	-0.209744
8.57922e-10	-0.209854
8.57986e-10	-0.209964
8.5805e-10	-0.210075
8.58114e-10	-0.210185
8.58178e-10	-0.210295
8.58242e-10	-0.210406
8.58306e-10	-0.210516
8.5837e-10	-0.210627
8.58434e-10	-0.210737
8.58498e-10	-0.210847
8.58562e-10	-0.210958
8.58626e-10	-0.211068
8.5869e-10	-0.211179
8.58754e-10	-0.211289
8.58818e-10	-0.2114
8.58882e-10	-0.21151
8.58946e-10	-0.21162
8.5901e-10	-0.211731
8.59074e-10	-0.211841
8.59138e-10	-0.211952
8.59202e-10	-0.212062
8.59266e-10	-0.212173
8.5933e-10	-0.212283
8.59394e-10	-0.212394
8.59458e-10	-0.212504
8.59522e-10	-0.212615
8.59586e-10	-0.212726
8.5965e-10	-0.212836
8.59714e-10	-0.212947
8.59778e-10	-0.213057
8.59842e-10	-0.213168
8.59906e-10	-0.213278
8.5997e-10	-0.213389
8.60034e-10	-0.213499
8.60098e-10	-0.21361
8.60162e-10	-0.213721
8.60226e-10	-0.213831
8.60291e-10	-0.213942
8.60355e-10	-0.214053
8.60419e-10	-0.214163
8.60483e-10	-0.214274
8.60547e-10	-0.214384
8.60611e-10	-0.214495
8.60675e-10	-0.214606
8.60739e-10	-0.214716
8.60803e-10	-0.214827
8.60867e-10	-0.214938
8.60931e-10	-0.215048
8.60995e-10	-0.215159
8.61059e-10	-0.21527
8.61123e-10	-0.21538
8.61187e-10	-0.215491
8.61251e-10	-0.215602
8.61315e-10	-0.215713
8.61379e-10	-0.215823
8.61443e-10	-0.215934
8.61507e-10	-0.216045
8.61571e-10	-0.216156
8.61635e-10	-0.216266
8.61699e-10	-0.216377
8.61763e-10	-0.216488
8.61827e-10	-0.216599
8.61891e-10	-0.216709
8.61955e-10	-0.21682
8.62019e-10	-0.216931
8.62083e-10	-0.217042
8.62147e-10	-0.217152
8.62211e-10	-0.217263
8.62275e-10	-0.217374
8.62339e-10	-0.217485
8.62403e-10	-0.217596
8.62467e-10	-0.217707
8.62531e-10	-0.217817
8.62595e-10	-0.217928
8.62659e-10	-0.218039
8.62723e-10	-0.21815
8.62787e-10	-0.218261
8.62851e-10	-0.218372
8.62915e-10	-0.218482
8.62979e-10	-0.218593
8.63043e-10	-0.218704
8.63107e-10	-0.218815
8.63171e-10	-0.218926
8.63235e-10	-0.219037
8.63299e-10	-0.219148
8.63363e-10	-0.219259
8.63427e-10	-0.219369
8.63491e-10	-0.21948
8.63555e-10	-0.219591
8.63619e-10	-0.219702
8.63683e-10	-0.219813
8.63747e-10	-0.219924
8.63811e-10	-0.220035
8.63875e-10	-0.220146
8.63939e-10	-0.220257
8.64003e-10	-0.220368
8.64067e-10	-0.220479
8.64131e-10	-0.22059
8.64195e-10	-0.220701
8.64259e-10	-0.220812
8.64323e-10	-0.220923
8.64387e-10	-0.221034
8.64451e-10	-0.221145
8.64515e-10	-0.221256
8.64579e-10	-0.221367
8.64643e-10	-0.221478
8.64707e-10	-0.221589
8.64771e-10	-0.2217
8.64835e-10	-0.221811
8.64899e-10	-0.221922
8.64963e-10	-0.222033
8.65027e-10	-0.222144
8.65091e-10	-0.222255
8.65155e-10	-0.222366
8.65219e-10	-0.222477
8.65283e-10	-0.222588
8.65347e-10	-0.222699
8.65411e-10	-0.22281
8.65475e-10	-0.222921
8.65539e-10	-0.223032
8.65603e-10	-0.223143
8.65667e-10	-0.223254
8.65731e-10	-0.223365
8.65795e-10	-0.223476
8.65859e-10	-0.223587
8.65923e-10	-0.223698
8.65987e-10	-0.223809
8.66051e-10	-0.223921
8.66115e-10	-0.224032
8.66179e-10	-0.224143
8.66243e-10	-0.224254
8.66307e-10	-0.224365
8.66371e-10	-0.224476
8.66435e-10	-0.224587
8.66499e-10	-0.224698
8.66563e-10	-0.224809
8.66627e-10	-0.22492
8.66691e-10	-0.225032
8.66755e-10	-0.225143
8.66819e-10	-0.225254
8.66883e-10	-0.225365
8.66947e-10	-0.225476
8.67011e-10	-0.225587
8.67075e-10	-0.225698
8.67139e-10	-0.22581
8.67203e-10	-0.225921
8.67267e-10	-0.226032
8.67331e-10	-0.226143
8.67395e-10	-0.226254
8.67459e-10	-0.226365
8.67523e-10	-0.226476
8.67587e-10	-0.226588
8.67651e-10	-0.226699
8.67715e-10	-0.22681
8.67779e-10	-0.226921
8.67843e-10	-0.227032
8.67907e-10	-0.227144
8.67971e-10	-0.227255
8.68035e-10	-0.227366
8.68099e-10	-0.227477
8.68163e-10	-0.227588
8.68227e-10	-0.227699
8.68291e-10	-0.227811
8.68355e-10	-0.227922
8.68419e-10	-0.228033
8.68483e-10	-0.228144
8.68547e-10	-0.228255
8.68611e-10	-0.228367
8.68675e-10	-0.228478
8.68739e-10	-0.228589
8.68803e-10	-0.2287
8.68867e-10	-0.228812
8.68931e-10	-0.228923
8.68996e-10	-0.229034
8.6906e-10	-0.229145
8.69124e-10	-0.229256
8.69188e-10	-0.229368
8.69252e-10	-0.229479
8.69316e-10	-0.22959
8.6938e-10	-0.229701
8.69444e-10	-0.229813
8.69508e-10	-0.229924
8.69572e-10	-0.230035
8.69636e-10	-0.230146
8.697e-10	-0.230258
8.69764e-10	-0.230369
8.69828e-10	-0.23048
8.69892e-10	-0.230591
8.69956e-10	-0.230703
8.7002e-10	-0.230814
8.70084e-10	-0.230925
8.70148e-10	-0.231036
8.70212e-10	-0.231148
8.70276e-10	-0.231259
8.7034e-10	-0.23137
8.70404e-10	-0.231481
8.70468e-10	-0.231593
8.70532e-10	-0.231704
8.70596e-10	-0.231815
8.7066e-10	-0.231926
8.70724e-10	-0.232038
8.70788e-10	-0.232149
8.70852e-10	-0.23226
8.70916e-10	-0.232371
8.7098e-10	-0.232483
8.71044e-10	-0.232594
8.71108e-10	-0.232705
8.71172e-10	-0.232817
8.71236e-10	-0.232928
8.713e-10	-0.233039
8.71364e-10	-0.23315
8.71428e-10	-0.233262
8.71492e-10	-0.233373
8.71556e-10	-0.233484
8.7162e-10	-0.233596
8.71684e-10	-0.233707
8.71748e-10	-0.233818
8.71812e-10	-0.233929
8.71876e-10	-0.234041
8.7194e-10	-0.234152
8.72004e-10	-0.234263
8.72068e-10	-0.234375
8.72132e-10	-0.234486
8.72196e-10	-0.234597
8.7226e-10	-0.234708
8.72324e-10	-0.23482
8.72388e-10	-0.234931
8.72452e-10	-0.235042
8.72516e-10	-0.235154
8.7258e-10	-0.235265
8.72644e-10	-0.235376
8.72708e-10	-0.235487
8.72772e-10	-0.235599
8.72836e-10	-0.23571
8.729e-10	-0.235821
8.72964e-10	-0.235933
8.73028e-10	-0.236044
8.73092e-10	-0.236155
8.73156e-10	-0.236266
8.7322e-10	-0.236378
8.73284e-10	-0.236489
8.73348e-10	-0.2366
8.73412e-10	-0.236712
8.73476e-10	-0.236823
8.7354e-10	-0.236934
8.73604e-10	-0.237046
8.73668e-10	-0.237157
8.73732e-10	-0.237268
8.73796e-10	-0.237379
8.7386e-10	-0.237491
8.73924e-10	-0.237602
8.73988e-10	-0.237713
8.74052e-10	-0.237825
8.74116e-10	-0.237936
8.7418e-10	-0.238047
8.74244e-10	-0.238158
8.74308e-10	-0.23827
8.74372e-10	-0.238381
8.74436e-10	-0.238492
8.745e-10	-0.238604
8.74564e-10	-0.238715
8.74628e-10	-0.238826
8.74692e-10	-0.238937
8.74756e-10	-0.239049
8.7482e-10	-0.23916
8.74884e-10	-0.239271
8.74948e-10	-0.239382
8.75012e-10	-0.239494
8.75076e-10	-0.239605
8.7514e-10	-0.239716
8.75204e-10	-0.239828
8.75268e-10	-0.239939
8.75332e-10	-0.24005
8.75396e-10	-0.240161
8.7546e-10	-0.240273
8.75524e-10	-0.240384
8.75588e-10	-0.240495
8.75652e-10	-0.240606
8.75716e-10	-0.240718
8.7578e-10	-0.240829
8.75844e-10	-0.24094
8.75908e-10	-0.241051
8.75972e-10	-0.241163
8.76036e-10	-0.241274
8.761e-10	-0.241385
8.76164e-10	-0.241496
8.76228e-10	-0.241608
8.76292e-10	-0.241719
8.76356e-10	-0.24183
8.7642e-10	-0.241941
8.76484e-10	-0.242053
8.76548e-10	-0.242164
8.76612e-10	-0.242275
8.76676e-10	-0.242386
8.7674e-10	-0.242498
8.76804e-10	-0.242609
8.76868e-10	-0.24272
8.76932e-10	-0.242831
8.76996e-10	-0.242942
8.7706e-10	-0.243054
8.77124e-10	-0.243165
8.77188e-10	-0.243276
8.77252e-10	-0.243387
8.77316e-10	-0.243499
8.7738e-10	-0.24361
8.77444e-10	-0.243721
8.77508e-10	-0.243832
8.77572e-10	-0.243943
8.77636e-10	-0.244055
8.777e-10	-0.244166
8.77765e-10	-0.244277
8.77829e-10	-0.244388
8.77893e-10	-0.244499
8.77957e-10	-0.24461
8.78021e-10	-0.244722
8.78085e-10	-0.244833
8.78149e-10	-0.244944
8.78213e-10	-0.245055
8.78277e-10	-0.245166
8.78341e-10	-0.245278
8.78405e-10	-0.245389
8.78469e-10	-0.2455
8.78533e-10	-0.245611
8.78597e-10	-0.245722
8.78661e-10	-0.245833
8.78725e-10	-0.245944
8.78789e-10	-0.246056
8.78853e-10	-0.246167
8.78917e-10	-0.246278
8.78981e-10	-0.246389
8.79045e-10	-0.2465
8.79109e-10	-0.246611
8.79173e-10	-0.246722
8.79237e-10	-0.246834
8.79301e-10	-0.246945
8.79365e-10	-0.247056
8.79429e-10	-0.247167
8.79493e-10	-0.247278
8.79557e-10	-0.247389
8.79621e-10	-0.2475
8.79685e-10	-0.247611
8.79749e-10	-0.247722
8.79813e-10	-0.247833
8.79877e-10	-0.247944
8.79941e-10	-0.248056
8.80005e-10	-0.248167
8.80069e-10	-0.248278
8.80133e-10	-0.248389
8.80197e-10	-0.2485
8.80261e-10	-0.248611
8.80325e-10	-0.248722
8.80389e-10	-0.248833
8.80453e-10	-0.248944
8.80517e-10	-0.249055
8.80581e-10	-0.249166
8.80645e-10	-0.249277
8.80709e-10	-0.249388
8.80773e-10	-0.249499
8.80837e-10	-0.24961
8.80901e-10	-0.249721
8.80965e-10	-0.249832
8.81029e-10	-0.249943
8.81093e-10	-0.250054
8.81157e-10	-0.250165
8.81221e-10	-0.250276
8.81285e-10	-0.250387
8.81349e-10	-0.250498
8.81413e-10	-0.250609
8.81477e-10	-0.25072
8.81541e-10	-0.250831
8.81605e-10	-0.250942
8.81669e-10	-0.251053
8.81733e-10	-0.251164
8.81797e-10	-0.251275
8.81861e-10	-0.251386
8.81925e-10	-0.251497
8.81989e-10	-0.251608
8.82053e-10	-0.251719
8.82117e-10	-0.25183
8.82181e-10	-0.25194
8.82245e-10	-0.252051
8.82309e-10	-0.252162
8.82373e-10	-0.252273
8.82437e-10	-0.252384
8.82501e-10	-0.252495
8.82565e-10	-0.252606
8.82629e-10	-0.252717
8.82693e-10	-0.252828
8.82757e-10	-0.252938
8.82821e-10	-0.253049
8.82885e-10	-0.25316
8.82949e-10	-0.253271
8.83013e-10	-0.253382
8.83077e-10	-0.253493
8.83141e-10	-0.253604
8.83205e-10	-0.253714
8.83269e-10	-0.253825
8.83333e-10	-0.253936
8.83397e-10	-0.254047
8.83461e-10	-0.254158
8.83525e-10	-0.254268
8.83589e-10	-0.254379
8.83653e-10	-0.25449
8.83717e-10	-0.254601
8.83781e-10	-0.254712
8.83845e-10	-0.254822
8.83909e-10	-0.254933
8.83973e-10	-0.255044
8.84037e-10	-0.255155
8.84101e-10	-0.255265
8.84165e-10	-0.255376
8.84229e-10	-0.255487
8.84293e-10	-0.255598
8.84357e-10	-0.255708
8.84421e-10	-0.255819
8.84485e-10	-0.25593
8.84549e-10	-0.25604
8.84613e-10	-0.256151
8.84677e-10	-0.256262
8.84741e-10	-0.256372
8.84805e-10	-0.256483
8.84869e-10	-0.256594
8.84933e-10	-0.256704
8.84997e-10	-0.256815
8.85061e-10	-0.256926
8.85125e-10	-0.257036
8.85189e-10	-0.257147
8.85253e-10	-0.257257
8.85317e-10	-0.257368
8.85381e-10	-0.257479
8.85445e-10	-0.257589
8.85509e-10	-0.2577
8.85573e-10	-0.25781
8.85637e-10	-0.257921
8.85701e-10	-0.258032
8.85765e-10	-0.258142
8.85829e-10	-0.258253
8.85893e-10	-0.258363
8.85957e-10	-0.258474
8.86021e-10	-0.258584
8.86085e-10	-0.258695
8.86149e-10	-0.258805
8.86213e-10	-0.258916
8.86277e-10	-0.259026
8.86341e-10	-0.259137
8.86405e-10	-0.259247
8.8647e-10	-0.259358
8.86534e-10	-0.259468
8.86598e-10	-0.259579
8.86662e-10	-0.259689
8.86726e-10	-0.2598
8.8679e-10	-0.25991
8.86854e-10	-0.26002
8.86918e-10	-0.260131
8.86982e-10	-0.260241
8.87046e-10	-0.260352
8.8711e-10	-0.260462
8.87174e-10	-0.260572
8.87238e-10	-0.260683
8.87302e-10	-0.260793
8.87366e-10	-0.260904
8.8743e-10	-0.261014
8.87494e-10	-0.261124
8.87558e-10	-0.261235
8.87622e-10	-0.261345
8.87686e-10	-0.261455
8.8775e-10	-0.261566
8.87814e-10	-0.261676
8.87878e-10	-0.261786
8.87942e-10	-0.261896
8.88006e-10	-0.262007
8.8807e-10	-0.262117
8.88134e-10	-0.262227
8.88198e-10	-0.262337
8.88262e-10	-0.262448
8.88326e-10	-0.262558
8.8839e-10	-0.262668
8.88454e-10	-0.262778
8.88518e-10	-0.262889
8.88582e-10	-0.262999
8.88646e-10	-0.263109
8.8871e-10	-0.263219
8.88774e-10	-0.263329
8.88838e-10	-0.263439
8.88902e-10	-0.26355
8.88966e-10	-0.26366
8.8903e-10	-0.26377
8.89094e-10	-0.26388
8.89158e-10	-0.26399
8.89222e-10	-0.2641
8.89286e-10	-0.26421
8.8935e-10	-0.26432
8.89414e-10	-0.26443
8.89478e-10	-0.26454
8.89542e-10	-0.26465
8.89606e-10	-0.264761
8.8967e-10	-0.264871
8.89734e-10	-0.264981
8.89798e-10	-0.265091
8.89862e-10	-0.265201
8.89926e-10	-0.265311
8.8999e-10	-0.265421
8.90054e-10	-0.265531
8.90118e-10	-0.26564
8.90182e-10	-0.26575
8.90246e-10	-0.26586
8.9031e-10	-0.26597
8.90374e-10	-0.26608
8.90438e-10	-0.26619
8.90502e-10	-0.2663
8.90566e-10	-0.26641
8.9063e-10	-0.26652
8.90694e-10	-0.26663
8.90758e-10	-0.26674
8.90822e-10	-0.266849
8.90886e-10	-0.266959
8.9095e-10	-0.267069
8.91014e-10	-0.267179
8.91078e-10	-0.267289
8.91142e-10	-0.267398
8.91206e-10	-0.267508
8.9127e-10	-0.267618
8.91334e-10	-0.267728
8.91398e-10	-0.267837
8.91462e-10	-0.267947
8.91526e-10	-0.268057
8.9159e-10	-0.268167
8.91654e-10	-0.268276
8.91718e-10	-0.268386
8.91782e-10	-0.268496
8.91846e-10	-0.268605
8.9191e-10	-0.268715
8.91974e-10	-0.268825
8.92038e-10	-0.268934
8.92102e-10	-0.269044
8.92166e-10	-0.269154
8.9223e-10	-0.269263
8.92294e-10	-0.269373
8.92358e-10	-0.269482
8.92422e-10	-0.269592
8.92486e-10	-0.269701
8.9255e-10	-0.269811
8.92614e-10	-0.269921
8.92678e-10	-0.27003
8.92742e-10	-0.27014
8.92806e-10	-0.270249
8.9287e-10	-0.270359
8.92934e-10	-0.270468
8.92998e-10	-0.270578
8.93062e-10	-0.270687
8.93126e-10	-0.270796
8.9319e-10	-0.270906
8.93254e-10	-0.271015
8.93318e-10	-0.271125
8.93382e-10	-0.271234
8.93446e-10	-0.271343
8.9351e-10	-0.271453
8.93574e-10	-0.271562
8.93638e-10	-0.271671
8.93702e-10	-0.271781
8.93766e-10	-0.27189
8.9383e-10	-0.271999
8.93894e-10	-0.272109
8.93958e-10	-0.272218
8.94022e-10	-0.272327
8.94086e-10	-0.272436
8.9415e-10	-0.272546
8.94214e-10	-0.272655
8.94278e-10	-0.272764
8.94342e-10	-0.272873
8.94406e-10	-0.272983
8.9447e-10	-0.273092
8.94534e-10	-0.273201
8.94598e-10	-0.27331
8.94662e-10	-0.273419
8.94726e-10	-0.273528
8.9479e-10	-0.273637
8.94854e-10	-0.273747
8.94918e-10	-0.273856
8.94982e-10	-0.273965
8.95046e-10	-0.274074
8.9511e-10	-0.274183
8.95174e-10	-0.274292
8.95239e-10	-0.274401
8.95303e-10	-0.27451
8.95367e-10	-0.274619
8.95431e-10	-0.274728
8.95495e-10	-0.274837
8.95559e-10	-0.274946
8.95623e-10	-0.275055
8.95687e-10	-0.275164
8.95751e-10	-0.275272
8.95815e-10	-0.275381
8.95879e-10	-0.27549
8.95943e-10	-0.275599
8.96007e-10	-0.275708
8.96071e-10	-0.275817
8.96135e-10	-0.275926
8.96199e-10	-0.276034
8.96263e-10	-0.276143
8.96327e-10	-0.276252
8.96391e-10	-0.276361
8.96455e-10	-0.27647
8.96519e-10	-0.276578
8.96583e-10	-0.276687
8.96647e-10	-0.276796
8.96711e-10	-0.276904
8.96775e-10	-0.277013
8.96839e-10	-0.277122
8.96903e-10	-0.27723
8.96967e-10	-0.277339
8.97031e-10	-0.277448
8.97095e-10	-0.277556
8.97159e-10	-0.277665
8.97223e-10	-0.277773
8.97287e-10	-0.277882
8.97351e-10	-0.277991
8.97415e-10	-0.278099
8.97479e-10	-0.278208
8.97543e-10	-0.278316
8.97607e-10	-0.278425
8.97671e-10	-0.278533
8.97735e-10	-0.278642
8.97799e-10	-0.27875
8.97863e-10	-0.278858
8.97927e-10	-0.278967
8.97991e-10	-0.279075
8.98055e-10	-0.279184
8.98119e-10	-0.279292
8.98183e-10	-0.2794
8.98247e-10	-0.279509
8.98311e-10	-0.279617
8.98375e-10	-0.279725
8.98439e-10	-0.279834
8.98503e-10	-0.279942
8.98567e-10	-0.28005
8.98631e-10	-0.280158
8.98695e-10	-0.280267
8.98759e-10	-0.280375
8.98823e-10	-0.280483
8.98887e-10	-0.280591
8.98951e-10	-0.280699
8.99015e-10	-0.280808
8.99079e-10	-0.280916
8.99143e-10	-0.281024
8.99207e-10	-0.281132
8.99271e-10	-0.28124
8.99335e-10	-0.281348
8.99399e-10	-0.281456
8.99463e-10	-0.281564
8.99527e-10	-0.281672
8.99591e-10	-0.28178
8.99655e-10	-0.281888
8.99719e-10	-0.281996
8.99783e-10	-0.282104
8.99847e-10	-0.282212
8.99911e-10	-0.28232
8.99975e-10	-0.282428
9.00039e-10	-0.282536
9.00103e-10	-0.282644
9.00167e-10	-0.282752
9.00231e-10	-0.282859
9.00295e-10	-0.282967
9.00359e-10	-0.283075
9.00423e-10	-0.283183
9.00487e-10	-0.283291
9.00551e-10	-0.283398
9.00615e-10	-0.283506
9.00679e-10	-0.283614
9.00743e-10	-0.283722
9.00807e-10	-0.283829
9.00871e-10	-0.283937
9.00935e-10	-0.284045
9.00999e-10	-0.284152
9.01063e-10	-0.28426
9.01127e-10	-0.284367
9.01191e-10	-0.284475
9.01255e-10	-0.284583
9.01319e-10	-0.28469
9.01383e-10	-0.284798
9.01447e-10	-0.284905
9.01511e-10	-0.285013
9.01575e-10	-0.28512
9.01639e-10	-0.285228
9.01703e-10	-0.285335
9.01767e-10	-0.285442
9.01831e-10	-0.28555
9.01895e-10	-0.285657
9.01959e-10	-0.285765
9.02023e-10	-0.285872
9.02087e-10	-0.285979
9.02151e-10	-0.286087
9.02215e-10	-0.286194
9.02279e-10	-0.286301
9.02343e-10	-0.286409
9.02407e-10	-0.286516
9.02471e-10	-0.286623
9.02535e-10	-0.28673
9.02599e-10	-0.286837
9.02663e-10	-0.286945
9.02727e-10	-0.287052
9.02791e-10	-0.287159
9.02855e-10	-0.287266
9.02919e-10	-0.287373
9.02983e-10	-0.28748
9.03047e-10	-0.287587
9.03111e-10	-0.287694
9.03175e-10	-0.287801
9.03239e-10	-0.287908
9.03303e-10	-0.288015
9.03367e-10	-0.288122
9.03431e-10	-0.288229
9.03495e-10	-0.288336
9.03559e-10	-0.288443
9.03623e-10	-0.28855
9.03687e-10	-0.288657
9.03751e-10	-0.288764
9.03815e-10	-0.288871
9.03879e-10	-0.288977
9.03944e-10	-0.289084
9.04008e-10	-0.289191
9.04072e-10	-0.289298
9.04136e-10	-0.289404
9.042e-10	-0.289511
9.04264e-10	-0.289618
9.04328e-10	-0.289725
9.04392e-10	-0.289831
9.04456e-10	-0.289938
9.0452e-10	-0.290045
9.04584e-10	-0.290151
9.04648e-10	-0.290258
9.04712e-10	-0.290364
9.04776e-10	-0.290471
9.0484e-10	-0.290577
9.04904e-10	-0.290684
9.04968e-10	-0.29079
9.05032e-10	-0.290897
9.05096e-10	-0.291003
9.0516e-10	-0.29111
9.05224e-10	-0.291216
9.05288e-10	-0.291322
9.05352e-10	-0.291429
9.05416e-10	-0.291535
9.0548e-10	-0.291642
9.05544e-10	-0.291748
9.05608e-10	-0.291854
9.05672e-10	-0.29196
9.05736e-10	-0.292067
9.058e-10	-0.292173
9.05864e-10	-0.292279
9.05928e-10	-0.292385
9.05992e-10	-0.292491
9.06056e-10	-0.292598
9.0612e-10	-0.292704
9.06184e-10	-0.29281
9.06248e-10	-0.292916
9.06312e-10	-0.293022
9.06376e-10	-0.293128
9.0644e-10	-0.293234
9.06504e-10	-0.29334
9.06568e-10	-0.293446
9.06632e-10	-0.293552
9.06696e-10	-0.293658
9.0676e-10	-0.293764
9.06824e-10	-0.29387
9.06888e-10	-0.293976
9.06952e-10	-0.294081
9.07016e-10	-0.294187
9.0708e-10	-0.294293
9.07144e-10	-0.294399
9.07208e-10	-0.294505
9.07272e-10	-0.29461
9.07336e-10	-0.294716
9.074e-10	-0.294822
9.07464e-10	-0.294927
9.07528e-10	-0.295033
9.07592e-10	-0.295139
9.07656e-10	-0.295244
9.0772e-10	-0.29535
9.07784e-10	-0.295456
9.07848e-10	-0.295561
9.07912e-10	-0.295667
9.07976e-10	-0.295772
9.0804e-10	-0.295878
9.08104e-10	-0.295983
9.08168e-10	-0.296088
9.08232e-10	-0.296194
9.08296e-10	-0.296299
9.0836e-10	-0.296405
9.08424e-10	-0.29651
9.08488e-10	-0.296615
9.08552e-10	-0.296721
9.08616e-10	-0.296826
9.0868e-10	-0.296931
9.08744e-10	-0.297036
9.08808e-10	-0.297142
9.08872e-10	-0.297247
9.08936e-10	-0.297352
9.09e-10	-0.297457
9.09064e-10	-0.297562
9.09128e-10	-0.297667
9.09192e-10	-0.297772
9.09256e-10	-0.297877
9.0932e-10	-0.297983
9.09384e-10	-0.298088
9.09448e-10	-0.298193
9.09512e-10	-0.298297
9.09576e-10	-0.298402
9.0964e-10	-0.298507
9.09704e-10	-0.298612
9.09768e-10	-0.298717
9.09832e-10	-0.298822
9.09896e-10	-0.298927
9.0996e-10	-0.299032
9.10024e-10	-0.299136
9.10088e-10	-0.299241
9.10152e-10	-0.299346
9.10216e-10	-0.299451
9.1028e-10	-0.299555
9.10344e-10	-0.29966
9.10408e-10	-0.299765
9.10472e-10	-0.299869
9.10536e-10	-0.299974
9.106e-10	-0.300078
9.10664e-10	-0.300183
9.10728e-10	-0.300287
9.10792e-10	-0.300392
9.10856e-10	-0.300496
9.1092e-10	-0.300601
9.10984e-10	-0.300705
9.11048e-10	-0.30081
9.11112e-10	-0.300914
9.11176e-10	-0.301018
9.1124e-10	-0.301123
9.11304e-10	-0.301227
9.11368e-10	-0.301331
9.11432e-10	-0.301436
9.11496e-10	-0.30154
9.1156e-10	-0.301644
9.11624e-10	-0.301748
9.11688e-10	-0.301852
9.11752e-10	-0.301956
9.11816e-10	-0.302061
9.1188e-10	-0.302165
9.11944e-10	-0.302269
9.12008e-10	-0.302373
9.12072e-10	-0.302477
9.12136e-10	-0.302581
9.122e-10	-0.302685
9.12264e-10	-0.302789
9.12328e-10	-0.302892
9.12392e-10	-0.302996
9.12456e-10	-0.3031
9.1252e-10	-0.303204
9.12584e-10	-0.303308
9.12648e-10	-0.303412
9.12713e-10	-0.303515
9.12777e-10	-0.303619
9.12841e-10	-0.303723
9.12905e-10	-0.303827
9.12969e-10	-0.30393
9.13033e-10	-0.304034
9.13097e-10	-0.304137
9.13161e-10	-0.304241
9.13225e-10	-0.304345
9.13289e-10	-0.304448
9.13353e-10	-0.304552
9.13417e-10	-0.304655
9.13481e-10	-0.304758
9.13545e-10	-0.304862
9.13609e-10	-0.304965
9.13673e-10	-0.305069
9.13737e-10	-0.305172
9.13801e-10	-0.305275
9.13865e-10	-0.305379
9.13929e-10	-0.305482
9.13993e-10	-0.305585
9.14057e-10	-0.305688
9.14121e-10	-0.305792
9.14185e-10	-0.305895
9.14249e-10	-0.305998
9.14313e-10	-0.306101
9.14377e-10	-0.306204
9.14441e-10	-0.306307
9.14505e-10	-0.30641
9.14569e-10	-0.306513
9.14633e-10	-0.306616
9.14697e-10	-0.306719
9.14761e-10	-0.306822
9.14825e-10	-0.306925
9.14889e-10	-0.307028
9.14953e-10	-0.307131
9.15017e-10	-0.307233
9.15081e-10	-0.307336
9.15145e-10	-0.307439
9.15209e-10	-0.307542
9.15273e-10	-0.307644
9.15337e-10	-0.307747
9.15401e-10	-0.30785
9.15465e-10	-0.307952
9.15529e-10	-0.308055
9.15593e-10	-0.308158
9.15657e-10	-0.30826
9.15721e-10	-0.308363
9.15785e-10	-0.308465
9.15849e-10	-0.308568
9.15913e-10	-0.30867
9.15977e-10	-0.308772
9.16041e-10	-0.308875
9.16105e-10	-0.308977
9.16169e-10	-0.30908
9.16233e-10	-0.309182
9.16297e-10	-0.309284
9.16361e-10	-0.309386
9.16425e-10	-0.309489
9.16489e-10	-0.309591
9.16553e-10	-0.309693
9.16617e-10	-0.309795
9.16681e-10	-0.309897
9.16745e-10	-0.309999
9.16809e-10	-0.310101
9.16873e-10	-0.310203
9.16937e-10	-0.310305
9.17001e-10	-0.310407
9.17065e-10	-0.310509
9.17129e-10	-0.310611
9.17193e-10	-0.310713
9.17257e-10	-0.310815
9.17321e-10	-0.310917
9.17385e-10	-0.311018
9.17449e-10	-0.31112
9.17513e-10	-0.311222
9.17577e-10	-0.311324
9.17641e-10	-0.311425
9.17705e-10	-0.311527
9.17769e-10	-0.311629
9.17833e-10	-0.31173
9.17897e-10	-0.311832
9.17961e-10	-0.311933
9.18025e-10	-0.312035
9.18089e-10	-0.312136
9.18153e-10	-0.312238
9.18217e-10	-0.312339
9.18281e-10	-0.31244
9.18345e-10	-0.312542
9.18409e-10	-0.312643
9.18473e-10	-0.312744
9.18537e-10	-0.312846
9.18601e-10	-0.312947
9.18665e-10	-0.313048
9.18729e-10	-0.313149
9.18793e-10	-0.31325
9.18857e-10	-0.313352
9.18921e-10	-0.313453
9.18985e-10	-0.313554
9.19049e-10	-0.313655
9.19113e-10	-0.313756
9.19177e-10	-0.313857
9.19241e-10	-0.313958
9.19305e-10	-0.314059
9.19369e-10	-0.314159
9.19433e-10	-0.31426
9.19497e-10	-0.314361
9.19561e-10	-0.314462
9.19625e-10	-0.314563
9.19689e-10	-0.314663
9.19753e-10	-0.314764
9.19817e-10	-0.314865
9.19881e-10	-0.314965
9.19945e-10	-0.315066
9.20009e-10	-0.315167
9.20073e-10	-0.315267
9.20137e-10	-0.315368
9.20201e-10	-0.315468
9.20265e-10	-0.315569
9.20329e-10	-0.315669
9.20393e-10	-0.315769
9.20457e-10	-0.31587
9.20521e-10	-0.31597
9.20585e-10	-0.31607
9.20649e-10	-0.316171
9.20713e-10	-0.316271
9.20777e-10	-0.316371
9.20841e-10	-0.316471
9.20905e-10	-0.316572
9.20969e-10	-0.316672
9.21033e-10	-0.316772
9.21097e-10	-0.316872
9.21161e-10	-0.316972
9.21225e-10	-0.317072
9.21289e-10	-0.317172
9.21353e-10	-0.317272
9.21418e-10	-0.317372
9.21482e-10	-0.317471
9.21546e-10	-0.317571
9.2161e-10	-0.317671
9.21674e-10	-0.317771
9.21738e-10	-0.317871
9.21802e-10	-0.31797
9.21866e-10	-0.31807
9.2193e-10	-0.31817
9.21994e-10	-0.318269
9.22058e-10	-0.318369
9.22122e-10	-0.318468
9.22186e-10	-0.318568
9.2225e-10	-0.318667
9.22314e-10	-0.318767
9.22378e-10	-0.318866
9.22442e-10	-0.318966
9.22506e-10	-0.319065
9.2257e-10	-0.319164
9.22634e-10	-0.319264
9.22698e-10	-0.319363
9.22762e-10	-0.319462
9.22826e-10	-0.319561
9.2289e-10	-0.31966
9.22954e-10	-0.31976
9.23018e-10	-0.319859
9.23082e-10	-0.319958
9.23146e-10	-0.320057
9.2321e-10	-0.320156
9.23274e-10	-0.320255
9.23338e-10	-0.320354
9.23402e-10	-0.320452
9.23466e-10	-0.320551
9.2353e-10	-0.32065
9.23594e-10	-0.320749
9.23658e-10	-0.320848
9.23722e-10	-0.320946
9.23786e-10	-0.321045
9.2385e-10	-0.321144
9.23914e-10	-0.321242
9.23978e-10	-0.321341
9.24042e-10	-0.32144
9.24106e-10	-0.321538
9.2417e-10	-0.321637
9.24234e-10	-0.321735
9.24298e-10	-0.321834
9.24362e-10	-0.321932
9.24426e-10	-0.32203
9.2449e-10	-0.322129
9.24554e-10	-0.322227
9.24618e-10	-0.322325
9.24682e-10	-0.322423
9.24746e-10	-0.322522
9.2481e-10	-0.32262
9.24874e-10	-0.322718
9.24938e-10	-0.322816
9.25002e-10	-0.322914
9.25066e-10	-0.323012
9.2513e-10	-0.32311
9.25194e-10	-0.323208
9.25258e-10	-0.323306
9.25322e-10	-0.323404
9.25386e-10	-0.323502
9.2545e-10	-0.3236
9.25514e-10	-0.323697
9.25578e-10	-0.323795
9.25642e-10	-0.323893
9.25706e-10	-0.32399
9.2577e-10	-0.324088
9.25834e-10	-0.324186
9.25898e-10	-0.324283
9.25962e-10	-0.324381
9.26026e-10	-0.324478
9.2609e-10	-0.324576
9.26154e-10	-0.324673
9.26218e-10	-0.324771
9.26282e-10	-0.324868
9.26346e-10	-0.324965
9.2641e-10	-0.325063
9.26474e-10	-0.32516
9.26538e-10	-0.325257
9.26602e-10	-0.325354
9.26666e-10	-0.325451
9.2673e-10	-0.325549
9.26794e-10	-0.325646
9.26858e-10	-0.325743
9.26922e-10	-0.32584
9.26986e-10	-0.325937
9.2705e-10	-0.326034
9.27114e-10	-0.326131
9.27178e-10	-0.326227
9.27242e-10	-0.326324
9.27306e-10	-0.326421
9.2737e-10	-0.326518
9.27434e-10	-0.326614
9.27498e-10	-0.326711
9.27562e-10	-0.326808
9.27626e-10	-0.326904
9.2769e-10	-0.327001
9.27754e-10	-0.327098
9.27818e-10	-0.327194
9.27882e-10	-0.327291
9.27946e-10	-0.327387
9.2801e-10	-0.327483
9.28074e-10	-0.32758
9.28138e-10	-0.327676
9.28202e-10	-0.327772
9.28266e-10	-0.327869
9.2833e-10	-0.327965
9.28394e-10	-0.328061
9.28458e-10	-0.328157
9.28522e-10	-0.328253
9.28586e-10	-0.328349
9.2865e-10	-0.328445
9.28714e-10	-0.328541
9.28778e-10	-0.328637
9.28842e-10	-0.328733
9.28906e-10	-0.328829
9.2897e-10	-0.328925
9.29034e-10	-0.329021
9.29098e-10	-0.329117
9.29162e-10	-0.329212
9.29226e-10	-0.329308
9.2929e-10	-0.329404
9.29354e-10	-0.329499
9.29418e-10	-0.329595
9.29482e-10	-0.32969
9.29546e-10	-0.329786
9.2961e-10	-0.329881
9.29674e-10	-0.329977
9.29738e-10	-0.330072
9.29802e-10	-0.330168
9.29866e-10	-0.330263
9.2993e-10	-0.330358
9.29994e-10	-0.330454
9.30058e-10	-0.330549
9.30123e-10	-0.330644
9.30187e-10	-0.330739
9.30251e-10	-0.330834
9.30315e-10	-0.330929
9.30379e-10	-0.331024
9.30443e-10	-0.331119
9.30507e-10	-0.331214
9.30571e-10	-0.331309
9.30635e-10	-0.331404
9.30699e-10	-0.331499
9.30763e-10	-0.331594
9.30827e-10	-0.331688
9.30891e-10	-0.331783
9.30955e-10	-0.331878
9.31019e-10	-0.331972
9.31083e-10	-0.332067
9.31147e-10	-0.332161
9.31211e-10	-0.332256
9.31275e-10	-0.33235
9.31339e-10	-0.332445
9.31403e-10	-0.332539
9.31467e-10	-0.332634
9.31531e-10	-0.332728
9.31595e-10	-0.332822
9.31659e-10	-0.332917
9.31723e-10	-0.333011
9.31787e-10	-0.333105
9.31851e-10	-0.333199
9.31915e-10	-0.333293
9.31979e-10	-0.333387
9.32043e-10	-0.333481
9.32107e-10	-0.333575
9.32171e-10	-0.333669
9.32235e-10	-0.333763
9.32299e-10	-0.333857
9.32363e-10	-0.333951
9.32427e-10	-0.334044
9.32491e-10	-0.334138
9.32555e-10	-0.334232
9.32619e-10	-0.334326
9.32683e-10	-0.334419
9.32747e-10	-0.334513
9.32811e-10	-0.334606
9.32875e-10	-0.3347
9.32939e-10	-0.334793
9.33003e-10	-0.334887
9.33067e-10	-0.33498
9.33131e-10	-0.335073
9.33195e-10	-0.335167
9.33259e-10	-0.33526
9.33323e-10	-0.335353
9.33387e-10	-0.335446
9.33451e-10	-0.335539
9.33515e-10	-0.335633
9.33579e-10	-0.335726
9.33643e-10	-0.335819
9.33707e-10	-0.335912
9.33771e-10	-0.336004
9.33835e-10	-0.336097
9.33899e-10	-0.33619
9.33963e-10	-0.336283
9.34027e-10	-0.336376
9.34091e-10	-0.336469
9.34155e-10	-0.336561
9.34219e-10	-0.336654
9.34283e-10	-0.336746
9.34347e-10	-0.336839
9.34411e-10	-0.336932
9.34475e-10	-0.337024
9.34539e-10	-0.337116
9.34603e-10	-0.337209
9.34667e-10	-0.337301
9.34731e-10	-0.337394
9.34795e-10	-0.337486
9.34859e-10	-0.337578
9.34923e-10	-0.33767
9.34987e-10	-0.337762
9.35051e-10	-0.337855
9.35115e-10	-0.337947
9.35179e-10	-0.338039
9.35243e-10	-0.338131
9.35307e-10	-0.338223
9.35371e-10	-0.338314
9.35435e-10	-0.338406
9.35499e-10	-0.338498
9.35563e-10	-0.33859
9.35627e-10	-0.338682
9.35691e-10	-0.338773
9.35755e-10	-0.338865
9.35819e-10	-0.338957
9.35883e-10	-0.339048
9.35947e-10	-0.33914
9.36011e-10	-0.339231
9.36075e-10	-0.339323
9.36139e-10	-0.339414
9.36203e-10	-0.339505
9.36267e-10	-0.339597
9.36331e-10	-0.339688
9.36395e-10	-0.339779
9.36459e-10	-0.33987
9.36523e-10	-0.339961
9.36587e-10	-0.340052
9.36651e-10	-0.340144
9.36715e-10	-0.340235
9.36779e-10	-0.340325
9.36843e-10	-0.340416
9.36907e-10	-0.340507
9.36971e-10	-0.340598
9.37035e-10	-0.340689
9.37099e-10	-0.34078
9.37163e-10	-0.34087
9.37227e-10	-0.340961
9.37291e-10	-0.341052
9.37355e-10	-0.341142
9.37419e-10	-0.341233
9.37483e-10	-0.341323
9.37547e-10	-0.341414
9.37611e-10	-0.341504
9.37675e-10	-0.341594
9.37739e-10	-0.341685
9.37803e-10	-0.341775
9.37867e-10	-0.341865
9.37931e-10	-0.341955
9.37995e-10	-0.342046
9.38059e-10	-0.342136
9.38123e-10	-0.342226
9.38187e-10	-0.342316
9.38251e-10	-0.342406
9.38315e-10	-0.342496
9.38379e-10	-0.342585
9.38443e-10	-0.342675
9.38507e-10	-0.342765
9.38571e-10	-0.342855
9.38635e-10	-0.342945
9.38699e-10	-0.343034
9.38763e-10	-0.343124
9.38827e-10	-0.343213
9.38892e-10	-0.343303
9.38956e-10	-0.343392
9.3902e-10	-0.343482
9.39084e-10	-0.343571
9.39148e-10	-0.343661
9.39212e-10	-0.34375
9.39276e-10	-0.343839
9.3934e-10	-0.343928
9.39404e-10	-0.344017
9.39468e-10	-0.344107
9.39532e-10	-0.344196
9.39596e-10	-0.344285
9.3966e-10	-0.344374
9.39724e-10	-0.344463
9.39788e-10	-0.344551
9.39852e-10	-0.34464
9.39916e-10	-0.344729
9.3998e-10	-0.344818
9.40044e-10	-0.344907
9.40108e-10	-0.344995
9.40172e-10	-0.345084
9.40236e-10	-0.345172
9.403e-10	-0.345261
9.40364e-10	-0.345349
9.40428e-10	-0.345438
9.40492e-10	-0.345526
9.40556e-10	-0.345615
9.4062e-10	-0.345703
9.40684e-10	-0.345791
9.40748e-10	-0.345879
9.40812e-10	-0.345967
9.40876e-10	-0.346056
9.4094e-10	-0.346144
9.41004e-10	-0.346232
9.41068e-10	-0.34632
9.41132e-10	-0.346408
9.41196e-10	-0.346495
9.4126e-10	-0.346583
9.41324e-10	-0.346671
9.41388e-10	-0.346759
9.41452e-10	-0.346847
9.41516e-10	-0.346934
9.4158e-10	-0.347022
9.41644e-10	-0.347109
9.41708e-10	-0.347197
9.41772e-10	-0.347284
9.41836e-10	-0.347372
9.419e-10	-0.347459
9.41964e-10	-0.347546
9.42028e-10	-0.347634
9.42092e-10	-0.347721
9.42156e-10	-0.347808
9.4222e-10	-0.347895
9.42284e-10	-0.347982
9.42348e-10	-0.348069
9.42412e-10	-0.348156
9.42476e-10	-0.348243
9.4254e-10	-0.34833
9.42604e-10	-0.348417
9.42668e-10	-0.348504
9.42732e-10	-0.348591
9.42796e-10	-0.348677
9.4286e-10	-0.348764
9.42924e-10	-0.348851
9.42988e-10	-0.348937
9.43052e-10	-0.349024
9.43116e-10	-0.34911
9.4318e-10	-0.349197
9.43244e-10	-0.349283
9.43308e-10	-0.349369
9.43372e-10	-0.349456
9.43436e-10	-0.349542
9.435e-10	-0.349628
9.43564e-10	-0.349714
9.43628e-10	-0.3498
9.43692e-10	-0.349886
9.43756e-10	-0.349972
9.4382e-10	-0.350058
9.43884e-10	-0.350144
9.43948e-10	-0.35023
9.44012e-10	-0.350316
9.44076e-10	-0.350401
9.4414e-10	-0.350487
9.44204e-10	-0.350573
9.44268e-10	-0.350658
9.44332e-10	-0.350744
9.44396e-10	-0.350829
9.4446e-10	-0.350915
9.44524e-10	-0.351
9.44588e-10	-0.351086
9.44652e-10	-0.351171
9.44716e-10	-0.351256
9.4478e-10	-0.351341
9.44844e-10	-0.351426
9.44908e-10	-0.351512
9.44972e-10	-0.351597
9.45036e-10	-0.351682
9.451e-10	-0.351767
9.45164e-10	-0.351852
9.45228e-10	-0.351936
9.45292e-10	-0.352021
9.45356e-10	-0.352106
9.4542e-10	-0.352191
9.45484e-10	-0.352275
9.45548e-10	-0.35236
9.45612e-10	-0.352445
9.45676e-10	-0.352529
9.4574e-10	-0.352614
9.45804e-10	-0.352698
9.45868e-10	-0.352782
9.45932e-10	-0.352867
9.45996e-10	-0.352951
9.4606e-10	-0.353035
9.46124e-10	-0.353119
9.46188e-10	-0.353203
9.46252e-10	-0.353287
9.46316e-10	-0.353371
9.4638e-10	-0.353455
9.46444e-10	-0.353539
9.46508e-10	-0.353623
9.46572e-10	-0.353707
9.46636e-10	-0.353791
9.467e-10	-0.353875
9.46764e-10	-0.353958
9.46828e-10	-0.354042
9.46892e-10	-0.354125
9.46956e-10	-0.354209
9.4702e-10	-0.354292
9.47084e-10	-0.354376
9.47148e-10	-0.354459
9.47212e-10	-0.354542
9.47276e-10	-0.354626
9.4734e-10	-0.354709
9.47404e-10	-0.354792
9.47468e-10	-0.354875
9.47532e-10	-0.354958
9.47597e-10	-0.355041
9.47661e-10	-0.355124
9.47725e-10	-0.355207
9.47789e-10	-0.35529
9.47853e-10	-0.355373
9.47917e-10	-0.355455
9.47981e-10	-0.355538
9.48045e-10	-0.355621
9.48109e-10	-0.355703
9.48173e-10	-0.355786
9.48237e-10	-0.355868
9.48301e-10	-0.355951
9.48365e-10	-0.356033
9.48429e-10	-0.356115
9.48493e-10	-0.356198
9.48557e-10	-0.35628
9.48621e-10	-0.356362
9.48685e-10	-0.356444
9.48749e-10	-0.356526
9.48813e-10	-0.356608
9.48877e-10	-0.35669
9.48941e-10	-0.356772
9.49005e-10	-0.356854
9.49069e-10	-0.356936
9.49133e-10	-0.357018
9.49197e-10	-0.357099
9.49261e-10	-0.357181
9.49325e-10	-0.357263
9.49389e-10	-0.357344
9.49453e-10	-0.357426
9.49517e-10	-0.357507
9.49581e-10	-0.357588
9.49645e-10	-0.35767
9.49709e-10	-0.357751
9.49773e-10	-0.357832
9.49837e-10	-0.357913
9.49901e-10	-0.357995
9.49965e-10	-0.358076
9.50029e-10	-0.358157
9.50093e-10	-0.358238
9.50157e-10	-0.358318
9.50221e-10	-0.358399
9.50285e-10	-0.35848
9.50349e-10	-0.358561
9.50413e-10	-0.358642
9.50477e-10	-0.358722
9.50541e-10	-0.358803
9.50605e-10	-0.358883
9.50669e-10	-0.358964
9.50733e-10	-0.359044
9.50797e-10	-0.359125
9.50861e-10	-0.359205
9.50925e-10	-0.359285
9.50989e-10	-0.359365
9.51053e-10	-0.359446
9.51117e-10	-0.359526
9.51181e-10	-0.359606
9.51245e-10	-0.359686
9.51309e-10	-0.359766
9.51373e-10	-0.359846
9.51437e-10	-0.359925
9.51501e-10	-0.360005
9.51565e-10	-0.360085
9.51629e-10	-0.360165
9.51693e-10	-0.360244
9.51757e-10	-0.360324
9.51821e-10	-0.360403
9.51885e-10	-0.360483
9.51949e-10	-0.360562
9.52013e-10	-0.360641
9.52077e-10	-0.360721
9.52141e-10	-0.3608
9.52205e-10	-0.360879
9.52269e-10	-0.360958
9.52333e-10	-0.361037
9.52397e-10	-0.361116
9.52461e-10	-0.361195
9.52525e-10	-0.361274
9.52589e-10	-0.361353
9.52653e-10	-0.361432
9.52717e-10	-0.361511
9.52781e-10	-0.361589
9.52845e-10	-0.361668
9.52909e-10	-0.361746
9.52973e-10	-0.361825
9.53037e-10	-0.361903
9.53101e-10	-0.361982
9.53165e-10	-0.36206
9.53229e-10	-0.362138
9.53293e-10	-0.362217
9.53357e-10	-0.362295
9.53421e-10	-0.362373
9.53485e-10	-0.362451
9.53549e-10	-0.362529
9.53613e-10	-0.362607
9.53677e-10	-0.362685
9.53741e-10	-0.362763
9.53805e-10	-0.362841
9.53869e-10	-0.362918
9.53933e-10	-0.362996
9.53997e-10	-0.363074
9.54061e-10	-0.363151
9.54125e-10	-0.363229
9.54189e-10	-0.363306
9.54253e-10	-0.363383
9.54317e-10	-0.363461
9.54381e-10	-0.363538
9.54445e-10	-0.363615
9.54509e-10	-0.363692
9.54573e-10	-0.36377
9.54637e-10	-0.363847
9.54701e-10	-0.363924
9.54765e-10	-0.364001
9.54829e-10	-0.364077
9.54893e-10	-0.364154
9.54957e-10	-0.364231
9.55021e-10	-0.364308
9.55085e-10	-0.364384
9.55149e-10	-0.364461
9.55213e-10	-0.364538
9.55277e-10	-0.364614
9.55341e-10	-0.364691
9.55405e-10	-0.364767
9.55469e-10	-0.364843
9.55533e-10	-0.364919
9.55597e-10	-0.364996
9.55661e-10	-0.365072
9.55725e-10	-0.365148
9.55789e-10	-0.365224
9.55853e-10	-0.3653
9.55917e-10	-0.365376
9.55981e-10	-0.365452
9.56045e-10	-0.365527
9.56109e-10	-0.365603
9.56173e-10	-0.365679
9.56237e-10	-0.365754
9.56301e-10	-0.36583
9.56366e-10	-0.365906
9.5643e-10	-0.365981
9.56494e-10	-0.366056
9.56558e-10	-0.366132
9.56622e-10	-0.366207
9.56686e-10	-0.366282
9.5675e-10	-0.366357
9.56814e-10	-0.366432
9.56878e-10	-0.366507
9.56942e-10	-0.366582
9.57006e-10	-0.366657
9.5707e-10	-0.366732
9.57134e-10	-0.366807
9.57198e-10	-0.366882
9.57262e-10	-0.366956
9.57326e-10	-0.367031
9.5739e-10	-0.367106
9.57454e-10	-0.36718
9.57518e-10	-0.367255
9.57582e-10	-0.367329
9.57646e-10	-0.367403
9.5771e-10	-0.367478
9.57774e-10	-0.367552
9.57838e-10	-0.367626
9.57902e-10	-0.3677
9.57966e-10	-0.367774
9.5803e-10	-0.367848
9.58094e-10	-0.367922
9.58158e-10	-0.367996
9.58222e-10	-0.36807
9.58286e-10	-0.368143
9.5835e-10	-0.368217
9.58414e-10	-0.368291
9.58478e-10	-0.368364
9.58542e-10	-0.368438
9.58606e-10	-0.368511
9.5867e-10	-0.368585
9.58734e-10	-0.368658
9.58798e-10	-0.368731
9.58862e-10	-0.368804
9.58926e-10	-0.368878
9.5899e-10	-0.368951
9.59054e-10	-0.369024
9.59118e-10	-0.369097
9.59182e-10	-0.36917
9.59246e-10	-0.369242
9.5931e-10	-0.369315
9.59374e-10	-0.369388
9.59438e-10	-0.369461
9.59502e-10	-0.369533
9.59566e-10	-0.369606
9.5963e-10	-0.369678
9.59694e-10	-0.369751
9.59758e-10	-0.369823
9.59822e-10	-0.369895
9.59886e-10	-0.369967
9.5995e-10	-0.37004
9.60014e-10	-0.370112
9.60078e-10	-0.370184
9.60142e-10	-0.370256
9.60206e-10	-0.370328
9.6027e-10	-0.3704
9.60334e-10	-0.370471
9.60398e-10	-0.370543
9.60462e-10	-0.370615
9.60526e-10	-0.370686
9.6059e-10	-0.370758
9.60654e-10	-0.370829
9.60718e-10	-0.370901
9.60782e-10	-0.370972
9.60846e-10	-0.371044
9.6091e-10	-0.371115
9.60974e-10	-0.371186
9.61038e-10	-0.371257
9.61102e-10	-0.371328
9.61166e-10	-0.371399
9.6123e-10	-0.37147
9.61294e-10	-0.371541
9.61358e-10	-0.371612
9.61422e-10	-0.371683
9.61486e-10	-0.371753
9.6155e-10	-0.371824
9.61614e-10	-0.371895
9.61678e-10	-0.371965
9.61742e-10	-0.372036
9.61806e-10	-0.372106
9.6187e-10	-0.372176
9.61934e-10	-0.372247
9.61998e-10	-0.372317
9.62062e-10	-0.372387
9.62126e-10	-0.372457
9.6219e-10	-0.372527
9.62254e-10	-0.372597
9.62318e-10	-0.372667
9.62382e-10	-0.372737
9.62446e-10	-0.372806
9.6251e-10	-0.372876
9.62574e-10	-0.372946
9.62638e-10	-0.373015
9.62702e-10	-0.373085
9.62766e-10	-0.373154
9.6283e-10	-0.373224
9.62894e-10	-0.373293
9.62958e-10	-0.373362
9.63022e-10	-0.373431
9.63086e-10	-0.3735
9.6315e-10	-0.37357
9.63214e-10	-0.373639
9.63278e-10	-0.373708
9.63342e-10	-0.373776
9.63406e-10	-0.373845
9.6347e-10	-0.373914
9.63534e-10	-0.373983
9.63598e-10	-0.374051
9.63662e-10	-0.37412
9.63726e-10	-0.374188
9.6379e-10	-0.374257
9.63854e-10	-0.374325
9.63918e-10	-0.374393
9.63982e-10	-0.374462
9.64046e-10	-0.37453
9.6411e-10	-0.374598
9.64174e-10	-0.374666
9.64238e-10	-0.374734
9.64302e-10	-0.374802
9.64366e-10	-0.37487
9.6443e-10	-0.374938
9.64494e-10	-0.375005
9.64558e-10	-0.375073
9.64622e-10	-0.37514
9.64686e-10	-0.375208
9.6475e-10	-0.375275
9.64814e-10	-0.375343
9.64878e-10	-0.37541
9.64942e-10	-0.375477
9.65006e-10	-0.375545
9.65071e-10	-0.375612
9.65135e-10	-0.375679
9.65199e-10	-0.375746
9.65263e-10	-0.375813
9.65327e-10	-0.37588
9.65391e-10	-0.375947
9.65455e-10	-0.376013
9.65519e-10	-0.37608
9.65583e-10	-0.376147
9.65647e-10	-0.376213
9.65711e-10	-0.37628
9.65775e-10	-0.376346
9.65839e-10	-0.376412
9.65903e-10	-0.376479
9.65967e-10	-0.376545
9.66031e-10	-0.376611
9.66095e-10	-0.376677
9.66159e-10	-0.376743
9.66223e-10	-0.376809
9.66287e-10	-0.376875
9.66351e-10	-0.376941
9.66415e-10	-0.377007
9.66479e-10	-0.377072
9.66543e-10	-0.377138
9.66607e-10	-0.377204
9.66671e-10	-0.377269
9.66735e-10	-0.377335
9.66799e-10	-0.3774
9.66863e-10	-0.377465
9.66927e-10	-0.377531
9.66991e-10	-0.377596
9.67055e-10	-0.377661
9.67119e-10	-0.377726
9.67183e-10	-0.377791
9.67247e-10	-0.377856
9.67311e-10	-0.377921
9.67375e-10	-0.377985
9.67439e-10	-0.37805
9.67503e-10	-0.378115
9.67567e-10	-0.378179
9.67631e-10	-0.378244
9.67695e-10	-0.378308
9.67759e-10	-0.378373
9.67823e-10	-0.378437
9.67887e-10	-0.378501
9.67951e-10	-0.378565
9.68015e-10	-0.378629
9.68079e-10	-0.378694
9.68143e-10	-0.378757
9.68207e-10	-0.378821
9.68271e-10	-0.378885
9.68335e-10	-0.378949
9.68399e-10	-0.379013
9.68463e-10	-0.379076
9.68527e-10	-0.37914
9.68591e-10	-0.379203
9.68655e-10	-0.379267
9.68719e-10	-0.37933
9.68783e-10	-0.379393
9.68847e-10	-0.379457
9.68911e-10	-0.37952
9.68975e-10	-0.379583
9.69039e-10	-0.379646
9.69103e-10	-0.379709
9.69167e-10	-0.379772
9.69231e-10	-0.379835
9.69295e-10	-0.379897
9.69359e-10	-0.37996
9.69423e-10	-0.380023
9.69487e-10	-0.380085
9.69551e-10	-0.380148
9.69615e-10	-0.38021
9.69679e-10	-0.380273
9.69743e-10	-0.380335
9.69807e-10	-0.380397
9.69871e-10	-0.380459
9.69935e-10	-0.380521
9.69999e-10	-0.380583
9.70063e-10	-0.380645
9.70127e-10	-0.380707
9.70191e-10	-0.380769
9.70255e-10	-0.38083
9.70319e-10	-0.380892
9.70383e-10	-0.380954
9.70447e-10	-0.381015
9.70511e-10	-0.381077
9.70575e-10	-0.381138
9.70639e-10	-0.381199
9.70703e-10	-0.381261
9.70767e-10	-0.381322
9.70831e-10	-0.381383
9.70895e-10	-0.381444
9.70959e-10	-0.381505
9.71023e-10	-0.381566
9.71087e-10	-0.381627
9.71151e-10	-0.381687
9.71215e-10	-0.381748
9.71279e-10	-0.381809
9.71343e-10	-0.381869
9.71407e-10	-0.38193
9.71471e-10	-0.38199
9.71535e-10	-0.38205
9.71599e-10	-0.382111
9.71663e-10	-0.382171
9.71727e-10	-0.382231
9.71791e-10	-0.382291
9.71855e-10	-0.382351
9.71919e-10	-0.382411
9.71983e-10	-0.382471
9.72047e-10	-0.382531
9.72111e-10	-0.38259
9.72175e-10	-0.38265
9.72239e-10	-0.38271
9.72303e-10	-0.382769
9.72367e-10	-0.382829
9.72431e-10	-0.382888
9.72495e-10	-0.382947
9.72559e-10	-0.383006
9.72623e-10	-0.383065
9.72687e-10	-0.383125
9.72751e-10	-0.383184
9.72815e-10	-0.383242
9.72879e-10	-0.383301
9.72943e-10	-0.38336
9.73007e-10	-0.383419
9.73071e-10	-0.383478
9.73135e-10	-0.383536
9.73199e-10	-0.383595
9.73263e-10	-0.383653
9.73327e-10	-0.383711
9.73391e-10	-0.38377
9.73455e-10	-0.383828
9.73519e-10	-0.383886
9.73583e-10	-0.383944
9.73647e-10	-0.384002
9.73711e-10	-0.38406
9.73775e-10	-0.384118
9.7384e-10	-0.384176
9.73904e-10	-0.384233
9.73968e-10	-0.384291
9.74032e-10	-0.384349
9.74096e-10	-0.384406
9.7416e-10	-0.384464
9.74224e-10	-0.384521
9.74288e-10	-0.384578
9.74352e-10	-0.384635
9.74416e-10	-0.384693
9.7448e-10	-0.38475
9.74544e-10	-0.384807
9.74608e-10	-0.384864
9.74672e-10	-0.38492
9.74736e-10	-0.384977
9.748e-10	-0.385034
9.74864e-10	-0.385091
9.74928e-10	-0.385147
9.74992e-10	-0.385204
9.75056e-10	-0.38526
9.7512e-10	-0.385316
9.75184e-10	-0.385373
9.75248e-10	-0.385429
9.75312e-10	-0.385485
9.75376e-10	-0.385541
9.7544e-10	-0.385597
9.75504e-10	-0.385653
9.75568e-10	-0.385709
9.75632e-10	-0.385765
9.75696e-10	-0.38582
9.7576e-10	-0.385876
9.75824e-10	-0.385931
9.75888e-10	-0.385987
9.75952e-10	-0.386042
9.76016e-10	-0.386098
9.7608e-10	-0.386153
9.76144e-10	-0.386208
9.76208e-10	-0.386263
9.76272e-10	-0.386318
9.76336e-10	-0.386373
9.764e-10	-0.386428
9.76464e-10	-0.386483
9.76528e-10	-0.386538
9.76592e-10	-0.386592
9.76656e-10	-0.386647
9.7672e-10	-0.386701
9.76784e-10	-0.386756
9.76848e-10	-0.38681
9.76912e-10	-0.386864
9.76976e-10	-0.386919
9.7704e-10	-0.386973
9.77104e-10	-0.387027
9.77168e-10	-0.387081
9.77232e-10	-0.387135
9.77296e-10	-0.387189
9.7736e-10	-0.387242
9.77424e-10	-0.387296
9.77488e-10	-0.38735
9.77552e-10	-0.387403
9.77616e-10	-0.387457
9.7768e-10	-0.38751
9.77744e-10	-0.387564
9.77808e-10	-0.387617
9.77872e-10	-0.38767
9.77936e-10	-0.387723
9.78e-10	-0.387776
9.78064e-10	-0.387829
9.78128e-10	-0.387882
9.78192e-10	-0.387935
9.78256e-10	-0.387987
9.7832e-10	-0.38804
9.78384e-10	-0.388093
9.78448e-10	-0.388145
9.78512e-10	-0.388198
9.78576e-10	-0.38825
9.7864e-10	-0.388302
9.78704e-10	-0.388354
9.78768e-10	-0.388407
9.78832e-10	-0.388459
9.78896e-10	-0.388511
9.7896e-10	-0.388563
9.79024e-10	-0.388614
9.79088e-10	-0.388666
9.79152e-10	-0.388718
9.79216e-10	-0.388769
9.7928e-10	-0.388821
9.79344e-10	-0.388872
9.79408e-10	-0.388924
9.79472e-10	-0.388975
9.79536e-10	-0.389026
9.796e-10	-0.389077
9.79664e-10	-0.389128
9.79728e-10	-0.389179
9.79792e-10	-0.38923
9.79856e-10	-0.389281
9.7992e-10	-0.389332
9.79984e-10	-0.389383
9.80048e-10	-0.389433
9.80112e-10	-0.389484
9.80176e-10	-0.389534
9.8024e-10	-0.389585
9.80304e-10	-0.389635
9.80368e-10	-0.389685
9.80432e-10	-0.389735
9.80496e-10	-0.389785
9.8056e-10	-0.389835
9.80624e-10	-0.389885
9.80688e-10	-0.389935
9.80752e-10	-0.389985
9.80816e-10	-0.390035
9.8088e-10	-0.390084
9.80944e-10	-0.390134
9.81008e-10	-0.390183
9.81072e-10	-0.390233
9.81136e-10	-0.390282
9.812e-10	-0.390331
9.81264e-10	-0.39038
9.81328e-10	-0.390429
9.81392e-10	-0.390478
9.81456e-10	-0.390527
9.8152e-10	-0.390576
9.81584e-10	-0.390625
9.81648e-10	-0.390674
9.81712e-10	-0.390722
9.81776e-10	-0.390771
9.8184e-10	-0.390819
9.81904e-10	-0.390868
9.81968e-10	-0.390916
9.82032e-10	-0.390964
9.82096e-10	-0.391012
9.8216e-10	-0.39106
9.82224e-10	-0.391108
9.82288e-10	-0.391156
9.82352e-10	-0.391204
9.82416e-10	-0.391252
9.8248e-10	-0.391299
9.82545e-10	-0.391347
9.82609e-10	-0.391394
9.82673e-10	-0.391442
9.82737e-10	-0.391489
9.82801e-10	-0.391537
9.82865e-10	-0.391584
9.82929e-10	-0.391631
9.82993e-10	-0.391678
9.83057e-10	-0.391725
9.83121e-10	-0.391772
9.83185e-10	-0.391819
9.83249e-10	-0.391865
9.83313e-10	-0.391912
9.83377e-10	-0.391959
9.83441e-10	-0.392005
9.83505e-10	-0.392051
9.83569e-10	-0.392098
9.83633e-10	-0.392144
9.83697e-10	-0.39219
9.83761e-10	-0.392236
9.83825e-10	-0.392282
9.83889e-10	-0.392328
9.83953e-10	-0.392374
9.84017e-10	-0.39242
9.84081e-10	-0.392466
9.84145e-10	-0.392511
9.84209e-10	-0.392557
9.84273e-10	-0.392602
9.84337e-10	-0.392648
9.84401e-10	-0.392693
9.84465e-10	-0.392738
9.84529e-10	-0.392783
9.84593e-10	-0.392828
9.84657e-10	-0.392873
9.84721e-10	-0.392918
9.84785e-10	-0.392963
9.84849e-10	-0.393008
9.84913e-10	-0.393052
9.84977e-10	-0.393097
9.85041e-10	-0.393142
9.85105e-10	-0.393186
9.85169e-10	-0.39323
9.85233e-10	-0.393275
9.85297e-10	-0.393319
9.85361e-10	-0.393363
9.85425e-10	-0.393407
9.85489e-10	-0.393451
9.85553e-10	-0.393495
9.85617e-10	-0.393538
9.85681e-10	-0.393582
9.85745e-10	-0.393626
9.85809e-10	-0.393669
9.85873e-10	-0.393713
9.85937e-10	-0.393756
9.86001e-10	-0.393799
9.86065e-10	-0.393843
9.86129e-10	-0.393886
9.86193e-10	-0.393929
9.86257e-10	-0.393972
9.86321e-10	-0.394015
9.86385e-10	-0.394058
9.86449e-10	-0.3941
9.86513e-10	-0.394143
9.86577e-10	-0.394185
9.86641e-10	-0.394228
9.86705e-10	-0.39427
9.86769e-10	-0.394313
9.86833e-10	-0.394355
9.86897e-10	-0.394397
9.86961e-10	-0.394439
9.87025e-10	-0.394481
9.87089e-10	-0.394523
9.87153e-10	-0.394565
9.87217e-10	-0.394607
9.87281e-10	-0.394648
9.87345e-10	-0.39469
9.87409e-10	-0.394731
9.87473e-10	-0.394773
9.87537e-10	-0.394814
9.87601e-10	-0.394855
9.87665e-10	-0.394897
9.87729e-10	-0.394938
9.87793e-10	-0.394979
9.87857e-10	-0.39502
9.87921e-10	-0.39506
9.87985e-10	-0.395101
9.88049e-10	-0.395142
9.88113e-10	-0.395183
9.88177e-10	-0.395223
9.88241e-10	-0.395263
9.88305e-10	-0.395304
9.88369e-10	-0.395344
9.88433e-10	-0.395384
9.88497e-10	-0.395424
9.88561e-10	-0.395464
9.88625e-10	-0.395504
9.88689e-10	-0.395544
9.88753e-10	-0.395584
9.88817e-10	-0.395624
9.88881e-10	-0.395663
9.88945e-10	-0.395703
9.89009e-10	-0.395742
9.89073e-10	-0.395782
9.89137e-10	-0.395821
9.89201e-10	-0.39586
9.89265e-10	-0.395899
9.89329e-10	-0.395938
9.89393e-10	-0.395977
9.89457e-10	-0.396016
9.89521e-10	-0.396055
9.89585e-10	-0.396093
9.89649e-10	-0.396132
9.89713e-10	-0.396171
9.89777e-10	-0.396209
9.89841e-10	-0.396247
9.89905e-10	-0.396286
9.89969e-10	-0.396324
9.90033e-10	-0.396362
9.90097e-10	-0.3964
9.90161e-10	-0.396438
9.90225e-10	-0.396476
9.90289e-10	-0.396514
9.90353e-10	-0.396551
9.90417e-10	-0.396589
9.90481e-10	-0.396626
9.90545e-10	-0.396664
9.90609e-10	-0.396701
9.90673e-10	-0.396738
9.90737e-10	-0.396776
9.90801e-10	-0.396813
9.90865e-10	-0.39685
9.90929e-10	-0.396887
9.90993e-10	-0.396923
9.91057e-10	-0.39696
9.91121e-10	-0.396997
9.91185e-10	-0.397033
9.91249e-10	-0.39707
9.91314e-10	-0.397106
9.91378e-10	-0.397143
9.91442e-10	-0.397179
9.91506e-10	-0.397215
9.9157e-10	-0.397251
9.91634e-10	-0.397287
9.91698e-10	-0.397323
9.91762e-10	-0.397359
9.91826e-10	-0.397395
9.9189e-10	-0.39743
9.91954e-10	-0.397466
9.92018e-10	-0.397501
9.92082e-10	-0.397537
9.92146e-10	-0.397572
9.9221e-10	-0.397607
9.92274e-10	-0.397642
9.92338e-10	-0.397678
9.92402e-10	-0.397712
9.92466e-10	-0.397747
9.9253e-10	-0.397782
9.92594e-10	-0.397817
9.92658e-10	-0.397852
9.92722e-10	-0.397886
9.92786e-10	-0.397921
9.9285e-10	-0.397955
9.92914e-10	-0.397989
9.92978e-10	-0.398023
9.93042e-10	-0.398057
9.93106e-10	-0.398092
9.9317e-10	-0.398125
9.93234e-10	-0.398159
9.93298e-10	-0.398193
9.93362e-10	-0.398227
9.93426e-10	-0.39826
9.9349e-10	-0.398294
9.93554e-10	-0.398327
9.93618e-10	-0.398361
9.93682e-10	-0.398394
9.93746e-10	-0.398427
9.9381e-10	-0.39846
9.93874e-10	-0.398493
9.93938e-10	-0.398526
9.94002e-10	-0.398559
9.94066e-10	-0.398592
9.9413e-10	-0.398624
9.94194e-10	-0.398657
9.94258e-10	-0.398689
9.94322e-10	-0.398722
9.94386e-10	-0.398754
9.9445e-10	-0.398786
9.94514e-10	-0.398818
9.94578e-10	-0.39885
9.94642e-10	-0.398882
9.94706e-10	-0.398914
9.9477e-10	-0.398946
9.94834e-10	-0.398977
9.94898e-10	-0.399009
9.94962e-10	-0.399041
9.95026e-10	-0.399072
9.9509e-10	-0.399103
9.95154e-10	-0.399135
9.95218e-10	-0.399166
9.95282e-10	-0.399197
9.95346e-10	-0.399228
9.9541e-10	-0.399259
9.95474e-10	-0.399289
9.95538e-10	-0.39932
9.95602e-10	-0.399351
9.95666e-10	-0.399381
9.9573e-10	-0.399412
9.95794e-10	-0.399442
9.95858e-10	-0.399472
9.95922e-10	-0.399503
9.95986e-10	-0.399533
9.9605e-10	-0.399563
9.96114e-10	-0.399593
9.96178e-10	-0.399623
9.96242e-10	-0.399652
9.96306e-10	-0.399682
9.9637e-10	-0.399712
9.96434e-10	-0.399741
9.96498e-10	-0.39977
9.96562e-10	-0.3998
9.96626e-10	-0.399829
9.9669e-10	-0.399858
9.96754e-10	-0.399887
9.96818e-10	-0.399916
9.96882e-10	-0.399945
9.96946e-10	-0.399974
9.9701e-10	-0.400002
9.97074e-10	-0.400031
9.97138e-10	-0.400059
9.97202e-10	-0.400088
9.97266e-10	-0.400116
9.9733e-10	-0.400144
9.97394e-10	-0.400173
9.97458e-10	-0.400201
9.97522e-10	-0.400229
9.97586e-10	-0.400257
9.9765e-10	-0.400284
9.97714e-10	-0.400312
9.97778e-10	-0.40034
9.97842e-10	-0.400367
9.97906e-10	-0.400395
9.9797e-10	-0.400422
9.98034e-10	-0.400449
9.98098e-10	-0.400476
9.98162e-10	-0.400503
9.98226e-10	-0.40053
9.9829e-10	-0.400557
9.98354e-10	-0.400584
9.98418e-10	-0.400611
9.98482e-10	-0.400637
9.98546e-10	-0.400664
9.9861e-10	-0.40069
9.98674e-10	-0.400717
9.98738e-10	-0.400743
9.98802e-10	-0.400769
9.98866e-10	-0.400795
9.9893e-10	-0.400821
9.98994e-10	-0.400847
9.99058e-10	-0.400873
9.99122e-10	-0.400899
9.99186e-10	-0.400924
9.9925e-10	-0.40095
9.99314e-10	-0.400975
9.99378e-10	-0.401001
9.99442e-10	-0.401026
9.99506e-10	-0.401051
9.9957e-10	-0.401076
9.99634e-10	-0.401101
9.99698e-10	-0.401126
9.99762e-10	-0.401151
9.99826e-10	-0.401176
9.9989e-10	-0.4012
9.99954e-10	-0.401225
1.00002e-09	-0.401249
1.00008e-09	-0.401274
1.00015e-09	-0.401298
1.00021e-09	-0.401322
1.00027e-09	-0.401346
1.00034e-09	-0.40137
1.0004e-09	-0.401394
1.00047e-09	-0.401418
1.00053e-09	-0.401442
1.00059e-09	-0.401465
1.00066e-09	-0.401489
1.00072e-09	-0.401512
1.00079e-09	-0.401536
1.00085e-09	-0.401559
1.00091e-09	-0.401582
1.00098e-09	-0.401605
1.00104e-09	-0.401628
1.00111e-09	-0.401651
1.00117e-09	-0.401674
1.00123e-09	-0.401697
1.0013e-09	-0.401719
1.00136e-09	-0.401742
1.00143e-09	-0.401764
1.00149e-09	-0.401787
1.00155e-09	-0.401809
1.00162e-09	-0.401831
1.00168e-09	-0.401853
1.00175e-09	-0.401875
1.00181e-09	-0.401897
1.00187e-09	-0.401919
1.00194e-09	-0.40194
1.002e-09	-0.401962
1.00207e-09	-0.401984
1.00213e-09	-0.402005
1.00219e-09	-0.402026
1.00226e-09	-0.402048
1.00232e-09	-0.402069
1.00239e-09	-0.40209
1.00245e-09	-0.402111
1.00251e-09	-0.402132
1.00258e-09	-0.402152
1.00264e-09	-0.402173
1.00271e-09	-0.402194
1.00277e-09	-0.402214
1.00283e-09	-0.402235
1.0029e-09	-0.402255
1.00296e-09	-0.402275
1.00303e-09	-0.402295
1.00309e-09	-0.402315
1.00315e-09	-0.402335
1.00322e-09	-0.402355
1.00328e-09	-0.402375
1.00335e-09	-0.402394
1.00341e-09	-0.402414
1.00347e-09	-0.402433
1.00354e-09	-0.402453
1.0036e-09	-0.402472
1.00367e-09	-0.402491
1.00373e-09	-0.40251
1.00379e-09	-0.402529
1.00386e-09	-0.402548
1.00392e-09	-0.402567
1.00399e-09	-0.402586
1.00405e-09	-0.402604
1.00411e-09	-0.402623
1.00418e-09	-0.402641
1.00424e-09	-0.40266
1.00431e-09	-0.402678
1.00437e-09	-0.402696
1.00444e-09	-0.402714
1.0045e-09	-0.402732
1.00456e-09	-0.40275
1.00463e-09	-0.402768
1.00469e-09	-0.402786
1.00476e-09	-0.402803
1.00482e-09	-0.402821
1.00488e-09	-0.402838
1.00495e-09	-0.402855
1.00501e-09	-0.402873
1.00508e-09	-0.40289
1.00514e-09	-0.402907
1.0052e-09	-0.402924
1.00527e-09	-0.40294
1.00533e-09	-0.402957
1.0054e-09	-0.402974
1.00546e-09	-0.40299
1.00552e-09	-0.403007
1.00559e-09	-0.403023
1.00565e-09	-0.403039
1.00572e-09	-0.403056
1.00578e-09	-0.403072
1.00584e-09	-0.403088
1.00591e-09	-0.403104
1.00597e-09	-0.403119
1.00604e-09	-0.403135
1.0061e-09	-0.403151
1.00616e-09	-0.403166
1.00623e-09	-0.403181
1.00629e-09	-0.403197
1.00636e-09	-0.403212
1.00642e-09	-0.403227
1.00648e-09	-0.403242
1.00655e-09	-0.403257
1.00661e-09	-0.403272
1.00668e-09	-0.403287
1.00674e-09	-0.403301
1.0068e-09	-0.403316
1.00687e-09	-0.40333
1.00693e-09	-0.403345
1.007e-09	-0.403359
1.00706e-09	-0.403373
1.00712e-09	-0.403387
1.00719e-09	-0.403401
1.00725e-09	-0.403415
1.00732e-09	-0.403429
1.00738e-09	-0.403442
1.00744e-09	-0.403456
1.00751e-09	-0.40347
1.00757e-09	-0.403483
1.00764e-09	-0.403496
1.0077e-09	-0.403509
1.00776e-09	-0.403523
1.00783e-09	-0.403536
1.00789e-09	-0.403548
1.00796e-09	-0.403561
1.00802e-09	-0.403574
1.00808e-09	-0.403587
1.00815e-09	-0.403599
1.00821e-09	-0.403612
1.00828e-09	-0.403624
1.00834e-09	-0.403636
1.0084e-09	-0.403648
1.00847e-09	-0.40366
1.00853e-09	-0.403672
1.0086e-09	-0.403684
1.00866e-09	-0.403696
1.00872e-09	-0.403707
1.00879e-09	-0.403719
1.00885e-09	-0.40373
1.00892e-09	-0.403742
1.00898e-09	-0.403753
1.00904e-09	-0.403764
1.00911e-09	-0.403775
1.00917e-09	-0.403786
1.00924e-09	-0.403797
1.0093e-09	-0.403808
1.00936e-09	-0.403819
1.00943e-09	-0.403829
1.00949e-09	-0.40384
1.00956e-09	-0.40385
1.00962e-09	-0.40386
1.00968e-09	-0.403871
1.00975e-09	-0.403881
1.00981e-09	-0.403891
1.00988e-09	-0.403901
1.00994e-09	-0.40391
1.01e-09	-0.40392
1.01007e-09	-0.40393
1.01013e-09	-0.403939
1.0102e-09	-0.403949
1.01026e-09	-0.403958
1.01032e-09	-0.403967
1.01039e-09	-0.403976
1.01045e-09	-0.403985
1.01052e-09	-0.403994
1.01058e-09	-0.404003
1.01064e-09	-0.404012
1.01071e-09	-0.40402
1.01077e-09	-0.404029
1.01084e-09	-0.404037
1.0109e-09	-0.404046
1.01096e-09	-0.404054
1.01103e-09	-0.404062
1.01109e-09	-0.40407
1.01116e-09	-0.404078
1.01122e-09	-0.404086
1.01128e-09	-0.404093
1.01135e-09	-0.404101
1.01141e-09	-0.404109
1.01148e-09	-0.404116
1.01154e-09	-0.404123
1.0116e-09	-0.404131
1.01167e-09	-0.404138
1.01173e-09	-0.404145
1.0118e-09	-0.404152
1.01186e-09	-0.404159
1.01192e-09	-0.404165
1.01199e-09	-0.404172
1.01205e-09	-0.404179
1.01212e-09	-0.404185
1.01218e-09	-0.404191
1.01224e-09	-0.404198
1.01231e-09	-0.404204
1.01237e-09	-0.40421
1.01244e-09	-0.404216
1.0125e-09	-0.404222
1.01256e-09	-0.404227
1.01263e-09	-0.404233
1.01269e-09	-0.404238
1.01276e-09	-0.404244
1.01282e-09	-0.404249
1.01288e-09	-0.404255
1.01295e-09	-0.40426
1.01301e-09	-0.404265
1.01308e-09	-0.40427
1.01314e-09	-0.404275
1.0132e-09	-0.404279
1.01327e-09	-0.404284
1.01333e-09	-0.404288
1.0134e-09	-0.404293
1.01346e-09	-0.404297
1.01352e-09	-0.404302
1.01359e-09	-0.404306
1.01365e-09	-0.40431
1.01372e-09	-0.404314
1.01378e-09	-0.404318
1.01384e-09	-0.404321
1.01391e-09	-0.404325
1.01397e-09	-0.404328
1.01404e-09	-0.404332
1.0141e-09	-0.404335
1.01416e-09	-0.404338
1.01423e-09	-0.404342
1.01429e-09	-0.404345
1.01436e-09	-0.404348
1.01442e-09	-0.40435
1.01448e-09	-0.404353
1.01455e-09	-0.404356
1.01461e-09	-0.404358
1.01468e-09	-0.404361
1.01474e-09	-0.404363
1.0148e-09	-0.404365
1.01487e-09	-0.404368
1.01493e-09	-0.40437
1.015e-09	-0.404371
1.01506e-09	-0.404373
1.01512e-09	-0.404375
1.01519e-09	-0.404377
1.01525e-09	-0.404378
1.01532e-09	-0.40438
1.01538e-09	-0.404381
1.01544e-09	-0.404382
1.01551e-09	-0.404383
1.01557e-09	-0.404384
1.01564e-09	-0.404385
1.0157e-09	-0.404386
1.01576e-09	-0.404387
1.01583e-09	-0.404387
1.01589e-09	-0.404388
1.01596e-09	-0.404388
1.01602e-09	-0.404389
1.01608e-09	-0.404389
1.01615e-09	-0.404389
1.01621e-09	-0.404389
1.01628e-09	-0.404389
1.01634e-09	-0.404389
1.0164e-09	-0.404388
1.01647e-09	-0.404388
1.01653e-09	-0.404387
1.0166e-09	-0.404387
1.01666e-09	-0.404386
1.01672e-09	-0.404385
1.01679e-09	-0.404384
1.01685e-09	-0.404383
1.01692e-09	-0.404382
1.01698e-09	-0.404381
1.01704e-09	-0.40438
1.01711e-09	-0.404378
1.01717e-09	-0.404377
1.01724e-09	-0.404375
1.0173e-09	-0.404373
1.01736e-09	-0.404371
1.01743e-09	-0.404369
1.01749e-09	-0.404367
1.01756e-09	-0.404365
1.01762e-09	-0.404363
1.01768e-09	-0.404361
1.01775e-09	-0.404358
1.01781e-09	-0.404356
1.01788e-09	-0.404353
1.01794e-09	-0.40435
1.018e-09	-0.404347
1.01807e-09	-0.404344
1.01813e-09	-0.404341
1.0182e-09	-0.404338
1.01826e-09	-0.404335
1.01832e-09	-0.404331
1.01839e-09	-0.404328
1.01845e-09	-0.404324
1.01852e-09	-0.404321
1.01858e-09	-0.404317
1.01864e-09	-0.404313
1.01871e-09	-0.404309
1.01877e-09	-0.404305
1.01884e-09	-0.404301
1.0189e-09	-0.404296
1.01896e-09	-0.404292
1.01903e-09	-0.404287
1.01909e-09	-0.404283
1.01916e-09	-0.404278
1.01922e-09	-0.404273
1.01928e-09	-0.404268
1.01935e-09	-0.404263
1.01941e-09	-0.404258
1.01948e-09	-0.404253
1.01954e-09	-0.404247
1.0196e-09	-0.404242
1.01967e-09	-0.404236
1.01973e-09	-0.404231
1.0198e-09	-0.404225
1.01986e-09	-0.404219
1.01992e-09	-0.404213
1.01999e-09	-0.404207
1.02005e-09	-0.404201
1.02012e-09	-0.404194
1.02018e-09	-0.404188
1.02024e-09	-0.404181
1.02031e-09	-0.404175
1.02037e-09	-0.404168
1.02044e-09	-0.404161
1.0205e-09	-0.404154
1.02056e-09	-0.404147
1.02063e-09	-0.40414
1.02069e-09	-0.404133
1.02076e-09	-0.404126
1.02082e-09	-0.404118
1.02088e-09	-0.404111
1.02095e-09	-0.404103
1.02101e-09	-0.404095
1.02108e-09	-0.404087
1.02114e-09	-0.404079
1.0212e-09	-0.404071
1.02127e-09	-0.404063
1.02133e-09	-0.404055
1.0214e-09	-0.404046
1.02146e-09	-0.404038
1.02152e-09	-0.404029
1.02159e-09	-0.404021
1.02165e-09	-0.404012
1.02172e-09	-0.404003
1.02178e-09	-0.403994
1.02185e-09	-0.403985
1.02191e-09	-0.403975
1.02197e-09	-0.403966
1.02204e-09	-0.403957
1.0221e-09	-0.403947
1.02217e-09	-0.403937
1.02223e-09	-0.403928
1.02229e-09	-0.403918
1.02236e-09	-0.403908
1.02242e-09	-0.403898
1.02249e-09	-0.403887
1.02255e-09	-0.403877
1.02261e-09	-0.403867
1.02268e-09	-0.403856
1.02274e-09	-0.403846
1.02281e-09	-0.403835
1.02287e-09	-0.403824
1.02293e-09	-0.403813
1.023e-09	-0.403802
1.02306e-09	-0.403791
1.02313e-09	-0.40378
1.02319e-09	-0.403768
1.02325e-09	-0.403757
1.02332e-09	-0.403745
1.02338e-09	-0.403734
1.02345e-09	-0.403722
1.02351e-09	-0.40371
1.02357e-09	-0.403698
1.02364e-09	-0.403686
1.0237e-09	-0.403674
1.02377e-09	-0.403661
1.02383e-09	-0.403649
1.02389e-09	-0.403636
1.02396e-09	-0.403624
1.02402e-09	-0.403611
1.02409e-09	-0.403598
1.02415e-09	-0.403585
1.02421e-09	-0.403572
1.02428e-09	-0.403559
1.02434e-09	-0.403546
1.02441e-09	-0.403532
1.02447e-09	-0.403519
1.02453e-09	-0.403505
1.0246e-09	-0.403491
1.02466e-09	-0.403478
1.02473e-09	-0.403464
1.02479e-09	-0.40345
1.02485e-09	-0.403435
1.02492e-09	-0.403421
1.02498e-09	-0.403407
1.02505e-09	-0.403392
1.02511e-09	-0.403378
1.02517e-09	-0.403363
1.02524e-09	-0.403348
1.0253e-09	-0.403334
1.02537e-09	-0.403319
1.02543e-09	-0.403303
1.02549e-09	-0.403288
1.02556e-09	-0.403273
1.02562e-09	-0.403257
1.02569e-09	-0.403242
1.02575e-09	-0.403226
1.02581e-09	-0.40321
1.02588e-09	-0.403195
1.02594e-09	-0.403179
1.02601e-09	-0.403163
1.02607e-09	-0.403146
1.02613e-09	-0.40313
1.0262e-09	-0.403114
1.02626e-09	-0.403097
1.02633e-09	-0.403081
1.02639e-09	-0.403064
1.02645e-09	-0.403047
1.02652e-09	-0.40303
1.02658e-09	-0.403013
1.02665e-09	-0.402996
1.02671e-09	-0.402979
1.02677e-09	-0.402961
1.02684e-09	-0.402944
1.0269e-09	-0.402926
1.02697e-09	-0.402908
1.02703e-09	-0.402891
1.02709e-09	-0.402873
1.02716e-09	-0.402855
1.02722e-09	-0.402837
1.02729e-09	-0.402818
1.02735e-09	-0.4028
1.02741e-09	-0.402781
1.02748e-09	-0.402763
1.02754e-09	-0.402744
1.02761e-09	-0.402725
1.02767e-09	-0.402707
1.02773e-09	-0.402688
1.0278e-09	-0.402668
1.02786e-09	-0.402649
1.02793e-09	-0.40263
1.02799e-09	-0.40261
1.02805e-09	-0.402591
1.02812e-09	-0.402571
1.02818e-09	-0.402551
1.02825e-09	-0.402532
1.02831e-09	-0.402512
1.02837e-09	-0.402491
1.02844e-09	-0.402471
1.0285e-09	-0.402451
1.02857e-09	-0.402431
1.02863e-09	-0.40241
1.02869e-09	-0.402389
1.02876e-09	-0.402369
1.02882e-09	-0.402348
1.02889e-09	-0.402327
1.02895e-09	-0.402306
1.02901e-09	-0.402284
1.02908e-09	-0.402263
1.02914e-09	-0.402242
1.02921e-09	-0.40222
1.02927e-09	-0.402199
1.02933e-09	-0.402177
1.0294e-09	-0.402155
1.02946e-09	-0.402133
1.02953e-09	-0.402111
1.02959e-09	-0.402089
1.02965e-09	-0.402066
1.02972e-09	-0.402044
1.02978e-09	-0.402021
1.02985e-09	-0.401999
1.02991e-09	-0.401976
1.02997e-09	-0.401953
1.03004e-09	-0.40193
1.0301e-09	-0.401907
1.03017e-09	-0.401884
1.03023e-09	-0.401861
1.03029e-09	-0.401837
1.03036e-09	-0.401814
1.03042e-09	-0.40179
1.03049e-09	-0.401767
1.03055e-09	-0.401743
1.03061e-09	-0.401719
1.03068e-09	-0.401695
1.03074e-09	-0.401671
1.03081e-09	-0.401646
1.03087e-09	-0.401622
1.03093e-09	-0.401597
1.031e-09	-0.401573
1.03106e-09	-0.401548
1.03113e-09	-0.401523
1.03119e-09	-0.401498
1.03125e-09	-0.401473
1.03132e-09	-0.401448
1.03138e-09	-0.401423
1.03145e-09	-0.401397
1.03151e-09	-0.401372
1.03157e-09	-0.401346
1.03164e-09	-0.40132
1.0317e-09	-0.401295
1.03177e-09	-0.401269
1.03183e-09	-0.401243
1.03189e-09	-0.401216
1.03196e-09	-0.40119
1.03202e-09	-0.401164
1.03209e-09	-0.401137
1.03215e-09	-0.401111
1.03221e-09	-0.401084
1.03228e-09	-0.401057
1.03234e-09	-0.40103
1.03241e-09	-0.401003
1.03247e-09	-0.400976
1.03253e-09	-0.400949
1.0326e-09	-0.400921
1.03266e-09	-0.400894
1.03273e-09	-0.400866
1.03279e-09	-0.400838
1.03285e-09	-0.40081
1.03292e-09	-0.400782
1.03298e-09	-0.400754
1.03305e-09	-0.400726
1.03311e-09	-0.400698
1.03317e-09	-0.40067
1.03324e-09	-0.400641
1.0333e-09	-0.400612
1.03337e-09	-0.400584
1.03343e-09	-0.400555
1.03349e-09	-0.400526
1.03356e-09	-0.400497
1.03362e-09	-0.400468
1.03369e-09	-0.400438
1.03375e-09	-0.400409
1.03381e-09	-0.400379
1.03388e-09	-0.40035
1.03394e-09	-0.40032
1.03401e-09	-0.40029
1.03407e-09	-0.40026
1.03413e-09	-0.40023
1.0342e-09	-0.4002
1.03426e-09	-0.400169
1.03433e-09	-0.400139
1.03439e-09	-0.400108
1.03445e-09	-0.400078
1.03452e-09	-0.400047
1.03458e-09	-0.400016
1.03465e-09	-0.399985
1.03471e-09	-0.399954
1.03477e-09	-0.399923
1.03484e-09	-0.399891
1.0349e-09	-0.39986
1.03497e-09	-0.399828
1.03503e-09	-0.399797
1.03509e-09	-0.399765
1.03516e-09	-0.399733
1.03522e-09	-0.399701
1.03529e-09	-0.399669
1.03535e-09	-0.399637
1.03541e-09	-0.399604
1.03548e-09	-0.399572
1.03554e-09	-0.399539
1.03561e-09	-0.399507
1.03567e-09	-0.399474
1.03573e-09	-0.399441
1.0358e-09	-0.399408
1.03586e-09	-0.399375
1.03593e-09	-0.399342
1.03599e-09	-0.399308
1.03605e-09	-0.399275
1.03612e-09	-0.399241
1.03618e-09	-0.399207
1.03625e-09	-0.399174
1.03631e-09	-0.39914
1.03637e-09	-0.399106
1.03644e-09	-0.399071
1.0365e-09	-0.399037
1.03657e-09	-0.399003
1.03663e-09	-0.398968
1.03669e-09	-0.398934
1.03676e-09	-0.398899
1.03682e-09	-0.398864
1.03689e-09	-0.398829
1.03695e-09	-0.398794
1.03701e-09	-0.398759
1.03708e-09	-0.398723
1.03714e-09	-0.398688
1.03721e-09	-0.398652
1.03727e-09	-0.398617
1.03733e-09	-0.398581
1.0374e-09	-0.398545
1.03746e-09	-0.398509
1.03753e-09	-0.398473
1.03759e-09	-0.398437
1.03765e-09	-0.398401
1.03772e-09	-0.398364
1.03778e-09	-0.398327
1.03785e-09	-0.398291
1.03791e-09	-0.398254
1.03797e-09	-0.398217
1.03804e-09	-0.39818
1.0381e-09	-0.398143
1.03817e-09	-0.398106
1.03823e-09	-0.398068
1.03829e-09	-0.398031
1.03836e-09	-0.397993
1.03842e-09	-0.397956
1.03849e-09	-0.397918
1.03855e-09	-0.39788
1.03861e-09	-0.397842
1.03868e-09	-0.397804
1.03874e-09	-0.397765
1.03881e-09	-0.397727
1.03887e-09	-0.397688
1.03893e-09	-0.39765
1.039e-09	-0.397611
1.03906e-09	-0.397572
1.03913e-09	-0.397533
1.03919e-09	-0.397494
1.03925e-09	-0.397455
1.03932e-09	-0.397415
1.03938e-09	-0.397376
1.03945e-09	-0.397337
1.03951e-09	-0.397297
1.03958e-09	-0.397257
1.03964e-09	-0.397217
1.0397e-09	-0.397177
1.03977e-09	-0.397137
1.03983e-09	-0.397097
1.0399e-09	-0.397056
1.03996e-09	-0.397016
1.04002e-09	-0.396975
1.04009e-09	-0.396935
1.04015e-09	-0.396894
1.04022e-09	-0.396853
1.04028e-09	-0.396812
1.04034e-09	-0.396771
1.04041e-09	-0.396729
1.04047e-09	-0.396688
1.04054e-09	-0.396646
1.0406e-09	-0.396605
1.04066e-09	-0.396563
1.04073e-09	-0.396521
1.04079e-09	-0.396479
1.04086e-09	-0.396437
1.04092e-09	-0.396395
1.04098e-09	-0.396353
1.04105e-09	-0.39631
1.04111e-09	-0.396268
1.04118e-09	-0.396225
1.04124e-09	-0.396182
1.0413e-09	-0.396139
1.04137e-09	-0.396096
1.04143e-09	-0.396053
1.0415e-09	-0.39601
1.04156e-09	-0.395966
1.04162e-09	-0.395923
1.04169e-09	-0.395879
1.04175e-09	-0.395835
1.04182e-09	-0.395792
1.04188e-09	-0.395748
1.04194e-09	-0.395704
1.04201e-09	-0.395659
1.04207e-09	-0.395615
1.04214e-09	-0.395571
1.0422e-09	-0.395526
1.04226e-09	-0.395481
1.04233e-09	-0.395437
1.04239e-09	-0.395392
1.04246e-09	-0.395347
1.04252e-09	-0.395302
1.04258e-09	-0.395256
1.04265e-09	-0.395211
1.04271e-09	-0.395166
1.04278e-09	-0.39512
1.04284e-09	-0.395074
1.0429e-09	-0.395028
1.04297e-09	-0.394982
1.04303e-09	-0.394936
1.0431e-09	-0.39489
1.04316e-09	-0.394844
1.04322e-09	-0.394798
1.04329e-09	-0.394751
1.04335e-09	-0.394704
1.04342e-09	-0.394658
1.04348e-09	-0.394611
1.04354e-09	-0.394564
1.04361e-09	-0.394517
1.04367e-09	-0.394469
1.04374e-09	-0.394422
1.0438e-09	-0.394375
1.04386e-09	-0.394327
1.04393e-09	-0.394279
1.04399e-09	-0.394231
1.04406e-09	-0.394183
1.04412e-09	-0.394135
1.04418e-09	-0.394087
1.04425e-09	-0.394039
1.04431e-09	-0.393991
1.04438e-09	-0.393942
1.04444e-09	-0.393893
1.0445e-09	-0.393845
1.04457e-09	-0.393796
1.04463e-09	-0.393747
1.0447e-09	-0.393698
1.04476e-09	-0.393648
1.04482e-09	-0.393599
1.04489e-09	-0.39355
1.04495e-09	-0.3935
1.04502e-09	-0.39345
1.04508e-09	-0.3934
1.04514e-09	-0.39335
1.04521e-09	-0.3933
1.04527e-09	-0.39325
1.04534e-09	-0.3932
1.0454e-09	-0.393149
1.04546e-09	-0.393099
1.04553e-09	-0.393048
1.04559e-09	-0.392998
1.04566e-09	-0.392947
1.04572e-09	-0.392896
1.04578e-09	-0.392844
1.04585e-09	-0.392793
1.04591e-09	-0.392742
1.04598e-09	-0.39269
1.04604e-09	-0.392639
1.0461e-09	-0.392587
1.04617e-09	-0.392535
1.04623e-09	-0.392483
1.0463e-09	-0.392431
1.04636e-09	-0.392379
1.04642e-09	-0.392327
1.04649e-09	-0.392274
1.04655e-09	-0.392222
1.04662e-09	-0.392169
1.04668e-09	-0.392116
1.04674e-09	-0.392063
1.04681e-09	-0.39201
1.04687e-09	-0.391957
1.04694e-09	-0.391904
1.047e-09	-0.391851
1.04706e-09	-0.391797
1.04713e-09	-0.391743
1.04719e-09	-0.39169
1.04726e-09	-0.391636
1.04732e-09	-0.391582
1.04738e-09	-0.391528
1.04745e-09	-0.391474
1.04751e-09	-0.391419
1.04758e-09	-0.391365
1.04764e-09	-0.39131
1.0477e-09	-0.391256
1.04777e-09	-0.391201
1.04783e-09	-0.391146
1.0479e-09	-0.391091
1.04796e-09	-0.391036
1.04802e-09	-0.39098
1.04809e-09	-0.390925
1.04815e-09	-0.390869
1.04822e-09	-0.390814
1.04828e-09	-0.390758
1.04834e-09	-0.390702
1.04841e-09	-0.390646
1.04847e-09	-0.39059
1.04854e-09	-0.390534
1.0486e-09	-0.390477
1.04866e-09	-0.390421
1.04873e-09	-0.390364
1.04879e-09	-0.390308
1.04886e-09	-0.390251
1.04892e-09	-0.390194
1.04898e-09	-0.390137
1.04905e-09	-0.390079
1.04911e-09	-0.390022
1.04918e-09	-0.389965
1.04924e-09	-0.389907
1.0493e-09	-0.389849
1.04937e-09	-0.389792
1.04943e-09	-0.389734
1.0495e-09	-0.389676
1.04956e-09	-0.389618
1.04962e-09	-0.389559
1.04969e-09	-0.389501
1.04975e-09	-0.389442
1.04982e-09	-0.389384
1.04988e-09	-0.389325
1.04994e-09	-0.389266
1.05001e-09	-0.389207
1.05007e-09	-0.389148
1.05014e-09	-0.389089
1.0502e-09	-0.389029
1.05026e-09	-0.38897
1.05033e-09	-0.38891
1.05039e-09	-0.38885
1.05046e-09	-0.388791
1.05052e-09	-0.388731
1.05058e-09	-0.388671
1.05065e-09	-0.38861
1.05071e-09	-0.38855
1.05078e-09	-0.38849
1.05084e-09	-0.388429
1.0509e-09	-0.388368
1.05097e-09	-0.388308
1.05103e-09	-0.388247
1.0511e-09	-0.388186
1.05116e-09	-0.388124
1.05122e-09	-0.388063
1.05129e-09	-0.388002
1.05135e-09	-0.38794
1.05142e-09	-0.387879
1.05148e-09	-0.387817
1.05154e-09	-0.387755
1.05161e-09	-0.387693
1.05167e-09	-0.387631
1.05174e-09	-0.387568
1.0518e-09	-0.387506
1.05186e-09	-0.387444
1.05193e-09	-0.387381
1.05199e-09	-0.387318
1.05206e-09	-0.387255
1.05212e-09	-0.387192
1.05218e-09	-0.387129
1.05225e-09	-0.387066
1.05231e-09	-0.387003
1.05238e-09	-0.386939
1.05244e-09	-0.386876
1.0525e-09	-0.386812
1.05257e-09	-0.386748
1.05263e-09	-0.386684
1.0527e-09	-0.38662
1.05276e-09	-0.386556
1.05282e-09	-0.386492
1.05289e-09	-0.386427
1.05295e-09	-0.386363
1.05302e-09	-0.386298
1.05308e-09	-0.386233
1.05314e-09	-0.386168
1.05321e-09	-0.386103
1.05327e-09	-0.386038
1.05334e-09	-0.385973
1.0534e-09	-0.385907
1.05346e-09	-0.385842
1.05353e-09	-0.385776
1.05359e-09	-0.38571
1.05366e-09	-0.385644
1.05372e-09	-0.385578
1.05378e-09	-0.385512
1.05385e-09	-0.385446
1.05391e-09	-0.38538
1.05398e-09	-0.385313
1.05404e-09	-0.385246
1.0541e-09	-0.38518
1.05417e-09	-0.385113
1.05423e-09	-0.385046
1.0543e-09	-0.384979
1.05436e-09	-0.384911
1.05442e-09	-0.384844
1.05449e-09	-0.384777
1.05455e-09	-0.384709
1.05462e-09	-0.384641
1.05468e-09	-0.384573
1.05474e-09	-0.384505
1.05481e-09	-0.384437
1.05487e-09	-0.384369
1.05494e-09	-0.384301
1.055e-09	-0.384232
1.05506e-09	-0.384164
1.05513e-09	-0.384095
1.05519e-09	-0.384026
1.05526e-09	-0.383957
1.05532e-09	-0.383888
1.05538e-09	-0.383819
1.05545e-09	-0.38375
1.05551e-09	-0.38368
1.05558e-09	-0.383611
1.05564e-09	-0.383541
1.0557e-09	-0.383471
1.05577e-09	-0.383401
1.05583e-09	-0.383331
1.0559e-09	-0.383261
1.05596e-09	-0.383191
1.05602e-09	-0.38312
1.05609e-09	-0.38305
1.05615e-09	-0.382979
1.05622e-09	-0.382908
1.05628e-09	-0.382837
1.05634e-09	-0.382766
1.05641e-09	-0.382695
1.05647e-09	-0.382624
1.05654e-09	-0.382553
1.0566e-09	-0.382481
1.05666e-09	-0.382409
1.05673e-09	-0.382338
1.05679e-09	-0.382266
1.05686e-09	-0.382194
1.05692e-09	-0.382122
1.05699e-09	-0.382049
1.05705e-09	-0.381977
1.05711e-09	-0.381904
1.05718e-09	-0.381832
1.05724e-09	-0.381759
1.05731e-09	-0.381686
1.05737e-09	-0.381613
1.05743e-09	-0.38154
1.0575e-09	-0.381467
1.05756e-09	-0.381393
1.05763e-09	-0.38132
1.05769e-09	-0.381246
1.05775e-09	-0.381173
1.05782e-09	-0.381099
1.05788e-09	-0.381025
1.05795e-09	-0.380951
1.05801e-09	-0.380876
1.05807e-09	-0.380802
1.05814e-09	-0.380728
1.0582e-09	-0.380653
1.05827e-09	-0.380578
1.05833e-09	-0.380503
1.05839e-09	-0.380428
1.05846e-09	-0.380353
1.05852e-09	-0.380278
1.05859e-09	-0.380203
1.05865e-09	-0.380127
1.05871e-09	-0.380052
1.05878e-09	-0.379976
1.05884e-09	-0.3799
1.05891e-09	-0.379824
1.05897e-09	-0.379748
1.05903e-09	-0.379672
1.0591e-09	-0.379596
1.05916e-09	-0.379519
1.05923e-09	-0.379443
1.05929e-09	-0.379366
1.05935e-09	-0.379289
1.05942e-09	-0.379212
1.05948e-09	-0.379135
1.05955e-09	-0.379058
1.05961e-09	-0.37898
1.05967e-09	-0.378903
1.05974e-09	-0.378825
1.0598e-09	-0.378748
1.05987e-09	-0.37867
1.05993e-09	-0.378592
1.05999e-09	-0.378514
1.06006e-09	-0.378436
1.06012e-09	-0.378357
1.06019e-09	-0.378279
1.06025e-09	-0.3782
1.06031e-09	-0.378122
1.06038e-09	-0.378043
1.06044e-09	-0.377964
1.06051e-09	-0.377885
1.06057e-09	-0.377806
1.06063e-09	-0.377726
1.0607e-09	-0.377647
1.06076e-09	-0.377567
1.06083e-09	-0.377488
1.06089e-09	-0.377408
1.06095e-09	-0.377328
1.06102e-09	-0.377248
1.06108e-09	-0.377168
1.06115e-09	-0.377088
1.06121e-09	-0.377007
1.06127e-09	-0.376927
1.06134e-09	-0.376846
1.0614e-09	-0.376765
1.06147e-09	-0.376684
1.06153e-09	-0.376603
1.06159e-09	-0.376522
1.06166e-09	-0.376441
1.06172e-09	-0.376359
1.06179e-09	-0.376278
1.06185e-09	-0.376196
1.06191e-09	-0.376114
1.06198e-09	-0.376032
1.06204e-09	-0.37595
1.06211e-09	-0.375868
1.06217e-09	-0.375786
1.06223e-09	-0.375703
1.0623e-09	-0.375621
1.06236e-09	-0.375538
1.06243e-09	-0.375455
1.06249e-09	-0.375372
1.06255e-09	-0.375289
1.06262e-09	-0.375206
1.06268e-09	-0.375123
1.06275e-09	-0.375039
1.06281e-09	-0.374956
1.06287e-09	-0.374872
1.06294e-09	-0.374788
1.063e-09	-0.374705
1.06307e-09	-0.37462
1.06313e-09	-0.374536
1.06319e-09	-0.374452
1.06326e-09	-0.374368
1.06332e-09	-0.374283
1.06339e-09	-0.374198
1.06345e-09	-0.374114
1.06351e-09	-0.374029
1.06358e-09	-0.373944
1.06364e-09	-0.373858
1.06371e-09	-0.373773
1.06377e-09	-0.373688
1.06383e-09	-0.373602
1.0639e-09	-0.373517
1.06396e-09	-0.373431
1.06403e-09	-0.373345
1.06409e-09	-0.373259
1.06415e-09	-0.373173
1.06422e-09	-0.373086
1.06428e-09	-0.373
1.06435e-09	-0.372913
1.06441e-09	-0.372827
1.06447e-09	-0.37274
1.06454e-09	-0.372653
1.0646e-09	-0.372566
1.06467e-09	-0.372479
1.06473e-09	-0.372391
1.06479e-09	-0.372304
1.06486e-09	-0.372216
1.06492e-09	-0.372129
1.06499e-09	-0.372041
1.06505e-09	-0.371953
1.06511e-09	-0.371865
1.06518e-09	-0.371777
1.06524e-09	-0.371688
1.06531e-09	-0.3716
1.06537e-09	-0.371511
1.06543e-09	-0.371423
1.0655e-09	-0.371334
1.06556e-09	-0.371245
1.06563e-09	-0.371156
1.06569e-09	-0.371067
1.06575e-09	-0.370977
1.06582e-09	-0.370888
1.06588e-09	-0.370798
1.06595e-09	-0.370709
1.06601e-09	-0.370619
1.06607e-09	-0.370529
1.06614e-09	-0.370439
1.0662e-09	-0.370349
1.06627e-09	-0.370258
1.06633e-09	-0.370168
1.06639e-09	-0.370077
1.06646e-09	-0.369987
1.06652e-09	-0.369896
1.06659e-09	-0.369805
1.06665e-09	-0.369714
1.06671e-09	-0.369623
1.06678e-09	-0.369531
1.06684e-09	-0.36944
1.06691e-09	-0.369348
1.06697e-09	-0.369257
1.06703e-09	-0.369165
1.0671e-09	-0.369073
1.06716e-09	-0.368981
1.06723e-09	-0.368888
1.06729e-09	-0.368796
1.06735e-09	-0.368704
1.06742e-09	-0.368611
1.06748e-09	-0.368518
1.06755e-09	-0.368426
1.06761e-09	-0.368333
1.06767e-09	-0.368239
1.06774e-09	-0.368146
1.0678e-09	-0.368053
1.06787e-09	-0.367959
1.06793e-09	-0.367866
1.06799e-09	-0.367772
1.06806e-09	-0.367678
1.06812e-09	-0.367584
1.06819e-09	-0.36749
1.06825e-09	-0.367396
1.06831e-09	-0.367302
1.06838e-09	-0.367207
1.06844e-09	-0.367112
1.06851e-09	-0.367018
1.06857e-09	-0.366923
1.06863e-09	-0.366828
1.0687e-09	-0.366733
1.06876e-09	-0.366637
1.06883e-09	-0.366542
1.06889e-09	-0.366447
1.06895e-09	-0.366351
1.06902e-09	-0.366255
1.06908e-09	-0.366159
1.06915e-09	-0.366063
1.06921e-09	-0.365967
1.06927e-09	-0.365871
1.06934e-09	-0.365775
1.0694e-09	-0.365678
1.06947e-09	-0.365581
1.06953e-09	-0.365485
1.06959e-09	-0.365388
1.06966e-09	-0.365291
1.06972e-09	-0.365194
1.06979e-09	-0.365096
1.06985e-09	-0.364999
1.06991e-09	-0.364901
1.06998e-09	-0.364804
1.07004e-09	-0.364706
1.07011e-09	-0.364608
1.07017e-09	-0.36451
1.07023e-09	-0.364412
1.0703e-09	-0.364313
1.07036e-09	-0.364215
1.07043e-09	-0.364116
1.07049e-09	-0.364018
1.07055e-09	-0.363919
1.07062e-09	-0.36382
1.07068e-09	-0.363721
1.07075e-09	-0.363622
1.07081e-09	-0.363523
1.07087e-09	-0.363423
1.07094e-09	-0.363324
1.071e-09	-0.363224
1.07107e-09	-0.363124
1.07113e-09	-0.363024
1.07119e-09	-0.362924
1.07126e-09	-0.362824
1.07132e-09	-0.362723
1.07139e-09	-0.362623
1.07145e-09	-0.362522
1.07151e-09	-0.362422
1.07158e-09	-0.362321
1.07164e-09	-0.36222
1.07171e-09	-0.362119
1.07177e-09	-0.362018
1.07183e-09	-0.361916
1.0719e-09	-0.361815
1.07196e-09	-0.361713
1.07203e-09	-0.361611
1.07209e-09	-0.36151
1.07215e-09	-0.361408
1.07222e-09	-0.361305
1.07228e-09	-0.361203
1.07235e-09	-0.361101
1.07241e-09	-0.360998
1.07247e-09	-0.360896
1.07254e-09	-0.360793
1.0726e-09	-0.36069
1.07267e-09	-0.360587
1.07273e-09	-0.360484
1.07279e-09	-0.360381
1.07286e-09	-0.360277
1.07292e-09	-0.360174
1.07299e-09	-0.36007
1.07305e-09	-0.359966
1.07311e-09	-0.359863
1.07318e-09	-0.359758
1.07324e-09	-0.359654
1.07331e-09	-0.35955
1.07337e-09	-0.359446
1.07343e-09	-0.359341
1.0735e-09	-0.359236
1.07356e-09	-0.359132
1.07363e-09	-0.359027
1.07369e-09	-0.358922
1.07375e-09	-0.358817
1.07382e-09	-0.358711
1.07388e-09	-0.358606
1.07395e-09	-0.3585
1.07401e-09	-0.358395
1.07407e-09	-0.358289
1.07414e-09	-0.358183
1.0742e-09	-0.358077
1.07427e-09	-0.35797
1.07433e-09	-0.357864
1.0744e-09	-0.357758
1.07446e-09	-0.357651
1.07452e-09	-0.357544
1.07459e-09	-0.357438
1.07465e-09	-0.357331
1.07472e-09	-0.357223
1.07478e-09	-0.357116
1.07484e-09	-0.357009
1.07491e-09	-0.356901
1.07497e-09	-0.356794
1.07504e-09	-0.356686
1.0751e-09	-0.356578
1.07516e-09	-0.35647
1.07523e-09	-0.356362
1.07529e-09	-0.356254
1.07536e-09	-0.356145
1.07542e-09	-0.356037
1.07548e-09	-0.355928
1.07555e-09	-0.35582
1.07561e-09	-0.355711
1.07568e-09	-0.355602
1.07574e-09	-0.355493
1.0758e-09	-0.355383
1.07587e-09	-0.355274
1.07593e-09	-0.355164
1.076e-09	-0.355055
1.07606e-09	-0.354945
1.07612e-09	-0.354835
1.07619e-09	-0.354725
1.07625e-09	-0.354615
1.07632e-09	-0.354504
1.07638e-09	-0.354394
1.07644e-09	-0.354283
1.07651e-09	-0.354173
1.07657e-09	-0.354062
1.07664e-09	-0.353951
1.0767e-09	-0.35384
1.07676e-09	-0.353729
1.07683e-09	-0.353617
1.07689e-09	-0.353506
1.07696e-09	-0.353394
1.07702e-09	-0.353283
1.07708e-09	-0.353171
1.07715e-09	-0.353059
1.07721e-09	-0.352947
1.07728e-09	-0.352834
1.07734e-09	-0.352722
1.0774e-09	-0.35261
1.07747e-09	-0.352497
1.07753e-09	-0.352384
1.0776e-09	-0.352271
1.07766e-09	-0.352158
1.07772e-09	-0.352045
1.07779e-09	-0.351932
1.07785e-09	-0.351819
1.07792e-09	-0.351705
1.07798e-09	-0.351591
1.07804e-09	-0.351478
1.07811e-09	-0.351364
1.07817e-09	-0.35125
1.07824e-09	-0.351136
1.0783e-09	-0.351021
1.07836e-09	-0.350907
1.07843e-09	-0.350792
1.07849e-09	-0.350678
1.07856e-09	-0.350563
1.07862e-09	-0.350448
1.07868e-09	-0.350333
1.07875e-09	-0.350218
1.07881e-09	-0.350102
1.07888e-09	-0.349987
1.07894e-09	-0.349871
1.079e-09	-0.349756
1.07907e-09	-0.34964
1.07913e-09	-0.349524
1.0792e-09	-0.349408
1.07926e-09	-0.349292
1.07932e-09	-0.349175
1.07939e-09	-0.349059
1.07945e-09	-0.348942
1.07952e-09	-0.348825
1.07958e-09	-0.348708
1.07964e-09	-0.348592
1.07971e-09	-0.348474
1.07977e-09	-0.348357
1.07984e-09	-0.34824
1.0799e-09	-0.348122
1.07996e-09	-0.348005
1.08003e-09	-0.347887
1.08009e-09	-0.347769
1.08016e-09	-0.347651
1.08022e-09	-0.347533
1.08028e-09	-0.347414
1.08035e-09	-0.347296
1.08041e-09	-0.347178
1.08048e-09	-0.347059
1.08054e-09	-0.34694
1.0806e-09	-0.346821
1.08067e-09	-0.346702
1.08073e-09	-0.346583
1.0808e-09	-0.346464
1.08086e-09	-0.346344
1.08092e-09	-0.346225
1.08099e-09	-0.346105
1.08105e-09	-0.345985
1.08112e-09	-0.345865
1.08118e-09	-0.345745
1.08124e-09	-0.345625
1.08131e-09	-0.345504
1.08137e-09	-0.345384
1.08144e-09	-0.345263
1.0815e-09	-0.345143
1.08156e-09	-0.345022
1.08163e-09	-0.344901
1.08169e-09	-0.34478
1.08176e-09	-0.344658
1.08182e-09	-0.344537
1.08188e-09	-0.344415
1.08195e-09	-0.344294
1.08201e-09	-0.344172
1.08208e-09	-0.34405
1.08214e-09	-0.343928
1.0822e-09	-0.343806
1.08227e-09	-0.343684
1.08233e-09	-0.343561
1.0824e-09	-0.343439
1.08246e-09	-0.343316
1.08252e-09	-0.343193
1.08259e-09	-0.34307
1.08265e-09	-0.342947
1.08272e-09	-0.342824
1.08278e-09	-0.342701
1.08284e-09	-0.342577
1.08291e-09	-0.342454
1.08297e-09	-0.34233
1.08304e-09	-0.342206
1.0831e-09	-0.342082
1.08316e-09	-0.341958
1.08323e-09	-0.341834
1.08329e-09	-0.341709
1.08336e-09	-0.341585
1.08342e-09	-0.34146
1.08348e-09	-0.341336
1.08355e-09	-0.341211
1.08361e-09	-0.341086
1.08368e-09	-0.340961
1.08374e-09	-0.340835
1.0838e-09	-0.34071
1.08387e-09	-0.340584
1.08393e-09	-0.340459
1.084e-09	-0.340333
1.08406e-09	-0.340207
1.08412e-09	-0.340081
1.08419e-09	-0.339955
1.08425e-09	-0.339828
1.08432e-09	-0.339702
1.08438e-09	-0.339575
1.08444e-09	-0.339449
1.08451e-09	-0.339322
1.08457e-09	-0.339195
1.08464e-09	-0.339068
1.0847e-09	-0.338941
1.08476e-09	-0.338813
1.08483e-09	-0.338686
1.08489e-09	-0.338558
1.08496e-09	-0.338431
1.08502e-09	-0.338303
1.08508e-09	-0.338175
1.08515e-09	-0.338047
1.08521e-09	-0.337918
1.08528e-09	-0.33779
1.08534e-09	-0.337662
1.0854e-09	-0.337533
1.08547e-09	-0.337404
1.08553e-09	-0.337275
1.0856e-09	-0.337146
1.08566e-09	-0.337017
1.08572e-09	-0.336888
1.08579e-09	-0.336758
1.08585e-09	-0.336629
1.08592e-09	-0.336499
1.08598e-09	-0.336369
1.08604e-09	-0.336239
1.08611e-09	-0.336109
1.08617e-09	-0.335979
1.08624e-09	-0.335849
1.0863e-09	-0.335718
1.08636e-09	-0.335588
1.08643e-09	-0.335457
1.08649e-09	-0.335326
1.08656e-09	-0.335195
1.08662e-09	-0.335064
1.08668e-09	-0.334933
1.08675e-09	-0.334802
1.08681e-09	-0.33467
1.08688e-09	-0.334538
1.08694e-09	-0.334407
1.087e-09	-0.334275
1.08707e-09	-0.334143
1.08713e-09	-0.334011
1.0872e-09	-0.333878
1.08726e-09	-0.333746
1.08732e-09	-0.333613
1.08739e-09	-0.333481
1.08745e-09	-0.333348
1.08752e-09	-0.333215
1.08758e-09	-0.333082
1.08764e-09	-0.332949
1.08771e-09	-0.332816
1.08777e-09	-0.332682
1.08784e-09	-0.332549
1.0879e-09	-0.332415
1.08796e-09	-0.332281
1.08803e-09	-0.332147
1.08809e-09	-0.332013
1.08816e-09	-0.331879
1.08822e-09	-0.331744
1.08828e-09	-0.33161
1.08835e-09	-0.331475
1.08841e-09	-0.331341
1.08848e-09	-0.331206
1.08854e-09	-0.331071
1.0886e-09	-0.330936
1.08867e-09	-0.3308
1.08873e-09	-0.330665
1.0888e-09	-0.330529
1.08886e-09	-0.330394
1.08892e-09	-0.330258
1.08899e-09	-0.330122
1.08905e-09	-0.329986
1.08912e-09	-0.32985
1.08918e-09	-0.329714
1.08924e-09	-0.329577
1.08931e-09	-0.329441
1.08937e-09	-0.329304
1.08944e-09	-0.329167
1.0895e-09	-0.32903
1.08956e-09	-0.328893
1.08963e-09	-0.328756
1.08969e-09	-0.328619
1.08976e-09	-0.328481
1.08982e-09	-0.328344
1.08988e-09	-0.328206
1.08995e-09	-0.328068
1.09001e-09	-0.32793
1.09008e-09	-0.327792
1.09014e-09	-0.327654
1.0902e-09	-0.327515
1.09027e-09	-0.327377
1.09033e-09	-0.327238
1.0904e-09	-0.327099
1.09046e-09	-0.32696
1.09052e-09	-0.326821
1.09059e-09	-0.326682
1.09065e-09	-0.326543
1.09072e-09	-0.326403
1.09078e-09	-0.326264
1.09084e-09	-0.326124
1.09091e-09	-0.325984
1.09097e-09	-0.325845
1.09104e-09	-0.325704
1.0911e-09	-0.325564
1.09116e-09	-0.325424
1.09123e-09	-0.325283
1.09129e-09	-0.325143
1.09136e-09	-0.325002
1.09142e-09	-0.324861
1.09148e-09	-0.32472
1.09155e-09	-0.324579
1.09161e-09	-0.324438
1.09168e-09	-0.324297
1.09174e-09	-0.324155
1.09181e-09	-0.324014
1.09187e-09	-0.323872
1.09193e-09	-0.32373
1.092e-09	-0.323588
1.09206e-09	-0.323446
1.09213e-09	-0.323303
1.09219e-09	-0.323161
1.09225e-09	-0.323018
1.09232e-09	-0.322876
1.09238e-09	-0.322733
1.09245e-09	-0.32259
1.09251e-09	-0.322447
1.09257e-09	-0.322304
1.09264e-09	-0.322161
1.0927e-09	-0.322017
1.09277e-09	-0.321873
1.09283e-09	-0.32173
1.09289e-09	-0.321586
1.09296e-09	-0.321442
1.09302e-09	-0.321298
1.09309e-09	-0.321154
1.09315e-09	-0.321009
1.09321e-09	-0.320865
1.09328e-09	-0.32072
1.09334e-09	-0.320575
1.09341e-09	-0.320431
1.09347e-09	-0.320285
1.09353e-09	-0.32014
1.0936e-09	-0.319995
1.09366e-09	-0.31985
1.09373e-09	-0.319704
1.09379e-09	-0.319559
1.09385e-09	-0.319413
1.09392e-09	-0.319267
1.09398e-09	-0.319121
1.09405e-09	-0.318975
1.09411e-09	-0.318828
1.09417e-09	-0.318682
1.09424e-09	-0.318535
1.0943e-09	-0.318389
1.09437e-09	-0.318242
1.09443e-09	-0.318095
1.09449e-09	-0.317948
1.09456e-09	-0.3178
1.09462e-09	-0.317653
1.09469e-09	-0.317506
1.09475e-09	-0.317358
1.09481e-09	-0.31721
1.09488e-09	-0.317062
1.09494e-09	-0.316914
1.09501e-09	-0.316766
1.09507e-09	-0.316618
1.09513e-09	-0.31647
1.0952e-09	-0.316321
1.09526e-09	-0.316172
1.09533e-09	-0.316024
1.09539e-09	-0.315875
1.09545e-09	-0.315726
1.09552e-09	-0.315576
1.09558e-09	-0.315427
1.09565e-09	-0.315278
1.09571e-09	-0.315128
1.09577e-09	-0.314978
1.09584e-09	-0.314829
1.0959e-09	-0.314679
1.09597e-09	-0.314529
1.09603e-09	-0.314378
1.09609e-09	-0.314228
1.09616e-09	-0.314077
1.09622e-09	-0.313927
1.09629e-09	-0.313776
1.09635e-09	-0.313625
1.09641e-09	-0.313474
1.09648e-09	-0.313323
1.09654e-09	-0.313172
1.09661e-09	-0.31302
1.09667e-09	-0.312869
1.09673e-09	-0.312717
1.0968e-09	-0.312566
1.09686e-09	-0.312414
1.09693e-09	-0.312262
1.09699e-09	-0.312109
1.09705e-09	-0.311957
1.09712e-09	-0.311805
1.09718e-09	-0.311652
1.09725e-09	-0.311499
1.09731e-09	-0.311347
1.09737e-09	-0.311194
1.09744e-09	-0.311041
1.0975e-09	-0.310887
1.09757e-09	-0.310734
1.09763e-09	-0.310581
1.09769e-09	-0.310427
1.09776e-09	-0.310273
1.09782e-09	-0.310119
1.09789e-09	-0.309965
1.09795e-09	-0.309811
1.09801e-09	-0.309657
1.09808e-09	-0.309503
1.09814e-09	-0.309348
1.09821e-09	-0.309194
1.09827e-09	-0.309039
1.09833e-09	-0.308884
1.0984e-09	-0.308729
1.09846e-09	-0.308574
1.09853e-09	-0.308418
1.09859e-09	-0.308263
1.09865e-09	-0.308107
1.09872e-09	-0.307952
1.09878e-09	-0.307796
1.09885e-09	-0.30764
1.09891e-09	-0.307484
1.09897e-09	-0.307328
1.09904e-09	-0.307171
1.0991e-09	-0.307015
1.09917e-09	-0.306858
1.09923e-09	-0.306702
1.09929e-09	-0.306545
1.09936e-09	-0.306388
1.09942e-09	-0.306231
1.09949e-09	-0.306073
1.09955e-09	-0.305916
1.09961e-09	-0.305759
1.09968e-09	-0.305601
1.09974e-09	-0.305443
1.09981e-09	-0.305285
1.09987e-09	-0.305127
1.09993e-09	-0.304969
1.1e-09	-0.304811
1.10006e-09	-0.304652
1.10013e-09	-0.304494
1.10019e-09	-0.304335
1.10025e-09	-0.304176
1.10032e-09	-0.304017
1.10038e-09	-0.303858
1.10045e-09	-0.303699
1.10051e-09	-0.30354
1.10057e-09	-0.30338
1.10064e-09	-0.303221
1.1007e-09	-0.303061
1.10077e-09	-0.302901
1.10083e-09	-0.302741
1.10089e-09	-0.302581
1.10096e-09	-0.302421
1.10102e-09	-0.302261
1.10109e-09	-0.3021
1.10115e-09	-0.301939
1.10121e-09	-0.301779
1.10128e-09	-0.301618
1.10134e-09	-0.301457
1.10141e-09	-0.301296
1.10147e-09	-0.301134
1.10153e-09	-0.300973
1.1016e-09	-0.300811
1.10166e-09	-0.30065
1.10173e-09	-0.300488
1.10179e-09	-0.300326
1.10185e-09	-0.300164
1.10192e-09	-0.300002
1.10198e-09	-0.29984
1.10205e-09	-0.299677
1.10211e-09	-0.299515
1.10217e-09	-0.299352
1.10224e-09	-0.299189
1.1023e-09	-0.299026
1.10237e-09	-0.298863
1.10243e-09	-0.2987
1.10249e-09	-0.298536
1.10256e-09	-0.298373
1.10262e-09	-0.298209
1.10269e-09	-0.298046
1.10275e-09	-0.297882
1.10281e-09	-0.297718
1.10288e-09	-0.297554
1.10294e-09	-0.297389
1.10301e-09	-0.297225
1.10307e-09	-0.29706
1.10313e-09	-0.296896
1.1032e-09	-0.296731
1.10326e-09	-0.296566
1.10333e-09	-0.296401
1.10339e-09	-0.296236
1.10345e-09	-0.296071
1.10352e-09	-0.295905
1.10358e-09	-0.29574
1.10365e-09	-0.295574
1.10371e-09	-0.295408
1.10377e-09	-0.295242
1.10384e-09	-0.295076
1.1039e-09	-0.29491
1.10397e-09	-0.294744
1.10403e-09	-0.294577
1.10409e-09	-0.294411
1.10416e-09	-0.294244
1.10422e-09	-0.294077
1.10429e-09	-0.29391
1.10435e-09	-0.293743
1.10441e-09	-0.293576
1.10448e-09	-0.293408
1.10454e-09	-0.293241
1.10461e-09	-0.293073
1.10467e-09	-0.292905
1.10473e-09	-0.292737
1.1048e-09	-0.292569
1.10486e-09	-0.292401
1.10493e-09	-0.292233
1.10499e-09	-0.292065
1.10505e-09	-0.291896
1.10512e-09	-0.291727
1.10518e-09	-0.291559
1.10525e-09	-0.29139
1.10531e-09	-0.291221
1.10537e-09	-0.291051
1.10544e-09	-0.290882
1.1055e-09	-0.290713
1.10557e-09	-0.290543
1.10563e-09	-0.290373
1.10569e-09	-0.290204
1.10576e-09	-0.290034
1.10582e-09	-0.289864
1.10589e-09	-0.289693
1.10595e-09	-0.289523
1.10601e-09	-0.289353
1.10608e-09	-0.289182
1.10614e-09	-0.289011
1.10621e-09	-0.28884
1.10627e-09	-0.288669
1.10633e-09	-0.288498
1.1064e-09	-0.288327
1.10646e-09	-0.288156
1.10653e-09	-0.287984
1.10659e-09	-0.287812
1.10665e-09	-0.287641
1.10672e-09	-0.287469
1.10678e-09	-0.287297
1.10685e-09	-0.287125
1.10691e-09	-0.286952
1.10697e-09	-0.28678
1.10704e-09	-0.286607
1.1071e-09	-0.286435
1.10717e-09	-0.286262
1.10723e-09	-0.286089
1.10729e-09	-0.285916
1.10736e-09	-0.285743
1.10742e-09	-0.285569
1.10749e-09	-0.285396
1.10755e-09	-0.285222
1.10761e-09	-0.285049
1.10768e-09	-0.284875
1.10774e-09	-0.284701
1.10781e-09	-0.284527
1.10787e-09	-0.284352
1.10793e-09	-0.284178
1.108e-09	-0.284004
1.10806e-09	-0.283829
1.10813e-09	-0.283654
1.10819e-09	-0.283479
1.10825e-09	-0.283304
1.10832e-09	-0.283129
1.10838e-09	-0.282954
1.10845e-09	-0.282779
1.10851e-09	-0.282603
1.10857e-09	-0.282427
1.10864e-09	-0.282252
1.1087e-09	-0.282076
1.10877e-09	-0.2819
1.10883e-09	-0.281723
1.10889e-09	-0.281547
1.10896e-09	-0.281371
1.10902e-09	-0.281194
1.10909e-09	-0.281018
1.10915e-09	-0.280841
1.10922e-09	-0.280664
1.10928e-09	-0.280487
1.10934e-09	-0.28031
1.10941e-09	-0.280132
1.10947e-09	-0.279955
1.10954e-09	-0.279777
1.1096e-09	-0.279599
1.10966e-09	-0.279422
1.10973e-09	-0.279244
1.10979e-09	-0.279066
1.10986e-09	-0.278887
1.10992e-09	-0.278709
1.10998e-09	-0.27853
1.11005e-09	-0.278352
1.11011e-09	-0.278173
1.11018e-09	-0.277994
1.11024e-09	-0.277815
1.1103e-09	-0.277636
1.11037e-09	-0.277457
1.11043e-09	-0.277277
1.1105e-09	-0.277098
1.11056e-09	-0.276918
1.11062e-09	-0.276739
1.11069e-09	-0.276559
1.11075e-09	-0.276379
1.11082e-09	-0.276198
1.11088e-09	-0.276018
1.11094e-09	-0.275838
1.11101e-09	-0.275657
1.11107e-09	-0.275476
1.11114e-09	-0.275296
1.1112e-09	-0.275115
1.11126e-09	-0.274934
1.11133e-09	-0.274753
1.11139e-09	-0.274571
1.11146e-09	-0.27439
1.11152e-09	-0.274208
1.11158e-09	-0.274026
1.11165e-09	-0.273845
1.11171e-09	-0.273663
1.11178e-09	-0.273481
1.11184e-09	-0.273298
1.1119e-09	-0.273116
1.11197e-09	-0.272934
1.11203e-09	-0.272751
1.1121e-09	-0.272568
1.11216e-09	-0.272385
1.11222e-09	-0.272202
1.11229e-09	-0.272019
1.11235e-09	-0.271836
1.11242e-09	-0.271653
1.11248e-09	-0.271469
1.11254e-09	-0.271286
1.11261e-09	-0.271102
1.11267e-09	-0.270918
1.11274e-09	-0.270734
1.1128e-09	-0.27055
1.11286e-09	-0.270365
1.11293e-09	-0.270181
1.11299e-09	-0.269996
1.11306e-09	-0.269812
1.11312e-09	-0.269627
1.11318e-09	-0.269442
1.11325e-09	-0.269257
1.11331e-09	-0.269072
1.11338e-09	-0.268887
1.11344e-09	-0.268701
1.1135e-09	-0.268516
1.11357e-09	-0.26833
1.11363e-09	-0.268144
1.1137e-09	-0.267958
1.11376e-09	-0.267772
1.11382e-09	-0.267586
1.11389e-09	-0.2674
1.11395e-09	-0.267213
1.11402e-09	-0.267027
1.11408e-09	-0.26684
1.11414e-09	-0.266653
1.11421e-09	-0.266466
1.11427e-09	-0.266279
1.11434e-09	-0.266092
1.1144e-09	-0.265904
1.11446e-09	-0.265717
1.11453e-09	-0.265529
1.11459e-09	-0.265342
1.11466e-09	-0.265154
1.11472e-09	-0.264966
1.11478e-09	-0.264778
1.11485e-09	-0.264589
1.11491e-09	-0.264401
1.11498e-09	-0.264213
1.11504e-09	-0.264024
1.1151e-09	-0.263835
1.11517e-09	-0.263646
1.11523e-09	-0.263457
1.1153e-09	-0.263268
1.11536e-09	-0.263079
1.11542e-09	-0.262889
1.11549e-09	-0.2627
1.11555e-09	-0.26251
1.11562e-09	-0.262321
1.11568e-09	-0.262131
1.11574e-09	-0.261941
1.11581e-09	-0.26175
1.11587e-09	-0.26156
1.11594e-09	-0.26137
1.116e-09	-0.261179
1.11606e-09	-0.260989
1.11613e-09	-0.260798
1.11619e-09	-0.260607
1.11626e-09	-0.260416
1.11632e-09	-0.260225
1.11638e-09	-0.260033
1.11645e-09	-0.259842
1.11651e-09	-0.25965
1.11658e-09	-0.259459
1.11664e-09	-0.259267
1.1167e-09	-0.259075
1.11677e-09	-0.258883
1.11683e-09	-0.258691
1.1169e-09	-0.258498
1.11696e-09	-0.258306
1.11702e-09	-0.258113
1.11709e-09	-0.25792
1.11715e-09	-0.257728
1.11722e-09	-0.257535
1.11728e-09	-0.257342
1.11734e-09	-0.257148
1.11741e-09	-0.256955
1.11747e-09	-0.256762
1.11754e-09	-0.256568
1.1176e-09	-0.256374
1.11766e-09	-0.25618
1.11773e-09	-0.255986
1.11779e-09	-0.255792
1.11786e-09	-0.255598
1.11792e-09	-0.255404
1.11798e-09	-0.255209
1.11805e-09	-0.255015
1.11811e-09	-0.25482
1.11818e-09	-0.254625
1.11824e-09	-0.25443
1.1183e-09	-0.254235
1.11837e-09	-0.25404
1.11843e-09	-0.253844
1.1185e-09	-0.253649
1.11856e-09	-0.253453
1.11862e-09	-0.253257
1.11869e-09	-0.253061
1.11875e-09	-0.252865
1.11882e-09	-0.252669
1.11888e-09	-0.252473
1.11894e-09	-0.252277
1.11901e-09	-0.25208
1.11907e-09	-0.251883
1.11914e-09	-0.251687
1.1192e-09	-0.25149
1.11926e-09	-0.251293
1.11933e-09	-0.251096
1.11939e-09	-0.250898
1.11946e-09	-0.250701
1.11952e-09	-0.250503
1.11958e-09	-0.250306
1.11965e-09	-0.250108
1.11971e-09	-0.24991
1.11978e-09	-0.249712
1.11984e-09	-0.249514
1.1199e-09	-0.249315
1.11997e-09	-0.249117
1.12003e-09	-0.248918
1.1201e-09	-0.24872
1.12016e-09	-0.248521
1.12022e-09	-0.248322
1.12029e-09	-0.248123
1.12035e-09	-0.247924
1.12042e-09	-0.247724
1.12048e-09	-0.247525
1.12054e-09	-0.247325
1.12061e-09	-0.247126
1.12067e-09	-0.246926
1.12074e-09	-0.246726
1.1208e-09	-0.246526
1.12086e-09	-0.246326
1.12093e-09	-0.246125
1.12099e-09	-0.245925
1.12106e-09	-0.245724
1.12112e-09	-0.245524
1.12118e-09	-0.245323
1.12125e-09	-0.245122
1.12131e-09	-0.244921
1.12138e-09	-0.24472
1.12144e-09	-0.244518
1.1215e-09	-0.244317
1.12157e-09	-0.244115
1.12163e-09	-0.243914
1.1217e-09	-0.243712
1.12176e-09	-0.24351
1.12182e-09	-0.243308
1.12189e-09	-0.243106
1.12195e-09	-0.242903
1.12202e-09	-0.242701
1.12208e-09	-0.242498
1.12214e-09	-0.242295
1.12221e-09	-0.242093
1.12227e-09	-0.24189
1.12234e-09	-0.241687
1.1224e-09	-0.241483
1.12246e-09	-0.24128
1.12253e-09	-0.241076
1.12259e-09	-0.240873
1.12266e-09	-0.240669
1.12272e-09	-0.240465
1.12278e-09	-0.240261
1.12285e-09	-0.240057
1.12291e-09	-0.239853
1.12298e-09	-0.239649
1.12304e-09	-0.239444
1.1231e-09	-0.23924
1.12317e-09	-0.239035
1.12323e-09	-0.23883
1.1233e-09	-0.238625
1.12336e-09	-0.23842
1.12342e-09	-0.238215
1.12349e-09	-0.238009
1.12355e-09	-0.237804
1.12362e-09	-0.237598
1.12368e-09	-0.237393
1.12374e-09	-0.237187
1.12381e-09	-0.236981
1.12387e-09	-0.236775
1.12394e-09	-0.236568
1.124e-09	-0.236362
1.12406e-09	-0.236155
1.12413e-09	-0.235949
1.12419e-09	-0.235742
1.12426e-09	-0.235535
1.12432e-09	-0.235328
1.12438e-09	-0.235121
1.12445e-09	-0.234914
1.12451e-09	-0.234707
1.12458e-09	-0.234499
1.12464e-09	-0.234292
1.1247e-09	-0.234084
1.12477e-09	-0.233876
1.12483e-09	-0.233668
1.1249e-09	-0.23346
1.12496e-09	-0.233252
1.12502e-09	-0.233043
1.12509e-09	-0.232835
1.12515e-09	-0.232626
1.12522e-09	-0.232417
1.12528e-09	-0.232209
1.12534e-09	-0.232
1.12541e-09	-0.23179
1.12547e-09	-0.231581
1.12554e-09	-0.231372
1.1256e-09	-0.231162
1.12566e-09	-0.230953
1.12573e-09	-0.230743
1.12579e-09	-0.230533
1.12586e-09	-0.230323
1.12592e-09	-0.230113
1.12598e-09	-0.229903
1.12605e-09	-0.229692
1.12611e-09	-0.229482
1.12618e-09	-0.229271
1.12624e-09	-0.229061
1.1263e-09	-0.22885
1.12637e-09	-0.228639
1.12643e-09	-0.228428
1.1265e-09	-0.228216
1.12656e-09	-0.228005
1.12663e-09	-0.227794
1.12669e-09	-0.227582
1.12675e-09	-0.22737
1.12682e-09	-0.227158
1.12688e-09	-0.226946
1.12695e-09	-0.226734
1.12701e-09	-0.226522
1.12707e-09	-0.22631
1.12714e-09	-0.226097
1.1272e-09	-0.225885
1.12727e-09	-0.225672
1.12733e-09	-0.225459
1.12739e-09	-0.225246
1.12746e-09	-0.225033
1.12752e-09	-0.22482
1.12759e-09	-0.224607
1.12765e-09	-0.224393
1.12771e-09	-0.22418
1.12778e-09	-0.223966
1.12784e-09	-0.223752
1.12791e-09	-0.223538
1.12797e-09	-0.223324
1.12803e-09	-0.22311
1.1281e-09	-0.222895
1.12816e-09	-0.222681
1.12823e-09	-0.222466
1.12829e-09	-0.222252
1.12835e-09	-0.222037
1.12842e-09	-0.221822
1.12848e-09	-0.221607
1.12855e-09	-0.221392
1.12861e-09	-0.221176
1.12867e-09	-0.220961
1.12874e-09	-0.220745
1.1288e-09	-0.22053
1.12887e-09	-0.220314
1.12893e-09	-0.220098
1.12899e-09	-0.219882
1.12906e-09	-0.219666
1.12912e-09	-0.219449
1.12919e-09	-0.219233
1.12925e-09	-0.219016
1.12931e-09	-0.2188
1.12938e-09	-0.218583
1.12944e-09	-0.218366
1.12951e-09	-0.218149
1.12957e-09	-0.217932
1.12963e-09	-0.217714
1.1297e-09	-0.217497
1.12976e-09	-0.217279
1.12983e-09	-0.217062
1.12989e-09	-0.216844
1.12995e-09	-0.216626
1.13002e-09	-0.216408
1.13008e-09	-0.21619
1.13015e-09	-0.215971
1.13021e-09	-0.215753
1.13027e-09	-0.215535
1.13034e-09	-0.215316
1.1304e-09	-0.215097
1.13047e-09	-0.214878
1.13053e-09	-0.214659
1.13059e-09	-0.21444
1.13066e-09	-0.214221
1.13072e-09	-0.214001
1.13079e-09	-0.213782
1.13085e-09	-0.213562
1.13091e-09	-0.213342
1.13098e-09	-0.213123
1.13104e-09	-0.212903
1.13111e-09	-0.212682
1.13117e-09	-0.212462
1.13123e-09	-0.212242
1.1313e-09	-0.212021
1.13136e-09	-0.211801
1.13143e-09	-0.21158
1.13149e-09	-0.211359
1.13155e-09	-0.211138
1.13162e-09	-0.210917
1.13168e-09	-0.210696
1.13175e-09	-0.210474
1.13181e-09	-0.210253
1.13187e-09	-0.210031
1.13194e-09	-0.20981
1.132e-09	-0.209588
1.13207e-09	-0.209366
1.13213e-09	-0.209144
1.13219e-09	-0.208922
1.13226e-09	-0.208699
1.13232e-09	-0.208477
1.13239e-09	-0.208254
1.13245e-09	-0.208032
1.13251e-09	-0.207809
1.13258e-09	-0.207586
1.13264e-09	-0.207363
1.13271e-09	-0.20714
1.13277e-09	-0.206916
1.13283e-09	-0.206693
1.1329e-09	-0.206469
1.13296e-09	-0.206246
1.13303e-09	-0.206022
1.13309e-09	-0.205798
1.13315e-09	-0.205574
1.13322e-09	-0.20535
1.13328e-09	-0.205125
1.13335e-09	-0.204901
1.13341e-09	-0.204676
1.13347e-09	-0.204452
1.13354e-09	-0.204227
1.1336e-09	-0.204002
1.13367e-09	-0.203777
1.13373e-09	-0.203552
1.13379e-09	-0.203327
1.13386e-09	-0.203101
1.13392e-09	-0.202876
1.13399e-09	-0.20265
1.13405e-09	-0.202425
1.13411e-09	-0.202199
1.13418e-09	-0.201973
1.13424e-09	-0.201747
1.13431e-09	-0.20152
1.13437e-09	-0.201294
1.13443e-09	-0.201068
1.1345e-09	-0.200841
1.13456e-09	-0.200614
1.13463e-09	-0.200387
1.13469e-09	-0.20016
1.13475e-09	-0.199933
1.13482e-09	-0.199706
1.13488e-09	-0.199479
1.13495e-09	-0.199251
1.13501e-09	-0.199024
1.13507e-09	-0.198796
1.13514e-09	-0.198568
1.1352e-09	-0.198341
1.13527e-09	-0.198112
1.13533e-09	-0.197884
1.13539e-09	-0.197656
1.13546e-09	-0.197428
1.13552e-09	-0.197199
1.13559e-09	-0.19697
1.13565e-09	-0.196742
1.13571e-09	-0.196513
1.13578e-09	-0.196284
1.13584e-09	-0.196055
1.13591e-09	-0.195825
1.13597e-09	-0.195596
1.13603e-09	-0.195367
1.1361e-09	-0.195137
1.13616e-09	-0.194907
1.13623e-09	-0.194677
1.13629e-09	-0.194447
1.13635e-09	-0.194217
1.13642e-09	-0.193987
1.13648e-09	-0.193757
1.13655e-09	-0.193526
1.13661e-09	-0.193296
1.13667e-09	-0.193065
1.13674e-09	-0.192834
1.1368e-09	-0.192603
1.13687e-09	-0.192372
1.13693e-09	-0.192141
1.13699e-09	-0.19191
1.13706e-09	-0.191678
1.13712e-09	-0.191447
1.13719e-09	-0.191215
1.13725e-09	-0.190983
1.13731e-09	-0.190752
1.13738e-09	-0.19052
1.13744e-09	-0.190287
1.13751e-09	-0.190055
1.13757e-09	-0.189823
1.13763e-09	-0.18959
1.1377e-09	-0.189358
1.13776e-09	-0.189125
1.13783e-09	-0.188892
1.13789e-09	-0.188659
1.13795e-09	-0.188426
1.13802e-09	-0.188193
1.13808e-09	-0.18796
1.13815e-09	-0.187726
1.13821e-09	-0.187493
1.13827e-09	-0.187259
1.13834e-09	-0.187025
1.1384e-09	-0.186791
1.13847e-09	-0.186557
1.13853e-09	-0.186323
1.13859e-09	-0.186089
1.13866e-09	-0.185854
1.13872e-09	-0.18562
1.13879e-09	-0.185385
1.13885e-09	-0.18515
1.13891e-09	-0.184915
1.13898e-09	-0.18468
1.13904e-09	-0.184445
1.13911e-09	-0.18421
1.13917e-09	-0.183975
1.13923e-09	-0.183739
1.1393e-09	-0.183504
1.13936e-09	-0.183268
1.13943e-09	-0.183032
1.13949e-09	-0.182796
1.13955e-09	-0.18256
1.13962e-09	-0.182324
1.13968e-09	-0.182088
1.13975e-09	-0.181851
1.13981e-09	-0.181615
1.13987e-09	-0.181378
1.13994e-09	-0.181141
1.14e-09	-0.180904
1.14007e-09	-0.180667
1.14013e-09	-0.18043
1.14019e-09	-0.180193
1.14026e-09	-0.179956
1.14032e-09	-0.179718
1.14039e-09	-0.179481
1.14045e-09	-0.179243
1.14051e-09	-0.179005
1.14058e-09	-0.178767
1.14064e-09	-0.178529
1.14071e-09	-0.178291
1.14077e-09	-0.178052
1.14083e-09	-0.177814
1.1409e-09	-0.177575
1.14096e-09	-0.177337
1.14103e-09	-0.177098
1.14109e-09	-0.176859
1.14115e-09	-0.17662
1.14122e-09	-0.176381
1.14128e-09	-0.176142
1.14135e-09	-0.175902
1.14141e-09	-0.175663
1.14147e-09	-0.175423
1.14154e-09	-0.175183
1.1416e-09	-0.174944
1.14167e-09	-0.174704
1.14173e-09	-0.174464
1.14179e-09	-0.174223
1.14186e-09	-0.173983
1.14192e-09	-0.173743
1.14199e-09	-0.173502
1.14205e-09	-0.173261
1.14211e-09	-0.173021
1.14218e-09	-0.17278
1.14224e-09	-0.172539
1.14231e-09	-0.172298
1.14237e-09	-0.172056
1.14243e-09	-0.171815
1.1425e-09	-0.171573
1.14256e-09	-0.171332
1.14263e-09	-0.17109
1.14269e-09	-0.170848
1.14275e-09	-0.170606
1.14282e-09	-0.170364
1.14288e-09	-0.170122
1.14295e-09	-0.16988
1.14301e-09	-0.169637
1.14307e-09	-0.169395
1.14314e-09	-0.169152
1.1432e-09	-0.168909
1.14327e-09	-0.168666
1.14333e-09	-0.168423
1.14339e-09	-0.16818
1.14346e-09	-0.167937
1.14352e-09	-0.167694
1.14359e-09	-0.16745
1.14365e-09	-0.167207
1.14371e-09	-0.166963
1.14378e-09	-0.166719
1.14384e-09	-0.166475
1.14391e-09	-0.166231
1.14397e-09	-0.165987
1.14403e-09	-0.165743
1.1441e-09	-0.165498
1.14416e-09	-0.165254
1.14423e-09	-0.165009
1.14429e-09	-0.164764
1.14436e-09	-0.16452
1.14442e-09	-0.164275
1.14448e-09	-0.164029
1.14455e-09	-0.163784
1.14461e-09	-0.163539
1.14468e-09	-0.163293
1.14474e-09	-0.163048
1.1448e-09	-0.162802
1.14487e-09	-0.162556
1.14493e-09	-0.16231
1.145e-09	-0.162064
1.14506e-09	-0.161818
1.14512e-09	-0.161572
1.14519e-09	-0.161326
1.14525e-09	-0.161079
1.14532e-09	-0.160833
1.14538e-09	-0.160586
1.14544e-09	-0.160339
1.14551e-09	-0.160092
1.14557e-09	-0.159845
1.14564e-09	-0.159598
1.1457e-09	-0.15935
1.14576e-09	-0.159103
1.14583e-09	-0.158856
1.14589e-09	-0.158608
1.14596e-09	-0.15836
1.14602e-09	-0.158112
1.14608e-09	-0.157864
1.14615e-09	-0.157616
1.14621e-09	-0.157368
1.14628e-09	-0.15712
1.14634e-09	-0.156871
1.1464e-09	-0.156623
1.14647e-09	-0.156374
1.14653e-09	-0.156125
1.1466e-09	-0.155876
1.14666e-09	-0.155627
1.14672e-09	-0.155378
1.14679e-09	-0.155129
1.14685e-09	-0.154879
1.14692e-09	-0.15463
1.14698e-09	-0.15438
1.14704e-09	-0.154131
1.14711e-09	-0.153881
1.14717e-09	-0.153631
1.14724e-09	-0.153381
1.1473e-09	-0.153131
1.14736e-09	-0.15288
1.14743e-09	-0.15263
1.14749e-09	-0.152379
1.14756e-09	-0.152129
1.14762e-09	-0.151878
1.14768e-09	-0.151627
1.14775e-09	-0.151376
1.14781e-09	-0.151125
1.14788e-09	-0.150874
1.14794e-09	-0.150623
1.148e-09	-0.150371
1.14807e-09	-0.15012
1.14813e-09	-0.149868
1.1482e-09	-0.149616
1.14826e-09	-0.149364
1.14832e-09	-0.149112
1.14839e-09	-0.14886
1.14845e-09	-0.148608
1.14852e-09	-0.148356
1.14858e-09	-0.148103
1.14864e-09	-0.147851
1.14871e-09	-0.147598
1.14877e-09	-0.147345
1.14884e-09	-0.147092
1.1489e-09	-0.146839
1.14896e-09	-0.146586
1.14903e-09	-0.146333
1.14909e-09	-0.14608
1.14916e-09	-0.145826
1.14922e-09	-0.145573
1.14928e-09	-0.145319
1.14935e-09	-0.145065
1.14941e-09	-0.144811
1.14948e-09	-0.144557
1.14954e-09	-0.144303
1.1496e-09	-0.144049
1.14967e-09	-0.143794
1.14973e-09	-0.14354
1.1498e-09	-0.143285
1.14986e-09	-0.143031
1.14992e-09	-0.142776
1.14999e-09	-0.142521
1.15005e-09	-0.142266
1.15012e-09	-0.142011
1.15018e-09	-0.141755
1.15024e-09	-0.1415
1.15031e-09	-0.141244
1.15037e-09	-0.140989
1.15044e-09	-0.140733
1.1505e-09	-0.140477
1.15056e-09	-0.140221
1.15063e-09	-0.139965
1.15069e-09	-0.139709
1.15076e-09	-0.139453
1.15082e-09	-0.139196
1.15088e-09	-0.13894
1.15095e-09	-0.138683
1.15101e-09	-0.138426
1.15108e-09	-0.13817
1.15114e-09	-0.137913
1.1512e-09	-0.137656
1.15127e-09	-0.137398
1.15133e-09	-0.137141
1.1514e-09	-0.136884
1.15146e-09	-0.136626
1.15152e-09	-0.136369
1.15159e-09	-0.136111
1.15165e-09	-0.135853
1.15172e-09	-0.135595
1.15178e-09	-0.135337
1.15184e-09	-0.135079
1.15191e-09	-0.13482
1.15197e-09	-0.134562
1.15204e-09	-0.134304
1.1521e-09	-0.134045
1.15216e-09	-0.133786
1.15223e-09	-0.133527
1.15229e-09	-0.133268
1.15236e-09	-0.133009
1.15242e-09	-0.13275
1.15248e-09	-0.132491
1.15255e-09	-0.132231
1.15261e-09	-0.131972
1.15268e-09	-0.131712
1.15274e-09	-0.131452
1.1528e-09	-0.131193
1.15287e-09	-0.130933
1.15293e-09	-0.130673
1.153e-09	-0.130412
1.15306e-09	-0.130152
1.15312e-09	-0.129892
1.15319e-09	-0.129631
1.15325e-09	-0.129371
1.15332e-09	-0.12911
1.15338e-09	-0.128849
1.15344e-09	-0.128588
1.15351e-09	-0.128327
1.15357e-09	-0.128066
1.15364e-09	-0.127804
1.1537e-09	-0.127543
1.15376e-09	-0.127282
1.15383e-09	-0.12702
1.15389e-09	-0.126758
1.15396e-09	-0.126496
1.15402e-09	-0.126234
1.15408e-09	-0.125972
1.15415e-09	-0.12571
1.15421e-09	-0.125448
1.15428e-09	-0.125186
1.15434e-09	-0.124923
1.1544e-09	-0.12466
1.15447e-09	-0.124398
1.15453e-09	-0.124135
1.1546e-09	-0.123872
1.15466e-09	-0.123609
1.15472e-09	-0.123346
1.15479e-09	-0.123082
1.15485e-09	-0.122819
1.15492e-09	-0.122556
1.15498e-09	-0.122292
1.15504e-09	-0.122028
1.15511e-09	-0.121764
1.15517e-09	-0.121501
1.15524e-09	-0.121236
1.1553e-09	-0.120972
1.15536e-09	-0.120708
1.15543e-09	-0.120444
1.15549e-09	-0.120179
1.15556e-09	-0.119915
1.15562e-09	-0.11965
1.15568e-09	-0.119385
1.15575e-09	-0.11912
1.15581e-09	-0.118855
1.15588e-09	-0.11859
1.15594e-09	-0.118325
1.156e-09	-0.11806
1.15607e-09	-0.117794
1.15613e-09	-0.117529
1.1562e-09	-0.117263
1.15626e-09	-0.116997
1.15632e-09	-0.116731
1.15639e-09	-0.116465
1.15645e-09	-0.116199
1.15652e-09	-0.115933
1.15658e-09	-0.115667
1.15664e-09	-0.1154
1.15671e-09	-0.115134
1.15677e-09	-0.114867
1.15684e-09	-0.1146
1.1569e-09	-0.114333
1.15696e-09	-0.114067
1.15703e-09	-0.113799
1.15709e-09	-0.113532
1.15716e-09	-0.113265
1.15722e-09	-0.112998
1.15728e-09	-0.11273
1.15735e-09	-0.112462
1.15741e-09	-0.112195
1.15748e-09	-0.111927
1.15754e-09	-0.111659
1.1576e-09	-0.111391
1.15767e-09	-0.111123
1.15773e-09	-0.110855
1.1578e-09	-0.110586
1.15786e-09	-0.110318
1.15792e-09	-0.110049
1.15799e-09	-0.109781
1.15805e-09	-0.109512
1.15812e-09	-0.109243
1.15818e-09	-0.108974
1.15824e-09	-0.108705
1.15831e-09	-0.108435
1.15837e-09	-0.108166
1.15844e-09	-0.107897
1.1585e-09	-0.107627
1.15856e-09	-0.107358
1.15863e-09	-0.107088
1.15869e-09	-0.106818
1.15876e-09	-0.106548
1.15882e-09	-0.106278
1.15888e-09	-0.106008
1.15895e-09	-0.105737
1.15901e-09	-0.105467
1.15908e-09	-0.105197
1.15914e-09	-0.104926
1.1592e-09	-0.104655
1.15927e-09	-0.104384
1.15933e-09	-0.104113
1.1594e-09	-0.103842
1.15946e-09	-0.103571
1.15952e-09	-0.1033
1.15959e-09	-0.103029
1.15965e-09	-0.102757
1.15972e-09	-0.102486
1.15978e-09	-0.102214
1.15984e-09	-0.101942
1.15991e-09	-0.10167
1.15997e-09	-0.101398
1.16004e-09	-0.101126
1.1601e-09	-0.100854
1.16016e-09	-0.100582
1.16023e-09	-0.100309
1.16029e-09	-0.100037
1.16036e-09	-0.0997643
1.16042e-09	-0.0994916
1.16048e-09	-0.0992188
1.16055e-09	-0.0989459
1.16061e-09	-0.0986728
1.16068e-09	-0.0983997
1.16074e-09	-0.0981264
1.1608e-09	-0.0978531
1.16087e-09	-0.0975796
1.16093e-09	-0.0973061
1.161e-09	-0.0970324
1.16106e-09	-0.0967586
1.16112e-09	-0.0964848
1.16119e-09	-0.0962108
1.16125e-09	-0.0959367
1.16132e-09	-0.0956625
1.16138e-09	-0.0953882
1.16144e-09	-0.0951138
1.16151e-09	-0.0948393
1.16157e-09	-0.0945647
1.16164e-09	-0.09429
1.1617e-09	-0.0940152
1.16177e-09	-0.0937403
1.16183e-09	-0.0934652
1.16189e-09	-0.0931901
1.16196e-09	-0.0929149
1.16202e-09	-0.0926395
1.16209e-09	-0.0923641
1.16215e-09	-0.0920885
1.16221e-09	-0.0918129
1.16228e-09	-0.0915371
1.16234e-09	-0.0912613
1.16241e-09	-0.0909853
1.16247e-09	-0.0907093
1.16253e-09	-0.0904331
1.1626e-09	-0.0901568
1.16266e-09	-0.0898804
1.16273e-09	-0.089604
1.16279e-09	-0.0893274
1.16285e-09	-0.0890507
1.16292e-09	-0.0887739
1.16298e-09	-0.088497
1.16305e-09	-0.08822
1.16311e-09	-0.0879429
1.16317e-09	-0.0876657
1.16324e-09	-0.0873884
1.1633e-09	-0.087111
1.16337e-09	-0.0868335
1.16343e-09	-0.0865559
1.16349e-09	-0.0862781
1.16356e-09	-0.0860003
1.16362e-09	-0.0857224
1.16369e-09	-0.0854444
1.16375e-09	-0.0851662
1.16381e-09	-0.084888
1.16388e-09	-0.0846097
1.16394e-09	-0.0843312
1.16401e-09	-0.0840527
1.16407e-09	-0.0837741
1.16413e-09	-0.0834953
1.1642e-09	-0.0832165
1.16426e-09	-0.0829375
1.16433e-09	-0.0826585
1.16439e-09	-0.0823793
1.16445e-09	-0.0821
1.16452e-09	-0.0818207
1.16458e-09	-0.0815412
1.16465e-09	-0.0812617
1.16471e-09	-0.080982
1.16477e-09	-0.0807022
1.16484e-09	-0.0804224
1.1649e-09	-0.0801424
1.16497e-09	-0.0798623
1.16503e-09	-0.0795821
1.16509e-09	-0.0793019
1.16516e-09	-0.0790215
1.16522e-09	-0.078741
1.16529e-09	-0.0784604
1.16535e-09	-0.0781798
1.16541e-09	-0.077899
1.16548e-09	-0.0776181
1.16554e-09	-0.0773371
1.16561e-09	-0.077056
1.16567e-09	-0.0767748
1.16573e-09	-0.0764935
1.1658e-09	-0.0762121
1.16586e-09	-0.0759306
1.16593e-09	-0.0756491
1.16599e-09	-0.0753674
1.16605e-09	-0.0750856
1.16612e-09	-0.0748037
1.16618e-09	-0.0745217
1.16625e-09	-0.0742396
1.16631e-09	-0.0739574
1.16637e-09	-0.0736751
1.16644e-09	-0.0733927
1.1665e-09	-0.0731102
1.16657e-09	-0.0728276
1.16663e-09	-0.0725449
1.16669e-09	-0.0722621
1.16676e-09	-0.0719792
1.16682e-09	-0.0716962
1.16689e-09	-0.0714131
1.16695e-09	-0.0711299
1.16701e-09	-0.0708466
1.16708e-09	-0.0705632
1.16714e-09	-0.0702797
1.16721e-09	-0.0699961
1.16727e-09	-0.0697124
1.16733e-09	-0.0694286
1.1674e-09	-0.0691447
1.16746e-09	-0.0688607
1.16753e-09	-0.0685766
1.16759e-09	-0.0682924
1.16765e-09	-0.0680081
1.16772e-09	-0.0677237
1.16778e-09	-0.0674392
1.16785e-09	-0.0671546
1.16791e-09	-0.0668699
1.16797e-09	-0.0665851
1.16804e-09	-0.0663002
1.1681e-09	-0.0660152
1.16817e-09	-0.0657301
1.16823e-09	-0.0654449
1.16829e-09	-0.0651596
1.16836e-09	-0.0648742
1.16842e-09	-0.0645887
1.16849e-09	-0.0643032
1.16855e-09	-0.0640175
1.16861e-09	-0.0637317
1.16868e-09	-0.0634458
1.16874e-09	-0.0631598
1.16881e-09	-0.0628737
1.16887e-09	-0.0625875
1.16893e-09	-0.0623013
1.169e-09	-0.0620149
1.16906e-09	-0.0617284
1.16913e-09	-0.0614418
1.16919e-09	-0.0611552
1.16925e-09	-0.0608684
1.16932e-09	-0.0605815
1.16938e-09	-0.0602946
1.16945e-09	-0.0600075
1.16951e-09	-0.0597203
1.16957e-09	-0.0594331
1.16964e-09	-0.0591457
1.1697e-09	-0.0588583
1.16977e-09	-0.0585707
1.16983e-09	-0.0582831
1.16989e-09	-0.0579953
1.16996e-09	-0.0577075
1.17002e-09	-0.0574195
1.17009e-09	-0.0571315
1.17015e-09	-0.0568433
1.17021e-09	-0.0565551
1.17028e-09	-0.0562668
1.17034e-09	-0.0559783
1.17041e-09	-0.0556898
1.17047e-09	-0.0554012
1.17053e-09	-0.0551125
1.1706e-09	-0.0548236
1.17066e-09	-0.0545347
1.17073e-09	-0.0542457
1.17079e-09	-0.0539566
1.17085e-09	-0.0536674
1.17092e-09	-0.0533781
1.17098e-09	-0.0530887
1.17105e-09	-0.0527992
1.17111e-09	-0.0525096
1.17117e-09	-0.0522199
1.17124e-09	-0.0519301
1.1713e-09	-0.0516402
1.17137e-09	-0.0513503
1.17143e-09	-0.0510602
1.17149e-09	-0.05077
1.17156e-09	-0.0504798
1.17162e-09	-0.0501894
1.17169e-09	-0.0498989
1.17175e-09	-0.0496084
1.17181e-09	-0.0493177
1.17188e-09	-0.049027
1.17194e-09	-0.0487361
1.17201e-09	-0.0484452
1.17207e-09	-0.0481542
1.17213e-09	-0.047863
1.1722e-09	-0.0475718
1.17226e-09	-0.0472805
1.17233e-09	-0.0469891
1.17239e-09	-0.0466976
1.17245e-09	-0.0464059
1.17252e-09	-0.0461142
1.17258e-09	-0.0458224
1.17265e-09	-0.0455306
1.17271e-09	-0.0452386
1.17277e-09	-0.0449465
1.17284e-09	-0.0446543
1.1729e-09	-0.044362
1.17297e-09	-0.0440697
1.17303e-09	-0.0437772
1.17309e-09	-0.0434846
1.17316e-09	-0.043192
1.17322e-09	-0.0428992
1.17329e-09	-0.0426064
1.17335e-09	-0.0423135
1.17341e-09	-0.0420204
1.17348e-09	-0.0417273
1.17354e-09	-0.0414341
1.17361e-09	-0.0411408
1.17367e-09	-0.0408474
1.17373e-09	-0.0405538
1.1738e-09	-0.0402603
1.17386e-09	-0.0399666
1.17393e-09	-0.0396728
1.17399e-09	-0.0393789
1.17405e-09	-0.0390849
1.17412e-09	-0.0387909
1.17418e-09	-0.0384967
1.17425e-09	-0.0382024
1.17431e-09	-0.0379081
1.17437e-09	-0.0376137
1.17444e-09	-0.0373191
1.1745e-09	-0.0370245
1.17457e-09	-0.0367298
1.17463e-09	-0.036435
1.17469e-09	-0.03614
1.17476e-09	-0.035845
1.17482e-09	-0.0355499
1.17489e-09	-0.0352548
1.17495e-09	-0.0349595
1.17501e-09	-0.0346641
1.17508e-09	-0.0343686
1.17514e-09	-0.0340731
1.17521e-09	-0.0337774
1.17527e-09	-0.0334817
1.17533e-09	-0.0331858
1.1754e-09	-0.0328899
1.17546e-09	-0.0325939
1.17553e-09	-0.0322978
1.17559e-09	-0.0320016
1.17565e-09	-0.0317052
1.17572e-09	-0.0314089
1.17578e-09	-0.0311124
1.17585e-09	-0.0308158
1.17591e-09	-0.0305191
1.17597e-09	-0.0302224
1.17604e-09	-0.0299255
1.1761e-09	-0.0296286
1.17617e-09	-0.0293315
1.17623e-09	-0.0290344
1.17629e-09	-0.0287372
1.17636e-09	-0.0284398
1.17642e-09	-0.0281424
1.17649e-09	-0.0278449
1.17655e-09	-0.0275474
1.17661e-09	-0.0272497
1.17668e-09	-0.0269519
1.17674e-09	-0.026654
1.17681e-09	-0.0263561
1.17687e-09	-0.026058
1.17693e-09	-0.0257599
1.177e-09	-0.0254617
1.17706e-09	-0.0251633
1.17713e-09	-0.0248649
1.17719e-09	-0.0245664
1.17725e-09	-0.0242678
1.17732e-09	-0.0239692
1.17738e-09	-0.0236704
1.17745e-09	-0.0233715
1.17751e-09	-0.0230726
1.17757e-09	-0.0227735
1.17764e-09	-0.0224744
1.1777e-09	-0.0221751
1.17777e-09	-0.0218758
1.17783e-09	-0.0215764
1.17789e-09	-0.0212769
1.17796e-09	-0.0209773
1.17802e-09	-0.0206777
1.17809e-09	-0.0203779
1.17815e-09	-0.020078
1.17821e-09	-0.0197781
1.17828e-09	-0.019478
1.17834e-09	-0.0191779
1.17841e-09	-0.0188777
1.17847e-09	-0.0185774
1.17853e-09	-0.018277
1.1786e-09	-0.0179765
1.17866e-09	-0.0176759
1.17873e-09	-0.0173752
1.17879e-09	-0.0170745
1.17885e-09	-0.0167736
1.17892e-09	-0.0164727
1.17898e-09	-0.0161717
1.17905e-09	-0.0158706
1.17911e-09	-0.0155694
1.17918e-09	-0.0152681
1.17924e-09	-0.0149667
1.1793e-09	-0.0146652
1.17937e-09	-0.0143637
1.17943e-09	-0.014062
1.1795e-09	-0.0137603
1.17956e-09	-0.0134584
1.17962e-09	-0.0131565
1.17969e-09	-0.0128545
1.17975e-09	-0.0125524
1.17982e-09	-0.0122503
1.17988e-09	-0.011948
1.17994e-09	-0.0116456
1.18001e-09	-0.0113432
1.18007e-09	-0.0110407
1.18014e-09	-0.010738
1.1802e-09	-0.0104353
1.18026e-09	-0.0101325
1.18033e-09	-0.00982964
1.18039e-09	-0.00952667
1.18046e-09	-0.00922361
1.18052e-09	-0.00892046
1.18058e-09	-0.00861722
1.18065e-09	-0.0083139
1.18071e-09	-0.00801049
1.18078e-09	-0.00770699
1.18084e-09	-0.0074034
1.1809e-09	-0.00709973
1.18097e-09	-0.00679597
1.18103e-09	-0.00649212
1.1811e-09	-0.00618818
1.18116e-09	-0.00588416
1.18122e-09	-0.00558005
1.18129e-09	-0.00527585
1.18135e-09	-0.00497157
1.18142e-09	-0.0046672
1.18148e-09	-0.00436274
1.18154e-09	-0.00405819
1.18161e-09	-0.00375356
1.18167e-09	-0.00344884
1.18174e-09	-0.00314404
1.1818e-09	-0.00283915
1.18186e-09	-0.00253417
1.18193e-09	-0.00222911
1.18199e-09	-0.00192396
1.18206e-09	-0.00161872
1.18212e-09	-0.0013134
1.18218e-09	-0.00100799
1.18225e-09	-0.000702496
1.18231e-09	-0.000396916
1.18238e-09	-9.12492e-05
1.18244e-09	0.000214503
1.1825e-09	0.000520341
1.18257e-09	0.000826265
1.18263e-09	0.00113227
1.1827e-09	0.00143837
1.18276e-09	0.00174455
1.18282e-09	0.00205082
1.18289e-09	0.00235717
1.18295e-09	0.00266361
1.18302e-09	0.00297013
1.18308e-09	0.00327674
1.18314e-09	0.00358343
1.18321e-09	0.00389021
1.18327e-09	0.00419707
1.18334e-09	0.00450402
1.1834e-09	0.00481105
1.18346e-09	0.00511817
1.18353e-09	0.00542537
1.18359e-09	0.00573265
1.18366e-09	0.00604003
1.18372e-09	0.00634748
1.18378e-09	0.00665502
1.18385e-09	0.00696265
1.18391e-09	0.00727036
1.18398e-09	0.00757815
1.18404e-09	0.00788603
1.1841e-09	0.00819399
1.18417e-09	0.00850204
1.18423e-09	0.00881017
1.1843e-09	0.00911838
1.18436e-09	0.00942668
1.18442e-09	0.00973506
1.18449e-09	0.0100435
1.18455e-09	0.0103521
1.18462e-09	0.0106607
1.18468e-09	0.0109694
1.18474e-09	0.0112782
1.18481e-09	0.0115871
1.18487e-09	0.0118961
1.18494e-09	0.0122051
1.185e-09	0.0125143
1.18506e-09	0.0128235
1.18513e-09	0.0131328
1.18519e-09	0.0134422
1.18526e-09	0.0137516
1.18532e-09	0.0140612
1.18538e-09	0.0143708
1.18545e-09	0.0146805
1.18551e-09	0.0149903
1.18558e-09	0.0153002
1.18564e-09	0.0156102
1.1857e-09	0.0159202
1.18577e-09	0.0162303
1.18583e-09	0.0165405
1.1859e-09	0.0168508
1.18596e-09	0.0171612
1.18602e-09	0.0174717
1.18609e-09	0.0177822
1.18615e-09	0.0180928
1.18622e-09	0.0184035
1.18628e-09	0.0187143
1.18634e-09	0.0190252
1.18641e-09	0.0193361
1.18647e-09	0.0196472
1.18654e-09	0.0199583
1.1866e-09	0.0202695
1.18666e-09	0.0205807
1.18673e-09	0.0208921
1.18679e-09	0.0212035
1.18686e-09	0.021515
1.18692e-09	0.0218266
1.18698e-09	0.0221383
1.18705e-09	0.0224501
1.18711e-09	0.0227619
1.18718e-09	0.0230739
1.18724e-09	0.0233859
1.1873e-09	0.023698
1.18737e-09	0.0240101
1.18743e-09	0.0243224
1.1875e-09	0.0246347
1.18756e-09	0.0249471
1.18762e-09	0.0252596
1.18769e-09	0.0255722
1.18775e-09	0.0258848
1.18782e-09	0.0261975
1.18788e-09	0.0265104
1.18794e-09	0.0268232
1.18801e-09	0.0271362
1.18807e-09	0.0274493
1.18814e-09	0.0277624
1.1882e-09	0.0280756
1.18826e-09	0.0283889
1.18833e-09	0.0287023
1.18839e-09	0.0290157
1.18846e-09	0.0293293
1.18852e-09	0.0296429
1.18858e-09	0.0299566
1.18865e-09	0.0302703
1.18871e-09	0.0305842
1.18878e-09	0.0308981
1.18884e-09	0.0312121
1.1889e-09	0.0315262
1.18897e-09	0.0318404
1.18903e-09	0.0321546
1.1891e-09	0.0324689
1.18916e-09	0.0327833
1.18922e-09	0.0330978
1.18929e-09	0.0334124
1.18935e-09	0.033727
1.18942e-09	0.0340417
1.18948e-09	0.0343565
1.18954e-09	0.0346714
1.18961e-09	0.0349863
1.18967e-09	0.0353014
1.18974e-09	0.0356165
1.1898e-09	0.0359317
1.18986e-09	0.0362469
1.18993e-09	0.0365623
1.18999e-09	0.0368777
1.19006e-09	0.0371932
1.19012e-09	0.0375088
1.19018e-09	0.0378244
1.19025e-09	0.0381401
1.19031e-09	0.038456
1.19038e-09	0.0387718
1.19044e-09	0.0390878
1.1905e-09	0.0394038
1.19057e-09	0.03972
1.19063e-09	0.0400362
1.1907e-09	0.0403524
1.19076e-09	0.0406688
1.19082e-09	0.0409852
1.19089e-09	0.0413017
1.19095e-09	0.0416183
1.19102e-09	0.041935
1.19108e-09	0.0422517
1.19114e-09	0.0425685
1.19121e-09	0.0428854
1.19127e-09	0.0432024
1.19134e-09	0.0435194
1.1914e-09	0.0438365
1.19146e-09	0.0441537
1.19153e-09	0.044471
1.19159e-09	0.0447883
1.19166e-09	0.0451058
1.19172e-09	0.0454233
1.19178e-09	0.0457408
1.19185e-09	0.0460585
1.19191e-09	0.0463762
1.19198e-09	0.046694
1.19204e-09	0.0470119
1.1921e-09	0.0473298
1.19217e-09	0.0476479
1.19223e-09	0.047966
1.1923e-09	0.0482842
1.19236e-09	0.0486024
1.19242e-09	0.0489208
1.19249e-09	0.0492392
1.19255e-09	0.0495576
1.19262e-09	0.0498762
1.19268e-09	0.0501948
1.19274e-09	0.0505135
1.19281e-09	0.0508323
1.19287e-09	0.0511512
1.19294e-09	0.0514701
1.193e-09	0.0517891
1.19306e-09	0.0521082
1.19313e-09	0.0524274
1.19319e-09	0.0527466
1.19326e-09	0.0530659
1.19332e-09	0.0533853
1.19338e-09	0.0537047
1.19345e-09	0.0540242
1.19351e-09	0.0543438
1.19358e-09	0.0546635
1.19364e-09	0.0549833
1.1937e-09	0.0553031
1.19377e-09	0.055623
1.19383e-09	0.055943
1.1939e-09	0.056263
1.19396e-09	0.0565831
1.19402e-09	0.0569033
1.19409e-09	0.0572236
1.19415e-09	0.0575439
1.19422e-09	0.0578643
1.19428e-09	0.0581848
1.19434e-09	0.0585054
1.19441e-09	0.058826
1.19447e-09	0.0591467
1.19454e-09	0.0594675
1.1946e-09	0.0597883
1.19466e-09	0.0601093
1.19473e-09	0.0604303
1.19479e-09	0.0607513
1.19486e-09	0.0610725
1.19492e-09	0.0613937
1.19498e-09	0.061715
1.19505e-09	0.0620363
1.19511e-09	0.0623577
1.19518e-09	0.0626793
1.19524e-09	0.0630008
1.1953e-09	0.0633225
1.19537e-09	0.0636442
1.19543e-09	0.063966
1.1955e-09	0.0642878
1.19556e-09	0.0646098
1.19562e-09	0.0649318
1.19569e-09	0.0652539
1.19575e-09	0.065576
1.19582e-09	0.0658982
1.19588e-09	0.0662205
1.19594e-09	0.0665429
1.19601e-09	0.0668653
1.19607e-09	0.0671878
1.19614e-09	0.0675104
1.1962e-09	0.0678331
1.19626e-09	0.0681558
1.19633e-09	0.0684786
1.19639e-09	0.0688014
1.19646e-09	0.0691244
1.19652e-09	0.0694474
1.19659e-09	0.0697704
1.19665e-09	0.0700936
1.19671e-09	0.0704168
1.19678e-09	0.0707401
1.19684e-09	0.0710634
1.19691e-09	0.0713869
1.19697e-09	0.0717104
1.19703e-09	0.0720339
1.1971e-09	0.0723576
1.19716e-09	0.0726813
1.19723e-09	0.073005
1.19729e-09	0.0733289
1.19735e-09	0.0736528
1.19742e-09	0.0739768
1.19748e-09	0.0743008
1.19755e-09	0.074625
1.19761e-09	0.0749492
1.19767e-09	0.0752734
1.19774e-09	0.0755977
1.1978e-09	0.0759222
1.19787e-09	0.0762466
1.19793e-09	0.0765712
1.19799e-09	0.0768958
1.19806e-09	0.0772204
1.19812e-09	0.0775452
1.19819e-09	0.07787
1.19825e-09	0.0781949
1.19831e-09	0.0785198
1.19838e-09	0.0788449
1.19844e-09	0.07917
1.19851e-09	0.0794951
1.19857e-09	0.0798203
1.19863e-09	0.0801456
1.1987e-09	0.080471
1.19876e-09	0.0807964
1.19883e-09	0.0811219
1.19889e-09	0.0814475
1.19895e-09	0.0817731
1.19902e-09	0.0820988
1.19908e-09	0.0824246
1.19915e-09	0.0827504
1.19921e-09	0.0830763
1.19927e-09	0.0834023
1.19934e-09	0.0837284
1.1994e-09	0.0840545
1.19947e-09	0.0843806
1.19953e-09	0.0847069
1.19959e-09	0.0850332
1.19966e-09	0.0853596
1.19972e-09	0.085686
1.19979e-09	0.0860125
1.19985e-09	0.0863391
1.19991e-09	0.0866657
1.19998e-09	0.0869925
1.20004e-09	0.0873192
1.20011e-09	0.0876461
1.20017e-09	0.087973
1.20023e-09	0.0883
1.2003e-09	0.088627
1.20036e-09	0.0889541
1.20043e-09	0.0892813
1.20049e-09	0.0896085
1.20055e-09	0.0899358
1.20062e-09	0.0902632
1.20068e-09	0.0905906
1.20075e-09	0.0909182
1.20081e-09	0.0912457
1.20087e-09	0.0915734
1.20094e-09	0.0919011
1.201e-09	0.0922288
1.20107e-09	0.0925567
1.20113e-09	0.0928846
1.20119e-09	0.0932125
1.20126e-09	0.0935405
1.20132e-09	0.0938686
1.20139e-09	0.0941968
1.20145e-09	0.094525
1.20151e-09	0.0948533
1.20158e-09	0.0951817
1.20164e-09	0.0955101
1.20171e-09	0.0958386
1.20177e-09	0.0961671
1.20183e-09	0.0964957
1.2019e-09	0.0968244
1.20196e-09	0.0971531
1.20203e-09	0.0974819
1.20209e-09	0.0978108
1.20215e-09	0.0981397
1.20222e-09	0.0984687
1.20228e-09	0.0987978
1.20235e-09	0.0991269
1.20241e-09	0.0994561
1.20247e-09	0.0997854
1.20254e-09	0.100115
1.2026e-09	0.100444
1.20267e-09	0.100774
1.20273e-09	0.101103
1.20279e-09	0.101433
1.20286e-09	0.101762
1.20292e-09	0.102092
1.20299e-09	0.102422
1.20305e-09	0.102751
1.20311e-09	0.103081
1.20318e-09	0.103411
1.20324e-09	0.103741
1.20331e-09	0.104071
1.20337e-09	0.104402
1.20343e-09	0.104732
1.2035e-09	0.105062
1.20356e-09	0.105392
1.20363e-09	0.105723
1.20369e-09	0.106053
1.20375e-09	0.106384
1.20382e-09	0.106714
1.20388e-09	0.107045
1.20395e-09	0.107376
1.20401e-09	0.107706
1.20407e-09	0.108037
1.20414e-09	0.108368
1.2042e-09	0.108699
1.20427e-09	0.10903
1.20433e-09	0.109361
1.20439e-09	0.109692
1.20446e-09	0.110023
1.20452e-09	0.110355
1.20459e-09	0.110686
1.20465e-09	0.111017
1.20471e-09	0.111349
1.20478e-09	0.11168
1.20484e-09	0.112012
1.20491e-09	0.112343
1.20497e-09	0.112675
1.20503e-09	0.113007
1.2051e-09	0.113339
1.20516e-09	0.11367
1.20523e-09	0.114002
1.20529e-09	0.114334
1.20535e-09	0.114666
1.20542e-09	0.114999
1.20548e-09	0.115331
1.20555e-09	0.115663
1.20561e-09	0.115995
1.20567e-09	0.116328
1.20574e-09	0.11666
1.2058e-09	0.116992
1.20587e-09	0.117325
1.20593e-09	0.117657
1.20599e-09	0.11799
1.20606e-09	0.118323
1.20612e-09	0.118656
1.20619e-09	0.118988
1.20625e-09	0.119321
1.20631e-09	0.119654
1.20638e-09	0.119987
1.20644e-09	0.12032
1.20651e-09	0.120653
1.20657e-09	0.120986
1.20663e-09	0.12132
1.2067e-09	0.121653
1.20676e-09	0.121986
1.20683e-09	0.12232
1.20689e-09	0.122653
1.20695e-09	0.122987
1.20702e-09	0.12332
1.20708e-09	0.123654
1.20715e-09	0.123988
1.20721e-09	0.124321
1.20727e-09	0.124655
1.20734e-09	0.124989
1.2074e-09	0.125323
1.20747e-09	0.125657
1.20753e-09	0.125991
1.20759e-09	0.126325
1.20766e-09	0.126659
1.20772e-09	0.126993
1.20779e-09	0.127328
1.20785e-09	0.127662
1.20791e-09	0.127996
1.20798e-09	0.128331
1.20804e-09	0.128665
1.20811e-09	0.129
1.20817e-09	0.129335
1.20823e-09	0.129669
1.2083e-09	0.130004
1.20836e-09	0.130339
1.20843e-09	0.130674
1.20849e-09	0.131008
1.20855e-09	0.131343
1.20862e-09	0.131678
1.20868e-09	0.132013
1.20875e-09	0.132349
1.20881e-09	0.132684
1.20887e-09	0.133019
1.20894e-09	0.133354
1.209e-09	0.13369
1.20907e-09	0.134025
1.20913e-09	0.13436
1.20919e-09	0.134696
1.20926e-09	0.135032
1.20932e-09	0.135367
1.20939e-09	0.135703
1.20945e-09	0.136039
1.20951e-09	0.136374
1.20958e-09	0.13671
1.20964e-09	0.137046
1.20971e-09	0.137382
1.20977e-09	0.137718
1.20983e-09	0.138054
1.2099e-09	0.13839
1.20996e-09	0.138726
1.21003e-09	0.139063
1.21009e-09	0.139399
1.21015e-09	0.139735
1.21022e-09	0.140072
1.21028e-09	0.140408
1.21035e-09	0.140744
1.21041e-09	0.141081
1.21047e-09	0.141418
1.21054e-09	0.141754
1.2106e-09	0.142091
1.21067e-09	0.142428
1.21073e-09	0.142765
1.21079e-09	0.143101
1.21086e-09	0.143438
1.21092e-09	0.143775
1.21099e-09	0.144112
1.21105e-09	0.144449
1.21111e-09	0.144787
1.21118e-09	0.145124
1.21124e-09	0.145461
1.21131e-09	0.145798
1.21137e-09	0.146136
1.21143e-09	0.146473
1.2115e-09	0.14681
1.21156e-09	0.147148
1.21163e-09	0.147486
1.21169e-09	0.147823
1.21175e-09	0.148161
1.21182e-09	0.148498
1.21188e-09	0.148836
1.21195e-09	0.149174
1.21201e-09	0.149512
1.21207e-09	0.14985
1.21214e-09	0.150188
1.2122e-09	0.150526
1.21227e-09	0.150864
1.21233e-09	0.151202
1.21239e-09	0.15154
1.21246e-09	0.151878
1.21252e-09	0.152217
1.21259e-09	0.152555
1.21265e-09	0.152893
1.21271e-09	0.153232
1.21278e-09	0.15357
1.21284e-09	0.153909
1.21291e-09	0.154247
1.21297e-09	0.154586
1.21303e-09	0.154925
1.2131e-09	0.155264
1.21316e-09	0.155602
1.21323e-09	0.155941
1.21329e-09	0.15628
1.21335e-09	0.156619
1.21342e-09	0.156958
1.21348e-09	0.157297
1.21355e-09	0.157636
1.21361e-09	0.157975
1.21367e-09	0.158314
1.21374e-09	0.158654
1.2138e-09	0.158993
1.21387e-09	0.159332
1.21393e-09	0.159672
1.214e-09	0.160011
1.21406e-09	0.160351
1.21412e-09	0.16069
1.21419e-09	0.16103
1.21425e-09	0.161369
1.21432e-09	0.161709
1.21438e-09	0.162049
1.21444e-09	0.162388
1.21451e-09	0.162728
1.21457e-09	0.163068
1.21464e-09	0.163408
1.2147e-09	0.163748
1.21476e-09	0.164088
1.21483e-09	0.164428
1.21489e-09	0.164768
1.21496e-09	0.165108
1.21502e-09	0.165449
1.21508e-09	0.165789
1.21515e-09	0.166129
1.21521e-09	0.16647
1.21528e-09	0.16681
1.21534e-09	0.16715
1.2154e-09	0.167491
1.21547e-09	0.167831
1.21553e-09	0.168172
1.2156e-09	0.168513
1.21566e-09	0.168853
1.21572e-09	0.169194
1.21579e-09	0.169535
1.21585e-09	0.169876
1.21592e-09	0.170217
1.21598e-09	0.170558
1.21604e-09	0.170898
1.21611e-09	0.17124
1.21617e-09	0.171581
1.21624e-09	0.171922
1.2163e-09	0.172263
1.21636e-09	0.172604
1.21643e-09	0.172945
1.21649e-09	0.173287
1.21656e-09	0.173628
1.21662e-09	0.173969
1.21668e-09	0.174311
1.21675e-09	0.174652
1.21681e-09	0.174994
1.21688e-09	0.175335
1.21694e-09	0.175677
1.217e-09	0.176019
1.21707e-09	0.17636
1.21713e-09	0.176702
1.2172e-09	0.177044
1.21726e-09	0.177386
1.21732e-09	0.177728
1.21739e-09	0.178069
1.21745e-09	0.178411
1.21752e-09	0.178753
1.21758e-09	0.179095
1.21764e-09	0.179438
1.21771e-09	0.17978
1.21777e-09	0.180122
1.21784e-09	0.180464
1.2179e-09	0.180806
1.21796e-09	0.181149
1.21803e-09	0.181491
1.21809e-09	0.181834
1.21816e-09	0.182176
1.21822e-09	0.182519
1.21828e-09	0.182861
1.21835e-09	0.183204
1.21841e-09	0.183546
1.21848e-09	0.183889
1.21854e-09	0.184232
1.2186e-09	0.184574
1.21867e-09	0.184917
1.21873e-09	0.18526
1.2188e-09	0.185603
1.21886e-09	0.185946
1.21892e-09	0.186289
1.21899e-09	0.186632
1.21905e-09	0.186975
1.21912e-09	0.187318
1.21918e-09	0.187661
1.21924e-09	0.188004
1.21931e-09	0.188348
1.21937e-09	0.188691
1.21944e-09	0.189034
1.2195e-09	0.189378
1.21956e-09	0.189721
1.21963e-09	0.190064
1.21969e-09	0.190408
1.21976e-09	0.190751
1.21982e-09	0.191095
1.21988e-09	0.191439
1.21995e-09	0.191782
1.22001e-09	0.192126
1.22008e-09	0.19247
1.22014e-09	0.192814
1.2202e-09	0.193157
1.22027e-09	0.193501
1.22033e-09	0.193845
1.2204e-09	0.194189
1.22046e-09	0.194533
1.22052e-09	0.194877
1.22059e-09	0.195221
1.22065e-09	0.195565
1.22072e-09	0.195909
1.22078e-09	0.196254
1.22084e-09	0.196598
1.22091e-09	0.196942
1.22097e-09	0.197286
1.22104e-09	0.197631
1.2211e-09	0.197975
1.22116e-09	0.198319
1.22123e-09	0.198664
1.22129e-09	0.199008
1.22136e-09	0.199353
1.22142e-09	0.199698
1.22148e-09	0.200042
1.22155e-09	0.200387
1.22161e-09	0.200732
1.22168e-09	0.201076
1.22174e-09	0.201421
1.2218e-09	0.201766
1.22187e-09	0.202111
1.22193e-09	0.202456
1.222e-09	0.202801
1.22206e-09	0.203146
1.22212e-09	0.203491
1.22219e-09	0.203836
1.22225e-09	0.204181
1.22232e-09	0.204526
1.22238e-09	0.204871
1.22244e-09	0.205216
1.22251e-09	0.205561
1.22257e-09	0.205907
1.22264e-09	0.206252
1.2227e-09	0.206597
1.22276e-09	0.206943
1.22283e-09	0.207288
1.22289e-09	0.207634
1.22296e-09	0.207979
1.22302e-09	0.208325
1.22308e-09	0.20867
1.22315e-09	0.209016
1.22321e-09	0.209361
1.22328e-09	0.209707
1.22334e-09	0.210053
1.2234e-09	0.210399
1.22347e-09	0.210744
1.22353e-09	0.21109
1.2236e-09	0.211436
1.22366e-09	0.211782
1.22372e-09	0.212128
1.22379e-09	0.212474
1.22385e-09	0.21282
1.22392e-09	0.213166
1.22398e-09	0.213512
1.22404e-09	0.213858
1.22411e-09	0.214204
1.22417e-09	0.214551
1.22424e-09	0.214897
1.2243e-09	0.215243
1.22436e-09	0.215589
1.22443e-09	0.215936
1.22449e-09	0.216282
1.22456e-09	0.216629
1.22462e-09	0.216975
1.22468e-09	0.217321
1.22475e-09	0.217668
1.22481e-09	0.218015
1.22488e-09	0.218361
1.22494e-09	0.218708
1.225e-09	0.219054
1.22507e-09	0.219401
1.22513e-09	0.219748
1.2252e-09	0.220095
1.22526e-09	0.220441
1.22532e-09	0.220788
1.22539e-09	0.221135
1.22545e-09	0.221482
1.22552e-09	0.221829
1.22558e-09	0.222176
1.22564e-09	0.222523
1.22571e-09	0.22287
1.22577e-09	0.223217
1.22584e-09	0.223564
1.2259e-09	0.223911
1.22596e-09	0.224258
1.22603e-09	0.224605
1.22609e-09	0.224953
1.22616e-09	0.2253
1.22622e-09	0.225647
1.22628e-09	0.225995
1.22635e-09	0.226342
1.22641e-09	0.226689
1.22648e-09	0.227037
1.22654e-09	0.227384
1.2266e-09	0.227732
1.22667e-09	0.228079
1.22673e-09	0.228427
1.2268e-09	0.228774
1.22686e-09	0.229122
1.22692e-09	0.22947
1.22699e-09	0.229817
1.22705e-09	0.230165
1.22712e-09	0.230513
1.22718e-09	0.23086
1.22724e-09	0.231208
1.22731e-09	0.231556
1.22737e-09	0.231904
1.22744e-09	0.232252
1.2275e-09	0.2326
1.22756e-09	0.232948
1.22763e-09	0.233296
1.22769e-09	0.233644
1.22776e-09	0.233992
1.22782e-09	0.23434
1.22788e-09	0.234688
1.22795e-09	0.235036
1.22801e-09	0.235384
1.22808e-09	0.235733
1.22814e-09	0.236081
1.2282e-09	0.236429
1.22827e-09	0.236777
1.22833e-09	0.237126
1.2284e-09	0.237474
1.22846e-09	0.237822
1.22852e-09	0.238171
1.22859e-09	0.238519
1.22865e-09	0.238868
1.22872e-09	0.239216
1.22878e-09	0.239565
1.22884e-09	0.239913
1.22891e-09	0.240262
1.22897e-09	0.240611
1.22904e-09	0.240959
1.2291e-09	0.241308
1.22916e-09	0.241657
1.22923e-09	0.242005
1.22929e-09	0.242354
1.22936e-09	0.242703
1.22942e-09	0.243052
1.22948e-09	0.243401
1.22955e-09	0.243749
1.22961e-09	0.244098
1.22968e-09	0.244447
1.22974e-09	0.244796
1.2298e-09	0.245145
1.22987e-09	0.245494
1.22993e-09	0.245843
1.23e-09	0.246192
1.23006e-09	0.246541
1.23012e-09	0.246891
1.23019e-09	0.24724
1.23025e-09	0.247589
1.23032e-09	0.247938
1.23038e-09	0.248287
1.23044e-09	0.248637
1.23051e-09	0.248986
1.23057e-09	0.249335
1.23064e-09	0.249685
1.2307e-09	0.250034
1.23076e-09	0.250383
1.23083e-09	0.250733
1.23089e-09	0.251082
1.23096e-09	0.251432
1.23102e-09	0.251781
1.23108e-09	0.252131
1.23115e-09	0.25248
1.23121e-09	0.25283
1.23128e-09	0.253179
1.23134e-09	0.253529
1.2314e-09	0.253879
1.23147e-09	0.254228
1.23153e-09	0.254578
1.2316e-09	0.254928
1.23166e-09	0.255278
1.23173e-09	0.255627
1.23179e-09	0.255977
1.23185e-09	0.256327
1.23192e-09	0.256677
1.23198e-09	0.257027
1.23205e-09	0.257377
1.23211e-09	0.257727
1.23217e-09	0.258077
1.23224e-09	0.258427
1.2323e-09	0.258777
1.23237e-09	0.259127
1.23243e-09	0.259477
1.23249e-09	0.259827
1.23256e-09	0.260177
1.23262e-09	0.260527
1.23269e-09	0.260877
1.23275e-09	0.261227
1.23281e-09	0.261577
1.23288e-09	0.261928
1.23294e-09	0.262278
1.23301e-09	0.262628
1.23307e-09	0.262978
1.23313e-09	0.263329
1.2332e-09	0.263679
1.23326e-09	0.26403
1.23333e-09	0.26438
1.23339e-09	0.26473
1.23345e-09	0.265081
1.23352e-09	0.265431
1.23358e-09	0.265782
1.23365e-09	0.266132
1.23371e-09	0.266483
1.23377e-09	0.266833
1.23384e-09	0.267184
1.2339e-09	0.267534
1.23397e-09	0.267885
1.23403e-09	0.268236
1.23409e-09	0.268586
1.23416e-09	0.268937
1.23422e-09	0.269288
1.23429e-09	0.269638
1.23435e-09	0.269989
1.23441e-09	0.27034
1.23448e-09	0.270691
1.23454e-09	0.271041
1.23461e-09	0.271392
1.23467e-09	0.271743
1.23473e-09	0.272094
1.2348e-09	0.272445
1.23486e-09	0.272796
1.23493e-09	0.273147
1.23499e-09	0.273498
1.23505e-09	0.273849
1.23512e-09	0.2742
1.23518e-09	0.274551
1.23525e-09	0.274902
1.23531e-09	0.275253
1.23537e-09	0.275604
1.23544e-09	0.275955
1.2355e-09	0.276306
1.23557e-09	0.276657
1.23563e-09	0.277008
1.23569e-09	0.277359
1.23576e-09	0.27771
1.23582e-09	0.278062
1.23589e-09	0.278413
1.23595e-09	0.278764
1.23601e-09	0.279115
1.23608e-09	0.279467
1.23614e-09	0.279818
1.23621e-09	0.280169
1.23627e-09	0.280521
1.23633e-09	0.280872
1.2364e-09	0.281223
1.23646e-09	0.281575
1.23653e-09	0.281926
1.23659e-09	0.282278
1.23665e-09	0.282629
1.23672e-09	0.28298
1.23678e-09	0.283332
1.23685e-09	0.283683
1.23691e-09	0.284035
1.23697e-09	0.284386
1.23704e-09	0.284738
1.2371e-09	0.28509
1.23717e-09	0.285441
1.23723e-09	0.285793
1.23729e-09	0.286144
1.23736e-09	0.286496
1.23742e-09	0.286848
1.23749e-09	0.287199
1.23755e-09	0.287551
1.23761e-09	0.287903
1.23768e-09	0.288254
1.23774e-09	0.288606
1.23781e-09	0.288958
1.23787e-09	0.28931
1.23793e-09	0.289662
1.238e-09	0.290013
1.23806e-09	0.290365
1.23813e-09	0.290717
1.23819e-09	0.291069
1.23825e-09	0.291421
1.23832e-09	0.291773
1.23838e-09	0.292125
1.23845e-09	0.292476
1.23851e-09	0.292828
1.23857e-09	0.29318
1.23864e-09	0.293532
1.2387e-09	0.293884
1.23877e-09	0.294236
1.23883e-09	0.294588
1.23889e-09	0.29494
1.23896e-09	0.295292
1.23902e-09	0.295644
1.23909e-09	0.295996
1.23915e-09	0.296348
1.23921e-09	0.296701
1.23928e-09	0.297053
1.23934e-09	0.297405
1.23941e-09	0.297757
1.23947e-09	0.298109
1.23953e-09	0.298461
1.2396e-09	0.298813
1.23966e-09	0.299166
1.23973e-09	0.299518
1.23979e-09	0.29987
1.23985e-09	0.300222
1.23992e-09	0.300574
1.23998e-09	0.300927
1.24005e-09	0.301279
1.24011e-09	0.301631
1.24017e-09	0.301984
1.24024e-09	0.302336
1.2403e-09	0.302688
1.24037e-09	0.303041
1.24043e-09	0.303393
1.24049e-09	0.303745
1.24056e-09	0.304098
1.24062e-09	0.30445
1.24069e-09	0.304802
1.24075e-09	0.305155
1.24081e-09	0.305507
1.24088e-09	0.30586
1.24094e-09	0.306212
1.24101e-09	0.306565
1.24107e-09	0.306917
1.24113e-09	0.307269
1.2412e-09	0.307622
1.24126e-09	0.307974
1.24133e-09	0.308327
1.24139e-09	0.308679
1.24145e-09	0.309032
1.24152e-09	0.309385
1.24158e-09	0.309737
1.24165e-09	0.31009
1.24171e-09	0.310442
1.24177e-09	0.310795
1.24184e-09	0.311147
1.2419e-09	0.3115
1.24197e-09	0.311853
1.24203e-09	0.312205
1.24209e-09	0.312558
1.24216e-09	0.312911
1.24222e-09	0.313263
1.24229e-09	0.313616
1.24235e-09	0.313969
1.24241e-09	0.314321
1.24248e-09	0.314674
1.24254e-09	0.315027
1.24261e-09	0.315379
1.24267e-09	0.315732
1.24273e-09	0.316085
1.2428e-09	0.316438
1.24286e-09	0.31679
1.24293e-09	0.317143
1.24299e-09	0.317496
1.24305e-09	0.317849
1.24312e-09	0.318201
1.24318e-09	0.318554
1.24325e-09	0.318907
1.24331e-09	0.31926
1.24337e-09	0.319613
1.24344e-09	0.319966
1.2435e-09	0.320318
1.24357e-09	0.320671
1.24363e-09	0.321024
1.24369e-09	0.321377
1.24376e-09	0.32173
1.24382e-09	0.322083
1.24389e-09	0.322436
1.24395e-09	0.322788
1.24401e-09	0.323141
1.24408e-09	0.323494
1.24414e-09	0.323847
1.24421e-09	0.3242
1.24427e-09	0.324553
1.24433e-09	0.324906
1.2444e-09	0.325259
1.24446e-09	0.325612
1.24453e-09	0.325965
1.24459e-09	0.326318
1.24465e-09	0.326671
1.24472e-09	0.327024
1.24478e-09	0.327377
1.24485e-09	0.32773
1.24491e-09	0.328083
1.24497e-09	0.328436
1.24504e-09	0.328789
1.2451e-09	0.329142
1.24517e-09	0.329495
1.24523e-09	0.329848
1.24529e-09	0.330201
1.24536e-09	0.330554
1.24542e-09	0.330907
1.24549e-09	0.33126
1.24555e-09	0.331613
1.24561e-09	0.331966
1.24568e-09	0.332319
1.24574e-09	0.332672
1.24581e-09	0.333025
1.24587e-09	0.333378
1.24593e-09	0.333731
1.246e-09	0.334084
1.24606e-09	0.334437
1.24613e-09	0.33479
1.24619e-09	0.335144
1.24625e-09	0.335497
1.24632e-09	0.33585
1.24638e-09	0.336203
1.24645e-09	0.336556
1.24651e-09	0.336909
1.24657e-09	0.337262
1.24664e-09	0.337615
1.2467e-09	0.337968
1.24677e-09	0.338321
1.24683e-09	0.338675
1.24689e-09	0.339028
1.24696e-09	0.339381
1.24702e-09	0.339734
1.24709e-09	0.340087
1.24715e-09	0.34044
1.24721e-09	0.340793
1.24728e-09	0.341147
1.24734e-09	0.3415
1.24741e-09	0.341853
1.24747e-09	0.342206
1.24753e-09	0.342559
1.2476e-09	0.342912
1.24766e-09	0.343265
1.24773e-09	0.343619
1.24779e-09	0.343972
1.24785e-09	0.344325
1.24792e-09	0.344678
1.24798e-09	0.345031
1.24805e-09	0.345384
1.24811e-09	0.345738
1.24817e-09	0.346091
1.24824e-09	0.346444
1.2483e-09	0.346797
1.24837e-09	0.34715
1.24843e-09	0.347503
1.24849e-09	0.347857
1.24856e-09	0.34821
1.24862e-09	0.348563
1.24869e-09	0.348916
1.24875e-09	0.349269
1.24881e-09	0.349622
1.24888e-09	0.349976
1.24894e-09	0.350329
1.24901e-09	0.350682
1.24907e-09	0.351035
1.24914e-09	0.351388
1.2492e-09	0.351741
1.24926e-09	0.352095
1.24933e-09	0.352448
1.24939e-09	0.352801
1.24946e-09	0.353154
1.24952e-09	0.353507
1.24958e-09	0.35386
1.24965e-09	0.354214
1.24971e-09	0.354567
1.24978e-09	0.35492
1.24984e-09	0.355273
1.2499e-09	0.355626
1.24997e-09	0.355979
1.25003e-09	0.356333
1.2501e-09	0.356686
1.25016e-09	0.357039
1.25022e-09	0.357392
1.25029e-09	0.357745
1.25035e-09	0.358098
1.25042e-09	0.358451
1.25048e-09	0.358805
1.25054e-09	0.359158
1.25061e-09	0.359511
1.25067e-09	0.359864
1.25074e-09	0.360217
1.2508e-09	0.36057
1.25086e-09	0.360923
1.25093e-09	0.361276
1.25099e-09	0.36163
1.25106e-09	0.361983
1.25112e-09	0.362336
1.25118e-09	0.362689
1.25125e-09	0.363042
1.25131e-09	0.363395
1.25138e-09	0.363748
1.25144e-09	0.364101
1.2515e-09	0.364454
1.25157e-09	0.364807
1.25163e-09	0.36516
1.2517e-09	0.365514
1.25176e-09	0.365867
1.25182e-09	0.36622
1.25189e-09	0.366573
1.25195e-09	0.366926
1.25202e-09	0.367279
1.25208e-09	0.367632
1.25214e-09	0.367985
1.25221e-09	0.368338
1.25227e-09	0.368691
1.25234e-09	0.369044
1.2524e-09	0.369397
1.25246e-09	0.36975
1.25253e-09	0.370103
1.25259e-09	0.370456
1.25266e-09	0.370809
1.25272e-09	0.371162
1.25278e-09	0.371515
1.25285e-09	0.371868
1.25291e-09	0.372221
1.25298e-09	0.372574
1.25304e-09	0.372927
1.2531e-09	0.37328
1.25317e-09	0.373633
1.25323e-09	0.373986
1.2533e-09	0.374339
1.25336e-09	0.374692
1.25342e-09	0.375045
1.25349e-09	0.375398
1.25355e-09	0.37575
1.25362e-09	0.376103
1.25368e-09	0.376456
1.25374e-09	0.376809
1.25381e-09	0.377162
1.25387e-09	0.377515
1.25394e-09	0.377868
1.254e-09	0.378221
1.25406e-09	0.378573
1.25413e-09	0.378926
1.25419e-09	0.379279
1.25426e-09	0.379632
1.25432e-09	0.379985
1.25438e-09	0.380338
1.25445e-09	0.38069
1.25451e-09	0.381043
1.25458e-09	0.381396
1.25464e-09	0.381749
1.2547e-09	0.382101
1.25477e-09	0.382454
1.25483e-09	0.382807
1.2549e-09	0.38316
1.25496e-09	0.383512
1.25502e-09	0.383865
1.25509e-09	0.384218
1.25515e-09	0.384571
1.25522e-09	0.384923
1.25528e-09	0.385276
1.25534e-09	0.385629
1.25541e-09	0.385981
1.25547e-09	0.386334
1.25554e-09	0.386687
1.2556e-09	0.387039
1.25566e-09	0.387392
1.25573e-09	0.387744
1.25579e-09	0.388097
1.25586e-09	0.38845
1.25592e-09	0.388802
1.25598e-09	0.389155
1.25605e-09	0.389507
1.25611e-09	0.38986
1.25618e-09	0.390212
1.25624e-09	0.390565
1.2563e-09	0.390917
1.25637e-09	0.39127
1.25643e-09	0.391622
1.2565e-09	0.391975
1.25656e-09	0.392327
1.25662e-09	0.39268
1.25669e-09	0.393032
1.25675e-09	0.393385
1.25682e-09	0.393737
1.25688e-09	0.394089
1.25694e-09	0.394442
1.25701e-09	0.394794
1.25707e-09	0.395147
1.25714e-09	0.395499
1.2572e-09	0.395851
1.25726e-09	0.396204
1.25733e-09	0.396556
1.25739e-09	0.396908
1.25746e-09	0.397261
1.25752e-09	0.397613
1.25758e-09	0.397965
1.25765e-09	0.398317
1.25771e-09	0.39867
1.25778e-09	0.399022
1.25784e-09	0.399374
1.2579e-09	0.399726
1.25797e-09	0.400078
1.25803e-09	0.400431
1.2581e-09	0.400783
1.25816e-09	0.401135
1.25822e-09	0.401487
1.25829e-09	0.401839
1.25835e-09	0.402191
1.25842e-09	0.402543
1.25848e-09	0.402895
1.25854e-09	0.403247
1.25861e-09	0.403599
1.25867e-09	0.403951
1.25874e-09	0.404303
1.2588e-09	0.404655
1.25886e-09	0.405007
1.25893e-09	0.405359
1.25899e-09	0.405711
1.25906e-09	0.406063
1.25912e-09	0.406415
1.25918e-09	0.406767
1.25925e-09	0.407119
1.25931e-09	0.407471
1.25938e-09	0.407823
1.25944e-09	0.408175
1.2595e-09	0.408526
1.25957e-09	0.408878
1.25963e-09	0.40923
1.2597e-09	0.409582
1.25976e-09	0.409933
1.25982e-09	0.410285
1.25989e-09	0.410637
1.25995e-09	0.410989
1.26002e-09	0.41134
1.26008e-09	0.411692
1.26014e-09	0.412044
1.26021e-09	0.412395
1.26027e-09	0.412747
1.26034e-09	0.413099
1.2604e-09	0.41345
1.26046e-09	0.413802
1.26053e-09	0.414153
1.26059e-09	0.414505
1.26066e-09	0.414856
1.26072e-09	0.415208
1.26078e-09	0.415559
1.26085e-09	0.415911
1.26091e-09	0.416262
1.26098e-09	0.416614
1.26104e-09	0.416965
1.2611e-09	0.417316
1.26117e-09	0.417668
1.26123e-09	0.418019
1.2613e-09	0.41837
1.26136e-09	0.418722
1.26142e-09	0.419073
1.26149e-09	0.419424
1.26155e-09	0.419775
1.26162e-09	0.420127
1.26168e-09	0.420478
1.26174e-09	0.420829
1.26181e-09	0.42118
1.26187e-09	0.421531
1.26194e-09	0.421883
1.262e-09	0.422234
1.26206e-09	0.422585
1.26213e-09	0.422936
1.26219e-09	0.423287
1.26226e-09	0.423638
1.26232e-09	0.423989
1.26238e-09	0.42434
1.26245e-09	0.424691
1.26251e-09	0.425042
1.26258e-09	0.425393
1.26264e-09	0.425744
1.2627e-09	0.426095
1.26277e-09	0.426445
1.26283e-09	0.426796
1.2629e-09	0.427147
1.26296e-09	0.427498
1.26302e-09	0.427849
1.26309e-09	0.428199
1.26315e-09	0.42855
1.26322e-09	0.428901
1.26328e-09	0.429252
1.26334e-09	0.429602
1.26341e-09	0.429953
1.26347e-09	0.430304
1.26354e-09	0.430654
1.2636e-09	0.431005
1.26366e-09	0.431355
1.26373e-09	0.431706
1.26379e-09	0.432056
1.26386e-09	0.432407
1.26392e-09	0.432757
1.26398e-09	0.433108
1.26405e-09	0.433458
1.26411e-09	0.433809
1.26418e-09	0.434159
1.26424e-09	0.434509
1.2643e-09	0.43486
1.26437e-09	0.43521
1.26443e-09	0.43556
1.2645e-09	0.43591
1.26456e-09	0.436261
1.26462e-09	0.436611
1.26469e-09	0.436961
1.26475e-09	0.437311
1.26482e-09	0.437661
1.26488e-09	0.438011
1.26494e-09	0.438361
1.26501e-09	0.438712
1.26507e-09	0.439062
1.26514e-09	0.439412
1.2652e-09	0.439762
1.26526e-09	0.440112
1.26533e-09	0.440461
1.26539e-09	0.440811
1.26546e-09	0.441161
1.26552e-09	0.441511
1.26558e-09	0.441861
1.26565e-09	0.442211
1.26571e-09	0.442561
1.26578e-09	0.44291
1.26584e-09	0.44326
1.2659e-09	0.44361
1.26597e-09	0.443959
1.26603e-09	0.444309
1.2661e-09	0.444659
1.26616e-09	0.445008
1.26622e-09	0.445358
1.26629e-09	0.445707
1.26635e-09	0.446057
1.26642e-09	0.446406
1.26648e-09	0.446756
1.26655e-09	0.447105
1.26661e-09	0.447455
1.26667e-09	0.447804
1.26674e-09	0.448153
1.2668e-09	0.448503
1.26687e-09	0.448852
1.26693e-09	0.449201
1.26699e-09	0.449551
1.26706e-09	0.4499
1.26712e-09	0.450249
1.26719e-09	0.450598
1.26725e-09	0.450947
1.26731e-09	0.451296
1.26738e-09	0.451645
1.26744e-09	0.451994
1.26751e-09	0.452343
1.26757e-09	0.452692
1.26763e-09	0.453041
1.2677e-09	0.45339
1.26776e-09	0.453739
1.26783e-09	0.454088
1.26789e-09	0.454437
1.26795e-09	0.454786
1.26802e-09	0.455135
1.26808e-09	0.455483
1.26815e-09	0.455832
1.26821e-09	0.456181
1.26827e-09	0.456529
1.26834e-09	0.456878
1.2684e-09	0.457227
1.26847e-09	0.457575
1.26853e-09	0.457924
1.26859e-09	0.458272
1.26866e-09	0.458621
1.26872e-09	0.458969
1.26879e-09	0.459318
1.26885e-09	0.459666
1.26891e-09	0.460014
1.26898e-09	0.460363
1.26904e-09	0.460711
1.26911e-09	0.461059
1.26917e-09	0.461408
1.26923e-09	0.461756
1.2693e-09	0.462104
1.26936e-09	0.462452
1.26943e-09	0.4628
1.26949e-09	0.463148
1.26955e-09	0.463496
1.26962e-09	0.463844
1.26968e-09	0.464192
1.26975e-09	0.46454
1.26981e-09	0.464888
1.26987e-09	0.465236
1.26994e-09	0.465584
1.27e-09	0.465932
1.27007e-09	0.46628
1.27013e-09	0.466627
1.27019e-09	0.466975
1.27026e-09	0.467323
1.27032e-09	0.467671
1.27039e-09	0.468018
1.27045e-09	0.468366
1.27051e-09	0.468713
1.27058e-09	0.469061
1.27064e-09	0.469408
1.27071e-09	0.469756
1.27077e-09	0.470103
1.27083e-09	0.470451
1.2709e-09	0.470798
1.27096e-09	0.471145
1.27103e-09	0.471493
1.27109e-09	0.47184
1.27115e-09	0.472187
1.27122e-09	0.472534
1.27128e-09	0.472881
1.27135e-09	0.473229
1.27141e-09	0.473576
1.27147e-09	0.473923
1.27154e-09	0.47427
1.2716e-09	0.474617
1.27167e-09	0.474964
1.27173e-09	0.475311
1.27179e-09	0.475657
1.27186e-09	0.476004
1.27192e-09	0.476351
1.27199e-09	0.476698
1.27205e-09	0.477045
1.27211e-09	0.477391
1.27218e-09	0.477738
1.27224e-09	0.478085
1.27231e-09	0.478431
1.27237e-09	0.478778
1.27243e-09	0.479124
1.2725e-09	0.479471
1.27256e-09	0.479817
1.27263e-09	0.480164
1.27269e-09	0.48051
1.27275e-09	0.480856
1.27282e-09	0.481203
1.27288e-09	0.481549
1.27295e-09	0.481895
1.27301e-09	0.482241
1.27307e-09	0.482587
1.27314e-09	0.482934
1.2732e-09	0.48328
1.27327e-09	0.483626
1.27333e-09	0.483972
1.27339e-09	0.484318
1.27346e-09	0.484664
1.27352e-09	0.485009
1.27359e-09	0.485355
1.27365e-09	0.485701
1.27371e-09	0.486047
1.27378e-09	0.486393
1.27384e-09	0.486738
1.27391e-09	0.487084
1.27397e-09	0.48743
1.27403e-09	0.487775
1.2741e-09	0.488121
1.27416e-09	0.488466
1.27423e-09	0.488812
1.27429e-09	0.489157
1.27435e-09	0.489502
1.27442e-09	0.489848
1.27448e-09	0.490193
1.27455e-09	0.490538
1.27461e-09	0.490884
1.27467e-09	0.491229
1.27474e-09	0.491574
1.2748e-09	0.491919
1.27487e-09	0.492264
1.27493e-09	0.492609
1.27499e-09	0.492954
1.27506e-09	0.493299
1.27512e-09	0.493644
1.27519e-09	0.493989
1.27525e-09	0.494334
1.27531e-09	0.494678
1.27538e-09	0.495023
1.27544e-09	0.495368
1.27551e-09	0.495713
1.27557e-09	0.496057
1.27563e-09	0.496402
1.2757e-09	0.496746
1.27576e-09	0.497091
1.27583e-09	0.497435
1.27589e-09	0.49778
1.27595e-09	0.498124
1.27602e-09	0.498468
1.27608e-09	0.498813
1.27615e-09	0.499157
1.27621e-09	0.499501
1.27627e-09	0.499845
1.27634e-09	0.500189
1.2764e-09	0.500534
1.27647e-09	0.500878
1.27653e-09	0.501222
1.27659e-09	0.501566
1.27666e-09	0.501909
1.27672e-09	0.502253
1.27679e-09	0.502597
1.27685e-09	0.502941
1.27691e-09	0.503285
1.27698e-09	0.503628
1.27704e-09	0.503972
1.27711e-09	0.504316
1.27717e-09	0.504659
1.27723e-09	0.505003
1.2773e-09	0.505346
1.27736e-09	0.50569
1.27743e-09	0.506033
1.27749e-09	0.506376
1.27755e-09	0.50672
1.27762e-09	0.507063
1.27768e-09	0.507406
1.27775e-09	0.507749
1.27781e-09	0.508092
1.27787e-09	0.508435
1.27794e-09	0.508778
1.278e-09	0.509121
1.27807e-09	0.509464
1.27813e-09	0.509807
1.27819e-09	0.51015
1.27826e-09	0.510493
1.27832e-09	0.510836
1.27839e-09	0.511178
1.27845e-09	0.511521
1.27851e-09	0.511864
1.27858e-09	0.512206
1.27864e-09	0.512549
1.27871e-09	0.512891
1.27877e-09	0.513234
1.27883e-09	0.513576
1.2789e-09	0.513918
1.27896e-09	0.514261
1.27903e-09	0.514603
1.27909e-09	0.514945
1.27915e-09	0.515287
1.27922e-09	0.515629
1.27928e-09	0.515972
1.27935e-09	0.516314
1.27941e-09	0.516656
1.27947e-09	0.516997
1.27954e-09	0.517339
1.2796e-09	0.517681
1.27967e-09	0.518023
1.27973e-09	0.518365
1.27979e-09	0.518706
1.27986e-09	0.519048
1.27992e-09	0.51939
1.27999e-09	0.519731
1.28005e-09	0.520073
1.28011e-09	0.520414
1.28018e-09	0.520755
1.28024e-09	0.521097
1.28031e-09	0.521438
1.28037e-09	0.521779
1.28043e-09	0.522121
1.2805e-09	0.522462
1.28056e-09	0.522803
1.28063e-09	0.523144
1.28069e-09	0.523485
1.28075e-09	0.523826
1.28082e-09	0.524167
1.28088e-09	0.524508
1.28095e-09	0.524848
1.28101e-09	0.525189
1.28107e-09	0.52553
1.28114e-09	0.525871
1.2812e-09	0.526211
1.28127e-09	0.526552
1.28133e-09	0.526892
1.28139e-09	0.527233
1.28146e-09	0.527573
1.28152e-09	0.527914
1.28159e-09	0.528254
1.28165e-09	0.528594
1.28171e-09	0.528934
1.28178e-09	0.529274
1.28184e-09	0.529615
1.28191e-09	0.529955
1.28197e-09	0.530295
1.28203e-09	0.530635
1.2821e-09	0.530975
1.28216e-09	0.531314
1.28223e-09	0.531654
1.28229e-09	0.531994
1.28235e-09	0.532334
1.28242e-09	0.532673
1.28248e-09	0.533013
1.28255e-09	0.533352
1.28261e-09	0.533692
1.28267e-09	0.534031
1.28274e-09	0.534371
1.2828e-09	0.53471
1.28287e-09	0.535049
1.28293e-09	0.535389
1.28299e-09	0.535728
1.28306e-09	0.536067
1.28312e-09	0.536406
1.28319e-09	0.536745
1.28325e-09	0.537084
1.28331e-09	0.537423
1.28338e-09	0.537762
1.28344e-09	0.5381
1.28351e-09	0.538439
1.28357e-09	0.538778
1.28363e-09	0.539117
1.2837e-09	0.539455
1.28376e-09	0.539794
1.28383e-09	0.540132
1.28389e-09	0.540471
1.28396e-09	0.540809
1.28402e-09	0.541147
1.28408e-09	0.541486
1.28415e-09	0.541824
1.28421e-09	0.542162
1.28428e-09	0.5425
1.28434e-09	0.542838
1.2844e-09	0.543176
1.28447e-09	0.543514
1.28453e-09	0.543852
1.2846e-09	0.54419
1.28466e-09	0.544527
1.28472e-09	0.544865
1.28479e-09	0.545203
1.28485e-09	0.545541
1.28492e-09	0.545878
1.28498e-09	0.546216
1.28504e-09	0.546553
1.28511e-09	0.54689
1.28517e-09	0.547228
1.28524e-09	0.547565
1.2853e-09	0.547902
1.28536e-09	0.548239
1.28543e-09	0.548576
1.28549e-09	0.548913
1.28556e-09	0.54925
1.28562e-09	0.549587
1.28568e-09	0.549924
1.28575e-09	0.550261
1.28581e-09	0.550598
1.28588e-09	0.550935
1.28594e-09	0.551271
1.286e-09	0.551608
1.28607e-09	0.551944
1.28613e-09	0.552281
1.2862e-09	0.552617
1.28626e-09	0.552954
1.28632e-09	0.55329
1.28639e-09	0.553626
1.28645e-09	0.553962
1.28652e-09	0.554298
1.28658e-09	0.554634
1.28664e-09	0.554971
1.28671e-09	0.555306
1.28677e-09	0.555642
1.28684e-09	0.555978
1.2869e-09	0.556314
1.28696e-09	0.55665
1.28703e-09	0.556985
1.28709e-09	0.557321
1.28716e-09	0.557656
1.28722e-09	0.557992
1.28728e-09	0.558327
1.28735e-09	0.558663
1.28741e-09	0.558998
1.28748e-09	0.559333
1.28754e-09	0.559668
1.2876e-09	0.560004
1.28767e-09	0.560339
1.28773e-09	0.560674
1.2878e-09	0.561009
1.28786e-09	0.561343
1.28792e-09	0.561678
1.28799e-09	0.562013
1.28805e-09	0.562348
1.28812e-09	0.562682
1.28818e-09	0.563017
1.28824e-09	0.563351
1.28831e-09	0.563686
1.28837e-09	0.56402
1.28844e-09	0.564355
1.2885e-09	0.564689
1.28856e-09	0.565023
1.28863e-09	0.565357
1.28869e-09	0.565691
1.28876e-09	0.566025
1.28882e-09	0.566359
1.28888e-09	0.566693
1.28895e-09	0.567027
1.28901e-09	0.567361
1.28908e-09	0.567695
1.28914e-09	0.568028
1.2892e-09	0.568362
1.28927e-09	0.568695
1.28933e-09	0.569029
1.2894e-09	0.569362
1.28946e-09	0.569696
1.28952e-09	0.570029
1.28959e-09	0.570362
1.28965e-09	0.570695
1.28972e-09	0.571028
1.28978e-09	0.571361
1.28984e-09	0.571694
1.28991e-09	0.572027
1.28997e-09	0.57236
1.29004e-09	0.572693
1.2901e-09	0.573026
1.29016e-09	0.573358
1.29023e-09	0.573691
1.29029e-09	0.574023
1.29036e-09	0.574356
1.29042e-09	0.574688
1.29048e-09	0.575021
1.29055e-09	0.575353
1.29061e-09	0.575685
1.29068e-09	0.576017
1.29074e-09	0.576349
1.2908e-09	0.576681
1.29087e-09	0.577013
1.29093e-09	0.577345
1.291e-09	0.577677
1.29106e-09	0.578009
1.29112e-09	0.57834
1.29119e-09	0.578672
1.29125e-09	0.579003
1.29132e-09	0.579335
1.29138e-09	0.579666
1.29144e-09	0.579998
1.29151e-09	0.580329
1.29157e-09	0.58066
1.29164e-09	0.580991
1.2917e-09	0.581322
1.29176e-09	0.581653
1.29183e-09	0.581984
1.29189e-09	0.582315
1.29196e-09	0.582646
1.29202e-09	0.582977
1.29208e-09	0.583308
1.29215e-09	0.583638
1.29221e-09	0.583969
1.29228e-09	0.584299
1.29234e-09	0.58463
1.2924e-09	0.58496
1.29247e-09	0.58529
1.29253e-09	0.585621
1.2926e-09	0.585951
1.29266e-09	0.586281
1.29272e-09	0.586611
1.29279e-09	0.586941
1.29285e-09	0.587271
1.29292e-09	0.5876
1.29298e-09	0.58793
1.29304e-09	0.58826
1.29311e-09	0.588589
1.29317e-09	0.588919
1.29324e-09	0.589249
1.2933e-09	0.589578
1.29336e-09	0.589907
1.29343e-09	0.590237
1.29349e-09	0.590566
1.29356e-09	0.590895
1.29362e-09	0.591224
1.29368e-09	0.591553
1.29375e-09	0.591882
1.29381e-09	0.592211
1.29388e-09	0.592539
1.29394e-09	0.592868
1.294e-09	0.593197
1.29407e-09	0.593525
1.29413e-09	0.593854
1.2942e-09	0.594182
1.29426e-09	0.594511
1.29432e-09	0.594839
1.29439e-09	0.595167
1.29445e-09	0.595495
1.29452e-09	0.595823
1.29458e-09	0.596151
1.29464e-09	0.596479
1.29471e-09	0.596807
1.29477e-09	0.597135
1.29484e-09	0.597463
1.2949e-09	0.59779
1.29496e-09	0.598118
1.29503e-09	0.598446
1.29509e-09	0.598773
1.29516e-09	0.5991
1.29522e-09	0.599428
1.29528e-09	0.599755
1.29535e-09	0.600082
1.29541e-09	0.600409
1.29548e-09	0.600736
1.29554e-09	0.601063
1.2956e-09	0.60139
1.29567e-09	0.601717
1.29573e-09	0.602043
1.2958e-09	0.60237
1.29586e-09	0.602697
1.29592e-09	0.603023
1.29599e-09	0.60335
1.29605e-09	0.603676
1.29612e-09	0.604002
1.29618e-09	0.604329
1.29624e-09	0.604655
1.29631e-09	0.604981
1.29637e-09	0.605307
1.29644e-09	0.605633
1.2965e-09	0.605958
1.29656e-09	0.606284
1.29663e-09	0.60661
1.29669e-09	0.606936
1.29676e-09	0.607261
1.29682e-09	0.607587
1.29688e-09	0.607912
1.29695e-09	0.608237
1.29701e-09	0.608563
1.29708e-09	0.608888
1.29714e-09	0.609213
1.2972e-09	0.609538
1.29727e-09	0.609863
1.29733e-09	0.610188
1.2974e-09	0.610513
1.29746e-09	0.610837
1.29752e-09	0.611162
1.29759e-09	0.611487
1.29765e-09	0.611811
1.29772e-09	0.612136
1.29778e-09	0.61246
1.29784e-09	0.612784
1.29791e-09	0.613108
1.29797e-09	0.613432
1.29804e-09	0.613757
1.2981e-09	0.614081
1.29816e-09	0.614404
1.29823e-09	0.614728
1.29829e-09	0.615052
1.29836e-09	0.615376
1.29842e-09	0.615699
1.29848e-09	0.616023
1.29855e-09	0.616346
1.29861e-09	0.61667
1.29868e-09	0.616993
1.29874e-09	0.617316
1.2988e-09	0.617639
1.29887e-09	0.617962
1.29893e-09	0.618285
1.299e-09	0.618608
1.29906e-09	0.618931
1.29912e-09	0.619254
1.29919e-09	0.619576
1.29925e-09	0.619899
1.29932e-09	0.620222
1.29938e-09	0.620544
1.29944e-09	0.620866
1.29951e-09	0.621189
1.29957e-09	0.621511
1.29964e-09	0.621833
1.2997e-09	0.622155
1.29976e-09	0.622477
1.29983e-09	0.622799
1.29989e-09	0.623121
1.29996e-09	0.623442
1.30002e-09	0.623764
1.30008e-09	0.624086
1.30015e-09	0.624407
1.30021e-09	0.624729
1.30028e-09	0.62505
1.30034e-09	0.625371
1.3004e-09	0.625692
1.30047e-09	0.626014
1.30053e-09	0.626335
1.3006e-09	0.626655
1.30066e-09	0.626976
1.30072e-09	0.627297
1.30079e-09	0.627618
1.30085e-09	0.627938
1.30092e-09	0.628259
1.30098e-09	0.628579
1.30104e-09	0.6289
1.30111e-09	0.62922
1.30117e-09	0.62954
1.30124e-09	0.629861
1.3013e-09	0.630181
1.30137e-09	0.630501
1.30143e-09	0.63082
1.30149e-09	0.63114
1.30156e-09	0.63146
1.30162e-09	0.63178
1.30169e-09	0.632099
1.30175e-09	0.632419
1.30181e-09	0.632738
1.30188e-09	0.633057
1.30194e-09	0.633377
1.30201e-09	0.633696
1.30207e-09	0.634015
1.30213e-09	0.634334
1.3022e-09	0.634653
1.30226e-09	0.634972
1.30233e-09	0.63529
1.30239e-09	0.635609
1.30245e-09	0.635928
1.30252e-09	0.636246
1.30258e-09	0.636565
1.30265e-09	0.636883
1.30271e-09	0.637201
1.30277e-09	0.637519
1.30284e-09	0.637837
1.3029e-09	0.638156
1.30297e-09	0.638473
1.30303e-09	0.638791
1.30309e-09	0.639109
1.30316e-09	0.639427
1.30322e-09	0.639744
1.30329e-09	0.640062
1.30335e-09	0.640379
1.30341e-09	0.640697
1.30348e-09	0.641014
1.30354e-09	0.641331
1.30361e-09	0.641648
1.30367e-09	0.641965
1.30373e-09	0.642282
1.3038e-09	0.642599
1.30386e-09	0.642916
1.30393e-09	0.643232
1.30399e-09	0.643549
1.30405e-09	0.643865
1.30412e-09	0.644182
1.30418e-09	0.644498
1.30425e-09	0.644814
1.30431e-09	0.64513
1.30437e-09	0.645447
1.30444e-09	0.645763
1.3045e-09	0.646078
1.30457e-09	0.646394
1.30463e-09	0.64671
1.30469e-09	0.647026
1.30476e-09	0.647341
1.30482e-09	0.647657
1.30489e-09	0.647972
1.30495e-09	0.648287
1.30501e-09	0.648602
1.30508e-09	0.648918
1.30514e-09	0.649233
1.30521e-09	0.649548
1.30527e-09	0.649862
1.30533e-09	0.650177
1.3054e-09	0.650492
1.30546e-09	0.650807
1.30553e-09	0.651121
1.30559e-09	0.651435
1.30565e-09	0.65175
1.30572e-09	0.652064
1.30578e-09	0.652378
1.30585e-09	0.652692
1.30591e-09	0.653006
1.30597e-09	0.65332
1.30604e-09	0.653634
1.3061e-09	0.653948
1.30617e-09	0.654261
1.30623e-09	0.654575
1.30629e-09	0.654888
1.30636e-09	0.655202
1.30642e-09	0.655515
1.30649e-09	0.655828
1.30655e-09	0.656141
1.30661e-09	0.656454
1.30668e-09	0.656767
1.30674e-09	0.65708
1.30681e-09	0.657393
1.30687e-09	0.657706
1.30693e-09	0.658018
1.307e-09	0.658331
1.30706e-09	0.658643
1.30713e-09	0.658955
1.30719e-09	0.659268
1.30725e-09	0.65958
1.30732e-09	0.659892
1.30738e-09	0.660204
1.30745e-09	0.660516
1.30751e-09	0.660827
1.30757e-09	0.661139
1.30764e-09	0.661451
1.3077e-09	0.661762
1.30777e-09	0.662073
1.30783e-09	0.662385
1.30789e-09	0.662696
1.30796e-09	0.663007
1.30802e-09	0.663318
1.30809e-09	0.663629
1.30815e-09	0.66394
1.30821e-09	0.664251
1.30828e-09	0.664561
1.30834e-09	0.664872
1.30841e-09	0.665183
1.30847e-09	0.665493
1.30853e-09	0.665803
1.3086e-09	0.666113
1.30866e-09	0.666424
1.30873e-09	0.666734
1.30879e-09	0.667044
1.30885e-09	0.667353
1.30892e-09	0.667663
1.30898e-09	0.667973
1.30905e-09	0.668282
1.30911e-09	0.668592
1.30917e-09	0.668901
1.30924e-09	0.669211
1.3093e-09	0.66952
1.30937e-09	0.669829
1.30943e-09	0.670138
1.30949e-09	0.670447
1.30956e-09	0.670756
1.30962e-09	0.671064
1.30969e-09	0.671373
1.30975e-09	0.671682
1.30981e-09	0.67199
1.30988e-09	0.672298
1.30994e-09	0.672607
1.31001e-09	0.672915
1.31007e-09	0.673223
1.31013e-09	0.673531
1.3102e-09	0.673839
1.31026e-09	0.674147
1.31033e-09	0.674454
1.31039e-09	0.674762
1.31045e-09	0.67507
1.31052e-09	0.675377
1.31058e-09	0.675684
1.31065e-09	0.675992
1.31071e-09	0.676299
1.31077e-09	0.676606
1.31084e-09	0.676913
1.3109e-09	0.67722
1.31097e-09	0.677526
1.31103e-09	0.677833
1.31109e-09	0.67814
1.31116e-09	0.678446
1.31122e-09	0.678752
1.31129e-09	0.679059
1.31135e-09	0.679365
1.31141e-09	0.679671
1.31148e-09	0.679977
1.31154e-09	0.680283
1.31161e-09	0.680589
1.31167e-09	0.680894
1.31173e-09	0.6812
1.3118e-09	0.681506
1.31186e-09	0.681811
1.31193e-09	0.682116
1.31199e-09	0.682422
1.31205e-09	0.682727
1.31212e-09	0.683032
1.31218e-09	0.683337
1.31225e-09	0.683641
1.31231e-09	0.683946
1.31237e-09	0.684251
1.31244e-09	0.684555
1.3125e-09	0.68486
1.31257e-09	0.685164
1.31263e-09	0.685468
1.31269e-09	0.685773
1.31276e-09	0.686077
1.31282e-09	0.686381
1.31289e-09	0.686685
1.31295e-09	0.686988
1.31301e-09	0.687292
1.31308e-09	0.687596
1.31314e-09	0.687899
1.31321e-09	0.688202
1.31327e-09	0.688506
1.31333e-09	0.688809
1.3134e-09	0.689112
1.31346e-09	0.689415
1.31353e-09	0.689718
1.31359e-09	0.690021
1.31365e-09	0.690323
1.31372e-09	0.690626
1.31378e-09	0.690928
1.31385e-09	0.691231
1.31391e-09	0.691533
1.31397e-09	0.691835
1.31404e-09	0.692137
1.3141e-09	0.692439
1.31417e-09	0.692741
1.31423e-09	0.693043
1.31429e-09	0.693345
1.31436e-09	0.693646
1.31442e-09	0.693948
1.31449e-09	0.694249
1.31455e-09	0.69455
1.31461e-09	0.694852
1.31468e-09	0.695153
1.31474e-09	0.695454
1.31481e-09	0.695754
1.31487e-09	0.696055
1.31493e-09	0.696356
1.315e-09	0.696657
1.31506e-09	0.696957
1.31513e-09	0.697257
1.31519e-09	0.697558
1.31525e-09	0.697858
1.31532e-09	0.698158
1.31538e-09	0.698458
1.31545e-09	0.698758
1.31551e-09	0.699058
1.31557e-09	0.699357
1.31564e-09	0.699657
1.3157e-09	0.699956
1.31577e-09	0.700256
1.31583e-09	0.700555
1.31589e-09	0.700854
1.31596e-09	0.701153
1.31602e-09	0.701452
1.31609e-09	0.701751
1.31615e-09	0.70205
1.31621e-09	0.702348
1.31628e-09	0.702647
1.31634e-09	0.702945
1.31641e-09	0.703243
1.31647e-09	0.703542
1.31653e-09	0.70384
1.3166e-09	0.704138
1.31666e-09	0.704436
1.31673e-09	0.704734
1.31679e-09	0.705031
1.31685e-09	0.705329
1.31692e-09	0.705626
1.31698e-09	0.705924
1.31705e-09	0.706221
1.31711e-09	0.706518
1.31717e-09	0.706815
1.31724e-09	0.707112
1.3173e-09	0.707409
1.31737e-09	0.707706
1.31743e-09	0.708003
1.31749e-09	0.708299
1.31756e-09	0.708596
1.31762e-09	0.708892
1.31769e-09	0.709188
1.31775e-09	0.709485
1.31781e-09	0.709781
1.31788e-09	0.710077
1.31794e-09	0.710372
1.31801e-09	0.710668
1.31807e-09	0.710964
1.31813e-09	0.711259
1.3182e-09	0.711555
1.31826e-09	0.71185
1.31833e-09	0.712145
1.31839e-09	0.71244
1.31845e-09	0.712735
1.31852e-09	0.71303
1.31858e-09	0.713325
1.31865e-09	0.71362
1.31871e-09	0.713914
1.31878e-09	0.714209
1.31884e-09	0.714503
1.3189e-09	0.714797
1.31897e-09	0.715091
1.31903e-09	0.715385
1.3191e-09	0.715679
1.31916e-09	0.715973
1.31922e-09	0.716267
1.31929e-09	0.71656
1.31935e-09	0.716854
1.31942e-09	0.717147
1.31948e-09	0.717441
1.31954e-09	0.717734
1.31961e-09	0.718027
1.31967e-09	0.71832
1.31974e-09	0.718613
1.3198e-09	0.718905
1.31986e-09	0.719198
1.31993e-09	0.71949
1.31999e-09	0.719783
1.32006e-09	0.720075
1.32012e-09	0.720367
1.32018e-09	0.720659
1.32025e-09	0.720951
1.32031e-09	0.721243
1.32038e-09	0.721535
1.32044e-09	0.721827
1.3205e-09	0.722118
1.32057e-09	0.72241
1.32063e-09	0.722701
1.3207e-09	0.722992
1.32076e-09	0.723283
1.32082e-09	0.723574
1.32089e-09	0.723865
1.32095e-09	0.724156
1.32102e-09	0.724447
1.32108e-09	0.724737
1.32114e-09	0.725028
1.32121e-09	0.725318
1.32127e-09	0.725608
1.32134e-09	0.725899
1.3214e-09	0.726189
1.32146e-09	0.726478
1.32153e-09	0.726768
1.32159e-09	0.727058
1.32166e-09	0.727347
1.32172e-09	0.727637
1.32178e-09	0.727926
1.32185e-09	0.728216
1.32191e-09	0.728505
1.32198e-09	0.728794
1.32204e-09	0.729083
1.3221e-09	0.729371
1.32217e-09	0.72966
1.32223e-09	0.729949
1.3223e-09	0.730237
1.32236e-09	0.730525
1.32242e-09	0.730814
1.32249e-09	0.731102
1.32255e-09	0.73139
1.32262e-09	0.731678
1.32268e-09	0.731966
1.32274e-09	0.732253
1.32281e-09	0.732541
1.32287e-09	0.732828
1.32294e-09	0.733116
1.323e-09	0.733403
1.32306e-09	0.73369
1.32313e-09	0.733977
1.32319e-09	0.734264
1.32326e-09	0.734551
1.32332e-09	0.734837
1.32338e-09	0.735124
1.32345e-09	0.73541
1.32351e-09	0.735697
1.32358e-09	0.735983
1.32364e-09	0.736269
1.3237e-09	0.736555
1.32377e-09	0.736841
1.32383e-09	0.737127
1.3239e-09	0.737412
1.32396e-09	0.737698
1.32402e-09	0.737983
1.32409e-09	0.738268
1.32415e-09	0.738554
1.32422e-09	0.738839
1.32428e-09	0.739124
1.32434e-09	0.739409
1.32441e-09	0.739693
1.32447e-09	0.739978
1.32454e-09	0.740262
1.3246e-09	0.740547
1.32466e-09	0.740831
1.32473e-09	0.741115
1.32479e-09	0.741399
1.32486e-09	0.741683
1.32492e-09	0.741967
1.32498e-09	0.742251
1.32505e-09	0.742534
1.32511e-09	0.742818
1.32518e-09	0.743101
1.32524e-09	0.743384
1.3253e-09	0.743668
1.32537e-09	0.743951
1.32543e-09	0.744233
1.3255e-09	0.744516
1.32556e-09	0.744799
1.32562e-09	0.745081
1.32569e-09	0.745364
1.32575e-09	0.745646
1.32582e-09	0.745928
1.32588e-09	0.746211
1.32594e-09	0.746493
1.32601e-09	0.746774
1.32607e-09	0.747056
1.32614e-09	0.747338
1.3262e-09	0.747619
1.32626e-09	0.747901
1.32633e-09	0.748182
1.32639e-09	0.748463
1.32646e-09	0.748744
1.32652e-09	0.749025
1.32658e-09	0.749306
1.32665e-09	0.749586
1.32671e-09	0.749867
1.32678e-09	0.750147
1.32684e-09	0.750428
1.3269e-09	0.750708
1.32697e-09	0.750988
1.32703e-09	0.751268
1.3271e-09	0.751548
1.32716e-09	0.751828
1.32722e-09	0.752107
1.32729e-09	0.752387
1.32735e-09	0.752666
1.32742e-09	0.752945
1.32748e-09	0.753224
1.32754e-09	0.753504
1.32761e-09	0.753782
1.32767e-09	0.754061
1.32774e-09	0.75434
1.3278e-09	0.754618
1.32786e-09	0.754897
1.32793e-09	0.755175
1.32799e-09	0.755453
1.32806e-09	0.755731
1.32812e-09	0.756009
1.32818e-09	0.756287
1.32825e-09	0.756565
1.32831e-09	0.756843
1.32838e-09	0.75712
1.32844e-09	0.757397
1.3285e-09	0.757675
1.32857e-09	0.757952
1.32863e-09	0.758229
1.3287e-09	0.758506
1.32876e-09	0.758782
1.32882e-09	0.759059
1.32889e-09	0.759336
1.32895e-09	0.759612
1.32902e-09	0.759888
1.32908e-09	0.760164
1.32914e-09	0.76044
1.32921e-09	0.760716
1.32927e-09	0.760992
1.32934e-09	0.761268
1.3294e-09	0.761543
1.32946e-09	0.761819
1.32953e-09	0.762094
1.32959e-09	0.762369
1.32966e-09	0.762644
1.32972e-09	0.762919
1.32978e-09	0.763194
1.32985e-09	0.763469
1.32991e-09	0.763743
1.32998e-09	0.764018
1.33004e-09	0.764292
1.3301e-09	0.764566
1.33017e-09	0.76484
1.33023e-09	0.765114
1.3303e-09	0.765388
1.33036e-09	0.765662
1.33042e-09	0.765936
1.33049e-09	0.766209
1.33055e-09	0.766482
1.33062e-09	0.766756
1.33068e-09	0.767029
1.33074e-09	0.767302
1.33081e-09	0.767575
1.33087e-09	0.767847
1.33094e-09	0.76812
1.331e-09	0.768392
1.33106e-09	0.768665
1.33113e-09	0.768937
1.33119e-09	0.769209
1.33126e-09	0.769481
1.33132e-09	0.769753
1.33138e-09	0.770025
1.33145e-09	0.770296
1.33151e-09	0.770568
1.33158e-09	0.770839
1.33164e-09	0.771111
1.3317e-09	0.771382
1.33177e-09	0.771653
1.33183e-09	0.771924
1.3319e-09	0.772194
1.33196e-09	0.772465
1.33202e-09	0.772735
1.33209e-09	0.773006
1.33215e-09	0.773276
1.33222e-09	0.773546
1.33228e-09	0.773816
1.33234e-09	0.774086
1.33241e-09	0.774356
1.33247e-09	0.774626
1.33254e-09	0.774895
1.3326e-09	0.775164
1.33266e-09	0.775434
1.33273e-09	0.775703
1.33279e-09	0.775972
1.33286e-09	0.776241
1.33292e-09	0.776509
1.33298e-09	0.776778
1.33305e-09	0.777047
1.33311e-09	0.777315
1.33318e-09	0.777583
1.33324e-09	0.777851
1.3333e-09	0.778119
1.33337e-09	0.778387
1.33343e-09	0.778655
1.3335e-09	0.778923
1.33356e-09	0.77919
1.33362e-09	0.779457
1.33369e-09	0.779725
1.33375e-09	0.779992
1.33382e-09	0.780259
1.33388e-09	0.780526
1.33394e-09	0.780792
1.33401e-09	0.781059
1.33407e-09	0.781325
1.33414e-09	0.781592
1.3342e-09	0.781858
1.33426e-09	0.782124
1.33433e-09	0.78239
1.33439e-09	0.782656
1.33446e-09	0.782922
1.33452e-09	0.783187
1.33458e-09	0.783453
1.33465e-09	0.783718
1.33471e-09	0.783983
1.33478e-09	0.784248
1.33484e-09	0.784513
1.3349e-09	0.784778
1.33497e-09	0.785043
1.33503e-09	0.785307
1.3351e-09	0.785572
1.33516e-09	0.785836
1.33522e-09	0.7861
1.33529e-09	0.786364
1.33535e-09	0.786628
1.33542e-09	0.786892
1.33548e-09	0.787156
1.33554e-09	0.787419
1.33561e-09	0.787682
1.33567e-09	0.787946
1.33574e-09	0.788209
1.3358e-09	0.788472
1.33586e-09	0.788735
1.33593e-09	0.788997
1.33599e-09	0.78926
1.33606e-09	0.789523
1.33612e-09	0.789785
1.33618e-09	0.790047
1.33625e-09	0.790309
1.33631e-09	0.790571
1.33638e-09	0.790833
1.33644e-09	0.791095
1.33651e-09	0.791356
1.33657e-09	0.791618
1.33663e-09	0.791879
1.3367e-09	0.79214
1.33676e-09	0.792401
1.33683e-09	0.792662
1.33689e-09	0.792923
1.33695e-09	0.793184
1.33702e-09	0.793444
1.33708e-09	0.793705
1.33715e-09	0.793965
1.33721e-09	0.794225
1.33727e-09	0.794485
1.33734e-09	0.794745
1.3374e-09	0.795005
1.33747e-09	0.795264
1.33753e-09	0.795524
1.33759e-09	0.795783
1.33766e-09	0.796042
1.33772e-09	0.796301
1.33779e-09	0.79656
1.33785e-09	0.796819
1.33791e-09	0.797078
1.33798e-09	0.797336
1.33804e-09	0.797595
1.33811e-09	0.797853
1.33817e-09	0.798111
1.33823e-09	0.798369
1.3383e-09	0.798627
1.33836e-09	0.798885
1.33843e-09	0.799143
1.33849e-09	0.7994
1.33855e-09	0.799657
1.33862e-09	0.799915
1.33868e-09	0.800172
1.33875e-09	0.800429
1.33881e-09	0.800685
1.33887e-09	0.800942
1.33894e-09	0.801199
1.339e-09	0.801455
1.33907e-09	0.801711
1.33913e-09	0.801968
1.33919e-09	0.802224
1.33926e-09	0.802479
1.33932e-09	0.802735
1.33939e-09	0.802991
1.33945e-09	0.803246
1.33951e-09	0.803502
1.33958e-09	0.803757
1.33964e-09	0.804012
1.33971e-09	0.804267
1.33977e-09	0.804522
1.33983e-09	0.804776
1.3399e-09	0.805031
1.33996e-09	0.805285
1.34003e-09	0.80554
1.34009e-09	0.805794
1.34015e-09	0.806048
1.34022e-09	0.806302
1.34028e-09	0.806555
1.34035e-09	0.806809
1.34041e-09	0.807062
1.34047e-09	0.807316
1.34054e-09	0.807569
1.3406e-09	0.807822
1.34067e-09	0.808075
1.34073e-09	0.808328
1.34079e-09	0.80858
1.34086e-09	0.808833
1.34092e-09	0.809085
1.34099e-09	0.809337
1.34105e-09	0.80959
1.34111e-09	0.809842
1.34118e-09	0.810093
1.34124e-09	0.810345
1.34131e-09	0.810597
1.34137e-09	0.810848
1.34143e-09	0.811099
1.3415e-09	0.81135
1.34156e-09	0.811601
1.34163e-09	0.811852
1.34169e-09	0.812103
1.34175e-09	0.812354
1.34182e-09	0.812604
1.34188e-09	0.812854
1.34195e-09	0.813105
1.34201e-09	0.813355
1.34207e-09	0.813605
1.34214e-09	0.813854
1.3422e-09	0.814104
1.34227e-09	0.814354
1.34233e-09	0.814603
1.34239e-09	0.814852
1.34246e-09	0.815101
1.34252e-09	0.81535
1.34259e-09	0.815599
1.34265e-09	0.815848
1.34271e-09	0.816096
1.34278e-09	0.816345
1.34284e-09	0.816593
1.34291e-09	0.816841
1.34297e-09	0.817089
1.34303e-09	0.817337
1.3431e-09	0.817584
1.34316e-09	0.817832
1.34323e-09	0.818079
1.34329e-09	0.818327
1.34335e-09	0.818574
1.34342e-09	0.818821
1.34348e-09	0.819068
1.34355e-09	0.819314
1.34361e-09	0.819561
1.34367e-09	0.819808
1.34374e-09	0.820054
1.3438e-09	0.8203
1.34387e-09	0.820546
1.34393e-09	0.820792
1.34399e-09	0.821038
1.34406e-09	0.821283
1.34412e-09	0.821529
1.34419e-09	0.821774
1.34425e-09	0.822019
1.34431e-09	0.822264
1.34438e-09	0.822509
1.34444e-09	0.822754
1.34451e-09	0.822999
1.34457e-09	0.823243
1.34463e-09	0.823487
1.3447e-09	0.823732
1.34476e-09	0.823976
1.34483e-09	0.82422
1.34489e-09	0.824463
1.34495e-09	0.824707
1.34502e-09	0.824951
1.34508e-09	0.825194
1.34515e-09	0.825437
1.34521e-09	0.82568
1.34527e-09	0.825923
1.34534e-09	0.826166
1.3454e-09	0.826409
1.34547e-09	0.826651
1.34553e-09	0.826894
1.34559e-09	0.827136
1.34566e-09	0.827378
1.34572e-09	0.82762
1.34579e-09	0.827862
1.34585e-09	0.828103
1.34591e-09	0.828345
1.34598e-09	0.828586
1.34604e-09	0.828827
1.34611e-09	0.829068
1.34617e-09	0.829309
1.34623e-09	0.82955
1.3463e-09	0.829791
1.34636e-09	0.830031
1.34643e-09	0.830272
1.34649e-09	0.830512
1.34655e-09	0.830752
1.34662e-09	0.830992
1.34668e-09	0.831232
1.34675e-09	0.831472
1.34681e-09	0.831711
1.34687e-09	0.83195
1.34694e-09	0.83219
1.347e-09	0.832429
1.34707e-09	0.832668
1.34713e-09	0.832906
1.34719e-09	0.833145
1.34726e-09	0.833384
1.34732e-09	0.833622
1.34739e-09	0.83386
1.34745e-09	0.834098
1.34751e-09	0.834336
1.34758e-09	0.834574
1.34764e-09	0.834812
1.34771e-09	0.835049
1.34777e-09	0.835287
1.34783e-09	0.835524
1.3479e-09	0.835761
1.34796e-09	0.835998
1.34803e-09	0.836235
1.34809e-09	0.836471
1.34815e-09	0.836708
1.34822e-09	0.836944
1.34828e-09	0.83718
1.34835e-09	0.837416
1.34841e-09	0.837652
1.34847e-09	0.837888
1.34854e-09	0.838124
1.3486e-09	0.838359
1.34867e-09	0.838594
1.34873e-09	0.83883
1.34879e-09	0.839065
1.34886e-09	0.8393
1.34892e-09	0.839534
1.34899e-09	0.839769
1.34905e-09	0.840003
1.34911e-09	0.840238
1.34918e-09	0.840472
1.34924e-09	0.840706
1.34931e-09	0.84094
1.34937e-09	0.841173
1.34943e-09	0.841407
1.3495e-09	0.841641
1.34956e-09	0.841874
1.34963e-09	0.842107
1.34969e-09	0.84234
1.34975e-09	0.842573
1.34982e-09	0.842806
1.34988e-09	0.843038
1.34995e-09	0.84327
1.35001e-09	0.843503
1.35007e-09	0.843735
1.35014e-09	0.843967
1.3502e-09	0.844199
1.35027e-09	0.84443
1.35033e-09	0.844662
1.35039e-09	0.844893
1.35046e-09	0.845124
1.35052e-09	0.845356
1.35059e-09	0.845586
1.35065e-09	0.845817
1.35071e-09	0.846048
1.35078e-09	0.846278
1.35084e-09	0.846509
1.35091e-09	0.846739
1.35097e-09	0.846969
1.35103e-09	0.847199
1.3511e-09	0.847429
1.35116e-09	0.847658
1.35123e-09	0.847888
1.35129e-09	0.848117
1.35135e-09	0.848346
1.35142e-09	0.848575
1.35148e-09	0.848804
1.35155e-09	0.849033
1.35161e-09	0.849261
1.35167e-09	0.84949
1.35174e-09	0.849718
1.3518e-09	0.849946
1.35187e-09	0.850174
1.35193e-09	0.850402
1.35199e-09	0.85063
1.35206e-09	0.850857
1.35212e-09	0.851084
1.35219e-09	0.851312
1.35225e-09	0.851539
1.35231e-09	0.851766
1.35238e-09	0.851992
1.35244e-09	0.852219
1.35251e-09	0.852445
1.35257e-09	0.852672
1.35263e-09	0.852898
1.3527e-09	0.853124
1.35276e-09	0.85335
1.35283e-09	0.853576
1.35289e-09	0.853801
1.35295e-09	0.854027
1.35302e-09	0.854252
1.35308e-09	0.854477
1.35315e-09	0.854702
1.35321e-09	0.854927
1.35327e-09	0.855151
1.35334e-09	0.855376
1.3534e-09	0.8556
1.35347e-09	0.855825
1.35353e-09	0.856049
1.35359e-09	0.856272
1.35366e-09	0.856496
1.35372e-09	0.85672
1.35379e-09	0.856943
1.35385e-09	0.857167
1.35392e-09	0.85739
1.35398e-09	0.857613
1.35404e-09	0.857836
1.35411e-09	0.858058
1.35417e-09	0.858281
1.35424e-09	0.858503
1.3543e-09	0.858726
1.35436e-09	0.858948
1.35443e-09	0.85917
1.35449e-09	0.859391
1.35456e-09	0.859613
1.35462e-09	0.859834
1.35468e-09	0.860056
1.35475e-09	0.860277
1.35481e-09	0.860498
1.35488e-09	0.860719
1.35494e-09	0.86094
1.355e-09	0.86116
1.35507e-09	0.861381
1.35513e-09	0.861601
1.3552e-09	0.861821
1.35526e-09	0.862041
1.35532e-09	0.862261
1.35539e-09	0.86248
1.35545e-09	0.8627
1.35552e-09	0.862919
1.35558e-09	0.863138
1.35564e-09	0.863358
1.35571e-09	0.863576
1.35577e-09	0.863795
1.35584e-09	0.864014
1.3559e-09	0.864232
1.35596e-09	0.86445
1.35603e-09	0.864669
1.35609e-09	0.864887
1.35616e-09	0.865104
1.35622e-09	0.865322
1.35628e-09	0.865539
1.35635e-09	0.865757
1.35641e-09	0.865974
1.35648e-09	0.866191
1.35654e-09	0.866408
1.3566e-09	0.866625
1.35667e-09	0.866841
1.35673e-09	0.867058
1.3568e-09	0.867274
1.35686e-09	0.86749
1.35692e-09	0.867706
1.35699e-09	0.867922
1.35705e-09	0.868137
1.35712e-09	0.868353
1.35718e-09	0.868568
1.35724e-09	0.868784
1.35731e-09	0.868999
1.35737e-09	0.869213
1.35744e-09	0.869428
1.3575e-09	0.869643
1.35756e-09	0.869857
1.35763e-09	0.870071
1.35769e-09	0.870285
1.35776e-09	0.870499
1.35782e-09	0.870713
1.35788e-09	0.870927
1.35795e-09	0.87114
1.35801e-09	0.871354
1.35808e-09	0.871567
1.35814e-09	0.87178
1.3582e-09	0.871993
1.35827e-09	0.872205
1.35833e-09	0.872418
1.3584e-09	0.87263
1.35846e-09	0.872842
1.35852e-09	0.873055
1.35859e-09	0.873266
1.35865e-09	0.873478
1.35872e-09	0.87369
1.35878e-09	0.873901
1.35884e-09	0.874113
1.35891e-09	0.874324
1.35897e-09	0.874535
1.35904e-09	0.874745
1.3591e-09	0.874956
1.35916e-09	0.875167
1.35923e-09	0.875377
1.35929e-09	0.875587
1.35936e-09	0.875797
1.35942e-09	0.876007
1.35948e-09	0.876217
1.35955e-09	0.876426
1.35961e-09	0.876636
1.35968e-09	0.876845
1.35974e-09	0.877054
1.3598e-09	0.877263
1.35987e-09	0.877472
1.35993e-09	0.87768
1.36e-09	0.877889
1.36006e-09	0.878097
1.36012e-09	0.878305
1.36019e-09	0.878513
1.36025e-09	0.878721
1.36032e-09	0.878929
1.36038e-09	0.879136
1.36044e-09	0.879344
1.36051e-09	0.879551
1.36057e-09	0.879758
1.36064e-09	0.879965
1.3607e-09	0.880171
1.36076e-09	0.880378
1.36083e-09	0.880584
1.36089e-09	0.880791
1.36096e-09	0.880997
1.36102e-09	0.881203
1.36108e-09	0.881408
1.36115e-09	0.881614
1.36121e-09	0.881819
1.36128e-09	0.882025
1.36134e-09	0.88223
1.3614e-09	0.882435
1.36147e-09	0.88264
1.36153e-09	0.882844
1.3616e-09	0.883049
1.36166e-09	0.883253
1.36172e-09	0.883457
1.36179e-09	0.883661
1.36185e-09	0.883865
1.36192e-09	0.884069
1.36198e-09	0.884272
1.36204e-09	0.884476
1.36211e-09	0.884679
1.36217e-09	0.884882
1.36224e-09	0.885085
1.3623e-09	0.885287
1.36236e-09	0.88549
1.36243e-09	0.885692
1.36249e-09	0.885895
1.36256e-09	0.886097
1.36262e-09	0.886299
1.36268e-09	0.8865
1.36275e-09	0.886702
1.36281e-09	0.886903
1.36288e-09	0.887105
1.36294e-09	0.887306
1.363e-09	0.887507
1.36307e-09	0.887708
1.36313e-09	0.887908
1.3632e-09	0.888109
1.36326e-09	0.888309
1.36332e-09	0.888509
1.36339e-09	0.888709
1.36345e-09	0.888909
1.36352e-09	0.889109
1.36358e-09	0.889308
1.36364e-09	0.889507
1.36371e-09	0.889707
1.36377e-09	0.889906
1.36384e-09	0.890104
1.3639e-09	0.890303
1.36396e-09	0.890502
1.36403e-09	0.8907
1.36409e-09	0.890898
1.36416e-09	0.891096
1.36422e-09	0.891294
1.36428e-09	0.891492
1.36435e-09	0.891689
1.36441e-09	0.891887
1.36448e-09	0.892084
1.36454e-09	0.892281
1.3646e-09	0.892478
1.36467e-09	0.892675
1.36473e-09	0.892871
1.3648e-09	0.893068
1.36486e-09	0.893264
1.36492e-09	0.89346
1.36499e-09	0.893656
1.36505e-09	0.893852
1.36512e-09	0.894047
1.36518e-09	0.894243
1.36524e-09	0.894438
1.36531e-09	0.894633
1.36537e-09	0.894828
1.36544e-09	0.895023
1.3655e-09	0.895218
1.36556e-09	0.895412
1.36563e-09	0.895606
1.36569e-09	0.8958
1.36576e-09	0.895994
1.36582e-09	0.896188
1.36588e-09	0.896382
1.36595e-09	0.896575
1.36601e-09	0.896769
1.36608e-09	0.896962
1.36614e-09	0.897155
1.3662e-09	0.897348
1.36627e-09	0.89754
1.36633e-09	0.897733
1.3664e-09	0.897925
1.36646e-09	0.898117
1.36652e-09	0.898309
1.36659e-09	0.898501
1.36665e-09	0.898693
1.36672e-09	0.898884
1.36678e-09	0.899076
1.36684e-09	0.899267
1.36691e-09	0.899458
1.36697e-09	0.899649
1.36704e-09	0.899839
1.3671e-09	0.90003
1.36716e-09	0.90022
1.36723e-09	0.90041
1.36729e-09	0.9006
1.36736e-09	0.90079
1.36742e-09	0.90098
1.36748e-09	0.901169
1.36755e-09	0.901359
1.36761e-09	0.901548
1.36768e-09	0.901737
1.36774e-09	0.901926
1.3678e-09	0.902115
1.36787e-09	0.902303
1.36793e-09	0.902491
1.368e-09	0.90268
1.36806e-09	0.902868
1.36812e-09	0.903055
1.36819e-09	0.903243
1.36825e-09	0.903431
1.36832e-09	0.903618
1.36838e-09	0.903805
1.36844e-09	0.903992
1.36851e-09	0.904179
1.36857e-09	0.904366
1.36864e-09	0.904552
1.3687e-09	0.904739
1.36876e-09	0.904925
1.36883e-09	0.905111
1.36889e-09	0.905297
1.36896e-09	0.905483
1.36902e-09	0.905668
1.36908e-09	0.905853
1.36915e-09	0.906039
1.36921e-09	0.906224
1.36928e-09	0.906409
1.36934e-09	0.906593
1.3694e-09	0.906778
1.36947e-09	0.906962
1.36953e-09	0.907146
1.3696e-09	0.90733
1.36966e-09	0.907514
1.36972e-09	0.907698
1.36979e-09	0.907881
1.36985e-09	0.908065
1.36992e-09	0.908248
1.36998e-09	0.908431
1.37004e-09	0.908614
1.37011e-09	0.908796
1.37017e-09	0.908979
1.37024e-09	0.909161
1.3703e-09	0.909344
1.37036e-09	0.909526
1.37043e-09	0.909707
1.37049e-09	0.909889
1.37056e-09	0.910071
1.37062e-09	0.910252
1.37068e-09	0.910433
1.37075e-09	0.910614
1.37081e-09	0.910795
1.37088e-09	0.910976
1.37094e-09	0.911156
1.371e-09	0.911336
1.37107e-09	0.911517
1.37113e-09	0.911697
1.3712e-09	0.911876
1.37126e-09	0.912056
1.37133e-09	0.912236
1.37139e-09	0.912415
1.37145e-09	0.912594
1.37152e-09	0.912773
1.37158e-09	0.912952
1.37165e-09	0.91313
1.37171e-09	0.913309
1.37177e-09	0.913487
1.37184e-09	0.913665
1.3719e-09	0.913843
1.37197e-09	0.914021
1.37203e-09	0.914199
1.37209e-09	0.914376
1.37216e-09	0.914553
1.37222e-09	0.91473
1.37229e-09	0.914907
1.37235e-09	0.915084
1.37241e-09	0.915261
1.37248e-09	0.915437
1.37254e-09	0.915614
1.37261e-09	0.91579
1.37267e-09	0.915965
1.37273e-09	0.916141
1.3728e-09	0.916317
1.37286e-09	0.916492
1.37293e-09	0.916667
1.37299e-09	0.916843
1.37305e-09	0.917017
1.37312e-09	0.917192
1.37318e-09	0.917367
1.37325e-09	0.917541
1.37331e-09	0.917715
1.37337e-09	0.917889
1.37344e-09	0.918063
1.3735e-09	0.918237
1.37357e-09	0.91841
1.37363e-09	0.918584
1.37369e-09	0.918757
1.37376e-09	0.91893
1.37382e-09	0.919103
1.37389e-09	0.919276
1.37395e-09	0.919448
1.37401e-09	0.91962
1.37408e-09	0.919793
1.37414e-09	0.919965
1.37421e-09	0.920136
1.37427e-09	0.920308
1.37433e-09	0.920479
1.3744e-09	0.920651
1.37446e-09	0.920822
1.37453e-09	0.920993
1.37459e-09	0.921164
1.37465e-09	0.921334
1.37472e-09	0.921505
1.37478e-09	0.921675
1.37485e-09	0.921845
1.37491e-09	0.922015
1.37497e-09	0.922185
1.37504e-09	0.922354
1.3751e-09	0.922524
1.37517e-09	0.922693
1.37523e-09	0.922862
1.37529e-09	0.923031
1.37536e-09	0.9232
1.37542e-09	0.923368
1.37549e-09	0.923537
1.37555e-09	0.923705
1.37561e-09	0.923873
1.37568e-09	0.924041
1.37574e-09	0.924208
1.37581e-09	0.924376
1.37587e-09	0.924543
1.37593e-09	0.92471
1.376e-09	0.924877
1.37606e-09	0.925044
1.37613e-09	0.925211
1.37619e-09	0.925377
1.37625e-09	0.925544
1.37632e-09	0.92571
1.37638e-09	0.925876
1.37645e-09	0.926041
1.37651e-09	0.926207
1.37657e-09	0.926372
1.37664e-09	0.926538
1.3767e-09	0.926703
1.37677e-09	0.926868
1.37683e-09	0.927032
1.37689e-09	0.927197
1.37696e-09	0.927361
1.37702e-09	0.927526
1.37709e-09	0.92769
1.37715e-09	0.927853
1.37721e-09	0.928017
1.37728e-09	0.928181
1.37734e-09	0.928344
1.37741e-09	0.928507
1.37747e-09	0.92867
1.37753e-09	0.928833
1.3776e-09	0.928996
1.37766e-09	0.929158
1.37773e-09	0.92932
1.37779e-09	0.929483
1.37785e-09	0.929644
1.37792e-09	0.929806
1.37798e-09	0.929968
1.37805e-09	0.930129
1.37811e-09	0.93029
1.37817e-09	0.930452
1.37824e-09	0.930612
1.3783e-09	0.930773
1.37837e-09	0.930934
1.37843e-09	0.931094
1.37849e-09	0.931254
1.37856e-09	0.931414
1.37862e-09	0.931574
1.37869e-09	0.931734
1.37875e-09	0.931893
1.37881e-09	0.932053
1.37888e-09	0.932212
1.37894e-09	0.932371
1.37901e-09	0.93253
1.37907e-09	0.932688
1.37913e-09	0.932847
1.3792e-09	0.933005
1.37926e-09	0.933163
1.37933e-09	0.933321
1.37939e-09	0.933479
1.37945e-09	0.933636
1.37952e-09	0.933794
1.37958e-09	0.933951
1.37965e-09	0.934108
1.37971e-09	0.934265
1.37977e-09	0.934421
1.37984e-09	0.934578
1.3799e-09	0.934734
1.37997e-09	0.93489
1.38003e-09	0.935046
1.38009e-09	0.935202
1.38016e-09	0.935358
1.38022e-09	0.935513
1.38029e-09	0.935668
1.38035e-09	0.935824
1.38041e-09	0.935978
1.38048e-09	0.936133
1.38054e-09	0.936288
1.38061e-09	0.936442
1.38067e-09	0.936596
1.38073e-09	0.93675
1.3808e-09	0.936904
1.38086e-09	0.937058
1.38093e-09	0.937211
1.38099e-09	0.937365
1.38105e-09	0.937518
1.38112e-09	0.937671
1.38118e-09	0.937824
1.38125e-09	0.937976
1.38131e-09	0.938129
1.38137e-09	0.938281
1.38144e-09	0.938433
1.3815e-09	0.938585
1.38157e-09	0.938737
1.38163e-09	0.938888
1.38169e-09	0.93904
1.38176e-09	0.939191
1.38182e-09	0.939342
1.38189e-09	0.939493
1.38195e-09	0.939643
1.38201e-09	0.939794
1.38208e-09	0.939944
1.38214e-09	0.940094
1.38221e-09	0.940244
1.38227e-09	0.940394
1.38233e-09	0.940543
1.3824e-09	0.940693
1.38246e-09	0.940842
1.38253e-09	0.940991
1.38259e-09	0.94114
1.38265e-09	0.941289
1.38272e-09	0.941437
1.38278e-09	0.941586
1.38285e-09	0.941734
1.38291e-09	0.941882
1.38297e-09	0.94203
1.38304e-09	0.942177
1.3831e-09	0.942325
1.38317e-09	0.942472
1.38323e-09	0.942619
1.38329e-09	0.942766
1.38336e-09	0.942913
1.38342e-09	0.943059
1.38349e-09	0.943206
1.38355e-09	0.943352
1.38361e-09	0.943498
1.38368e-09	0.943644
1.38374e-09	0.943789
1.38381e-09	0.943935
1.38387e-09	0.94408
1.38393e-09	0.944225
1.384e-09	0.94437
1.38406e-09	0.944515
1.38413e-09	0.944659
1.38419e-09	0.944804
1.38425e-09	0.944948
1.38432e-09	0.945092
1.38438e-09	0.945236
1.38445e-09	0.94538
1.38451e-09	0.945523
1.38457e-09	0.945666
1.38464e-09	0.94581
1.3847e-09	0.945953
1.38477e-09	0.946095
1.38483e-09	0.946238
1.38489e-09	0.94638
1.38496e-09	0.946523
1.38502e-09	0.946665
1.38509e-09	0.946807
1.38515e-09	0.946948
1.38521e-09	0.94709
1.38528e-09	0.947231
1.38534e-09	0.947372
1.38541e-09	0.947513
1.38547e-09	0.947654
1.38553e-09	0.947795
1.3856e-09	0.947935
1.38566e-09	0.948075
1.38573e-09	0.948215
1.38579e-09	0.948355
1.38585e-09	0.948495
1.38592e-09	0.948635
1.38598e-09	0.948774
1.38605e-09	0.948913
1.38611e-09	0.949052
1.38617e-09	0.949191
1.38624e-09	0.94933
1.3863e-09	0.949468
1.38637e-09	0.949606
1.38643e-09	0.949744
1.38649e-09	0.949882
1.38656e-09	0.95002
1.38662e-09	0.950158
1.38669e-09	0.950295
1.38675e-09	0.950432
1.38681e-09	0.950569
1.38688e-09	0.950706
1.38694e-09	0.950842
1.38701e-09	0.950979
1.38707e-09	0.951115
1.38713e-09	0.951251
1.3872e-09	0.951387
1.38726e-09	0.951523
1.38733e-09	0.951658
1.38739e-09	0.951794
1.38745e-09	0.951929
1.38752e-09	0.952064
1.38758e-09	0.952199
1.38765e-09	0.952333
1.38771e-09	0.952468
1.38777e-09	0.952602
1.38784e-09	0.952736
1.3879e-09	0.95287
1.38797e-09	0.953004
1.38803e-09	0.953137
1.38809e-09	0.953271
1.38816e-09	0.953404
1.38822e-09	0.953537
1.38829e-09	0.95367
1.38835e-09	0.953802
1.38841e-09	0.953935
1.38848e-09	0.954067
1.38854e-09	0.954199
1.38861e-09	0.954331
1.38867e-09	0.954463
1.38874e-09	0.954594
1.3888e-09	0.954726
1.38886e-09	0.954857
1.38893e-09	0.954988
1.38899e-09	0.955119
1.38906e-09	0.955249
1.38912e-09	0.95538
1.38918e-09	0.95551
1.38925e-09	0.95564
1.38931e-09	0.95577
1.38938e-09	0.9559
1.38944e-09	0.956029
1.3895e-09	0.956158
1.38957e-09	0.956288
1.38963e-09	0.956417
1.3897e-09	0.956545
1.38976e-09	0.956674
1.38982e-09	0.956802
1.38989e-09	0.956931
1.38995e-09	0.957059
1.39002e-09	0.957187
1.39008e-09	0.957314
1.39014e-09	0.957442
1.39021e-09	0.957569
1.39027e-09	0.957696
1.39034e-09	0.957823
1.3904e-09	0.95795
1.39046e-09	0.958076
1.39053e-09	0.958203
1.39059e-09	0.958329
1.39066e-09	0.958455
1.39072e-09	0.958581
1.39078e-09	0.958707
1.39085e-09	0.958832
1.39091e-09	0.958957
1.39098e-09	0.959082
1.39104e-09	0.959207
1.3911e-09	0.959332
1.39117e-09	0.959457
1.39123e-09	0.959581
1.3913e-09	0.959705
1.39136e-09	0.959829
1.39142e-09	0.959953
1.39149e-09	0.960077
1.39155e-09	0.9602
1.39162e-09	0.960323
1.39168e-09	0.960447
1.39174e-09	0.960569
1.39181e-09	0.960692
1.39187e-09	0.960815
1.39194e-09	0.960937
1.392e-09	0.961059
1.39206e-09	0.961181
1.39213e-09	0.961303
1.39219e-09	0.961424
1.39226e-09	0.961546
1.39232e-09	0.961667
1.39238e-09	0.961788
1.39245e-09	0.961909
1.39251e-09	0.96203
1.39258e-09	0.96215
1.39264e-09	0.96227
1.3927e-09	0.962391
1.39277e-09	0.962511
1.39283e-09	0.96263
1.3929e-09	0.96275
1.39296e-09	0.962869
1.39302e-09	0.962988
1.39309e-09	0.963107
1.39315e-09	0.963226
1.39322e-09	0.963345
1.39328e-09	0.963463
1.39334e-09	0.963582
1.39341e-09	0.9637
1.39347e-09	0.963818
1.39354e-09	0.963935
1.3936e-09	0.964053
1.39366e-09	0.96417
1.39373e-09	0.964287
1.39379e-09	0.964404
1.39386e-09	0.964521
1.39392e-09	0.964638
1.39398e-09	0.964754
1.39405e-09	0.96487
1.39411e-09	0.964986
1.39418e-09	0.965102
1.39424e-09	0.965218
1.3943e-09	0.965333
1.39437e-09	0.965448
1.39443e-09	0.965564
1.3945e-09	0.965679
1.39456e-09	0.965793
1.39462e-09	0.965908
1.39469e-09	0.966022
1.39475e-09	0.966136
1.39482e-09	0.96625
1.39488e-09	0.966364
1.39494e-09	0.966478
1.39501e-09	0.966591
1.39507e-09	0.966704
1.39514e-09	0.966817
1.3952e-09	0.96693
1.39526e-09	0.967043
1.39533e-09	0.967155
1.39539e-09	0.967268
1.39546e-09	0.96738
1.39552e-09	0.967492
1.39558e-09	0.967604
1.39565e-09	0.967715
1.39571e-09	0.967826
1.39578e-09	0.967938
1.39584e-09	0.968049
1.3959e-09	0.968159
1.39597e-09	0.96827
1.39603e-09	0.96838
1.3961e-09	0.968491
1.39616e-09	0.968601
1.39622e-09	0.968711
1.39629e-09	0.96882
1.39635e-09	0.96893
1.39642e-09	0.969039
1.39648e-09	0.969148
1.39654e-09	0.969257
1.39661e-09	0.969366
1.39667e-09	0.969474
1.39674e-09	0.969583
1.3968e-09	0.969691
1.39686e-09	0.969799
1.39693e-09	0.969907
1.39699e-09	0.970014
1.39706e-09	0.970122
1.39712e-09	0.970229
1.39718e-09	0.970336
1.39725e-09	0.970443
1.39731e-09	0.97055
1.39738e-09	0.970656
1.39744e-09	0.970762
1.3975e-09	0.970868
1.39757e-09	0.970974
1.39763e-09	0.97108
1.3977e-09	0.971186
1.39776e-09	0.971291
1.39782e-09	0.971396
1.39789e-09	0.971501
1.39795e-09	0.971606
1.39802e-09	0.971711
1.39808e-09	0.971815
1.39814e-09	0.971919
1.39821e-09	0.972023
1.39827e-09	0.972127
1.39834e-09	0.972231
1.3984e-09	0.972334
1.39846e-09	0.972438
1.39853e-09	0.972541
1.39859e-09	0.972644
1.39866e-09	0.972746
1.39872e-09	0.972849
1.39878e-09	0.972951
1.39885e-09	0.973053
1.39891e-09	0.973155
1.39898e-09	0.973257
1.39904e-09	0.973359
1.3991e-09	0.97346
1.39917e-09	0.973561
1.39923e-09	0.973662
1.3993e-09	0.973763
1.39936e-09	0.973864
1.39942e-09	0.973964
1.39949e-09	0.974064
1.39955e-09	0.974164
1.39962e-09	0.974264
1.39968e-09	0.974364
1.39974e-09	0.974464
1.39981e-09	0.974563
1.39987e-09	0.974662
1.39994e-09	0.974761
1.4e-09	0.97486
1.40006e-09	0.974958
1.40013e-09	0.975057
1.40019e-09	0.975155
1.40026e-09	0.975253
1.40032e-09	0.975351
1.40038e-09	0.975448
1.40045e-09	0.975546
1.40051e-09	0.975643
1.40058e-09	0.97574
1.40064e-09	0.975837
1.4007e-09	0.975933
1.40077e-09	0.97603
1.40083e-09	0.976126
1.4009e-09	0.976222
1.40096e-09	0.976318
1.40102e-09	0.976414
1.40109e-09	0.976509
1.40115e-09	0.976605
1.40122e-09	0.9767
1.40128e-09	0.976795
1.40134e-09	0.97689
1.40141e-09	0.976984
1.40147e-09	0.977079
1.40154e-09	0.977173
1.4016e-09	0.977267
1.40166e-09	0.977361
1.40173e-09	0.977454
1.40179e-09	0.977548
1.40186e-09	0.977641
1.40192e-09	0.977734
1.40198e-09	0.977827
1.40205e-09	0.977919
1.40211e-09	0.978012
1.40218e-09	0.978104
1.40224e-09	0.978196
1.4023e-09	0.978288
1.40237e-09	0.97838
1.40243e-09	0.978471
1.4025e-09	0.978563
1.40256e-09	0.978654
1.40262e-09	0.978745
1.40269e-09	0.978836
1.40275e-09	0.978926
1.40282e-09	0.979017
1.40288e-09	0.979107
1.40294e-09	0.979197
1.40301e-09	0.979287
1.40307e-09	0.979376
1.40314e-09	0.979466
1.4032e-09	0.979555
1.40326e-09	0.979644
1.40333e-09	0.979733
1.40339e-09	0.979821
1.40346e-09	0.97991
1.40352e-09	0.979998
1.40358e-09	0.980086
1.40365e-09	0.980174
1.40371e-09	0.980262
1.40378e-09	0.980349
1.40384e-09	0.980437
1.4039e-09	0.980524
1.40397e-09	0.980611
1.40403e-09	0.980698
1.4041e-09	0.980784
1.40416e-09	0.98087
1.40422e-09	0.980957
1.40429e-09	0.981043
1.40435e-09	0.981128
1.40442e-09	0.981214
1.40448e-09	0.981299
1.40454e-09	0.981385
1.40461e-09	0.98147
1.40467e-09	0.981555
1.40474e-09	0.981639
1.4048e-09	0.981724
1.40486e-09	0.981808
1.40493e-09	0.981892
1.40499e-09	0.981976
1.40506e-09	0.98206
1.40512e-09	0.982143
1.40518e-09	0.982226
1.40525e-09	0.982309
1.40531e-09	0.982392
1.40538e-09	0.982475
1.40544e-09	0.982558
1.4055e-09	0.98264
1.40557e-09	0.982722
1.40563e-09	0.982804
1.4057e-09	0.982886
1.40576e-09	0.982967
1.40582e-09	0.983049
1.40589e-09	0.98313
1.40595e-09	0.983211
1.40602e-09	0.983292
1.40608e-09	0.983372
1.40615e-09	0.983453
1.40621e-09	0.983533
1.40627e-09	0.983613
1.40634e-09	0.983693
1.4064e-09	0.983773
1.40647e-09	0.983852
1.40653e-09	0.983931
1.40659e-09	0.98401
1.40666e-09	0.984089
1.40672e-09	0.984168
1.40679e-09	0.984246
1.40685e-09	0.984325
1.40691e-09	0.984403
1.40698e-09	0.984481
1.40704e-09	0.984559
1.40711e-09	0.984636
1.40717e-09	0.984713
1.40723e-09	0.984791
1.4073e-09	0.984868
1.40736e-09	0.984944
1.40743e-09	0.985021
1.40749e-09	0.985097
1.40755e-09	0.985173
1.40762e-09	0.985249
1.40768e-09	0.985325
1.40775e-09	0.985401
1.40781e-09	0.985476
1.40787e-09	0.985552
1.40794e-09	0.985627
1.408e-09	0.985701
1.40807e-09	0.985776
1.40813e-09	0.98585
1.40819e-09	0.985925
1.40826e-09	0.985999
1.40832e-09	0.986073
1.40839e-09	0.986146
1.40845e-09	0.98622
1.40851e-09	0.986293
1.40858e-09	0.986366
1.40864e-09	0.986439
1.40871e-09	0.986512
1.40877e-09	0.986584
1.40883e-09	0.986657
1.4089e-09	0.986729
1.40896e-09	0.986801
1.40903e-09	0.986872
1.40909e-09	0.986944
1.40915e-09	0.987015
1.40922e-09	0.987087
1.40928e-09	0.987158
1.40935e-09	0.987228
1.40941e-09	0.987299
1.40947e-09	0.987369
1.40954e-09	0.98744
1.4096e-09	0.987509
1.40967e-09	0.987579
1.40973e-09	0.987649
1.40979e-09	0.987718
1.40986e-09	0.987788
1.40992e-09	0.987857
1.40999e-09	0.987925
1.41005e-09	0.987994
1.41011e-09	0.988063
1.41018e-09	0.988131
1.41024e-09	0.988199
1.41031e-09	0.988267
1.41037e-09	0.988334
1.41043e-09	0.988402
1.4105e-09	0.988469
1.41056e-09	0.988536
1.41063e-09	0.988603
1.41069e-09	0.98867
1.41075e-09	0.988736
1.41082e-09	0.988803
1.41088e-09	0.988869
1.41095e-09	0.988935
1.41101e-09	0.989001
1.41107e-09	0.989066
1.41114e-09	0.989132
1.4112e-09	0.989197
1.41127e-09	0.989262
1.41133e-09	0.989326
1.41139e-09	0.989391
1.41146e-09	0.989455
1.41152e-09	0.98952
1.41159e-09	0.989584
1.41165e-09	0.989647
1.41171e-09	0.989711
1.41178e-09	0.989774
1.41184e-09	0.989838
1.41191e-09	0.989901
1.41197e-09	0.989963
1.41203e-09	0.990026
1.4121e-09	0.990088
1.41216e-09	0.990151
1.41223e-09	0.990213
1.41229e-09	0.990275
1.41235e-09	0.990336
1.41242e-09	0.990398
1.41248e-09	0.990459
1.41255e-09	0.99052
1.41261e-09	0.990581
1.41267e-09	0.990642
1.41274e-09	0.990702
1.4128e-09	0.990762
1.41287e-09	0.990823
1.41293e-09	0.990882
1.41299e-09	0.990942
1.41306e-09	0.991002
1.41312e-09	0.991061
1.41319e-09	0.99112
1.41325e-09	0.991179
1.41331e-09	0.991238
1.41338e-09	0.991296
1.41344e-09	0.991355
1.41351e-09	0.991413
1.41357e-09	0.991471
1.41363e-09	0.991529
1.4137e-09	0.991586
1.41376e-09	0.991644
1.41383e-09	0.991701
1.41389e-09	0.991758
1.41395e-09	0.991815
1.41402e-09	0.991871
1.41408e-09	0.991928
1.41415e-09	0.991984
1.41421e-09	0.99204
1.41427e-09	0.992096
1.41434e-09	0.992151
1.4144e-09	0.992207
1.41447e-09	0.992262
1.41453e-09	0.992317
1.41459e-09	0.992372
1.41466e-09	0.992426
1.41472e-09	0.992481
1.41479e-09	0.992535
1.41485e-09	0.992589
1.41491e-09	0.992643
1.41498e-09	0.992697
1.41504e-09	0.99275
1.41511e-09	0.992803
1.41517e-09	0.992857
1.41523e-09	0.992909
1.4153e-09	0.992962
1.41536e-09	0.993015
1.41543e-09	0.993067
1.41549e-09	0.993119
1.41555e-09	0.993171
1.41562e-09	0.993223
1.41568e-09	0.993274
1.41575e-09	0.993325
1.41581e-09	0.993377
1.41587e-09	0.993428
1.41594e-09	0.993478
1.416e-09	0.993529
1.41607e-09	0.993579
1.41613e-09	0.993629
1.41619e-09	0.993679
1.41626e-09	0.993729
1.41632e-09	0.993779
1.41639e-09	0.993828
1.41645e-09	0.993877
1.41651e-09	0.993926
1.41658e-09	0.993975
1.41664e-09	0.994024
1.41671e-09	0.994072
1.41677e-09	0.99412
1.41683e-09	0.994168
1.4169e-09	0.994216
1.41696e-09	0.994263
1.41703e-09	0.994311
1.41709e-09	0.994358
1.41715e-09	0.994405
1.41722e-09	0.994452
1.41728e-09	0.994499
1.41735e-09	0.994545
1.41741e-09	0.994591
1.41747e-09	0.994637
1.41754e-09	0.994683
1.4176e-09	0.994729
1.41767e-09	0.994774
1.41773e-09	0.99482
1.41779e-09	0.994865
1.41786e-09	0.994909
1.41792e-09	0.994954
1.41799e-09	0.994999
1.41805e-09	0.995043
1.41811e-09	0.995087
1.41818e-09	0.995131
1.41824e-09	0.995175
1.41831e-09	0.995218
1.41837e-09	0.995261
1.41843e-09	0.995304
1.4185e-09	0.995347
1.41856e-09	0.99539
1.41863e-09	0.995433
1.41869e-09	0.995475
1.41875e-09	0.995517
1.41882e-09	0.995559
1.41888e-09	0.995601
1.41895e-09	0.995642
1.41901e-09	0.995683
1.41907e-09	0.995725
1.41914e-09	0.995766
1.4192e-09	0.995806
1.41927e-09	0.995847
1.41933e-09	0.995887
1.41939e-09	0.995927
1.41946e-09	0.995967
1.41952e-09	0.996007
1.41959e-09	0.996047
1.41965e-09	0.996086
1.41971e-09	0.996125
1.41978e-09	0.996164
1.41984e-09	0.996203
1.41991e-09	0.996242
1.41997e-09	0.99628
1.42003e-09	0.996318
1.4201e-09	0.996356
1.42016e-09	0.996394
1.42023e-09	0.996432
1.42029e-09	0.996469
1.42035e-09	0.996506
1.42042e-09	0.996543
1.42048e-09	0.99658
1.42055e-09	0.996617
1.42061e-09	0.996653
1.42067e-09	0.996689
1.42074e-09	0.996725
1.4208e-09	0.996761
1.42087e-09	0.996797
1.42093e-09	0.996832
1.42099e-09	0.996867
1.42106e-09	0.996903
1.42112e-09	0.996937
1.42119e-09	0.996972
1.42125e-09	0.997006
1.42131e-09	0.997041
1.42138e-09	0.997075
1.42144e-09	0.997109
1.42151e-09	0.997142
1.42157e-09	0.997176
1.42163e-09	0.997209
1.4217e-09	0.997242
1.42176e-09	0.997275
1.42183e-09	0.997308
1.42189e-09	0.99734
1.42195e-09	0.997373
1.42202e-09	0.997405
1.42208e-09	0.997437
1.42215e-09	0.997468
1.42221e-09	0.9975
1.42227e-09	0.997531
1.42234e-09	0.997562
1.4224e-09	0.997593
1.42247e-09	0.997624
1.42253e-09	0.997654
1.42259e-09	0.997685
1.42266e-09	0.997715
1.42272e-09	0.997745
1.42279e-09	0.997774
1.42285e-09	0.997804
1.42291e-09	0.997833
1.42298e-09	0.997862
1.42304e-09	0.997891
1.42311e-09	0.99792
1.42317e-09	0.997949
1.42323e-09	0.997977
1.4233e-09	0.998005
1.42336e-09	0.998033
1.42343e-09	0.998061
1.42349e-09	0.998089
1.42355e-09	0.998116
1.42362e-09	0.998143
1.42368e-09	0.99817
1.42375e-09	0.998197
1.42381e-09	0.998223
1.42388e-09	0.99825
1.42394e-09	0.998276
1.424e-09	0.998302
1.42407e-09	0.998328
1.42413e-09	0.998353
1.4242e-09	0.998379
1.42426e-09	0.998404
1.42432e-09	0.998429
1.42439e-09	0.998454
1.42445e-09	0.998478
1.42452e-09	0.998503
1.42458e-09	0.998527
1.42464e-09	0.998551
1.42471e-09	0.998575
1.42477e-09	0.998598
1.42484e-09	0.998622
1.4249e-09	0.998645
1.42496e-09	0.998668
1.42503e-09	0.998691
1.42509e-09	0.998714
1.42516e-09	0.998736
1.42522e-09	0.998758
1.42528e-09	0.99878
1.42535e-09	0.998802
1.42541e-09	0.998824
1.42548e-09	0.998845
1.42554e-09	0.998867
1.4256e-09	0.998888
1.42567e-09	0.998909
1.42573e-09	0.998929
1.4258e-09	0.99895
1.42586e-09	0.99897
1.42592e-09	0.99899
1.42599e-09	0.99901
1.42605e-09	0.99903
1.42612e-09	0.999049
1.42618e-09	0.999068
1.42624e-09	0.999087
1.42631e-09	0.999106
1.42637e-09	0.999125
1.42644e-09	0.999143
1.4265e-09	0.999162
1.42656e-09	0.99918
1.42663e-09	0.999198
1.42669e-09	0.999215
1.42676e-09	0.999233
1.42682e-09	0.99925
1.42688e-09	0.999267
1.42695e-09	0.999284
1.42701e-09	0.999301
1.42708e-09	0.999318
1.42714e-09	0.999334
1.4272e-09	0.99935
1.42727e-09	0.999366
1.42733e-09	0.999382
1.4274e-09	0.999397
1.42746e-09	0.999413
1.42752e-09	0.999428
1.42759e-09	0.999443
1.42765e-09	0.999457
1.42772e-09	0.999472
1.42778e-09	0.999486
1.42784e-09	0.9995
1.42791e-09	0.999514
1.42797e-09	0.999528
1.42804e-09	0.999542
1.4281e-09	0.999555
1.42816e-09	0.999568
1.42823e-09	0.999581
1.42829e-09	0.999594
1.42836e-09	0.999606
1.42842e-09	0.999619
1.42848e-09	0.999631
1.42855e-09	0.999643
1.42861e-09	0.999655
1.42868e-09	0.999666
1.42874e-09	0.999678
1.4288e-09	0.999689
1.42887e-09	0.9997
1.42893e-09	0.999711
1.429e-09	0.999721
1.42906e-09	0.999732
1.42912e-09	0.999742
1.42919e-09	0.999752
1.42925e-09	0.999762
1.42932e-09	0.999771
1.42938e-09	0.999781
1.42944e-09	0.99979
1.42951e-09	0.999799
1.42957e-09	0.999808
1.42964e-09	0.999816
1.4297e-09	0.999825
1.42976e-09	0.999833
1.42983e-09	0.999841
1.42989e-09	0.999849
1.42996e-09	0.999857
1.43002e-09	0.999864
1.43008e-09	0.999871
1.43015e-09	0.999878
1.43021e-09	0.999885
1.43028e-09	0.999892
1.43034e-09	0.999898
1.4304e-09	0.999904
1.43047e-09	0.99991
1.43053e-09	0.999916
1.4306e-09	0.999922
1.43066e-09	0.999927
1.43072e-09	0.999933
1.43079e-09	0.999938
1.43085e-09	0.999943
1.43092e-09	0.999947
1.43098e-09	0.999952
1.43104e-09	0.999956
1.43111e-09	0.99996
1.43117e-09	0.999964
1.43124e-09	0.999968
1.4313e-09	0.999971
1.43136e-09	0.999974
1.43143e-09	0.999977
1.43149e-09	0.99998
1.43156e-09	0.999983
1.43162e-09	0.999986
1.43168e-09	0.999988
1.43175e-09	0.99999
1.43181e-09	0.999992
1.43188e-09	0.999994
1.43194e-09	0.999995
1.432e-09	0.999996
1.43207e-09	0.999997
1.43213e-09	0.999998
1.4322e-09	0.999999
1.43226e-09	1
1.43232e-09	1
1.43239e-09	1
1.43245e-09	1
1.43252e-09	1
1.43258e-09	0.999999
1.43264e-09	0.999999
1.43271e-09	0.999998
1.43277e-09	0.999997
1.43284e-09	0.999995
1.4329e-09	0.999994
1.43296e-09	0.999992
1.43303e-09	0.99999
1.43309e-09	0.999988
1.43316e-09	0.999986
1.43322e-09	0.999984
1.43328e-09	0.999981
1.43335e-09	0.999978
1.43341e-09	0.999975
1.43348e-09	0.999972
1.43354e-09	0.999968
1.4336e-09	0.999965
1.43367e-09	0.999961
1.43373e-09	0.999957
1.4338e-09	0.999953
1.43386e-09	0.999948
1.43392e-09	0.999944
1.43399e-09	0.999939
1.43405e-09	0.999934
1.43412e-09	0.999928
1.43418e-09	0.999923
1.43424e-09	0.999917
1.43431e-09	0.999912
1.43437e-09	0.999906
1.43444e-09	0.999899
1.4345e-09	0.999893
1.43456e-09	0.999886
1.43463e-09	0.99988
1.43469e-09	0.999873
1.43476e-09	0.999865
1.43482e-09	0.999858
1.43488e-09	0.99985
1.43495e-09	0.999843
1.43501e-09	0.999835
1.43508e-09	0.999826
1.43514e-09	0.999818
1.4352e-09	0.99981
1.43527e-09	0.999801
1.43533e-09	0.999792
1.4354e-09	0.999783
1.43546e-09	0.999773
1.43552e-09	0.999764
1.43559e-09	0.999754
1.43565e-09	0.999744
1.43572e-09	0.999734
1.43578e-09	0.999723
1.43584e-09	0.999713
1.43591e-09	0.999702
1.43597e-09	0.999691
1.43604e-09	0.99968
1.4361e-09	0.999669
1.43616e-09	0.999657
1.43623e-09	0.999645
1.43629e-09	0.999633
1.43636e-09	0.999621
1.43642e-09	0.999609
1.43648e-09	0.999596
1.43655e-09	0.999584
1.43661e-09	0.999571
1.43668e-09	0.999558
1.43674e-09	0.999544
1.4368e-09	0.999531
1.43687e-09	0.999517
1.43693e-09	0.999503
1.437e-09	0.999489
1.43706e-09	0.999475
1.43712e-09	0.99946
1.43719e-09	0.999446
1.43725e-09	0.999431
1.43732e-09	0.999416
1.43738e-09	0.9994
1.43744e-09	0.999385
1.43751e-09	0.999369
1.43757e-09	0.999353
1.43764e-09	0.999337
1.4377e-09	0.999321
1.43776e-09	0.999304
1.43783e-09	0.999288
1.43789e-09	0.999271
1.43796e-09	0.999254
1.43802e-09	0.999236
1.43808e-09	0.999219
1.43815e-09	0.999201
1.43821e-09	0.999183
1.43828e-09	0.999165
1.43834e-09	0.999147
1.4384e-09	0.999129
1.43847e-09	0.99911
1.43853e-09	0.999091
1.4386e-09	0.999072
1.43866e-09	0.999053
1.43872e-09	0.999034
1.43879e-09	0.999014
1.43885e-09	0.998994
1.43892e-09	0.998974
1.43898e-09	0.998954
1.43904e-09	0.998933
1.43911e-09	0.998913
1.43917e-09	0.998892
1.43924e-09	0.998871
1.4393e-09	0.99885
1.43936e-09	0.998828
1.43943e-09	0.998807
1.43949e-09	0.998785
1.43956e-09	0.998763
1.43962e-09	0.998741
1.43968e-09	0.998718
1.43975e-09	0.998696
1.43981e-09	0.998673
1.43988e-09	0.99865
1.43994e-09	0.998627
1.44e-09	0.998603
1.44007e-09	0.99858
1.44013e-09	0.998556
1.4402e-09	0.998532
1.44026e-09	0.998508
1.44032e-09	0.998483
1.44039e-09	0.998459
1.44045e-09	0.998434
1.44052e-09	0.998409
1.44058e-09	0.998384
1.44064e-09	0.998358
1.44071e-09	0.998333
1.44077e-09	0.998307
1.44084e-09	0.998281
1.4409e-09	0.998255
1.44096e-09	0.998229
1.44103e-09	0.998202
1.44109e-09	0.998175
1.44116e-09	0.998149
1.44122e-09	0.998121
1.44129e-09	0.998094
1.44135e-09	0.998067
1.44141e-09	0.998039
1.44148e-09	0.998011
1.44154e-09	0.997983
1.44161e-09	0.997954
1.44167e-09	0.997926
1.44173e-09	0.997897
1.4418e-09	0.997868
1.44186e-09	0.997839
1.44193e-09	0.99781
1.44199e-09	0.99778
1.44205e-09	0.997751
1.44212e-09	0.997721
1.44218e-09	0.997691
1.44225e-09	0.99766
1.44231e-09	0.99763
1.44237e-09	0.997599
1.44244e-09	0.997568
1.4425e-09	0.997537
1.44257e-09	0.997506
1.44263e-09	0.997475
1.44269e-09	0.997443
1.44276e-09	0.997411
1.44282e-09	0.997379
1.44289e-09	0.997347
1.44295e-09	0.997314
1.44301e-09	0.997282
1.44308e-09	0.997249
1.44314e-09	0.997216
1.44321e-09	0.997183
1.44327e-09	0.997149
1.44333e-09	0.997115
1.4434e-09	0.997082
1.44346e-09	0.997048
1.44353e-09	0.997013
1.44359e-09	0.996979
1.44365e-09	0.996944
1.44372e-09	0.99691
1.44378e-09	0.996875
1.44385e-09	0.996839
1.44391e-09	0.996804
1.44397e-09	0.996768
1.44404e-09	0.996733
1.4441e-09	0.996697
1.44417e-09	0.99666
1.44423e-09	0.996624
1.44429e-09	0.996587
1.44436e-09	0.996551
1.44442e-09	0.996514
1.44449e-09	0.996477
1.44455e-09	0.996439
1.44461e-09	0.996402
1.44468e-09	0.996364
1.44474e-09	0.996326
1.44481e-09	0.996288
1.44487e-09	0.996249
1.44493e-09	0.996211
1.445e-09	0.996172
1.44506e-09	0.996133
1.44513e-09	0.996094
1.44519e-09	0.996055
1.44525e-09	0.996015
1.44532e-09	0.995975
1.44538e-09	0.995935
1.44545e-09	0.995895
1.44551e-09	0.995855
1.44557e-09	0.995815
1.44564e-09	0.995774
1.4457e-09	0.995733
1.44577e-09	0.995692
1.44583e-09	0.995651
1.44589e-09	0.995609
1.44596e-09	0.995567
1.44602e-09	0.995525
1.44609e-09	0.995483
1.44615e-09	0.995441
1.44621e-09	0.995399
1.44628e-09	0.995356
1.44634e-09	0.995313
1.44641e-09	0.99527
1.44647e-09	0.995227
1.44653e-09	0.995183
1.4466e-09	0.99514
1.44666e-09	0.995096
1.44673e-09	0.995052
1.44679e-09	0.995008
1.44685e-09	0.994963
1.44692e-09	0.994919
1.44698e-09	0.994874
1.44705e-09	0.994829
1.44711e-09	0.994783
1.44717e-09	0.994738
1.44724e-09	0.994692
1.4473e-09	0.994647
1.44737e-09	0.994601
1.44743e-09	0.994554
1.44749e-09	0.994508
1.44756e-09	0.994461
1.44762e-09	0.994415
1.44769e-09	0.994368
1.44775e-09	0.99432
1.44781e-09	0.994273
1.44788e-09	0.994226
1.44794e-09	0.994178
1.44801e-09	0.99413
1.44807e-09	0.994082
1.44813e-09	0.994033
1.4482e-09	0.993985
1.44826e-09	0.993936
1.44833e-09	0.993887
1.44839e-09	0.993838
1.44845e-09	0.993789
1.44852e-09	0.993739
1.44858e-09	0.993689
1.44865e-09	0.993639
1.44871e-09	0.993589
1.44877e-09	0.993539
1.44884e-09	0.993489
1.4489e-09	0.993438
1.44897e-09	0.993387
1.44903e-09	0.993336
1.44909e-09	0.993285
1.44916e-09	0.993233
1.44922e-09	0.993181
1.44929e-09	0.99313
1.44935e-09	0.993077
1.44941e-09	0.993025
1.44948e-09	0.992973
1.44954e-09	0.99292
1.44961e-09	0.992867
1.44967e-09	0.992814
1.44973e-09	0.992761
1.4498e-09	0.992707
1.44986e-09	0.992654
1.44993e-09	0.9926
1.44999e-09	0.992546
1.45005e-09	0.992492
1.45012e-09	0.992437
1.45018e-09	0.992383
1.45025e-09	0.992328
1.45031e-09	0.992273
1.45037e-09	0.992218
1.45044e-09	0.992162
1.4505e-09	0.992107
1.45057e-09	0.992051
1.45063e-09	0.991995
1.45069e-09	0.991939
1.45076e-09	0.991883
1.45082e-09	0.991826
1.45089e-09	0.991769
1.45095e-09	0.991712
1.45101e-09	0.991655
1.45108e-09	0.991598
1.45114e-09	0.99154
1.45121e-09	0.991483
1.45127e-09	0.991425
1.45133e-09	0.991367
1.4514e-09	0.991308
1.45146e-09	0.99125
1.45153e-09	0.991191
1.45159e-09	0.991132
1.45165e-09	0.991073
1.45172e-09	0.991014
1.45178e-09	0.990954
1.45185e-09	0.990895
1.45191e-09	0.990835
1.45197e-09	0.990775
1.45204e-09	0.990714
1.4521e-09	0.990654
1.45217e-09	0.990593
1.45223e-09	0.990532
1.45229e-09	0.990471
1.45236e-09	0.99041
1.45242e-09	0.990349
1.45249e-09	0.990287
1.45255e-09	0.990225
1.45261e-09	0.990163
1.45268e-09	0.990101
1.45274e-09	0.990039
1.45281e-09	0.989976
1.45287e-09	0.989913
1.45293e-09	0.98985
1.453e-09	0.989787
1.45306e-09	0.989724
1.45313e-09	0.98966
1.45319e-09	0.989596
1.45325e-09	0.989533
1.45332e-09	0.989468
1.45338e-09	0.989404
1.45345e-09	0.989339
1.45351e-09	0.989275
1.45357e-09	0.98921
1.45364e-09	0.989145
1.4537e-09	0.989079
1.45377e-09	0.989014
1.45383e-09	0.988948
1.45389e-09	0.988882
1.45396e-09	0.988816
1.45402e-09	0.98875
1.45409e-09	0.988683
1.45415e-09	0.988617
1.45421e-09	0.98855
1.45428e-09	0.988483
1.45434e-09	0.988416
1.45441e-09	0.988348
1.45447e-09	0.98828
1.45453e-09	0.988213
1.4546e-09	0.988145
1.45466e-09	0.988076
1.45473e-09	0.988008
1.45479e-09	0.987939
1.45485e-09	0.987871
1.45492e-09	0.987802
1.45498e-09	0.987732
1.45505e-09	0.987663
1.45511e-09	0.987593
1.45517e-09	0.987524
1.45524e-09	0.987454
1.4553e-09	0.987384
1.45537e-09	0.987313
1.45543e-09	0.987243
1.45549e-09	0.987172
1.45556e-09	0.987101
1.45562e-09	0.98703
1.45569e-09	0.986959
1.45575e-09	0.986887
1.45581e-09	0.986815
1.45588e-09	0.986743
1.45594e-09	0.986671
1.45601e-09	0.986599
1.45607e-09	0.986527
1.45613e-09	0.986454
1.4562e-09	0.986381
1.45626e-09	0.986308
1.45633e-09	0.986235
1.45639e-09	0.986161
1.45645e-09	0.986088
1.45652e-09	0.986014
1.45658e-09	0.98594
1.45665e-09	0.985866
1.45671e-09	0.985791
1.45677e-09	0.985717
1.45684e-09	0.985642
1.4569e-09	0.985567
1.45697e-09	0.985492
1.45703e-09	0.985416
1.45709e-09	0.985341
1.45716e-09	0.985265
1.45722e-09	0.985189
1.45729e-09	0.985113
1.45735e-09	0.985036
1.45741e-09	0.98496
1.45748e-09	0.984883
1.45754e-09	0.984806
1.45761e-09	0.984729
1.45767e-09	0.984652
1.45773e-09	0.984574
1.4578e-09	0.984497
1.45786e-09	0.984419
1.45793e-09	0.984341
1.45799e-09	0.984262
1.45805e-09	0.984184
1.45812e-09	0.984105
1.45818e-09	0.984026
1.45825e-09	0.983947
1.45831e-09	0.983868
1.45837e-09	0.983789
1.45844e-09	0.983709
1.4585e-09	0.983629
1.45857e-09	0.983549
1.45863e-09	0.983469
1.4587e-09	0.983389
1.45876e-09	0.983308
1.45882e-09	0.983227
1.45889e-09	0.983146
1.45895e-09	0.983065
1.45902e-09	0.982984
1.45908e-09	0.982902
1.45914e-09	0.982821
1.45921e-09	0.982739
1.45927e-09	0.982657
1.45934e-09	0.982574
1.4594e-09	0.982492
1.45946e-09	0.982409
1.45953e-09	0.982326
1.45959e-09	0.982243
1.45966e-09	0.98216
1.45972e-09	0.982076
1.45978e-09	0.981993
1.45985e-09	0.981909
1.45991e-09	0.981825
1.45998e-09	0.981741
1.46004e-09	0.981656
1.4601e-09	0.981572
1.46017e-09	0.981487
1.46023e-09	0.981402
1.4603e-09	0.981317
1.46036e-09	0.981231
1.46042e-09	0.981146
1.46049e-09	0.98106
1.46055e-09	0.980974
1.46062e-09	0.980888
1.46068e-09	0.980802
1.46074e-09	0.980715
1.46081e-09	0.980628
1.46087e-09	0.980541
1.46094e-09	0.980454
1.461e-09	0.980367
1.46106e-09	0.98028
1.46113e-09	0.980192
1.46119e-09	0.980104
1.46126e-09	0.980016
1.46132e-09	0.979928
1.46138e-09	0.979839
1.46145e-09	0.979751
1.46151e-09	0.979662
1.46158e-09	0.979573
1.46164e-09	0.979484
1.4617e-09	0.979394
1.46177e-09	0.979305
1.46183e-09	0.979215
1.4619e-09	0.979125
1.46196e-09	0.979035
1.46202e-09	0.978944
1.46209e-09	0.978854
1.46215e-09	0.978763
1.46222e-09	0.978672
1.46228e-09	0.978581
1.46234e-09	0.97849
1.46241e-09	0.978398
1.46247e-09	0.978307
1.46254e-09	0.978215
1.4626e-09	0.978123
1.46266e-09	0.978031
1.46273e-09	0.977938
1.46279e-09	0.977845
1.46286e-09	0.977753
1.46292e-09	0.97766
1.46298e-09	0.977566
1.46305e-09	0.977473
1.46311e-09	0.97738
1.46318e-09	0.977286
1.46324e-09	0.977192
1.4633e-09	0.977098
1.46337e-09	0.977003
1.46343e-09	0.976909
1.4635e-09	0.976814
1.46356e-09	0.976719
1.46362e-09	0.976624
1.46369e-09	0.976529
1.46375e-09	0.976433
1.46382e-09	0.976338
1.46388e-09	0.976242
1.46394e-09	0.976146
1.46401e-09	0.976049
1.46407e-09	0.975953
1.46414e-09	0.975856
1.4642e-09	0.97576
1.46426e-09	0.975663
1.46433e-09	0.975565
1.46439e-09	0.975468
1.46446e-09	0.97537
1.46452e-09	0.975273
1.46458e-09	0.975175
1.46465e-09	0.975076
1.46471e-09	0.974978
1.46478e-09	0.97488
1.46484e-09	0.974781
1.4649e-09	0.974682
1.46497e-09	0.974583
1.46503e-09	0.974484
1.4651e-09	0.974384
1.46516e-09	0.974285
1.46522e-09	0.974185
1.46529e-09	0.974085
1.46535e-09	0.973984
1.46542e-09	0.973884
1.46548e-09	0.973783
1.46554e-09	0.973683
1.46561e-09	0.973582
1.46567e-09	0.973481
1.46574e-09	0.973379
1.4658e-09	0.973278
1.46586e-09	0.973176
1.46593e-09	0.973074
1.46599e-09	0.972972
1.46606e-09	0.97287
1.46612e-09	0.972767
1.46618e-09	0.972664
1.46625e-09	0.972561
1.46631e-09	0.972458
1.46638e-09	0.972355
1.46644e-09	0.972252
1.4665e-09	0.972148
1.46657e-09	0.972044
1.46663e-09	0.97194
1.4667e-09	0.971836
1.46676e-09	0.971732
1.46682e-09	0.971627
1.46689e-09	0.971522
1.46695e-09	0.971417
1.46702e-09	0.971312
1.46708e-09	0.971207
1.46714e-09	0.971102
1.46721e-09	0.970996
1.46727e-09	0.97089
1.46734e-09	0.970784
1.4674e-09	0.970678
1.46746e-09	0.970571
1.46753e-09	0.970465
1.46759e-09	0.970358
1.46766e-09	0.970251
1.46772e-09	0.970143
1.46778e-09	0.970036
1.46785e-09	0.969929
1.46791e-09	0.969821
1.46798e-09	0.969713
1.46804e-09	0.969605
1.4681e-09	0.969496
1.46817e-09	0.969388
1.46823e-09	0.969279
1.4683e-09	0.96917
1.46836e-09	0.969061
1.46842e-09	0.968952
1.46849e-09	0.968842
1.46855e-09	0.968733
1.46862e-09	0.968623
1.46868e-09	0.968513
1.46874e-09	0.968403
1.46881e-09	0.968292
1.46887e-09	0.968182
1.46894e-09	0.968071
1.469e-09	0.96796
1.46906e-09	0.967849
1.46913e-09	0.967738
1.46919e-09	0.967626
1.46926e-09	0.967514
1.46932e-09	0.967402
1.46938e-09	0.96729
1.46945e-09	0.967178
1.46951e-09	0.967066
1.46958e-09	0.966953
1.46964e-09	0.96684
1.4697e-09	0.966727
1.46977e-09	0.966614
1.46983e-09	0.966501
1.4699e-09	0.966387
1.46996e-09	0.966273
1.47002e-09	0.966159
1.47009e-09	0.966045
1.47015e-09	0.965931
1.47022e-09	0.965816
1.47028e-09	0.965702
1.47034e-09	0.965587
1.47041e-09	0.965472
1.47047e-09	0.965357
1.47054e-09	0.965241
1.4706e-09	0.965126
1.47066e-09	0.96501
1.47073e-09	0.964894
1.47079e-09	0.964778
1.47086e-09	0.964661
1.47092e-09	0.964545
1.47098e-09	0.964428
1.47105e-09	0.964311
1.47111e-09	0.964194
1.47118e-09	0.964077
1.47124e-09	0.963959
1.4713e-09	0.963841
1.47137e-09	0.963724
1.47143e-09	0.963606
1.4715e-09	0.963487
1.47156e-09	0.963369
1.47162e-09	0.96325
1.47169e-09	0.963131
1.47175e-09	0.963013
1.47182e-09	0.962893
1.47188e-09	0.962774
1.47194e-09	0.962655
1.47201e-09	0.962535
1.47207e-09	0.962415
1.47214e-09	0.962295
1.4722e-09	0.962175
1.47226e-09	0.962054
1.47233e-09	0.961933
1.47239e-09	0.961813
1.47246e-09	0.961692
1.47252e-09	0.96157
1.47258e-09	0.961449
1.47265e-09	0.961327
1.47271e-09	0.961206
1.47278e-09	0.961084
1.47284e-09	0.960962
1.4729e-09	0.960839
1.47297e-09	0.960717
1.47303e-09	0.960594
1.4731e-09	0.960471
1.47316e-09	0.960348
1.47322e-09	0.960225
1.47329e-09	0.960102
1.47335e-09	0.959978
1.47342e-09	0.959854
1.47348e-09	0.95973
1.47354e-09	0.959606
1.47361e-09	0.959482
1.47367e-09	0.959357
1.47374e-09	0.959233
1.4738e-09	0.959108
1.47386e-09	0.958983
1.47393e-09	0.958857
1.47399e-09	0.958732
1.47406e-09	0.958606
1.47412e-09	0.958481
1.47418e-09	0.958355
1.47425e-09	0.958228
1.47431e-09	0.958102
1.47438e-09	0.957976
1.47444e-09	0.957849
1.4745e-09	0.957722
1.47457e-09	0.957595
1.47463e-09	0.957467
1.4747e-09	0.95734
1.47476e-09	0.957212
1.47482e-09	0.957085
1.47489e-09	0.956957
1.47495e-09	0.956828
1.47502e-09	0.9567
1.47508e-09	0.956571
1.47514e-09	0.956443
1.47521e-09	0.956314
1.47527e-09	0.956185
1.47534e-09	0.956055
1.4754e-09	0.955926
1.47546e-09	0.955796
1.47553e-09	0.955666
1.47559e-09	0.955536
1.47566e-09	0.955406
1.47572e-09	0.955276
1.47578e-09	0.955145
1.47585e-09	0.955014
1.47591e-09	0.954883
1.47598e-09	0.954752
1.47604e-09	0.954621
1.47611e-09	0.954489
1.47617e-09	0.954358
1.47623e-09	0.954226
1.4763e-09	0.954094
1.47636e-09	0.953962
1.47643e-09	0.953829
1.47649e-09	0.953697
1.47655e-09	0.953564
1.47662e-09	0.953431
1.47668e-09	0.953298
1.47675e-09	0.953164
1.47681e-09	0.953031
1.47687e-09	0.952897
1.47694e-09	0.952763
1.477e-09	0.952629
1.47707e-09	0.952495
1.47713e-09	0.952361
1.47719e-09	0.952226
1.47726e-09	0.952091
1.47732e-09	0.951956
1.47739e-09	0.951821
1.47745e-09	0.951686
1.47751e-09	0.95155
1.47758e-09	0.951415
1.47764e-09	0.951279
1.47771e-09	0.951143
1.47777e-09	0.951007
1.47783e-09	0.95087
1.4779e-09	0.950734
1.47796e-09	0.950597
1.47803e-09	0.95046
1.47809e-09	0.950323
1.47815e-09	0.950185
1.47822e-09	0.950048
1.47828e-09	0.94991
1.47835e-09	0.949772
1.47841e-09	0.949634
1.47847e-09	0.949496
1.47854e-09	0.949358
1.4786e-09	0.949219
1.47867e-09	0.94908
1.47873e-09	0.948941
1.47879e-09	0.948802
1.47886e-09	0.948663
1.47892e-09	0.948523
1.47899e-09	0.948384
1.47905e-09	0.948244
1.47911e-09	0.948104
1.47918e-09	0.947963
1.47924e-09	0.947823
1.47931e-09	0.947682
1.47937e-09	0.947542
1.47943e-09	0.947401
1.4795e-09	0.94726
1.47956e-09	0.947118
1.47963e-09	0.946977
1.47969e-09	0.946835
1.47975e-09	0.946693
1.47982e-09	0.946551
1.47988e-09	0.946409
1.47995e-09	0.946267
1.48001e-09	0.946124
1.48007e-09	0.945981
1.48014e-09	0.945839
1.4802e-09	0.945695
1.48027e-09	0.945552
1.48033e-09	0.945409
1.48039e-09	0.945265
1.48046e-09	0.945121
1.48052e-09	0.944977
1.48059e-09	0.944833
1.48065e-09	0.944689
1.48071e-09	0.944544
1.48078e-09	0.944399
1.48084e-09	0.944254
1.48091e-09	0.944109
1.48097e-09	0.943964
1.48103e-09	0.943819
1.4811e-09	0.943673
1.48116e-09	0.943527
1.48123e-09	0.943381
1.48129e-09	0.943235
1.48135e-09	0.943089
1.48142e-09	0.942942
1.48148e-09	0.942796
1.48155e-09	0.942649
1.48161e-09	0.942502
1.48167e-09	0.942354
1.48174e-09	0.942207
1.4818e-09	0.942059
1.48187e-09	0.941912
1.48193e-09	0.941764
1.48199e-09	0.941616
1.48206e-09	0.941467
1.48212e-09	0.941319
1.48219e-09	0.94117
1.48225e-09	0.941021
1.48231e-09	0.940872
1.48238e-09	0.940723
1.48244e-09	0.940574
1.48251e-09	0.940424
1.48257e-09	0.940274
1.48263e-09	0.940125
1.4827e-09	0.939974
1.48276e-09	0.939824
1.48283e-09	0.939674
1.48289e-09	0.939523
1.48295e-09	0.939372
1.48302e-09	0.939221
1.48308e-09	0.93907
1.48315e-09	0.938919
1.48321e-09	0.938767
1.48327e-09	0.938616
1.48334e-09	0.938464
1.4834e-09	0.938312
1.48347e-09	0.938159
1.48353e-09	0.938007
1.48359e-09	0.937854
1.48366e-09	0.937702
1.48372e-09	0.937549
1.48379e-09	0.937396
1.48385e-09	0.937242
1.48391e-09	0.937089
1.48398e-09	0.936935
1.48404e-09	0.936781
1.48411e-09	0.936628
1.48417e-09	0.936473
1.48423e-09	0.936319
1.4843e-09	0.936164
1.48436e-09	0.93601
1.48443e-09	0.935855
1.48449e-09	0.9357
1.48455e-09	0.935545
1.48462e-09	0.935389
1.48468e-09	0.935234
1.48475e-09	0.935078
1.48481e-09	0.934922
1.48487e-09	0.934766
1.48494e-09	0.934609
1.485e-09	0.934453
1.48507e-09	0.934296
1.48513e-09	0.93414
1.48519e-09	0.933983
1.48526e-09	0.933825
1.48532e-09	0.933668
1.48539e-09	0.93351
1.48545e-09	0.933353
1.48551e-09	0.933195
1.48558e-09	0.933037
1.48564e-09	0.932879
1.48571e-09	0.93272
1.48577e-09	0.932562
1.48583e-09	0.932403
1.4859e-09	0.932244
1.48596e-09	0.932085
1.48603e-09	0.931926
1.48609e-09	0.931766
1.48615e-09	0.931606
1.48622e-09	0.931447
1.48628e-09	0.931287
1.48635e-09	0.931127
1.48641e-09	0.930966
1.48647e-09	0.930806
1.48654e-09	0.930645
1.4866e-09	0.930484
1.48667e-09	0.930323
1.48673e-09	0.930162
1.48679e-09	0.93
1.48686e-09	0.929839
1.48692e-09	0.929677
1.48699e-09	0.929515
1.48705e-09	0.929353
1.48711e-09	0.929191
1.48718e-09	0.929029
1.48724e-09	0.928866
1.48731e-09	0.928703
1.48737e-09	0.92854
1.48743e-09	0.928377
1.4875e-09	0.928214
1.48756e-09	0.92805
1.48763e-09	0.927887
1.48769e-09	0.927723
1.48775e-09	0.927559
1.48782e-09	0.927395
1.48788e-09	0.92723
1.48795e-09	0.927066
1.48801e-09	0.926901
1.48807e-09	0.926736
1.48814e-09	0.926571
1.4882e-09	0.926406
1.48827e-09	0.926241
1.48833e-09	0.926075
1.48839e-09	0.925909
1.48846e-09	0.925743
1.48852e-09	0.925577
1.48859e-09	0.925411
1.48865e-09	0.925245
1.48871e-09	0.925078
1.48878e-09	0.924911
1.48884e-09	0.924744
1.48891e-09	0.924577
1.48897e-09	0.92441
1.48903e-09	0.924242
1.4891e-09	0.924075
1.48916e-09	0.923907
1.48923e-09	0.923739
1.48929e-09	0.923571
1.48935e-09	0.923402
1.48942e-09	0.923234
1.48948e-09	0.923065
1.48955e-09	0.922896
1.48961e-09	0.922727
1.48967e-09	0.922558
1.48974e-09	0.922389
1.4898e-09	0.922219
1.48987e-09	0.922049
1.48993e-09	0.921879
1.48999e-09	0.921709
1.49006e-09	0.921539
1.49012e-09	0.921369
1.49019e-09	0.921198
1.49025e-09	0.921027
1.49031e-09	0.920857
1.49038e-09	0.920685
1.49044e-09	0.920514
1.49051e-09	0.920343
1.49057e-09	0.920171
1.49063e-09	0.919999
1.4907e-09	0.919827
1.49076e-09	0.919655
1.49083e-09	0.919483
1.49089e-09	0.919311
1.49095e-09	0.919138
1.49102e-09	0.918965
1.49108e-09	0.918792
1.49115e-09	0.918619
1.49121e-09	0.918446
1.49127e-09	0.918272
1.49134e-09	0.918098
1.4914e-09	0.917925
1.49147e-09	0.917751
1.49153e-09	0.917576
1.49159e-09	0.917402
1.49166e-09	0.917228
1.49172e-09	0.917053
1.49179e-09	0.916878
1.49185e-09	0.916703
1.49191e-09	0.916528
1.49198e-09	0.916352
1.49204e-09	0.916177
1.49211e-09	0.916001
1.49217e-09	0.915825
1.49223e-09	0.915649
1.4923e-09	0.915473
1.49236e-09	0.915297
1.49243e-09	0.91512
1.49249e-09	0.914943
1.49255e-09	0.914766
1.49262e-09	0.914589
1.49268e-09	0.914412
1.49275e-09	0.914235
1.49281e-09	0.914057
1.49287e-09	0.913879
1.49294e-09	0.913701
1.493e-09	0.913523
1.49307e-09	0.913345
1.49313e-09	0.913167
1.49319e-09	0.912988
1.49326e-09	0.912809
1.49332e-09	0.91263
1.49339e-09	0.912451
1.49345e-09	0.912272
1.49352e-09	0.912092
1.49358e-09	0.911913
1.49364e-09	0.911733
1.49371e-09	0.911553
1.49377e-09	0.911373
1.49384e-09	0.911193
1.4939e-09	0.911012
1.49396e-09	0.910832
1.49403e-09	0.910651
1.49409e-09	0.91047
1.49416e-09	0.910289
1.49422e-09	0.910107
1.49428e-09	0.909926
1.49435e-09	0.909744
1.49441e-09	0.909562
1.49448e-09	0.90938
1.49454e-09	0.909198
1.4946e-09	0.909016
1.49467e-09	0.908833
1.49473e-09	0.908651
1.4948e-09	0.908468
1.49486e-09	0.908285
1.49492e-09	0.908102
1.49499e-09	0.907919
1.49505e-09	0.907735
1.49512e-09	0.907551
1.49518e-09	0.907368
1.49524e-09	0.907184
1.49531e-09	0.906999
1.49537e-09	0.906815
1.49544e-09	0.906631
1.4955e-09	0.906446
1.49556e-09	0.906261
1.49563e-09	0.906076
1.49569e-09	0.905891
1.49576e-09	0.905706
1.49582e-09	0.90552
1.49588e-09	0.905334
1.49595e-09	0.905149
1.49601e-09	0.904963
1.49608e-09	0.904776
1.49614e-09	0.90459
1.4962e-09	0.904404
1.49627e-09	0.904217
1.49633e-09	0.90403
1.4964e-09	0.903843
1.49646e-09	0.903656
1.49652e-09	0.903469
1.49659e-09	0.903281
1.49665e-09	0.903093
1.49672e-09	0.902906
1.49678e-09	0.902718
1.49684e-09	0.902529
1.49691e-09	0.902341
1.49697e-09	0.902153
1.49704e-09	0.901964
1.4971e-09	0.901775
1.49716e-09	0.901586
1.49723e-09	0.901397
1.49729e-09	0.901208
1.49736e-09	0.901018
1.49742e-09	0.900829
1.49748e-09	0.900639
1.49755e-09	0.900449
1.49761e-09	0.900259
1.49768e-09	0.900068
1.49774e-09	0.899878
1.4978e-09	0.899687
1.49787e-09	0.899496
1.49793e-09	0.899305
1.498e-09	0.899114
1.49806e-09	0.898923
1.49812e-09	0.898732
1.49819e-09	0.89854
1.49825e-09	0.898348
1.49832e-09	0.898156
1.49838e-09	0.897964
1.49844e-09	0.897772
1.49851e-09	0.897579
1.49857e-09	0.897387
1.49864e-09	0.897194
1.4987e-09	0.897001
1.49876e-09	0.896808
1.49883e-09	0.896614
1.49889e-09	0.896421
1.49896e-09	0.896227
1.49902e-09	0.896034
1.49908e-09	0.89584
1.49915e-09	0.895646
1.49921e-09	0.895451
1.49928e-09	0.895257
1.49934e-09	0.895062
1.4994e-09	0.894868
1.49947e-09	0.894673
1.49953e-09	0.894478
1.4996e-09	0.894282
1.49966e-09	0.894087
1.49972e-09	0.893891
1.49979e-09	0.893696
1.49985e-09	0.8935
1.49992e-09	0.893304
1.49998e-09	0.893107
1.50004e-09	0.892911
1.50011e-09	0.892715
1.50017e-09	0.892518
1.50024e-09	0.892321
1.5003e-09	0.892124
1.50036e-09	0.891927
1.50043e-09	0.891729
1.50049e-09	0.891532
1.50056e-09	0.891334
1.50062e-09	0.891136
1.50068e-09	0.890938
1.50075e-09	0.89074
1.50081e-09	0.890542
1.50088e-09	0.890343
1.50094e-09	0.890145
1.501e-09	0.889946
1.50107e-09	0.889747
1.50113e-09	0.889548
1.5012e-09	0.889348
1.50126e-09	0.889149
1.50132e-09	0.888949
1.50139e-09	0.888749
1.50145e-09	0.88855
1.50152e-09	0.888349
1.50158e-09	0.888149
1.50164e-09	0.887949
1.50171e-09	0.887748
1.50177e-09	0.887547
1.50184e-09	0.887346
1.5019e-09	0.887145
1.50196e-09	0.886944
1.50203e-09	0.886743
1.50209e-09	0.886541
1.50216e-09	0.886339
1.50222e-09	0.886138
1.50228e-09	0.885935
1.50235e-09	0.885733
1.50241e-09	0.885531
1.50248e-09	0.885328
1.50254e-09	0.885126
1.5026e-09	0.884923
1.50267e-09	0.88472
1.50273e-09	0.884517
1.5028e-09	0.884313
1.50286e-09	0.88411
1.50292e-09	0.883906
1.50299e-09	0.883702
1.50305e-09	0.883498
1.50312e-09	0.883294
1.50318e-09	0.88309
1.50324e-09	0.882886
1.50331e-09	0.882681
1.50337e-09	0.882476
1.50344e-09	0.882271
1.5035e-09	0.882066
1.50356e-09	0.881861
1.50363e-09	0.881656
1.50369e-09	0.88145
1.50376e-09	0.881244
1.50382e-09	0.881038
1.50388e-09	0.880832
1.50395e-09	0.880626
1.50401e-09	0.88042
1.50408e-09	0.880213
1.50414e-09	0.880007
1.5042e-09	0.8798
1.50427e-09	0.879593
1.50433e-09	0.879386
1.5044e-09	0.879178
1.50446e-09	0.878971
1.50452e-09	0.878763
1.50459e-09	0.878555
1.50465e-09	0.878347
1.50472e-09	0.878139
1.50478e-09	0.877931
1.50484e-09	0.877723
1.50491e-09	0.877514
1.50497e-09	0.877305
1.50504e-09	0.877096
1.5051e-09	0.876887
1.50516e-09	0.876678
1.50523e-09	0.876469
1.50529e-09	0.876259
1.50536e-09	0.87605
1.50542e-09	0.87584
1.50548e-09	0.87563
1.50555e-09	0.87542
1.50561e-09	0.875209
1.50568e-09	0.874999
1.50574e-09	0.874788
1.5058e-09	0.874577
1.50587e-09	0.874366
1.50593e-09	0.874155
1.506e-09	0.873944
1.50606e-09	0.873733
1.50612e-09	0.873521
1.50619e-09	0.873309
1.50625e-09	0.873097
1.50632e-09	0.872885
1.50638e-09	0.872673
1.50644e-09	0.872461
1.50651e-09	0.872248
1.50657e-09	0.872036
1.50664e-09	0.871823
1.5067e-09	0.87161
1.50676e-09	0.871397
1.50683e-09	0.871184
1.50689e-09	0.87097
1.50696e-09	0.870756
1.50702e-09	0.870543
1.50708e-09	0.870329
1.50715e-09	0.870115
1.50721e-09	0.869901
1.50728e-09	0.869686
1.50734e-09	0.869472
1.5074e-09	0.869257
1.50747e-09	0.869042
1.50753e-09	0.868827
1.5076e-09	0.868612
1.50766e-09	0.868397
1.50772e-09	0.868181
1.50779e-09	0.867966
1.50785e-09	0.86775
1.50792e-09	0.867534
1.50798e-09	0.867318
1.50804e-09	0.867101
1.50811e-09	0.866885
1.50817e-09	0.866669
1.50824e-09	0.866452
1.5083e-09	0.866235
1.50836e-09	0.866018
1.50843e-09	0.865801
1.50849e-09	0.865583
1.50856e-09	0.865366
1.50862e-09	0.865148
1.50868e-09	0.864931
1.50875e-09	0.864713
1.50881e-09	0.864495
1.50888e-09	0.864276
1.50894e-09	0.864058
1.509e-09	0.863839
1.50907e-09	0.863621
1.50913e-09	0.863402
1.5092e-09	0.863183
1.50926e-09	0.862964
1.50932e-09	0.862744
1.50939e-09	0.862525
1.50945e-09	0.862305
1.50952e-09	0.862085
1.50958e-09	0.861866
1.50964e-09	0.861645
1.50971e-09	0.861425
1.50977e-09	0.861205
1.50984e-09	0.860984
1.5099e-09	0.860764
1.50996e-09	0.860543
1.51003e-09	0.860322
1.51009e-09	0.860101
1.51016e-09	0.859879
1.51022e-09	0.859658
1.51028e-09	0.859436
1.51035e-09	0.859214
1.51041e-09	0.858993
1.51048e-09	0.85877
1.51054e-09	0.858548
1.5106e-09	0.858326
1.51067e-09	0.858103
1.51073e-09	0.857881
1.5108e-09	0.857658
1.51086e-09	0.857435
1.51093e-09	0.857212
1.51099e-09	0.856989
1.51105e-09	0.856765
1.51112e-09	0.856542
1.51118e-09	0.856318
1.51125e-09	0.856094
1.51131e-09	0.85587
1.51137e-09	0.855646
1.51144e-09	0.855421
1.5115e-09	0.855197
1.51157e-09	0.854972
1.51163e-09	0.854747
1.51169e-09	0.854523
1.51176e-09	0.854297
1.51182e-09	0.854072
1.51189e-09	0.853847
1.51195e-09	0.853621
1.51201e-09	0.853396
1.51208e-09	0.85317
1.51214e-09	0.852944
1.51221e-09	0.852718
1.51227e-09	0.852491
1.51233e-09	0.852265
1.5124e-09	0.852038
1.51246e-09	0.851812
1.51253e-09	0.851585
1.51259e-09	0.851358
1.51265e-09	0.85113
1.51272e-09	0.850903
1.51278e-09	0.850676
1.51285e-09	0.850448
1.51291e-09	0.85022
1.51297e-09	0.849992
1.51304e-09	0.849764
1.5131e-09	0.849536
1.51317e-09	0.849307
1.51323e-09	0.849079
1.51329e-09	0.84885
1.51336e-09	0.848621
1.51342e-09	0.848392
1.51349e-09	0.848163
1.51355e-09	0.847934
1.51361e-09	0.847705
1.51368e-09	0.847475
1.51374e-09	0.847245
1.51381e-09	0.847016
1.51387e-09	0.846785
1.51393e-09	0.846555
1.514e-09	0.846325
1.51406e-09	0.846095
1.51413e-09	0.845864
1.51419e-09	0.845633
1.51425e-09	0.845402
1.51432e-09	0.845171
1.51438e-09	0.84494
1.51445e-09	0.844709
1.51451e-09	0.844477
1.51457e-09	0.844245
1.51464e-09	0.844014
1.5147e-09	0.843782
1.51477e-09	0.84355
1.51483e-09	0.843317
1.51489e-09	0.843085
1.51496e-09	0.842853
1.51502e-09	0.84262
1.51509e-09	0.842387
1.51515e-09	0.842154
1.51521e-09	0.841921
1.51528e-09	0.841688
1.51534e-09	0.841454
1.51541e-09	0.841221
1.51547e-09	0.840987
1.51553e-09	0.840753
1.5156e-09	0.840519
1.51566e-09	0.840285
1.51573e-09	0.840051
1.51579e-09	0.839816
1.51585e-09	0.839582
1.51592e-09	0.839347
1.51598e-09	0.839112
1.51605e-09	0.838877
1.51611e-09	0.838642
1.51617e-09	0.838407
1.51624e-09	0.838171
1.5163e-09	0.837936
1.51637e-09	0.8377
1.51643e-09	0.837464
1.51649e-09	0.837228
1.51656e-09	0.836992
1.51662e-09	0.836756
1.51669e-09	0.836519
1.51675e-09	0.836282
1.51681e-09	0.836046
1.51688e-09	0.835809
1.51694e-09	0.835572
1.51701e-09	0.835335
1.51707e-09	0.835097
1.51713e-09	0.83486
1.5172e-09	0.834622
1.51726e-09	0.834384
1.51733e-09	0.834146
1.51739e-09	0.833908
1.51745e-09	0.83367
1.51752e-09	0.833432
1.51758e-09	0.833193
1.51765e-09	0.832955
1.51771e-09	0.832716
1.51777e-09	0.832477
1.51784e-09	0.832238
1.5179e-09	0.831999
1.51797e-09	0.831759
1.51803e-09	0.83152
1.51809e-09	0.83128
1.51816e-09	0.831041
1.51822e-09	0.830801
1.51829e-09	0.830561
1.51835e-09	0.83032
1.51841e-09	0.83008
1.51848e-09	0.82984
1.51854e-09	0.829599
1.51861e-09	0.829358
1.51867e-09	0.829117
1.51873e-09	0.828876
1.5188e-09	0.828635
1.51886e-09	0.828394
1.51893e-09	0.828152
1.51899e-09	0.82791
1.51905e-09	0.827669
1.51912e-09	0.827427
1.51918e-09	0.827185
1.51925e-09	0.826943
1.51931e-09	0.8267
1.51937e-09	0.826458
1.51944e-09	0.826215
1.5195e-09	0.825972
1.51957e-09	0.825729
1.51963e-09	0.825486
1.51969e-09	0.825243
1.51976e-09	0.825
1.51982e-09	0.824756
1.51989e-09	0.824513
1.51995e-09	0.824269
1.52001e-09	0.824025
1.52008e-09	0.823781
1.52014e-09	0.823537
1.52021e-09	0.823293
1.52027e-09	0.823048
1.52033e-09	0.822803
1.5204e-09	0.822559
1.52046e-09	0.822314
1.52053e-09	0.822069
1.52059e-09	0.821824
1.52065e-09	0.821578
1.52072e-09	0.821333
1.52078e-09	0.821087
1.52085e-09	0.820842
1.52091e-09	0.820596
1.52097e-09	0.82035
1.52104e-09	0.820104
1.5211e-09	0.819857
1.52117e-09	0.819611
1.52123e-09	0.819364
1.52129e-09	0.819118
1.52136e-09	0.818871
1.52142e-09	0.818624
1.52149e-09	0.818377
1.52155e-09	0.818129
1.52161e-09	0.817882
1.52168e-09	0.817635
1.52174e-09	0.817387
1.52181e-09	0.817139
1.52187e-09	0.816891
1.52193e-09	0.816643
1.522e-09	0.816395
1.52206e-09	0.816146
1.52213e-09	0.815898
1.52219e-09	0.815649
1.52225e-09	0.815401
1.52232e-09	0.815152
1.52238e-09	0.814903
1.52245e-09	0.814653
1.52251e-09	0.814404
1.52257e-09	0.814155
1.52264e-09	0.813905
1.5227e-09	0.813655
1.52277e-09	0.813405
1.52283e-09	0.813155
1.52289e-09	0.812905
1.52296e-09	0.812655
1.52302e-09	0.812404
1.52309e-09	0.812154
1.52315e-09	0.811903
1.52321e-09	0.811652
1.52328e-09	0.811401
1.52334e-09	0.81115
1.52341e-09	0.810899
1.52347e-09	0.810648
1.52353e-09	0.810396
1.5236e-09	0.810144
1.52366e-09	0.809893
1.52373e-09	0.809641
1.52379e-09	0.809389
1.52385e-09	0.809136
1.52392e-09	0.808884
1.52398e-09	0.808631
1.52405e-09	0.808379
1.52411e-09	0.808126
1.52417e-09	0.807873
1.52424e-09	0.80762
1.5243e-09	0.807367
1.52437e-09	0.807114
1.52443e-09	0.80686
1.52449e-09	0.806607
1.52456e-09	0.806353
1.52462e-09	0.806099
1.52469e-09	0.805845
1.52475e-09	0.805591
1.52481e-09	0.805337
1.52488e-09	0.805082
1.52494e-09	0.804828
1.52501e-09	0.804573
1.52507e-09	0.804318
1.52513e-09	0.804064
1.5252e-09	0.803809
1.52526e-09	0.803553
1.52533e-09	0.803298
1.52539e-09	0.803043
1.52545e-09	0.802787
1.52552e-09	0.802531
1.52558e-09	0.802275
1.52565e-09	0.802019
1.52571e-09	0.801763
1.52577e-09	0.801507
1.52584e-09	0.801251
1.5259e-09	0.800994
1.52597e-09	0.800737
1.52603e-09	0.800481
1.52609e-09	0.800224
1.52616e-09	0.799967
1.52622e-09	0.799709
1.52629e-09	0.799452
1.52635e-09	0.799195
1.52641e-09	0.798937
1.52648e-09	0.798679
1.52654e-09	0.798421
1.52661e-09	0.798163
1.52667e-09	0.797905
1.52673e-09	0.797647
1.5268e-09	0.797389
1.52686e-09	0.79713
1.52693e-09	0.796871
1.52699e-09	0.796613
1.52705e-09	0.796354
1.52712e-09	0.796095
1.52718e-09	0.795836
1.52725e-09	0.795576
1.52731e-09	0.795317
1.52737e-09	0.795057
1.52744e-09	0.794797
1.5275e-09	0.794538
1.52757e-09	0.794278
1.52763e-09	0.794018
1.52769e-09	0.793757
1.52776e-09	0.793497
1.52782e-09	0.793236
1.52789e-09	0.792976
1.52795e-09	0.792715
1.52801e-09	0.792454
1.52808e-09	0.792193
1.52814e-09	0.791932
1.52821e-09	0.791671
1.52827e-09	0.791409
1.52833e-09	0.791148
1.5284e-09	0.790886
1.52846e-09	0.790624
1.52853e-09	0.790362
1.52859e-09	0.7901
1.52866e-09	0.789838
1.52872e-09	0.789576
1.52878e-09	0.789313
1.52885e-09	0.789051
1.52891e-09	0.788788
1.52898e-09	0.788525
1.52904e-09	0.788262
1.5291e-09	0.787999
1.52917e-09	0.787736
1.52923e-09	0.787472
1.5293e-09	0.787209
1.52936e-09	0.786945
1.52942e-09	0.786681
1.52949e-09	0.786418
1.52955e-09	0.786154
1.52962e-09	0.785889
1.52968e-09	0.785625
1.52974e-09	0.785361
1.52981e-09	0.785096
1.52987e-09	0.784832
1.52994e-09	0.784567
1.53e-09	0.784302
1.53006e-09	0.784037
1.53013e-09	0.783772
1.53019e-09	0.783506
1.53026e-09	0.783241
1.53032e-09	0.782975
1.53038e-09	0.78271
1.53045e-09	0.782444
1.53051e-09	0.782178
1.53058e-09	0.781912
1.53064e-09	0.781646
1.5307e-09	0.781379
1.53077e-09	0.781113
1.53083e-09	0.780846
1.5309e-09	0.78058
1.53096e-09	0.780313
1.53102e-09	0.780046
1.53109e-09	0.779779
1.53115e-09	0.779512
1.53122e-09	0.779244
1.53128e-09	0.778977
1.53134e-09	0.778709
1.53141e-09	0.778441
1.53147e-09	0.778174
1.53154e-09	0.777906
1.5316e-09	0.777637
1.53166e-09	0.777369
1.53173e-09	0.777101
1.53179e-09	0.776832
1.53186e-09	0.776564
1.53192e-09	0.776295
1.53198e-09	0.776026
1.53205e-09	0.775757
1.53211e-09	0.775488
1.53218e-09	0.775219
1.53224e-09	0.77495
1.5323e-09	0.77468
1.53237e-09	0.77441
1.53243e-09	0.774141
1.5325e-09	0.773871
1.53256e-09	0.773601
1.53262e-09	0.773331
1.53269e-09	0.773061
1.53275e-09	0.77279
1.53282e-09	0.77252
1.53288e-09	0.772249
1.53294e-09	0.771978
1.53301e-09	0.771708
1.53307e-09	0.771437
1.53314e-09	0.771165
1.5332e-09	0.770894
1.53326e-09	0.770623
1.53333e-09	0.770351
1.53339e-09	0.77008
1.53346e-09	0.769808
1.53352e-09	0.769536
1.53358e-09	0.769264
1.53365e-09	0.768992
1.53371e-09	0.76872
1.53378e-09	0.768448
1.53384e-09	0.768175
1.5339e-09	0.767902
1.53397e-09	0.76763
1.53403e-09	0.767357
1.5341e-09	0.767084
1.53416e-09	0.766811
1.53422e-09	0.766538
1.53429e-09	0.766264
1.53435e-09	0.765991
1.53442e-09	0.765717
1.53448e-09	0.765444
1.53454e-09	0.76517
1.53461e-09	0.764896
1.53467e-09	0.764622
1.53474e-09	0.764348
1.5348e-09	0.764073
1.53486e-09	0.763799
1.53493e-09	0.763524
1.53499e-09	0.76325
1.53506e-09	0.762975
1.53512e-09	0.7627
1.53518e-09	0.762425
1.53525e-09	0.76215
1.53531e-09	0.761874
1.53538e-09	0.761599
1.53544e-09	0.761324
1.5355e-09	0.761048
1.53557e-09	0.760772
1.53563e-09	0.760496
1.5357e-09	0.76022
1.53576e-09	0.759944
1.53582e-09	0.759668
1.53589e-09	0.759391
1.53595e-09	0.759115
1.53602e-09	0.758838
1.53608e-09	0.758562
1.53614e-09	0.758285
1.53621e-09	0.758008
1.53627e-09	0.757731
1.53634e-09	0.757454
1.5364e-09	0.757176
1.53646e-09	0.756899
1.53653e-09	0.756621
1.53659e-09	0.756343
1.53666e-09	0.756066
1.53672e-09	0.755788
1.53678e-09	0.75551
1.53685e-09	0.755231
1.53691e-09	0.754953
1.53698e-09	0.754675
1.53704e-09	0.754396
1.5371e-09	0.754118
1.53717e-09	0.753839
1.53723e-09	0.75356
1.5373e-09	0.753281
1.53736e-09	0.753002
1.53742e-09	0.752723
1.53749e-09	0.752443
1.53755e-09	0.752164
1.53762e-09	0.751884
1.53768e-09	0.751604
1.53774e-09	0.751325
1.53781e-09	0.751045
1.53787e-09	0.750765
1.53794e-09	0.750484
1.538e-09	0.750204
1.53806e-09	0.749924
1.53813e-09	0.749643
1.53819e-09	0.749363
1.53826e-09	0.749082
1.53832e-09	0.748801
1.53838e-09	0.74852
1.53845e-09	0.748239
1.53851e-09	0.747958
1.53858e-09	0.747676
1.53864e-09	0.747395
1.5387e-09	0.747113
1.53877e-09	0.746831
1.53883e-09	0.74655
1.5389e-09	0.746268
1.53896e-09	0.745986
1.53902e-09	0.745703
1.53909e-09	0.745421
1.53915e-09	0.745139
1.53922e-09	0.744856
1.53928e-09	0.744573
1.53934e-09	0.744291
1.53941e-09	0.744008
1.53947e-09	0.743725
1.53954e-09	0.743442
1.5396e-09	0.743159
1.53966e-09	0.742875
1.53973e-09	0.742592
1.53979e-09	0.742308
1.53986e-09	0.742025
1.53992e-09	0.741741
1.53998e-09	0.741457
1.54005e-09	0.741173
1.54011e-09	0.740889
1.54018e-09	0.740604
1.54024e-09	0.74032
1.5403e-09	0.740036
1.54037e-09	0.739751
1.54043e-09	0.739466
1.5405e-09	0.739181
1.54056e-09	0.738896
1.54062e-09	0.738611
1.54069e-09	0.738326
1.54075e-09	0.738041
1.54082e-09	0.737756
1.54088e-09	0.73747
1.54094e-09	0.737184
1.54101e-09	0.736899
1.54107e-09	0.736613
1.54114e-09	0.736327
1.5412e-09	0.736041
1.54126e-09	0.735755
1.54133e-09	0.735468
1.54139e-09	0.735182
1.54146e-09	0.734895
1.54152e-09	0.734609
1.54158e-09	0.734322
1.54165e-09	0.734035
1.54171e-09	0.733748
1.54178e-09	0.733461
1.54184e-09	0.733174
1.5419e-09	0.732886
1.54197e-09	0.732599
1.54203e-09	0.732311
1.5421e-09	0.732024
1.54216e-09	0.731736
1.54222e-09	0.731448
1.54229e-09	0.73116
1.54235e-09	0.730872
1.54242e-09	0.730584
1.54248e-09	0.730295
1.54254e-09	0.730007
1.54261e-09	0.729719
1.54267e-09	0.72943
1.54274e-09	0.729141
1.5428e-09	0.728852
1.54286e-09	0.728563
1.54293e-09	0.728274
1.54299e-09	0.727985
1.54306e-09	0.727696
1.54312e-09	0.727406
1.54318e-09	0.727117
1.54325e-09	0.726827
1.54331e-09	0.726537
1.54338e-09	0.726247
1.54344e-09	0.725957
1.5435e-09	0.725667
1.54357e-09	0.725377
1.54363e-09	0.725087
1.5437e-09	0.724796
1.54376e-09	0.724506
1.54382e-09	0.724215
1.54389e-09	0.723924
1.54395e-09	0.723633
1.54402e-09	0.723342
1.54408e-09	0.723051
1.54414e-09	0.72276
1.54421e-09	0.722469
1.54427e-09	0.722177
1.54434e-09	0.721886
1.5444e-09	0.721594
1.54446e-09	0.721302
1.54453e-09	0.721011
1.54459e-09	0.720719
1.54466e-09	0.720427
1.54472e-09	0.720134
1.54478e-09	0.719842
1.54485e-09	0.71955
1.54491e-09	0.719257
1.54498e-09	0.718965
1.54504e-09	0.718672
1.5451e-09	0.718379
1.54517e-09	0.718086
1.54523e-09	0.717793
1.5453e-09	0.7175
1.54536e-09	0.717207
1.54542e-09	0.716913
1.54549e-09	0.71662
1.54555e-09	0.716326
1.54562e-09	0.716033
1.54568e-09	0.715739
1.54574e-09	0.715445
1.54581e-09	0.715151
1.54587e-09	0.714857
1.54594e-09	0.714562
1.546e-09	0.714268
1.54607e-09	0.713974
1.54613e-09	0.713679
1.54619e-09	0.713385
1.54626e-09	0.71309
1.54632e-09	0.712795
1.54639e-09	0.7125
1.54645e-09	0.712205
1.54651e-09	0.71191
1.54658e-09	0.711614
1.54664e-09	0.711319
1.54671e-09	0.711024
1.54677e-09	0.710728
1.54683e-09	0.710432
1.5469e-09	0.710136
1.54696e-09	0.70984
1.54703e-09	0.709544
1.54709e-09	0.709248
1.54715e-09	0.708952
1.54722e-09	0.708656
1.54728e-09	0.708359
1.54735e-09	0.708063
1.54741e-09	0.707766
1.54747e-09	0.707469
1.54754e-09	0.707173
1.5476e-09	0.706876
1.54767e-09	0.706578
1.54773e-09	0.706281
1.54779e-09	0.705984
1.54786e-09	0.705687
1.54792e-09	0.705389
1.54799e-09	0.705092
1.54805e-09	0.704794
1.54811e-09	0.704496
1.54818e-09	0.704198
1.54824e-09	0.7039
1.54831e-09	0.703602
1.54837e-09	0.703304
1.54843e-09	0.703006
1.5485e-09	0.702707
1.54856e-09	0.702409
1.54863e-09	0.70211
1.54869e-09	0.701811
1.54875e-09	0.701512
1.54882e-09	0.701214
1.54888e-09	0.700915
1.54895e-09	0.700615
1.54901e-09	0.700316
1.54907e-09	0.700017
1.54914e-09	0.699717
1.5492e-09	0.699418
1.54927e-09	0.699118
1.54933e-09	0.698818
1.54939e-09	0.698519
1.54946e-09	0.698219
1.54952e-09	0.697919
1.54959e-09	0.697618
1.54965e-09	0.697318
1.54971e-09	0.697018
1.54978e-09	0.696717
1.54984e-09	0.696417
1.54991e-09	0.696116
1.54997e-09	0.695815
1.55003e-09	0.695515
1.5501e-09	0.695213
1.55016e-09	0.694912
1.55023e-09	0.694611
1.55029e-09	0.69431
1.55035e-09	0.694009
1.55042e-09	0.693707
1.55048e-09	0.693406
1.55055e-09	0.693104
1.55061e-09	0.692802
1.55067e-09	0.6925
1.55074e-09	0.692198
1.5508e-09	0.691896
1.55087e-09	0.691594
1.55093e-09	0.691292
1.55099e-09	0.690989
1.55106e-09	0.690687
1.55112e-09	0.690385
1.55119e-09	0.690082
1.55125e-09	0.689779
1.55131e-09	0.689476
1.55138e-09	0.689173
1.55144e-09	0.68887
1.55151e-09	0.688567
1.55157e-09	0.688264
1.55163e-09	0.68796
1.5517e-09	0.687657
1.55176e-09	0.687353
1.55183e-09	0.68705
1.55189e-09	0.686746
1.55195e-09	0.686442
1.55202e-09	0.686138
1.55208e-09	0.685834
1.55215e-09	0.68553
1.55221e-09	0.685226
1.55227e-09	0.684922
1.55234e-09	0.684617
1.5524e-09	0.684313
1.55247e-09	0.684008
1.55253e-09	0.683703
1.55259e-09	0.683398
1.55266e-09	0.683093
1.55272e-09	0.682788
1.55279e-09	0.682483
1.55285e-09	0.682178
1.55291e-09	0.681873
1.55298e-09	0.681567
1.55304e-09	0.681262
1.55311e-09	0.680956
1.55317e-09	0.680651
1.55323e-09	0.680345
1.5533e-09	0.680039
1.55336e-09	0.679733
1.55343e-09	0.679427
1.55349e-09	0.679121
1.55355e-09	0.678814
1.55362e-09	0.678508
1.55368e-09	0.678202
1.55375e-09	0.677895
1.55381e-09	0.677588
1.55387e-09	0.677282
1.55394e-09	0.676975
1.554e-09	0.676668
1.55407e-09	0.676361
1.55413e-09	0.676054
1.55419e-09	0.675747
1.55426e-09	0.675439
1.55432e-09	0.675132
1.55439e-09	0.674824
1.55445e-09	0.674517
1.55451e-09	0.674209
1.55458e-09	0.673901
1.55464e-09	0.673593
1.55471e-09	0.673285
1.55477e-09	0.672977
1.55483e-09	0.672669
1.5549e-09	0.672361
1.55496e-09	0.672053
1.55503e-09	0.671744
1.55509e-09	0.671436
1.55515e-09	0.671127
1.55522e-09	0.670818
1.55528e-09	0.670509
1.55535e-09	0.6702
1.55541e-09	0.669891
1.55547e-09	0.669582
1.55554e-09	0.669273
1.5556e-09	0.668964
1.55567e-09	0.668655
1.55573e-09	0.668345
1.55579e-09	0.668036
1.55586e-09	0.667726
1.55592e-09	0.667416
1.55599e-09	0.667106
1.55605e-09	0.666796
1.55611e-09	0.666486
1.55618e-09	0.666176
1.55624e-09	0.665866
1.55631e-09	0.665556
1.55637e-09	0.665245
1.55643e-09	0.664935
1.5565e-09	0.664624
1.55656e-09	0.664314
1.55663e-09	0.664003
1.55669e-09	0.663692
1.55675e-09	0.663381
1.55682e-09	0.66307
1.55688e-09	0.662759
1.55695e-09	0.662448
1.55701e-09	0.662136
1.55707e-09	0.661825
1.55714e-09	0.661514
1.5572e-09	0.661202
1.55727e-09	0.66089
1.55733e-09	0.660579
1.55739e-09	0.660267
1.55746e-09	0.659955
1.55752e-09	0.659643
1.55759e-09	0.659331
1.55765e-09	0.659019
1.55771e-09	0.658706
1.55778e-09	0.658394
1.55784e-09	0.658081
1.55791e-09	0.657769
1.55797e-09	0.657456
1.55803e-09	0.657143
1.5581e-09	0.656831
1.55816e-09	0.656518
1.55823e-09	0.656205
1.55829e-09	0.655892
1.55835e-09	0.655578
1.55842e-09	0.655265
1.55848e-09	0.654952
1.55855e-09	0.654638
1.55861e-09	0.654325
1.55867e-09	0.654011
1.55874e-09	0.653698
1.5588e-09	0.653384
1.55887e-09	0.65307
1.55893e-09	0.652756
1.55899e-09	0.652442
1.55906e-09	0.652128
1.55912e-09	0.651813
1.55919e-09	0.651499
1.55925e-09	0.651185
1.55931e-09	0.65087
1.55938e-09	0.650556
1.55944e-09	0.650241
1.55951e-09	0.649926
1.55957e-09	0.649611
1.55963e-09	0.649296
1.5597e-09	0.648981
1.55976e-09	0.648666
1.55983e-09	0.648351
1.55989e-09	0.648036
1.55995e-09	0.64772
1.56002e-09	0.647405
1.56008e-09	0.647089
1.56015e-09	0.646774
1.56021e-09	0.646458
1.56027e-09	0.646142
1.56034e-09	0.645826
1.5604e-09	0.64551
1.56047e-09	0.645194
1.56053e-09	0.644878
1.56059e-09	0.644562
1.56066e-09	0.644246
1.56072e-09	0.643929
1.56079e-09	0.643613
1.56085e-09	0.643296
1.56091e-09	0.64298
1.56098e-09	0.642663
1.56104e-09	0.642346
1.56111e-09	0.642029
1.56117e-09	0.641712
1.56123e-09	0.641395
1.5613e-09	0.641078
1.56136e-09	0.640761
1.56143e-09	0.640443
1.56149e-09	0.640126
1.56155e-09	0.639809
1.56162e-09	0.639491
1.56168e-09	0.639173
1.56175e-09	0.638856
1.56181e-09	0.638538
1.56187e-09	0.63822
1.56194e-09	0.637902
1.562e-09	0.637584
1.56207e-09	0.637266
1.56213e-09	0.636947
1.56219e-09	0.636629
1.56226e-09	0.636311
1.56232e-09	0.635992
1.56239e-09	0.635674
1.56245e-09	0.635355
1.56251e-09	0.635036
1.56258e-09	0.634717
1.56264e-09	0.634398
1.56271e-09	0.63408
1.56277e-09	0.63376
1.56283e-09	0.633441
1.5629e-09	0.633122
1.56296e-09	0.632803
1.56303e-09	0.632483
1.56309e-09	0.632164
1.56315e-09	0.631844
1.56322e-09	0.631525
1.56328e-09	0.631205
1.56335e-09	0.630885
1.56341e-09	0.630565
1.56348e-09	0.630245
1.56354e-09	0.629925
1.5636e-09	0.629605
1.56367e-09	0.629285
1.56373e-09	0.628965
1.5638e-09	0.628644
1.56386e-09	0.628324
1.56392e-09	0.628003
1.56399e-09	0.627683
1.56405e-09	0.627362
1.56412e-09	0.627041
1.56418e-09	0.62672
1.56424e-09	0.6264
1.56431e-09	0.626078
1.56437e-09	0.625757
1.56444e-09	0.625436
1.5645e-09	0.625115
1.56456e-09	0.624794
1.56463e-09	0.624472
1.56469e-09	0.624151
1.56476e-09	0.623829
1.56482e-09	0.623508
1.56488e-09	0.623186
1.56495e-09	0.622864
1.56501e-09	0.622542
1.56508e-09	0.62222
1.56514e-09	0.621898
1.5652e-09	0.621576
1.56527e-09	0.621254
1.56533e-09	0.620932
1.5654e-09	0.620609
1.56546e-09	0.620287
1.56552e-09	0.619964
1.56559e-09	0.619642
1.56565e-09	0.619319
1.56572e-09	0.618996
1.56578e-09	0.618674
1.56584e-09	0.618351
1.56591e-09	0.618028
1.56597e-09	0.617705
1.56604e-09	0.617382
1.5661e-09	0.617058
1.56616e-09	0.616735
1.56623e-09	0.616412
1.56629e-09	0.616088
1.56636e-09	0.615765
1.56642e-09	0.615441
1.56648e-09	0.615118
1.56655e-09	0.614794
1.56661e-09	0.61447
1.56668e-09	0.614146
1.56674e-09	0.613822
1.5668e-09	0.613498
1.56687e-09	0.613174
1.56693e-09	0.61285
1.567e-09	0.612526
1.56706e-09	0.612201
1.56712e-09	0.611877
1.56719e-09	0.611552
1.56725e-09	0.611228
1.56732e-09	0.610903
1.56738e-09	0.610578
1.56744e-09	0.610254
1.56751e-09	0.609929
1.56757e-09	0.609604
1.56764e-09	0.609279
1.5677e-09	0.608954
1.56776e-09	0.608628
1.56783e-09	0.608303
1.56789e-09	0.607978
1.56796e-09	0.607652
1.56802e-09	0.607327
1.56808e-09	0.607001
1.56815e-09	0.606676
1.56821e-09	0.60635
1.56828e-09	0.606024
1.56834e-09	0.605699
1.5684e-09	0.605373
1.56847e-09	0.605047
1.56853e-09	0.604721
1.5686e-09	0.604394
1.56866e-09	0.604068
1.56872e-09	0.603742
1.56879e-09	0.603416
1.56885e-09	0.603089
1.56892e-09	0.602763
1.56898e-09	0.602436
1.56904e-09	0.60211
1.56911e-09	0.601783
1.56917e-09	0.601456
1.56924e-09	0.601129
1.5693e-09	0.600802
1.56936e-09	0.600475
1.56943e-09	0.600148
1.56949e-09	0.599821
1.56956e-09	0.599494
1.56962e-09	0.599167
1.56968e-09	0.598839
1.56975e-09	0.598512
1.56981e-09	0.598184
1.56988e-09	0.597857
1.56994e-09	0.597529
1.57e-09	0.597201
1.57007e-09	0.596874
1.57013e-09	0.596546
1.5702e-09	0.596218
1.57026e-09	0.59589
1.57032e-09	0.595562
1.57039e-09	0.595234
1.57045e-09	0.594905
1.57052e-09	0.594577
1.57058e-09	0.594249
1.57064e-09	0.59392
1.57071e-09	0.593592
1.57077e-09	0.593263
1.57084e-09	0.592935
1.5709e-09	0.592606
1.57096e-09	0.592277
1.57103e-09	0.591948
1.57109e-09	0.591619
1.57116e-09	0.59129
1.57122e-09	0.590961
1.57128e-09	0.590632
1.57135e-09	0.590303
1.57141e-09	0.589974
1.57148e-09	0.589645
1.57154e-09	0.589315
1.5716e-09	0.588986
1.57167e-09	0.588656
1.57173e-09	0.588327
1.5718e-09	0.587997
1.57186e-09	0.587667
1.57192e-09	0.587337
1.57199e-09	0.587008
1.57205e-09	0.586678
1.57212e-09	0.586348
1.57218e-09	0.586018
1.57224e-09	0.585687
1.57231e-09	0.585357
1.57237e-09	0.585027
1.57244e-09	0.584697
1.5725e-09	0.584366
1.57256e-09	0.584036
1.57263e-09	0.583705
1.57269e-09	0.583375
1.57276e-09	0.583044
1.57282e-09	0.582713
1.57288e-09	0.582382
1.57295e-09	0.582051
1.57301e-09	0.58172
1.57308e-09	0.581389
1.57314e-09	0.581058
1.5732e-09	0.580727
1.57327e-09	0.580396
1.57333e-09	0.580065
1.5734e-09	0.579733
1.57346e-09	0.579402
1.57352e-09	0.579071
1.57359e-09	0.578739
1.57365e-09	0.578407
1.57372e-09	0.578076
1.57378e-09	0.577744
1.57384e-09	0.577412
1.57391e-09	0.57708
1.57397e-09	0.576748
1.57404e-09	0.576416
1.5741e-09	0.576084
1.57416e-09	0.575752
1.57423e-09	0.57542
1.57429e-09	0.575088
1.57436e-09	0.574755
1.57442e-09	0.574423
1.57448e-09	0.574091
1.57455e-09	0.573758
1.57461e-09	0.573426
1.57468e-09	0.573093
1.57474e-09	0.57276
1.5748e-09	0.572428
1.57487e-09	0.572095
1.57493e-09	0.571762
1.575e-09	0.571429
1.57506e-09	0.571096
1.57512e-09	0.570763
1.57519e-09	0.57043
1.57525e-09	0.570096
1.57532e-09	0.569763
1.57538e-09	0.56943
1.57544e-09	0.569096
1.57551e-09	0.568763
1.57557e-09	0.568429
1.57564e-09	0.568096
1.5757e-09	0.567762
1.57576e-09	0.567428
1.57583e-09	0.567095
1.57589e-09	0.566761
1.57596e-09	0.566427
1.57602e-09	0.566093
1.57608e-09	0.565759
1.57615e-09	0.565425
1.57621e-09	0.565091
1.57628e-09	0.564757
1.57634e-09	0.564422
1.5764e-09	0.564088
1.57647e-09	0.563754
1.57653e-09	0.563419
1.5766e-09	0.563085
1.57666e-09	0.56275
1.57672e-09	0.562415
1.57679e-09	0.562081
1.57685e-09	0.561746
1.57692e-09	0.561411
1.57698e-09	0.561076
1.57704e-09	0.560741
1.57711e-09	0.560406
1.57717e-09	0.560071
1.57724e-09	0.559736
1.5773e-09	0.559401
1.57736e-09	0.559066
1.57743e-09	0.558731
1.57749e-09	0.558395
1.57756e-09	0.55806
1.57762e-09	0.557724
1.57768e-09	0.557389
1.57775e-09	0.557053
1.57781e-09	0.556718
1.57788e-09	0.556382
1.57794e-09	0.556046
1.578e-09	0.55571
1.57807e-09	0.555374
1.57813e-09	0.555038
1.5782e-09	0.554702
1.57826e-09	0.554366
1.57832e-09	0.55403
1.57839e-09	0.553694
1.57845e-09	0.553358
1.57852e-09	0.553022
1.57858e-09	0.552685
1.57864e-09	0.552349
1.57871e-09	0.552012
1.57877e-09	0.551676
1.57884e-09	0.551339
1.5789e-09	0.551003
1.57896e-09	0.550666
1.57903e-09	0.550329
1.57909e-09	0.549992
1.57916e-09	0.549656
1.57922e-09	0.549319
1.57928e-09	0.548982
1.57935e-09	0.548645
1.57941e-09	0.548308
1.57948e-09	0.54797
1.57954e-09	0.547633
1.5796e-09	0.547296
1.57967e-09	0.546959
1.57973e-09	0.546621
1.5798e-09	0.546284
1.57986e-09	0.545946
1.57992e-09	0.545609
1.57999e-09	0.545271
1.58005e-09	0.544934
1.58012e-09	0.544596
1.58018e-09	0.544258
1.58024e-09	0.54392
1.58031e-09	0.543582
1.58037e-09	0.543244
1.58044e-09	0.542907
1.5805e-09	0.542568
1.58056e-09	0.54223
1.58063e-09	0.541892
1.58069e-09	0.541554
1.58076e-09	0.541216
1.58082e-09	0.540877
1.58089e-09	0.540539
1.58095e-09	0.540201
1.58101e-09	0.539862
1.58108e-09	0.539524
1.58114e-09	0.539185
1.58121e-09	0.538846
1.58127e-09	0.538508
1.58133e-09	0.538169
1.5814e-09	0.53783
1.58146e-09	0.537491
1.58153e-09	0.537153
1.58159e-09	0.536814
1.58165e-09	0.536475
1.58172e-09	0.536135
1.58178e-09	0.535796
1.58185e-09	0.535457
1.58191e-09	0.535118
1.58197e-09	0.534779
1.58204e-09	0.534439
1.5821e-09	0.5341
1.58217e-09	0.533761
1.58223e-09	0.533421
1.58229e-09	0.533082
1.58236e-09	0.532742
1.58242e-09	0.532402
1.58249e-09	0.532063
1.58255e-09	0.531723
1.58261e-09	0.531383
1.58268e-09	0.531043
1.58274e-09	0.530703
1.58281e-09	0.530363
1.58287e-09	0.530023
1.58293e-09	0.529683
1.583e-09	0.529343
1.58306e-09	0.529003
1.58313e-09	0.528663
1.58319e-09	0.528323
1.58325e-09	0.527982
1.58332e-09	0.527642
1.58338e-09	0.527302
1.58345e-09	0.526961
1.58351e-09	0.526621
1.58357e-09	0.52628
1.58364e-09	0.52594
1.5837e-09	0.525599
1.58377e-09	0.525258
1.58383e-09	0.524917
1.58389e-09	0.524577
1.58396e-09	0.524236
1.58402e-09	0.523895
1.58409e-09	0.523554
1.58415e-09	0.523213
1.58421e-09	0.522872
1.58428e-09	0.522531
1.58434e-09	0.52219
1.58441e-09	0.521848
1.58447e-09	0.521507
1.58453e-09	0.521166
1.5846e-09	0.520825
1.58466e-09	0.520483
1.58473e-09	0.520142
1.58479e-09	0.5198
1.58485e-09	0.519459
1.58492e-09	0.519117
1.58498e-09	0.518776
1.58505e-09	0.518434
1.58511e-09	0.518092
1.58517e-09	0.51775
1.58524e-09	0.517408
1.5853e-09	0.517067
1.58537e-09	0.516725
1.58543e-09	0.516383
1.58549e-09	0.516041
1.58556e-09	0.515699
1.58562e-09	0.515357
1.58569e-09	0.515014
1.58575e-09	0.514672
1.58581e-09	0.51433
1.58588e-09	0.513988
1.58594e-09	0.513645
1.58601e-09	0.513303
1.58607e-09	0.512961
1.58613e-09	0.512618
1.5862e-09	0.512276
1.58626e-09	0.511933
1.58633e-09	0.51159
1.58639e-09	0.511248
1.58645e-09	0.510905
1.58652e-09	0.510562
1.58658e-09	0.510219
1.58665e-09	0.509877
1.58671e-09	0.509534
1.58677e-09	0.509191
1.58684e-09	0.508848
1.5869e-09	0.508505
1.58697e-09	0.508162
1.58703e-09	0.507819
1.58709e-09	0.507475
1.58716e-09	0.507132
1.58722e-09	0.506789
1.58729e-09	0.506446
1.58735e-09	0.506102
1.58741e-09	0.505759
1.58748e-09	0.505416
1.58754e-09	0.505072
1.58761e-09	0.504729
1.58767e-09	0.504385
1.58773e-09	0.504041
1.5878e-09	0.503698
1.58786e-09	0.503354
1.58793e-09	0.50301
1.58799e-09	0.502667
1.58805e-09	0.502323
1.58812e-09	0.501979
1.58818e-09	0.501635
1.58825e-09	0.501291
1.58831e-09	0.500947
1.58837e-09	0.500603
1.58844e-09	0.500259
1.5885e-09	0.499915
1.58857e-09	0.499571
1.58863e-09	0.499227
1.58869e-09	0.498882
1.58876e-09	0.498538
1.58882e-09	0.498194
1.58889e-09	0.497849
1.58895e-09	0.497505
1.58901e-09	0.497161
1.58908e-09	0.496816
1.58914e-09	0.496472
1.58921e-09	0.496127
1.58927e-09	0.495782
1.58933e-09	0.495438
1.5894e-09	0.495093
1.58946e-09	0.494748
1.58953e-09	0.494403
1.58959e-09	0.494059
1.58965e-09	0.493714
1.58972e-09	0.493369
1.58978e-09	0.493024
1.58985e-09	0.492679
1.58991e-09	0.492334
1.58997e-09	0.491989
1.59004e-09	0.491644
1.5901e-09	0.491299
1.59017e-09	0.490953
1.59023e-09	0.490608
1.59029e-09	0.490263
1.59036e-09	0.489918
1.59042e-09	0.489572
1.59049e-09	0.489227
1.59055e-09	0.488882
1.59061e-09	0.488536
1.59068e-09	0.488191
1.59074e-09	0.487845
1.59081e-09	0.4875
1.59087e-09	0.487154
1.59093e-09	0.486808
1.591e-09	0.486463
1.59106e-09	0.486117
1.59113e-09	0.485771
1.59119e-09	0.485425
1.59125e-09	0.485079
1.59132e-09	0.484734
1.59138e-09	0.484388
1.59145e-09	0.484042
1.59151e-09	0.483696
1.59157e-09	0.48335
1.59164e-09	0.483004
1.5917e-09	0.482657
1.59177e-09	0.482311
1.59183e-09	0.481965
1.59189e-09	0.481619
1.59196e-09	0.481273
1.59202e-09	0.480926
1.59209e-09	0.48058
1.59215e-09	0.480234
1.59221e-09	0.479887
1.59228e-09	0.479541
1.59234e-09	0.479194
1.59241e-09	0.478848
1.59247e-09	0.478501
1.59253e-09	0.478155
1.5926e-09	0.477808
1.59266e-09	0.477461
1.59273e-09	0.477115
1.59279e-09	0.476768
1.59285e-09	0.476421
1.59292e-09	0.476074
1.59298e-09	0.475728
1.59305e-09	0.475381
1.59311e-09	0.475034
1.59317e-09	0.474687
1.59324e-09	0.47434
1.5933e-09	0.473993
1.59337e-09	0.473646
1.59343e-09	0.473299
1.59349e-09	0.472952
1.59356e-09	0.472605
1.59362e-09	0.472257
1.59369e-09	0.47191
1.59375e-09	0.471563
1.59381e-09	0.471216
1.59388e-09	0.470868
1.59394e-09	0.470521
1.59401e-09	0.470174
1.59407e-09	0.469826
1.59413e-09	0.469479
1.5942e-09	0.469131
1.59426e-09	0.468784
1.59433e-09	0.468436
1.59439e-09	0.468088
1.59445e-09	0.467741
1.59452e-09	0.467393
1.59458e-09	0.467046
1.59465e-09	0.466698
1.59471e-09	0.46635
1.59477e-09	0.466002
1.59484e-09	0.465654
1.5949e-09	0.465307
1.59497e-09	0.464959
1.59503e-09	0.464611
1.59509e-09	0.464263
1.59516e-09	0.463915
1.59522e-09	0.463567
1.59529e-09	0.463219
1.59535e-09	0.462871
1.59541e-09	0.462523
1.59548e-09	0.462174
1.59554e-09	0.461826
1.59561e-09	0.461478
1.59567e-09	0.46113
1.59573e-09	0.460782
1.5958e-09	0.460433
1.59586e-09	0.460085
1.59593e-09	0.459737
1.59599e-09	0.459388
1.59605e-09	0.45904
1.59612e-09	0.458691
1.59618e-09	0.458343
1.59625e-09	0.457994
1.59631e-09	0.457646
1.59637e-09	0.457297
1.59644e-09	0.456949
1.5965e-09	0.4566
1.59657e-09	0.456251
1.59663e-09	0.455903
1.59669e-09	0.455554
1.59676e-09	0.455205
1.59682e-09	0.454856
1.59689e-09	0.454508
1.59695e-09	0.454159
1.59701e-09	0.45381
1.59708e-09	0.453461
1.59714e-09	0.453112
1.59721e-09	0.452763
1.59727e-09	0.452414
1.59733e-09	0.452065
1.5974e-09	0.451716
1.59746e-09	0.451367
1.59753e-09	0.451018
1.59759e-09	0.450669
1.59765e-09	0.45032
1.59772e-09	0.44997
1.59778e-09	0.449621
1.59785e-09	0.449272
1.59791e-09	0.448923
1.59797e-09	0.448573
1.59804e-09	0.448224
1.5981e-09	0.447875
1.59817e-09	0.447525
1.59823e-09	0.447176
1.5983e-09	0.446827
1.59836e-09	0.446477
1.59842e-09	0.446128
1.59849e-09	0.445778
1.59855e-09	0.445429
1.59862e-09	0.445079
1.59868e-09	0.444729
1.59874e-09	0.44438
1.59881e-09	0.44403
1.59887e-09	0.44368
1.59894e-09	0.443331
1.599e-09	0.442981
1.59906e-09	0.442631
1.59913e-09	0.442282
1.59919e-09	0.441932
1.59926e-09	0.441582
1.59932e-09	0.441232
1.59938e-09	0.440882
1.59945e-09	0.440532
1.59951e-09	0.440182
1.59958e-09	0.439832
1.59964e-09	0.439482
1.5997e-09	0.439132
1.59977e-09	0.438782
1.59983e-09	0.438432
1.5999e-09	0.438082
1.59996e-09	0.437732
1.60002e-09	0.437382
1.60009e-09	0.437032
1.60015e-09	0.436682
1.60022e-09	0.436331
1.60028e-09	0.435981
1.60034e-09	0.435631
1.60041e-09	0.435281
1.60047e-09	0.43493
1.60054e-09	0.43458
1.6006e-09	0.43423
1.60066e-09	0.433879
1.60073e-09	0.433529
1.60079e-09	0.433179
1.60086e-09	0.432828
1.60092e-09	0.432478
1.60098e-09	0.432127
1.60105e-09	0.431777
1.60111e-09	0.431426
1.60118e-09	0.431076
1.60124e-09	0.430725
1.6013e-09	0.430374
1.60137e-09	0.430024
1.60143e-09	0.429673
1.6015e-09	0.429323
1.60156e-09	0.428972
1.60162e-09	0.428621
1.60169e-09	0.42827
1.60175e-09	0.42792
1.60182e-09	0.427569
1.60188e-09	0.427218
1.60194e-09	0.426867
1.60201e-09	0.426516
1.60207e-09	0.426166
1.60214e-09	0.425815
1.6022e-09	0.425464
1.60226e-09	0.425113
1.60233e-09	0.424762
1.60239e-09	0.424411
1.60246e-09	0.42406
1.60252e-09	0.423709
1.60258e-09	0.423358
1.60265e-09	0.423007
1.60271e-09	0.422656
1.60278e-09	0.422305
1.60284e-09	0.421954
1.6029e-09	0.421603
1.60297e-09	0.421251
1.60303e-09	0.4209
1.6031e-09	0.420549
1.60316e-09	0.420198
1.60322e-09	0.419847
1.60329e-09	0.419495
1.60335e-09	0.419144
1.60342e-09	0.418793
1.60348e-09	0.418441
1.60354e-09	0.41809
1.60361e-09	0.417739
1.60367e-09	0.417387
1.60374e-09	0.417036
1.6038e-09	0.416685
1.60386e-09	0.416333
1.60393e-09	0.415982
1.60399e-09	0.41563
1.60406e-09	0.415279
1.60412e-09	0.414927
1.60418e-09	0.414576
1.60425e-09	0.414224
1.60431e-09	0.413873
1.60438e-09	0.413521
1.60444e-09	0.41317
1.6045e-09	0.412818
1.60457e-09	0.412466
1.60463e-09	0.412115
1.6047e-09	0.411763
1.60476e-09	0.411411
1.60482e-09	0.41106
1.60489e-09	0.410708
1.60495e-09	0.410356
1.60502e-09	0.410005
1.60508e-09	0.409653
1.60514e-09	0.409301
1.60521e-09	0.408949
1.60527e-09	0.408598
1.60534e-09	0.408246
1.6054e-09	0.407894
1.60546e-09	0.407542
1.60553e-09	0.40719
1.60559e-09	0.406838
1.60566e-09	0.406486
1.60572e-09	0.406134
1.60578e-09	0.405783
1.60585e-09	0.405431
1.60591e-09	0.405079
1.60598e-09	0.404727
1.60604e-09	0.404375
1.6061e-09	0.404023
1.60617e-09	0.403671
1.60623e-09	0.403319
1.6063e-09	0.402967
1.60636e-09	0.402615
1.60642e-09	0.402262
1.60649e-09	0.40191
1.60655e-09	0.401558
1.60662e-09	0.401206
1.60668e-09	0.400854
1.60674e-09	0.400502
1.60681e-09	0.40015
1.60687e-09	0.399797
1.60694e-09	0.399445
1.607e-09	0.399093
1.60706e-09	0.398741
1.60713e-09	0.398389
1.60719e-09	0.398036
1.60726e-09	0.397684
1.60732e-09	0.397332
1.60738e-09	0.39698
1.60745e-09	0.396627
1.60751e-09	0.396275
1.60758e-09	0.395923
1.60764e-09	0.39557
1.6077e-09	0.395218
1.60777e-09	0.394866
1.60783e-09	0.394513
1.6079e-09	0.394161
1.60796e-09	0.393808
1.60802e-09	0.393456
1.60809e-09	0.393104
1.60815e-09	0.392751
1.60822e-09	0.392399
1.60828e-09	0.392046
1.60834e-09	0.391694
1.60841e-09	0.391341
1.60847e-09	0.390989
1.60854e-09	0.390636
1.6086e-09	0.390284
1.60866e-09	0.389931
1.60873e-09	0.389579
1.60879e-09	0.389226
1.60886e-09	0.388874
1.60892e-09	0.388521
1.60898e-09	0.388168
1.60905e-09	0.387816
1.60911e-09	0.387463
1.60918e-09	0.387111
1.60924e-09	0.386758
1.6093e-09	0.386405
1.60937e-09	0.386053
1.60943e-09	0.3857
1.6095e-09	0.385347
1.60956e-09	0.384995
1.60962e-09	0.384642
1.60969e-09	0.384289
1.60975e-09	0.383937
1.60982e-09	0.383584
1.60988e-09	0.383231
1.60994e-09	0.382878
1.61001e-09	0.382526
1.61007e-09	0.382173
1.61014e-09	0.38182
1.6102e-09	0.381467
1.61026e-09	0.381115
1.61033e-09	0.380762
1.61039e-09	0.380409
1.61046e-09	0.380056
1.61052e-09	0.379703
1.61058e-09	0.379351
1.61065e-09	0.378998
1.61071e-09	0.378645
1.61078e-09	0.378292
1.61084e-09	0.377939
1.6109e-09	0.377586
1.61097e-09	0.377233
1.61103e-09	0.376881
1.6111e-09	0.376528
1.61116e-09	0.376175
1.61122e-09	0.375822
1.61129e-09	0.375469
1.61135e-09	0.375116
1.61142e-09	0.374763
1.61148e-09	0.37441
1.61154e-09	0.374057
1.61161e-09	0.373704
1.61167e-09	0.373351
1.61174e-09	0.372998
1.6118e-09	0.372645
1.61186e-09	0.372292
1.61193e-09	0.37194
1.61199e-09	0.371587
1.61206e-09	0.371234
1.61212e-09	0.370881
1.61218e-09	0.370528
1.61225e-09	0.370175
1.61231e-09	0.369822
1.61238e-09	0.369469
1.61244e-09	0.369116
1.6125e-09	0.368762
1.61257e-09	0.368409
1.61263e-09	0.368056
1.6127e-09	0.367703
1.61276e-09	0.36735
1.61282e-09	0.366997
1.61289e-09	0.366644
1.61295e-09	0.366291
1.61302e-09	0.365938
1.61308e-09	0.365585
1.61314e-09	0.365232
1.61321e-09	0.364879
1.61327e-09	0.364526
1.61334e-09	0.364173
1.6134e-09	0.36382
1.61346e-09	0.363467
1.61353e-09	0.363113
1.61359e-09	0.36276
1.61366e-09	0.362407
1.61372e-09	0.362054
1.61378e-09	0.361701
1.61385e-09	0.361348
1.61391e-09	0.360995
1.61398e-09	0.360642
1.61404e-09	0.360289
1.6141e-09	0.359935
1.61417e-09	0.359582
1.61423e-09	0.359229
1.6143e-09	0.358876
1.61436e-09	0.358523
1.61442e-09	0.35817
1.61449e-09	0.357817
1.61455e-09	0.357463
1.61462e-09	0.35711
1.61468e-09	0.356757
1.61474e-09	0.356404
1.61481e-09	0.356051
1.61487e-09	0.355698
1.61494e-09	0.355345
1.615e-09	0.354991
1.61506e-09	0.354638
1.61513e-09	0.354285
1.61519e-09	0.353932
1.61526e-09	0.353579
1.61532e-09	0.353226
1.61538e-09	0.352872
1.61545e-09	0.352519
1.61551e-09	0.352166
1.61558e-09	0.351813
1.61564e-09	0.35146
1.61571e-09	0.351107
1.61577e-09	0.350753
1.61583e-09	0.3504
1.6159e-09	0.350047
1.61596e-09	0.349694
1.61603e-09	0.349341
1.61609e-09	0.348988
1.61615e-09	0.348634
1.61622e-09	0.348281
1.61628e-09	0.347928
1.61635e-09	0.347575
1.61641e-09	0.347222
1.61647e-09	0.346869
1.61654e-09	0.346515
1.6166e-09	0.346162
1.61667e-09	0.345809
1.61673e-09	0.345456
1.61679e-09	0.345103
1.61686e-09	0.34475
1.61692e-09	0.344396
1.61699e-09	0.344043
1.61705e-09	0.34369
1.61711e-09	0.343337
1.61718e-09	0.342984
1.61724e-09	0.342631
1.61731e-09	0.342277
1.61737e-09	0.341924
1.61743e-09	0.341571
1.6175e-09	0.341218
1.61756e-09	0.340865
1.61763e-09	0.340512
1.61769e-09	0.340159
1.61775e-09	0.339805
1.61782e-09	0.339452
1.61788e-09	0.339099
1.61795e-09	0.338746
1.61801e-09	0.338393
1.61807e-09	0.33804
1.61814e-09	0.337687
1.6182e-09	0.337334
1.61827e-09	0.33698
1.61833e-09	0.336627
1.61839e-09	0.336274
1.61846e-09	0.335921
1.61852e-09	0.335568
1.61859e-09	0.335215
1.61865e-09	0.334862
1.61871e-09	0.334509
1.61878e-09	0.334156
1.61884e-09	0.333803
1.61891e-09	0.33345
1.61897e-09	0.333097
1.61903e-09	0.332743
1.6191e-09	0.33239
1.61916e-09	0.332037
1.61923e-09	0.331684
1.61929e-09	0.331331
1.61935e-09	0.330978
1.61942e-09	0.330625
1.61948e-09	0.330272
1.61955e-09	0.329919
1.61961e-09	0.329566
1.61967e-09	0.329213
1.61974e-09	0.32886
1.6198e-09	0.328507
1.61987e-09	0.328154
1.61993e-09	0.327801
1.61999e-09	0.327448
1.62006e-09	0.327095
1.62012e-09	0.326742
1.62019e-09	0.326389
1.62025e-09	0.326036
1.62031e-09	0.325683
1.62038e-09	0.32533
1.62044e-09	0.324977
1.62051e-09	0.324624
1.62057e-09	0.324272
1.62063e-09	0.323919
1.6207e-09	0.323566
1.62076e-09	0.323213
1.62083e-09	0.32286
1.62089e-09	0.322507
1.62095e-09	0.322154
1.62102e-09	0.321801
1.62108e-09	0.321448
1.62115e-09	0.321095
1.62121e-09	0.320743
1.62127e-09	0.32039
1.62134e-09	0.320037
1.6214e-09	0.319684
1.62147e-09	0.319331
1.62153e-09	0.318978
1.62159e-09	0.318626
1.62166e-09	0.318273
1.62172e-09	0.31792
1.62179e-09	0.317567
1.62185e-09	0.317215
1.62191e-09	0.316862
1.62198e-09	0.316509
1.62204e-09	0.316156
1.62211e-09	0.315804
1.62217e-09	0.315451
1.62223e-09	0.315098
1.6223e-09	0.314745
1.62236e-09	0.314393
1.62243e-09	0.31404
1.62249e-09	0.313687
1.62255e-09	0.313335
1.62262e-09	0.312982
1.62268e-09	0.312629
1.62275e-09	0.312277
1.62281e-09	0.311924
1.62287e-09	0.311571
1.62294e-09	0.311219
1.623e-09	0.310866
1.62307e-09	0.310514
1.62313e-09	0.310161
1.62319e-09	0.309808
1.62326e-09	0.309456
1.62332e-09	0.309103
1.62339e-09	0.308751
1.62345e-09	0.308398
1.62351e-09	0.308046
1.62358e-09	0.307693
1.62364e-09	0.307341
1.62371e-09	0.306988
1.62377e-09	0.306636
1.62383e-09	0.306283
1.6239e-09	0.305931
1.62396e-09	0.305579
1.62403e-09	0.305226
1.62409e-09	0.304874
1.62415e-09	0.304521
1.62422e-09	0.304169
1.62428e-09	0.303817
1.62435e-09	0.303464
1.62441e-09	0.303112
1.62447e-09	0.302759
1.62454e-09	0.302407
1.6246e-09	0.302055
1.62467e-09	0.301703
1.62473e-09	0.30135
1.62479e-09	0.300998
1.62486e-09	0.300646
1.62492e-09	0.300294
1.62499e-09	0.299941
1.62505e-09	0.299589
1.62511e-09	0.299237
1.62518e-09	0.298885
1.62524e-09	0.298532
1.62531e-09	0.29818
1.62537e-09	0.297828
1.62543e-09	0.297476
1.6255e-09	0.297124
1.62556e-09	0.296772
1.62563e-09	0.29642
1.62569e-09	0.296068
1.62575e-09	0.295716
1.62582e-09	0.295364
1.62588e-09	0.295011
1.62595e-09	0.294659
1.62601e-09	0.294307
1.62607e-09	0.293955
1.62614e-09	0.293603
1.6262e-09	0.293252
1.62627e-09	0.2929
1.62633e-09	0.292548
1.62639e-09	0.292196
1.62646e-09	0.291844
1.62652e-09	0.291492
1.62659e-09	0.29114
1.62665e-09	0.290788
1.62671e-09	0.290436
1.62678e-09	0.290085
1.62684e-09	0.289733
1.62691e-09	0.289381
1.62697e-09	0.289029
1.62703e-09	0.288677
1.6271e-09	0.288326
1.62716e-09	0.287974
1.62723e-09	0.287622
1.62729e-09	0.287271
1.62735e-09	0.286919
1.62742e-09	0.286567
1.62748e-09	0.286216
1.62755e-09	0.285864
1.62761e-09	0.285512
1.62767e-09	0.285161
1.62774e-09	0.284809
1.6278e-09	0.284458
1.62787e-09	0.284106
1.62793e-09	0.283755
1.62799e-09	0.283403
1.62806e-09	0.283052
1.62812e-09	0.2827
1.62819e-09	0.282349
1.62825e-09	0.281997
1.62831e-09	0.281646
1.62838e-09	0.281294
1.62844e-09	0.280943
1.62851e-09	0.280592
1.62857e-09	0.28024
1.62863e-09	0.279889
1.6287e-09	0.279538
1.62876e-09	0.279186
1.62883e-09	0.278835
1.62889e-09	0.278484
1.62895e-09	0.278133
1.62902e-09	0.277782
1.62908e-09	0.27743
1.62915e-09	0.277079
1.62921e-09	0.276728
1.62927e-09	0.276377
1.62934e-09	0.276026
1.6294e-09	0.275675
1.62947e-09	0.275324
1.62953e-09	0.274973
1.62959e-09	0.274622
1.62966e-09	0.274271
1.62972e-09	0.27392
1.62979e-09	0.273569
1.62985e-09	0.273218
1.62991e-09	0.272867
1.62998e-09	0.272516
1.63004e-09	0.272165
1.63011e-09	0.271814
1.63017e-09	0.271463
1.63023e-09	0.271112
1.6303e-09	0.270762
1.63036e-09	0.270411
1.63043e-09	0.27006
1.63049e-09	0.269709
1.63055e-09	0.269359
1.63062e-09	0.269008
1.63068e-09	0.268657
1.63075e-09	0.268307
1.63081e-09	0.267956
1.63087e-09	0.267605
1.63094e-09	0.267255
1.631e-09	0.266904
1.63107e-09	0.266554
1.63113e-09	0.266203
1.63119e-09	0.265853
1.63126e-09	0.265502
1.63132e-09	0.265152
1.63139e-09	0.264801
1.63145e-09	0.264451
1.63151e-09	0.2641
1.63158e-09	0.26375
1.63164e-09	0.2634
1.63171e-09	0.263049
1.63177e-09	0.262699
1.63183e-09	0.262349
1.6319e-09	0.261999
1.63196e-09	0.261648
1.63203e-09	0.261298
1.63209e-09	0.260948
1.63215e-09	0.260598
1.63222e-09	0.260248
1.63228e-09	0.259898
1.63235e-09	0.259548
1.63241e-09	0.259197
1.63247e-09	0.258847
1.63254e-09	0.258497
1.6326e-09	0.258147
1.63267e-09	0.257797
1.63273e-09	0.257448
1.63279e-09	0.257098
1.63286e-09	0.256748
1.63292e-09	0.256398
1.63299e-09	0.256048
1.63305e-09	0.255698
1.63311e-09	0.255348
1.63318e-09	0.254999
1.63324e-09	0.254649
1.63331e-09	0.254299
1.63337e-09	0.25395
1.63344e-09	0.2536
1.6335e-09	0.25325
1.63356e-09	0.252901
1.63363e-09	0.252551
1.63369e-09	0.252201
1.63376e-09	0.251852
1.63382e-09	0.251502
1.63388e-09	0.251153
1.63395e-09	0.250803
1.63401e-09	0.250454
1.63408e-09	0.250105
1.63414e-09	0.249755
1.6342e-09	0.249406
1.63427e-09	0.249057
1.63433e-09	0.248707
1.6344e-09	0.248358
1.63446e-09	0.248009
1.63452e-09	0.24766
1.63459e-09	0.24731
1.63465e-09	0.246961
1.63472e-09	0.246612
1.63478e-09	0.246263
1.63484e-09	0.245914
1.63491e-09	0.245565
1.63497e-09	0.245216
1.63504e-09	0.244867
1.6351e-09	0.244518
1.63516e-09	0.244169
1.63523e-09	0.24382
1.63529e-09	0.243471
1.63536e-09	0.243122
1.63542e-09	0.242773
1.63548e-09	0.242425
1.63555e-09	0.242076
1.63561e-09	0.241727
1.63568e-09	0.241378
1.63574e-09	0.24103
1.6358e-09	0.240681
1.63587e-09	0.240332
1.63593e-09	0.239984
1.636e-09	0.239635
1.63606e-09	0.239287
1.63612e-09	0.238938
1.63619e-09	0.23859
1.63625e-09	0.238241
1.63632e-09	0.237893
1.63638e-09	0.237545
1.63644e-09	0.237196
1.63651e-09	0.236848
1.63657e-09	0.2365
1.63664e-09	0.236151
1.6367e-09	0.235803
1.63676e-09	0.235455
1.63683e-09	0.235107
1.63689e-09	0.234758
1.63696e-09	0.23441
1.63702e-09	0.234062
1.63708e-09	0.233714
1.63715e-09	0.233366
1.63721e-09	0.233018
1.63728e-09	0.23267
1.63734e-09	0.232322
1.6374e-09	0.231974
1.63747e-09	0.231626
1.63753e-09	0.231279
1.6376e-09	0.230931
1.63766e-09	0.230583
1.63772e-09	0.230235
1.63779e-09	0.229888
1.63785e-09	0.22954
1.63792e-09	0.229192
1.63798e-09	0.228845
1.63804e-09	0.228497
1.63811e-09	0.228149
1.63817e-09	0.227802
1.63824e-09	0.227454
1.6383e-09	0.227107
1.63836e-09	0.22676
1.63843e-09	0.226412
1.63849e-09	0.226065
1.63856e-09	0.225717
1.63862e-09	0.22537
1.63868e-09	0.225023
1.63875e-09	0.224676
1.63881e-09	0.224328
1.63888e-09	0.223981
1.63894e-09	0.223634
1.639e-09	0.223287
1.63907e-09	0.22294
1.63913e-09	0.222593
1.6392e-09	0.222246
1.63926e-09	0.221899
1.63932e-09	0.221552
1.63939e-09	0.221205
1.63945e-09	0.220858
1.63952e-09	0.220512
1.63958e-09	0.220165
1.63964e-09	0.219818
1.63971e-09	0.219471
1.63977e-09	0.219125
1.63984e-09	0.218778
1.6399e-09	0.218431
1.63996e-09	0.218085
1.64003e-09	0.217738
1.64009e-09	0.217392
1.64016e-09	0.217045
1.64022e-09	0.216699
1.64028e-09	0.216352
1.64035e-09	0.216006
1.64041e-09	0.21566
1.64048e-09	0.215313
1.64054e-09	0.214967
1.6406e-09	0.214621
1.64067e-09	0.214274
1.64073e-09	0.213928
1.6408e-09	0.213582
1.64086e-09	0.213236
1.64092e-09	0.21289
1.64099e-09	0.212544
1.64105e-09	0.212198
1.64112e-09	0.211852
1.64118e-09	0.211506
1.64124e-09	0.21116
1.64131e-09	0.210814
1.64137e-09	0.210469
1.64144e-09	0.210123
1.6415e-09	0.209777
1.64156e-09	0.209431
1.64163e-09	0.209086
1.64169e-09	0.20874
1.64176e-09	0.208395
1.64182e-09	0.208049
1.64188e-09	0.207704
1.64195e-09	0.207358
1.64201e-09	0.207013
1.64208e-09	0.206667
1.64214e-09	0.206322
1.6422e-09	0.205977
1.64227e-09	0.205631
1.64233e-09	0.205286
1.6424e-09	0.204941
1.64246e-09	0.204596
1.64252e-09	0.20425
1.64259e-09	0.203905
1.64265e-09	0.20356
1.64272e-09	0.203215
1.64278e-09	0.20287
1.64284e-09	0.202525
1.64291e-09	0.202181
1.64297e-09	0.201836
1.64304e-09	0.201491
1.6431e-09	0.201146
1.64316e-09	0.200801
1.64323e-09	0.200457
1.64329e-09	0.200112
1.64336e-09	0.199767
1.64342e-09	0.199423
1.64348e-09	0.199078
1.64355e-09	0.198734
1.64361e-09	0.198389
1.64368e-09	0.198045
1.64374e-09	0.1977
1.6438e-09	0.197356
1.64387e-09	0.197012
1.64393e-09	0.196667
1.644e-09	0.196323
1.64406e-09	0.195979
1.64412e-09	0.195635
1.64419e-09	0.195291
1.64425e-09	0.194947
1.64432e-09	0.194603
1.64438e-09	0.194259
1.64444e-09	0.193915
1.64451e-09	0.193571
1.64457e-09	0.193227
1.64464e-09	0.192883
1.6447e-09	0.192539
1.64476e-09	0.192196
1.64483e-09	0.191852
1.64489e-09	0.191508
1.64496e-09	0.191165
1.64502e-09	0.190821
1.64508e-09	0.190477
1.64515e-09	0.190134
1.64521e-09	0.189791
1.64528e-09	0.189447
1.64534e-09	0.189104
1.6454e-09	0.18876
1.64547e-09	0.188417
1.64553e-09	0.188074
1.6456e-09	0.187731
1.64566e-09	0.187388
1.64572e-09	0.187044
1.64579e-09	0.186701
1.64585e-09	0.186358
1.64592e-09	0.186015
1.64598e-09	0.185672
1.64604e-09	0.18533
1.64611e-09	0.184987
1.64617e-09	0.184644
1.64624e-09	0.184301
1.6463e-09	0.183958
1.64636e-09	0.183616
1.64643e-09	0.183273
1.64649e-09	0.18293
1.64656e-09	0.182588
1.64662e-09	0.182245
1.64668e-09	0.181903
1.64675e-09	0.18156
1.64681e-09	0.181218
1.64688e-09	0.180876
1.64694e-09	0.180533
1.647e-09	0.180191
1.64707e-09	0.179849
1.64713e-09	0.179507
1.6472e-09	0.179165
1.64726e-09	0.178823
1.64732e-09	0.178481
1.64739e-09	0.178139
1.64745e-09	0.177797
1.64752e-09	0.177455
1.64758e-09	0.177113
1.64764e-09	0.176771
1.64771e-09	0.176429
1.64777e-09	0.176088
1.64784e-09	0.175746
1.6479e-09	0.175404
1.64796e-09	0.175063
1.64803e-09	0.174721
1.64809e-09	0.17438
1.64816e-09	0.174038
1.64822e-09	0.173697
1.64828e-09	0.173356
1.64835e-09	0.173014
1.64841e-09	0.172673
1.64848e-09	0.172332
1.64854e-09	0.171991
1.6486e-09	0.17165
1.64867e-09	0.171309
1.64873e-09	0.170968
1.6488e-09	0.170627
1.64886e-09	0.170286
1.64892e-09	0.169945
1.64899e-09	0.169604
1.64905e-09	0.169263
1.64912e-09	0.168922
1.64918e-09	0.168582
1.64924e-09	0.168241
1.64931e-09	0.1679
1.64937e-09	0.16756
1.64944e-09	0.167219
1.6495e-09	0.166879
1.64956e-09	0.166538
1.64963e-09	0.166198
1.64969e-09	0.165858
1.64976e-09	0.165518
1.64982e-09	0.165177
1.64988e-09	0.164837
1.64995e-09	0.164497
1.65001e-09	0.164157
1.65008e-09	0.163817
1.65014e-09	0.163477
1.6502e-09	0.163137
1.65027e-09	0.162797
1.65033e-09	0.162457
1.6504e-09	0.162117
1.65046e-09	0.161778
1.65052e-09	0.161438
1.65059e-09	0.161098
1.65065e-09	0.160759
1.65072e-09	0.160419
1.65078e-09	0.16008
1.65085e-09	0.15974
1.65091e-09	0.159401
1.65097e-09	0.159062
1.65104e-09	0.158722
1.6511e-09	0.158383
1.65117e-09	0.158044
1.65123e-09	0.157705
1.65129e-09	0.157366
1.65136e-09	0.157027
1.65142e-09	0.156688
1.65149e-09	0.156349
1.65155e-09	0.15601
1.65161e-09	0.155671
1.65168e-09	0.155332
1.65174e-09	0.154993
1.65181e-09	0.154655
1.65187e-09	0.154316
1.65193e-09	0.153977
1.652e-09	0.153639
1.65206e-09	0.1533
1.65213e-09	0.152962
1.65219e-09	0.152624
1.65225e-09	0.152285
1.65232e-09	0.151947
1.65238e-09	0.151609
1.65245e-09	0.15127
1.65251e-09	0.150932
1.65257e-09	0.150594
1.65264e-09	0.150256
1.6527e-09	0.149918
1.65277e-09	0.14958
1.65283e-09	0.149242
1.65289e-09	0.148905
1.65296e-09	0.148567
1.65302e-09	0.148229
1.65309e-09	0.147891
1.65315e-09	0.147554
1.65321e-09	0.147216
1.65328e-09	0.146879
1.65334e-09	0.146541
1.65341e-09	0.146204
1.65347e-09	0.145867
1.65353e-09	0.145529
1.6536e-09	0.145192
1.65366e-09	0.144855
1.65373e-09	0.144518
1.65379e-09	0.144181
1.65385e-09	0.143844
1.65392e-09	0.143507
1.65398e-09	0.14317
1.65405e-09	0.142833
1.65411e-09	0.142496
1.65417e-09	0.142159
1.65424e-09	0.141822
1.6543e-09	0.141486
1.65437e-09	0.141149
1.65443e-09	0.140813
1.65449e-09	0.140476
1.65456e-09	0.14014
1.65462e-09	0.139803
1.65469e-09	0.139467
1.65475e-09	0.139131
1.65481e-09	0.138794
1.65488e-09	0.138458
1.65494e-09	0.138122
1.65501e-09	0.137786
1.65507e-09	0.13745
1.65513e-09	0.137114
1.6552e-09	0.136778
1.65526e-09	0.136442
1.65533e-09	0.136107
1.65539e-09	0.135771
1.65545e-09	0.135435
1.65552e-09	0.135099
1.65558e-09	0.134764
1.65565e-09	0.134428
1.65571e-09	0.134093
1.65577e-09	0.133757
1.65584e-09	0.133422
1.6559e-09	0.133087
1.65597e-09	0.132752
1.65603e-09	0.132416
1.65609e-09	0.132081
1.65616e-09	0.131746
1.65622e-09	0.131411
1.65629e-09	0.131076
1.65635e-09	0.130741
1.65641e-09	0.130406
1.65648e-09	0.130072
1.65654e-09	0.129737
1.65661e-09	0.129402
1.65667e-09	0.129068
1.65673e-09	0.128733
1.6568e-09	0.128399
1.65686e-09	0.128064
1.65693e-09	0.12773
1.65699e-09	0.127395
1.65705e-09	0.127061
1.65712e-09	0.126727
1.65718e-09	0.126393
1.65725e-09	0.126059
1.65731e-09	0.125725
1.65737e-09	0.125391
1.65744e-09	0.125057
1.6575e-09	0.124723
1.65757e-09	0.124389
1.65763e-09	0.124055
1.65769e-09	0.123721
1.65776e-09	0.123388
1.65782e-09	0.123054
1.65789e-09	0.122721
1.65795e-09	0.122387
1.65801e-09	0.122054
1.65808e-09	0.12172
1.65814e-09	0.121387
1.65821e-09	0.121054
1.65827e-09	0.120721
1.65833e-09	0.120388
1.6584e-09	0.120055
1.65846e-09	0.119722
1.65853e-09	0.119389
1.65859e-09	0.119056
1.65865e-09	0.118723
1.65872e-09	0.11839
1.65878e-09	0.118057
1.65885e-09	0.117725
1.65891e-09	0.117392
1.65897e-09	0.11706
1.65904e-09	0.116727
1.6591e-09	0.116395
1.65917e-09	0.116062
1.65923e-09	0.11573
1.65929e-09	0.115398
1.65936e-09	0.115066
1.65942e-09	0.114734
1.65949e-09	0.114402
1.65955e-09	0.11407
1.65961e-09	0.113738
1.65968e-09	0.113406
1.65974e-09	0.113074
1.65981e-09	0.112742
1.65987e-09	0.112411
1.65993e-09	0.112079
1.66e-09	0.111747
1.66006e-09	0.111416
1.66013e-09	0.111084
1.66019e-09	0.110753
1.66025e-09	0.110422
1.66032e-09	0.11009
1.66038e-09	0.109759
1.66045e-09	0.109428
1.66051e-09	0.109097
1.66057e-09	0.108766
1.66064e-09	0.108435
1.6607e-09	0.108104
1.66077e-09	0.107773
1.66083e-09	0.107443
1.66089e-09	0.107112
1.66096e-09	0.106781
1.66102e-09	0.106451
1.66109e-09	0.10612
1.66115e-09	0.10579
1.66121e-09	0.105459
1.66128e-09	0.105129
1.66134e-09	0.104799
1.66141e-09	0.104468
1.66147e-09	0.104138
1.66153e-09	0.103808
1.6616e-09	0.103478
1.66166e-09	0.103148
1.66173e-09	0.102818
1.66179e-09	0.102488
1.66185e-09	0.102159
1.66192e-09	0.101829
1.66198e-09	0.101499
1.66205e-09	0.10117
1.66211e-09	0.10084
1.66217e-09	0.100511
1.66224e-09	0.100181
1.6623e-09	0.099852
1.66237e-09	0.0995228
1.66243e-09	0.0991936
1.66249e-09	0.0988644
1.66256e-09	0.0985353
1.66262e-09	0.0982063
1.66269e-09	0.0978774
1.66275e-09	0.0975485
1.66281e-09	0.0972197
1.66288e-09	0.0968909
1.66294e-09	0.0965622
1.66301e-09	0.0962336
1.66307e-09	0.0959051
1.66313e-09	0.0955766
1.6632e-09	0.0952481
1.66326e-09	0.0949198
1.66333e-09	0.0945915
1.66339e-09	0.0942632
1.66345e-09	0.0939351
1.66352e-09	0.093607
1.66358e-09	0.0932789
1.66365e-09	0.0929509
1.66371e-09	0.092623
1.66377e-09	0.0922952
1.66384e-09	0.0919674
1.6639e-09	0.0916397
1.66397e-09	0.091312
1.66403e-09	0.0909844
1.66409e-09	0.0906569
1.66416e-09	0.0903295
1.66422e-09	0.0900021
1.66429e-09	0.0896748
1.66435e-09	0.0893475
1.66441e-09	0.0890203
1.66448e-09	0.0886932
1.66454e-09	0.0883662
1.66461e-09	0.0880392
1.66467e-09	0.0877122
1.66473e-09	0.0873854
1.6648e-09	0.0870586
1.66486e-09	0.0867319
1.66493e-09	0.0864052
1.66499e-09	0.0860786
1.66505e-09	0.0857521
1.66512e-09	0.0854256
1.66518e-09	0.0850992
1.66525e-09	0.0847729
1.66531e-09	0.0844467
1.66537e-09	0.0841205
1.66544e-09	0.0837944
1.6655e-09	0.0834683
1.66557e-09	0.0831423
1.66563e-09	0.0828164
1.66569e-09	0.0824905
1.66576e-09	0.0821648
1.66582e-09	0.081839
1.66589e-09	0.0815134
1.66595e-09	0.0811878
1.66601e-09	0.0808623
1.66608e-09	0.0805369
1.66614e-09	0.0802115
1.66621e-09	0.0798862
1.66627e-09	0.0795609
1.66633e-09	0.0792358
1.6664e-09	0.0789107
1.66646e-09	0.0785856
1.66653e-09	0.0782607
1.66659e-09	0.0779358
1.66665e-09	0.0776109
1.66672e-09	0.0772862
1.66678e-09	0.0769615
1.66685e-09	0.0766369
1.66691e-09	0.0763123
1.66697e-09	0.0759878
1.66704e-09	0.0756634
1.6671e-09	0.0753391
1.66717e-09	0.0750148
1.66723e-09	0.0746906
1.66729e-09	0.0743664
1.66736e-09	0.0740424
1.66742e-09	0.0737184
1.66749e-09	0.0733944
1.66755e-09	0.0730706
1.66761e-09	0.0727468
1.66768e-09	0.0724231
1.66774e-09	0.0720994
1.66781e-09	0.0717758
1.66787e-09	0.0714523
1.66793e-09	0.0711289
1.668e-09	0.0708055
1.66806e-09	0.0704822
1.66813e-09	0.070159
1.66819e-09	0.0698358
1.66826e-09	0.0695127
1.66832e-09	0.0691897
1.66838e-09	0.0688668
1.66845e-09	0.0685439
1.66851e-09	0.0682211
1.66858e-09	0.0678984
1.66864e-09	0.0675757
1.6687e-09	0.0672531
1.66877e-09	0.0669306
1.66883e-09	0.0666081
1.6689e-09	0.0662858
1.66896e-09	0.0659635
1.66902e-09	0.0656412
1.66909e-09	0.0653191
1.66915e-09	0.064997
1.66922e-09	0.064675
1.66928e-09	0.064353
1.66934e-09	0.0640311
1.66941e-09	0.0637093
1.66947e-09	0.0633876
1.66954e-09	0.0630659
1.6696e-09	0.0627443
1.66966e-09	0.0624228
1.66973e-09	0.0621014
1.66979e-09	0.06178
1.66986e-09	0.0614587
1.66992e-09	0.0611375
1.66998e-09	0.0608163
1.67005e-09	0.0604952
1.67011e-09	0.0601742
1.67018e-09	0.0598533
1.67024e-09	0.0595324
1.6703e-09	0.0592116
1.67037e-09	0.0588909
1.67043e-09	0.0585703
1.6705e-09	0.0582497
1.67056e-09	0.0579292
1.67062e-09	0.0576088
1.67069e-09	0.0572884
1.67075e-09	0.0569681
1.67082e-09	0.0566479
1.67088e-09	0.0563278
1.67094e-09	0.0560077
1.67101e-09	0.0556877
1.67107e-09	0.0553678
1.67114e-09	0.055048
1.6712e-09	0.0547282
1.67126e-09	0.0544085
1.67133e-09	0.0540889
1.67139e-09	0.0537694
1.67146e-09	0.0534499
1.67152e-09	0.0531305
1.67158e-09	0.0528112
1.67165e-09	0.052492
1.67171e-09	0.0521728
1.67178e-09	0.0518537
1.67184e-09	0.0515347
1.6719e-09	0.0512157
1.67197e-09	0.0508968
1.67203e-09	0.0505781
1.6721e-09	0.0502593
1.67216e-09	0.0499407
1.67222e-09	0.0496221
1.67229e-09	0.0493036
1.67235e-09	0.0489852
1.67242e-09	0.0486668
1.67248e-09	0.0483486
1.67254e-09	0.0480304
1.67261e-09	0.0477123
1.67267e-09	0.0473942
1.67274e-09	0.0470762
1.6728e-09	0.0467583
1.67286e-09	0.0464405
1.67293e-09	0.0461228
1.67299e-09	0.0458051
1.67306e-09	0.0454875
1.67312e-09	0.04517
1.67318e-09	0.0448526
1.67325e-09	0.0445352
1.67331e-09	0.0442179
1.67338e-09	0.0439007
1.67344e-09	0.0435836
1.6735e-09	0.0432665
1.67357e-09	0.0429495
1.67363e-09	0.0426326
1.6737e-09	0.0423158
1.67376e-09	0.0419991
1.67382e-09	0.0416824
1.67389e-09	0.0413658
1.67395e-09	0.0410493
1.67402e-09	0.0407328
1.67408e-09	0.0404165
1.67414e-09	0.0401002
1.67421e-09	0.039784
1.67427e-09	0.0394678
1.67434e-09	0.0391518
1.6744e-09	0.0388358
1.67446e-09	0.0385199
1.67453e-09	0.0382041
1.67459e-09	0.0378883
1.67466e-09	0.0375726
1.67472e-09	0.037257
1.67478e-09	0.0369415
1.67485e-09	0.0366261
1.67491e-09	0.0363107
1.67498e-09	0.0359955
1.67504e-09	0.0356803
1.6751e-09	0.0353651
1.67517e-09	0.0350501
1.67523e-09	0.0347351
1.6753e-09	0.0344202
1.67536e-09	0.0341054
1.67542e-09	0.0337907
1.67549e-09	0.033476
1.67555e-09	0.0331615
1.67562e-09	0.032847
1.67568e-09	0.0325325
1.67574e-09	0.0322182
1.67581e-09	0.0319039
1.67587e-09	0.0315898
1.67594e-09	0.0312757
1.676e-09	0.0309616
1.67606e-09	0.0306477
1.67613e-09	0.0303338
1.67619e-09	0.0300201
1.67626e-09	0.0297063
1.67632e-09	0.0293927
1.67638e-09	0.0290792
1.67645e-09	0.0287657
1.67651e-09	0.0284523
1.67658e-09	0.028139
1.67664e-09	0.0278258
1.6767e-09	0.0275126
1.67677e-09	0.0271996
1.67683e-09	0.0268866
1.6769e-09	0.0265737
1.67696e-09	0.0262609
1.67702e-09	0.0259481
1.67709e-09	0.0256354
1.67715e-09	0.0253229
1.67722e-09	0.0250103
1.67728e-09	0.0246979
1.67734e-09	0.0243856
1.67741e-09	0.0240733
1.67747e-09	0.0237611
1.67754e-09	0.023449
1.6776e-09	0.023137
1.67766e-09	0.0228251
1.67773e-09	0.0225132
1.67779e-09	0.0222014
1.67786e-09	0.0218897
1.67792e-09	0.0215781
1.67798e-09	0.0212666
1.67805e-09	0.0209551
1.67811e-09	0.0206437
1.67818e-09	0.0203325
1.67824e-09	0.0200212
1.6783e-09	0.0197101
1.67837e-09	0.0193991
1.67843e-09	0.0190881
1.6785e-09	0.0187772
1.67856e-09	0.0184664
1.67862e-09	0.0181557
1.67869e-09	0.0178451
1.67875e-09	0.0175345
1.67882e-09	0.017224
1.67888e-09	0.0169136
1.67894e-09	0.0166033
1.67901e-09	0.0162931
1.67907e-09	0.015983
1.67914e-09	0.0156729
1.6792e-09	0.0153629
1.67926e-09	0.015053
1.67933e-09	0.0147432
1.67939e-09	0.0144335
1.67946e-09	0.0141238
1.67952e-09	0.0138143
1.67958e-09	0.0135048
1.67965e-09	0.0131954
1.67971e-09	0.0128861
1.67978e-09	0.0125768
1.67984e-09	0.0122677
1.6799e-09	0.0119586
1.67997e-09	0.0116496
1.68003e-09	0.0113407
1.6801e-09	0.0110319
1.68016e-09	0.0107232
1.68022e-09	0.0104145
1.68029e-09	0.010106
1.68035e-09	0.00979749
1.68042e-09	0.00948909
1.68048e-09	0.00918077
1.68054e-09	0.00887254
1.68061e-09	0.00856439
1.68067e-09	0.00825633
1.68074e-09	0.00794835
1.6808e-09	0.00764046
1.68086e-09	0.00733265
1.68093e-09	0.00702492
1.68099e-09	0.00671728
1.68106e-09	0.00640972
1.68112e-09	0.00610225
1.68118e-09	0.00579486
1.68125e-09	0.00548756
1.68131e-09	0.00518034
1.68138e-09	0.0048732
1.68144e-09	0.00456615
1.6815e-09	0.00425919
1.68157e-09	0.00395231
1.68163e-09	0.00364551
1.6817e-09	0.0033388
1.68176e-09	0.00303218
1.68182e-09	0.00272564
1.68189e-09	0.00241918
1.68195e-09	0.00211282
1.68202e-09	0.00180653
1.68208e-09	0.00150033
1.68214e-09	0.00119422
1.68221e-09	0.000888195
1.68227e-09	0.000582254
1.68234e-09	0.000276398
1.6824e-09	-2.93717e-05
1.68246e-09	-0.000335056
1.68253e-09	-0.000640654
1.68259e-09	-0.000946166
1.68266e-09	-0.00125159
1.68272e-09	-0.00155693
1.68278e-09	-0.00186219
1.68285e-09	-0.00216735
1.68291e-09	-0.00247243
1.68298e-09	-0.00277743
1.68304e-09	-0.00308234
1.6831e-09	-0.00338716
1.68317e-09	-0.00369189
1.68323e-09	-0.00399654
1.6833e-09	-0.00430111
1.68336e-09	-0.00460558
1.68342e-09	-0.00490997
1.68349e-09	-0.00521427
1.68355e-09	-0.00551849
1.68362e-09	-0.00582261
1.68368e-09	-0.00612665
1.68374e-09	-0.00643061
1.68381e-09	-0.00673447
1.68387e-09	-0.00703825
1.68394e-09	-0.00734194
1.684e-09	-0.00764555
1.68406e-09	-0.00794907
1.68413e-09	-0.00825249
1.68419e-09	-0.00855584
1.68426e-09	-0.00885909
1.68432e-09	-0.00916226
1.68438e-09	-0.00946534
1.68445e-09	-0.00976833
1.68451e-09	-0.0100712
1.68458e-09	-0.010374
1.68464e-09	-0.0106768
1.6847e-09	-0.0109794
1.68477e-09	-0.011282
1.68483e-09	-0.0115844
1.6849e-09	-0.0118868
1.68496e-09	-0.0121891
1.68502e-09	-0.0124913
1.68509e-09	-0.0127934
1.68515e-09	-0.0130954
1.68522e-09	-0.0133973
1.68528e-09	-0.0136992
1.68534e-09	-0.0140009
1.68541e-09	-0.0143026
1.68547e-09	-0.0146042
1.68554e-09	-0.0149057
1.6856e-09	-0.0152071
1.68567e-09	-0.0155084
1.68573e-09	-0.0158096
1.68579e-09	-0.0161107
1.68586e-09	-0.0164118
1.68592e-09	-0.0167127
1.68599e-09	-0.0170136
1.68605e-09	-0.0173144
1.68611e-09	-0.0176151
1.68618e-09	-0.0179157
1.68624e-09	-0.0182162
1.68631e-09	-0.0185166
1.68637e-09	-0.0188169
1.68643e-09	-0.0191171
1.6865e-09	-0.0194173
1.68656e-09	-0.0197174
1.68663e-09	-0.0200173
1.68669e-09	-0.0203172
1.68675e-09	-0.020617
1.68682e-09	-0.0209167
1.68688e-09	-0.0212163
1.68695e-09	-0.0215158
1.68701e-09	-0.0218152
1.68707e-09	-0.0221146
1.68714e-09	-0.0224138
1.6872e-09	-0.022713
1.68727e-09	-0.023012
1.68733e-09	-0.023311
1.68739e-09	-0.0236099
1.68746e-09	-0.0239087
1.68752e-09	-0.0242074
1.68759e-09	-0.024506
1.68765e-09	-0.0248045
1.68771e-09	-0.025103
1.68778e-09	-0.0254013
1.68784e-09	-0.0256995
1.68791e-09	-0.0259977
1.68797e-09	-0.0262958
1.68803e-09	-0.0265937
1.6881e-09	-0.0268916
1.68816e-09	-0.0271894
1.68823e-09	-0.0274871
1.68829e-09	-0.0277847
1.68835e-09	-0.0280822
1.68842e-09	-0.0283797
1.68848e-09	-0.028677
1.68855e-09	-0.0289742
1.68861e-09	-0.0292714
1.68867e-09	-0.0295684
1.68874e-09	-0.0298654
1.6888e-09	-0.0301623
1.68887e-09	-0.0304591
1.68893e-09	-0.0307558
1.68899e-09	-0.0310523
1.68906e-09	-0.0313489
1.68912e-09	-0.0316453
1.68919e-09	-0.0319416
1.68925e-09	-0.0322378
1.68931e-09	-0.032534
1.68938e-09	-0.03283
1.68944e-09	-0.0331259
1.68951e-09	-0.0334218
1.68957e-09	-0.0337176
1.68963e-09	-0.0340132
1.6897e-09	-0.0343088
1.68976e-09	-0.0346043
1.68983e-09	-0.0348997
1.68989e-09	-0.035195
1.68995e-09	-0.0354902
1.69002e-09	-0.0357853
1.69008e-09	-0.0360803
1.69015e-09	-0.0363753
1.69021e-09	-0.0366701
1.69027e-09	-0.0369648
1.69034e-09	-0.0372595
1.6904e-09	-0.037554
1.69047e-09	-0.0378485
1.69053e-09	-0.0381429
1.69059e-09	-0.0384371
1.69066e-09	-0.0387313
1.69072e-09	-0.0390254
1.69079e-09	-0.0393194
1.69085e-09	-0.0396133
1.69091e-09	-0.0399071
1.69098e-09	-0.0402008
1.69104e-09	-0.0404944
1.69111e-09	-0.040788
1.69117e-09	-0.0410814
1.69123e-09	-0.0413747
1.6913e-09	-0.041668
1.69136e-09	-0.0419611
1.69143e-09	-0.0422542
1.69149e-09	-0.0425471
1.69155e-09	-0.04284
1.69162e-09	-0.0431327
1.69168e-09	-0.0434254
1.69175e-09	-0.043718
1.69181e-09	-0.0440105
1.69187e-09	-0.0443029
1.69194e-09	-0.0445951
1.692e-09	-0.0448873
1.69207e-09	-0.0451794
1.69213e-09	-0.0454715
1.69219e-09	-0.0457634
1.69226e-09	-0.0460552
1.69232e-09	-0.0463469
1.69239e-09	-0.0466385
1.69245e-09	-0.0469301
1.69251e-09	-0.0472215
1.69258e-09	-0.0475128
1.69264e-09	-0.0478041
1.69271e-09	-0.0480952
1.69277e-09	-0.0483863
1.69283e-09	-0.0486773
1.6929e-09	-0.0489681
1.69296e-09	-0.0492589
1.69303e-09	-0.0495496
1.69309e-09	-0.0498401
1.69315e-09	-0.0501306
1.69322e-09	-0.050421
1.69328e-09	-0.0507113
1.69335e-09	-0.0510015
1.69341e-09	-0.0512916
1.69347e-09	-0.0515816
1.69354e-09	-0.0518715
1.6936e-09	-0.0521613
1.69367e-09	-0.052451
1.69373e-09	-0.0527406
1.69379e-09	-0.0530301
1.69386e-09	-0.0533195
1.69392e-09	-0.0536088
1.69399e-09	-0.0538981
1.69405e-09	-0.0541872
1.69411e-09	-0.0544762
1.69418e-09	-0.0547652
1.69424e-09	-0.055054
1.69431e-09	-0.0553428
1.69437e-09	-0.0556314
1.69443e-09	-0.0559199
1.6945e-09	-0.0562084
1.69456e-09	-0.0564968
1.69463e-09	-0.056785
1.69469e-09	-0.0570732
1.69475e-09	-0.0573612
1.69482e-09	-0.0576492
1.69488e-09	-0.0579371
1.69495e-09	-0.0582248
1.69501e-09	-0.0585125
1.69507e-09	-0.0588001
1.69514e-09	-0.0590875
1.6952e-09	-0.0593749
1.69527e-09	-0.0596622
1.69533e-09	-0.0599494
1.69539e-09	-0.0602365
1.69546e-09	-0.0605235
1.69552e-09	-0.0608103
1.69559e-09	-0.0610971
1.69565e-09	-0.0613838
1.69571e-09	-0.0616704
1.69578e-09	-0.0619569
1.69584e-09	-0.0622433
1.69591e-09	-0.0625296
1.69597e-09	-0.0628158
1.69603e-09	-0.0631019
1.6961e-09	-0.0633879
1.69616e-09	-0.0636738
1.69623e-09	-0.0639596
1.69629e-09	-0.0642453
1.69635e-09	-0.0645309
1.69642e-09	-0.0648165
1.69648e-09	-0.0651019
1.69655e-09	-0.0653872
1.69661e-09	-0.0656724
1.69667e-09	-0.0659575
1.69674e-09	-0.0662425
1.6968e-09	-0.0665274
1.69687e-09	-0.0668122
1.69693e-09	-0.067097
1.69699e-09	-0.0673816
1.69706e-09	-0.0676661
1.69712e-09	-0.0679505
1.69719e-09	-0.0682348
1.69725e-09	-0.0685191
1.69731e-09	-0.0688032
1.69738e-09	-0.0690872
1.69744e-09	-0.0693711
1.69751e-09	-0.0696549
1.69757e-09	-0.0699387
1.69763e-09	-0.0702223
1.6977e-09	-0.0705058
1.69776e-09	-0.0707892
1.69783e-09	-0.0710725
1.69789e-09	-0.0713558
1.69795e-09	-0.0716389
1.69802e-09	-0.0719219
1.69808e-09	-0.0722048
1.69815e-09	-0.0724877
1.69821e-09	-0.0727704
1.69827e-09	-0.073053
1.69834e-09	-0.0733355
1.6984e-09	-0.0736179
1.69847e-09	-0.0739003
1.69853e-09	-0.0741825
1.69859e-09	-0.0744646
1.69866e-09	-0.0747466
1.69872e-09	-0.0750285
1.69879e-09	-0.0753103
1.69885e-09	-0.075592
1.69891e-09	-0.0758737
1.69898e-09	-0.0761552
1.69904e-09	-0.0764366
1.69911e-09	-0.0767179
1.69917e-09	-0.0769991
1.69923e-09	-0.0772802
1.6993e-09	-0.0775612
1.69936e-09	-0.0778421
1.69943e-09	-0.0781229
1.69949e-09	-0.0784036
1.69955e-09	-0.0786842
1.69962e-09	-0.0789647
1.69968e-09	-0.0792451
1.69975e-09	-0.0795254
1.69981e-09	-0.0798056
1.69987e-09	-0.0800857
1.69994e-09	-0.0803657
1.7e-09	-0.0806456
1.70007e-09	-0.0809254
1.70013e-09	-0.0812051
1.70019e-09	-0.0814847
1.70026e-09	-0.0817641
1.70032e-09	-0.0820435
1.70039e-09	-0.0823228
1.70045e-09	-0.082602
1.70051e-09	-0.082881
1.70058e-09	-0.08316
1.70064e-09	-0.0834389
1.70071e-09	-0.0837176
1.70077e-09	-0.0839963
1.70083e-09	-0.0842749
1.7009e-09	-0.0845533
1.70096e-09	-0.0848317
1.70103e-09	-0.0851099
1.70109e-09	-0.0853881
1.70115e-09	-0.0856661
1.70122e-09	-0.0859441
1.70128e-09	-0.0862219
1.70135e-09	-0.0864997
1.70141e-09	-0.0867773
1.70147e-09	-0.0870548
1.70154e-09	-0.0873323
1.7016e-09	-0.0876096
1.70167e-09	-0.0878868
1.70173e-09	-0.0881639
1.70179e-09	-0.088441
1.70186e-09	-0.0887179
1.70192e-09	-0.0889947
1.70199e-09	-0.0892714
1.70205e-09	-0.089548
1.70211e-09	-0.0898245
1.70218e-09	-0.0901009
1.70224e-09	-0.0903772
1.70231e-09	-0.0906534
1.70237e-09	-0.0909295
1.70243e-09	-0.0912054
1.7025e-09	-0.0914813
1.70256e-09	-0.0917571
1.70263e-09	-0.0920328
1.70269e-09	-0.0923083
1.70275e-09	-0.0925838
1.70282e-09	-0.0928591
1.70288e-09	-0.0931344
1.70295e-09	-0.0934096
1.70301e-09	-0.0936846
1.70308e-09	-0.0939595
1.70314e-09	-0.0942344
1.7032e-09	-0.0945091
1.70327e-09	-0.0947837
1.70333e-09	-0.0950583
1.7034e-09	-0.0953327
1.70346e-09	-0.095607
1.70352e-09	-0.0958812
1.70359e-09	-0.0961553
1.70365e-09	-0.0964293
1.70372e-09	-0.0967032
1.70378e-09	-0.096977
1.70384e-09	-0.0972507
1.70391e-09	-0.0975243
1.70397e-09	-0.0977978
1.70404e-09	-0.0980711
1.7041e-09	-0.0983444
1.70416e-09	-0.0986176
1.70423e-09	-0.0988906
1.70429e-09	-0.0991636
1.70436e-09	-0.0994364
1.70442e-09	-0.0997092
1.70448e-09	-0.0999818
1.70455e-09	-0.100254
1.70461e-09	-0.100527
1.70468e-09	-0.100799
1.70474e-09	-0.101071
1.7048e-09	-0.101343
1.70487e-09	-0.101615
1.70493e-09	-0.101887
1.705e-09	-0.102159
1.70506e-09	-0.102431
1.70512e-09	-0.102702
1.70519e-09	-0.102974
1.70525e-09	-0.103245
1.70532e-09	-0.103516
1.70538e-09	-0.103788
1.70544e-09	-0.104059
1.70551e-09	-0.10433
1.70557e-09	-0.1046
1.70564e-09	-0.104871
1.7057e-09	-0.105142
1.70576e-09	-0.105412
1.70583e-09	-0.105683
1.70589e-09	-0.105953
1.70596e-09	-0.106223
1.70602e-09	-0.106493
1.70608e-09	-0.106763
1.70615e-09	-0.107033
1.70621e-09	-0.107303
1.70628e-09	-0.107573
1.70634e-09	-0.107842
1.7064e-09	-0.108112
1.70647e-09	-0.108381
1.70653e-09	-0.10865
1.7066e-09	-0.108919
1.70666e-09	-0.109188
1.70672e-09	-0.109457
1.70679e-09	-0.109726
1.70685e-09	-0.109995
1.70692e-09	-0.110263
1.70698e-09	-0.110532
1.70704e-09	-0.1108
1.70711e-09	-0.111069
1.70717e-09	-0.111337
1.70724e-09	-0.111605
1.7073e-09	-0.111873
1.70736e-09	-0.112141
1.70743e-09	-0.112408
1.70749e-09	-0.112676
1.70756e-09	-0.112943
1.70762e-09	-0.113211
1.70768e-09	-0.113478
1.70775e-09	-0.113745
1.70781e-09	-0.114012
1.70788e-09	-0.114279
1.70794e-09	-0.114546
1.708e-09	-0.114813
1.70807e-09	-0.11508
1.70813e-09	-0.115346
1.7082e-09	-0.115613
1.70826e-09	-0.115879
1.70832e-09	-0.116145
1.70839e-09	-0.116411
1.70845e-09	-0.116677
1.70852e-09	-0.116943
1.70858e-09	-0.117209
1.70864e-09	-0.117475
1.70871e-09	-0.11774
1.70877e-09	-0.118006
1.70884e-09	-0.118271
1.7089e-09	-0.118537
1.70896e-09	-0.118802
1.70903e-09	-0.119067
1.70909e-09	-0.119332
1.70916e-09	-0.119596
1.70922e-09	-0.119861
1.70928e-09	-0.120126
1.70935e-09	-0.12039
1.70941e-09	-0.120655
1.70948e-09	-0.120919
1.70954e-09	-0.121183
1.7096e-09	-0.121447
1.70967e-09	-0.121711
1.70973e-09	-0.121975
1.7098e-09	-0.122239
1.70986e-09	-0.122502
1.70992e-09	-0.122766
1.70999e-09	-0.123029
1.71005e-09	-0.123292
1.71012e-09	-0.123556
1.71018e-09	-0.123819
1.71024e-09	-0.124082
1.71031e-09	-0.124344
1.71037e-09	-0.124607
1.71044e-09	-0.12487
1.7105e-09	-0.125132
1.71056e-09	-0.125395
1.71063e-09	-0.125657
1.71069e-09	-0.125919
1.71076e-09	-0.126181
1.71082e-09	-0.126443
1.71088e-09	-0.126705
1.71095e-09	-0.126967
1.71101e-09	-0.127229
1.71108e-09	-0.12749
1.71114e-09	-0.127752
1.7112e-09	-0.128013
1.71127e-09	-0.128274
1.71133e-09	-0.128535
1.7114e-09	-0.128796
1.71146e-09	-0.129057
1.71152e-09	-0.129318
1.71159e-09	-0.129578
1.71165e-09	-0.129839
1.71172e-09	-0.130099
1.71178e-09	-0.13036
1.71184e-09	-0.13062
1.71191e-09	-0.13088
1.71197e-09	-0.13114
1.71204e-09	-0.1314
1.7121e-09	-0.13166
1.71216e-09	-0.131919
1.71223e-09	-0.132179
1.71229e-09	-0.132438
1.71236e-09	-0.132698
1.71242e-09	-0.132957
1.71248e-09	-0.133216
1.71255e-09	-0.133475
1.71261e-09	-0.133734
1.71268e-09	-0.133993
1.71274e-09	-0.134251
1.7128e-09	-0.13451
1.71287e-09	-0.134768
1.71293e-09	-0.135026
1.713e-09	-0.135285
1.71306e-09	-0.135543
1.71312e-09	-0.135801
1.71319e-09	-0.136059
1.71325e-09	-0.136316
1.71332e-09	-0.136574
1.71338e-09	-0.136832
1.71344e-09	-0.137089
1.71351e-09	-0.137346
1.71357e-09	-0.137604
1.71364e-09	-0.137861
1.7137e-09	-0.138118
1.71376e-09	-0.138374
1.71383e-09	-0.138631
1.71389e-09	-0.138888
1.71396e-09	-0.139144
1.71402e-09	-0.139401
1.71408e-09	-0.139657
1.71415e-09	-0.139913
1.71421e-09	-0.140169
1.71428e-09	-0.140425
1.71434e-09	-0.140681
1.7144e-09	-0.140937
1.71447e-09	-0.141193
1.71453e-09	-0.141448
1.7146e-09	-0.141704
1.71466e-09	-0.141959
1.71472e-09	-0.142214
1.71479e-09	-0.142469
1.71485e-09	-0.142724
1.71492e-09	-0.142979
1.71498e-09	-0.143234
1.71504e-09	-0.143488
1.71511e-09	-0.143743
1.71517e-09	-0.143997
1.71524e-09	-0.144251
1.7153e-09	-0.144506
1.71536e-09	-0.14476
1.71543e-09	-0.145014
1.71549e-09	-0.145268
1.71556e-09	-0.145521
1.71562e-09	-0.145775
1.71568e-09	-0.146028
1.71575e-09	-0.146282
1.71581e-09	-0.146535
1.71588e-09	-0.146788
1.71594e-09	-0.147041
1.716e-09	-0.147294
1.71607e-09	-0.147547
1.71613e-09	-0.1478
1.7162e-09	-0.148052
1.71626e-09	-0.148305
1.71632e-09	-0.148557
1.71639e-09	-0.148809
1.71645e-09	-0.149061
1.71652e-09	-0.149313
1.71658e-09	-0.149565
1.71664e-09	-0.149817
1.71671e-09	-0.150069
1.71677e-09	-0.15032
1.71684e-09	-0.150572
1.7169e-09	-0.150823
1.71696e-09	-0.151074
1.71703e-09	-0.151325
1.71709e-09	-0.151576
1.71716e-09	-0.151827
1.71722e-09	-0.152078
1.71728e-09	-0.152329
1.71735e-09	-0.152579
1.71741e-09	-0.15283
1.71748e-09	-0.15308
1.71754e-09	-0.15333
1.7176e-09	-0.15358
1.71767e-09	-0.15383
1.71773e-09	-0.15408
1.7178e-09	-0.15433
1.71786e-09	-0.154579
1.71792e-09	-0.154829
1.71799e-09	-0.155078
1.71805e-09	-0.155328
1.71812e-09	-0.155577
1.71818e-09	-0.155826
1.71824e-09	-0.156075
1.71831e-09	-0.156324
1.71837e-09	-0.156572
1.71844e-09	-0.156821
1.7185e-09	-0.157069
1.71856e-09	-0.157318
1.71863e-09	-0.157566
1.71869e-09	-0.157814
1.71876e-09	-0.158062
1.71882e-09	-0.15831
1.71888e-09	-0.158558
1.71895e-09	-0.158805
1.71901e-09	-0.159053
1.71908e-09	-0.1593
1.71914e-09	-0.159548
1.7192e-09	-0.159795
1.71927e-09	-0.160042
1.71933e-09	-0.160289
1.7194e-09	-0.160536
1.71946e-09	-0.160783
1.71952e-09	-0.161029
1.71959e-09	-0.161276
1.71965e-09	-0.161522
1.71972e-09	-0.161768
1.71978e-09	-0.162015
1.71984e-09	-0.162261
1.71991e-09	-0.162507
1.71997e-09	-0.162752
1.72004e-09	-0.162998
1.7201e-09	-0.163244
1.72016e-09	-0.163489
1.72023e-09	-0.163735
1.72029e-09	-0.16398
1.72036e-09	-0.164225
1.72042e-09	-0.16447
1.72048e-09	-0.164715
1.72055e-09	-0.16496
1.72061e-09	-0.165204
1.72068e-09	-0.165449
1.72074e-09	-0.165693
1.72081e-09	-0.165938
1.72087e-09	-0.166182
1.72093e-09	-0.166426
1.721e-09	-0.16667
1.72106e-09	-0.166914
1.72113e-09	-0.167157
1.72119e-09	-0.167401
1.72125e-09	-0.167644
1.72132e-09	-0.167888
1.72138e-09	-0.168131
1.72145e-09	-0.168374
1.72151e-09	-0.168617
1.72157e-09	-0.16886
1.72164e-09	-0.169103
1.7217e-09	-0.169346
1.72177e-09	-0.169588
1.72183e-09	-0.169831
1.72189e-09	-0.170073
1.72196e-09	-0.170315
1.72202e-09	-0.170557
1.72209e-09	-0.170799
1.72215e-09	-0.171041
1.72221e-09	-0.171283
1.72228e-09	-0.171525
1.72234e-09	-0.171766
1.72241e-09	-0.172008
1.72247e-09	-0.172249
1.72253e-09	-0.17249
1.7226e-09	-0.172731
1.72266e-09	-0.172972
1.72273e-09	-0.173213
1.72279e-09	-0.173453
1.72285e-09	-0.173694
1.72292e-09	-0.173934
1.72298e-09	-0.174175
1.72305e-09	-0.174415
1.72311e-09	-0.174655
1.72317e-09	-0.174895
1.72324e-09	-0.175135
1.7233e-09	-0.175375
1.72337e-09	-0.175614
1.72343e-09	-0.175854
1.72349e-09	-0.176093
1.72356e-09	-0.176333
1.72362e-09	-0.176572
1.72369e-09	-0.176811
1.72375e-09	-0.17705
1.72381e-09	-0.177288
1.72388e-09	-0.177527
1.72394e-09	-0.177766
1.72401e-09	-0.178004
1.72407e-09	-0.178243
1.72413e-09	-0.178481
1.7242e-09	-0.178719
1.72426e-09	-0.178957
1.72433e-09	-0.179195
1.72439e-09	-0.179432
1.72445e-09	-0.17967
1.72452e-09	-0.179908
1.72458e-09	-0.180145
1.72465e-09	-0.180382
1.72471e-09	-0.180619
1.72477e-09	-0.180856
1.72484e-09	-0.181093
1.7249e-09	-0.18133
1.72497e-09	-0.181567
1.72503e-09	-0.181803
1.72509e-09	-0.18204
1.72516e-09	-0.182276
1.72522e-09	-0.182512
1.72529e-09	-0.182748
1.72535e-09	-0.182984
1.72541e-09	-0.18322
1.72548e-09	-0.183456
1.72554e-09	-0.183692
1.72561e-09	-0.183927
1.72567e-09	-0.184163
1.72573e-09	-0.184398
1.7258e-09	-0.184633
1.72586e-09	-0.184868
1.72593e-09	-0.185103
1.72599e-09	-0.185338
1.72605e-09	-0.185572
1.72612e-09	-0.185807
1.72618e-09	-0.186041
1.72625e-09	-0.186276
1.72631e-09	-0.18651
1.72637e-09	-0.186744
1.72644e-09	-0.186978
1.7265e-09	-0.187212
1.72657e-09	-0.187445
1.72663e-09	-0.187679
1.72669e-09	-0.187912
1.72676e-09	-0.188146
1.72682e-09	-0.188379
1.72689e-09	-0.188612
1.72695e-09	-0.188845
1.72701e-09	-0.189078
1.72708e-09	-0.189311
1.72714e-09	-0.189543
1.72721e-09	-0.189776
1.72727e-09	-0.190008
1.72733e-09	-0.19024
1.7274e-09	-0.190473
1.72746e-09	-0.190705
1.72753e-09	-0.190937
1.72759e-09	-0.191168
1.72765e-09	-0.1914
1.72772e-09	-0.191632
1.72778e-09	-0.191863
1.72785e-09	-0.192094
1.72791e-09	-0.192326
1.72797e-09	-0.192557
1.72804e-09	-0.192788
1.7281e-09	-0.193018
1.72817e-09	-0.193249
1.72823e-09	-0.19348
1.72829e-09	-0.19371
1.72836e-09	-0.193941
1.72842e-09	-0.194171
1.72849e-09	-0.194401
1.72855e-09	-0.194631
1.72861e-09	-0.194861
1.72868e-09	-0.19509
1.72874e-09	-0.19532
1.72881e-09	-0.19555
1.72887e-09	-0.195779
1.72893e-09	-0.196008
1.729e-09	-0.196237
1.72906e-09	-0.196466
1.72913e-09	-0.196695
1.72919e-09	-0.196924
1.72925e-09	-0.197153
1.72932e-09	-0.197381
1.72938e-09	-0.19761
1.72945e-09	-0.197838
1.72951e-09	-0.198066
1.72957e-09	-0.198294
1.72964e-09	-0.198522
1.7297e-09	-0.19875
1.72977e-09	-0.198978
1.72983e-09	-0.199205
1.72989e-09	-0.199433
1.72996e-09	-0.19966
1.73002e-09	-0.199887
1.73009e-09	-0.200115
1.73015e-09	-0.200342
1.73021e-09	-0.200568
1.73028e-09	-0.200795
1.73034e-09	-0.201022
1.73041e-09	-0.201248
1.73047e-09	-0.201475
1.73053e-09	-0.201701
1.7306e-09	-0.201927
1.73066e-09	-0.202153
1.73073e-09	-0.202379
1.73079e-09	-0.202605
1.73085e-09	-0.20283
1.73092e-09	-0.203056
1.73098e-09	-0.203281
1.73105e-09	-0.203506
1.73111e-09	-0.203732
1.73117e-09	-0.203957
1.73124e-09	-0.204182
1.7313e-09	-0.204406
1.73137e-09	-0.204631
1.73143e-09	-0.204856
1.73149e-09	-0.20508
1.73156e-09	-0.205304
1.73162e-09	-0.205528
1.73169e-09	-0.205753
1.73175e-09	-0.205976
1.73181e-09	-0.2062
1.73188e-09	-0.206424
1.73194e-09	-0.206648
1.73201e-09	-0.206871
1.73207e-09	-0.207094
1.73213e-09	-0.207318
1.7322e-09	-0.207541
1.73226e-09	-0.207764
1.73233e-09	-0.207986
1.73239e-09	-0.208209
1.73245e-09	-0.208432
1.73252e-09	-0.208654
1.73258e-09	-0.208877
1.73265e-09	-0.209099
1.73271e-09	-0.209321
1.73277e-09	-0.209543
1.73284e-09	-0.209765
1.7329e-09	-0.209987
1.73297e-09	-0.210208
1.73303e-09	-0.21043
1.73309e-09	-0.210651
1.73316e-09	-0.210872
1.73322e-09	-0.211093
1.73329e-09	-0.211314
1.73335e-09	-0.211535
1.73341e-09	-0.211756
1.73348e-09	-0.211977
1.73354e-09	-0.212197
1.73361e-09	-0.212418
1.73367e-09	-0.212638
1.73373e-09	-0.212858
1.7338e-09	-0.213078
1.73386e-09	-0.213298
1.73393e-09	-0.213518
1.73399e-09	-0.213737
1.73405e-09	-0.213957
1.73412e-09	-0.214176
1.73418e-09	-0.214396
1.73425e-09	-0.214615
1.73431e-09	-0.214834
1.73437e-09	-0.215053
1.73444e-09	-0.215272
1.7345e-09	-0.21549
1.73457e-09	-0.215709
1.73463e-09	-0.215927
1.73469e-09	-0.216146
1.73476e-09	-0.216364
1.73482e-09	-0.216582
1.73489e-09	-0.2168
1.73495e-09	-0.217018
1.73501e-09	-0.217235
1.73508e-09	-0.217453
1.73514e-09	-0.21767
1.73521e-09	-0.217888
1.73527e-09	-0.218105
1.73533e-09	-0.218322
1.7354e-09	-0.218539
1.73546e-09	-0.218756
1.73553e-09	-0.218972
1.73559e-09	-0.219189
1.73565e-09	-0.219405
1.73572e-09	-0.219622
1.73578e-09	-0.219838
1.73585e-09	-0.220054
1.73591e-09	-0.22027
1.73597e-09	-0.220486
1.73604e-09	-0.220702
1.7361e-09	-0.220917
1.73617e-09	-0.221133
1.73623e-09	-0.221348
1.73629e-09	-0.221563
1.73636e-09	-0.221778
1.73642e-09	-0.221993
1.73649e-09	-0.222208
1.73655e-09	-0.222423
1.73661e-09	-0.222637
1.73668e-09	-0.222852
1.73674e-09	-0.223066
1.73681e-09	-0.223281
1.73687e-09	-0.223495
1.73693e-09	-0.223709
1.737e-09	-0.223923
1.73706e-09	-0.224136
1.73713e-09	-0.22435
1.73719e-09	-0.224563
1.73725e-09	-0.224777
1.73732e-09	-0.22499
1.73738e-09	-0.225203
1.73745e-09	-0.225416
1.73751e-09	-0.225629
1.73757e-09	-0.225842
1.73764e-09	-0.226054
1.7377e-09	-0.226267
1.73777e-09	-0.226479
1.73783e-09	-0.226691
1.73789e-09	-0.226904
1.73796e-09	-0.227116
1.73802e-09	-0.227327
1.73809e-09	-0.227539
1.73815e-09	-0.227751
1.73822e-09	-0.227962
1.73828e-09	-0.228174
1.73834e-09	-0.228385
1.73841e-09	-0.228596
1.73847e-09	-0.228807
1.73854e-09	-0.229018
1.7386e-09	-0.229229
1.73866e-09	-0.229439
1.73873e-09	-0.22965
1.73879e-09	-0.22986
1.73886e-09	-0.230071
1.73892e-09	-0.230281
1.73898e-09	-0.230491
1.73905e-09	-0.230701
1.73911e-09	-0.23091
1.73918e-09	-0.23112
1.73924e-09	-0.231329
1.7393e-09	-0.231539
1.73937e-09	-0.231748
1.73943e-09	-0.231957
1.7395e-09	-0.232166
1.73956e-09	-0.232375
1.73962e-09	-0.232584
1.73969e-09	-0.232793
1.73975e-09	-0.233001
1.73982e-09	-0.233209
1.73988e-09	-0.233418
1.73994e-09	-0.233626
1.74001e-09	-0.233834
1.74007e-09	-0.234042
1.74014e-09	-0.234249
1.7402e-09	-0.234457
1.74026e-09	-0.234665
1.74033e-09	-0.234872
1.74039e-09	-0.235079
1.74046e-09	-0.235286
1.74052e-09	-0.235493
1.74058e-09	-0.2357
1.74065e-09	-0.235907
1.74071e-09	-0.236114
1.74078e-09	-0.23632
1.74084e-09	-0.236527
1.7409e-09	-0.236733
1.74097e-09	-0.236939
1.74103e-09	-0.237145
1.7411e-09	-0.237351
1.74116e-09	-0.237557
1.74122e-09	-0.237762
1.74129e-09	-0.237968
1.74135e-09	-0.238173
1.74142e-09	-0.238378
1.74148e-09	-0.238584
1.74154e-09	-0.238789
1.74161e-09	-0.238993
1.74167e-09	-0.239198
1.74174e-09	-0.239403
1.7418e-09	-0.239607
1.74186e-09	-0.239812
1.74193e-09	-0.240016
1.74199e-09	-0.24022
1.74206e-09	-0.240424
1.74212e-09	-0.240628
1.74218e-09	-0.240832
1.74225e-09	-0.241035
1.74231e-09	-0.241239
1.74238e-09	-0.241442
1.74244e-09	-0.241645
1.7425e-09	-0.241849
1.74257e-09	-0.242051
1.74263e-09	-0.242254
1.7427e-09	-0.242457
1.74276e-09	-0.24266
1.74282e-09	-0.242862
1.74289e-09	-0.243065
1.74295e-09	-0.243267
1.74302e-09	-0.243469
1.74308e-09	-0.243671
1.74314e-09	-0.243873
1.74321e-09	-0.244075
1.74327e-09	-0.244276
1.74334e-09	-0.244478
1.7434e-09	-0.244679
1.74346e-09	-0.24488
1.74353e-09	-0.245081
1.74359e-09	-0.245282
1.74366e-09	-0.245483
1.74372e-09	-0.245684
1.74378e-09	-0.245884
1.74385e-09	-0.246085
1.74391e-09	-0.246285
1.74398e-09	-0.246485
1.74404e-09	-0.246686
1.7441e-09	-0.246886
1.74417e-09	-0.247085
1.74423e-09	-0.247285
1.7443e-09	-0.247485
1.74436e-09	-0.247684
1.74442e-09	-0.247883
1.74449e-09	-0.248083
1.74455e-09	-0.248282
1.74462e-09	-0.248481
1.74468e-09	-0.24868
1.74474e-09	-0.248878
1.74481e-09	-0.249077
1.74487e-09	-0.249275
1.74494e-09	-0.249474
1.745e-09	-0.249672
1.74506e-09	-0.24987
1.74513e-09	-0.250068
1.74519e-09	-0.250266
1.74526e-09	-0.250463
1.74532e-09	-0.250661
1.74538e-09	-0.250858
1.74545e-09	-0.251056
1.74551e-09	-0.251253
1.74558e-09	-0.25145
1.74564e-09	-0.251647
1.7457e-09	-0.251844
1.74577e-09	-0.25204
1.74583e-09	-0.252237
1.7459e-09	-0.252433
1.74596e-09	-0.252629
1.74602e-09	-0.252826
1.74609e-09	-0.253022
1.74615e-09	-0.253218
1.74622e-09	-0.253413
1.74628e-09	-0.253609
1.74634e-09	-0.253805
1.74641e-09	-0.254
1.74647e-09	-0.254195
1.74654e-09	-0.25439
1.7466e-09	-0.254585
1.74666e-09	-0.25478
1.74673e-09	-0.254975
1.74679e-09	-0.25517
1.74686e-09	-0.255364
1.74692e-09	-0.255559
1.74698e-09	-0.255753
1.74705e-09	-0.255947
1.74711e-09	-0.256141
1.74718e-09	-0.256335
1.74724e-09	-0.256529
1.7473e-09	-0.256722
1.74737e-09	-0.256916
1.74743e-09	-0.257109
1.7475e-09	-0.257302
1.74756e-09	-0.257496
1.74762e-09	-0.257689
1.74769e-09	-0.257881
1.74775e-09	-0.258074
1.74782e-09	-0.258267
1.74788e-09	-0.258459
1.74794e-09	-0.258652
1.74801e-09	-0.258844
1.74807e-09	-0.259036
1.74814e-09	-0.259228
1.7482e-09	-0.25942
1.74826e-09	-0.259611
1.74833e-09	-0.259803
1.74839e-09	-0.259995
1.74846e-09	-0.260186
1.74852e-09	-0.260377
1.74858e-09	-0.260568
1.74865e-09	-0.260759
1.74871e-09	-0.26095
1.74878e-09	-0.261141
1.74884e-09	-0.261331
1.7489e-09	-0.261522
1.74897e-09	-0.261712
1.74903e-09	-0.261902
1.7491e-09	-0.262092
1.74916e-09	-0.262282
1.74922e-09	-0.262472
1.74929e-09	-0.262662
1.74935e-09	-0.262851
1.74942e-09	-0.263041
1.74948e-09	-0.26323
1.74954e-09	-0.263419
1.74961e-09	-0.263608
1.74967e-09	-0.263797
1.74974e-09	-0.263986
1.7498e-09	-0.264174
1.74986e-09	-0.264363
1.74993e-09	-0.264551
1.74999e-09	-0.26474
1.75006e-09	-0.264928
1.75012e-09	-0.265116
1.75018e-09	-0.265304
1.75025e-09	-0.265491
1.75031e-09	-0.265679
1.75038e-09	-0.265866
1.75044e-09	-0.266054
1.7505e-09	-0.266241
1.75057e-09	-0.266428
1.75063e-09	-0.266615
1.7507e-09	-0.266802
1.75076e-09	-0.266989
1.75082e-09	-0.267175
1.75089e-09	-0.267362
1.75095e-09	-0.267548
1.75102e-09	-0.267734
1.75108e-09	-0.267921
1.75114e-09	-0.268107
1.75121e-09	-0.268292
1.75127e-09	-0.268478
1.75134e-09	-0.268664
1.7514e-09	-0.268849
1.75146e-09	-0.269034
1.75153e-09	-0.26922
1.75159e-09	-0.269405
1.75166e-09	-0.26959
1.75172e-09	-0.269774
1.75178e-09	-0.269959
1.75185e-09	-0.270144
1.75191e-09	-0.270328
1.75198e-09	-0.270512
1.75204e-09	-0.270697
1.7521e-09	-0.270881
1.75217e-09	-0.271065
1.75223e-09	-0.271248
1.7523e-09	-0.271432
1.75236e-09	-0.271616
1.75242e-09	-0.271799
1.75249e-09	-0.271982
1.75255e-09	-0.272165
1.75262e-09	-0.272348
1.75268e-09	-0.272531
1.75274e-09	-0.272714
1.75281e-09	-0.272897
1.75287e-09	-0.273079
1.75294e-09	-0.273261
1.753e-09	-0.273444
1.75306e-09	-0.273626
1.75313e-09	-0.273808
1.75319e-09	-0.27399
1.75326e-09	-0.274171
1.75332e-09	-0.274353
1.75338e-09	-0.274534
1.75345e-09	-0.274716
1.75351e-09	-0.274897
1.75358e-09	-0.275078
1.75364e-09	-0.275259
1.7537e-09	-0.27544
1.75377e-09	-0.275621
1.75383e-09	-0.275801
1.7539e-09	-0.275982
1.75396e-09	-0.276162
1.75402e-09	-0.276342
1.75409e-09	-0.276522
1.75415e-09	-0.276702
1.75422e-09	-0.276882
1.75428e-09	-0.277062
1.75434e-09	-0.277241
1.75441e-09	-0.277421
1.75447e-09	-0.2776
1.75454e-09	-0.277779
1.7546e-09	-0.277958
1.75466e-09	-0.278137
1.75473e-09	-0.278316
1.75479e-09	-0.278494
1.75486e-09	-0.278673
1.75492e-09	-0.278851
1.75498e-09	-0.279029
1.75505e-09	-0.279208
1.75511e-09	-0.279386
1.75518e-09	-0.279563
1.75524e-09	-0.279741
1.7553e-09	-0.279919
1.75537e-09	-0.280096
1.75543e-09	-0.280274
1.7555e-09	-0.280451
1.75556e-09	-0.280628
1.75563e-09	-0.280805
1.75569e-09	-0.280982
1.75575e-09	-0.281158
1.75582e-09	-0.281335
1.75588e-09	-0.281511
1.75595e-09	-0.281688
1.75601e-09	-0.281864
1.75607e-09	-0.28204
1.75614e-09	-0.282216
1.7562e-09	-0.282392
1.75627e-09	-0.282567
1.75633e-09	-0.282743
1.75639e-09	-0.282918
1.75646e-09	-0.283094
1.75652e-09	-0.283269
1.75659e-09	-0.283444
1.75665e-09	-0.283619
1.75671e-09	-0.283794
1.75678e-09	-0.283968
1.75684e-09	-0.284143
1.75691e-09	-0.284317
1.75697e-09	-0.284491
1.75703e-09	-0.284665
1.7571e-09	-0.28484
1.75716e-09	-0.285013
1.75723e-09	-0.285187
1.75729e-09	-0.285361
1.75735e-09	-0.285534
1.75742e-09	-0.285708
1.75748e-09	-0.285881
1.75755e-09	-0.286054
1.75761e-09	-0.286227
1.75767e-09	-0.2864
1.75774e-09	-0.286572
1.7578e-09	-0.286745
1.75787e-09	-0.286917
1.75793e-09	-0.28709
1.75799e-09	-0.287262
1.75806e-09	-0.287434
1.75812e-09	-0.287606
1.75819e-09	-0.287778
1.75825e-09	-0.287949
1.75831e-09	-0.288121
1.75838e-09	-0.288292
1.75844e-09	-0.288464
1.75851e-09	-0.288635
1.75857e-09	-0.288806
1.75863e-09	-0.288977
1.7587e-09	-0.289147
1.75876e-09	-0.289318
1.75883e-09	-0.289489
1.75889e-09	-0.289659
1.75895e-09	-0.289829
1.75902e-09	-0.289999
1.75908e-09	-0.290169
1.75915e-09	-0.290339
1.75921e-09	-0.290509
1.75927e-09	-0.290678
1.75934e-09	-0.290848
1.7594e-09	-0.291017
1.75947e-09	-0.291186
1.75953e-09	-0.291356
1.75959e-09	-0.291524
1.75966e-09	-0.291693
1.75972e-09	-0.291862
1.75979e-09	-0.292031
1.75985e-09	-0.292199
1.75991e-09	-0.292367
1.75998e-09	-0.292535
1.76004e-09	-0.292704
1.76011e-09	-0.292871
1.76017e-09	-0.293039
1.76023e-09	-0.293207
1.7603e-09	-0.293374
1.76036e-09	-0.293542
1.76043e-09	-0.293709
1.76049e-09	-0.293876
1.76055e-09	-0.294043
1.76062e-09	-0.29421
1.76068e-09	-0.294377
1.76075e-09	-0.294543
1.76081e-09	-0.29471
1.76087e-09	-0.294876
1.76094e-09	-0.295043
1.761e-09	-0.295209
1.76107e-09	-0.295375
1.76113e-09	-0.29554
1.76119e-09	-0.295706
1.76126e-09	-0.295872
1.76132e-09	-0.296037
1.76139e-09	-0.296202
1.76145e-09	-0.296368
1.76151e-09	-0.296533
1.76158e-09	-0.296698
1.76164e-09	-0.296862
1.76171e-09	-0.297027
1.76177e-09	-0.297192
1.76183e-09	-0.297356
1.7619e-09	-0.29752
1.76196e-09	-0.297685
1.76203e-09	-0.297849
1.76209e-09	-0.298012
1.76215e-09	-0.298176
1.76222e-09	-0.29834
1.76228e-09	-0.298503
1.76235e-09	-0.298667
1.76241e-09	-0.29883
1.76247e-09	-0.298993
1.76254e-09	-0.299156
1.7626e-09	-0.299319
1.76267e-09	-0.299482
1.76273e-09	-0.299644
1.76279e-09	-0.299807
1.76286e-09	-0.299969
1.76292e-09	-0.300131
1.76299e-09	-0.300293
1.76305e-09	-0.300455
1.76311e-09	-0.300617
1.76318e-09	-0.300779
1.76324e-09	-0.30094
1.76331e-09	-0.301102
1.76337e-09	-0.301263
1.76343e-09	-0.301424
1.7635e-09	-0.301585
1.76356e-09	-0.301746
1.76363e-09	-0.301907
1.76369e-09	-0.302068
1.76375e-09	-0.302228
1.76382e-09	-0.302388
1.76388e-09	-0.302549
1.76395e-09	-0.302709
1.76401e-09	-0.302869
1.76407e-09	-0.303029
1.76414e-09	-0.303188
1.7642e-09	-0.303348
1.76427e-09	-0.303508
1.76433e-09	-0.303667
1.76439e-09	-0.303826
1.76446e-09	-0.303985
1.76452e-09	-0.304144
1.76459e-09	-0.304303
1.76465e-09	-0.304462
1.76471e-09	-0.30462
1.76478e-09	-0.304779
1.76484e-09	-0.304937
1.76491e-09	-0.305095
1.76497e-09	-0.305253
1.76503e-09	-0.305411
1.7651e-09	-0.305569
1.76516e-09	-0.305727
1.76523e-09	-0.305884
1.76529e-09	-0.306042
1.76535e-09	-0.306199
1.76542e-09	-0.306356
1.76548e-09	-0.306513
1.76555e-09	-0.30667
1.76561e-09	-0.306827
1.76567e-09	-0.306983
1.76574e-09	-0.30714
1.7658e-09	-0.307296
1.76587e-09	-0.307452
1.76593e-09	-0.307608
1.76599e-09	-0.307764
1.76606e-09	-0.30792
1.76612e-09	-0.308076
1.76619e-09	-0.308231
1.76625e-09	-0.308387
1.76631e-09	-0.308542
1.76638e-09	-0.308697
1.76644e-09	-0.308852
1.76651e-09	-0.309007
1.76657e-09	-0.309162
1.76663e-09	-0.309317
1.7667e-09	-0.309471
1.76676e-09	-0.309626
1.76683e-09	-0.30978
1.76689e-09	-0.309934
1.76695e-09	-0.310088
1.76702e-09	-0.310242
1.76708e-09	-0.310396
1.76715e-09	-0.31055
1.76721e-09	-0.310703
1.76727e-09	-0.310856
1.76734e-09	-0.31101
1.7674e-09	-0.311163
1.76747e-09	-0.311316
1.76753e-09	-0.311469
1.76759e-09	-0.311621
1.76766e-09	-0.311774
1.76772e-09	-0.311926
1.76779e-09	-0.312079
1.76785e-09	-0.312231
1.76791e-09	-0.312383
1.76798e-09	-0.312535
1.76804e-09	-0.312687
1.76811e-09	-0.312838
1.76817e-09	-0.31299
1.76823e-09	-0.313141
1.7683e-09	-0.313293
1.76836e-09	-0.313444
1.76843e-09	-0.313595
1.76849e-09	-0.313746
1.76855e-09	-0.313896
1.76862e-09	-0.314047
1.76868e-09	-0.314198
1.76875e-09	-0.314348
1.76881e-09	-0.314498
1.76887e-09	-0.314648
1.76894e-09	-0.314798
1.769e-09	-0.314948
1.76907e-09	-0.315098
1.76913e-09	-0.315247
1.76919e-09	-0.315397
1.76926e-09	-0.315546
1.76932e-09	-0.315695
1.76939e-09	-0.315844
1.76945e-09	-0.315993
1.76951e-09	-0.316142
1.76958e-09	-0.316291
1.76964e-09	-0.316439
1.76971e-09	-0.316588
1.76977e-09	-0.316736
1.76983e-09	-0.316884
1.7699e-09	-0.317032
1.76996e-09	-0.31718
1.77003e-09	-0.317328
1.77009e-09	-0.317476
1.77015e-09	-0.317623
1.77022e-09	-0.317771
1.77028e-09	-0.317918
1.77035e-09	-0.318065
1.77041e-09	-0.318212
1.77047e-09	-0.318359
1.77054e-09	-0.318506
1.7706e-09	-0.318652
1.77067e-09	-0.318799
1.77073e-09	-0.318945
1.77079e-09	-0.319091
1.77086e-09	-0.319237
1.77092e-09	-0.319383
1.77099e-09	-0.319529
1.77105e-09	-0.319675
1.77111e-09	-0.31982
1.77118e-09	-0.319966
1.77124e-09	-0.320111
1.77131e-09	-0.320256
1.77137e-09	-0.320401
1.77143e-09	-0.320546
1.7715e-09	-0.320691
1.77156e-09	-0.320836
1.77163e-09	-0.32098
1.77169e-09	-0.321124
1.77175e-09	-0.321269
1.77182e-09	-0.321413
1.77188e-09	-0.321557
1.77195e-09	-0.321701
1.77201e-09	-0.321844
1.77207e-09	-0.321988
1.77214e-09	-0.322131
1.7722e-09	-0.322275
1.77227e-09	-0.322418
1.77233e-09	-0.322561
1.77239e-09	-0.322704
1.77246e-09	-0.322847
1.77252e-09	-0.32299
1.77259e-09	-0.323132
1.77265e-09	-0.323275
1.77271e-09	-0.323417
1.77278e-09	-0.323559
1.77284e-09	-0.323701
1.77291e-09	-0.323843
1.77297e-09	-0.323985
1.77304e-09	-0.324126
1.7731e-09	-0.324268
1.77316e-09	-0.324409
1.77323e-09	-0.324551
1.77329e-09	-0.324692
1.77336e-09	-0.324833
1.77342e-09	-0.324974
1.77348e-09	-0.325114
1.77355e-09	-0.325255
1.77361e-09	-0.325396
1.77368e-09	-0.325536
1.77374e-09	-0.325676
1.7738e-09	-0.325816
1.77387e-09	-0.325956
1.77393e-09	-0.326096
1.774e-09	-0.326236
1.77406e-09	-0.326375
1.77412e-09	-0.326515
1.77419e-09	-0.326654
1.77425e-09	-0.326793
1.77432e-09	-0.326932
1.77438e-09	-0.327071
1.77444e-09	-0.32721
1.77451e-09	-0.327349
1.77457e-09	-0.327487
1.77464e-09	-0.327626
1.7747e-09	-0.327764
1.77476e-09	-0.327902
1.77483e-09	-0.32804
1.77489e-09	-0.328178
1.77496e-09	-0.328316
1.77502e-09	-0.328453
1.77508e-09	-0.328591
1.77515e-09	-0.328728
1.77521e-09	-0.328865
1.77528e-09	-0.329002
1.77534e-09	-0.329139
1.7754e-09	-0.329276
1.77547e-09	-0.329413
1.77553e-09	-0.32955
1.7756e-09	-0.329686
1.77566e-09	-0.329822
1.77572e-09	-0.329959
1.77579e-09	-0.330095
1.77585e-09	-0.330231
1.77592e-09	-0.330366
1.77598e-09	-0.330502
1.77604e-09	-0.330638
1.77611e-09	-0.330773
1.77617e-09	-0.330908
1.77624e-09	-0.331043
1.7763e-09	-0.331178
1.77636e-09	-0.331313
1.77643e-09	-0.331448
1.77649e-09	-0.331583
1.77656e-09	-0.331717
1.77662e-09	-0.331852
1.77668e-09	-0.331986
1.77675e-09	-0.33212
1.77681e-09	-0.332254
1.77688e-09	-0.332388
1.77694e-09	-0.332521
1.777e-09	-0.332655
1.77707e-09	-0.332789
1.77713e-09	-0.332922
1.7772e-09	-0.333055
1.77726e-09	-0.333188
1.77732e-09	-0.333321
1.77739e-09	-0.333454
1.77745e-09	-0.333587
1.77752e-09	-0.333719
1.77758e-09	-0.333852
1.77764e-09	-0.333984
1.77771e-09	-0.334116
1.77777e-09	-0.334248
1.77784e-09	-0.33438
1.7779e-09	-0.334512
1.77796e-09	-0.334643
1.77803e-09	-0.334775
1.77809e-09	-0.334906
1.77816e-09	-0.335038
1.77822e-09	-0.335169
1.77828e-09	-0.3353
1.77835e-09	-0.335431
1.77841e-09	-0.335561
1.77848e-09	-0.335692
1.77854e-09	-0.335822
1.7786e-09	-0.335953
1.77867e-09	-0.336083
1.77873e-09	-0.336213
1.7788e-09	-0.336343
1.77886e-09	-0.336473
1.77892e-09	-0.336603
1.77899e-09	-0.336732
1.77905e-09	-0.336862
1.77912e-09	-0.336991
1.77918e-09	-0.33712
1.77924e-09	-0.337249
1.77931e-09	-0.337378
1.77937e-09	-0.337507
1.77944e-09	-0.337635
1.7795e-09	-0.337764
1.77956e-09	-0.337892
1.77963e-09	-0.338021
1.77969e-09	-0.338149
1.77976e-09	-0.338277
1.77982e-09	-0.338405
1.77988e-09	-0.338532
1.77995e-09	-0.33866
1.78001e-09	-0.338788
1.78008e-09	-0.338915
1.78014e-09	-0.339042
1.7802e-09	-0.339169
1.78027e-09	-0.339296
1.78033e-09	-0.339423
1.7804e-09	-0.33955
1.78046e-09	-0.339676
1.78052e-09	-0.339803
1.78059e-09	-0.339929
1.78065e-09	-0.340055
1.78072e-09	-0.340181
1.78078e-09	-0.340307
1.78084e-09	-0.340433
1.78091e-09	-0.340559
1.78097e-09	-0.340684
1.78104e-09	-0.34081
1.7811e-09	-0.340935
1.78116e-09	-0.34106
1.78123e-09	-0.341185
1.78129e-09	-0.34131
1.78136e-09	-0.341435
1.78142e-09	-0.34156
1.78148e-09	-0.341684
1.78155e-09	-0.341809
1.78161e-09	-0.341933
1.78168e-09	-0.342057
1.78174e-09	-0.342181
1.7818e-09	-0.342305
1.78187e-09	-0.342429
1.78193e-09	-0.342552
1.782e-09	-0.342676
1.78206e-09	-0.342799
1.78212e-09	-0.342922
1.78219e-09	-0.343045
1.78225e-09	-0.343168
1.78232e-09	-0.343291
1.78238e-09	-0.343414
1.78244e-09	-0.343536
1.78251e-09	-0.343659
1.78257e-09	-0.343781
1.78264e-09	-0.343903
1.7827e-09	-0.344025
1.78276e-09	-0.344147
1.78283e-09	-0.344269
1.78289e-09	-0.344391
1.78296e-09	-0.344512
1.78302e-09	-0.344634
1.78308e-09	-0.344755
1.78315e-09	-0.344876
1.78321e-09	-0.344997
1.78328e-09	-0.345118
1.78334e-09	-0.345239
1.7834e-09	-0.345359
1.78347e-09	-0.34548
1.78353e-09	-0.3456
1.7836e-09	-0.345721
1.78366e-09	-0.345841
1.78372e-09	-0.345961
1.78379e-09	-0.346081
1.78385e-09	-0.3462
1.78392e-09	-0.34632
1.78398e-09	-0.346439
1.78404e-09	-0.346559
1.78411e-09	-0.346678
1.78417e-09	-0.346797
1.78424e-09	-0.346916
1.7843e-09	-0.347035
1.78436e-09	-0.347153
1.78443e-09	-0.347272
1.78449e-09	-0.347391
1.78456e-09	-0.347509
1.78462e-09	-0.347627
1.78468e-09	-0.347745
1.78475e-09	-0.347863
1.78481e-09	-0.347981
1.78488e-09	-0.348098
1.78494e-09	-0.348216
1.785e-09	-0.348333
1.78507e-09	-0.348451
1.78513e-09	-0.348568
1.7852e-09	-0.348685
1.78526e-09	-0.348802
1.78532e-09	-0.348918
1.78539e-09	-0.349035
1.78545e-09	-0.349152
1.78552e-09	-0.349268
1.78558e-09	-0.349384
1.78564e-09	-0.3495
1.78571e-09	-0.349616
1.78577e-09	-0.349732
1.78584e-09	-0.349848
1.7859e-09	-0.349964
1.78596e-09	-0.350079
1.78603e-09	-0.350194
1.78609e-09	-0.35031
1.78616e-09	-0.350425
1.78622e-09	-0.35054
1.78628e-09	-0.350654
1.78635e-09	-0.350769
1.78641e-09	-0.350884
1.78648e-09	-0.350998
1.78654e-09	-0.351112
1.7866e-09	-0.351227
1.78667e-09	-0.351341
1.78673e-09	-0.351455
1.7868e-09	-0.351568
1.78686e-09	-0.351682
1.78692e-09	-0.351796
1.78699e-09	-0.351909
1.78705e-09	-0.352022
1.78712e-09	-0.352135
1.78718e-09	-0.352249
1.78724e-09	-0.352361
1.78731e-09	-0.352474
1.78737e-09	-0.352587
1.78744e-09	-0.352699
1.7875e-09	-0.352812
1.78756e-09	-0.352924
1.78763e-09	-0.353036
1.78769e-09	-0.353148
1.78776e-09	-0.35326
1.78782e-09	-0.353372
1.78788e-09	-0.353483
1.78795e-09	-0.353595
1.78801e-09	-0.353706
1.78808e-09	-0.353817
1.78814e-09	-0.353929
1.7882e-09	-0.354039
1.78827e-09	-0.35415
1.78833e-09	-0.354261
1.7884e-09	-0.354372
1.78846e-09	-0.354482
1.78852e-09	-0.354592
1.78859e-09	-0.354703
1.78865e-09	-0.354813
1.78872e-09	-0.354923
1.78878e-09	-0.355032
1.78884e-09	-0.355142
1.78891e-09	-0.355252
1.78897e-09	-0.355361
1.78904e-09	-0.35547
1.7891e-09	-0.35558
1.78916e-09	-0.355689
1.78923e-09	-0.355798
1.78929e-09	-0.355906
1.78936e-09	-0.356015
1.78942e-09	-0.356124
1.78948e-09	-0.356232
1.78955e-09	-0.35634
1.78961e-09	-0.356448
1.78968e-09	-0.356556
1.78974e-09	-0.356664
1.7898e-09	-0.356772
1.78987e-09	-0.35688
1.78993e-09	-0.356987
1.79e-09	-0.357095
1.79006e-09	-0.357202
1.79012e-09	-0.357309
1.79019e-09	-0.357416
1.79025e-09	-0.357523
1.79032e-09	-0.35763
1.79038e-09	-0.357736
1.79045e-09	-0.357843
1.79051e-09	-0.357949
1.79057e-09	-0.358055
1.79064e-09	-0.358161
1.7907e-09	-0.358267
1.79077e-09	-0.358373
1.79083e-09	-0.358479
1.79089e-09	-0.358584
1.79096e-09	-0.35869
1.79102e-09	-0.358795
1.79109e-09	-0.3589
1.79115e-09	-0.359005
1.79121e-09	-0.35911
1.79128e-09	-0.359215
1.79134e-09	-0.35932
1.79141e-09	-0.359425
1.79147e-09	-0.359529
1.79153e-09	-0.359633
1.7916e-09	-0.359737
1.79166e-09	-0.359841
1.79173e-09	-0.359945
1.79179e-09	-0.360049
1.79185e-09	-0.360153
1.79192e-09	-0.360256
1.79198e-09	-0.36036
1.79205e-09	-0.360463
1.79211e-09	-0.360566
1.79217e-09	-0.360669
1.79224e-09	-0.360772
1.7923e-09	-0.360875
1.79237e-09	-0.360978
1.79243e-09	-0.36108
1.79249e-09	-0.361183
1.79256e-09	-0.361285
1.79262e-09	-0.361387
1.79269e-09	-0.361489
1.79275e-09	-0.361591
1.79281e-09	-0.361693
1.79288e-09	-0.361794
1.79294e-09	-0.361896
1.79301e-09	-0.361997
1.79307e-09	-0.362098
1.79313e-09	-0.362199
1.7932e-09	-0.3623
1.79326e-09	-0.362401
1.79333e-09	-0.362502
1.79339e-09	-0.362603
1.79345e-09	-0.362703
1.79352e-09	-0.362803
1.79358e-09	-0.362904
1.79365e-09	-0.363004
1.79371e-09	-0.363104
1.79377e-09	-0.363204
1.79384e-09	-0.363303
1.7939e-09	-0.363403
1.79397e-09	-0.363502
1.79403e-09	-0.363602
1.79409e-09	-0.363701
1.79416e-09	-0.3638
1.79422e-09	-0.363899
1.79429e-09	-0.363998
1.79435e-09	-0.364097
1.79441e-09	-0.364195
1.79448e-09	-0.364294
1.79454e-09	-0.364392
1.79461e-09	-0.36449
1.79467e-09	-0.364588
1.79473e-09	-0.364686
1.7948e-09	-0.364784
1.79486e-09	-0.364882
1.79493e-09	-0.364979
1.79499e-09	-0.365077
1.79505e-09	-0.365174
1.79512e-09	-0.365271
1.79518e-09	-0.365368
1.79525e-09	-0.365465
1.79531e-09	-0.365562
1.79537e-09	-0.365658
1.79544e-09	-0.365755
1.7955e-09	-0.365851
1.79557e-09	-0.365948
1.79563e-09	-0.366044
1.79569e-09	-0.36614
1.79576e-09	-0.366236
1.79582e-09	-0.366332
1.79589e-09	-0.366427
1.79595e-09	-0.366523
1.79601e-09	-0.366618
1.79608e-09	-0.366713
1.79614e-09	-0.366809
1.79621e-09	-0.366904
1.79627e-09	-0.366998
1.79633e-09	-0.367093
1.7964e-09	-0.367188
1.79646e-09	-0.367282
1.79653e-09	-0.367377
1.79659e-09	-0.367471
1.79665e-09	-0.367565
1.79672e-09	-0.367659
1.79678e-09	-0.367753
1.79685e-09	-0.367847
1.79691e-09	-0.36794
1.79697e-09	-0.368034
1.79704e-09	-0.368127
1.7971e-09	-0.368221
1.79717e-09	-0.368314
1.79723e-09	-0.368407
1.79729e-09	-0.3685
1.79736e-09	-0.368592
1.79742e-09	-0.368685
1.79749e-09	-0.368777
1.79755e-09	-0.36887
1.79761e-09	-0.368962
1.79768e-09	-0.369054
1.79774e-09	-0.369146
1.79781e-09	-0.369238
1.79787e-09	-0.36933
1.79793e-09	-0.369421
1.798e-09	-0.369513
1.79806e-09	-0.369604
1.79813e-09	-0.369695
1.79819e-09	-0.369787
1.79825e-09	-0.369877
1.79832e-09	-0.369968
1.79838e-09	-0.370059
1.79845e-09	-0.37015
1.79851e-09	-0.37024
1.79857e-09	-0.37033
1.79864e-09	-0.370421
1.7987e-09	-0.370511
1.79877e-09	-0.370601
1.79883e-09	-0.370691
1.79889e-09	-0.37078
1.79896e-09	-0.37087
1.79902e-09	-0.370959
1.79909e-09	-0.371049
1.79915e-09	-0.371138
1.79921e-09	-0.371227
1.79928e-09	-0.371316
1.79934e-09	-0.371405
1.79941e-09	-0.371494
1.79947e-09	-0.371582
1.79953e-09	-0.371671
1.7996e-09	-0.371759
1.79966e-09	-0.371847
1.79973e-09	-0.371935
1.79979e-09	-0.372023
1.79985e-09	-0.372111
1.79992e-09	-0.372199
1.79998e-09	-0.372286
1.80005e-09	-0.372374
1.80011e-09	-0.372461
1.80017e-09	-0.372548
1.80024e-09	-0.372635
1.8003e-09	-0.372722
1.80037e-09	-0.372809
1.80043e-09	-0.372896
1.80049e-09	-0.372982
1.80056e-09	-0.373069
1.80062e-09	-0.373155
1.80069e-09	-0.373241
1.80075e-09	-0.373327
1.80081e-09	-0.373413
1.80088e-09	-0.373499
1.80094e-09	-0.373585
1.80101e-09	-0.37367
1.80107e-09	-0.373756
1.80113e-09	-0.373841
1.8012e-09	-0.373926
1.80126e-09	-0.374011
1.80133e-09	-0.374096
1.80139e-09	-0.374181
1.80145e-09	-0.374266
1.80152e-09	-0.374351
1.80158e-09	-0.374435
1.80165e-09	-0.374519
1.80171e-09	-0.374603
1.80177e-09	-0.374688
1.80184e-09	-0.374771
1.8019e-09	-0.374855
1.80197e-09	-0.374939
1.80203e-09	-0.375023
1.80209e-09	-0.375106
1.80216e-09	-0.375189
1.80222e-09	-0.375273
1.80229e-09	-0.375356
1.80235e-09	-0.375439
1.80241e-09	-0.375521
1.80248e-09	-0.375604
1.80254e-09	-0.375687
1.80261e-09	-0.375769
1.80267e-09	-0.375851
1.80273e-09	-0.375934
1.8028e-09	-0.376016
1.80286e-09	-0.376098
1.80293e-09	-0.376179
1.80299e-09	-0.376261
1.80305e-09	-0.376343
1.80312e-09	-0.376424
1.80318e-09	-0.376505
1.80325e-09	-0.376587
1.80331e-09	-0.376668
1.80337e-09	-0.376749
1.80344e-09	-0.37683
1.8035e-09	-0.37691
1.80357e-09	-0.376991
1.80363e-09	-0.377071
1.80369e-09	-0.377152
1.80376e-09	-0.377232
1.80382e-09	-0.377312
1.80389e-09	-0.377392
1.80395e-09	-0.377472
1.80401e-09	-0.377551
1.80408e-09	-0.377631
1.80414e-09	-0.37771
1.80421e-09	-0.37779
1.80427e-09	-0.377869
1.80433e-09	-0.377948
1.8044e-09	-0.378027
1.80446e-09	-0.378106
1.80453e-09	-0.378185
1.80459e-09	-0.378263
1.80465e-09	-0.378342
1.80472e-09	-0.37842
1.80478e-09	-0.378498
1.80485e-09	-0.378576
1.80491e-09	-0.378654
1.80497e-09	-0.378732
1.80504e-09	-0.37881
1.8051e-09	-0.378887
1.80517e-09	-0.378965
1.80523e-09	-0.379042
1.80529e-09	-0.379119
1.80536e-09	-0.379196
1.80542e-09	-0.379273
1.80549e-09	-0.37935
1.80555e-09	-0.379427
1.80561e-09	-0.379504
1.80568e-09	-0.37958
1.80574e-09	-0.379656
1.80581e-09	-0.379733
1.80587e-09	-0.379809
1.80593e-09	-0.379885
1.806e-09	-0.379961
1.80606e-09	-0.380036
1.80613e-09	-0.380112
1.80619e-09	-0.380188
1.80625e-09	-0.380263
1.80632e-09	-0.380338
1.80638e-09	-0.380413
1.80645e-09	-0.380488
1.80651e-09	-0.380563
1.80657e-09	-0.380638
1.80664e-09	-0.380712
1.8067e-09	-0.380787
1.80677e-09	-0.380861
1.80683e-09	-0.380936
1.80689e-09	-0.38101
1.80696e-09	-0.381084
1.80702e-09	-0.381158
1.80709e-09	-0.381231
1.80715e-09	-0.381305
1.80721e-09	-0.381379
1.80728e-09	-0.381452
1.80734e-09	-0.381525
1.80741e-09	-0.381598
1.80747e-09	-0.381671
1.80753e-09	-0.381744
1.8076e-09	-0.381817
1.80766e-09	-0.38189
1.80773e-09	-0.381962
1.80779e-09	-0.382035
1.80786e-09	-0.382107
1.80792e-09	-0.382179
1.80798e-09	-0.382251
1.80805e-09	-0.382323
1.80811e-09	-0.382395
1.80818e-09	-0.382467
1.80824e-09	-0.382538
1.8083e-09	-0.38261
1.80837e-09	-0.382681
1.80843e-09	-0.382752
1.8085e-09	-0.382823
1.80856e-09	-0.382894
1.80862e-09	-0.382965
1.80869e-09	-0.383036
1.80875e-09	-0.383106
1.80882e-09	-0.383177
1.80888e-09	-0.383247
1.80894e-09	-0.383317
1.80901e-09	-0.383387
1.80907e-09	-0.383457
1.80914e-09	-0.383527
1.8092e-09	-0.383597
1.80926e-09	-0.383666
1.80933e-09	-0.383736
1.80939e-09	-0.383805
1.80946e-09	-0.383874
1.80952e-09	-0.383943
1.80958e-09	-0.384012
1.80965e-09	-0.384081
1.80971e-09	-0.38415
1.80978e-09	-0.384218
1.80984e-09	-0.384287
1.8099e-09	-0.384355
1.80997e-09	-0.384424
1.81003e-09	-0.384492
1.8101e-09	-0.38456
1.81016e-09	-0.384628
1.81022e-09	-0.384695
1.81029e-09	-0.384763
1.81035e-09	-0.38483
1.81042e-09	-0.384898
1.81048e-09	-0.384965
1.81054e-09	-0.385032
1.81061e-09	-0.385099
1.81067e-09	-0.385166
1.81074e-09	-0.385233
1.8108e-09	-0.3853
1.81086e-09	-0.385366
1.81093e-09	-0.385432
1.81099e-09	-0.385499
1.81106e-09	-0.385565
1.81112e-09	-0.385631
1.81118e-09	-0.385697
1.81125e-09	-0.385763
1.81131e-09	-0.385828
1.81138e-09	-0.385894
1.81144e-09	-0.385959
1.8115e-09	-0.386025
1.81157e-09	-0.38609
1.81163e-09	-0.386155
1.8117e-09	-0.38622
1.81176e-09	-0.386285
1.81182e-09	-0.386349
1.81189e-09	-0.386414
1.81195e-09	-0.386478
1.81202e-09	-0.386543
1.81208e-09	-0.386607
1.81214e-09	-0.386671
1.81221e-09	-0.386735
1.81227e-09	-0.386799
1.81234e-09	-0.386863
1.8124e-09	-0.386926
1.81246e-09	-0.38699
1.81253e-09	-0.387053
1.81259e-09	-0.387116
1.81266e-09	-0.38718
1.81272e-09	-0.387243
1.81278e-09	-0.387305
1.81285e-09	-0.387368
1.81291e-09	-0.387431
1.81298e-09	-0.387493
1.81304e-09	-0.387556
1.8131e-09	-0.387618
1.81317e-09	-0.38768
1.81323e-09	-0.387742
1.8133e-09	-0.387804
1.81336e-09	-0.387866
1.81342e-09	-0.387928
1.81349e-09	-0.387989
1.81355e-09	-0.388051
1.81362e-09	-0.388112
1.81368e-09	-0.388173
1.81374e-09	-0.388234
1.81381e-09	-0.388295
1.81387e-09	-0.388356
1.81394e-09	-0.388417
1.814e-09	-0.388477
1.81406e-09	-0.388538
1.81413e-09	-0.388598
1.81419e-09	-0.388658
1.81426e-09	-0.388719
1.81432e-09	-0.388779
1.81438e-09	-0.388838
1.81445e-09	-0.388898
1.81451e-09	-0.388958
1.81458e-09	-0.389017
1.81464e-09	-0.389077
1.8147e-09	-0.389136
1.81477e-09	-0.389195
1.81483e-09	-0.389254
1.8149e-09	-0.389313
1.81496e-09	-0.389372
1.81502e-09	-0.38943
1.81509e-09	-0.389489
1.81515e-09	-0.389547
1.81522e-09	-0.389606
1.81528e-09	-0.389664
1.81534e-09	-0.389722
1.81541e-09	-0.38978
1.81547e-09	-0.389838
1.81554e-09	-0.389895
1.8156e-09	-0.389953
1.81566e-09	-0.390011
1.81573e-09	-0.390068
1.81579e-09	-0.390125
1.81586e-09	-0.390182
1.81592e-09	-0.390239
1.81598e-09	-0.390296
1.81605e-09	-0.390353
1.81611e-09	-0.390409
1.81618e-09	-0.390466
1.81624e-09	-0.390522
1.8163e-09	-0.390579
1.81637e-09	-0.390635
1.81643e-09	-0.390691
1.8165e-09	-0.390747
1.81656e-09	-0.390802
1.81662e-09	-0.390858
1.81669e-09	-0.390914
1.81675e-09	-0.390969
1.81682e-09	-0.391024
1.81688e-09	-0.39108
1.81694e-09	-0.391135
1.81701e-09	-0.39119
1.81707e-09	-0.391244
1.81714e-09	-0.391299
1.8172e-09	-0.391354
1.81726e-09	-0.391408
1.81733e-09	-0.391463
1.81739e-09	-0.391517
1.81746e-09	-0.391571
1.81752e-09	-0.391625
1.81758e-09	-0.391679
1.81765e-09	-0.391733
1.81771e-09	-0.391786
1.81778e-09	-0.39184
1.81784e-09	-0.391893
1.8179e-09	-0.391946
1.81797e-09	-0.392
1.81803e-09	-0.392053
1.8181e-09	-0.392106
1.81816e-09	-0.392158
1.81822e-09	-0.392211
1.81829e-09	-0.392264
1.81835e-09	-0.392316
1.81842e-09	-0.392368
1.81848e-09	-0.392421
1.81854e-09	-0.392473
1.81861e-09	-0.392525
1.81867e-09	-0.392577
1.81874e-09	-0.392628
1.8188e-09	-0.39268
1.81886e-09	-0.392731
1.81893e-09	-0.392783
1.81899e-09	-0.392834
1.81906e-09	-0.392885
1.81912e-09	-0.392936
1.81918e-09	-0.392987
1.81925e-09	-0.393038
1.81931e-09	-0.393089
1.81938e-09	-0.393139
1.81944e-09	-0.39319
1.8195e-09	-0.39324
1.81957e-09	-0.39329
1.81963e-09	-0.39334
1.8197e-09	-0.39339
1.81976e-09	-0.39344
1.81982e-09	-0.39349
1.81989e-09	-0.393539
1.81995e-09	-0.393589
1.82002e-09	-0.393638
1.82008e-09	-0.393688
1.82014e-09	-0.393737
1.82021e-09	-0.393786
1.82027e-09	-0.393835
1.82034e-09	-0.393883
1.8204e-09	-0.393932
1.82046e-09	-0.393981
1.82053e-09	-0.394029
1.82059e-09	-0.394077
1.82066e-09	-0.394126
1.82072e-09	-0.394174
1.82078e-09	-0.394222
1.82085e-09	-0.39427
1.82091e-09	-0.394317
1.82098e-09	-0.394365
1.82104e-09	-0.394412
1.8211e-09	-0.39446
1.82117e-09	-0.394507
1.82123e-09	-0.394554
1.8213e-09	-0.394601
1.82136e-09	-0.394648
1.82142e-09	-0.394695
1.82149e-09	-0.394742
1.82155e-09	-0.394788
1.82162e-09	-0.394835
1.82168e-09	-0.394881
1.82174e-09	-0.394927
1.82181e-09	-0.394973
1.82187e-09	-0.395019
1.82194e-09	-0.395065
1.822e-09	-0.395111
1.82206e-09	-0.395156
1.82213e-09	-0.395202
1.82219e-09	-0.395247
1.82226e-09	-0.395292
1.82232e-09	-0.395338
1.82238e-09	-0.395383
1.82245e-09	-0.395428
1.82251e-09	-0.395472
1.82258e-09	-0.395517
1.82264e-09	-0.395562
1.8227e-09	-0.395606
1.82277e-09	-0.39565
1.82283e-09	-0.395695
1.8229e-09	-0.395739
1.82296e-09	-0.395783
1.82302e-09	-0.395827
1.82309e-09	-0.39587
1.82315e-09	-0.395914
1.82322e-09	-0.395958
1.82328e-09	-0.396001
1.82334e-09	-0.396044
1.82341e-09	-0.396087
1.82347e-09	-0.39613
1.82354e-09	-0.396173
1.8236e-09	-0.396216
1.82366e-09	-0.396259
1.82373e-09	-0.396301
1.82379e-09	-0.396344
1.82386e-09	-0.396386
1.82392e-09	-0.396429
1.82398e-09	-0.396471
1.82405e-09	-0.396513
1.82411e-09	-0.396555
1.82418e-09	-0.396596
1.82424e-09	-0.396638
1.8243e-09	-0.39668
1.82437e-09	-0.396721
1.82443e-09	-0.396762
1.8245e-09	-0.396803
1.82456e-09	-0.396845
1.82462e-09	-0.396886
1.82469e-09	-0.396926
1.82475e-09	-0.396967
1.82482e-09	-0.397008
1.82488e-09	-0.397048
1.82494e-09	-0.397089
1.82501e-09	-0.397129
1.82507e-09	-0.397169
1.82514e-09	-0.397209
1.8252e-09	-0.397249
1.82526e-09	-0.397289
1.82533e-09	-0.397328
1.82539e-09	-0.397368
1.82546e-09	-0.397408
1.82552e-09	-0.397447
1.82559e-09	-0.397486
1.82565e-09	-0.397525
1.82571e-09	-0.397564
1.82578e-09	-0.397603
1.82584e-09	-0.397642
1.82591e-09	-0.397681
1.82597e-09	-0.397719
1.82603e-09	-0.397758
1.8261e-09	-0.397796
1.82616e-09	-0.397834
1.82623e-09	-0.397872
1.82629e-09	-0.39791
1.82635e-09	-0.397948
1.82642e-09	-0.397986
1.82648e-09	-0.398023
1.82655e-09	-0.398061
1.82661e-09	-0.398098
1.82667e-09	-0.398135
1.82674e-09	-0.398173
1.8268e-09	-0.39821
1.82687e-09	-0.398247
1.82693e-09	-0.398283
1.82699e-09	-0.39832
1.82706e-09	-0.398357
1.82712e-09	-0.398393
1.82719e-09	-0.39843
1.82725e-09	-0.398466
1.82731e-09	-0.398502
1.82738e-09	-0.398538
1.82744e-09	-0.398574
1.82751e-09	-0.39861
1.82757e-09	-0.398645
1.82763e-09	-0.398681
1.8277e-09	-0.398716
1.82776e-09	-0.398752
1.82783e-09	-0.398787
1.82789e-09	-0.398822
1.82795e-09	-0.398857
1.82802e-09	-0.398892
1.82808e-09	-0.398927
1.82815e-09	-0.398961
1.82821e-09	-0.398996
1.82827e-09	-0.39903
1.82834e-09	-0.399064
1.8284e-09	-0.399099
1.82847e-09	-0.399133
1.82853e-09	-0.399167
1.82859e-09	-0.399201
1.82866e-09	-0.399234
1.82872e-09	-0.399268
1.82879e-09	-0.399301
1.82885e-09	-0.399335
1.82891e-09	-0.399368
1.82898e-09	-0.399401
1.82904e-09	-0.399434
1.82911e-09	-0.399467
1.82917e-09	-0.3995
1.82923e-09	-0.399533
1.8293e-09	-0.399565
1.82936e-09	-0.399598
1.82943e-09	-0.39963
1.82949e-09	-0.399662
1.82955e-09	-0.399695
1.82962e-09	-0.399727
1.82968e-09	-0.399759
1.82975e-09	-0.39979
1.82981e-09	-0.399822
1.82987e-09	-0.399854
1.82994e-09	-0.399885
1.83e-09	-0.399916
1.83007e-09	-0.399948
1.83013e-09	-0.399979
1.83019e-09	-0.40001
1.83026e-09	-0.400041
1.83032e-09	-0.400072
1.83039e-09	-0.400102
1.83045e-09	-0.400133
1.83051e-09	-0.400163
1.83058e-09	-0.400194
1.83064e-09	-0.400224
1.83071e-09	-0.400254
1.83077e-09	-0.400284
1.83083e-09	-0.400314
1.8309e-09	-0.400344
1.83096e-09	-0.400373
1.83103e-09	-0.400403
1.83109e-09	-0.400432
1.83115e-09	-0.400462
1.83122e-09	-0.400491
1.83128e-09	-0.40052
1.83135e-09	-0.400549
1.83141e-09	-0.400578
1.83147e-09	-0.400607
1.83154e-09	-0.400635
1.8316e-09	-0.400664
1.83167e-09	-0.400692
1.83173e-09	-0.400721
1.83179e-09	-0.400749
1.83186e-09	-0.400777
1.83192e-09	-0.400805
1.83199e-09	-0.400833
1.83205e-09	-0.40086
1.83211e-09	-0.400888
1.83218e-09	-0.400916
1.83224e-09	-0.400943
1.83231e-09	-0.40097
1.83237e-09	-0.400998
1.83243e-09	-0.401025
1.8325e-09	-0.401052
1.83256e-09	-0.401078
1.83263e-09	-0.401105
1.83269e-09	-0.401132
1.83275e-09	-0.401158
1.83282e-09	-0.401185
1.83288e-09	-0.401211
1.83295e-09	-0.401237
1.83301e-09	-0.401263
1.83307e-09	-0.401289
1.83314e-09	-0.401315
1.8332e-09	-0.401341
1.83327e-09	-0.401367
1.83333e-09	-0.401392
1.83339e-09	-0.401418
1.83346e-09	-0.401443
1.83352e-09	-0.401468
1.83359e-09	-0.401493
1.83365e-09	-0.401518
1.83371e-09	-0.401543
1.83378e-09	-0.401568
1.83384e-09	-0.401592
1.83391e-09	-0.401617
1.83397e-09	-0.401641
1.83403e-09	-0.401666
1.8341e-09	-0.40169
1.83416e-09	-0.401714
1.83423e-09	-0.401738
1.83429e-09	-0.401762
1.83435e-09	-0.401785
1.83442e-09	-0.401809
1.83448e-09	-0.401833
1.83455e-09	-0.401856
1.83461e-09	-0.401879
1.83467e-09	-0.401903
1.83474e-09	-0.401926
1.8348e-09	-0.401949
1.83487e-09	-0.401972
1.83493e-09	-0.401994
1.83499e-09	-0.402017
1.83506e-09	-0.402039
1.83512e-09	-0.402062
1.83519e-09	-0.402084
1.83525e-09	-0.402106
1.83531e-09	-0.402129
1.83538e-09	-0.402151
1.83544e-09	-0.402172
1.83551e-09	-0.402194
1.83557e-09	-0.402216
1.83563e-09	-0.402237
1.8357e-09	-0.402259
1.83576e-09	-0.40228
1.83583e-09	-0.402301
1.83589e-09	-0.402322
1.83595e-09	-0.402343
1.83602e-09	-0.402364
1.83608e-09	-0.402385
1.83615e-09	-0.402406
1.83621e-09	-0.402426
1.83627e-09	-0.402447
1.83634e-09	-0.402467
1.8364e-09	-0.402487
1.83647e-09	-0.402508
1.83653e-09	-0.402528
1.83659e-09	-0.402547
1.83666e-09	-0.402567
1.83672e-09	-0.402587
1.83679e-09	-0.402606
1.83685e-09	-0.402626
1.83691e-09	-0.402645
1.83698e-09	-0.402665
1.83704e-09	-0.402684
1.83711e-09	-0.402703
1.83717e-09	-0.402722
1.83723e-09	-0.40274
1.8373e-09	-0.402759
1.83736e-09	-0.402778
1.83743e-09	-0.402796
1.83749e-09	-0.402815
1.83755e-09	-0.402833
1.83762e-09	-0.402851
1.83768e-09	-0.402869
1.83775e-09	-0.402887
1.83781e-09	-0.402905
1.83787e-09	-0.402923
1.83794e-09	-0.40294
1.838e-09	-0.402958
1.83807e-09	-0.402975
1.83813e-09	-0.402992
1.83819e-09	-0.40301
1.83826e-09	-0.403027
1.83832e-09	-0.403044
1.83839e-09	-0.40306
1.83845e-09	-0.403077
1.83851e-09	-0.403094
1.83858e-09	-0.40311
1.83864e-09	-0.403127
1.83871e-09	-0.403143
1.83877e-09	-0.403159
1.83883e-09	-0.403175
1.8389e-09	-0.403191
1.83896e-09	-0.403207
1.83903e-09	-0.403223
1.83909e-09	-0.403239
1.83915e-09	-0.403254
1.83922e-09	-0.40327
1.83928e-09	-0.403285
1.83935e-09	-0.4033
1.83941e-09	-0.403315
1.83947e-09	-0.40333
1.83954e-09	-0.403345
1.8396e-09	-0.40336
1.83967e-09	-0.403375
1.83973e-09	-0.403389
1.83979e-09	-0.403404
1.83986e-09	-0.403418
1.83992e-09	-0.403433
1.83999e-09	-0.403447
1.84005e-09	-0.403461
1.84011e-09	-0.403475
1.84018e-09	-0.403489
1.84024e-09	-0.403502
1.84031e-09	-0.403516
1.84037e-09	-0.403529
1.84043e-09	-0.403543
1.8405e-09	-0.403556
1.84056e-09	-0.403569
1.84063e-09	-0.403582
1.84069e-09	-0.403595
1.84075e-09	-0.403608
1.84082e-09	-0.403621
1.84088e-09	-0.403634
1.84095e-09	-0.403646
1.84101e-09	-0.403659
1.84107e-09	-0.403671
1.84114e-09	-0.403683
1.8412e-09	-0.403695
1.84127e-09	-0.403708
1.84133e-09	-0.403719
1.84139e-09	-0.403731
1.84146e-09	-0.403743
1.84152e-09	-0.403755
1.84159e-09	-0.403766
1.84165e-09	-0.403777
1.84171e-09	-0.403789
1.84178e-09	-0.4038
1.84184e-09	-0.403811
1.84191e-09	-0.403822
1.84197e-09	-0.403833
1.84203e-09	-0.403843
1.8421e-09	-0.403854
1.84216e-09	-0.403865
1.84223e-09	-0.403875
1.84229e-09	-0.403885
1.84235e-09	-0.403896
1.84242e-09	-0.403906
1.84248e-09	-0.403916
1.84255e-09	-0.403926
1.84261e-09	-0.403935
1.84267e-09	-0.403945
1.84274e-09	-0.403955
1.8428e-09	-0.403964
1.84287e-09	-0.403973
1.84293e-09	-0.403983
1.843e-09	-0.403992
1.84306e-09	-0.404001
1.84312e-09	-0.40401
1.84319e-09	-0.404019
1.84325e-09	-0.404027
1.84332e-09	-0.404036
1.84338e-09	-0.404045
1.84344e-09	-0.404053
1.84351e-09	-0.404061
1.84357e-09	-0.40407
1.84364e-09	-0.404078
1.8437e-09	-0.404086
1.84376e-09	-0.404094
1.84383e-09	-0.404101
1.84389e-09	-0.404109
1.84396e-09	-0.404117
1.84402e-09	-0.404124
1.84408e-09	-0.404131
1.84415e-09	-0.404139
1.84421e-09	-0.404146
1.84428e-09	-0.404153
1.84434e-09	-0.40416
1.8444e-09	-0.404167
1.84447e-09	-0.404173
1.84453e-09	-0.40418
1.8446e-09	-0.404187
1.84466e-09	-0.404193
1.84472e-09	-0.404199
1.84479e-09	-0.404206
1.84485e-09	-0.404212
1.84492e-09	-0.404218
1.84498e-09	-0.404224
1.84504e-09	-0.404229
1.84511e-09	-0.404235
1.84517e-09	-0.404241
1.84524e-09	-0.404246
1.8453e-09	-0.404252
1.84536e-09	-0.404257
1.84543e-09	-0.404262
1.84549e-09	-0.404267
1.84556e-09	-0.404272
1.84562e-09	-0.404277
1.84568e-09	-0.404282
1.84575e-09	-0.404286
1.84581e-09	-0.404291
1.84588e-09	-0.404295
1.84594e-09	-0.4043
1.846e-09	-0.404304
1.84607e-09	-0.404308
1.84613e-09	-0.404312
1.8462e-09	-0.404316
1.84626e-09	-0.40432
1.84632e-09	-0.404324
1.84639e-09	-0.404327
1.84645e-09	-0.404331
1.84652e-09	-0.404334
1.84658e-09	-0.404337
1.84664e-09	-0.404341
1.84671e-09	-0.404344
1.84677e-09	-0.404347
1.84684e-09	-0.40435
1.8469e-09	-0.404352
1.84696e-09	-0.404355
1.84703e-09	-0.404358
1.84709e-09	-0.40436
1.84716e-09	-0.404362
1.84722e-09	-0.404365
1.84728e-09	-0.404367
1.84735e-09	-0.404369
1.84741e-09	-0.404371
1.84748e-09	-0.404373
1.84754e-09	-0.404375
1.8476e-09	-0.404376
1.84767e-09	-0.404378
1.84773e-09	-0.404379
1.8478e-09	-0.404381
1.84786e-09	-0.404382
1.84792e-09	-0.404383
1.84799e-09	-0.404384
1.84805e-09	-0.404385
1.84812e-09	-0.404386
1.84818e-09	-0.404387
1.84824e-09	-0.404387
1.84831e-09	-0.404388
1.84837e-09	-0.404388
1.84844e-09	-0.404389
1.8485e-09	-0.404389
1.84856e-09	-0.404389
1.84863e-09	-0.404389
1.84869e-09	-0.404389
1.84876e-09	-0.404389
1.84882e-09	-0.404388
1.84888e-09	-0.404388
1.84895e-09	-0.404387
1.84901e-09	-0.404387
1.84908e-09	-0.404386
1.84914e-09	-0.404385
1.8492e-09	-0.404384
1.84927e-09	-0.404383
1.84933e-09	-0.404382
1.8494e-09	-0.404381
1.84946e-09	-0.40438
1.84952e-09	-0.404378
1.84959e-09	-0.404377
1.84965e-09	-0.404375
1.84972e-09	-0.404374
1.84978e-09	-0.404372
1.84984e-09	-0.40437
1.84991e-09	-0.404368
1.84997e-09	-0.404366
1.85004e-09	-0.404364
1.8501e-09	-0.404361
1.85016e-09	-0.404359
1.85023e-09	-0.404356
1.85029e-09	-0.404354
1.85036e-09	-0.404351
1.85042e-09	-0.404348
1.85048e-09	-0.404345
1.85055e-09	-0.404342
1.85061e-09	-0.404339
1.85068e-09	-0.404336
1.85074e-09	-0.404333
1.8508e-09	-0.404329
1.85087e-09	-0.404326
1.85093e-09	-0.404322
1.851e-09	-0.404318
1.85106e-09	-0.404314
1.85112e-09	-0.404311
1.85119e-09	-0.404307
1.85125e-09	-0.404302
1.85132e-09	-0.404298
1.85138e-09	-0.404294
1.85144e-09	-0.404289
1.85151e-09	-0.404285
1.85157e-09	-0.40428
1.85164e-09	-0.404276
1.8517e-09	-0.404271
1.85176e-09	-0.404266
1.85183e-09	-0.404261
1.85189e-09	-0.404256
1.85196e-09	-0.40425
1.85202e-09	-0.404245
1.85208e-09	-0.40424
1.85215e-09	-0.404234
1.85221e-09	-0.404228
1.85228e-09	-0.404223
1.85234e-09	-0.404217
1.8524e-09	-0.404211
1.85247e-09	-0.404205
1.85253e-09	-0.404199
1.8526e-09	-0.404193
1.85266e-09	-0.404186
1.85272e-09	-0.40418
1.85279e-09	-0.404173
1.85285e-09	-0.404167
1.85292e-09	-0.40416
1.85298e-09	-0.404153
1.85304e-09	-0.404146
1.85311e-09	-0.404139
1.85317e-09	-0.404132
1.85324e-09	-0.404125
1.8533e-09	-0.404118
1.85336e-09	-0.40411
1.85343e-09	-0.404103
1.85349e-09	-0.404095
1.85356e-09	-0.404087
1.85362e-09	-0.404079
1.85368e-09	-0.404072
1.85375e-09	-0.404064
1.85381e-09	-0.404055
1.85388e-09	-0.404047
1.85394e-09	-0.404039
1.854e-09	-0.404031
1.85407e-09	-0.404022
1.85413e-09	-0.404013
1.8542e-09	-0.404005
1.85426e-09	-0.403996
1.85432e-09	-0.403987
1.85439e-09	-0.403978
1.85445e-09	-0.403969
1.85452e-09	-0.40396
1.85458e-09	-0.40395
1.85464e-09	-0.403941
1.85471e-09	-0.403932
1.85477e-09	-0.403922
1.85484e-09	-0.403912
1.8549e-09	-0.403903
1.85496e-09	-0.403893
1.85503e-09	-0.403883
1.85509e-09	-0.403873
1.85516e-09	-0.403862
1.85522e-09	-0.403852
1.85528e-09	-0.403842
1.85535e-09	-0.403831
1.85541e-09	-0.403821
1.85548e-09	-0.40381
1.85554e-09	-0.403799
1.8556e-09	-0.403789
1.85567e-09	-0.403778
1.85573e-09	-0.403767
1.8558e-09	-0.403755
1.85586e-09	-0.403744
1.85592e-09	-0.403733
1.85599e-09	-0.403721
1.85605e-09	-0.40371
1.85612e-09	-0.403698
1.85618e-09	-0.403686
1.85624e-09	-0.403675
1.85631e-09	-0.403663
1.85637e-09	-0.403651
1.85644e-09	-0.403639
1.8565e-09	-0.403626
1.85656e-09	-0.403614
1.85663e-09	-0.403602
1.85669e-09	-0.403589
1.85676e-09	-0.403577
1.85682e-09	-0.403564
1.85688e-09	-0.403551
1.85695e-09	-0.403538
1.85701e-09	-0.403525
1.85708e-09	-0.403512
1.85714e-09	-0.403499
1.8572e-09	-0.403486
1.85727e-09	-0.403472
1.85733e-09	-0.403459
1.8574e-09	-0.403445
1.85746e-09	-0.403432
1.85752e-09	-0.403418
1.85759e-09	-0.403404
1.85765e-09	-0.40339
1.85772e-09	-0.403376
1.85778e-09	-0.403362
1.85784e-09	-0.403348
1.85791e-09	-0.403333
1.85797e-09	-0.403319
1.85804e-09	-0.403304
1.8581e-09	-0.40329
1.85816e-09	-0.403275
1.85823e-09	-0.40326
1.85829e-09	-0.403245
1.85836e-09	-0.40323
1.85842e-09	-0.403215
1.85848e-09	-0.4032
1.85855e-09	-0.403185
1.85861e-09	-0.403169
1.85868e-09	-0.403154
1.85874e-09	-0.403138
1.8588e-09	-0.403122
1.85887e-09	-0.403107
1.85893e-09	-0.403091
1.859e-09	-0.403075
1.85906e-09	-0.403059
1.85912e-09	-0.403043
1.85919e-09	-0.403026
1.85925e-09	-0.40301
1.85932e-09	-0.402994
1.85938e-09	-0.402977
1.85944e-09	-0.402961
1.85951e-09	-0.402944
1.85957e-09	-0.402927
1.85964e-09	-0.40291
1.8597e-09	-0.402893
1.85976e-09	-0.402876
1.85983e-09	-0.402859
1.85989e-09	-0.402842
1.85996e-09	-0.402824
1.86002e-09	-0.402807
1.86008e-09	-0.402789
1.86015e-09	-0.402771
1.86021e-09	-0.402754
1.86028e-09	-0.402736
1.86034e-09	-0.402718
1.86041e-09	-0.4027
1.86047e-09	-0.402682
1.86053e-09	-0.402663
1.8606e-09	-0.402645
1.86066e-09	-0.402627
1.86073e-09	-0.402608
1.86079e-09	-0.40259
1.86085e-09	-0.402571
1.86092e-09	-0.402552
1.86098e-09	-0.402533
1.86105e-09	-0.402514
1.86111e-09	-0.402495
1.86117e-09	-0.402476
1.86124e-09	-0.402457
1.8613e-09	-0.402437
1.86137e-09	-0.402418
1.86143e-09	-0.402398
1.86149e-09	-0.402379
1.86156e-09	-0.402359
1.86162e-09	-0.402339
1.86169e-09	-0.402319
1.86175e-09	-0.402299
1.86181e-09	-0.402279
1.86188e-09	-0.402259
1.86194e-09	-0.402239
1.86201e-09	-0.402218
1.86207e-09	-0.402198
1.86213e-09	-0.402177
1.8622e-09	-0.402157
1.86226e-09	-0.402136
1.86233e-09	-0.402115
1.86239e-09	-0.402094
1.86245e-09	-0.402073
1.86252e-09	-0.402052
1.86258e-09	-0.402031
1.86265e-09	-0.402009
1.86271e-09	-0.401988
1.86277e-09	-0.401966
1.86284e-09	-0.401945
1.8629e-09	-0.401923
1.86297e-09	-0.401901
1.86303e-09	-0.40188
1.86309e-09	-0.401858
1.86316e-09	-0.401836
1.86322e-09	-0.401813
1.86329e-09	-0.401791
1.86335e-09	-0.401769
1.86341e-09	-0.401746
1.86348e-09	-0.401724
1.86354e-09	-0.401701
1.86361e-09	-0.401679
1.86367e-09	-0.401656
1.86373e-09	-0.401633
1.8638e-09	-0.40161
1.86386e-09	-0.401587
1.86393e-09	-0.401564
1.86399e-09	-0.40154
1.86405e-09	-0.401517
1.86412e-09	-0.401494
1.86418e-09	-0.40147
1.86425e-09	-0.401447
1.86431e-09	-0.401423
1.86437e-09	-0.401399
1.86444e-09	-0.401375
1.8645e-09	-0.401351
1.86457e-09	-0.401327
1.86463e-09	-0.401303
1.86469e-09	-0.401279
1.86476e-09	-0.401254
1.86482e-09	-0.40123
1.86489e-09	-0.401205
1.86495e-09	-0.401181
1.86501e-09	-0.401156
1.86508e-09	-0.401131
1.86514e-09	-0.401106
1.86521e-09	-0.401081
1.86527e-09	-0.401056
1.86533e-09	-0.401031
1.8654e-09	-0.401006
1.86546e-09	-0.400981
1.86553e-09	-0.400955
1.86559e-09	-0.40093
1.86565e-09	-0.400904
1.86572e-09	-0.400878
1.86578e-09	-0.400853
1.86585e-09	-0.400827
1.86591e-09	-0.400801
1.86597e-09	-0.400775
1.86604e-09	-0.400748
1.8661e-09	-0.400722
1.86617e-09	-0.400696
1.86623e-09	-0.400669
1.86629e-09	-0.400643
1.86636e-09	-0.400616
1.86642e-09	-0.40059
1.86649e-09	-0.400563
1.86655e-09	-0.400536
1.86661e-09	-0.400509
1.86668e-09	-0.400482
1.86674e-09	-0.400455
1.86681e-09	-0.400427
1.86687e-09	-0.4004
1.86693e-09	-0.400373
1.867e-09	-0.400345
1.86706e-09	-0.400318
1.86713e-09	-0.40029
1.86719e-09	-0.400262
1.86725e-09	-0.400234
1.86732e-09	-0.400206
1.86738e-09	-0.400178
1.86745e-09	-0.40015
1.86751e-09	-0.400122
1.86757e-09	-0.400094
1.86764e-09	-0.400065
1.8677e-09	-0.400037
1.86777e-09	-0.400008
1.86783e-09	-0.39998
1.86789e-09	-0.399951
1.86796e-09	-0.399922
1.86802e-09	-0.399893
1.86809e-09	-0.399864
1.86815e-09	-0.399835
1.86821e-09	-0.399806
1.86828e-09	-0.399776
1.86834e-09	-0.399747
1.86841e-09	-0.399718
1.86847e-09	-0.399688
1.86853e-09	-0.399658
1.8686e-09	-0.399629
1.86866e-09	-0.399599
1.86873e-09	-0.399569
1.86879e-09	-0.399539
1.86885e-09	-0.399509
1.86892e-09	-0.399479
1.86898e-09	-0.399448
1.86905e-09	-0.399418
1.86911e-09	-0.399388
1.86917e-09	-0.399357
1.86924e-09	-0.399326
1.8693e-09	-0.399296
1.86937e-09	-0.399265
1.86943e-09	-0.399234
1.86949e-09	-0.399203
1.86956e-09	-0.399172
1.86962e-09	-0.399141
1.86969e-09	-0.39911
1.86975e-09	-0.399078
1.86981e-09	-0.399047
1.86988e-09	-0.399015
1.86994e-09	-0.398984
1.87001e-09	-0.398952
1.87007e-09	-0.39892
1.87013e-09	-0.398889
1.8702e-09	-0.398857
1.87026e-09	-0.398825
1.87033e-09	-0.398793
1.87039e-09	-0.39876
1.87045e-09	-0.398728
1.87052e-09	-0.398696
1.87058e-09	-0.398663
1.87065e-09	-0.398631
1.87071e-09	-0.398598
1.87077e-09	-0.398565
1.87084e-09	-0.398533
1.8709e-09	-0.3985
1.87097e-09	-0.398467
1.87103e-09	-0.398434
1.87109e-09	-0.398401
1.87116e-09	-0.398367
1.87122e-09	-0.398334
1.87129e-09	-0.398301
1.87135e-09	-0.398267
1.87141e-09	-0.398234
1.87148e-09	-0.3982
1.87154e-09	-0.398166
1.87161e-09	-0.398132
1.87167e-09	-0.398098
1.87173e-09	-0.398064
1.8718e-09	-0.39803
1.87186e-09	-0.397996
1.87193e-09	-0.397962
1.87199e-09	-0.397927
1.87205e-09	-0.397893
1.87212e-09	-0.397859
1.87218e-09	-0.397824
1.87225e-09	-0.397789
1.87231e-09	-0.397754
1.87237e-09	-0.39772
1.87244e-09	-0.397685
1.8725e-09	-0.39765
1.87257e-09	-0.397614
1.87263e-09	-0.397579
1.87269e-09	-0.397544
1.87276e-09	-0.397509
1.87282e-09	-0.397473
1.87289e-09	-0.397438
1.87295e-09	-0.397402
1.87301e-09	-0.397366
1.87308e-09	-0.39733
1.87314e-09	-0.397294
1.87321e-09	-0.397259
1.87327e-09	-0.397222
1.87333e-09	-0.397186
1.8734e-09	-0.39715
1.87346e-09	-0.397114
1.87353e-09	-0.397077
1.87359e-09	-0.397041
1.87365e-09	-0.397004
1.87372e-09	-0.396968
1.87378e-09	-0.396931
1.87385e-09	-0.396894
1.87391e-09	-0.396857
1.87397e-09	-0.39682
1.87404e-09	-0.396783
1.8741e-09	-0.396746
1.87417e-09	-0.396709
1.87423e-09	-0.396671
1.87429e-09	-0.396634
1.87436e-09	-0.396596
1.87442e-09	-0.396559
1.87449e-09	-0.396521
1.87455e-09	-0.396483
1.87461e-09	-0.396446
1.87468e-09	-0.396408
1.87474e-09	-0.39637
1.87481e-09	-0.396332
1.87487e-09	-0.396293
1.87493e-09	-0.396255
1.875e-09	-0.396217
1.87506e-09	-0.396178
1.87513e-09	-0.39614
1.87519e-09	-0.396101
1.87525e-09	-0.396063
1.87532e-09	-0.396024
1.87538e-09	-0.395985
1.87545e-09	-0.395946
1.87551e-09	-0.395907
1.87557e-09	-0.395868
1.87564e-09	-0.395829
1.8757e-09	-0.39579
1.87577e-09	-0.39575
1.87583e-09	-0.395711
1.87589e-09	-0.395671
1.87596e-09	-0.395632
1.87602e-09	-0.395592
1.87609e-09	-0.395552
1.87615e-09	-0.395512
1.87621e-09	-0.395472
1.87628e-09	-0.395433
1.87634e-09	-0.395392
1.87641e-09	-0.395352
1.87647e-09	-0.395312
1.87653e-09	-0.395272
1.8766e-09	-0.395231
1.87666e-09	-0.395191
1.87673e-09	-0.39515
1.87679e-09	-0.395109
1.87685e-09	-0.395069
1.87692e-09	-0.395028
1.87698e-09	-0.394987
1.87705e-09	-0.394946
1.87711e-09	-0.394905
1.87717e-09	-0.394864
1.87724e-09	-0.394823
1.8773e-09	-0.394781
1.87737e-09	-0.39474
1.87743e-09	-0.394698
1.87749e-09	-0.394657
1.87756e-09	-0.394615
1.87762e-09	-0.394573
1.87769e-09	-0.394532
1.87775e-09	-0.39449
1.87782e-09	-0.394448
1.87788e-09	-0.394406
1.87794e-09	-0.394363
1.87801e-09	-0.394321
1.87807e-09	-0.394279
1.87814e-09	-0.394237
1.8782e-09	-0.394194
1.87826e-09	-0.394152
1.87833e-09	-0.394109
1.87839e-09	-0.394066
1.87846e-09	-0.394023
1.87852e-09	-0.393981
1.87858e-09	-0.393938
1.87865e-09	-0.393894
1.87871e-09	-0.393851
1.87878e-09	-0.393808
1.87884e-09	-0.393765
1.8789e-09	-0.393722
1.87897e-09	-0.393678
1.87903e-09	-0.393635
1.8791e-09	-0.393591
1.87916e-09	-0.393547
1.87922e-09	-0.393504
1.87929e-09	-0.39346
1.87935e-09	-0.393416
1.87942e-09	-0.393372
1.87948e-09	-0.393328
1.87954e-09	-0.393284
1.87961e-09	-0.393239
1.87967e-09	-0.393195
1.87974e-09	-0.393151
1.8798e-09	-0.393106
1.87986e-09	-0.393061
1.87993e-09	-0.393017
1.87999e-09	-0.392972
1.88006e-09	-0.392927
1.88012e-09	-0.392882
1.88018e-09	-0.392837
1.88025e-09	-0.392792
1.88031e-09	-0.392747
1.88038e-09	-0.392702
1.88044e-09	-0.392657
1.8805e-09	-0.392611
1.88057e-09	-0.392566
1.88063e-09	-0.39252
1.8807e-09	-0.392475
1.88076e-09	-0.392429
1.88082e-09	-0.392383
1.88089e-09	-0.392338
1.88095e-09	-0.392292
1.88102e-09	-0.392246
1.88108e-09	-0.3922
1.88114e-09	-0.392153
1.88121e-09	-0.392107
1.88127e-09	-0.392061
1.88134e-09	-0.392014
1.8814e-09	-0.391968
1.88146e-09	-0.391921
1.88153e-09	-0.391875
1.88159e-09	-0.391828
1.88166e-09	-0.391781
1.88172e-09	-0.391734
1.88178e-09	-0.391687
1.88185e-09	-0.39164
1.88191e-09	-0.391593
1.88198e-09	-0.391546
1.88204e-09	-0.391499
1.8821e-09	-0.391451
1.88217e-09	-0.391404
1.88223e-09	-0.391357
1.8823e-09	-0.391309
1.88236e-09	-0.391261
1.88242e-09	-0.391214
1.88249e-09	-0.391166
1.88255e-09	-0.391118
1.88262e-09	-0.39107
1.88268e-09	-0.391022
1.88274e-09	-0.390974
1.88281e-09	-0.390926
1.88287e-09	-0.390877
1.88294e-09	-0.390829
1.883e-09	-0.39078
1.88306e-09	-0.390732
1.88313e-09	-0.390683
1.88319e-09	-0.390635
1.88326e-09	-0.390586
1.88332e-09	-0.390537
1.88338e-09	-0.390488
1.88345e-09	-0.390439
1.88351e-09	-0.39039
1.88358e-09	-0.390341
1.88364e-09	-0.390292
1.8837e-09	-0.390243
1.88377e-09	-0.390193
1.88383e-09	-0.390144
1.8839e-09	-0.390094
1.88396e-09	-0.390045
1.88402e-09	-0.389995
1.88409e-09	-0.389945
1.88415e-09	-0.389895
1.88422e-09	-0.389845
1.88428e-09	-0.389795
1.88434e-09	-0.389745
1.88441e-09	-0.389695
1.88447e-09	-0.389645
1.88454e-09	-0.389595
1.8846e-09	-0.389544
1.88466e-09	-0.389494
1.88473e-09	-0.389443
1.88479e-09	-0.389393
1.88486e-09	-0.389342
1.88492e-09	-0.389291
1.88498e-09	-0.389241
1.88505e-09	-0.38919
1.88511e-09	-0.389139
1.88518e-09	-0.389088
1.88524e-09	-0.389037
1.8853e-09	-0.388985
1.88537e-09	-0.388934
1.88543e-09	-0.388883
1.8855e-09	-0.388831
1.88556e-09	-0.38878
1.88562e-09	-0.388728
1.88569e-09	-0.388677
1.88575e-09	-0.388625
1.88582e-09	-0.388573
1.88588e-09	-0.388521
1.88594e-09	-0.388469
1.88601e-09	-0.388417
1.88607e-09	-0.388365
1.88614e-09	-0.388313
1.8862e-09	-0.388261
1.88626e-09	-0.388208
1.88633e-09	-0.388156
1.88639e-09	-0.388103
1.88646e-09	-0.388051
1.88652e-09	-0.387998
1.88658e-09	-0.387945
1.88665e-09	-0.387893
1.88671e-09	-0.38784
1.88678e-09	-0.387787
1.88684e-09	-0.387734
1.8869e-09	-0.387681
1.88697e-09	-0.387628
1.88703e-09	-0.387574
1.8871e-09	-0.387521
1.88716e-09	-0.387468
1.88722e-09	-0.387414
1.88729e-09	-0.387361
1.88735e-09	-0.387307
1.88742e-09	-0.387253
1.88748e-09	-0.3872
1.88754e-09	-0.387146
1.88761e-09	-0.387092
1.88767e-09	-0.387038
1.88774e-09	-0.386984
1.8878e-09	-0.38693
1.88786e-09	-0.386875
1.88793e-09	-0.386821
1.88799e-09	-0.386767
1.88806e-09	-0.386712
1.88812e-09	-0.386658
1.88818e-09	-0.386603
1.88825e-09	-0.386549
1.88831e-09	-0.386494
1.88838e-09	-0.386439
1.88844e-09	-0.386384
1.8885e-09	-0.386329
1.88857e-09	-0.386274
1.88863e-09	-0.386219
1.8887e-09	-0.386164
1.88876e-09	-0.386109
1.88882e-09	-0.386054
1.88889e-09	-0.385998
1.88895e-09	-0.385943
1.88902e-09	-0.385887
1.88908e-09	-0.385832
1.88914e-09	-0.385776
1.88921e-09	-0.38572
1.88927e-09	-0.385664
1.88934e-09	-0.385608
1.8894e-09	-0.385552
1.88946e-09	-0.385496
1.88953e-09	-0.38544
1.88959e-09	-0.385384
1.88966e-09	-0.385328
1.88972e-09	-0.385271
1.88978e-09	-0.385215
1.88985e-09	-0.385159
1.88991e-09	-0.385102
1.88998e-09	-0.385045
1.89004e-09	-0.384989
1.8901e-09	-0.384932
1.89017e-09	-0.384875
1.89023e-09	-0.384818
1.8903e-09	-0.384761
1.89036e-09	-0.384704
1.89042e-09	-0.384647
1.89049e-09	-0.38459
1.89055e-09	-0.384533
1.89062e-09	-0.384475
1.89068e-09	-0.384418
1.89074e-09	-0.38436
1.89081e-09	-0.384303
1.89087e-09	-0.384245
1.89094e-09	-0.384187
1.891e-09	-0.38413
1.89106e-09	-0.384072
1.89113e-09	-0.384014
1.89119e-09	-0.383956
1.89126e-09	-0.383898
1.89132e-09	-0.38384
1.89138e-09	-0.383781
1.89145e-09	-0.383723
1.89151e-09	-0.383665
1.89158e-09	-0.383606
1.89164e-09	-0.383548
1.8917e-09	-0.383489
1.89177e-09	-0.383431
1.89183e-09	-0.383372
1.8919e-09	-0.383313
1.89196e-09	-0.383254
1.89202e-09	-0.383195
1.89209e-09	-0.383137
1.89215e-09	-0.383077
1.89222e-09	-0.383018
1.89228e-09	-0.382959
1.89234e-09	-0.3829
1.89241e-09	-0.382841
1.89247e-09	-0.382781
1.89254e-09	-0.382722
1.8926e-09	-0.382662
1.89266e-09	-0.382602
1.89273e-09	-0.382543
1.89279e-09	-0.382483
1.89286e-09	-0.382423
1.89292e-09	-0.382363
1.89298e-09	-0.382303
1.89305e-09	-0.382243
1.89311e-09	-0.382183
1.89318e-09	-0.382123
1.89324e-09	-0.382063
1.8933e-09	-0.382002
1.89337e-09	-0.381942
1.89343e-09	-0.381882
1.8935e-09	-0.381821
1.89356e-09	-0.38176
1.89362e-09	-0.3817
1.89369e-09	-0.381639
1.89375e-09	-0.381578
1.89382e-09	-0.381517
1.89388e-09	-0.381456
1.89394e-09	-0.381395
1.89401e-09	-0.381334
1.89407e-09	-0.381273
1.89414e-09	-0.381212
1.8942e-09	-0.381151
1.89426e-09	-0.381089
1.89433e-09	-0.381028
1.89439e-09	-0.380966
1.89446e-09	-0.380905
1.89452e-09	-0.380843
1.89458e-09	-0.380781
1.89465e-09	-0.38072
1.89471e-09	-0.380658
1.89478e-09	-0.380596
1.89484e-09	-0.380534
1.8949e-09	-0.380472
1.89497e-09	-0.38041
1.89503e-09	-0.380347
1.8951e-09	-0.380285
1.89516e-09	-0.380223
1.89523e-09	-0.38016
1.89529e-09	-0.380098
1.89535e-09	-0.380035
1.89542e-09	-0.379973
1.89548e-09	-0.37991
1.89555e-09	-0.379847
1.89561e-09	-0.379785
1.89567e-09	-0.379722
1.89574e-09	-0.379659
1.8958e-09	-0.379596
1.89587e-09	-0.379533
1.89593e-09	-0.37947
1.89599e-09	-0.379406
1.89606e-09	-0.379343
1.89612e-09	-0.37928
1.89619e-09	-0.379216
1.89625e-09	-0.379153
1.89631e-09	-0.379089
1.89638e-09	-0.379026
1.89644e-09	-0.378962
1.89651e-09	-0.378898
1.89657e-09	-0.378834
1.89663e-09	-0.37877
1.8967e-09	-0.378706
1.89676e-09	-0.378642
1.89683e-09	-0.378578
1.89689e-09	-0.378514
1.89695e-09	-0.37845
1.89702e-09	-0.378386
1.89708e-09	-0.378321
1.89715e-09	-0.378257
1.89721e-09	-0.378192
1.89727e-09	-0.378128
1.89734e-09	-0.378063
1.8974e-09	-0.377999
1.89747e-09	-0.377934
1.89753e-09	-0.377869
1.89759e-09	-0.377804
1.89766e-09	-0.377739
1.89772e-09	-0.377674
1.89779e-09	-0.377609
1.89785e-09	-0.377544
1.89791e-09	-0.377479
1.89798e-09	-0.377413
1.89804e-09	-0.377348
1.89811e-09	-0.377282
1.89817e-09	-0.377217
1.89823e-09	-0.377151
1.8983e-09	-0.377086
1.89836e-09	-0.37702
1.89843e-09	-0.376954
1.89849e-09	-0.376889
1.89855e-09	-0.376823
1.89862e-09	-0.376757
1.89868e-09	-0.376691
1.89875e-09	-0.376625
1.89881e-09	-0.376558
1.89887e-09	-0.376492
1.89894e-09	-0.376426
1.899e-09	-0.37636
1.89907e-09	-0.376293
1.89913e-09	-0.376227
1.89919e-09	-0.37616
1.89926e-09	-0.376094
1.89932e-09	-0.376027
1.89939e-09	-0.37596
1.89945e-09	-0.375893
1.89951e-09	-0.375826
1.89958e-09	-0.37576
1.89964e-09	-0.375693
1.89971e-09	-0.375625
1.89977e-09	-0.375558
1.89983e-09	-0.375491
1.8999e-09	-0.375424
1.89996e-09	-0.375357
1.90003e-09	-0.375289
1.90009e-09	-0.375222
1.90015e-09	-0.375154
1.90022e-09	-0.375087
1.90028e-09	-0.375019
1.90035e-09	-0.374951
1.90041e-09	-0.374883
1.90047e-09	-0.374816
1.90054e-09	-0.374748
1.9006e-09	-0.37468
1.90067e-09	-0.374612
1.90073e-09	-0.374544
1.90079e-09	-0.374475
1.90086e-09	-0.374407
1.90092e-09	-0.374339
1.90099e-09	-0.374271
1.90105e-09	-0.374202
1.90111e-09	-0.374134
1.90118e-09	-0.374065
1.90124e-09	-0.373997
1.90131e-09	-0.373928
1.90137e-09	-0.373859
1.90143e-09	-0.37379
1.9015e-09	-0.373721
1.90156e-09	-0.373653
1.90163e-09	-0.373584
1.90169e-09	-0.373514
1.90175e-09	-0.373445
1.90182e-09	-0.373376
1.90188e-09	-0.373307
1.90195e-09	-0.373238
1.90201e-09	-0.373168
1.90207e-09	-0.373099
1.90214e-09	-0.373029
1.9022e-09	-0.37296
1.90227e-09	-0.37289
1.90233e-09	-0.37282
1.90239e-09	-0.372751
1.90246e-09	-0.372681
1.90252e-09	-0.372611
1.90259e-09	-0.372541
1.90265e-09	-0.372471
1.90271e-09	-0.372401
1.90278e-09	-0.372331
1.90284e-09	-0.372261
1.90291e-09	-0.37219
1.90297e-09	-0.37212
1.90303e-09	-0.37205
1.9031e-09	-0.371979
1.90316e-09	-0.371909
1.90323e-09	-0.371838
1.90329e-09	-0.371768
1.90335e-09	-0.371697
1.90342e-09	-0.371626
1.90348e-09	-0.371555
1.90355e-09	-0.371485
1.90361e-09	-0.371414
1.90367e-09	-0.371343
1.90374e-09	-0.371272
1.9038e-09	-0.3712
1.90387e-09	-0.371129
1.90393e-09	-0.371058
1.90399e-09	-0.370987
1.90406e-09	-0.370915
1.90412e-09	-0.370844
1.90419e-09	-0.370772
1.90425e-09	-0.370701
1.90431e-09	-0.370629
1.90438e-09	-0.370558
1.90444e-09	-0.370486
1.90451e-09	-0.370414
1.90457e-09	-0.370342
1.90463e-09	-0.37027
1.9047e-09	-0.370198
1.90476e-09	-0.370126
1.90483e-09	-0.370054
1.90489e-09	-0.369982
1.90495e-09	-0.36991
1.90502e-09	-0.369838
1.90508e-09	-0.369765
1.90515e-09	-0.369693
1.90521e-09	-0.36962
1.90527e-09	-0.369548
1.90534e-09	-0.369475
1.9054e-09	-0.369403
1.90547e-09	-0.36933
1.90553e-09	-0.369257
1.90559e-09	-0.369184
1.90566e-09	-0.369111
1.90572e-09	-0.369038
1.90579e-09	-0.368965
1.90585e-09	-0.368892
1.90591e-09	-0.368819
1.90598e-09	-0.368746
1.90604e-09	-0.368673
1.90611e-09	-0.368599
1.90617e-09	-0.368526
1.90623e-09	-0.368453
1.9063e-09	-0.368379
1.90636e-09	-0.368306
1.90643e-09	-0.368232
1.90649e-09	-0.368158
1.90655e-09	-0.368085
1.90662e-09	-0.368011
1.90668e-09	-0.367937
1.90675e-09	-0.367863
1.90681e-09	-0.367789
1.90687e-09	-0.367715
1.90694e-09	-0.367641
1.907e-09	-0.367567
1.90707e-09	-0.367493
1.90713e-09	-0.367418
1.90719e-09	-0.367344
1.90726e-09	-0.36727
1.90732e-09	-0.367195
1.90739e-09	-0.367121
1.90745e-09	-0.367046
1.90751e-09	-0.366972
1.90758e-09	-0.366897
1.90764e-09	-0.366822
1.90771e-09	-0.366747
1.90777e-09	-0.366673
1.90783e-09	-0.366598
1.9079e-09	-0.366523
1.90796e-09	-0.366448
1.90803e-09	-0.366373
1.90809e-09	-0.366297
1.90815e-09	-0.366222
1.90822e-09	-0.366147
1.90828e-09	-0.366072
1.90835e-09	-0.365996
1.90841e-09	-0.365921
1.90847e-09	-0.365845
1.90854e-09	-0.36577
1.9086e-09	-0.365694
1.90867e-09	-0.365618
1.90873e-09	-0.365543
1.90879e-09	-0.365467
1.90886e-09	-0.365391
1.90892e-09	-0.365315
1.90899e-09	-0.365239
1.90905e-09	-0.365163
1.90911e-09	-0.365087
1.90918e-09	-0.365011
1.90924e-09	-0.364935
1.90931e-09	-0.364859
1.90937e-09	-0.364782
1.90943e-09	-0.364706
1.9095e-09	-0.36463
1.90956e-09	-0.364553
1.90963e-09	-0.364477
1.90969e-09	-0.3644
1.90975e-09	-0.364323
1.90982e-09	-0.364247
1.90988e-09	-0.36417
1.90995e-09	-0.364093
1.91001e-09	-0.364016
1.91007e-09	-0.363939
1.91014e-09	-0.363862
1.9102e-09	-0.363785
1.91027e-09	-0.363708
1.91033e-09	-0.363631
1.91039e-09	-0.363554
1.91046e-09	-0.363476
1.91052e-09	-0.363399
1.91059e-09	-0.363322
1.91065e-09	-0.363244
1.91071e-09	-0.363167
1.91078e-09	-0.363089
1.91084e-09	-0.363012
1.91091e-09	-0.362934
1.91097e-09	-0.362856
1.91103e-09	-0.362778
1.9111e-09	-0.362701
1.91116e-09	-0.362623
1.91123e-09	-0.362545
1.91129e-09	-0.362467
1.91135e-09	-0.362389
1.91142e-09	-0.362311
1.91148e-09	-0.362232
1.91155e-09	-0.362154
1.91161e-09	-0.362076
1.91167e-09	-0.361998
1.91174e-09	-0.361919
1.9118e-09	-0.361841
1.91187e-09	-0.361762
1.91193e-09	-0.361684
1.91199e-09	-0.361605
1.91206e-09	-0.361526
1.91212e-09	-0.361448
1.91219e-09	-0.361369
1.91225e-09	-0.36129
1.91231e-09	-0.361211
1.91238e-09	-0.361132
1.91244e-09	-0.361053
1.91251e-09	-0.360974
1.91257e-09	-0.360895
1.91263e-09	-0.360816
1.9127e-09	-0.360737
1.91276e-09	-0.360657
1.91283e-09	-0.360578
1.91289e-09	-0.360499
1.91296e-09	-0.360419
1.91302e-09	-0.36034
1.91308e-09	-0.36026
1.91315e-09	-0.360181
1.91321e-09	-0.360101
1.91328e-09	-0.360021
1.91334e-09	-0.359941
1.9134e-09	-0.359862
1.91347e-09	-0.359782
1.91353e-09	-0.359702
1.9136e-09	-0.359622
1.91366e-09	-0.359542
1.91372e-09	-0.359462
1.91379e-09	-0.359382
1.91385e-09	-0.359301
1.91392e-09	-0.359221
1.91398e-09	-0.359141
1.91404e-09	-0.35906
1.91411e-09	-0.35898
1.91417e-09	-0.3589
1.91424e-09	-0.358819
1.9143e-09	-0.358739
1.91436e-09	-0.358658
1.91443e-09	-0.358577
1.91449e-09	-0.358496
1.91456e-09	-0.358416
1.91462e-09	-0.358335
1.91468e-09	-0.358254
1.91475e-09	-0.358173
1.91481e-09	-0.358092
1.91488e-09	-0.358011
1.91494e-09	-0.35793
1.915e-09	-0.357849
1.91507e-09	-0.357767
1.91513e-09	-0.357686
1.9152e-09	-0.357605
1.91526e-09	-0.357523
1.91532e-09	-0.357442
1.91539e-09	-0.357361
1.91545e-09	-0.357279
1.91552e-09	-0.357197
1.91558e-09	-0.357116
1.91564e-09	-0.357034
1.91571e-09	-0.356952
1.91577e-09	-0.356871
1.91584e-09	-0.356789
1.9159e-09	-0.356707
1.91596e-09	-0.356625
1.91603e-09	-0.356543
1.91609e-09	-0.356461
1.91616e-09	-0.356379
1.91622e-09	-0.356297
1.91628e-09	-0.356214
1.91635e-09	-0.356132
1.91641e-09	-0.35605
1.91648e-09	-0.355967
1.91654e-09	-0.355885
1.9166e-09	-0.355803
1.91667e-09	-0.35572
1.91673e-09	-0.355637
1.9168e-09	-0.355555
1.91686e-09	-0.355472
1.91692e-09	-0.355389
1.91699e-09	-0.355307
1.91705e-09	-0.355224
1.91712e-09	-0.355141
1.91718e-09	-0.355058
1.91724e-09	-0.354975
1.91731e-09	-0.354892
1.91737e-09	-0.354809
1.91744e-09	-0.354726
1.9175e-09	-0.354642
1.91756e-09	-0.354559
1.91763e-09	-0.354476
1.91769e-09	-0.354393
1.91776e-09	-0.354309
1.91782e-09	-0.354226
1.91788e-09	-0.354142
1.91795e-09	-0.354059
1.91801e-09	-0.353975
1.91808e-09	-0.353891
1.91814e-09	-0.353808
1.9182e-09	-0.353724
1.91827e-09	-0.35364
1.91833e-09	-0.353556
1.9184e-09	-0.353472
1.91846e-09	-0.353388
1.91852e-09	-0.353304
1.91859e-09	-0.35322
1.91865e-09	-0.353136
1.91872e-09	-0.353052
1.91878e-09	-0.352968
1.91884e-09	-0.352884
1.91891e-09	-0.352799
1.91897e-09	-0.352715
1.91904e-09	-0.352631
1.9191e-09	-0.352546
1.91916e-09	-0.352462
1.91923e-09	-0.352377
1.91929e-09	-0.352293
1.91936e-09	-0.352208
1.91942e-09	-0.352123
1.91948e-09	-0.352038
1.91955e-09	-0.351954
1.91961e-09	-0.351869
1.91968e-09	-0.351784
1.91974e-09	-0.351699
1.9198e-09	-0.351614
1.91987e-09	-0.351529
1.91993e-09	-0.351444
1.92e-09	-0.351359
1.92006e-09	-0.351273
1.92012e-09	-0.351188
1.92019e-09	-0.351103
1.92025e-09	-0.351017
1.92032e-09	-0.350932
1.92038e-09	-0.350847
1.92044e-09	-0.350761
1.92051e-09	-0.350676
1.92057e-09	-0.35059
1.92064e-09	-0.350504
1.9207e-09	-0.350419
1.92076e-09	-0.350333
1.92083e-09	-0.350247
1.92089e-09	-0.350161
1.92096e-09	-0.350075
1.92102e-09	-0.34999
1.92108e-09	-0.349904
1.92115e-09	-0.349818
1.92121e-09	-0.349731
1.92128e-09	-0.349645
1.92134e-09	-0.349559
1.9214e-09	-0.349473
1.92147e-09	-0.349387
1.92153e-09	-0.3493
1.9216e-09	-0.349214
1.92166e-09	-0.349128
1.92172e-09	-0.349041
1.92179e-09	-0.348955
1.92185e-09	-0.348868
1.92192e-09	-0.348781
1.92198e-09	-0.348695
1.92204e-09	-0.348608
1.92211e-09	-0.348521
1.92217e-09	-0.348435
1.92224e-09	-0.348348
1.9223e-09	-0.348261
1.92236e-09	-0.348174
1.92243e-09	-0.348087
1.92249e-09	-0.348
1.92256e-09	-0.347913
1.92262e-09	-0.347826
1.92268e-09	-0.347739
1.92275e-09	-0.347651
1.92281e-09	-0.347564
1.92288e-09	-0.347477
1.92294e-09	-0.347389
1.923e-09	-0.347302
1.92307e-09	-0.347215
1.92313e-09	-0.347127
1.9232e-09	-0.347039
1.92326e-09	-0.346952
1.92332e-09	-0.346864
1.92339e-09	-0.346777
1.92345e-09	-0.346689
1.92352e-09	-0.346601
1.92358e-09	-0.346513
1.92364e-09	-0.346425
1.92371e-09	-0.346337
1.92377e-09	-0.346249
1.92384e-09	-0.346161
1.9239e-09	-0.346073
1.92396e-09	-0.345985
1.92403e-09	-0.345897
1.92409e-09	-0.345809
1.92416e-09	-0.345721
1.92422e-09	-0.345632
1.92428e-09	-0.345544
1.92435e-09	-0.345456
1.92441e-09	-0.345367
1.92448e-09	-0.345279
1.92454e-09	-0.34519
1.9246e-09	-0.345102
1.92467e-09	-0.345013
1.92473e-09	-0.344924
1.9248e-09	-0.344836
1.92486e-09	-0.344747
1.92492e-09	-0.344658
1.92499e-09	-0.344569
1.92505e-09	-0.344481
1.92512e-09	-0.344392
1.92518e-09	-0.344303
1.92524e-09	-0.344214
1.92531e-09	-0.344125
1.92537e-09	-0.344035
1.92544e-09	-0.343946
1.9255e-09	-0.343857
1.92556e-09	-0.343768
1.92563e-09	-0.343679
1.92569e-09	-0.343589
1.92576e-09	-0.3435
1.92582e-09	-0.34341
1.92588e-09	-0.343321
1.92595e-09	-0.343231
1.92601e-09	-0.343142
1.92608e-09	-0.343052
1.92614e-09	-0.342963
1.9262e-09	-0.342873
1.92627e-09	-0.342783
1.92633e-09	-0.342693
1.9264e-09	-0.342604
1.92646e-09	-0.342514
1.92652e-09	-0.342424
1.92659e-09	-0.342334
1.92665e-09	-0.342244
1.92672e-09	-0.342154
1.92678e-09	-0.342064
1.92684e-09	-0.341974
1.92691e-09	-0.341884
1.92697e-09	-0.341793
1.92704e-09	-0.341703
1.9271e-09	-0.341613
1.92716e-09	-0.341522
1.92723e-09	-0.341432
1.92729e-09	-0.341342
1.92736e-09	-0.341251
1.92742e-09	-0.341161
1.92748e-09	-0.34107
1.92755e-09	-0.340979
1.92761e-09	-0.340889
1.92768e-09	-0.340798
1.92774e-09	-0.340707
1.9278e-09	-0.340616
1.92787e-09	-0.340526
1.92793e-09	-0.340435
1.928e-09	-0.340344
1.92806e-09	-0.340253
1.92812e-09	-0.340162
1.92819e-09	-0.340071
1.92825e-09	-0.33998
1.92832e-09	-0.339889
1.92838e-09	-0.339797
1.92844e-09	-0.339706
1.92851e-09	-0.339615
1.92857e-09	-0.339524
1.92864e-09	-0.339432
1.9287e-09	-0.339341
1.92876e-09	-0.33925
1.92883e-09	-0.339158
1.92889e-09	-0.339067
1.92896e-09	-0.338975
1.92902e-09	-0.338883
1.92908e-09	-0.338792
1.92915e-09	-0.3387
1.92921e-09	-0.338608
1.92928e-09	-0.338517
1.92934e-09	-0.338425
1.9294e-09	-0.338333
1.92947e-09	-0.338241
1.92953e-09	-0.338149
1.9296e-09	-0.338057
1.92966e-09	-0.337965
1.92972e-09	-0.337873
1.92979e-09	-0.337781
1.92985e-09	-0.337689
1.92992e-09	-0.337597
1.92998e-09	-0.337505
1.93004e-09	-0.337412
1.93011e-09	-0.33732
1.93017e-09	-0.337228
1.93024e-09	-0.337135
1.9303e-09	-0.337043
1.93037e-09	-0.33695
1.93043e-09	-0.336858
1.93049e-09	-0.336765
1.93056e-09	-0.336673
1.93062e-09	-0.33658
1.93069e-09	-0.336487
1.93075e-09	-0.336395
1.93081e-09	-0.336302
1.93088e-09	-0.336209
1.93094e-09	-0.336116
1.93101e-09	-0.336023
1.93107e-09	-0.33593
1.93113e-09	-0.335837
1.9312e-09	-0.335744
1.93126e-09	-0.335651
1.93133e-09	-0.335558
1.93139e-09	-0.335465
1.93145e-09	-0.335372
1.93152e-09	-0.335279
1.93158e-09	-0.335186
1.93165e-09	-0.335092
1.93171e-09	-0.334999
1.93177e-09	-0.334906
1.93184e-09	-0.334812
1.9319e-09	-0.334719
1.93197e-09	-0.334625
1.93203e-09	-0.334532
1.93209e-09	-0.334438
1.93216e-09	-0.334345
1.93222e-09	-0.334251
1.93229e-09	-0.334157
1.93235e-09	-0.334063
1.93241e-09	-0.33397
1.93248e-09	-0.333876
1.93254e-09	-0.333782
1.93261e-09	-0.333688
1.93267e-09	-0.333594
1.93273e-09	-0.3335
1.9328e-09	-0.333406
1.93286e-09	-0.333312
1.93293e-09	-0.333218
1.93299e-09	-0.333124
1.93305e-09	-0.33303
1.93312e-09	-0.332936
1.93318e-09	-0.332841
1.93325e-09	-0.332747
1.93331e-09	-0.332653
1.93337e-09	-0.332558
1.93344e-09	-0.332464
1.9335e-09	-0.33237
1.93357e-09	-0.332275
1.93363e-09	-0.332181
1.93369e-09	-0.332086
1.93376e-09	-0.331991
1.93382e-09	-0.331897
1.93389e-09	-0.331802
1.93395e-09	-0.331707
1.93401e-09	-0.331613
1.93408e-09	-0.331518
1.93414e-09	-0.331423
1.93421e-09	-0.331328
1.93427e-09	-0.331233
1.93433e-09	-0.331138
1.9344e-09	-0.331043
1.93446e-09	-0.330948
1.93453e-09	-0.330853
1.93459e-09	-0.330758
1.93465e-09	-0.330663
1.93472e-09	-0.330568
1.93478e-09	-0.330473
1.93485e-09	-0.330378
1.93491e-09	-0.330282
1.93497e-09	-0.330187
1.93504e-09	-0.330092
1.9351e-09	-0.329996
1.93517e-09	-0.329901
1.93523e-09	-0.329805
1.93529e-09	-0.32971
1.93536e-09	-0.329614
1.93542e-09	-0.329519
1.93549e-09	-0.329423
1.93555e-09	-0.329327
1.93561e-09	-0.329232
1.93568e-09	-0.329136
1.93574e-09	-0.32904
1.93581e-09	-0.328944
1.93587e-09	-0.328849
1.93593e-09	-0.328753
1.936e-09	-0.328657
1.93606e-09	-0.328561
1.93613e-09	-0.328465
1.93619e-09	-0.328369
1.93625e-09	-0.328273
1.93632e-09	-0.328177
1.93638e-09	-0.328081
1.93645e-09	-0.327984
1.93651e-09	-0.327888
1.93657e-09	-0.327792
1.93664e-09	-0.327696
1.9367e-09	-0.327599
1.93677e-09	-0.327503
1.93683e-09	-0.327407
1.93689e-09	-0.32731
1.93696e-09	-0.327214
1.93702e-09	-0.327117
1.93709e-09	-0.327021
1.93715e-09	-0.326924
1.93721e-09	-0.326827
1.93728e-09	-0.326731
1.93734e-09	-0.326634
1.93741e-09	-0.326537
1.93747e-09	-0.326441
1.93753e-09	-0.326344
1.9376e-09	-0.326247
1.93766e-09	-0.32615
1.93773e-09	-0.326053
1.93779e-09	-0.325956
1.93785e-09	-0.325859
1.93792e-09	-0.325762
1.93798e-09	-0.325665
1.93805e-09	-0.325568
1.93811e-09	-0.325471
1.93817e-09	-0.325374
1.93824e-09	-0.325277
1.9383e-09	-0.32518
1.93837e-09	-0.325082
1.93843e-09	-0.324985
1.93849e-09	-0.324888
1.93856e-09	-0.32479
1.93862e-09	-0.324693
1.93869e-09	-0.324596
1.93875e-09	-0.324498
1.93881e-09	-0.324401
1.93888e-09	-0.324303
1.93894e-09	-0.324205
1.93901e-09	-0.324108
1.93907e-09	-0.32401
1.93913e-09	-0.323913
1.9392e-09	-0.323815
1.93926e-09	-0.323717
1.93933e-09	-0.323619
1.93939e-09	-0.323521
1.93945e-09	-0.323424
1.93952e-09	-0.323326
1.93958e-09	-0.323228
1.93965e-09	-0.32313
1.93971e-09	-0.323032
1.93977e-09	-0.322934
1.93984e-09	-0.322836
1.9399e-09	-0.322738
1.93997e-09	-0.32264
1.94003e-09	-0.322542
1.94009e-09	-0.322443
1.94016e-09	-0.322345
1.94022e-09	-0.322247
1.94029e-09	-0.322149
1.94035e-09	-0.32205
1.94041e-09	-0.321952
1.94048e-09	-0.321853
1.94054e-09	-0.321755
1.94061e-09	-0.321657
1.94067e-09	-0.321558
1.94073e-09	-0.32146
1.9408e-09	-0.321361
1.94086e-09	-0.321262
1.94093e-09	-0.321164
1.94099e-09	-0.321065
1.94105e-09	-0.320966
1.94112e-09	-0.320868
1.94118e-09	-0.320769
1.94125e-09	-0.32067
1.94131e-09	-0.320571
1.94137e-09	-0.320473
1.94144e-09	-0.320374
1.9415e-09	-0.320275
1.94157e-09	-0.320176
1.94163e-09	-0.320077
1.94169e-09	-0.319978
1.94176e-09	-0.319879
1.94182e-09	-0.31978
1.94189e-09	-0.31968
1.94195e-09	-0.319581
1.94201e-09	-0.319482
1.94208e-09	-0.319383
1.94214e-09	-0.319284
1.94221e-09	-0.319184
1.94227e-09	-0.319085
1.94233e-09	-0.318986
1.9424e-09	-0.318886
1.94246e-09	-0.318787
1.94253e-09	-0.318687
1.94259e-09	-0.318588
1.94265e-09	-0.318488
1.94272e-09	-0.318389
1.94278e-09	-0.318289
1.94285e-09	-0.31819
1.94291e-09	-0.31809
1.94297e-09	-0.31799
1.94304e-09	-0.317891
1.9431e-09	-0.317791
1.94317e-09	-0.317691
1.94323e-09	-0.317591
1.94329e-09	-0.317492
1.94336e-09	-0.317392
1.94342e-09	-0.317292
1.94349e-09	-0.317192
1.94355e-09	-0.317092
1.94361e-09	-0.316992
1.94368e-09	-0.316892
1.94374e-09	-0.316792
1.94381e-09	-0.316692
1.94387e-09	-0.316592
1.94393e-09	-0.316492
1.944e-09	-0.316391
1.94406e-09	-0.316291
1.94413e-09	-0.316191
1.94419e-09	-0.316091
1.94425e-09	-0.31599
1.94432e-09	-0.31589
1.94438e-09	-0.31579
1.94445e-09	-0.315689
1.94451e-09	-0.315589
1.94457e-09	-0.315489
1.94464e-09	-0.315388
1.9447e-09	-0.315288
1.94477e-09	-0.315187
1.94483e-09	-0.315086
1.94489e-09	-0.314986
1.94496e-09	-0.314885
1.94502e-09	-0.314785
1.94509e-09	-0.314684
1.94515e-09	-0.314583
1.94521e-09	-0.314482
1.94528e-09	-0.314382
1.94534e-09	-0.314281
1.94541e-09	-0.31418
1.94547e-09	-0.314079
1.94553e-09	-0.313978
1.9456e-09	-0.313877
1.94566e-09	-0.313776
1.94573e-09	-0.313675
1.94579e-09	-0.313574
1.94585e-09	-0.313473
1.94592e-09	-0.313372
1.94598e-09	-0.313271
1.94605e-09	-0.31317
1.94611e-09	-0.313069
1.94617e-09	-0.312967
1.94624e-09	-0.312866
1.9463e-09	-0.312765
1.94637e-09	-0.312664
1.94643e-09	-0.312562
1.94649e-09	-0.312461
1.94656e-09	-0.31236
1.94662e-09	-0.312258
1.94669e-09	-0.312157
1.94675e-09	-0.312055
1.94681e-09	-0.311954
1.94688e-09	-0.311852
1.94694e-09	-0.311751
1.94701e-09	-0.311649
1.94707e-09	-0.311547
1.94713e-09	-0.311446
1.9472e-09	-0.311344
1.94726e-09	-0.311242
1.94733e-09	-0.311141
1.94739e-09	-0.311039
1.94745e-09	-0.310937
1.94752e-09	-0.310835
1.94758e-09	-0.310734
1.94765e-09	-0.310632
1.94771e-09	-0.31053
1.94778e-09	-0.310428
1.94784e-09	-0.310326
1.9479e-09	-0.310224
1.94797e-09	-0.310122
1.94803e-09	-0.31002
1.9481e-09	-0.309918
1.94816e-09	-0.309816
1.94822e-09	-0.309714
1.94829e-09	-0.309611
1.94835e-09	-0.309509
1.94842e-09	-0.309407
1.94848e-09	-0.309305
1.94854e-09	-0.309203
1.94861e-09	-0.3091
1.94867e-09	-0.308998
1.94874e-09	-0.308896
1.9488e-09	-0.308793
1.94886e-09	-0.308691
1.94893e-09	-0.308588
1.94899e-09	-0.308486
1.94906e-09	-0.308383
1.94912e-09	-0.308281
1.94918e-09	-0.308178
1.94925e-09	-0.308076
1.94931e-09	-0.307973
1.94938e-09	-0.307871
1.94944e-09	-0.307768
1.9495e-09	-0.307665
1.94957e-09	-0.307563
1.94963e-09	-0.30746
1.9497e-09	-0.307357
1.94976e-09	-0.307254
1.94982e-09	-0.307151
1.94989e-09	-0.307049
1.94995e-09	-0.306946
1.95002e-09	-0.306843
1.95008e-09	-0.30674
1.95014e-09	-0.306637
1.95021e-09	-0.306534
1.95027e-09	-0.306431
1.95034e-09	-0.306328
1.9504e-09	-0.306225
1.95046e-09	-0.306122
1.95053e-09	-0.306019
1.95059e-09	-0.305916
1.95066e-09	-0.305812
1.95072e-09	-0.305709
1.95078e-09	-0.305606
1.95085e-09	-0.305503
1.95091e-09	-0.3054
1.95098e-09	-0.305296
1.95104e-09	-0.305193
1.9511e-09	-0.30509
1.95117e-09	-0.304986
1.95123e-09	-0.304883
1.9513e-09	-0.304779
1.95136e-09	-0.304676
1.95142e-09	-0.304573
1.95149e-09	-0.304469
1.95155e-09	-0.304365
1.95162e-09	-0.304262
1.95168e-09	-0.304158
1.95174e-09	-0.304055
1.95181e-09	-0.303951
1.95187e-09	-0.303847
1.95194e-09	-0.303744
1.952e-09	-0.30364
1.95206e-09	-0.303536
1.95213e-09	-0.303433
1.95219e-09	-0.303329
1.95226e-09	-0.303225
1.95232e-09	-0.303121
1.95238e-09	-0.303017
1.95245e-09	-0.302914
1.95251e-09	-0.30281
1.95258e-09	-0.302706
1.95264e-09	-0.302602
1.9527e-09	-0.302498
1.95277e-09	-0.302394
1.95283e-09	-0.30229
1.9529e-09	-0.302186
1.95296e-09	-0.302082
1.95302e-09	-0.301977
1.95309e-09	-0.301873
1.95315e-09	-0.301769
1.95322e-09	-0.301665
1.95328e-09	-0.301561
1.95334e-09	-0.301457
1.95341e-09	-0.301352
1.95347e-09	-0.301248
1.95354e-09	-0.301144
1.9536e-09	-0.301039
1.95366e-09	-0.300935
1.95373e-09	-0.300831
1.95379e-09	-0.300726
1.95386e-09	-0.300622
1.95392e-09	-0.300517
1.95398e-09	-0.300413
1.95405e-09	-0.300309
1.95411e-09	-0.300204
1.95418e-09	-0.300099
1.95424e-09	-0.299995
1.9543e-09	-0.29989
1.95437e-09	-0.299786
1.95443e-09	-0.299681
1.9545e-09	-0.299576
1.95456e-09	-0.299472
1.95462e-09	-0.299367
1.95469e-09	-0.299262
1.95475e-09	-0.299158
1.95482e-09	-0.299053
1.95488e-09	-0.298948
1.95494e-09	-0.298843
1.95501e-09	-0.298738
1.95507e-09	-0.298633
1.95514e-09	-0.298529
1.9552e-09	-0.298424
1.95526e-09	-0.298319
1.95533e-09	-0.298214
1.95539e-09	-0.298109
1.95546e-09	-0.298004
1.95552e-09	-0.297899
1.95558e-09	-0.297794
1.95565e-09	-0.297689
1.95571e-09	-0.297584
1.95578e-09	-0.297478
1.95584e-09	-0.297373
1.9559e-09	-0.297268
1.95597e-09	-0.297163
1.95603e-09	-0.297058
1.9561e-09	-0.296952
1.95616e-09	-0.296847
1.95622e-09	-0.296742
1.95629e-09	-0.296637
1.95635e-09	-0.296531
1.95642e-09	-0.296426
1.95648e-09	-0.296321
1.95654e-09	-0.296215
1.95661e-09	-0.29611
1.95667e-09	-0.296004
1.95674e-09	-0.295899
1.9568e-09	-0.295793
1.95686e-09	-0.295688
1.95693e-09	-0.295582
1.95699e-09	-0.295477
1.95706e-09	-0.295371
1.95712e-09	-0.295266
1.95718e-09	-0.29516
1.95725e-09	-0.295054
1.95731e-09	-0.294949
1.95738e-09	-0.294843
1.95744e-09	-0.294737
1.9575e-09	-0.294632
1.95757e-09	-0.294526
1.95763e-09	-0.29442
1.9577e-09	-0.294314
1.95776e-09	-0.294209
1.95782e-09	-0.294103
1.95789e-09	-0.293997
1.95795e-09	-0.293891
1.95802e-09	-0.293785
1.95808e-09	-0.293679
1.95814e-09	-0.293573
1.95821e-09	-0.293467
1.95827e-09	-0.293361
1.95834e-09	-0.293255
1.9584e-09	-0.293149
1.95846e-09	-0.293043
1.95853e-09	-0.292937
1.95859e-09	-0.292831
1.95866e-09	-0.292725
1.95872e-09	-0.292619
1.95878e-09	-0.292513
1.95885e-09	-0.292407
1.95891e-09	-0.292301
1.95898e-09	-0.292194
1.95904e-09	-0.292088
1.9591e-09	-0.291982
1.95917e-09	-0.291876
1.95923e-09	-0.291769
1.9593e-09	-0.291663
1.95936e-09	-0.291557
1.95942e-09	-0.29145
1.95949e-09	-0.291344
1.95955e-09	-0.291238
1.95962e-09	-0.291131
1.95968e-09	-0.291025
1.95974e-09	-0.290918
1.95981e-09	-0.290812
1.95987e-09	-0.290705
1.95994e-09	-0.290599
1.96e-09	-0.290492
1.96006e-09	-0.290386
1.96013e-09	-0.290279
1.96019e-09	-0.290173
1.96026e-09	-0.290066
1.96032e-09	-0.289959
1.96038e-09	-0.289853
1.96045e-09	-0.289746
1.96051e-09	-0.28964
1.96058e-09	-0.289533
1.96064e-09	-0.289426
1.9607e-09	-0.289319
1.96077e-09	-0.289213
1.96083e-09	-0.289106
1.9609e-09	-0.288999
1.96096e-09	-0.288892
1.96102e-09	-0.288785
1.96109e-09	-0.288678
1.96115e-09	-0.288572
1.96122e-09	-0.288465
1.96128e-09	-0.288358
1.96134e-09	-0.288251
1.96141e-09	-0.288144
1.96147e-09	-0.288037
1.96154e-09	-0.28793
1.9616e-09	-0.287823
1.96166e-09	-0.287716
1.96173e-09	-0.287609
1.96179e-09	-0.287502
1.96186e-09	-0.287395
1.96192e-09	-0.287288
1.96198e-09	-0.287181
1.96205e-09	-0.287073
1.96211e-09	-0.286966
1.96218e-09	-0.286859
1.96224e-09	-0.286752
1.9623e-09	-0.286645
1.96237e-09	-0.286537
1.96243e-09	-0.28643
1.9625e-09	-0.286323
1.96256e-09	-0.286216
1.96262e-09	-0.286108
1.96269e-09	-0.286001
1.96275e-09	-0.285894
1.96282e-09	-0.285786
1.96288e-09	-0.285679
1.96294e-09	-0.285572
1.96301e-09	-0.285464
1.96307e-09	-0.285357
1.96314e-09	-0.285249
1.9632e-09	-0.285142
1.96326e-09	-0.285034
1.96333e-09	-0.284927
1.96339e-09	-0.284819
1.96346e-09	-0.284712
1.96352e-09	-0.284604
1.96358e-09	-0.284497
1.96365e-09	-0.284389
1.96371e-09	-0.284282
1.96378e-09	-0.284174
1.96384e-09	-0.284066
1.9639e-09	-0.283959
1.96397e-09	-0.283851
1.96403e-09	-0.283743
1.9641e-09	-0.283636
1.96416e-09	-0.283528
1.96422e-09	-0.28342
1.96429e-09	-0.283312
1.96435e-09	-0.283205
1.96442e-09	-0.283097
1.96448e-09	-0.282989
1.96454e-09	-0.282881
1.96461e-09	-0.282773
1.96467e-09	-0.282666
1.96474e-09	-0.282558
1.9648e-09	-0.28245
1.96486e-09	-0.282342
1.96493e-09	-0.282234
1.96499e-09	-0.282126
1.96506e-09	-0.282018
1.96512e-09	-0.28191
1.96519e-09	-0.281802
1.96525e-09	-0.281694
1.96531e-09	-0.281586
1.96538e-09	-0.281478
1.96544e-09	-0.28137
1.96551e-09	-0.281262
1.96557e-09	-0.281154
1.96563e-09	-0.281046
1.9657e-09	-0.280938
1.96576e-09	-0.280829
1.96583e-09	-0.280721
1.96589e-09	-0.280613
1.96595e-09	-0.280505
1.96602e-09	-0.280397
1.96608e-09	-0.280289
1.96615e-09	-0.28018
1.96621e-09	-0.280072
1.96627e-09	-0.279964
1.96634e-09	-0.279856
1.9664e-09	-0.279747
1.96647e-09	-0.279639
1.96653e-09	-0.279531
1.96659e-09	-0.279422
1.96666e-09	-0.279314
1.96672e-09	-0.279206
1.96679e-09	-0.279097
1.96685e-09	-0.278989
1.96691e-09	-0.27888
1.96698e-09	-0.278772
1.96704e-09	-0.278664
1.96711e-09	-0.278555
1.96717e-09	-0.278447
1.96723e-09	-0.278338
1.9673e-09	-0.27823
1.96736e-09	-0.278121
1.96743e-09	-0.278013
1.96749e-09	-0.277904
1.96755e-09	-0.277795
1.96762e-09	-0.277687
1.96768e-09	-0.277578
1.96775e-09	-0.27747
1.96781e-09	-0.277361
1.96787e-09	-0.277252
1.96794e-09	-0.277144
1.968e-09	-0.277035
1.96807e-09	-0.276926
1.96813e-09	-0.276818
1.96819e-09	-0.276709
1.96826e-09	-0.2766
1.96832e-09	-0.276492
1.96839e-09	-0.276383
1.96845e-09	-0.276274
1.96851e-09	-0.276165
1.96858e-09	-0.276056
1.96864e-09	-0.275948
1.96871e-09	-0.275839
1.96877e-09	-0.27573
1.96883e-09	-0.275621
1.9689e-09	-0.275512
1.96896e-09	-0.275403
1.96903e-09	-0.275294
1.96909e-09	-0.275186
1.96915e-09	-0.275077
1.96922e-09	-0.274968
1.96928e-09	-0.274859
1.96935e-09	-0.27475
1.96941e-09	-0.274641
1.96947e-09	-0.274532
1.96954e-09	-0.274423
1.9696e-09	-0.274314
1.96967e-09	-0.274205
1.96973e-09	-0.274096
1.96979e-09	-0.273987
1.96986e-09	-0.273878
1.96992e-09	-0.273769
1.96999e-09	-0.273659
1.97005e-09	-0.27355
1.97011e-09	-0.273441
1.97018e-09	-0.273332
1.97024e-09	-0.273223
1.97031e-09	-0.273114
1.97037e-09	-0.273005
1.97043e-09	-0.272895
1.9705e-09	-0.272786
1.97056e-09	-0.272677
1.97063e-09	-0.272568
1.97069e-09	-0.272459
1.97075e-09	-0.272349
1.97082e-09	-0.27224
1.97088e-09	-0.272131
1.97095e-09	-0.272022
1.97101e-09	-0.271912
1.97107e-09	-0.271803
1.97114e-09	-0.271694
1.9712e-09	-0.271584
1.97127e-09	-0.271475
1.97133e-09	-0.271366
1.97139e-09	-0.271256
1.97146e-09	-0.271147
1.97152e-09	-0.271037
1.97159e-09	-0.270928
1.97165e-09	-0.270819
1.97171e-09	-0.270709
1.97178e-09	-0.2706
1.97184e-09	-0.27049
1.97191e-09	-0.270381
1.97197e-09	-0.270271
1.97203e-09	-0.270162
1.9721e-09	-0.270052
1.97216e-09	-0.269943
1.97223e-09	-0.269833
1.97229e-09	-0.269724
1.97235e-09	-0.269614
1.97242e-09	-0.269505
1.97248e-09	-0.269395
1.97255e-09	-0.269285
1.97261e-09	-0.269176
1.97267e-09	-0.269066
1.97274e-09	-0.268957
1.9728e-09	-0.268847
1.97287e-09	-0.268737
1.97293e-09	-0.268628
1.97299e-09	-0.268518
1.97306e-09	-0.268408
1.97312e-09	-0.268299
1.97319e-09	-0.268189
1.97325e-09	-0.268079
1.97331e-09	-0.267969
1.97338e-09	-0.26786
1.97344e-09	-0.26775
1.97351e-09	-0.26764
1.97357e-09	-0.26753
1.97363e-09	-0.267421
1.9737e-09	-0.267311
1.97376e-09	-0.267201
1.97383e-09	-0.267091
1.97389e-09	-0.266981
1.97395e-09	-0.266872
1.97402e-09	-0.266762
1.97408e-09	-0.266652
1.97415e-09	-0.266542
1.97421e-09	-0.266432
1.97427e-09	-0.266322
1.97434e-09	-0.266212
1.9744e-09	-0.266102
1.97447e-09	-0.265993
1.97453e-09	-0.265883
1.97459e-09	-0.265773
1.97466e-09	-0.265663
1.97472e-09	-0.265553
1.97479e-09	-0.265443
1.97485e-09	-0.265333
1.97491e-09	-0.265223
1.97498e-09	-0.265113
1.97504e-09	-0.265003
1.97511e-09	-0.264893
1.97517e-09	-0.264783
1.97523e-09	-0.264673
1.9753e-09	-0.264563
1.97536e-09	-0.264453
1.97543e-09	-0.264343
1.97549e-09	-0.264233
1.97555e-09	-0.264122
1.97562e-09	-0.264012
1.97568e-09	-0.263902
1.97575e-09	-0.263792
1.97581e-09	-0.263682
1.97587e-09	-0.263572
1.97594e-09	-0.263462
1.976e-09	-0.263352
1.97607e-09	-0.263241
1.97613e-09	-0.263131
1.97619e-09	-0.263021
1.97626e-09	-0.262911
1.97632e-09	-0.262801
1.97639e-09	-0.26269
1.97645e-09	-0.26258
1.97651e-09	-0.26247
1.97658e-09	-0.26236
1.97664e-09	-0.26225
1.97671e-09	-0.262139
1.97677e-09	-0.262029
1.97683e-09	-0.261919
1.9769e-09	-0.261808
1.97696e-09	-0.261698
1.97703e-09	-0.261588
1.97709e-09	-0.261478
1.97715e-09	-0.261367
1.97722e-09	-0.261257
1.97728e-09	-0.261147
1.97735e-09	-0.261036
1.97741e-09	-0.260926
1.97747e-09	-0.260816
1.97754e-09	-0.260705
1.9776e-09	-0.260595
1.97767e-09	-0.260484
1.97773e-09	-0.260374
1.97779e-09	-0.260264
1.97786e-09	-0.260153
1.97792e-09	-0.260043
1.97799e-09	-0.259932
1.97805e-09	-0.259822
1.97811e-09	-0.259712
1.97818e-09	-0.259601
1.97824e-09	-0.259491
1.97831e-09	-0.25938
1.97837e-09	-0.25927
1.97843e-09	-0.259159
1.9785e-09	-0.259049
1.97856e-09	-0.258938
1.97863e-09	-0.258828
1.97869e-09	-0.258717
1.97875e-09	-0.258607
1.97882e-09	-0.258496
1.97888e-09	-0.258386
1.97895e-09	-0.258275
1.97901e-09	-0.258165
1.97907e-09	-0.258054
1.97914e-09	-0.257943
1.9792e-09	-0.257833
1.97927e-09	-0.257722
1.97933e-09	-0.257612
1.97939e-09	-0.257501
1.97946e-09	-0.25739
1.97952e-09	-0.25728
1.97959e-09	-0.257169
1.97965e-09	-0.257059
1.97971e-09	-0.256948
1.97978e-09	-0.256837
1.97984e-09	-0.256727
1.97991e-09	-0.256616
1.97997e-09	-0.256505
1.98003e-09	-0.256395
1.9801e-09	-0.256284
1.98016e-09	-0.256173
1.98023e-09	-0.256063
1.98029e-09	-0.255952
1.98035e-09	-0.255841
1.98042e-09	-0.255731
1.98048e-09	-0.25562
1.98055e-09	-0.255509
1.98061e-09	-0.255398
1.98067e-09	-0.255288
1.98074e-09	-0.255177
1.9808e-09	-0.255066
1.98087e-09	-0.254956
1.98093e-09	-0.254845
1.98099e-09	-0.254734
1.98106e-09	-0.254623
1.98112e-09	-0.254512
1.98119e-09	-0.254402
1.98125e-09	-0.254291
1.98131e-09	-0.25418
1.98138e-09	-0.254069
1.98144e-09	-0.253958
1.98151e-09	-0.253848
1.98157e-09	-0.253737
1.98163e-09	-0.253626
1.9817e-09	-0.253515
1.98176e-09	-0.253404
1.98183e-09	-0.253293
1.98189e-09	-0.253183
1.98195e-09	-0.253072
1.98202e-09	-0.252961
1.98208e-09	-0.25285
1.98215e-09	-0.252739
1.98221e-09	-0.252628
1.98227e-09	-0.252517
1.98234e-09	-0.252407
1.9824e-09	-0.252296
1.98247e-09	-0.252185
1.98253e-09	-0.252074
1.9826e-09	-0.251963
1.98266e-09	-0.251852
1.98272e-09	-0.251741
1.98279e-09	-0.25163
1.98285e-09	-0.251519
1.98292e-09	-0.251408
1.98298e-09	-0.251297
1.98304e-09	-0.251186
1.98311e-09	-0.251075
1.98317e-09	-0.250965
1.98324e-09	-0.250854
1.9833e-09	-0.250743
1.98336e-09	-0.250632
1.98343e-09	-0.250521
1.98349e-09	-0.25041
1.98356e-09	-0.250299
1.98362e-09	-0.250188
1.98368e-09	-0.250077
1.98375e-09	-0.249966
1.98381e-09	-0.249855
1.98388e-09	-0.249744
1.98394e-09	-0.249633
1.984e-09	-0.249522
1.98407e-09	-0.249411
1.98413e-09	-0.2493
1.9842e-09	-0.249189
1.98426e-09	-0.249078
1.98432e-09	-0.248967
1.98439e-09	-0.248855
1.98445e-09	-0.248744
1.98452e-09	-0.248633
1.98458e-09	-0.248522
1.98464e-09	-0.248411
1.98471e-09	-0.2483
1.98477e-09	-0.248189
1.98484e-09	-0.248078
1.9849e-09	-0.247967
1.98496e-09	-0.247856
1.98503e-09	-0.247745
1.98509e-09	-0.247634
1.98516e-09	-0.247523
1.98522e-09	-0.247412
1.98528e-09	-0.2473
1.98535e-09	-0.247189
1.98541e-09	-0.247078
1.98548e-09	-0.246967
1.98554e-09	-0.246856
1.9856e-09	-0.246745
1.98567e-09	-0.246634
1.98573e-09	-0.246523
1.9858e-09	-0.246412
1.98586e-09	-0.2463
1.98592e-09	-0.246189
1.98599e-09	-0.246078
1.98605e-09	-0.245967
1.98612e-09	-0.245856
1.98618e-09	-0.245745
1.98624e-09	-0.245633
1.98631e-09	-0.245522
1.98637e-09	-0.245411
1.98644e-09	-0.2453
1.9865e-09	-0.245189
1.98656e-09	-0.245078
1.98663e-09	-0.244967
1.98669e-09	-0.244855
1.98676e-09	-0.244744
1.98682e-09	-0.244633
1.98688e-09	-0.244522
1.98695e-09	-0.244411
1.98701e-09	-0.244299
1.98708e-09	-0.244188
1.98714e-09	-0.244077
1.9872e-09	-0.243966
1.98727e-09	-0.243855
1.98733e-09	-0.243743
1.9874e-09	-0.243632
1.98746e-09	-0.243521
1.98752e-09	-0.24341
1.98759e-09	-0.243299
1.98765e-09	-0.243187
1.98772e-09	-0.243076
1.98778e-09	-0.242965
1.98784e-09	-0.242854
1.98791e-09	-0.242743
1.98797e-09	-0.242631
1.98804e-09	-0.24252
1.9881e-09	-0.242409
1.98816e-09	-0.242298
1.98823e-09	-0.242186
1.98829e-09	-0.242075
1.98836e-09	-0.241964
1.98842e-09	-0.241853
1.98848e-09	-0.241741
1.98855e-09	-0.24163
1.98861e-09	-0.241519
1.98868e-09	-0.241408
1.98874e-09	-0.241296
1.9888e-09	-0.241185
1.98887e-09	-0.241074
1.98893e-09	-0.240963
1.989e-09	-0.240851
1.98906e-09	-0.24074
1.98912e-09	-0.240629
1.98919e-09	-0.240518
1.98925e-09	-0.240406
1.98932e-09	-0.240295
1.98938e-09	-0.240184
1.98944e-09	-0.240073
1.98951e-09	-0.239961
1.98957e-09	-0.23985
1.98964e-09	-0.239739
1.9897e-09	-0.239628
1.98976e-09	-0.239516
1.98983e-09	-0.239405
1.98989e-09	-0.239294
1.98996e-09	-0.239182
1.99002e-09	-0.239071
1.99008e-09	-0.23896
1.99015e-09	-0.238849
1.99021e-09	-0.238737
1.99028e-09	-0.238626
1.99034e-09	-0.238515
1.9904e-09	-0.238403
1.99047e-09	-0.238292
1.99053e-09	-0.238181
1.9906e-09	-0.23807
1.99066e-09	-0.237958
1.99072e-09	-0.237847
1.99079e-09	-0.237736
1.99085e-09	-0.237624
1.99092e-09	-0.237513
1.99098e-09	-0.237402
1.99104e-09	-0.237291
1.99111e-09	-0.237179
1.99117e-09	-0.237068
1.99124e-09	-0.236957
1.9913e-09	-0.236845
1.99136e-09	-0.236734
1.99143e-09	-0.236623
1.99149e-09	-0.236512
1.99156e-09	-0.2364
1.99162e-09	-0.236289
1.99168e-09	-0.236178
1.99175e-09	-0.236066
1.99181e-09	-0.235955
1.99188e-09	-0.235844
1.99194e-09	-0.235733
1.992e-09	-0.235621
1.99207e-09	-0.23551
1.99213e-09	-0.235399
1.9922e-09	-0.235287
1.99226e-09	-0.235176
1.99232e-09	-0.235065
1.99239e-09	-0.234954
1.99245e-09	-0.234842
1.99252e-09	-0.234731
1.99258e-09	-0.23462
1.99264e-09	-0.234508
1.99271e-09	-0.234397
1.99277e-09	-0.234286
1.99284e-09	-0.234175
1.9929e-09	-0.234063
1.99296e-09	-0.233952
1.99303e-09	-0.233841
1.99309e-09	-0.233729
1.99316e-09	-0.233618
1.99322e-09	-0.233507
1.99328e-09	-0.233396
1.99335e-09	-0.233284
1.99341e-09	-0.233173
1.99348e-09	-0.233062
1.99354e-09	-0.23295
1.9936e-09	-0.232839
1.99367e-09	-0.232728
1.99373e-09	-0.232617
1.9938e-09	-0.232505
1.99386e-09	-0.232394
1.99392e-09	-0.232283
1.99399e-09	-0.232171
1.99405e-09	-0.23206
1.99412e-09	-0.231949
1.99418e-09	-0.231838
1.99424e-09	-0.231726
1.99431e-09	-0.231615
1.99437e-09	-0.231504
1.99444e-09	-0.231393
1.9945e-09	-0.231281
1.99456e-09	-0.23117
1.99463e-09	-0.231059
1.99469e-09	-0.230948
1.99476e-09	-0.230836
1.99482e-09	-0.230725
1.99488e-09	-0.230614
1.99495e-09	-0.230503
1.99501e-09	-0.230391
1.99508e-09	-0.23028
1.99514e-09	-0.230169
1.9952e-09	-0.230058
1.99527e-09	-0.229946
1.99533e-09	-0.229835
1.9954e-09	-0.229724
1.99546e-09	-0.229613
1.99552e-09	-0.229501
1.99559e-09	-0.22939
1.99565e-09	-0.229279
1.99572e-09	-0.229168
1.99578e-09	-0.229056
1.99584e-09	-0.228945
1.99591e-09	-0.228834
1.99597e-09	-0.228723
1.99604e-09	-0.228612
1.9961e-09	-0.2285
1.99616e-09	-0.228389
1.99623e-09	-0.228278
1.99629e-09	-0.228167
1.99636e-09	-0.228056
1.99642e-09	-0.227944
1.99648e-09	-0.227833
1.99655e-09	-0.227722
1.99661e-09	-0.227611
1.99668e-09	-0.2275
1.99674e-09	-0.227388
1.9968e-09	-0.227277
1.99687e-09	-0.227166
1.99693e-09	-0.227055
1.997e-09	-0.226944
1.99706e-09	-0.226832
1.99712e-09	-0.226721
1.99719e-09	-0.22661
1.99725e-09	-0.226499
1.99732e-09	-0.226388
1.99738e-09	-0.226277
1.99744e-09	-0.226165
1.99751e-09	-0.226054
1.99757e-09	-0.225943
1.99764e-09	-0.225832
1.9977e-09	-0.225721
1.99776e-09	-0.22561
1.99783e-09	-0.225499
1.99789e-09	-0.225387
1.99796e-09	-0.225276
1.99802e-09	-0.225165
1.99808e-09	-0.225054
1.99815e-09	-0.224943
1.99821e-09	-0.224832
1.99828e-09	-0.224721
1.99834e-09	-0.22461
1.9984e-09	-0.224499
1.99847e-09	-0.224387
1.99853e-09	-0.224276
1.9986e-09	-0.224165
1.99866e-09	-0.224054
1.99872e-09	-0.223943
1.99879e-09	-0.223832
1.99885e-09	-0.223721
1.99892e-09	-0.22361
1.99898e-09	-0.223499
1.99904e-09	-0.223388
1.99911e-09	-0.223277
1.99917e-09	-0.223165
1.99924e-09	-0.223054
1.9993e-09	-0.222943
1.99936e-09	-0.222832
1.99943e-09	-0.222721
1.99949e-09	-0.22261
1.99956e-09	-0.222499
1.99962e-09	-0.222388
1.99968e-09	-0.222277
1.99975e-09	-0.222166
1.99981e-09	-0.222055
1.99988e-09	-0.221944
1.99994e-09	-0.221833
2.00001e-09	-0.221722
2.00007e-09	-0.221611
2.00013e-09	-0.2215
2.0002e-09	-0.221389
2.00026e-09	-0.221278
2.00033e-09	-0.221167
2.00039e-09	-0.221056
2.00045e-09	-0.220945
2.00052e-09	-0.220834
2.00058e-09	-0.220723
2.00065e-09	-0.220612
2.00071e-09	-0.220501
2.00077e-09	-0.22039
2.00084e-09	-0.220279
2.0009e-09	-0.220168
2.00097e-09	-0.220057
2.00103e-09	-0.219947
2.00109e-09	-0.219836
2.00116e-09	-0.219725
2.00122e-09	-0.219614
2.00129e-09	-0.219503
2.00135e-09	-0.219392
2.00141e-09	-0.219281
2.00148e-09	-0.21917
2.00154e-09	-0.219059
2.00161e-09	-0.218948
2.00167e-09	-0.218837
2.00173e-09	-0.218727
2.0018e-09	-0.218616
2.00186e-09	-0.218505
2.00193e-09	-0.218394
2.00199e-09	-0.218283
2.00205e-09	-0.218172
2.00212e-09	-0.218061
2.00218e-09	-0.217951
2.00225e-09	-0.21784
2.00231e-09	-0.217729
2.00237e-09	-0.217618
2.00244e-09	-0.217507
2.0025e-09	-0.217396
2.00257e-09	-0.217286
2.00263e-09	-0.217175
2.00269e-09	-0.217064
2.00276e-09	-0.216953
2.00282e-09	-0.216843
2.00289e-09	-0.216732
2.00295e-09	-0.216621
2.00301e-09	-0.21651
2.00308e-09	-0.216399
2.00314e-09	-0.216289
2.00321e-09	-0.216178
2.00327e-09	-0.216067
2.00333e-09	-0.215956
2.0034e-09	-0.215846
2.00346e-09	-0.215735
2.00353e-09	-0.215624
2.00359e-09	-0.215514
2.00365e-09	-0.215403
2.00372e-09	-0.215292
2.00378e-09	-0.215181
2.00385e-09	-0.215071
2.00391e-09	-0.21496
2.00397e-09	-0.214849
2.00404e-09	-0.214739
2.0041e-09	-0.214628
2.00417e-09	-0.214517
2.00423e-09	-0.214407
2.00429e-09	-0.214296
2.00436e-09	-0.214186
2.00442e-09	-0.214075
2.00449e-09	-0.213964
2.00455e-09	-0.213854
2.00461e-09	-0.213743
2.00468e-09	-0.213632
2.00474e-09	-0.213522
2.00481e-09	-0.213411
2.00487e-09	-0.213301
2.00493e-09	-0.21319
2.005e-09	-0.21308
2.00506e-09	-0.212969
2.00513e-09	-0.212858
2.00519e-09	-0.212748
2.00525e-09	-0.212637
2.00532e-09	-0.212527
2.00538e-09	-0.212416
2.00545e-09	-0.212306
2.00551e-09	-0.212195
2.00557e-09	-0.212085
2.00564e-09	-0.211974
2.0057e-09	-0.211864
2.00577e-09	-0.211753
2.00583e-09	-0.211643
2.00589e-09	-0.211532
2.00596e-09	-0.211422
2.00602e-09	-0.211311
2.00609e-09	-0.211201
2.00615e-09	-0.211091
2.00621e-09	-0.21098
2.00628e-09	-0.21087
2.00634e-09	-0.210759
2.00641e-09	-0.210649
2.00647e-09	-0.210539
2.00653e-09	-0.210428
2.0066e-09	-0.210318
2.00666e-09	-0.210207
2.00673e-09	-0.210097
2.00679e-09	-0.209987
2.00685e-09	-0.209876
2.00692e-09	-0.209766
2.00698e-09	-0.209656
2.00705e-09	-0.209545
2.00711e-09	-0.209435
2.00717e-09	-0.209325
2.00724e-09	-0.209214
2.0073e-09	-0.209104
2.00737e-09	-0.208994
2.00743e-09	-0.208883
2.00749e-09	-0.208773
2.00756e-09	-0.208663
2.00762e-09	-0.208553
2.00769e-09	-0.208442
2.00775e-09	-0.208332
2.00781e-09	-0.208222
2.00788e-09	-0.208112
2.00794e-09	-0.208002
2.00801e-09	-0.207891
2.00807e-09	-0.207781
2.00813e-09	-0.207671
2.0082e-09	-0.207561
2.00826e-09	-0.207451
2.00833e-09	-0.20734
2.00839e-09	-0.20723
2.00845e-09	-0.20712
2.00852e-09	-0.20701
2.00858e-09	-0.2069
2.00865e-09	-0.20679
2.00871e-09	-0.20668
2.00877e-09	-0.20657
2.00884e-09	-0.206459
2.0089e-09	-0.206349
2.00897e-09	-0.206239
2.00903e-09	-0.206129
2.00909e-09	-0.206019
2.00916e-09	-0.205909
2.00922e-09	-0.205799
2.00929e-09	-0.205689
2.00935e-09	-0.205579
2.00941e-09	-0.205469
2.00948e-09	-0.205359
2.00954e-09	-0.205249
2.00961e-09	-0.205139
2.00967e-09	-0.205029
2.00973e-09	-0.204919
2.0098e-09	-0.204809
2.00986e-09	-0.204699
2.00993e-09	-0.204589
2.00999e-09	-0.204479
2.01005e-09	-0.204369
2.01012e-09	-0.204259
2.01018e-09	-0.20415
2.01025e-09	-0.20404
2.01031e-09	-0.20393
2.01037e-09	-0.20382
2.01044e-09	-0.20371
2.0105e-09	-0.2036
2.01057e-09	-0.20349
2.01063e-09	-0.20338
2.01069e-09	-0.203271
2.01076e-09	-0.203161
2.01082e-09	-0.203051
2.01089e-09	-0.202941
2.01095e-09	-0.202831
2.01101e-09	-0.202722
2.01108e-09	-0.202612
2.01114e-09	-0.202502
2.01121e-09	-0.202392
2.01127e-09	-0.202283
2.01133e-09	-0.202173
2.0114e-09	-0.202063
2.01146e-09	-0.201954
2.01153e-09	-0.201844
2.01159e-09	-0.201734
2.01165e-09	-0.201624
2.01172e-09	-0.201515
2.01178e-09	-0.201405
2.01185e-09	-0.201295
2.01191e-09	-0.201186
2.01197e-09	-0.201076
2.01204e-09	-0.200967
2.0121e-09	-0.200857
2.01217e-09	-0.200747
2.01223e-09	-0.200638
2.01229e-09	-0.200528
2.01236e-09	-0.200419
2.01242e-09	-0.200309
2.01249e-09	-0.2002
2.01255e-09	-0.20009
2.01261e-09	-0.199981
2.01268e-09	-0.199871
2.01274e-09	-0.199762
2.01281e-09	-0.199652
2.01287e-09	-0.199543
2.01293e-09	-0.199433
2.013e-09	-0.199324
2.01306e-09	-0.199214
2.01313e-09	-0.199105
2.01319e-09	-0.198995
2.01325e-09	-0.198886
2.01332e-09	-0.198777
2.01338e-09	-0.198667
2.01345e-09	-0.198558
2.01351e-09	-0.198448
2.01357e-09	-0.198339
2.01364e-09	-0.19823
2.0137e-09	-0.19812
2.01377e-09	-0.198011
2.01383e-09	-0.197902
2.01389e-09	-0.197792
2.01396e-09	-0.197683
2.01402e-09	-0.197574
2.01409e-09	-0.197465
2.01415e-09	-0.197355
2.01421e-09	-0.197246
2.01428e-09	-0.197137
2.01434e-09	-0.197028
2.01441e-09	-0.196918
2.01447e-09	-0.196809
2.01453e-09	-0.1967
2.0146e-09	-0.196591
2.01466e-09	-0.196482
2.01473e-09	-0.196372
2.01479e-09	-0.196263
2.01485e-09	-0.196154
2.01492e-09	-0.196045
2.01498e-09	-0.195936
2.01505e-09	-0.195827
2.01511e-09	-0.195718
2.01517e-09	-0.195609
2.01524e-09	-0.1955
2.0153e-09	-0.195391
2.01537e-09	-0.195282
2.01543e-09	-0.195173
2.01549e-09	-0.195064
2.01556e-09	-0.194955
2.01562e-09	-0.194846
2.01569e-09	-0.194737
2.01575e-09	-0.194628
2.01581e-09	-0.194519
2.01588e-09	-0.19441
2.01594e-09	-0.194301
2.01601e-09	-0.194192
2.01607e-09	-0.194083
2.01613e-09	-0.193974
2.0162e-09	-0.193865
2.01626e-09	-0.193756
2.01633e-09	-0.193647
2.01639e-09	-0.193539
2.01645e-09	-0.19343
2.01652e-09	-0.193321
2.01658e-09	-0.193212
2.01665e-09	-0.193103
2.01671e-09	-0.192995
2.01677e-09	-0.192886
2.01684e-09	-0.192777
2.0169e-09	-0.192668
2.01697e-09	-0.19256
2.01703e-09	-0.192451
2.01709e-09	-0.192342
2.01716e-09	-0.192233
2.01722e-09	-0.192125
2.01729e-09	-0.192016
2.01735e-09	-0.191907
2.01741e-09	-0.191799
2.01748e-09	-0.19169
2.01754e-09	-0.191581
2.01761e-09	-0.191473
2.01767e-09	-0.191364
2.01774e-09	-0.191256
2.0178e-09	-0.191147
2.01786e-09	-0.191039
2.01793e-09	-0.19093
2.01799e-09	-0.190821
2.01806e-09	-0.190713
2.01812e-09	-0.190604
2.01818e-09	-0.190496
2.01825e-09	-0.190388
2.01831e-09	-0.190279
2.01838e-09	-0.190171
2.01844e-09	-0.190062
2.0185e-09	-0.189954
2.01857e-09	-0.189845
2.01863e-09	-0.189737
2.0187e-09	-0.189629
2.01876e-09	-0.18952
2.01882e-09	-0.189412
2.01889e-09	-0.189303
2.01895e-09	-0.189195
2.01902e-09	-0.189087
2.01908e-09	-0.188979
2.01914e-09	-0.18887
2.01921e-09	-0.188762
2.01927e-09	-0.188654
2.01934e-09	-0.188545
2.0194e-09	-0.188437
2.01946e-09	-0.188329
2.01953e-09	-0.188221
2.01959e-09	-0.188113
2.01966e-09	-0.188004
2.01972e-09	-0.187896
2.01978e-09	-0.187788
2.01985e-09	-0.18768
2.01991e-09	-0.187572
2.01998e-09	-0.187464
2.02004e-09	-0.187356
2.0201e-09	-0.187247
2.02017e-09	-0.187139
2.02023e-09	-0.187031
2.0203e-09	-0.186923
2.02036e-09	-0.186815
2.02042e-09	-0.186707
2.02049e-09	-0.186599
2.02055e-09	-0.186491
2.02062e-09	-0.186383
2.02068e-09	-0.186275
2.02074e-09	-0.186167
2.02081e-09	-0.186059
2.02087e-09	-0.185952
2.02094e-09	-0.185844
2.021e-09	-0.185736
2.02106e-09	-0.185628
2.02113e-09	-0.18552
2.02119e-09	-0.185412
2.02126e-09	-0.185304
2.02132e-09	-0.185197
2.02138e-09	-0.185089
2.02145e-09	-0.184981
2.02151e-09	-0.184873
2.02158e-09	-0.184765
2.02164e-09	-0.184658
2.0217e-09	-0.18455
2.02177e-09	-0.184442
2.02183e-09	-0.184335
2.0219e-09	-0.184227
2.02196e-09	-0.184119
2.02202e-09	-0.184012
2.02209e-09	-0.183904
2.02215e-09	-0.183796
2.02222e-09	-0.183689
2.02228e-09	-0.183581
2.02234e-09	-0.183473
2.02241e-09	-0.183366
2.02247e-09	-0.183258
2.02254e-09	-0.183151
2.0226e-09	-0.183043
2.02266e-09	-0.182936
2.02273e-09	-0.182828
2.02279e-09	-0.182721
2.02286e-09	-0.182613
2.02292e-09	-0.182506
2.02298e-09	-0.182398
2.02305e-09	-0.182291
2.02311e-09	-0.182184
2.02318e-09	-0.182076
2.02324e-09	-0.181969
2.0233e-09	-0.181862
2.02337e-09	-0.181754
2.02343e-09	-0.181647
2.0235e-09	-0.18154
2.02356e-09	-0.181432
2.02362e-09	-0.181325
2.02369e-09	-0.181218
2.02375e-09	-0.18111
2.02382e-09	-0.181003
2.02388e-09	-0.180896
2.02394e-09	-0.180789
2.02401e-09	-0.180682
2.02407e-09	-0.180574
2.02414e-09	-0.180467
2.0242e-09	-0.18036
2.02426e-09	-0.180253
2.02433e-09	-0.180146
2.02439e-09	-0.180039
2.02446e-09	-0.179932
2.02452e-09	-0.179825
2.02458e-09	-0.179718
2.02465e-09	-0.179611
2.02471e-09	-0.179504
2.02478e-09	-0.179397
2.02484e-09	-0.17929
2.0249e-09	-0.179183
2.02497e-09	-0.179076
2.02503e-09	-0.178969
2.0251e-09	-0.178862
2.02516e-09	-0.178755
2.02522e-09	-0.178648
2.02529e-09	-0.178541
2.02535e-09	-0.178434
2.02542e-09	-0.178328
2.02548e-09	-0.178221
2.02554e-09	-0.178114
2.02561e-09	-0.178007
2.02567e-09	-0.1779
2.02574e-09	-0.177794
2.0258e-09	-0.177687
2.02586e-09	-0.17758
2.02593e-09	-0.177473
2.02599e-09	-0.177367
2.02606e-09	-0.17726
2.02612e-09	-0.177153
2.02618e-09	-0.177047
2.02625e-09	-0.17694
2.02631e-09	-0.176833
2.02638e-09	-0.176727
2.02644e-09	-0.17662
2.0265e-09	-0.176514
2.02657e-09	-0.176407
2.02663e-09	-0.176301
2.0267e-09	-0.176194
2.02676e-09	-0.176088
2.02682e-09	-0.175981
2.02689e-09	-0.175875
2.02695e-09	-0.175768
2.02702e-09	-0.175662
2.02708e-09	-0.175555
2.02714e-09	-0.175449
2.02721e-09	-0.175343
2.02727e-09	-0.175236
2.02734e-09	-0.17513
2.0274e-09	-0.175024
2.02746e-09	-0.174917
2.02753e-09	-0.174811
2.02759e-09	-0.174705
2.02766e-09	-0.174599
2.02772e-09	-0.174492
2.02778e-09	-0.174386
2.02785e-09	-0.17428
2.02791e-09	-0.174174
2.02798e-09	-0.174067
2.02804e-09	-0.173961
2.0281e-09	-0.173855
2.02817e-09	-0.173749
2.02823e-09	-0.173643
2.0283e-09	-0.173537
2.02836e-09	-0.173431
2.02842e-09	-0.173325
2.02849e-09	-0.173219
2.02855e-09	-0.173113
2.02862e-09	-0.173007
2.02868e-09	-0.172901
2.02874e-09	-0.172795
2.02881e-09	-0.172689
2.02887e-09	-0.172583
2.02894e-09	-0.172477
2.029e-09	-0.172371
2.02906e-09	-0.172265
2.02913e-09	-0.172159
2.02919e-09	-0.172053
2.02926e-09	-0.171948
2.02932e-09	-0.171842
2.02938e-09	-0.171736
2.02945e-09	-0.17163
2.02951e-09	-0.171524
2.02958e-09	-0.171419
2.02964e-09	-0.171313
2.0297e-09	-0.171207
2.02977e-09	-0.171102
2.02983e-09	-0.170996
2.0299e-09	-0.17089
2.02996e-09	-0.170785
2.03002e-09	-0.170679
2.03009e-09	-0.170573
2.03015e-09	-0.170468
2.03022e-09	-0.170362
2.03028e-09	-0.170257
2.03034e-09	-0.170151
2.03041e-09	-0.170046
2.03047e-09	-0.16994
2.03054e-09	-0.169835
2.0306e-09	-0.169729
2.03066e-09	-0.169624
2.03073e-09	-0.169519
2.03079e-09	-0.169413
2.03086e-09	-0.169308
2.03092e-09	-0.169202
2.03098e-09	-0.169097
2.03105e-09	-0.168992
2.03111e-09	-0.168886
2.03118e-09	-0.168781
2.03124e-09	-0.168676
2.0313e-09	-0.168571
2.03137e-09	-0.168465
2.03143e-09	-0.16836
2.0315e-09	-0.168255
2.03156e-09	-0.16815
2.03162e-09	-0.168045
2.03169e-09	-0.167939
2.03175e-09	-0.167834
2.03182e-09	-0.167729
2.03188e-09	-0.167624
2.03194e-09	-0.167519
2.03201e-09	-0.167414
2.03207e-09	-0.167309
2.03214e-09	-0.167204
2.0322e-09	-0.167099
2.03226e-09	-0.166994
2.03233e-09	-0.166889
2.03239e-09	-0.166784
2.03246e-09	-0.166679
2.03252e-09	-0.166574
2.03258e-09	-0.166469
2.03265e-09	-0.166365
2.03271e-09	-0.16626
2.03278e-09	-0.166155
2.03284e-09	-0.16605
2.0329e-09	-0.165945
2.03297e-09	-0.165841
2.03303e-09	-0.165736
2.0331e-09	-0.165631
2.03316e-09	-0.165526
2.03322e-09	-0.165422
2.03329e-09	-0.165317
2.03335e-09	-0.165212
2.03342e-09	-0.165108
2.03348e-09	-0.165003
2.03354e-09	-0.164899
2.03361e-09	-0.164794
2.03367e-09	-0.164689
2.03374e-09	-0.164585
2.0338e-09	-0.16448
2.03386e-09	-0.164376
2.03393e-09	-0.164271
2.03399e-09	-0.164167
2.03406e-09	-0.164063
2.03412e-09	-0.163958
2.03418e-09	-0.163854
2.03425e-09	-0.163749
2.03431e-09	-0.163645
2.03438e-09	-0.163541
2.03444e-09	-0.163436
2.0345e-09	-0.163332
2.03457e-09	-0.163228
2.03463e-09	-0.163123
2.0347e-09	-0.163019
2.03476e-09	-0.162915
2.03482e-09	-0.162811
2.03489e-09	-0.162707
2.03495e-09	-0.162602
2.03502e-09	-0.162498
2.03508e-09	-0.162394
2.03515e-09	-0.16229
2.03521e-09	-0.162186
2.03527e-09	-0.162082
2.03534e-09	-0.161978
2.0354e-09	-0.161874
2.03547e-09	-0.16177
2.03553e-09	-0.161666
2.03559e-09	-0.161562
2.03566e-09	-0.161458
2.03572e-09	-0.161354
2.03579e-09	-0.16125
2.03585e-09	-0.161146
2.03591e-09	-0.161042
2.03598e-09	-0.160939
2.03604e-09	-0.160835
2.03611e-09	-0.160731
2.03617e-09	-0.160627
2.03623e-09	-0.160523
2.0363e-09	-0.16042
2.03636e-09	-0.160316
2.03643e-09	-0.160212
2.03649e-09	-0.160108
2.03655e-09	-0.160005
2.03662e-09	-0.159901
2.03668e-09	-0.159798
2.03675e-09	-0.159694
2.03681e-09	-0.15959
2.03687e-09	-0.159487
2.03694e-09	-0.159383
2.037e-09	-0.15928
2.03707e-09	-0.159176
2.03713e-09	-0.159073
2.03719e-09	-0.158969
2.03726e-09	-0.158866
2.03732e-09	-0.158762
2.03739e-09	-0.158659
2.03745e-09	-0.158556
2.03751e-09	-0.158452
2.03758e-09	-0.158349
2.03764e-09	-0.158246
2.03771e-09	-0.158142
2.03777e-09	-0.158039
2.03783e-09	-0.157936
2.0379e-09	-0.157833
2.03796e-09	-0.157729
2.03803e-09	-0.157626
2.03809e-09	-0.157523
2.03815e-09	-0.15742
2.03822e-09	-0.157317
2.03828e-09	-0.157214
2.03835e-09	-0.157111
2.03841e-09	-0.157007
2.03847e-09	-0.156904
2.03854e-09	-0.156801
2.0386e-09	-0.156698
2.03867e-09	-0.156595
2.03873e-09	-0.156492
2.03879e-09	-0.15639
2.03886e-09	-0.156287
2.03892e-09	-0.156184
2.03899e-09	-0.156081
2.03905e-09	-0.155978
2.03911e-09	-0.155875
2.03918e-09	-0.155772
2.03924e-09	-0.15567
2.03931e-09	-0.155567
2.03937e-09	-0.155464
2.03943e-09	-0.155361
2.0395e-09	-0.155259
2.03956e-09	-0.155156
2.03963e-09	-0.155053
2.03969e-09	-0.154951
2.03975e-09	-0.154848
2.03982e-09	-0.154745
2.03988e-09	-0.154643
2.03995e-09	-0.15454
2.04001e-09	-0.154438
2.04007e-09	-0.154335
2.04014e-09	-0.154233
2.0402e-09	-0.15413
2.04027e-09	-0.154028
2.04033e-09	-0.153925
2.04039e-09	-0.153823
2.04046e-09	-0.15372
2.04052e-09	-0.153618
2.04059e-09	-0.153516
2.04065e-09	-0.153413
2.04071e-09	-0.153311
2.04078e-09	-0.153209
2.04084e-09	-0.153107
2.04091e-09	-0.153004
2.04097e-09	-0.152902
2.04103e-09	-0.1528
2.0411e-09	-0.152698
2.04116e-09	-0.152596
2.04123e-09	-0.152494
2.04129e-09	-0.152391
2.04135e-09	-0.152289
2.04142e-09	-0.152187
2.04148e-09	-0.152085
2.04155e-09	-0.151983
2.04161e-09	-0.151881
2.04167e-09	-0.151779
2.04174e-09	-0.151677
2.0418e-09	-0.151575
2.04187e-09	-0.151473
2.04193e-09	-0.151372
2.04199e-09	-0.15127
2.04206e-09	-0.151168
2.04212e-09	-0.151066
2.04219e-09	-0.150964
2.04225e-09	-0.150862
2.04231e-09	-0.150761
2.04238e-09	-0.150659
2.04244e-09	-0.150557
2.04251e-09	-0.150456
2.04257e-09	-0.150354
2.04263e-09	-0.150252
2.0427e-09	-0.150151
2.04276e-09	-0.150049
2.04283e-09	-0.149948
2.04289e-09	-0.149846
2.04295e-09	-0.149744
2.04302e-09	-0.149643
2.04308e-09	-0.149541
2.04315e-09	-0.14944
2.04321e-09	-0.149339
2.04327e-09	-0.149237
2.04334e-09	-0.149136
2.0434e-09	-0.149034
2.04347e-09	-0.148933
2.04353e-09	-0.148832
2.04359e-09	-0.14873
2.04366e-09	-0.148629
2.04372e-09	-0.148528
2.04379e-09	-0.148427
2.04385e-09	-0.148325
2.04391e-09	-0.148224
2.04398e-09	-0.148123
2.04404e-09	-0.148022
2.04411e-09	-0.147921
2.04417e-09	-0.14782
2.04423e-09	-0.147719
2.0443e-09	-0.147618
2.04436e-09	-0.147517
2.04443e-09	-0.147415
2.04449e-09	-0.147315
2.04455e-09	-0.147214
2.04462e-09	-0.147113
2.04468e-09	-0.147012
2.04475e-09	-0.146911
2.04481e-09	-0.14681
2.04487e-09	-0.146709
2.04494e-09	-0.146608
2.045e-09	-0.146507
2.04507e-09	-0.146407
2.04513e-09	-0.146306
2.04519e-09	-0.146205
2.04526e-09	-0.146104
2.04532e-09	-0.146004
2.04539e-09	-0.145903
2.04545e-09	-0.145802
2.04551e-09	-0.145702
2.04558e-09	-0.145601
2.04564e-09	-0.145501
2.04571e-09	-0.1454
2.04577e-09	-0.1453
2.04583e-09	-0.145199
2.0459e-09	-0.145099
2.04596e-09	-0.144998
2.04603e-09	-0.144898
2.04609e-09	-0.144797
2.04615e-09	-0.144697
2.04622e-09	-0.144597
2.04628e-09	-0.144496
2.04635e-09	-0.144396
2.04641e-09	-0.144296
2.04647e-09	-0.144195
2.04654e-09	-0.144095
2.0466e-09	-0.143995
2.04667e-09	-0.143895
2.04673e-09	-0.143795
2.04679e-09	-0.143694
2.04686e-09	-0.143594
2.04692e-09	-0.143494
2.04699e-09	-0.143394
2.04705e-09	-0.143294
2.04711e-09	-0.143194
2.04718e-09	-0.143094
2.04724e-09	-0.142994
2.04731e-09	-0.142894
2.04737e-09	-0.142794
2.04743e-09	-0.142694
2.0475e-09	-0.142594
2.04756e-09	-0.142494
2.04763e-09	-0.142395
2.04769e-09	-0.142295
2.04775e-09	-0.142195
2.04782e-09	-0.142095
2.04788e-09	-0.141995
2.04795e-09	-0.141896
2.04801e-09	-0.141796
2.04807e-09	-0.141696
2.04814e-09	-0.141597
2.0482e-09	-0.141497
2.04827e-09	-0.141398
2.04833e-09	-0.141298
2.04839e-09	-0.141198
2.04846e-09	-0.141099
2.04852e-09	-0.140999
2.04859e-09	-0.1409
2.04865e-09	-0.1408
2.04871e-09	-0.140701
2.04878e-09	-0.140602
2.04884e-09	-0.140502
2.04891e-09	-0.140403
2.04897e-09	-0.140303
2.04903e-09	-0.140204
2.0491e-09	-0.140105
2.04916e-09	-0.140006
2.04923e-09	-0.139906
2.04929e-09	-0.139807
2.04935e-09	-0.139708
2.04942e-09	-0.139609
2.04948e-09	-0.13951
2.04955e-09	-0.139411
2.04961e-09	-0.139311
2.04967e-09	-0.139212
2.04974e-09	-0.139113
2.0498e-09	-0.139014
2.04987e-09	-0.138915
2.04993e-09	-0.138816
2.04999e-09	-0.138717
2.05006e-09	-0.138618
2.05012e-09	-0.13852
2.05019e-09	-0.138421
2.05025e-09	-0.138322
2.05031e-09	-0.138223
2.05038e-09	-0.138124
2.05044e-09	-0.138025
2.05051e-09	-0.137927
2.05057e-09	-0.137828
2.05063e-09	-0.137729
2.0507e-09	-0.137631
2.05076e-09	-0.137532
2.05083e-09	-0.137433
2.05089e-09	-0.137335
2.05095e-09	-0.137236
2.05102e-09	-0.137138
2.05108e-09	-0.137039
2.05115e-09	-0.136941
2.05121e-09	-0.136842
2.05127e-09	-0.136744
2.05134e-09	-0.136645
2.0514e-09	-0.136547
2.05147e-09	-0.136448
2.05153e-09	-0.13635
2.05159e-09	-0.136252
2.05166e-09	-0.136153
2.05172e-09	-0.136055
2.05179e-09	-0.135957
2.05185e-09	-0.135859
2.05191e-09	-0.13576
2.05198e-09	-0.135662
2.05204e-09	-0.135564
2.05211e-09	-0.135466
2.05217e-09	-0.135368
2.05223e-09	-0.13527
2.0523e-09	-0.135172
2.05236e-09	-0.135074
2.05243e-09	-0.134976
2.05249e-09	-0.134878
2.05256e-09	-0.13478
2.05262e-09	-0.134682
2.05268e-09	-0.134584
2.05275e-09	-0.134486
2.05281e-09	-0.134388
2.05288e-09	-0.13429
2.05294e-09	-0.134193
2.053e-09	-0.134095
2.05307e-09	-0.133997
2.05313e-09	-0.133899
2.0532e-09	-0.133802
2.05326e-09	-0.133704
2.05332e-09	-0.133606
2.05339e-09	-0.133509
2.05345e-09	-0.133411
2.05352e-09	-0.133314
2.05358e-09	-0.133216
2.05364e-09	-0.133118
2.05371e-09	-0.133021
2.05377e-09	-0.132923
2.05384e-09	-0.132826
2.0539e-09	-0.132729
2.05396e-09	-0.132631
2.05403e-09	-0.132534
2.05409e-09	-0.132437
2.05416e-09	-0.132339
2.05422e-09	-0.132242
2.05428e-09	-0.132145
2.05435e-09	-0.132047
2.05441e-09	-0.13195
2.05448e-09	-0.131853
2.05454e-09	-0.131756
2.0546e-09	-0.131659
2.05467e-09	-0.131562
2.05473e-09	-0.131464
2.0548e-09	-0.131367
2.05486e-09	-0.13127
2.05492e-09	-0.131173
2.05499e-09	-0.131076
2.05505e-09	-0.130979
2.05512e-09	-0.130883
2.05518e-09	-0.130786
2.05524e-09	-0.130689
2.05531e-09	-0.130592
2.05537e-09	-0.130495
2.05544e-09	-0.130398
2.0555e-09	-0.130301
2.05556e-09	-0.130205
2.05563e-09	-0.130108
2.05569e-09	-0.130011
2.05576e-09	-0.129915
2.05582e-09	-0.129818
2.05588e-09	-0.129721
2.05595e-09	-0.129625
2.05601e-09	-0.129528
2.05608e-09	-0.129432
2.05614e-09	-0.129335
2.0562e-09	-0.129239
2.05627e-09	-0.129142
2.05633e-09	-0.129046
2.0564e-09	-0.128949
2.05646e-09	-0.128853
2.05652e-09	-0.128757
2.05659e-09	-0.12866
2.05665e-09	-0.128564
2.05672e-09	-0.128468
2.05678e-09	-0.128371
2.05684e-09	-0.128275
2.05691e-09	-0.128179
2.05697e-09	-0.128083
2.05704e-09	-0.127987
2.0571e-09	-0.127891
2.05716e-09	-0.127795
2.05723e-09	-0.127698
2.05729e-09	-0.127602
2.05736e-09	-0.127506
2.05742e-09	-0.12741
2.05748e-09	-0.127314
2.05755e-09	-0.127219
2.05761e-09	-0.127123
2.05768e-09	-0.127027
2.05774e-09	-0.126931
2.0578e-09	-0.126835
2.05787e-09	-0.126739
2.05793e-09	-0.126643
2.058e-09	-0.126548
2.05806e-09	-0.126452
2.05812e-09	-0.126356
2.05819e-09	-0.126261
2.05825e-09	-0.126165
2.05832e-09	-0.126069
2.05838e-09	-0.125974
2.05844e-09	-0.125878
2.05851e-09	-0.125783
2.05857e-09	-0.125687
2.05864e-09	-0.125592
2.0587e-09	-0.125496
2.05876e-09	-0.125401
2.05883e-09	-0.125305
2.05889e-09	-0.12521
2.05896e-09	-0.125115
2.05902e-09	-0.125019
2.05908e-09	-0.124924
2.05915e-09	-0.124829
2.05921e-09	-0.124734
2.05928e-09	-0.124638
2.05934e-09	-0.124543
2.0594e-09	-0.124448
2.05947e-09	-0.124353
2.05953e-09	-0.124258
2.0596e-09	-0.124163
2.05966e-09	-0.124068
2.05972e-09	-0.123973
2.05979e-09	-0.123878
2.05985e-09	-0.123783
2.05992e-09	-0.123688
2.05998e-09	-0.123593
2.06004e-09	-0.123498
2.06011e-09	-0.123403
2.06017e-09	-0.123308
2.06024e-09	-0.123213
2.0603e-09	-0.123119
2.06036e-09	-0.123024
2.06043e-09	-0.122929
2.06049e-09	-0.122834
2.06056e-09	-0.12274
2.06062e-09	-0.122645
2.06068e-09	-0.122551
2.06075e-09	-0.122456
2.06081e-09	-0.122361
2.06088e-09	-0.122267
2.06094e-09	-0.122172
2.061e-09	-0.122078
2.06107e-09	-0.121983
2.06113e-09	-0.121889
2.0612e-09	-0.121795
2.06126e-09	-0.1217
2.06132e-09	-0.121606
2.06139e-09	-0.121512
2.06145e-09	-0.121417
2.06152e-09	-0.121323
2.06158e-09	-0.121229
2.06164e-09	-0.121135
2.06171e-09	-0.12104
2.06177e-09	-0.120946
2.06184e-09	-0.120852
2.0619e-09	-0.120758
2.06196e-09	-0.120664
2.06203e-09	-0.12057
2.06209e-09	-0.120476
2.06216e-09	-0.120382
2.06222e-09	-0.120288
2.06228e-09	-0.120194
2.06235e-09	-0.1201
2.06241e-09	-0.120006
2.06248e-09	-0.119912
2.06254e-09	-0.119819
2.0626e-09	-0.119725
2.06267e-09	-0.119631
2.06273e-09	-0.119537
2.0628e-09	-0.119444
2.06286e-09	-0.11935
2.06292e-09	-0.119256
2.06299e-09	-0.119163
2.06305e-09	-0.119069
2.06312e-09	-0.118975
2.06318e-09	-0.118882
2.06324e-09	-0.118788
2.06331e-09	-0.118695
2.06337e-09	-0.118601
2.06344e-09	-0.118508
2.0635e-09	-0.118415
2.06356e-09	-0.118321
2.06363e-09	-0.118228
2.06369e-09	-0.118135
2.06376e-09	-0.118041
2.06382e-09	-0.117948
2.06388e-09	-0.117855
2.06395e-09	-0.117762
2.06401e-09	-0.117668
2.06408e-09	-0.117575
2.06414e-09	-0.117482
2.0642e-09	-0.117389
2.06427e-09	-0.117296
2.06433e-09	-0.117203
2.0644e-09	-0.11711
2.06446e-09	-0.117017
2.06452e-09	-0.116924
2.06459e-09	-0.116831
2.06465e-09	-0.116738
2.06472e-09	-0.116645
2.06478e-09	-0.116552
2.06484e-09	-0.11646
2.06491e-09	-0.116367
2.06497e-09	-0.116274
2.06504e-09	-0.116181
2.0651e-09	-0.116089
2.06516e-09	-0.115996
2.06523e-09	-0.115903
2.06529e-09	-0.115811
2.06536e-09	-0.115718
2.06542e-09	-0.115626
2.06548e-09	-0.115533
2.06555e-09	-0.11544
2.06561e-09	-0.115348
2.06568e-09	-0.115256
2.06574e-09	-0.115163
2.0658e-09	-0.115071
2.06587e-09	-0.114978
2.06593e-09	-0.114886
2.066e-09	-0.114794
2.06606e-09	-0.114701
2.06612e-09	-0.114609
2.06619e-09	-0.114517
2.06625e-09	-0.114425
2.06632e-09	-0.114333
2.06638e-09	-0.114241
2.06644e-09	-0.114148
2.06651e-09	-0.114056
2.06657e-09	-0.113964
2.06664e-09	-0.113872
2.0667e-09	-0.11378
2.06676e-09	-0.113688
2.06683e-09	-0.113596
2.06689e-09	-0.113504
2.06696e-09	-0.113413
2.06702e-09	-0.113321
2.06708e-09	-0.113229
2.06715e-09	-0.113137
2.06721e-09	-0.113045
2.06728e-09	-0.112954
2.06734e-09	-0.112862
2.0674e-09	-0.11277
2.06747e-09	-0.112679
2.06753e-09	-0.112587
2.0676e-09	-0.112495
2.06766e-09	-0.112404
2.06772e-09	-0.112312
2.06779e-09	-0.112221
2.06785e-09	-0.112129
2.06792e-09	-0.112038
2.06798e-09	-0.111946
2.06804e-09	-0.111855
2.06811e-09	-0.111764
2.06817e-09	-0.111672
2.06824e-09	-0.111581
2.0683e-09	-0.11149
2.06836e-09	-0.111399
2.06843e-09	-0.111307
2.06849e-09	-0.111216
2.06856e-09	-0.111125
2.06862e-09	-0.111034
2.06868e-09	-0.110943
2.06875e-09	-0.110852
2.06881e-09	-0.110761
2.06888e-09	-0.11067
2.06894e-09	-0.110579
2.069e-09	-0.110488
2.06907e-09	-0.110397
2.06913e-09	-0.110306
2.0692e-09	-0.110215
2.06926e-09	-0.110124
2.06932e-09	-0.110033
2.06939e-09	-0.109943
2.06945e-09	-0.109852
2.06952e-09	-0.109761
2.06958e-09	-0.10967
2.06964e-09	-0.10958
2.06971e-09	-0.109489
2.06977e-09	-0.109399
2.06984e-09	-0.109308
2.0699e-09	-0.109217
2.06997e-09	-0.109127
2.07003e-09	-0.109036
2.07009e-09	-0.108946
2.07016e-09	-0.108856
2.07022e-09	-0.108765
2.07029e-09	-0.108675
2.07035e-09	-0.108584
2.07041e-09	-0.108494
2.07048e-09	-0.108404
2.07054e-09	-0.108314
2.07061e-09	-0.108223
2.07067e-09	-0.108133
2.07073e-09	-0.108043
2.0708e-09	-0.107953
2.07086e-09	-0.107863
2.07093e-09	-0.107773
2.07099e-09	-0.107683
2.07105e-09	-0.107593
2.07112e-09	-0.107503
2.07118e-09	-0.107413
2.07125e-09	-0.107323
2.07131e-09	-0.107233
2.07137e-09	-0.107143
2.07144e-09	-0.107053
2.0715e-09	-0.106963
2.07157e-09	-0.106874
2.07163e-09	-0.106784
2.07169e-09	-0.106694
2.07176e-09	-0.106604
2.07182e-09	-0.106515
2.07189e-09	-0.106425
2.07195e-09	-0.106336
2.07201e-09	-0.106246
2.07208e-09	-0.106156
2.07214e-09	-0.106067
2.07221e-09	-0.105977
2.07227e-09	-0.105888
2.07233e-09	-0.105799
2.0724e-09	-0.105709
2.07246e-09	-0.10562
2.07253e-09	-0.10553
2.07259e-09	-0.105441
2.07265e-09	-0.105352
2.07272e-09	-0.105263
2.07278e-09	-0.105173
2.07285e-09	-0.105084
2.07291e-09	-0.104995
2.07297e-09	-0.104906
2.07304e-09	-0.104817
2.0731e-09	-0.104728
2.07317e-09	-0.104639
2.07323e-09	-0.10455
2.07329e-09	-0.104461
2.07336e-09	-0.104372
2.07342e-09	-0.104283
2.07349e-09	-0.104194
2.07355e-09	-0.104105
2.07361e-09	-0.104016
2.07368e-09	-0.103927
2.07374e-09	-0.103839
2.07381e-09	-0.10375
2.07387e-09	-0.103661
2.07393e-09	-0.103573
2.074e-09	-0.103484
2.07406e-09	-0.103395
2.07413e-09	-0.103307
2.07419e-09	-0.103218
2.07425e-09	-0.10313
2.07432e-09	-0.103041
2.07438e-09	-0.102953
2.07445e-09	-0.102864
2.07451e-09	-0.102776
2.07457e-09	-0.102687
2.07464e-09	-0.102599
2.0747e-09	-0.102511
2.07477e-09	-0.102422
2.07483e-09	-0.102334
2.07489e-09	-0.102246
2.07496e-09	-0.102158
2.07502e-09	-0.10207
2.07509e-09	-0.101981
2.07515e-09	-0.101893
2.07521e-09	-0.101805
2.07528e-09	-0.101717
2.07534e-09	-0.101629
2.07541e-09	-0.101541
2.07547e-09	-0.101453
2.07553e-09	-0.101365
2.0756e-09	-0.101277
2.07566e-09	-0.10119
2.07573e-09	-0.101102
2.07579e-09	-0.101014
2.07585e-09	-0.100926
2.07592e-09	-0.100838
2.07598e-09	-0.100751
2.07605e-09	-0.100663
2.07611e-09	-0.100575
2.07617e-09	-0.100488
2.07624e-09	-0.1004
2.0763e-09	-0.100313
2.07637e-09	-0.100225
2.07643e-09	-0.100138
2.07649e-09	-0.10005
2.07656e-09	-0.0999626
2.07662e-09	-0.0998752
2.07669e-09	-0.0997878
2.07675e-09	-0.0997004
2.07681e-09	-0.0996131
2.07688e-09	-0.0995258
2.07694e-09	-0.0994386
2.07701e-09	-0.0993513
2.07707e-09	-0.0992641
2.07713e-09	-0.099177
2.0772e-09	-0.0990898
2.07726e-09	-0.0990027
2.07733e-09	-0.0989157
2.07739e-09	-0.0988286
2.07745e-09	-0.0987416
2.07752e-09	-0.0986546
2.07758e-09	-0.0985676
2.07765e-09	-0.0984807
2.07771e-09	-0.0983938
2.07777e-09	-0.098307
2.07784e-09	-0.0982201
2.0779e-09	-0.0981333
2.07797e-09	-0.0980466
2.07803e-09	-0.0979598
2.07809e-09	-0.0978731
2.07816e-09	-0.0977864
2.07822e-09	-0.0976998
2.07829e-09	-0.0976132
2.07835e-09	-0.0975266
2.07841e-09	-0.09744
2.07848e-09	-0.0973535
2.07854e-09	-0.097267
2.07861e-09	-0.0971805
2.07867e-09	-0.0970941
2.07873e-09	-0.0970077
2.0788e-09	-0.0969213
2.07886e-09	-0.096835
2.07893e-09	-0.0967487
2.07899e-09	-0.0966624
2.07905e-09	-0.0965761
2.07912e-09	-0.0964899
2.07918e-09	-0.0964037
2.07925e-09	-0.0963176
2.07931e-09	-0.0962314
2.07937e-09	-0.0961454
2.07944e-09	-0.0960593
2.0795e-09	-0.0959733
2.07957e-09	-0.0958873
2.07963e-09	-0.0958013
2.07969e-09	-0.0957153
2.07976e-09	-0.0956294
2.07982e-09	-0.0955435
2.07989e-09	-0.0954577
2.07995e-09	-0.0953719
2.08001e-09	-0.0952861
2.08008e-09	-0.0952003
2.08014e-09	-0.0951146
2.08021e-09	-0.0950289
2.08027e-09	-0.0949433
2.08033e-09	-0.0948576
2.0804e-09	-0.094772
2.08046e-09	-0.0946865
2.08053e-09	-0.0946009
2.08059e-09	-0.0945154
2.08065e-09	-0.0944299
2.08072e-09	-0.0943445
2.08078e-09	-0.0942591
2.08085e-09	-0.0941737
2.08091e-09	-0.0940883
2.08097e-09	-0.094003
2.08104e-09	-0.0939177
2.0811e-09	-0.0938325
2.08117e-09	-0.0937472
2.08123e-09	-0.093662
2.08129e-09	-0.0935769
2.08136e-09	-0.0934917
2.08142e-09	-0.0934066
2.08149e-09	-0.0933216
2.08155e-09	-0.0932365
2.08161e-09	-0.0931515
2.08168e-09	-0.0930665
2.08174e-09	-0.0929816
2.08181e-09	-0.0928967
2.08187e-09	-0.0928118
2.08193e-09	-0.0927269
2.082e-09	-0.0926421
2.08206e-09	-0.0925573
2.08213e-09	-0.0924726
2.08219e-09	-0.0923878
2.08225e-09	-0.0923031
2.08232e-09	-0.0922185
2.08238e-09	-0.0921338
2.08245e-09	-0.0920492
2.08251e-09	-0.0919647
2.08257e-09	-0.0918801
2.08264e-09	-0.0917956
2.0827e-09	-0.0917111
2.08277e-09	-0.0916267
2.08283e-09	-0.0915423
2.08289e-09	-0.0914579
2.08296e-09	-0.0913735
2.08302e-09	-0.0912892
2.08309e-09	-0.0912049
2.08315e-09	-0.0911207
2.08321e-09	-0.0910364
2.08328e-09	-0.0909522
2.08334e-09	-0.0908681
2.08341e-09	-0.0907839
2.08347e-09	-0.0906998
2.08353e-09	-0.0906158
2.0836e-09	-0.0905317
2.08366e-09	-0.0904477
2.08373e-09	-0.0903637
2.08379e-09	-0.0902798
2.08385e-09	-0.0901959
2.08392e-09	-0.090112
2.08398e-09	-0.0900281
2.08405e-09	-0.0899443
2.08411e-09	-0.0898605
2.08417e-09	-0.0897768
2.08424e-09	-0.0896931
2.0843e-09	-0.0896094
2.08437e-09	-0.0895257
2.08443e-09	-0.0894421
2.08449e-09	-0.0893585
2.08456e-09	-0.0892749
2.08462e-09	-0.0891914
2.08469e-09	-0.0891079
2.08475e-09	-0.0890244
2.08481e-09	-0.088941
2.08488e-09	-0.0888575
2.08494e-09	-0.0887742
2.08501e-09	-0.0886908
2.08507e-09	-0.0886075
2.08513e-09	-0.0885242
2.0852e-09	-0.088441
2.08526e-09	-0.0883578
2.08533e-09	-0.0882746
2.08539e-09	-0.0881914
2.08545e-09	-0.0881083
2.08552e-09	-0.0880252
2.08558e-09	-0.0879421
2.08565e-09	-0.0878591
2.08571e-09	-0.0877761
2.08577e-09	-0.0876931
2.08584e-09	-0.0876102
2.0859e-09	-0.0875273
2.08597e-09	-0.0874444
2.08603e-09	-0.0873616
2.08609e-09	-0.0872788
2.08616e-09	-0.087196
2.08622e-09	-0.0871133
2.08629e-09	-0.0870306
2.08635e-09	-0.0869479
2.08641e-09	-0.0868652
2.08648e-09	-0.0867826
2.08654e-09	-0.0867
2.08661e-09	-0.0866175
2.08667e-09	-0.086535
2.08673e-09	-0.0864525
2.0868e-09	-0.08637
2.08686e-09	-0.0862876
2.08693e-09	-0.0862052
2.08699e-09	-0.0861228
2.08705e-09	-0.0860405
2.08712e-09	-0.0859582
2.08718e-09	-0.0858759
2.08725e-09	-0.0857937
2.08731e-09	-0.0857115
2.08738e-09	-0.0856293
2.08744e-09	-0.0855472
2.0875e-09	-0.0854651
2.08757e-09	-0.085383
2.08763e-09	-0.085301
2.0877e-09	-0.085219
2.08776e-09	-0.085137
2.08782e-09	-0.085055
2.08789e-09	-0.0849731
2.08795e-09	-0.0848912
2.08802e-09	-0.0848094
2.08808e-09	-0.0847276
2.08814e-09	-0.0846458
2.08821e-09	-0.084564
2.08827e-09	-0.0844823
2.08834e-09	-0.0844006
2.0884e-09	-0.084319
2.08846e-09	-0.0842373
2.08853e-09	-0.0841557
2.08859e-09	-0.0840742
2.08866e-09	-0.0839927
2.08872e-09	-0.0839112
2.08878e-09	-0.0838297
2.08885e-09	-0.0837483
2.08891e-09	-0.0836669
2.08898e-09	-0.0835855
2.08904e-09	-0.0835041
2.0891e-09	-0.0834228
2.08917e-09	-0.0833416
2.08923e-09	-0.0832603
2.0893e-09	-0.0831791
2.08936e-09	-0.0830979
2.08942e-09	-0.0830168
2.08949e-09	-0.0829357
2.08955e-09	-0.0828546
2.08962e-09	-0.0827736
2.08968e-09	-0.0826925
2.08974e-09	-0.0826116
2.08981e-09	-0.0825306
2.08987e-09	-0.0824497
2.08994e-09	-0.0823688
2.09e-09	-0.0822879
2.09006e-09	-0.0822071
2.09013e-09	-0.0821263
2.09019e-09	-0.0820456
2.09026e-09	-0.0819648
2.09032e-09	-0.0818841
2.09038e-09	-0.0818035
2.09045e-09	-0.0817229
2.09051e-09	-0.0816423
2.09058e-09	-0.0815617
2.09064e-09	-0.0814812
2.0907e-09	-0.0814007
2.09077e-09	-0.0813202
2.09083e-09	-0.0812398
2.0909e-09	-0.0811594
2.09096e-09	-0.081079
2.09102e-09	-0.0809986
2.09109e-09	-0.0809183
2.09115e-09	-0.0808381
2.09122e-09	-0.0807578
2.09128e-09	-0.0806776
2.09134e-09	-0.0805974
2.09141e-09	-0.0805173
2.09147e-09	-0.0804372
2.09154e-09	-0.0803571
2.0916e-09	-0.080277
2.09166e-09	-0.080197
2.09173e-09	-0.080117
2.09179e-09	-0.0800371
2.09186e-09	-0.0799572
2.09192e-09	-0.0798773
2.09198e-09	-0.0797974
2.09205e-09	-0.0797176
2.09211e-09	-0.0796378
2.09218e-09	-0.0795581
2.09224e-09	-0.0794784
2.0923e-09	-0.0793987
2.09237e-09	-0.079319
2.09243e-09	-0.0792394
2.0925e-09	-0.0791598
2.09256e-09	-0.0790802
2.09262e-09	-0.0790007
2.09269e-09	-0.0789212
2.09275e-09	-0.0788417
2.09282e-09	-0.0787623
2.09288e-09	-0.0786829
2.09294e-09	-0.0786035
2.09301e-09	-0.0785242
2.09307e-09	-0.0784449
2.09314e-09	-0.0783656
2.0932e-09	-0.0782864
2.09326e-09	-0.0782072
2.09333e-09	-0.078128
2.09339e-09	-0.0780489
2.09346e-09	-0.0779698
2.09352e-09	-0.0778907
2.09358e-09	-0.0778117
2.09365e-09	-0.0777327
2.09371e-09	-0.0776537
2.09378e-09	-0.0775747
2.09384e-09	-0.0774958
2.0939e-09	-0.0774169
2.09397e-09	-0.0773381
2.09403e-09	-0.0772593
2.0941e-09	-0.0771805
2.09416e-09	-0.0771018
2.09422e-09	-0.077023
2.09429e-09	-0.0769444
2.09435e-09	-0.0768657
2.09442e-09	-0.0767871
2.09448e-09	-0.0767085
2.09454e-09	-0.07663
2.09461e-09	-0.0765514
2.09467e-09	-0.0764729
2.09474e-09	-0.0763945
2.0948e-09	-0.0763161
2.09486e-09	-0.0762377
2.09493e-09	-0.0761593
2.09499e-09	-0.076081
2.09506e-09	-0.0760027
2.09512e-09	-0.0759245
2.09518e-09	-0.0758462
2.09525e-09	-0.075768
2.09531e-09	-0.0756899
2.09538e-09	-0.0756118
2.09544e-09	-0.0755337
2.0955e-09	-0.0754556
2.09557e-09	-0.0753776
2.09563e-09	-0.0752996
2.0957e-09	-0.0752216
2.09576e-09	-0.0751437
2.09582e-09	-0.0750658
2.09589e-09	-0.0749879
2.09595e-09	-0.0749101
2.09602e-09	-0.0748323
2.09608e-09	-0.0747545
2.09614e-09	-0.0746768
2.09621e-09	-0.0745991
2.09627e-09	-0.0745214
2.09634e-09	-0.0744438
2.0964e-09	-0.0743662
2.09646e-09	-0.0742886
2.09653e-09	-0.0742111
2.09659e-09	-0.0741336
2.09666e-09	-0.0740561
2.09672e-09	-0.0739787
2.09678e-09	-0.0739013
2.09685e-09	-0.0738239
2.09691e-09	-0.0737465
2.09698e-09	-0.0736692
2.09704e-09	-0.073592
2.0971e-09	-0.0735147
2.09717e-09	-0.0734375
2.09723e-09	-0.0733603
2.0973e-09	-0.0732832
2.09736e-09	-0.0732061
2.09742e-09	-0.073129
2.09749e-09	-0.073052
2.09755e-09	-0.072975
2.09762e-09	-0.072898
2.09768e-09	-0.072821
2.09774e-09	-0.0727441
2.09781e-09	-0.0726672
2.09787e-09	-0.0725904
2.09794e-09	-0.0725136
2.098e-09	-0.0724368
2.09806e-09	-0.07236
2.09813e-09	-0.0722833
2.09819e-09	-0.0722067
2.09826e-09	-0.07213
2.09832e-09	-0.0720534
2.09838e-09	-0.0719768
2.09845e-09	-0.0719003
2.09851e-09	-0.0718237
2.09858e-09	-0.0717473
2.09864e-09	-0.0716708
2.0987e-09	-0.0715944
2.09877e-09	-0.071518
2.09883e-09	-0.0714417
2.0989e-09	-0.0713653
2.09896e-09	-0.071289
2.09902e-09	-0.0712128
2.09909e-09	-0.0711366
2.09915e-09	-0.0710604
2.09922e-09	-0.0709842
2.09928e-09	-0.0709081
2.09934e-09	-0.070832
2.09941e-09	-0.070756
2.09947e-09	-0.0706799
2.09954e-09	-0.070604
2.0996e-09	-0.070528
2.09966e-09	-0.0704521
2.09973e-09	-0.0703762
2.09979e-09	-0.0703003
2.09986e-09	-0.0702245
2.09992e-09	-0.0701487
2.09998e-09	-0.070073
2.10005e-09	-0.0699972
2.10011e-09	-0.0699215
2.10018e-09	-0.0698459
2.10024e-09	-0.0697703
2.1003e-09	-0.0696947
2.10037e-09	-0.0696191
2.10043e-09	-0.0695436
2.1005e-09	-0.0694681
2.10056e-09	-0.0693926
2.10062e-09	-0.0693172
2.10069e-09	-0.0692418
2.10075e-09	-0.0691665
2.10082e-09	-0.0690911
2.10088e-09	-0.0690158
2.10094e-09	-0.0689406
2.10101e-09	-0.0688654
2.10107e-09	-0.0687902
2.10114e-09	-0.068715
2.1012e-09	-0.0686399
2.10126e-09	-0.0685648
2.10133e-09	-0.0684897
2.10139e-09	-0.0684147
2.10146e-09	-0.0683397
2.10152e-09	-0.0682647
2.10158e-09	-0.0681898
2.10165e-09	-0.0681149
2.10171e-09	-0.06804
2.10178e-09	-0.0679652
2.10184e-09	-0.0678904
2.1019e-09	-0.0678157
2.10197e-09	-0.0677409
2.10203e-09	-0.0676662
2.1021e-09	-0.0675916
2.10216e-09	-0.0675169
2.10222e-09	-0.0674423
2.10229e-09	-0.0673678
2.10235e-09	-0.0672932
2.10242e-09	-0.0672188
2.10248e-09	-0.0671443
2.10254e-09	-0.0670699
2.10261e-09	-0.0669955
2.10267e-09	-0.0669211
2.10274e-09	-0.0668468
2.1028e-09	-0.0667725
2.10286e-09	-0.0666982
2.10293e-09	-0.066624
2.10299e-09	-0.0665498
2.10306e-09	-0.0664756
2.10312e-09	-0.0664015
2.10318e-09	-0.0663274
2.10325e-09	-0.0662533
2.10331e-09	-0.0661793
2.10338e-09	-0.0661053
2.10344e-09	-0.0660313
2.1035e-09	-0.0659574
2.10357e-09	-0.0658835
2.10363e-09	-0.0658096
2.1037e-09	-0.0657358
2.10376e-09	-0.065662
2.10382e-09	-0.0655882
2.10389e-09	-0.0655145
2.10395e-09	-0.0654408
2.10402e-09	-0.0653671
2.10408e-09	-0.0652935
2.10414e-09	-0.0652199
2.10421e-09	-0.0651463
2.10427e-09	-0.0650728
2.10434e-09	-0.0649993
2.1044e-09	-0.0649258
2.10446e-09	-0.0648524
2.10453e-09	-0.064779
2.10459e-09	-0.0647057
2.10466e-09	-0.0646323
2.10472e-09	-0.064559
2.10479e-09	-0.0644858
2.10485e-09	-0.0644125
2.10491e-09	-0.0643393
2.10498e-09	-0.0642662
2.10504e-09	-0.064193
2.10511e-09	-0.0641199
2.10517e-09	-0.0640469
2.10523e-09	-0.0639739
2.1053e-09	-0.0639009
2.10536e-09	-0.0638279
2.10543e-09	-0.063755
2.10549e-09	-0.0636821
2.10555e-09	-0.0636092
2.10562e-09	-0.0635364
2.10568e-09	-0.0634636
2.10575e-09	-0.0633908
2.10581e-09	-0.0633181
2.10587e-09	-0.0632454
2.10594e-09	-0.0631727
2.106e-09	-0.0631001
2.10607e-09	-0.0630275
2.10613e-09	-0.0629549
2.10619e-09	-0.0628824
2.10626e-09	-0.0628099
2.10632e-09	-0.0627374
2.10639e-09	-0.062665
2.10645e-09	-0.0625926
2.10651e-09	-0.0625203
2.10658e-09	-0.0624479
2.10664e-09	-0.0623756
2.10671e-09	-0.0623034
2.10677e-09	-0.0622311
2.10683e-09	-0.0621589
2.1069e-09	-0.0620868
2.10696e-09	-0.0620147
2.10703e-09	-0.0619426
2.10709e-09	-0.0618705
2.10715e-09	-0.0617985
2.10722e-09	-0.0617265
2.10728e-09	-0.0616545
2.10735e-09	-0.0615826
2.10741e-09	-0.0615107
2.10747e-09	-0.0614388
2.10754e-09	-0.061367
2.1076e-09	-0.0612952
2.10767e-09	-0.0612234
2.10773e-09	-0.0611517
2.10779e-09	-0.06108
2.10786e-09	-0.0610084
2.10792e-09	-0.0609367
2.10799e-09	-0.0608652
2.10805e-09	-0.0607936
2.10811e-09	-0.0607221
2.10818e-09	-0.0606506
2.10824e-09	-0.0605791
2.10831e-09	-0.0605077
2.10837e-09	-0.0604363
2.10843e-09	-0.0603649
2.1085e-09	-0.0602936
2.10856e-09	-0.0602223
2.10863e-09	-0.0601511
2.10869e-09	-0.0600799
2.10875e-09	-0.0600087
2.10882e-09	-0.0599375
2.10888e-09	-0.0598664
2.10895e-09	-0.0597953
2.10901e-09	-0.0597242
2.10907e-09	-0.0596532
2.10914e-09	-0.0595822
2.1092e-09	-0.0595113
2.10927e-09	-0.0594403
2.10933e-09	-0.0593695
2.10939e-09	-0.0592986
2.10946e-09	-0.0592278
2.10952e-09	-0.059157
2.10959e-09	-0.0590862
2.10965e-09	-0.0590155
2.10971e-09	-0.0589448
2.10978e-09	-0.0588742
2.10984e-09	-0.0588036
2.10991e-09	-0.058733
2.10997e-09	-0.0586624
2.11003e-09	-0.0585919
2.1101e-09	-0.0585214
2.11016e-09	-0.058451
2.11023e-09	-0.0583806
2.11029e-09	-0.0583102
2.11035e-09	-0.0582398
2.11042e-09	-0.0581695
2.11048e-09	-0.0580992
2.11055e-09	-0.058029
2.11061e-09	-0.0579588
2.11067e-09	-0.0578886
2.11074e-09	-0.0578184
2.1108e-09	-0.0577483
2.11087e-09	-0.0576782
2.11093e-09	-0.0576082
2.11099e-09	-0.0575382
2.11106e-09	-0.0574682
2.11112e-09	-0.0573982
2.11119e-09	-0.0573283
2.11125e-09	-0.0572584
2.11131e-09	-0.0571886
2.11138e-09	-0.0571188
2.11144e-09	-0.057049
2.11151e-09	-0.0569793
2.11157e-09	-0.0569095
2.11163e-09	-0.0568399
2.1117e-09	-0.0567702
2.11176e-09	-0.0567006
2.11183e-09	-0.056631
2.11189e-09	-0.0565615
2.11195e-09	-0.056492
2.11202e-09	-0.0564225
2.11208e-09	-0.0563531
2.11215e-09	-0.0562836
2.11221e-09	-0.0562143
2.11227e-09	-0.0561449
2.11234e-09	-0.0560756
2.1124e-09	-0.0560063
2.11247e-09	-0.0559371
2.11253e-09	-0.0558679
2.11259e-09	-0.0557987
2.11266e-09	-0.0557296
2.11272e-09	-0.0556605
2.11279e-09	-0.0555914
2.11285e-09	-0.0555224
2.11291e-09	-0.0554534
2.11298e-09	-0.0553844
2.11304e-09	-0.0553155
2.11311e-09	-0.0552466
2.11317e-09	-0.0551777
2.11323e-09	-0.0551088
2.1133e-09	-0.05504
2.11336e-09	-0.0549713
2.11343e-09	-0.0549025
2.11349e-09	-0.0548338
2.11355e-09	-0.0547652
2.11362e-09	-0.0546965
2.11368e-09	-0.0546279
2.11375e-09	-0.0545594
2.11381e-09	-0.0544908
2.11387e-09	-0.0544223
2.11394e-09	-0.0543539
2.114e-09	-0.0542854
2.11407e-09	-0.054217
2.11413e-09	-0.0541487
2.11419e-09	-0.0540803
2.11426e-09	-0.054012
2.11432e-09	-0.0539438
2.11439e-09	-0.0538755
2.11445e-09	-0.0538073
2.11451e-09	-0.0537392
2.11458e-09	-0.053671
2.11464e-09	-0.053603
2.11471e-09	-0.0535349
2.11477e-09	-0.0534669
2.11483e-09	-0.0533989
2.1149e-09	-0.0533309
2.11496e-09	-0.053263
2.11503e-09	-0.0531951
2.11509e-09	-0.0531272
2.11515e-09	-0.0530594
2.11522e-09	-0.0529916
2.11528e-09	-0.0529238
2.11535e-09	-0.0528561
2.11541e-09	-0.0527884
2.11547e-09	-0.0527208
2.11554e-09	-0.0526531
2.1156e-09	-0.0525856
2.11567e-09	-0.052518
2.11573e-09	-0.0524505
2.11579e-09	-0.052383
2.11586e-09	-0.0523155
2.11592e-09	-0.0522481
2.11599e-09	-0.0521807
2.11605e-09	-0.0521134
2.11611e-09	-0.052046
2.11618e-09	-0.0519788
2.11624e-09	-0.0519115
2.11631e-09	-0.0518443
2.11637e-09	-0.0517771
2.11643e-09	-0.05171
2.1165e-09	-0.0516428
2.11656e-09	-0.0515758
2.11663e-09	-0.0515087
2.11669e-09	-0.0514417
2.11675e-09	-0.0513747
2.11682e-09	-0.0513077
2.11688e-09	-0.0512408
2.11695e-09	-0.051174
2.11701e-09	-0.0511071
2.11707e-09	-0.0510403
2.11714e-09	-0.0509735
2.1172e-09	-0.0509068
2.11727e-09	-0.05084
2.11733e-09	-0.0507734
2.11739e-09	-0.0507067
2.11746e-09	-0.0506401
2.11752e-09	-0.0505735
2.11759e-09	-0.050507
2.11765e-09	-0.0504405
2.11771e-09	-0.050374
2.11778e-09	-0.0503076
2.11784e-09	-0.0502411
2.11791e-09	-0.0501748
2.11797e-09	-0.0501084
2.11803e-09	-0.0500421
2.1181e-09	-0.0499758
2.11816e-09	-0.0499096
2.11823e-09	-0.0498434
2.11829e-09	-0.0497772
2.11835e-09	-0.0497111
2.11842e-09	-0.049645
2.11848e-09	-0.0495789
2.11855e-09	-0.0495129
2.11861e-09	-0.0494469
2.11867e-09	-0.0493809
2.11874e-09	-0.0493149
2.1188e-09	-0.049249
2.11887e-09	-0.0491832
2.11893e-09	-0.0491173
2.11899e-09	-0.0490515
2.11906e-09	-0.0489858
2.11912e-09	-0.04892
2.11919e-09	-0.0488543
2.11925e-09	-0.0487887
2.11931e-09	-0.048723
2.11938e-09	-0.0486574
2.11944e-09	-0.0485919
2.11951e-09	-0.0485263
2.11957e-09	-0.0484608
2.11963e-09	-0.0483954
2.1197e-09	-0.0483299
2.11976e-09	-0.0482645
2.11983e-09	-0.0481992
2.11989e-09	-0.0481338
2.11995e-09	-0.0480685
2.12002e-09	-0.0480033
2.12008e-09	-0.0479381
2.12015e-09	-0.0478729
2.12021e-09	-0.0478077
2.12027e-09	-0.0477426
2.12034e-09	-0.0476775
2.1204e-09	-0.0476124
2.12047e-09	-0.0475474
2.12053e-09	-0.0474824
2.12059e-09	-0.0474174
2.12066e-09	-0.0473525
2.12072e-09	-0.0472876
2.12079e-09	-0.0472228
2.12085e-09	-0.0471579
2.12091e-09	-0.0470931
2.12098e-09	-0.0470284
2.12104e-09	-0.0469637
2.12111e-09	-0.046899
2.12117e-09	-0.0468343
2.12123e-09	-0.0467697
2.1213e-09	-0.0467051
2.12136e-09	-0.0466406
2.12143e-09	-0.046576
2.12149e-09	-0.0465115
2.12155e-09	-0.0464471
2.12162e-09	-0.0463827
2.12168e-09	-0.0463183
2.12175e-09	-0.0462539
2.12181e-09	-0.0461896
2.12187e-09	-0.0461253
2.12194e-09	-0.0460611
2.122e-09	-0.0459969
2.12207e-09	-0.0459327
2.12213e-09	-0.0458685
2.12219e-09	-0.0458044
2.12226e-09	-0.0457403
2.12232e-09	-0.0456763
2.12239e-09	-0.0456123
2.12245e-09	-0.0455483
2.12252e-09	-0.0454843
2.12258e-09	-0.0454204
2.12264e-09	-0.0453566
2.12271e-09	-0.0452927
2.12277e-09	-0.0452289
2.12284e-09	-0.0451651
2.1229e-09	-0.0451014
2.12296e-09	-0.0450377
2.12303e-09	-0.044974
2.12309e-09	-0.0449103
2.12316e-09	-0.0448467
2.12322e-09	-0.0447832
2.12328e-09	-0.0447196
2.12335e-09	-0.0446561
2.12341e-09	-0.0445926
2.12348e-09	-0.0445292
2.12354e-09	-0.0444658
2.1236e-09	-0.0444024
2.12367e-09	-0.0443391
2.12373e-09	-0.0442758
2.1238e-09	-0.0442125
2.12386e-09	-0.0441492
2.12392e-09	-0.044086
2.12399e-09	-0.0440229
2.12405e-09	-0.0439597
2.12412e-09	-0.0438966
2.12418e-09	-0.0438336
2.12424e-09	-0.0437705
2.12431e-09	-0.0437075
2.12437e-09	-0.0436445
2.12444e-09	-0.0435816
2.1245e-09	-0.0435187
2.12456e-09	-0.0434558
2.12463e-09	-0.043393
2.12469e-09	-0.0433302
2.12476e-09	-0.0432674
2.12482e-09	-0.0432047
2.12488e-09	-0.043142
2.12495e-09	-0.0430793
2.12501e-09	-0.0430167
2.12508e-09	-0.0429541
2.12514e-09	-0.0428915
2.1252e-09	-0.042829
2.12527e-09	-0.0427665
2.12533e-09	-0.0427041
2.1254e-09	-0.0426416
2.12546e-09	-0.0425792
2.12552e-09	-0.0425169
2.12559e-09	-0.0424545
2.12565e-09	-0.0423922
2.12572e-09	-0.04233
2.12578e-09	-0.0422677
2.12584e-09	-0.0422056
2.12591e-09	-0.0421434
2.12597e-09	-0.0420813
2.12604e-09	-0.0420192
2.1261e-09	-0.0419571
2.12616e-09	-0.0418951
2.12623e-09	-0.0418331
2.12629e-09	-0.0417711
2.12636e-09	-0.0417092
2.12642e-09	-0.0416473
2.12648e-09	-0.0415855
2.12655e-09	-0.0415236
2.12661e-09	-0.0414618
2.12668e-09	-0.0414001
2.12674e-09	-0.0413384
2.1268e-09	-0.0412767
2.12687e-09	-0.041215
2.12693e-09	-0.0411534
2.127e-09	-0.0410918
2.12706e-09	-0.0410303
2.12712e-09	-0.0409687
2.12719e-09	-0.0409073
2.12725e-09	-0.0408458
2.12732e-09	-0.0407844
2.12738e-09	-0.040723
2.12744e-09	-0.0406616
2.12751e-09	-0.0406003
2.12757e-09	-0.040539
2.12764e-09	-0.0404778
2.1277e-09	-0.0404166
2.12776e-09	-0.0403554
2.12783e-09	-0.0402942
2.12789e-09	-0.0402331
2.12796e-09	-0.040172
2.12802e-09	-0.040111
2.12808e-09	-0.04005
2.12815e-09	-0.039989
2.12821e-09	-0.039928
2.12828e-09	-0.0398671
2.12834e-09	-0.0398062
2.1284e-09	-0.0397454
2.12847e-09	-0.0396846
2.12853e-09	-0.0396238
2.1286e-09	-0.039563
2.12866e-09	-0.0395023
2.12872e-09	-0.0394416
2.12879e-09	-0.039381
2.12885e-09	-0.0393204
2.12892e-09	-0.0392598
2.12898e-09	-0.0391993
2.12904e-09	-0.0391387
2.12911e-09	-0.0390783
2.12917e-09	-0.0390178
2.12924e-09	-0.0389574
2.1293e-09	-0.038897
2.12936e-09	-0.0388367
2.12943e-09	-0.0387764
2.12949e-09	-0.0387161
2.12956e-09	-0.0386559
2.12962e-09	-0.0385957
2.12968e-09	-0.0385355
2.12975e-09	-0.0384753
2.12981e-09	-0.0384152
2.12988e-09	-0.0383551
2.12994e-09	-0.0382951
2.13e-09	-0.0382351
2.13007e-09	-0.0381751
2.13013e-09	-0.0381152
2.1302e-09	-0.0380553
2.13026e-09	-0.0379954
2.13032e-09	-0.0379356
2.13039e-09	-0.0378758
2.13045e-09	-0.037816
2.13052e-09	-0.0377562
2.13058e-09	-0.0376965
2.13064e-09	-0.0376369
2.13071e-09	-0.0375772
2.13077e-09	-0.0375176
2.13084e-09	-0.037458
2.1309e-09	-0.0373985
2.13096e-09	-0.037339
2.13103e-09	-0.0372795
2.13109e-09	-0.0372201
2.13116e-09	-0.0371607
2.13122e-09	-0.0371013
2.13128e-09	-0.037042
2.13135e-09	-0.0369827
2.13141e-09	-0.0369234
2.13148e-09	-0.0368642
2.13154e-09	-0.036805
2.1316e-09	-0.0367458
2.13167e-09	-0.0366867
2.13173e-09	-0.0366276
2.1318e-09	-0.0365685
2.13186e-09	-0.0365095
2.13192e-09	-0.0364505
2.13199e-09	-0.0363915
2.13205e-09	-0.0363326
2.13212e-09	-0.0362737
2.13218e-09	-0.0362148
2.13224e-09	-0.036156
2.13231e-09	-0.0360972
2.13237e-09	-0.0360384
2.13244e-09	-0.0359796
2.1325e-09	-0.0359209
2.13256e-09	-0.0358623
2.13263e-09	-0.0358036
2.13269e-09	-0.035745
2.13276e-09	-0.0356865
2.13282e-09	-0.0356279
2.13288e-09	-0.0355694
2.13295e-09	-0.035511
2.13301e-09	-0.0354526
2.13308e-09	-0.0353942
2.13314e-09	-0.0353358
2.1332e-09	-0.0352775
2.13327e-09	-0.0352192
2.13333e-09	-0.0351609
2.1334e-09	-0.0351027
2.13346e-09	-0.0350445
2.13352e-09	-0.0349863
2.13359e-09	-0.0349282
2.13365e-09	-0.0348701
2.13372e-09	-0.034812
2.13378e-09	-0.034754
2.13384e-09	-0.034696
2.13391e-09	-0.034638
2.13397e-09	-0.0345801
2.13404e-09	-0.0345222
2.1341e-09	-0.0344643
2.13416e-09	-0.0344065
2.13423e-09	-0.0343487
2.13429e-09	-0.0342909
2.13436e-09	-0.0342332
2.13442e-09	-0.0341755
2.13448e-09	-0.0341178
2.13455e-09	-0.0340602
2.13461e-09	-0.0340026
2.13468e-09	-0.033945
2.13474e-09	-0.0338875
2.1348e-09	-0.03383
2.13487e-09	-0.0337726
2.13493e-09	-0.0337151
2.135e-09	-0.0336577
2.13506e-09	-0.0336004
2.13512e-09	-0.033543
2.13519e-09	-0.0334857
2.13525e-09	-0.0334285
2.13532e-09	-0.0333712
2.13538e-09	-0.0333141
2.13544e-09	-0.0332569
2.13551e-09	-0.0331998
2.13557e-09	-0.0331427
2.13564e-09	-0.0330856
2.1357e-09	-0.0330286
2.13576e-09	-0.0329716
2.13583e-09	-0.0329146
2.13589e-09	-0.0328577
2.13596e-09	-0.0328008
2.13602e-09	-0.0327439
2.13608e-09	-0.0326871
2.13615e-09	-0.0326303
2.13621e-09	-0.0325735
2.13628e-09	-0.0325168
2.13634e-09	-0.0324601
2.1364e-09	-0.0324035
2.13647e-09	-0.0323468
2.13653e-09	-0.0322902
2.1366e-09	-0.0322337
2.13666e-09	-0.0321771
2.13672e-09	-0.0321206
2.13679e-09	-0.0320642
2.13685e-09	-0.0320077
2.13692e-09	-0.0319514
2.13698e-09	-0.031895
2.13704e-09	-0.0318387
2.13711e-09	-0.0317824
2.13717e-09	-0.0317261
2.13724e-09	-0.0316699
2.1373e-09	-0.0316137
2.13736e-09	-0.0315575
2.13743e-09	-0.0315014
2.13749e-09	-0.0314453
2.13756e-09	-0.0313892
2.13762e-09	-0.0313332
2.13768e-09	-0.0312772
2.13775e-09	-0.0312212
2.13781e-09	-0.0311653
2.13788e-09	-0.0311094
2.13794e-09	-0.0310535
2.138e-09	-0.0309977
2.13807e-09	-0.0309419
2.13813e-09	-0.0308861
2.1382e-09	-0.0308304
2.13826e-09	-0.0307747
2.13832e-09	-0.0307191
2.13839e-09	-0.0306634
2.13845e-09	-0.0306078
2.13852e-09	-0.0305523
2.13858e-09	-0.0304967
2.13864e-09	-0.0304412
2.13871e-09	-0.0303858
2.13877e-09	-0.0303303
2.13884e-09	-0.0302749
2.1389e-09	-0.0302196
2.13896e-09	-0.0301642
2.13903e-09	-0.0301089
2.13909e-09	-0.0300537
2.13916e-09	-0.0299984
2.13922e-09	-0.0299432
2.13928e-09	-0.0298881
2.13935e-09	-0.0298329
2.13941e-09	-0.0297778
2.13948e-09	-0.0297228
2.13954e-09	-0.0296677
2.1396e-09	-0.0296127
2.13967e-09	-0.0295578
2.13973e-09	-0.0295028
2.1398e-09	-0.0294479
2.13986e-09	-0.0293931
2.13993e-09	-0.0293382
2.13999e-09	-0.0292834
2.14005e-09	-0.0292287
2.14012e-09	-0.0291739
2.14018e-09	-0.0291192
2.14025e-09	-0.0290646
2.14031e-09	-0.0290099
2.14037e-09	-0.0289553
2.14044e-09	-0.0289007
2.1405e-09	-0.0288462
2.14057e-09	-0.0287917
2.14063e-09	-0.0287372
2.14069e-09	-0.0286828
2.14076e-09	-0.0286284
2.14082e-09	-0.028574
2.14089e-09	-0.0285197
2.14095e-09	-0.0284654
2.14101e-09	-0.0284111
2.14108e-09	-0.0283569
2.14114e-09	-0.0283027
2.14121e-09	-0.0282485
2.14127e-09	-0.0281943
2.14133e-09	-0.0281402
2.1414e-09	-0.0280862
2.14146e-09	-0.0280321
2.14153e-09	-0.0279781
2.14159e-09	-0.0279241
2.14165e-09	-0.0278702
2.14172e-09	-0.0278163
2.14178e-09	-0.0277624
2.14185e-09	-0.0277086
2.14191e-09	-0.0276548
2.14197e-09	-0.027601
2.14204e-09	-0.0275472
2.1421e-09	-0.0274935
2.14217e-09	-0.0274399
2.14223e-09	-0.0273862
2.14229e-09	-0.0273326
2.14236e-09	-0.027279
2.14242e-09	-0.0272255
2.14249e-09	-0.027172
2.14255e-09	-0.0271185
2.14261e-09	-0.027065
2.14268e-09	-0.0270116
2.14274e-09	-0.0269582
2.14281e-09	-0.0269049
2.14287e-09	-0.0268516
2.14293e-09	-0.0267983
2.143e-09	-0.026745
2.14306e-09	-0.0266918
2.14313e-09	-0.0266386
2.14319e-09	-0.0265855
2.14325e-09	-0.0265324
2.14332e-09	-0.0264793
2.14338e-09	-0.0264262
2.14345e-09	-0.0263732
2.14351e-09	-0.0263202
2.14357e-09	-0.0262673
2.14364e-09	-0.0262144
2.1437e-09	-0.0261615
2.14377e-09	-0.0261086
2.14383e-09	-0.0260558
2.14389e-09	-0.026003
2.14396e-09	-0.0259503
2.14402e-09	-0.0258975
2.14409e-09	-0.0258448
2.14415e-09	-0.0257922
2.14421e-09	-0.0257396
2.14428e-09	-0.025687
2.14434e-09	-0.0256344
2.14441e-09	-0.0255819
2.14447e-09	-0.0255294
2.14453e-09	-0.0254769
2.1446e-09	-0.0254245
2.14466e-09	-0.0253721
2.14473e-09	-0.0253197
2.14479e-09	-0.0252674
2.14485e-09	-0.0252151
2.14492e-09	-0.0251629
2.14498e-09	-0.0251106
2.14505e-09	-0.0250584
2.14511e-09	-0.0250063
2.14517e-09	-0.0249541
2.14524e-09	-0.024902
2.1453e-09	-0.02485
2.14537e-09	-0.0247979
2.14543e-09	-0.0247459
2.14549e-09	-0.024694
2.14556e-09	-0.024642
2.14562e-09	-0.0245901
2.14569e-09	-0.0245383
2.14575e-09	-0.0244864
2.14581e-09	-0.0244346
2.14588e-09	-0.0243829
2.14594e-09	-0.0243311
2.14601e-09	-0.0242794
2.14607e-09	-0.0242277
2.14613e-09	-0.0241761
2.1462e-09	-0.0241245
2.14626e-09	-0.0240729
2.14633e-09	-0.0240214
2.14639e-09	-0.0239699
2.14645e-09	-0.0239184
2.14652e-09	-0.0238669
2.14658e-09	-0.0238155
2.14665e-09	-0.0237641
2.14671e-09	-0.0237128
2.14677e-09	-0.0236615
2.14684e-09	-0.0236102
2.1469e-09	-0.023559
2.14697e-09	-0.0235077
2.14703e-09	-0.0234566
2.14709e-09	-0.0234054
2.14716e-09	-0.0233543
2.14722e-09	-0.0233032
2.14729e-09	-0.0232522
2.14735e-09	-0.0232011
2.14741e-09	-0.0231501
2.14748e-09	-0.0230992
2.14754e-09	-0.0230483
2.14761e-09	-0.0229974
2.14767e-09	-0.0229465
2.14773e-09	-0.0228957
2.1478e-09	-0.0228449
2.14786e-09	-0.0227942
2.14793e-09	-0.0227434
2.14799e-09	-0.0226927
2.14805e-09	-0.0226421
2.14812e-09	-0.0225914
2.14818e-09	-0.0225408
2.14825e-09	-0.0224903
2.14831e-09	-0.0224398
2.14837e-09	-0.0223893
2.14844e-09	-0.0223388
2.1485e-09	-0.0222884
2.14857e-09	-0.022238
2.14863e-09	-0.0221876
2.14869e-09	-0.0221373
2.14876e-09	-0.0220869
2.14882e-09	-0.0220367
2.14889e-09	-0.0219864
2.14895e-09	-0.0219362
2.14901e-09	-0.0218861
2.14908e-09	-0.0218359
2.14914e-09	-0.0217858
2.14921e-09	-0.0217357
2.14927e-09	-0.0216857
2.14933e-09	-0.0216357
2.1494e-09	-0.0215857
2.14946e-09	-0.0215358
2.14953e-09	-0.0214858
2.14959e-09	-0.021436
2.14965e-09	-0.0213861
2.14972e-09	-0.0213363
2.14978e-09	-0.0212865
2.14985e-09	-0.0212368
2.14991e-09	-0.0211871
2.14997e-09	-0.0211374
2.15004e-09	-0.0210877
2.1501e-09	-0.0210381
2.15017e-09	-0.0209885
2.15023e-09	-0.0209389
2.15029e-09	-0.0208894
2.15036e-09	-0.0208399
2.15042e-09	-0.0207905
2.15049e-09	-0.020741
2.15055e-09	-0.0206916
2.15061e-09	-0.0206423
2.15068e-09	-0.020593
2.15074e-09	-0.0205437
2.15081e-09	-0.0204944
2.15087e-09	-0.0204452
2.15093e-09	-0.020396
2.151e-09	-0.0203468
2.15106e-09	-0.0202977
2.15113e-09	-0.0202486
2.15119e-09	-0.0201995
2.15125e-09	-0.0201504
2.15132e-09	-0.0201014
2.15138e-09	-0.0200525
2.15145e-09	-0.0200035
2.15151e-09	-0.0199546
2.15157e-09	-0.0199057
2.15164e-09	-0.0198569
2.1517e-09	-0.0198081
2.15177e-09	-0.0197593
2.15183e-09	-0.0197106
2.15189e-09	-0.0196618
2.15196e-09	-0.0196132
2.15202e-09	-0.0195645
2.15209e-09	-0.0195159
2.15215e-09	-0.0194673
2.15221e-09	-0.0194187
2.15228e-09	-0.0193702
2.15234e-09	-0.0193217
2.15241e-09	-0.0192733
2.15247e-09	-0.0192248
2.15253e-09	-0.0191764
2.1526e-09	-0.0191281
2.15266e-09	-0.0190798
2.15273e-09	-0.0190315
2.15279e-09	-0.0189832
2.15285e-09	-0.018935
2.15292e-09	-0.0188868
2.15298e-09	-0.0188386
2.15305e-09	-0.0187905
2.15311e-09	-0.0187424
2.15317e-09	-0.0186943
2.15324e-09	-0.0186462
2.1533e-09	-0.0185982
2.15337e-09	-0.0185503
2.15343e-09	-0.0185023
2.15349e-09	-0.0184544
2.15356e-09	-0.0184065
2.15362e-09	-0.0183587
2.15369e-09	-0.0183109
2.15375e-09	-0.0182631
2.15381e-09	-0.0182153
2.15388e-09	-0.0181676
2.15394e-09	-0.0181199
2.15401e-09	-0.0180723
2.15407e-09	-0.0180246
2.15413e-09	-0.0179771
2.1542e-09	-0.0179295
2.15426e-09	-0.017882
2.15433e-09	-0.0178345
2.15439e-09	-0.017787
2.15445e-09	-0.0177396
2.15452e-09	-0.0176922
2.15458e-09	-0.0176448
2.15465e-09	-0.0175975
2.15471e-09	-0.0175502
2.15477e-09	-0.0175029
2.15484e-09	-0.0174557
2.1549e-09	-0.0174085
2.15497e-09	-0.0173613
2.15503e-09	-0.0173142
2.15509e-09	-0.017267
2.15516e-09	-0.01722
2.15522e-09	-0.0171729
2.15529e-09	-0.0171259
2.15535e-09	-0.0170789
2.15541e-09	-0.017032
2.15548e-09	-0.0169851
2.15554e-09	-0.0169382
2.15561e-09	-0.0168913
2.15567e-09	-0.0168445
2.15573e-09	-0.0167977
2.1558e-09	-0.0167509
2.15586e-09	-0.0167042
2.15593e-09	-0.0166575
2.15599e-09	-0.0166109
2.15605e-09	-0.0165642
2.15612e-09	-0.0165176
2.15618e-09	-0.0164711
2.15625e-09	-0.0164245
2.15631e-09	-0.016378
2.15637e-09	-0.0163316
2.15644e-09	-0.0162851
2.1565e-09	-0.0162387
2.15657e-09	-0.0161923
2.15663e-09	-0.016146
2.15669e-09	-0.0160997
2.15676e-09	-0.0160534
2.15682e-09	-0.0160071
2.15689e-09	-0.0159609
2.15695e-09	-0.0159147
2.15701e-09	-0.0158686
2.15708e-09	-0.0158225
2.15714e-09	-0.0157764
2.15721e-09	-0.0157303
2.15727e-09	-0.0156843
2.15734e-09	-0.0156383
2.1574e-09	-0.0155923
2.15746e-09	-0.0155464
2.15753e-09	-0.0155005
2.15759e-09	-0.0154546
2.15766e-09	-0.0154088
2.15772e-09	-0.015363
2.15778e-09	-0.0153172
2.15785e-09	-0.0152715
2.15791e-09	-0.0152258
2.15798e-09	-0.0151801
2.15804e-09	-0.0151344
2.1581e-09	-0.0150888
2.15817e-09	-0.0150432
2.15823e-09	-0.0149977
2.1583e-09	-0.0149522
2.15836e-09	-0.0149067
2.15842e-09	-0.0148612
2.15849e-09	-0.0148158
2.15855e-09	-0.0147704
2.15862e-09	-0.0147251
2.15868e-09	-0.0146797
2.15874e-09	-0.0146344
2.15881e-09	-0.0145892
2.15887e-09	-0.0145439
2.15894e-09	-0.0144987
2.159e-09	-0.0144536
2.15906e-09	-0.0144084
2.15913e-09	-0.0143633
2.15919e-09	-0.0143182
2.15926e-09	-0.0142732
2.15932e-09	-0.0142282
2.15938e-09	-0.0141832
2.15945e-09	-0.0141382
2.15951e-09	-0.0140933
2.15958e-09	-0.0140484
2.15964e-09	-0.0140036
2.1597e-09	-0.0139587
2.15977e-09	-0.013914
2.15983e-09	-0.0138692
2.1599e-09	-0.0138245
2.15996e-09	-0.0137798
2.16002e-09	-0.0137351
2.16009e-09	-0.0136905
2.16015e-09	-0.0136459
2.16022e-09	-0.0136013
2.16028e-09	-0.0135567
2.16034e-09	-0.0135122
2.16041e-09	-0.0134678
2.16047e-09	-0.0134233
2.16054e-09	-0.0133789
2.1606e-09	-0.0133345
2.16066e-09	-0.0132902
2.16073e-09	-0.0132458
2.16079e-09	-0.0132016
2.16086e-09	-0.0131573
2.16092e-09	-0.0131131
2.16098e-09	-0.0130689
2.16105e-09	-0.0130247
2.16111e-09	-0.0129806
2.16118e-09	-0.0129365
2.16124e-09	-0.0128924
2.1613e-09	-0.0128484
2.16137e-09	-0.0128044
2.16143e-09	-0.0127604
2.1615e-09	-0.0127164
2.16156e-09	-0.0126725
2.16162e-09	-0.0126286
2.16169e-09	-0.0125848
2.16175e-09	-0.012541
2.16182e-09	-0.0124972
2.16188e-09	-0.0124534
2.16194e-09	-0.0124097
2.16201e-09	-0.012366
2.16207e-09	-0.0123223
2.16214e-09	-0.0122787
2.1622e-09	-0.0122351
2.16226e-09	-0.0121915
2.16233e-09	-0.012148
2.16239e-09	-0.0121045
2.16246e-09	-0.012061
2.16252e-09	-0.0120176
2.16258e-09	-0.0119742
2.16265e-09	-0.0119308
2.16271e-09	-0.0118874
2.16278e-09	-0.0118441
2.16284e-09	-0.0118008
2.1629e-09	-0.0117576
2.16297e-09	-0.0117143
2.16303e-09	-0.0116712
2.1631e-09	-0.011628
2.16316e-09	-0.0115849
2.16322e-09	-0.0115418
2.16329e-09	-0.0114987
2.16335e-09	-0.0114556
2.16342e-09	-0.0114126
2.16348e-09	-0.0113697
2.16354e-09	-0.0113267
2.16361e-09	-0.0112838
2.16367e-09	-0.0112409
2.16374e-09	-0.0111981
2.1638e-09	-0.0111552
2.16386e-09	-0.0111125
2.16393e-09	-0.0110697
2.16399e-09	-0.011027
2.16406e-09	-0.0109843
2.16412e-09	-0.0109416
2.16418e-09	-0.010899
2.16425e-09	-0.0108564
2.16431e-09	-0.0108138
2.16438e-09	-0.0107713
2.16444e-09	-0.0107287
2.1645e-09	-0.0106863
2.16457e-09	-0.0106438
2.16463e-09	-0.0106014
2.1647e-09	-0.010559
2.16476e-09	-0.0105167
2.16482e-09	-0.0104743
2.16489e-09	-0.010432
2.16495e-09	-0.0103898
2.16502e-09	-0.0103475
2.16508e-09	-0.0103053
2.16514e-09	-0.0102632
2.16521e-09	-0.010221
2.16527e-09	-0.0101789
2.16534e-09	-0.0101368
2.1654e-09	-0.0100948
2.16546e-09	-0.0100528
2.16553e-09	-0.0100108
2.16559e-09	-0.00996884
2.16566e-09	-0.00992692
2.16572e-09	-0.00988503
2.16578e-09	-0.00984317
2.16585e-09	-0.00980134
2.16591e-09	-0.00975954
2.16598e-09	-0.00971777
2.16604e-09	-0.00967603
2.1661e-09	-0.00963432
2.16617e-09	-0.00959265
2.16623e-09	-0.009551
2.1663e-09	-0.00950939
2.16636e-09	-0.0094678
2.16642e-09	-0.00942625
2.16649e-09	-0.00938473
2.16655e-09	-0.00934324
2.16662e-09	-0.00930178
2.16668e-09	-0.00926035
2.16674e-09	-0.00921895
2.16681e-09	-0.00917758
2.16687e-09	-0.00913624
2.16694e-09	-0.00909493
2.167e-09	-0.00905366
2.16706e-09	-0.00901241
2.16713e-09	-0.0089712
2.16719e-09	-0.00893001
2.16726e-09	-0.00888886
2.16732e-09	-0.00884774
2.16738e-09	-0.00880665
2.16745e-09	-0.00876558
2.16751e-09	-0.00872455
2.16758e-09	-0.00868355
2.16764e-09	-0.00864258
2.1677e-09	-0.00860165
2.16777e-09	-0.00856074
2.16783e-09	-0.00851986
2.1679e-09	-0.00847901
2.16796e-09	-0.0084382
2.16802e-09	-0.00839741
2.16809e-09	-0.00835665
2.16815e-09	-0.00831593
2.16822e-09	-0.00827524
2.16828e-09	-0.00823457
2.16834e-09	-0.00819394
2.16841e-09	-0.00815334
2.16847e-09	-0.00811276
2.16854e-09	-0.00807222
2.1686e-09	-0.00803171
2.16866e-09	-0.00799123
2.16873e-09	-0.00795078
2.16879e-09	-0.00791036
2.16886e-09	-0.00786998
2.16892e-09	-0.00782962
2.16898e-09	-0.00778929
2.16905e-09	-0.00774899
2.16911e-09	-0.00770873
2.16918e-09	-0.00766849
2.16924e-09	-0.00762828
2.1693e-09	-0.00758811
2.16937e-09	-0.00754796
2.16943e-09	-0.00750785
2.1695e-09	-0.00746776
2.16956e-09	-0.00742771
2.16962e-09	-0.00738769
2.16969e-09	-0.00734769
2.16975e-09	-0.00730773
2.16982e-09	-0.0072678
2.16988e-09	-0.0072279
2.16994e-09	-0.00718803
2.17001e-09	-0.00714818
2.17007e-09	-0.00710837
2.17014e-09	-0.00706859
2.1702e-09	-0.00702884
2.17026e-09	-0.00698912
2.17033e-09	-0.00694943
2.17039e-09	-0.00690978
2.17046e-09	-0.00687015
2.17052e-09	-0.00683055
2.17058e-09	-0.00679098
2.17065e-09	-0.00675144
2.17071e-09	-0.00671193
2.17078e-09	-0.00667246
2.17084e-09	-0.00663301
2.1709e-09	-0.00659359
2.17097e-09	-0.00655421
2.17103e-09	-0.00651485
2.1711e-09	-0.00647552
2.17116e-09	-0.00643623
2.17122e-09	-0.00639696
2.17129e-09	-0.00635773
2.17135e-09	-0.00631852
2.17142e-09	-0.00627935
2.17148e-09	-0.0062402
2.17154e-09	-0.00620109
2.17161e-09	-0.006162
2.17167e-09	-0.00612295
2.17174e-09	-0.00608392
2.1718e-09	-0.00604493
2.17186e-09	-0.00600597
2.17193e-09	-0.00596703
2.17199e-09	-0.00592813
2.17206e-09	-0.00588925
2.17212e-09	-0.00585041
2.17218e-09	-0.0058116
2.17225e-09	-0.00577281
2.17231e-09	-0.00573406
2.17238e-09	-0.00569534
2.17244e-09	-0.00565664
2.1725e-09	-0.00561798
2.17257e-09	-0.00557935
2.17263e-09	-0.00554074
2.1727e-09	-0.00550217
2.17276e-09	-0.00546363
2.17282e-09	-0.00542512
2.17289e-09	-0.00538663
2.17295e-09	-0.00534818
2.17302e-09	-0.00530976
2.17308e-09	-0.00527136
2.17314e-09	-0.005233
2.17321e-09	-0.00519467
2.17327e-09	-0.00515636
2.17334e-09	-0.00511809
2.1734e-09	-0.00507985
2.17346e-09	-0.00504163
2.17353e-09	-0.00500345
2.17359e-09	-0.0049653
2.17366e-09	-0.00492717
2.17372e-09	-0.00488908
2.17378e-09	-0.00485102
2.17385e-09	-0.00481298
2.17391e-09	-0.00477498
2.17398e-09	-0.004737
2.17404e-09	-0.00469906
2.1741e-09	-0.00466114
2.17417e-09	-0.00462326
2.17423e-09	-0.00458541
2.1743e-09	-0.00454758
2.17436e-09	-0.00450979
2.17442e-09	-0.00447202
2.17449e-09	-0.00443428
2.17455e-09	-0.00439658
2.17462e-09	-0.0043589
2.17468e-09	-0.00432126
2.17475e-09	-0.00428364
2.17481e-09	-0.00424605
2.17487e-09	-0.0042085
2.17494e-09	-0.00417097
2.175e-09	-0.00413347
2.17507e-09	-0.004096
2.17513e-09	-0.00405857
2.17519e-09	-0.00402116
2.17526e-09	-0.00398378
2.17532e-09	-0.00394643
2.17539e-09	-0.00390911
2.17545e-09	-0.00387182
2.17551e-09	-0.00383456
2.17558e-09	-0.00379733
2.17564e-09	-0.00376013
2.17571e-09	-0.00372296
2.17577e-09	-0.00368582
2.17583e-09	-0.00364871
2.1759e-09	-0.00361162
2.17596e-09	-0.00357457
2.17603e-09	-0.00353755
2.17609e-09	-0.00350055
2.17615e-09	-0.00346359
2.17622e-09	-0.00342666
2.17628e-09	-0.00338975
2.17635e-09	-0.00335288
2.17641e-09	-0.00331603
2.17647e-09	-0.00327922
2.17654e-09	-0.00324243
2.1766e-09	-0.00320567
2.17667e-09	-0.00316895
2.17673e-09	-0.00313225
2.17679e-09	-0.00309558
2.17686e-09	-0.00305894
2.17692e-09	-0.00302233
2.17699e-09	-0.00298575
2.17705e-09	-0.0029492
2.17711e-09	-0.00291268
2.17718e-09	-0.00287619
2.17724e-09	-0.00283973
2.17731e-09	-0.00280329
2.17737e-09	-0.00276689
2.17743e-09	-0.00273052
2.1775e-09	-0.00269417
2.17756e-09	-0.00265786
2.17763e-09	-0.00262157
2.17769e-09	-0.00258531
2.17775e-09	-0.00254909
2.17782e-09	-0.00251289
2.17788e-09	-0.00247672
2.17795e-09	-0.00244058
2.17801e-09	-0.00240447
2.17807e-09	-0.00236839
2.17814e-09	-0.00233234
2.1782e-09	-0.00229632
2.17827e-09	-0.00226033
2.17833e-09	-0.00222437
2.17839e-09	-0.00218843
2.17846e-09	-0.00215253
2.17852e-09	-0.00211665
2.17859e-09	-0.00208081
2.17865e-09	-0.00204499
2.17871e-09	-0.0020092
2.17878e-09	-0.00197344
2.17884e-09	-0.00193772
2.17891e-09	-0.00190202
2.17897e-09	-0.00186635
2.17903e-09	-0.0018307
2.1791e-09	-0.00179509
2.17916e-09	-0.00175951
2.17923e-09	-0.00172396
2.17929e-09	-0.00168843
2.17935e-09	-0.00165294
2.17942e-09	-0.00161747
2.17948e-09	-0.00158203
2.17955e-09	-0.00154662
2.17961e-09	-0.00151125
2.17967e-09	-0.0014759
2.17974e-09	-0.00144057
2.1798e-09	-0.00140528
2.17987e-09	-0.00137002
2.17993e-09	-0.00133479
2.17999e-09	-0.00129958
2.18006e-09	-0.00126441
2.18012e-09	-0.00122926
2.18019e-09	-0.00119414
2.18025e-09	-0.00115906
2.18031e-09	-0.001124
2.18038e-09	-0.00108897
2.18044e-09	-0.00105397
2.18051e-09	-0.00101899
2.18057e-09	-0.000984051
2.18063e-09	-0.000949136
2.1807e-09	-0.000914251
2.18076e-09	-0.000879395
2.18083e-09	-0.000844568
2.18089e-09	-0.000809769
2.18095e-09	-0.000775
2.18102e-09	-0.00074026
2.18108e-09	-0.000705548
2.18115e-09	-0.000670865
2.18121e-09	-0.000636212
2.18127e-09	-0.000601587
2.18134e-09	-0.000566991
2.1814e-09	-0.000532424
2.18147e-09	-0.000497886
2.18153e-09	-0.000463376
2.18159e-09	-0.000428896
2.18166e-09	-0.000394444
2.18172e-09	-0.000360021
2.18179e-09	-0.000325627
2.18185e-09	-0.000291262
2.18191e-09	-0.000256926
2.18198e-09	-0.000222618
2.18204e-09	-0.000188339
2.18211e-09	-0.000154089
2.18217e-09	-0.000119868
2.18223e-09	-8.56757e-05
2.1823e-09	-5.15119e-05
2.18236e-09	-1.73769e-05
2.18243e-09	1.67294e-05
2.18249e-09	5.08069e-05
2.18255e-09	8.48558e-05
2.18262e-09	0.000118876
2.18268e-09	0.000152867
2.18275e-09	0.00018683
2.18281e-09	0.000220764
2.18287e-09	0.00025467
2.18294e-09	0.000288546
2.183e-09	0.000322394
2.18307e-09	0.000356214
2.18313e-09	0.000390005
2.18319e-09	0.000423767
2.18326e-09	0.0004575
2.18332e-09	0.000491205
2.18339e-09	0.000524882
2.18345e-09	0.00055853
2.18351e-09	0.000592149
2.18358e-09	0.000625739
2.18364e-09	0.000659301
2.18371e-09	0.000692835
2.18377e-09	0.00072634
2.18383e-09	0.000759816
2.1839e-09	0.000793264
2.18396e-09	0.000826684
2.18403e-09	0.000860075
2.18409e-09	0.000893437
2.18415e-09	0.000926771
2.18422e-09	0.000960076
2.18428e-09	0.000993353
2.18435e-09	0.0010266
2.18441e-09	0.00105982
2.18447e-09	0.00109301
2.18454e-09	0.00112618
2.1846e-09	0.00115931
2.18467e-09	0.00119242
2.18473e-09	0.0012255
2.18479e-09	0.00125855
2.18486e-09	0.00129157
2.18492e-09	0.00132456
2.18499e-09	0.00135752
2.18505e-09	0.00139046
2.18511e-09	0.00142337
2.18518e-09	0.00145625
2.18524e-09	0.0014891
2.18531e-09	0.00152192
2.18537e-09	0.00155471
2.18543e-09	0.00158748
2.1855e-09	0.00162022
2.18556e-09	0.00165293
2.18563e-09	0.00168561
2.18569e-09	0.00171826
2.18575e-09	0.00175089
2.18582e-09	0.00178348
2.18588e-09	0.00181605
2.18595e-09	0.00184859
2.18601e-09	0.0018811
2.18607e-09	0.00191359
2.18614e-09	0.00194604
2.1862e-09	0.00197847
2.18627e-09	0.00201087
2.18633e-09	0.00204324
2.18639e-09	0.00207558
2.18646e-09	0.0021079
2.18652e-09	0.00214018
2.18659e-09	0.00217244
2.18665e-09	0.00220467
2.18671e-09	0.00223687
2.18678e-09	0.00226905
2.18684e-09	0.00230119
2.18691e-09	0.00233331
2.18697e-09	0.0023654
2.18703e-09	0.00239746
2.1871e-09	0.00242949
2.18716e-09	0.0024615
2.18723e-09	0.00249348
2.18729e-09	0.00252542
2.18735e-09	0.00255735
2.18742e-09	0.00258924
2.18748e-09	0.0026211
2.18755e-09	0.00265294
2.18761e-09	0.00268475
2.18767e-09	0.00271653
2.18774e-09	0.00274828
2.1878e-09	0.00278001
2.18787e-09	0.00281171
2.18793e-09	0.00284338
2.18799e-09	0.00287502
2.18806e-09	0.00290663
2.18812e-09	0.00293822
2.18819e-09	0.00296978
2.18825e-09	0.0030013
2.18831e-09	0.00303281
2.18838e-09	0.00306428
2.18844e-09	0.00309573
2.18851e-09	0.00312715
2.18857e-09	0.00315854
2.18863e-09	0.0031899
2.1887e-09	0.00322123
2.18876e-09	0.00325254
2.18883e-09	0.00328382
2.18889e-09	0.00331507
2.18895e-09	0.00334629
2.18902e-09	0.00337749
2.18908e-09	0.00340866
2.18915e-09	0.0034398
2.18921e-09	0.00347091
2.18927e-09	0.003502
2.18934e-09	0.00353305
2.1894e-09	0.00356408
2.18947e-09	0.00359508
2.18953e-09	0.00362606
2.18959e-09	0.003657
2.18966e-09	0.00368792
2.18972e-09	0.00371881
2.18979e-09	0.00374968
2.18985e-09	0.00378051
2.18991e-09	0.00381132
2.18998e-09	0.0038421
2.19004e-09	0.00387285
2.19011e-09	0.00390358
2.19017e-09	0.00393427
2.19023e-09	0.00396494
2.1903e-09	0.00399558
2.19036e-09	0.0040262
2.19043e-09	0.00405679
2.19049e-09	0.00408735
2.19055e-09	0.00411788
2.19062e-09	0.00414838
2.19068e-09	0.00417886
2.19075e-09	0.00420931
2.19081e-09	0.00423973
2.19087e-09	0.00427012
2.19094e-09	0.00430049
2.191e-09	0.00433083
2.19107e-09	0.00436114
2.19113e-09	0.00439143
2.19119e-09	0.00442168
2.19126e-09	0.00445191
2.19132e-09	0.00448211
2.19139e-09	0.00451229
2.19145e-09	0.00454244
2.19151e-09	0.00457255
2.19158e-09	0.00460265
2.19164e-09	0.00463271
2.19171e-09	0.00466275
2.19177e-09	0.00469276
2.19183e-09	0.00472274
2.1919e-09	0.0047527
2.19196e-09	0.00478263
2.19203e-09	0.00481253
2.19209e-09	0.0048424
2.19216e-09	0.00487225
2.19222e-09	0.00490206
2.19228e-09	0.00493186
2.19235e-09	0.00496162
2.19241e-09	0.00499136
2.19248e-09	0.00502107
2.19254e-09	0.00505075
2.1926e-09	0.0050804
2.19267e-09	0.00511003
2.19273e-09	0.00513963
2.1928e-09	0.00516921
2.19286e-09	0.00519875
2.19292e-09	0.00522827
2.19299e-09	0.00525776
2.19305e-09	0.00528723
2.19312e-09	0.00531666
2.19318e-09	0.00534608
2.19324e-09	0.00537546
2.19331e-09	0.00540481
2.19337e-09	0.00543414
2.19344e-09	0.00546345
2.1935e-09	0.00549272
2.19356e-09	0.00552197
2.19363e-09	0.00555119
2.19369e-09	0.00558038
2.19376e-09	0.00560955
2.19382e-09	0.00563869
2.19388e-09	0.0056678
2.19395e-09	0.00569688
2.19401e-09	0.00572594
2.19408e-09	0.00575497
2.19414e-09	0.00578398
2.1942e-09	0.00581295
2.19427e-09	0.0058419
2.19433e-09	0.00587083
2.1944e-09	0.00589972
2.19446e-09	0.00592859
2.19452e-09	0.00595744
2.19459e-09	0.00598625
2.19465e-09	0.00601504
2.19472e-09	0.0060438
2.19478e-09	0.00607254
2.19484e-09	0.00610124
2.19491e-09	0.00612992
2.19497e-09	0.00615858
2.19504e-09	0.0061872
2.1951e-09	0.0062158
2.19516e-09	0.00624438
2.19523e-09	0.00627292
2.19529e-09	0.00630144
2.19536e-09	0.00632994
2.19542e-09	0.0063584
2.19548e-09	0.00638684
2.19555e-09	0.00641525
2.19561e-09	0.00644364
2.19568e-09	0.006472
2.19574e-09	0.00650033
2.1958e-09	0.00652864
2.19587e-09	0.00655691
2.19593e-09	0.00658517
2.196e-09	0.00661339
2.19606e-09	0.00664159
2.19612e-09	0.00666976
2.19619e-09	0.00669791
2.19625e-09	0.00672602
2.19632e-09	0.00675412
2.19638e-09	0.00678218
2.19644e-09	0.00681022
2.19651e-09	0.00683823
2.19657e-09	0.00686621
2.19664e-09	0.00689417
2.1967e-09	0.0069221
2.19676e-09	0.00695001
2.19683e-09	0.00697789
2.19689e-09	0.00700574
2.19696e-09	0.00703357
2.19702e-09	0.00706136
2.19708e-09	0.00708914
2.19715e-09	0.00711688
2.19721e-09	0.0071446
2.19728e-09	0.00717229
2.19734e-09	0.00719996
2.1974e-09	0.0072276
2.19747e-09	0.00725521
2.19753e-09	0.0072828
2.1976e-09	0.00731036
2.19766e-09	0.00733789
2.19772e-09	0.0073654
2.19779e-09	0.00739288
2.19785e-09	0.00742033
2.19792e-09	0.00744776
2.19798e-09	0.00747516
2.19804e-09	0.00750254
2.19811e-09	0.00752989
2.19817e-09	0.00755721
2.19824e-09	0.00758451
2.1983e-09	0.00761178
2.19836e-09	0.00763902
2.19843e-09	0.00766624
2.19849e-09	0.00769343
2.19856e-09	0.00772059
2.19862e-09	0.00774773
2.19868e-09	0.00777484
2.19875e-09	0.00780192
2.19881e-09	0.00782898
2.19888e-09	0.00785602
2.19894e-09	0.00788302
2.199e-09	0.00791
2.19907e-09	0.00793696
2.19913e-09	0.00796388
2.1992e-09	0.00799078
2.19926e-09	0.00801766
2.19932e-09	0.00804451
2.19939e-09	0.00807133
2.19945e-09	0.00809813
2.19952e-09	0.0081249
2.19958e-09	0.00815164
2.19964e-09	0.00817836
2.19971e-09	0.00820505
2.19977e-09	0.00823172
2.19984e-09	0.00825836
2.1999e-09	0.00828497
2.19996e-09	0.00831156
2.20003e-09	0.00833812
2.20009e-09	0.00836466
2.20016e-09	0.00839117
2.20022e-09	0.00841765
2.20028e-09	0.00844411
2.20035e-09	0.00847054
2.20041e-09	0.00849694
2.20048e-09	0.00852332
2.20054e-09	0.00854967
2.2006e-09	0.008576
2.20067e-09	0.0086023
2.20073e-09	0.00862858
2.2008e-09	0.00865483
2.20086e-09	0.00868105
2.20092e-09	0.00870725
2.20099e-09	0.00873342
2.20105e-09	0.00875956
2.20112e-09	0.00878568
2.20118e-09	0.00881178
2.20124e-09	0.00883784
2.20131e-09	0.00886388
2.20137e-09	0.0088899
2.20144e-09	0.00891589
2.2015e-09	0.00894185
2.20156e-09	0.00896779
2.20163e-09	0.0089937
2.20169e-09	0.00901959
2.20176e-09	0.00904545
2.20182e-09	0.00907129
2.20188e-09	0.0090971
2.20195e-09	0.00912288
2.20201e-09	0.00914864
2.20208e-09	0.00917437
2.20214e-09	0.00920007
2.2022e-09	0.00922575
2.20227e-09	0.00925141
2.20233e-09	0.00927704
2.2024e-09	0.00930264
2.20246e-09	0.00932822
2.20252e-09	0.00935377
2.20259e-09	0.00937929
2.20265e-09	0.0094048
2.20272e-09	0.00943027
2.20278e-09	0.00945572
2.20284e-09	0.00948114
2.20291e-09	0.00950654
2.20297e-09	0.00953191
2.20304e-09	0.00955726
2.2031e-09	0.00958258
2.20316e-09	0.00960787
2.20323e-09	0.00963314
2.20329e-09	0.00965839
2.20336e-09	0.00968361
2.20342e-09	0.0097088
2.20348e-09	0.00973397
2.20355e-09	0.00975911
2.20361e-09	0.00978422
2.20368e-09	0.00980932
2.20374e-09	0.00983438
2.2038e-09	0.00985942
2.20387e-09	0.00988443
2.20393e-09	0.00990942
2.204e-09	0.00993439
2.20406e-09	0.00995933
2.20412e-09	0.00998424
2.20419e-09	0.0100091
2.20425e-09	0.010034
2.20432e-09	0.0100588
2.20438e-09	0.0100836
2.20444e-09	0.0101084
2.20451e-09	0.0101332
2.20457e-09	0.0101579
2.20464e-09	0.0101826
2.2047e-09	0.0102073
2.20476e-09	0.010232
2.20483e-09	0.0102566
2.20489e-09	0.0102812
2.20496e-09	0.0103058
2.20502e-09	0.0103303
2.20508e-09	0.0103549
2.20515e-09	0.0103794
2.20521e-09	0.0104039
2.20528e-09	0.0104283
2.20534e-09	0.0104528
2.2054e-09	0.0104772
2.20547e-09	0.0105015
2.20553e-09	0.0105259
2.2056e-09	0.0105502
2.20566e-09	0.0105745
2.20572e-09	0.0105988
2.20579e-09	0.0106231
2.20585e-09	0.0106473
2.20592e-09	0.0106715
2.20598e-09	0.0106957
2.20604e-09	0.0107198
2.20611e-09	0.010744
2.20617e-09	0.0107681
2.20624e-09	0.0107921
2.2063e-09	0.0108162
2.20636e-09	0.0108402
2.20643e-09	0.0108642
2.20649e-09	0.0108882
2.20656e-09	0.0109122
2.20662e-09	0.0109361
2.20668e-09	0.01096
2.20675e-09	0.0109839
2.20681e-09	0.0110077
2.20688e-09	0.0110316
2.20694e-09	0.0110554
2.207e-09	0.0110791
2.20707e-09	0.0111029
2.20713e-09	0.0111266
2.2072e-09	0.0111503
2.20726e-09	0.011174
2.20732e-09	0.0111977
2.20739e-09	0.0112213
2.20745e-09	0.0112449
2.20752e-09	0.0112685
2.20758e-09	0.011292
2.20764e-09	0.0113156
2.20771e-09	0.0113391
2.20777e-09	0.0113625
2.20784e-09	0.011386
2.2079e-09	0.0114094
2.20796e-09	0.0114328
2.20803e-09	0.0114562
2.20809e-09	0.0114796
2.20816e-09	0.0115029
2.20822e-09	0.0115262
2.20828e-09	0.0115495
2.20835e-09	0.0115727
2.20841e-09	0.011596
2.20848e-09	0.0116192
2.20854e-09	0.0116424
2.2086e-09	0.0116655
2.20867e-09	0.0116886
2.20873e-09	0.0117118
2.2088e-09	0.0117348
2.20886e-09	0.0117579
2.20892e-09	0.0117809
2.20899e-09	0.0118039
2.20905e-09	0.0118269
2.20912e-09	0.0118499
2.20918e-09	0.0118728
2.20924e-09	0.0118957
2.20931e-09	0.0119186
2.20937e-09	0.0119415
2.20944e-09	0.0119643
2.2095e-09	0.0119871
2.20956e-09	0.0120099
2.20963e-09	0.0120327
2.20969e-09	0.0120554
2.20976e-09	0.0120781
2.20982e-09	0.0121008
2.20989e-09	0.0121235
2.20995e-09	0.0121461
2.21001e-09	0.0121688
2.21008e-09	0.0121913
2.21014e-09	0.0122139
2.21021e-09	0.0122365
2.21027e-09	0.012259
2.21033e-09	0.0122815
2.2104e-09	0.0123039
2.21046e-09	0.0123264
2.21053e-09	0.0123488
2.21059e-09	0.0123712
2.21065e-09	0.0123936
2.21072e-09	0.0124159
2.21078e-09	0.0124382
2.21085e-09	0.0124605
2.21091e-09	0.0124828
2.21097e-09	0.0125051
2.21104e-09	0.0125273
2.2111e-09	0.0125495
2.21117e-09	0.0125717
2.21123e-09	0.0125938
2.21129e-09	0.012616
2.21136e-09	0.0126381
2.21142e-09	0.0126601
2.21149e-09	0.0126822
2.21155e-09	0.0127042
2.21161e-09	0.0127262
2.21168e-09	0.0127482
2.21174e-09	0.0127702
2.21181e-09	0.0127921
2.21187e-09	0.012814
2.21193e-09	0.0128359
2.212e-09	0.0128578
2.21206e-09	0.0128796
2.21213e-09	0.0129014
2.21219e-09	0.0129232
2.21225e-09	0.012945
2.21232e-09	0.0129667
2.21238e-09	0.0129885
2.21245e-09	0.0130101
2.21251e-09	0.0130318
2.21257e-09	0.0130535
2.21264e-09	0.0130751
2.2127e-09	0.0130967
2.21277e-09	0.0131183
2.21283e-09	0.0131398
2.21289e-09	0.0131613
2.21296e-09	0.0131828
2.21302e-09	0.0132043
2.21309e-09	0.0132258
2.21315e-09	0.0132472
2.21321e-09	0.0132686
2.21328e-09	0.01329
2.21334e-09	0.0133113
2.21341e-09	0.0133327
2.21347e-09	0.013354
2.21353e-09	0.0133753
2.2136e-09	0.0133965
2.21366e-09	0.0134178
2.21373e-09	0.013439
2.21379e-09	0.0134602
2.21385e-09	0.0134814
2.21392e-09	0.0135025
2.21398e-09	0.0135236
2.21405e-09	0.0135447
2.21411e-09	0.0135658
2.21417e-09	0.0135868
2.21424e-09	0.0136079
2.2143e-09	0.0136289
2.21437e-09	0.0136498
2.21443e-09	0.0136708
2.21449e-09	0.0136917
2.21456e-09	0.0137126
2.21462e-09	0.0137335
2.21469e-09	0.0137544
2.21475e-09	0.0137752
2.21481e-09	0.013796
2.21488e-09	0.0138168
2.21494e-09	0.0138376
2.21501e-09	0.0138583
2.21507e-09	0.013879
2.21513e-09	0.0138997
2.2152e-09	0.0139204
2.21526e-09	0.013941
2.21533e-09	0.0139617
2.21539e-09	0.0139823
2.21545e-09	0.0140028
2.21552e-09	0.0140234
2.21558e-09	0.0140439
2.21565e-09	0.0140644
2.21571e-09	0.0140849
2.21577e-09	0.0141053
2.21584e-09	0.0141258
2.2159e-09	0.0141462
2.21597e-09	0.0141666
2.21603e-09	0.0141869
2.21609e-09	0.0142073
2.21616e-09	0.0142276
2.21622e-09	0.0142479
2.21629e-09	0.0142682
2.21635e-09	0.0142884
2.21641e-09	0.0143086
2.21648e-09	0.0143288
2.21654e-09	0.014349
2.21661e-09	0.0143692
2.21667e-09	0.0143893
2.21673e-09	0.0144094
2.2168e-09	0.0144295
2.21686e-09	0.0144495
2.21693e-09	0.0144696
2.21699e-09	0.0144896
2.21705e-09	0.0145096
2.21712e-09	0.0145295
2.21718e-09	0.0145495
2.21725e-09	0.0145694
2.21731e-09	0.0145893
2.21737e-09	0.0146092
2.21744e-09	0.014629
2.2175e-09	0.0146488
2.21757e-09	0.0146686
2.21763e-09	0.0146884
2.21769e-09	0.0147082
2.21776e-09	0.0147279
2.21782e-09	0.0147476
2.21789e-09	0.0147673
2.21795e-09	0.014787
2.21801e-09	0.0148066
2.21808e-09	0.0148262
2.21814e-09	0.0148458
2.21821e-09	0.0148654
2.21827e-09	0.014885
2.21833e-09	0.0149045
2.2184e-09	0.014924
2.21846e-09	0.0149435
2.21853e-09	0.0149629
2.21859e-09	0.0149824
2.21865e-09	0.0150018
2.21872e-09	0.0150211
2.21878e-09	0.0150405
2.21885e-09	0.0150599
2.21891e-09	0.0150792
2.21897e-09	0.0150985
2.21904e-09	0.0151177
2.2191e-09	0.015137
2.21917e-09	0.0151562
2.21923e-09	0.0151754
2.21929e-09	0.0151946
2.21936e-09	0.0152138
2.21942e-09	0.0152329
2.21949e-09	0.015252
2.21955e-09	0.0152711
2.21961e-09	0.0152902
2.21968e-09	0.0153092
2.21974e-09	0.0153282
2.21981e-09	0.0153472
2.21987e-09	0.0153662
2.21993e-09	0.0153851
2.22e-09	0.0154041
2.22006e-09	0.015423
2.22013e-09	0.0154419
2.22019e-09	0.0154607
2.22025e-09	0.0154796
2.22032e-09	0.0154984
2.22038e-09	0.0155172
2.22045e-09	0.0155359
2.22051e-09	0.0155547
2.22057e-09	0.0155734
2.22064e-09	0.0155921
2.2207e-09	0.0156108
2.22077e-09	0.0156294
2.22083e-09	0.0156481
2.22089e-09	0.0156667
2.22096e-09	0.0156853
2.22102e-09	0.0157038
2.22109e-09	0.0157224
2.22115e-09	0.0157409
2.22121e-09	0.0157594
2.22128e-09	0.0157779
2.22134e-09	0.0157963
2.22141e-09	0.0158148
2.22147e-09	0.0158332
2.22153e-09	0.0158516
2.2216e-09	0.0158699
2.22166e-09	0.0158883
2.22173e-09	0.0159066
2.22179e-09	0.0159249
2.22185e-09	0.0159431
2.22192e-09	0.0159614
2.22198e-09	0.0159796
2.22205e-09	0.0159978
2.22211e-09	0.016016
2.22217e-09	0.0160342
2.22224e-09	0.0160523
2.2223e-09	0.0160704
2.22237e-09	0.0160885
2.22243e-09	0.0161066
2.22249e-09	0.0161246
2.22256e-09	0.0161427
2.22262e-09	0.0161607
2.22269e-09	0.0161786
2.22275e-09	0.0161966
2.22281e-09	0.0162145
2.22288e-09	0.0162325
2.22294e-09	0.0162504
2.22301e-09	0.0162682
2.22307e-09	0.0162861
2.22313e-09	0.0163039
2.2232e-09	0.0163217
2.22326e-09	0.0163395
2.22333e-09	0.0163572
2.22339e-09	0.016375
2.22345e-09	0.0163927
2.22352e-09	0.0164104
2.22358e-09	0.016428
2.22365e-09	0.0164457
2.22371e-09	0.0164633
2.22377e-09	0.0164809
2.22384e-09	0.0164985
2.2239e-09	0.0165161
2.22397e-09	0.0165336
2.22403e-09	0.0165511
2.22409e-09	0.0165686
2.22416e-09	0.0165861
2.22422e-09	0.0166035
2.22429e-09	0.0166209
2.22435e-09	0.0166384
2.22441e-09	0.0166557
2.22448e-09	0.0166731
2.22454e-09	0.0166904
2.22461e-09	0.0167077
2.22467e-09	0.016725
2.22473e-09	0.0167423
2.2248e-09	0.0167596
2.22486e-09	0.0167768
2.22493e-09	0.016794
2.22499e-09	0.0168112
2.22505e-09	0.0168283
2.22512e-09	0.0168455
2.22518e-09	0.0168626
2.22525e-09	0.0168797
2.22531e-09	0.0168968
2.22537e-09	0.0169138
2.22544e-09	0.0169309
2.2255e-09	0.0169479
2.22557e-09	0.0169649
2.22563e-09	0.0169818
2.22569e-09	0.0169988
2.22576e-09	0.0170157
2.22582e-09	0.0170326
2.22589e-09	0.0170495
2.22595e-09	0.0170663
2.22601e-09	0.0170832
2.22608e-09	0.0171
2.22614e-09	0.0171168
2.22621e-09	0.0171335
2.22627e-09	0.0171503
2.22633e-09	0.017167
2.2264e-09	0.0171837
2.22646e-09	0.0172004
2.22653e-09	0.017217
2.22659e-09	0.0172337
2.22665e-09	0.0172503
2.22672e-09	0.0172669
2.22678e-09	0.0172835
2.22685e-09	0.0173
2.22691e-09	0.0173166
2.22697e-09	0.0173331
2.22704e-09	0.0173495
2.2271e-09	0.017366
2.22717e-09	0.0173825
2.22723e-09	0.0173989
2.2273e-09	0.0174153
2.22736e-09	0.0174317
2.22742e-09	0.017448
2.22749e-09	0.0174644
2.22755e-09	0.0174807
2.22762e-09	0.017497
2.22768e-09	0.0175132
2.22774e-09	0.0175295
2.22781e-09	0.0175457
2.22787e-09	0.0175619
2.22794e-09	0.0175781
2.228e-09	0.0175943
2.22806e-09	0.0176104
2.22813e-09	0.0176265
2.22819e-09	0.0176426
2.22826e-09	0.0176587
2.22832e-09	0.0176748
2.22838e-09	0.0176908
2.22845e-09	0.0177068
2.22851e-09	0.0177228
2.22858e-09	0.0177388
2.22864e-09	0.0177547
2.2287e-09	0.0177707
2.22877e-09	0.0177866
2.22883e-09	0.0178025
2.2289e-09	0.0178183
2.22896e-09	0.0178342
2.22902e-09	0.01785
2.22909e-09	0.0178658
2.22915e-09	0.0178816
2.22922e-09	0.0178973
2.22928e-09	0.0179131
2.22934e-09	0.0179288
2.22941e-09	0.0179445
2.22947e-09	0.0179602
2.22954e-09	0.0179758
2.2296e-09	0.0179915
2.22966e-09	0.0180071
2.22973e-09	0.0180227
2.22979e-09	0.0180382
2.22986e-09	0.0180538
2.22992e-09	0.0180693
2.22998e-09	0.0180848
2.23005e-09	0.0181003
2.23011e-09	0.0181158
2.23018e-09	0.0181312
2.23024e-09	0.0181466
2.2303e-09	0.018162
2.23037e-09	0.0181774
2.23043e-09	0.0181928
2.2305e-09	0.0182081
2.23056e-09	0.0182234
2.23062e-09	0.0182387
2.23069e-09	0.018254
2.23075e-09	0.0182692
2.23082e-09	0.0182845
2.23088e-09	0.0182997
2.23094e-09	0.0183149
2.23101e-09	0.01833
2.23107e-09	0.0183452
2.23114e-09	0.0183603
2.2312e-09	0.0183754
2.23126e-09	0.0183905
2.23133e-09	0.0184056
2.23139e-09	0.0184206
2.23146e-09	0.0184356
2.23152e-09	0.0184507
2.23158e-09	0.0184656
2.23165e-09	0.0184806
2.23171e-09	0.0184955
2.23178e-09	0.0185105
2.23184e-09	0.0185254
2.2319e-09	0.0185402
2.23197e-09	0.0185551
2.23203e-09	0.0185699
2.2321e-09	0.0185847
2.23216e-09	0.0185995
2.23222e-09	0.0186143
2.23229e-09	0.0186291
2.23235e-09	0.0186438
2.23242e-09	0.0186585
2.23248e-09	0.0186732
2.23254e-09	0.0186879
2.23261e-09	0.0187025
2.23267e-09	0.0187172
2.23274e-09	0.0187318
2.2328e-09	0.0187463
2.23286e-09	0.0187609
2.23293e-09	0.0187755
2.23299e-09	0.01879
2.23306e-09	0.0188045
2.23312e-09	0.018819
2.23318e-09	0.0188334
2.23325e-09	0.0188479
2.23331e-09	0.0188623
2.23338e-09	0.0188767
2.23344e-09	0.0188911
2.2335e-09	0.0189055
2.23357e-09	0.0189198
2.23363e-09	0.0189341
2.2337e-09	0.0189484
2.23376e-09	0.0189627
2.23382e-09	0.018977
2.23389e-09	0.0189912
2.23395e-09	0.0190054
2.23402e-09	0.0190196
2.23408e-09	0.0190338
2.23414e-09	0.019048
2.23421e-09	0.0190621
2.23427e-09	0.0190762
2.23434e-09	0.0190903
2.2344e-09	0.0191044
2.23446e-09	0.0191185
2.23453e-09	0.0191325
2.23459e-09	0.0191465
2.23466e-09	0.0191605
2.23472e-09	0.0191745
2.23478e-09	0.0191884
2.23485e-09	0.0192024
2.23491e-09	0.0192163
2.23498e-09	0.0192302
2.23504e-09	0.0192441
2.2351e-09	0.0192579
2.23517e-09	0.0192717
2.23523e-09	0.0192856
2.2353e-09	0.0192993
2.23536e-09	0.0193131
2.23542e-09	0.0193269
2.23549e-09	0.0193406
2.23555e-09	0.0193543
2.23562e-09	0.019368
2.23568e-09	0.0193817
2.23574e-09	0.0193953
2.23581e-09	0.019409
2.23587e-09	0.0194226
2.23594e-09	0.0194362
2.236e-09	0.0194497
2.23606e-09	0.0194633
2.23613e-09	0.0194768
2.23619e-09	0.0194903
2.23626e-09	0.0195038
2.23632e-09	0.0195173
2.23638e-09	0.0195308
2.23645e-09	0.0195442
2.23651e-09	0.0195576
2.23658e-09	0.019571
2.23664e-09	0.0195844
2.2367e-09	0.0195977
2.23677e-09	0.0196111
2.23683e-09	0.0196244
2.2369e-09	0.0196377
2.23696e-09	0.0196509
2.23702e-09	0.0196642
2.23709e-09	0.0196774
2.23715e-09	0.0196906
2.23722e-09	0.0197038
2.23728e-09	0.019717
2.23734e-09	0.0197301
2.23741e-09	0.0197433
2.23747e-09	0.0197564
2.23754e-09	0.0197695
2.2376e-09	0.0197826
2.23766e-09	0.0197956
2.23773e-09	0.0198087
2.23779e-09	0.0198217
2.23786e-09	0.0198347
2.23792e-09	0.0198476
2.23798e-09	0.0198606
2.23805e-09	0.0198735
2.23811e-09	0.0198864
2.23818e-09	0.0198993
2.23824e-09	0.0199122
2.2383e-09	0.0199251
2.23837e-09	0.0199379
2.23843e-09	0.0199507
2.2385e-09	0.0199635
2.23856e-09	0.0199763
2.23862e-09	0.0199891
2.23869e-09	0.0200018
2.23875e-09	0.0200145
2.23882e-09	0.0200272
2.23888e-09	0.0200399
2.23894e-09	0.0200526
2.23901e-09	0.0200652
2.23907e-09	0.0200778
2.23914e-09	0.0200904
2.2392e-09	0.020103
2.23926e-09	0.0201156
2.23933e-09	0.0201281
2.23939e-09	0.0201407
2.23946e-09	0.0201532
2.23952e-09	0.0201657
2.23958e-09	0.0201781
2.23965e-09	0.0201906
2.23971e-09	0.020203
2.23978e-09	0.0202154
2.23984e-09	0.0202278
2.2399e-09	0.0202402
2.23997e-09	0.0202525
2.24003e-09	0.0202648
2.2401e-09	0.0202772
2.24016e-09	0.0202894
2.24022e-09	0.0203017
2.24029e-09	0.020314
2.24035e-09	0.0203262
2.24042e-09	0.0203384
2.24048e-09	0.0203506
2.24054e-09	0.0203628
2.24061e-09	0.020375
2.24067e-09	0.0203871
2.24074e-09	0.0203992
2.2408e-09	0.0204113
2.24086e-09	0.0204234
2.24093e-09	0.0204354
2.24099e-09	0.0204475
2.24106e-09	0.0204595
2.24112e-09	0.0204715
2.24118e-09	0.0204835
2.24125e-09	0.0204955
2.24131e-09	0.0205074
2.24138e-09	0.0205193
2.24144e-09	0.0205312
2.2415e-09	0.0205431
2.24157e-09	0.020555
2.24163e-09	0.0205669
2.2417e-09	0.0205787
2.24176e-09	0.0205905
2.24182e-09	0.0206023
2.24189e-09	0.0206141
2.24195e-09	0.0206258
2.24202e-09	0.0206376
2.24208e-09	0.0206493
2.24214e-09	0.020661
2.24221e-09	0.0206727
2.24227e-09	0.0206843
2.24234e-09	0.020696
2.2424e-09	0.0207076
2.24246e-09	0.0207192
2.24253e-09	0.0207308
2.24259e-09	0.0207423
2.24266e-09	0.0207539
2.24272e-09	0.0207654
2.24278e-09	0.0207769
2.24285e-09	0.0207884
2.24291e-09	0.0207999
2.24298e-09	0.0208113
2.24304e-09	0.0208228
2.2431e-09	0.0208342
2.24317e-09	0.0208456
2.24323e-09	0.0208569
2.2433e-09	0.0208683
2.24336e-09	0.0208796
2.24342e-09	0.020891
2.24349e-09	0.0209023
2.24355e-09	0.0209135
2.24362e-09	0.0209248
2.24368e-09	0.0209361
2.24374e-09	0.0209473
2.24381e-09	0.0209585
2.24387e-09	0.0209697
2.24394e-09	0.0209809
2.244e-09	0.020992
2.24406e-09	0.0210031
2.24413e-09	0.0210143
2.24419e-09	0.0210254
2.24426e-09	0.0210364
2.24432e-09	0.0210475
2.24438e-09	0.0210585
2.24445e-09	0.0210695
2.24451e-09	0.0210806
2.24458e-09	0.0210915
2.24464e-09	0.0211025
2.24471e-09	0.0211134
2.24477e-09	0.0211244
2.24483e-09	0.0211353
2.2449e-09	0.0211462
2.24496e-09	0.0211571
2.24503e-09	0.0211679
2.24509e-09	0.0211787
2.24515e-09	0.0211896
2.24522e-09	0.0212004
2.24528e-09	0.0212111
2.24535e-09	0.0212219
2.24541e-09	0.0212326
2.24547e-09	0.0212434
2.24554e-09	0.0212541
2.2456e-09	0.0212648
2.24567e-09	0.0212754
2.24573e-09	0.0212861
2.24579e-09	0.0212967
2.24586e-09	0.0213073
2.24592e-09	0.0213179
2.24599e-09	0.0213285
2.24605e-09	0.0213391
2.24611e-09	0.0213496
2.24618e-09	0.0213601
2.24624e-09	0.0213706
2.24631e-09	0.0213811
2.24637e-09	0.0213916
2.24643e-09	0.0214021
2.2465e-09	0.0214125
2.24656e-09	0.0214229
2.24663e-09	0.0214333
2.24669e-09	0.0214437
2.24675e-09	0.021454
2.24682e-09	0.0214644
2.24688e-09	0.0214747
2.24695e-09	0.021485
2.24701e-09	0.0214953
2.24707e-09	0.0215056
2.24714e-09	0.0215158
2.2472e-09	0.021526
2.24727e-09	0.0215363
2.24733e-09	0.0215464
2.24739e-09	0.0215566
2.24746e-09	0.0215668
2.24752e-09	0.0215769
2.24759e-09	0.0215871
2.24765e-09	0.0215972
2.24771e-09	0.0216072
2.24778e-09	0.0216173
2.24784e-09	0.0216274
2.24791e-09	0.0216374
2.24797e-09	0.0216474
2.24803e-09	0.0216574
2.2481e-09	0.0216674
2.24816e-09	0.0216774
2.24823e-09	0.0216873
2.24829e-09	0.0216972
2.24835e-09	0.0217071
2.24842e-09	0.021717
2.24848e-09	0.0217269
2.24855e-09	0.0217367
2.24861e-09	0.0217466
2.24867e-09	0.0217564
2.24874e-09	0.0217662
2.2488e-09	0.021776
2.24887e-09	0.0217858
2.24893e-09	0.0217955
2.24899e-09	0.0218052
2.24906e-09	0.0218149
2.24912e-09	0.0218246
2.24919e-09	0.0218343
2.24925e-09	0.021844
2.24931e-09	0.0218536
2.24938e-09	0.0218632
2.24944e-09	0.0218728
2.24951e-09	0.0218824
2.24957e-09	0.021892
2.24963e-09	0.0219015
2.2497e-09	0.0219111
2.24976e-09	0.0219206
2.24983e-09	0.0219301
2.24989e-09	0.0219396
2.24995e-09	0.021949
2.25002e-09	0.0219585
2.25008e-09	0.0219679
2.25015e-09	0.0219773
2.25021e-09	0.0219867
2.25027e-09	0.0219961
2.25034e-09	0.0220054
2.2504e-09	0.0220148
2.25047e-09	0.0220241
2.25053e-09	0.0220334
2.25059e-09	0.0220427
2.25066e-09	0.022052
2.25072e-09	0.0220612
2.25079e-09	0.0220705
2.25085e-09	0.0220797
2.25091e-09	0.0220889
2.25098e-09	0.022098
2.25104e-09	0.0221072
2.25111e-09	0.0221164
2.25117e-09	0.0221255
2.25123e-09	0.0221346
2.2513e-09	0.0221437
2.25136e-09	0.0221528
2.25143e-09	0.0221618
2.25149e-09	0.0221709
2.25155e-09	0.0221799
2.25162e-09	0.0221889
2.25168e-09	0.0221979
2.25175e-09	0.0222069
2.25181e-09	0.0222158
2.25187e-09	0.0222248
2.25194e-09	0.0222337
2.252e-09	0.0222426
2.25207e-09	0.0222515
2.25213e-09	0.0222603
2.25219e-09	0.0222692
2.25226e-09	0.022278
2.25232e-09	0.0222869
2.25239e-09	0.0222957
2.25245e-09	0.0223044
2.25251e-09	0.0223132
2.25258e-09	0.022322
2.25264e-09	0.0223307
2.25271e-09	0.0223394
2.25277e-09	0.0223481
2.25283e-09	0.0223568
2.2529e-09	0.0223654
2.25296e-09	0.0223741
2.25303e-09	0.0223827
2.25309e-09	0.0223913
2.25315e-09	0.0223999
2.25322e-09	0.0224085
2.25328e-09	0.0224171
2.25335e-09	0.0224256
2.25341e-09	0.0224341
2.25347e-09	0.0224426
2.25354e-09	0.0224511
2.2536e-09	0.0224596
2.25367e-09	0.0224681
2.25373e-09	0.0224765
2.25379e-09	0.0224849
2.25386e-09	0.0224933
2.25392e-09	0.0225017
2.25399e-09	0.0225101
2.25405e-09	0.0225184
2.25411e-09	0.0225268
2.25418e-09	0.0225351
2.25424e-09	0.0225434
2.25431e-09	0.0225517
2.25437e-09	0.02256
2.25443e-09	0.0225682
2.2545e-09	0.0225765
2.25456e-09	0.0225847
2.25463e-09	0.0225929
2.25469e-09	0.0226011
2.25475e-09	0.0226092
2.25482e-09	0.0226174
2.25488e-09	0.0226255
2.25495e-09	0.0226337
2.25501e-09	0.0226418
2.25507e-09	0.0226498
2.25514e-09	0.0226579
2.2552e-09	0.022666
2.25527e-09	0.022674
2.25533e-09	0.022682
2.25539e-09	0.02269
2.25546e-09	0.022698
2.25552e-09	0.022706
2.25559e-09	0.0227139
2.25565e-09	0.0227219
2.25571e-09	0.0227298
2.25578e-09	0.0227377
2.25584e-09	0.0227456
2.25591e-09	0.0227534
2.25597e-09	0.0227613
2.25603e-09	0.0227691
2.2561e-09	0.0227769
2.25616e-09	0.0227847
2.25623e-09	0.0227925
2.25629e-09	0.0228003
2.25635e-09	0.022808
2.25642e-09	0.0228158
2.25648e-09	0.0228235
2.25655e-09	0.0228312
2.25661e-09	0.0228389
2.25667e-09	0.0228466
2.25674e-09	0.0228542
2.2568e-09	0.0228619
2.25687e-09	0.0228695
2.25693e-09	0.0228771
2.25699e-09	0.0228847
2.25706e-09	0.0228922
2.25712e-09	0.0228998
2.25719e-09	0.0229073
2.25725e-09	0.0229149
2.25731e-09	0.0229224
2.25738e-09	0.0229298
2.25744e-09	0.0229373
2.25751e-09	0.0229448
2.25757e-09	0.0229522
2.25763e-09	0.0229596
2.2577e-09	0.022967
2.25776e-09	0.0229744
2.25783e-09	0.0229818
2.25789e-09	0.0229892
2.25795e-09	0.0229965
2.25802e-09	0.0230038
2.25808e-09	0.0230111
2.25815e-09	0.0230184
2.25821e-09	0.0230257
2.25827e-09	0.023033
2.25834e-09	0.0230402
2.2584e-09	0.0230474
2.25847e-09	0.0230547
2.25853e-09	0.0230619
2.25859e-09	0.023069
2.25866e-09	0.0230762
2.25872e-09	0.0230833
2.25879e-09	0.0230905
2.25885e-09	0.0230976
2.25891e-09	0.0231047
2.25898e-09	0.0231118
2.25904e-09	0.0231188
2.25911e-09	0.0231259
2.25917e-09	0.0231329
2.25923e-09	0.0231399
2.2593e-09	0.0231469
2.25936e-09	0.0231539
2.25943e-09	0.0231609
2.25949e-09	0.0231679
2.25955e-09	0.0231748
2.25962e-09	0.0231817
2.25968e-09	0.0231886
2.25975e-09	0.0231955
2.25981e-09	0.0232024
2.25987e-09	0.0232092
2.25994e-09	0.0232161
2.26e-09	0.0232229
2.26007e-09	0.0232297
2.26013e-09	0.0232365
2.26019e-09	0.0232433
2.26026e-09	0.02325
2.26032e-09	0.0232568
2.26039e-09	0.0232635
2.26045e-09	0.0232702
2.26051e-09	0.0232769
2.26058e-09	0.0232836
2.26064e-09	0.0232903
2.26071e-09	0.0232969
2.26077e-09	0.0233036
2.26083e-09	0.0233102
2.2609e-09	0.0233168
2.26096e-09	0.0233234
2.26103e-09	0.02333
2.26109e-09	0.0233365
2.26115e-09	0.0233431
2.26122e-09	0.0233496
2.26128e-09	0.0233561
2.26135e-09	0.0233626
2.26141e-09	0.0233691
2.26147e-09	0.0233755
2.26154e-09	0.023382
2.2616e-09	0.0233884
2.26167e-09	0.0233948
2.26173e-09	0.0234012
2.26179e-09	0.0234076
2.26186e-09	0.023414
2.26192e-09	0.0234203
2.26199e-09	0.0234267
2.26205e-09	0.023433
2.26212e-09	0.0234393
2.26218e-09	0.0234456
2.26224e-09	0.0234518
2.26231e-09	0.0234581
2.26237e-09	0.0234643
2.26244e-09	0.0234706
2.2625e-09	0.0234768
2.26256e-09	0.023483
2.26263e-09	0.0234892
2.26269e-09	0.0234953
2.26276e-09	0.0235015
2.26282e-09	0.0235076
2.26288e-09	0.0235137
2.26295e-09	0.0235198
2.26301e-09	0.0235259
2.26308e-09	0.023532
2.26314e-09	0.0235381
2.2632e-09	0.0235441
2.26327e-09	0.0235501
2.26333e-09	0.0235561
2.2634e-09	0.0235621
2.26346e-09	0.0235681
2.26352e-09	0.0235741
2.26359e-09	0.02358
2.26365e-09	0.023586
2.26372e-09	0.0235919
2.26378e-09	0.0235978
2.26384e-09	0.0236037
2.26391e-09	0.0236095
2.26397e-09	0.0236154
2.26404e-09	0.0236212
2.2641e-09	0.0236271
2.26416e-09	0.0236329
2.26423e-09	0.0236387
2.26429e-09	0.0236445
2.26436e-09	0.0236502
2.26442e-09	0.023656
2.26448e-09	0.0236617
2.26455e-09	0.0236674
2.26461e-09	0.0236731
2.26468e-09	0.0236788
2.26474e-09	0.0236845
2.2648e-09	0.0236902
2.26487e-09	0.0236958
2.26493e-09	0.0237014
2.265e-09	0.0237071
2.26506e-09	0.0237127
2.26512e-09	0.0237182
2.26519e-09	0.0237238
2.26525e-09	0.0237294
2.26532e-09	0.0237349
2.26538e-09	0.0237404
2.26544e-09	0.0237459
2.26551e-09	0.0237514
2.26557e-09	0.0237569
2.26564e-09	0.0237624
2.2657e-09	0.0237678
2.26576e-09	0.0237732
2.26583e-09	0.0237787
2.26589e-09	0.0237841
2.26596e-09	0.0237895
2.26602e-09	0.0237948
2.26608e-09	0.0238002
2.26615e-09	0.0238055
2.26621e-09	0.0238109
2.26628e-09	0.0238162
2.26634e-09	0.0238215
2.2664e-09	0.0238268
2.26647e-09	0.023832
2.26653e-09	0.0238373
2.2666e-09	0.0238425
2.26666e-09	0.0238478
2.26672e-09	0.023853
2.26679e-09	0.0238582
2.26685e-09	0.0238633
2.26692e-09	0.0238685
2.26698e-09	0.0238737
2.26704e-09	0.0238788
2.26711e-09	0.0238839
2.26717e-09	0.023889
2.26724e-09	0.0238941
2.2673e-09	0.0238992
2.26736e-09	0.0239043
2.26743e-09	0.0239093
2.26749e-09	0.0239143
2.26756e-09	0.0239194
2.26762e-09	0.0239244
2.26768e-09	0.0239293
2.26775e-09	0.0239343
2.26781e-09	0.0239393
2.26788e-09	0.0239442
2.26794e-09	0.0239492
2.268e-09	0.0239541
2.26807e-09	0.023959
2.26813e-09	0.0239639
2.2682e-09	0.0239687
2.26826e-09	0.0239736
2.26832e-09	0.0239784
2.26839e-09	0.0239833
2.26845e-09	0.0239881
2.26852e-09	0.0239929
2.26858e-09	0.0239977
2.26864e-09	0.0240024
2.26871e-09	0.0240072
2.26877e-09	0.0240119
2.26884e-09	0.0240166
2.2689e-09	0.0240214
2.26896e-09	0.0240261
2.26903e-09	0.0240307
2.26909e-09	0.0240354
2.26916e-09	0.0240401
2.26922e-09	0.0240447
2.26928e-09	0.0240493
2.26935e-09	0.0240539
2.26941e-09	0.0240585
2.26948e-09	0.0240631
2.26954e-09	0.0240677
2.2696e-09	0.0240722
2.26967e-09	0.0240768
2.26973e-09	0.0240813
2.2698e-09	0.0240858
2.26986e-09	0.0240903
2.26992e-09	0.0240948
2.26999e-09	0.0240993
2.27005e-09	0.0241037
2.27012e-09	0.0241081
2.27018e-09	0.0241126
2.27024e-09	0.024117
2.27031e-09	0.0241214
2.27037e-09	0.0241258
2.27044e-09	0.0241301
2.2705e-09	0.0241345
2.27056e-09	0.0241388
2.27063e-09	0.0241431
2.27069e-09	0.0241475
2.27076e-09	0.0241518
2.27082e-09	0.024156
2.27088e-09	0.0241603
2.27095e-09	0.0241646
2.27101e-09	0.0241688
2.27108e-09	0.024173
2.27114e-09	0.0241772
2.2712e-09	0.0241814
2.27127e-09	0.0241856
2.27133e-09	0.0241898
2.2714e-09	0.0241939
2.27146e-09	0.0241981
2.27152e-09	0.0242022
2.27159e-09	0.0242063
2.27165e-09	0.0242104
2.27172e-09	0.0242145
2.27178e-09	0.0242186
2.27184e-09	0.0242226
2.27191e-09	0.0242267
2.27197e-09	0.0242307
2.27204e-09	0.0242347
2.2721e-09	0.0242387
2.27216e-09	0.0242427
2.27223e-09	0.0242467
2.27229e-09	0.0242506
2.27236e-09	0.0242546
2.27242e-09	0.0242585
2.27248e-09	0.0242624
2.27255e-09	0.0242663
2.27261e-09	0.0242702
2.27268e-09	0.0242741
2.27274e-09	0.024278
2.2728e-09	0.0242818
2.27287e-09	0.0242857
2.27293e-09	0.0242895
2.273e-09	0.0242933
2.27306e-09	0.0242971
2.27312e-09	0.0243009
2.27319e-09	0.0243046
2.27325e-09	0.0243084
2.27332e-09	0.0243121
2.27338e-09	0.0243158
2.27344e-09	0.0243195
2.27351e-09	0.0243232
2.27357e-09	0.0243269
2.27364e-09	0.0243306
2.2737e-09	0.0243343
2.27376e-09	0.0243379
2.27383e-09	0.0243415
2.27389e-09	0.0243451
2.27396e-09	0.0243487
2.27402e-09	0.0243523
2.27408e-09	0.0243559
2.27415e-09	0.0243595
2.27421e-09	0.024363
2.27428e-09	0.0243665
2.27434e-09	0.0243701
2.2744e-09	0.0243736
2.27447e-09	0.0243771
2.27453e-09	0.0243805
2.2746e-09	0.024384
2.27466e-09	0.0243875
2.27472e-09	0.0243909
2.27479e-09	0.0243943
2.27485e-09	0.0243977
2.27492e-09	0.0244011
2.27498e-09	0.0244045
2.27504e-09	0.0244079
2.27511e-09	0.0244112
2.27517e-09	0.0244146
2.27524e-09	0.0244179
2.2753e-09	0.0244212
2.27536e-09	0.0244245
2.27543e-09	0.0244278
2.27549e-09	0.0244311
2.27556e-09	0.0244344
2.27562e-09	0.0244376
2.27568e-09	0.0244408
2.27575e-09	0.0244441
2.27581e-09	0.0244473
2.27588e-09	0.0244505
2.27594e-09	0.0244537
2.276e-09	0.0244568
2.27607e-09	0.02446
2.27613e-09	0.0244631
2.2762e-09	0.0244663
2.27626e-09	0.0244694
2.27632e-09	0.0244725
2.27639e-09	0.0244756
2.27645e-09	0.0244786
2.27652e-09	0.0244817
2.27658e-09	0.0244847
2.27664e-09	0.0244878
2.27671e-09	0.0244908
2.27677e-09	0.0244938
2.27684e-09	0.0244968
2.2769e-09	0.0244998
2.27696e-09	0.0245028
2.27703e-09	0.0245057
2.27709e-09	0.0245087
2.27716e-09	0.0245116
2.27722e-09	0.0245145
2.27728e-09	0.0245174
2.27735e-09	0.0245203
2.27741e-09	0.0245232
2.27748e-09	0.0245261
2.27754e-09	0.0245289
2.2776e-09	0.0245318
2.27767e-09	0.0245346
2.27773e-09	0.0245374
2.2778e-09	0.0245402
2.27786e-09	0.024543
2.27792e-09	0.0245458
2.27799e-09	0.0245485
2.27805e-09	0.0245513
2.27812e-09	0.024554
2.27818e-09	0.0245567
2.27824e-09	0.0245594
2.27831e-09	0.0245621
2.27837e-09	0.0245648
2.27844e-09	0.0245675
2.2785e-09	0.0245701
2.27856e-09	0.0245728
2.27863e-09	0.0245754
2.27869e-09	0.024578
2.27876e-09	0.0245806
2.27882e-09	0.0245832
2.27888e-09	0.0245858
2.27895e-09	0.0245884
2.27901e-09	0.0245909
2.27908e-09	0.0245935
2.27914e-09	0.024596
2.2792e-09	0.0245985
2.27927e-09	0.024601
2.27933e-09	0.0246035
2.2794e-09	0.024606
2.27946e-09	0.0246085
2.27953e-09	0.0246109
2.27959e-09	0.0246134
2.27965e-09	0.0246158
2.27972e-09	0.0246182
2.27978e-09	0.0246206
2.27985e-09	0.024623
2.27991e-09	0.0246254
2.27997e-09	0.0246277
2.28004e-09	0.0246301
2.2801e-09	0.0246324
2.28017e-09	0.0246347
2.28023e-09	0.024637
2.28029e-09	0.0246393
2.28036e-09	0.0246416
2.28042e-09	0.0246439
2.28049e-09	0.0246462
2.28055e-09	0.0246484
2.28061e-09	0.0246507
2.28068e-09	0.0246529
2.28074e-09	0.0246551
2.28081e-09	0.0246573
2.28087e-09	0.0246595
2.28093e-09	0.0246616
2.281e-09	0.0246638
2.28106e-09	0.024666
2.28113e-09	0.0246681
2.28119e-09	0.0246702
2.28125e-09	0.0246723
2.28132e-09	0.0246744
2.28138e-09	0.0246765
2.28145e-09	0.0246786
2.28151e-09	0.0246806
2.28157e-09	0.0246827
2.28164e-09	0.0246847
2.2817e-09	0.0246868
2.28177e-09	0.0246888
2.28183e-09	0.0246908
2.28189e-09	0.0246927
2.28196e-09	0.0246947
2.28202e-09	0.0246967
2.28209e-09	0.0246986
2.28215e-09	0.0247006
2.28221e-09	0.0247025
2.28228e-09	0.0247044
2.28234e-09	0.0247063
2.28241e-09	0.0247082
2.28247e-09	0.0247101
2.28253e-09	0.0247119
2.2826e-09	0.0247138
2.28266e-09	0.0247156
2.28273e-09	0.0247174
2.28279e-09	0.0247193
2.28285e-09	0.0247211
2.28292e-09	0.0247229
2.28298e-09	0.0247246
2.28305e-09	0.0247264
2.28311e-09	0.0247281
2.28317e-09	0.0247299
2.28324e-09	0.0247316
2.2833e-09	0.0247333
2.28337e-09	0.024735
2.28343e-09	0.0247367
2.28349e-09	0.0247384
2.28356e-09	0.0247401
2.28362e-09	0.0247417
2.28369e-09	0.0247434
2.28375e-09	0.024745
2.28381e-09	0.0247466
2.28388e-09	0.0247482
2.28394e-09	0.0247498
2.28401e-09	0.0247514
2.28407e-09	0.024753
2.28413e-09	0.0247545
2.2842e-09	0.0247561
2.28426e-09	0.0247576
2.28433e-09	0.0247591
2.28439e-09	0.0247607
2.28445e-09	0.0247622
2.28452e-09	0.0247636
2.28458e-09	0.0247651
2.28465e-09	0.0247666
2.28471e-09	0.024768
2.28477e-09	0.0247695
2.28484e-09	0.0247709
2.2849e-09	0.0247723
2.28497e-09	0.0247737
2.28503e-09	0.0247751
2.28509e-09	0.0247765
2.28516e-09	0.0247779
2.28522e-09	0.0247792
2.28529e-09	0.0247805
2.28535e-09	0.0247819
2.28541e-09	0.0247832
2.28548e-09	0.0247845
2.28554e-09	0.0247858
2.28561e-09	0.0247871
2.28567e-09	0.0247884
2.28573e-09	0.0247896
2.2858e-09	0.0247909
2.28586e-09	0.0247921
2.28593e-09	0.0247933
2.28599e-09	0.0247945
2.28605e-09	0.0247958
2.28612e-09	0.0247969
2.28618e-09	0.0247981
2.28625e-09	0.0247993
2.28631e-09	0.0248004
2.28637e-09	0.0248016
2.28644e-09	0.0248027
2.2865e-09	0.0248038
2.28657e-09	0.0248049
2.28663e-09	0.024806
2.28669e-09	0.0248071
2.28676e-09	0.0248082
2.28682e-09	0.0248093
2.28689e-09	0.0248103
2.28695e-09	0.0248113
2.28701e-09	0.0248124
2.28708e-09	0.0248134
2.28714e-09	0.0248144
2.28721e-09	0.0248154
2.28727e-09	0.0248164
2.28733e-09	0.0248173
2.2874e-09	0.0248183
2.28746e-09	0.0248192
2.28753e-09	0.0248202
2.28759e-09	0.0248211
2.28765e-09	0.024822
2.28772e-09	0.0248229
2.28778e-09	0.0248238
2.28785e-09	0.0248247
2.28791e-09	0.0248255
2.28797e-09	0.0248264
2.28804e-09	0.0248272
2.2881e-09	0.0248281
2.28817e-09	0.0248289
2.28823e-09	0.0248297
2.28829e-09	0.0248305
2.28836e-09	0.0248313
2.28842e-09	0.024832
2.28849e-09	0.0248328
2.28855e-09	0.0248336
2.28861e-09	0.0248343
2.28868e-09	0.024835
2.28874e-09	0.0248357
2.28881e-09	0.0248364
2.28887e-09	0.0248371
2.28893e-09	0.0248378
2.289e-09	0.0248385
2.28906e-09	0.0248392
2.28913e-09	0.0248398
2.28919e-09	0.0248404
2.28925e-09	0.0248411
2.28932e-09	0.0248417
2.28938e-09	0.0248423
2.28945e-09	0.0248429
2.28951e-09	0.0248435
2.28957e-09	0.024844
2.28964e-09	0.0248446
2.2897e-09	0.0248451
2.28977e-09	0.0248457
2.28983e-09	0.0248462
2.28989e-09	0.0248467
2.28996e-09	0.0248472
2.29002e-09	0.0248477
2.29009e-09	0.0248482
2.29015e-09	0.0248487
2.29021e-09	0.0248491
2.29028e-09	0.0248496
2.29034e-09	0.02485
2.29041e-09	0.0248504
2.29047e-09	0.0248508
2.29053e-09	0.0248512
2.2906e-09	0.0248516
2.29066e-09	0.024852
2.29073e-09	0.0248524
2.29079e-09	0.0248527
2.29085e-09	0.0248531
2.29092e-09	0.0248534
2.29098e-09	0.0248538
2.29105e-09	0.0248541
2.29111e-09	0.0248544
2.29117e-09	0.0248547
2.29124e-09	0.024855
2.2913e-09	0.0248552
2.29137e-09	0.0248555
2.29143e-09	0.0248557
2.29149e-09	0.024856
2.29156e-09	0.0248562
2.29162e-09	0.0248564
2.29169e-09	0.0248566
2.29175e-09	0.0248568
2.29181e-09	0.024857
2.29188e-09	0.0248572
2.29194e-09	0.0248573
2.29201e-09	0.0248575
2.29207e-09	0.0248576
2.29213e-09	0.0248578
2.2922e-09	0.0248579
2.29226e-09	0.024858
2.29233e-09	0.0248581
2.29239e-09	0.0248582
2.29245e-09	0.0248582
2.29252e-09	0.0248583
2.29258e-09	0.0248584
2.29265e-09	0.0248584
2.29271e-09	0.0248584
2.29277e-09	0.0248585
2.29284e-09	0.0248585
2.2929e-09	0.0248585
2.29297e-09	0.0248585
2.29303e-09	0.0248584
2.29309e-09	0.0248584
2.29316e-09	0.0248584
2.29322e-09	0.0248583
2.29329e-09	0.0248582
2.29335e-09	0.0248582
2.29341e-09	0.0248581
2.29348e-09	0.024858
2.29354e-09	0.0248579
2.29361e-09	0.0248578
2.29367e-09	0.0248576
2.29373e-09	0.0248575
2.2938e-09	0.0248573
2.29386e-09	0.0248572
2.29393e-09	0.024857
2.29399e-09	0.0248568
2.29405e-09	0.0248566
2.29412e-09	0.0248564
2.29418e-09	0.0248562
2.29425e-09	0.024856
2.29431e-09	0.0248558
2.29437e-09	0.0248555
2.29444e-09	0.0248553
2.2945e-09	0.024855
2.29457e-09	0.0248547
2.29463e-09	0.0248544
2.29469e-09	0.0248542
2.29476e-09	0.0248538
2.29482e-09	0.0248535
2.29489e-09	0.0248532
2.29495e-09	0.0248529
2.29501e-09	0.0248525
2.29508e-09	0.0248522
2.29514e-09	0.0248518
2.29521e-09	0.0248514
2.29527e-09	0.024851
2.29533e-09	0.0248506
2.2954e-09	0.0248502
2.29546e-09	0.0248498
2.29553e-09	0.0248494
2.29559e-09	0.0248489
2.29565e-09	0.0248485
2.29572e-09	0.024848
2.29578e-09	0.0248475
2.29585e-09	0.024847
2.29591e-09	0.0248465
2.29597e-09	0.024846
2.29604e-09	0.0248455
2.2961e-09	0.024845
2.29617e-09	0.0248445
2.29623e-09	0.0248439
2.29629e-09	0.0248434
2.29636e-09	0.0248428
2.29642e-09	0.0248422
2.29649e-09	0.0248416
2.29655e-09	0.0248411
2.29661e-09	0.0248404
2.29668e-09	0.0248398
2.29674e-09	0.0248392
2.29681e-09	0.0248386
2.29687e-09	0.0248379
2.29694e-09	0.0248373
2.297e-09	0.0248366
2.29706e-09	0.0248359
2.29713e-09	0.0248352
2.29719e-09	0.0248345
2.29726e-09	0.0248338
2.29732e-09	0.0248331
2.29738e-09	0.0248324
2.29745e-09	0.0248316
2.29751e-09	0.0248309
2.29758e-09	0.0248301
2.29764e-09	0.0248294
2.2977e-09	0.0248286
2.29777e-09	0.0248278
2.29783e-09	0.024827
2.2979e-09	0.0248262
2.29796e-09	0.0248254
2.29802e-09	0.0248246
2.29809e-09	0.0248237
2.29815e-09	0.0248229
2.29822e-09	0.024822
2.29828e-09	0.0248212
2.29834e-09	0.0248203
2.29841e-09	0.0248194
2.29847e-09	0.0248185
2.29854e-09	0.0248176
2.2986e-09	0.0248167
2.29866e-09	0.0248157
2.29873e-09	0.0248148
2.29879e-09	0.0248139
2.29886e-09	0.0248129
2.29892e-09	0.0248119
2.29898e-09	0.024811
2.29905e-09	0.02481
2.29911e-09	0.024809
2.29918e-09	0.024808
2.29924e-09	0.024807
2.2993e-09	0.0248059
2.29937e-09	0.0248049
2.29943e-09	0.0248039
2.2995e-09	0.0248028
2.29956e-09	0.0248017
2.29962e-09	0.0248007
2.29969e-09	0.0247996
2.29975e-09	0.0247985
2.29982e-09	0.0247974
2.29988e-09	0.0247963
2.29994e-09	0.0247952
2.30001e-09	0.024794
2.30007e-09	0.0247929
2.30014e-09	0.0247917
2.3002e-09	0.0247906
2.30026e-09	0.0247894
2.30033e-09	0.0247882
2.30039e-09	0.024787
2.30046e-09	0.0247858
2.30052e-09	0.0247846
2.30058e-09	0.0247834
2.30065e-09	0.0247822
2.30071e-09	0.0247809
2.30078e-09	0.0247797
2.30084e-09	0.0247784
2.3009e-09	0.0247772
2.30097e-09	0.0247759
2.30103e-09	0.0247746
2.3011e-09	0.0247733
2.30116e-09	0.024772
2.30122e-09	0.0247707
2.30129e-09	0.0247694
2.30135e-09	0.024768
2.30142e-09	0.0247667
2.30148e-09	0.0247653
2.30154e-09	0.024764
2.30161e-09	0.0247626
2.30167e-09	0.0247612
2.30174e-09	0.0247598
2.3018e-09	0.0247584
2.30186e-09	0.024757
2.30193e-09	0.0247556
2.30199e-09	0.0247542
2.30206e-09	0.0247527
2.30212e-09	0.0247513
2.30218e-09	0.0247498
2.30225e-09	0.0247484
2.30231e-09	0.0247469
2.30238e-09	0.0247454
2.30244e-09	0.0247439
2.3025e-09	0.0247424
2.30257e-09	0.0247409
2.30263e-09	0.0247394
2.3027e-09	0.0247379
2.30276e-09	0.0247363
2.30282e-09	0.0247348
2.30289e-09	0.0247332
2.30295e-09	0.0247316
2.30302e-09	0.0247301
2.30308e-09	0.0247285
2.30314e-09	0.0247269
2.30321e-09	0.0247253
2.30327e-09	0.0247237
2.30334e-09	0.024722
2.3034e-09	0.0247204
2.30346e-09	0.0247188
2.30353e-09	0.0247171
2.30359e-09	0.0247155
2.30366e-09	0.0247138
2.30372e-09	0.0247121
2.30378e-09	0.0247104
2.30385e-09	0.0247087
2.30391e-09	0.024707
2.30398e-09	0.0247053
2.30404e-09	0.0247036
2.3041e-09	0.0247018
2.30417e-09	0.0247001
2.30423e-09	0.0246984
2.3043e-09	0.0246966
2.30436e-09	0.0246948
2.30442e-09	0.024693
2.30449e-09	0.0246913
2.30455e-09	0.0246895
2.30462e-09	0.0246877
2.30468e-09	0.0246858
2.30474e-09	0.024684
2.30481e-09	0.0246822
2.30487e-09	0.0246803
2.30494e-09	0.0246785
2.305e-09	0.0246766
2.30506e-09	0.0246748
2.30513e-09	0.0246729
2.30519e-09	0.024671
2.30526e-09	0.0246691
2.30532e-09	0.0246672
2.30538e-09	0.0246653
2.30545e-09	0.0246634
2.30551e-09	0.0246614
2.30558e-09	0.0246595
2.30564e-09	0.0246575
2.3057e-09	0.0246556
2.30577e-09	0.0246536
2.30583e-09	0.0246516
2.3059e-09	0.0246497
2.30596e-09	0.0246477
2.30602e-09	0.0246457
2.30609e-09	0.0246437
2.30615e-09	0.0246416
2.30622e-09	0.0246396
2.30628e-09	0.0246376
2.30634e-09	0.0246355
2.30641e-09	0.0246335
2.30647e-09	0.0246314
2.30654e-09	0.0246293
2.3066e-09	0.0246273
2.30666e-09	0.0246252
2.30673e-09	0.0246231
2.30679e-09	0.024621
2.30686e-09	0.0246188
2.30692e-09	0.0246167
2.30698e-09	0.0246146
2.30705e-09	0.0246124
2.30711e-09	0.0246103
2.30718e-09	0.0246081
2.30724e-09	0.024606
2.3073e-09	0.0246038
2.30737e-09	0.0246016
2.30743e-09	0.0245994
2.3075e-09	0.0245972
2.30756e-09	0.024595
2.30762e-09	0.0245928
2.30769e-09	0.0245905
2.30775e-09	0.0245883
2.30782e-09	0.0245861
2.30788e-09	0.0245838
2.30794e-09	0.0245815
2.30801e-09	0.0245793
2.30807e-09	0.024577
2.30814e-09	0.0245747
2.3082e-09	0.0245724
2.30826e-09	0.0245701
2.30833e-09	0.0245678
2.30839e-09	0.0245654
2.30846e-09	0.0245631
2.30852e-09	0.0245608
2.30858e-09	0.0245584
2.30865e-09	0.0245561
2.30871e-09	0.0245537
2.30878e-09	0.0245513
2.30884e-09	0.0245489
2.3089e-09	0.0245466
2.30897e-09	0.0245442
2.30903e-09	0.0245418
2.3091e-09	0.0245393
2.30916e-09	0.0245369
2.30922e-09	0.0245345
2.30929e-09	0.024532
2.30935e-09	0.0245296
2.30942e-09	0.0245271
2.30948e-09	0.0245247
2.30954e-09	0.0245222
2.30961e-09	0.0245197
2.30967e-09	0.0245172
2.30974e-09	0.0245147
2.3098e-09	0.0245122
2.30986e-09	0.0245097
2.30993e-09	0.0245072
2.30999e-09	0.0245046
2.31006e-09	0.0245021
2.31012e-09	0.0244995
2.31018e-09	0.024497
2.31025e-09	0.0244944
2.31031e-09	0.0244918
2.31038e-09	0.0244893
2.31044e-09	0.0244867
2.3105e-09	0.0244841
2.31057e-09	0.0244815
2.31063e-09	0.0244788
2.3107e-09	0.0244762
2.31076e-09	0.0244736
2.31082e-09	0.0244709
2.31089e-09	0.0244683
2.31095e-09	0.0244656
2.31102e-09	0.024463
2.31108e-09	0.0244603
2.31114e-09	0.0244576
2.31121e-09	0.0244549
2.31127e-09	0.0244522
2.31134e-09	0.0244495
2.3114e-09	0.0244468
2.31146e-09	0.0244441
2.31153e-09	0.0244414
2.31159e-09	0.0244386
2.31166e-09	0.0244359
2.31172e-09	0.0244331
2.31178e-09	0.0244304
2.31185e-09	0.0244276
2.31191e-09	0.0244248
2.31198e-09	0.024422
2.31204e-09	0.0244192
2.3121e-09	0.0244164
2.31217e-09	0.0244136
2.31223e-09	0.0244108
2.3123e-09	0.024408
2.31236e-09	0.0244051
2.31242e-09	0.0244023
2.31249e-09	0.0243994
2.31255e-09	0.0243966
2.31262e-09	0.0243937
2.31268e-09	0.0243908
2.31274e-09	0.024388
2.31281e-09	0.0243851
2.31287e-09	0.0243822
2.31294e-09	0.0243793
2.313e-09	0.0243764
2.31306e-09	0.0243734
2.31313e-09	0.0243705
2.31319e-09	0.0243676
2.31326e-09	0.0243646
2.31332e-09	0.0243617
2.31338e-09	0.0243587
2.31345e-09	0.0243557
2.31351e-09	0.0243528
2.31358e-09	0.0243498
2.31364e-09	0.0243468
2.3137e-09	0.0243438
2.31377e-09	0.0243408
2.31383e-09	0.0243378
2.3139e-09	0.0243347
2.31396e-09	0.0243317
2.31402e-09	0.0243287
2.31409e-09	0.0243256
2.31415e-09	0.0243226
2.31422e-09	0.0243195
2.31428e-09	0.0243164
2.31434e-09	0.0243133
2.31441e-09	0.0243103
2.31447e-09	0.0243072
2.31454e-09	0.0243041
2.3146e-09	0.024301
2.31467e-09	0.0242978
2.31473e-09	0.0242947
2.31479e-09	0.0242916
2.31486e-09	0.0242884
2.31492e-09	0.0242853
2.31499e-09	0.0242821
2.31505e-09	0.024279
2.31511e-09	0.0242758
2.31518e-09	0.0242726
2.31524e-09	0.0242695
2.31531e-09	0.0242663
2.31537e-09	0.0242631
2.31543e-09	0.0242598
2.3155e-09	0.0242566
2.31556e-09	0.0242534
2.31563e-09	0.0242502
2.31569e-09	0.0242469
2.31575e-09	0.0242437
2.31582e-09	0.0242404
2.31588e-09	0.0242372
2.31595e-09	0.0242339
2.31601e-09	0.0242306
2.31607e-09	0.0242274
2.31614e-09	0.0242241
2.3162e-09	0.0242208
2.31627e-09	0.0242175
2.31633e-09	0.0242141
2.31639e-09	0.0242108
2.31646e-09	0.0242075
2.31652e-09	0.0242042
2.31659e-09	0.0242008
2.31665e-09	0.0241975
2.31671e-09	0.0241941
2.31678e-09	0.0241907
2.31684e-09	0.0241874
2.31691e-09	0.024184
2.31697e-09	0.0241806
2.31703e-09	0.0241772
2.3171e-09	0.0241738
2.31716e-09	0.0241704
2.31723e-09	0.024167
2.31729e-09	0.0241636
2.31735e-09	0.0241601
2.31742e-09	0.0241567
2.31748e-09	0.0241532
2.31755e-09	0.0241498
2.31761e-09	0.0241463
2.31767e-09	0.0241429
2.31774e-09	0.0241394
2.3178e-09	0.0241359
2.31787e-09	0.0241324
2.31793e-09	0.0241289
2.31799e-09	0.0241254
2.31806e-09	0.0241219
2.31812e-09	0.0241184
2.31819e-09	0.0241148
2.31825e-09	0.0241113
2.31831e-09	0.0241078
2.31838e-09	0.0241042
2.31844e-09	0.0241007
2.31851e-09	0.0240971
2.31857e-09	0.0240935
2.31863e-09	0.02409
2.3187e-09	0.0240864
2.31876e-09	0.0240828
2.31883e-09	0.0240792
2.31889e-09	0.0240756
2.31895e-09	0.024072
2.31902e-09	0.0240684
2.31908e-09	0.0240647
2.31915e-09	0.0240611
2.31921e-09	0.0240574
2.31927e-09	0.0240538
2.31934e-09	0.0240501
2.3194e-09	0.0240465
2.31947e-09	0.0240428
2.31953e-09	0.0240391
2.31959e-09	0.0240355
2.31966e-09	0.0240318
2.31972e-09	0.0240281
2.31979e-09	0.0240244
2.31985e-09	0.0240207
2.31991e-09	0.0240169
2.31998e-09	0.0240132
2.32004e-09	0.0240095
2.32011e-09	0.0240057
2.32017e-09	0.024002
2.32023e-09	0.0239982
2.3203e-09	0.0239945
2.32036e-09	0.0239907
2.32043e-09	0.0239869
2.32049e-09	0.0239832
2.32055e-09	0.0239794
2.32062e-09	0.0239756
2.32068e-09	0.0239718
2.32075e-09	0.023968
2.32081e-09	0.0239641
2.32087e-09	0.0239603
2.32094e-09	0.0239565
2.321e-09	0.0239527
2.32107e-09	0.0239488
2.32113e-09	0.023945
2.32119e-09	0.0239411
2.32126e-09	0.0239372
2.32132e-09	0.0239334
2.32139e-09	0.0239295
2.32145e-09	0.0239256
2.32151e-09	0.0239217
2.32158e-09	0.0239178
2.32164e-09	0.0239139
2.32171e-09	0.02391
2.32177e-09	0.0239061
2.32183e-09	0.0239022
2.3219e-09	0.0238982
2.32196e-09	0.0238943
2.32203e-09	0.0238903
2.32209e-09	0.0238864
2.32215e-09	0.0238824
2.32222e-09	0.0238785
2.32228e-09	0.0238745
2.32235e-09	0.0238705
2.32241e-09	0.0238665
2.32247e-09	0.0238625
2.32254e-09	0.0238585
2.3226e-09	0.0238545
2.32267e-09	0.0238505
2.32273e-09	0.0238465
2.32279e-09	0.0238425
2.32286e-09	0.0238384
2.32292e-09	0.0238344
2.32299e-09	0.0238304
2.32305e-09	0.0238263
2.32311e-09	0.0238222
2.32318e-09	0.0238182
2.32324e-09	0.0238141
2.32331e-09	0.02381
2.32337e-09	0.0238059
2.32343e-09	0.0238019
2.3235e-09	0.0237978
2.32356e-09	0.0237937
2.32363e-09	0.0237895
2.32369e-09	0.0237854
2.32375e-09	0.0237813
2.32382e-09	0.0237772
2.32388e-09	0.023773
2.32395e-09	0.0237689
2.32401e-09	0.0237647
2.32407e-09	0.0237606
2.32414e-09	0.0237564
2.3242e-09	0.0237522
2.32427e-09	0.0237481
2.32433e-09	0.0237439
2.32439e-09	0.0237397
2.32446e-09	0.0237355
2.32452e-09	0.0237313
2.32459e-09	0.0237271
2.32465e-09	0.0237229
2.32471e-09	0.0237187
2.32478e-09	0.0237144
2.32484e-09	0.0237102
2.32491e-09	0.023706
2.32497e-09	0.0237017
2.32503e-09	0.0236975
2.3251e-09	0.0236932
2.32516e-09	0.0236889
2.32523e-09	0.0236847
2.32529e-09	0.0236804
2.32535e-09	0.0236761
2.32542e-09	0.0236718
2.32548e-09	0.0236675
2.32555e-09	0.0236632
2.32561e-09	0.0236589
2.32567e-09	0.0236546
2.32574e-09	0.0236502
2.3258e-09	0.0236459
2.32587e-09	0.0236416
2.32593e-09	0.0236372
2.32599e-09	0.0236329
2.32606e-09	0.0236285
2.32612e-09	0.0236242
2.32619e-09	0.0236198
2.32625e-09	0.0236154
2.32631e-09	0.0236111
2.32638e-09	0.0236067
2.32644e-09	0.0236023
2.32651e-09	0.0235979
2.32657e-09	0.0235935
2.32663e-09	0.0235891
2.3267e-09	0.0235846
2.32676e-09	0.0235802
2.32683e-09	0.0235758
2.32689e-09	0.0235714
2.32695e-09	0.0235669
2.32702e-09	0.0235625
2.32708e-09	0.023558
2.32715e-09	0.0235536
2.32721e-09	0.0235491
2.32727e-09	0.0235446
2.32734e-09	0.0235401
2.3274e-09	0.0235357
2.32747e-09	0.0235312
2.32753e-09	0.0235267
2.32759e-09	0.0235222
2.32766e-09	0.0235177
2.32772e-09	0.0235131
2.32779e-09	0.0235086
2.32785e-09	0.0235041
2.32791e-09	0.0234996
2.32798e-09	0.023495
2.32804e-09	0.0234905
2.32811e-09	0.0234859
2.32817e-09	0.0234814
2.32823e-09	0.0234768
2.3283e-09	0.0234722
2.32836e-09	0.0234677
2.32843e-09	0.0234631
2.32849e-09	0.0234585
2.32855e-09	0.0234539
2.32862e-09	0.0234493
2.32868e-09	0.0234447
2.32875e-09	0.0234401
2.32881e-09	0.0234355
2.32887e-09	0.0234309
2.32894e-09	0.0234262
2.329e-09	0.0234216
2.32907e-09	0.023417
2.32913e-09	0.0234123
2.32919e-09	0.0234077
2.32926e-09	0.023403
2.32932e-09	0.0233983
2.32939e-09	0.0233937
2.32945e-09	0.023389
2.32951e-09	0.0233843
2.32958e-09	0.0233796
2.32964e-09	0.0233749
2.32971e-09	0.0233702
2.32977e-09	0.0233655
2.32983e-09	0.0233608
2.3299e-09	0.0233561
2.32996e-09	0.0233514
2.33003e-09	0.0233466
2.33009e-09	0.0233419
2.33015e-09	0.0233372
2.33022e-09	0.0233324
2.33028e-09	0.0233277
2.33035e-09	0.0233229
2.33041e-09	0.0233182
2.33047e-09	0.0233134
2.33054e-09	0.0233086
2.3306e-09	0.0233038
2.33067e-09	0.0232991
2.33073e-09	0.0232943
2.33079e-09	0.0232895
2.33086e-09	0.0232847
2.33092e-09	0.0232799
2.33099e-09	0.023275
2.33105e-09	0.0232702
2.33111e-09	0.0232654
2.33118e-09	0.0232606
2.33124e-09	0.0232557
2.33131e-09	0.0232509
2.33137e-09	0.023246
2.33143e-09	0.0232412
2.3315e-09	0.0232363
2.33156e-09	0.0232315
2.33163e-09	0.0232266
2.33169e-09	0.0232217
2.33175e-09	0.0232168
2.33182e-09	0.023212
2.33188e-09	0.0232071
2.33195e-09	0.0232022
2.33201e-09	0.0231973
2.33208e-09	0.0231924
2.33214e-09	0.0231874
2.3322e-09	0.0231825
2.33227e-09	0.0231776
2.33233e-09	0.0231727
2.3324e-09	0.0231677
2.33246e-09	0.0231628
2.33252e-09	0.0231578
2.33259e-09	0.0231529
2.33265e-09	0.0231479
2.33272e-09	0.023143
2.33278e-09	0.023138
2.33284e-09	0.023133
2.33291e-09	0.023128
2.33297e-09	0.0231231
2.33304e-09	0.0231181
2.3331e-09	0.0231131
2.33316e-09	0.0231081
2.33323e-09	0.0231031
2.33329e-09	0.023098
2.33336e-09	0.023093
2.33342e-09	0.023088
2.33348e-09	0.023083
2.33355e-09	0.0230779
2.33361e-09	0.0230729
2.33368e-09	0.0230679
2.33374e-09	0.0230628
2.3338e-09	0.0230578
2.33387e-09	0.0230527
2.33393e-09	0.0230476
2.334e-09	0.0230426
2.33406e-09	0.0230375
2.33412e-09	0.0230324
2.33419e-09	0.0230273
2.33425e-09	0.0230222
2.33432e-09	0.0230171
2.33438e-09	0.023012
2.33444e-09	0.0230069
2.33451e-09	0.0230018
2.33457e-09	0.0229967
2.33464e-09	0.0229915
2.3347e-09	0.0229864
2.33476e-09	0.0229813
2.33483e-09	0.0229761
2.33489e-09	0.022971
2.33496e-09	0.0229658
2.33502e-09	0.0229607
2.33508e-09	0.0229555
2.33515e-09	0.0229504
2.33521e-09	0.0229452
2.33528e-09	0.02294
2.33534e-09	0.0229348
2.3354e-09	0.0229296
2.33547e-09	0.0229244
2.33553e-09	0.0229192
2.3356e-09	0.022914
2.33566e-09	0.0229088
2.33572e-09	0.0229036
2.33579e-09	0.0228984
2.33585e-09	0.0228932
2.33592e-09	0.022888
2.33598e-09	0.0228827
2.33604e-09	0.0228775
2.33611e-09	0.0228722
2.33617e-09	0.022867
2.33624e-09	0.0228617
2.3363e-09	0.0228565
2.33636e-09	0.0228512
2.33643e-09	0.0228459
2.33649e-09	0.0228407
2.33656e-09	0.0228354
2.33662e-09	0.0228301
2.33668e-09	0.0228248
2.33675e-09	0.0228195
2.33681e-09	0.0228142
2.33688e-09	0.0228089
2.33694e-09	0.0228036
2.337e-09	0.0227983
2.33707e-09	0.022793
2.33713e-09	0.0227877
2.3372e-09	0.0227823
2.33726e-09	0.022777
2.33732e-09	0.0227716
2.33739e-09	0.0227663
2.33745e-09	0.022761
2.33752e-09	0.0227556
2.33758e-09	0.0227502
2.33764e-09	0.0227449
2.33771e-09	0.0227395
2.33777e-09	0.0227341
2.33784e-09	0.0227288
2.3379e-09	0.0227234
2.33796e-09	0.022718
2.33803e-09	0.0227126
2.33809e-09	0.0227072
2.33816e-09	0.0227018
2.33822e-09	0.0226964
2.33828e-09	0.022691
2.33835e-09	0.0226856
2.33841e-09	0.0226801
2.33848e-09	0.0226747
2.33854e-09	0.0226693
2.3386e-09	0.0226638
2.33867e-09	0.0226584
2.33873e-09	0.0226529
2.3388e-09	0.0226475
2.33886e-09	0.022642
2.33892e-09	0.0226366
2.33899e-09	0.0226311
2.33905e-09	0.0226256
2.33912e-09	0.0226202
2.33918e-09	0.0226147
2.33924e-09	0.0226092
2.33931e-09	0.0226037
2.33937e-09	0.0225982
2.33944e-09	0.0225927
2.3395e-09	0.0225872
2.33956e-09	0.0225817
2.33963e-09	0.0225762
2.33969e-09	0.0225707
2.33976e-09	0.0225652
2.33982e-09	0.0225596
2.33988e-09	0.0225541
2.33995e-09	0.0225486
2.34001e-09	0.022543
2.34008e-09	0.0225375
2.34014e-09	0.0225319
2.3402e-09	0.0225264
2.34027e-09	0.0225208
2.34033e-09	0.0225152
2.3404e-09	0.0225097
2.34046e-09	0.0225041
2.34052e-09	0.0224985
2.34059e-09	0.0224929
2.34065e-09	0.0224874
2.34072e-09	0.0224818
2.34078e-09	0.0224762
2.34084e-09	0.0224706
2.34091e-09	0.022465
2.34097e-09	0.0224593
2.34104e-09	0.0224537
2.3411e-09	0.0224481
2.34116e-09	0.0224425
2.34123e-09	0.0224369
2.34129e-09	0.0224312
2.34136e-09	0.0224256
2.34142e-09	0.0224199
2.34148e-09	0.0224143
2.34155e-09	0.0224086
2.34161e-09	0.022403
2.34168e-09	0.0223973
2.34174e-09	0.0223917
2.3418e-09	0.022386
2.34187e-09	0.0223803
2.34193e-09	0.0223746
2.342e-09	0.022369
2.34206e-09	0.0223633
2.34212e-09	0.0223576
2.34219e-09	0.0223519
2.34225e-09	0.0223462
2.34232e-09	0.0223405
2.34238e-09	0.0223348
2.34244e-09	0.0223291
2.34251e-09	0.0223233
2.34257e-09	0.0223176
2.34264e-09	0.0223119
2.3427e-09	0.0223062
2.34276e-09	0.0223004
2.34283e-09	0.0222947
2.34289e-09	0.0222889
2.34296e-09	0.0222832
2.34302e-09	0.0222774
2.34308e-09	0.0222717
2.34315e-09	0.0222659
2.34321e-09	0.0222602
2.34328e-09	0.0222544
2.34334e-09	0.0222486
2.3434e-09	0.0222428
2.34347e-09	0.0222371
2.34353e-09	0.0222313
2.3436e-09	0.0222255
2.34366e-09	0.0222197
2.34372e-09	0.0222139
2.34379e-09	0.0222081
2.34385e-09	0.0222023
2.34392e-09	0.0221965
2.34398e-09	0.0221906
2.34404e-09	0.0221848
2.34411e-09	0.022179
2.34417e-09	0.0221732
2.34424e-09	0.0221673
2.3443e-09	0.0221615
2.34436e-09	0.0221556
2.34443e-09	0.0221498
2.34449e-09	0.0221439
2.34456e-09	0.0221381
2.34462e-09	0.0221322
2.34468e-09	0.0221264
2.34475e-09	0.0221205
2.34481e-09	0.0221146
2.34488e-09	0.0221087
2.34494e-09	0.0221029
2.345e-09	0.022097
2.34507e-09	0.0220911
2.34513e-09	0.0220852
2.3452e-09	0.0220793
2.34526e-09	0.0220734
2.34532e-09	0.0220675
2.34539e-09	0.0220616
2.34545e-09	0.0220557
2.34552e-09	0.0220498
2.34558e-09	0.0220438
2.34564e-09	0.0220379
2.34571e-09	0.022032
2.34577e-09	0.022026
2.34584e-09	0.0220201
2.3459e-09	0.0220142
2.34596e-09	0.0220082
2.34603e-09	0.0220023
2.34609e-09	0.0219963
2.34616e-09	0.0219904
2.34622e-09	0.0219844
2.34628e-09	0.0219784
2.34635e-09	0.0219725
2.34641e-09	0.0219665
2.34648e-09	0.0219605
2.34654e-09	0.0219545
2.3466e-09	0.0219485
2.34667e-09	0.0219426
2.34673e-09	0.0219366
2.3468e-09	0.0219306
2.34686e-09	0.0219246
2.34692e-09	0.0219186
2.34699e-09	0.0219125
2.34705e-09	0.0219065
2.34712e-09	0.0219005
2.34718e-09	0.0218945
2.34724e-09	0.0218885
2.34731e-09	0.0218824
2.34737e-09	0.0218764
2.34744e-09	0.0218704
2.3475e-09	0.0218643
2.34756e-09	0.0218583
2.34763e-09	0.0218522
2.34769e-09	0.0218462
2.34776e-09	0.0218401
2.34782e-09	0.0218341
2.34788e-09	0.021828
2.34795e-09	0.0218219
2.34801e-09	0.0218159
2.34808e-09	0.0218098
2.34814e-09	0.0218037
2.3482e-09	0.0217976
2.34827e-09	0.0217915
2.34833e-09	0.0217854
2.3484e-09	0.0217793
2.34846e-09	0.0217732
2.34852e-09	0.0217671
2.34859e-09	0.021761
2.34865e-09	0.0217549
2.34872e-09	0.0217488
2.34878e-09	0.0217427
2.34884e-09	0.0217366
2.34891e-09	0.0217305
2.34897e-09	0.0217243
2.34904e-09	0.0217182
2.3491e-09	0.0217121
2.34916e-09	0.0217059
2.34923e-09	0.0216998
2.34929e-09	0.0216936
2.34936e-09	0.0216875
2.34942e-09	0.0216813
2.34949e-09	0.0216752
2.34955e-09	0.021669
2.34961e-09	0.0216628
2.34968e-09	0.0216567
2.34974e-09	0.0216505
2.34981e-09	0.0216443
2.34987e-09	0.0216381
2.34993e-09	0.0216319
2.35e-09	0.0216258
2.35006e-09	0.0216196
2.35013e-09	0.0216134
2.35019e-09	0.0216072
2.35025e-09	0.021601
2.35032e-09	0.0215948
2.35038e-09	0.0215886
2.35045e-09	0.0215823
2.35051e-09	0.0215761
2.35057e-09	0.0215699
2.35064e-09	0.0215637
2.3507e-09	0.0215575
2.35077e-09	0.0215512
2.35083e-09	0.021545
2.35089e-09	0.0215388
2.35096e-09	0.0215325
2.35102e-09	0.0215263
2.35109e-09	0.02152
2.35115e-09	0.0215138
2.35121e-09	0.0215075
2.35128e-09	0.0215012
2.35134e-09	0.021495
2.35141e-09	0.0214887
2.35147e-09	0.0214824
2.35153e-09	0.0214762
2.3516e-09	0.0214699
2.35166e-09	0.0214636
2.35173e-09	0.0214573
2.35179e-09	0.021451
2.35185e-09	0.0214448
2.35192e-09	0.0214385
2.35198e-09	0.0214322
2.35205e-09	0.0214259
2.35211e-09	0.0214196
2.35217e-09	0.0214132
2.35224e-09	0.0214069
2.3523e-09	0.0214006
2.35237e-09	0.0213943
2.35243e-09	0.021388
2.35249e-09	0.0213817
2.35256e-09	0.0213753
2.35262e-09	0.021369
2.35269e-09	0.0213627
2.35275e-09	0.0213563
2.35281e-09	0.02135
2.35288e-09	0.0213436
2.35294e-09	0.0213373
2.35301e-09	0.0213309
2.35307e-09	0.0213246
2.35313e-09	0.0213182
2.3532e-09	0.0213119
2.35326e-09	0.0213055
2.35333e-09	0.0212991
2.35339e-09	0.0212928
2.35345e-09	0.0212864
2.35352e-09	0.02128
2.35358e-09	0.0212736
2.35365e-09	0.0212672
2.35371e-09	0.0212608
2.35377e-09	0.0212545
2.35384e-09	0.0212481
2.3539e-09	0.0212417
2.35397e-09	0.0212353
2.35403e-09	0.0212289
2.35409e-09	0.0212224
2.35416e-09	0.021216
2.35422e-09	0.0212096
2.35429e-09	0.0212032
2.35435e-09	0.0211968
2.35441e-09	0.0211904
2.35448e-09	0.0211839
2.35454e-09	0.0211775
2.35461e-09	0.0211711
2.35467e-09	0.0211646
2.35473e-09	0.0211582
2.3548e-09	0.0211517
2.35486e-09	0.0211453
2.35493e-09	0.0211388
2.35499e-09	0.0211324
2.35505e-09	0.0211259
2.35512e-09	0.0211195
2.35518e-09	0.021113
2.35525e-09	0.0211065
2.35531e-09	0.0211001
2.35537e-09	0.0210936
2.35544e-09	0.0210871
2.3555e-09	0.0210807
2.35557e-09	0.0210742
2.35563e-09	0.0210677
2.35569e-09	0.0210612
2.35576e-09	0.0210547
2.35582e-09	0.0210482
2.35589e-09	0.0210417
2.35595e-09	0.0210352
2.35601e-09	0.0210287
2.35608e-09	0.0210222
2.35614e-09	0.0210157
2.35621e-09	0.0210092
2.35627e-09	0.0210027
2.35633e-09	0.0209962
2.3564e-09	0.0209896
2.35646e-09	0.0209831
2.35653e-09	0.0209766
2.35659e-09	0.0209701
2.35665e-09	0.0209635
2.35672e-09	0.020957
2.35678e-09	0.0209504
2.35685e-09	0.0209439
2.35691e-09	0.0209374
2.35697e-09	0.0209308
2.35704e-09	0.0209243
2.3571e-09	0.0209177
2.35717e-09	0.0209111
2.35723e-09	0.0209046
2.35729e-09	0.020898
2.35736e-09	0.0208915
2.35742e-09	0.0208849
2.35749e-09	0.0208783
2.35755e-09	0.0208717
2.35761e-09	0.0208652
2.35768e-09	0.0208586
2.35774e-09	0.020852
2.35781e-09	0.0208454
2.35787e-09	0.0208388
2.35793e-09	0.0208322
2.358e-09	0.0208256
2.35806e-09	0.020819
2.35813e-09	0.0208124
2.35819e-09	0.0208058
2.35825e-09	0.0207992
2.35832e-09	0.0207926
2.35838e-09	0.020786
2.35845e-09	0.0207794
2.35851e-09	0.0207728
2.35857e-09	0.0207661
2.35864e-09	0.0207595
2.3587e-09	0.0207529
2.35877e-09	0.0207463
2.35883e-09	0.0207396
2.35889e-09	0.020733
2.35896e-09	0.0207264
2.35902e-09	0.0207197
2.35909e-09	0.0207131
2.35915e-09	0.0207064
2.35921e-09	0.0206998
2.35928e-09	0.0206931
2.35934e-09	0.0206865
2.35941e-09	0.0206798
2.35947e-09	0.0206732
2.35953e-09	0.0206665
2.3596e-09	0.0206598
2.35966e-09	0.0206532
2.35973e-09	0.0206465
2.35979e-09	0.0206398
2.35985e-09	0.0206331
2.35992e-09	0.0206265
2.35998e-09	0.0206198
2.36005e-09	0.0206131
2.36011e-09	0.0206064
2.36017e-09	0.0205997
2.36024e-09	0.020593
2.3603e-09	0.0205863
2.36037e-09	0.0205796
2.36043e-09	0.0205729
2.36049e-09	0.0205662
2.36056e-09	0.0205595
2.36062e-09	0.0205528
2.36069e-09	0.0205461
2.36075e-09	0.0205394
2.36081e-09	0.0205327
2.36088e-09	0.0205259
2.36094e-09	0.0205192
2.36101e-09	0.0205125
2.36107e-09	0.0205058
2.36113e-09	0.020499
2.3612e-09	0.0204923
2.36126e-09	0.0204856
2.36133e-09	0.0204788
2.36139e-09	0.0204721
2.36145e-09	0.0204654
2.36152e-09	0.0204586
2.36158e-09	0.0204519
2.36165e-09	0.0204451
2.36171e-09	0.0204384
2.36177e-09	0.0204316
2.36184e-09	0.0204248
2.3619e-09	0.0204181
2.36197e-09	0.0204113
2.36203e-09	0.0204045
2.36209e-09	0.0203978
2.36216e-09	0.020391
2.36222e-09	0.0203842
2.36229e-09	0.0203775
2.36235e-09	0.0203707
2.36241e-09	0.0203639
2.36248e-09	0.0203571
2.36254e-09	0.0203503
2.36261e-09	0.0203435
2.36267e-09	0.0203368
2.36273e-09	0.02033
2.3628e-09	0.0203232
2.36286e-09	0.0203164
2.36293e-09	0.0203096
2.36299e-09	0.0203028
2.36305e-09	0.020296
2.36312e-09	0.0202891
2.36318e-09	0.0202823
2.36325e-09	0.0202755
2.36331e-09	0.0202687
2.36337e-09	0.0202619
2.36344e-09	0.0202551
2.3635e-09	0.0202482
2.36357e-09	0.0202414
2.36363e-09	0.0202346
2.36369e-09	0.0202278
2.36376e-09	0.0202209
2.36382e-09	0.0202141
2.36389e-09	0.0202073
2.36395e-09	0.0202004
2.36401e-09	0.0201936
2.36408e-09	0.0201867
2.36414e-09	0.0201799
2.36421e-09	0.020173
2.36427e-09	0.0201662
2.36433e-09	0.0201593
2.3644e-09	0.0201525
2.36446e-09	0.0201456
2.36453e-09	0.0201388
2.36459e-09	0.0201319
2.36465e-09	0.020125
2.36472e-09	0.0201182
2.36478e-09	0.0201113
2.36485e-09	0.0201044
2.36491e-09	0.0200975
2.36497e-09	0.0200907
2.36504e-09	0.0200838
2.3651e-09	0.0200769
2.36517e-09	0.02007
2.36523e-09	0.0200631
2.36529e-09	0.0200563
2.36536e-09	0.0200494
2.36542e-09	0.0200425
2.36549e-09	0.0200356
2.36555e-09	0.0200287
2.36561e-09	0.0200218
2.36568e-09	0.0200149
2.36574e-09	0.020008
2.36581e-09	0.0200011
2.36587e-09	0.0199942
2.36593e-09	0.0199873
2.366e-09	0.0199803
2.36606e-09	0.0199734
2.36613e-09	0.0199665
2.36619e-09	0.0199596
2.36625e-09	0.0199527
2.36632e-09	0.0199457
2.36638e-09	0.0199388
2.36645e-09	0.0199319
2.36651e-09	0.019925
2.36657e-09	0.019918
2.36664e-09	0.0199111
2.3667e-09	0.0199042
2.36677e-09	0.0198972
2.36683e-09	0.0198903
2.3669e-09	0.0198833
2.36696e-09	0.0198764
2.36702e-09	0.0198694
2.36709e-09	0.0198625
2.36715e-09	0.0198555
2.36722e-09	0.0198486
2.36728e-09	0.0198416
2.36734e-09	0.0198347
2.36741e-09	0.0198277
2.36747e-09	0.0198208
2.36754e-09	0.0198138
2.3676e-09	0.0198068
2.36766e-09	0.0197999
2.36773e-09	0.0197929
2.36779e-09	0.0197859
2.36786e-09	0.0197789
2.36792e-09	0.019772
2.36798e-09	0.019765
2.36805e-09	0.019758
2.36811e-09	0.019751
2.36818e-09	0.019744
2.36824e-09	0.0197371
2.3683e-09	0.0197301
2.36837e-09	0.0197231
2.36843e-09	0.0197161
2.3685e-09	0.0197091
2.36856e-09	0.0197021
2.36862e-09	0.0196951
2.36869e-09	0.0196881
2.36875e-09	0.0196811
2.36882e-09	0.0196741
2.36888e-09	0.0196671
2.36894e-09	0.0196601
2.36901e-09	0.0196531
2.36907e-09	0.0196461
2.36914e-09	0.0196391
2.3692e-09	0.019632
2.36926e-09	0.019625
2.36933e-09	0.019618
2.36939e-09	0.019611
2.36946e-09	0.019604
2.36952e-09	0.0195969
2.36958e-09	0.0195899
2.36965e-09	0.0195829
2.36971e-09	0.0195758
2.36978e-09	0.0195688
2.36984e-09	0.0195618
2.3699e-09	0.0195547
2.36997e-09	0.0195477
2.37003e-09	0.0195407
2.3701e-09	0.0195336
2.37016e-09	0.0195266
2.37022e-09	0.0195195
2.37029e-09	0.0195125
2.37035e-09	0.0195054
2.37042e-09	0.0194984
2.37048e-09	0.0194913
2.37054e-09	0.0194843
2.37061e-09	0.0194772
2.37067e-09	0.0194702
2.37074e-09	0.0194631
2.3708e-09	0.019456
2.37086e-09	0.019449
2.37093e-09	0.0194419
2.37099e-09	0.0194348
2.37106e-09	0.0194278
2.37112e-09	0.0194207
2.37118e-09	0.0194136
2.37125e-09	0.0194065
2.37131e-09	0.0193995
2.37138e-09	0.0193924
2.37144e-09	0.0193853
2.3715e-09	0.0193782
2.37157e-09	0.0193711
2.37163e-09	0.0193641
2.3717e-09	0.019357
2.37176e-09	0.0193499
2.37182e-09	0.0193428
2.37189e-09	0.0193357
2.37195e-09	0.0193286
2.37202e-09	0.0193215
2.37208e-09	0.0193144
2.37214e-09	0.0193073
2.37221e-09	0.0193002
2.37227e-09	0.0192931
2.37234e-09	0.019286
2.3724e-09	0.0192789
2.37246e-09	0.0192718
2.37253e-09	0.0192647
2.37259e-09	0.0192576
2.37266e-09	0.0192505
2.37272e-09	0.0192433
2.37278e-09	0.0192362
2.37285e-09	0.0192291
2.37291e-09	0.019222
2.37298e-09	0.0192149
2.37304e-09	0.0192077
2.3731e-09	0.0192006
2.37317e-09	0.0191935
2.37323e-09	0.0191864
2.3733e-09	0.0191792
2.37336e-09	0.0191721
2.37342e-09	0.019165
2.37349e-09	0.0191578
2.37355e-09	0.0191507
2.37362e-09	0.0191436
2.37368e-09	0.0191364
2.37374e-09	0.0191293
2.37381e-09	0.0191222
2.37387e-09	0.019115
2.37394e-09	0.0191079
2.374e-09	0.0191007
2.37406e-09	0.0190936
2.37413e-09	0.0190864
2.37419e-09	0.0190793
2.37426e-09	0.0190721
2.37432e-09	0.019065
2.37438e-09	0.0190578
2.37445e-09	0.0190506
2.37451e-09	0.0190435
2.37458e-09	0.0190363
2.37464e-09	0.0190292
2.3747e-09	0.019022
2.37477e-09	0.0190148
2.37483e-09	0.0190077
2.3749e-09	0.0190005
2.37496e-09	0.0189933
2.37502e-09	0.0189862
2.37509e-09	0.018979
2.37515e-09	0.0189718
2.37522e-09	0.0189646
2.37528e-09	0.0189575
2.37534e-09	0.0189503
2.37541e-09	0.0189431
2.37547e-09	0.0189359
2.37554e-09	0.0189287
2.3756e-09	0.0189216
2.37566e-09	0.0189144
2.37573e-09	0.0189072
2.37579e-09	0.0189
2.37586e-09	0.0188928
2.37592e-09	0.0188856
2.37598e-09	0.0188784
2.37605e-09	0.0188712
2.37611e-09	0.018864
2.37618e-09	0.0188568
2.37624e-09	0.0188496
2.3763e-09	0.0188424
2.37637e-09	0.0188352
2.37643e-09	0.018828
2.3765e-09	0.0188208
2.37656e-09	0.0188136
2.37662e-09	0.0188064
2.37669e-09	0.0187992
2.37675e-09	0.018792
2.37682e-09	0.0187848
2.37688e-09	0.0187776
2.37694e-09	0.0187704
2.37701e-09	0.0187632
2.37707e-09	0.0187559
2.37714e-09	0.0187487
2.3772e-09	0.0187415
2.37726e-09	0.0187343
2.37733e-09	0.0187271
2.37739e-09	0.0187198
2.37746e-09	0.0187126
2.37752e-09	0.0187054
2.37758e-09	0.0186982
2.37765e-09	0.0186909
2.37771e-09	0.0186837
2.37778e-09	0.0186765
2.37784e-09	0.0186693
2.3779e-09	0.018662
2.37797e-09	0.0186548
2.37803e-09	0.0186475
2.3781e-09	0.0186403
2.37816e-09	0.0186331
2.37822e-09	0.0186258
2.37829e-09	0.0186186
2.37835e-09	0.0186114
2.37842e-09	0.0186041
2.37848e-09	0.0185969
2.37854e-09	0.0185896
2.37861e-09	0.0185824
2.37867e-09	0.0185751
2.37874e-09	0.0185679
2.3788e-09	0.0185606
2.37886e-09	0.0185534
2.37893e-09	0.0185461
2.37899e-09	0.0185389
2.37906e-09	0.0185316
2.37912e-09	0.0185244
2.37918e-09	0.0185171
2.37925e-09	0.0185098
2.37931e-09	0.0185026
2.37938e-09	0.0184953
2.37944e-09	0.0184881
2.3795e-09	0.0184808
2.37957e-09	0.0184735
2.37963e-09	0.0184663
2.3797e-09	0.018459
2.37976e-09	0.0184517
2.37982e-09	0.0184445
2.37989e-09	0.0184372
2.37995e-09	0.0184299
2.38002e-09	0.0184227
2.38008e-09	0.0184154
2.38014e-09	0.0184081
2.38021e-09	0.0184008
2.38027e-09	0.0183936
2.38034e-09	0.0183863
2.3804e-09	0.018379
2.38046e-09	0.0183717
2.38053e-09	0.0183644
2.38059e-09	0.0183572
2.38066e-09	0.0183499
2.38072e-09	0.0183426
2.38078e-09	0.0183353
2.38085e-09	0.018328
2.38091e-09	0.0183207
2.38098e-09	0.0183134
2.38104e-09	0.0183061
2.3811e-09	0.0182989
2.38117e-09	0.0182916
2.38123e-09	0.0182843
2.3813e-09	0.018277
2.38136e-09	0.0182697
2.38142e-09	0.0182624
2.38149e-09	0.0182551
2.38155e-09	0.0182478
2.38162e-09	0.0182405
2.38168e-09	0.0182332
2.38174e-09	0.0182259
2.38181e-09	0.0182186
2.38187e-09	0.0182113
2.38194e-09	0.018204
2.382e-09	0.0181967
2.38206e-09	0.0181894
2.38213e-09	0.0181821
2.38219e-09	0.0181748
2.38226e-09	0.0181675
2.38232e-09	0.0181601
2.38238e-09	0.0181528
2.38245e-09	0.0181455
2.38251e-09	0.0181382
2.38258e-09	0.0181309
2.38264e-09	0.0181236
2.3827e-09	0.0181163
2.38277e-09	0.0181089
2.38283e-09	0.0181016
2.3829e-09	0.0180943
2.38296e-09	0.018087
2.38302e-09	0.0180797
2.38309e-09	0.0180724
2.38315e-09	0.018065
2.38322e-09	0.0180577
2.38328e-09	0.0180504
2.38334e-09	0.0180431
2.38341e-09	0.0180357
2.38347e-09	0.0180284
2.38354e-09	0.0180211
2.3836e-09	0.0180138
2.38366e-09	0.0180064
2.38373e-09	0.0179991
2.38379e-09	0.0179918
2.38386e-09	0.0179844
2.38392e-09	0.0179771
2.38398e-09	0.0179698
2.38405e-09	0.0179624
2.38411e-09	0.0179551
2.38418e-09	0.0179478
2.38424e-09	0.0179404
2.38431e-09	0.0179331
2.38437e-09	0.0179258
2.38443e-09	0.0179184
2.3845e-09	0.0179111
2.38456e-09	0.0179037
2.38463e-09	0.0178964
2.38469e-09	0.017889
2.38475e-09	0.0178817
2.38482e-09	0.0178744
2.38488e-09	0.017867
2.38495e-09	0.0178597
2.38501e-09	0.0178523
2.38507e-09	0.017845
2.38514e-09	0.0178376
2.3852e-09	0.0178303
2.38527e-09	0.0178229
2.38533e-09	0.0178156
2.38539e-09	0.0178082
2.38546e-09	0.0178009
2.38552e-09	0.0177935
2.38559e-09	0.0177862
2.38565e-09	0.0177788
2.38571e-09	0.0177715
2.38578e-09	0.0177641
2.38584e-09	0.0177568
2.38591e-09	0.0177494
2.38597e-09	0.017742
2.38603e-09	0.0177347
2.3861e-09	0.0177273
2.38616e-09	0.01772
2.38623e-09	0.0177126
2.38629e-09	0.0177052
2.38635e-09	0.0176979
2.38642e-09	0.0176905
2.38648e-09	0.0176832
2.38655e-09	0.0176758
2.38661e-09	0.0176684
2.38667e-09	0.0176611
2.38674e-09	0.0176537
2.3868e-09	0.0176463
2.38687e-09	0.017639
2.38693e-09	0.0176316
2.38699e-09	0.0176242
2.38706e-09	0.0176169
2.38712e-09	0.0176095
2.38719e-09	0.0176021
2.38725e-09	0.0175947
2.38731e-09	0.0175874
2.38738e-09	0.01758
2.38744e-09	0.0175726
2.38751e-09	0.0175653
2.38757e-09	0.0175579
2.38763e-09	0.0175505
2.3877e-09	0.0175431
2.38776e-09	0.0175358
2.38783e-09	0.0175284
2.38789e-09	0.017521
2.38795e-09	0.0175136
2.38802e-09	0.0175062
2.38808e-09	0.0174989
2.38815e-09	0.0174915
2.38821e-09	0.0174841
2.38827e-09	0.0174767
2.38834e-09	0.0174693
2.3884e-09	0.017462
2.38847e-09	0.0174546
2.38853e-09	0.0174472
2.38859e-09	0.0174398
2.38866e-09	0.0174324
2.38872e-09	0.017425
2.38879e-09	0.0174177
2.38885e-09	0.0174103
2.38891e-09	0.0174029
2.38898e-09	0.0173955
2.38904e-09	0.0173881
2.38911e-09	0.0173807
2.38917e-09	0.0173733
2.38923e-09	0.017366
2.3893e-09	0.0173586
2.38936e-09	0.0173512
2.38943e-09	0.0173438
2.38949e-09	0.0173364
2.38955e-09	0.017329
2.38962e-09	0.0173216
2.38968e-09	0.0173142
2.38975e-09	0.0173068
2.38981e-09	0.0172994
2.38987e-09	0.017292
2.38994e-09	0.0172846
2.39e-09	0.0172773
2.39007e-09	0.0172699
2.39013e-09	0.0172625
2.39019e-09	0.0172551
2.39026e-09	0.0172477
2.39032e-09	0.0172403
2.39039e-09	0.0172329
2.39045e-09	0.0172255
2.39051e-09	0.0172181
2.39058e-09	0.0172107
2.39064e-09	0.0172033
2.39071e-09	0.0171959
2.39077e-09	0.0171885
2.39083e-09	0.0171811
2.3909e-09	0.0171737
2.39096e-09	0.0171663
2.39103e-09	0.0171589
2.39109e-09	0.0171515
2.39115e-09	0.0171441
2.39122e-09	0.0171367
2.39128e-09	0.0171293
2.39135e-09	0.0171219
2.39141e-09	0.0171145
2.39147e-09	0.0171071
2.39154e-09	0.0170997
2.3916e-09	0.0170923
2.39167e-09	0.0170848
2.39173e-09	0.0170774
2.39179e-09	0.01707
2.39186e-09	0.0170626
2.39192e-09	0.0170552
2.39199e-09	0.0170478
2.39205e-09	0.0170404
2.39211e-09	0.017033
2.39218e-09	0.0170256
2.39224e-09	0.0170182
2.39231e-09	0.0170108
2.39237e-09	0.0170034
2.39243e-09	0.016996
2.3925e-09	0.0169886
2.39256e-09	0.0169811
2.39263e-09	0.0169737
2.39269e-09	0.0169663
2.39275e-09	0.0169589
2.39282e-09	0.0169515
2.39288e-09	0.0169441
2.39295e-09	0.0169367
2.39301e-09	0.0169293
2.39307e-09	0.0169219
2.39314e-09	0.0169144
2.3932e-09	0.016907
2.39327e-09	0.0168996
2.39333e-09	0.0168922
2.39339e-09	0.0168848
2.39346e-09	0.0168774
2.39352e-09	0.01687
2.39359e-09	0.0168625
2.39365e-09	0.0168551
2.39371e-09	0.0168477
2.39378e-09	0.0168403
2.39384e-09	0.0168329
2.39391e-09	0.0168255
2.39397e-09	0.0168181
2.39403e-09	0.0168106
2.3941e-09	0.0168032
2.39416e-09	0.0167958
2.39423e-09	0.0167884
2.39429e-09	0.016781
2.39435e-09	0.0167736
2.39442e-09	0.0167661
2.39448e-09	0.0167587
2.39455e-09	0.0167513
2.39461e-09	0.0167439
2.39467e-09	0.0167365
2.39474e-09	0.0167291
2.3948e-09	0.0167216
2.39487e-09	0.0167142
2.39493e-09	0.0167068
2.39499e-09	0.0166994
2.39506e-09	0.016692
2.39512e-09	0.0166845
2.39519e-09	0.0166771
2.39525e-09	0.0166697
2.39531e-09	0.0166623
2.39538e-09	0.0166549
2.39544e-09	0.0166474
2.39551e-09	0.01664
2.39557e-09	0.0166326
2.39563e-09	0.0166252
2.3957e-09	0.0166178
2.39576e-09	0.0166103
2.39583e-09	0.0166029
2.39589e-09	0.0165955
2.39595e-09	0.0165881
2.39602e-09	0.0165807
2.39608e-09	0.0165732
2.39615e-09	0.0165658
2.39621e-09	0.0165584
2.39627e-09	0.016551
2.39634e-09	0.0165436
2.3964e-09	0.0165361
2.39647e-09	0.0165287
2.39653e-09	0.0165213
2.39659e-09	0.0165139
2.39666e-09	0.0165065
2.39672e-09	0.016499
2.39679e-09	0.0164916
2.39685e-09	0.0164842
2.39691e-09	0.0164768
2.39698e-09	0.0164693
2.39704e-09	0.0164619
2.39711e-09	0.0164545
2.39717e-09	0.0164471
2.39723e-09	0.0164397
2.3973e-09	0.0164322
2.39736e-09	0.0164248
2.39743e-09	0.0164174
2.39749e-09	0.01641
2.39755e-09	0.0164025
2.39762e-09	0.0163951
2.39768e-09	0.0163877
2.39775e-09	0.0163803
2.39781e-09	0.0163729
2.39787e-09	0.0163654
2.39794e-09	0.016358
2.398e-09	0.0163506
2.39807e-09	0.0163432
2.39813e-09	0.0163357
2.39819e-09	0.0163283
2.39826e-09	0.0163209
2.39832e-09	0.0163135
2.39839e-09	0.0163061
2.39845e-09	0.0162986
2.39851e-09	0.0162912
2.39858e-09	0.0162838
2.39864e-09	0.0162764
2.39871e-09	0.0162689
2.39877e-09	0.0162615
2.39883e-09	0.0162541
2.3989e-09	0.0162467
2.39896e-09	0.0162393
2.39903e-09	0.0162318
2.39909e-09	0.0162244
2.39915e-09	0.016217
2.39922e-09	0.0162096
2.39928e-09	0.0162022
2.39935e-09	0.0161947
2.39941e-09	0.0161873
2.39947e-09	0.0161799
2.39954e-09	0.0161725
2.3996e-09	0.016165
2.39967e-09	0.0161576
2.39973e-09	0.0161502
2.39979e-09	0.0161428
2.39986e-09	0.0161354
2.39992e-09	0.0161279
2.39999e-09	0.0161205
2.40005e-09	0.0161131
2.40011e-09	0.0161057
2.40018e-09	0.0160983
2.40024e-09	0.0160908
2.40031e-09	0.0160834
2.40037e-09	0.016076
2.40043e-09	0.0160686
2.4005e-09	0.0160612
2.40056e-09	0.0160537
2.40063e-09	0.0160463
2.40069e-09	0.0160389
2.40075e-09	0.0160315
2.40082e-09	0.0160241
2.40088e-09	0.0160167
2.40095e-09	0.0160092
2.40101e-09	0.0160018
2.40107e-09	0.0159944
2.40114e-09	0.015987
2.4012e-09	0.0159796
2.40127e-09	0.0159722
2.40133e-09	0.0159647
2.40139e-09	0.0159573
2.40146e-09	0.0159499
2.40152e-09	0.0159425
2.40159e-09	0.0159351
2.40165e-09	0.0159277
2.40171e-09	0.0159202
2.40178e-09	0.0159128
2.40184e-09	0.0159054
2.40191e-09	0.015898
2.40197e-09	0.0158906
2.40204e-09	0.0158832
2.4021e-09	0.0158757
2.40216e-09	0.0158683
2.40223e-09	0.0158609
2.40229e-09	0.0158535
2.40236e-09	0.0158461
2.40242e-09	0.0158387
2.40248e-09	0.0158313
2.40255e-09	0.0158238
2.40261e-09	0.0158164
2.40268e-09	0.015809
2.40274e-09	0.0158016
2.4028e-09	0.0157942
2.40287e-09	0.0157868
2.40293e-09	0.0157794
2.403e-09	0.015772
2.40306e-09	0.0157646
2.40312e-09	0.0157571
2.40319e-09	0.0157497
2.40325e-09	0.0157423
2.40332e-09	0.0157349
2.40338e-09	0.0157275
2.40344e-09	0.0157201
2.40351e-09	0.0157127
2.40357e-09	0.0157053
2.40364e-09	0.0156979
2.4037e-09	0.0156905
2.40376e-09	0.0156831
2.40383e-09	0.0156756
2.40389e-09	0.0156682
2.40396e-09	0.0156608
2.40402e-09	0.0156534
2.40408e-09	0.015646
2.40415e-09	0.0156386
2.40421e-09	0.0156312
2.40428e-09	0.0156238
2.40434e-09	0.0156164
2.4044e-09	0.015609
2.40447e-09	0.0156016
2.40453e-09	0.0155942
2.4046e-09	0.0155868
2.40466e-09	0.0155794
2.40472e-09	0.015572
2.40479e-09	0.0155646
2.40485e-09	0.0155572
2.40492e-09	0.0155498
2.40498e-09	0.0155424
2.40504e-09	0.015535
2.40511e-09	0.0155276
2.40517e-09	0.0155202
2.40524e-09	0.0155128
2.4053e-09	0.0155054
2.40536e-09	0.015498
2.40543e-09	0.0154906
2.40549e-09	0.0154832
2.40556e-09	0.0154758
2.40562e-09	0.0154684
2.40568e-09	0.015461
2.40575e-09	0.0154536
2.40581e-09	0.0154462
2.40588e-09	0.0154388
2.40594e-09	0.0154314
2.406e-09	0.015424
2.40607e-09	0.0154166
2.40613e-09	0.0154092
2.4062e-09	0.0154018
2.40626e-09	0.0153944
2.40632e-09	0.015387
2.40639e-09	0.0153797
2.40645e-09	0.0153723
2.40652e-09	0.0153649
2.40658e-09	0.0153575
2.40664e-09	0.0153501
2.40671e-09	0.0153427
2.40677e-09	0.0153353
2.40684e-09	0.0153279
2.4069e-09	0.0153205
2.40696e-09	0.0153131
2.40703e-09	0.0153058
2.40709e-09	0.0152984
2.40716e-09	0.015291
2.40722e-09	0.0152836
2.40728e-09	0.0152762
2.40735e-09	0.0152688
2.40741e-09	0.0152614
2.40748e-09	0.0152541
2.40754e-09	0.0152467
2.4076e-09	0.0152393
2.40767e-09	0.0152319
2.40773e-09	0.0152245
2.4078e-09	0.0152171
2.40786e-09	0.0152098
2.40792e-09	0.0152024
2.40799e-09	0.015195
2.40805e-09	0.0151876
2.40812e-09	0.0151802
2.40818e-09	0.0151729
2.40824e-09	0.0151655
2.40831e-09	0.0151581
2.40837e-09	0.0151507
2.40844e-09	0.0151434
2.4085e-09	0.015136
2.40856e-09	0.0151286
2.40863e-09	0.0151212
2.40869e-09	0.0151139
2.40876e-09	0.0151065
2.40882e-09	0.0150991
2.40888e-09	0.0150917
2.40895e-09	0.0150844
2.40901e-09	0.015077
2.40908e-09	0.0150696
2.40914e-09	0.0150623
2.4092e-09	0.0150549
2.40927e-09	0.0150475
2.40933e-09	0.0150401
2.4094e-09	0.0150328
2.40946e-09	0.0150254
2.40952e-09	0.015018
2.40959e-09	0.0150107
2.40965e-09	0.0150033
2.40972e-09	0.014996
2.40978e-09	0.0149886
2.40984e-09	0.0149812
2.40991e-09	0.0149739
2.40997e-09	0.0149665
2.41004e-09	0.0149591
2.4101e-09	0.0149518
2.41016e-09	0.0149444
2.41023e-09	0.0149371
2.41029e-09	0.0149297
2.41036e-09	0.0149223
2.41042e-09	0.014915
2.41048e-09	0.0149076
2.41055e-09	0.0149003
2.41061e-09	0.0148929
2.41068e-09	0.0148856
2.41074e-09	0.0148782
2.4108e-09	0.0148708
2.41087e-09	0.0148635
2.41093e-09	0.0148561
2.411e-09	0.0148488
2.41106e-09	0.0148414
2.41112e-09	0.0148341
2.41119e-09	0.0148267
2.41125e-09	0.0148194
2.41132e-09	0.014812
2.41138e-09	0.0148047
2.41144e-09	0.0147973
2.41151e-09	0.01479
2.41157e-09	0.0147826
2.41164e-09	0.0147753
2.4117e-09	0.014768
2.41176e-09	0.0147606
2.41183e-09	0.0147533
2.41189e-09	0.0147459
2.41196e-09	0.0147386
2.41202e-09	0.0147312
2.41208e-09	0.0147239
2.41215e-09	0.0147166
2.41221e-09	0.0147092
2.41228e-09	0.0147019
2.41234e-09	0.0146945
2.4124e-09	0.0146872
2.41247e-09	0.0146799
2.41253e-09	0.0146725
2.4126e-09	0.0146652
2.41266e-09	0.0146579
2.41272e-09	0.0146505
2.41279e-09	0.0146432
2.41285e-09	0.0146359
2.41292e-09	0.0146285
2.41298e-09	0.0146212
2.41304e-09	0.0146139
2.41311e-09	0.0146065
2.41317e-09	0.0145992
2.41324e-09	0.0145919
2.4133e-09	0.0145846
2.41336e-09	0.0145772
2.41343e-09	0.0145699
2.41349e-09	0.0145626
2.41356e-09	0.0145553
2.41362e-09	0.0145479
2.41368e-09	0.0145406
2.41375e-09	0.0145333
2.41381e-09	0.014526
2.41388e-09	0.0145187
2.41394e-09	0.0145113
2.414e-09	0.014504
2.41407e-09	0.0144967
2.41413e-09	0.0144894
2.4142e-09	0.0144821
2.41426e-09	0.0144748
2.41432e-09	0.0144674
2.41439e-09	0.0144601
2.41445e-09	0.0144528
2.41452e-09	0.0144455
2.41458e-09	0.0144382
2.41464e-09	0.0144309
2.41471e-09	0.0144236
2.41477e-09	0.0144163
2.41484e-09	0.014409
2.4149e-09	0.0144017
2.41496e-09	0.0143943
2.41503e-09	0.014387
2.41509e-09	0.0143797
2.41516e-09	0.0143724
2.41522e-09	0.0143651
2.41528e-09	0.0143578
2.41535e-09	0.0143505
2.41541e-09	0.0143432
2.41548e-09	0.0143359
2.41554e-09	0.0143286
2.4156e-09	0.0143213
2.41567e-09	0.014314
2.41573e-09	0.0143067
2.4158e-09	0.0142994
2.41586e-09	0.0142922
2.41592e-09	0.0142849
2.41599e-09	0.0142776
2.41605e-09	0.0142703
2.41612e-09	0.014263
2.41618e-09	0.0142557
2.41624e-09	0.0142484
2.41631e-09	0.0142411
2.41637e-09	0.0142338
2.41644e-09	0.0142265
2.4165e-09	0.0142193
2.41656e-09	0.014212
2.41663e-09	0.0142047
2.41669e-09	0.0141974
2.41676e-09	0.0141901
2.41682e-09	0.0141829
2.41688e-09	0.0141756
2.41695e-09	0.0141683
2.41701e-09	0.014161
2.41708e-09	0.0141537
2.41714e-09	0.0141465
2.4172e-09	0.0141392
2.41727e-09	0.0141319
2.41733e-09	0.0141246
2.4174e-09	0.0141174
2.41746e-09	0.0141101
2.41752e-09	0.0141028
2.41759e-09	0.0140956
2.41765e-09	0.0140883
2.41772e-09	0.014081
2.41778e-09	0.0140738
2.41784e-09	0.0140665
2.41791e-09	0.0140592
2.41797e-09	0.014052
2.41804e-09	0.0140447
2.4181e-09	0.0140374
2.41816e-09	0.0140302
2.41823e-09	0.0140229
2.41829e-09	0.0140157
2.41836e-09	0.0140084
2.41842e-09	0.0140011
2.41848e-09	0.0139939
2.41855e-09	0.0139866
2.41861e-09	0.0139794
2.41868e-09	0.0139721
2.41874e-09	0.0139649
2.4188e-09	0.0139576
2.41887e-09	0.0139504
2.41893e-09	0.0139431
2.419e-09	0.0139359
2.41906e-09	0.0139286
2.41912e-09	0.0139214
2.41919e-09	0.0139141
2.41925e-09	0.0139069
2.41932e-09	0.0138996
2.41938e-09	0.0138924
2.41945e-09	0.0138852
2.41951e-09	0.0138779
2.41957e-09	0.0138707
2.41964e-09	0.0138634
2.4197e-09	0.0138562
2.41977e-09	0.013849
2.41983e-09	0.0138417
2.41989e-09	0.0138345
2.41996e-09	0.0138273
2.42002e-09	0.01382
2.42009e-09	0.0138128
2.42015e-09	0.0138056
2.42021e-09	0.0137983
2.42028e-09	0.0137911
2.42034e-09	0.0137839
2.42041e-09	0.0137767
2.42047e-09	0.0137694
2.42053e-09	0.0137622
2.4206e-09	0.013755
2.42066e-09	0.0137478
2.42073e-09	0.0137406
2.42079e-09	0.0137333
2.42085e-09	0.0137261
2.42092e-09	0.0137189
2.42098e-09	0.0137117
2.42105e-09	0.0137045
2.42111e-09	0.0136973
2.42117e-09	0.01369
2.42124e-09	0.0136828
2.4213e-09	0.0136756
2.42137e-09	0.0136684
2.42143e-09	0.0136612
2.42149e-09	0.013654
2.42156e-09	0.0136468
2.42162e-09	0.0136396
2.42169e-09	0.0136324
2.42175e-09	0.0136252
2.42181e-09	0.013618
2.42188e-09	0.0136108
2.42194e-09	0.0136036
2.42201e-09	0.0135964
2.42207e-09	0.0135892
2.42213e-09	0.013582
2.4222e-09	0.0135748
2.42226e-09	0.0135676
2.42233e-09	0.0135604
2.42239e-09	0.0135532
2.42245e-09	0.013546
2.42252e-09	0.0135388
2.42258e-09	0.0135316
2.42265e-09	0.0135244
2.42271e-09	0.0135173
2.42277e-09	0.0135101
2.42284e-09	0.0135029
2.4229e-09	0.0134957
2.42297e-09	0.0134885
2.42303e-09	0.0134813
2.42309e-09	0.0134742
2.42316e-09	0.013467
2.42322e-09	0.0134598
2.42329e-09	0.0134526
2.42335e-09	0.0134455
2.42341e-09	0.0134383
2.42348e-09	0.0134311
2.42354e-09	0.0134239
2.42361e-09	0.0134168
2.42367e-09	0.0134096
2.42373e-09	0.0134024
2.4238e-09	0.0133953
2.42386e-09	0.0133881
2.42393e-09	0.0133809
2.42399e-09	0.0133738
2.42405e-09	0.0133666
2.42412e-09	0.0133595
2.42418e-09	0.0133523
2.42425e-09	0.0133451
2.42431e-09	0.013338
2.42437e-09	0.0133308
2.42444e-09	0.0133237
2.4245e-09	0.0133165
2.42457e-09	0.0133094
2.42463e-09	0.0133022
2.42469e-09	0.0132951
2.42476e-09	0.0132879
2.42482e-09	0.0132808
2.42489e-09	0.0132736
2.42495e-09	0.0132665
2.42501e-09	0.0132593
2.42508e-09	0.0132522
2.42514e-09	0.013245
2.42521e-09	0.0132379
2.42527e-09	0.0132308
2.42533e-09	0.0132236
2.4254e-09	0.0132165
2.42546e-09	0.0132094
2.42553e-09	0.0132022
2.42559e-09	0.0131951
2.42565e-09	0.013188
2.42572e-09	0.0131808
2.42578e-09	0.0131737
2.42585e-09	0.0131666
2.42591e-09	0.0131594
2.42597e-09	0.0131523
2.42604e-09	0.0131452
2.4261e-09	0.0131381
2.42617e-09	0.013131
2.42623e-09	0.0131238
2.42629e-09	0.0131167
2.42636e-09	0.0131096
2.42642e-09	0.0131025
2.42649e-09	0.0130954
2.42655e-09	0.0130883
2.42661e-09	0.0130811
2.42668e-09	0.013074
2.42674e-09	0.0130669
2.42681e-09	0.0130598
2.42687e-09	0.0130527
2.42693e-09	0.0130456
2.427e-09	0.0130385
2.42706e-09	0.0130314
2.42713e-09	0.0130243
2.42719e-09	0.0130172
2.42725e-09	0.0130101
2.42732e-09	0.013003
2.42738e-09	0.0129959
2.42745e-09	0.0129888
2.42751e-09	0.0129817
2.42757e-09	0.0129746
2.42764e-09	0.0129675
2.4277e-09	0.0129604
2.42777e-09	0.0129533
2.42783e-09	0.0129462
2.42789e-09	0.0129392
2.42796e-09	0.0129321
2.42802e-09	0.012925
2.42809e-09	0.0129179
2.42815e-09	0.0129108
2.42821e-09	0.0129037
2.42828e-09	0.0128967
2.42834e-09	0.0128896
2.42841e-09	0.0128825
2.42847e-09	0.0128754
2.42853e-09	0.0128684
2.4286e-09	0.0128613
2.42866e-09	0.0128542
2.42873e-09	0.0128472
2.42879e-09	0.0128401
2.42885e-09	0.012833
2.42892e-09	0.012826
2.42898e-09	0.0128189
2.42905e-09	0.0128118
2.42911e-09	0.0128048
2.42917e-09	0.0127977
2.42924e-09	0.0127907
2.4293e-09	0.0127836
2.42937e-09	0.0127765
2.42943e-09	0.0127695
2.42949e-09	0.0127624
2.42956e-09	0.0127554
2.42962e-09	0.0127483
2.42969e-09	0.0127413
2.42975e-09	0.0127342
2.42981e-09	0.0127272
2.42988e-09	0.0127201
2.42994e-09	0.0127131
2.43001e-09	0.0127061
2.43007e-09	0.012699
2.43013e-09	0.012692
2.4302e-09	0.0126849
2.43026e-09	0.0126779
2.43033e-09	0.0126709
2.43039e-09	0.0126638
2.43045e-09	0.0126568
2.43052e-09	0.0126498
2.43058e-09	0.0126427
2.43065e-09	0.0126357
2.43071e-09	0.0126287
2.43077e-09	0.0126217
2.43084e-09	0.0126146
2.4309e-09	0.0126076
2.43097e-09	0.0126006
2.43103e-09	0.0125936
2.43109e-09	0.0125866
2.43116e-09	0.0125795
2.43122e-09	0.0125725
2.43129e-09	0.0125655
2.43135e-09	0.0125585
2.43141e-09	0.0125515
2.43148e-09	0.0125445
2.43154e-09	0.0125375
2.43161e-09	0.0125305
2.43167e-09	0.0125235
2.43173e-09	0.0125165
2.4318e-09	0.0125095
2.43186e-09	0.0125025
2.43193e-09	0.0124955
2.43199e-09	0.0124885
2.43205e-09	0.0124815
2.43212e-09	0.0124745
2.43218e-09	0.0124675
2.43225e-09	0.0124605
2.43231e-09	0.0124535
2.43237e-09	0.0124465
2.43244e-09	0.0124395
2.4325e-09	0.0124325
2.43257e-09	0.0124255
2.43263e-09	0.0124186
2.43269e-09	0.0124116
2.43276e-09	0.0124046
2.43282e-09	0.0123976
2.43289e-09	0.0123906
2.43295e-09	0.0123837
2.43301e-09	0.0123767
2.43308e-09	0.0123697
2.43314e-09	0.0123627
2.43321e-09	0.0123558
2.43327e-09	0.0123488
2.43333e-09	0.0123418
2.4334e-09	0.0123349
2.43346e-09	0.0123279
2.43353e-09	0.012321
2.43359e-09	0.012314
2.43365e-09	0.012307
2.43372e-09	0.0123001
2.43378e-09	0.0122931
2.43385e-09	0.0122862
2.43391e-09	0.0122792
2.43397e-09	0.0122723
2.43404e-09	0.0122653
2.4341e-09	0.0122584
2.43417e-09	0.0122514
2.43423e-09	0.0122445
2.43429e-09	0.0122375
2.43436e-09	0.0122306
2.43442e-09	0.0122236
2.43449e-09	0.0122167
2.43455e-09	0.0122098
2.43461e-09	0.0122028
2.43468e-09	0.0121959
2.43474e-09	0.012189
2.43481e-09	0.012182
2.43487e-09	0.0121751
2.43493e-09	0.0121682
2.435e-09	0.0121612
2.43506e-09	0.0121543
2.43513e-09	0.0121474
2.43519e-09	0.0121405
2.43525e-09	0.0121335
2.43532e-09	0.0121266
2.43538e-09	0.0121197
2.43545e-09	0.0121128
2.43551e-09	0.0121059
2.43557e-09	0.012099
2.43564e-09	0.012092
2.4357e-09	0.0120851
2.43577e-09	0.0120782
2.43583e-09	0.0120713
2.43589e-09	0.0120644
2.43596e-09	0.0120575
2.43602e-09	0.0120506
2.43609e-09	0.0120437
2.43615e-09	0.0120368
2.43621e-09	0.0120299
2.43628e-09	0.012023
2.43634e-09	0.0120161
2.43641e-09	0.0120092
2.43647e-09	0.0120023
2.43653e-09	0.0119954
2.4366e-09	0.0119885
2.43666e-09	0.0119817
2.43673e-09	0.0119748
2.43679e-09	0.0119679
2.43686e-09	0.011961
2.43692e-09	0.0119541
2.43698e-09	0.0119472
2.43705e-09	0.0119404
2.43711e-09	0.0119335
2.43718e-09	0.0119266
2.43724e-09	0.0119198
2.4373e-09	0.0119129
2.43737e-09	0.011906
2.43743e-09	0.0118991
2.4375e-09	0.0118923
2.43756e-09	0.0118854
2.43762e-09	0.0118785
2.43769e-09	0.0118717
2.43775e-09	0.0118648
2.43782e-09	0.011858
2.43788e-09	0.0118511
2.43794e-09	0.0118443
2.43801e-09	0.0118374
2.43807e-09	0.0118306
2.43814e-09	0.0118237
2.4382e-09	0.0118169
2.43826e-09	0.01181
2.43833e-09	0.0118032
2.43839e-09	0.0117963
2.43846e-09	0.0117895
2.43852e-09	0.0117826
2.43858e-09	0.0117758
2.43865e-09	0.011769
2.43871e-09	0.0117621
2.43878e-09	0.0117553
2.43884e-09	0.0117485
2.4389e-09	0.0117416
2.43897e-09	0.0117348
2.43903e-09	0.011728
2.4391e-09	0.0117212
2.43916e-09	0.0117143
2.43922e-09	0.0117075
2.43929e-09	0.0117007
2.43935e-09	0.0116939
2.43942e-09	0.011687
2.43948e-09	0.0116802
2.43954e-09	0.0116734
2.43961e-09	0.0116666
2.43967e-09	0.0116598
2.43974e-09	0.011653
2.4398e-09	0.0116462
2.43986e-09	0.0116394
2.43993e-09	0.0116326
2.43999e-09	0.0116258
2.44006e-09	0.011619
2.44012e-09	0.0116122
2.44018e-09	0.0116054
2.44025e-09	0.0115986
2.44031e-09	0.0115918
2.44038e-09	0.011585
2.44044e-09	0.0115782
2.4405e-09	0.0115714
2.44057e-09	0.0115646
2.44063e-09	0.0115578
2.4407e-09	0.0115511
2.44076e-09	0.0115443
2.44082e-09	0.0115375
2.44089e-09	0.0115307
2.44095e-09	0.0115239
2.44102e-09	0.0115172
2.44108e-09	0.0115104
2.44114e-09	0.0115036
2.44121e-09	0.0114969
2.44127e-09	0.0114901
2.44134e-09	0.0114833
2.4414e-09	0.0114766
2.44146e-09	0.0114698
2.44153e-09	0.011463
2.44159e-09	0.0114563
2.44166e-09	0.0114495
2.44172e-09	0.0114428
2.44178e-09	0.011436
2.44185e-09	0.0114292
2.44191e-09	0.0114225
2.44198e-09	0.0114157
2.44204e-09	0.011409
2.4421e-09	0.0114023
2.44217e-09	0.0113955
2.44223e-09	0.0113888
2.4423e-09	0.011382
2.44236e-09	0.0113753
2.44242e-09	0.0113685
2.44249e-09	0.0113618
2.44255e-09	0.0113551
2.44262e-09	0.0113483
2.44268e-09	0.0113416
2.44274e-09	0.0113349
2.44281e-09	0.0113282
2.44287e-09	0.0113214
2.44294e-09	0.0113147
2.443e-09	0.011308
2.44306e-09	0.0113013
2.44313e-09	0.0112946
2.44319e-09	0.0112878
2.44326e-09	0.0112811
2.44332e-09	0.0112744
2.44338e-09	0.0112677
2.44345e-09	0.011261
2.44351e-09	0.0112543
2.44358e-09	0.0112476
2.44364e-09	0.0112409
2.4437e-09	0.0112342
2.44377e-09	0.0112275
2.44383e-09	0.0112208
2.4439e-09	0.0112141
2.44396e-09	0.0112074
2.44402e-09	0.0112007
2.44409e-09	0.011194
2.44415e-09	0.0111873
2.44422e-09	0.0111806
2.44428e-09	0.0111739
2.44434e-09	0.0111672
2.44441e-09	0.0111606
2.44447e-09	0.0111539
2.44454e-09	0.0111472
2.4446e-09	0.0111405
2.44466e-09	0.0111339
2.44473e-09	0.0111272
2.44479e-09	0.0111205
2.44486e-09	0.0111138
2.44492e-09	0.0111072
2.44498e-09	0.0111005
2.44505e-09	0.0110938
2.44511e-09	0.0110872
2.44518e-09	0.0110805
2.44524e-09	0.0110739
2.4453e-09	0.0110672
2.44537e-09	0.0110605
2.44543e-09	0.0110539
2.4455e-09	0.0110472
2.44556e-09	0.0110406
2.44562e-09	0.0110339
2.44569e-09	0.0110273
2.44575e-09	0.0110206
2.44582e-09	0.011014
2.44588e-09	0.0110074
2.44594e-09	0.0110007
2.44601e-09	0.0109941
2.44607e-09	0.0109874
2.44614e-09	0.0109808
2.4462e-09	0.0109742
2.44626e-09	0.0109675
2.44633e-09	0.0109609
2.44639e-09	0.0109543
2.44646e-09	0.0109477
2.44652e-09	0.010941
2.44658e-09	0.0109344
2.44665e-09	0.0109278
2.44671e-09	0.0109212
2.44678e-09	0.0109146
2.44684e-09	0.010908
2.4469e-09	0.0109013
2.44697e-09	0.0108947
2.44703e-09	0.0108881
2.4471e-09	0.0108815
2.44716e-09	0.0108749
2.44722e-09	0.0108683
2.44729e-09	0.0108617
2.44735e-09	0.0108551
2.44742e-09	0.0108485
2.44748e-09	0.0108419
2.44754e-09	0.0108353
2.44761e-09	0.0108287
2.44767e-09	0.0108221
2.44774e-09	0.0108156
2.4478e-09	0.010809
2.44786e-09	0.0108024
2.44793e-09	0.0107958
2.44799e-09	0.0107892
2.44806e-09	0.0107826
2.44812e-09	0.0107761
2.44818e-09	0.0107695
2.44825e-09	0.0107629
2.44831e-09	0.0107563
2.44838e-09	0.0107498
2.44844e-09	0.0107432
2.4485e-09	0.0107366
2.44857e-09	0.0107301
2.44863e-09	0.0107235
2.4487e-09	0.010717
2.44876e-09	0.0107104
2.44882e-09	0.0107038
2.44889e-09	0.0106973
2.44895e-09	0.0106907
2.44902e-09	0.0106842
2.44908e-09	0.0106776
2.44914e-09	0.0106711
2.44921e-09	0.0106645
2.44927e-09	0.010658
2.44934e-09	0.0106515
2.4494e-09	0.0106449
2.44946e-09	0.0106384
2.44953e-09	0.0106319
2.44959e-09	0.0106253
2.44966e-09	0.0106188
2.44972e-09	0.0106123
2.44978e-09	0.0106057
2.44985e-09	0.0105992
2.44991e-09	0.0105927
2.44998e-09	0.0105862
2.45004e-09	0.0105796
2.4501e-09	0.0105731
2.45017e-09	0.0105666
2.45023e-09	0.0105601
2.4503e-09	0.0105536
2.45036e-09	0.0105471
2.45042e-09	0.0105406
2.45049e-09	0.010534
2.45055e-09	0.0105275
2.45062e-09	0.010521
2.45068e-09	0.0105145
2.45074e-09	0.010508
2.45081e-09	0.0105015
2.45087e-09	0.010495
2.45094e-09	0.0104886
2.451e-09	0.0104821
2.45106e-09	0.0104756
2.45113e-09	0.0104691
2.45119e-09	0.0104626
2.45126e-09	0.0104561
2.45132e-09	0.0104496
2.45138e-09	0.0104432
2.45145e-09	0.0104367
2.45151e-09	0.0104302
2.45158e-09	0.0104237
2.45164e-09	0.0104173
2.4517e-09	0.0104108
2.45177e-09	0.0104043
2.45183e-09	0.0103978
2.4519e-09	0.0103914
2.45196e-09	0.0103849
2.45202e-09	0.0103785
2.45209e-09	0.010372
2.45215e-09	0.0103655
2.45222e-09	0.0103591
2.45228e-09	0.0103526
2.45234e-09	0.0103462
2.45241e-09	0.0103397
2.45247e-09	0.0103333
2.45254e-09	0.0103268
2.4526e-09	0.0103204
2.45266e-09	0.010314
2.45273e-09	0.0103075
2.45279e-09	0.0103011
2.45286e-09	0.0102946
2.45292e-09	0.0102882
2.45298e-09	0.0102818
2.45305e-09	0.0102754
2.45311e-09	0.0102689
2.45318e-09	0.0102625
2.45324e-09	0.0102561
2.4533e-09	0.0102497
2.45337e-09	0.0102432
2.45343e-09	0.0102368
2.4535e-09	0.0102304
2.45356e-09	0.010224
2.45362e-09	0.0102176
2.45369e-09	0.0102112
2.45375e-09	0.0102048
2.45382e-09	0.0101984
2.45388e-09	0.0101919
2.45394e-09	0.0101855
2.45401e-09	0.0101791
2.45407e-09	0.0101727
2.45414e-09	0.0101664
2.4542e-09	0.01016
2.45427e-09	0.0101536
2.45433e-09	0.0101472
2.45439e-09	0.0101408
2.45446e-09	0.0101344
2.45452e-09	0.010128
2.45459e-09	0.0101216
2.45465e-09	0.0101153
2.45471e-09	0.0101089
2.45478e-09	0.0101025
2.45484e-09	0.0100961
2.45491e-09	0.0100898
2.45497e-09	0.0100834
2.45503e-09	0.010077
2.4551e-09	0.0100707
2.45516e-09	0.0100643
2.45523e-09	0.0100579
2.45529e-09	0.0100516
2.45535e-09	0.0100452
2.45542e-09	0.0100389
2.45548e-09	0.0100325
2.45555e-09	0.0100261
2.45561e-09	0.0100198
2.45567e-09	0.0100134
2.45574e-09	0.0100071
2.4558e-09	0.0100008
2.45587e-09	0.00999441
2.45593e-09	0.00998808
2.45599e-09	0.00998174
2.45606e-09	0.0099754
2.45612e-09	0.00996907
2.45619e-09	0.00996273
2.45625e-09	0.00995641
2.45631e-09	0.00995008
2.45638e-09	0.00994375
2.45644e-09	0.00993743
2.45651e-09	0.00993111
2.45657e-09	0.00992479
2.45663e-09	0.00991847
2.4567e-09	0.00991215
2.45676e-09	0.00990584
2.45683e-09	0.00989953
2.45689e-09	0.00989322
2.45695e-09	0.00988691
2.45702e-09	0.0098806
2.45708e-09	0.0098743
2.45715e-09	0.009868
2.45721e-09	0.0098617
2.45727e-09	0.0098554
2.45734e-09	0.00984911
2.4574e-09	0.00984281
2.45747e-09	0.00983652
2.45753e-09	0.00983023
2.45759e-09	0.00982394
2.45766e-09	0.00981766
2.45772e-09	0.00981138
2.45779e-09	0.00980509
2.45785e-09	0.00979882
2.45791e-09	0.00979254
2.45798e-09	0.00978626
2.45804e-09	0.00977999
2.45811e-09	0.00977372
2.45817e-09	0.00976745
2.45823e-09	0.00976118
2.4583e-09	0.00975492
2.45836e-09	0.00974866
2.45843e-09	0.0097424
2.45849e-09	0.00973614
2.45855e-09	0.00972988
2.45862e-09	0.00972363
2.45868e-09	0.00971737
2.45875e-09	0.00971112
2.45881e-09	0.00970487
2.45887e-09	0.00969863
2.45894e-09	0.00969238
2.459e-09	0.00968614
2.45907e-09	0.0096799
2.45913e-09	0.00967366
2.45919e-09	0.00966743
2.45926e-09	0.00966119
2.45932e-09	0.00965496
2.45939e-09	0.00964873
2.45945e-09	0.0096425
2.45951e-09	0.00963628
2.45958e-09	0.00963005
2.45964e-09	0.00962383
2.45971e-09	0.00961761
2.45977e-09	0.0096114
2.45983e-09	0.00960518
2.4599e-09	0.00959897
2.45996e-09	0.00959275
2.46003e-09	0.00958655
2.46009e-09	0.00958034
2.46015e-09	0.00957413
2.46022e-09	0.00956793
2.46028e-09	0.00956173
2.46035e-09	0.00955553
2.46041e-09	0.00954933
2.46047e-09	0.00954314
2.46054e-09	0.00953695
2.4606e-09	0.00953076
2.46067e-09	0.00952457
2.46073e-09	0.00951838
2.46079e-09	0.0095122
2.46086e-09	0.00950602
2.46092e-09	0.00949984
2.46099e-09	0.00949366
2.46105e-09	0.00948748
2.46111e-09	0.00948131
2.46118e-09	0.00947514
2.46124e-09	0.00946897
2.46131e-09	0.0094628
2.46137e-09	0.00945664
2.46143e-09	0.00945047
2.4615e-09	0.00944431
2.46156e-09	0.00943815
2.46163e-09	0.009432
2.46169e-09	0.00942584
2.46175e-09	0.00941969
2.46182e-09	0.00941354
2.46188e-09	0.00940739
2.46195e-09	0.00940124
2.46201e-09	0.0093951
2.46207e-09	0.00938896
2.46214e-09	0.00938282
2.4622e-09	0.00937668
2.46227e-09	0.00937054
2.46233e-09	0.00936441
2.46239e-09	0.00935828
2.46246e-09	0.00935215
2.46252e-09	0.00934602
2.46259e-09	0.00933989
2.46265e-09	0.00933377
2.46271e-09	0.00932765
2.46278e-09	0.00932153
2.46284e-09	0.00931541
2.46291e-09	0.0093093
2.46297e-09	0.00930319
2.46303e-09	0.00929708
2.4631e-09	0.00929097
2.46316e-09	0.00928486
2.46323e-09	0.00927876
2.46329e-09	0.00927266
2.46335e-09	0.00926656
2.46342e-09	0.00926046
2.46348e-09	0.00925436
2.46355e-09	0.00924827
2.46361e-09	0.00924218
2.46367e-09	0.00923609
2.46374e-09	0.00923
2.4638e-09	0.00922392
2.46387e-09	0.00921783
2.46393e-09	0.00921175
2.46399e-09	0.00920567
2.46406e-09	0.0091996
2.46412e-09	0.00919352
2.46419e-09	0.00918745
2.46425e-09	0.00918138
2.46431e-09	0.00917531
2.46438e-09	0.00916925
2.46444e-09	0.00916318
2.46451e-09	0.00915712
2.46457e-09	0.00915106
2.46463e-09	0.00914501
2.4647e-09	0.00913895
2.46476e-09	0.0091329
2.46483e-09	0.00912685
2.46489e-09	0.0091208
2.46495e-09	0.00911475
2.46502e-09	0.00910871
2.46508e-09	0.00910266
2.46515e-09	0.00909662
2.46521e-09	0.00909059
2.46527e-09	0.00908455
2.46534e-09	0.00907852
2.4654e-09	0.00907249
2.46547e-09	0.00906646
2.46553e-09	0.00906043
2.46559e-09	0.0090544
2.46566e-09	0.00904838
2.46572e-09	0.00904236
2.46579e-09	0.00903634
2.46585e-09	0.00903033
2.46591e-09	0.00902431
2.46598e-09	0.0090183
2.46604e-09	0.00901229
2.46611e-09	0.00900628
2.46617e-09	0.00900028
2.46623e-09	0.00899427
2.4663e-09	0.00898827
2.46636e-09	0.00898227
2.46643e-09	0.00897627
2.46649e-09	0.00897028
2.46655e-09	0.00896429
2.46662e-09	0.0089583
2.46668e-09	0.00895231
2.46675e-09	0.00894632
2.46681e-09	0.00894034
2.46687e-09	0.00893436
2.46694e-09	0.00892838
2.467e-09	0.0089224
2.46707e-09	0.00891642
2.46713e-09	0.00891045
2.46719e-09	0.00890448
2.46726e-09	0.00889851
2.46732e-09	0.00889254
2.46739e-09	0.00888658
2.46745e-09	0.00888062
2.46751e-09	0.00887466
2.46758e-09	0.0088687
2.46764e-09	0.00886274
2.46771e-09	0.00885679
2.46777e-09	0.00885084
2.46783e-09	0.00884489
2.4679e-09	0.00883894
2.46796e-09	0.008833
2.46803e-09	0.00882705
2.46809e-09	0.00882111
2.46815e-09	0.00881517
2.46822e-09	0.00880924
2.46828e-09	0.0088033
2.46835e-09	0.00879737
2.46841e-09	0.00879144
2.46847e-09	0.00878552
2.46854e-09	0.00877959
2.4686e-09	0.00877367
2.46867e-09	0.00876775
2.46873e-09	0.00876183
2.46879e-09	0.00875591
2.46886e-09	0.00875
2.46892e-09	0.00874409
2.46899e-09	0.00873818
2.46905e-09	0.00873227
2.46911e-09	0.00872636
2.46918e-09	0.00872046
2.46924e-09	0.00871456
2.46931e-09	0.00870866
2.46937e-09	0.00870276
2.46943e-09	0.00869687
2.4695e-09	0.00869097
2.46956e-09	0.00868508
2.46963e-09	0.0086792
2.46969e-09	0.00867331
2.46975e-09	0.00866743
2.46982e-09	0.00866154
2.46988e-09	0.00865567
2.46995e-09	0.00864979
2.47001e-09	0.00864391
2.47007e-09	0.00863804
2.47014e-09	0.00863217
2.4702e-09	0.0086263
2.47027e-09	0.00862044
2.47033e-09	0.00861457
2.47039e-09	0.00860871
2.47046e-09	0.00860285
2.47052e-09	0.00859699
2.47059e-09	0.00859114
2.47065e-09	0.00858529
2.47071e-09	0.00857944
2.47078e-09	0.00857359
2.47084e-09	0.00856774
2.47091e-09	0.0085619
2.47097e-09	0.00855606
2.47103e-09	0.00855022
2.4711e-09	0.00854438
2.47116e-09	0.00853854
2.47123e-09	0.00853271
2.47129e-09	0.00852688
2.47135e-09	0.00852105
2.47142e-09	0.00851523
2.47148e-09	0.0085094
2.47155e-09	0.00850358
2.47161e-09	0.00849776
2.47168e-09	0.00849194
2.47174e-09	0.00848613
2.4718e-09	0.00848032
2.47187e-09	0.0084745
2.47193e-09	0.0084687
2.472e-09	0.00846289
2.47206e-09	0.00845709
2.47212e-09	0.00845128
2.47219e-09	0.00844548
2.47225e-09	0.00843969
2.47232e-09	0.00843389
2.47238e-09	0.0084281
2.47244e-09	0.00842231
2.47251e-09	0.00841652
2.47257e-09	0.00841073
2.47264e-09	0.00840495
2.4727e-09	0.00839917
2.47276e-09	0.00839339
2.47283e-09	0.00838761
2.47289e-09	0.00838184
2.47296e-09	0.00837606
2.47302e-09	0.00837029
2.47308e-09	0.00836452
2.47315e-09	0.00835876
2.47321e-09	0.00835299
2.47328e-09	0.00834723
2.47334e-09	0.00834147
2.4734e-09	0.00833571
2.47347e-09	0.00832996
2.47353e-09	0.00832421
2.4736e-09	0.00831846
2.47366e-09	0.00831271
2.47372e-09	0.00830696
2.47379e-09	0.00830122
2.47385e-09	0.00829548
2.47392e-09	0.00828974
2.47398e-09	0.008284
2.47404e-09	0.00827826
2.47411e-09	0.00827253
2.47417e-09	0.0082668
2.47424e-09	0.00826107
2.4743e-09	0.00825535
2.47436e-09	0.00824962
2.47443e-09	0.0082439
2.47449e-09	0.00823818
2.47456e-09	0.00823247
2.47462e-09	0.00822675
2.47468e-09	0.00822104
2.47475e-09	0.00821533
2.47481e-09	0.00820962
2.47488e-09	0.00820391
2.47494e-09	0.00819821
2.475e-09	0.00819251
2.47507e-09	0.00818681
2.47513e-09	0.00818111
2.4752e-09	0.00817542
2.47526e-09	0.00816973
2.47532e-09	0.00816404
2.47539e-09	0.00815835
2.47545e-09	0.00815266
2.47552e-09	0.00814698
2.47558e-09	0.0081413
2.47564e-09	0.00813562
2.47571e-09	0.00812994
2.47577e-09	0.00812427
2.47584e-09	0.0081186
2.4759e-09	0.00811293
2.47596e-09	0.00810726
2.47603e-09	0.00810159
2.47609e-09	0.00809593
2.47616e-09	0.00809027
2.47622e-09	0.00808461
2.47628e-09	0.00807896
2.47635e-09	0.0080733
2.47641e-09	0.00806765
2.47648e-09	0.008062
2.47654e-09	0.00805635
2.4766e-09	0.00805071
2.47667e-09	0.00804507
2.47673e-09	0.00803943
2.4768e-09	0.00803379
2.47686e-09	0.00802815
2.47692e-09	0.00802252
2.47699e-09	0.00801689
2.47705e-09	0.00801126
2.47712e-09	0.00800563
2.47718e-09	0.00800001
2.47724e-09	0.00799438
2.47731e-09	0.00798876
2.47737e-09	0.00798314
2.47744e-09	0.00797753
2.4775e-09	0.00797192
2.47756e-09	0.00796631
2.47763e-09	0.0079607
2.47769e-09	0.00795509
2.47776e-09	0.00794949
2.47782e-09	0.00794388
2.47788e-09	0.00793828
2.47795e-09	0.00793269
2.47801e-09	0.00792709
2.47808e-09	0.0079215
2.47814e-09	0.00791591
2.4782e-09	0.00791032
2.47827e-09	0.00790473
2.47833e-09	0.00789915
2.4784e-09	0.00789357
2.47846e-09	0.00788799
2.47852e-09	0.00788241
2.47859e-09	0.00787684
2.47865e-09	0.00787126
2.47872e-09	0.00786569
2.47878e-09	0.00786013
2.47884e-09	0.00785456
2.47891e-09	0.007849
2.47897e-09	0.00784344
2.47904e-09	0.00783788
2.4791e-09	0.00783232
2.47916e-09	0.00782677
2.47923e-09	0.00782121
2.47929e-09	0.00781566
2.47936e-09	0.00781012
2.47942e-09	0.00780457
2.47948e-09	0.00779903
2.47955e-09	0.00779349
2.47961e-09	0.00778795
2.47968e-09	0.00778241
2.47974e-09	0.00777688
2.4798e-09	0.00777135
2.47987e-09	0.00776582
2.47993e-09	0.00776029
2.48e-09	0.00775477
2.48006e-09	0.00774925
2.48012e-09	0.00774373
2.48019e-09	0.00773821
2.48025e-09	0.00773269
2.48032e-09	0.00772718
2.48038e-09	0.00772167
2.48044e-09	0.00771616
2.48051e-09	0.00771065
2.48057e-09	0.00770515
2.48064e-09	0.00769965
2.4807e-09	0.00769415
2.48076e-09	0.00768865
2.48083e-09	0.00768316
2.48089e-09	0.00767766
2.48096e-09	0.00767217
2.48102e-09	0.00766669
2.48108e-09	0.0076612
2.48115e-09	0.00765572
2.48121e-09	0.00765023
2.48128e-09	0.00764476
2.48134e-09	0.00763928
2.4814e-09	0.0076338
2.48147e-09	0.00762833
2.48153e-09	0.00762286
2.4816e-09	0.0076174
2.48166e-09	0.00761193
2.48172e-09	0.00760647
2.48179e-09	0.00760101
2.48185e-09	0.00759555
2.48192e-09	0.00759009
2.48198e-09	0.00758464
2.48204e-09	0.00757919
2.48211e-09	0.00757374
2.48217e-09	0.00756829
2.48224e-09	0.00756285
2.4823e-09	0.0075574
2.48236e-09	0.00755196
2.48243e-09	0.00754653
2.48249e-09	0.00754109
2.48256e-09	0.00753566
2.48262e-09	0.00753023
2.48268e-09	0.0075248
2.48275e-09	0.00751937
2.48281e-09	0.00751395
2.48288e-09	0.00750853
2.48294e-09	0.00750311
2.483e-09	0.00749769
2.48307e-09	0.00749228
2.48313e-09	0.00748686
2.4832e-09	0.00748145
2.48326e-09	0.00747605
2.48332e-09	0.00747064
2.48339e-09	0.00746524
2.48345e-09	0.00745984
2.48352e-09	0.00745444
2.48358e-09	0.00744904
2.48364e-09	0.00744365
2.48371e-09	0.00743826
2.48377e-09	0.00743287
2.48384e-09	0.00742748
2.4839e-09	0.0074221
2.48396e-09	0.00741671
2.48403e-09	0.00741133
2.48409e-09	0.00740595
2.48416e-09	0.00740058
2.48422e-09	0.00739521
2.48428e-09	0.00738984
2.48435e-09	0.00738447
2.48441e-09	0.0073791
2.48448e-09	0.00737374
2.48454e-09	0.00736837
2.4846e-09	0.00736301
2.48467e-09	0.00735766
2.48473e-09	0.0073523
2.4848e-09	0.00734695
2.48486e-09	0.0073416
2.48492e-09	0.00733625
2.48499e-09	0.00733091
2.48505e-09	0.00732556
2.48512e-09	0.00732022
2.48518e-09	0.00731488
2.48524e-09	0.00730955
2.48531e-09	0.00730421
2.48537e-09	0.00729888
2.48544e-09	0.00729355
2.4855e-09	0.00728822
2.48556e-09	0.0072829
2.48563e-09	0.00727758
2.48569e-09	0.00727226
2.48576e-09	0.00726694
2.48582e-09	0.00726162
2.48588e-09	0.00725631
2.48595e-09	0.007251
2.48601e-09	0.00724569
2.48608e-09	0.00724038
2.48614e-09	0.00723508
2.4862e-09	0.00722978
2.48627e-09	0.00722448
2.48633e-09	0.00721918
2.4864e-09	0.00721389
2.48646e-09	0.0072086
2.48652e-09	0.00720331
2.48659e-09	0.00719802
2.48665e-09	0.00719273
2.48672e-09	0.00718745
2.48678e-09	0.00718217
2.48684e-09	0.00717689
2.48691e-09	0.00717161
2.48697e-09	0.00716634
2.48704e-09	0.00716107
2.4871e-09	0.0071558
2.48716e-09	0.00715053
2.48723e-09	0.00714527
2.48729e-09	0.00714
2.48736e-09	0.00713474
2.48742e-09	0.00712949
2.48748e-09	0.00712423
2.48755e-09	0.00711898
2.48761e-09	0.00711373
2.48768e-09	0.00710848
2.48774e-09	0.00710323
2.4878e-09	0.00709799
2.48787e-09	0.00709275
2.48793e-09	0.00708751
2.488e-09	0.00708227
2.48806e-09	0.00707704
2.48812e-09	0.0070718
2.48819e-09	0.00706657
2.48825e-09	0.00706135
2.48832e-09	0.00705612
2.48838e-09	0.0070509
2.48844e-09	0.00704568
2.48851e-09	0.00704046
2.48857e-09	0.00703524
2.48864e-09	0.00703003
2.4887e-09	0.00702482
2.48876e-09	0.00701961
2.48883e-09	0.0070144
2.48889e-09	0.0070092
2.48896e-09	0.007004
2.48902e-09	0.0069988
2.48909e-09	0.0069936
2.48915e-09	0.0069884
2.48921e-09	0.00698321
2.48928e-09	0.00697802
2.48934e-09	0.00697283
2.48941e-09	0.00696765
2.48947e-09	0.00696246
2.48953e-09	0.00695728
2.4896e-09	0.0069521
2.48966e-09	0.00694693
2.48973e-09	0.00694175
2.48979e-09	0.00693658
2.48985e-09	0.00693141
2.48992e-09	0.00692624
2.48998e-09	0.00692108
2.49005e-09	0.00691592
2.49011e-09	0.00691076
2.49017e-09	0.0069056
2.49024e-09	0.00690044
2.4903e-09	0.00689529
2.49037e-09	0.00689014
2.49043e-09	0.00688499
2.49049e-09	0.00687984
2.49056e-09	0.0068747
2.49062e-09	0.00686956
2.49069e-09	0.00686442
2.49075e-09	0.00685928
2.49081e-09	0.00685415
2.49088e-09	0.00684901
2.49094e-09	0.00684388
2.49101e-09	0.00683876
2.49107e-09	0.00683363
2.49113e-09	0.00682851
2.4912e-09	0.00682339
2.49126e-09	0.00681827
2.49133e-09	0.00681315
2.49139e-09	0.00680804
2.49145e-09	0.00680293
2.49152e-09	0.00679782
2.49158e-09	0.00679271
2.49165e-09	0.00678761
2.49171e-09	0.00678251
2.49177e-09	0.00677741
2.49184e-09	0.00677231
2.4919e-09	0.00676721
2.49197e-09	0.00676212
2.49203e-09	0.00675703
2.49209e-09	0.00675194
2.49216e-09	0.00674686
2.49222e-09	0.00674177
2.49229e-09	0.00673669
2.49235e-09	0.00673161
2.49241e-09	0.00672654
2.49248e-09	0.00672146
2.49254e-09	0.00671639
2.49261e-09	0.00671132
2.49267e-09	0.00670625
2.49273e-09	0.00670119
2.4928e-09	0.00669613
2.49286e-09	0.00669107
2.49293e-09	0.00668601
2.49299e-09	0.00668095
2.49305e-09	0.0066759
2.49312e-09	0.00667085
2.49318e-09	0.0066658
2.49325e-09	0.00666075
2.49331e-09	0.00665571
2.49337e-09	0.00665067
2.49344e-09	0.00664563
2.4935e-09	0.00664059
2.49357e-09	0.00663556
2.49363e-09	0.00663053
2.49369e-09	0.0066255
2.49376e-09	0.00662047
2.49382e-09	0.00661544
2.49389e-09	0.00661042
2.49395e-09	0.0066054
2.49401e-09	0.00660038
2.49408e-09	0.00659537
2.49414e-09	0.00659035
2.49421e-09	0.00658534
2.49427e-09	0.00658033
2.49433e-09	0.00657533
2.4944e-09	0.00657032
2.49446e-09	0.00656532
2.49453e-09	0.00656032
2.49459e-09	0.00655532
2.49465e-09	0.00655033
2.49472e-09	0.00654533
2.49478e-09	0.00654034
2.49485e-09	0.00653536
2.49491e-09	0.00653037
2.49497e-09	0.00652539
2.49504e-09	0.00652041
2.4951e-09	0.00651543
2.49517e-09	0.00651045
2.49523e-09	0.00650548
2.49529e-09	0.00650051
2.49536e-09	0.00649554
2.49542e-09	0.00649057
2.49549e-09	0.00648561
2.49555e-09	0.00648064
2.49561e-09	0.00647568
2.49568e-09	0.00647073
2.49574e-09	0.00646577
2.49581e-09	0.00646082
2.49587e-09	0.00645587
2.49593e-09	0.00645092
2.496e-09	0.00644597
2.49606e-09	0.00644103
2.49613e-09	0.00643609
2.49619e-09	0.00643115
2.49625e-09	0.00642621
2.49632e-09	0.00642128
2.49638e-09	0.00641635
2.49645e-09	0.00641142
2.49651e-09	0.00640649
2.49657e-09	0.00640156
2.49664e-09	0.00639664
2.4967e-09	0.00639172
2.49677e-09	0.0063868
2.49683e-09	0.00638189
2.49689e-09	0.00637697
2.49696e-09	0.00637206
2.49702e-09	0.00636715
2.49709e-09	0.00636225
2.49715e-09	0.00635734
2.49721e-09	0.00635244
2.49728e-09	0.00634754
2.49734e-09	0.00634265
2.49741e-09	0.00633775
2.49747e-09	0.00633286
2.49753e-09	0.00632797
2.4976e-09	0.00632308
2.49766e-09	0.0063182
2.49773e-09	0.00631331
2.49779e-09	0.00630843
2.49785e-09	0.00630356
2.49792e-09	0.00629868
2.49798e-09	0.00629381
2.49805e-09	0.00628893
2.49811e-09	0.00628407
2.49817e-09	0.0062792
2.49824e-09	0.00627433
2.4983e-09	0.00626947
2.49837e-09	0.00626461
2.49843e-09	0.00625976
2.49849e-09	0.0062549
2.49856e-09	0.00625005
2.49862e-09	0.0062452
2.49869e-09	0.00624035
2.49875e-09	0.0062355
2.49881e-09	0.00623066
2.49888e-09	0.00622582
2.49894e-09	0.00622098
2.49901e-09	0.00621615
2.49907e-09	0.00621131
2.49913e-09	0.00620648
2.4992e-09	0.00620165
2.49926e-09	0.00619682
2.49933e-09	0.006192
2.49939e-09	0.00618718
2.49945e-09	0.00618236
2.49952e-09	0.00617754
2.49958e-09	0.00617272
2.49965e-09	0.00616791
2.49971e-09	0.0061631
2.49977e-09	0.00615829
2.49984e-09	0.00615349
2.4999e-09	0.00614868
2.49997e-09	0.00614388
2.50003e-09	0.00613908
2.50009e-09	0.00613429
2.50016e-09	0.00612949
2.50022e-09	0.0061247
2.50029e-09	0.00611991
2.50035e-09	0.00611512
2.50041e-09	0.00611034
2.50048e-09	0.00610555
2.50054e-09	0.00610077
2.50061e-09	0.006096
2.50067e-09	0.00609122
2.50073e-09	0.00608645
2.5008e-09	0.00608168
2.50086e-09	0.00607691
2.50093e-09	0.00607214
2.50099e-09	0.00606738
2.50105e-09	0.00606262
2.50112e-09	0.00605786
2.50118e-09	0.0060531
2.50125e-09	0.00604835
2.50131e-09	0.00604359
2.50137e-09	0.00603884
2.50144e-09	0.0060341
2.5015e-09	0.00602935
2.50157e-09	0.00602461
2.50163e-09	0.00601987
2.50169e-09	0.00601513
2.50176e-09	0.00601039
2.50182e-09	0.00600566
2.50189e-09	0.00600093
2.50195e-09	0.0059962
2.50201e-09	0.00599147
2.50208e-09	0.00598675
2.50214e-09	0.00598203
2.50221e-09	0.00597731
2.50227e-09	0.00597259
2.50233e-09	0.00596787
2.5024e-09	0.00596316
2.50246e-09	0.00595845
2.50253e-09	0.00595374
2.50259e-09	0.00594904
2.50265e-09	0.00594433
2.50272e-09	0.00593963
2.50278e-09	0.00593493
2.50285e-09	0.00593024
2.50291e-09	0.00592554
2.50297e-09	0.00592085
2.50304e-09	0.00591616
2.5031e-09	0.00591147
2.50317e-09	0.00590679
2.50323e-09	0.00590211
2.50329e-09	0.00589743
2.50336e-09	0.00589275
2.50342e-09	0.00588807
2.50349e-09	0.0058834
2.50355e-09	0.00587873
2.50361e-09	0.00587406
2.50368e-09	0.0058694
2.50374e-09	0.00586473
2.50381e-09	0.00586007
2.50387e-09	0.00585541
2.50393e-09	0.00585075
2.504e-09	0.0058461
2.50406e-09	0.00584145
2.50413e-09	0.0058368
2.50419e-09	0.00583215
2.50425e-09	0.00582751
2.50432e-09	0.00582286
2.50438e-09	0.00581822
2.50445e-09	0.00581358
2.50451e-09	0.00580895
2.50457e-09	0.00580431
2.50464e-09	0.00579968
2.5047e-09	0.00579505
2.50477e-09	0.00579043
2.50483e-09	0.0057858
2.50489e-09	0.00578118
2.50496e-09	0.00577656
2.50502e-09	0.00577195
2.50509e-09	0.00576733
2.50515e-09	0.00576272
2.50521e-09	0.00575811
2.50528e-09	0.0057535
2.50534e-09	0.00574889
2.50541e-09	0.00574429
2.50547e-09	0.00573969
2.50553e-09	0.00573509
2.5056e-09	0.00573049
2.50566e-09	0.0057259
2.50573e-09	0.00572131
2.50579e-09	0.00571672
2.50585e-09	0.00571213
2.50592e-09	0.00570755
2.50598e-09	0.00570297
2.50605e-09	0.00569839
2.50611e-09	0.00569381
2.50617e-09	0.00568923
2.50624e-09	0.00568466
2.5063e-09	0.00568009
2.50637e-09	0.00567552
2.50643e-09	0.00567095
2.50649e-09	0.00566639
2.50656e-09	0.00566183
2.50662e-09	0.00565727
2.50669e-09	0.00565271
2.50675e-09	0.00564816
2.50682e-09	0.00564361
2.50688e-09	0.00563906
2.50694e-09	0.00563451
2.50701e-09	0.00562996
2.50707e-09	0.00562542
2.50714e-09	0.00562088
2.5072e-09	0.00561634
2.50726e-09	0.00561181
2.50733e-09	0.00560727
2.50739e-09	0.00560274
2.50746e-09	0.00559821
2.50752e-09	0.00559369
2.50758e-09	0.00558916
2.50765e-09	0.00558464
2.50771e-09	0.00558012
2.50778e-09	0.0055756
2.50784e-09	0.00557109
2.5079e-09	0.00556658
2.50797e-09	0.00556206
2.50803e-09	0.00555756
2.5081e-09	0.00555305
2.50816e-09	0.00554855
2.50822e-09	0.00554405
2.50829e-09	0.00553955
2.50835e-09	0.00553505
2.50842e-09	0.00553056
2.50848e-09	0.00552606
2.50854e-09	0.00552158
2.50861e-09	0.00551709
2.50867e-09	0.0055126
2.50874e-09	0.00550812
2.5088e-09	0.00550364
2.50886e-09	0.00549916
2.50893e-09	0.00549469
2.50899e-09	0.00549021
2.50906e-09	0.00548574
2.50912e-09	0.00548127
2.50918e-09	0.00547681
2.50925e-09	0.00547234
2.50931e-09	0.00546788
2.50938e-09	0.00546342
2.50944e-09	0.00545896
2.5095e-09	0.00545451
2.50957e-09	0.00545006
2.50963e-09	0.00544561
2.5097e-09	0.00544116
2.50976e-09	0.00543671
2.50982e-09	0.00543227
2.50989e-09	0.00542783
2.50995e-09	0.00542339
2.51002e-09	0.00541895
2.51008e-09	0.00541452
2.51014e-09	0.00541009
2.51021e-09	0.00540566
2.51027e-09	0.00540123
2.51034e-09	0.00539681
2.5104e-09	0.00539239
2.51046e-09	0.00538797
2.51053e-09	0.00538355
2.51059e-09	0.00537913
2.51066e-09	0.00537472
2.51072e-09	0.00537031
2.51078e-09	0.0053659
2.51085e-09	0.00536149
2.51091e-09	0.00535709
2.51098e-09	0.00535269
2.51104e-09	0.00534829
2.5111e-09	0.00534389
2.51117e-09	0.0053395
2.51123e-09	0.0053351
2.5113e-09	0.00533071
2.51136e-09	0.00532633
2.51142e-09	0.00532194
2.51149e-09	0.00531756
2.51155e-09	0.00531318
2.51162e-09	0.0053088
2.51168e-09	0.00530442
2.51174e-09	0.00530005
2.51181e-09	0.00529568
2.51187e-09	0.00529131
2.51194e-09	0.00528694
2.512e-09	0.00528258
2.51206e-09	0.00527821
2.51213e-09	0.00527385
2.51219e-09	0.00526949
2.51226e-09	0.00526514
2.51232e-09	0.00526079
2.51238e-09	0.00525643
2.51245e-09	0.00525209
2.51251e-09	0.00524774
2.51258e-09	0.0052434
2.51264e-09	0.00523905
2.5127e-09	0.00523472
2.51277e-09	0.00523038
2.51283e-09	0.00522604
2.5129e-09	0.00522171
2.51296e-09	0.00521738
2.51302e-09	0.00521305
2.51309e-09	0.00520873
2.51315e-09	0.0052044
2.51322e-09	0.00520008
2.51328e-09	0.00519576
2.51334e-09	0.00519145
2.51341e-09	0.00518713
2.51347e-09	0.00518282
2.51354e-09	0.00517851
2.5136e-09	0.00517421
2.51366e-09	0.0051699
2.51373e-09	0.0051656
2.51379e-09	0.0051613
2.51386e-09	0.005157
2.51392e-09	0.0051527
2.51398e-09	0.00514841
2.51405e-09	0.00514412
2.51411e-09	0.00513983
2.51418e-09	0.00513554
2.51424e-09	0.00513126
2.5143e-09	0.00512698
2.51437e-09	0.0051227
2.51443e-09	0.00511842
2.5145e-09	0.00511415
2.51456e-09	0.00510987
2.51462e-09	0.0051056
2.51469e-09	0.00510133
2.51475e-09	0.00509707
2.51482e-09	0.0050928
2.51488e-09	0.00508854
2.51494e-09	0.00508428
2.51501e-09	0.00508003
2.51507e-09	0.00507577
2.51514e-09	0.00507152
2.5152e-09	0.00506727
2.51526e-09	0.00506302
2.51533e-09	0.00505878
2.51539e-09	0.00505454
2.51546e-09	0.0050503
2.51552e-09	0.00504606
2.51558e-09	0.00504182
2.51565e-09	0.00503759
2.51571e-09	0.00503336
2.51578e-09	0.00502913
2.51584e-09	0.0050249
2.5159e-09	0.00502068
2.51597e-09	0.00501645
2.51603e-09	0.00501223
2.5161e-09	0.00500801
2.51616e-09	0.0050038
2.51622e-09	0.00499959
2.51629e-09	0.00499538
2.51635e-09	0.00499117
2.51642e-09	0.00498696
2.51648e-09	0.00498276
2.51654e-09	0.00497855
2.51661e-09	0.00497436
2.51667e-09	0.00497016
2.51674e-09	0.00496596
2.5168e-09	0.00496177
2.51686e-09	0.00495758
2.51693e-09	0.00495339
2.51699e-09	0.00494921
2.51706e-09	0.00494502
2.51712e-09	0.00494084
2.51718e-09	0.00493666
2.51725e-09	0.00493249
2.51731e-09	0.00492831
2.51738e-09	0.00492414
2.51744e-09	0.00491997
2.5175e-09	0.0049158
2.51757e-09	0.00491164
2.51763e-09	0.00490747
2.5177e-09	0.00490331
2.51776e-09	0.00489916
2.51782e-09	0.004895
2.51789e-09	0.00489085
2.51795e-09	0.00488669
2.51802e-09	0.00488254
2.51808e-09	0.0048784
2.51814e-09	0.00487425
2.51821e-09	0.00487011
2.51827e-09	0.00486597
2.51834e-09	0.00486183
2.5184e-09	0.0048577
2.51846e-09	0.00485356
2.51853e-09	0.00484943
2.51859e-09	0.0048453
2.51866e-09	0.00484118
2.51872e-09	0.00483705
2.51878e-09	0.00483293
2.51885e-09	0.00482881
2.51891e-09	0.00482469
2.51898e-09	0.00482058
2.51904e-09	0.00481647
2.5191e-09	0.00481236
2.51917e-09	0.00480825
2.51923e-09	0.00480414
2.5193e-09	0.00480004
2.51936e-09	0.00479594
2.51942e-09	0.00479184
2.51949e-09	0.00478774
2.51955e-09	0.00478364
2.51962e-09	0.00477955
2.51968e-09	0.00477546
2.51974e-09	0.00477137
2.51981e-09	0.00476729
2.51987e-09	0.00476321
2.51994e-09	0.00475912
2.52e-09	0.00475505
2.52006e-09	0.00475097
2.52013e-09	0.00474689
2.52019e-09	0.00474282
2.52026e-09	0.00473875
2.52032e-09	0.00473469
2.52038e-09	0.00473062
2.52045e-09	0.00472656
2.52051e-09	0.0047225
2.52058e-09	0.00471844
2.52064e-09	0.00471438
2.5207e-09	0.00471033
2.52077e-09	0.00470628
2.52083e-09	0.00470223
2.5209e-09	0.00469818
2.52096e-09	0.00469413
2.52102e-09	0.00469009
2.52109e-09	0.00468605
2.52115e-09	0.00468201
2.52122e-09	0.00467798
2.52128e-09	0.00467394
2.52134e-09	0.00466991
2.52141e-09	0.00466588
2.52147e-09	0.00466186
2.52154e-09	0.00465783
2.5216e-09	0.00465381
2.52166e-09	0.00464979
2.52173e-09	0.00464577
2.52179e-09	0.00464176
2.52186e-09	0.00463774
2.52192e-09	0.00463373
2.52198e-09	0.00462973
2.52205e-09	0.00462572
2.52211e-09	0.00462171
2.52218e-09	0.00461771
2.52224e-09	0.00461371
2.5223e-09	0.00460972
2.52237e-09	0.00460572
2.52243e-09	0.00460173
2.5225e-09	0.00459774
2.52256e-09	0.00459375
2.52262e-09	0.00458976
2.52269e-09	0.00458578
2.52275e-09	0.0045818
2.52282e-09	0.00457782
2.52288e-09	0.00457384
2.52294e-09	0.00456986
2.52301e-09	0.00456589
2.52307e-09	0.00456192
2.52314e-09	0.00455795
2.5232e-09	0.00455399
2.52326e-09	0.00455002
2.52333e-09	0.00454606
2.52339e-09	0.0045421
2.52346e-09	0.00453815
2.52352e-09	0.00453419
2.52358e-09	0.00453024
2.52365e-09	0.00452629
2.52371e-09	0.00452234
2.52378e-09	0.0045184
2.52384e-09	0.00451445
2.5239e-09	0.00451051
2.52397e-09	0.00450657
2.52403e-09	0.00450264
2.5241e-09	0.0044987
2.52416e-09	0.00449477
2.52423e-09	0.00449084
2.52429e-09	0.00448691
2.52435e-09	0.00448299
2.52442e-09	0.00447906
2.52448e-09	0.00447514
2.52455e-09	0.00447122
2.52461e-09	0.00446731
2.52467e-09	0.00446339
2.52474e-09	0.00445948
2.5248e-09	0.00445557
2.52487e-09	0.00445166
2.52493e-09	0.00444776
2.52499e-09	0.00444385
2.52506e-09	0.00443995
2.52512e-09	0.00443605
2.52519e-09	0.00443216
2.52525e-09	0.00442826
2.52531e-09	0.00442437
2.52538e-09	0.00442048
2.52544e-09	0.00441659
2.52551e-09	0.00441271
2.52557e-09	0.00440883
2.52563e-09	0.00440495
2.5257e-09	0.00440107
2.52576e-09	0.00439719
2.52583e-09	0.00439332
2.52589e-09	0.00438944
2.52595e-09	0.00438558
2.52602e-09	0.00438171
2.52608e-09	0.00437784
2.52615e-09	0.00437398
2.52621e-09	0.00437012
2.52627e-09	0.00436626
2.52634e-09	0.0043624
2.5264e-09	0.00435855
2.52647e-09	0.0043547
2.52653e-09	0.00435085
2.52659e-09	0.004347
2.52666e-09	0.00434316
2.52672e-09	0.00433931
2.52679e-09	0.00433547
2.52685e-09	0.00433163
2.52691e-09	0.0043278
2.52698e-09	0.00432396
2.52704e-09	0.00432013
2.52711e-09	0.0043163
2.52717e-09	0.00431248
2.52723e-09	0.00430865
2.5273e-09	0.00430483
2.52736e-09	0.00430101
2.52743e-09	0.00429719
2.52749e-09	0.00429337
2.52755e-09	0.00428956
2.52762e-09	0.00428575
2.52768e-09	0.00428194
2.52775e-09	0.00427813
2.52781e-09	0.00427432
2.52787e-09	0.00427052
2.52794e-09	0.00426672
2.528e-09	0.00426292
2.52807e-09	0.00425913
2.52813e-09	0.00425533
2.52819e-09	0.00425154
2.52826e-09	0.00424775
2.52832e-09	0.00424396
2.52839e-09	0.00424018
2.52845e-09	0.0042364
2.52851e-09	0.00423262
2.52858e-09	0.00422884
2.52864e-09	0.00422506
2.52871e-09	0.00422129
2.52877e-09	0.00421751
2.52883e-09	0.00421374
2.5289e-09	0.00420998
2.52896e-09	0.00420621
2.52903e-09	0.00420245
2.52909e-09	0.00419869
2.52915e-09	0.00419493
2.52922e-09	0.00419117
2.52928e-09	0.00418742
2.52935e-09	0.00418367
2.52941e-09	0.00417992
2.52947e-09	0.00417617
2.52954e-09	0.00417242
2.5296e-09	0.00416868
2.52967e-09	0.00416494
2.52973e-09	0.0041612
2.52979e-09	0.00415746
2.52986e-09	0.00415373
2.52992e-09	0.00415
2.52999e-09	0.00414627
2.53005e-09	0.00414254
2.53011e-09	0.00413881
2.53018e-09	0.00413509
2.53024e-09	0.00413137
2.53031e-09	0.00412765
2.53037e-09	0.00412393
2.53043e-09	0.00412022
2.5305e-09	0.00411651
2.53056e-09	0.0041128
2.53063e-09	0.00410909
2.53069e-09	0.00410538
2.53075e-09	0.00410168
2.53082e-09	0.00409798
2.53088e-09	0.00409428
2.53095e-09	0.00409058
2.53101e-09	0.00408689
2.53107e-09	0.00408319
2.53114e-09	0.0040795
2.5312e-09	0.00407582
2.53127e-09	0.00407213
2.53133e-09	0.00406845
2.53139e-09	0.00406476
2.53146e-09	0.00406109
2.53152e-09	0.00405741
2.53159e-09	0.00405373
2.53165e-09	0.00405006
2.53171e-09	0.00404639
2.53178e-09	0.00404272
2.53184e-09	0.00403905
2.53191e-09	0.00403539
2.53197e-09	0.00403173
2.53203e-09	0.00402807
2.5321e-09	0.00402441
2.53216e-09	0.00402076
2.53223e-09	0.0040171
2.53229e-09	0.00401345
2.53235e-09	0.0040098
2.53242e-09	0.00400616
2.53248e-09	0.00400251
2.53255e-09	0.00399887
2.53261e-09	0.00399523
2.53267e-09	0.00399159
2.53274e-09	0.00398796
2.5328e-09	0.00398432
2.53287e-09	0.00398069
2.53293e-09	0.00397706
2.53299e-09	0.00397343
2.53306e-09	0.00396981
2.53312e-09	0.00396619
2.53319e-09	0.00396257
2.53325e-09	0.00395895
2.53331e-09	0.00395533
2.53338e-09	0.00395172
2.53344e-09	0.00394811
2.53351e-09	0.0039445
2.53357e-09	0.00394089
2.53363e-09	0.00393728
2.5337e-09	0.00393368
2.53376e-09	0.00393008
2.53383e-09	0.00392648
2.53389e-09	0.00392289
2.53395e-09	0.00391929
2.53402e-09	0.0039157
2.53408e-09	0.00391211
2.53415e-09	0.00390852
2.53421e-09	0.00390493
2.53427e-09	0.00390135
2.53434e-09	0.00389777
2.5344e-09	0.00389419
2.53447e-09	0.00389061
2.53453e-09	0.00388704
2.53459e-09	0.00388347
2.53466e-09	0.0038799
2.53472e-09	0.00387633
2.53479e-09	0.00387276
2.53485e-09	0.0038692
2.53491e-09	0.00386564
2.53498e-09	0.00386208
2.53504e-09	0.00385852
2.53511e-09	0.00385496
2.53517e-09	0.00385141
2.53523e-09	0.00384786
2.5353e-09	0.00384431
2.53536e-09	0.00384076
2.53543e-09	0.00383722
2.53549e-09	0.00383368
2.53555e-09	0.00383014
2.53562e-09	0.0038266
2.53568e-09	0.00382306
2.53575e-09	0.00381953
2.53581e-09	0.003816
2.53587e-09	0.00381247
2.53594e-09	0.00380894
2.536e-09	0.00380541
2.53607e-09	0.00380189
2.53613e-09	0.00379837
2.53619e-09	0.00379485
2.53626e-09	0.00379133
2.53632e-09	0.00378782
2.53639e-09	0.00378431
2.53645e-09	0.0037808
2.53651e-09	0.00377729
2.53658e-09	0.00377378
2.53664e-09	0.00377028
2.53671e-09	0.00376678
2.53677e-09	0.00376328
2.53683e-09	0.00375978
2.5369e-09	0.00375629
2.53696e-09	0.00375279
2.53703e-09	0.0037493
2.53709e-09	0.00374582
2.53715e-09	0.00374233
2.53722e-09	0.00373884
2.53728e-09	0.00373536
2.53735e-09	0.00373188
2.53741e-09	0.0037284
2.53747e-09	0.00372493
2.53754e-09	0.00372145
2.5376e-09	0.00371798
2.53767e-09	0.00371451
2.53773e-09	0.00371105
2.53779e-09	0.00370758
2.53786e-09	0.00370412
2.53792e-09	0.00370066
2.53799e-09	0.0036972
2.53805e-09	0.00369374
2.53811e-09	0.00369029
2.53818e-09	0.00368684
2.53824e-09	0.00368339
2.53831e-09	0.00367994
2.53837e-09	0.00367649
2.53843e-09	0.00367305
2.5385e-09	0.00366961
2.53856e-09	0.00366617
2.53863e-09	0.00366273
2.53869e-09	0.0036593
2.53875e-09	0.00365586
2.53882e-09	0.00365243
2.53888e-09	0.003649
2.53895e-09	0.00364558
2.53901e-09	0.00364215
2.53907e-09	0.00363873
2.53914e-09	0.00363531
2.5392e-09	0.00363189
2.53927e-09	0.00362847
2.53933e-09	0.00362506
2.53939e-09	0.00362165
2.53946e-09	0.00361824
2.53952e-09	0.00361483
2.53959e-09	0.00361143
2.53965e-09	0.00360802
2.53971e-09	0.00360462
2.53978e-09	0.00360122
2.53984e-09	0.00359783
2.53991e-09	0.00359443
2.53997e-09	0.00359104
2.54003e-09	0.00358765
2.5401e-09	0.00358426
2.54016e-09	0.00358087
2.54023e-09	0.00357749
2.54029e-09	0.00357411
2.54035e-09	0.00357073
2.54042e-09	0.00356735
2.54048e-09	0.00356397
2.54055e-09	0.0035606
2.54061e-09	0.00355723
2.54067e-09	0.00355386
2.54074e-09	0.00355049
2.5408e-09	0.00354713
2.54087e-09	0.00354376
2.54093e-09	0.0035404
2.54099e-09	0.00353704
2.54106e-09	0.00353369
2.54112e-09	0.00353033
2.54119e-09	0.00352698
2.54125e-09	0.00352363
2.54131e-09	0.00352028
2.54138e-09	0.00351694
2.54144e-09	0.00351359
2.54151e-09	0.00351025
2.54157e-09	0.00350691
2.54164e-09	0.00350357
2.5417e-09	0.00350024
2.54176e-09	0.0034969
2.54183e-09	0.00349357
2.54189e-09	0.00349024
2.54196e-09	0.00348692
2.54202e-09	0.00348359
2.54208e-09	0.00348027
2.54215e-09	0.00347695
2.54221e-09	0.00347363
2.54228e-09	0.00347031
2.54234e-09	0.003467
2.5424e-09	0.00346368
2.54247e-09	0.00346037
2.54253e-09	0.00345707
2.5426e-09	0.00345376
2.54266e-09	0.00345045
2.54272e-09	0.00344715
2.54279e-09	0.00344385
2.54285e-09	0.00344055
2.54292e-09	0.00343726
2.54298e-09	0.00343397
2.54304e-09	0.00343067
2.54311e-09	0.00342738
2.54317e-09	0.0034241
2.54324e-09	0.00342081
2.5433e-09	0.00341753
2.54336e-09	0.00341425
2.54343e-09	0.00341097
2.54349e-09	0.00340769
2.54356e-09	0.00340442
2.54362e-09	0.00340114
2.54368e-09	0.00339787
2.54375e-09	0.0033946
2.54381e-09	0.00339134
2.54388e-09	0.00338807
2.54394e-09	0.00338481
2.544e-09	0.00338155
2.54407e-09	0.00337829
2.54413e-09	0.00337504
2.5442e-09	0.00337178
2.54426e-09	0.00336853
2.54432e-09	0.00336528
2.54439e-09	0.00336203
2.54445e-09	0.00335879
2.54452e-09	0.00335554
2.54458e-09	0.0033523
2.54464e-09	0.00334906
2.54471e-09	0.00334583
2.54477e-09	0.00334259
2.54484e-09	0.00333936
2.5449e-09	0.00333613
2.54496e-09	0.0033329
2.54503e-09	0.00332967
2.54509e-09	0.00332645
2.54516e-09	0.00332322
2.54522e-09	0.00332
2.54528e-09	0.00331678
2.54535e-09	0.00331357
2.54541e-09	0.00331035
2.54548e-09	0.00330714
2.54554e-09	0.00330393
2.5456e-09	0.00330072
2.54567e-09	0.00329751
2.54573e-09	0.00329431
2.5458e-09	0.00329111
2.54586e-09	0.00328791
2.54592e-09	0.00328471
2.54599e-09	0.00328151
2.54605e-09	0.00327832
2.54612e-09	0.00327513
2.54618e-09	0.00327194
2.54624e-09	0.00326875
2.54631e-09	0.00326557
2.54637e-09	0.00326238
2.54644e-09	0.0032592
2.5465e-09	0.00325602
2.54656e-09	0.00325284
2.54663e-09	0.00324967
2.54669e-09	0.00324649
2.54676e-09	0.00324332
2.54682e-09	0.00324015
2.54688e-09	0.00323699
2.54695e-09	0.00323382
2.54701e-09	0.00323066
2.54708e-09	0.0032275
2.54714e-09	0.00322434
2.5472e-09	0.00322118
2.54727e-09	0.00321803
2.54733e-09	0.00321488
2.5474e-09	0.00321172
2.54746e-09	0.00320858
2.54752e-09	0.00320543
2.54759e-09	0.00320228
2.54765e-09	0.00319914
2.54772e-09	0.003196
2.54778e-09	0.00319286
2.54784e-09	0.00318973
2.54791e-09	0.00318659
2.54797e-09	0.00318346
2.54804e-09	0.00318033
2.5481e-09	0.0031772
2.54816e-09	0.00317408
2.54823e-09	0.00317095
2.54829e-09	0.00316783
2.54836e-09	0.00316471
2.54842e-09	0.00316159
2.54848e-09	0.00315848
2.54855e-09	0.00315536
2.54861e-09	0.00315225
2.54868e-09	0.00314914
2.54874e-09	0.00314603
2.5488e-09	0.00314293
2.54887e-09	0.00313982
2.54893e-09	0.00313672
2.549e-09	0.00313362
2.54906e-09	0.00313052
2.54912e-09	0.00312743
2.54919e-09	0.00312433
2.54925e-09	0.00312124
2.54932e-09	0.00311815
2.54938e-09	0.00311507
2.54944e-09	0.00311198
2.54951e-09	0.0031089
2.54957e-09	0.00310582
2.54964e-09	0.00310274
2.5497e-09	0.00309966
2.54976e-09	0.00309658
2.54983e-09	0.00309351
2.54989e-09	0.00309044
2.54996e-09	0.00308737
2.55002e-09	0.0030843
2.55008e-09	0.00308124
2.55015e-09	0.00307818
2.55021e-09	0.00307511
2.55028e-09	0.00307206
2.55034e-09	0.003069
2.5504e-09	0.00306594
2.55047e-09	0.00306289
2.55053e-09	0.00305984
2.5506e-09	0.00305679
2.55066e-09	0.00305374
2.55072e-09	0.0030507
2.55079e-09	0.00304766
2.55085e-09	0.00304461
2.55092e-09	0.00304158
2.55098e-09	0.00303854
2.55104e-09	0.0030355
2.55111e-09	0.00303247
2.55117e-09	0.00302944
2.55124e-09	0.00302641
2.5513e-09	0.00302338
2.55136e-09	0.00302036
2.55143e-09	0.00301734
2.55149e-09	0.00301432
2.55156e-09	0.0030113
2.55162e-09	0.00300828
2.55168e-09	0.00300527
2.55175e-09	0.00300225
2.55181e-09	0.00299924
2.55188e-09	0.00299623
2.55194e-09	0.00299323
2.552e-09	0.00299022
2.55207e-09	0.00298722
2.55213e-09	0.00298422
2.5522e-09	0.00298122
2.55226e-09	0.00297822
2.55232e-09	0.00297523
2.55239e-09	0.00297224
2.55245e-09	0.00296925
2.55252e-09	0.00296626
2.55258e-09	0.00296327
2.55264e-09	0.00296029
2.55271e-09	0.0029573
2.55277e-09	0.00295432
2.55284e-09	0.00295134
2.5529e-09	0.00294837
2.55296e-09	0.00294539
2.55303e-09	0.00294242
2.55309e-09	0.00293945
2.55316e-09	0.00293648
2.55322e-09	0.00293351
2.55328e-09	0.00293055
2.55335e-09	0.00292759
2.55341e-09	0.00292462
2.55348e-09	0.00292167
2.55354e-09	0.00291871
2.5536e-09	0.00291575
2.55367e-09	0.0029128
2.55373e-09	0.00290985
2.5538e-09	0.0029069
2.55386e-09	0.00290395
2.55392e-09	0.00290101
2.55399e-09	0.00289807
2.55405e-09	0.00289513
2.55412e-09	0.00289219
2.55418e-09	0.00288925
2.55424e-09	0.00288632
2.55431e-09	0.00288338
2.55437e-09	0.00288045
2.55444e-09	0.00287752
2.5545e-09	0.0028746
2.55456e-09	0.00287167
2.55463e-09	0.00286875
2.55469e-09	0.00286583
2.55476e-09	0.00286291
2.55482e-09	0.00285999
2.55488e-09	0.00285707
2.55495e-09	0.00285416
2.55501e-09	0.00285125
2.55508e-09	0.00284834
2.55514e-09	0.00284543
2.5552e-09	0.00284253
2.55527e-09	0.00283962
2.55533e-09	0.00283672
2.5554e-09	0.00283382
2.55546e-09	0.00283093
2.55552e-09	0.00282803
2.55559e-09	0.00282514
2.55565e-09	0.00282225
2.55572e-09	0.00281936
2.55578e-09	0.00281647
2.55584e-09	0.00281358
2.55591e-09	0.0028107
2.55597e-09	0.00280782
2.55604e-09	0.00280494
2.5561e-09	0.00280206
2.55616e-09	0.00279918
2.55623e-09	0.00279631
2.55629e-09	0.00279344
2.55636e-09	0.00279057
2.55642e-09	0.0027877
2.55648e-09	0.00278483
2.55655e-09	0.00278197
2.55661e-09	0.00277911
2.55668e-09	0.00277625
2.55674e-09	0.00277339
2.5568e-09	0.00277053
2.55687e-09	0.00276768
2.55693e-09	0.00276483
2.557e-09	0.00276198
2.55706e-09	0.00275913
2.55712e-09	0.00275628
2.55719e-09	0.00275344
2.55725e-09	0.00275059
2.55732e-09	0.00274775
2.55738e-09	0.00274491
2.55744e-09	0.00274208
2.55751e-09	0.00273924
2.55757e-09	0.00273641
2.55764e-09	0.00273358
2.5577e-09	0.00273075
2.55776e-09	0.00272792
2.55783e-09	0.0027251
2.55789e-09	0.00272227
2.55796e-09	0.00271945
2.55802e-09	0.00271663
2.55808e-09	0.00271382
2.55815e-09	0.002711
2.55821e-09	0.00270819
2.55828e-09	0.00270538
2.55834e-09	0.00270257
2.5584e-09	0.00269976
2.55847e-09	0.00269695
2.55853e-09	0.00269415
2.5586e-09	0.00269135
2.55866e-09	0.00268855
2.55872e-09	0.00268575
2.55879e-09	0.00268295
2.55885e-09	0.00268016
2.55892e-09	0.00267737
2.55898e-09	0.00267458
2.55905e-09	0.00267179
2.55911e-09	0.002669
2.55917e-09	0.00266622
2.55924e-09	0.00266344
2.5593e-09	0.00266066
2.55937e-09	0.00265788
2.55943e-09	0.0026551
2.55949e-09	0.00265232
2.55956e-09	0.00264955
2.55962e-09	0.00264678
2.55969e-09	0.00264401
2.55975e-09	0.00264124
2.55981e-09	0.00263848
2.55988e-09	0.00263572
2.55994e-09	0.00263296
2.56001e-09	0.0026302
2.56007e-09	0.00262744
2.56013e-09	0.00262468
2.5602e-09	0.00262193
2.56026e-09	0.00261918
2.56033e-09	0.00261643
2.56039e-09	0.00261368
2.56045e-09	0.00261093
2.56052e-09	0.00260819
2.56058e-09	0.00260545
2.56065e-09	0.00260271
2.56071e-09	0.00259997
2.56077e-09	0.00259723
2.56084e-09	0.0025945
2.5609e-09	0.00259176
2.56097e-09	0.00258903
2.56103e-09	0.0025863
2.56109e-09	0.00258358
2.56116e-09	0.00258085
2.56122e-09	0.00257813
2.56129e-09	0.00257541
2.56135e-09	0.00257269
2.56141e-09	0.00256997
2.56148e-09	0.00256726
2.56154e-09	0.00256454
2.56161e-09	0.00256183
2.56167e-09	0.00255912
2.56173e-09	0.00255641
2.5618e-09	0.00255371
2.56186e-09	0.002551
2.56193e-09	0.0025483
2.56199e-09	0.0025456
2.56205e-09	0.0025429
2.56212e-09	0.00254021
2.56218e-09	0.00253751
2.56225e-09	0.00253482
2.56231e-09	0.00253213
2.56237e-09	0.00252944
2.56244e-09	0.00252675
2.5625e-09	0.00252407
2.56257e-09	0.00252138
2.56263e-09	0.0025187
2.56269e-09	0.00251602
2.56276e-09	0.00251335
2.56282e-09	0.00251067
2.56289e-09	0.002508
2.56295e-09	0.00250532
2.56301e-09	0.00250265
2.56308e-09	0.00249999
2.56314e-09	0.00249732
2.56321e-09	0.00249465
2.56327e-09	0.00249199
2.56333e-09	0.00248933
2.5634e-09	0.00248667
2.56346e-09	0.00248402
2.56353e-09	0.00248136
2.56359e-09	0.00247871
2.56365e-09	0.00247606
2.56372e-09	0.00247341
2.56378e-09	0.00247076
2.56385e-09	0.00246811
2.56391e-09	0.00246547
2.56397e-09	0.00246283
2.56404e-09	0.00246019
2.5641e-09	0.00245755
2.56417e-09	0.00245491
2.56423e-09	0.00245228
2.56429e-09	0.00244965
2.56436e-09	0.00244702
2.56442e-09	0.00244439
2.56449e-09	0.00244176
2.56455e-09	0.00243914
2.56461e-09	0.00243651
2.56468e-09	0.00243389
2.56474e-09	0.00243127
2.56481e-09	0.00242866
2.56487e-09	0.00242604
2.56493e-09	0.00242343
2.565e-09	0.00242081
2.56506e-09	0.0024182
2.56513e-09	0.0024156
2.56519e-09	0.00241299
2.56525e-09	0.00241039
2.56532e-09	0.00240778
2.56538e-09	0.00240518
2.56545e-09	0.00240258
2.56551e-09	0.00239999
2.56557e-09	0.00239739
2.56564e-09	0.0023948
2.5657e-09	0.00239221
2.56577e-09	0.00238962
2.56583e-09	0.00238703
2.56589e-09	0.00238444
2.56596e-09	0.00238186
2.56602e-09	0.00237928
2.56609e-09	0.0023767
2.56615e-09	0.00237412
2.56621e-09	0.00237154
2.56628e-09	0.00236897
2.56634e-09	0.00236639
2.56641e-09	0.00236382
2.56647e-09	0.00236125
2.56653e-09	0.00235869
2.5666e-09	0.00235612
2.56666e-09	0.00235356
2.56673e-09	0.002351
2.56679e-09	0.00234844
2.56685e-09	0.00234588
2.56692e-09	0.00234332
2.56698e-09	0.00234077
2.56705e-09	0.00233821
2.56711e-09	0.00233566
2.56717e-09	0.00233311
2.56724e-09	0.00233057
2.5673e-09	0.00232802
2.56737e-09	0.00232548
2.56743e-09	0.00232294
2.56749e-09	0.0023204
2.56756e-09	0.00231786
2.56762e-09	0.00231532
2.56769e-09	0.00231279
2.56775e-09	0.00231026
2.56781e-09	0.00230773
2.56788e-09	0.0023052
2.56794e-09	0.00230267
2.56801e-09	0.00230014
2.56807e-09	0.00229762
2.56813e-09	0.0022951
2.5682e-09	0.00229258
2.56826e-09	0.00229006
2.56833e-09	0.00228755
2.56839e-09	0.00228503
2.56845e-09	0.00228252
2.56852e-09	0.00228001
2.56858e-09	0.0022775
2.56865e-09	0.00227499
2.56871e-09	0.00227249
2.56877e-09	0.00226999
2.56884e-09	0.00226748
2.5689e-09	0.00226498
2.56897e-09	0.00226249
2.56903e-09	0.00225999
2.56909e-09	0.0022575
2.56916e-09	0.002255
2.56922e-09	0.00225251
2.56929e-09	0.00225003
2.56935e-09	0.00224754
2.56941e-09	0.00224505
2.56948e-09	0.00224257
2.56954e-09	0.00224009
2.56961e-09	0.00223761
2.56967e-09	0.00223513
2.56973e-09	0.00223266
2.5698e-09	0.00223018
2.56986e-09	0.00222771
2.56993e-09	0.00222524
2.56999e-09	0.00222277
2.57005e-09	0.0022203
2.57012e-09	0.00221784
2.57018e-09	0.00221537
2.57025e-09	0.00221291
2.57031e-09	0.00221045
2.57037e-09	0.002208
2.57044e-09	0.00220554
2.5705e-09	0.00220308
2.57057e-09	0.00220063
2.57063e-09	0.00219818
2.57069e-09	0.00219573
2.57076e-09	0.00219329
2.57082e-09	0.00219084
2.57089e-09	0.0021884
2.57095e-09	0.00218595
2.57101e-09	0.00218351
2.57108e-09	0.00218108
2.57114e-09	0.00217864
2.57121e-09	0.00217621
2.57127e-09	0.00217377
2.57133e-09	0.00217134
2.5714e-09	0.00216891
2.57146e-09	0.00216649
2.57153e-09	0.00216406
2.57159e-09	0.00216164
2.57165e-09	0.00215921
2.57172e-09	0.00215679
2.57178e-09	0.00215438
2.57185e-09	0.00215196
2.57191e-09	0.00214954
2.57197e-09	0.00214713
2.57204e-09	0.00214472
2.5721e-09	0.00214231
2.57217e-09	0.0021399
2.57223e-09	0.0021375
2.57229e-09	0.00213509
2.57236e-09	0.00213269
2.57242e-09	0.00213029
2.57249e-09	0.00212789
2.57255e-09	0.00212549
2.57261e-09	0.0021231
2.57268e-09	0.0021207
2.57274e-09	0.00211831
2.57281e-09	0.00211592
2.57287e-09	0.00211353
2.57293e-09	0.00211115
2.573e-09	0.00210876
2.57306e-09	0.00210638
2.57313e-09	0.002104
2.57319e-09	0.00210162
2.57325e-09	0.00209924
2.57332e-09	0.00209687
2.57338e-09	0.00209449
2.57345e-09	0.00209212
2.57351e-09	0.00208975
2.57357e-09	0.00208738
2.57364e-09	0.00208501
2.5737e-09	0.00208265
2.57377e-09	0.00208029
2.57383e-09	0.00207792
2.57389e-09	0.00207556
2.57396e-09	0.00207321
2.57402e-09	0.00207085
2.57409e-09	0.0020685
2.57415e-09	0.00206614
2.57421e-09	0.00206379
2.57428e-09	0.00206144
2.57434e-09	0.00205909
2.57441e-09	0.00205675
2.57447e-09	0.0020544
2.57453e-09	0.00205206
2.5746e-09	0.00204972
2.57466e-09	0.00204738
2.57473e-09	0.00204505
2.57479e-09	0.00204271
2.57485e-09	0.00204038
2.57492e-09	0.00203804
2.57498e-09	0.00203571
2.57505e-09	0.00203339
2.57511e-09	0.00203106
2.57517e-09	0.00202874
2.57524e-09	0.00202641
2.5753e-09	0.00202409
2.57537e-09	0.00202177
2.57543e-09	0.00201945
2.57549e-09	0.00201714
2.57556e-09	0.00201482
2.57562e-09	0.00201251
2.57569e-09	0.0020102
2.57575e-09	0.00200789
2.57581e-09	0.00200558
2.57588e-09	0.00200328
2.57594e-09	0.00200097
2.57601e-09	0.00199867
2.57607e-09	0.00199637
2.57613e-09	0.00199407
2.5762e-09	0.00199177
2.57626e-09	0.00198948
2.57633e-09	0.00198719
2.57639e-09	0.00198489
2.57646e-09	0.0019826
2.57652e-09	0.00198032
2.57658e-09	0.00197803
2.57665e-09	0.00197574
2.57671e-09	0.00197346
2.57678e-09	0.00197118
2.57684e-09	0.0019689
2.5769e-09	0.00196662
2.57697e-09	0.00196435
2.57703e-09	0.00196207
2.5771e-09	0.0019598
2.57716e-09	0.00195753
2.57722e-09	0.00195526
2.57729e-09	0.00195299
2.57735e-09	0.00195073
2.57742e-09	0.00194846
2.57748e-09	0.0019462
2.57754e-09	0.00194394
2.57761e-09	0.00194168
2.57767e-09	0.00193942
2.57774e-09	0.00193717
2.5778e-09	0.00193491
2.57786e-09	0.00193266
2.57793e-09	0.00193041
2.57799e-09	0.00192816
2.57806e-09	0.00192591
2.57812e-09	0.00192367
2.57818e-09	0.00192142
2.57825e-09	0.00191918
2.57831e-09	0.00191694
2.57838e-09	0.0019147
2.57844e-09	0.00191247
2.5785e-09	0.00191023
2.57857e-09	0.001908
2.57863e-09	0.00190577
2.5787e-09	0.00190354
2.57876e-09	0.00190131
2.57882e-09	0.00189908
2.57889e-09	0.00189686
2.57895e-09	0.00189464
2.57902e-09	0.00189241
2.57908e-09	0.00189019
2.57914e-09	0.00188798
2.57921e-09	0.00188576
2.57927e-09	0.00188355
2.57934e-09	0.00188133
2.5794e-09	0.00187912
2.57946e-09	0.00187691
2.57953e-09	0.0018747
2.57959e-09	0.0018725
2.57966e-09	0.00187029
2.57972e-09	0.00186809
2.57978e-09	0.00186589
2.57985e-09	0.00186369
2.57991e-09	0.00186149
2.57998e-09	0.0018593
2.58004e-09	0.0018571
2.5801e-09	0.00185491
2.58017e-09	0.00185272
2.58023e-09	0.00185053
2.5803e-09	0.00184834
2.58036e-09	0.00184616
2.58042e-09	0.00184397
2.58049e-09	0.00184179
2.58055e-09	0.00183961
2.58062e-09	0.00183743
2.58068e-09	0.00183525
2.58074e-09	0.00183308
2.58081e-09	0.0018309
2.58087e-09	0.00182873
2.58094e-09	0.00182656
2.581e-09	0.00182439
2.58106e-09	0.00182222
2.58113e-09	0.00182006
2.58119e-09	0.00181789
2.58126e-09	0.00181573
2.58132e-09	0.00181357
2.58138e-09	0.00181141
2.58145e-09	0.00180925
2.58151e-09	0.0018071
2.58158e-09	0.00180494
2.58164e-09	0.00180279
2.5817e-09	0.00180064
2.58177e-09	0.00179849
2.58183e-09	0.00179635
2.5819e-09	0.0017942
2.58196e-09	0.00179206
2.58202e-09	0.00178991
2.58209e-09	0.00178777
2.58215e-09	0.00178563
2.58222e-09	0.0017835
2.58228e-09	0.00178136
2.58234e-09	0.00177923
2.58241e-09	0.0017771
2.58247e-09	0.00177496
2.58254e-09	0.00177284
2.5826e-09	0.00177071
2.58266e-09	0.00176858
2.58273e-09	0.00176646
2.58279e-09	0.00176434
2.58286e-09	0.00176222
2.58292e-09	0.0017601
2.58298e-09	0.00175798
2.58305e-09	0.00175586
2.58311e-09	0.00175375
2.58318e-09	0.00175164
2.58324e-09	0.00174953
2.5833e-09	0.00174742
2.58337e-09	0.00174531
2.58343e-09	0.0017432
2.5835e-09	0.0017411
2.58356e-09	0.001739
2.58362e-09	0.0017369
2.58369e-09	0.0017348
2.58375e-09	0.0017327
2.58382e-09	0.0017306
2.58388e-09	0.00172851
2.58394e-09	0.00172642
2.58401e-09	0.00172433
2.58407e-09	0.00172224
2.58414e-09	0.00172015
2.5842e-09	0.00171806
2.58426e-09	0.00171598
2.58433e-09	0.0017139
2.58439e-09	0.00171181
2.58446e-09	0.00170973
2.58452e-09	0.00170766
2.58458e-09	0.00170558
2.58465e-09	0.00170351
2.58471e-09	0.00170143
2.58478e-09	0.00169936
2.58484e-09	0.00169729
2.5849e-09	0.00169522
2.58497e-09	0.00169316
2.58503e-09	0.00169109
2.5851e-09	0.00168903
2.58516e-09	0.00168697
2.58522e-09	0.00168491
2.58529e-09	0.00168285
2.58535e-09	0.00168079
2.58542e-09	0.00167874
2.58548e-09	0.00167668
2.58554e-09	0.00167463
2.58561e-09	0.00167258
2.58567e-09	0.00167053
2.58574e-09	0.00166849
2.5858e-09	0.00166644
2.58586e-09	0.0016644
2.58593e-09	0.00166236
2.58599e-09	0.00166031
2.58606e-09	0.00165828
2.58612e-09	0.00165624
2.58618e-09	0.0016542
2.58625e-09	0.00165217
2.58631e-09	0.00165014
2.58638e-09	0.00164811
2.58644e-09	0.00164608
2.5865e-09	0.00164405
2.58657e-09	0.00164202
2.58663e-09	0.00164
2.5867e-09	0.00163798
2.58676e-09	0.00163595
2.58682e-09	0.00163394
2.58689e-09	0.00163192
2.58695e-09	0.0016299
2.58702e-09	0.00162789
2.58708e-09	0.00162587
2.58714e-09	0.00162386
2.58721e-09	0.00162185
2.58727e-09	0.00161984
2.58734e-09	0.00161784
2.5874e-09	0.00161583
2.58746e-09	0.00161383
2.58753e-09	0.00161183
2.58759e-09	0.00160983
2.58766e-09	0.00160783
2.58772e-09	0.00160583
2.58778e-09	0.00160383
2.58785e-09	0.00160184
2.58791e-09	0.00159985
2.58798e-09	0.00159786
2.58804e-09	0.00159587
2.5881e-09	0.00159388
2.58817e-09	0.0015919
2.58823e-09	0.00158991
2.5883e-09	0.00158793
2.58836e-09	0.00158595
2.58842e-09	0.00158397
2.58849e-09	0.00158199
2.58855e-09	0.00158001
2.58862e-09	0.00157804
2.58868e-09	0.00157607
2.58874e-09	0.00157409
2.58881e-09	0.00157212
2.58887e-09	0.00157016
2.58894e-09	0.00156819
2.589e-09	0.00156622
2.58906e-09	0.00156426
2.58913e-09	0.0015623
2.58919e-09	0.00156034
2.58926e-09	0.00155838
2.58932e-09	0.00155642
2.58938e-09	0.00155446
2.58945e-09	0.00155251
2.58951e-09	0.00155056
2.58958e-09	0.00154861
2.58964e-09	0.00154666
2.5897e-09	0.00154471
2.58977e-09	0.00154276
2.58983e-09	0.00154082
2.5899e-09	0.00153887
2.58996e-09	0.00153693
2.59002e-09	0.00153499
2.59009e-09	0.00153305
2.59015e-09	0.00153112
2.59022e-09	0.00152918
2.59028e-09	0.00152725
2.59034e-09	0.00152532
2.59041e-09	0.00152339
2.59047e-09	0.00152146
2.59054e-09	0.00151953
2.5906e-09	0.0015176
2.59066e-09	0.00151568
2.59073e-09	0.00151376
2.59079e-09	0.00151183
2.59086e-09	0.00150991
2.59092e-09	0.001508
2.59098e-09	0.00150608
2.59105e-09	0.00150416
2.59111e-09	0.00150225
2.59118e-09	0.00150034
2.59124e-09	0.00149843
2.5913e-09	0.00149652
2.59137e-09	0.00149461
2.59143e-09	0.00149271
2.5915e-09	0.0014908
2.59156e-09	0.0014889
2.59162e-09	0.001487
2.59169e-09	0.0014851
2.59175e-09	0.0014832
2.59182e-09	0.00148131
2.59188e-09	0.00147941
2.59194e-09	0.00147752
2.59201e-09	0.00147563
2.59207e-09	0.00147374
2.59214e-09	0.00147185
2.5922e-09	0.00146996
2.59226e-09	0.00146807
2.59233e-09	0.00146619
2.59239e-09	0.00146431
2.59246e-09	0.00146243
2.59252e-09	0.00146055
2.59258e-09	0.00145867
2.59265e-09	0.00145679
2.59271e-09	0.00145492
2.59278e-09	0.00145304
2.59284e-09	0.00145117
2.5929e-09	0.0014493
2.59297e-09	0.00144743
2.59303e-09	0.00144557
2.5931e-09	0.0014437
2.59316e-09	0.00144184
2.59322e-09	0.00143997
2.59329e-09	0.00143811
2.59335e-09	0.00143625
2.59342e-09	0.0014344
2.59348e-09	0.00143254
2.59354e-09	0.00143068
2.59361e-09	0.00142883
2.59367e-09	0.00142698
2.59374e-09	0.00142513
2.5938e-09	0.00142328
2.59387e-09	0.00142143
2.59393e-09	0.00141959
2.59399e-09	0.00141774
2.59406e-09	0.0014159
2.59412e-09	0.00141406
2.59419e-09	0.00141222
2.59425e-09	0.00141038
2.59431e-09	0.00140854
2.59438e-09	0.00140671
2.59444e-09	0.00140488
2.59451e-09	0.00140304
2.59457e-09	0.00140121
2.59463e-09	0.00139938
2.5947e-09	0.00139756
2.59476e-09	0.00139573
2.59483e-09	0.00139391
2.59489e-09	0.00139208
2.59495e-09	0.00139026
2.59502e-09	0.00138844
2.59508e-09	0.00138662
2.59515e-09	0.00138481
2.59521e-09	0.00138299
2.59527e-09	0.00138118
2.59534e-09	0.00137936
2.5954e-09	0.00137755
2.59547e-09	0.00137574
2.59553e-09	0.00137394
2.59559e-09	0.00137213
2.59566e-09	0.00137032
2.59572e-09	0.00136852
2.59579e-09	0.00136672
2.59585e-09	0.00136492
2.59591e-09	0.00136312
2.59598e-09	0.00136132
2.59604e-09	0.00135953
2.59611e-09	0.00135773
2.59617e-09	0.00135594
2.59623e-09	0.00135415
2.5963e-09	0.00135236
2.59636e-09	0.00135057
2.59643e-09	0.00134878
2.59649e-09	0.001347
2.59655e-09	0.00134521
2.59662e-09	0.00134343
2.59668e-09	0.00134165
2.59675e-09	0.00133987
2.59681e-09	0.00133809
2.59687e-09	0.00133631
2.59694e-09	0.00133454
2.597e-09	0.00133277
2.59707e-09	0.00133099
2.59713e-09	0.00132922
2.59719e-09	0.00132745
2.59726e-09	0.00132569
2.59732e-09	0.00132392
2.59739e-09	0.00132216
2.59745e-09	0.00132039
2.59751e-09	0.00131863
2.59758e-09	0.00131687
2.59764e-09	0.00131511
2.59771e-09	0.00131335
2.59777e-09	0.0013116
2.59783e-09	0.00130984
2.5979e-09	0.00130809
2.59796e-09	0.00130634
2.59803e-09	0.00130459
2.59809e-09	0.00130284
2.59815e-09	0.0013011
2.59822e-09	0.00129935
2.59828e-09	0.00129761
2.59835e-09	0.00129586
2.59841e-09	0.00129412
2.59847e-09	0.00129238
2.59854e-09	0.00129064
2.5986e-09	0.00128891
2.59867e-09	0.00128717
2.59873e-09	0.00128544
2.59879e-09	0.00128371
2.59886e-09	0.00128198
2.59892e-09	0.00128025
2.59899e-09	0.00127852
2.59905e-09	0.00127679
2.59911e-09	0.00127507
2.59918e-09	0.00127334
2.59924e-09	0.00127162
2.59931e-09	0.0012699
2.59937e-09	0.00126818
2.59943e-09	0.00126646
2.5995e-09	0.00126475
2.59956e-09	0.00126303
2.59963e-09	0.00126132
2.59969e-09	0.00125961
2.59975e-09	0.0012579
2.59982e-09	0.00125619
2.59988e-09	0.00125448
2.59995e-09	0.00125278
2.60001e-09	0.00125107
2.60007e-09	0.00124937
2.60014e-09	0.00124767
2.6002e-09	0.00124597
2.60027e-09	0.00124427
2.60033e-09	0.00124257
2.60039e-09	0.00124087
2.60046e-09	0.00123918
2.60052e-09	0.00123749
2.60059e-09	0.00123579
2.60065e-09	0.0012341
2.60071e-09	0.00123242
2.60078e-09	0.00123073
2.60084e-09	0.00122904
2.60091e-09	0.00122736
2.60097e-09	0.00122568
2.60103e-09	0.00122399
2.6011e-09	0.00122231
2.60116e-09	0.00122064
2.60123e-09	0.00121896
2.60129e-09	0.00121728
2.60135e-09	0.00121561
2.60142e-09	0.00121394
2.60148e-09	0.00121226
2.60155e-09	0.00121059
2.60161e-09	0.00120893
2.60167e-09	0.00120726
2.60174e-09	0.00120559
2.6018e-09	0.00120393
2.60187e-09	0.00120226
2.60193e-09	0.0012006
2.60199e-09	0.00119894
2.60206e-09	0.00119728
2.60212e-09	0.00119563
2.60219e-09	0.00119397
2.60225e-09	0.00119232
2.60231e-09	0.00119066
2.60238e-09	0.00118901
2.60244e-09	0.00118736
2.60251e-09	0.00118571
2.60257e-09	0.00118407
2.60263e-09	0.00118242
2.6027e-09	0.00118078
2.60276e-09	0.00117913
2.60283e-09	0.00117749
2.60289e-09	0.00117585
2.60295e-09	0.00117421
2.60302e-09	0.00117258
2.60308e-09	0.00117094
2.60315e-09	0.00116931
2.60321e-09	0.00116767
2.60327e-09	0.00116604
2.60334e-09	0.00116441
2.6034e-09	0.00116278
2.60347e-09	0.00116115
2.60353e-09	0.00115953
2.60359e-09	0.0011579
2.60366e-09	0.00115628
2.60372e-09	0.00115466
2.60379e-09	0.00115304
2.60385e-09	0.00115142
2.60391e-09	0.0011498
2.60398e-09	0.00114819
2.60404e-09	0.00114657
2.60411e-09	0.00114496
2.60417e-09	0.00114335
2.60423e-09	0.00114174
2.6043e-09	0.00114013
2.60436e-09	0.00113852
2.60443e-09	0.00113691
2.60449e-09	0.00113531
2.60455e-09	0.0011337
2.60462e-09	0.0011321
2.60468e-09	0.0011305
2.60475e-09	0.0011289
2.60481e-09	0.0011273
2.60487e-09	0.00112571
2.60494e-09	0.00112411
2.605e-09	0.00112252
2.60507e-09	0.00112092
2.60513e-09	0.00111933
2.60519e-09	0.00111774
2.60526e-09	0.00111616
2.60532e-09	0.00111457
2.60539e-09	0.00111298
2.60545e-09	0.0011114
2.60551e-09	0.00110982
2.60558e-09	0.00110823
2.60564e-09	0.00110665
2.60571e-09	0.00110508
2.60577e-09	0.0011035
2.60583e-09	0.00110192
2.6059e-09	0.00110035
2.60596e-09	0.00109878
2.60603e-09	0.0010972
2.60609e-09	0.00109563
2.60615e-09	0.00109406
2.60622e-09	0.0010925
2.60628e-09	0.00109093
2.60635e-09	0.00108937
2.60641e-09	0.0010878
2.60647e-09	0.00108624
2.60654e-09	0.00108468
2.6066e-09	0.00108312
2.60667e-09	0.00108156
2.60673e-09	0.00108001
2.60679e-09	0.00107845
2.60686e-09	0.0010769
2.60692e-09	0.00107534
2.60699e-09	0.00107379
2.60705e-09	0.00107224
2.60711e-09	0.00107069
2.60718e-09	0.00106915
2.60724e-09	0.0010676
2.60731e-09	0.00106606
2.60737e-09	0.00106451
2.60743e-09	0.00106297
2.6075e-09	0.00106143
2.60756e-09	0.00105989
2.60763e-09	0.00105836
2.60769e-09	0.00105682
2.60775e-09	0.00105529
2.60782e-09	0.00105375
2.60788e-09	0.00105222
2.60795e-09	0.00105069
2.60801e-09	0.00104916
2.60807e-09	0.00104763
2.60814e-09	0.00104611
2.6082e-09	0.00104458
2.60827e-09	0.00104306
2.60833e-09	0.00104153
2.60839e-09	0.00104001
2.60846e-09	0.00103849
2.60852e-09	0.00103697
2.60859e-09	0.00103546
2.60865e-09	0.00103394
2.60871e-09	0.00103243
2.60878e-09	0.00103091
2.60884e-09	0.0010294
2.60891e-09	0.00102789
2.60897e-09	0.00102638
2.60903e-09	0.00102487
2.6091e-09	0.00102337
2.60916e-09	0.00102186
2.60923e-09	0.00102036
2.60929e-09	0.00101886
2.60935e-09	0.00101736
2.60942e-09	0.00101586
2.60948e-09	0.00101436
2.60955e-09	0.00101286
2.60961e-09	0.00101136
2.60967e-09	0.00100987
2.60974e-09	0.00100838
2.6098e-09	0.00100688
2.60987e-09	0.00100539
2.60993e-09	0.00100391
2.60999e-09	0.00100242
2.61006e-09	0.00100093
2.61012e-09	0.000999446
2.61019e-09	0.000997962
2.61025e-09	0.00099648
2.61031e-09	0.000994999
2.61038e-09	0.000993519
2.61044e-09	0.00099204
2.61051e-09	0.000990563
2.61057e-09	0.000989087
2.61063e-09	0.000987613
2.6107e-09	0.00098614
2.61076e-09	0.000984668
2.61083e-09	0.000983197
2.61089e-09	0.000981728
2.61095e-09	0.00098026
2.61102e-09	0.000978794
2.61108e-09	0.000977328
2.61115e-09	0.000975865
2.61121e-09	0.000974402
2.61127e-09	0.000972941
2.61134e-09	0.000971481
2.6114e-09	0.000970022
2.61147e-09	0.000968565
2.61153e-09	0.000967109
2.6116e-09	0.000965654
2.61166e-09	0.0009642
2.61172e-09	0.000962748
2.61179e-09	0.000961297
2.61185e-09	0.000959848
2.61192e-09	0.0009584
2.61198e-09	0.000956953
2.61204e-09	0.000955507
2.61211e-09	0.000954063
2.61217e-09	0.00095262
2.61224e-09	0.000951179
2.6123e-09	0.000949738
2.61236e-09	0.000948299
2.61243e-09	0.000946861
2.61249e-09	0.000945425
2.61256e-09	0.00094399
2.61262e-09	0.000942556
2.61268e-09	0.000941123
2.61275e-09	0.000939692
2.61281e-09	0.000938262
2.61288e-09	0.000936834
2.61294e-09	0.000935406
2.613e-09	0.00093398
2.61307e-09	0.000932555
2.61313e-09	0.000931132
2.6132e-09	0.00092971
2.61326e-09	0.000928289
2.61332e-09	0.000926869
2.61339e-09	0.000925451
2.61345e-09	0.000924034
2.61352e-09	0.000922618
2.61358e-09	0.000921204
2.61364e-09	0.000919791
2.61371e-09	0.000918379
2.61377e-09	0.000916968
2.61384e-09	0.000915559
2.6139e-09	0.000914151
2.61396e-09	0.000912744
2.61403e-09	0.000911339
2.61409e-09	0.000909935
2.61416e-09	0.000908532
2.61422e-09	0.00090713
2.61428e-09	0.00090573
2.61435e-09	0.000904331
2.61441e-09	0.000902933
2.61448e-09	0.000901537
2.61454e-09	0.000900142
2.6146e-09	0.000898748
2.61467e-09	0.000897355
2.61473e-09	0.000895964
2.6148e-09	0.000894574
2.61486e-09	0.000893185
2.61492e-09	0.000891797
2.61499e-09	0.000890411
2.61505e-09	0.000889026
2.61512e-09	0.000887642
2.61518e-09	0.00088626
2.61524e-09	0.000884879
2.61531e-09	0.000883499
2.61537e-09	0.00088212
2.61544e-09	0.000880743
2.6155e-09	0.000879367
2.61556e-09	0.000877992
2.61563e-09	0.000876618
2.61569e-09	0.000875246
2.61576e-09	0.000873875
2.61582e-09	0.000872505
2.61588e-09	0.000871137
2.61595e-09	0.000869769
2.61601e-09	0.000868403
2.61608e-09	0.000867039
2.61614e-09	0.000865675
2.6162e-09	0.000864313
2.61627e-09	0.000862952
2.61633e-09	0.000861592
2.6164e-09	0.000860234
2.61646e-09	0.000858877
2.61652e-09	0.000857521
2.61659e-09	0.000856166
2.61665e-09	0.000854813
2.61672e-09	0.00085346
2.61678e-09	0.000852109
2.61684e-09	0.00085076
2.61691e-09	0.000849411
2.61697e-09	0.000848064
2.61704e-09	0.000846718
2.6171e-09	0.000845373
2.61716e-09	0.00084403
2.61723e-09	0.000842688
2.61729e-09	0.000841347
2.61736e-09	0.000840007
2.61742e-09	0.000838669
2.61748e-09	0.000837331
2.61755e-09	0.000835995
2.61761e-09	0.000834661
2.61768e-09	0.000833327
2.61774e-09	0.000831995
2.6178e-09	0.000830664
2.61787e-09	0.000829334
2.61793e-09	0.000828006
2.618e-09	0.000826678
2.61806e-09	0.000825352
2.61812e-09	0.000824027
2.61819e-09	0.000822704
2.61825e-09	0.000821382
2.61832e-09	0.00082006
2.61838e-09	0.00081874
2.61844e-09	0.000817422
2.61851e-09	0.000816104
2.61857e-09	0.000814788
2.61864e-09	0.000813473
2.6187e-09	0.00081216
2.61876e-09	0.000810847
2.61883e-09	0.000809536
2.61889e-09	0.000808226
2.61896e-09	0.000806917
2.61902e-09	0.000805609
2.61908e-09	0.000804303
2.61915e-09	0.000802998
2.61921e-09	0.000801694
2.61928e-09	0.000800391
2.61934e-09	0.00079909
2.6194e-09	0.000797789
2.61947e-09	0.00079649
2.61953e-09	0.000795192
2.6196e-09	0.000793896
2.61966e-09	0.0007926
2.61972e-09	0.000791306
2.61979e-09	0.000790013
2.61985e-09	0.000788722
2.61992e-09	0.000787431
2.61998e-09	0.000786142
2.62004e-09	0.000784854
2.62011e-09	0.000783567
2.62017e-09	0.000782281
2.62024e-09	0.000780997
2.6203e-09	0.000779713
2.62036e-09	0.000778431
2.62043e-09	0.000777151
2.62049e-09	0.000775871
2.62056e-09	0.000774593
2.62062e-09	0.000773315
2.62068e-09	0.000772039
2.62075e-09	0.000770765
2.62081e-09	0.000769491
2.62088e-09	0.000768219
2.62094e-09	0.000766947
2.621e-09	0.000765677
2.62107e-09	0.000764409
2.62113e-09	0.000763141
2.6212e-09	0.000761875
2.62126e-09	0.00076061
2.62132e-09	0.000759346
2.62139e-09	0.000758083
2.62145e-09	0.000756821
2.62152e-09	0.000755561
2.62158e-09	0.000754302
2.62164e-09	0.000753044
2.62171e-09	0.000751787
2.62177e-09	0.000750531
2.62184e-09	0.000749277
2.6219e-09	0.000748024
2.62196e-09	0.000746772
2.62203e-09	0.000745521
2.62209e-09	0.000744271
2.62216e-09	0.000743023
2.62222e-09	0.000741775
2.62228e-09	0.000740529
2.62235e-09	0.000739284
2.62241e-09	0.000738041
2.62248e-09	0.000736798
2.62254e-09	0.000735557
2.6226e-09	0.000734317
2.62267e-09	0.000733078
2.62273e-09	0.00073184
2.6228e-09	0.000730603
2.62286e-09	0.000729368
2.62292e-09	0.000728134
2.62299e-09	0.000726901
2.62305e-09	0.000725669
2.62312e-09	0.000724438
2.62318e-09	0.000723209
2.62324e-09	0.00072198
2.62331e-09	0.000720753
2.62337e-09	0.000719527
2.62344e-09	0.000718302
2.6235e-09	0.000717079
2.62356e-09	0.000715856
2.62363e-09	0.000714635
2.62369e-09	0.000713415
2.62376e-09	0.000712196
2.62382e-09	0.000710978
2.62388e-09	0.000709762
2.62395e-09	0.000708546
2.62401e-09	0.000707332
2.62408e-09	0.000706119
2.62414e-09	0.000704907
2.6242e-09	0.000703696
2.62427e-09	0.000702486
2.62433e-09	0.000701278
2.6244e-09	0.000700071
2.62446e-09	0.000698865
2.62452e-09	0.00069766
2.62459e-09	0.000696456
2.62465e-09	0.000695253
2.62472e-09	0.000694052
2.62478e-09	0.000692851
2.62484e-09	0.000691652
2.62491e-09	0.000690454
2.62497e-09	0.000689257
2.62504e-09	0.000688062
2.6251e-09	0.000686867
2.62516e-09	0.000685674
2.62523e-09	0.000684482
2.62529e-09	0.000683291
2.62536e-09	0.000682101
2.62542e-09	0.000680912
2.62548e-09	0.000679724
2.62555e-09	0.000678538
2.62561e-09	0.000677353
2.62568e-09	0.000676168
2.62574e-09	0.000674986
2.6258e-09	0.000673804
2.62587e-09	0.000672623
2.62593e-09	0.000671443
2.626e-09	0.000670265
2.62606e-09	0.000669088
2.62612e-09	0.000667912
2.62619e-09	0.000666737
2.62625e-09	0.000665563
2.62632e-09	0.00066439
2.62638e-09	0.000663219
2.62644e-09	0.000662048
2.62651e-09	0.000660879
2.62657e-09	0.000659711
2.62664e-09	0.000658544
2.6267e-09	0.000657378
2.62676e-09	0.000656213
2.62683e-09	0.00065505
2.62689e-09	0.000653887
2.62696e-09	0.000652726
2.62702e-09	0.000651566
2.62708e-09	0.000650407
2.62715e-09	0.000649249
2.62721e-09	0.000648092
2.62728e-09	0.000646936
2.62734e-09	0.000645782
2.6274e-09	0.000644628
2.62747e-09	0.000643476
2.62753e-09	0.000642325
2.6276e-09	0.000641175
2.62766e-09	0.000640026
2.62772e-09	0.000638878
2.62779e-09	0.000637732
2.62785e-09	0.000636586
2.62792e-09	0.000635442
2.62798e-09	0.000634299
2.62804e-09	0.000633157
2.62811e-09	0.000632016
2.62817e-09	0.000630876
2.62824e-09	0.000629737
2.6283e-09	0.000628599
2.62836e-09	0.000627463
2.62843e-09	0.000626328
2.62849e-09	0.000625193
2.62856e-09	0.00062406
2.62862e-09	0.000622928
2.62868e-09	0.000621797
2.62875e-09	0.000620667
2.62881e-09	0.000619539
2.62888e-09	0.000618411
2.62894e-09	0.000617285
2.62901e-09	0.000616159
2.62907e-09	0.000615035
2.62913e-09	0.000613912
2.6292e-09	0.00061279
2.62926e-09	0.000611669
2.62933e-09	0.000610549
2.62939e-09	0.00060943
2.62945e-09	0.000608313
2.62952e-09	0.000607196
2.62958e-09	0.000606081
2.62965e-09	0.000604967
2.62971e-09	0.000603853
2.62977e-09	0.000602741
2.62984e-09	0.00060163
2.6299e-09	0.000600521
2.62997e-09	0.000599412
2.63003e-09	0.000598304
2.63009e-09	0.000597198
2.63016e-09	0.000596092
2.63022e-09	0.000594988
2.63029e-09	0.000593885
2.63035e-09	0.000592782
2.63041e-09	0.000591681
2.63048e-09	0.000590581
2.63054e-09	0.000589482
2.63061e-09	0.000588385
2.63067e-09	0.000587288
2.63073e-09	0.000586192
2.6308e-09	0.000585098
2.63086e-09	0.000584005
2.63093e-09	0.000582912
2.63099e-09	0.000581821
2.63105e-09	0.000580731
2.63112e-09	0.000579642
2.63118e-09	0.000578554
2.63125e-09	0.000577467
2.63131e-09	0.000576381
2.63137e-09	0.000575296
2.63144e-09	0.000574213
2.6315e-09	0.00057313
2.63157e-09	0.000572049
2.63163e-09	0.000570969
2.63169e-09	0.000569889
2.63176e-09	0.000568811
2.63182e-09	0.000567734
2.63189e-09	0.000566658
2.63195e-09	0.000565583
2.63201e-09	0.000564509
2.63208e-09	0.000563436
2.63214e-09	0.000562365
2.63221e-09	0.000561294
2.63227e-09	0.000560224
2.63233e-09	0.000559156
2.6324e-09	0.000558088
2.63246e-09	0.000557022
2.63253e-09	0.000555957
2.63259e-09	0.000554893
2.63265e-09	0.000553829
2.63272e-09	0.000552767
2.63278e-09	0.000551706
2.63285e-09	0.000550647
2.63291e-09	0.000549588
2.63297e-09	0.00054853
2.63304e-09	0.000547473
2.6331e-09	0.000546418
2.63317e-09	0.000545363
2.63323e-09	0.000544309
2.63329e-09	0.000543257
2.63336e-09	0.000542206
2.63342e-09	0.000541155
2.63349e-09	0.000540106
2.63355e-09	0.000539058
2.63361e-09	0.000538011
2.63368e-09	0.000536965
2.63374e-09	0.00053592
2.63381e-09	0.000534876
2.63387e-09	0.000533833
2.63393e-09	0.000532791
2.634e-09	0.00053175
2.63406e-09	0.00053071
2.63413e-09	0.000529672
2.63419e-09	0.000528634
2.63425e-09	0.000527598
2.63432e-09	0.000526562
2.63438e-09	0.000525528
2.63445e-09	0.000524494
2.63451e-09	0.000523462
2.63457e-09	0.000522431
2.63464e-09	0.0005214
2.6347e-09	0.000520371
2.63477e-09	0.000519343
2.63483e-09	0.000518316
2.63489e-09	0.00051729
2.63496e-09	0.000516265
2.63502e-09	0.000515241
2.63509e-09	0.000514218
2.63515e-09	0.000513196
2.63521e-09	0.000512175
2.63528e-09	0.000511156
2.63534e-09	0.000510137
2.63541e-09	0.000509119
2.63547e-09	0.000508102
2.63553e-09	0.000507087
2.6356e-09	0.000506072
2.63566e-09	0.000505059
2.63573e-09	0.000504046
2.63579e-09	0.000503035
2.63585e-09	0.000502024
2.63592e-09	0.000501015
2.63598e-09	0.000500007
2.63605e-09	0.000498999
2.63611e-09	0.000497993
2.63617e-09	0.000496988
2.63624e-09	0.000495984
2.6363e-09	0.00049498
2.63637e-09	0.000493978
2.63643e-09	0.000492977
2.63649e-09	0.000491977
2.63656e-09	0.000490978
2.63662e-09	0.00048998
2.63669e-09	0.000488983
2.63675e-09	0.000487987
2.63681e-09	0.000486992
2.63688e-09	0.000485998
2.63694e-09	0.000485005
2.63701e-09	0.000484013
2.63707e-09	0.000483023
2.63713e-09	0.000482033
2.6372e-09	0.000481044
2.63726e-09	0.000480056
2.63733e-09	0.000479069
2.63739e-09	0.000478084
2.63745e-09	0.000477099
2.63752e-09	0.000476115
2.63758e-09	0.000475133
2.63765e-09	0.000474151
2.63771e-09	0.00047317
2.63777e-09	0.000472191
2.63784e-09	0.000471212
2.6379e-09	0.000470234
2.63797e-09	0.000469258
2.63803e-09	0.000468282
2.63809e-09	0.000467308
2.63816e-09	0.000466334
2.63822e-09	0.000465362
2.63829e-09	0.00046439
2.63835e-09	0.00046342
2.63841e-09	0.00046245
2.63848e-09	0.000461482
2.63854e-09	0.000460514
2.63861e-09	0.000459548
2.63867e-09	0.000458582
2.63873e-09	0.000457618
2.6388e-09	0.000456654
2.63886e-09	0.000455692
2.63893e-09	0.00045473
2.63899e-09	0.00045377
2.63905e-09	0.000452811
2.63912e-09	0.000451852
2.63918e-09	0.000450895
2.63925e-09	0.000449938
2.63931e-09	0.000448983
2.63937e-09	0.000448028
2.63944e-09	0.000447075
2.6395e-09	0.000446123
2.63957e-09	0.000445171
2.63963e-09	0.000444221
2.63969e-09	0.000443271
2.63976e-09	0.000442323
2.63982e-09	0.000441375
2.63989e-09	0.000440429
2.63995e-09	0.000439483
2.64001e-09	0.000438539
2.64008e-09	0.000437595
2.64014e-09	0.000436653
2.64021e-09	0.000435711
2.64027e-09	0.000434771
2.64033e-09	0.000433831
2.6404e-09	0.000432893
2.64046e-09	0.000431955
2.64053e-09	0.000431019
2.64059e-09	0.000430083
2.64065e-09	0.000429148
2.64072e-09	0.000428215
2.64078e-09	0.000427282
2.64085e-09	0.000426351
2.64091e-09	0.00042542
2.64097e-09	0.00042449
2.64104e-09	0.000423562
2.6411e-09	0.000422634
2.64117e-09	0.000421707
2.64123e-09	0.000420781
2.64129e-09	0.000419857
2.64136e-09	0.000418933
2.64142e-09	0.00041801
2.64149e-09	0.000417088
2.64155e-09	0.000416167
2.64161e-09	0.000415247
2.64168e-09	0.000414329
2.64174e-09	0.000413411
2.64181e-09	0.000412494
2.64187e-09	0.000411578
2.64193e-09	0.000410663
2.642e-09	0.000409749
2.64206e-09	0.000408836
2.64213e-09	0.000407923
2.64219e-09	0.000407012
2.64225e-09	0.000406102
2.64232e-09	0.000405193
2.64238e-09	0.000404285
2.64245e-09	0.000403377
2.64251e-09	0.000402471
2.64257e-09	0.000401566
2.64264e-09	0.000400661
2.6427e-09	0.000399758
2.64277e-09	0.000398856
2.64283e-09	0.000397954
2.64289e-09	0.000397054
2.64296e-09	0.000396154
2.64302e-09	0.000395255
2.64309e-09	0.000394358
2.64315e-09	0.000393461
2.64321e-09	0.000392565
2.64328e-09	0.000391671
2.64334e-09	0.000390777
2.64341e-09	0.000389884
2.64347e-09	0.000388992
2.64353e-09	0.000388101
2.6436e-09	0.000387211
2.64366e-09	0.000386322
2.64373e-09	0.000385434
2.64379e-09	0.000384547
2.64385e-09	0.000383661
2.64392e-09	0.000382776
2.64398e-09	0.000381891
2.64405e-09	0.000381008
2.64411e-09	0.000380126
2.64417e-09	0.000379244
2.64424e-09	0.000378364
2.6443e-09	0.000377484
2.64437e-09	0.000376606
2.64443e-09	0.000375728
2.64449e-09	0.000374852
2.64456e-09	0.000373976
2.64462e-09	0.000373101
2.64469e-09	0.000372227
2.64475e-09	0.000371354
2.64481e-09	0.000370482
2.64488e-09	0.000369611
2.64494e-09	0.000368741
2.64501e-09	0.000367872
2.64507e-09	0.000367004
2.64513e-09	0.000366137
2.6452e-09	0.00036527
2.64526e-09	0.000364405
2.64533e-09	0.000363541
2.64539e-09	0.000362677
2.64545e-09	0.000361815
2.64552e-09	0.000360953
2.64558e-09	0.000360092
2.64565e-09	0.000359232
2.64571e-09	0.000358374
2.64577e-09	0.000357516
2.64584e-09	0.000356659
2.6459e-09	0.000355803
2.64597e-09	0.000354948
2.64603e-09	0.000354093
2.64609e-09	0.00035324
2.64616e-09	0.000352388
2.64622e-09	0.000351537
2.64629e-09	0.000350686
2.64635e-09	0.000349837
2.64642e-09	0.000348988
2.64648e-09	0.00034814
2.64654e-09	0.000347294
2.64661e-09	0.000346448
2.64667e-09	0.000345603
2.64674e-09	0.000344759
2.6468e-09	0.000343916
2.64686e-09	0.000343074
2.64693e-09	0.000342232
2.64699e-09	0.000341392
2.64706e-09	0.000340553
2.64712e-09	0.000339714
2.64718e-09	0.000338877
2.64725e-09	0.00033804
2.64731e-09	0.000337204
2.64738e-09	0.000336369
2.64744e-09	0.000335536
2.6475e-09	0.000334703
2.64757e-09	0.000333871
2.64763e-09	0.000333039
2.6477e-09	0.000332209
2.64776e-09	0.00033138
2.64782e-09	0.000330551
2.64789e-09	0.000329724
2.64795e-09	0.000328897
2.64802e-09	0.000328072
2.64808e-09	0.000327247
2.64814e-09	0.000326423
2.64821e-09	0.0003256
2.64827e-09	0.000324778
2.64834e-09	0.000323957
2.6484e-09	0.000323137
2.64846e-09	0.000322317
2.64853e-09	0.000321499
2.64859e-09	0.000320681
2.64866e-09	0.000319865
2.64872e-09	0.000319049
2.64878e-09	0.000318234
2.64885e-09	0.00031742
2.64891e-09	0.000316607
2.64898e-09	0.000315795
2.64904e-09	0.000314984
2.6491e-09	0.000314174
2.64917e-09	0.000313364
2.64923e-09	0.000312556
2.6493e-09	0.000311748
2.64936e-09	0.000310942
2.64942e-09	0.000310136
2.64949e-09	0.000309331
2.64955e-09	0.000308527
2.64962e-09	0.000307724
2.64968e-09	0.000306921
2.64974e-09	0.00030612
2.64981e-09	0.000305319
2.64987e-09	0.00030452
2.64994e-09	0.000303721
2.65e-09	0.000302923
2.65006e-09	0.000302126
2.65013e-09	0.00030133
2.65019e-09	0.000300535
2.65026e-09	0.000299741
2.65032e-09	0.000298948
2.65038e-09	0.000298155
2.65045e-09	0.000297364
2.65051e-09	0.000296573
2.65058e-09	0.000295783
2.65064e-09	0.000294994
2.6507e-09	0.000294206
2.65077e-09	0.000293419
2.65083e-09	0.000292633
2.6509e-09	0.000291847
2.65096e-09	0.000291063
2.65102e-09	0.000290279
2.65109e-09	0.000289496
2.65115e-09	0.000288714
2.65122e-09	0.000287933
2.65128e-09	0.000287153
2.65134e-09	0.000286374
2.65141e-09	0.000285596
2.65147e-09	0.000284818
2.65154e-09	0.000284041
2.6516e-09	0.000283266
2.65166e-09	0.000282491
2.65173e-09	0.000281717
2.65179e-09	0.000280944
2.65186e-09	0.000280171
2.65192e-09	0.0002794
2.65198e-09	0.000278629
2.65205e-09	0.00027786
2.65211e-09	0.000277091
2.65218e-09	0.000276323
2.65224e-09	0.000275556
2.6523e-09	0.00027479
2.65237e-09	0.000274024
2.65243e-09	0.00027326
2.6525e-09	0.000272496
2.65256e-09	0.000271733
2.65262e-09	0.000270972
2.65269e-09	0.000270211
2.65275e-09	0.00026945
2.65282e-09	0.000268691
2.65288e-09	0.000267933
2.65294e-09	0.000267175
2.65301e-09	0.000266418
2.65307e-09	0.000265663
2.65314e-09	0.000264907
2.6532e-09	0.000264153
2.65326e-09	0.0002634
2.65333e-09	0.000262648
2.65339e-09	0.000261896
2.65346e-09	0.000261145
2.65352e-09	0.000260395
2.65358e-09	0.000259647
2.65365e-09	0.000258898
2.65371e-09	0.000258151
2.65378e-09	0.000257405
2.65384e-09	0.000256659
2.6539e-09	0.000255914
2.65397e-09	0.00025517
2.65403e-09	0.000254427
2.6541e-09	0.000253685
2.65416e-09	0.000252944
2.65422e-09	0.000252203
2.65429e-09	0.000251464
2.65435e-09	0.000250725
2.65442e-09	0.000249987
2.65448e-09	0.00024925
2.65454e-09	0.000248513
2.65461e-09	0.000247778
2.65467e-09	0.000247043
2.65474e-09	0.00024631
2.6548e-09	0.000245577
2.65486e-09	0.000244845
2.65493e-09	0.000244113
2.65499e-09	0.000243383
2.65506e-09	0.000242654
2.65512e-09	0.000241925
2.65518e-09	0.000241197
2.65525e-09	0.00024047
2.65531e-09	0.000239744
2.65538e-09	0.000239018
2.65544e-09	0.000238294
2.6555e-09	0.00023757
2.65557e-09	0.000236847
2.65563e-09	0.000236125
2.6557e-09	0.000235404
2.65576e-09	0.000234684
2.65582e-09	0.000233964
2.65589e-09	0.000233246
2.65595e-09	0.000232528
2.65602e-09	0.000231811
2.65608e-09	0.000231095
2.65614e-09	0.000230379
2.65621e-09	0.000229665
2.65627e-09	0.000228951
2.65634e-09	0.000228238
2.6564e-09	0.000227526
2.65646e-09	0.000226815
2.65653e-09	0.000226104
2.65659e-09	0.000225395
2.65666e-09	0.000224686
2.65672e-09	0.000223978
2.65678e-09	0.000223271
2.65685e-09	0.000222565
2.65691e-09	0.000221859
2.65698e-09	0.000221155
2.65704e-09	0.000220451
2.6571e-09	0.000219748
2.65717e-09	0.000219046
2.65723e-09	0.000218344
2.6573e-09	0.000217644
2.65736e-09	0.000216944
2.65742e-09	0.000216245
2.65749e-09	0.000215547
2.65755e-09	0.00021485
2.65762e-09	0.000214153
2.65768e-09	0.000213457
2.65774e-09	0.000212763
2.65781e-09	0.000212069
2.65787e-09	0.000211375
2.65794e-09	0.000210683
2.658e-09	0.000209991
2.65806e-09	0.000209301
2.65813e-09	0.000208611
2.65819e-09	0.000207921
2.65826e-09	0.000207233
2.65832e-09	0.000206546
2.65838e-09	0.000205859
2.65845e-09	0.000205173
2.65851e-09	0.000204488
2.65858e-09	0.000203803
2.65864e-09	0.00020312
2.6587e-09	0.000202437
2.65877e-09	0.000201755
2.65883e-09	0.000201074
2.6589e-09	0.000200394
2.65896e-09	0.000199714
2.65902e-09	0.000199036
2.65909e-09	0.000198358
2.65915e-09	0.000197681
2.65922e-09	0.000197004
2.65928e-09	0.000196329
2.65934e-09	0.000195654
2.65941e-09	0.00019498
2.65947e-09	0.000194307
2.65954e-09	0.000193635
2.6596e-09	0.000192963
2.65966e-09	0.000192293
2.65973e-09	0.000191623
2.65979e-09	0.000190953
2.65986e-09	0.000190285
2.65992e-09	0.000189618
2.65998e-09	0.000188951
2.66005e-09	0.000188285
2.66011e-09	0.00018762
2.66018e-09	0.000186955
2.66024e-09	0.000186292
2.6603e-09	0.000185629
2.66037e-09	0.000184967
2.66043e-09	0.000184306
2.6605e-09	0.000183645
2.66056e-09	0.000182986
2.66062e-09	0.000182327
2.66069e-09	0.000181669
2.66075e-09	0.000181011
2.66082e-09	0.000180355
2.66088e-09	0.000179699
2.66094e-09	0.000179044
2.66101e-09	0.00017839
2.66107e-09	0.000177737
2.66114e-09	0.000177084
2.6612e-09	0.000176432
2.66126e-09	0.000175781
2.66133e-09	0.000175131
2.66139e-09	0.000174481
2.66146e-09	0.000173833
2.66152e-09	0.000173185
2.66158e-09	0.000172538
2.66165e-09	0.000171891
2.66171e-09	0.000171246
2.66178e-09	0.000170601
2.66184e-09	0.000169957
2.6619e-09	0.000169313
2.66197e-09	0.000168671
2.66203e-09	0.000168029
2.6621e-09	0.000167388
2.66216e-09	0.000166748
2.66222e-09	0.000166109
2.66229e-09	0.00016547
2.66235e-09	0.000164832
2.66242e-09	0.000164195
2.66248e-09	0.000163559
2.66254e-09	0.000162923
2.66261e-09	0.000162288
2.66267e-09	0.000161654
2.66274e-09	0.000161021
2.6628e-09	0.000160389
2.66286e-09	0.000159757
2.66293e-09	0.000159126
2.66299e-09	0.000158496
2.66306e-09	0.000157866
2.66312e-09	0.000157238
2.66318e-09	0.00015661
2.66325e-09	0.000155983
2.66331e-09	0.000155356
2.66338e-09	0.00015473
2.66344e-09	0.000154106
2.6635e-09	0.000153481
2.66357e-09	0.000152858
2.66363e-09	0.000152236
2.6637e-09	0.000151614
2.66376e-09	0.000150993
2.66383e-09	0.000150372
2.66389e-09	0.000149753
2.66395e-09	0.000149134
2.66402e-09	0.000148516
2.66408e-09	0.000147899
2.66415e-09	0.000147282
2.66421e-09	0.000146666
2.66427e-09	0.000146051
2.66434e-09	0.000145437
2.6644e-09	0.000144823
2.66447e-09	0.000144211
2.66453e-09	0.000143598
2.66459e-09	0.000142987
2.66466e-09	0.000142377
2.66472e-09	0.000141767
2.66479e-09	0.000141158
2.66485e-09	0.000140549
2.66491e-09	0.000139942
2.66498e-09	0.000139335
2.66504e-09	0.000138729
2.66511e-09	0.000138124
2.66517e-09	0.000137519
2.66523e-09	0.000136915
2.6653e-09	0.000136312
2.66536e-09	0.00013571
2.66543e-09	0.000135108
2.66549e-09	0.000134507
2.66555e-09	0.000133907
2.66562e-09	0.000133308
2.66568e-09	0.000132709
2.66575e-09	0.000132111
2.66581e-09	0.000131514
2.66587e-09	0.000130918
2.66594e-09	0.000130322
2.666e-09	0.000129727
2.66607e-09	0.000129133
2.66613e-09	0.000128539
2.66619e-09	0.000127947
2.66626e-09	0.000127355
2.66632e-09	0.000126763
2.66639e-09	0.000126173
2.66645e-09	0.000125583
2.66651e-09	0.000124994
2.66658e-09	0.000124406
2.66664e-09	0.000123818
2.66671e-09	0.000123231
2.66677e-09	0.000122645
2.66683e-09	0.000122059
2.6669e-09	0.000121475
2.66696e-09	0.000120891
2.66703e-09	0.000120307
2.66709e-09	0.000119725
2.66715e-09	0.000119143
2.66722e-09	0.000118562
2.66728e-09	0.000117982
2.66735e-09	0.000117402
2.66741e-09	0.000116823
2.66747e-09	0.000116245
2.66754e-09	0.000115668
2.6676e-09	0.000115091
2.66767e-09	0.000114515
2.66773e-09	0.000113939
2.66779e-09	0.000113365
2.66786e-09	0.000112791
2.66792e-09	0.000112218
2.66799e-09	0.000111645
2.66805e-09	0.000111074
2.66811e-09	0.000110503
2.66818e-09	0.000109933
2.66824e-09	0.000109363
2.66831e-09	0.000108794
2.66837e-09	0.000108226
2.66843e-09	0.000107659
2.6685e-09	0.000107092
2.66856e-09	0.000106526
2.66863e-09	0.000105961
2.66869e-09	0.000105396
2.66875e-09	0.000104832
2.66882e-09	0.000104269
2.66888e-09	0.000103707
2.66895e-09	0.000103145
2.66901e-09	0.000102584
2.66907e-09	0.000102024
2.66914e-09	0.000101464
2.6692e-09	0.000100905
2.66927e-09	0.000100347
2.66933e-09	9.97898e-05
2.66939e-09	9.9233e-05
2.66946e-09	9.8677e-05
2.66952e-09	9.81216e-05
2.66959e-09	9.7567e-05
2.66965e-09	9.7013e-05
2.66971e-09	9.64598e-05
2.66978e-09	9.59073e-05
2.66984e-09	9.53555e-05
2.66991e-09	9.48043e-05
2.66997e-09	9.42539e-05
2.67003e-09	9.37042e-05
2.6701e-09	9.31552e-05
2.67016e-09	9.26069e-05
2.67023e-09	9.20592e-05
2.67029e-09	9.15123e-05
2.67035e-09	9.09661e-05
2.67042e-09	9.04206e-05
2.67048e-09	8.98757e-05
2.67055e-09	8.93316e-05
2.67061e-09	8.87881e-05
2.67067e-09	8.82454e-05
2.67074e-09	8.77033e-05
2.6708e-09	8.7162e-05
2.67087e-09	8.66213e-05
2.67093e-09	8.60813e-05
2.67099e-09	8.5542e-05
2.67106e-09	8.50034e-05
2.67112e-09	8.44655e-05
2.67119e-09	8.39283e-05
2.67125e-09	8.33918e-05
2.67131e-09	8.2856e-05
2.67138e-09	8.23208e-05
2.67144e-09	8.17864e-05
2.67151e-09	8.12526e-05
2.67157e-09	8.07195e-05
2.67163e-09	8.01871e-05
2.6717e-09	7.96554e-05
2.67176e-09	7.91244e-05
2.67183e-09	7.85941e-05
2.67189e-09	7.80644e-05
2.67195e-09	7.75354e-05
2.67202e-09	7.70072e-05
2.67208e-09	7.64795e-05
2.67215e-09	7.59526e-05
2.67221e-09	7.54264e-05
2.67227e-09	7.49008e-05
2.67234e-09	7.43759e-05
2.6724e-09	7.38517e-05
2.67247e-09	7.33282e-05
2.67253e-09	7.28054e-05
2.67259e-09	7.22832e-05
2.67266e-09	7.17617e-05
2.67272e-09	7.12409e-05
2.67279e-09	7.07208e-05
2.67285e-09	7.02013e-05
2.67291e-09	6.96825e-05
2.67298e-09	6.91644e-05
2.67304e-09	6.8647e-05
2.67311e-09	6.81302e-05
2.67317e-09	6.76141e-05
2.67323e-09	6.70987e-05
2.6733e-09	6.6584e-05
2.67336e-09	6.60699e-05
2.67343e-09	6.55565e-05
2.67349e-09	6.50438e-05
2.67355e-09	6.45317e-05
2.67362e-09	6.40203e-05
2.67368e-09	6.35096e-05
2.67375e-09	6.29995e-05
2.67381e-09	6.24901e-05
2.67387e-09	6.19814e-05
2.67394e-09	6.14734e-05
2.674e-09	6.0966e-05
2.67407e-09	6.04593e-05
2.67413e-09	5.99532e-05
2.67419e-09	5.94478e-05
2.67426e-09	5.89431e-05
2.67432e-09	5.8439e-05
2.67439e-09	5.79356e-05
2.67445e-09	5.74329e-05
2.67451e-09	5.69308e-05
2.67458e-09	5.64293e-05
2.67464e-09	5.59286e-05
2.67471e-09	5.54285e-05
2.67477e-09	5.4929e-05
2.67483e-09	5.44303e-05
2.6749e-09	5.39321e-05
2.67496e-09	5.34347e-05
2.67503e-09	5.29379e-05
2.67509e-09	5.24417e-05
2.67515e-09	5.19462e-05
2.67522e-09	5.14514e-05
2.67528e-09	5.09572e-05
2.67535e-09	5.04637e-05
2.67541e-09	4.99708e-05
2.67547e-09	4.94786e-05
2.67554e-09	4.8987e-05
2.6756e-09	4.84961e-05
2.67567e-09	4.80058e-05
2.67573e-09	4.75162e-05
2.67579e-09	4.70272e-05
2.67586e-09	4.65389e-05
2.67592e-09	4.60512e-05
2.67599e-09	4.55642e-05
2.67605e-09	4.50779e-05
2.67611e-09	4.45921e-05
2.67618e-09	4.41071e-05
2.67624e-09	4.36226e-05
2.67631e-09	4.31389e-05
2.67637e-09	4.26557e-05
2.67643e-09	4.21732e-05
2.6765e-09	4.16914e-05
2.67656e-09	4.12102e-05
2.67663e-09	4.07296e-05
2.67669e-09	4.02497e-05
2.67675e-09	3.97705e-05
2.67682e-09	3.92918e-05
2.67688e-09	3.88138e-05
2.67695e-09	3.83365e-05
2.67701e-09	3.78598e-05
2.67707e-09	3.73837e-05
2.67714e-09	3.69083e-05
2.6772e-09	3.64335e-05
2.67727e-09	3.59594e-05
2.67733e-09	3.54859e-05
2.67739e-09	3.5013e-05
2.67746e-09	3.45407e-05
2.67752e-09	3.40691e-05
2.67759e-09	3.35982e-05
2.67765e-09	3.31279e-05
2.67771e-09	3.26582e-05
2.67778e-09	3.21891e-05
2.67784e-09	3.17207e-05
2.67791e-09	3.12529e-05
2.67797e-09	3.07857e-05
2.67803e-09	3.03192e-05
2.6781e-09	2.98533e-05
2.67816e-09	2.9388e-05
2.67823e-09	2.89234e-05
2.67829e-09	2.84594e-05
2.67835e-09	2.7996e-05
2.67842e-09	2.75332e-05
2.67848e-09	2.70711e-05
2.67855e-09	2.66096e-05
2.67861e-09	2.61488e-05
2.67867e-09	2.56885e-05
2.67874e-09	2.52289e-05
2.6788e-09	2.47699e-05
2.67887e-09	2.43116e-05
2.67893e-09	2.38538e-05
2.67899e-09	2.33967e-05
2.67906e-09	2.29402e-05
2.67912e-09	2.24843e-05
2.67919e-09	2.20291e-05
2.67925e-09	2.15745e-05
2.67931e-09	2.11205e-05
2.67938e-09	2.06671e-05
2.67944e-09	2.02143e-05
2.67951e-09	1.97622e-05
2.67957e-09	1.93106e-05
2.67963e-09	1.88597e-05
2.6797e-09	1.84095e-05
2.67976e-09	1.79598e-05
2.67983e-09	1.75107e-05
2.67989e-09	1.70623e-05
2.67995e-09	1.66145e-05
2.68002e-09	1.61673e-05
2.68008e-09	1.57207e-05
2.68015e-09	1.52747e-05
2.68021e-09	1.48294e-05
2.68027e-09	1.43846e-05
2.68034e-09	1.39405e-05
2.6804e-09	1.3497e-05
2.68047e-09	1.30541e-05
2.68053e-09	1.26118e-05
2.68059e-09	1.21701e-05
2.68066e-09	1.1729e-05
2.68072e-09	1.12885e-05
2.68079e-09	1.08487e-05
2.68085e-09	1.04094e-05
2.68091e-09	9.97078e-06
2.68098e-09	9.53275e-06
2.68104e-09	9.09532e-06
2.68111e-09	8.6585e-06
2.68117e-09	8.22229e-06
2.68124e-09	7.78668e-06
2.6813e-09	7.35168e-06
2.68136e-09	6.91729e-06
2.68143e-09	6.48349e-06
2.68149e-09	6.0503e-06
2.68156e-09	5.61772e-06
2.68162e-09	5.18573e-06
2.68168e-09	4.75435e-06
2.68175e-09	4.32357e-06
2.68181e-09	3.89339e-06
2.68188e-09	3.46382e-06
2.68194e-09	3.03484e-06
2.682e-09	2.60646e-06
2.68207e-09	2.17868e-06
2.68213e-09	1.7515e-06
2.6822e-09	1.32492e-06
2.68226e-09	8.98929e-07
2.68232e-09	4.7354e-07
2.68239e-09	4.87479e-08
2.68245e-09	-3.75449e-07
2.68252e-09	-7.9905e-07
2.68258e-09	-1.22206e-06
2.68264e-09	-1.64447e-06
2.68271e-09	-2.06629e-06
2.68277e-09	-2.48751e-06
2.68284e-09	-2.90814e-06
2.6829e-09	-3.32818e-06
2.68296e-09	-3.74763e-06
2.68303e-09	-4.16649e-06
2.68309e-09	-4.58476e-06
2.68316e-09	-5.00243e-06
2.68322e-09	-5.41952e-06
2.68328e-09	-5.83601e-06
2.68335e-09	-6.25192e-06
2.68341e-09	-6.66724e-06
2.68348e-09	-7.08197e-06
2.68354e-09	-7.49612e-06
2.6836e-09	-7.90968e-06
2.68367e-09	-8.32265e-06
2.68373e-09	-8.73504e-06
2.6838e-09	-9.14684e-06
2.68386e-09	-9.55805e-06
2.68392e-09	-9.96868e-06
2.68399e-09	-1.03787e-05
2.68405e-09	-1.07882e-05
2.68412e-09	-1.11971e-05
2.68418e-09	-1.16054e-05
2.68424e-09	-1.20131e-05
2.68431e-09	-1.24202e-05
2.68437e-09	-1.28268e-05
2.68444e-09	-1.32328e-05
2.6845e-09	-1.36382e-05
2.68456e-09	-1.4043e-05
2.68463e-09	-1.44472e-05
2.68469e-09	-1.48509e-05
2.68476e-09	-1.5254e-05
2.68482e-09	-1.56565e-05
2.68488e-09	-1.60584e-05
2.68495e-09	-1.64598e-05
2.68501e-09	-1.68605e-05
2.68508e-09	-1.72608e-05
2.68514e-09	-1.76604e-05
2.6852e-09	-1.80594e-05
2.68527e-09	-1.84579e-05
2.68533e-09	-1.88558e-05
2.6854e-09	-1.92532e-05
2.68546e-09	-1.96499e-05
2.68552e-09	-2.00461e-05
2.68559e-09	-2.04417e-05
2.68565e-09	-2.08368e-05
2.68572e-09	-2.12313e-05
2.68578e-09	-2.16252e-05
2.68584e-09	-2.20185e-05
2.68591e-09	-2.24113e-05
2.68597e-09	-2.28035e-05
2.68604e-09	-2.31951e-05
2.6861e-09	-2.35862e-05
2.68616e-09	-2.39767e-05
2.68623e-09	-2.43667e-05
2.68629e-09	-2.4756e-05
2.68636e-09	-2.51448e-05
2.68642e-09	-2.55331e-05
2.68648e-09	-2.59208e-05
2.68655e-09	-2.63079e-05
2.68661e-09	-2.66944e-05
2.68668e-09	-2.70804e-05
2.68674e-09	-2.74658e-05
2.6868e-09	-2.78507e-05
2.68687e-09	-2.8235e-05
2.68693e-09	-2.86188e-05
2.687e-09	-2.90019e-05
2.68706e-09	-2.93846e-05
2.68712e-09	-2.97666e-05
2.68719e-09	-3.01481e-05
2.68725e-09	-3.05291e-05
2.68732e-09	-3.09095e-05
2.68738e-09	-3.12893e-05
2.68744e-09	-3.16686e-05
2.68751e-09	-3.20473e-05
2.68757e-09	-3.24255e-05
2.68764e-09	-3.28031e-05
2.6877e-09	-3.31801e-05
2.68776e-09	-3.35566e-05
2.68783e-09	-3.39326e-05
2.68789e-09	-3.4308e-05
2.68796e-09	-3.46828e-05
2.68802e-09	-3.50571e-05
2.68808e-09	-3.54308e-05
2.68815e-09	-3.5804e-05
2.68821e-09	-3.61767e-05
2.68828e-09	-3.65487e-05
2.68834e-09	-3.69203e-05
2.6884e-09	-3.72913e-05
2.68847e-09	-3.76617e-05
2.68853e-09	-3.80316e-05
2.6886e-09	-3.84009e-05
2.68866e-09	-3.87697e-05
2.68872e-09	-3.9138e-05
2.68879e-09	-3.95057e-05
2.68885e-09	-3.98728e-05
2.68892e-09	-4.02394e-05
2.68898e-09	-4.06055e-05
2.68904e-09	-4.0971e-05
2.68911e-09	-4.1336e-05
2.68917e-09	-4.17004e-05
2.68924e-09	-4.20643e-05
2.6893e-09	-4.24277e-05
2.68936e-09	-4.27905e-05
2.68943e-09	-4.31527e-05
2.68949e-09	-4.35144e-05
2.68956e-09	-4.38756e-05
2.68962e-09	-4.42363e-05
2.68968e-09	-4.45964e-05
2.68975e-09	-4.49559e-05
2.68981e-09	-4.5315e-05
2.68988e-09	-4.56734e-05
2.68994e-09	-4.60314e-05
2.69e-09	-4.63888e-05
2.69007e-09	-4.67457e-05
2.69013e-09	-4.7102e-05
2.6902e-09	-4.74578e-05
2.69026e-09	-4.78131e-05
2.69032e-09	-4.81678e-05
2.69039e-09	-4.8522e-05
2.69045e-09	-4.88757e-05
2.69052e-09	-4.92288e-05
2.69058e-09	-4.95814e-05
2.69064e-09	-4.99335e-05
2.69071e-09	-5.0285e-05
2.69077e-09	-5.0636e-05
2.69084e-09	-5.09865e-05
2.6909e-09	-5.13364e-05
2.69096e-09	-5.16858e-05
2.69103e-09	-5.20347e-05
2.69109e-09	-5.2383e-05
2.69116e-09	-5.27309e-05
2.69122e-09	-5.30782e-05
2.69128e-09	-5.34249e-05
2.69135e-09	-5.37712e-05
2.69141e-09	-5.41169e-05
2.69148e-09	-5.44621e-05
2.69154e-09	-5.48067e-05
2.6916e-09	-5.51509e-05
2.69167e-09	-5.54945e-05
2.69173e-09	-5.58376e-05
2.6918e-09	-5.61801e-05
2.69186e-09	-5.65222e-05
2.69192e-09	-5.68637e-05
2.69199e-09	-5.72047e-05
2.69205e-09	-5.75451e-05
2.69212e-09	-5.78851e-05
2.69218e-09	-5.82245e-05
2.69224e-09	-5.85634e-05
2.69231e-09	-5.89018e-05
2.69237e-09	-5.92397e-05
2.69244e-09	-5.9577e-05
2.6925e-09	-5.99139e-05
2.69256e-09	-6.02502e-05
2.69263e-09	-6.0586e-05
2.69269e-09	-6.09213e-05
2.69276e-09	-6.1256e-05
2.69282e-09	-6.15903e-05
2.69288e-09	-6.1924e-05
2.69295e-09	-6.22572e-05
2.69301e-09	-6.25899e-05
2.69308e-09	-6.29221e-05
2.69314e-09	-6.32538e-05
2.6932e-09	-6.35849e-05
2.69327e-09	-6.39156e-05
2.69333e-09	-6.42457e-05
2.6934e-09	-6.45753e-05
2.69346e-09	-6.49044e-05
2.69352e-09	-6.5233e-05
2.69359e-09	-6.55611e-05
2.69365e-09	-6.58887e-05
2.69372e-09	-6.62158e-05
2.69378e-09	-6.65423e-05
2.69384e-09	-6.68684e-05
2.69391e-09	-6.71939e-05
2.69397e-09	-6.75189e-05
2.69404e-09	-6.78435e-05
2.6941e-09	-6.81675e-05
2.69416e-09	-6.8491e-05
2.69423e-09	-6.8814e-05
2.69429e-09	-6.91365e-05
2.69436e-09	-6.94585e-05
2.69442e-09	-6.978e-05
2.69448e-09	-7.0101e-05
2.69455e-09	-7.04215e-05
2.69461e-09	-7.07414e-05
2.69468e-09	-7.10609e-05
2.69474e-09	-7.13799e-05
2.6948e-09	-7.16984e-05
2.69487e-09	-7.20163e-05
2.69493e-09	-7.23338e-05
2.695e-09	-7.26508e-05
2.69506e-09	-7.29672e-05
2.69512e-09	-7.32832e-05
2.69519e-09	-7.35987e-05
2.69525e-09	-7.39137e-05
2.69532e-09	-7.42281e-05
2.69538e-09	-7.45421e-05
2.69544e-09	-7.48556e-05
2.69551e-09	-7.51686e-05
2.69557e-09	-7.54811e-05
2.69564e-09	-7.57931e-05
2.6957e-09	-7.61046e-05
2.69576e-09	-7.64156e-05
2.69583e-09	-7.67261e-05
2.69589e-09	-7.70361e-05
2.69596e-09	-7.73456e-05
2.69602e-09	-7.76546e-05
2.69608e-09	-7.79632e-05
2.69615e-09	-7.82712e-05
2.69621e-09	-7.85787e-05
2.69628e-09	-7.88858e-05
2.69634e-09	-7.91924e-05
2.6964e-09	-7.94984e-05
2.69647e-09	-7.9804e-05
2.69653e-09	-8.01091e-05
2.6966e-09	-8.04137e-05
2.69666e-09	-8.07179e-05
2.69672e-09	-8.10215e-05
2.69679e-09	-8.13246e-05
2.69685e-09	-8.16273e-05
2.69692e-09	-8.19295e-05
2.69698e-09	-8.22311e-05
2.69704e-09	-8.25323e-05
2.69711e-09	-8.2833e-05
2.69717e-09	-8.31333e-05
2.69724e-09	-8.3433e-05
2.6973e-09	-8.37323e-05
2.69736e-09	-8.40311e-05
2.69743e-09	-8.43293e-05
2.69749e-09	-8.46272e-05
2.69756e-09	-8.49245e-05
2.69762e-09	-8.52213e-05
2.69768e-09	-8.55177e-05
2.69775e-09	-8.58136e-05
2.69781e-09	-8.6109e-05
2.69788e-09	-8.64039e-05
2.69794e-09	-8.66983e-05
2.698e-09	-8.69923e-05
2.69807e-09	-8.72858e-05
2.69813e-09	-8.75788e-05
2.6982e-09	-8.78713e-05
2.69826e-09	-8.81634e-05
2.69832e-09	-8.8455e-05
2.69839e-09	-8.87461e-05
2.69845e-09	-8.90367e-05
2.69852e-09	-8.93268e-05
2.69858e-09	-8.96165e-05
2.69864e-09	-8.99057e-05
2.69871e-09	-9.01944e-05
2.69877e-09	-9.04827e-05
2.69884e-09	-9.07705e-05
2.6989e-09	-9.10578e-05
2.69897e-09	-9.13446e-05
2.69903e-09	-9.1631e-05
2.69909e-09	-9.19168e-05
2.69916e-09	-9.22023e-05
2.69922e-09	-9.24872e-05
2.69929e-09	-9.27717e-05
2.69935e-09	-9.30557e-05
2.69941e-09	-9.33392e-05
2.69948e-09	-9.36223e-05
2.69954e-09	-9.39049e-05
2.69961e-09	-9.4187e-05
2.69967e-09	-9.44687e-05
2.69973e-09	-9.47499e-05
2.6998e-09	-9.50306e-05
2.69986e-09	-9.53109e-05
2.69993e-09	-9.55907e-05
2.69999e-09	-9.587e-05
2.70005e-09	-9.61489e-05
2.70012e-09	-9.64273e-05
2.70018e-09	-9.67052e-05
2.70025e-09	-9.69827e-05
2.70031e-09	-9.72597e-05
2.70037e-09	-9.75363e-05
2.70044e-09	-9.78124e-05
2.7005e-09	-9.8088e-05
2.70057e-09	-9.83632e-05
2.70063e-09	-9.86379e-05
2.70069e-09	-9.89121e-05
2.70076e-09	-9.91859e-05
2.70082e-09	-9.94592e-05
2.70089e-09	-9.97321e-05
2.70095e-09	-0.000100005
2.70101e-09	-0.000100276
2.70108e-09	-0.000100548
2.70114e-09	-0.000100819
2.70121e-09	-0.00010109
2.70127e-09	-0.00010136
2.70133e-09	-0.000101629
2.7014e-09	-0.000101899
2.70146e-09	-0.000102167
2.70153e-09	-0.000102436
2.70159e-09	-0.000102703
2.70165e-09	-0.000102971
2.70172e-09	-0.000103238
2.70178e-09	-0.000103504
2.70185e-09	-0.00010377
2.70191e-09	-0.000104036
2.70197e-09	-0.000104301
2.70204e-09	-0.000104566
2.7021e-09	-0.00010483
2.70217e-09	-0.000105094
2.70223e-09	-0.000105357
2.70229e-09	-0.00010562
2.70236e-09	-0.000105882
2.70242e-09	-0.000106144
2.70249e-09	-0.000106406
2.70255e-09	-0.000106667
2.70261e-09	-0.000106928
2.70268e-09	-0.000107188
2.70274e-09	-0.000107447
2.70281e-09	-0.000107707
2.70287e-09	-0.000107966
2.70293e-09	-0.000108224
2.703e-09	-0.000108482
2.70306e-09	-0.000108739
2.70313e-09	-0.000108997
2.70319e-09	-0.000109253
2.70325e-09	-0.000109509
2.70332e-09	-0.000109765
2.70338e-09	-0.00011002
2.70345e-09	-0.000110275
2.70351e-09	-0.00011053
2.70357e-09	-0.000110784
2.70364e-09	-0.000111037
2.7037e-09	-0.00011129
2.70377e-09	-0.000111543
2.70383e-09	-0.000111795
2.70389e-09	-0.000112047
2.70396e-09	-0.000112298
2.70402e-09	-0.000112549
2.70409e-09	-0.0001128
2.70415e-09	-0.00011305
2.70421e-09	-0.000113299
2.70428e-09	-0.000113548
2.70434e-09	-0.000113797
2.70441e-09	-0.000114045
2.70447e-09	-0.000114293
2.70453e-09	-0.000114541
2.7046e-09	-0.000114788
2.70466e-09	-0.000115034
2.70473e-09	-0.00011528
2.70479e-09	-0.000115526
2.70485e-09	-0.000115771
2.70492e-09	-0.000116016
2.70498e-09	-0.00011626
2.70505e-09	-0.000116504
2.70511e-09	-0.000116748
2.70517e-09	-0.000116991
2.70524e-09	-0.000117233
2.7053e-09	-0.000117476
2.70537e-09	-0.000117718
2.70543e-09	-0.000117959
2.70549e-09	-0.0001182
2.70556e-09	-0.00011844
2.70562e-09	-0.00011868
2.70569e-09	-0.00011892
2.70575e-09	-0.000119159
2.70581e-09	-0.000119398
2.70588e-09	-0.000119636
2.70594e-09	-0.000119874
2.70601e-09	-0.000120112
2.70607e-09	-0.000120349
2.70613e-09	-0.000120586
2.7062e-09	-0.000120822
2.70626e-09	-0.000121058
2.70633e-09	-0.000121293
2.70639e-09	-0.000121528
2.70645e-09	-0.000121763
2.70652e-09	-0.000121997
2.70658e-09	-0.000122231
2.70665e-09	-0.000122464
2.70671e-09	-0.000122697
2.70677e-09	-0.000122929
2.70684e-09	-0.000123161
2.7069e-09	-0.000123393
2.70697e-09	-0.000123624
2.70703e-09	-0.000123855
2.70709e-09	-0.000124085
2.70716e-09	-0.000124315
2.70722e-09	-0.000124545
2.70729e-09	-0.000124774
2.70735e-09	-0.000125003
2.70741e-09	-0.000125231
2.70748e-09	-0.000125459
2.70754e-09	-0.000125686
2.70761e-09	-0.000125913
2.70767e-09	-0.00012614
2.70773e-09	-0.000126366
2.7078e-09	-0.000126592
2.70786e-09	-0.000126817
2.70793e-09	-0.000127042
2.70799e-09	-0.000127267
2.70805e-09	-0.000127491
2.70812e-09	-0.000127715
2.70818e-09	-0.000127938
2.70825e-09	-0.000128161
2.70831e-09	-0.000128383
2.70837e-09	-0.000128605
2.70844e-09	-0.000128827
2.7085e-09	-0.000129048
2.70857e-09	-0.000129269
2.70863e-09	-0.00012949
2.70869e-09	-0.00012971
2.70876e-09	-0.000129929
2.70882e-09	-0.000130149
2.70889e-09	-0.000130367
2.70895e-09	-0.000130586
2.70901e-09	-0.000130804
2.70908e-09	-0.000131021
2.70914e-09	-0.000131239
2.70921e-09	-0.000131455
2.70927e-09	-0.000131672
2.70933e-09	-0.000131888
2.7094e-09	-0.000132103
2.70946e-09	-0.000132319
2.70953e-09	-0.000132533
2.70959e-09	-0.000132748
2.70965e-09	-0.000132962
2.70972e-09	-0.000133175
2.70978e-09	-0.000133389
2.70985e-09	-0.000133601
2.70991e-09	-0.000133814
2.70997e-09	-0.000134026
2.71004e-09	-0.000134237
2.7101e-09	-0.000134448
2.71017e-09	-0.000134659
2.71023e-09	-0.00013487
2.71029e-09	-0.00013508
2.71036e-09	-0.000135289
2.71042e-09	-0.000135498
2.71049e-09	-0.000135707
2.71055e-09	-0.000135916
2.71061e-09	-0.000136124
2.71068e-09	-0.000136331
2.71074e-09	-0.000136538
2.71081e-09	-0.000136745
2.71087e-09	-0.000136952
2.71093e-09	-0.000137158
2.711e-09	-0.000137363
2.71106e-09	-0.000137569
2.71113e-09	-0.000137773
2.71119e-09	-0.000137978
2.71125e-09	-0.000138182
2.71132e-09	-0.000138386
2.71138e-09	-0.000138589
2.71145e-09	-0.000138792
2.71151e-09	-0.000138994
2.71157e-09	-0.000139196
2.71164e-09	-0.000139398
2.7117e-09	-0.000139599
2.71177e-09	-0.0001398
2.71183e-09	-0.000140001
2.71189e-09	-0.000140201
2.71196e-09	-0.000140401
2.71202e-09	-0.0001406
2.71209e-09	-0.000140799
2.71215e-09	-0.000140998
2.71221e-09	-0.000141196
2.71228e-09	-0.000141394
2.71234e-09	-0.000141591
2.71241e-09	-0.000141789
2.71247e-09	-0.000141985
2.71253e-09	-0.000142182
2.7126e-09	-0.000142377
2.71266e-09	-0.000142573
2.71273e-09	-0.000142768
2.71279e-09	-0.000142963
2.71285e-09	-0.000143157
2.71292e-09	-0.000143351
2.71298e-09	-0.000143545
2.71305e-09	-0.000143738
2.71311e-09	-0.000143931
2.71317e-09	-0.000144124
2.71324e-09	-0.000144316
2.7133e-09	-0.000144507
2.71337e-09	-0.000144699
2.71343e-09	-0.00014489
2.71349e-09	-0.00014508
2.71356e-09	-0.000145271
2.71362e-09	-0.00014546
2.71369e-09	-0.00014565
2.71375e-09	-0.000145839
2.71381e-09	-0.000146028
2.71388e-09	-0.000146216
2.71394e-09	-0.000146404
2.71401e-09	-0.000146592
2.71407e-09	-0.000146779
2.71413e-09	-0.000146966
2.7142e-09	-0.000147152
2.71426e-09	-0.000147338
2.71433e-09	-0.000147524
2.71439e-09	-0.000147709
2.71445e-09	-0.000147894
2.71452e-09	-0.000148079
2.71458e-09	-0.000148263
2.71465e-09	-0.000148447
2.71471e-09	-0.00014863
2.71477e-09	-0.000148814
2.71484e-09	-0.000148996
2.7149e-09	-0.000149179
2.71497e-09	-0.000149361
2.71503e-09	-0.000149542
2.71509e-09	-0.000149724
2.71516e-09	-0.000149905
2.71522e-09	-0.000150085
2.71529e-09	-0.000150265
2.71535e-09	-0.000150445
2.71541e-09	-0.000150625
2.71548e-09	-0.000150804
2.71554e-09	-0.000150982
2.71561e-09	-0.000151161
2.71567e-09	-0.000151339
2.71573e-09	-0.000151516
2.7158e-09	-0.000151693
2.71586e-09	-0.00015187
2.71593e-09	-0.000152047
2.71599e-09	-0.000152223
2.71605e-09	-0.000152399
2.71612e-09	-0.000152574
2.71618e-09	-0.000152749
2.71625e-09	-0.000152924
2.71631e-09	-0.000153098
2.71638e-09	-0.000153272
2.71644e-09	-0.000153446
2.7165e-09	-0.000153619
2.71657e-09	-0.000153792
2.71663e-09	-0.000153965
2.7167e-09	-0.000154137
2.71676e-09	-0.000154309
2.71682e-09	-0.00015448
2.71689e-09	-0.000154651
2.71695e-09	-0.000154822
2.71702e-09	-0.000154992
2.71708e-09	-0.000155162
2.71714e-09	-0.000155332
2.71721e-09	-0.000155501
2.71727e-09	-0.00015567
2.71734e-09	-0.000155839
2.7174e-09	-0.000156007
2.71746e-09	-0.000156175
2.71753e-09	-0.000156343
2.71759e-09	-0.00015651
2.71766e-09	-0.000156677
2.71772e-09	-0.000156843
2.71778e-09	-0.000157009
2.71785e-09	-0.000157175
2.71791e-09	-0.000157341
2.71798e-09	-0.000157506
2.71804e-09	-0.00015767
2.7181e-09	-0.000157835
2.71817e-09	-0.000157999
2.71823e-09	-0.000158162
2.7183e-09	-0.000158326
2.71836e-09	-0.000158489
2.71842e-09	-0.000158651
2.71849e-09	-0.000158814
2.71855e-09	-0.000158976
2.71862e-09	-0.000159137
2.71868e-09	-0.000159298
2.71874e-09	-0.000159459
2.71881e-09	-0.00015962
2.71887e-09	-0.00015978
2.71894e-09	-0.00015994
2.719e-09	-0.000160099
2.71906e-09	-0.000160258
2.71913e-09	-0.000160417
2.71919e-09	-0.000160576
2.71926e-09	-0.000160734
2.71932e-09	-0.000160892
2.71938e-09	-0.000161049
2.71945e-09	-0.000161206
2.71951e-09	-0.000161363
2.71958e-09	-0.000161519
2.71964e-09	-0.000161675
2.7197e-09	-0.000161831
2.71977e-09	-0.000161987
2.71983e-09	-0.000162142
2.7199e-09	-0.000162296
2.71996e-09	-0.000162451
2.72002e-09	-0.000162605
2.72009e-09	-0.000162758
2.72015e-09	-0.000162912
2.72022e-09	-0.000163065
2.72028e-09	-0.000163217
2.72034e-09	-0.00016337
2.72041e-09	-0.000163522
2.72047e-09	-0.000163673
2.72054e-09	-0.000163825
2.7206e-09	-0.000163976
2.72066e-09	-0.000164126
2.72073e-09	-0.000164276
2.72079e-09	-0.000164426
2.72086e-09	-0.000164576
2.72092e-09	-0.000164725
2.72098e-09	-0.000164874
2.72105e-09	-0.000165023
2.72111e-09	-0.000165171
2.72118e-09	-0.000165319
2.72124e-09	-0.000165467
2.7213e-09	-0.000165614
2.72137e-09	-0.000165761
2.72143e-09	-0.000165908
2.7215e-09	-0.000166054
2.72156e-09	-0.0001662
2.72162e-09	-0.000166346
2.72169e-09	-0.000166491
2.72175e-09	-0.000166636
2.72182e-09	-0.000166781
2.72188e-09	-0.000166925
2.72194e-09	-0.000167069
2.72201e-09	-0.000167213
2.72207e-09	-0.000167356
2.72214e-09	-0.000167499
2.7222e-09	-0.000167642
2.72226e-09	-0.000167784
2.72233e-09	-0.000167926
2.72239e-09	-0.000168068
2.72246e-09	-0.000168209
2.72252e-09	-0.00016835
2.72258e-09	-0.000168491
2.72265e-09	-0.000168631
2.72271e-09	-0.000168771
2.72278e-09	-0.000168911
2.72284e-09	-0.00016905
2.7229e-09	-0.000169189
2.72297e-09	-0.000169328
2.72303e-09	-0.000169467
2.7231e-09	-0.000169605
2.72316e-09	-0.000169742
2.72322e-09	-0.00016988
2.72329e-09	-0.000170017
2.72335e-09	-0.000170154
2.72342e-09	-0.00017029
2.72348e-09	-0.000170427
2.72354e-09	-0.000170563
2.72361e-09	-0.000170698
2.72367e-09	-0.000170833
2.72374e-09	-0.000170968
2.7238e-09	-0.000171103
2.72386e-09	-0.000171237
2.72393e-09	-0.000171371
2.72399e-09	-0.000171505
2.72406e-09	-0.000171638
2.72412e-09	-0.000171771
2.72418e-09	-0.000171904
2.72425e-09	-0.000172036
2.72431e-09	-0.000172168
2.72438e-09	-0.0001723
2.72444e-09	-0.000172431
2.7245e-09	-0.000172562
2.72457e-09	-0.000172693
2.72463e-09	-0.000172824
2.7247e-09	-0.000172954
2.72476e-09	-0.000173084
2.72482e-09	-0.000173213
2.72489e-09	-0.000173342
2.72495e-09	-0.000173471
2.72502e-09	-0.0001736
2.72508e-09	-0.000173728
2.72514e-09	-0.000173856
2.72521e-09	-0.000173984
2.72527e-09	-0.000174111
2.72534e-09	-0.000174238
2.7254e-09	-0.000174365
2.72546e-09	-0.000174491
2.72553e-09	-0.000174617
2.72559e-09	-0.000174743
2.72566e-09	-0.000174869
2.72572e-09	-0.000174994
2.72578e-09	-0.000175119
2.72585e-09	-0.000175243
2.72591e-09	-0.000175367
2.72598e-09	-0.000175491
2.72604e-09	-0.000175615
2.7261e-09	-0.000175738
2.72617e-09	-0.000175861
2.72623e-09	-0.000175984
2.7263e-09	-0.000176107
2.72636e-09	-0.000176229
2.72642e-09	-0.00017635
2.72649e-09	-0.000176472
2.72655e-09	-0.000176593
2.72662e-09	-0.000176714
2.72668e-09	-0.000176835
2.72674e-09	-0.000176955
2.72681e-09	-0.000177075
2.72687e-09	-0.000177195
2.72694e-09	-0.000177314
2.727e-09	-0.000177433
2.72706e-09	-0.000177552
2.72713e-09	-0.00017767
2.72719e-09	-0.000177788
2.72726e-09	-0.000177906
2.72732e-09	-0.000178024
2.72738e-09	-0.000178141
2.72745e-09	-0.000178258
2.72751e-09	-0.000178375
2.72758e-09	-0.000178491
2.72764e-09	-0.000178607
2.7277e-09	-0.000178723
2.72777e-09	-0.000178838
2.72783e-09	-0.000178954
2.7279e-09	-0.000179068
2.72796e-09	-0.000179183
2.72802e-09	-0.000179297
2.72809e-09	-0.000179411
2.72815e-09	-0.000179525
2.72822e-09	-0.000179638
2.72828e-09	-0.000179751
2.72834e-09	-0.000179864
2.72841e-09	-0.000179977
2.72847e-09	-0.000180089
2.72854e-09	-0.000180201
2.7286e-09	-0.000180313
2.72866e-09	-0.000180424
2.72873e-09	-0.000180535
2.72879e-09	-0.000180646
2.72886e-09	-0.000180756
2.72892e-09	-0.000180866
2.72898e-09	-0.000180976
2.72905e-09	-0.000181086
2.72911e-09	-0.000181195
2.72918e-09	-0.000181304
2.72924e-09	-0.000181413
2.7293e-09	-0.000181521
2.72937e-09	-0.000181629
2.72943e-09	-0.000181737
2.7295e-09	-0.000181845
2.72956e-09	-0.000181952
2.72962e-09	-0.000182059
2.72969e-09	-0.000182166
2.72975e-09	-0.000182272
2.72982e-09	-0.000182378
2.72988e-09	-0.000182484
2.72994e-09	-0.000182589
2.73001e-09	-0.000182695
2.73007e-09	-0.0001828
2.73014e-09	-0.000182904
2.7302e-09	-0.000183009
2.73026e-09	-0.000183113
2.73033e-09	-0.000183217
2.73039e-09	-0.00018332
2.73046e-09	-0.000183423
2.73052e-09	-0.000183526
2.73058e-09	-0.000183629
2.73065e-09	-0.000183731
2.73071e-09	-0.000183834
2.73078e-09	-0.000183935
2.73084e-09	-0.000184037
2.7309e-09	-0.000184138
2.73097e-09	-0.000184239
2.73103e-09	-0.00018434
2.7311e-09	-0.00018444
2.73116e-09	-0.00018454
2.73122e-09	-0.00018464
2.73129e-09	-0.00018474
2.73135e-09	-0.000184839
2.73142e-09	-0.000184938
2.73148e-09	-0.000185037
2.73154e-09	-0.000185135
2.73161e-09	-0.000185234
2.73167e-09	-0.000185331
2.73174e-09	-0.000185429
2.7318e-09	-0.000185526
2.73186e-09	-0.000185624
2.73193e-09	-0.00018572
2.73199e-09	-0.000185817
2.73206e-09	-0.000185913
2.73212e-09	-0.000186009
2.73218e-09	-0.000186105
2.73225e-09	-0.0001862
2.73231e-09	-0.000186295
2.73238e-09	-0.00018639
2.73244e-09	-0.000186485
2.7325e-09	-0.000186579
2.73257e-09	-0.000186673
2.73263e-09	-0.000186767
2.7327e-09	-0.00018686
2.73276e-09	-0.000186954
2.73282e-09	-0.000187047
2.73289e-09	-0.000187139
2.73295e-09	-0.000187232
2.73302e-09	-0.000187324
2.73308e-09	-0.000187416
2.73314e-09	-0.000187507
2.73321e-09	-0.000187599
2.73327e-09	-0.00018769
2.73334e-09	-0.00018778
2.7334e-09	-0.000187871
2.73346e-09	-0.000187961
2.73353e-09	-0.000188051
2.73359e-09	-0.000188141
2.73366e-09	-0.00018823
2.73372e-09	-0.000188319
2.73379e-09	-0.000188408
2.73385e-09	-0.000188497
2.73391e-09	-0.000188585
2.73398e-09	-0.000188673
2.73404e-09	-0.000188761
2.73411e-09	-0.000188849
2.73417e-09	-0.000188936
2.73423e-09	-0.000189023
2.7343e-09	-0.00018911
2.73436e-09	-0.000189196
2.73443e-09	-0.000189283
2.73449e-09	-0.000189369
2.73455e-09	-0.000189454
2.73462e-09	-0.00018954
2.73468e-09	-0.000189625
2.73475e-09	-0.00018971
2.73481e-09	-0.000189795
2.73487e-09	-0.000189879
2.73494e-09	-0.000189963
2.735e-09	-0.000190047
2.73507e-09	-0.000190131
2.73513e-09	-0.000190214
2.73519e-09	-0.000190297
2.73526e-09	-0.00019038
2.73532e-09	-0.000190462
2.73539e-09	-0.000190545
2.73545e-09	-0.000190627
2.73551e-09	-0.000190709
2.73558e-09	-0.00019079
2.73564e-09	-0.000190871
2.73571e-09	-0.000190952
2.73577e-09	-0.000191033
2.73583e-09	-0.000191114
2.7359e-09	-0.000191194
2.73596e-09	-0.000191274
2.73603e-09	-0.000191353
2.73609e-09	-0.000191433
2.73615e-09	-0.000191512
2.73622e-09	-0.000191591
2.73628e-09	-0.00019167
2.73635e-09	-0.000191748
2.73641e-09	-0.000191826
2.73647e-09	-0.000191904
2.73654e-09	-0.000191982
2.7366e-09	-0.000192059
2.73667e-09	-0.000192137
2.73673e-09	-0.000192213
2.73679e-09	-0.00019229
2.73686e-09	-0.000192367
2.73692e-09	-0.000192443
2.73699e-09	-0.000192519
2.73705e-09	-0.000192594
2.73711e-09	-0.00019267
2.73718e-09	-0.000192745
2.73724e-09	-0.00019282
2.73731e-09	-0.000192894
2.73737e-09	-0.000192969
2.73743e-09	-0.000193043
2.7375e-09	-0.000193117
2.73756e-09	-0.00019319
2.73763e-09	-0.000193264
2.73769e-09	-0.000193337
2.73775e-09	-0.00019341
2.73782e-09	-0.000193482
2.73788e-09	-0.000193555
2.73795e-09	-0.000193627
2.73801e-09	-0.000193699
2.73807e-09	-0.00019377
2.73814e-09	-0.000193842
2.7382e-09	-0.000193913
2.73827e-09	-0.000193984
2.73833e-09	-0.000194055
2.73839e-09	-0.000194125
2.73846e-09	-0.000194195
2.73852e-09	-0.000194265
2.73859e-09	-0.000194335
2.73865e-09	-0.000194404
2.73871e-09	-0.000194473
2.73878e-09	-0.000194542
2.73884e-09	-0.000194611
2.73891e-09	-0.000194679
2.73897e-09	-0.000194748
2.73903e-09	-0.000194816
2.7391e-09	-0.000194883
2.73916e-09	-0.000194951
2.73923e-09	-0.000195018
2.73929e-09	-0.000195085
2.73935e-09	-0.000195152
2.73942e-09	-0.000195218
2.73948e-09	-0.000195285
2.73955e-09	-0.000195351
2.73961e-09	-0.000195416
2.73967e-09	-0.000195482
2.73974e-09	-0.000195547
2.7398e-09	-0.000195612
2.73987e-09	-0.000195677
2.73993e-09	-0.000195742
2.73999e-09	-0.000195806
2.74006e-09	-0.00019587
2.74012e-09	-0.000195934
2.74019e-09	-0.000195998
2.74025e-09	-0.000196061
2.74031e-09	-0.000196124
2.74038e-09	-0.000196187
2.74044e-09	-0.00019625
2.74051e-09	-0.000196312
2.74057e-09	-0.000196375
2.74063e-09	-0.000196437
2.7407e-09	-0.000196498
2.74076e-09	-0.00019656
2.74083e-09	-0.000196621
2.74089e-09	-0.000196682
2.74095e-09	-0.000196743
2.74102e-09	-0.000196804
2.74108e-09	-0.000196864
2.74115e-09	-0.000196924
2.74121e-09	-0.000196984
2.74127e-09	-0.000197043
2.74134e-09	-0.000197103
2.7414e-09	-0.000197162
2.74147e-09	-0.000197221
2.74153e-09	-0.00019728
2.74159e-09	-0.000197338
2.74166e-09	-0.000197396
2.74172e-09	-0.000197454
2.74179e-09	-0.000197512
2.74185e-09	-0.00019757
2.74191e-09	-0.000197627
2.74198e-09	-0.000197684
2.74204e-09	-0.000197741
2.74211e-09	-0.000197798
2.74217e-09	-0.000197854
2.74223e-09	-0.00019791
2.7423e-09	-0.000197966
2.74236e-09	-0.000198022
2.74243e-09	-0.000198077
2.74249e-09	-0.000198133
2.74255e-09	-0.000198188
2.74262e-09	-0.000198242
2.74268e-09	-0.000198297
2.74275e-09	-0.000198351
2.74281e-09	-0.000198405
2.74287e-09	-0.000198459
2.74294e-09	-0.000198513
2.743e-09	-0.000198566
2.74307e-09	-0.00019862
2.74313e-09	-0.000198673
2.74319e-09	-0.000198725
2.74326e-09	-0.000198778
2.74332e-09	-0.00019883
2.74339e-09	-0.000198882
2.74345e-09	-0.000198934
2.74351e-09	-0.000198986
2.74358e-09	-0.000199037
2.74364e-09	-0.000199089
2.74371e-09	-0.00019914
2.74377e-09	-0.00019919
2.74383e-09	-0.000199241
2.7439e-09	-0.000199291
2.74396e-09	-0.000199341
2.74403e-09	-0.000199391
2.74409e-09	-0.000199441
2.74415e-09	-0.00019949
2.74422e-09	-0.000199539
2.74428e-09	-0.000199588
2.74435e-09	-0.000199637
2.74441e-09	-0.000199686
2.74447e-09	-0.000199734
2.74454e-09	-0.000199782
2.7446e-09	-0.00019983
2.74467e-09	-0.000199878
2.74473e-09	-0.000199925
2.74479e-09	-0.000199973
2.74486e-09	-0.00020002
2.74492e-09	-0.000200066
2.74499e-09	-0.000200113
2.74505e-09	-0.000200159
2.74511e-09	-0.000200205
2.74518e-09	-0.000200251
2.74524e-09	-0.000200297
2.74531e-09	-0.000200343
2.74537e-09	-0.000200388
2.74543e-09	-0.000200433
2.7455e-09	-0.000200478
2.74556e-09	-0.000200523
2.74563e-09	-0.000200567
2.74569e-09	-0.000200611
2.74575e-09	-0.000200655
2.74582e-09	-0.000200699
2.74588e-09	-0.000200743
2.74595e-09	-0.000200786
2.74601e-09	-0.000200829
2.74607e-09	-0.000200872
2.74614e-09	-0.000200915
2.7462e-09	-0.000200957
2.74627e-09	-0.000201
2.74633e-09	-0.000201042
2.74639e-09	-0.000201084
2.74646e-09	-0.000201125
2.74652e-09	-0.000201167
2.74659e-09	-0.000201208
2.74665e-09	-0.000201249
2.74671e-09	-0.00020129
2.74678e-09	-0.00020133
2.74684e-09	-0.000201371
2.74691e-09	-0.000201411
2.74697e-09	-0.000201451
2.74703e-09	-0.000201491
2.7471e-09	-0.00020153
2.74716e-09	-0.00020157
2.74723e-09	-0.000201609
2.74729e-09	-0.000201648
2.74735e-09	-0.000201687
2.74742e-09	-0.000201725
2.74748e-09	-0.000201763
2.74755e-09	-0.000201802
2.74761e-09	-0.00020184
2.74767e-09	-0.000201877
2.74774e-09	-0.000201915
2.7478e-09	-0.000201952
2.74787e-09	-0.000201989
2.74793e-09	-0.000202026
2.74799e-09	-0.000202063
2.74806e-09	-0.000202099
2.74812e-09	-0.000202136
2.74819e-09	-0.000202172
2.74825e-09	-0.000202207
2.74831e-09	-0.000202243
2.74838e-09	-0.000202279
2.74844e-09	-0.000202314
2.74851e-09	-0.000202349
2.74857e-09	-0.000202384
2.74863e-09	-0.000202418
2.7487e-09	-0.000202453
2.74876e-09	-0.000202487
2.74883e-09	-0.000202521
2.74889e-09	-0.000202555
2.74895e-09	-0.000202589
2.74902e-09	-0.000202622
2.74908e-09	-0.000202655
2.74915e-09	-0.000202689
2.74921e-09	-0.000202721
2.74927e-09	-0.000202754
2.74934e-09	-0.000202786
2.7494e-09	-0.000202819
2.74947e-09	-0.000202851
2.74953e-09	-0.000202883
2.74959e-09	-0.000202914
2.74966e-09	-0.000202946
2.74972e-09	-0.000202977
2.74979e-09	-0.000203008
2.74985e-09	-0.000203039
2.74991e-09	-0.00020307
2.74998e-09	-0.0002031
2.75004e-09	-0.00020313
2.75011e-09	-0.00020316
2.75017e-09	-0.00020319
2.75023e-09	-0.00020322
2.7503e-09	-0.00020325
2.75036e-09	-0.000203279
2.75043e-09	-0.000203308
2.75049e-09	-0.000203337
2.75055e-09	-0.000203366
2.75062e-09	-0.000203394
2.75068e-09	-0.000203422
2.75075e-09	-0.000203451
2.75081e-09	-0.000203479
2.75087e-09	-0.000203506
2.75094e-09	-0.000203534
2.751e-09	-0.000203561
2.75107e-09	-0.000203588
2.75113e-09	-0.000203615
2.7512e-09	-0.000203642
2.75126e-09	-0.000203669
2.75132e-09	-0.000203695
2.75139e-09	-0.000203721
2.75145e-09	-0.000203747
2.75152e-09	-0.000203773
2.75158e-09	-0.000203799
2.75164e-09	-0.000203824
2.75171e-09	-0.00020385
2.75177e-09	-0.000203875
2.75184e-09	-0.0002039
2.7519e-09	-0.000203924
2.75196e-09	-0.000203949
2.75203e-09	-0.000203973
2.75209e-09	-0.000203997
2.75216e-09	-0.000204021
2.75222e-09	-0.000204045
2.75228e-09	-0.000204069
2.75235e-09	-0.000204092
2.75241e-09	-0.000204115
2.75248e-09	-0.000204138
2.75254e-09	-0.000204161
2.7526e-09	-0.000204184
2.75267e-09	-0.000204206
2.75273e-09	-0.000204228
2.7528e-09	-0.00020425
2.75286e-09	-0.000204272
2.75292e-09	-0.000204294
2.75299e-09	-0.000204316
2.75305e-09	-0.000204337
2.75312e-09	-0.000204358
2.75318e-09	-0.000204379
2.75324e-09	-0.0002044
2.75331e-09	-0.00020442
2.75337e-09	-0.000204441
2.75344e-09	-0.000204461
2.7535e-09	-0.000204481
2.75356e-09	-0.000204501
2.75363e-09	-0.000204521
2.75369e-09	-0.00020454
2.75376e-09	-0.00020456
2.75382e-09	-0.000204579
2.75388e-09	-0.000204598
2.75395e-09	-0.000204616
2.75401e-09	-0.000204635
2.75408e-09	-0.000204653
2.75414e-09	-0.000204672
2.7542e-09	-0.00020469
2.75427e-09	-0.000204708
2.75433e-09	-0.000204725
2.7544e-09	-0.000204743
2.75446e-09	-0.00020476
2.75452e-09	-0.000204777
2.75459e-09	-0.000204794
2.75465e-09	-0.000204811
2.75472e-09	-0.000204828
2.75478e-09	-0.000204844
2.75484e-09	-0.00020486
2.75491e-09	-0.000204877
2.75497e-09	-0.000204892
2.75504e-09	-0.000204908
2.7551e-09	-0.000204924
2.75516e-09	-0.000204939
2.75523e-09	-0.000204954
2.75529e-09	-0.000204969
2.75536e-09	-0.000204984
2.75542e-09	-0.000204999
2.75548e-09	-0.000205013
2.75555e-09	-0.000205028
2.75561e-09	-0.000205042
2.75568e-09	-0.000205056
2.75574e-09	-0.00020507
2.7558e-09	-0.000205083
2.75587e-09	-0.000205097
2.75593e-09	-0.00020511
2.756e-09	-0.000205123
2.75606e-09	-0.000205136
2.75612e-09	-0.000205149
2.75619e-09	-0.000205162
2.75625e-09	-0.000205174
2.75632e-09	-0.000205186
2.75638e-09	-0.000205198
2.75644e-09	-0.00020521
2.75651e-09	-0.000205222
2.75657e-09	-0.000205234
2.75664e-09	-0.000205245
2.7567e-09	-0.000205256
2.75676e-09	-0.000205267
2.75683e-09	-0.000205278
2.75689e-09	-0.000205289
2.75696e-09	-0.000205299
2.75702e-09	-0.00020531
2.75708e-09	-0.00020532
2.75715e-09	-0.00020533
2.75721e-09	-0.00020534
2.75728e-09	-0.000205349
2.75734e-09	-0.000205359
2.7574e-09	-0.000205368
2.75747e-09	-0.000205378
2.75753e-09	-0.000205387
2.7576e-09	-0.000205395
2.75766e-09	-0.000205404
2.75772e-09	-0.000205413
2.75779e-09	-0.000205421
2.75785e-09	-0.000205429
2.75792e-09	-0.000205437
2.75798e-09	-0.000205445
2.75804e-09	-0.000205453
2.75811e-09	-0.00020546
2.75817e-09	-0.000205468
2.75824e-09	-0.000205475
2.7583e-09	-0.000205482
2.75836e-09	-0.000205489
2.75843e-09	-0.000205495
2.75849e-09	-0.000205502
2.75856e-09	-0.000205508
2.75862e-09	-0.000205514
2.75868e-09	-0.00020552
2.75875e-09	-0.000205526
2.75881e-09	-0.000205532
2.75888e-09	-0.000205538
2.75894e-09	-0.000205543
2.759e-09	-0.000205548
2.75907e-09	-0.000205553
2.75913e-09	-0.000205558
2.7592e-09	-0.000205563
2.75926e-09	-0.000205567
2.75932e-09	-0.000205572
2.75939e-09	-0.000205576
2.75945e-09	-0.00020558
2.75952e-09	-0.000205584
2.75958e-09	-0.000205588
2.75964e-09	-0.000205592
2.75971e-09	-0.000205595
2.75977e-09	-0.000205598
2.75984e-09	-0.000205601
2.7599e-09	-0.000205604
2.75996e-09	-0.000205607
2.76003e-09	-0.00020561
2.76009e-09	-0.000205612
2.76016e-09	-0.000205615
2.76022e-09	-0.000205617
2.76028e-09	-0.000205619
2.76035e-09	-0.000205621
2.76041e-09	-0.000205622
2.76048e-09	-0.000205624
2.76054e-09	-0.000205625
2.7606e-09	-0.000205627
2.76067e-09	-0.000205628
2.76073e-09	-0.000205629
2.7608e-09	-0.000205629
2.76086e-09	-0.00020563
2.76092e-09	-0.00020563
2.76099e-09	-0.000205631
2.76105e-09	-0.000205631
2.76112e-09	-0.000205631
2.76118e-09	-0.000205631
2.76124e-09	-0.00020563
2.76131e-09	-0.00020563
2.76137e-09	-0.000205629
2.76144e-09	-0.000205628
2.7615e-09	-0.000205627
2.76156e-09	-0.000205626
2.76163e-09	-0.000205625
2.76169e-09	-0.000205624
2.76176e-09	-0.000205622
2.76182e-09	-0.00020562
2.76188e-09	-0.000205619
2.76195e-09	-0.000205617
2.76201e-09	-0.000205614
2.76208e-09	-0.000205612
2.76214e-09	-0.00020561
2.7622e-09	-0.000205607
2.76227e-09	-0.000205604
2.76233e-09	-0.000205601
2.7624e-09	-0.000205598
2.76246e-09	-0.000205595
2.76252e-09	-0.000205592
2.76259e-09	-0.000205588
2.76265e-09	-0.000205584
2.76272e-09	-0.000205581
2.76278e-09	-0.000205577
2.76284e-09	-0.000205573
2.76291e-09	-0.000205568
2.76297e-09	-0.000205564
2.76304e-09	-0.000205559
2.7631e-09	-0.000205555
2.76316e-09	-0.00020555
2.76323e-09	-0.000205545
2.76329e-09	-0.00020554
2.76336e-09	-0.000205534
2.76342e-09	-0.000205529
2.76348e-09	-0.000205523
2.76355e-09	-0.000205517
2.76361e-09	-0.000205511
2.76368e-09	-0.000205505
2.76374e-09	-0.000205499
2.7638e-09	-0.000205493
2.76387e-09	-0.000205486
2.76393e-09	-0.00020548
2.764e-09	-0.000205473
2.76406e-09	-0.000205466
2.76412e-09	-0.000205459
2.76419e-09	-0.000205452
2.76425e-09	-0.000205444
2.76432e-09	-0.000205437
2.76438e-09	-0.000205429
2.76444e-09	-0.000205422
2.76451e-09	-0.000205414
2.76457e-09	-0.000205406
2.76464e-09	-0.000205397
2.7647e-09	-0.000205389
2.76476e-09	-0.00020538
2.76483e-09	-0.000205372
2.76489e-09	-0.000205363
2.76496e-09	-0.000205354
2.76502e-09	-0.000205345
2.76508e-09	-0.000205336
2.76515e-09	-0.000205326
2.76521e-09	-0.000205317
2.76528e-09	-0.000205307
2.76534e-09	-0.000205298
2.7654e-09	-0.000205288
2.76547e-09	-0.000205278
2.76553e-09	-0.000205267
2.7656e-09	-0.000205257
2.76566e-09	-0.000205247
2.76572e-09	-0.000205236
2.76579e-09	-0.000205225
2.76585e-09	-0.000205214
2.76592e-09	-0.000205203
2.76598e-09	-0.000205192
2.76604e-09	-0.000205181
2.76611e-09	-0.000205169
2.76617e-09	-0.000205158
2.76624e-09	-0.000205146
2.7663e-09	-0.000205134
2.76636e-09	-0.000205122
2.76643e-09	-0.00020511
2.76649e-09	-0.000205098
2.76656e-09	-0.000205085
2.76662e-09	-0.000205073
2.76668e-09	-0.00020506
2.76675e-09	-0.000205047
2.76681e-09	-0.000205034
2.76688e-09	-0.000205021
2.76694e-09	-0.000205008
2.767e-09	-0.000204994
2.76707e-09	-0.000204981
2.76713e-09	-0.000204967
2.7672e-09	-0.000204953
2.76726e-09	-0.00020494
2.76732e-09	-0.000204925
2.76739e-09	-0.000204911
2.76745e-09	-0.000204897
2.76752e-09	-0.000204883
2.76758e-09	-0.000204868
2.76764e-09	-0.000204853
2.76771e-09	-0.000204838
2.76777e-09	-0.000204823
2.76784e-09	-0.000204808
2.7679e-09	-0.000204793
2.76796e-09	-0.000204778
2.76803e-09	-0.000204762
2.76809e-09	-0.000204746
2.76816e-09	-0.000204731
2.76822e-09	-0.000204715
2.76828e-09	-0.000204699
2.76835e-09	-0.000204682
2.76841e-09	-0.000204666
2.76848e-09	-0.00020465
2.76854e-09	-0.000204633
2.76861e-09	-0.000204616
2.76867e-09	-0.0002046
2.76873e-09	-0.000204583
2.7688e-09	-0.000204566
2.76886e-09	-0.000204548
2.76893e-09	-0.000204531
2.76899e-09	-0.000204514
2.76905e-09	-0.000204496
2.76912e-09	-0.000204478
2.76918e-09	-0.00020446
2.76925e-09	-0.000204442
2.76931e-09	-0.000204424
2.76937e-09	-0.000204406
2.76944e-09	-0.000204388
2.7695e-09	-0.000204369
2.76957e-09	-0.00020435
2.76963e-09	-0.000204332
2.76969e-09	-0.000204313
2.76976e-09	-0.000204294
2.76982e-09	-0.000204275
2.76989e-09	-0.000204255
2.76995e-09	-0.000204236
2.77001e-09	-0.000204216
2.77008e-09	-0.000204197
2.77014e-09	-0.000204177
2.77021e-09	-0.000204157
2.77027e-09	-0.000204137
2.77033e-09	-0.000204117
2.7704e-09	-0.000204097
2.77046e-09	-0.000204076
2.77053e-09	-0.000204056
2.77059e-09	-0.000204035
2.77065e-09	-0.000204014
2.77072e-09	-0.000203993
2.77078e-09	-0.000203972
2.77085e-09	-0.000203951
2.77091e-09	-0.00020393
2.77097e-09	-0.000203908
2.77104e-09	-0.000203887
2.7711e-09	-0.000203865
2.77117e-09	-0.000203843
2.77123e-09	-0.000203822
2.77129e-09	-0.0002038
2.77136e-09	-0.000203777
2.77142e-09	-0.000203755
2.77149e-09	-0.000203733
2.77155e-09	-0.00020371
2.77161e-09	-0.000203688
2.77168e-09	-0.000203665
2.77174e-09	-0.000203642
2.77181e-09	-0.000203619
2.77187e-09	-0.000203596
2.77193e-09	-0.000203573
2.772e-09	-0.000203549
2.77206e-09	-0.000203526
2.77213e-09	-0.000203502
2.77219e-09	-0.000203479
2.77225e-09	-0.000203455
2.77232e-09	-0.000203431
2.77238e-09	-0.000203407
2.77245e-09	-0.000203383
2.77251e-09	-0.000203358
2.77257e-09	-0.000203334
2.77264e-09	-0.000203309
2.7727e-09	-0.000203285
2.77277e-09	-0.00020326
2.77283e-09	-0.000203235
2.77289e-09	-0.00020321
2.77296e-09	-0.000203185
2.77302e-09	-0.00020316
2.77309e-09	-0.000203134
2.77315e-09	-0.000203109
2.77321e-09	-0.000203083
2.77328e-09	-0.000203057
2.77334e-09	-0.000203032
2.77341e-09	-0.000203006
2.77347e-09	-0.000202979
2.77353e-09	-0.000202953
2.7736e-09	-0.000202927
2.77366e-09	-0.000202901
2.77373e-09	-0.000202874
2.77379e-09	-0.000202847
2.77385e-09	-0.000202821
2.77392e-09	-0.000202794
2.77398e-09	-0.000202767
2.77405e-09	-0.00020274
2.77411e-09	-0.000202712
2.77417e-09	-0.000202685
2.77424e-09	-0.000202658
2.7743e-09	-0.00020263
2.77437e-09	-0.000202602
2.77443e-09	-0.000202575
2.77449e-09	-0.000202547
2.77456e-09	-0.000202519
2.77462e-09	-0.000202491
2.77469e-09	-0.000202462
2.77475e-09	-0.000202434
2.77481e-09	-0.000202406
2.77488e-09	-0.000202377
2.77494e-09	-0.000202348
2.77501e-09	-0.00020232
2.77507e-09	-0.000202291
2.77513e-09	-0.000202262
2.7752e-09	-0.000202232
2.77526e-09	-0.000202203
2.77533e-09	-0.000202174
2.77539e-09	-0.000202144
2.77545e-09	-0.000202115
2.77552e-09	-0.000202085
2.77558e-09	-0.000202055
2.77565e-09	-0.000202025
2.77571e-09	-0.000201995
2.77577e-09	-0.000201965
2.77584e-09	-0.000201935
2.7759e-09	-0.000201905
2.77597e-09	-0.000201874
2.77603e-09	-0.000201844
2.77609e-09	-0.000201813
2.77616e-09	-0.000201782
2.77622e-09	-0.000201751
2.77629e-09	-0.00020172
2.77635e-09	-0.000201689
2.77641e-09	-0.000201658
2.77648e-09	-0.000201627
2.77654e-09	-0.000201595
2.77661e-09	-0.000201564
2.77667e-09	-0.000201532
2.77673e-09	-0.0002015
2.7768e-09	-0.000201469
2.77686e-09	-0.000201437
2.77693e-09	-0.000201405
2.77699e-09	-0.000201372
2.77705e-09	-0.00020134
2.77712e-09	-0.000201308
2.77718e-09	-0.000201275
2.77725e-09	-0.000201243
2.77731e-09	-0.00020121
2.77737e-09	-0.000201177
2.77744e-09	-0.000201144
2.7775e-09	-0.000201111
2.77757e-09	-0.000201078
2.77763e-09	-0.000201045
2.77769e-09	-0.000201012
2.77776e-09	-0.000200978
2.77782e-09	-0.000200945
2.77789e-09	-0.000200911
2.77795e-09	-0.000200877
2.77801e-09	-0.000200843
2.77808e-09	-0.000200809
2.77814e-09	-0.000200775
2.77821e-09	-0.000200741
2.77827e-09	-0.000200707
2.77833e-09	-0.000200673
2.7784e-09	-0.000200638
2.77846e-09	-0.000200604
2.77853e-09	-0.000200569
2.77859e-09	-0.000200534
2.77865e-09	-0.000200499
2.77872e-09	-0.000200464
2.77878e-09	-0.000200429
2.77885e-09	-0.000200394
2.77891e-09	-0.000200359
2.77897e-09	-0.000200323
2.77904e-09	-0.000200288
2.7791e-09	-0.000200252
2.77917e-09	-0.000200217
2.77923e-09	-0.000200181
2.77929e-09	-0.000200145
2.77936e-09	-0.000200109
2.77942e-09	-0.000200073
2.77949e-09	-0.000200037
2.77955e-09	-0.000200001
2.77961e-09	-0.000199964
2.77968e-09	-0.000199928
2.77974e-09	-0.000199891
2.77981e-09	-0.000199855
2.77987e-09	-0.000199818
2.77993e-09	-0.000199781
2.78e-09	-0.000199744
2.78006e-09	-0.000199707
2.78013e-09	-0.00019967
2.78019e-09	-0.000199633
2.78025e-09	-0.000199595
2.78032e-09	-0.000199558
2.78038e-09	-0.00019952
2.78045e-09	-0.000199483
2.78051e-09	-0.000199445
2.78057e-09	-0.000199407
2.78064e-09	-0.000199369
2.7807e-09	-0.000199331
2.78077e-09	-0.000199293
2.78083e-09	-0.000199255
2.78089e-09	-0.000199216
2.78096e-09	-0.000199178
2.78102e-09	-0.000199139
2.78109e-09	-0.000199101
2.78115e-09	-0.000199062
2.78121e-09	-0.000199023
2.78128e-09	-0.000198984
2.78134e-09	-0.000198945
2.78141e-09	-0.000198906
2.78147e-09	-0.000198867
2.78153e-09	-0.000198828
2.7816e-09	-0.000198789
2.78166e-09	-0.000198749
2.78173e-09	-0.00019871
2.78179e-09	-0.00019867
2.78185e-09	-0.00019863
2.78192e-09	-0.00019859
2.78198e-09	-0.00019855
2.78205e-09	-0.00019851
2.78211e-09	-0.00019847
2.78217e-09	-0.00019843
2.78224e-09	-0.00019839
2.7823e-09	-0.000198349
2.78237e-09	-0.000198309
2.78243e-09	-0.000198268
2.78249e-09	-0.000198228
2.78256e-09	-0.000198187
2.78262e-09	-0.000198146
2.78269e-09	-0.000198105
2.78275e-09	-0.000198064
2.78281e-09	-0.000198023
2.78288e-09	-0.000197982
2.78294e-09	-0.000197941
2.78301e-09	-0.000197899
2.78307e-09	-0.000197858
2.78313e-09	-0.000197816
2.7832e-09	-0.000197775
2.78326e-09	-0.000197733
2.78333e-09	-0.000197691
2.78339e-09	-0.000197649
2.78345e-09	-0.000197607
2.78352e-09	-0.000197565
2.78358e-09	-0.000197523
2.78365e-09	-0.000197481
2.78371e-09	-0.000197438
2.78377e-09	-0.000197396
2.78384e-09	-0.000197353
2.7839e-09	-0.000197311
2.78397e-09	-0.000197268
2.78403e-09	-0.000197225
2.78409e-09	-0.000197182
2.78416e-09	-0.000197139
2.78422e-09	-0.000197096
2.78429e-09	-0.000197053
2.78435e-09	-0.00019701
2.78441e-09	-0.000196966
2.78448e-09	-0.000196923
2.78454e-09	-0.000196879
2.78461e-09	-0.000196836
2.78467e-09	-0.000196792
2.78473e-09	-0.000196748
2.7848e-09	-0.000196705
2.78486e-09	-0.000196661
2.78493e-09	-0.000196617
2.78499e-09	-0.000196573
2.78505e-09	-0.000196528
2.78512e-09	-0.000196484
2.78518e-09	-0.00019644
2.78525e-09	-0.000196395
2.78531e-09	-0.000196351
2.78537e-09	-0.000196306
2.78544e-09	-0.000196261
2.7855e-09	-0.000196217
2.78557e-09	-0.000196172
2.78563e-09	-0.000196127
2.78569e-09	-0.000196082
2.78576e-09	-0.000196037
2.78582e-09	-0.000195992
2.78589e-09	-0.000195946
2.78595e-09	-0.000195901
2.78602e-09	-0.000195855
2.78608e-09	-0.00019581
2.78614e-09	-0.000195764
2.78621e-09	-0.000195719
2.78627e-09	-0.000195673
2.78634e-09	-0.000195627
2.7864e-09	-0.000195581
2.78646e-09	-0.000195535
2.78653e-09	-0.000195489
2.78659e-09	-0.000195443
2.78666e-09	-0.000195396
2.78672e-09	-0.00019535
2.78678e-09	-0.000195304
2.78685e-09	-0.000195257
2.78691e-09	-0.000195211
2.78698e-09	-0.000195164
2.78704e-09	-0.000195117
2.7871e-09	-0.00019507
2.78717e-09	-0.000195023
2.78723e-09	-0.000194976
2.7873e-09	-0.000194929
2.78736e-09	-0.000194882
2.78742e-09	-0.000194835
2.78749e-09	-0.000194788
2.78755e-09	-0.00019474
2.78762e-09	-0.000194693
2.78768e-09	-0.000194645
2.78774e-09	-0.000194598
2.78781e-09	-0.00019455
2.78787e-09	-0.000194502
2.78794e-09	-0.000194454
2.788e-09	-0.000194406
2.78806e-09	-0.000194358
2.78813e-09	-0.00019431
2.78819e-09	-0.000194262
2.78826e-09	-0.000194214
2.78832e-09	-0.000194166
2.78838e-09	-0.000194117
2.78845e-09	-0.000194069
2.78851e-09	-0.00019402
2.78858e-09	-0.000193971
2.78864e-09	-0.000193923
2.7887e-09	-0.000193874
2.78877e-09	-0.000193825
2.78883e-09	-0.000193776
2.7889e-09	-0.000193727
2.78896e-09	-0.000193678
2.78902e-09	-0.000193629
2.78909e-09	-0.00019358
2.78915e-09	-0.00019353
2.78922e-09	-0.000193481
2.78928e-09	-0.000193431
2.78934e-09	-0.000193382
2.78941e-09	-0.000193332
2.78947e-09	-0.000193283
2.78954e-09	-0.000193233
2.7896e-09	-0.000193183
2.78966e-09	-0.000193133
2.78973e-09	-0.000193083
2.78979e-09	-0.000193033
2.78986e-09	-0.000192983
2.78992e-09	-0.000192933
2.78998e-09	-0.000192882
2.79005e-09	-0.000192832
2.79011e-09	-0.000192781
2.79018e-09	-0.000192731
2.79024e-09	-0.00019268
2.7903e-09	-0.00019263
2.79037e-09	-0.000192579
2.79043e-09	-0.000192528
2.7905e-09	-0.000192477
2.79056e-09	-0.000192426
2.79062e-09	-0.000192375
2.79069e-09	-0.000192324
2.79075e-09	-0.000192273
2.79082e-09	-0.000192222
2.79088e-09	-0.000192171
2.79094e-09	-0.000192119
2.79101e-09	-0.000192068
2.79107e-09	-0.000192016
2.79114e-09	-0.000191965
2.7912e-09	-0.000191913
2.79126e-09	-0.000191861
2.79133e-09	-0.000191809
2.79139e-09	-0.000191758
2.79146e-09	-0.000191706
2.79152e-09	-0.000191654
2.79158e-09	-0.000191602
2.79165e-09	-0.000191549
2.79171e-09	-0.000191497
2.79178e-09	-0.000191445
2.79184e-09	-0.000191393
2.7919e-09	-0.00019134
2.79197e-09	-0.000191288
2.79203e-09	-0.000191235
2.7921e-09	-0.000191182
2.79216e-09	-0.00019113
2.79222e-09	-0.000191077
2.79229e-09	-0.000191024
2.79235e-09	-0.000190971
2.79242e-09	-0.000190918
2.79248e-09	-0.000190865
2.79254e-09	-0.000190812
2.79261e-09	-0.000190759
2.79267e-09	-0.000190706
2.79274e-09	-0.000190652
2.7928e-09	-0.000190599
2.79286e-09	-0.000190545
2.79293e-09	-0.000190492
2.79299e-09	-0.000190438
2.79306e-09	-0.000190385
2.79312e-09	-0.000190331
2.79318e-09	-0.000190277
2.79325e-09	-0.000190223
2.79331e-09	-0.000190169
2.79338e-09	-0.000190115
2.79344e-09	-0.000190061
2.7935e-09	-0.000190007
2.79357e-09	-0.000189953
2.79363e-09	-0.000189899
2.7937e-09	-0.000189844
2.79376e-09	-0.00018979
2.79382e-09	-0.000189736
2.79389e-09	-0.000189681
2.79395e-09	-0.000189626
2.79402e-09	-0.000189572
2.79408e-09	-0.000189517
2.79414e-09	-0.000189462
2.79421e-09	-0.000189407
2.79427e-09	-0.000189353
2.79434e-09	-0.000189298
2.7944e-09	-0.000189243
2.79446e-09	-0.000189187
2.79453e-09	-0.000189132
2.79459e-09	-0.000189077
2.79466e-09	-0.000189022
2.79472e-09	-0.000188966
2.79478e-09	-0.000188911
2.79485e-09	-0.000188856
2.79491e-09	-0.0001888
2.79498e-09	-0.000188744
2.79504e-09	-0.000188689
2.7951e-09	-0.000188633
2.79517e-09	-0.000188577
2.79523e-09	-0.000188521
2.7953e-09	-0.000188466
2.79536e-09	-0.00018841
2.79542e-09	-0.000188354
2.79549e-09	-0.000188297
2.79555e-09	-0.000188241
2.79562e-09	-0.000188185
2.79568e-09	-0.000188129
2.79574e-09	-0.000188072
2.79581e-09	-0.000188016
2.79587e-09	-0.00018796
2.79594e-09	-0.000187903
2.796e-09	-0.000187846
2.79606e-09	-0.00018779
2.79613e-09	-0.000187733
2.79619e-09	-0.000187676
2.79626e-09	-0.000187619
2.79632e-09	-0.000187563
2.79638e-09	-0.000187506
2.79645e-09	-0.000187449
2.79651e-09	-0.000187392
2.79658e-09	-0.000187334
2.79664e-09	-0.000187277
2.7967e-09	-0.00018722
2.79677e-09	-0.000187163
2.79683e-09	-0.000187105
2.7969e-09	-0.000187048
2.79696e-09	-0.00018699
2.79702e-09	-0.000186933
2.79709e-09	-0.000186875
2.79715e-09	-0.000186818
2.79722e-09	-0.00018676
2.79728e-09	-0.000186702
2.79734e-09	-0.000186644
2.79741e-09	-0.000186586
2.79747e-09	-0.000186528
2.79754e-09	-0.00018647
2.7976e-09	-0.000186412
2.79766e-09	-0.000186354
2.79773e-09	-0.000186296
2.79779e-09	-0.000186238
2.79786e-09	-0.00018618
2.79792e-09	-0.000186121
2.79798e-09	-0.000186063
2.79805e-09	-0.000186004
2.79811e-09	-0.000185946
2.79818e-09	-0.000185887
2.79824e-09	-0.000185829
2.7983e-09	-0.00018577
2.79837e-09	-0.000185711
2.79843e-09	-0.000185652
2.7985e-09	-0.000185594
2.79856e-09	-0.000185535
2.79862e-09	-0.000185476
2.79869e-09	-0.000185417
2.79875e-09	-0.000185358
2.79882e-09	-0.000185298
2.79888e-09	-0.000185239
2.79894e-09	-0.00018518
2.79901e-09	-0.000185121
2.79907e-09	-0.000185061
2.79914e-09	-0.000185002
2.7992e-09	-0.000184943
2.79926e-09	-0.000184883
2.79933e-09	-0.000184823
2.79939e-09	-0.000184764
2.79946e-09	-0.000184704
2.79952e-09	-0.000184644
2.79958e-09	-0.000184585
2.79965e-09	-0.000184525
2.79971e-09	-0.000184465
2.79978e-09	-0.000184405
2.79984e-09	-0.000184345
2.7999e-09	-0.000184285
2.79997e-09	-0.000184225
2.80003e-09	-0.000184165
2.8001e-09	-0.000184104
2.80016e-09	-0.000184044
2.80022e-09	-0.000183984
2.80029e-09	-0.000183924
2.80035e-09	-0.000183863
2.80042e-09	-0.000183803
2.80048e-09	-0.000183742
2.80054e-09	-0.000183682
2.80061e-09	-0.000183621
2.80067e-09	-0.00018356
2.80074e-09	-0.0001835
2.8008e-09	-0.000183439
2.80086e-09	-0.000183378
2.80093e-09	-0.000183317
2.80099e-09	-0.000183256
2.80106e-09	-0.000183195
2.80112e-09	-0.000183134
2.80118e-09	-0.000183073
2.80125e-09	-0.000183012
2.80131e-09	-0.000182951
2.80138e-09	-0.00018289
2.80144e-09	-0.000182828
2.8015e-09	-0.000182767
2.80157e-09	-0.000182706
2.80163e-09	-0.000182644
2.8017e-09	-0.000182583
2.80176e-09	-0.000182521
2.80182e-09	-0.000182459
2.80189e-09	-0.000182398
2.80195e-09	-0.000182336
2.80202e-09	-0.000182274
2.80208e-09	-0.000182213
2.80214e-09	-0.000182151
2.80221e-09	-0.000182089
2.80227e-09	-0.000182027
2.80234e-09	-0.000181965
2.8024e-09	-0.000181903
2.80246e-09	-0.000181841
2.80253e-09	-0.000181779
2.80259e-09	-0.000181717
2.80266e-09	-0.000181655
2.80272e-09	-0.000181592
2.80278e-09	-0.00018153
2.80285e-09	-0.000181468
2.80291e-09	-0.000181405
2.80298e-09	-0.000181343
2.80304e-09	-0.00018128
2.8031e-09	-0.000181218
2.80317e-09	-0.000181155
2.80323e-09	-0.000181093
2.8033e-09	-0.00018103
2.80336e-09	-0.000180967
2.80342e-09	-0.000180904
2.80349e-09	-0.000180841
2.80355e-09	-0.000180779
2.80362e-09	-0.000180716
2.80368e-09	-0.000180653
2.80375e-09	-0.00018059
2.80381e-09	-0.000180527
2.80387e-09	-0.000180464
2.80394e-09	-0.0001804
2.804e-09	-0.000180337
2.80407e-09	-0.000180274
2.80413e-09	-0.000180211
2.80419e-09	-0.000180147
2.80426e-09	-0.000180084
2.80432e-09	-0.000180021
2.80439e-09	-0.000179957
2.80445e-09	-0.000179894
2.80451e-09	-0.00017983
2.80458e-09	-0.000179767
2.80464e-09	-0.000179703
2.80471e-09	-0.000179639
2.80477e-09	-0.000179576
2.80483e-09	-0.000179512
2.8049e-09	-0.000179448
2.80496e-09	-0.000179384
2.80503e-09	-0.00017932
2.80509e-09	-0.000179256
2.80515e-09	-0.000179192
2.80522e-09	-0.000179128
2.80528e-09	-0.000179064
2.80535e-09	-0.000179
2.80541e-09	-0.000178936
2.80547e-09	-0.000178872
2.80554e-09	-0.000178807
2.8056e-09	-0.000178743
2.80567e-09	-0.000178679
2.80573e-09	-0.000178614
2.80579e-09	-0.00017855
2.80586e-09	-0.000178486
2.80592e-09	-0.000178421
2.80599e-09	-0.000178357
2.80605e-09	-0.000178292
2.80611e-09	-0.000178227
2.80618e-09	-0.000178163
2.80624e-09	-0.000178098
2.80631e-09	-0.000178033
2.80637e-09	-0.000177968
2.80643e-09	-0.000177904
2.8065e-09	-0.000177839
2.80656e-09	-0.000177774
2.80663e-09	-0.000177709
2.80669e-09	-0.000177644
2.80675e-09	-0.000177579
2.80682e-09	-0.000177514
2.80688e-09	-0.000177449
2.80695e-09	-0.000177384
2.80701e-09	-0.000177318
2.80707e-09	-0.000177253
2.80714e-09	-0.000177188
2.8072e-09	-0.000177123
2.80727e-09	-0.000177057
2.80733e-09	-0.000176992
2.80739e-09	-0.000176926
2.80746e-09	-0.000176861
2.80752e-09	-0.000176795
2.80759e-09	-0.00017673
2.80765e-09	-0.000176664
2.80771e-09	-0.000176599
2.80778e-09	-0.000176533
2.80784e-09	-0.000176467
2.80791e-09	-0.000176402
2.80797e-09	-0.000176336
2.80803e-09	-0.00017627
2.8081e-09	-0.000176204
2.80816e-09	-0.000176138
2.80823e-09	-0.000176072
2.80829e-09	-0.000176006
2.80835e-09	-0.00017594
2.80842e-09	-0.000175874
2.80848e-09	-0.000175808
2.80855e-09	-0.000175742
2.80861e-09	-0.000175676
2.80867e-09	-0.00017561
2.80874e-09	-0.000175543
2.8088e-09	-0.000175477
2.80887e-09	-0.000175411
2.80893e-09	-0.000175344
2.80899e-09	-0.000175278
2.80906e-09	-0.000175212
2.80912e-09	-0.000175145
2.80919e-09	-0.000175079
2.80925e-09	-0.000175012
2.80931e-09	-0.000174946
2.80938e-09	-0.000174879
2.80944e-09	-0.000174812
2.80951e-09	-0.000174746
2.80957e-09	-0.000174679
2.80963e-09	-0.000174612
2.8097e-09	-0.000174545
2.80976e-09	-0.000174479
2.80983e-09	-0.000174412
2.80989e-09	-0.000174345
2.80995e-09	-0.000174278
2.81002e-09	-0.000174211
2.81008e-09	-0.000174144
2.81015e-09	-0.000174077
2.81021e-09	-0.00017401
2.81027e-09	-0.000173943
2.81034e-09	-0.000173876
2.8104e-09	-0.000173809
2.81047e-09	-0.000173741
2.81053e-09	-0.000173674
2.81059e-09	-0.000173607
2.81066e-09	-0.000173539
2.81072e-09	-0.000173472
2.81079e-09	-0.000173405
2.81085e-09	-0.000173337
2.81091e-09	-0.00017327
2.81098e-09	-0.000173202
2.81104e-09	-0.000173135
2.81111e-09	-0.000173067
2.81117e-09	-0.000173
2.81123e-09	-0.000172932
2.8113e-09	-0.000172865
2.81136e-09	-0.000172797
2.81143e-09	-0.000172729
2.81149e-09	-0.000172661
2.81155e-09	-0.000172594
2.81162e-09	-0.000172526
2.81168e-09	-0.000172458
2.81175e-09	-0.00017239
2.81181e-09	-0.000172322
2.81187e-09	-0.000172254
2.81194e-09	-0.000172186
2.812e-09	-0.000172118
2.81207e-09	-0.00017205
2.81213e-09	-0.000171982
2.81219e-09	-0.000171914
2.81226e-09	-0.000171846
2.81232e-09	-0.000171778
2.81239e-09	-0.00017171
2.81245e-09	-0.000171641
2.81251e-09	-0.000171573
2.81258e-09	-0.000171505
2.81264e-09	-0.000171437
2.81271e-09	-0.000171368
2.81277e-09	-0.0001713
2.81283e-09	-0.000171232
2.8129e-09	-0.000171163
2.81296e-09	-0.000171095
2.81303e-09	-0.000171026
2.81309e-09	-0.000170958
2.81315e-09	-0.000170889
2.81322e-09	-0.00017082
2.81328e-09	-0.000170752
2.81335e-09	-0.000170683
2.81341e-09	-0.000170614
2.81347e-09	-0.000170546
2.81354e-09	-0.000170477
2.8136e-09	-0.000170408
2.81367e-09	-0.000170339
2.81373e-09	-0.000170271
2.81379e-09	-0.000170202
2.81386e-09	-0.000170133
2.81392e-09	-0.000170064
2.81399e-09	-0.000169995
2.81405e-09	-0.000169926
2.81411e-09	-0.000169857
2.81418e-09	-0.000169788
2.81424e-09	-0.000169719
2.81431e-09	-0.00016965
2.81437e-09	-0.000169581
2.81443e-09	-0.000169512
2.8145e-09	-0.000169442
2.81456e-09	-0.000169373
2.81463e-09	-0.000169304
2.81469e-09	-0.000169235
2.81475e-09	-0.000169165
2.81482e-09	-0.000169096
2.81488e-09	-0.000169027
2.81495e-09	-0.000168957
2.81501e-09	-0.000168888
2.81507e-09	-0.000168819
2.81514e-09	-0.000168749
2.8152e-09	-0.00016868
2.81527e-09	-0.00016861
2.81533e-09	-0.000168541
2.81539e-09	-0.000168471
2.81546e-09	-0.000168402
2.81552e-09	-0.000168332
2.81559e-09	-0.000168262
2.81565e-09	-0.000168193
2.81571e-09	-0.000168123
2.81578e-09	-0.000168053
2.81584e-09	-0.000167983
2.81591e-09	-0.000167914
2.81597e-09	-0.000167844
2.81603e-09	-0.000167774
2.8161e-09	-0.000167704
2.81616e-09	-0.000167634
2.81623e-09	-0.000167564
2.81629e-09	-0.000167495
2.81635e-09	-0.000167425
2.81642e-09	-0.000167355
2.81648e-09	-0.000167285
2.81655e-09	-0.000167215
2.81661e-09	-0.000167145
2.81667e-09	-0.000167074
2.81674e-09	-0.000167004
2.8168e-09	-0.000166934
2.81687e-09	-0.000166864
2.81693e-09	-0.000166794
2.81699e-09	-0.000166724
2.81706e-09	-0.000166653
2.81712e-09	-0.000166583
2.81719e-09	-0.000166513
2.81725e-09	-0.000166443
2.81731e-09	-0.000166372
2.81738e-09	-0.000166302
2.81744e-09	-0.000166232
2.81751e-09	-0.000166161
2.81757e-09	-0.000166091
2.81763e-09	-0.00016602
2.8177e-09	-0.00016595
2.81776e-09	-0.000165879
2.81783e-09	-0.000165809
2.81789e-09	-0.000165738
2.81795e-09	-0.000165668
2.81802e-09	-0.000165597
2.81808e-09	-0.000165527
2.81815e-09	-0.000165456
2.81821e-09	-0.000165385
2.81827e-09	-0.000165315
2.81834e-09	-0.000165244
2.8184e-09	-0.000165173
2.81847e-09	-0.000165102
2.81853e-09	-0.000165032
2.81859e-09	-0.000164961
2.81866e-09	-0.00016489
2.81872e-09	-0.000164819
2.81879e-09	-0.000164748
2.81885e-09	-0.000164678
2.81891e-09	-0.000164607
2.81898e-09	-0.000164536
2.81904e-09	-0.000164465
2.81911e-09	-0.000164394
2.81917e-09	-0.000164323
2.81923e-09	-0.000164252
2.8193e-09	-0.000164181
2.81936e-09	-0.00016411
2.81943e-09	-0.000164039
2.81949e-09	-0.000163968
2.81955e-09	-0.000163896
2.81962e-09	-0.000163825
2.81968e-09	-0.000163754
2.81975e-09	-0.000163683
2.81981e-09	-0.000163612
2.81987e-09	-0.000163541
2.81994e-09	-0.000163469
2.82e-09	-0.000163398
2.82007e-09	-0.000163327
2.82013e-09	-0.000163255
2.82019e-09	-0.000163184
2.82026e-09	-0.000163113
2.82032e-09	-0.000163041
2.82039e-09	-0.00016297
2.82045e-09	-0.000162899
2.82051e-09	-0.000162827
2.82058e-09	-0.000162756
2.82064e-09	-0.000162684
2.82071e-09	-0.000162613
2.82077e-09	-0.000162541
2.82083e-09	-0.00016247
2.8209e-09	-0.000162398
2.82096e-09	-0.000162327
2.82103e-09	-0.000162255
2.82109e-09	-0.000162184
2.82116e-09	-0.000162112
2.82122e-09	-0.00016204
2.82128e-09	-0.000161969
2.82135e-09	-0.000161897
2.82141e-09	-0.000161825
2.82148e-09	-0.000161754
2.82154e-09	-0.000161682
2.8216e-09	-0.00016161
2.82167e-09	-0.000161538
2.82173e-09	-0.000161467
2.8218e-09	-0.000161395
2.82186e-09	-0.000161323
2.82192e-09	-0.000161251
2.82199e-09	-0.000161179
2.82205e-09	-0.000161107
2.82212e-09	-0.000161035
2.82218e-09	-0.000160964
2.82224e-09	-0.000160892
2.82231e-09	-0.00016082
2.82237e-09	-0.000160748
2.82244e-09	-0.000160676
2.8225e-09	-0.000160604
2.82256e-09	-0.000160532
2.82263e-09	-0.00016046
2.82269e-09	-0.000160388
2.82276e-09	-0.000160316
2.82282e-09	-0.000160244
2.82288e-09	-0.000160171
2.82295e-09	-0.000160099
2.82301e-09	-0.000160027
2.82308e-09	-0.000159955
2.82314e-09	-0.000159883
2.8232e-09	-0.000159811
2.82327e-09	-0.000159738
2.82333e-09	-0.000159666
2.8234e-09	-0.000159594
2.82346e-09	-0.000159522
2.82352e-09	-0.00015945
2.82359e-09	-0.000159377
2.82365e-09	-0.000159305
2.82372e-09	-0.000159233
2.82378e-09	-0.00015916
2.82384e-09	-0.000159088
2.82391e-09	-0.000159016
2.82397e-09	-0.000158943
2.82404e-09	-0.000158871
2.8241e-09	-0.000158799
2.82416e-09	-0.000158726
2.82423e-09	-0.000158654
2.82429e-09	-0.000158581
2.82436e-09	-0.000158509
2.82442e-09	-0.000158436
2.82448e-09	-0.000158364
2.82455e-09	-0.000158291
2.82461e-09	-0.000158219
2.82468e-09	-0.000158146
2.82474e-09	-0.000158074
2.8248e-09	-0.000158001
2.82487e-09	-0.000157929
2.82493e-09	-0.000157856
2.825e-09	-0.000157783
2.82506e-09	-0.000157711
2.82512e-09	-0.000157638
2.82519e-09	-0.000157565
2.82525e-09	-0.000157493
2.82532e-09	-0.00015742
2.82538e-09	-0.000157347
2.82544e-09	-0.000157275
2.82551e-09	-0.000157202
2.82557e-09	-0.000157129
2.82564e-09	-0.000157056
2.8257e-09	-0.000156984
2.82576e-09	-0.000156911
2.82583e-09	-0.000156838
2.82589e-09	-0.000156765
2.82596e-09	-0.000156693
2.82602e-09	-0.00015662
2.82608e-09	-0.000156547
2.82615e-09	-0.000156474
2.82621e-09	-0.000156401
2.82628e-09	-0.000156328
2.82634e-09	-0.000156255
2.8264e-09	-0.000156183
2.82647e-09	-0.00015611
2.82653e-09	-0.000156037
2.8266e-09	-0.000155964
2.82666e-09	-0.000155891
2.82672e-09	-0.000155818
2.82679e-09	-0.000155745
2.82685e-09	-0.000155672
2.82692e-09	-0.000155599
2.82698e-09	-0.000155526
2.82704e-09	-0.000155453
2.82711e-09	-0.00015538
2.82717e-09	-0.000155307
2.82724e-09	-0.000155234
2.8273e-09	-0.000155161
2.82736e-09	-0.000155088
2.82743e-09	-0.000155014
2.82749e-09	-0.000154941
2.82756e-09	-0.000154868
2.82762e-09	-0.000154795
2.82768e-09	-0.000154722
2.82775e-09	-0.000154649
2.82781e-09	-0.000154576
2.82788e-09	-0.000154503
2.82794e-09	-0.000154429
2.828e-09	-0.000154356
2.82807e-09	-0.000154283
2.82813e-09	-0.00015421
2.8282e-09	-0.000154137
2.82826e-09	-0.000154063
2.82832e-09	-0.00015399
2.82839e-09	-0.000153917
2.82845e-09	-0.000153844
2.82852e-09	-0.00015377
2.82858e-09	-0.000153697
2.82864e-09	-0.000153624
2.82871e-09	-0.00015355
2.82877e-09	-0.000153477
2.82884e-09	-0.000153404
2.8289e-09	-0.00015333
2.82896e-09	-0.000153257
2.82903e-09	-0.000153184
2.82909e-09	-0.00015311
2.82916e-09	-0.000153037
2.82922e-09	-0.000152964
2.82928e-09	-0.00015289
2.82935e-09	-0.000152817
2.82941e-09	-0.000152743
2.82948e-09	-0.00015267
2.82954e-09	-0.000152597
2.8296e-09	-0.000152523
2.82967e-09	-0.00015245
2.82973e-09	-0.000152376
2.8298e-09	-0.000152303
2.82986e-09	-0.000152229
2.82992e-09	-0.000152156
2.82999e-09	-0.000152082
2.83005e-09	-0.000152009
2.83012e-09	-0.000151935
2.83018e-09	-0.000151862
2.83024e-09	-0.000151788
2.83031e-09	-0.000151715
2.83037e-09	-0.000151641
2.83044e-09	-0.000151568
2.8305e-09	-0.000151494
2.83056e-09	-0.000151421
2.83063e-09	-0.000151347
2.83069e-09	-0.000151274
2.83076e-09	-0.0001512
2.83082e-09	-0.000151126
2.83088e-09	-0.000151053
2.83095e-09	-0.000150979
2.83101e-09	-0.000150906
2.83108e-09	-0.000150832
2.83114e-09	-0.000150758
2.8312e-09	-0.000150685
2.83127e-09	-0.000150611
2.83133e-09	-0.000150537
2.8314e-09	-0.000150464
2.83146e-09	-0.00015039
2.83152e-09	-0.000150316
2.83159e-09	-0.000150243
2.83165e-09	-0.000150169
2.83172e-09	-0.000150095
2.83178e-09	-0.000150022
2.83184e-09	-0.000149948
2.83191e-09	-0.000149874
2.83197e-09	-0.000149801
2.83204e-09	-0.000149727
2.8321e-09	-0.000149653
2.83216e-09	-0.000149579
2.83223e-09	-0.000149506
2.83229e-09	-0.000149432
2.83236e-09	-0.000149358
2.83242e-09	-0.000149284
2.83248e-09	-0.000149211
2.83255e-09	-0.000149137
2.83261e-09	-0.000149063
2.83268e-09	-0.000148989
2.83274e-09	-0.000148916
2.8328e-09	-0.000148842
2.83287e-09	-0.000148768
2.83293e-09	-0.000148694
2.833e-09	-0.00014862
2.83306e-09	-0.000148547
2.83312e-09	-0.000148473
2.83319e-09	-0.000148399
2.83325e-09	-0.000148325
2.83332e-09	-0.000148251
2.83338e-09	-0.000148178
2.83344e-09	-0.000148104
2.83351e-09	-0.00014803
2.83357e-09	-0.000147956
2.83364e-09	-0.000147882
2.8337e-09	-0.000147808
2.83376e-09	-0.000147734
2.83383e-09	-0.000147661
2.83389e-09	-0.000147587
2.83396e-09	-0.000147513
2.83402e-09	-0.000147439
2.83408e-09	-0.000147365
2.83415e-09	-0.000147291
2.83421e-09	-0.000147217
2.83428e-09	-0.000147143
2.83434e-09	-0.000147069
2.8344e-09	-0.000146996
2.83447e-09	-0.000146922
2.83453e-09	-0.000146848
2.8346e-09	-0.000146774
2.83466e-09	-0.0001467
2.83472e-09	-0.000146626
2.83479e-09	-0.000146552
2.83485e-09	-0.000146478
2.83492e-09	-0.000146404
2.83498e-09	-0.00014633
2.83504e-09	-0.000146256
2.83511e-09	-0.000146182
2.83517e-09	-0.000146108
2.83524e-09	-0.000146034
2.8353e-09	-0.000145961
2.83536e-09	-0.000145887
2.83543e-09	-0.000145813
2.83549e-09	-0.000145739
2.83556e-09	-0.000145665
2.83562e-09	-0.000145591
2.83568e-09	-0.000145517
2.83575e-09	-0.000145443
2.83581e-09	-0.000145369
2.83588e-09	-0.000145295
2.83594e-09	-0.000145221
2.836e-09	-0.000145147
2.83607e-09	-0.000145073
2.83613e-09	-0.000144999
2.8362e-09	-0.000144925
2.83626e-09	-0.000144851
2.83632e-09	-0.000144777
2.83639e-09	-0.000144703
2.83645e-09	-0.000144629
2.83652e-09	-0.000144555
2.83658e-09	-0.000144481
2.83664e-09	-0.000144407
2.83671e-09	-0.000144333
2.83677e-09	-0.000144259
2.83684e-09	-0.000144185
2.8369e-09	-0.000144111
2.83696e-09	-0.000144037
2.83703e-09	-0.000143963
2.83709e-09	-0.000143889
2.83716e-09	-0.000143815
2.83722e-09	-0.000143741
2.83728e-09	-0.000143667
2.83735e-09	-0.000143593
2.83741e-09	-0.000143519
2.83748e-09	-0.000143445
2.83754e-09	-0.000143371
2.8376e-09	-0.000143297
2.83767e-09	-0.000143223
2.83773e-09	-0.000143149
2.8378e-09	-0.000143075
2.83786e-09	-0.000143001
2.83792e-09	-0.000142927
2.83799e-09	-0.000142853
2.83805e-09	-0.000142779
2.83812e-09	-0.000142705
2.83818e-09	-0.000142631
2.83824e-09	-0.000142557
2.83831e-09	-0.000142483
2.83837e-09	-0.000142409
2.83844e-09	-0.000142335
2.8385e-09	-0.000142261
2.83857e-09	-0.000142187
2.83863e-09	-0.000142112
2.83869e-09	-0.000142038
2.83876e-09	-0.000141964
2.83882e-09	-0.00014189
2.83889e-09	-0.000141816
2.83895e-09	-0.000141742
2.83901e-09	-0.000141668
2.83908e-09	-0.000141594
2.83914e-09	-0.00014152
2.83921e-09	-0.000141446
2.83927e-09	-0.000141372
2.83933e-09	-0.000141298
2.8394e-09	-0.000141224
2.83946e-09	-0.00014115
2.83953e-09	-0.000141076
2.83959e-09	-0.000141002
2.83965e-09	-0.000140928
2.83972e-09	-0.000140854
2.83978e-09	-0.00014078
2.83985e-09	-0.000140706
2.83991e-09	-0.000140632
2.83997e-09	-0.000140558
2.84004e-09	-0.000140484
2.8401e-09	-0.00014041
2.84017e-09	-0.000140336
2.84023e-09	-0.000140262
2.84029e-09	-0.000140188
2.84036e-09	-0.000140114
2.84042e-09	-0.00014004
2.84049e-09	-0.000139966
2.84055e-09	-0.000139892
2.84061e-09	-0.000139818
2.84068e-09	-0.000139744
2.84074e-09	-0.00013967
2.84081e-09	-0.000139596
2.84087e-09	-0.000139522
2.84093e-09	-0.000139448
2.841e-09	-0.000139374
2.84106e-09	-0.0001393
2.84113e-09	-0.000139226
2.84119e-09	-0.000139152
2.84125e-09	-0.000139078
2.84132e-09	-0.000139004
2.84138e-09	-0.00013893
2.84145e-09	-0.000138856
2.84151e-09	-0.000138783
2.84157e-09	-0.000138709
2.84164e-09	-0.000138635
2.8417e-09	-0.000138561
2.84177e-09	-0.000138487
2.84183e-09	-0.000138413
2.84189e-09	-0.000138339
2.84196e-09	-0.000138265
2.84202e-09	-0.000138191
2.84209e-09	-0.000138117
2.84215e-09	-0.000138043
2.84221e-09	-0.000137969
2.84228e-09	-0.000137895
2.84234e-09	-0.000137821
2.84241e-09	-0.000137747
2.84247e-09	-0.000137674
2.84253e-09	-0.0001376
2.8426e-09	-0.000137526
2.84266e-09	-0.000137452
2.84273e-09	-0.000137378
2.84279e-09	-0.000137304
2.84285e-09	-0.00013723
2.84292e-09	-0.000137156
2.84298e-09	-0.000137082
2.84305e-09	-0.000137008
2.84311e-09	-0.000136935
2.84317e-09	-0.000136861
2.84324e-09	-0.000136787
2.8433e-09	-0.000136713
2.84337e-09	-0.000136639
2.84343e-09	-0.000136565
2.84349e-09	-0.000136491
2.84356e-09	-0.000136418
2.84362e-09	-0.000136344
2.84369e-09	-0.00013627
2.84375e-09	-0.000136196
2.84381e-09	-0.000136122
2.84388e-09	-0.000136048
2.84394e-09	-0.000135975
2.84401e-09	-0.000135901
2.84407e-09	-0.000135827
2.84413e-09	-0.000135753
2.8442e-09	-0.000135679
2.84426e-09	-0.000135606
2.84433e-09	-0.000135532
2.84439e-09	-0.000135458
2.84445e-09	-0.000135384
2.84452e-09	-0.00013531
2.84458e-09	-0.000135237
2.84465e-09	-0.000135163
2.84471e-09	-0.000135089
2.84477e-09	-0.000135015
2.84484e-09	-0.000134942
2.8449e-09	-0.000134868
2.84497e-09	-0.000134794
2.84503e-09	-0.00013472
2.84509e-09	-0.000134647
2.84516e-09	-0.000134573
2.84522e-09	-0.000134499
2.84529e-09	-0.000134426
2.84535e-09	-0.000134352
2.84541e-09	-0.000134278
2.84548e-09	-0.000134205
2.84554e-09	-0.000134131
2.84561e-09	-0.000134057
2.84567e-09	-0.000133984
2.84573e-09	-0.00013391
2.8458e-09	-0.000133836
2.84586e-09	-0.000133763
2.84593e-09	-0.000133689
2.84599e-09	-0.000133615
2.84605e-09	-0.000133542
2.84612e-09	-0.000133468
2.84618e-09	-0.000133394
2.84625e-09	-0.000133321
2.84631e-09	-0.000133247
2.84637e-09	-0.000133174
2.84644e-09	-0.0001331
2.8465e-09	-0.000133026
2.84657e-09	-0.000132953
2.84663e-09	-0.000132879
2.84669e-09	-0.000132806
2.84676e-09	-0.000132732
2.84682e-09	-0.000132658
2.84689e-09	-0.000132585
2.84695e-09	-0.000132511
2.84701e-09	-0.000132438
2.84708e-09	-0.000132364
2.84714e-09	-0.000132291
2.84721e-09	-0.000132217
2.84727e-09	-0.000132144
2.84733e-09	-0.00013207
2.8474e-09	-0.000131997
2.84746e-09	-0.000131923
2.84753e-09	-0.00013185
2.84759e-09	-0.000131776
2.84765e-09	-0.000131703
2.84772e-09	-0.000131629
2.84778e-09	-0.000131556
2.84785e-09	-0.000131483
2.84791e-09	-0.000131409
2.84797e-09	-0.000131336
2.84804e-09	-0.000131262
2.8481e-09	-0.000131189
2.84817e-09	-0.000131115
2.84823e-09	-0.000131042
2.84829e-09	-0.000130969
2.84836e-09	-0.000130895
2.84842e-09	-0.000130822
2.84849e-09	-0.000130749
2.84855e-09	-0.000130675
2.84861e-09	-0.000130602
2.84868e-09	-0.000130529
2.84874e-09	-0.000130455
2.84881e-09	-0.000130382
2.84887e-09	-0.000130309
2.84893e-09	-0.000130235
2.849e-09	-0.000130162
2.84906e-09	-0.000130089
2.84913e-09	-0.000130015
2.84919e-09	-0.000129942
2.84925e-09	-0.000129869
2.84932e-09	-0.000129796
2.84938e-09	-0.000129722
2.84945e-09	-0.000129649
2.84951e-09	-0.000129576
2.84957e-09	-0.000129503
2.84964e-09	-0.00012943
2.8497e-09	-0.000129356
2.84977e-09	-0.000129283
2.84983e-09	-0.00012921
2.84989e-09	-0.000129137
2.84996e-09	-0.000129064
2.85002e-09	-0.00012899
2.85009e-09	-0.000128917
2.85015e-09	-0.000128844
2.85021e-09	-0.000128771
2.85028e-09	-0.000128698
2.85034e-09	-0.000128625
2.85041e-09	-0.000128552
2.85047e-09	-0.000128479
2.85053e-09	-0.000128406
2.8506e-09	-0.000128333
2.85066e-09	-0.000128259
2.85073e-09	-0.000128186
2.85079e-09	-0.000128113
2.85085e-09	-0.00012804
2.85092e-09	-0.000127967
2.85098e-09	-0.000127894
2.85105e-09	-0.000127821
2.85111e-09	-0.000127748
2.85117e-09	-0.000127675
2.85124e-09	-0.000127602
2.8513e-09	-0.000127529
2.85137e-09	-0.000127456
2.85143e-09	-0.000127384
2.85149e-09	-0.000127311
2.85156e-09	-0.000127238
2.85162e-09	-0.000127165
2.85169e-09	-0.000127092
2.85175e-09	-0.000127019
2.85181e-09	-0.000126946
2.85188e-09	-0.000126873
2.85194e-09	-0.0001268
2.85201e-09	-0.000126728
2.85207e-09	-0.000126655
2.85213e-09	-0.000126582
2.8522e-09	-0.000126509
2.85226e-09	-0.000126436
2.85233e-09	-0.000126363
2.85239e-09	-0.000126291
2.85245e-09	-0.000126218
2.85252e-09	-0.000126145
2.85258e-09	-0.000126072
2.85265e-09	-0.000126
2.85271e-09	-0.000125927
2.85277e-09	-0.000125854
2.85284e-09	-0.000125782
2.8529e-09	-0.000125709
2.85297e-09	-0.000125636
2.85303e-09	-0.000125563
2.85309e-09	-0.000125491
2.85316e-09	-0.000125418
2.85322e-09	-0.000125345
2.85329e-09	-0.000125273
2.85335e-09	-0.0001252
2.85341e-09	-0.000125128
2.85348e-09	-0.000125055
2.85354e-09	-0.000124982
2.85361e-09	-0.00012491
2.85367e-09	-0.000124837
2.85373e-09	-0.000124765
2.8538e-09	-0.000124692
2.85386e-09	-0.00012462
2.85393e-09	-0.000124547
2.85399e-09	-0.000124475
2.85405e-09	-0.000124402
2.85412e-09	-0.00012433
2.85418e-09	-0.000124257
2.85425e-09	-0.000124185
2.85431e-09	-0.000124112
2.85437e-09	-0.00012404
2.85444e-09	-0.000123968
2.8545e-09	-0.000123895
2.85457e-09	-0.000123823
2.85463e-09	-0.00012375
2.85469e-09	-0.000123678
2.85476e-09	-0.000123606
2.85482e-09	-0.000123533
2.85489e-09	-0.000123461
2.85495e-09	-0.000123389
2.85501e-09	-0.000123316
2.85508e-09	-0.000123244
2.85514e-09	-0.000123172
2.85521e-09	-0.000123099
2.85527e-09	-0.000123027
2.85533e-09	-0.000122955
2.8554e-09	-0.000122883
2.85546e-09	-0.000122811
2.85553e-09	-0.000122738
2.85559e-09	-0.000122666
2.85565e-09	-0.000122594
2.85572e-09	-0.000122522
2.85578e-09	-0.00012245
2.85585e-09	-0.000122378
2.85591e-09	-0.000122305
2.85598e-09	-0.000122233
2.85604e-09	-0.000122161
2.8561e-09	-0.000122089
2.85617e-09	-0.000122017
2.85623e-09	-0.000121945
2.8563e-09	-0.000121873
2.85636e-09	-0.000121801
2.85642e-09	-0.000121729
2.85649e-09	-0.000121657
2.85655e-09	-0.000121585
2.85662e-09	-0.000121513
2.85668e-09	-0.000121441
2.85674e-09	-0.000121369
2.85681e-09	-0.000121297
2.85687e-09	-0.000121225
2.85694e-09	-0.000121153
2.857e-09	-0.000121081
2.85706e-09	-0.000121009
2.85713e-09	-0.000120937
2.85719e-09	-0.000120866
2.85726e-09	-0.000120794
2.85732e-09	-0.000120722
2.85738e-09	-0.00012065
2.85745e-09	-0.000120578
2.85751e-09	-0.000120506
2.85758e-09	-0.000120435
2.85764e-09	-0.000120363
2.8577e-09	-0.000120291
2.85777e-09	-0.000120219
2.85783e-09	-0.000120148
2.8579e-09	-0.000120076
2.85796e-09	-0.000120004
2.85802e-09	-0.000119933
2.85809e-09	-0.000119861
2.85815e-09	-0.000119789
2.85822e-09	-0.000119718
2.85828e-09	-0.000119646
2.85834e-09	-0.000119574
2.85841e-09	-0.000119503
2.85847e-09	-0.000119431
2.85854e-09	-0.00011936
2.8586e-09	-0.000119288
2.85866e-09	-0.000119217
2.85873e-09	-0.000119145
2.85879e-09	-0.000119074
2.85886e-09	-0.000119002
2.85892e-09	-0.000118931
2.85898e-09	-0.000118859
2.85905e-09	-0.000118788
2.85911e-09	-0.000118716
2.85918e-09	-0.000118645
2.85924e-09	-0.000118573
2.8593e-09	-0.000118502
2.85937e-09	-0.000118431
2.85943e-09	-0.000118359
2.8595e-09	-0.000118288
2.85956e-09	-0.000118217
2.85962e-09	-0.000118145
2.85969e-09	-0.000118074
2.85975e-09	-0.000118003
2.85982e-09	-0.000117931
2.85988e-09	-0.00011786
2.85994e-09	-0.000117789
2.86001e-09	-0.000117718
2.86007e-09	-0.000117646
2.86014e-09	-0.000117575
2.8602e-09	-0.000117504
2.86026e-09	-0.000117433
2.86033e-09	-0.000117362
2.86039e-09	-0.000117291
2.86046e-09	-0.00011722
2.86052e-09	-0.000117148
2.86058e-09	-0.000117077
2.86065e-09	-0.000117006
2.86071e-09	-0.000116935
2.86078e-09	-0.000116864
2.86084e-09	-0.000116793
2.8609e-09	-0.000116722
2.86097e-09	-0.000116651
2.86103e-09	-0.00011658
2.8611e-09	-0.000116509
2.86116e-09	-0.000116438
2.86122e-09	-0.000116367
2.86129e-09	-0.000116296
2.86135e-09	-0.000116226
2.86142e-09	-0.000116155
2.86148e-09	-0.000116084
2.86154e-09	-0.000116013
2.86161e-09	-0.000115942
2.86167e-09	-0.000115871
2.86174e-09	-0.0001158
2.8618e-09	-0.00011573
2.86186e-09	-0.000115659
2.86193e-09	-0.000115588
2.86199e-09	-0.000115517
2.86206e-09	-0.000115447
2.86212e-09	-0.000115376
2.86218e-09	-0.000115305
2.86225e-09	-0.000115235
2.86231e-09	-0.000115164
2.86238e-09	-0.000115093
2.86244e-09	-0.000115023
2.8625e-09	-0.000114952
2.86257e-09	-0.000114882
2.86263e-09	-0.000114811
2.8627e-09	-0.00011474
2.86276e-09	-0.00011467
2.86282e-09	-0.000114599
2.86289e-09	-0.000114529
2.86295e-09	-0.000114458
2.86302e-09	-0.000114388
2.86308e-09	-0.000114317
2.86314e-09	-0.000114247
2.86321e-09	-0.000114177
2.86327e-09	-0.000114106
2.86334e-09	-0.000114036
2.8634e-09	-0.000113965
2.86346e-09	-0.000113895
2.86353e-09	-0.000113825
2.86359e-09	-0.000113754
2.86366e-09	-0.000113684
2.86372e-09	-0.000113614
2.86378e-09	-0.000113544
2.86385e-09	-0.000113473
2.86391e-09	-0.000113403
2.86398e-09	-0.000113333
2.86404e-09	-0.000113263
2.8641e-09	-0.000113192
2.86417e-09	-0.000113122
2.86423e-09	-0.000113052
2.8643e-09	-0.000112982
2.86436e-09	-0.000112912
2.86442e-09	-0.000112842
2.86449e-09	-0.000112772
2.86455e-09	-0.000112702
2.86462e-09	-0.000112632
2.86468e-09	-0.000112562
2.86474e-09	-0.000112492
2.86481e-09	-0.000112422
